radius,objective,sigma,lr,beta,seed,key,parameters,status,error,kl,validation_nll,recovery_1000,coverage_1000,sample_sha256,validation_sha256,mask_sha256,initial_sha256,seconds,role
1,mse,0.75,0.02,0.9,300001,r1_mse_sigma0.75_lr0.02,12,ok,,0.7017500146324431,6.322880449893829,0.3492452000668578,0.10267808881965618,547df75d495d72b315fe564322ceb41b8419e43ddc93038fd9cf9fe53fa9e4d8,27e1e2c3dbc45cde17f5de651f591de18321454482d19b908f81fa3a5e20af67,69758c4038ea4506ab5f93f522758a89053fc67525bbd1c52fec667d6bcbf42c,2732b86981c5b7052853d06f3f810b096fe0218434b3353f5ae44be71c1177b0,0.2543030410306528,r1_mse_matched
1,mse,0.75,0.02,0.9,300002,r1_mse_sigma0.75_lr0.02,12,ok,,0.8201916832318816,6.5262908932242665,0.3307209290012854,0.09954699962938691,fc5b1b69e7b8cc0f50f32cdfd3927bcade5b7de5f025f5e97e35f13b7dcccd65,4c5eda357008888dc1e99dacd5c9935dfd3c62182290bb6932a887ff0a66c610,a5a712360fb5fa4520a4a2a22758a3c27b67b4b6230c882c34f8bec299500618,6637254620f26702bdbedda0826928a9144731f30603c6de3a4fa19298aeaa69,0.25205987493973225,r1_mse_matched
1,mse,0.75,0.02,0.9,300003,r1_mse_sigma0.75_lr0.02,12,ok,,0.8327496548921475,6.428676630496553,0.3173846950694562,0.09362848504548958,a2e1081d9fface7a08688415de646f26dfffcce559f08e132cfb5e7e252dbf1d,833f767deaf5306522e0610877df9712365f64f25c2a9481ae98b9f1758574b8,b8fd914f2b4bdf613e32c9b4ca66c151b4100da65fefd0b77b59ec024c9a44ec,b73d247042dcdccee6a60e00cd15d533c63a66650da5362dec6103b43d24ed93,0.24997549992986023,r1_mse_matched
1,mse,0.75,0.02,0.9,300004,r1_mse_sigma0.75_lr0.02,12,ok,,0.7137868369879026,6.437589495834272,0.3542559322563876,0.10450550001563434,58cdeaa78f51114a6e914189151f24a71007e71cf610cda51f971b31dde06f10,a0355d581f3ff5f5a74dacda51013f50e7e5b287c1670929a81b01c976ae8a59,f4a0f9945f1a3c60df410fd10e800e7fff70c42926132265e192700fe51606e6,11365c737dfc5f637f3258d64dfdb8f47c9e85ab55da789e1dc469d83e10e5cc,0.25627600005827844,r1_mse_matched
1,mse,0.75,0.02,0.9,300005,r1_mse_sigma0.75_lr0.02,12,ok,,0.799673174755776,6.307865948289352,0.3242752560897689,0.09793112733911022,5c051b69b978374ceb2348d1862e0af437f756e529d7afc1c1186c2e54ef7e57,5b6bbd1920d2685aa73875088a12ff6c127d36ad58b03e361afa4a1c313df8ca,d976a89bf7356c6f04f5258704546810b697343924994c02baf71f5d418ae242,ac32c73e44b05129e784812a45da38490e04af7a8a84a96fa9031018a9b23c2a,0.2525117499753833,r1_mse_matched
1,mse,0.75,0.02,0.9,300006,r1_mse_sigma0.75_lr0.02,12,ok,,0.7104376234556896,6.3261309251028255,0.36346900064762355,0.10867723119363944,15a47afc3148937636cdfec87f5ea1349559551ab1fed512817b9821ddae305b,ff12b0003f24e3c1c0d39d5463f83beccd48c3ccfff83cb5aee8a081df56b4bc,ab3dc927fb8090479524becacde4f6a212469ac909fc776896be25986068b415,e72808117a764ead59a4211a240fbb958c8f8bb0c281cabf05ac8f5d23d198a1,0.2534673340851441,r1_mse_matched
1,mse,0.75,0.02,0.9,300007,r1_mse_sigma0.75_lr0.02,12,ok,,0.7932543797979097,6.383221810199169,0.3252753413815714,0.095630950366182,5ba229eea3aa5e9e6cc0d94a42d4948a4f324f7232164c5b1db8b24ccebe076a,6e51f2f2d4b59e8180ad8e8c7b27acb0d8ca7076d726fafa5a2de56bf9a213f6,e43c63144020802be6b53960c12113e626bf5af6fda738e99f406898c59b2306,d34fa623f2ba407e93ef0ce08e3121a2a8156a2f6c30d46a7412cc8add44c195,0.2605011659907177,r1_mse_matched
1,mse,0.75,0.02,0.9,300008,r1_mse_sigma0.75_lr0.02,12,ok,,0.6562174454330947,6.362931471494612,0.34869398746821767,0.10146995035325133,92d23af5bb836428a7eb153f6a2380de81f8fc80da3fdf08b509b0370e7b93c9,81d19f6042d7b3ac55466949ad7de628e492c588c338e358f96626b8c34ac720,bee7b617c2aaeca7aed1c7211692af81a9e8c73b90ab946274e48eacc461cc6d,361607539a5afaff95c17b314c064b9c6aa7a731f091dec3db9062ab0db2f495,0.2639800830511376,r1_mse_matched
1,mse,0.75,0.02,0.9,300009,r1_mse_sigma0.75_lr0.02,12,ok,,0.7819152731829322,6.468245753228955,0.31164982667130864,0.09349494800139259,5600684e9ca941293ec22e3fe6f944bf235dd38fe0048ad959412b96248230c5,f9b700d2fbb94c6f5bcb5fc647d367c3a5a186efa3eb7cec51aad8776f3baae0,2d964aa7f8fe7009d98b6d55b32a13441017cbd1841bc5f5cfee4f60b1e5597a,2f0946a55a4f58feba3574499571fc21aa49263622c003fb43940dd42d5d22c0,0.26261170802172273,r1_mse_matched
1,mse,0.75,0.02,0.9,300010,r1_mse_sigma0.75_lr0.02,12,ok,,0.6748530439808881,6.380052263054738,0.35965040789043456,0.10429861828822602,a56b6fb7e11162aa1bcbdb89986ef350dfb815c8939edd09a86a5d1f2edfccd3,ebef873c28036d701489dd58ea3cf0f3ea8ce6397136f78ede722212fa4058f8,bb472853ba6442a16e47aa10fc0daf077960a8da8c18c216c683f43e69ca33f2,af24c90f69d41e2ca62a39c8899b2acbf8950d59d7f1bf639f6f1f69ac350fb1,0.270782292005606,r1_mse_matched
1,mse,0.75,0.02,0.9,300011,r1_mse_sigma0.75_lr0.02,12,ok,,0.6688918676217006,6.3807167404983725,0.37494899531959736,0.11360954558183799,e77879b793619b6b11bd41e6c0dd2126d719a2f55d9c0ac0da2f1549b0913658,a815904015b8a5020a10190b51a4a1dbcc318a510e2cdda9f1b17ab6b4222a91,5bd61f9d39cc4cc3c95c3edac539cb72db72c7da8b3f32ef562ec5d1774de753,8522955fcbd0319c40f7158be5aa1e41715bd625e8f73761939e1af8561eb62d,0.2731814169092104,r1_mse_matched
1,mse,0.75,0.02,0.9,300012,r1_mse_sigma0.75_lr0.02,12,ok,,0.7095765050032065,6.415151537135423,0.3503386792516643,0.10440092641699596,9a73bc3dd78108b7e8c672136c1ebbc9996870d62df4ae1db431a984856c4ad2,1d51aeda2aebdfd8b9ff597f1185d611b6e9ed0df0728b69bcb6d1379cd855e0,51f56ce6a5ffd57a004adc4d3b933139b11ac3a8a60ed27aae338eff841e7a94,c240d9d836dc84a2623b3f1cba65649d326e105449ab398070079f23c7f955be,0.2695469169411808,r1_mse_matched
1,mse,0.75,0.02,0.9,300013,r1_mse_sigma0.75_lr0.02,12,ok,,0.6488051329755143,6.333640546906662,0.3831503226242575,0.10996414259316191,43be896293e02a570742d018597b933e42ce673588e34b4fa509ef9d1086355c,fffdef1c1b60ad8ff28008f50a6fbe337eebd5feba0cb6cdf1f62599072d89f9,ec5400175b7029cb3cacb2798ab3139530622f9622ec41de1f216b1f0c7672e7,2b2c080b43cb1b483e57c8d82fc917ae144507c3ed8d527ab9ec4c77ea254bd5,0.27035450004041195,r1_mse_matched
1,mse,0.75,0.02,0.9,300014,r1_mse_sigma0.75_lr0.02,12,ok,,0.7984598009000856,6.455356967350499,0.31874556991416947,0.08829252286622494,0cecdd4ef73e35260909137e7b4a9da22dc59d3d45a902be1bb9f890039876f6,023f1bdec63d2e5bed62469a7b9aa815b4634b3b7388108055538265bed25dc7,6d8b0c0df6ef122481e0cb03e2c80742a9e5a650c5693a53530456e46c6eb7af,f305184fa4c6e81c0751455dc9d21b8d0ed4f9a25ef19b774896a0ba75751d1b,0.2765849169809371,r1_mse_matched
1,mse,0.75,0.02,0.9,300015,r1_mse_sigma0.75_lr0.02,12,ok,,0.7106693068511071,6.342159729770132,0.35126191732228096,0.10748614670061798,7d60c852db0400ac3b4314a8c7a8366b70bbe606cc64f24d1f55a53477325310,95577195c75752a3d800cd54cb592b0e570d9ddaae911f46c2cafbc86fbdada7,f2b43ba805d16e74a13ab8ef2b875c54467b1e2ce135d9c0b5a54467133bfcb5,e0a6288fea4cf100eb6f7dc59f16822f377ce5bbf58b3f2a03edaefa46a93a18,0.2860720829339698,r1_mse_matched
1,mse,0.75,0.02,0.9,300016,r1_mse_sigma0.75_lr0.02,12,ok,,0.8496656007866434,6.370835064308762,0.3068133980453548,0.09449852659796927,e9cb11c03b8ee8be5af6abdcc1d3777225768bd24abd02a539c763d257098807,34c39d8d5501347c5c7a8076aa73df0fd8faebae88bb05da13de3c574b7f25c5,9cc8b1fac2217e31c2bd1182c8e33df4f081e264e52b1f05c952484a2c0ce615,546d28069b8d711ecfa7a05530403321e69a48693e89ddb7bd696fa00b397867,0.2840393749065697,r1_mse_matched
1,mse,0.75,0.02,0.9,300017,r1_mse_sigma0.75_lr0.02,12,ok,,0.8007101133657633,6.47018450494787,0.33821339471811773,0.09808188446825415,3c4ef79e66878b5be9a3cc390e0d91b4b1d607483a1aab1662b84f5be4a254a0,f3ec861043fbbf94cdf36e85a09f9ce95b7156b2ea7ecf03bbc1eccf865160dd,1d68cb65efe7145da6f906bcb83f8527eed99024a39634ece9eef8dfc44d13a7,c3dcdd93646bc11624b915fb3017523a60b63eff2f3233ca6a8b936b4072ad40,0.28088887501508,r1_mse_matched
1,mse,0.75,0.02,0.9,300018,r1_mse_sigma0.75_lr0.02,12,ok,,0.8724302022391935,6.3851996848782555,0.3135461315900299,0.09343674721382891,1e61d1562101428c9c58975a868ed0d794029be0ae2ab5b7d5405928c87d4a13,bd933405607b33df3caa53139bebdc6aebde79ef4c90313fa0ee4b523101117d,5acee9bef351250b67c0910eb398a161555d42ca42f246bd60d219654ec057fb,8ce8b12acec61ee0e2d401994bf59be7540637d1a7a9506fe30aaca97e3d9c07,0.2823972919723019,r1_mse_matched
1,mse,0.75,0.02,0.9,300019,r1_mse_sigma0.75_lr0.02,12,ok,,0.8624585811377409,6.467229130033993,0.3160315938232217,0.09512550974078973,fdfd8e6a98343166e6dcd7fdd44414055adf41a5cfdff0fb23072998f90d34c2,43bde573aaca9ac4ed736014dcc914055e7ba211a6ebb9f59bd2eab92521ca4a,c2aeb78cab28998875578d1db90e4d7967a8ba1e909ef64f9459b1d5bc10a59d,2d3f78225aa80a241d7ab901e01446dc35a5b7efb135f890b605768e35c5c55b,0.27507187507580966,r1_mse_matched
1,mse,0.75,0.02,0.9,300020,r1_mse_sigma0.75_lr0.02,12,ok,,0.7089960549446453,6.2919564428299495,0.3405585405336033,0.10114588653848018,906ca7b0c8cf3b525f857a92fec5f7c51c7412455b4ee13098e957ea4447fc43,6ef26e9565f7a805b72693c700925b72122e52339ba7e680019adea3d69e0994,fa2650fc47b2898848deb9e16643c9df16dbb8c064f1372fcc8fb42d5b069278,395782d6f0893b9b8663feae92e4651fd4a9abbd35e1f95bef58d9e2df0e41c6,0.2754067499190569,r1_mse_matched
1,mse,0.75,0.02,0.9,300021,r1_mse_sigma0.75_lr0.02,12,ok,,0.6346984100056781,6.2269927586556495,0.375464420096274,0.11151293276859339,fa4b7bfd5394097ae05f683e9cb6bd9b7d243d63a0cd1166aa9c63dddda4bf29,592d49d03e1d329dee388d65d5e7c0c74727b081c7888f72b200a3d49a9f761a,6e5a2d7fff5d93d0ca5734aaa42b62a5a2c38c391aa015c2c994e8ad84e81b47,3ab97798a36fdd1af9642c2f4ca2c44425d1078314b1781d936dfb5620782eac,0.27384666609577835,r1_mse_matched
1,mse,0.75,0.02,0.9,300022,r1_mse_sigma0.75_lr0.02,12,ok,,0.7994836948826762,6.551005727466768,0.32552536709586516,0.09505340719199262,01132f8d76a31fb1533df417971bebb1e16141690bd2f32439d016369638852b,0236641094670eb129ba35350d11bcad44e89884a4dbed23ad8adf5e7b47c52e,dbaef4df14146e5e884f9b2cec79fa4dab19264587c680094bb725a96b48d7ff,714e8d335afef450cd58ee6265375922e225a3d1c93a2ceac31dfba6caf20954,0.2641322909621522,r1_mse_matched
1,mse,0.75,0.02,0.9,300023,r1_mse_sigma0.75_lr0.02,12,ok,,0.78823759336979,6.367797266311579,0.3247900785988147,0.0951634930294527,8569b0c8c05e42f7fd61099236414ab6ce3713f6a415fa14439fdfd258b928ba,d309ac4b205e9879f73bdfe3454618e4b2f8674023509d75c5d8e5d9c6444e79,bd48f8b06cf09ef4df174486d8fc985e96347b9e05aa464b06fc1f3c77c4843c,a8c3bb014d67cd3a83443dac61ba4c9c8e7edb5a8430176ad0fcfb5bf882fdf3,0.29728175001218915,r1_mse_matched
1,mse,0.75,0.02,0.9,300024,r1_mse_sigma0.75_lr0.02,12,ok,,0.6843111326444551,6.278278975927678,0.36498935001826704,0.11022678370551665,0790780dbf8b15e4f2cdee78286694884ef6f0989269cd40dce812f11c818968,cac32651e1651a8f3598f530661e966484a5eb6d2555c9964fd8bd3dd7a87972,916f15260079a7a4c027c920f7b7b09a6761ca4cf413cf0730d6d477188f1ec3,edc0b08bc74b1b1970cc417886b0a9021438552c5e00413633218d4bee9fb329,0.29696404095739126,r1_mse_matched
1,mse,0.75,0.02,0.9,300025,r1_mse_sigma0.75_lr0.02,12,ok,,0.747461152782569,6.352552527921081,0.3395236982770077,0.10049901468999427,e6c0956e9a29de034cd0ea6472278f9f9e305434300df8b4e8f108cd08f26886,50ff6677861293934dc3f7a0e6bbea9c1b904b4976071959176694c02e0f577f,3802da75beec3e84002bb5c4f02d205dbb057b759f815863a498bd63f4f64f8d,24374afebcb2ad9ae5877b2c10d9f8f63d1f261a139cacff8a67e9886a7cd96f,0.28158370801247656,r1_mse_matched
1,mse,0.75,0.02,0.9,300026,r1_mse_sigma0.75_lr0.02,12,ok,,0.6093389656520314,6.235231421386479,0.38815743862347085,0.11489460183254736,8259c7252ea55af17697ec3e92fa664cfff2cc2c62b2fc54f2eea6704162cff1,3ce53c419a8d2a98d1de9e36c588e27e9bb5fe7181e80c9c70731f6462d4cb14,69921f13f2acb1ee11115fe84bd7d2ef292c18a3f40808ac325767c7b1fb0d9d,27492fc87eb3d1601e1c28ca4055ad242c94f9998763844b8ed3975c3e66d12a,0.27353583299554884,r1_mse_matched
1,mse,0.75,0.02,0.9,300027,r1_mse_sigma0.75_lr0.02,12,ok,,0.7500310818910697,6.426791273144588,0.3516189333928688,0.10654053681803924,555f7ef7f5300d55eab90b7abc2509c6ddd5a82433086073d518b2553e5ab635,a7d852e0006855682420200c1d8bf0f5ce4d270c112bc0971781ca1840f21e60,37ba21b9f0a05409a1137f2fbeb6d3194b78e0126282977521d8abf2777f3295,def31dcbd6acfdee51896e1bc24e87190f7ce2699b8cd9b0d8826f1f9497046b,0.2756118329707533,r1_mse_matched
1,mse,0.75,0.02,0.9,300028,r1_mse_sigma0.75_lr0.02,12,ok,,0.6807890358167878,6.271203216904633,0.357983158149201,0.1056050316540143,2c90d269abc02edd082587ca1c45ee3ffd608040bfa33037f48b60e800345af8,a6c7eca434b19ab72070f4331f4b1381a949bbc03165c5322c19b18d31fc02b2,7f3e17c5db0382da1a0b503fccc4d29988a1aa61c8e288fc0ecc8a6fe4ae8091,a4fd4aff28a0a19551ce44b5e33634baa429275c36fc871123d29e36b921950a,0.2758158330107108,r1_mse_matched
1,mse,0.75,0.02,0.9,300029,r1_mse_sigma0.75_lr0.02,12,ok,,0.9420488746548787,6.571344844665466,0.3078892428245816,0.09236677284737448,eefaa70b2e4f9712c8d2fad79662c2cbf1b04130f1281468ae404c807d3d474a,1871ee4f3ec66be83578b8d08c9fe3fe9d7e22fc8fda48d8e405c13fa4ada97f,0ebc3668cbaea98d0ef2948f14f4d6f1a7df4bf73142674a875005a23b1d201c,4071fe23ba4fd1f002cb4bd9fa29836701e868620c45d1b193ffe1b4697c944e,0.28018979192711413,r1_mse_matched
1,mse,0.75,0.02,0.9,300030,r1_mse_sigma0.75_lr0.02,12,ok,,0.7024751319529485,6.395106010934308,0.35047381297276053,0.10619356533074643,689c46954bb970719c1ccbfa862609bf50d62d91f6ddf57a68b1db613dccbd89,a56675cf7971dee4a5708aaa7631775cc4ee0dbbf031c92437f8dbf764a22761,0fc58e813db6c0a6666e214f974e70e6ac4e69ae6cfcb7f21c393ccb800cbd0f,59d2c63bac7ddb6966e89a9d8616abf900ae473e0b34d01be1e3835598e16784,0.29535341600421816,r1_mse_matched
1,mse,0.75,0.02,0.9,300031,r1_mse_sigma0.75_lr0.02,12,ok,,0.8568143406643147,6.44887194761997,0.30523677264874544,0.09187626856727238,caddfcb37abf3009ea99deb5316e1db13d5b0c34c98f7fcd4ecbd61674891add,db3e5c14e5fd1b464928c9903eaa0097bdefea6f9ef8c18e0c4d0f68471578e7,c3046847d8bc7742510b0bf358fce5745710323a6fe906651129aca7f72f6409,bbe07914162052101801dbaaef2b8154cf2af4cba3b7d77946a7407dd0512eda,0.32893008401151747,r1_mse_matched
1,mse,0.75,0.02,0.9,300032,r1_mse_sigma0.75_lr0.02,12,ok,,0.8757209464759346,6.4199118415092675,0.3115581216966304,0.09471366899577563,0cafa4d93d49dd1f1f96e591aef2aa1a0071f194cff785af1ee2ce77d0de7756,04c9ef5c63f89d8d6e9b8a0abd0768718e42d5a04c327b4c018659155256db82,6f2ebb7c5cfeff6846119c395859d312cb6b2ad50693246b3060147336ae7d08,40ef7649fad2e4b22378ce6f2066751f3a0f60fcd37b188bb0170b266995c843,0.32363937504123896,r1_mse_matched
1,mse,0.75,0.02,0.9,300033,r1_mse_sigma0.75_lr0.02,12,ok,,0.7775985481167176,6.424683485352635,0.3394711224474478,0.1021808078566818,7856a8c79f49862d335530e7ecca990edcfcd44e2430b104e8e8b151686a6e47,57645ec48930a4c1e12aca637d5e92fbb621813907a9a2934b04b342047ed618,7456d7c43884711d6eccf0e05e59da6f8371ca0e030f84f114628e4fe919d2c4,318e7f8718ae365b74db2689e5c4ac1ecc667b6cbd0f120c6113d30c6c69452b,0.3084358749911189,r1_mse_matched
1,mse,0.75,0.02,0.9,300034,r1_mse_sigma0.75_lr0.02,12,ok,,0.7602575239910345,6.4325942118985795,0.3361155302136762,0.0974735037619661,265709a031a255d67a159004510d8ae9eb9d1243c985ab835f322589dfcaf0f1,413113ebf5837c734743bc6fac245c377f6d4d765fe16dadcebe845b6970ecc0,bce3c46901dd3e8426a82abca6109602b4daad21f874f2b38058682cf1d1b5ba,a2295a1b3444c59576c9adb37e8e4159cdf1d757e5ae7276750e4c92f35e9d63,0.2845267920056358,r1_mse_matched
1,mse,0.75,0.02,0.9,300035,r1_mse_sigma0.75_lr0.02,12,ok,,0.7046013765744609,6.264791554336626,0.3503185366971791,0.1040446053990622,a7c9f8da5f053c87a9def53188cd1c7b7f13817ab7c058c3a0e9a596c18599c1,11b8d6a0d4a74720af43b2d3caaba1e6a3f04e87c01ee83efe4d105817f577be,7d9647b95c8fc018b7ebaa5ac9c27598bd9b5e60ee2a0bfb31124673a835a2f5,662142cd660cb044e5e4a8122d728754495f7e08449a08ebe64f4161f69bc80f,0.29480795795097947,r1_mse_matched
1,mse,0.75,0.02,0.9,300036,r1_mse_sigma0.75_lr0.02,12,ok,,0.6994384498191049,6.382178245228149,0.35673758226310887,0.10488084918535401,22e590454277a117e664fa941ea99ad8f30ebedeb9c6b160f358ccfe31a4ec13,4a1b30cf27c2d621e06e2bfd1f031cfb01554bf0205e819cf31f51918f94ce7d,61af541aa5400aa6c4d7948c4d80c81580ca4eae7703e476f1729115e3dfb394,2fdafe84bc4c4c36caadf948bf4acbaa2d52bf28a1df857041f413ea857bfc43,0.29337037494406104,r1_mse_matched
1,mse,0.75,0.02,0.9,300037,r1_mse_sigma0.75_lr0.02,12,ok,,0.6772303123901198,6.4524890108726085,0.36303724537860627,0.10273954044214557,f0968699341ec1620fba5f45cc467b965fd0a832614c2f270113853125578534,ca4f3809d1420c32523738a8167122c75bc9dcffdd8c533cc422527ec8511726,29b762c8b132682407fe04c7954c8a9a433ffafd7f84875e64dda96ca2415048,d8d4fea8745ba253bd984ac70618af766115bef1bca2d43f26f8a2b9ea5385a6,0.27303533302620053,r1_mse_matched
1,mse,0.75,0.02,0.9,300038,r1_mse_sigma0.75_lr0.02,12,ok,,0.8261537959348164,6.435051135699882,0.33248874413512663,0.10007911198467312,aff3f60d957ad1bd6b8c2456f9ee3a6386b8d361ecaa85f54ae4f6bfbddbe902,0d3833058011035bd683ea656900b18bdfa928d26ea9f2045a93b3f0902d7d95,125e0755616315bca11f7a592ae753739d84e58ca4941612dd8a2dbeaa165e62,a41de37a256611cfedb0cbfd54b6c970e53d3e994f5d6345e0a9565dcab70bcc,0.27675787499174476,r1_mse_matched
1,mse,0.75,0.02,0.9,300039,r1_mse_sigma0.75_lr0.02,12,ok,,0.7668929102275169,6.284741629997129,0.3249603369297718,0.09228873568805518,4bf06104aa241b940a7daf009513d821bb13b8169b7d99bebfc074a6df500c2d,d8907a883af4e8a955b74b01aee12100811c29821c76d51119f417e1dd3d9766,6a1e0aa9851d87405257339d94e64cbd7b88e4df4ec58c6d1ccf8684bd833e68,0f1aa20b3c2319cc4ea0356d7c5bf1f7987842cea80594731374625cf4956ecf,0.2722739160526544,r1_mse_matched
1,mse,0.75,0.02,0.9,300040,r1_mse_sigma0.75_lr0.02,12,ok,,0.835091300706912,6.37550944755645,0.3192493552037179,0.09609405591631909,79798a2e527fb88ab17da97fc950bc934e74d76207867b2377edfac289c7ce06,6b14f0355647f998c5a55c0c33416830f720e50e7f81ac5277dd002a135a6761,597b61745af1b9056f785942c0600eedff5d5e281200530aab15bdf0feac09b6,3079a655216eef3ea753548cff437a011250aee0e3321539b4a4a1f06c64c0d5,0.28375120798591524,r1_mse_matched
1,mse,0.75,0.02,0.9,300041,r1_mse_sigma0.75_lr0.02,12,ok,,0.8287719881522514,6.5178717272507045,0.3202214847243309,0.09670688838674792,46829aa78c5762a9ceb54ca8863f3480de6482517bfd1e43afb0bf0bd89ee10f,5fe2e72c346db70edb03802941639391b013a95df940dd11e187db63f3e31d41,0d00e39e255f46dba3191a411405565806041187fee5340f137cf919061fcf8a,02b7e89d2e646ef07a17336532bfbbe69e37fcd93734279063b8fd56c763f50b,0.29683612496592104,r1_mse_matched
1,mse,0.75,0.02,0.9,300042,r1_mse_sigma0.75_lr0.02,12,ok,,0.6724025608484077,6.328916194919115,0.3624716705682354,0.10584172780592475,d1de4d8d5d0089d4d77b163b6384abdb2b66b12058825b0360411bcaac5ee92d,c96616c67560f50dd3cebed2c47ab6cb33774c80774dc35950ae0077ea90dce9,236c3e9d974c8527f82c627e7f9465d89ecb24c2e5c55dc5fb79abb7dbacc564,8c25962c49d78a6f8b7e35d2c29fdaa5e6e573a81721ab967f5593acc3ceee72,0.2921127500012517,r1_mse_matched
1,mse,0.75,0.02,0.9,300043,r1_mse_sigma0.75_lr0.02,12,ok,,0.7304954970768909,6.359487366590714,0.33311962458080835,0.0959384518792728,ef8e7bd25984576db7218ca16ec08bd0e975634b20df074f8af7de4fe7fbda55,53f7262f5cd4d611f0f38b893d60ff604847d5eca0ebf2e1a7e1e98ef996a655,dd8941e957bfda920b24148fa5cbe1e451f423f0776c31fd0c1e985a30e475d8,804cdd71df5e59f9eb180a634b7edb598c19914e40216b1096360d22811762e9,0.2680501670110971,r1_mse_matched
1,mse,0.75,0.02,0.9,300044,r1_mse_sigma0.75_lr0.02,12,ok,,0.7268730986745504,6.305402758275663,0.32274697209514136,0.09940606740530353,ea06d8f954be15f088b6b90d0574b59f97197659e1302f3a9a0fcf4587fe8a2e,b404b0e35919d04ba7b0a4787f4141bc945414ba3d55c84d25c5d179efb132dd,372abc43814f86f660d62de2915810d1bfe0252d8fa419b04026f71a3f5ab720,36e21b40bcbe490b39bd584076be8826745bc332777146a36a5cb7e3e3bf39f3,0.27476045803632587,r1_mse_matched
1,mse,0.75,0.02,0.9,300045,r1_mse_sigma0.75_lr0.02,12,ok,,0.8822762232828929,6.535211163866054,0.30219538649441813,0.08884544362935892,2bd910b6630755e770f64ec326f47885a46e28caa1cfb2ece9898be6c52254a0,0d407ec9546bde5c8283677841f884df398b4edf2732dcb0e9dd9b8da082f3fc,9d81f3cb4360e76f6436ac7d825a7ca5602d5d45944f72eaf71d524a3217427b,1087472e8bc8734fbf6a70d800cb5c3cbe08ee37fd24af65893952bcbf850bf1,0.2717525410698727,r1_mse_matched
1,mse,0.75,0.02,0.9,300046,r1_mse_sigma0.75_lr0.02,12,ok,,0.8762772844082293,6.521402100562463,0.3181178686233196,0.0957534784556192,d5da4b35bdadfc27dd3908a7c92fc60c1ff033f7604349db35b46f48f15ce767,ff0c44f2c421e6eceb92495760ec4e53e943b09896522d93659840e35221af7b,10d4dd942fdf8134d835a7c230f64118d1d5cd38b1b1c82e7fd1d5f25707edd9,8c62be20419fd7cea2af4f2931d183ea2e6a778c3f3bee335ff402b452c8a4a1,0.2719933340558782,r1_mse_matched
1,mse,0.75,0.02,0.9,300047,r1_mse_sigma0.75_lr0.02,12,ok,,0.6946667224824877,6.261646976134156,0.3464284965984349,0.10566069146252263,ba80f6c2328d41463530a291329dc92669415ea45bc43bd361aa88ed368fe2cf,f19e3d15b50f8f8cce7c1ecf8cd85899aea4f5e9b0c50a8617fe9a8f75ab8daf,ac7e3e00895fb9d8d56b3ed3dff58e91f036d32da4c74f8d05f85d77c907cec5,fa31d5eb1e164a2a804d6e9217c3d97fc24bce1998fa2df64f82309ff236a330,0.27020495804026723,r1_mse_matched
1,mse,0.75,0.02,0.9,300048,r1_mse_sigma0.75_lr0.02,12,ok,,0.7337092574531949,6.356083367656487,0.33808617522222106,0.10041159404099965,2cebda7b822c6ea3ea437354fbbb1e7ca35303cc1db6c1d50b269ae1ad585e6c,b04449e3feda4928d4221f04eb43121fb8b890df6ce8d3100a7497b322c3cde5,86adbf3298da2cfb1bc5a5a557bd3516882977ad6c857d85affbe658d6d7d2ce,7b13b750fde1c4a9c4a7d81681c6792d14872679066f8bd0c1c73b6414a5a54c,0.2625893329968676,r1_mse_matched
1,mse,0.75,0.02,0.9,300049,r1_mse_sigma0.75_lr0.02,12,ok,,0.9608066575933896,6.69570913539402,0.2763111517504465,0.08344596782863485,4dda00783c3e9dbc89186954d10259bfe245724c40f8919bf579a059889831b9,800ad9b5f0a3eabf05aa8276d0c4ca8cd2b65ace12abe3fcbd9065b9bc20280f,6cac0f1019ba02056b4f29ab53e3be72db191db997b2aee010d7beb37435db9f,2ca741358b6b68ab9a42c5487326c20b8a2c6ad0638443d6d1b4cc1d9e95dacc,0.26301854208577424,r1_mse_matched
1,mse,0.75,0.02,0.9,300050,r1_mse_sigma0.75_lr0.02,12,ok,,0.7912972317285552,6.402907237733652,0.3245822174272805,0.09737466522818414,390f2b6ed4c28899f7489d28d61acd3ab3dac981995fc19428cbf72154196d5e,0937bba965de3b29400cb0316413f15a6327a16e51075e2bd85761227b696178,37ad5cbd72fbc28c54767b607e2fbc149c256499fc3e3472e7599dc5fa24a441,752fa1c0af8a28c64046d760b111c274213eb8b16eac843b68e77fc69b3d8fb6,0.25590704195201397,r1_mse_matched
1,mse,0.75,0.02,0.9,300051,r1_mse_sigma0.75_lr0.02,12,ok,,0.6130776897739791,6.280462587814273,0.39198510465433045,0.11485163566371882,40bd3fc16e77f7f16b4a4180dd17723bd6a874c87a2ba15961fb2d1de37f22be,3e8a74a0dae522d0d97418de854467a0d05ddd3958b9920af2b9026372da8f5e,b26aa39081d9f36da50df9ca30ae6c96e2a011727cdd9485cb734f4c4f62cdff,eea3dc79a26b5053079bcfd9f18bf0e1c5c45bbff7e6f1e518db58391ab0450e,0.26176866702735424,r1_mse_matched
1,mse,0.75,0.02,0.9,300052,r1_mse_sigma0.75_lr0.02,12,ok,,0.8427233782207848,6.482974778042109,0.32310212086627205,0.09434581929295144,7ac760f36d6a12efcf52e8294de109c9d9887444b5e5cd9434e0ccb624564774,7295e148730692031f359fdf837044caacb2ebca1b6665c815a15a29ce443773,e665c659cb16c19a45451c0593eb04ef2256a39623944f513ea154c0e2b6c7ba,52eed8102a22d812d30099ae8020d0c7ab21ac209f0de6058f380af0692eec03,0.2585560840088874,r1_mse_matched
1,mse,0.75,0.02,0.9,300053,r1_mse_sigma0.75_lr0.02,12,ok,,0.9791400911448039,6.709877032642273,0.27901342842810295,0.08314600167157468,07dd12f5b5c72d4ce65bff27a2ad311d79b21736ffc2b258c075480649ce387b,d9852a48342447f1e59125dfb75c6b8b13de5a1031a1a2f49fcfcb34ff893dd1,5d872f73229b633caf8655212b28574c7143ff979209b2db1fb8f95ceb2a8045,6dfc344baa400a8ba9e676e7076aca891ff125b739ee42f3408de6ef52bcf210,0.26145154202822596,r1_mse_matched
1,mse,0.75,0.02,0.9,300054,r1_mse_sigma0.75_lr0.02,12,ok,,0.770053201757074,6.450817638582833,0.32822182476577155,0.10010765655356031,30dd86d095ec5d698c4e2c00c27bec4505fe1de45ca78a4c77bfdaf9a1ff2a4b,88556dbeea38b9e3f76af13cabc3a013f5842a42df9d64f8a2f8711bde460ef8,4e1d8ae44ddd7c08a34cf6cc556a761c62d6bf3f10189d9879fc31f14386629d,ab386d1e79fdc87b79c659eb7e462577d5d2eef62fad879bee57708c5b728443,0.26158091705292463,r1_mse_matched
1,mse,0.75,0.02,0.9,300055,r1_mse_sigma0.75_lr0.02,12,ok,,0.7523609273516576,6.433343635075563,0.34695617639566884,0.105821633800679,08251a850e5eaaf3bc0db7235541dd9880d2de7b33498b9b1ffabbcc6a82e031,16103b6a02a3e8dfca8c66e03d66f1b0e1227382f6ee949182c74ddd9c1d66d2,aa559841abc830becabb7889aaf5610cd7f44bfe8fa3c0afe3b6861586764e0c,16fd27ff1eb92b746dd57725bdadbb13afc22f90bea17b51275972ea2249de96,0.26049141597468406,r1_mse_matched
1,mse,0.75,0.02,0.9,300056,r1_mse_sigma0.75_lr0.02,12,ok,,0.7810942317805464,6.352566232694534,0.31897013553377845,0.09696692120226866,d3ed01aff926b25fcd5ab72720d1b1d98d64c483df418e299d719ddb69984290,28a8d7c637b0fe9a248ae3d50677aa2d4ae5a6c7369f00f0a65b37272e587765,503064bb4c8ac56dce73d8ae4c8557d242720ba94caa10800d2a8732e4216a39,9a40b5e43dc6e350d282a3dd7eb1deced790899737762af1d74b6a126c80d4cb,0.2620023339986801,r1_mse_matched
1,mse,0.75,0.02,0.9,300057,r1_mse_sigma0.75_lr0.02,12,ok,,0.9001704920634407,6.500478149941282,0.31631555087718877,0.09489466526315662,46b86bb023c8eefe512ae0b282cadf490362356ee2bae4f1177511af1d02223d,23efabe96dacd7a930475e0fbfddeb62fc5649c0a94c45d1506afc56e10053df,99963d313f789e951f0fe79a9c2dbf184a29b12624ff88dcc4ef79dc23f1e935,35f57180480e97c7c5f9d37da063dd6376e8ef28b224ab4bfff70ab2f1f699cc,0.26642912498209625,r1_mse_matched
1,mse,0.75,0.02,0.9,300058,r1_mse_sigma0.75_lr0.02,12,ok,,0.660560825732477,6.348294460320144,0.3602552578467557,0.10699581158048645,be54da548939eb34c198c5b8af39c6b40768c19f8c0894ee69a24207b6b465e4,e56069914c786018770bce1a7522f77d4bddd47cb0cd7f780c1e90b386a09398,44f405eafbe3c50335c14a24299b35fa15dd5824cdf494448774e1ef45fbc744,dabcfa7c2f5d200251dc0b30186da0244d28c21276e79a753c5ae2411d299e9a,0.267525166971609,r1_mse_matched
1,mse,0.75,0.02,0.9,300059,r1_mse_sigma0.75_lr0.02,12,ok,,0.7902603114185397,6.282047456532552,0.3410413070935566,0.10163030951387987,86975954ea25afa24d148cd0d80a4f12817f3bdbe7943fd11114ef1e5512ca2e,ac92c365f27d645f30db1d16e6504134289e056b66e3d0432559610015e7b01f,8076a92d1eff89a131b1bb989745bbcafcecb7ab8a908bb396a2ea86372305ea,ccaa4ec032fa92f733b5daa7b9dbdd04b139ed3e9a3e0c6be5dff200f154345a,0.26952170894946903,r1_mse_matched
1,mse,0.75,0.02,0.9,300060,r1_mse_sigma0.75_lr0.02,12,ok,,0.7434608474143583,6.418331367979188,0.3327724982871071,0.0988334319912708,ef3dfa0dcce3266b8e64b5185906508ef9724df33f314b80d6e605d6a76f6e29,85f9e8162e8403ef1422e75acbbcb246cea4fcfcbf305c2aaefe1134d59965ef,69db05e052793e945444e30062ac177b35f237b6dbedabba84326570082c0984,a6b790bed7ec4636d57e90a29eaa97c93753dea48d83aa20fd1718ee84bf82b5,0.26441237493418157,r1_mse_matched
1,mse,0.75,0.02,0.9,300061,r1_mse_sigma0.75_lr0.02,12,ok,,0.6495091175341148,6.2270033998714975,0.37507079143577415,0.11064588347355336,cebafe01e6af0ee95f79d83a58cf7c3e9005f4eac4718eaed5302c26f67536a5,a034bb4db5a0ed251a7830b45b049184cd6466ad4c690b2da4604f786ad3f27f,51710a85eba65aed03a40da4db76c721f5d39f74eb8ad2317a5979496927cb60,a48c1038cfd996cdad4964e5201ad3b577bf9e1bbed090ee121fd858479bc50a,0.26131495798472315,r1_mse_matched
1,mse,0.75,0.02,0.9,300062,r1_mse_sigma0.75_lr0.02,12,ok,,0.907039793743505,6.464339343992343,0.2819605577599568,0.0868438517900667,b31435f2845f9ffe580f90ef95b59358e3d48dd35beec15b8d9a352d33daa705,d7eb8769059fabae7482833a3bdb6411efc7b8bbc9dad9030069e8fb4af0376d,e0c466698941e43033d201e50dbd0d05e54f7d14b58ea01a9931fa7755d20854,b728893e504a7036de29c1a18fb9e8f542f9f5b8cfba7547ce612ca583d92e33,0.26403850002679974,r1_mse_matched
1,mse,0.75,0.02,0.9,300063,r1_mse_sigma0.75_lr0.02,12,ok,,0.759313528844247,6.2947121688744625,0.3283939231488288,0.09424905594371387,d6d2c5ebe7f763691e03746a41367e5be0344eaf5fdc66167695a8638bc42d03,443b43e8d82c93a9b6859f49bc9c1384d25cbd44a30cdd875c6562dd650ff6ff,ce05d11c7a1a1c10740f560ff69a559e1b594377eaafbd3cf0659a37bb6bca50,6d8b71d11efa2d02fd2c2027245fda227b312934b574b5ad61d85ab941713e9e,0.2647605000529438,r1_mse_matched
1,mse,0.75,0.02,0.9,300064,r1_mse_sigma0.75_lr0.02,12,ok,,0.6825156553566798,6.280856926853207,0.3876698487692499,0.11436260538692872,a2279af607d348c7eb3e3b3dc6d4045842a3e1c8cd56db71ed3c33fdd34d83ba,2d4cb5b9640c9fd1a8540366892d9096ce2ffb3b0448e9de439604e97fc81b00,0f6cd883845e7deedb28ad8addf0c3a092f5f05c2c631e67140ed0777f55a3d1,00914c82894b68eed660387df5d0ef16cbb0d27733e3eb37fc914f6fb5ed9bbe,0.2704337500035763,r1_mse_matched
1,mse,0.75,0.02,0.9,300065,r1_mse_sigma0.75_lr0.02,12,ok,,0.7423239970671599,6.233371203485458,0.337353203790423,0.10289272715607901,1cfb2f28eb8cc948dd0f1611cb56cb4e6560995412560e94f6b63dae98e6ad18,5880d14001810cdd467dad4ebafe5b0d6e501f3f570a4df3600f1534c2b7616a,1b7cb54e9f287c12f37112c1482b7db47998a96072f0918234760392a7c7571c,fa1db1e36ecdcd0ad6efe9210500ea27d6bb4e27949a1ff1665a0b33d4d1e4a4,0.26767587498761714,r1_mse_matched
1,mse,0.75,0.02,0.9,300066,r1_mse_sigma0.75_lr0.02,12,ok,,0.6979857687306659,6.408872424996647,0.3495788092172277,0.10207701229143049,708269c9fbc27a8cde579e683a6367880c14143b935f4908ad90b01362b99244,6549ca8b41b89433ed9700fa8e4e609e210451b9c7ebfbe6f1edff98e603ef32,54ad4239226c0c75adc1e156718641a7abe491df45dc54a0283be12f8ee4cee2,ecc29199e15346e92f1dcd7ac643acf71385733c2f060fdec8eeee72abeb7079,0.26339620794169605,r1_mse_matched
1,mse,0.75,0.02,0.9,300067,r1_mse_sigma0.75_lr0.02,12,ok,,0.7975151031206356,6.388421360888076,0.3322318911866177,0.09966956735598533,081f0a8188505511354ed61a498396ca9f725e574fcce6253e57e031ed00a1a6,e1589b617124f4cb79e463a004e07e664bcf84d0d57ca0ccfcc221cb90bd6916,d1fd09649534883cd89734fc81e842ca9f19e587d1eec827050e48246270d9e5,9edbb7bdfde57fd843d859e85786cb954378224b5f09fb609180c372b534ab7b,0.26648541598115116,r1_mse_matched
1,mse,0.75,0.02,0.9,300068,r1_mse_sigma0.75_lr0.02,12,ok,,0.7720187559971976,6.417257948402975,0.3389577247856456,0.10304314833483627,0bab71e6eca3d3074b94363a2595e397768bf164f5737259b49028335278c69f,2352320ecc2428f76669b117992f88aa230efa0f74713ebf4f0d5ba8b32e0b81,a1a6b27c7ca37e94608ac405162ac117bc100d400cf1254037c425157b794335,5b3bf7c2bf867cead731a3b853667e309afcb6fe88fa321045887fe5d44b46fa,0.2705373748904094,r1_mse_matched
1,mse,0.75,0.02,0.9,300069,r1_mse_sigma0.75_lr0.02,12,ok,,0.8074443518365505,6.508795446376649,0.3303866073347977,0.09911598220043931,6174d2c5d4074cd59901346d33d990e3b06dd344d19303a5a61f4f4ab30feb69,13ddf607a526199525f36e82d6ec66fb92b3b4a84d3eab35ac1e71aa897d1d52,91859f0b01151c1097033ae674fbe94c81d0f5314fcf3c276b0e1ffd7d3970ab,d882d3bc7b9be9560a9a189ca4436a0eb790ed2287a05865e205018d138ff965,0.271566207986325,r1_mse_matched
1,mse,0.75,0.02,0.9,300070,r1_mse_sigma0.75_lr0.02,12,ok,,0.7441487927859534,6.217209189444816,0.34300433731225377,0.10393031420561288,f634cc4e2d1c13934fed7a89e1dc9feab288a32e837cb405f0cb855949395708,ccdff70c19143dba1653dcbb3dbbffabc6f7f1c013b1dfb8a1e39a9aee3a3577,bab40b5fedf934230d9d0d16692e9f5c5470b8febc8fcb7c060c461410d6242b,fc26c45fc98790fd06fa984f2322403edcc44e6b5f3e6988ebcdbe46186dc749,0.30553533299826086,r1_mse_matched
1,mse,0.75,0.02,0.9,300071,r1_mse_sigma0.75_lr0.02,12,ok,,0.835522673456373,6.370383537463613,0.32988505702471,0.09797586193633888,a7a631ebdc901b6d1afebc5883b03deed2af77787993e7c43d983c2bd7ba4001,7a9ef81ad7224233cc5cb38b965598d9364349ed4072919e19c10e80bacca046,afd9fcf2c73317399ca16983efdfcd84868997fa4de3ba4bf51e3ab8ee2ef96a,4d769d53b8cde4a97d7cb9dfef32f9894ff6397eac6a11b52f5e8b23106e758b,0.3317578330170363,r1_mse_matched
1,mse,0.75,0.02,0.9,300072,r1_mse_sigma0.75_lr0.02,12,ok,,0.7505044008601232,6.388175808866079,0.3462852345145512,0.1021541441817926,29476ceb6b9c7bc9a00c948025fe869f227afb88b4f615b258137802f2c3d508,d2f5e742631b619a124a6e2d35a067c5b263572690ea3f3a50c8fe4ba810e605,8977935e02929e7becc78677eb5907cdee0ea75c29229c8f279422d8b8ebd7d8,fa420d71c9c1d0c926a72af67d687ef8a1d500d7516391617d7d9168f1ce21b2,0.3169948330614716,r1_mse_matched
1,mse,0.75,0.02,0.9,300073,r1_mse_sigma0.75_lr0.02,12,ok,,0.9100358720999335,6.344627646142949,0.283978075422394,0.08434148840045101,94d96421ca2c1b509b027b228ac8292f226d27321b9fe81c04af907c5f10cfcf,ea343b04223be8eb207fe79b900dad6f48ebc9d78b3bd560a6b589d849c18632,d5f47536a2aa24a3162810e429c26199883fb455220cfd01d9cf541c6006fe40,d1bee13fea0a1eca2a256775bda53f3f0f732ee48b6568a9205c300ae7e7d4ac,0.2720927499467507,r1_mse_matched
1,mse,0.75,0.02,0.9,300074,r1_mse_sigma0.75_lr0.02,12,ok,,0.9330254706961525,6.570830731047459,0.31575498129124774,0.09535800434995681,f2250eae7e757ccf0386e915268746609495ba31fce4b4abc9a865ab6e47686a,5ac414598748c0d70db4857128449cbde5756407a395d592f1e8f0d8bf4b5c79,b39548803e380e78afae47b293cd57cd498c8c44c3d7328d137cab95dd5630e7,601cf290e88056e6aa8ec2ca374a6ed727e1d7805c0d56b0d6d567c43e37374a,0.264828292070888,r1_mse_matched
1,mse,0.75,0.02,0.9,300075,r1_mse_sigma0.75_lr0.02,12,ok,,0.8971436866421414,6.455039253941428,0.3009467562451245,0.09028402687353736,7dec063783091bc2e04a4042c3c3773b5ade267b870931cdc8039fa0219f28b1,a25c1eb5d376fa0b58834737109ce6926d29c8f0a8076020763734df14b91a56,f1ab4a2923c99b2be8f52513ddb62b5f3115eff7538a77c8b4aa931ffd4eff42,cab975c6161f4fa5914a8ca833b94e09e8ec482f25f7ae263a9b2a09c07db7c1,0.2631095410324633,r1_mse_matched
1,mse,0.75,0.02,0.9,300076,r1_mse_sigma0.75_lr0.02,12,ok,,0.7122937578830009,6.354980662272303,0.356783736381548,0.10311049981426737,874f36301d93b1a5bcbfe168684f14c2ae66efa60b0bc3f6963cb38d49893ab2,a30bb8ba2fa3f25d8d30198f6baa7b531b0290bf636c95bff3cdf4e85021d3e3,3df34fbe72a6ec06222f16b3f3945ec50a28d566eed39cc823b976f0e046e934,2a7eafb147bf5cb3614fda7ee67722cc3589951f9d980184a6776c1546782f7e,0.26377491606399417,r1_mse_matched
1,mse,0.75,0.02,0.9,300077,r1_mse_sigma0.75_lr0.02,12,ok,,0.6161725935559935,6.198652805765757,0.37120294765739686,0.11284569608784865,ae4b1717c7ab36a8bf739e3c3e609f149fdff4c16f64795219832d1bdbe563af,01468e53e4630aac84262b5039324698644a6a60b78851a2244d2d5ca7d5cb3b,f964cf3c92aea6f7193a2bc545cb2b1cf4563c33fbf91422d7d9fd8a9a1585b6,2870598a3484c2ef6f1719f2caaeef9896d9edd0899b80ef33db14016ac99f1f,0.26784112490713596,r1_mse_matched
1,mse,0.75,0.02,0.9,300078,r1_mse_sigma0.75_lr0.02,12,ok,,0.9052150831291708,6.509524498841673,0.3045843872898468,0.0910707317996642,fc507e05a21f23918e50d7f9083a51ab150f87ca134cd0efd7c9b54191cb9adb,7b9ca0f5a4d48af552fac2e70ed042c3545b15fb9af1361947503fc8f8c0cadf,3c26773201de8f53758a523e4e9e117b57f250c73c716c02f557927f92598fe0,995d72d0b33af9fb8f14328fea089957446b482e722daae613629be9a6cc2c7b,0.25793674995657057,r1_mse_matched
1,mse,0.75,0.02,0.9,300079,r1_mse_sigma0.75_lr0.02,12,ok,,0.7160846193490835,6.500358951563881,0.3482412361841234,0.10725830074471,99e3cfde53d3779687e41c4889b2c25c000b0fcd2df380100446ba8715eb8ec8,671c1c32f5796c76ffd63fa2ee7f179f0b0fbb4e4d0a1e393c4129332e01d5a6,05e654b3327a5e26890e9b771b6400e5ba9ab79d9f0b252f9aef0ef0531e2b8e,f81f7527dca8bcaabced928c219171f4aedd46b78f42f1d373f92db3045e4a28,0.25877966708503664,r1_mse_matched
1,mse,0.75,0.02,0.9,300080,r1_mse_sigma0.75_lr0.02,12,ok,,0.92745237204092,6.5914617828952435,0.3040874628626312,0.09031397647020147,0e3d960b755d50f9638f138ca006e5501b07ca00e96338156fe514e01912fc98,1cbfac2f19d4c0ebeb40fc9e4eb17765a40b7e9b64b7903e8debdd4f6b207474,238b41c902d3ef9c0bd2ed48a46db2b4b87e8dcf89cbdda9480228c9b1a9f74b,d066014f685a98a43f50a350a4a386c9f954038990a321a6a2e65af88942c236,0.2698021250544116,r1_mse_matched
1,mse,0.75,0.02,0.9,300081,r1_mse_sigma0.75_lr0.02,12,ok,,0.7503308003174542,6.433218895735387,0.34365096546725116,0.1041262425365771,ba2f638e3dea8ab3bc59b28079c678391c132e83fd9186ea1da00b1add31d0c8,1a216ec3f73d111315128ec3ea4d639c9921edf923f3131c1bf95862d334f31a,b1154e3386b943676e8f461c997f0a13c5983d26ed22c9c748832d5d14b5f021,a0f2d77abf82f5614d39f1ad435d89ef9304fb94627802de39e186279f8013cf,0.25880954193416983,r1_mse_matched
1,mse,0.75,0.02,0.9,300082,r1_mse_sigma0.75_lr0.02,12,ok,,0.8503067386126437,6.606982021530181,0.32293177660108036,0.09591073765052086,6c99cdadc1611e488d48953877d470202aead6ee43dd801e550e79a6bd0e922d,7d0c04aaf56cf065cabc2f4d8c5c616d73547978bc744188c58727f7bfc38976,265ceb9b84556e41b99cc6a1310f842bda0f172e675f813e9e731e3872257ab3,b23f6b324793cd89c58863c34f7d65900a5ce6a66e2ec6d3a8fc7e557bdc6f4e,0.2645706250332296,r1_mse_matched
1,mse,0.75,0.02,0.9,300083,r1_mse_sigma0.75_lr0.02,12,ok,,0.9208283610774102,6.559916187150045,0.31310011928675935,0.09205143507030725,fb2734f5bab358e14e01f2c8e72617ccdbaab144d7802f2c8c60ee7f1e3ed644,84c7e32ae9100532c76001d8d1c47683e020e8e4c9c3cdbd4666f567820d7dfc,fbae546b3efcf6008f28f3d5b5d868b976bc5cdd69e6a4602d7e05fa06b2aa3f,f8eb434f6ae420cfaad0adf55275c7c55e4c0c840fa8098788c5028aca296151,0.2657338329590857,r1_mse_matched
1,mse,0.75,0.02,0.9,300084,r1_mse_sigma0.75_lr0.02,12,ok,,0.8917807422247782,6.4822173814516315,0.30488150921975316,0.0911595712567062,307f937ba084b91de860668af0fb0f69372364bb6ce4fcef6c017c30674f17bb,1cb069d54206b5c7c80fcb7a9417feaf0b8aec9e6bba2eabacd8a44cb5aed089,2fd02768fdb7f146b2cbb15b8dadb8e9814a9305c312fd799e8f900d7f3106c5,fef2160649948651a90fb1561aa916a306a3cc1bda90373fc7361e6fea0a8aea,0.26557987509295344,r1_mse_matched
1,mse,0.75,0.02,0.9,300085,r1_mse_sigma0.75_lr0.02,12,ok,,0.7068480993242443,6.31246215870788,0.3454379230634345,0.10328593899596691,b7bda8f1c6157533107318b4929256d5284403e4f9593ef909e880530d05bec6,8f4efd48e45a79dd017a1d7a311edb86e9da535faee03ae1a88e4a1c9590a97c,3c7883f7360ce27199c4283ecbf61af6845a919dc9f733d60d2bb0733fbd9d4c,61c32b0920320230f5c864461eab04397778a59d428cc8fe1239aef31e94ee87,0.26309129199944437,r1_mse_matched
1,mse,0.75,0.02,0.9,300086,r1_mse_sigma0.75_lr0.02,12,ok,,0.8588048660389839,6.4037563186956215,0.32277351573883567,0.09844592230034488,7dca81a4c91012a56cee488c1a773d6401a3ad74b9a9405b00de27a2cba11f3c,e0324572697d072a56ed3c04da591c40f89f4e8378187195dcece0e344b2e000,2110537b7d7299e84283a399cfae209e4f9718851f7f11560a9d0981f82fee4b,735063de7f79bb71700b255aa4f8773364505d0383d86165f178519be82cd442,0.2615887080319226,r1_mse_matched
1,mse,0.75,0.02,0.9,300087,r1_mse_sigma0.75_lr0.02,12,ok,,0.8560530382548673,6.525872911877121,0.31017576804122543,0.09336290618040885,2cd875bdde423eb1353f1213770192b7df8bd876d40fb1aa71d29f9f56f00fee,5e9e38ede140f2d6f39e4d2630dbf7e98417d17a2d266b77b6dce2135af70253,d6f9401f4860245c006a1885baee5959823b4f53355b4fba06eedc7c545ce49f,a52404191f40281faf150971c139c52e3e2f5256be3171e030841b9200a95c48,0.2581056250492111,r1_mse_matched
1,mse,0.75,0.02,0.9,300088,r1_mse_sigma0.75_lr0.02,12,ok,,0.8023809857057842,6.434830659175887,0.3278094078073618,0.09637596589536436,0030bf09b7aae09d5ca485e801a912df314636550145ceef5f18ad2202a69b51,ed7150770cccc71995eec6416e5eb8942b5187c46bb88744c3cce6ecfecca45e,b160cc9820d53513797a61c5a19487ff1000de3e0f3d8e4c1bb4c0e6b1194c7b,6ba98fcfa63df65b10441d86b0f88952b75b00359b16845ad8da9e14cae2b44f,0.2619232500437647,r1_mse_matched
1,mse,0.75,0.02,0.9,300089,r1_mse_sigma0.75_lr0.02,12,ok,,0.7906798718808659,6.3758857277564855,0.35358170117062104,0.10112436653479762,c661e54b95aa168b9588f9db764694b9637b19b067f1ce1ef87d834330b73929,60508639f832531b067f6ff4a1f52ad903eb5f468fd6de942af85d30e535bba0,c32b6848e21b9a50af8f9e79eb6df0be6e0f2a64af10712fa7ebfbcb23bd0582,9562f3e572a4a8ff46bd81ece61bcf09452cd308179a965e64e3ae42fe9c7e2b,0.2673746249638498,r1_mse_matched
1,mse,0.75,0.02,0.9,300090,r1_mse_sigma0.75_lr0.02,12,ok,,0.6792270134126809,6.410272833175819,0.34727316636297384,0.10279285724344026,98cd9fd3f5a0edc83a0ad4fddaa12ced64d760278d475564fff1f1c5dd73e084,eb3f6b474d6816be6628e288f25ada76b0f7d91970b57b91c195cb1a75bdfeb0,9dc46b6c5ca0a4b0f08a26386be913a69ade97c8e512cd25414dc9ae9878f34a,fd27c1cbcad7d8cc4f701e6de03f98e37b79e0cf18bd409e6aba344a8c5122be,0.26861258305143565,r1_mse_matched
1,mse,0.75,0.02,0.9,300091,r1_mse_sigma0.75_lr0.02,12,ok,,0.871871714515062,6.538625436664691,0.32419748596662745,0.0956382583601551,3ccc764800bf27bb75e2094ea8a123146ca3bde83ec7563c79a484f44610fafe,6d41cf29ae36d582d46a36d3d13ff7bf618a41b289a91760c47e508267a1e2bc,db407983fef5b206f39545297413a7aa15348c020465521dec172a55dd714019,f4cf32a0d56c22e2c35f6362e1b584cd426779ec8fc1765e82b51bc10194defa,0.2661824580281973,r1_mse_matched
1,mse,0.75,0.02,0.9,300092,r1_mse_sigma0.75_lr0.02,12,ok,,0.7118835396178116,6.249636409211602,0.3457824906161975,0.10338896469424304,ba3787eb400695bd780a7f47c9aac7da4c6b2a214e9244efbf6a555d261b6db2,312c1762699384512ffe8b45d038321bb9111baf907d3b4d299e58986f587df8,6009430313df6b77cea37c720620f3e27e274d080da404b5bed3818beb4435b0,aeb4b1b05cfefa16d55755d9fbb3466c0ee32e93f0f20265bdb463b207b4a2fb,0.2674911249196157,r1_mse_matched
1,mse,0.75,0.02,0.9,300093,r1_mse_sigma0.75_lr0.02,12,ok,,0.6908143455546821,6.337885262743112,0.35820583187114363,0.10925277872069881,a7c87e334d754c35efcb9e12ce12b8d5ba21cb97c762ce1c5240cb2fd48ba9c4,3cc8f5d36dcc8109c4741d577771dc446ba604413af58962bdcbf19baf2f0dc8,7ca6343b7a31f3f67f9e05e315b502d774d0ca140f6d6adb18fcfb1528357015,29ca053bcf734c3ce271949821c453b56c97d859e44bba7f98583051a8a08cc2,0.2664717088919133,r1_mse_matched
1,mse,0.75,0.02,0.9,300094,r1_mse_sigma0.75_lr0.02,12,ok,,0.8344275012420761,6.491746227769443,0.335420824878474,0.09961998498890678,fe0cb28c5e5207e0eb8d04b69d0a192adcc44035ebebbf0a71afe93c9c1de479,0cd090b78186e5e94dddb02b661a53946c90c56c0135969d592b1a63ed8f5b05,237cf5e8e392e8d3cb9789a0295cb4f0d2239b08f76569216567ed0e25a6b24e,390eaaf0f5a46661e67733ea69828654002711baff3a30fda0000bc8c91d94dc,0.267228708951734,r1_mse_matched
1,mse,0.75,0.02,0.9,300095,r1_mse_sigma0.75_lr0.02,12,ok,,0.8513997532864612,6.433508378346559,0.31776274333164123,0.09564658574282402,2b1d3f506c8358f83f3f6c4c478ea6624d3260edd10ad6d1d620211c296428f5,0645f2857cbee4f45e0679741b4cb95e945e216de2bf7f7e7ec41b2cda9c8c36,be1a9d3668cd0ae796500668b1c7040d7a7deef50c82de6c03ca06d29d71d5c4,714c6cff7b15eb482d3f63836b0b8f87af7a686d1aae3bc75d44c03e0961faee,0.2635232500033453,r1_mse_matched
1,mse,0.75,0.02,0.9,300096,r1_mse_sigma0.75_lr0.02,12,ok,,0.6607191337806466,6.301716706411906,0.3509318692273444,0.10317396955283925,a8b2a6d596c52df65b7d82272c0d81d9d2c9c77626ad4d90c15fef87fa6ce7bb,a2772ee613085871d2c6c6b322c84ca766ff812bd99d4bb412f81dcb90de15d8,9870b7b051d19b22ba1e1de80bdf44959353ee13fbf00af1aee1787ab5c9c043,b6a70c814f659239a913d70dbb971216201582e3467013163460b8490bda68a7,0.26578083308413625,r1_mse_matched
1,mse,0.75,0.02,0.9,300097,r1_mse_sigma0.75_lr0.02,12,ok,,0.8433182018395984,6.495310615004046,0.3265876897365077,0.09569019309279676,6a58ea514372c71630cb99b35cd8e07be887fa6911b53f19b5d704732fb75bdf,e8c8a21ce148719bf4d490968666825c456df5cdc48f065ce070475a9f61b2a5,5dc1a22dd45cf7dd75e75faddae7ed627a49577b36ffe412360df454f47eb19c,23daf22c57bc5cc5521acf30ea17732b45c5c6ba8663614a1b93c9062a4f84f6,0.26385008299257606,r1_mse_matched
1,mse,0.75,0.02,0.9,300098,r1_mse_sigma0.75_lr0.02,12,ok,,0.7033463654949337,6.433644435636521,0.35337275521384987,0.10601182656415496,998122d28dd5e545db51a6f7b951f9827ea9260ec2b0d92d5c37cb103d0ba6ff,cafbcf058d29eff2ccbf8b9b9b6915872acb9632484a9ed2be13751a7165618b,287d87fadebba1312633eed9cc5eca6153b7cb4a2e16f55ed57d8b5f1d3692bb,0fd6425f2d8423f1319c25c5903efbb3c4482debfa4b1fddfa9b88c1084cdbf4,0.27239941607695073,r1_mse_matched
1,mse,0.75,0.02,0.9,300099,r1_mse_sigma0.75_lr0.02,12,ok,,0.6858479860488429,6.2861018111693685,0.37135330705641406,0.11289140534514988,84ae2550cdacfb1a0c04866f5109d582dc8f9d46f21b0b67a1fe731269b4c984,bfe6ea452f11a0df7fc9c4a0f46f997a12c5f847d7cb575e520f403a4bf425ea,4b91ce31add683e91c0dbf068a8f03c9d4f6ddc6415b93ea0b5814740a8a8a03,a108d7b66f9b01d2c20a0bdb216f204ccadbcc1b3aa9768da3df008248c1d22e,0.27270225004758686,r1_mse_matched
1,mse,0.75,0.02,0.9,300100,r1_mse_sigma0.75_lr0.02,12,ok,,0.7455130818137929,6.346436919687907,0.3316766349490121,0.09817628394490759,79ea598cce16ae26ad8840b1327ff8de5d21fd4d9430d25e5240651e7af36883,c6cb13adc09d1c9493e0525b5e9c1857602686d97269e77f2bb4ddecac2d9281,e92d392d1d194caca9d336509363ebb15b56af341db9d21d883de408662cc3c4,7309ec4719643a072b8c316c53d87c418b5e56346c65e0401151bd8a07628546,0.2890219170367345,r1_mse_matched
1,mse,0.75,0.02,0.9,300101,r1_mse_sigma0.75_lr0.02,12,ok,,0.7371788092096063,6.458657403668594,0.33128715044788015,0.09872357083346829,0fb83b7408cbc1aaa63ef4f097d2d4880365ec38387ba68f6e8c06e44ed382b4,dceb90c9b78bbf6b549b8ab484f361187309c14504d742a94a4f018d6ff4ff8f,413e85c25143ffa0362ab305b029f74d056b96768dc2fbcf98ec1f1694c26a18,6dd662bf1f04a87dd1ed7ff525c42b848e4b435968628275146e9bde9505a488,0.30696291697677225,r1_mse_matched
1,mse,0.75,0.02,0.9,300102,r1_mse_sigma0.75_lr0.02,12,ok,,0.8799638924375579,6.515838026994767,0.3119205511290161,0.09326424478757582,e006b6489056566299e5317c5e2b106d8b7edd9487990bf6db04060c6ac36307,e07ce9fa89fc078461c503cf21016be917062050bc58b8a99684204e3157ba1c,4f0cdd2aeb33e16147ec284b1b71e00416b535c9e199793bf0212ac801ebcb82,8d90178d692a78b0688a7cb52cab7cf122b76fd6860ff9aea28f85f364b3a10b,0.28513883403502405,r1_mse_matched
1,mse,0.75,0.02,0.9,300103,r1_mse_sigma0.75_lr0.02,12,ok,,0.7993295062937998,6.404655297136426,0.30665056267008556,0.09076856655034532,84e90d70cb6e50e4307e53a36b76f3648b8d6250f46defb308584a6065977352,f00bf89f1900623e01eb9a58b0cb70f1bcbb56703e588050aab3210550b31700,dcfe7e61ff20e8629cdc8240e70d763599261110382446b7a81069001aee1621,66369f72b237953f41bb6ba9ff9d48d0309897d927a402089a13667e8056b29a,0.27401170798111707,r1_mse_matched
1,mse,0.75,0.02,0.9,300104,r1_mse_sigma0.75_lr0.02,12,ok,,0.6928780147647366,6.313750159973368,0.36413818374406237,0.10742076420449839,2c3887f0f74ede3f0dad59dc0d44c3389907c03911f67ef27c1dc5383e7ee93b,23cf924fe429906fb077746ef8a5906c8fbd8ade881ed87a2d573bfc29104d1b,6547122e72c72d7654a4a6438c477fd81f92746a202f43b66f1afebb113c507f,78e09ce6bf1eac6bce624f7e45045f7c0cf076ed65758952095632b83558e038,0.2751469169743359,r1_mse_matched
1,mse,0.75,0.02,0.9,300105,r1_mse_sigma0.75_lr0.02,12,ok,,0.6995806234240124,6.339728162440337,0.34765505039663336,0.1022105848166102,de0ebb6b14e2d450cf1bf792fc262365fb3d059482fdd0b5f214736a7a740690,ca39052c1df6c96c8cc1bb2d62654af1cbbf1e3f5b76fb2794c5d04b41e0a09d,7dad43ae4069ad1a8004e09faa10b5991f4f3d957631a04bddb3fac882fc867e,93d1f117ae9e9a14b90e9d4eea34f7b1c53b8ea9b89d6e19e0b680bfd37606b1,0.2772465830203146,r1_mse_matched
1,mse,0.75,0.02,0.9,300106,r1_mse_sigma0.75_lr0.02,12,ok,,0.7320468760791943,6.352766565091336,0.3591158224374457,0.10629828344148393,ad033ae221c957f89cdf90b8ce75396eb58cbb69b99f95a7271da6cfb9c35e37,745018b097730ce74ebf95cf2852b9b8067c7d69379762899184116cb2ca62da,0bc6d71a25d38129d6b6a4179d62a6c3716c66f7b62fe0dfae514c0d75a23c51,b0c08b8387eda2bb4d05e8661fb7ff07b16081107b14dea5fbd8b3678d2ca155,0.26593945908825845,r1_mse_matched
1,mse,0.75,0.02,0.9,300107,r1_mse_sigma0.75_lr0.02,12,ok,,0.7825517946484397,6.345653062003877,0.330140792135488,0.0993723784327819,6aae500dd352d571784f86d0556e3fa32e53a656708e352d32656ae1efcba352,15b994e67211c5c8a53560c6bd4c76368bdb22ea10aeff9b0b4fa3fe26860262,4b8b72e930ba2135ff36134606f48c99c03b9b21b6f0fb10169b72ba70bda5ac,a4dd747e37ac7173029fe3fdfbbc2cad3782c78fa106bd3aebf10a2dd2ac1c8e,0.26026033400557935,r1_mse_matched
1,mse,0.75,0.02,0.9,300108,r1_mse_sigma0.75_lr0.02,12,ok,,0.7055024726412693,6.451764174283473,0.3534252219442725,0.10602756658328176,41309af3394399959ccfe27b376380ece9eca6d3297ce2213fdf23e9a6d2ac93,d97074ac83e2be40bde748920c734d9759162fbca1875f0f21dc789ac44c5a1b,52fe99279fa730ee8789d11b61ac5e66277d1dd8ad76184005a605e82d655606,583ad006fb9994dbdbd99b7e3e425b0c51b6e2ef7fefc7ccc65cef20ea57882b,0.2658950419863686,r1_mse_matched
1,mse,0.75,0.02,0.9,300109,r1_mse_sigma0.75_lr0.02,12,ok,,0.7182360690063077,6.463718217365467,0.3586723708428331,0.1029389704318931,771fcb9213886ea1f967979f6ad3fe3f6fcea304f2642dad6194341495a315cf,927c3658ab546714e54b9ee0f95b97c491be86f54c7a00bb51e6e63694563370,24f65ac76bbfd155bf897d0e83b8adacd5aba5d9cee8995232f0a206d48c3eaf,ece14f463eceaa08b9a8429af3049bb97f2f6954aa141a0449c54d7a4df2d56e,0.26133387500885874,r1_mse_matched
1,mse,0.75,0.02,0.9,300110,r1_mse_sigma0.75_lr0.02,12,ok,,0.7355804160905016,6.38095281373043,0.3429069476154612,0.09944301480848375,cde45661617a288f63ac7c264248a144b6191f42bc1653ad3551b4b4735ab87f,b99d2d6fd8b683d6356cb6d876c164fe9843b9e33fe8788befbacf4ca22f0c2d,91447b8f4ad4658d6e9ab3e7e96993c5c7b13cb66ee25819d0eefa420588383b,04e6313848fdbba6f5b6cc5b7fda169065843473efef3ef90b2cf0a55da1d7ca,0.2627536670770496,r1_mse_matched
1,mse,0.75,0.02,0.9,300111,r1_mse_sigma0.75_lr0.02,12,ok,,0.8464309544260846,6.672527391889927,0.30953018544717414,0.09069234433602202,e133603627b2009609a3aa5bed97281a6cbdfca6a7eea92a419745c7546dcdde,f7c0162fc827424ac8388e374e078e13fff35507f602aa06f4b2996d6e484025,3f3fd4c930813d9d87a5fcb0949c8361691152c673e49f01b275cad80c097159,bdfd2cf68e857f5bbc20435b8facab2e4ae83310730eeab6dfeb0499fe309f4f,0.27031825005542487,r1_mse_matched
1,mse,0.75,0.02,0.9,300112,r1_mse_sigma0.75_lr0.02,12,ok,,0.8244019526339617,6.492379555812189,0.3079279273932372,0.0936100899275441,644bacd763502337e0035239bd1882a2783d5b5a05ac3cf964f3ace18d859473,317341fee9a89e62d763d3abfbb2be4f20cb86c2022f5a63ff588b0dbfce4787,d61189cbdb78688824a7c7ce61f481e76f8093cd9e1392836ca927f460b33dfb,02b6686170747189d4394d8d0de47b7f5d83fe12e9d86fd62e1ac1a93ff4b6d3,0.2626904590288177,r1_mse_matched
1,mse,0.75,0.02,0.9,300113,r1_mse_sigma0.75_lr0.02,12,ok,,0.7280425644094917,6.317717929612528,0.3449541024971783,0.10176146023666759,ea02a0f906c4077add1f728f580129235b1ccebff060438ebc231b16f441728a,5757b18f7496722c3110cf0964f2bd6855ca6e2ab2eb5d5d9fe2176e26a40d5a,04263f06fec60a9effc446cc90a62e0992494702bc932635cb6249b6bbe4653e,bab44dbf735e8527680a25b60c017141cf06ef452aeb3513ac950d2da9413827,0.2718870830722153,r1_mse_matched
1,mse,0.75,0.02,0.9,300114,r1_mse_sigma0.75_lr0.02,12,ok,,0.7296125962258223,6.407080162813509,0.3541500640006119,0.10553671907218233,ce4b99d8f04992133ac07a717779dcd6cdfd51bdfbfe5caa5ff3046c4fd6b552,dc88917ed83c59b5699ba2636285e959769397710157d22d8217c2fd639b0fb9,a42f1afd358ea80ccbe895b9906942dbfd9128d313fce6ad186773c0ce1cfb95,e428e9bcfa80505224367c293f16c55ab37eb25aca4291285176d5494c415050,0.2751126670045778,r1_mse_matched
1,mse,0.75,0.02,0.9,300115,r1_mse_sigma0.75_lr0.02,12,ok,,0.7787144782763434,6.363115934468304,0.3339498696038139,0.09784731179391747,c463a396e85798bc68cf4a062dbaa6d994363a8cdfc6d7c9791e21091069da9f,5958f974d9825dc3c070069675227ef7f9be0ab42121f1e9539e0d2e6b750b37,d4966bdf5179a8d69ae9ddc0384b8738a69b11cf9fb4db99b8e9105abc8ab2dc,67e9bc4ca4cafad66c4c682cb534897be3b829a7e10a83b230d4b28fd675662a,0.2737105409614742,r1_mse_matched
1,mse,0.75,0.02,0.9,300116,r1_mse_sigma0.75_lr0.02,12,ok,,0.7566401967225547,6.3594912282641785,0.34195124460287685,0.09950781217943716,084daee521e0d96b4b6964217b212b6e3d0f8e53220f91810df897c8d600625b,95c1327da070b867d19ea8b2c991d0b127ec0999753a2e627a218e1fc3568efa,76eeab117ef6d59c31d02f42ffbe76464325e059adceb74540a8b59345e3d511,5b5152d10e7410b2226aa7ce04055a7e3b9b0b54d6f89b541aac5c2954050cce,0.2682391250273213,r1_mse_matched
1,mse,0.75,0.02,0.9,300117,r1_mse_sigma0.75_lr0.02,12,ok,,0.8744880242010997,6.491947067307106,0.3151995787376992,0.09424467404257206,a7cb6900e99f4095de6330dd8d979a9b2cf415af5be1ec45ac3ad74d3326eb57,2177432f921982ea8d382df02f0077297ddaccd66748d6c49c88675fedf7c8fc,99d9e59252d3d0878303d892f1426bdaa87d9d9e96c0da52100cdf390f18cfbe,25b9cd0e9483f13fd502d247a9469a2da798479da2707c1caedf9cbea3426e39,0.2714334171032533,r1_mse_matched
1,mse,0.75,0.02,0.9,300118,r1_mse_sigma0.75_lr0.02,12,ok,,0.7113798741774489,6.280974396582152,0.3744732541321553,0.11084408322311798,2bcd33845041cd219b498a03ec11004d81bbe9dd3f558b754d6ea545896bc7e1,b656512a7c47a60c5f0e2699f11ba568f724faf443528db6c622a46754c748b1,d362c25c6b0118ba623f4333687179ae706269838bfce9cbed48c9249a1a46b5,bc68b25443f915599f01463c18e1cc7ce8c53944722b4f3891f7272c3ff1b6f7,0.27019979106262326,r1_mse_matched
1,mse,0.75,0.02,0.9,300119,r1_mse_sigma0.75_lr0.02,12,ok,,0.6487689961008809,6.380252005322467,0.3819417291260888,0.11305475182132228,aed0e9fe989702c5562c247fac514771a622ee069fc4d2535cb8bac20c823ea6,7ee168630ae11472db3d3cf3061384c4b41ab444816c085b7ff71d8d02ebc072,c918f502a53094956c4f52b2c0b8f131bae0c09457d7b1bcc63627f255a48f39,1ec8cbc900a6568f08ee392d99ce66c846ef3b0c56cd5f6094cad47a00873f0b,0.26000783406198025,r1_mse_matched
1,mse,0.75,0.02,0.9,300120,r1_mse_sigma0.75_lr0.02,12,ok,,0.9252446154219239,6.508506355778716,0.2779115633704124,0.08392929213786454,cb61b23895f2815bdc0aadf0c708a92916c48234dd8e466aac8cb4db803fe60e,31599b2d6bba43c85d8620af2e75378d2f44d1123d2eeb378287504537e26fbb,18b537ed95217b141800e7396a7436290e5656b6b53e4843f4ba178aec2cc312,bdfba0a42606368c7d5f23ff758fbc3b8937faa99a435b5b3a38c11fdf09ccca,0.2630871250294149,r1_mse_matched
1,mse,0.75,0.01,0.9,300001,r1_mse_sigma0.75_lr0.01,12,ok,,0.6822322429638933,6.304653859853628,0.35200374597637746,0.10348910131705498,547df75d495d72b315fe564322ceb41b8419e43ddc93038fd9cf9fe53fa9e4d8,27e1e2c3dbc45cde17f5de651f591de18321454482d19b908f81fa3a5e20af67,69758c4038ea4506ab5f93f522758a89053fc67525bbd1c52fec667d6bcbf42c,2732b86981c5b7052853d06f3f810b096fe0218434b3353f5ae44be71c1177b0,0.2698571659857407,r1_mse_tuned
1,mse,0.75,0.01,0.9,300002,r1_mse_sigma0.75_lr0.01,12,ok,,0.7974875212994172,6.5043729409819955,0.33089815738995276,0.09960034537437577,fc5b1b69e7b8cc0f50f32cdfd3927bcade5b7de5f025f5e97e35f13b7dcccd65,4c5eda357008888dc1e99dacd5c9935dfd3c62182290bb6932a887ff0a66c610,a5a712360fb5fa4520a4a2a22758a3c27b67b4b6230c882c34f8bec299500618,6637254620f26702bdbedda0826928a9144731f30603c6de3a4fa19298aeaa69,0.27544154203496873,r1_mse_tuned
1,mse,0.75,0.01,0.9,300003,r1_mse_sigma0.75_lr0.01,12,ok,,0.8306417256874867,6.425672810976577,0.3167418016280086,0.09343883148026254,a2e1081d9fface7a08688415de646f26dfffcce559f08e132cfb5e7e252dbf1d,833f767deaf5306522e0610877df9712365f64f25c2a9481ae98b9f1758574b8,b8fd914f2b4bdf613e32c9b4ca66c151b4100da65fefd0b77b59ec024c9a44ec,b73d247042dcdccee6a60e00cd15d533c63a66650da5362dec6103b43d24ed93,0.27313954196870327,r1_mse_tuned
1,mse,0.75,0.01,0.9,300004,r1_mse_sigma0.75_lr0.01,12,ok,,0.7094975673996546,6.428669036039317,0.35435016705654715,0.10453329928168141,58cdeaa78f51114a6e914189151f24a71007e71cf610cda51f971b31dde06f10,a0355d581f3ff5f5a74dacda51013f50e7e5b287c1670929a81b01c976ae8a59,f4a0f9945f1a3c60df410fd10e800e7fff70c42926132265e192700fe51606e6,11365c737dfc5f637f3258d64dfdb8f47c9e85ab55da789e1dc469d83e10e5cc,0.24918629205785692,r1_mse_tuned
1,mse,0.75,0.01,0.9,300005,r1_mse_sigma0.75_lr0.01,12,ok,,0.7871256642699478,6.298766874972771,0.3254476881797472,0.09828520183028365,5c051b69b978374ceb2348d1862e0af437f756e529d7afc1c1186c2e54ef7e57,5b6bbd1920d2685aa73875088a12ff6c127d36ad58b03e361afa4a1c313df8ca,d976a89bf7356c6f04f5258704546810b697343924994c02baf71f5d418ae242,ac32c73e44b05129e784812a45da38490e04af7a8a84a96fa9031018a9b23c2a,0.24788829195313156,r1_mse_tuned
1,mse,0.75,0.01,0.9,300006,r1_mse_sigma0.75_lr0.01,12,ok,,0.6892917409207466,6.300693915772665,0.3661796763652501,0.1094877232332098,15a47afc3148937636cdfec87f5ea1349559551ab1fed512817b9821ddae305b,ff12b0003f24e3c1c0d39d5463f83beccd48c3ccfff83cb5aee8a081df56b4bc,ab3dc927fb8090479524becacde4f6a212469ac909fc776896be25986068b415,e72808117a764ead59a4211a240fbb958c8f8bb0c281cabf05ac8f5d23d198a1,0.25634879106655717,r1_mse_tuned
1,mse,0.75,0.01,0.9,300007,r1_mse_sigma0.75_lr0.01,12,ok,,0.7830385132421056,6.375653554349982,0.3252555508842993,0.095625131959984,5ba229eea3aa5e9e6cc0d94a42d4948a4f324f7232164c5b1db8b24ccebe076a,6e51f2f2d4b59e8180ad8e8c7b27acb0d8ca7076d726fafa5a2de56bf9a213f6,e43c63144020802be6b53960c12113e626bf5af6fda738e99f406898c59b2306,d34fa623f2ba407e93ef0ce08e3121a2a8156a2f6c30d46a7412cc8add44c195,0.31764637504238635,r1_mse_tuned
1,mse,0.75,0.01,0.9,300008,r1_mse_sigma0.75_lr0.01,12,ok,,0.6485762332707757,6.355887006386711,0.34998262953125364,0.10184494519359481,92d23af5bb836428a7eb153f6a2380de81f8fc80da3fdf08b509b0370e7b93c9,81d19f6042d7b3ac55466949ad7de628e492c588c338e358f96626b8c34ac720,bee7b617c2aaeca7aed1c7211692af81a9e8c73b90ab946274e48eacc461cc6d,361607539a5afaff95c17b314c064b9c6aa7a731f091dec3db9062ab0db2f495,0.32197420799639076,r1_mse_tuned
1,mse,0.75,0.01,0.9,300009,r1_mse_sigma0.75_lr0.01,12,ok,,0.7742574654063245,6.462163653482685,0.31116377505020004,0.09334913251506001,5600684e9ca941293ec22e3fe6f944bf235dd38fe0048ad959412b96248230c5,f9b700d2fbb94c6f5bcb5fc647d367c3a5a186efa3eb7cec51aad8776f3baae0,2d964aa7f8fe7009d98b6d55b32a13441017cbd1841bc5f5cfee4f60b1e5597a,2f0946a55a4f58feba3574499571fc21aa49263622c003fb43940dd42d5d22c0,0.31799083400983363,r1_mse_tuned
1,mse,0.75,0.01,0.9,300010,r1_mse_sigma0.75_lr0.01,12,ok,,0.6661744151296923,6.373226081273176,0.36157740848022046,0.10485744845926394,a56b6fb7e11162aa1bcbdb89986ef350dfb815c8939edd09a86a5d1f2edfccd3,ebef873c28036d701489dd58ea3cf0f3ea8ce6397136f78ede722212fa4058f8,bb472853ba6442a16e47aa10fc0daf077960a8da8c18c216c683f43e69ca33f2,af24c90f69d41e2ca62a39c8899b2acbf8950d59d7f1bf639f6f1f69ac350fb1,0.35976479190867394,r1_mse_tuned
1,mse,0.75,0.01,0.9,300011,r1_mse_sigma0.75_lr0.01,12,ok,,0.6575668533886481,6.370457274350189,0.375092685847763,0.1136530838118722,e77879b793619b6b11bd41e6c0dd2126d719a2f55d9c0ac0da2f1549b0913658,a815904015b8a5020a10190b51a4a1dbcc318a510e2cdda9f1b17ab6b4222a91,5bd61f9d39cc4cc3c95c3edac539cb72db72c7da8b3f32ef562ec5d1774de753,8522955fcbd0319c40f7158be5aa1e41715bd625e8f73761939e1af8561eb62d,0.35714604100212455,r1_mse_tuned
1,mse,0.75,0.01,0.9,300012,r1_mse_sigma0.75_lr0.01,12,ok,,0.7032698104610651,6.414380982330936,0.3502026069535025,0.10436037687214375,9a73bc3dd78108b7e8c672136c1ebbc9996870d62df4ae1db431a984856c4ad2,1d51aeda2aebdfd8b9ff597f1185d611b6e9ed0df0728b69bcb6d1379cd855e0,51f56ce6a5ffd57a004adc4d3b933139b11ac3a8a60ed27aae338eff841e7a94,c240d9d836dc84a2623b3f1cba65649d326e105449ab398070079f23c7f955be,0.35108612501062453,r1_mse_tuned
1,mse,0.75,0.01,0.9,300013,r1_mse_sigma0.75_lr0.01,12,ok,,0.6513380190975344,6.331911536018013,0.38210181765636425,0.10966322166737655,43be896293e02a570742d018597b933e42ce673588e34b4fa509ef9d1086355c,fffdef1c1b60ad8ff28008f50a6fbe337eebd5feba0cb6cdf1f62599072d89f9,ec5400175b7029cb3cacb2798ab3139530622f9622ec41de1f216b1f0c7672e7,2b2c080b43cb1b483e57c8d82fc917ae144507c3ed8d527ab9ec4c77ea254bd5,0.25568604201544076,r1_mse_tuned
1,mse,0.75,0.01,0.9,300014,r1_mse_sigma0.75_lr0.01,12,ok,,0.7837449692554802,6.457013709148394,0.31916878997891446,0.0884097548241593,0cecdd4ef73e35260909137e7b4a9da22dc59d3d45a902be1bb9f890039876f6,023f1bdec63d2e5bed62469a7b9aa815b4634b3b7388108055538265bed25dc7,6d8b0c0df6ef122481e0cb03e2c80742a9e5a650c5693a53530456e46c6eb7af,f305184fa4c6e81c0751455dc9d21b8d0ed4f9a25ef19b774896a0ba75751d1b,0.2558836250100285,r1_mse_tuned
1,mse,0.75,0.01,0.9,300015,r1_mse_sigma0.75_lr0.01,12,ok,,0.6916626916265738,6.307517086053418,0.3536904035383848,0.10822926348274575,7d60c852db0400ac3b4314a8c7a8366b70bbe606cc64f24d1f55a53477325310,95577195c75752a3d800cd54cb592b0e570d9ddaae911f46c2cafbc86fbdada7,f2b43ba805d16e74a13ab8ef2b875c54467b1e2ce135d9c0b5a54467133bfcb5,e0a6288fea4cf100eb6f7dc59f16822f377ce5bbf58b3f2a03edaefa46a93a18,0.26148258394096047,r1_mse_tuned
1,mse,0.75,0.01,0.9,300016,r1_mse_sigma0.75_lr0.01,12,ok,,0.8465955573107187,6.362198943558569,0.30635189689697945,0.09435638424426966,e9cb11c03b8ee8be5af6abdcc1d3777225768bd24abd02a539c763d257098807,34c39d8d5501347c5c7a8076aa73df0fd8faebae88bb05da13de3c574b7f25c5,9cc8b1fac2217e31c2bd1182c8e33df4f081e264e52b1f05c952484a2c0ce615,546d28069b8d711ecfa7a05530403321e69a48693e89ddb7bd696fa00b397867,0.28019254200626165,r1_mse_tuned
1,mse,0.75,0.01,0.9,300017,r1_mse_sigma0.75_lr0.01,12,ok,,0.7849145105201287,6.463754272692883,0.340637977004197,0.09878501333121713,3c4ef79e66878b5be9a3cc390e0d91b4b1d607483a1aab1662b84f5be4a254a0,f3ec861043fbbf94cdf36e85a09f9ce95b7156b2ea7ecf03bbc1eccf865160dd,1d68cb65efe7145da6f906bcb83f8527eed99024a39634ece9eef8dfc44d13a7,c3dcdd93646bc11624b915fb3017523a60b63eff2f3233ca6a8b936b4072ad40,0.2935977920424193,r1_mse_tuned
1,mse,0.75,0.01,0.9,300018,r1_mse_sigma0.75_lr0.01,12,ok,,0.8667527137731146,6.382388671958453,0.3137752359918123,0.09350502032556006,1e61d1562101428c9c58975a868ed0d794029be0ae2ab5b7d5405928c87d4a13,bd933405607b33df3caa53139bebdc6aebde79ef4c90313fa0ee4b523101117d,5acee9bef351250b67c0910eb398a161555d42ca42f246bd60d219654ec057fb,8ce8b12acec61ee0e2d401994bf59be7540637d1a7a9506fe30aaca97e3d9c07,0.28208112495485693,r1_mse_tuned
1,mse,0.75,0.01,0.9,300019,r1_mse_sigma0.75_lr0.01,12,ok,,0.8552188695803057,6.463221099023527,0.3159518807839914,0.09510151611598142,fdfd8e6a98343166e6dcd7fdd44414055adf41a5cfdff0fb23072998f90d34c2,43bde573aaca9ac4ed736014dcc914055e7ba211a6ebb9f59bd2eab92521ca4a,c2aeb78cab28998875578d1db90e4d7967a8ba1e909ef64f9459b1d5bc10a59d,2d3f78225aa80a241d7ab901e01446dc35a5b7efb135f890b605768e35c5c55b,0.2647453329991549,r1_mse_tuned
1,mse,0.75,0.01,0.9,300020,r1_mse_sigma0.75_lr0.01,12,ok,,0.6954653045426199,6.270239023671647,0.3415501730454649,0.10144040139450308,906ca7b0c8cf3b525f857a92fec5f7c51c7412455b4ee13098e957ea4447fc43,6ef26e9565f7a805b72693c700925b72122e52339ba7e680019adea3d69e0994,fa2650fc47b2898848deb9e16643c9df16dbb8c064f1372fcc8fb42d5b069278,395782d6f0893b9b8663feae92e4651fd4a9abbd35e1f95bef58d9e2df0e41c6,0.263533707940951,r1_mse_tuned
1,mse,0.75,0.01,0.9,300021,r1_mse_sigma0.75_lr0.01,12,ok,,0.6399720808360436,6.2316535230938435,0.37528489813428456,0.11145961474588252,fa4b7bfd5394097ae05f683e9cb6bd9b7d243d63a0cd1166aa9c63dddda4bf29,592d49d03e1d329dee388d65d5e7c0c74727b081c7888f72b200a3d49a9f761a,6e5a2d7fff5d93d0ca5734aaa42b62a5a2c38c391aa015c2c994e8ad84e81b47,3ab97798a36fdd1af9642c2f4ca2c44425d1078314b1781d936dfb5620782eac,0.2575800840277225,r1_mse_tuned
1,mse,0.75,0.01,0.9,300022,r1_mse_sigma0.75_lr0.01,12,ok,,0.7866643377670239,6.534495164751144,0.326347331059425,0.09529342066935209,01132f8d76a31fb1533df417971bebb1e16141690bd2f32439d016369638852b,0236641094670eb129ba35350d11bcad44e89884a4dbed23ad8adf5e7b47c52e,dbaef4df14146e5e884f9b2cec79fa4dab19264587c680094bb725a96b48d7ff,714e8d335afef450cd58ee6265375922e225a3d1c93a2ceac31dfba6caf20954,0.2511581250000745,r1_mse_tuned
1,mse,0.75,0.01,0.9,300023,r1_mse_sigma0.75_lr0.01,12,ok,,0.7692050373829621,6.349836207425094,0.32515395434208527,0.09527010862223098,8569b0c8c05e42f7fd61099236414ab6ce3713f6a415fa14439fdfd258b928ba,d309ac4b205e9879f73bdfe3454618e4b2f8674023509d75c5d8e5d9c6444e79,bd48f8b06cf09ef4df174486d8fc985e96347b9e05aa464b06fc1f3c77c4843c,a8c3bb014d67cd3a83443dac61ba4c9c8e7edb5a8430176ad0fcfb5bf882fdf3,0.24479733291082084,r1_mse_tuned
1,mse,0.75,0.01,0.9,300024,r1_mse_sigma0.75_lr0.01,12,ok,,0.6688766395895525,6.267505060960771,0.36831256253805816,0.11123039388649357,0790780dbf8b15e4f2cdee78286694884ef6f0989269cd40dce812f11c818968,cac32651e1651a8f3598f530661e966484a5eb6d2555c9964fd8bd3dd7a87972,916f15260079a7a4c027c920f7b7b09a6761ca4cf413cf0730d6d477188f1ec3,edc0b08bc74b1b1970cc417886b0a9021438552c5e00413633218d4bee9fb329,0.24468500004149973,r1_mse_tuned
1,mse,0.75,0.01,0.9,300025,r1_mse_sigma0.75_lr0.01,12,ok,,0.7402392808590978,6.3464352856009345,0.3398453425768016,0.10059422140273327,e6c0956e9a29de034cd0ea6472278f9f9e305434300df8b4e8f108cd08f26886,50ff6677861293934dc3f7a0e6bbea9c1b904b4976071959176694c02e0f577f,3802da75beec3e84002bb5c4f02d205dbb057b759f815863a498bd63f4f64f8d,24374afebcb2ad9ae5877b2c10d9f8f63d1f261a139cacff8a67e9886a7cd96f,0.25469949992839247,r1_mse_tuned
1,mse,0.75,0.01,0.9,300026,r1_mse_sigma0.75_lr0.01,12,ok,,0.611844441208403,6.240758332424102,0.3885976868828329,0.11502491531731854,8259c7252ea55af17697ec3e92fa664cfff2cc2c62b2fc54f2eea6704162cff1,3ce53c419a8d2a98d1de9e36c588e27e9bb5fe7181e80c9c70731f6462d4cb14,69921f13f2acb1ee11115fe84bd7d2ef292c18a3f40808ac325767c7b1fb0d9d,27492fc87eb3d1601e1c28ca4055ad242c94f9998763844b8ed3975c3e66d12a,0.24881795793771744,r1_mse_tuned
1,mse,0.75,0.01,0.9,300027,r1_mse_sigma0.75_lr0.01,12,ok,,0.7416469371862335,6.416582605186938,0.35057687722859454,0.10622479380026414,555f7ef7f5300d55eab90b7abc2509c6ddd5a82433086073d518b2553e5ab635,a7d852e0006855682420200c1d8bf0f5ce4d270c112bc0971781ca1840f21e60,37ba21b9f0a05409a1137f2fbeb6d3194b78e0126282977521d8abf2777f3295,def31dcbd6acfdee51896e1bc24e87190f7ce2699b8cd9b0d8826f1f9497046b,0.2523853750899434,r1_mse_tuned
1,mse,0.75,0.01,0.9,300028,r1_mse_sigma0.75_lr0.01,12,ok,,0.6805284125112241,6.267129135744367,0.35830549781469306,0.10570012185533446,2c90d269abc02edd082587ca1c45ee3ffd608040bfa33037f48b60e800345af8,a6c7eca434b19ab72070f4331f4b1381a949bbc03165c5322c19b18d31fc02b2,7f3e17c5db0382da1a0b503fccc4d29988a1aa61c8e288fc0ecc8a6fe4ae8091,a4fd4aff28a0a19551ce44b5e33634baa429275c36fc871123d29e36b921950a,0.2555318749509752,r1_mse_tuned
1,mse,0.75,0.01,0.9,300029,r1_mse_sigma0.75_lr0.01,12,ok,,0.9350045435929026,6.55492630949152,0.30820567204024846,0.09246170161207454,eefaa70b2e4f9712c8d2fad79662c2cbf1b04130f1281468ae404c807d3d474a,1871ee4f3ec66be83578b8d08c9fe3fe9d7e22fc8fda48d8e405c13fa4ada97f,0ebc3668cbaea98d0ef2948f14f4d6f1a7df4bf73142674a875005a23b1d201c,4071fe23ba4fd1f002cb4bd9fa29836701e868620c45d1b193ffe1b4697c944e,0.25464566599112004,r1_mse_tuned
1,mse,0.75,0.01,0.9,300030,r1_mse_sigma0.75_lr0.01,12,ok,,0.7077874262101702,6.395034328548491,0.34982990705072337,0.10599846183636918,689c46954bb970719c1ccbfa862609bf50d62d91f6ddf57a68b1db613dccbd89,a56675cf7971dee4a5708aaa7631775cc4ee0dbbf031c92437f8dbf764a22761,0fc58e813db6c0a6666e214f974e70e6ac4e69ae6cfcb7f21c393ccb800cbd0f,59d2c63bac7ddb6966e89a9d8616abf900ae473e0b34d01be1e3835598e16784,0.25477225007489324,r1_mse_tuned
1,mse,0.75,0.01,0.9,300031,r1_mse_sigma0.75_lr0.01,12,ok,,0.8417645633216995,6.429528762114012,0.3056743828104171,0.09200798922593555,caddfcb37abf3009ea99deb5316e1db13d5b0c34c98f7fcd4ecbd61674891add,db3e5c14e5fd1b464928c9903eaa0097bdefea6f9ef8c18e0c4d0f68471578e7,c3046847d8bc7742510b0bf358fce5745710323a6fe906651129aca7f72f6409,bbe07914162052101801dbaaef2b8154cf2af4cba3b7d77946a7407dd0512eda,0.25023829203564674,r1_mse_tuned
1,mse,0.75,0.01,0.9,300032,r1_mse_sigma0.75_lr0.01,12,ok,,0.8684776391599127,6.411388907056538,0.3105915957276399,0.09441984510120252,0cafa4d93d49dd1f1f96e591aef2aa1a0071f194cff785af1ee2ce77d0de7756,04c9ef5c63f89d8d6e9b8a0abd0768718e42d5a04c327b4c018659155256db82,6f2ebb7c5cfeff6846119c395859d312cb6b2ad50693246b3060147336ae7d08,40ef7649fad2e4b22378ce6f2066751f3a0f60fcd37b188bb0170b266995c843,0.24773970898240805,r1_mse_tuned
1,mse,0.75,0.01,0.9,300033,r1_mse_sigma0.75_lr0.01,12,ok,,0.7689837371091574,6.421854752871977,0.3407174397831492,0.10255594937472792,7856a8c79f49862d335530e7ecca990edcfcd44e2430b104e8e8b151686a6e47,57645ec48930a4c1e12aca637d5e92fbb621813907a9a2934b04b342047ed618,7456d7c43884711d6eccf0e05e59da6f8371ca0e030f84f114628e4fe919d2c4,318e7f8718ae365b74db2689e5c4ac1ecc667b6cbd0f120c6113d30c6c69452b,0.25088366703130305,r1_mse_tuned
1,mse,0.75,0.01,0.9,300034,r1_mse_sigma0.75_lr0.01,12,ok,,0.7495835286072026,6.424841996271707,0.3358640101572548,0.0974005629456039,265709a031a255d67a159004510d8ae9eb9d1243c985ab835f322589dfcaf0f1,413113ebf5837c734743bc6fac245c377f6d4d765fe16dadcebe845b6970ecc0,bce3c46901dd3e8426a82abca6109602b4daad21f874f2b38058682cf1d1b5ba,a2295a1b3444c59576c9adb37e8e4159cdf1d757e5ae7276750e4c92f35e9d63,0.24597345909569412,r1_mse_tuned
1,mse,0.75,0.01,0.9,300035,r1_mse_sigma0.75_lr0.01,12,ok,,0.6892942189463963,6.247898962440563,0.3509337537344763,0.10422732485913946,a7c9f8da5f053c87a9def53188cd1c7b7f13817ab7c058c3a0e9a596c18599c1,11b8d6a0d4a74720af43b2d3caaba1e6a3f04e87c01ee83efe4d105817f577be,7d9647b95c8fc018b7ebaa5ac9c27598bd9b5e60ee2a0bfb31124673a835a2f5,662142cd660cb044e5e4a8122d728754495f7e08449a08ebe64f4161f69bc80f,0.24313458299729973,r1_mse_tuned
1,mse,0.75,0.01,0.9,300036,r1_mse_sigma0.75_lr0.01,12,ok,,0.6922948223157515,6.380113148209255,0.3574000845191486,0.1050756248486297,22e590454277a117e664fa941ea99ad8f30ebedeb9c6b160f358ccfe31a4ec13,4a1b30cf27c2d621e06e2bfd1f031cfb01554bf0205e819cf31f51918f94ce7d,61af541aa5400aa6c4d7948c4d80c81580ca4eae7703e476f1729115e3dfb394,2fdafe84bc4c4c36caadf948bf4acbaa2d52bf28a1df857041f413ea857bfc43,0.24364212504588068,r1_mse_tuned
1,mse,0.75,0.01,0.9,300037,r1_mse_sigma0.75_lr0.01,12,ok,,0.679637518540715,6.455228703236004,0.36145727545572504,0.10229240895397018,f0968699341ec1620fba5f45cc467b965fd0a832614c2f270113853125578534,ca4f3809d1420c32523738a8167122c75bc9dcffdd8c533cc422527ec8511726,29b762c8b132682407fe04c7954c8a9a433ffafd7f84875e64dda96ca2415048,d8d4fea8745ba253bd984ac70618af766115bef1bca2d43f26f8a2b9ea5385a6,0.2520822500810027,r1_mse_tuned
1,mse,0.75,0.01,0.9,300038,r1_mse_sigma0.75_lr0.01,12,ok,,0.8178123584780558,6.424587731253286,0.3334214863615931,0.10035986739483951,aff3f60d957ad1bd6b8c2456f9ee3a6386b8d361ecaa85f54ae4f6bfbddbe902,0d3833058011035bd683ea656900b18bdfa928d26ea9f2045a93b3f0902d7d95,125e0755616315bca11f7a592ae753739d84e58ca4941612dd8a2dbeaa165e62,a41de37a256611cfedb0cbfd54b6c970e53d3e994f5d6345e0a9565dcab70bcc,0.2521965829655528,r1_mse_tuned
1,mse,0.75,0.01,0.9,300039,r1_mse_sigma0.75_lr0.01,12,ok,,0.7522461075731938,6.273901306093626,0.32541047615316715,0.09241657522749946,4bf06104aa241b940a7daf009513d821bb13b8169b7d99bebfc074a6df500c2d,d8907a883af4e8a955b74b01aee12100811c29821c76d51119f417e1dd3d9766,6a1e0aa9851d87405257339d94e64cbd7b88e4df4ec58c6d1ccf8684bd833e68,0f1aa20b3c2319cc4ea0356d7c5bf1f7987842cea80594731374625cf4956ecf,0.25671233306638896,r1_mse_tuned
1,mse,0.75,0.01,0.9,300040,r1_mse_sigma0.75_lr0.01,12,ok,,0.8210700050825491,6.359130962096297,0.319792719613704,0.09625760860372488,79798a2e527fb88ab17da97fc950bc934e74d76207867b2377edfac289c7ce06,6b14f0355647f998c5a55c0c33416830f720e50e7f81ac5277dd002a135a6761,597b61745af1b9056f785942c0600eedff5d5e281200530aab15bdf0feac09b6,3079a655216eef3ea753548cff437a011250aee0e3321539b4a4a1f06c64c0d5,0.2585053750080988,r1_mse_tuned
1,mse,0.75,0.01,0.9,300041,r1_mse_sigma0.75_lr0.01,12,ok,,0.820827030278436,6.507004159952646,0.31977361027314577,0.09657163030249002,46829aa78c5762a9ceb54ca8863f3480de6482517bfd1e43afb0bf0bd89ee10f,5fe2e72c346db70edb03802941639391b013a95df940dd11e187db63f3e31d41,0d00e39e255f46dba3191a411405565806041187fee5340f137cf919061fcf8a,02b7e89d2e646ef07a17336532bfbbe69e37fcd93734279063b8fd56c763f50b,0.2566116249654442,r1_mse_tuned
1,mse,0.75,0.01,0.9,300042,r1_mse_sigma0.75_lr0.01,12,ok,,0.6728667136193272,6.329605683796455,0.3626820730343663,0.10590316532603496,d1de4d8d5d0089d4d77b163b6384abdb2b66b12058825b0360411bcaac5ee92d,c96616c67560f50dd3cebed2c47ab6cb33774c80774dc35950ae0077ea90dce9,236c3e9d974c8527f82c627e7f9465d89ecb24c2e5c55dc5fb79abb7dbacc564,8c25962c49d78a6f8b7e35d2c29fdaa5e6e573a81721ab967f5593acc3ceee72,0.26624845794867724,r1_mse_tuned
1,mse,0.75,0.01,0.9,300043,r1_mse_sigma0.75_lr0.01,12,ok,,0.7215712766792477,6.3531692485184355,0.33402392986111784,0.09619889180000195,ef8e7bd25984576db7218ca16ec08bd0e975634b20df074f8af7de4fe7fbda55,53f7262f5cd4d611f0f38b893d60ff604847d5eca0ebf2e1a7e1e98ef996a655,dd8941e957bfda920b24148fa5cbe1e451f423f0776c31fd0c1e985a30e475d8,804cdd71df5e59f9eb180a634b7edb598c19914e40216b1096360d22811762e9,0.266692208009772,r1_mse_tuned
1,mse,0.75,0.01,0.9,300044,r1_mse_sigma0.75_lr0.01,12,ok,,0.7197101616390482,6.300484794056324,0.32387704072710544,0.09975412854394847,ea06d8f954be15f088b6b90d0574b59f97197659e1302f3a9a0fcf4587fe8a2e,b404b0e35919d04ba7b0a4787f4141bc945414ba3d55c84d25c5d179efb132dd,372abc43814f86f660d62de2915810d1bfe0252d8fa419b04026f71a3f5ab720,36e21b40bcbe490b39bd584076be8826745bc332777146a36a5cb7e3e3bf39f3,0.2677007500315085,r1_mse_tuned
1,mse,0.75,0.01,0.9,300045,r1_mse_sigma0.75_lr0.01,12,ok,,0.8740972070033322,6.533631573472343,0.3024909422298081,0.08893233701556358,2bd910b6630755e770f64ec326f47885a46e28caa1cfb2ece9898be6c52254a0,0d407ec9546bde5c8283677841f884df398b4edf2732dcb0e9dd9b8da082f3fc,9d81f3cb4360e76f6436ac7d825a7ca5602d5d45944f72eaf71d524a3217427b,1087472e8bc8734fbf6a70d800cb5c3cbe08ee37fd24af65893952bcbf850bf1,0.257043290999718,r1_mse_tuned
1,mse,0.75,0.01,0.9,300046,r1_mse_sigma0.75_lr0.01,12,ok,,0.8684835883284451,6.511449760591079,0.3176358712410135,0.09560839724354507,d5da4b35bdadfc27dd3908a7c92fc60c1ff033f7604349db35b46f48f15ce767,ff0c44f2c421e6eceb92495760ec4e53e943b09896522d93659840e35221af7b,10d4dd942fdf8134d835a7c230f64118d1d5cd38b1b1c82e7fd1d5f25707edd9,8c62be20419fd7cea2af4f2931d183ea2e6a778c3f3bee335ff402b452c8a4a1,0.25179045798722655,r1_mse_tuned
1,mse,0.75,0.01,0.9,300047,r1_mse_sigma0.75_lr0.01,12,ok,,0.7032390289480827,6.269319013764556,0.34481644200001926,0.10516901481000587,ba80f6c2328d41463530a291329dc92669415ea45bc43bd361aa88ed368fe2cf,f19e3d15b50f8f8cce7c1ecf8cd85899aea4f5e9b0c50a8617fe9a8f75ab8daf,ac7e3e00895fb9d8d56b3ed3dff58e91f036d32da4c74f8d05f85d77c907cec5,fa31d5eb1e164a2a804d6e9217c3d97fc24bce1998fa2df64f82309ff236a330,0.24973295803647488,r1_mse_tuned
1,mse,0.75,0.01,0.9,300048,r1_mse_sigma0.75_lr0.01,12,ok,,0.7300708135297004,6.354591760178883,0.3366496490347823,0.09998494576333035,2cebda7b822c6ea3ea437354fbbb1e7ca35303cc1db6c1d50b269ae1ad585e6c,b04449e3feda4928d4221f04eb43121fb8b890df6ce8d3100a7497b322c3cde5,86adbf3298da2cfb1bc5a5a557bd3516882977ad6c857d85affbe658d6d7d2ce,7b13b750fde1c4a9c4a7d81681c6792d14872679066f8bd0c1c73b6414a5a54c,0.24934024992398918,r1_mse_tuned
1,mse,0.75,0.01,0.9,300049,r1_mse_sigma0.75_lr0.01,12,ok,,0.9564787155016415,6.693535229969037,0.27586941212892874,0.08331256246293649,4dda00783c3e9dbc89186954d10259bfe245724c40f8919bf579a059889831b9,800ad9b5f0a3eabf05aa8276d0c4ca8cd2b65ace12abe3fcbd9065b9bc20280f,6cac0f1019ba02056b4f29ab53e3be72db191db997b2aee010d7beb37435db9f,2ca741358b6b68ab9a42c5487326c20b8a2c6ad0638443d6d1b4cc1d9e95dacc,0.24911691702436656,r1_mse_tuned
1,mse,0.75,0.01,0.9,300050,r1_mse_sigma0.75_lr0.01,12,ok,,0.7779282577554866,6.398619580319814,0.3250641834839279,0.09751925504517837,390f2b6ed4c28899f7489d28d61acd3ab3dac981995fc19428cbf72154196d5e,0937bba965de3b29400cb0316413f15a6327a16e51075e2bd85761227b696178,37ad5cbd72fbc28c54767b607e2fbc149c256499fc3e3472e7599dc5fa24a441,752fa1c0af8a28c64046d760b111c274213eb8b16eac843b68e77fc69b3d8fb6,0.2497041670139879,r1_mse_tuned
1,mse,0.75,0.01,0.9,300051,r1_mse_sigma0.75_lr0.01,12,ok,,0.6020676187153765,6.277637978107662,0.39466615986538967,0.11563718484055917,40bd3fc16e77f7f16b4a4180dd17723bd6a874c87a2ba15961fb2d1de37f22be,3e8a74a0dae522d0d97418de854467a0d05ddd3958b9920af2b9026372da8f5e,b26aa39081d9f36da50df9ca30ae6c96e2a011727cdd9485cb734f4c4f62cdff,eea3dc79a26b5053079bcfd9f18bf0e1c5c45bbff7e6f1e518db58391ab0450e,0.24879066704306751,r1_mse_tuned
1,mse,0.75,0.01,0.9,300052,r1_mse_sigma0.75_lr0.01,12,ok,,0.8258203258166001,6.480355312306295,0.3232849788116218,0.09439921381299357,7ac760f36d6a12efcf52e8294de109c9d9887444b5e5cd9434e0ccb624564774,7295e148730692031f359fdf837044caacb2ebca1b6665c815a15a29ce443773,e665c659cb16c19a45451c0593eb04ef2256a39623944f513ea154c0e2b6c7ba,52eed8102a22d812d30099ae8020d0c7ab21ac209f0de6058f380af0692eec03,0.24726224993355572,r1_mse_tuned
1,mse,0.75,0.01,0.9,300053,r1_mse_sigma0.75_lr0.01,12,ok,,0.9636686162210077,6.692753452058144,0.2789258476910524,0.08311990261193361,07dd12f5b5c72d4ce65bff27a2ad311d79b21736ffc2b258c075480649ce387b,d9852a48342447f1e59125dfb75c6b8b13de5a1031a1a2f49fcfcb34ff893dd1,5d872f73229b633caf8655212b28574c7143ff979209b2db1fb8f95ceb2a8045,6dfc344baa400a8ba9e676e7076aca891ff125b739ee42f3408de6ef52bcf210,0.25188408291433007,r1_mse_tuned
1,mse,0.75,0.01,0.9,300054,r1_mse_sigma0.75_lr0.01,12,ok,,0.7705542732967727,6.451501097294034,0.32768799017803696,0.09994483700430128,30dd86d095ec5d698c4e2c00c27bec4505fe1de45ca78a4c77bfdaf9a1ff2a4b,88556dbeea38b9e3f76af13cabc3a013f5842a42df9d64f8a2f8711bde460ef8,4e1d8ae44ddd7c08a34cf6cc556a761c62d6bf3f10189d9879fc31f14386629d,ab386d1e79fdc87b79c659eb7e462577d5d2eef62fad879bee57708c5b728443,0.25202391704078764,r1_mse_tuned
1,mse,0.75,0.01,0.9,300055,r1_mse_sigma0.75_lr0.01,12,ok,,0.7407135534641618,6.422635216080829,0.3481171815324779,0.10617574036740576,08251a850e5eaaf3bc0db7235541dd9880d2de7b33498b9b1ffabbcc6a82e031,16103b6a02a3e8dfca8c66e03d66f1b0e1227382f6ee949182c74ddd9c1d66d2,aa559841abc830becabb7889aaf5610cd7f44bfe8fa3c0afe3b6861586764e0c,16fd27ff1eb92b746dd57725bdadbb13afc22f90bea17b51275972ea2249de96,0.2629770829807967,r1_mse_tuned
1,mse,0.75,0.01,0.9,300056,r1_mse_sigma0.75_lr0.01,12,ok,,0.7732372937875323,6.348134212772986,0.31849694157211156,0.09682307023792192,d3ed01aff926b25fcd5ab72720d1b1d98d64c483df418e299d719ddb69984290,28a8d7c637b0fe9a248ae3d50677aa2d4ae5a6c7369f00f0a65b37272e587765,503064bb4c8ac56dce73d8ae4c8557d242720ba94caa10800d2a8732e4216a39,9a40b5e43dc6e350d282a3dd7eb1deced790899737762af1d74b6a126c80d4cb,0.2693621669895947,r1_mse_tuned
1,mse,0.75,0.01,0.9,300057,r1_mse_sigma0.75_lr0.01,12,ok,,0.887489954385748,6.488850041422994,0.31633862260934725,0.09490158678280418,46b86bb023c8eefe512ae0b282cadf490362356ee2bae4f1177511af1d02223d,23efabe96dacd7a930475e0fbfddeb62fc5649c0a94c45d1506afc56e10053df,99963d313f789e951f0fe79a9c2dbf184a29b12624ff88dcc4ef79dc23f1e935,35f57180480e97c7c5f9d37da063dd6376e8ef28b224ab4bfff70ab2f1f699cc,0.2676507090218365,r1_mse_tuned
1,mse,0.75,0.01,0.9,300058,r1_mse_sigma0.75_lr0.01,12,ok,,0.636077164023692,6.319946105536699,0.36502903404955267,0.10841362311271714,be54da548939eb34c198c5b8af39c6b40768c19f8c0894ee69a24207b6b465e4,e56069914c786018770bce1a7522f77d4bddd47cb0cd7f780c1e90b386a09398,44f405eafbe3c50335c14a24299b35fa15dd5824cdf494448774e1ef45fbc744,dabcfa7c2f5d200251dc0b30186da0244d28c21276e79a753c5ae2411d299e9a,0.2605598330264911,r1_mse_tuned
1,mse,0.75,0.01,0.9,300059,r1_mse_sigma0.75_lr0.01,12,ok,,0.7810705630567963,6.267318748161931,0.3414490301786403,0.10175181099323481,86975954ea25afa24d148cd0d80a4f12817f3bdbe7943fd11114ef1e5512ca2e,ac92c365f27d645f30db1d16e6504134289e056b66e3d0432559610015e7b01f,8076a92d1eff89a131b1bb989745bbcafcecb7ab8a908bb396a2ea86372305ea,ccaa4ec032fa92f733b5daa7b9dbdd04b139ed3e9a3e0c6be5dff200f154345a,0.25913958298042417,r1_mse_tuned
1,mse,0.75,0.01,0.9,300060,r1_mse_sigma0.75_lr0.01,12,ok,,0.711441515860681,6.378979798999679,0.33789723081909206,0.10035547755327034,ef3dfa0dcce3266b8e64b5185906508ef9724df33f314b80d6e605d6a76f6e29,85f9e8162e8403ef1422e75acbbcb246cea4fcfcbf305c2aaefe1134d59965ef,69db05e052793e945444e30062ac177b35f237b6dbedabba84326570082c0984,a6b790bed7ec4636d57e90a29eaa97c93753dea48d83aa20fd1718ee84bf82b5,0.26597070798743516,r1_mse_tuned
1,mse,0.75,0.01,0.9,300061,r1_mse_sigma0.75_lr0.01,12,ok,,0.6334193783567954,6.211037240730461,0.37750990258026007,0.11136542126117673,cebafe01e6af0ee95f79d83a58cf7c3e9005f4eac4718eaed5302c26f67536a5,a034bb4db5a0ed251a7830b45b049184cd6466ad4c690b2da4604f786ad3f27f,51710a85eba65aed03a40da4db76c721f5d39f74eb8ad2317a5979496927cb60,a48c1038cfd996cdad4964e5201ad3b577bf9e1bbed090ee121fd858479bc50a,0.26846162509173155,r1_mse_tuned
1,mse,0.75,0.01,0.9,300062,r1_mse_sigma0.75_lr0.01,12,ok,,0.8987881133222206,6.452003638834579,0.28272462488619676,0.08707918446494861,b31435f2845f9ffe580f90ef95b59358e3d48dd35beec15b8d9a352d33daa705,d7eb8769059fabae7482833a3bdb6411efc7b8bbc9dad9030069e8fb4af0376d,e0c466698941e43033d201e50dbd0d05e54f7d14b58ea01a9931fa7755d20854,b728893e504a7036de29c1a18fb9e8f542f9f5b8cfba7547ce612ca583d92e33,0.2689255829900503,r1_mse_tuned
1,mse,0.75,0.01,0.9,300063,r1_mse_sigma0.75_lr0.01,12,ok,,0.7529436000616441,6.28898933809655,0.3280709591963071,0.09415636528934013,d6d2c5ebe7f763691e03746a41367e5be0344eaf5fdc66167695a8638bc42d03,443b43e8d82c93a9b6859f49bc9c1384d25cbd44a30cdd875c6562dd650ff6ff,ce05d11c7a1a1c10740f560ff69a559e1b594377eaafbd3cf0659a37bb6bca50,6d8b71d11efa2d02fd2c2027245fda227b312934b574b5ad61d85ab941713e9e,0.26192850002553314,r1_mse_tuned
1,mse,0.75,0.01,0.9,300064,r1_mse_sigma0.75_lr0.01,12,ok,,0.6795366957809373,6.272469102636445,0.3872573705999809,0.11424092432699436,a2279af607d348c7eb3e3b3dc6d4045842a3e1c8cd56db71ed3c33fdd34d83ba,2d4cb5b9640c9fd1a8540366892d9096ce2ffb3b0448e9de439604e97fc81b00,0f6cd883845e7deedb28ad8addf0c3a092f5f05c2c631e67140ed0777f55a3d1,00914c82894b68eed660387df5d0ef16cbb0d27733e3eb37fc914f6fb5ed9bbe,0.26129054103512317,r1_mse_tuned
1,mse,0.75,0.01,0.9,300065,r1_mse_sigma0.75_lr0.01,12,ok,,0.725790389923568,6.219174471449454,0.3394295609436466,0.10352601608781223,1cfb2f28eb8cc948dd0f1611cb56cb4e6560995412560e94f6b63dae98e6ad18,5880d14001810cdd467dad4ebafe5b0d6e501f3f570a4df3600f1534c2b7616a,1b7cb54e9f287c12f37112c1482b7db47998a96072f0918234760392a7c7571c,fa1db1e36ecdcd0ad6efe9210500ea27d6bb4e27949a1ff1665a0b33d4d1e4a4,0.25954295799601823,r1_mse_tuned
1,mse,0.75,0.01,0.9,300066,r1_mse_sigma0.75_lr0.01,12,ok,,0.701988920809899,6.416842917515009,0.34836698080709244,0.10172315839567099,708269c9fbc27a8cde579e683a6367880c14143b935f4908ad90b01362b99244,6549ca8b41b89433ed9700fa8e4e609e210451b9c7ebfbe6f1edff98e603ef32,54ad4239226c0c75adc1e156718641a7abe491df45dc54a0283be12f8ee4cee2,ecc29199e15346e92f1dcd7ac643acf71385733c2f060fdec8eeee72abeb7079,0.26115908299107105,r1_mse_tuned
1,mse,0.75,0.01,0.9,300067,r1_mse_sigma0.75_lr0.01,12,ok,,0.7797684231618681,6.372828651059507,0.33329457760958026,0.09998837328287408,081f0a8188505511354ed61a498396ca9f725e574fcce6253e57e031ed00a1a6,e1589b617124f4cb79e463a004e07e664bcf84d0d57ca0ccfcc221cb90bd6916,d1fd09649534883cd89734fc81e842ca9f19e587d1eec827050e48246270d9e5,9edbb7bdfde57fd843d859e85786cb954378224b5f09fb609180c372b534ab7b,0.25476945796981454,r1_mse_tuned
1,mse,0.75,0.01,0.9,300068,r1_mse_sigma0.75_lr0.01,12,ok,,0.7666402534913535,6.41280647991369,0.33887192150441986,0.10301706413734364,0bab71e6eca3d3074b94363a2595e397768bf164f5737259b49028335278c69f,2352320ecc2428f76669b117992f88aa230efa0f74713ebf4f0d5ba8b32e0b81,a1a6b27c7ca37e94608ac405162ac117bc100d400cf1254037c425157b794335,5b3bf7c2bf867cead731a3b853667e309afcb6fe88fa321045887fe5d44b46fa,0.2537342080613598,r1_mse_tuned
1,mse,0.75,0.01,0.9,300069,r1_mse_sigma0.75_lr0.01,12,ok,,0.8002280422862796,6.5055405501825145,0.33045142158447927,0.09913542647534378,6174d2c5d4074cd59901346d33d990e3b06dd344d19303a5a61f4f4ab30feb69,13ddf607a526199525f36e82d6ec66fb92b3b4a84d3eab35ac1e71aa897d1d52,91859f0b01151c1097033ae674fbe94c81d0f5314fcf3c276b0e1ffd7d3970ab,d882d3bc7b9be9560a9a189ca4436a0eb790ed2287a05865e205018d138ff965,0.25218154198955745,r1_mse_tuned
1,mse,0.75,0.01,0.9,300070,r1_mse_sigma0.75_lr0.01,12,ok,,0.7269311979142498,6.2096979874378135,0.34281018720515577,0.10387148672316221,f634cc4e2d1c13934fed7a89e1dc9feab288a32e837cb405f0cb855949395708,ccdff70c19143dba1653dcbb3dbbffabc6f7f1c013b1dfb8a1e39a9aee3a3577,bab40b5fedf934230d9d0d16692e9f5c5470b8febc8fcb7c060c461410d6242b,fc26c45fc98790fd06fa984f2322403edcc44e6b5f3e6988ebcdbe46186dc749,0.28970112500246614,r1_mse_tuned
1,mse,0.75,0.01,0.9,300071,r1_mse_sigma0.75_lr0.01,12,ok,,0.8274216526406097,6.3628646055239475,0.330376887169436,0.09812193548932248,a7a631ebdc901b6d1afebc5883b03deed2af77787993e7c43d983c2bd7ba4001,7a9ef81ad7224233cc5cb38b965598d9364349ed4072919e19c10e80bacca046,afd9fcf2c73317399ca16983efdfcd84868997fa4de3ba4bf51e3ab8ee2ef96a,4d769d53b8cde4a97d7cb9dfef32f9894ff6397eac6a11b52f5e8b23106e758b,0.287716209073551,r1_mse_tuned
1,mse,0.75,0.01,0.9,300072,r1_mse_sigma0.75_lr0.01,12,ok,,0.7312322244526847,6.3663663635290595,0.3488116407999218,0.10289943403597693,29476ceb6b9c7bc9a00c948025fe869f227afb88b4f615b258137802f2c3d508,d2f5e742631b619a124a6e2d35a067c5b263572690ea3f3a50c8fe4ba810e605,8977935e02929e7becc78677eb5907cdee0ea75c29229c8f279422d8b8ebd7d8,fa420d71c9c1d0c926a72af67d687ef8a1d500d7516391617d7d9168f1ce21b2,0.2944800000404939,r1_mse_tuned
1,mse,0.75,0.01,0.9,300073,r1_mse_sigma0.75_lr0.01,12,ok,,0.900120910365522,6.333390823917958,0.28366877045995836,0.08424962482660762,94d96421ca2c1b509b027b228ac8292f226d27321b9fe81c04af907c5f10cfcf,ea343b04223be8eb207fe79b900dad6f48ebc9d78b3bd560a6b589d849c18632,d5f47536a2aa24a3162810e429c26199883fb455220cfd01d9cf541c6006fe40,d1bee13fea0a1eca2a256775bda53f3f0f732ee48b6568a9205c300ae7e7d4ac,0.2708781249821186,r1_mse_tuned
1,mse,0.75,0.01,0.9,300074,r1_mse_sigma0.75_lr0.01,12,ok,,0.9160126360796955,6.5571467465279225,0.31549880460058927,0.09528063898937797,f2250eae7e757ccf0386e915268746609495ba31fce4b4abc9a865ab6e47686a,5ac414598748c0d70db4857128449cbde5756407a395d592f1e8f0d8bf4b5c79,b39548803e380e78afae47b293cd57cd498c8c44c3d7328d137cab95dd5630e7,601cf290e88056e6aa8ec2ca374a6ed727e1d7805c0d56b0d6d567c43e37374a,0.27275500004179776,r1_mse_tuned
1,mse,0.75,0.01,0.9,300075,r1_mse_sigma0.75_lr0.01,12,ok,,0.8885016252256012,6.455072818493394,0.30060790904314905,0.09018237271294471,7dec063783091bc2e04a4042c3c3773b5ade267b870931cdc8039fa0219f28b1,a25c1eb5d376fa0b58834737109ce6926d29c8f0a8076020763734df14b91a56,f1ab4a2923c99b2be8f52513ddb62b5f3115eff7538a77c8b4aa931ffd4eff42,cab975c6161f4fa5914a8ca833b94e09e8ec482f25f7ae263a9b2a09c07db7c1,0.268674457911402,r1_mse_tuned
1,mse,0.75,0.01,0.9,300076,r1_mse_sigma0.75_lr0.01,12,ok,,0.7082158399811618,6.347307145747676,0.35670959934733887,0.10308907421138093,874f36301d93b1a5bcbfe168684f14c2ae66efa60b0bc3f6963cb38d49893ab2,a30bb8ba2fa3f25d8d30198f6baa7b531b0290bf636c95bff3cdf4e85021d3e3,3df34fbe72a6ec06222f16b3f3945ec50a28d566eed39cc823b976f0e046e934,2a7eafb147bf5cb3614fda7ee67722cc3589951f9d980184a6776c1546782f7e,0.2543089579558,r1_mse_tuned
1,mse,0.75,0.01,0.9,300077,r1_mse_sigma0.75_lr0.01,12,ok,,0.6042750023184869,6.192350105076825,0.37281956714910985,0.11333714841332938,ae4b1717c7ab36a8bf739e3c3e609f149fdff4c16f64795219832d1bdbe563af,01468e53e4630aac84262b5039324698644a6a60b78851a2244d2d5ca7d5cb3b,f964cf3c92aea6f7193a2bc545cb2b1cf4563c33fbf91422d7d9fd8a9a1585b6,2870598a3484c2ef6f1719f2caaeef9896d9edd0899b80ef33db14016ac99f1f,0.2566335001029074,r1_mse_tuned
1,mse,0.75,0.01,0.9,300078,r1_mse_sigma0.75_lr0.01,12,ok,,0.8953958809963406,6.498737608327734,0.3045475665019599,0.09105972238408601,fc507e05a21f23918e50d7f9083a51ab150f87ca134cd0efd7c9b54191cb9adb,7b9ca0f5a4d48af552fac2e70ed042c3545b15fb9af1361947503fc8f8c0cadf,3c26773201de8f53758a523e4e9e117b57f250c73c716c02f557927f92598fe0,995d72d0b33af9fb8f14328fea089957446b482e722daae613629be9a6cc2c7b,0.26120795810129493,r1_mse_tuned
1,mse,0.75,0.01,0.9,300079,r1_mse_sigma0.75_lr0.01,12,ok,,0.7097786380418383,6.4924724497040005,0.3487628902307073,0.10741897019105784,99e3cfde53d3779687e41c4889b2c25c000b0fcd2df380100446ba8715eb8ec8,671c1c32f5796c76ffd63fa2ee7f179f0b0fbb4e4d0a1e393c4129332e01d5a6,05e654b3327a5e26890e9b771b6400e5ba9ab79d9f0b252f9aef0ef0531e2b8e,f81f7527dca8bcaabced928c219171f4aedd46b78f42f1d373f92db3045e4a28,0.27609633398242295,r1_mse_tuned
1,mse,0.75,0.01,0.9,300080,r1_mse_sigma0.75_lr0.01,12,ok,,0.9135315690162684,6.573576803328253,0.3038424332435629,0.0902412026733382,0e3d960b755d50f9638f138ca006e5501b07ca00e96338156fe514e01912fc98,1cbfac2f19d4c0ebeb40fc9e4eb17765a40b7e9b64b7903e8debdd4f6b207474,238b41c902d3ef9c0bd2ed48a46db2b4b87e8dcf89cbdda9480228c9b1a9f74b,d066014f685a98a43f50a350a4a386c9f954038990a321a6a2e65af88942c236,0.2779822909506038,r1_mse_tuned
1,mse,0.75,0.01,0.9,300081,r1_mse_sigma0.75_lr0.01,12,ok,,0.7469735435872755,6.422120238823751,0.3436394969574289,0.10412276757810096,ba2f638e3dea8ab3bc59b28079c678391c132e83fd9186ea1da00b1add31d0c8,1a216ec3f73d111315128ec3ea4d639c9921edf923f3131c1bf95862d334f31a,b1154e3386b943676e8f461c997f0a13c5983d26ed22c9c748832d5d14b5f021,a0f2d77abf82f5614d39f1ad435d89ef9304fb94627802de39e186279f8013cf,0.2852450420614332,r1_mse_tuned
1,mse,0.75,0.01,0.9,300082,r1_mse_sigma0.75_lr0.01,12,ok,,0.8394018083268608,6.587757886198975,0.3225723442594821,0.09580398624506618,6c99cdadc1611e488d48953877d470202aead6ee43dd801e550e79a6bd0e922d,7d0c04aaf56cf065cabc2f4d8c5c616d73547978bc744188c58727f7bfc38976,265ceb9b84556e41b99cc6a1310f842bda0f172e675f813e9e731e3872257ab3,b23f6b324793cd89c58863c34f7d65900a5ce6a66e2ec6d3a8fc7e557bdc6f4e,0.2710699160816148,r1_mse_tuned
1,mse,0.75,0.01,0.9,300083,r1_mse_sigma0.75_lr0.01,12,ok,,0.9194069145498801,6.5483292587267545,0.312706461438406,0.09193569966289136,fb2734f5bab358e14e01f2c8e72617ccdbaab144d7802f2c8c60ee7f1e3ed644,84c7e32ae9100532c76001d8d1c47683e020e8e4c9c3cdbd4666f567820d7dfc,fbae546b3efcf6008f28f3d5b5d868b976bc5cdd69e6a4602d7e05fa06b2aa3f,f8eb434f6ae420cfaad0adf55275c7c55e4c0c840fa8098788c5028aca296151,0.2676501249661669,r1_mse_tuned
1,mse,0.75,0.01,0.9,300084,r1_mse_sigma0.75_lr0.01,12,ok,,0.8864419598611986,6.477462537968258,0.304740553478445,0.09111742549005505,307f937ba084b91de860668af0fb0f69372364bb6ce4fcef6c017c30674f17bb,1cb069d54206b5c7c80fcb7a9417feaf0b8aec9e6bba2eabacd8a44cb5aed089,2fd02768fdb7f146b2cbb15b8dadb8e9814a9305c312fd799e8f900d7f3106c5,fef2160649948651a90fb1561aa916a306a3cc1bda90373fc7361e6fea0a8aea,0.25818279094528407,r1_mse_tuned
1,mse,0.75,0.01,0.9,300085,r1_mse_sigma0.75_lr0.01,12,ok,,0.6883789368751416,6.301056226167625,0.34750667518275036,0.10390449587964236,b7bda8f1c6157533107318b4929256d5284403e4f9593ef909e880530d05bec6,8f4efd48e45a79dd017a1d7a311edb86e9da535faee03ae1a88e4a1c9590a97c,3c7883f7360ce27199c4283ecbf61af6845a919dc9f733d60d2bb0733fbd9d4c,61c32b0920320230f5c864461eab04397778a59d428cc8fe1239aef31e94ee87,0.2570856249658391,r1_mse_tuned
1,mse,0.75,0.01,0.9,300086,r1_mse_sigma0.75_lr0.01,12,ok,,0.8545981257144921,6.398609029246901,0.32217632244430444,0.09826377834551286,7dca81a4c91012a56cee488c1a773d6401a3ad74b9a9405b00de27a2cba11f3c,e0324572697d072a56ed3c04da591c40f89f4e8378187195dcece0e344b2e000,2110537b7d7299e84283a399cfae209e4f9718851f7f11560a9d0981f82fee4b,735063de7f79bb71700b255aa4f8773364505d0383d86165f178519be82cd442,0.25289033295121044,r1_mse_tuned
1,mse,0.75,0.01,0.9,300087,r1_mse_sigma0.75_lr0.01,12,ok,,0.8453023894105145,6.513893929567458,0.3104884976131771,0.09345703778156632,2cd875bdde423eb1353f1213770192b7df8bd876d40fb1aa71d29f9f56f00fee,5e9e38ede140f2d6f39e4d2630dbf7e98417d17a2d266b77b6dce2135af70253,d6f9401f4860245c006a1885baee5959823b4f53355b4fba06eedc7c545ce49f,a52404191f40281faf150971c139c52e3e2f5256be3171e030841b9200a95c48,0.25830329197924584,r1_mse_tuned
1,mse,0.75,0.01,0.9,300088,r1_mse_sigma0.75_lr0.01,12,ok,,0.7762842056341386,6.405258224131699,0.32813236548762753,0.09647091545336249,0030bf09b7aae09d5ca485e801a912df314636550145ceef5f18ad2202a69b51,ed7150770cccc71995eec6416e5eb8942b5187c46bb88744c3cce6ecfecca45e,b160cc9820d53513797a61c5a19487ff1000de3e0f3d8e4c1bb4c0e6b1194c7b,6ba98fcfa63df65b10441d86b0f88952b75b00359b16845ad8da9e14cae2b44f,0.2545623329933733,r1_mse_tuned
1,mse,0.75,0.01,0.9,300089,r1_mse_sigma0.75_lr0.01,12,ok,,0.7798652000508288,6.365834832263663,0.3533632440937787,0.1010618878108207,c661e54b95aa168b9588f9db764694b9637b19b067f1ce1ef87d834330b73929,60508639f832531b067f6ff4a1f52ad903eb5f468fd6de942af85d30e535bba0,c32b6848e21b9a50af8f9e79eb6df0be6e0f2a64af10712fa7ebfbcb23bd0582,9562f3e572a4a8ff46bd81ece61bcf09452cd308179a965e64e3ae42fe9c7e2b,0.2506664580432698,r1_mse_tuned
1,mse,0.75,0.01,0.9,300090,r1_mse_sigma0.75_lr0.01,12,ok,,0.6766255892957554,6.4075110207048676,0.3467039913251499,0.10262438143224438,98cd9fd3f5a0edc83a0ad4fddaa12ced64d760278d475564fff1f1c5dd73e084,eb3f6b474d6816be6628e288f25ada76b0f7d91970b57b91c195cb1a75bdfeb0,9dc46b6c5ca0a4b0f08a26386be913a69ade97c8e512cd25414dc9ae9878f34a,fd27c1cbcad7d8cc4f701e6de03f98e37b79e0cf18bd409e6aba344a8c5122be,0.26025154103990644,r1_mse_tuned
1,mse,0.75,0.01,0.9,300091,r1_mse_sigma0.75_lr0.01,12,ok,,0.8396983602854845,6.498729269991465,0.32522941424003965,0.0959426772008117,3ccc764800bf27bb75e2094ea8a123146ca3bde83ec7563c79a484f44610fafe,6d41cf29ae36d582d46a36d3d13ff7bf618a41b289a91760c47e508267a1e2bc,db407983fef5b206f39545297413a7aa15348c020465521dec172a55dd714019,f4cf32a0d56c22e2c35f6362e1b584cd426779ec8fc1765e82b51bc10194defa,0.278030666988343,r1_mse_tuned
1,mse,0.75,0.01,0.9,300092,r1_mse_sigma0.75_lr0.01,12,ok,,0.7132145375170225,6.248608647897898,0.3457789778076961,0.10338791436450115,ba3787eb400695bd780a7f47c9aac7da4c6b2a214e9244efbf6a555d261b6db2,312c1762699384512ffe8b45d038321bb9111baf907d3b4d299e58986f587df8,6009430313df6b77cea37c720620f3e27e274d080da404b5bed3818beb4435b0,aeb4b1b05cfefa16d55755d9fbb3466c0ee32e93f0f20265bdb463b207b4a2fb,0.27984695800114423,r1_mse_tuned
1,mse,0.75,0.01,0.9,300093,r1_mse_sigma0.75_lr0.01,12,ok,,0.6618015640284902,6.323432610392768,0.36273066314377334,0.11063285225885086,a7c87e334d754c35efcb9e12ce12b8d5ba21cb97c762ce1c5240cb2fd48ba9c4,3cc8f5d36dcc8109c4741d577771dc446ba604413af58962bdcbf19baf2f0dc8,7ca6343b7a31f3f67f9e05e315b502d774d0ca140f6d6adb18fcfb1528357015,29ca053bcf734c3ce271949821c453b56c97d859e44bba7f98583051a8a08cc2,0.27439120796043426,r1_mse_tuned
1,mse,0.75,0.01,0.9,300094,r1_mse_sigma0.75_lr0.01,12,ok,,0.8282315300797267,6.477454146452747,0.33559752772331264,0.09967246573382385,fe0cb28c5e5207e0eb8d04b69d0a192adcc44035ebebbf0a71afe93c9c1de479,0cd090b78186e5e94dddb02b661a53946c90c56c0135969d592b1a63ed8f5b05,237cf5e8e392e8d3cb9789a0295cb4f0d2239b08f76569216567ed0e25a6b24e,390eaaf0f5a46661e67733ea69828654002711baff3a30fda0000bc8c91d94dc,0.35608083300758153,r1_mse_tuned
1,mse,0.75,0.01,0.9,300095,r1_mse_sigma0.75_lr0.01,12,ok,,0.8457936893732803,6.428873383843705,0.31699987743207575,0.0954169631070548,2b1d3f506c8358f83f3f6c4c478ea6624d3260edd10ad6d1d620211c296428f5,0645f2857cbee4f45e0679741b4cb95e945e216de2bf7f7e7ec41b2cda9c8c36,be1a9d3668cd0ae796500668b1c7040d7a7deef50c82de6c03ca06d29d71d5c4,714c6cff7b15eb482d3f63836b0b8f87af7a686d1aae3bc75d44c03e0961faee,0.3580213749082759,r1_mse_tuned
1,mse,0.75,0.01,0.9,300096,r1_mse_sigma0.75_lr0.01,12,ok,,0.6586711681472043,6.302367632581902,0.35247226640109547,0.10362684632192207,a8b2a6d596c52df65b7d82272c0d81d9d2c9c77626ad4d90c15fef87fa6ce7bb,a2772ee613085871d2c6c6b322c84ca766ff812bd99d4bb412f81dcb90de15d8,9870b7b051d19b22ba1e1de80bdf44959353ee13fbf00af1aee1787ab5c9c043,b6a70c814f659239a913d70dbb971216201582e3467013163460b8490bda68a7,0.36083649995271116,r1_mse_tuned
1,mse,0.75,0.01,0.9,300097,r1_mse_sigma0.75_lr0.01,12,ok,,0.8201229944398591,6.474239554541093,0.3280813489793622,0.09612783525095313,6a58ea514372c71630cb99b35cd8e07be887fa6911b53f19b5d704732fb75bdf,e8c8a21ce148719bf4d490968666825c456df5cdc48f065ce070475a9f61b2a5,5dc1a22dd45cf7dd75e75faddae7ed627a49577b36ffe412360df454f47eb19c,23daf22c57bc5cc5521acf30ea17732b45c5c6ba8663614a1b93c9062a4f84f6,0.258245125063695,r1_mse_tuned
1,mse,0.75,0.01,0.9,300098,r1_mse_sigma0.75_lr0.01,12,ok,,0.6869112230269028,6.420137228082689,0.3547885448059006,0.10643656344177017,998122d28dd5e545db51a6f7b951f9827ea9260ec2b0d92d5c37cb103d0ba6ff,cafbcf058d29eff2ccbf8b9b9b6915872acb9632484a9ed2be13751a7165618b,287d87fadebba1312633eed9cc5eca6153b7cb4a2e16f55ed57d8b5f1d3692bb,0fd6425f2d8423f1319c25c5903efbb3c4482debfa4b1fddfa9b88c1084cdbf4,0.2619555830024183,r1_mse_tuned
1,mse,0.75,0.01,0.9,300099,r1_mse_sigma0.75_lr0.01,12,ok,,0.6890218821498804,6.285313397703593,0.3697122125051508,0.11239251260156584,84ae2550cdacfb1a0c04866f5109d582dc8f9d46f21b0b67a1fe731269b4c984,bfe6ea452f11a0df7fc9c4a0f46f997a12c5f847d7cb575e520f403a4bf425ea,4b91ce31add683e91c0dbf068a8f03c9d4f6ddc6415b93ea0b5814740a8a8a03,a108d7b66f9b01d2c20a0bdb216f204ccadbcc1b3aa9768da3df008248c1d22e,0.2612859170185402,r1_mse_tuned
1,mse,0.75,0.01,0.9,300100,r1_mse_sigma0.75_lr0.01,12,ok,,0.740774196958943,6.338379647497504,0.3315017578125568,0.09812452031251682,79ea598cce16ae26ad8840b1327ff8de5d21fd4d9430d25e5240651e7af36883,c6cb13adc09d1c9493e0525b5e9c1857602686d97269e77f2bb4ddecac2d9281,e92d392d1d194caca9d336509363ebb15b56af341db9d21d883de408662cc3c4,7309ec4719643a072b8c316c53d87c418b5e56346c65e0401151bd8a07628546,0.26057408296037465,r1_mse_tuned
1,mse,0.75,0.01,0.9,300101,r1_mse_sigma0.75_lr0.01,12,ok,,0.7122458452116481,6.423317159138636,0.3337150169992912,0.09944707506578877,0fb83b7408cbc1aaa63ef4f097d2d4880365ec38387ba68f6e8c06e44ed382b4,dceb90c9b78bbf6b549b8ab484f361187309c14504d742a94a4f018d6ff4ff8f,413e85c25143ffa0362ab305b029f74d056b96768dc2fbcf98ec1f1694c26a18,6dd662bf1f04a87dd1ed7ff525c42b848e4b435968628275146e9bde9505a488,0.26224441709928215,r1_mse_tuned
1,mse,0.75,0.01,0.9,300102,r1_mse_sigma0.75_lr0.01,12,ok,,0.8677598130930804,6.502001154003079,0.3121496710342338,0.0933327516392359,e006b6489056566299e5317c5e2b106d8b7edd9487990bf6db04060c6ac36307,e07ce9fa89fc078461c503cf21016be917062050bc58b8a99684204e3157ba1c,4f0cdd2aeb33e16147ec284b1b71e00416b535c9e199793bf0212ac801ebcb82,8d90178d692a78b0688a7cb52cab7cf122b76fd6860ff9aea28f85f364b3a10b,0.25997137499507517,r1_mse_tuned
1,mse,0.75,0.01,0.9,300103,r1_mse_sigma0.75_lr0.01,12,ok,,0.7849804407726273,6.3827896457704165,0.3073473876147049,0.09097482673395266,84e90d70cb6e50e4307e53a36b76f3648b8d6250f46defb308584a6065977352,f00bf89f1900623e01eb9a58b0cb70f1bcbb56703e588050aab3210550b31700,dcfe7e61ff20e8629cdc8240e70d763599261110382446b7a81069001aee1621,66369f72b237953f41bb6ba9ff9d48d0309897d927a402089a13667e8056b29a,0.25464662502054125,r1_mse_tuned
1,mse,0.75,0.01,0.9,300104,r1_mse_sigma0.75_lr0.01,12,ok,,0.6816621379920371,6.308406580355322,0.36545631788301536,0.10780961377548953,2c3887f0f74ede3f0dad59dc0d44c3389907c03911f67ef27c1dc5383e7ee93b,23cf924fe429906fb077746ef8a5906c8fbd8ade881ed87a2d573bfc29104d1b,6547122e72c72d7654a4a6438c477fd81f92746a202f43b66f1afebb113c507f,78e09ce6bf1eac6bce624f7e45045f7c0cf076ed65758952095632b83558e038,0.25801962497644126,r1_mse_tuned
1,mse,0.75,0.01,0.9,300105,r1_mse_sigma0.75_lr0.01,12,ok,,0.6904523396626296,6.336925741659322,0.34799721301871633,0.10231118062750261,de0ebb6b14e2d450cf1bf792fc262365fb3d059482fdd0b5f214736a7a740690,ca39052c1df6c96c8cc1bb2d62654af1cbbf1e3f5b76fb2794c5d04b41e0a09d,7dad43ae4069ad1a8004e09faa10b5991f4f3d957631a04bddb3fac882fc867e,93d1f117ae9e9a14b90e9d4eea34f7b1c53b8ea9b89d6e19e0b680bfd37606b1,0.2612307909876108,r1_mse_tuned
1,mse,0.75,0.01,0.9,300106,r1_mse_sigma0.75_lr0.01,12,ok,,0.7319247163183329,6.355697858832831,0.3598496437010395,0.10651549453550768,ad033ae221c957f89cdf90b8ce75396eb58cbb69b99f95a7271da6cfb9c35e37,745018b097730ce74ebf95cf2852b9b8067c7d69379762899184116cb2ca62da,0bc6d71a25d38129d6b6a4179d62a6c3716c66f7b62fe0dfae514c0d75a23c51,b0c08b8387eda2bb4d05e8661fb7ff07b16081107b14dea5fbd8b3678d2ca155,0.2630512920441106,r1_mse_tuned
1,mse,0.75,0.01,0.9,300107,r1_mse_sigma0.75_lr0.01,12,ok,,0.7691250891207642,6.333073378262161,0.3300694562112494,0.09935090631958605,6aae500dd352d571784f86d0556e3fa32e53a656708e352d32656ae1efcba352,15b994e67211c5c8a53560c6bd4c76368bdb22ea10aeff9b0b4fa3fe26860262,4b8b72e930ba2135ff36134606f48c99c03b9b21b6f0fb10169b72ba70bda5ac,a4dd747e37ac7173029fe3fdfbbc2cad3782c78fa106bd3aebf10a2dd2ac1c8e,0.26352395804133266,r1_mse_tuned
1,mse,0.75,0.01,0.9,300108,r1_mse_sigma0.75_lr0.01,12,ok,,0.7001131470232806,6.445209651039004,0.3527776053517844,0.10583328160553532,41309af3394399959ccfe27b376380ece9eca6d3297ce2213fdf23e9a6d2ac93,d97074ac83e2be40bde748920c734d9759162fbca1875f0f21dc789ac44c5a1b,52fe99279fa730ee8789d11b61ac5e66277d1dd8ad76184005a605e82d655606,583ad006fb9994dbdbd99b7e3e425b0c51b6e2ef7fefc7ccc65cef20ea57882b,0.25869812502060086,r1_mse_tuned
1,mse,0.75,0.01,0.9,300109,r1_mse_sigma0.75_lr0.01,12,ok,,0.7045582515666934,6.447432947737298,0.36215059667706806,0.10393722124631853,771fcb9213886ea1f967979f6ad3fe3f6fcea304f2642dad6194341495a315cf,927c3658ab546714e54b9ee0f95b97c491be86f54c7a00bb51e6e63694563370,24f65ac76bbfd155bf897d0e83b8adacd5aba5d9cee8995232f0a206d48c3eaf,ece14f463eceaa08b9a8429af3049bb97f2f6954aa141a0449c54d7a4df2d56e,0.2535208750050515,r1_mse_tuned
1,mse,0.75,0.01,0.9,300110,r1_mse_sigma0.75_lr0.01,12,ok,,0.7316647639955747,6.378198562235301,0.34173510109142696,0.09910317931651381,cde45661617a288f63ac7c264248a144b6191f42bc1653ad3551b4b4735ab87f,b99d2d6fd8b683d6356cb6d876c164fe9843b9e33fe8788befbacf4ca22f0c2d,91447b8f4ad4658d6e9ab3e7e96993c5c7b13cb66ee25819d0eefa420588383b,04e6313848fdbba6f5b6cc5b7fda169065843473efef3ef90b2cf0a55da1d7ca,0.25616791704669595,r1_mse_tuned
1,mse,0.75,0.01,0.9,300111,r1_mse_sigma0.75_lr0.01,12,ok,,0.8332822240945125,6.654735156269778,0.3097770715278377,0.09076468195765644,e133603627b2009609a3aa5bed97281a6cbdfca6a7eea92a419745c7546dcdde,f7c0162fc827424ac8388e374e078e13fff35507f602aa06f4b2996d6e484025,3f3fd4c930813d9d87a5fcb0949c8361691152c673e49f01b275cad80c097159,bdfd2cf68e857f5bbc20435b8facab2e4ae83310730eeab6dfeb0499fe309f4f,0.25758979201782495,r1_mse_tuned
1,mse,0.75,0.01,0.9,300112,r1_mse_sigma0.75_lr0.01,12,ok,,0.8132484467101293,6.485389177150183,0.30805396781146027,0.09364840621468391,644bacd763502337e0035239bd1882a2783d5b5a05ac3cf964f3ace18d859473,317341fee9a89e62d763d3abfbb2be4f20cb86c2022f5a63ff588b0dbfce4787,d61189cbdb78688824a7c7ce61f481e76f8093cd9e1392836ca927f460b33dfb,02b6686170747189d4394d8d0de47b7f5d83fe12e9d86fd62e1ac1a93ff4b6d3,0.25807099998928607,r1_mse_tuned
1,mse,0.75,0.01,0.9,300113,r1_mse_sigma0.75_lr0.01,12,ok,,0.7179497797726022,6.307564341624349,0.3447397613396478,0.1016982295951961,ea02a0f906c4077add1f728f580129235b1ccebff060438ebc231b16f441728a,5757b18f7496722c3110cf0964f2bd6855ca6e2ab2eb5d5d9fe2176e26a40d5a,04263f06fec60a9effc446cc90a62e0992494702bc932635cb6249b6bbe4653e,bab44dbf735e8527680a25b60c017141cf06ef452aeb3513ac950d2da9413827,0.2588852079352364,r1_mse_tuned
1,mse,0.75,0.01,0.9,300114,r1_mse_sigma0.75_lr0.01,12,ok,,0.728051896994838,6.394652181928648,0.3542556048674964,0.10556817025051393,ce4b99d8f04992133ac07a717779dcd6cdfd51bdfbfe5caa5ff3046c4fd6b552,dc88917ed83c59b5699ba2636285e959769397710157d22d8217c2fd639b0fb9,a42f1afd358ea80ccbe895b9906942dbfd9128d313fce6ad186773c0ce1cfb95,e428e9bcfa80505224367c293f16c55ab37eb25aca4291285176d5494c415050,0.2591265829978511,r1_mse_tuned
1,mse,0.75,0.01,0.9,300115,r1_mse_sigma0.75_lr0.01,12,ok,,0.771516722129758,6.363613276007404,0.33471717653679256,0.09807213272528023,c463a396e85798bc68cf4a062dbaa6d994363a8cdfc6d7c9791e21091069da9f,5958f974d9825dc3c070069675227ef7f9be0ab42121f1e9539e0d2e6b750b37,d4966bdf5179a8d69ae9ddc0384b8738a69b11cf9fb4db99b8e9105abc8ab2dc,67e9bc4ca4cafad66c4c682cb534897be3b829a7e10a83b230d4b28fd675662a,0.2556427080417052,r1_mse_tuned
1,mse,0.75,0.01,0.9,300116,r1_mse_sigma0.75_lr0.01,12,ok,,0.7411123724819819,6.340871979710538,0.3415996603580573,0.09940550116419468,084daee521e0d96b4b6964217b212b6e3d0f8e53220f91810df897c8d600625b,95c1327da070b867d19ea8b2c991d0b127ec0999753a2e627a218e1fc3568efa,76eeab117ef6d59c31d02f42ffbe76464325e059adceb74540a8b59345e3d511,5b5152d10e7410b2226aa7ce04055a7e3b9b0b54d6f89b541aac5c2954050cce,0.2552100419998169,r1_mse_tuned
1,mse,0.75,0.01,0.9,300117,r1_mse_sigma0.75_lr0.01,12,ok,,0.8676018758615335,6.48775409846676,0.31478521648684027,0.09412077972956524,a7cb6900e99f4095de6330dd8d979a9b2cf415af5be1ec45ac3ad74d3326eb57,2177432f921982ea8d382df02f0077297ddaccd66748d6c49c88675fedf7c8fc,99d9e59252d3d0878303d892f1426bdaa87d9d9e96c0da52100cdf390f18cfbe,25b9cd0e9483f13fd502d247a9469a2da798479da2707c1caedf9cbea3426e39,0.25289704103488475,r1_mse_tuned
1,mse,0.75,0.01,0.9,300118,r1_mse_sigma0.75_lr0.01,12,ok,,0.7096994093551132,6.2920308668048825,0.3749884059617754,0.11099656816468553,2bcd33845041cd219b498a03ec11004d81bbe9dd3f558b754d6ea545896bc7e1,b656512a7c47a60c5f0e2699f11ba568f724faf443528db6c622a46754c748b1,d362c25c6b0118ba623f4333687179ae706269838bfce9cbed48c9249a1a46b5,bc68b25443f915599f01463c18e1cc7ce8c53944722b4f3891f7272c3ff1b6f7,0.25278737500775605,r1_mse_tuned
1,mse,0.75,0.01,0.9,300119,r1_mse_sigma0.75_lr0.01,12,ok,,0.6331859715269292,6.375447124423278,0.38512511589982984,0.11399703430634964,aed0e9fe989702c5562c247fac514771a622ee069fc4d2535cb8bac20c823ea6,7ee168630ae11472db3d3cf3061384c4b41ab444816c085b7ff71d8d02ebc072,c918f502a53094956c4f52b2c0b8f131bae0c09457d7b1bcc63627f255a48f39,1ec8cbc900a6568f08ee392d99ce66c846ef3b0c56cd5f6094cad47a00873f0b,0.25086204207036644,r1_mse_tuned
1,mse,0.75,0.01,0.9,300120,r1_mse_sigma0.75_lr0.01,12,ok,,0.9085920401379305,6.491647230497165,0.2778667650541893,0.08391576304636515,cb61b23895f2815bdc0aadf0c708a92916c48234dd8e466aac8cb4db803fe60e,31599b2d6bba43c85d8620af2e75378d2f44d1123d2eeb378287504537e26fbb,18b537ed95217b141800e7396a7436290e5656b6b53e4843f4ba178aec2cc312,bdfba0a42606368c7d5f23ff758fbc3b8937faa99a435b5b3a38c11fdf09ccca,0.2503102080663666,r1_mse_tuned
1,parity,0.75,0.02,0.9,300001,r1_parity_sigma0.75_lr0.02,12,ok,,0.8082599759441383,6.431946478665071,0.3294531276165196,0.09685921951925677,547df75d495d72b315fe564322ceb41b8419e43ddc93038fd9cf9fe53fa9e4d8,27e1e2c3dbc45cde17f5de651f591de18321454482d19b908f81fa3a5e20af67,69758c4038ea4506ab5f93f522758a89053fc67525bbd1c52fec667d6bcbf42c,2732b86981c5b7052853d06f3f810b096fe0218434b3353f5ae44be71c1177b0,0.3123746670316905,r1_parity
1,parity,0.75,0.02,0.9,300002,r1_parity_sigma0.75_lr0.02,12,ok,,0.7726742643692379,6.461470705693599,0.3342613077672183,0.1006126536379327,fc5b1b69e7b8cc0f50f32cdfd3927bcade5b7de5f025f5e97e35f13b7dcccd65,4c5eda357008888dc1e99dacd5c9935dfd3c62182290bb6932a887ff0a66c610,a5a712360fb5fa4520a4a2a22758a3c27b67b4b6230c882c34f8bec299500618,6637254620f26702bdbedda0826928a9144731f30603c6de3a4fa19298aeaa69,0.31131062493659556,r1_parity
1,parity,0.75,0.02,0.9,300003,r1_parity_sigma0.75_lr0.02,12,ok,,0.8480075646706079,6.442188926396024,0.3124562218024634,0.09217458543172671,a2e1081d9fface7a08688415de646f26dfffcce559f08e132cfb5e7e252dbf1d,833f767deaf5306522e0610877df9712365f64f25c2a9481ae98b9f1758574b8,b8fd914f2b4bdf613e32c9b4ca66c151b4100da65fefd0b77b59ec024c9a44ec,b73d247042dcdccee6a60e00cd15d533c63a66650da5362dec6103b43d24ed93,0.31130649999249727,r1_parity
1,parity,0.75,0.02,0.9,300004,r1_parity_sigma0.75_lr0.02,12,ok,,0.7343559916230964,6.476882169885442,0.35522990087143325,0.1047928207570728,58cdeaa78f51114a6e914189151f24a71007e71cf610cda51f971b31dde06f10,a0355d581f3ff5f5a74dacda51013f50e7e5b287c1670929a81b01c976ae8a59,f4a0f9945f1a3c60df410fd10e800e7fff70c42926132265e192700fe51606e6,11365c737dfc5f637f3258d64dfdb8f47c9e85ab55da789e1dc469d83e10e5cc,0.33165700000245124,r1_parity
1,parity,0.75,0.02,0.9,300005,r1_parity_sigma0.75_lr0.02,12,ok,,0.787062902694907,6.298823807002995,0.3172715351925043,0.0958160036281363,5c051b69b978374ceb2348d1862e0af437f756e529d7afc1c1186c2e54ef7e57,5b6bbd1920d2685aa73875088a12ff6c127d36ad58b03e361afa4a1c313df8ca,d976a89bf7356c6f04f5258704546810b697343924994c02baf71f5d418ae242,ac32c73e44b05129e784812a45da38490e04af7a8a84a96fa9031018a9b23c2a,0.33688687498215586,r1_parity
1,parity,0.75,0.02,0.9,300006,r1_parity_sigma0.75_lr0.02,12,ok,,0.7481848985777211,6.372685669754997,0.36307462342830166,0.1085593124050622,15a47afc3148937636cdfec87f5ea1349559551ab1fed512817b9821ddae305b,ff12b0003f24e3c1c0d39d5463f83beccd48c3ccfff83cb5aee8a081df56b4bc,ab3dc927fb8090479524becacde4f6a212469ac909fc776896be25986068b415,e72808117a764ead59a4211a240fbb958c8f8bb0c281cabf05ac8f5d23d198a1,0.33209316700231284,r1_parity
1,parity,0.75,0.02,0.9,300007,r1_parity_sigma0.75_lr0.02,12,ok,,0.7532633294600275,6.350775743200893,0.3299948935468684,0.09701849870277932,5ba229eea3aa5e9e6cc0d94a42d4948a4f324f7232164c5b1db8b24ccebe076a,6e51f2f2d4b59e8180ad8e8c7b27acb0d8ca7076d726fafa5a2de56bf9a213f6,e43c63144020802be6b53960c12113e626bf5af6fda738e99f406898c59b2306,d34fa623f2ba407e93ef0ce08e3121a2a8156a2f6c30d46a7412cc8add44c195,0.35880920803174376,r1_parity
1,parity,0.75,0.02,0.9,300008,r1_parity_sigma0.75_lr0.02,12,ok,,0.677027163551211,6.380355487279134,0.3454673115199571,0.1005309876523075,92d23af5bb836428a7eb153f6a2380de81f8fc80da3fdf08b509b0370e7b93c9,81d19f6042d7b3ac55466949ad7de628e492c588c338e358f96626b8c34ac720,bee7b617c2aaeca7aed1c7211692af81a9e8c73b90ab946274e48eacc461cc6d,361607539a5afaff95c17b314c064b9c6aa7a731f091dec3db9062ab0db2f495,0.3519252500263974,r1_parity
1,parity,0.75,0.02,0.9,300009,r1_parity_sigma0.75_lr0.02,12,ok,,0.7132167750433249,6.403811902527459,0.32326660389418294,0.09697998116825488,5600684e9ca941293ec22e3fe6f944bf235dd38fe0048ad959412b96248230c5,f9b700d2fbb94c6f5bcb5fc647d367c3a5a186efa3eb7cec51aad8776f3baae0,2d964aa7f8fe7009d98b6d55b32a13441017cbd1841bc5f5cfee4f60b1e5597a,2f0946a55a4f58feba3574499571fc21aa49263622c003fb43940dd42d5d22c0,0.36544925009366125,r1_parity
1,parity,0.75,0.02,0.9,300010,r1_parity_sigma0.75_lr0.02,12,ok,,0.6950149798772518,6.411449925110138,0.3566043888584058,0.10341527276893768,a56b6fb7e11162aa1bcbdb89986ef350dfb815c8939edd09a86a5d1f2edfccd3,ebef873c28036d701489dd58ea3cf0f3ea8ce6397136f78ede722212fa4058f8,bb472853ba6442a16e47aa10fc0daf077960a8da8c18c216c683f43e69ca33f2,af24c90f69d41e2ca62a39c8899b2acbf8950d59d7f1bf639f6f1f69ac350fb1,0.33366812497843057,r1_parity
1,parity,0.75,0.02,0.9,300011,r1_parity_sigma0.75_lr0.02,12,ok,,0.7044647579795313,6.411899706405117,0.3682695168222305,0.11158566359713584,e77879b793619b6b11bd41e6c0dd2126d719a2f55d9c0ac0da2f1549b0913658,a815904015b8a5020a10190b51a4a1dbcc318a510e2cdda9f1b17ab6b4222a91,5bd61f9d39cc4cc3c95c3edac539cb72db72c7da8b3f32ef562ec5d1774de753,8522955fcbd0319c40f7158be5aa1e41715bd625e8f73761939e1af8561eb62d,0.33242774999234825,r1_parity
1,parity,0.75,0.02,0.9,300012,r1_parity_sigma0.75_lr0.02,12,ok,,0.73697535897074,6.459078669703949,0.33933986791028,0.10112328063726343,9a73bc3dd78108b7e8c672136c1ebbc9996870d62df4ae1db431a984856c4ad2,1d51aeda2aebdfd8b9ff597f1185d611b6e9ed0df0728b69bcb6d1379cd855e0,51f56ce6a5ffd57a004adc4d3b933139b11ac3a8a60ed27aae338eff841e7a94,c240d9d836dc84a2623b3f1cba65649d326e105449ab398070079f23c7f955be,0.3327262499369681,r1_parity
1,parity,0.75,0.02,0.9,300013,r1_parity_sigma0.75_lr0.02,12,ok,,0.6839890111037141,6.363806227982137,0.375367299269211,0.10773041489026354,43be896293e02a570742d018597b933e42ce673588e34b4fa509ef9d1086355c,fffdef1c1b60ad8ff28008f50a6fbe337eebd5feba0cb6cdf1f62599072d89f9,ec5400175b7029cb3cacb2798ab3139530622f9622ec41de1f216b1f0c7672e7,2b2c080b43cb1b483e57c8d82fc917ae144507c3ed8d527ab9ec4c77ea254bd5,0.3396900419611484,r1_parity
1,parity,0.75,0.02,0.9,300014,r1_parity_sigma0.75_lr0.02,12,ok,,0.7530800142624359,6.40461937259233,0.3185104141659888,0.0882273847239789,0cecdd4ef73e35260909137e7b4a9da22dc59d3d45a902be1bb9f890039876f6,023f1bdec63d2e5bed62469a7b9aa815b4634b3b7388108055538265bed25dc7,6d8b0c0df6ef122481e0cb03e2c80742a9e5a650c5693a53530456e46c6eb7af,f305184fa4c6e81c0751455dc9d21b8d0ed4f9a25ef19b774896a0ba75751d1b,0.33120174997020513,r1_parity
1,parity,0.75,0.02,0.9,300015,r1_parity_sigma0.75_lr0.02,12,ok,,0.7905962190265263,6.406920555704657,0.33429642474714866,0.10229470597262748,7d60c852db0400ac3b4314a8c7a8366b70bbe606cc64f24d1f55a53477325310,95577195c75752a3d800cd54cb592b0e570d9ddaae911f46c2cafbc86fbdada7,f2b43ba805d16e74a13ab8ef2b875c54467b1e2ce135d9c0b5a54467133bfcb5,e0a6288fea4cf100eb6f7dc59f16822f377ce5bbf58b3f2a03edaefa46a93a18,0.3329986670287326,r1_parity
1,parity,0.75,0.02,0.9,300016,r1_parity_sigma0.75_lr0.02,12,ok,,0.9159577610902444,6.43065187368021,0.2963119291539629,0.09126407417942059,e9cb11c03b8ee8be5af6abdcc1d3777225768bd24abd02a539c763d257098807,34c39d8d5501347c5c7a8076aa73df0fd8faebae88bb05da13de3c574b7f25c5,9cc8b1fac2217e31c2bd1182c8e33df4f081e264e52b1f05c952484a2c0ce615,546d28069b8d711ecfa7a05530403321e69a48693e89ddb7bd696fa00b397867,0.31406624999362975,r1_parity
1,parity,0.75,0.02,0.9,300017,r1_parity_sigma0.75_lr0.02,12,ok,,0.7147276812689649,6.390556081556966,0.3408745492409369,0.09885361927987171,3c4ef79e66878b5be9a3cc390e0d91b4b1d607483a1aab1662b84f5be4a254a0,f3ec861043fbbf94cdf36e85a09f9ce95b7156b2ea7ecf03bbc1eccf865160dd,1d68cb65efe7145da6f906bcb83f8527eed99024a39634ece9eef8dfc44d13a7,c3dcdd93646bc11624b915fb3017523a60b63eff2f3233ca6a8b936b4072ad40,0.3158564999466762,r1_parity
1,parity,0.75,0.02,0.9,300018,r1_parity_sigma0.75_lr0.02,12,ok,,0.8760790901657246,6.3892395981818275,0.31201829426924127,0.0929814516922339,1e61d1562101428c9c58975a868ed0d794029be0ae2ab5b7d5405928c87d4a13,bd933405607b33df3caa53139bebdc6aebde79ef4c90313fa0ee4b523101117d,5acee9bef351250b67c0910eb398a161555d42ca42f246bd60d219654ec057fb,8ce8b12acec61ee0e2d401994bf59be7540637d1a7a9506fe30aaca97e3d9c07,0.31502345798071474,r1_parity
1,parity,0.75,0.02,0.9,300019,r1_parity_sigma0.75_lr0.02,12,ok,,0.8477964907896001,6.4419499699943765,0.3132181640752216,0.0942786673866417,fdfd8e6a98343166e6dcd7fdd44414055adf41a5cfdff0fb23072998f90d34c2,43bde573aaca9ac4ed736014dcc914055e7ba211a6ebb9f59bd2eab92521ca4a,c2aeb78cab28998875578d1db90e4d7967a8ba1e909ef64f9459b1d5bc10a59d,2d3f78225aa80a241d7ab901e01446dc35a5b7efb135f890b605768e35c5c55b,0.36960962507873774,r1_parity
1,parity,0.75,0.02,0.9,300020,r1_parity_sigma0.75_lr0.02,12,ok,,0.763996523113845,6.341612502694275,0.33443005859829344,0.09932572740369315,906ca7b0c8cf3b525f857a92fec5f7c51c7412455b4ee13098e957ea4447fc43,6ef26e9565f7a805b72693c700925b72122e52339ba7e680019adea3d69e0994,fa2650fc47b2898848deb9e16643c9df16dbb8c064f1372fcc8fb42d5b069278,395782d6f0893b9b8663feae92e4651fd4a9abbd35e1f95bef58d9e2df0e41c6,0.3765252080047503,r1_parity
1,parity,0.75,0.02,0.9,300021,r1_parity_sigma0.75_lr0.02,12,ok,,0.6136693444764377,6.206659981196325,0.3810625148112657,0.11317556689894591,fa4b7bfd5394097ae05f683e9cb6bd9b7d243d63a0cd1166aa9c63dddda4bf29,592d49d03e1d329dee388d65d5e7c0c74727b081c7888f72b200a3d49a9f761a,6e5a2d7fff5d93d0ca5734aaa42b62a5a2c38c391aa015c2c994e8ad84e81b47,3ab97798a36fdd1af9642c2f4ca2c44425d1078314b1781d936dfb5620782eac,0.37750337505713105,r1_parity
1,parity,0.75,0.02,0.9,300022,r1_parity_sigma0.75_lr0.02,12,ok,,0.7264375214770875,6.469720619223861,0.3413373925836748,0.09967051863443303,01132f8d76a31fb1533df417971bebb1e16141690bd2f32439d016369638852b,0236641094670eb129ba35350d11bcad44e89884a4dbed23ad8adf5e7b47c52e,dbaef4df14146e5e884f9b2cec79fa4dab19264587c680094bb725a96b48d7ff,714e8d335afef450cd58ee6265375922e225a3d1c93a2ceac31dfba6caf20954,0.38716995797585696,r1_parity
1,parity,0.75,0.02,0.9,300023,r1_parity_sigma0.75_lr0.02,12,ok,,0.8007918327452034,6.388642035748991,0.3257389756591186,0.09544151986812174,8569b0c8c05e42f7fd61099236414ab6ce3713f6a415fa14439fdfd258b928ba,d309ac4b205e9879f73bdfe3454618e4b2f8674023509d75c5d8e5d9c6444e79,bd48f8b06cf09ef4df174486d8fc985e96347b9e05aa464b06fc1f3c77c4843c,a8c3bb014d67cd3a83443dac61ba4c9c8e7edb5a8430176ad0fcfb5bf882fdf3,0.38423345796763897,r1_parity
1,parity,0.75,0.02,0.9,300024,r1_parity_sigma0.75_lr0.02,12,ok,,0.75710827249775,6.327811219391986,0.33721579464862256,0.10183916998388401,0790780dbf8b15e4f2cdee78286694884ef6f0989269cd40dce812f11c818968,cac32651e1651a8f3598f530661e966484a5eb6d2555c9964fd8bd3dd7a87972,916f15260079a7a4c027c920f7b7b09a6761ca4cf413cf0730d6d477188f1ec3,edc0b08bc74b1b1970cc417886b0a9021438552c5e00413633218d4bee9fb329,0.38645883300341666,r1_parity
1,parity,0.75,0.02,0.9,300025,r1_parity_sigma0.75_lr0.02,12,ok,,0.7473083672748411,6.35723964236088,0.3422284060615931,0.10129960819423155,e6c0956e9a29de034cd0ea6472278f9f9e305434300df8b4e8f108cd08f26886,50ff6677861293934dc3f7a0e6bbea9c1b904b4976071959176694c02e0f577f,3802da75beec3e84002bb5c4f02d205dbb057b759f815863a498bd63f4f64f8d,24374afebcb2ad9ae5877b2c10d9f8f63d1f261a139cacff8a67e9886a7cd96f,0.34289954195264727,r1_parity
1,parity,0.75,0.02,0.9,300026,r1_parity_sigma0.75_lr0.02,12,ok,,0.6968960479445023,6.332507898077223,0.37039759713165643,0.1096376887509703,8259c7252ea55af17697ec3e92fa664cfff2cc2c62b2fc54f2eea6704162cff1,3ce53c419a8d2a98d1de9e36c588e27e9bb5fe7181e80c9c70731f6462d4cb14,69921f13f2acb1ee11115fe84bd7d2ef292c18a3f40808ac325767c7b1fb0d9d,27492fc87eb3d1601e1c28ca4055ad242c94f9998763844b8ed3975c3e66d12a,0.3422830420313403,r1_parity
1,parity,0.75,0.02,0.9,300027,r1_parity_sigma0.75_lr0.02,12,ok,,0.8131918805582511,6.493927334268838,0.3422196690334469,0.10369255971713441,555f7ef7f5300d55eab90b7abc2509c6ddd5a82433086073d518b2553e5ab635,a7d852e0006855682420200c1d8bf0f5ce4d270c112bc0971781ca1840f21e60,37ba21b9f0a05409a1137f2fbeb6d3194b78e0126282977521d8abf2777f3295,def31dcbd6acfdee51896e1bc24e87190f7ce2699b8cd9b0d8826f1f9497046b,0.34510762500576675,r1_parity
1,parity,0.75,0.02,0.9,300028,r1_parity_sigma0.75_lr0.02,12,ok,,0.6892325170445295,6.260728018265689,0.3553668158194792,0.10483321066674636,2c90d269abc02edd082587ca1c45ee3ffd608040bfa33037f48b60e800345af8,a6c7eca434b19ab72070f4331f4b1381a949bbc03165c5322c19b18d31fc02b2,7f3e17c5db0382da1a0b503fccc4d29988a1aa61c8e288fc0ecc8a6fe4ae8091,a4fd4aff28a0a19551ce44b5e33634baa429275c36fc871123d29e36b921950a,0.4042396249715239,r1_parity
1,parity,0.75,0.02,0.9,300029,r1_parity_sigma0.75_lr0.02,12,ok,,0.9155860464455515,6.54411054707096,0.3115241161277162,0.09345723483831486,eefaa70b2e4f9712c8d2fad79662c2cbf1b04130f1281468ae404c807d3d474a,1871ee4f3ec66be83578b8d08c9fe3fe9d7e22fc8fda48d8e405c13fa4ada97f,0ebc3668cbaea98d0ef2948f14f4d6f1a7df4bf73142674a875005a23b1d201c,4071fe23ba4fd1f002cb4bd9fa29836701e868620c45d1b193ffe1b4697c944e,0.396231250022538,r1_parity
1,parity,0.75,0.02,0.9,300030,r1_parity_sigma0.75_lr0.02,12,ok,,0.6557548911585825,6.347796793299709,0.3619075380859981,0.10965798404005743,689c46954bb970719c1ccbfa862609bf50d62d91f6ddf57a68b1db613dccbd89,a56675cf7971dee4a5708aaa7631775cc4ee0dbbf031c92437f8dbf764a22761,0fc58e813db6c0a6666e214f974e70e6ac4e69ae6cfcb7f21c393ccb800cbd0f,59d2c63bac7ddb6966e89a9d8616abf900ae473e0b34d01be1e3835598e16784,0.403641666052863,r1_parity
1,parity,0.75,0.02,0.9,300031,r1_parity_sigma0.75_lr0.02,12,ok,,0.8165386484652438,6.397687065790845,0.308082642107801,0.09273287527444811,caddfcb37abf3009ea99deb5316e1db13d5b0c34c98f7fcd4ecbd61674891add,db3e5c14e5fd1b464928c9903eaa0097bdefea6f9ef8c18e0c4d0f68471578e7,c3046847d8bc7742510b0bf358fce5745710323a6fe906651129aca7f72f6409,bbe07914162052101801dbaaef2b8154cf2af4cba3b7d77946a7407dd0512eda,0.3095384589396417,r1_parity
1,parity,0.75,0.02,0.9,300032,r1_parity_sigma0.75_lr0.02,12,ok,,0.9472044092329491,6.473535126339306,0.29769725818842574,0.09049996648928142,0cafa4d93d49dd1f1f96e591aef2aa1a0071f194cff785af1ee2ce77d0de7756,04c9ef5c63f89d8d6e9b8a0abd0768718e42d5a04c327b4c018659155256db82,6f2ebb7c5cfeff6846119c395859d312cb6b2ad50693246b3060147336ae7d08,40ef7649fad2e4b22378ce6f2066751f3a0f60fcd37b188bb0170b266995c843,0.3096337500028312,r1_parity
1,parity,0.75,0.02,0.9,300033,r1_parity_sigma0.75_lr0.02,12,ok,,0.7840585802490923,6.410015911790384,0.33696492653911564,0.10142644288827381,7856a8c79f49862d335530e7ecca990edcfcd44e2430b104e8e8b151686a6e47,57645ec48930a4c1e12aca637d5e92fbb621813907a9a2934b04b342047ed618,7456d7c43884711d6eccf0e05e59da6f8371ca0e030f84f114628e4fe919d2c4,318e7f8718ae365b74db2689e5c4ac1ecc667b6cbd0f120c6113d30c6c69452b,0.31330116698518395,r1_parity
1,parity,0.75,0.02,0.9,300034,r1_parity_sigma0.75_lr0.02,12,ok,,0.8363693716599628,6.502417166013427,0.3291114428265821,0.09544231841970881,265709a031a255d67a159004510d8ae9eb9d1243c985ab835f322589dfcaf0f1,413113ebf5837c734743bc6fac245c377f6d4d765fe16dadcebe845b6970ecc0,bce3c46901dd3e8426a82abca6109602b4daad21f874f2b38058682cf1d1b5ba,a2295a1b3444c59576c9adb37e8e4159cdf1d757e5ae7276750e4c92f35e9d63,0.31826662493404,r1_parity
1,parity,0.75,0.02,0.9,300035,r1_parity_sigma0.75_lr0.02,12,ok,,0.7279893452118388,6.294417256182738,0.3412802937203918,0.10136024723495636,a7c9f8da5f053c87a9def53188cd1c7b7f13817ab7c058c3a0e9a596c18599c1,11b8d6a0d4a74720af43b2d3caaba1e6a3f04e87c01ee83efe4d105817f577be,7d9647b95c8fc018b7ebaa5ac9c27598bd9b5e60ee2a0bfb31124673a835a2f5,662142cd660cb044e5e4a8122d728754495f7e08449a08ebe64f4161f69bc80f,0.3160627910401672,r1_parity
1,parity,0.75,0.02,0.9,300036,r1_parity_sigma0.75_lr0.02,12,ok,,0.7116889729369698,6.397665310317196,0.3550380093466159,0.10438117474790506,22e590454277a117e664fa941ea99ad8f30ebedeb9c6b160f358ccfe31a4ec13,4a1b30cf27c2d621e06e2bfd1f031cfb01554bf0205e819cf31f51918f94ce7d,61af541aa5400aa6c4d7948c4d80c81580ca4eae7703e476f1729115e3dfb394,2fdafe84bc4c4c36caadf948bf4acbaa2d52bf28a1df857041f413ea857bfc43,0.32166299992240965,r1_parity
1,parity,0.75,0.02,0.9,300037,r1_parity_sigma0.75_lr0.02,12,ok,,0.6781344691812279,6.456500224778917,0.35849942797206913,0.10145533811609556,f0968699341ec1620fba5f45cc467b965fd0a832614c2f270113853125578534,ca4f3809d1420c32523738a8167122c75bc9dcffdd8c533cc422527ec8511726,29b762c8b132682407fe04c7954c8a9a433ffafd7f84875e64dda96ca2415048,d8d4fea8745ba253bd984ac70618af766115bef1bca2d43f26f8a2b9ea5385a6,0.3153574160533026,r1_parity
1,parity,0.75,0.02,0.9,300038,r1_parity_sigma0.75_lr0.02,12,ok,,0.8041134585917418,6.415631738473554,0.3296287311199644,0.09921824806710927,aff3f60d957ad1bd6b8c2456f9ee3a6386b8d361ecaa85f54ae4f6bfbddbe902,0d3833058011035bd683ea656900b18bdfa928d26ea9f2045a93b3f0902d7d95,125e0755616315bca11f7a592ae753739d84e58ca4941612dd8a2dbeaa165e62,a41de37a256611cfedb0cbfd54b6c970e53d3e994f5d6345e0a9565dcab70bcc,0.31553329108282924,r1_parity
1,parity,0.75,0.02,0.9,300039,r1_parity_sigma0.75_lr0.02,12,ok,,0.7404567373736738,6.266012657820958,0.3302731307171865,0.09379756912368097,4bf06104aa241b940a7daf009513d821bb13b8169b7d99bebfc074a6df500c2d,d8907a883af4e8a955b74b01aee12100811c29821c76d51119f417e1dd3d9766,6a1e0aa9851d87405257339d94e64cbd7b88e4df4ec58c6d1ccf8684bd833e68,0f1aa20b3c2319cc4ea0356d7c5bf1f7987842cea80594731374625cf4956ecf,0.3197086659492925,r1_parity
1,parity,0.75,0.02,0.9,300040,r1_parity_sigma0.75_lr0.02,12,ok,,0.8565046492199837,6.3987549007019275,0.3154803361786566,0.09495958118977564,79798a2e527fb88ab17da97fc950bc934e74d76207867b2377edfac289c7ce06,6b14f0355647f998c5a55c0c33416830f720e50e7f81ac5277dd002a135a6761,597b61745af1b9056f785942c0600eedff5d5e281200530aab15bdf0feac09b6,3079a655216eef3ea753548cff437a011250aee0e3321539b4a4a1f06c64c0d5,0.31962899991776794,r1_parity
1,parity,0.75,0.02,0.9,300041,r1_parity_sigma0.75_lr0.02,12,ok,,0.8823612153756069,6.594023788414417,0.3195968897818084,0.09651826071410613,46829aa78c5762a9ceb54ca8863f3480de6482517bfd1e43afb0bf0bd89ee10f,5fe2e72c346db70edb03802941639391b013a95df940dd11e187db63f3e31d41,0d00e39e255f46dba3191a411405565806041187fee5340f137cf919061fcf8a,02b7e89d2e646ef07a17336532bfbbe69e37fcd93734279063b8fd56c763f50b,0.31704504194203764,r1_parity
1,parity,0.75,0.02,0.9,300042,r1_parity_sigma0.75_lr0.02,12,ok,,0.720922930020796,6.399091966420274,0.35024022817632683,0.10227014662748743,d1de4d8d5d0089d4d77b163b6384abdb2b66b12058825b0360411bcaac5ee92d,c96616c67560f50dd3cebed2c47ab6cb33774c80774dc35950ae0077ea90dce9,236c3e9d974c8527f82c627e7f9465d89ecb24c2e5c55dc5fb79abb7dbacc564,8c25962c49d78a6f8b7e35d2c29fdaa5e6e573a81721ab967f5593acc3ceee72,0.3159005829365924,r1_parity
1,parity,0.75,0.02,0.9,300043,r1_parity_sigma0.75_lr0.02,12,ok,,0.7152543825558257,6.358836458609573,0.3407152051305648,0.09812597907760266,ef8e7bd25984576db7218ca16ec08bd0e975634b20df074f8af7de4fe7fbda55,53f7262f5cd4d611f0f38b893d60ff604847d5eca0ebf2e1a7e1e98ef996a655,dd8941e957bfda920b24148fa5cbe1e451f423f0776c31fd0c1e985a30e475d8,804cdd71df5e59f9eb180a634b7edb598c19914e40216b1096360d22811762e9,0.3076344169676304,r1_parity
1,parity,0.75,0.02,0.9,300044,r1_parity_sigma0.75_lr0.02,12,ok,,0.7193743977262606,6.315058796402365,0.3245554597979196,0.09996308161775924,ea06d8f954be15f088b6b90d0574b59f97197659e1302f3a9a0fcf4587fe8a2e,b404b0e35919d04ba7b0a4787f4141bc945414ba3d55c84d25c5d179efb132dd,372abc43814f86f660d62de2915810d1bfe0252d8fa419b04026f71a3f5ab720,36e21b40bcbe490b39bd584076be8826745bc332777146a36a5cb7e3e3bf39f3,0.308927166974172,r1_parity
1,parity,0.75,0.02,0.9,300045,r1_parity_sigma0.75_lr0.02,12,ok,,0.8482395935646834,6.48589732594837,0.30524618463965786,0.08974237828405941,2bd910b6630755e770f64ec326f47885a46e28caa1cfb2ece9898be6c52254a0,0d407ec9546bde5c8283677841f884df398b4edf2732dcb0e9dd9b8da082f3fc,9d81f3cb4360e76f6436ac7d825a7ca5602d5d45944f72eaf71d524a3217427b,1087472e8bc8734fbf6a70d800cb5c3cbe08ee37fd24af65893952bcbf850bf1,0.3131866669282317,r1_parity
1,parity,0.75,0.02,0.9,300046,r1_parity_sigma0.75_lr0.02,12,ok,,0.8331628337829289,6.487906585483174,0.32321990935025424,0.09728919271442651,d5da4b35bdadfc27dd3908a7c92fc60c1ff033f7604349db35b46f48f15ce767,ff0c44f2c421e6eceb92495760ec4e53e943b09896522d93659840e35221af7b,10d4dd942fdf8134d835a7c230f64118d1d5cd38b1b1c82e7fd1d5f25707edd9,8c62be20419fd7cea2af4f2931d183ea2e6a778c3f3bee335ff402b452c8a4a1,0.33994949993211776,r1_parity
1,parity,0.75,0.02,0.9,300047,r1_parity_sigma0.75_lr0.02,12,ok,,0.7761609793103081,6.341409382572099,0.33119090916762367,0.10101322729612522,ba80f6c2328d41463530a291329dc92669415ea45bc43bd361aa88ed368fe2cf,f19e3d15b50f8f8cce7c1ecf8cd85899aea4f5e9b0c50a8617fe9a8f75ab8daf,ac7e3e00895fb9d8d56b3ed3dff58e91f036d32da4c74f8d05f85d77c907cec5,fa31d5eb1e164a2a804d6e9217c3d97fc24bce1998fa2df64f82309ff236a330,0.3407395409885794,r1_parity
1,parity,0.75,0.02,0.9,300048,r1_parity_sigma0.75_lr0.02,12,ok,,0.7420592567517499,6.372378002845544,0.3469671249274937,0.10304923610346563,2cebda7b822c6ea3ea437354fbbb1e7ca35303cc1db6c1d50b269ae1ad585e6c,b04449e3feda4928d4221f04eb43121fb8b890df6ce8d3100a7497b322c3cde5,86adbf3298da2cfb1bc5a5a557bd3516882977ad6c857d85affbe658d6d7d2ce,7b13b750fde1c4a9c4a7d81681c6792d14872679066f8bd0c1c73b6414a5a54c,0.3441874999552965,r1_parity
1,parity,0.75,0.02,0.9,300049,r1_parity_sigma0.75_lr0.02,12,ok,,0.9057852038806861,6.627132824430846,0.2819148555416704,0.08513828637358446,4dda00783c3e9dbc89186954d10259bfe245724c40f8919bf579a059889831b9,800ad9b5f0a3eabf05aa8276d0c4ca8cd2b65ace12abe3fcbd9065b9bc20280f,6cac0f1019ba02056b4f29ab53e3be72db191db997b2aee010d7beb37435db9f,2ca741358b6b68ab9a42c5487326c20b8a2c6ad0638443d6d1b4cc1d9e95dacc,0.33124441595282406,r1_parity
1,parity,0.75,0.02,0.9,300050,r1_parity_sigma0.75_lr0.02,12,ok,,0.8104763047021583,6.431757184903762,0.3161697650000926,0.09485092950002777,390f2b6ed4c28899f7489d28d61acd3ab3dac981995fc19428cbf72154196d5e,0937bba965de3b29400cb0316413f15a6327a16e51075e2bd85761227b696178,37ad5cbd72fbc28c54767b607e2fbc149c256499fc3e3472e7599dc5fa24a441,752fa1c0af8a28c64046d760b111c274213eb8b16eac843b68e77fc69b3d8fb6,0.3304840000346303,r1_parity
1,parity,0.75,0.02,0.9,300051,r1_parity_sigma0.75_lr0.02,12,ok,,0.7172137980273139,6.399114082451139,0.3676282439311832,0.10771507547183669,40bd3fc16e77f7f16b4a4180dd17723bd6a874c87a2ba15961fb2d1de37f22be,3e8a74a0dae522d0d97418de854467a0d05ddd3958b9920af2b9026372da8f5e,b26aa39081d9f36da50df9ca30ae6c96e2a011727cdd9485cb734f4c4f62cdff,eea3dc79a26b5053079bcfd9f18bf0e1c5c45bbff7e6f1e518db58391ab0450e,0.3386302919825539,r1_parity
1,parity,0.75,0.02,0.9,300052,r1_parity_sigma0.75_lr0.02,12,ok,,0.8698421597585281,6.503804527725641,0.322125140562733,0.09406054104431803,7ac760f36d6a12efcf52e8294de109c9d9887444b5e5cd9434e0ccb624564774,7295e148730692031f359fdf837044caacb2ebca1b6665c815a15a29ce443773,e665c659cb16c19a45451c0593eb04ef2256a39623944f513ea154c0e2b6c7ba,52eed8102a22d812d30099ae8020d0c7ab21ac209f0de6058f380af0692eec03,0.31962779199238867,r1_parity
1,parity,0.75,0.02,0.9,300053,r1_parity_sigma0.75_lr0.02,12,ok,,0.8514735447168028,6.563458993325102,0.28859578418165144,0.08600154368613212,07dd12f5b5c72d4ce65bff27a2ad311d79b21736ffc2b258c075480649ce387b,d9852a48342447f1e59125dfb75c6b8b13de5a1031a1a2f49fcfcb34ff893dd1,5d872f73229b633caf8655212b28574c7143ff979209b2db1fb8f95ceb2a8045,6dfc344baa400a8ba9e676e7076aca891ff125b739ee42f3408de6ef52bcf210,0.31843245902564377,r1_parity
1,parity,0.75,0.02,0.9,300054,r1_parity_sigma0.75_lr0.02,12,ok,,0.8374520458072615,6.525788840783665,0.3144241992411041,0.09589938076853674,30dd86d095ec5d698c4e2c00c27bec4505fe1de45ca78a4c77bfdaf9a1ff2a4b,88556dbeea38b9e3f76af13cabc3a013f5842a42df9d64f8a2f8711bde460ef8,4e1d8ae44ddd7c08a34cf6cc556a761c62d6bf3f10189d9879fc31f14386629d,ab386d1e79fdc87b79c659eb7e462577d5d2eef62fad879bee57708c5b728443,0.36400829209014773,r1_parity
1,parity,0.75,0.02,0.9,300055,r1_parity_sigma0.75_lr0.02,12,ok,,0.7513426622997037,6.438306576148874,0.347675002587753,0.10604087578926467,08251a850e5eaaf3bc0db7235541dd9880d2de7b33498b9b1ffabbcc6a82e031,16103b6a02a3e8dfca8c66e03d66f1b0e1227382f6ee949182c74ddd9c1d66d2,aa559841abc830becabb7889aaf5610cd7f44bfe8fa3c0afe3b6861586764e0c,16fd27ff1eb92b746dd57725bdadbb13afc22f90bea17b51275972ea2249de96,0.5120659579988569,r1_parity
1,parity,0.75,0.02,0.9,300056,r1_parity_sigma0.75_lr0.02,12,ok,,0.7848701883080991,6.350431314365434,0.3141662461712314,0.09550653883605435,d3ed01aff926b25fcd5ab72720d1b1d98d64c483df418e299d719ddb69984290,28a8d7c637b0fe9a248ae3d50677aa2d4ae5a6c7369f00f0a65b37272e587765,503064bb4c8ac56dce73d8ae4c8557d242720ba94caa10800d2a8732e4216a39,9a40b5e43dc6e350d282a3dd7eb1deced790899737762af1d74b6a126c80d4cb,0.5194392499979585,r1_parity
1,parity,0.75,0.02,0.9,300057,r1_parity_sigma0.75_lr0.02,12,ok,,0.8686365028201796,6.4680740763416855,0.3231294391376085,0.09693883174128255,46b86bb023c8eefe512ae0b282cadf490362356ee2bae4f1177511af1d02223d,23efabe96dacd7a930475e0fbfddeb62fc5649c0a94c45d1506afc56e10053df,99963d313f789e951f0fe79a9c2dbf184a29b12624ff88dcc4ef79dc23f1e935,35f57180480e97c7c5f9d37da063dd6376e8ef28b224ab4bfff70ab2f1f699cc,0.4847997499164194,r1_parity
1,parity,0.75,0.02,0.9,300058,r1_parity_sigma0.75_lr0.02,12,ok,,0.6525903570059699,6.3422440440181935,0.362059994802553,0.10753181845635826,be54da548939eb34c198c5b8af39c6b40768c19f8c0894ee69a24207b6b465e4,e56069914c786018770bce1a7522f77d4bddd47cb0cd7f780c1e90b386a09398,44f405eafbe3c50335c14a24299b35fa15dd5824cdf494448774e1ef45fbc744,dabcfa7c2f5d200251dc0b30186da0244d28c21276e79a753c5ae2411d299e9a,0.34797108301427215,r1_parity
1,parity,0.75,0.02,0.9,300059,r1_parity_sigma0.75_lr0.02,12,ok,,0.7345893379662078,6.232474476421288,0.3492118372975792,0.10406512751467861,86975954ea25afa24d148cd0d80a4f12817f3bdbe7943fd11114ef1e5512ca2e,ac92c365f27d645f30db1d16e6504134289e056b66e3d0432559610015e7b01f,8076a92d1eff89a131b1bb989745bbcafcecb7ab8a908bb396a2ea86372305ea,ccaa4ec032fa92f733b5daa7b9dbdd04b139ed3e9a3e0c6be5dff200f154345a,0.3479163749143481,r1_parity
1,parity,0.75,0.02,0.9,300060,r1_parity_sigma0.75_lr0.02,12,ok,,0.705861168771009,6.392372742426644,0.3385612893376486,0.10055270293328164,ef3dfa0dcce3266b8e64b5185906508ef9724df33f314b80d6e605d6a76f6e29,85f9e8162e8403ef1422e75acbbcb246cea4fcfcbf305c2aaefe1134d59965ef,69db05e052793e945444e30062ac177b35f237b6dbedabba84326570082c0984,a6b790bed7ec4636d57e90a29eaa97c93753dea48d83aa20fd1718ee84bf82b5,0.3399958750233054,r1_parity
1,parity,0.75,0.02,0.9,300061,r1_parity_sigma0.75_lr0.02,12,ok,,0.6580624626780673,6.2462903082011385,0.3782451358217315,0.1115823150674108,cebafe01e6af0ee95f79d83a58cf7c3e9005f4eac4718eaed5302c26f67536a5,a034bb4db5a0ed251a7830b45b049184cd6466ad4c690b2da4604f786ad3f27f,51710a85eba65aed03a40da4db76c721f5d39f74eb8ad2317a5979496927cb60,a48c1038cfd996cdad4964e5201ad3b577bf9e1bbed090ee121fd858479bc50a,0.49045804201159626,r1_parity
1,parity,0.75,0.02,0.9,300062,r1_parity_sigma0.75_lr0.02,12,ok,,0.8175017222731986,6.3708744866657145,0.30059374689021384,0.09258287404218586,b31435f2845f9ffe580f90ef95b59358e3d48dd35beec15b8d9a352d33daa705,d7eb8769059fabae7482833a3bdb6411efc7b8bbc9dad9030069e8fb4af0376d,e0c466698941e43033d201e50dbd0d05e54f7d14b58ea01a9931fa7755d20854,b728893e504a7036de29c1a18fb9e8f542f9f5b8cfba7547ce612ca583d92e33,0.508403499959968,r1_parity
1,parity,0.75,0.02,0.9,300063,r1_parity_sigma0.75_lr0.02,12,ok,,0.7584893505860879,6.301805869758037,0.3297033264163121,0.09462485468148157,d6d2c5ebe7f763691e03746a41367e5be0344eaf5fdc66167695a8638bc42d03,443b43e8d82c93a9b6859f49bc9c1384d25cbd44a30cdd875c6562dd650ff6ff,ce05d11c7a1a1c10740f560ff69a559e1b594377eaafbd3cf0659a37bb6bca50,6d8b71d11efa2d02fd2c2027245fda227b312934b574b5ad61d85ab941713e9e,0.5542094589909539,r1_parity
1,parity,0.75,0.02,0.9,300064,r1_parity_sigma0.75_lr0.02,12,ok,,0.6787949003250107,6.28483612584864,0.3850971640618623,0.11360366339824937,a2279af607d348c7eb3e3b3dc6d4045842a3e1c8cd56db71ed3c33fdd34d83ba,2d4cb5b9640c9fd1a8540366892d9096ce2ffb3b0448e9de439604e97fc81b00,0f6cd883845e7deedb28ad8addf0c3a092f5f05c2c631e67140ed0777f55a3d1,00914c82894b68eed660387df5d0ef16cbb0d27733e3eb37fc914f6fb5ed9bbe,0.47952825005631894,r1_parity
1,parity,0.75,0.02,0.9,300065,r1_parity_sigma0.75_lr0.02,12,ok,,0.7293176939386181,6.216383345028855,0.34055708667137097,0.10386991143476815,1cfb2f28eb8cc948dd0f1611cb56cb4e6560995412560e94f6b63dae98e6ad18,5880d14001810cdd467dad4ebafe5b0d6e501f3f570a4df3600f1534c2b7616a,1b7cb54e9f287c12f37112c1482b7db47998a96072f0918234760392a7c7571c,fa1db1e36ecdcd0ad6efe9210500ea27d6bb4e27949a1ff1665a0b33d4d1e4a4,0.4651340829441324,r1_parity
1,parity,0.75,0.02,0.9,300066,r1_parity_sigma0.75_lr0.02,12,ok,,0.7199856223599153,6.437026078426384,0.3458806272168564,0.10099714314732208,708269c9fbc27a8cde579e683a6367880c14143b935f4908ad90b01362b99244,6549ca8b41b89433ed9700fa8e4e609e210451b9c7ebfbe6f1edff98e603ef32,54ad4239226c0c75adc1e156718641a7abe491df45dc54a0283be12f8ee4cee2,ecc29199e15346e92f1dcd7ac643acf71385733c2f060fdec8eeee72abeb7079,0.4375287500442937,r1_parity
1,parity,0.75,0.02,0.9,300067,r1_parity_sigma0.75_lr0.02,12,ok,,0.8285609052730528,6.434659065302677,0.32450248626140626,0.09735074587842188,081f0a8188505511354ed61a498396ca9f725e574fcce6253e57e031ed00a1a6,e1589b617124f4cb79e463a004e07e664bcf84d0d57ca0ccfcc221cb90bd6916,d1fd09649534883cd89734fc81e842ca9f19e587d1eec827050e48246270d9e5,9edbb7bdfde57fd843d859e85786cb954378224b5f09fb609180c372b534ab7b,0.3304164579603821,r1_parity
1,parity,0.75,0.02,0.9,300068,r1_parity_sigma0.75_lr0.02,12,ok,,0.7536756427645537,6.398105065899362,0.3385767267985386,0.10292732494675574,0bab71e6eca3d3074b94363a2595e397768bf164f5737259b49028335278c69f,2352320ecc2428f76669b117992f88aa230efa0f74713ebf4f0d5ba8b32e0b81,a1a6b27c7ca37e94608ac405162ac117bc100d400cf1254037c425157b794335,5b3bf7c2bf867cead731a3b853667e309afcb6fe88fa321045887fe5d44b46fa,0.3301448749843985,r1_parity
1,parity,0.75,0.02,0.9,300069,r1_parity_sigma0.75_lr0.02,12,ok,,0.8004625351729688,6.497965718504757,0.33264497413966027,0.09979349224189808,6174d2c5d4074cd59901346d33d990e3b06dd344d19303a5a61f4f4ab30feb69,13ddf607a526199525f36e82d6ec66fb92b3b4a84d3eab35ac1e71aa897d1d52,91859f0b01151c1097033ae674fbe94c81d0f5314fcf3c276b0e1ffd7d3970ab,d882d3bc7b9be9560a9a189ca4436a0eb790ed2287a05865e205018d138ff965,0.3363523749867454,r1_parity
1,parity,0.75,0.02,0.9,300070,r1_parity_sigma0.75_lr0.02,12,ok,,0.8485192551917577,6.300020880903777,0.32715823444547315,0.09912894503697836,f634cc4e2d1c13934fed7a89e1dc9feab288a32e837cb405f0cb855949395708,ccdff70c19143dba1653dcbb3dbbffabc6f7f1c013b1dfb8a1e39a9aee3a3577,bab40b5fedf934230d9d0d16692e9f5c5470b8febc8fcb7c060c461410d6242b,fc26c45fc98790fd06fa984f2322403edcc44e6b5f3e6988ebcdbe46186dc749,0.3223876249976456,r1_parity
1,parity,0.75,0.02,0.9,300071,r1_parity_sigma0.75_lr0.02,12,ok,,0.7590017711208004,6.291864317111822,0.3456161632797219,0.10264800049407741,a7a631ebdc901b6d1afebc5883b03deed2af77787993e7c43d983c2bd7ba4001,7a9ef81ad7224233cc5cb38b965598d9364349ed4072919e19c10e80bacca046,afd9fcf2c73317399ca16983efdfcd84868997fa4de3ba4bf51e3ab8ee2ef96a,4d769d53b8cde4a97d7cb9dfef32f9894ff6397eac6a11b52f5e8b23106e758b,0.3189952919492498,r1_parity
1,parity,0.75,0.02,0.9,300072,r1_parity_sigma0.75_lr0.02,12,ok,,0.7203449123844025,6.377888658174819,0.3481733882280949,0.102711149527288,29476ceb6b9c7bc9a00c948025fe869f227afb88b4f615b258137802f2c3d508,d2f5e742631b619a124a6e2d35a067c5b263572690ea3f3a50c8fe4ba810e605,8977935e02929e7becc78677eb5907cdee0ea75c29229c8f279422d8b8ebd7d8,fa420d71c9c1d0c926a72af67d687ef8a1d500d7516391617d7d9168f1ce21b2,0.3128502090694383,r1_parity
1,parity,0.75,0.02,0.9,300073,r1_parity_sigma0.75_lr0.02,12,ok,,0.8896779855394824,6.328019346963702,0.2841263782688009,0.08438553434583386,94d96421ca2c1b509b027b228ac8292f226d27321b9fe81c04af907c5f10cfcf,ea343b04223be8eb207fe79b900dad6f48ebc9d78b3bd560a6b589d849c18632,d5f47536a2aa24a3162810e429c26199883fb455220cfd01d9cf541c6006fe40,d1bee13fea0a1eca2a256775bda53f3f0f732ee48b6568a9205c300ae7e7d4ac,0.30276162503287196,r1_parity
1,parity,0.75,0.02,0.9,300074,r1_parity_sigma0.75_lr0.02,12,ok,,0.9035546988196888,6.53169758126338,0.32293295432298463,0.09752575220554136,f2250eae7e757ccf0386e915268746609495ba31fce4b4abc9a865ab6e47686a,5ac414598748c0d70db4857128449cbde5756407a395d592f1e8f0d8bf4b5c79,b39548803e380e78afae47b293cd57cd498c8c44c3d7328d137cab95dd5630e7,601cf290e88056e6aa8ec2ca374a6ed727e1d7805c0d56b0d6d567c43e37374a,0.31252312497235835,r1_parity
1,parity,0.75,0.02,0.9,300075,r1_parity_sigma0.75_lr0.02,12,ok,,0.908576484784464,6.4433317918918815,0.3054207964316952,0.09162623892950857,7dec063783091bc2e04a4042c3c3773b5ade267b870931cdc8039fa0219f28b1,a25c1eb5d376fa0b58834737109ce6926d29c8f0a8076020763734df14b91a56,f1ab4a2923c99b2be8f52513ddb62b5f3115eff7538a77c8b4aa931ffd4eff42,cab975c6161f4fa5914a8ca833b94e09e8ec482f25f7ae263a9b2a09c07db7c1,0.3082967910449952,r1_parity
1,parity,0.75,0.02,0.9,300076,r1_parity_sigma0.75_lr0.02,12,ok,,0.7341446321671147,6.382103527400214,0.3525096997691532,0.10187530323328528,874f36301d93b1a5bcbfe168684f14c2ae66efa60b0bc3f6963cb38d49893ab2,a30bb8ba2fa3f25d8d30198f6baa7b531b0290bf636c95bff3cdf4e85021d3e3,3df34fbe72a6ec06222f16b3f3945ec50a28d566eed39cc823b976f0e046e934,2a7eafb147bf5cb3614fda7ee67722cc3589951f9d980184a6776c1546782f7e,0.30661587498616427,r1_parity
1,parity,0.75,0.02,0.9,300077,r1_parity_sigma0.75_lr0.02,12,ok,,0.6406149932702838,6.230028852773167,0.3656807950057599,0.11116696168175101,ae4b1717c7ab36a8bf739e3c3e609f149fdff4c16f64795219832d1bdbe563af,01468e53e4630aac84262b5039324698644a6a60b78851a2244d2d5ca7d5cb3b,f964cf3c92aea6f7193a2bc545cb2b1cf4563c33fbf91422d7d9fd8a9a1585b6,2870598a3484c2ef6f1719f2caaeef9896d9edd0899b80ef33db14016ac99f1f,0.30541858403012156,r1_parity
1,parity,0.75,0.02,0.9,300078,r1_parity_sigma0.75_lr0.02,12,ok,,0.8716484035494994,6.5010317230894525,0.3084691735051326,0.09223228287803464,fc507e05a21f23918e50d7f9083a51ab150f87ca134cd0efd7c9b54191cb9adb,7b9ca0f5a4d48af552fac2e70ed042c3545b15fb9af1361947503fc8f8c0cadf,3c26773201de8f53758a523e4e9e117b57f250c73c716c02f557927f92598fe0,995d72d0b33af9fb8f14328fea089957446b482e722daae613629be9a6cc2c7b,0.3098549160640687,r1_parity
1,parity,0.75,0.02,0.9,300079,r1_parity_sigma0.75_lr0.02,12,ok,,0.7073110559285022,6.48476313154171,0.34845661000707834,0.10732463588218014,99e3cfde53d3779687e41c4889b2c25c000b0fcd2df380100446ba8715eb8ec8,671c1c32f5796c76ffd63fa2ee7f179f0b0fbb4e4d0a1e393c4129332e01d5a6,05e654b3327a5e26890e9b771b6400e5ba9ab79d9f0b252f9aef0ef0531e2b8e,f81f7527dca8bcaabced928c219171f4aedd46b78f42f1d373f92db3045e4a28,0.30652754195034504,r1_parity
1,parity,0.75,0.02,0.9,300080,r1_parity_sigma0.75_lr0.02,12,ok,,0.8954411140843672,6.563969955695013,0.30415647490886205,0.09033447304793202,0e3d960b755d50f9638f138ca006e5501b07ca00e96338156fe514e01912fc98,1cbfac2f19d4c0ebeb40fc9e4eb17765a40b7e9b64b7903e8debdd4f6b207474,238b41c902d3ef9c0bd2ed48a46db2b4b87e8dcf89cbdda9480228c9b1a9f74b,d066014f685a98a43f50a350a4a386c9f954038990a321a6a2e65af88942c236,0.30417562497314066,r1_parity
1,parity,0.75,0.02,0.9,300081,r1_parity_sigma0.75_lr0.02,12,ok,,0.7520644939828436,6.438606074333998,0.34037164140271536,0.10313260734502275,ba2f638e3dea8ab3bc59b28079c678391c132e83fd9186ea1da00b1add31d0c8,1a216ec3f73d111315128ec3ea4d639c9921edf923f3131c1bf95862d334f31a,b1154e3386b943676e8f461c997f0a13c5983d26ed22c9c748832d5d14b5f021,a0f2d77abf82f5614d39f1ad435d89ef9304fb94627802de39e186279f8013cf,0.3067240830278024,r1_parity
1,parity,0.75,0.02,0.9,300082,r1_parity_sigma0.75_lr0.02,12,ok,,0.7756208876534114,6.5094140034177865,0.3282230040859786,0.09748223221353564,6c99cdadc1611e488d48953877d470202aead6ee43dd801e550e79a6bd0e922d,7d0c04aaf56cf065cabc2f4d8c5c616d73547978bc744188c58727f7bfc38976,265ceb9b84556e41b99cc6a1310f842bda0f172e675f813e9e731e3872257ab3,b23f6b324793cd89c58863c34f7d65900a5ce6a66e2ec6d3a8fc7e557bdc6f4e,0.30413041706196964,r1_parity
1,parity,0.75,0.02,0.9,300083,r1_parity_sigma0.75_lr0.02,12,ok,,0.8660360241900976,6.505901592872677,0.32351709719162075,0.09511402657433651,fb2734f5bab358e14e01f2c8e72617ccdbaab144d7802f2c8c60ee7f1e3ed644,84c7e32ae9100532c76001d8d1c47683e020e8e4c9c3cdbd4666f567820d7dfc,fbae546b3efcf6008f28f3d5b5d868b976bc5cdd69e6a4602d7e05fa06b2aa3f,f8eb434f6ae420cfaad0adf55275c7c55e4c0c840fa8098788c5028aca296151,0.30928091693203896,r1_parity
1,parity,0.75,0.02,0.9,300084,r1_parity_sigma0.75_lr0.02,12,ok,,0.8890086875497751,6.479697582292043,0.30546269765990725,0.09133334660031227,307f937ba084b91de860668af0fb0f69372364bb6ce4fcef6c017c30674f17bb,1cb069d54206b5c7c80fcb7a9417feaf0b8aec9e6bba2eabacd8a44cb5aed089,2fd02768fdb7f146b2cbb15b8dadb8e9814a9305c312fd799e8f900d7f3106c5,fef2160649948651a90fb1561aa916a306a3cc1bda90373fc7361e6fea0a8aea,0.30243429203983396,r1_parity
1,parity,0.75,0.02,0.9,300085,r1_parity_sigma0.75_lr0.02,12,ok,,0.7995534828138887,6.410487226913683,0.32148385137095525,0.09612367155991562,b7bda8f1c6157533107318b4929256d5284403e4f9593ef909e880530d05bec6,8f4efd48e45a79dd017a1d7a311edb86e9da535faee03ae1a88e4a1c9590a97c,3c7883f7360ce27199c4283ecbf61af6845a919dc9f733d60d2bb0733fbd9d4c,61c32b0920320230f5c864461eab04397778a59d428cc8fe1239aef31e94ee87,0.3071801250334829,r1_parity
1,parity,0.75,0.02,0.9,300086,r1_parity_sigma0.75_lr0.02,12,ok,,0.8748273631994171,6.444600538013263,0.3185854966408235,0.09716857647545116,7dca81a4c91012a56cee488c1a773d6401a3ad74b9a9405b00de27a2cba11f3c,e0324572697d072a56ed3c04da591c40f89f4e8378187195dcece0e344b2e000,2110537b7d7299e84283a399cfae209e4f9718851f7f11560a9d0981f82fee4b,735063de7f79bb71700b255aa4f8773364505d0383d86165f178519be82cd442,0.3063947089249268,r1_parity
1,parity,0.75,0.02,0.9,300087,r1_parity_sigma0.75_lr0.02,12,ok,,0.8866093692142222,6.5485486037255685,0.2990140393447893,0.09000322584278159,2cd875bdde423eb1353f1213770192b7df8bd876d40fb1aa71d29f9f56f00fee,5e9e38ede140f2d6f39e4d2630dbf7e98417d17a2d266b77b6dce2135af70253,d6f9401f4860245c006a1885baee5959823b4f53355b4fba06eedc7c545ce49f,a52404191f40281faf150971c139c52e3e2f5256be3171e030841b9200a95c48,0.304755249992013,r1_parity
1,parity,0.75,0.02,0.9,300088,r1_parity_sigma0.75_lr0.02,12,ok,,0.878703905701589,6.504645962725001,0.32239366097727806,0.09478373632731975,0030bf09b7aae09d5ca485e801a912df314636550145ceef5f18ad2202a69b51,ed7150770cccc71995eec6416e5eb8942b5187c46bb88744c3cce6ecfecca45e,b160cc9820d53513797a61c5a19487ff1000de3e0f3d8e4c1bb4c0e6b1194c7b,6ba98fcfa63df65b10441d86b0f88952b75b00359b16845ad8da9e14cae2b44f,0.303799582994543,r1_parity
1,parity,0.75,0.02,0.9,300089,r1_parity_sigma0.75_lr0.02,12,ok,,0.7075131142306452,6.301340347977646,0.3680649599159712,0.10526657853596777,c661e54b95aa168b9588f9db764694b9637b19b067f1ce1ef87d834330b73929,60508639f832531b067f6ff4a1f52ad903eb5f468fd6de942af85d30e535bba0,c32b6848e21b9a50af8f9e79eb6df0be6e0f2a64af10712fa7ebfbcb23bd0582,9562f3e572a4a8ff46bd81ece61bcf09452cd308179a965e64e3ae42fe9c7e2b,0.3118917499668896,r1_parity
1,parity,0.75,0.02,0.9,300090,r1_parity_sigma0.75_lr0.02,12,ok,,0.7299350786540202,6.4668659236697525,0.3368912415585845,0.09971980750134102,98cd9fd3f5a0edc83a0ad4fddaa12ced64d760278d475564fff1f1c5dd73e084,eb3f6b474d6816be6628e288f25ada76b0f7d91970b57b91c195cb1a75bdfeb0,9dc46b6c5ca0a4b0f08a26386be913a69ade97c8e512cd25414dc9ae9878f34a,fd27c1cbcad7d8cc4f701e6de03f98e37b79e0cf18bd409e6aba344a8c5122be,0.30489054101053625,r1_parity
1,parity,0.75,0.02,0.9,300091,r1_parity_sigma0.75_lr0.02,12,ok,,0.8540570424889129,6.508314646657521,0.33105652279518183,0.09766167422457864,3ccc764800bf27bb75e2094ea8a123146ca3bde83ec7563c79a484f44610fafe,6d41cf29ae36d582d46a36d3d13ff7bf618a41b289a91760c47e508267a1e2bc,db407983fef5b206f39545297413a7aa15348c020465521dec172a55dd714019,f4cf32a0d56c22e2c35f6362e1b584cd426779ec8fc1765e82b51bc10194defa,0.31303275004029274,r1_parity
1,parity,0.75,0.02,0.9,300092,r1_parity_sigma0.75_lr0.02,12,ok,,0.7001660304377373,6.241213836010363,0.34712185513090704,0.10378943468414122,ba3787eb400695bd780a7f47c9aac7da4c6b2a214e9244efbf6a555d261b6db2,312c1762699384512ffe8b45d038321bb9111baf907d3b4d299e58986f587df8,6009430313df6b77cea37c720620f3e27e274d080da404b5bed3818beb4435b0,aeb4b1b05cfefa16d55755d9fbb3466c0ee32e93f0f20265bdb463b207b4a2fb,0.3038623329484835,r1_parity
1,parity,0.75,0.02,0.9,300093,r1_parity_sigma0.75_lr0.02,12,ok,,0.8054524801842797,6.456247375179711,0.34448244818782825,0.10506714669728762,a7c87e334d754c35efcb9e12ce12b8d5ba21cb97c762ce1c5240cb2fd48ba9c4,3cc8f5d36dcc8109c4741d577771dc446ba604413af58962bdcbf19baf2f0dc8,7ca6343b7a31f3f67f9e05e315b502d774d0ca140f6d6adb18fcfb1528357015,29ca053bcf734c3ce271949821c453b56c97d859e44bba7f98583051a8a08cc2,0.31366141699254513,r1_parity
1,parity,0.75,0.02,0.9,300094,r1_parity_sigma0.75_lr0.02,12,ok,,0.7710812637779618,6.418103636893304,0.33994110220451657,0.10096250735474142,fe0cb28c5e5207e0eb8d04b69d0a192adcc44035ebebbf0a71afe93c9c1de479,0cd090b78186e5e94dddb02b661a53946c90c56c0135969d592b1a63ed8f5b05,237cf5e8e392e8d3cb9789a0295cb4f0d2239b08f76569216567ed0e25a6b24e,390eaaf0f5a46661e67733ea69828654002711baff3a30fda0000bc8c91d94dc,0.3516689579701051,r1_parity
1,parity,0.75,0.02,0.9,300095,r1_parity_sigma0.75_lr0.02,12,ok,,0.9142174444111354,6.515869047774755,0.3128423566114129,0.09416554934003528,2b1d3f506c8358f83f3f6c4c478ea6624d3260edd10ad6d1d620211c296428f5,0645f2857cbee4f45e0679741b4cb95e945e216de2bf7f7e7ec41b2cda9c8c36,be1a9d3668cd0ae796500668b1c7040d7a7deef50c82de6c03ca06d29d71d5c4,714c6cff7b15eb482d3f63836b0b8f87af7a686d1aae3bc75d44c03e0961faee,0.35107658291235566,r1_parity
1,parity,0.75,0.02,0.9,300096,r1_parity_sigma0.75_lr0.02,12,ok,,0.7804439993838511,6.44143517107109,0.32665961418154,0.09603792656937275,a8b2a6d596c52df65b7d82272c0d81d9d2c9c77626ad4d90c15fef87fa6ce7bb,a2772ee613085871d2c6c6b322c84ca766ff812bd99d4bb412f81dcb90de15d8,9870b7b051d19b22ba1e1de80bdf44959353ee13fbf00af1aee1787ab5c9c043,b6a70c814f659239a913d70dbb971216201582e3467013163460b8490bda68a7,0.35992579197045416,r1_parity
1,parity,0.75,0.02,0.9,300097,r1_parity_sigma0.75_lr0.02,12,ok,,0.868242656054235,6.523321341458331,0.3273276241019945,0.0959069938618844,6a58ea514372c71630cb99b35cd8e07be887fa6911b53f19b5d704732fb75bdf,e8c8a21ce148719bf4d490968666825c456df5cdc48f065ce070475a9f61b2a5,5dc1a22dd45cf7dd75e75faddae7ed627a49577b36ffe412360df454f47eb19c,23daf22c57bc5cc5521acf30ea17732b45c5c6ba8663614a1b93c9062a4f84f6,0.3945474170614034,r1_parity
1,parity,0.75,0.02,0.9,300098,r1_parity_sigma0.75_lr0.02,12,ok,,0.7143368672790047,6.434636510574821,0.35507193296135475,0.10652157988840642,998122d28dd5e545db51a6f7b951f9827ea9260ec2b0d92d5c37cb103d0ba6ff,cafbcf058d29eff2ccbf8b9b9b6915872acb9632484a9ed2be13751a7165618b,287d87fadebba1312633eed9cc5eca6153b7cb4a2e16f55ed57d8b5f1d3692bb,0fd6425f2d8423f1319c25c5903efbb3c4482debfa4b1fddfa9b88c1084cdbf4,0.4022455420345068,r1_parity
1,parity,0.75,0.02,0.9,300099,r1_parity_sigma0.75_lr0.02,12,ok,,0.6864585399270074,6.286656750438069,0.3655690534860678,0.11113299225976461,84ae2550cdacfb1a0c04866f5109d582dc8f9d46f21b0b67a1fe731269b4c984,bfe6ea452f11a0df7fc9c4a0f46f997a12c5f847d7cb575e520f403a4bf425ea,4b91ce31add683e91c0dbf068a8f03c9d4f6ddc6415b93ea0b5814740a8a8a03,a108d7b66f9b01d2c20a0bdb216f204ccadbcc1b3aa9768da3df008248c1d22e,0.3970219170441851,r1_parity
1,parity,0.75,0.02,0.9,300100,r1_parity_sigma0.75_lr0.02,12,ok,,0.7338489281287902,6.327764604891491,0.33167094320871426,0.09817459918977943,79ea598cce16ae26ad8840b1327ff8de5d21fd4d9430d25e5240651e7af36883,c6cb13adc09d1c9493e0525b5e9c1857602686d97269e77f2bb4ddecac2d9281,e92d392d1d194caca9d336509363ebb15b56af341db9d21d883de408662cc3c4,7309ec4719643a072b8c316c53d87c418b5e56346c65e0401151bd8a07628546,0.34672370890621096,r1_parity
1,parity,0.75,0.02,0.9,300101,r1_parity_sigma0.75_lr0.02,12,ok,,0.7169565232688084,6.428806022000037,0.33745802315375967,0.10056249089982038,0fb83b7408cbc1aaa63ef4f097d2d4880365ec38387ba68f6e8c06e44ed382b4,dceb90c9b78bbf6b549b8ab484f361187309c14504d742a94a4f018d6ff4ff8f,413e85c25143ffa0362ab305b029f74d056b96768dc2fbcf98ec1f1694c26a18,6dd662bf1f04a87dd1ed7ff525c42b848e4b435968628275146e9bde9505a488,0.34223375003784895,r1_parity
1,parity,0.75,0.02,0.9,300102,r1_parity_sigma0.75_lr0.02,12,ok,,0.8829420703552522,6.508076660932624,0.3113448887153599,0.09309212172589261,e006b6489056566299e5317c5e2b106d8b7edd9487990bf6db04060c6ac36307,e07ce9fa89fc078461c503cf21016be917062050bc58b8a99684204e3157ba1c,4f0cdd2aeb33e16147ec284b1b71e00416b535c9e199793bf0212ac801ebcb82,8d90178d692a78b0688a7cb52cab7cf122b76fd6860ff9aea28f85f364b3a10b,0.34145175002049655,r1_parity
1,parity,0.75,0.02,0.9,300103,r1_parity_sigma0.75_lr0.02,12,ok,,0.7438071979110666,6.335825585427741,0.3154571970797093,0.09337533033559396,84e90d70cb6e50e4307e53a36b76f3648b8d6250f46defb308584a6065977352,f00bf89f1900623e01eb9a58b0cb70f1bcbb56703e588050aab3210550b31700,dcfe7e61ff20e8629cdc8240e70d763599261110382446b7a81069001aee1621,66369f72b237953f41bb6ba9ff9d48d0309897d927a402089a13667e8056b29a,0.33568033296614885,r1_parity
1,parity,0.75,0.02,0.9,300104,r1_parity_sigma0.75_lr0.02,12,ok,,0.8118773566883132,6.433925827921053,0.35101425284878934,0.10354920459039287,2c3887f0f74ede3f0dad59dc0d44c3389907c03911f67ef27c1dc5383e7ee93b,23cf924fe429906fb077746ef8a5906c8fbd8ade881ed87a2d573bfc29104d1b,6547122e72c72d7654a4a6438c477fd81f92746a202f43b66f1afebb113c507f,78e09ce6bf1eac6bce624f7e45045f7c0cf076ed65758952095632b83558e038,0.3473127910401672,r1_parity
1,parity,0.75,0.02,0.9,300105,r1_parity_sigma0.75_lr0.02,12,ok,,0.734401089813427,6.372622019205477,0.3402405302573128,0.10003071589564998,de0ebb6b14e2d450cf1bf792fc262365fb3d059482fdd0b5f214736a7a740690,ca39052c1df6c96c8cc1bb2d62654af1cbbf1e3f5b76fb2794c5d04b41e0a09d,7dad43ae4069ad1a8004e09faa10b5991f4f3d957631a04bddb3fac882fc867e,93d1f117ae9e9a14b90e9d4eea34f7b1c53b8ea9b89d6e19e0b680bfd37606b1,0.35333820804953575,r1_parity
1,parity,0.75,0.02,0.9,300106,r1_parity_sigma0.75_lr0.02,12,ok,,0.6469635776899612,6.25026175577542,0.37117542458185154,0.10986792567622805,ad033ae221c957f89cdf90b8ce75396eb58cbb69b99f95a7271da6cfb9c35e37,745018b097730ce74ebf95cf2852b9b8067c7d69379762899184116cb2ca62da,0bc6d71a25d38129d6b6a4179d62a6c3716c66f7b62fe0dfae514c0d75a23c51,b0c08b8387eda2bb4d05e8661fb7ff07b16081107b14dea5fbd8b3678d2ca155,0.336874834029004,r1_parity
1,parity,0.75,0.02,0.9,300107,r1_parity_sigma0.75_lr0.02,12,ok,,0.7909496312077803,6.360195221905793,0.3240665320869169,0.09754402615816199,6aae500dd352d571784f86d0556e3fa32e53a656708e352d32656ae1efcba352,15b994e67211c5c8a53560c6bd4c76368bdb22ea10aeff9b0b4fa3fe26860262,4b8b72e930ba2135ff36134606f48c99c03b9b21b6f0fb10169b72ba70bda5ac,a4dd747e37ac7173029fe3fdfbbc2cad3782c78fa106bd3aebf10a2dd2ac1c8e,0.33375454193446785,r1_parity
1,parity,0.75,0.02,0.9,300108,r1_parity_sigma0.75_lr0.02,12,ok,,0.7319826596371564,6.483978236459348,0.3490149392050905,0.10470448176152716,41309af3394399959ccfe27b376380ece9eca6d3297ce2213fdf23e9a6d2ac93,d97074ac83e2be40bde748920c734d9759162fbca1875f0f21dc789ac44c5a1b,52fe99279fa730ee8789d11b61ac5e66277d1dd8ad76184005a605e82d655606,583ad006fb9994dbdbd99b7e3e425b0c51b6e2ef7fefc7ccc65cef20ea57882b,0.3235393750946969,r1_parity
1,parity,0.75,0.02,0.9,300109,r1_parity_sigma0.75_lr0.02,12,ok,,0.8947380049650375,6.651668917150021,0.31328874304119103,0.08991386925282183,771fcb9213886ea1f967979f6ad3fe3f6fcea304f2642dad6194341495a315cf,927c3658ab546714e54b9ee0f95b97c491be86f54c7a00bb51e6e63694563370,24f65ac76bbfd155bf897d0e83b8adacd5aba5d9cee8995232f0a206d48c3eaf,ece14f463eceaa08b9a8429af3049bb97f2f6954aa141a0449c54d7a4df2d56e,0.31988291698507965,r1_parity
1,parity,0.75,0.02,0.9,300110,r1_parity_sigma0.75_lr0.02,12,ok,,0.7128408184525861,6.373225620422898,0.34243073338645225,0.09930491268207114,cde45661617a288f63ac7c264248a144b6191f42bc1653ad3551b4b4735ab87f,b99d2d6fd8b683d6356cb6d876c164fe9843b9e33fe8788befbacf4ca22f0c2d,91447b8f4ad4658d6e9ab3e7e96993c5c7b13cb66ee25819d0eefa420588383b,04e6313848fdbba6f5b6cc5b7fda169065843473efef3ef90b2cf0a55da1d7ca,0.3215187919558957,r1_parity
1,parity,0.75,0.02,0.9,300111,r1_parity_sigma0.75_lr0.02,12,ok,,0.7663951860875156,6.57403541129404,0.31723919461676925,0.09295108402271339,e133603627b2009609a3aa5bed97281a6cbdfca6a7eea92a419745c7546dcdde,f7c0162fc827424ac8388e374e078e13fff35507f602aa06f4b2996d6e484025,3f3fd4c930813d9d87a5fcb0949c8361691152c673e49f01b275cad80c097159,bdfd2cf68e857f5bbc20435b8facab2e4ae83310730eeab6dfeb0499fe309f4f,0.31633016699925065,r1_parity
1,parity,0.75,0.02,0.9,300112,r1_parity_sigma0.75_lr0.02,12,ok,,0.8520955807081991,6.505821624450757,0.305177187353032,0.09277386495532172,644bacd763502337e0035239bd1882a2783d5b5a05ac3cf964f3ace18d859473,317341fee9a89e62d763d3abfbb2be4f20cb86c2022f5a63ff588b0dbfce4787,d61189cbdb78688824a7c7ce61f481e76f8093cd9e1392836ca927f460b33dfb,02b6686170747189d4394d8d0de47b7f5d83fe12e9d86fd62e1ac1a93ff4b6d3,0.32048674998804927,r1_parity
1,parity,0.75,0.02,0.9,300113,r1_parity_sigma0.75_lr0.02,12,ok,,0.8345837194985113,6.408760179721655,0.3227166377065423,0.09520140812342998,ea02a0f906c4077add1f728f580129235b1ccebff060438ebc231b16f441728a,5757b18f7496722c3110cf0964f2bd6855ca6e2ab2eb5d5d9fe2176e26a40d5a,04263f06fec60a9effc446cc90a62e0992494702bc932635cb6249b6bbe4653e,bab44dbf735e8527680a25b60c017141cf06ef452aeb3513ac950d2da9413827,0.3228732499992475,r1_parity
1,parity,0.75,0.02,0.9,300114,r1_parity_sigma0.75_lr0.02,12,ok,,0.6951619576392564,6.383188327700386,0.3575300882556427,0.10654396630018152,ce4b99d8f04992133ac07a717779dcd6cdfd51bdfbfe5caa5ff3046c4fd6b552,dc88917ed83c59b5699ba2636285e959769397710157d22d8217c2fd639b0fb9,a42f1afd358ea80ccbe895b9906942dbfd9128d313fce6ad186773c0ce1cfb95,e428e9bcfa80505224367c293f16c55ab37eb25aca4291285176d5494c415050,0.32131166697945446,r1_parity
1,parity,0.75,0.02,0.9,300115,r1_parity_sigma0.75_lr0.02,12,ok,,0.7250398277107545,6.292789762676664,0.3443857310749252,0.10090501920495308,c463a396e85798bc68cf4a062dbaa6d994363a8cdfc6d7c9791e21091069da9f,5958f974d9825dc3c070069675227ef7f9be0ab42121f1e9539e0d2e6b750b37,d4966bdf5179a8d69ae9ddc0384b8738a69b11cf9fb4db99b8e9105abc8ab2dc,67e9bc4ca4cafad66c4c682cb534897be3b829a7e10a83b230d4b28fd675662a,0.3295673750108108,r1_parity
1,parity,0.75,0.02,0.9,300116,r1_parity_sigma0.75_lr0.02,12,ok,,0.7721604091532459,6.3745949911903335,0.345142669275135,0.10043651675906427,084daee521e0d96b4b6964217b212b6e3d0f8e53220f91810df897c8d600625b,95c1327da070b867d19ea8b2c991d0b127ec0999753a2e627a218e1fc3568efa,76eeab117ef6d59c31d02f42ffbe76464325e059adceb74540a8b59345e3d511,5b5152d10e7410b2226aa7ce04055a7e3b9b0b54d6f89b541aac5c2954050cce,0.3299084590980783,r1_parity
1,parity,0.75,0.02,0.9,300117,r1_parity_sigma0.75_lr0.02,12,ok,,0.8146980925750098,6.439653979474651,0.32263577277232297,0.09646809605892458,a7cb6900e99f4095de6330dd8d979a9b2cf415af5be1ec45ac3ad74d3326eb57,2177432f921982ea8d382df02f0077297ddaccd66748d6c49c88675fedf7c8fc,99d9e59252d3d0878303d892f1426bdaa87d9d9e96c0da52100cdf390f18cfbe,25b9cd0e9483f13fd502d247a9469a2da798479da2707c1caedf9cbea3426e39,0.3338954580249265,r1_parity
1,parity,0.75,0.02,0.9,300118,r1_parity_sigma0.75_lr0.02,12,ok,,0.6868186322036076,6.251348247432276,0.37471641088905594,0.11091605762316055,2bcd33845041cd219b498a03ec11004d81bbe9dd3f558b754d6ea545896bc7e1,b656512a7c47a60c5f0e2699f11ba568f724faf443528db6c622a46754c748b1,d362c25c6b0118ba623f4333687179ae706269838bfce9cbed48c9249a1a46b5,bc68b25443f915599f01463c18e1cc7ce8c53944722b4f3891f7272c3ff1b6f7,0.32980725006200373,r1_parity
1,parity,0.75,0.02,0.9,300119,r1_parity_sigma0.75_lr0.02,12,ok,,0.7000104706144545,6.4323452828652155,0.36147542427877705,0.10699672558651802,aed0e9fe989702c5562c247fac514771a622ee069fc4d2535cb8bac20c823ea6,7ee168630ae11472db3d3cf3061384c4b41ab444816c085b7ff71d8d02ebc072,c918f502a53094956c4f52b2c0b8f131bae0c09457d7b1bcc63627f255a48f39,1ec8cbc900a6568f08ee392d99ce66c846ef3b0c56cd5f6094cad47a00873f0b,0.3281745839631185,r1_parity
1,parity,0.75,0.02,0.9,300120,r1_parity_sigma0.75_lr0.02,12,ok,,0.9079196580069688,6.491142093744064,0.2814639591701383,0.08500211566938176,cb61b23895f2815bdc0aadf0c708a92916c48234dd8e466aac8cb4db803fe60e,31599b2d6bba43c85d8620af2e75378d2f44d1123d2eeb378287504537e26fbb,18b537ed95217b141800e7396a7436290e5656b6b53e4843f4ba178aec2cc312,bdfba0a42606368c7d5f23ff758fbc3b8937faa99a435b5b3a38c11fdf09ccca,0.3272602080833167,r1_parity
2,mse,0.75,0.1,0.9,300001,r2_mse_sigma0.75_lr0.1,24,ok,,0.4461211172538123,6.053158850845604,0.39184136493997707,0.11520136129235325,547df75d495d72b315fe564322ceb41b8419e43ddc93038fd9cf9fe53fa9e4d8,27e1e2c3dbc45cde17f5de651f591de18321454482d19b908f81fa3a5e20af67,69758c4038ea4506ab5f93f522758a89053fc67525bbd1c52fec667d6bcbf42c,6eea28130c1cb1ad63019b4afef78eaabb52d2548519bee8612cb080736dd72c,0.27665437501855195,r2_mse_matched
2,mse,0.75,0.1,0.9,300002,r2_mse_sigma0.75_lr0.1,24,ok,,0.438408774012253,6.082763888255111,0.4205588508746503,0.12658821411326973,fc5b1b69e7b8cc0f50f32cdfd3927bcade5b7de5f025f5e97e35f13b7dcccd65,4c5eda357008888dc1e99dacd5c9935dfd3c62182290bb6932a887ff0a66c610,a5a712360fb5fa4520a4a2a22758a3c27b67b4b6230c882c34f8bec299500618,d8b450970320c84429fbfa22363bb6a9c1547d41030e3c697fbd3b473092c07c,0.2780367910163477,r2_mse_matched
2,mse,0.75,0.1,0.9,300003,r2_mse_sigma0.75_lr0.1,24,ok,,0.43004474283731065,6.009355094688648,0.392673613219093,0.11583871589963243,a2e1081d9fface7a08688415de646f26dfffcce559f08e132cfb5e7e252dbf1d,833f767deaf5306522e0610877df9712365f64f25c2a9481ae98b9f1758574b8,b8fd914f2b4bdf613e32c9b4ca66c151b4100da65fefd0b77b59ec024c9a44ec,59d5a8f8ead51f6af96ccd59b6a1aee99a57ca6146324d7a232f7993e0d80584,0.27516812493558973,r2_mse_matched
2,mse,0.75,0.1,0.9,300004,r2_mse_sigma0.75_lr0.1,24,ok,,0.43643289928053863,6.133475358036746,0.41204335049408386,0.12155278839575473,58cdeaa78f51114a6e914189151f24a71007e71cf610cda51f971b31dde06f10,a0355d581f3ff5f5a74dacda51013f50e7e5b287c1670929a81b01c976ae8a59,f4a0f9945f1a3c60df410fd10e800e7fff70c42926132265e192700fe51606e6,fb69f2f041d73d0c7ff6d282a47d48b334e234264b2ae75aaa4122088b5226d5,0.2775376249337569,r2_mse_matched
2,mse,0.75,0.1,0.9,300005,r2_mse_sigma0.75_lr0.1,24,ok,,0.3850799859370396,5.908270215635432,0.39484709987154093,0.11924382416120535,5c051b69b978374ceb2348d1862e0af437f756e529d7afc1c1186c2e54ef7e57,5b6bbd1920d2685aa73875088a12ff6c127d36ad58b03e361afa4a1c313df8ca,d976a89bf7356c6f04f5258704546810b697343924994c02baf71f5d418ae242,6342f8607b3b09c81f2ba3cdf8b95297b3963e90221dc2c41a315002113884c8,0.29317316703964025,r2_mse_matched
2,mse,0.75,0.1,0.9,300006,r2_mse_sigma0.75_lr0.1,24,ok,,0.45820665385027204,6.098509571537596,0.41882414966971243,0.12522842075124402,15a47afc3148937636cdfec87f5ea1349559551ab1fed512817b9821ddae305b,ff12b0003f24e3c1c0d39d5463f83beccd48c3ccfff83cb5aee8a081df56b4bc,ab3dc927fb8090479524becacde4f6a212469ac909fc776896be25986068b415,8d5f5d2782efe291c15833b844a92f2e18bd45403326eb28da2b5c56aa35d05d,0.2972680419916287,r2_mse_matched
2,mse,0.75,0.1,0.9,300007,r2_mse_sigma0.75_lr0.1,24,ok,,0.3716825528003411,5.996818351274336,0.4050205994540687,0.1190760562394962,5ba229eea3aa5e9e6cc0d94a42d4948a4f324f7232164c5b1db8b24ccebe076a,6e51f2f2d4b59e8180ad8e8c7b27acb0d8ca7076d726fafa5a2de56bf9a213f6,e43c63144020802be6b53960c12113e626bf5af6fda738e99f406898c59b2306,c7b0e495f9244505ceb58ca736f6e022ace2d5b54ba2c44333f2500e14060fa0,0.2954157500062138,r2_mse_matched
2,mse,0.75,0.1,0.9,300008,r2_mse_sigma0.75_lr0.1,24,ok,,0.3573128322193887,6.091220358011627,0.42315459344374157,0.12313798669212879,92d23af5bb836428a7eb153f6a2380de81f8fc80da3fdf08b509b0370e7b93c9,81d19f6042d7b3ac55466949ad7de628e492c588c338e358f96626b8c34ac720,bee7b617c2aaeca7aed1c7211692af81a9e8c73b90ab946274e48eacc461cc6d,83273e17f41a1a8b80855e1c03f9cab1a0c294ba164db260260c6bb12d016777,0.2822462080512196,r2_mse_matched
2,mse,0.75,0.1,0.9,300009,r2_mse_sigma0.75_lr0.1,24,ok,,0.4289328160422361,6.107866228234581,0.3880981808254995,0.11642945424764986,5600684e9ca941293ec22e3fe6f944bf235dd38fe0048ad959412b96248230c5,f9b700d2fbb94c6f5bcb5fc647d367c3a5a186efa3eb7cec51aad8776f3baae0,2d964aa7f8fe7009d98b6d55b32a13441017cbd1841bc5f5cfee4f60b1e5597a,f2043e7e6af12ab6f625feeee1b52b534972f8bcbe793856db25204d6c3deb16,0.2860520000103861,r2_mse_matched
2,mse,0.75,0.1,0.9,300010,r2_mse_sigma0.75_lr0.1,24,ok,,0.3790601900636985,6.094351181462577,0.417774789102596,0.12115468883975285,a56b6fb7e11162aa1bcbdb89986ef350dfb815c8939edd09a86a5d1f2edfccd3,ebef873c28036d701489dd58ea3cf0f3ea8ce6397136f78ede722212fa4058f8,bb472853ba6442a16e47aa10fc0daf077960a8da8c18c216c683f43e69ca33f2,e18aecd83916f2f26858afcd44cfe70c70fbf8b9c209162d44823a943e9f648e,0.2842957089887932,r2_mse_matched
2,mse,0.75,0.1,0.9,300011,r2_mse_sigma0.75_lr0.1,24,ok,,0.4442938608153512,6.118717728154992,0.42395887649849223,0.12845953957904313,e77879b793619b6b11bd41e6c0dd2126d719a2f55d9c0ac0da2f1549b0913658,a815904015b8a5020a10190b51a4a1dbcc318a510e2cdda9f1b17ab6b4222a91,5bd61f9d39cc4cc3c95c3edac539cb72db72c7da8b3f32ef562ec5d1774de753,42890ea4fee94a5377218816092e838c48c48fd2997b49253150db716b7b81e6,0.2874481249600649,r2_mse_matched
2,mse,0.75,0.1,0.9,300012,r2_mse_sigma0.75_lr0.1,24,ok,,0.3992003088227773,6.094782486316339,0.4025223336213219,0.11995165541915392,9a73bc3dd78108b7e8c672136c1ebbc9996870d62df4ae1db431a984856c4ad2,1d51aeda2aebdfd8b9ff597f1185d611b6e9ed0df0728b69bcb6d1379cd855e0,51f56ce6a5ffd57a004adc4d3b933139b11ac3a8a60ed27aae338eff841e7a94,762485fbd78f6091792d6b9a8afd0864ef4729ddbcdd8f86c184d332509e8eda,0.2861181660555303,r2_mse_matched
2,mse,0.75,0.1,0.9,300013,r2_mse_sigma0.75_lr0.1,24,ok,,0.4060232359628594,6.100104190693492,0.433107046053233,0.12430172221727788,43be896293e02a570742d018597b933e42ce673588e34b4fa509ef9d1086355c,fffdef1c1b60ad8ff28008f50a6fbe337eebd5feba0cb6cdf1f62599072d89f9,ec5400175b7029cb3cacb2798ab3139530622f9622ec41de1f216b1f0c7672e7,99409303e1dd622da6737bf96a9133c386243275dcfe4974035ca3fe35be2fcc,0.2834078330779448,r2_mse_matched
2,mse,0.75,0.1,0.9,300014,r2_mse_sigma0.75_lr0.1,24,ok,,0.48767497063766185,6.137789523519083,0.3904552625298478,0.10815610772076784,0cecdd4ef73e35260909137e7b4a9da22dc59d3d45a902be1bb9f890039876f6,023f1bdec63d2e5bed62469a7b9aa815b4634b3b7388108055538265bed25dc7,6d8b0c0df6ef122481e0cb03e2c80742a9e5a650c5693a53530456e46c6eb7af,b29c6b926ced39f19997952622e058e089cfc441e5b6e0bfec8f70172f907763,0.2807319168932736,r2_mse_matched
2,mse,0.75,0.1,0.9,300015,r2_mse_sigma0.75_lr0.1,24,ok,,0.3708394630186233,5.9664561650994035,0.42139140102777606,0.12894576871449948,7d60c852db0400ac3b4314a8c7a8366b70bbe606cc64f24d1f55a53477325310,95577195c75752a3d800cd54cb592b0e570d9ddaae911f46c2cafbc86fbdada7,f2b43ba805d16e74a13ab8ef2b875c54467b1e2ce135d9c0b5a54467133bfcb5,8cb52eb4291e419c0f1b80cbf891813497f0fa4cf4c7569a8c73613a6bd7922c,0.2765447919955477,r2_mse_matched
2,mse,0.75,0.1,0.9,300016,r2_mse_sigma0.75_lr0.1,24,ok,,0.47822179024931,5.995124830441992,0.38180220422126543,0.11759507890014975,e9cb11c03b8ee8be5af6abdcc1d3777225768bd24abd02a539c763d257098807,34c39d8d5501347c5c7a8076aa73df0fd8faebae88bb05da13de3c574b7f25c5,9cc8b1fac2217e31c2bd1182c8e33df4f081e264e52b1f05c952484a2c0ce615,60552adb24b68e9ee47f9a1a3be5a81a89168076ef074eae1d47caec35f558d0,0.27431387500837445,r2_mse_matched
2,mse,0.75,0.1,0.9,300017,r2_mse_sigma0.75_lr0.1,24,ok,,0.45589315703085503,6.056719704769534,0.4017676572008166,0.11651262058823682,3c4ef79e66878b5be9a3cc390e0d91b4b1d607483a1aab1662b84f5be4a254a0,f3ec861043fbbf94cdf36e85a09f9ce95b7156b2ea7ecf03bbc1eccf865160dd,1d68cb65efe7145da6f906bcb83f8527eed99024a39634ece9eef8dfc44d13a7,d91d45c66d33b97530f1411694e9ec1e836e5a0dc11f2f13857d0ee5a7ae939a,0.274439207976684,r2_mse_matched
2,mse,0.75,0.1,0.9,300018,r2_mse_sigma0.75_lr0.1,24,ok,,0.4097801266719928,6.010609883140775,0.3839145377466925,0.11440653224851437,1e61d1562101428c9c58975a868ed0d794029be0ae2ab5b7d5405928c87d4a13,bd933405607b33df3caa53139bebdc6aebde79ef4c90313fa0ee4b523101117d,5acee9bef351250b67c0910eb398a161555d42ca42f246bd60d219654ec057fb,48747a75557ebcee797fb37a996718c9aef2c8abf1d7d93476e8a0e9b56f5ab2,0.2743461250793189,r2_mse_matched
2,mse,0.75,0.1,0.9,300019,r2_mse_sigma0.75_lr0.1,24,ok,,0.45733387736178877,6.072070992860014,0.38978912808441046,0.11732652755340754,fdfd8e6a98343166e6dcd7fdd44414055adf41a5cfdff0fb23072998f90d34c2,43bde573aaca9ac4ed736014dcc914055e7ba211a6ebb9f59bd2eab92521ca4a,c2aeb78cab28998875578d1db90e4d7967a8ba1e909ef64f9459b1d5bc10a59d,9ce80faf972687cd9d30a6e098e9db2fcb94d903c44b55ea495ef5fae3b06be5,0.2774564170977101,r2_mse_matched
2,mse,0.75,0.1,0.9,300020,r2_mse_sigma0.75_lr0.1,24,ok,,0.4190662984655218,5.983504654465824,0.4023307515242259,0.1194922332026951,906ca7b0c8cf3b525f857a92fec5f7c51c7412455b4ee13098e957ea4447fc43,6ef26e9565f7a805b72693c700925b72122e52339ba7e680019adea3d69e0994,fa2650fc47b2898848deb9e16643c9df16dbb8c064f1372fcc8fb42d5b069278,cb161f5cf2ab67ede119d26043dcf89e74dfe50bbafcbf7544afff69304827d4,0.27969295799266547,r2_mse_matched
2,mse,0.75,0.1,0.9,300021,r2_mse_sigma0.75_lr0.1,24,ok,,0.3782578322754245,5.983782935793701,0.43637957387774806,0.12960473344169116,fa4b7bfd5394097ae05f683e9cb6bd9b7d243d63a0cd1166aa9c63dddda4bf29,592d49d03e1d329dee388d65d5e7c0c74727b081c7888f72b200a3d49a9f761a,6e5a2d7fff5d93d0ca5734aaa42b62a5a2c38c391aa015c2c994e8ad84e81b47,f5ecbed296736a35bd2171dd5608a05026fbd0104206238e91e2c6c6596ffaf4,0.28544887504540384,r2_mse_matched
2,mse,0.75,0.1,0.9,300022,r2_mse_sigma0.75_lr0.1,24,ok,,0.4666120615042981,6.170537663047262,0.4027964146061197,0.11761655306498695,01132f8d76a31fb1533df417971bebb1e16141690bd2f32439d016369638852b,0236641094670eb129ba35350d11bcad44e89884a4dbed23ad8adf5e7b47c52e,dbaef4df14146e5e884f9b2cec79fa4dab19264587c680094bb725a96b48d7ff,8a36a09859d77e2592b8f3981cf58db3235e8cac5fd464b28349bd7f71df683c,0.28530666697770357,r2_mse_matched
2,mse,0.75,0.1,0.9,300023,r2_mse_sigma0.75_lr0.1,24,ok,,0.42488881979663895,6.011659659796911,0.4093701001329102,0.1199454393389427,8569b0c8c05e42f7fd61099236414ab6ce3713f6a415fa14439fdfd258b928ba,d309ac4b205e9879f73bdfe3454618e4b2f8674023509d75c5d8e5d9c6444e79,bd48f8b06cf09ef4df174486d8fc985e96347b9e05aa464b06fc1f3c77c4843c,249a60dd5bef6a74ef69139149e5a1d7bb2b832c0de06c6efbf43b9086c7b928,0.27297783305402845,r2_mse_matched
2,mse,0.75,0.1,0.9,300024,r2_mse_sigma0.75_lr0.1,24,ok,,0.44231146038878166,6.0184182369042345,0.4048458835512106,0.1222634568324656,0790780dbf8b15e4f2cdee78286694884ef6f0989269cd40dce812f11c818968,cac32651e1651a8f3598f530661e966484a5eb6d2555c9964fd8bd3dd7a87972,916f15260079a7a4c027c920f7b7b09a6761ca4cf413cf0730d6d477188f1ec3,e0f91e6997ea8264d2fb3838035ef3b3ccba51e8c72e650c7a7a20ef8fd0de93,0.27572575001977384,r2_mse_matched
2,mse,0.75,0.1,0.9,300025,r2_mse_sigma0.75_lr0.1,24,ok,,0.3859176734345632,5.984765291639165,0.4045425762559692,0.11974460257176688,e6c0956e9a29de034cd0ea6472278f9f9e305434300df8b4e8f108cd08f26886,50ff6677861293934dc3f7a0e6bbea9c1b904b4976071959176694c02e0f577f,3802da75beec3e84002bb5c4f02d205dbb057b759f815863a498bd63f4f64f8d,75be32e8833d2a2704e40c1ed8c455ed4fbe355ba9a3ba6b520d2870b74d3bdc,0.2730131250573322,r2_mse_matched
2,mse,0.75,0.1,0.9,300026,r2_mse_sigma0.75_lr0.1,24,ok,,0.4192750982454065,6.0162780345781846,0.4472656274438195,0.13239062572337057,8259c7252ea55af17697ec3e92fa664cfff2cc2c62b2fc54f2eea6704162cff1,3ce53c419a8d2a98d1de9e36c588e27e9bb5fe7181e80c9c70731f6462d4cb14,69921f13f2acb1ee11115fe84bd7d2ef292c18a3f40808ac325767c7b1fb0d9d,d62ef46d0ce678a8cf5ef2b262a84e6512d5dcb059996f5edf2a1bf501ae4e5b,0.2729367919964716,r2_mse_matched
2,mse,0.75,0.1,0.9,300027,r2_mse_sigma0.75_lr0.1,24,ok,,0.38157716596154506,6.050180216015831,0.4173638849343135,0.12646125713509698,555f7ef7f5300d55eab90b7abc2509c6ddd5a82433086073d518b2553e5ab635,a7d852e0006855682420200c1d8bf0f5ce4d270c112bc0971781ca1840f21e60,37ba21b9f0a05409a1137f2fbeb6d3194b78e0126282977521d8abf2777f3295,4e7c76f5c1fa981824fc899624e55e3adc3c4519aa2ed09e68d25c56f303f027,0.28002204094082117,r2_mse_matched
2,mse,0.75,0.1,0.9,300028,r2_mse_sigma0.75_lr0.1,24,ok,,0.386709044895244,5.9594003634293,0.42774109653440606,0.12618362347764978,2c90d269abc02edd082587ca1c45ee3ffd608040bfa33037f48b60e800345af8,a6c7eca434b19ab72070f4331f4b1381a949bbc03165c5322c19b18d31fc02b2,7f3e17c5db0382da1a0b503fccc4d29988a1aa61c8e288fc0ecc8a6fe4ae8091,fd3ddb4c9aa83e4fe8dda164367aae8422947dbacff75a06476110c20d74d86d,0.2826018340419978,r2_mse_matched
2,mse,0.75,0.1,0.9,300029,r2_mse_sigma0.75_lr0.1,24,ok,,0.45708917560522155,6.112017139954764,0.37798826094899374,0.11339647828469812,eefaa70b2e4f9712c8d2fad79662c2cbf1b04130f1281468ae404c807d3d474a,1871ee4f3ec66be83578b8d08c9fe3fe9d7e22fc8fda48d8e405c13fa4ada97f,0ebc3668cbaea98d0ef2948f14f4d6f1a7df4bf73142674a875005a23b1d201c,8797f959e5f748619b98f0181f80ad315a9a8ef0a69c85dce496207e0075b58b,0.2870509170461446,r2_mse_matched
2,mse,0.75,0.1,0.9,300030,r2_mse_sigma0.75_lr0.1,24,ok,,0.351505431903373,6.037267097664742,0.4181257540883083,0.12669210348875742,689c46954bb970719c1ccbfa862609bf50d62d91f6ddf57a68b1db613dccbd89,a56675cf7971dee4a5708aaa7631775cc4ee0dbbf031c92437f8dbf764a22761,0fc58e813db6c0a6666e214f974e70e6ac4e69ae6cfcb7f21c393ccb800cbd0f,15c1414d5070b5d3025b9772eb2928e5e87797c483dcf08a1ae2d3827486c1b9,0.2800816670060158,r2_mse_matched
2,mse,0.75,0.1,0.9,300031,r2_mse_sigma0.75_lr0.1,24,ok,,0.4626966972053901,5.984986135383623,0.38067597813791676,0.11458346941951293,caddfcb37abf3009ea99deb5316e1db13d5b0c34c98f7fcd4ecbd61674891add,db3e5c14e5fd1b464928c9903eaa0097bdefea6f9ef8c18e0c4d0f68471578e7,c3046847d8bc7742510b0bf358fce5745710323a6fe906651129aca7f72f6409,f966c0bb5556abed360abf6816a4f78f0166a9042bfb092b3eb4945fce318c23,0.27799500001128763,r2_mse_matched
2,mse,0.75,0.1,0.9,300032,r2_mse_sigma0.75_lr0.1,24,ok,,0.49419600254656054,6.076290941438933,0.37905213188997916,0.11523184809455367,0cafa4d93d49dd1f1f96e591aef2aa1a0071f194cff785af1ee2ce77d0de7756,04c9ef5c63f89d8d6e9b8a0abd0768718e42d5a04c327b4c018659155256db82,6f2ebb7c5cfeff6846119c395859d312cb6b2ad50693246b3060147336ae7d08,cc26ad14a6e9b6696c9d4f23e1dfa42ec5fe3e9fb9a3a4093675c1fa99e9fa00,0.27899974992033094,r2_mse_matched
2,mse,0.75,0.1,0.9,300033,r2_mse_sigma0.75_lr0.1,24,ok,,0.3722982264878496,5.971604744042239,0.4194052244666088,0.12624097256444924,7856a8c79f49862d335530e7ecca990edcfcd44e2430b104e8e8b151686a6e47,57645ec48930a4c1e12aca637d5e92fbb621813907a9a2934b04b342047ed618,7456d7c43884711d6eccf0e05e59da6f8371ca0e030f84f114628e4fe919d2c4,b65978f7afdbbe74025ea89b40ab76c92c32060efe71bad0d827e538dfc0b0da,0.27502033300697803,r2_mse_matched
2,mse,0.75,0.1,0.9,300034,r2_mse_sigma0.75_lr0.1,24,ok,,0.38324857698414055,6.078218043620076,0.4239126981134416,0.12293468245289807,265709a031a255d67a159004510d8ae9eb9d1243c985ab835f322589dfcaf0f1,413113ebf5837c734743bc6fac245c377f6d4d765fe16dadcebe845b6970ecc0,bce3c46901dd3e8426a82abca6109602b4daad21f874f2b38058682cf1d1b5ba,536df0bb59fcdc8a55e323aad90e96d01d970632dfd8b45a42dae517421ce4b7,0.280979166040197,r2_mse_matched
2,mse,0.75,0.1,0.9,300035,r2_mse_sigma0.75_lr0.1,24,ok,,0.3848967314290719,5.969671873348445,0.43119746706072964,0.1280656477170367,a7c9f8da5f053c87a9def53188cd1c7b7f13817ab7c058c3a0e9a596c18599c1,11b8d6a0d4a74720af43b2d3caaba1e6a3f04e87c01ee83efe4d105817f577be,7d9647b95c8fc018b7ebaa5ac9c27598bd9b5e60ee2a0bfb31124673a835a2f5,3babf6c6bdf188f72bbd25eab132eb7e0dd2d20013be05e4308e39f078bce6b7,0.2775670000119135,r2_mse_matched
2,mse,0.75,0.1,0.9,300036,r2_mse_sigma0.75_lr0.1,24,ok,,0.4654192676549541,6.151575687370323,0.41559662198365716,0.12218540686319519,22e590454277a117e664fa941ea99ad8f30ebedeb9c6b160f358ccfe31a4ec13,4a1b30cf27c2d621e06e2bfd1f031cfb01554bf0205e819cf31f51918f94ce7d,61af541aa5400aa6c4d7948c4d80c81580ca4eae7703e476f1729115e3dfb394,b29b05d243af802701e57e83915198f72b1be0459e6658c8c43f28dd82efff0e,0.27916258305776864,r2_mse_matched
2,mse,0.75,0.1,0.9,300037,r2_mse_sigma0.75_lr0.1,24,ok,,0.34424605260246344,6.049034097912124,0.4421497262582676,0.12512837253108972,f0968699341ec1620fba5f45cc467b965fd0a832614c2f270113853125578534,ca4f3809d1420c32523738a8167122c75bc9dcffdd8c533cc422527ec8511726,29b762c8b132682407fe04c7954c8a9a433ffafd7f84875e64dda96ca2415048,73a1fd29b98bae3723d7de46f65b6f1fa8ff4ad32684be58e60f1d8249e05229,0.27600958303082734,r2_mse_matched
2,mse,0.75,0.1,0.9,300038,r2_mse_sigma0.75_lr0.1,24,ok,,0.4067664973084925,6.012797000127704,0.4025886953705623,0.12117919730653925,aff3f60d957ad1bd6b8c2456f9ee3a6386b8d361ecaa85f54ae4f6bfbddbe902,0d3833058011035bd683ea656900b18bdfa928d26ea9f2045a93b3f0902d7d95,125e0755616315bca11f7a592ae753739d84e58ca4941612dd8a2dbeaa165e62,760859b44c4d6f7441c50caecc394f5aed5663709de75cc40c110383a95b73c3,0.2813769580097869,r2_mse_matched
2,mse,0.75,0.1,0.9,300039,r2_mse_sigma0.75_lr0.1,24,ok,,0.4187585297525519,6.001130760269038,0.3949576110014709,0.11216796152441773,4bf06104aa241b940a7daf009513d821bb13b8169b7d99bebfc074a6df500c2d,d8907a883af4e8a955b74b01aee12100811c29821c76d51119f417e1dd3d9766,6a1e0aa9851d87405257339d94e64cbd7b88e4df4ec58c6d1ccf8684bd833e68,008df0f842a02583e5ae5cf2ea29baafca65be2724f997f702624b709f89ae66,0.2798897500615567,r2_mse_matched
2,mse,0.75,0.1,0.9,300040,r2_mse_sigma0.75_lr0.1,24,ok,,0.47745432009970523,6.0348088614487825,0.40047983864964026,0.12054443143354172,79798a2e527fb88ab17da97fc950bc934e74d76207867b2377edfac289c7ce06,6b14f0355647f998c5a55c0c33416830f720e50e7f81ac5277dd002a135a6761,597b61745af1b9056f785942c0600eedff5d5e281200530aab15bdf0feac09b6,93982932de65745b7d0b2f46d16f99ca43d060055b7cc7cad7a39022810dd3ba,0.28229275008197874,r2_mse_matched
2,mse,0.75,0.1,0.9,300041,r2_mse_sigma0.75_lr0.1,24,ok,,0.4845383925500518,6.170266284195944,0.3842821858934053,0.1160532201398084,46829aa78c5762a9ceb54ca8863f3480de6482517bfd1e43afb0bf0bd89ee10f,5fe2e72c346db70edb03802941639391b013a95df940dd11e187db63f3e31d41,0d00e39e255f46dba3191a411405565806041187fee5340f137cf919061fcf8a,c463637219bc70abe911bc836730437855291a15e491bf8796a84bd79f8c14d1,0.2763861659914255,r2_mse_matched
2,mse,0.75,0.1,0.9,300042,r2_mse_sigma0.75_lr0.1,24,ok,,0.36501626264300907,6.059151417804107,0.42342323320490044,0.12363958409583092,d1de4d8d5d0089d4d77b163b6384abdb2b66b12058825b0360411bcaac5ee92d,c96616c67560f50dd3cebed2c47ab6cb33774c80774dc35950ae0077ea90dce9,236c3e9d974c8527f82c627e7f9465d89ecb24c2e5c55dc5fb79abb7dbacc564,7bca113449d6375a7ebbcecb474e983ea870ca06327a8a62c9e3a495c8b0cea0,0.2747914999490604,r2_mse_matched
2,mse,0.75,0.1,0.9,300043,r2_mse_sigma0.75_lr0.1,24,ok,,0.4064142564467696,6.08088575335515,0.39705551009231865,0.11435198690658777,ef8e7bd25984576db7218ca16ec08bd0e975634b20df074f8af7de4fe7fbda55,53f7262f5cd4d611f0f38b893d60ff604847d5eca0ebf2e1a7e1e98ef996a655,dd8941e957bfda920b24148fa5cbe1e451f423f0776c31fd0c1e985a30e475d8,bdbb5ac095f3210d2e961c0f014b57162c0f8112fbeabf8d5484a2950647f676,0.27941724995616823,r2_mse_matched
2,mse,0.75,0.1,0.9,300044,r2_mse_sigma0.75_lr0.1,24,ok,,0.5887670231917648,6.153679154930598,0.3658327304742921,0.11267648098608198,ea06d8f954be15f088b6b90d0574b59f97197659e1302f3a9a0fcf4587fe8a2e,b404b0e35919d04ba7b0a4787f4141bc945414ba3d55c84d25c5d179efb132dd,372abc43814f86f660d62de2915810d1bfe0252d8fa419b04026f71a3f5ab720,0a7fe41582396936b86cb07b57f7b6522841c45b36a68964000d29851dd42b32,0.2799486250150949,r2_mse_matched
2,mse,0.75,0.1,0.9,300045,r2_mse_sigma0.75_lr0.1,24,ok,,0.5827232125860142,6.235013881026511,0.36462750010181166,0.10720048502993262,2bd910b6630755e770f64ec326f47885a46e28caa1cfb2ece9898be6c52254a0,0d407ec9546bde5c8283677841f884df398b4edf2732dcb0e9dd9b8da082f3fc,9d81f3cb4360e76f6436ac7d825a7ca5602d5d45944f72eaf71d524a3217427b,44c39a65000880ca3eaae6521621439432a7c2b9028f355f7a69d856c2431d52,0.2860220419242978,r2_mse_matched
2,mse,0.75,0.1,0.9,300046,r2_mse_sigma0.75_lr0.1,24,ok,,0.42488446827714255,6.107971866421598,0.39197772920464446,0.11798529649059798,d5da4b35bdadfc27dd3908a7c92fc60c1ff033f7604349db35b46f48f15ce767,ff0c44f2c421e6eceb92495760ec4e53e943b09896522d93659840e35221af7b,10d4dd942fdf8134d835a7c230f64118d1d5cd38b1b1c82e7fd1d5f25707edd9,336facf0a39f6062cb7ea831fddd06d76d0db56e897e35771d5a55c03b27a14b,0.2817808330291882,r2_mse_matched
2,mse,0.75,0.1,0.9,300047,r2_mse_sigma0.75_lr0.1,24,ok,,0.3662041372627149,5.939869577892972,0.42062572002990395,0.1282908446091207,ba80f6c2328d41463530a291329dc92669415ea45bc43bd361aa88ed368fe2cf,f19e3d15b50f8f8cce7c1ecf8cd85899aea4f5e9b0c50a8617fe9a8f75ab8daf,ac7e3e00895fb9d8d56b3ed3dff58e91f036d32da4c74f8d05f85d77c907cec5,1e1ee88d215cdaa98bf8bf3632f579cfc915a483cbecbb414044b94ae066d554,0.27778433403000236,r2_mse_matched
2,mse,0.75,0.1,0.9,300048,r2_mse_sigma0.75_lr0.1,24,ok,,0.42756332923540463,6.053685381690662,0.4185822576968946,0.1243189305359777,2cebda7b822c6ea3ea437354fbbb1e7ca35303cc1db6c1d50b269ae1ad585e6c,b04449e3feda4928d4221f04eb43121fb8b890df6ce8d3100a7497b322c3cde5,86adbf3298da2cfb1bc5a5a557bd3516882977ad6c857d85affbe658d6d7d2ce,5b84c0b007d335fda26d4af8e567e501f9a187a7dd111baa65ab05dc77c35fdc,0.2779641670640558,r2_mse_matched
2,mse,0.75,0.1,0.9,300049,r2_mse_sigma0.75_lr0.1,24,ok,,0.5209785525061742,6.213566746662961,0.3669564680134875,0.11082085334007323,4dda00783c3e9dbc89186954d10259bfe245724c40f8919bf579a059889831b9,800ad9b5f0a3eabf05aa8276d0c4ca8cd2b65ace12abe3fcbd9065b9bc20280f,6cac0f1019ba02056b4f29ab53e3be72db191db997b2aee010d7beb37435db9f,5f9b1b12cfd6a95c77d7a3833c2d2e3b7da3314a85dd5e9d6e535e7e55ec5465,0.29292475001420826,r2_mse_matched
2,mse,0.75,0.1,0.9,300050,r2_mse_sigma0.75_lr0.1,24,ok,,0.46251748993915476,6.098202161040794,0.37338333263096457,0.11201499978928937,390f2b6ed4c28899f7489d28d61acd3ab3dac981995fc19428cbf72154196d5e,0937bba965de3b29400cb0316413f15a6327a16e51075e2bd85761227b696178,37ad5cbd72fbc28c54767b607e2fbc149c256499fc3e3472e7599dc5fa24a441,b154ec4bb344e8c6b7a8e182842c16e9b9220dd8b73b88e0f75a5d02e3003c52,0.30193058401346207,r2_mse_matched
2,mse,0.75,0.1,0.9,300051,r2_mse_sigma0.75_lr0.1,24,ok,,0.35483776351251045,6.0294245083915285,0.43789497054252385,0.1283032263689595,40bd3fc16e77f7f16b4a4180dd17723bd6a874c87a2ba15961fb2d1de37f22be,3e8a74a0dae522d0d97418de854467a0d05ddd3958b9920af2b9026372da8f5e,b26aa39081d9f36da50df9ca30ae6c96e2a011727cdd9485cb734f4c4f62cdff,97a3cc298c637d9d3e97de4231a764cc89e6c848f0547207f862a5ed0586554e,0.2978027079952881,r2_mse_matched
2,mse,0.75,0.1,0.9,300052,r2_mse_sigma0.75_lr0.1,24,ok,,0.4477317608322574,6.057797453570791,0.39458080349682945,0.1152175946210742,7ac760f36d6a12efcf52e8294de109c9d9887444b5e5cd9434e0ccb624564774,7295e148730692031f359fdf837044caacb2ebca1b6665c815a15a29ce443773,e665c659cb16c19a45451c0593eb04ef2256a39623944f513ea154c0e2b6c7ba,553820121c8a2e7b40ceeff98e21a3c49895ec93f45cd854fa90e4a52efc4982,0.31242587498854846,r2_mse_matched
2,mse,0.75,0.1,0.9,300053,r2_mse_sigma0.75_lr0.1,24,ok,,0.5859651007543087,6.295788734771129,0.3403114958101614,0.1014128257514281,07dd12f5b5c72d4ce65bff27a2ad311d79b21736ffc2b258c075480649ce387b,d9852a48342447f1e59125dfb75c6b8b13de5a1031a1a2f49fcfcb34ff893dd1,5d872f73229b633caf8655212b28574c7143ff979209b2db1fb8f95ceb2a8045,58ed0d0986e4cef796eef0c91295c120710f2c6448b970a294115ed7385f2e77,0.3145237499848008,r2_mse_matched
2,mse,0.75,0.1,0.9,300054,r2_mse_sigma0.75_lr0.1,24,ok,,0.41128058244284527,6.079964502231608,0.3904755003827053,0.11909502761672511,30dd86d095ec5d698c4e2c00c27bec4505fe1de45ca78a4c77bfdaf9a1ff2a4b,88556dbeea38b9e3f76af13cabc3a013f5842a42df9d64f8a2f8711bde460ef8,4e1d8ae44ddd7c08a34cf6cc556a761c62d6bf3f10189d9879fc31f14386629d,154047462ab8b68118fc6a26a80c43b4594b5af291b5838aa4190da016e2b1b0,0.3132749170763418,r2_mse_matched
2,mse,0.75,0.1,0.9,300055,r2_mse_sigma0.75_lr0.1,24,ok,,0.42950868826177124,6.1111034977299505,0.40875161209459276,0.1246692416888508,08251a850e5eaaf3bc0db7235541dd9880d2de7b33498b9b1ffabbcc6a82e031,16103b6a02a3e8dfca8c66e03d66f1b0e1227382f6ee949182c74ddd9c1d66d2,aa559841abc830becabb7889aaf5610cd7f44bfe8fa3c0afe3b6861586764e0c,89a25fe4cc2eeebef451c6f8f254964ae9d2a8d53458894552202bd72139e6c4,0.28181337495334446,r2_mse_matched
2,mse,0.75,0.1,0.9,300056,r2_mse_sigma0.75_lr0.1,24,ok,,0.39446668050221134,5.992079449492415,0.397385972321944,0.12080533558587098,d3ed01aff926b25fcd5ab72720d1b1d98d64c483df418e299d719ddb69984290,28a8d7c637b0fe9a248ae3d50677aa2d4ae5a6c7369f00f0a65b37272e587765,503064bb4c8ac56dce73d8ae4c8557d242720ba94caa10800d2a8732e4216a39,286585509fe00e003481a34b73ff5b8e7dca20e2cbcaf8e1100c27d1d82021b8,0.3144420830067247,r2_mse_matched
2,mse,0.75,0.1,0.9,300057,r2_mse_sigma0.75_lr0.1,24,ok,,0.43017624925960585,6.020462136252485,0.3920478558710784,0.11761435676132351,46b86bb023c8eefe512ae0b282cadf490362356ee2bae4f1177511af1d02223d,23efabe96dacd7a930475e0fbfddeb62fc5649c0a94c45d1506afc56e10053df,99963d313f789e951f0fe79a9c2dbf184a29b12624ff88dcc4ef79dc23f1e935,15ca71a36d579b76ad0b33f1fdc1d15a12d269b3d5ab9260198208d506747774,0.3129245409509167,r2_mse_matched
2,mse,0.75,0.1,0.9,300058,r2_mse_sigma0.75_lr0.1,24,ok,,0.5001423853362016,6.172278224269511,0.40971082242815554,0.1216841142611622,be54da548939eb34c198c5b8af39c6b40768c19f8c0894ee69a24207b6b465e4,e56069914c786018770bce1a7522f77d4bddd47cb0cd7f780c1e90b386a09398,44f405eafbe3c50335c14a24299b35fa15dd5824cdf494448774e1ef45fbc744,186d0dd6fa5137dd67fcde02705ac5b9a62f624719e97b278fc0ae0cc4c99fc0,0.3157490419689566,r2_mse_matched
2,mse,0.75,0.1,0.9,300059,r2_mse_sigma0.75_lr0.1,24,ok,,0.3461603753883,5.888486937419598,0.43647353649723825,0.130069113876177,86975954ea25afa24d148cd0d80a4f12817f3bdbe7943fd11114ef1e5512ca2e,ac92c365f27d645f30db1d16e6504134289e056b66e3d0432559610015e7b01f,8076a92d1eff89a131b1bb989745bbcafcecb7ab8a908bb396a2ea86372305ea,3fbc5b0d38d4053a14c3346ecc028c2ae7864e1db1c09949932cb8578ce7b167,0.2874280420364812,r2_mse_matched
2,mse,0.75,0.1,0.9,300060,r2_mse_sigma0.75_lr0.1,24,ok,,0.4978460143666763,6.166660236669955,0.3704811048969433,0.11003288815439217,ef3dfa0dcce3266b8e64b5185906508ef9724df33f314b80d6e605d6a76f6e29,85f9e8162e8403ef1422e75acbbcb246cea4fcfcbf305c2aaefe1134d59965ef,69db05e052793e945444e30062ac177b35f237b6dbedabba84326570082c0984,04f8e49679a6e29cab7cca2a5fc60f9e241f12e0e54bdfd8de7c82ddec53dceb,0.282877542078495,r2_mse_matched
2,mse,0.75,0.1,0.9,300061,r2_mse_sigma0.75_lr0.1,24,ok,,0.4187820538382964,6.019925666689691,0.43646344479542987,0.12875671621465182,cebafe01e6af0ee95f79d83a58cf7c3e9005f4eac4718eaed5302c26f67536a5,a034bb4db5a0ed251a7830b45b049184cd6466ad4c690b2da4604f786ad3f27f,51710a85eba65aed03a40da4db76c721f5d39f74eb8ad2317a5979496927cb60,fba59e418a8795b62b7705b02afa26a408324e3ea7703b3b528d4bc7f654ccdd,0.28488695807754993,r2_mse_matched
2,mse,0.75,0.1,0.9,300062,r2_mse_sigma0.75_lr0.1,24,ok,,0.535810649766542,6.103645493313739,0.36696213111094106,0.11302433638216985,b31435f2845f9ffe580f90ef95b59358e3d48dd35beec15b8d9a352d33daa705,d7eb8769059fabae7482833a3bdb6411efc7b8bbc9dad9030069e8fb4af0376d,e0c466698941e43033d201e50dbd0d05e54f7d14b58ea01a9931fa7755d20854,09d68c23c300309a5ed49a3b94fc8d9c1eacb9a57ab5afe85179fdee8e2eb192,0.2840126249939203,r2_mse_matched
2,mse,0.75,0.1,0.9,300063,r2_mse_sigma0.75_lr0.1,24,ok,,0.3352820851349055,5.921021765117683,0.4043477511081102,0.11604780456802763,d6d2c5ebe7f763691e03746a41367e5be0344eaf5fdc66167695a8638bc42d03,443b43e8d82c93a9b6859f49bc9c1384d25cbd44a30cdd875c6562dd650ff6ff,ce05d11c7a1a1c10740f560ff69a559e1b594377eaafbd3cf0659a37bb6bca50,e0db9d601434150918e754860152db0c91c1fc9dd70456bc4a9e31bb985ac55a,0.29341979103628546,r2_mse_matched
2,mse,0.75,0.1,0.9,300064,r2_mse_sigma0.75_lr0.1,24,ok,,0.3528586650607905,5.976755222033851,0.4469328279599739,0.1318451842481923,a2279af607d348c7eb3e3b3dc6d4045842a3e1c8cd56db71ed3c33fdd34d83ba,2d4cb5b9640c9fd1a8540366892d9096ce2ffb3b0448e9de439604e97fc81b00,0f6cd883845e7deedb28ad8addf0c3a092f5f05c2c631e67140ed0777f55a3d1,3107a15dfec95ea25b92bdbce556826c9444db1dbfd4aae897a0fcf06e5f392a,0.28833200002554804,r2_mse_matched
2,mse,0.75,0.1,0.9,300065,r2_mse_sigma0.75_lr0.1,24,ok,,0.4005240074259666,5.897666796944471,0.40110361730622424,0.1223366032783984,1cfb2f28eb8cc948dd0f1611cb56cb4e6560995412560e94f6b63dae98e6ad18,5880d14001810cdd467dad4ebafe5b0d6e501f3f570a4df3600f1534c2b7616a,1b7cb54e9f287c12f37112c1482b7db47998a96072f0918234760392a7c7571c,663258c804a32d110b70cd6b1a7194ec37fab771b3050bea291dca4a3b739f33,0.2863228330388665,r2_mse_matched
2,mse,0.75,0.1,0.9,300066,r2_mse_sigma0.75_lr0.1,24,ok,,0.3964920094281549,6.056424629640758,0.4226543230387793,0.12341506232732355,708269c9fbc27a8cde579e683a6367880c14143b935f4908ad90b01362b99244,6549ca8b41b89433ed9700fa8e4e609e210451b9c7ebfbe6f1edff98e603ef32,54ad4239226c0c75adc1e156718641a7abe491df45dc54a0283be12f8ee4cee2,07ec46792f85ae2e865e734f58283026d0431456090944bc2cdc1710e4ccf939,0.2838190420297906,r2_mse_matched
2,mse,0.75,0.1,0.9,300067,r2_mse_sigma0.75_lr0.1,24,ok,,0.46422835286224207,6.128139130378095,0.3930389753169566,0.11791169259508698,081f0a8188505511354ed61a498396ca9f725e574fcce6253e57e031ed00a1a6,e1589b617124f4cb79e463a004e07e664bcf84d0d57ca0ccfcc221cb90bd6916,d1fd09649534883cd89734fc81e842ca9f19e587d1eec827050e48246270d9e5,7c6fbf43556b72f6d75e479d600e728d19040a1b335556e7905c88c4c460e567,0.28308174991980195,r2_mse_matched
2,mse,0.75,0.1,0.9,300068,r2_mse_sigma0.75_lr0.1,24,ok,,0.44820576164516635,6.065869010322881,0.38236193924246986,0.11623802952971084,0bab71e6eca3d3074b94363a2595e397768bf164f5737259b49028335278c69f,2352320ecc2428f76669b117992f88aa230efa0f74713ebf4f0d5ba8b32e0b81,a1a6b27c7ca37e94608ac405162ac117bc100d400cf1254037c425157b794335,6234effd0e61c8951c212f6697b2d20410a35d94a286576f34319db139e76cdb,0.28118129109498113,r2_mse_matched
2,mse,0.75,0.1,0.9,300069,r2_mse_sigma0.75_lr0.1,24,ok,,0.4862238548627934,6.165092322216014,0.38647845317839713,0.11594353595351913,6174d2c5d4074cd59901346d33d990e3b06dd344d19303a5a61f4f4ab30feb69,13ddf607a526199525f36e82d6ec66fb92b3b4a84d3eab35ac1e71aa897d1d52,91859f0b01151c1097033ae674fbe94c81d0f5314fcf3c276b0e1ffd7d3970ab,96c074cc712b59ffac444057eeda2202e1263142a2bcff0a85445570ea18eaf0,0.28020475001540035,r2_mse_matched
2,mse,0.75,0.1,0.9,300070,r2_mse_sigma0.75_lr0.1,24,ok,,0.4196990731378442,5.929619715613997,0.4112976215747292,0.12462317933714294,f634cc4e2d1c13934fed7a89e1dc9feab288a32e837cb405f0cb855949395708,ccdff70c19143dba1653dcbb3dbbffabc6f7f1c013b1dfb8a1e39a9aee3a3577,bab40b5fedf934230d9d0d16692e9f5c5470b8febc8fcb7c060c461410d6242b,96aaba4609328bb95e55c0feac6642eb671e9f09f7c68decb708ead72810d575,0.27723600005265325,r2_mse_matched
2,mse,0.75,0.1,0.9,300071,r2_mse_sigma0.75_lr0.1,24,ok,,0.4059397696734839,5.936253415331948,0.42161500571629446,0.12521965669773946,a7a631ebdc901b6d1afebc5883b03deed2af77787993e7c43d983c2bd7ba4001,7a9ef81ad7224233cc5cb38b965598d9364349ed4072919e19c10e80bacca046,afd9fcf2c73317399ca16983efdfcd84868997fa4de3ba4bf51e3ab8ee2ef96a,266684f892ca5207b978c1ad293b7f9190d22ae2f07486007d1ec8a19d8a9126,0.2910770830931142,r2_mse_matched
2,mse,0.75,0.1,0.9,300072,r2_mse_sigma0.75_lr0.1,24,ok,,0.4007588458026469,6.025008488549211,0.4132110186543329,0.1218972505030282,29476ceb6b9c7bc9a00c948025fe869f227afb88b4f615b258137802f2c3d508,d2f5e742631b619a124a6e2d35a067c5b263572690ea3f3a50c8fe4ba810e605,8977935e02929e7becc78677eb5907cdee0ea75c29229c8f279422d8b8ebd7d8,44cb07954365d2ceb3e4a42245748b57a4855c17e57badb239eda9a80dafd8ee,0.29125725000631064,r2_mse_matched
2,mse,0.75,0.1,0.9,300073,r2_mse_sigma0.75_lr0.1,24,ok,,0.44582253177959696,5.900883749719158,0.36703708472980595,0.10901001416475237,94d96421ca2c1b509b027b228ac8292f226d27321b9fe81c04af907c5f10cfcf,ea343b04223be8eb207fe79b900dad6f48ebc9d78b3bd560a6b589d849c18632,d5f47536a2aa24a3162810e429c26199883fb455220cfd01d9cf541c6006fe40,a1cc2e97a3bfbf628a7c23a1fb5b21dae5e9293e47c415f2405195b04bb449da,0.28957437502685934,r2_mse_matched
2,mse,0.75,0.1,0.9,300074,r2_mse_sigma0.75_lr0.1,24,ok,,0.4111992861635957,6.0725762683033535,0.3948393218035381,0.1192414751846685,f2250eae7e757ccf0386e915268746609495ba31fce4b4abc9a865ab6e47686a,5ac414598748c0d70db4857128449cbde5756407a395d592f1e8f0d8bf4b5c79,b39548803e380e78afae47b293cd57cd498c8c44c3d7328d137cab95dd5630e7,6953c8a24fc7fe3360fa8537602e8359563d6a7a9255e9420d153506ea660c77,0.28502587496768683,r2_mse_matched
2,mse,0.75,0.1,0.9,300075,r2_mse_sigma0.75_lr0.1,24,ok,,0.4626109077300544,6.029439240789909,0.38504812133010946,0.11551443639903285,7dec063783091bc2e04a4042c3c3773b5ade267b870931cdc8039fa0219f28b1,a25c1eb5d376fa0b58834737109ce6926d29c8f0a8076020763734df14b91a56,f1ab4a2923c99b2be8f52513ddb62b5f3115eff7538a77c8b4aa931ffd4eff42,fd1438f5e362a72f66ed69c33e970c27815d637a6ecefdbba322ec449c44f1a1,0.2877835830440745,r2_mse_matched
2,mse,0.75,0.1,0.9,300076,r2_mse_sigma0.75_lr0.1,24,ok,,0.3971464064085713,6.0446887495040205,0.4234715669219232,0.12238328284043581,874f36301d93b1a5bcbfe168684f14c2ae66efa60b0bc3f6963cb38d49893ab2,a30bb8ba2fa3f25d8d30198f6baa7b531b0290bf636c95bff3cdf4e85021d3e3,3df34fbe72a6ec06222f16b3f3945ec50a28d566eed39cc823b976f0e046e934,777da7a479594bc7b6b48f674b3ae536b386e570be3dbe61f6e5f50f417bdaeb,0.2922348330030218,r2_mse_matched
2,mse,0.75,0.1,0.9,300077,r2_mse_sigma0.75_lr0.1,24,ok,,0.4287760506458239,6.051878370253781,0.4171430438486718,0.12681148532999623,ae4b1717c7ab36a8bf739e3c3e609f149fdff4c16f64795219832d1bdbe563af,01468e53e4630aac84262b5039324698644a6a60b78851a2244d2d5ca7d5cb3b,f964cf3c92aea6f7193a2bc545cb2b1cf4563c33fbf91422d7d9fd8a9a1585b6,0a2711d421d1cd353e6bfc0965fff30a9f2e98b4c103548cf6e4945c26c591a0,0.28618120797909796,r2_mse_matched
2,mse,0.75,0.1,0.9,300078,r2_mse_sigma0.75_lr0.1,24,ok,,0.5620428326936169,6.200872818654576,0.3730088307384827,0.11152964039080632,fc507e05a21f23918e50d7f9083a51ab150f87ca134cd0efd7c9b54191cb9adb,7b9ca0f5a4d48af552fac2e70ed042c3545b15fb9af1361947503fc8f8c0cadf,3c26773201de8f53758a523e4e9e117b57f250c73c716c02f557927f92598fe0,f9926a685b5d6a1a2ee17d38cf939beebb412cf8c2d62c866bcd18bd28d29c01,0.2855657080654055,r2_mse_matched
2,mse,0.75,0.1,0.9,300079,r2_mse_sigma0.75_lr0.1,24,ok,,0.39938288318117854,6.1044438116086095,0.4176772471893232,0.12864459213431156,99e3cfde53d3779687e41c4889b2c25c000b0fcd2df380100446ba8715eb8ec8,671c1c32f5796c76ffd63fa2ee7f179f0b0fbb4e4d0a1e393c4129332e01d5a6,05e654b3327a5e26890e9b771b6400e5ba9ab79d9f0b252f9aef0ef0531e2b8e,d88fc2fe1527feea3cae0998513e16e256ceece4d9746b5448169fd587b838b2,0.2834473750554025,r2_mse_matched
2,mse,0.75,0.1,0.9,300080,r2_mse_sigma0.75_lr0.1,24,ok,,0.5419963338463168,6.178070982121273,0.36624765292771394,0.10877555291953103,0e3d960b755d50f9638f138ca006e5501b07ca00e96338156fe514e01912fc98,1cbfac2f19d4c0ebeb40fc9e4eb17765a40b7e9b64b7903e8debdd4f6b207474,238b41c902d3ef9c0bd2ed48a46db2b4b87e8dcf89cbdda9480228c9b1a9f74b,0acad7fd95d75209f7f294103776e8fed2d7d9c37494eed9da059a753b5a292e,0.27615225000772625,r2_mse_matched
2,mse,0.75,0.1,0.9,300081,r2_mse_sigma0.75_lr0.1,24,ok,,0.4024279774086468,6.067912637803816,0.41244126721730945,0.12496970396684476,ba2f638e3dea8ab3bc59b28079c678391c132e83fd9186ea1da00b1add31d0c8,1a216ec3f73d111315128ec3ea4d639c9921edf923f3131c1bf95862d334f31a,b1154e3386b943676e8f461c997f0a13c5983d26ed22c9c748832d5d14b5f021,4ae49ca0ef30d3e85a2fd84ad5ed984eae8894c0e1bc1a3cc1b05e3547a9c1ff,0.27722241706214845,r2_mse_matched
2,mse,0.75,0.1,0.9,300082,r2_mse_sigma0.75_lr0.1,24,ok,,0.4357428834796355,6.140198102836328,0.402502817659616,0.11954333684490595,6c99cdadc1611e488d48953877d470202aead6ee43dd801e550e79a6bd0e922d,7d0c04aaf56cf065cabc2f4d8c5c616d73547978bc744188c58727f7bfc38976,265ceb9b84556e41b99cc6a1310f842bda0f172e675f813e9e731e3872257ab3,a19595ea96daf0b77751fc2b631629c52d5a68a96c30fea5ff46c6134344cc47,0.28049566701520234,r2_mse_matched
2,mse,0.75,0.1,0.9,300083,r2_mse_sigma0.75_lr0.1,24,ok,,0.41035450363485193,6.036422682628347,0.40575231073540613,0.11929117935620939,fb2734f5bab358e14e01f2c8e72617ccdbaab144d7802f2c8c60ee7f1e3ed644,84c7e32ae9100532c76001d8d1c47683e020e8e4c9c3cdbd4666f567820d7dfc,fbae546b3efcf6008f28f3d5b5d868b976bc5cdd69e6a4602d7e05fa06b2aa3f,1ab3c55d251181338d98ff31c563a6d7e8cb534835707ecb972553c9a936d789,0.27977058303076774,r2_mse_matched
2,mse,0.75,0.1,0.9,300084,r2_mse_sigma0.75_lr0.1,24,ok,,0.4744455076282597,6.1017383906914,0.37696507708818094,0.1127125580493661,307f937ba084b91de860668af0fb0f69372364bb6ce4fcef6c017c30674f17bb,1cb069d54206b5c7c80fcb7a9417feaf0b8aec9e6bba2eabacd8a44cb5aed089,2fd02768fdb7f146b2cbb15b8dadb8e9814a9305c312fd799e8f900d7f3106c5,0e2740bbe7cf7fd6828c6062691b1f51db64f3d046cb64c9a423fd8aa5a9d120,0.2767011249670759,r2_mse_matched
2,mse,0.75,0.1,0.9,300085,r2_mse_sigma0.75_lr0.1,24,ok,,0.5085928667471427,6.122202619049013,0.40281022809938144,0.12044025820171506,b7bda8f1c6157533107318b4929256d5284403e4f9593ef909e880530d05bec6,8f4efd48e45a79dd017a1d7a311edb86e9da535faee03ae1a88e4a1c9590a97c,3c7883f7360ce27199c4283ecbf61af6845a919dc9f733d60d2bb0733fbd9d4c,f4e49f2aa81ec91106a383ef98a1b5a6818342bc1840bf2eceeb6ef911eb11b4,0.30614883394446224,r2_mse_matched
2,mse,0.75,0.1,0.9,300086,r2_mse_sigma0.75_lr0.1,24,ok,,0.44997641244259107,5.968272855892828,0.3934396691263731,0.11999909908354381,7dca81a4c91012a56cee488c1a773d6401a3ad74b9a9405b00de27a2cba11f3c,e0324572697d072a56ed3c04da591c40f89f4e8378187195dcece0e344b2e000,2110537b7d7299e84283a399cfae209e4f9718851f7f11560a9d0981f82fee4b,e42c0ee5cb5eebff4ae0d1c0d154b05aefb58503d1d85b49b8845d47ff6fb887,0.297711499966681,r2_mse_matched
2,mse,0.75,0.1,0.9,300087,r2_mse_sigma0.75_lr0.1,24,ok,,0.4370097708866874,6.0944691127504385,0.38452239682758366,0.11574124144510269,2cd875bdde423eb1353f1213770192b7df8bd876d40fb1aa71d29f9f56f00fee,5e9e38ede140f2d6f39e4d2630dbf7e98417d17a2d266b77b6dce2135af70253,d6f9401f4860245c006a1885baee5959823b4f53355b4fba06eedc7c545ce49f,dc7407c5321e7ed2dd3427c0fd03cead3e1b28dec9367dc43b389d31fcd25928,0.3023106249747798,r2_mse_matched
2,mse,0.75,0.1,0.9,300088,r2_mse_sigma0.75_lr0.1,24,ok,,0.3891247517697677,6.0027302293088685,0.4092476257921833,0.1203188019829019,0030bf09b7aae09d5ca485e801a912df314636550145ceef5f18ad2202a69b51,ed7150770cccc71995eec6416e5eb8942b5187c46bb88744c3cce6ecfecca45e,b160cc9820d53513797a61c5a19487ff1000de3e0f3d8e4c1bb4c0e6b1194c7b,aba5732501790e68d8351549e11df6dfbec8c2612ac07ecd9fd6a2710390496a,0.2844892079010606,r2_mse_matched
2,mse,0.75,0.1,0.9,300089,r2_mse_sigma0.75_lr0.1,24,ok,,0.38574871521830695,5.973884632114733,0.44478028305816236,0.12720716095463444,c661e54b95aa168b9588f9db764694b9637b19b067f1ce1ef87d834330b73929,60508639f832531b067f6ff4a1f52ad903eb5f468fd6de942af85d30e535bba0,c32b6848e21b9a50af8f9e79eb6df0be6e0f2a64af10712fa7ebfbcb23bd0582,46648e877db4507d131b965a38b9c0b89cd8916782a05f85c342bb00379c4aef,0.28374562493991107,r2_mse_matched
2,mse,0.75,0.1,0.9,300090,r2_mse_sigma0.75_lr0.1,24,ok,,0.42318281534230384,6.192382373960736,0.40577315946835046,0.12010885520263175,98cd9fd3f5a0edc83a0ad4fddaa12ced64d760278d475564fff1f1c5dd73e084,eb3f6b474d6816be6628e288f25ada76b0f7d91970b57b91c195cb1a75bdfeb0,9dc46b6c5ca0a4b0f08a26386be913a69ade97c8e512cd25414dc9ae9878f34a,da10b4862a0adeac3be5445450a151d61afba990270b5c735fdcb7943fc0ecca,0.2789331249659881,r2_mse_matched
2,mse,0.75,0.1,0.9,300091,r2_mse_sigma0.75_lr0.1,24,ok,,0.4008286058154722,6.069354545719662,0.4140180931339999,0.12213533747452997,3ccc764800bf27bb75e2094ea8a123146ca3bde83ec7563c79a484f44610fafe,6d41cf29ae36d582d46a36d3d13ff7bf618a41b289a91760c47e508267a1e2bc,db407983fef5b206f39545297413a7aa15348c020465521dec172a55dd714019,4c95682bd43395925b09fe6d3f71d432d42f1d8e6f77f948ed259cb9e379b962,0.2842109160264954,r2_mse_matched
2,mse,0.75,0.1,0.9,300092,r2_mse_sigma0.75_lr0.1,24,ok,,0.4729335819418773,6.0374703852938945,0.37900477570763685,0.11332242793658343,ba3787eb400695bd780a7f47c9aac7da4c6b2a214e9244efbf6a555d261b6db2,312c1762699384512ffe8b45d038321bb9111baf907d3b4d299e58986f587df8,6009430313df6b77cea37c720620f3e27e274d080da404b5bed3818beb4435b0,13bf6f5c13d687a81875f5fe6cda774a78d458cf9c03115d9544334437f74050,0.288509999983944,r2_mse_matched
2,mse,0.75,0.1,0.9,300093,r2_mse_sigma0.75_lr0.1,24,ok,,0.48156406914267025,6.113252172706074,0.4085173725374952,0.12459779862393602,a7c87e334d754c35efcb9e12ce12b8d5ba21cb97c762ce1c5240cb2fd48ba9c4,3cc8f5d36dcc8109c4741d577771dc446ba604413af58962bdcbf19baf2f0dc8,7ca6343b7a31f3f67f9e05e315b502d774d0ca140f6d6adb18fcfb1528357015,f6a5387d5852a367172a87f9edf4e2db909a31f1aa7867688abee3ebad0499e8,0.28724058310035616,r2_mse_matched
2,mse,0.75,0.1,0.9,300094,r2_mse_sigma0.75_lr0.1,24,ok,,0.44428794822449774,6.044493875230666,0.4107760172933182,0.1220004771361155,fe0cb28c5e5207e0eb8d04b69d0a192adcc44035ebebbf0a71afe93c9c1de479,0cd090b78186e5e94dddb02b661a53946c90c56c0135969d592b1a63ed8f5b05,237cf5e8e392e8d3cb9789a0295cb4f0d2239b08f76569216567ed0e25a6b24e,7ee56536cb5225d3d493feb111d71ce9662171b0214e6737e1812e7fef4a999a,0.28364899998996407,r2_mse_matched
2,mse,0.75,0.1,0.9,300095,r2_mse_sigma0.75_lr0.1,24,ok,,0.42179697073099787,6.0087891361055705,0.3991039887253239,0.12013030060632249,2b1d3f506c8358f83f3f6c4c478ea6624d3260edd10ad6d1d620211c296428f5,0645f2857cbee4f45e0679741b4cb95e945e216de2bf7f7e7ec41b2cda9c8c36,be1a9d3668cd0ae796500668b1c7040d7a7deef50c82de6c03ca06d29d71d5c4,471822a8bfe0cba21af9116c9558d06e77df76a37074f6dc2ca1a3ca684a94b2,0.283931624959223,r2_mse_matched
2,mse,0.75,0.1,0.9,300096,r2_mse_sigma0.75_lr0.1,24,ok,,0.48521034713675837,6.110975139222753,0.3803357810514996,0.11181871962914089,a8b2a6d596c52df65b7d82272c0d81d9d2c9c77626ad4d90c15fef87fa6ce7bb,a2772ee613085871d2c6c6b322c84ca766ff812bd99d4bb412f81dcb90de15d8,9870b7b051d19b22ba1e1de80bdf44959353ee13fbf00af1aee1787ab5c9c043,e335c63834db47576f808dad6a8eef792ebf50613d4a87654363459993b2fab2,0.28399525000713766,r2_mse_matched
2,mse,0.75,0.1,0.9,300097,r2_mse_sigma0.75_lr0.1,24,ok,,0.41710632015745375,6.066885113185218,0.4262666170186725,0.12489611878647106,6a58ea514372c71630cb99b35cd8e07be887fa6911b53f19b5d704732fb75bdf,e8c8a21ce148719bf4d490968666825c456df5cdc48f065ce070475a9f61b2a5,5dc1a22dd45cf7dd75e75faddae7ed627a49577b36ffe412360df454f47eb19c,8b8c7e7d53f6d35a21d68d49de2b0364d0c98b81444d91f7c2ba9f42ba81498c,0.2917120000347495,r2_mse_matched
2,mse,0.75,0.1,0.9,300098,r2_mse_sigma0.75_lr0.1,24,ok,,0.370497388236174,6.074274544435675,0.4180346264243325,0.12541038792729975,998122d28dd5e545db51a6f7b951f9827ea9260ec2b0d92d5c37cb103d0ba6ff,cafbcf058d29eff2ccbf8b9b9b6915872acb9632484a9ed2be13751a7165618b,287d87fadebba1312633eed9cc5eca6153b7cb4a2e16f55ed57d8b5f1d3692bb,46960c5e8f81ee0ba8b97413457b711d3bf7f7b963ac71895cf40432879187aa,0.3302769160363823,r2_mse_matched
2,mse,0.75,0.1,0.9,300099,r2_mse_sigma0.75_lr0.1,24,ok,,0.45867845806458596,6.072068216576338,0.41857063984002457,0.12724547451136747,84ae2550cdacfb1a0c04866f5109d582dc8f9d46f21b0b67a1fe731269b4c984,bfe6ea452f11a0df7fc9c4a0f46f997a12c5f847d7cb575e520f403a4bf425ea,4b91ce31add683e91c0dbf068a8f03c9d4f6ddc6415b93ea0b5814740a8a8a03,fc0efc2c428226f4dc5ae6a73fddab2b4131ae17c04ee2743f1fb81fa1035d98,0.33481062506325543,r2_mse_matched
2,mse,0.75,0.1,0.9,300100,r2_mse_sigma0.75_lr0.1,24,ok,,0.41809902597181636,5.973099560923802,0.41212503135962497,0.12198900928244899,79ea598cce16ae26ad8840b1327ff8de5d21fd4d9430d25e5240651e7af36883,c6cb13adc09d1c9493e0525b5e9c1857602686d97269e77f2bb4ddecac2d9281,e92d392d1d194caca9d336509363ebb15b56af341db9d21d883de408662cc3c4,147d363c31f0823cff0e141daa5bd6828c5cf6f3d587175a1e21502d235cf9c4,0.3344517080113292,r2_mse_matched
2,mse,0.75,0.1,0.9,300101,r2_mse_sigma0.75_lr0.1,24,ok,,0.465151769122398,6.150827157861914,0.4054132021579137,0.12081313424305828,0fb83b7408cbc1aaa63ef4f097d2d4880365ec38387ba68f6e8c06e44ed382b4,dceb90c9b78bbf6b549b8ab484f361187309c14504d742a94a4f018d6ff4ff8f,413e85c25143ffa0362ab305b029f74d056b96768dc2fbcf98ec1f1694c26a18,3fb9ae6d33a144ab6ab0930194edb1c88290ba93aabd1da0a72d346a1ead5c57,0.301250834017992,r2_mse_matched
2,mse,0.75,0.1,0.9,300102,r2_mse_sigma0.75_lr0.1,24,ok,,0.5359902315589158,6.207032931952183,0.35726727692061466,0.10682291579926378,e006b6489056566299e5317c5e2b106d8b7edd9487990bf6db04060c6ac36307,e07ce9fa89fc078461c503cf21016be917062050bc58b8a99684204e3157ba1c,4f0cdd2aeb33e16147ec284b1b71e00416b535c9e199793bf0212ac801ebcb82,79d33036da639920aa7563b4698c3273aa9fbd3f82f58456f78b52a334b65830,0.30036858294624835,r2_mse_matched
2,mse,0.75,0.1,0.9,300103,r2_mse_sigma0.75_lr0.1,24,ok,,0.39306159233294363,5.99773264129735,0.38950772037877207,0.11529428523211653,84e90d70cb6e50e4307e53a36b76f3648b8d6250f46defb308584a6065977352,f00bf89f1900623e01eb9a58b0cb70f1bcbb56703e588050aab3210550b31700,dcfe7e61ff20e8629cdc8240e70d763599261110382446b7a81069001aee1621,58ea91ecb8550dd4f5b073adeb9f990b980baf4d4eecb5a08842c9d57f337cb9,0.2908867079531774,r2_mse_matched
2,mse,0.75,0.1,0.9,300104,r2_mse_sigma0.75_lr0.1,24,ok,,0.39263114412408445,6.042971780758844,0.42804695255175673,0.12627385100276825,2c3887f0f74ede3f0dad59dc0d44c3389907c03911f67ef27c1dc5383e7ee93b,23cf924fe429906fb077746ef8a5906c8fbd8ade881ed87a2d573bfc29104d1b,6547122e72c72d7654a4a6438c477fd81f92746a202f43b66f1afebb113c507f,e17e5a345757ca3d81cf8337eb8f40d83826e11edc1bdb5a2a6ebb8a99521010,0.2935490420786664,r2_mse_matched
2,mse,0.75,0.1,0.9,300105,r2_mse_sigma0.75_lr0.1,24,ok,,0.3908451904093319,6.003135397505173,0.4103698271024791,0.12064872916812885,de0ebb6b14e2d450cf1bf792fc262365fb3d059482fdd0b5f214736a7a740690,ca39052c1df6c96c8cc1bb2d62654af1cbbf1e3f5b76fb2794c5d04b41e0a09d,7dad43ae4069ad1a8004e09faa10b5991f4f3d957631a04bddb3fac882fc867e,fec2fd946348b8103a1583deeded6401954cdf626378ba0183da3c23da86a271,0.29589462489821017,r2_mse_matched
2,mse,0.75,0.1,0.9,300106,r2_mse_sigma0.75_lr0.1,24,ok,,0.32879967182573044,5.9426192827103055,0.43967170588848836,0.13014282494299254,ad033ae221c957f89cdf90b8ce75396eb58cbb69b99f95a7271da6cfb9c35e37,745018b097730ce74ebf95cf2852b9b8067c7d69379762899184116cb2ca62da,0bc6d71a25d38129d6b6a4179d62a6c3716c66f7b62fe0dfae514c0d75a23c51,c29223dc66af2e82079ba85324441e7bea052e7c621d22b6e79545c470b08591,0.3050914580235258,r2_mse_matched
2,mse,0.75,0.1,0.9,300107,r2_mse_sigma0.75_lr0.1,24,ok,,0.4680194154337193,6.061531296292847,0.40789026542956114,0.1227749698942979,6aae500dd352d571784f86d0556e3fa32e53a656708e352d32656ae1efcba352,15b994e67211c5c8a53560c6bd4c76368bdb22ea10aeff9b0b4fa3fe26860262,4b8b72e930ba2135ff36134606f48c99c03b9b21b6f0fb10169b72ba70bda5ac,ecf24d2fb124b7b6f45c307eaf79e3146064bed0a27ed6f4da59e645099ad30a,0.31984137499239296,r2_mse_matched
2,mse,0.75,0.1,0.9,300108,r2_mse_sigma0.75_lr0.1,24,ok,,0.395908152244692,6.090834876530014,0.43145054123774607,0.12943516237132383,41309af3394399959ccfe27b376380ece9eca6d3297ce2213fdf23e9a6d2ac93,d97074ac83e2be40bde748920c734d9759162fbca1875f0f21dc789ac44c5a1b,52fe99279fa730ee8789d11b61ac5e66277d1dd8ad76184005a605e82d655606,8da5c6ad7c34ec27412bc663d85e596e05aab3afadf6d19819a356b6f7c27ff0,0.3768921659793705,r2_mse_matched
2,mse,0.75,0.1,0.9,300109,r2_mse_sigma0.75_lr0.1,24,ok,,0.5526219878084093,6.250942647678989,0.3925763483895873,0.11266941198781155,771fcb9213886ea1f967979f6ad3fe3f6fcea304f2642dad6194341495a315cf,927c3658ab546714e54b9ee0f95b97c491be86f54c7a00bb51e6e63694563370,24f65ac76bbfd155bf897d0e83b8adacd5aba5d9cee8995232f0a206d48c3eaf,2a916b3c9558feea7a97af4072e523695c45845322a970ee27f077c6cf3ea505,0.36334575002547354,r2_mse_matched
2,mse,0.75,0.1,0.9,300110,r2_mse_sigma0.75_lr0.1,24,ok,,0.37232833128809867,6.0192712261128944,0.4121365913101986,0.11951961147995759,cde45661617a288f63ac7c264248a144b6191f42bc1653ad3551b4b4735ab87f,b99d2d6fd8b683d6356cb6d876c164fe9843b9e33fe8788befbacf4ca22f0c2d,91447b8f4ad4658d6e9ab3e7e96993c5c7b13cb66ee25819d0eefa420588383b,24dd3250fe026fb635a0d2cde67d031b368e29d12a3065f0cf52609e2be012de,0.3242185839917511,r2_mse_matched
2,mse,0.75,0.1,0.9,300111,r2_mse_sigma0.75_lr0.1,24,ok,,0.37254527367642243,6.151530768616091,0.41600427512118776,0.12188925261050801,e133603627b2009609a3aa5bed97281a6cbdfca6a7eea92a419745c7546dcdde,f7c0162fc827424ac8388e374e078e13fff35507f602aa06f4b2996d6e484025,3f3fd4c930813d9d87a5fcb0949c8361691152c673e49f01b275cad80c097159,2c93d0c6837efa670d6cb8e6eef179604a60106b7f7131a6a876acce0ff1008f,0.2834320419933647,r2_mse_matched
2,mse,0.75,0.1,0.9,300112,r2_mse_sigma0.75_lr0.1,24,ok,,0.42906074861007704,6.114897653062643,0.3839144655588987,0.1167099975299052,644bacd763502337e0035239bd1882a2783d5b5a05ac3cf964f3ace18d859473,317341fee9a89e62d763d3abfbb2be4f20cb86c2022f5a63ff588b0dbfce4787,d61189cbdb78688824a7c7ce61f481e76f8093cd9e1392836ca927f460b33dfb,a4d80cc88e178d54af65e7e6a23e2b0cb4dc31b5f87decbfcf2fe7e2deb88c1f,0.2840858749113977,r2_mse_matched
2,mse,0.75,0.1,0.9,300113,r2_mse_sigma0.75_lr0.1,24,ok,,0.37738359125256743,5.960282782378452,0.42000543328074574,0.12390160281781999,ea02a0f906c4077add1f728f580129235b1ccebff060438ebc231b16f441728a,5757b18f7496722c3110cf0964f2bd6855ca6e2ab2eb5d5d9fe2176e26a40d5a,04263f06fec60a9effc446cc90a62e0992494702bc932635cb6249b6bbe4653e,5b2879ee0c35835ecc1456be24691005befcfae7c3ea4416dfe9162e78bc148f,0.29017154197208583,r2_mse_matched
2,mse,0.75,0.1,0.9,300114,r2_mse_sigma0.75_lr0.1,24,ok,,0.36465430385406844,6.024962232069885,0.41674632214843077,0.12419040400023237,ce4b99d8f04992133ac07a717779dcd6cdfd51bdfbfe5caa5ff3046c4fd6b552,dc88917ed83c59b5699ba2636285e959769397710157d22d8217c2fd639b0fb9,a42f1afd358ea80ccbe895b9906942dbfd9128d313fce6ad186773c0ce1cfb95,3c897e0167cf12e933b8148ebe49c0930d88d0621837d347b91ef4073544e478,0.28819225006736815,r2_mse_matched
2,mse,0.75,0.1,0.9,300115,r2_mse_sigma0.75_lr0.1,24,ok,,0.43636811087124977,6.04213423222042,0.39297269456775413,0.11514099950835197,c463a396e85798bc68cf4a062dbaa6d994363a8cdfc6d7c9791e21091069da9f,5958f974d9825dc3c070069675227ef7f9be0ab42121f1e9539e0d2e6b750b37,d4966bdf5179a8d69ae9ddc0384b8738a69b11cf9fb4db99b8e9105abc8ab2dc,f99a35c3a3f2ee2f9fce515aff0c27cdc6eadc291f6f37d3e23feafaff0c5936,0.2926109159598127,r2_mse_matched
2,mse,0.75,0.1,0.9,300116,r2_mse_sigma0.75_lr0.1,24,ok,,0.5913901987220607,6.239644376741891,0.40006164041269193,0.11641793736009334,084daee521e0d96b4b6964217b212b6e3d0f8e53220f91810df897c8d600625b,95c1327da070b867d19ea8b2c991d0b127ec0999753a2e627a218e1fc3568efa,76eeab117ef6d59c31d02f42ffbe76464325e059adceb74540a8b59345e3d511,1449c6d4929c06e4ee6c3c57c0bea93aa8562b9dc5bbe3d00c136d42074f9136,0.2965172079857439,r2_mse_matched
2,mse,0.75,0.1,0.9,300117,r2_mse_sigma0.75_lr0.1,24,ok,,0.4864032670282162,6.097806209914499,0.39886100421093396,0.11925944025906925,a7cb6900e99f4095de6330dd8d979a9b2cf415af5be1ec45ac3ad74d3326eb57,2177432f921982ea8d382df02f0077297ddaccd66748d6c49c88675fedf7c8fc,99d9e59252d3d0878303d892f1426bdaa87d9d9e96c0da52100cdf390f18cfbe,4791799b066916f4e43e07d4ed994df590a783983bb55b0bb120928cbf9bdefc,0.29711154103279114,r2_mse_matched
2,mse,0.75,0.1,0.9,300118,r2_mse_sigma0.75_lr0.1,24,ok,,0.40343339913854925,6.0322825298084375,0.4235636654515074,0.1253748449736462,2bcd33845041cd219b498a03ec11004d81bbe9dd3f558b754d6ea545896bc7e1,b656512a7c47a60c5f0e2699f11ba568f724faf443528db6c622a46754c748b1,d362c25c6b0118ba623f4333687179ae706269838bfce9cbed48c9249a1a46b5,61086729200379d8f845390333fc50f920ec0d3645f6147f93bb7b72db8e7b25,0.29656783398240805,r2_mse_matched
2,mse,0.75,0.1,0.9,300119,r2_mse_sigma0.75_lr0.1,24,ok,,0.39494089819445455,6.1205278816769955,0.4390295336136785,0.12995274194964884,aed0e9fe989702c5562c247fac514771a622ee069fc4d2535cb8bac20c823ea6,7ee168630ae11472db3d3cf3061384c4b41ab444816c085b7ff71d8d02ebc072,c918f502a53094956c4f52b2c0b8f131bae0c09457d7b1bcc63627f255a48f39,77b024c92f9d11dda46f2dea08fc323a9537c4d91ed623114280c2c46d01654d,0.295059208991006,r2_mse_matched
2,mse,0.75,0.1,0.9,300120,r2_mse_sigma0.75_lr0.1,24,ok,,0.5209024818520145,6.114832478508302,0.3656278923201473,0.11041962348068449,cb61b23895f2815bdc0aadf0c708a92916c48234dd8e466aac8cb4db803fe60e,31599b2d6bba43c85d8620af2e75378d2f44d1123d2eeb378287504537e26fbb,18b537ed95217b141800e7396a7436290e5656b6b53e4843f4ba178aec2cc312,b7f90083abb7b8e01639a861fe13bd300e41410f3f024bd8cd4961ec27a49e3e,0.29042720794677734,r2_mse_matched
2,mse,0.75,0.2,0.9,300001,r2_mse_sigma0.75_lr0.2,24,ok,,0.44433864142226875,6.053362566349701,0.3950134588997909,0.11613395691653852,547df75d495d72b315fe564322ceb41b8419e43ddc93038fd9cf9fe53fa9e4d8,27e1e2c3dbc45cde17f5de651f591de18321454482d19b908f81fa3a5e20af67,69758c4038ea4506ab5f93f522758a89053fc67525bbd1c52fec667d6bcbf42c,6eea28130c1cb1ad63019b4afef78eaabb52d2548519bee8612cb080736dd72c,0.2793519579572603,r2_mse_tuned
2,mse,0.75,0.2,0.9,300002,r2_mse_sigma0.75_lr0.2,24,ok,,0.4384087875066611,6.082763908342365,0.4205588496536901,0.12658821374576074,fc5b1b69e7b8cc0f50f32cdfd3927bcade5b7de5f025f5e97e35f13b7dcccd65,4c5eda357008888dc1e99dacd5c9935dfd3c62182290bb6932a887ff0a66c610,a5a712360fb5fa4520a4a2a22758a3c27b67b4b6230c882c34f8bec299500618,d8b450970320c84429fbfa22363bb6a9c1547d41030e3c697fbd3b473092c07c,0.28383408300578594,r2_mse_tuned
2,mse,0.75,0.2,0.9,300003,r2_mse_sigma0.75_lr0.2,24,ok,,0.4361155165486323,6.020225948282305,0.39042363366616956,0.11517497193152001,a2e1081d9fface7a08688415de646f26dfffcce559f08e132cfb5e7e252dbf1d,833f767deaf5306522e0610877df9712365f64f25c2a9481ae98b9f1758574b8,b8fd914f2b4bdf613e32c9b4ca66c151b4100da65fefd0b77b59ec024c9a44ec,59d5a8f8ead51f6af96ccd59b6a1aee99a57ca6146324d7a232f7993e0d80584,0.28112349996808916,r2_mse_tuned
2,mse,0.75,0.2,0.9,300004,r2_mse_sigma0.75_lr0.2,24,ok,,0.3635275081467694,6.059538257089877,0.4205325592711292,0.12405710498498311,58cdeaa78f51114a6e914189151f24a71007e71cf610cda51f971b31dde06f10,a0355d581f3ff5f5a74dacda51013f50e7e5b287c1670929a81b01c976ae8a59,f4a0f9945f1a3c60df410fd10e800e7fff70c42926132265e192700fe51606e6,fb69f2f041d73d0c7ff6d282a47d48b334e234264b2ae75aaa4122088b5226d5,0.2739470419473946,r2_mse_tuned
2,mse,0.75,0.2,0.9,300005,r2_mse_sigma0.75_lr0.2,24,ok,,0.44677834054134835,5.9979719127233775,0.39261793159322395,0.11857061534115362,5c051b69b978374ceb2348d1862e0af437f756e529d7afc1c1186c2e54ef7e57,5b6bbd1920d2685aa73875088a12ff6c127d36ad58b03e361afa4a1c313df8ca,d976a89bf7356c6f04f5258704546810b697343924994c02baf71f5d418ae242,6342f8607b3b09c81f2ba3cdf8b95297b3963e90221dc2c41a315002113884c8,0.27371870807837695,r2_mse_tuned
2,mse,0.75,0.2,0.9,300006,r2_mse_sigma0.75_lr0.2,24,ok,,0.4213424103924258,6.072174296179527,0.43085478495544643,0.1288255807016785,15a47afc3148937636cdfec87f5ea1349559551ab1fed512817b9821ddae305b,ff12b0003f24e3c1c0d39d5463f83beccd48c3ccfff83cb5aee8a081df56b4bc,ab3dc927fb8090479524becacde4f6a212469ac909fc776896be25986068b415,8d5f5d2782efe291c15833b844a92f2e18bd45403326eb28da2b5c56aa35d05d,0.27009745803661644,r2_mse_tuned
2,mse,0.75,0.2,0.9,300007,r2_mse_sigma0.75_lr0.2,24,ok,,0.4621861284275959,6.095343097829615,0.3893161110449242,0.1144589366472077,5ba229eea3aa5e9e6cc0d94a42d4948a4f324f7232164c5b1db8b24ccebe076a,6e51f2f2d4b59e8180ad8e8c7b27acb0d8ca7076d726fafa5a2de56bf9a213f6,e43c63144020802be6b53960c12113e626bf5af6fda738e99f406898c59b2306,c7b0e495f9244505ceb58ca736f6e022ace2d5b54ba2c44333f2500e14060fa0,0.2730556669412181,r2_mse_tuned
2,mse,0.75,0.2,0.9,300008,r2_mse_sigma0.75_lr0.2,24,ok,,0.3573126162098394,6.091220205817133,0.42315480168239955,0.12313804728957826,92d23af5bb836428a7eb153f6a2380de81f8fc80da3fdf08b509b0370e7b93c9,81d19f6042d7b3ac55466949ad7de628e492c588c338e358f96626b8c34ac720,bee7b617c2aaeca7aed1c7211692af81a9e8c73b90ab946274e48eacc461cc6d,83273e17f41a1a8b80855e1c03f9cab1a0c294ba164db260260c6bb12d016777,0.2820778749883175,r2_mse_tuned
2,mse,0.75,0.2,0.9,300009,r2_mse_sigma0.75_lr0.2,24,ok,,0.42879873160203574,6.107643865134369,0.38808051541305844,0.11642415462391753,5600684e9ca941293ec22e3fe6f944bf235dd38fe0048ad959412b96248230c5,f9b700d2fbb94c6f5bcb5fc647d367c3a5a186efa3eb7cec51aad8776f3baae0,2d964aa7f8fe7009d98b6d55b32a13441017cbd1841bc5f5cfee4f60b1e5597a,f2043e7e6af12ab6f625feeee1b52b534972f8bcbe793856db25204d6c3deb16,0.2786888340488076,r2_mse_tuned
2,mse,0.75,0.2,0.9,300010,r2_mse_sigma0.75_lr0.2,24,ok,,0.39630016017862874,6.109228017196012,0.4182759196447339,0.12130001669697282,a56b6fb7e11162aa1bcbdb89986ef350dfb815c8939edd09a86a5d1f2edfccd3,ebef873c28036d701489dd58ea3cf0f3ea8ce6397136f78ede722212fa4058f8,bb472853ba6442a16e47aa10fc0daf077960a8da8c18c216c683f43e69ca33f2,e18aecd83916f2f26858afcd44cfe70c70fbf8b9c209162d44823a943e9f648e,0.28192974999547005,r2_mse_tuned
2,mse,0.75,0.2,0.9,300011,r2_mse_sigma0.75_lr0.2,24,ok,,0.4443609956369209,6.118321996459955,0.4242327007197981,0.12854250831809882,e77879b793619b6b11bd41e6c0dd2126d719a2f55d9c0ac0da2f1549b0913658,a815904015b8a5020a10190b51a4a1dbcc318a510e2cdda9f1b17ab6b4222a91,5bd61f9d39cc4cc3c95c3edac539cb72db72c7da8b3f32ef562ec5d1774de753,42890ea4fee94a5377218816092e838c48c48fd2997b49253150db716b7b81e6,0.2786871249554679,r2_mse_tuned
2,mse,0.75,0.2,0.9,300012,r2_mse_sigma0.75_lr0.2,24,ok,,0.40041364532723067,6.0993137739728445,0.40536549784881176,0.1207989183589459,9a73bc3dd78108b7e8c672136c1ebbc9996870d62df4ae1db431a984856c4ad2,1d51aeda2aebdfd8b9ff597f1185d611b6e9ed0df0728b69bcb6d1379cd855e0,51f56ce6a5ffd57a004adc4d3b933139b11ac3a8a60ed27aae338eff841e7a94,762485fbd78f6091792d6b9a8afd0864ef4729ddbcdd8f86c184d332509e8eda,0.27728400006890297,r2_mse_tuned
2,mse,0.75,0.2,0.9,300013,r2_mse_sigma0.75_lr0.2,24,ok,,0.4056471014661082,6.089515909402238,0.4403364889663065,0.12637657233332997,43be896293e02a570742d018597b933e42ce673588e34b4fa509ef9d1086355c,fffdef1c1b60ad8ff28008f50a6fbe337eebd5feba0cb6cdf1f62599072d89f9,ec5400175b7029cb3cacb2798ab3139530622f9622ec41de1f216b1f0c7672e7,99409303e1dd622da6737bf96a9133c386243275dcfe4974035ca3fe35be2fcc,0.28097154200077057,r2_mse_tuned
2,mse,0.75,0.2,0.9,300014,r2_mse_sigma0.75_lr0.2,24,ok,,0.5405100903878468,6.22101925937043,0.3839663845206148,0.10635868851221031,0cecdd4ef73e35260909137e7b4a9da22dc59d3d45a902be1bb9f890039876f6,023f1bdec63d2e5bed62469a7b9aa815b4634b3b7388108055538265bed25dc7,6d8b0c0df6ef122481e0cb03e2c80742a9e5a650c5693a53530456e46c6eb7af,b29c6b926ced39f19997952622e058e089cfc441e5b6e0bfec8f70172f907763,0.3822719589807093,r2_mse_tuned
2,mse,0.75,0.2,0.9,300015,r2_mse_sigma0.75_lr0.2,24,ok,,0.3808592854116536,5.9785994428696645,0.41996900860924136,0.12851051663442786,7d60c852db0400ac3b4314a8c7a8366b70bbe606cc64f24d1f55a53477325310,95577195c75752a3d800cd54cb592b0e570d9ddaae911f46c2cafbc86fbdada7,f2b43ba805d16e74a13ab8ef2b875c54467b1e2ce135d9c0b5a54467133bfcb5,8cb52eb4291e419c0f1b80cbf891813497f0fa4cf4c7569a8c73613a6bd7922c,0.3945546660106629,r2_mse_tuned
2,mse,0.75,0.2,0.9,300016,r2_mse_sigma0.75_lr0.2,24,ok,,0.4965374614046118,6.0167925069329335,0.3885418958408076,0.11967090391896874,e9cb11c03b8ee8be5af6abdcc1d3777225768bd24abd02a539c763d257098807,34c39d8d5501347c5c7a8076aa73df0fd8faebae88bb05da13de3c574b7f25c5,9cc8b1fac2217e31c2bd1182c8e33df4f081e264e52b1f05c952484a2c0ce615,60552adb24b68e9ee47f9a1a3be5a81a89168076ef074eae1d47caec35f558d0,0.3554317920934409,r2_mse_tuned
2,mse,0.75,0.2,0.9,300017,r2_mse_sigma0.75_lr0.2,24,ok,,0.54620299350014,6.161299998322152,0.38517685297382465,0.11170128736240914,3c4ef79e66878b5be9a3cc390e0d91b4b1d607483a1aab1662b84f5be4a254a0,f3ec861043fbbf94cdf36e85a09f9ce95b7156b2ea7ecf03bbc1eccf865160dd,1d68cb65efe7145da6f906bcb83f8527eed99024a39634ece9eef8dfc44d13a7,d91d45c66d33b97530f1411694e9ec1e836e5a0dc11f2f13857d0ee5a7ae939a,0.28724804194644094,r2_mse_tuned
2,mse,0.75,0.2,0.9,300018,r2_mse_sigma0.75_lr0.2,24,ok,,0.4637639456833372,6.074597401369903,0.38459595086898857,0.1146095933589586,1e61d1562101428c9c58975a868ed0d794029be0ae2ab5b7d5405928c87d4a13,bd933405607b33df3caa53139bebdc6aebde79ef4c90313fa0ee4b523101117d,5acee9bef351250b67c0910eb398a161555d42ca42f246bd60d219654ec057fb,48747a75557ebcee797fb37a996718c9aef2c8abf1d7d93476e8a0e9b56f5ab2,0.28885116695892066,r2_mse_tuned
2,mse,0.75,0.2,0.9,300019,r2_mse_sigma0.75_lr0.2,24,ok,,0.49908006448933134,6.103970800561891,0.37435655756555125,0.11268132382723092,fdfd8e6a98343166e6dcd7fdd44414055adf41a5cfdff0fb23072998f90d34c2,43bde573aaca9ac4ed736014dcc914055e7ba211a6ebb9f59bd2eab92521ca4a,c2aeb78cab28998875578d1db90e4d7967a8ba1e909ef64f9459b1d5bc10a59d,9ce80faf972687cd9d30a6e098e9db2fcb94d903c44b55ea495ef5fae3b06be5,0.28425895795226097,r2_mse_tuned
2,mse,0.75,0.2,0.9,300020,r2_mse_sigma0.75_lr0.2,24,ok,,0.45551202753164066,5.9922655904560855,0.387429939671218,0.11506669208235175,906ca7b0c8cf3b525f857a92fec5f7c51c7412455b4ee13098e957ea4447fc43,6ef26e9565f7a805b72693c700925b72122e52339ba7e680019adea3d69e0994,fa2650fc47b2898848deb9e16643c9df16dbb8c064f1372fcc8fb42d5b069278,cb161f5cf2ab67ede119d26043dcf89e74dfe50bbafcbf7544afff69304827d4,0.2860102499835193,r2_mse_tuned
2,mse,0.75,0.2,0.9,300021,r2_mse_sigma0.75_lr0.2,24,ok,,0.3606656011835575,5.975060923597867,0.4386960503107361,0.13029272694228863,fa4b7bfd5394097ae05f683e9cb6bd9b7d243d63a0cd1166aa9c63dddda4bf29,592d49d03e1d329dee388d65d5e7c0c74727b081c7888f72b200a3d49a9f761a,6e5a2d7fff5d93d0ca5734aaa42b62a5a2c38c391aa015c2c994e8ad84e81b47,f5ecbed296736a35bd2171dd5608a05026fbd0104206238e91e2c6c6596ffaf4,0.28821741603314877,r2_mse_tuned
2,mse,0.75,0.2,0.9,300022,r2_mse_sigma0.75_lr0.2,24,ok,,0.49889697179147435,6.23514974017404,0.40352913708611193,0.11783050802914469,01132f8d76a31fb1533df417971bebb1e16141690bd2f32439d016369638852b,0236641094670eb129ba35350d11bcad44e89884a4dbed23ad8adf5e7b47c52e,dbaef4df14146e5e884f9b2cec79fa4dab19264587c680094bb725a96b48d7ff,8a36a09859d77e2592b8f3981cf58db3235e8cac5fd464b28349bd7f71df683c,0.2812589999521151,r2_mse_tuned
2,mse,0.75,0.2,0.9,300023,r2_mse_sigma0.75_lr0.2,24,ok,,0.48195536412889745,6.066714556312203,0.3887838398682057,0.11391366508138427,8569b0c8c05e42f7fd61099236414ab6ce3713f6a415fa14439fdfd258b928ba,d309ac4b205e9879f73bdfe3454618e4b2f8674023509d75c5d8e5d9c6444e79,bd48f8b06cf09ef4df174486d8fc985e96347b9e05aa464b06fc1f3c77c4843c,249a60dd5bef6a74ef69139149e5a1d7bb2b832c0de06c6efbf43b9086c7b928,0.2866867500124499,r2_mse_tuned
2,mse,0.75,0.2,0.9,300024,r2_mse_sigma0.75_lr0.2,24,ok,,0.48326100163337776,6.08588619143506,0.3944277242146291,0.119117172712818,0790780dbf8b15e4f2cdee78286694884ef6f0989269cd40dce812f11c818968,cac32651e1651a8f3598f530661e966484a5eb6d2555c9964fd8bd3dd7a87972,916f15260079a7a4c027c920f7b7b09a6761ca4cf413cf0730d6d477188f1ec3,e0f91e6997ea8264d2fb3838035ef3b3ccba51e8c72e650c7a7a20ef8fd0de93,0.27977587503846735,r2_mse_tuned
2,mse,0.75,0.2,0.9,300025,r2_mse_sigma0.75_lr0.2,24,ok,,0.38497590850675595,5.984149816739745,0.40479809099293756,0.11982023493390952,e6c0956e9a29de034cd0ea6472278f9f9e305434300df8b4e8f108cd08f26886,50ff6677861293934dc3f7a0e6bbea9c1b904b4976071959176694c02e0f577f,3802da75beec3e84002bb5c4f02d205dbb057b759f815863a498bd63f4f64f8d,75be32e8833d2a2704e40c1ed8c455ed4fbe355ba9a3ba6b520d2870b74d3bdc,0.27749087498523295,r2_mse_tuned
2,mse,0.75,0.2,0.9,300026,r2_mse_sigma0.75_lr0.2,24,ok,,0.45922686141507374,6.075043451511423,0.4443749852174657,0.13153499562436985,8259c7252ea55af17697ec3e92fa664cfff2cc2c62b2fc54f2eea6704162cff1,3ce53c419a8d2a98d1de9e36c588e27e9bb5fe7181e80c9c70731f6462d4cb14,69921f13f2acb1ee11115fe84bd7d2ef292c18a3f40808ac325767c7b1fb0d9d,d62ef46d0ce678a8cf5ef2b262a84e6512d5dcb059996f5edf2a1bf501ae4e5b,0.27590483298990875,r2_mse_tuned
2,mse,0.75,0.2,0.9,300027,r2_mse_sigma0.75_lr0.2,24,ok,,0.3815771832012846,6.050180153749374,0.4173639954364476,0.12646129061724362,555f7ef7f5300d55eab90b7abc2509c6ddd5a82433086073d518b2553e5ab635,a7d852e0006855682420200c1d8bf0f5ce4d270c112bc0971781ca1840f21e60,37ba21b9f0a05409a1137f2fbeb6d3194b78e0126282977521d8abf2777f3295,4e7c76f5c1fa981824fc899624e55e3adc3c4519aa2ed09e68d25c56f303f027,0.27596370794344693,r2_mse_tuned
2,mse,0.75,0.2,0.9,300028,r2_mse_sigma0.75_lr0.2,24,ok,,0.4166161433532629,5.995323684637947,0.41950504518050186,0.12375398832824804,2c90d269abc02edd082587ca1c45ee3ffd608040bfa33037f48b60e800345af8,a6c7eca434b19ab72070f4331f4b1381a949bbc03165c5322c19b18d31fc02b2,7f3e17c5db0382da1a0b503fccc4d29988a1aa61c8e288fc0ecc8a6fe4ae8091,fd3ddb4c9aa83e4fe8dda164367aae8422947dbacff75a06476110c20d74d86d,0.27015416603535414,r2_mse_tuned
2,mse,0.75,0.2,0.9,300029,r2_mse_sigma0.75_lr0.2,24,ok,,0.459410552291745,6.10296676110534,0.37594607359876436,0.11278382207962932,eefaa70b2e4f9712c8d2fad79662c2cbf1b04130f1281468ae404c807d3d474a,1871ee4f3ec66be83578b8d08c9fe3fe9d7e22fc8fda48d8e405c13fa4ada97f,0ebc3668cbaea98d0ef2948f14f4d6f1a7df4bf73142674a875005a23b1d201c,8797f959e5f748619b98f0181f80ad315a9a8ef0a69c85dce496207e0075b58b,0.27296504203695804,r2_mse_tuned
2,mse,0.75,0.2,0.9,300030,r2_mse_sigma0.75_lr0.2,24,ok,,0.35158269104731954,6.037492015978698,0.4179328156974694,0.12663364315633321,689c46954bb970719c1ccbfa862609bf50d62d91f6ddf57a68b1db613dccbd89,a56675cf7971dee4a5708aaa7631775cc4ee0dbbf031c92437f8dbf764a22761,0fc58e813db6c0a6666e214f974e70e6ac4e69ae6cfcb7f21c393ccb800cbd0f,15c1414d5070b5d3025b9772eb2928e5e87797c483dcf08a1ae2d3827486c1b9,0.27730641700327396,r2_mse_tuned
2,mse,0.75,0.2,0.9,300031,r2_mse_sigma0.75_lr0.2,24,ok,,0.4224386720255373,5.9464799596593485,0.38464814464874686,0.11577909153927281,caddfcb37abf3009ea99deb5316e1db13d5b0c34c98f7fcd4ecbd61674891add,db3e5c14e5fd1b464928c9903eaa0097bdefea6f9ef8c18e0c4d0f68471578e7,c3046847d8bc7742510b0bf358fce5745710323a6fe906651129aca7f72f6409,f966c0bb5556abed360abf6816a4f78f0166a9042bfb092b3eb4945fce318c23,0.27488029189407825,r2_mse_tuned
2,mse,0.75,0.2,0.9,300032,r2_mse_sigma0.75_lr0.2,24,ok,,0.4941959936943778,6.076290898497453,0.3790521313777103,0.11523184793882393,0cafa4d93d49dd1f1f96e591aef2aa1a0071f194cff785af1ee2ce77d0de7756,04c9ef5c63f89d8d6e9b8a0abd0768718e42d5a04c327b4c018659155256db82,6f2ebb7c5cfeff6846119c395859d312cb6b2ad50693246b3060147336ae7d08,cc26ad14a6e9b6696c9d4f23e1dfa42ec5fe3e9fb9a3a4093675c1fa99e9fa00,0.2905196249485016,r2_mse_tuned
2,mse,0.75,0.2,0.9,300033,r2_mse_sigma0.75_lr0.2,24,ok,,0.3934535112045401,5.977258435099335,0.41057579652432846,0.12358331475382286,7856a8c79f49862d335530e7ecca990edcfcd44e2430b104e8e8b151686a6e47,57645ec48930a4c1e12aca637d5e92fbb621813907a9a2934b04b342047ed618,7456d7c43884711d6eccf0e05e59da6f8371ca0e030f84f114628e4fe919d2c4,b65978f7afdbbe74025ea89b40ab76c92c32060efe71bad0d827e538dfc0b0da,0.28581233392469585,r2_mse_tuned
2,mse,0.75,0.2,0.9,300034,r2_mse_sigma0.75_lr0.2,24,ok,,0.3932329156582791,6.105866410249828,0.4222669091087539,0.12245740364153863,265709a031a255d67a159004510d8ae9eb9d1243c985ab835f322589dfcaf0f1,413113ebf5837c734743bc6fac245c377f6d4d765fe16dadcebe845b6970ecc0,bce3c46901dd3e8426a82abca6109602b4daad21f874f2b38058682cf1d1b5ba,536df0bb59fcdc8a55e323aad90e96d01d970632dfd8b45a42dae517421ce4b7,0.301163834054023,r2_mse_tuned
2,mse,0.75,0.2,0.9,300035,r2_mse_sigma0.75_lr0.2,24,ok,,0.38490137793875945,5.969674302168337,0.43119571113327804,0.12806512620658358,a7c9f8da5f053c87a9def53188cd1c7b7f13817ab7c058c3a0e9a596c18599c1,11b8d6a0d4a74720af43b2d3caaba1e6a3f04e87c01ee83efe4d105817f577be,7d9647b95c8fc018b7ebaa5ac9c27598bd9b5e60ee2a0bfb31124673a835a2f5,3babf6c6bdf188f72bbd25eab132eb7e0dd2d20013be05e4308e39f078bce6b7,0.30009262496605515,r2_mse_tuned
2,mse,0.75,0.2,0.9,300036,r2_mse_sigma0.75_lr0.2,24,ok,,0.4654209448710317,6.15158418779151,0.4155952795871221,0.1221850121986139,22e590454277a117e664fa941ea99ad8f30ebedeb9c6b160f358ccfe31a4ec13,4a1b30cf27c2d621e06e2bfd1f031cfb01554bf0205e819cf31f51918f94ce7d,61af541aa5400aa6c4d7948c4d80c81580ca4eae7703e476f1729115e3dfb394,b29b05d243af802701e57e83915198f72b1be0459e6658c8c43f28dd82efff0e,0.2910032090730965,r2_mse_tuned
2,mse,0.75,0.2,0.9,300037,r2_mse_sigma0.75_lr0.2,24,ok,,0.34390436097001204,6.0485394050284045,0.4421741865240586,0.12513529478630858,f0968699341ec1620fba5f45cc467b965fd0a832614c2f270113853125578534,ca4f3809d1420c32523738a8167122c75bc9dcffdd8c533cc422527ec8511726,29b762c8b132682407fe04c7954c8a9a433ffafd7f84875e64dda96ca2415048,73a1fd29b98bae3723d7de46f65b6f1fa8ff4ad32684be58e60f1d8249e05229,0.2795506250113249,r2_mse_tuned
2,mse,0.75,0.2,0.9,300038,r2_mse_sigma0.75_lr0.2,24,ok,,0.46773809401843414,6.096019634424546,0.3930335751860217,0.11830310613099254,aff3f60d957ad1bd6b8c2456f9ee3a6386b8d361ecaa85f54ae4f6bfbddbe902,0d3833058011035bd683ea656900b18bdfa928d26ea9f2045a93b3f0902d7d95,125e0755616315bca11f7a592ae753739d84e58ca4941612dd8a2dbeaa165e62,760859b44c4d6f7441c50caecc394f5aed5663709de75cc40c110383a95b73c3,0.2815222500357777,r2_mse_tuned
2,mse,0.75,0.2,0.9,300039,r2_mse_sigma0.75_lr0.2,24,ok,,0.4147532241766678,6.028797593928899,0.3978719204754286,0.11299562541502171,4bf06104aa241b940a7daf009513d821bb13b8169b7d99bebfc074a6df500c2d,d8907a883af4e8a955b74b01aee12100811c29821c76d51119f417e1dd3d9766,6a1e0aa9851d87405257339d94e64cbd7b88e4df4ec58c6d1ccf8684bd833e68,008df0f842a02583e5ae5cf2ea29baafca65be2724f997f702624b709f89ae66,0.27910624991636723,r2_mse_tuned
2,mse,0.75,0.2,0.9,300040,r2_mse_sigma0.75_lr0.2,24,ok,,0.5169202245726456,6.057786709459693,0.39357116396390357,0.11846492035313497,79798a2e527fb88ab17da97fc950bc934e74d76207867b2377edfac289c7ce06,6b14f0355647f998c5a55c0c33416830f720e50e7f81ac5277dd002a135a6761,597b61745af1b9056f785942c0600eedff5d5e281200530aab15bdf0feac09b6,93982932de65745b7d0b2f46d16f99ca43d060055b7cc7cad7a39022810dd3ba,0.2733011250384152,r2_mse_tuned
2,mse,0.75,0.2,0.9,300041,r2_mse_sigma0.75_lr0.2,24,ok,,0.5078920396658964,6.186239368433653,0.39068145519810527,0.11798579946982778,46829aa78c5762a9ceb54ca8863f3480de6482517bfd1e43afb0bf0bd89ee10f,5fe2e72c346db70edb03802941639391b013a95df940dd11e187db63f3e31d41,0d00e39e255f46dba3191a411405565806041187fee5340f137cf919061fcf8a,c463637219bc70abe911bc836730437855291a15e491bf8796a84bd79f8c14d1,0.2815730000147596,r2_mse_tuned
2,mse,0.75,0.2,0.9,300042,r2_mse_sigma0.75_lr0.2,24,ok,,0.40484121265015305,6.088543608625312,0.4140487114117508,0.12090222373223124,d1de4d8d5d0089d4d77b163b6384abdb2b66b12058825b0360411bcaac5ee92d,c96616c67560f50dd3cebed2c47ab6cb33774c80774dc35950ae0077ea90dce9,236c3e9d974c8527f82c627e7f9465d89ecb24c2e5c55dc5fb79abb7dbacc564,7bca113449d6375a7ebbcecb474e983ea870ca06327a8a62c9e3a495c8b0cea0,0.2767119579948485,r2_mse_tuned
2,mse,0.75,0.2,0.9,300043,r2_mse_sigma0.75_lr0.2,24,ok,,0.3572061350740736,6.001386572581885,0.4210181671914609,0.12125323215114074,ef8e7bd25984576db7218ca16ec08bd0e975634b20df074f8af7de4fe7fbda55,53f7262f5cd4d611f0f38b893d60ff604847d5eca0ebf2e1a7e1e98ef996a655,dd8941e957bfda920b24148fa5cbe1e451f423f0776c31fd0c1e985a30e475d8,bdbb5ac095f3210d2e961c0f014b57162c0f8112fbeabf8d5484a2950647f676,0.28583933296613395,r2_mse_tuned
2,mse,0.75,0.2,0.9,300044,r2_mse_sigma0.75_lr0.2,24,ok,,0.5307318227451913,6.107359084357717,0.37520641576000263,0.11556357605408081,ea06d8f954be15f088b6b90d0574b59f97197659e1302f3a9a0fcf4587fe8a2e,b404b0e35919d04ba7b0a4787f4141bc945414ba3d55c84d25c5d179efb132dd,372abc43814f86f660d62de2915810d1bfe0252d8fa419b04026f71a3f5ab720,0a7fe41582396936b86cb07b57f7b6522841c45b36a68964000d29851dd42b32,0.2855085839983076,r2_mse_tuned
2,mse,0.75,0.2,0.9,300045,r2_mse_sigma0.75_lr0.2,24,ok,,0.5182337469332841,6.189636072646725,0.38177221291392366,0.11224103059669356,2bd910b6630755e770f64ec326f47885a46e28caa1cfb2ece9898be6c52254a0,0d407ec9546bde5c8283677841f884df398b4edf2732dcb0e9dd9b8da082f3fc,9d81f3cb4360e76f6436ac7d825a7ca5602d5d45944f72eaf71d524a3217427b,44c39a65000880ca3eaae6521621439432a7c2b9028f355f7a69d856c2431d52,0.2870900830021128,r2_mse_tuned
2,mse,0.75,0.2,0.9,300046,r2_mse_sigma0.75_lr0.2,24,ok,,0.3843363806408622,6.049930616007988,0.39924041218204526,0.12017136406679561,d5da4b35bdadfc27dd3908a7c92fc60c1ff033f7604349db35b46f48f15ce767,ff0c44f2c421e6eceb92495760ec4e53e943b09896522d93659840e35221af7b,10d4dd942fdf8134d835a7c230f64118d1d5cd38b1b1c82e7fd1d5f25707edd9,336facf0a39f6062cb7ea831fddd06d76d0db56e897e35771d5a55c03b27a14b,0.278479874948971,r2_mse_tuned
2,mse,0.75,0.2,0.9,300047,r2_mse_sigma0.75_lr0.2,24,ok,,0.42881580370939987,6.021736760429931,0.41401713062406853,0.1262752248403409,ba80f6c2328d41463530a291329dc92669415ea45bc43bd361aa88ed368fe2cf,f19e3d15b50f8f8cce7c1ecf8cd85899aea4f5e9b0c50a8617fe9a8f75ab8daf,ac7e3e00895fb9d8d56b3ed3dff58e91f036d32da4c74f8d05f85d77c907cec5,1e1ee88d215cdaa98bf8bf3632f579cfc915a483cbecbb414044b94ae066d554,0.2766459579579532,r2_mse_tuned
2,mse,0.75,0.2,0.9,300048,r2_mse_sigma0.75_lr0.2,24,ok,,0.4267653672048871,6.053248183611973,0.41890081645539295,0.1244135424872517,2cebda7b822c6ea3ea437354fbbb1e7ca35303cc1db6c1d50b269ae1ad585e6c,b04449e3feda4928d4221f04eb43121fb8b890df6ce8d3100a7497b322c3cde5,86adbf3298da2cfb1bc5a5a557bd3516882977ad6c857d85affbe658d6d7d2ce,5b84c0b007d335fda26d4af8e567e501f9a187a7dd111baa65ab05dc77c35fdc,0.28251254092901945,r2_mse_tuned
2,mse,0.75,0.2,0.9,300049,r2_mse_sigma0.75_lr0.2,24,ok,,0.5139899082821422,6.200219501201322,0.360708324665624,0.10893391404901845,4dda00783c3e9dbc89186954d10259bfe245724c40f8919bf579a059889831b9,800ad9b5f0a3eabf05aa8276d0c4ca8cd2b65ace12abe3fcbd9065b9bc20280f,6cac0f1019ba02056b4f29ab53e3be72db191db997b2aee010d7beb37435db9f,5f9b1b12cfd6a95c77d7a3833c2d2e3b7da3314a85dd5e9d6e535e7e55ec5465,0.2798688750481233,r2_mse_tuned
2,mse,0.75,0.2,0.9,300050,r2_mse_sigma0.75_lr0.2,24,ok,,0.4396418873885561,6.079187746008825,0.38400430308158967,0.1152012909244769,390f2b6ed4c28899f7489d28d61acd3ab3dac981995fc19428cbf72154196d5e,0937bba965de3b29400cb0316413f15a6327a16e51075e2bd85761227b696178,37ad5cbd72fbc28c54767b607e2fbc149c256499fc3e3472e7599dc5fa24a441,b154ec4bb344e8c6b7a8e182842c16e9b9220dd8b73b88e0f75a5d02e3003c52,0.28365400002803653,r2_mse_tuned
2,mse,0.75,0.2,0.9,300051,r2_mse_sigma0.75_lr0.2,24,ok,,0.350043061132487,6.016657727640044,0.4424277562458184,0.1296313325800248,40bd3fc16e77f7f16b4a4180dd17723bd6a874c87a2ba15961fb2d1de37f22be,3e8a74a0dae522d0d97418de854467a0d05ddd3958b9920af2b9026372da8f5e,b26aa39081d9f36da50df9ca30ae6c96e2a011727cdd9485cb734f4c4f62cdff,97a3cc298c637d9d3e97de4231a764cc89e6c848f0547207f862a5ed0586554e,0.2802384999813512,r2_mse_tuned
2,mse,0.75,0.2,0.9,300052,r2_mse_sigma0.75_lr0.2,24,ok,,0.5237424878686602,6.1240816156174915,0.38676691744210867,0.11293593989309574,7ac760f36d6a12efcf52e8294de109c9d9887444b5e5cd9434e0ccb624564774,7295e148730692031f359fdf837044caacb2ebca1b6665c815a15a29ce443773,e665c659cb16c19a45451c0593eb04ef2256a39623944f513ea154c0e2b6c7ba,553820121c8a2e7b40ceeff98e21a3c49895ec93f45cd854fa90e4a52efc4982,0.28019424993544817,r2_mse_tuned
2,mse,0.75,0.2,0.9,300053,r2_mse_sigma0.75_lr0.2,24,ok,,0.5065086970287491,6.189265070919268,0.36209161168482346,0.1079033002820774,07dd12f5b5c72d4ce65bff27a2ad311d79b21736ffc2b258c075480649ce387b,d9852a48342447f1e59125dfb75c6b8b13de5a1031a1a2f49fcfcb34ff893dd1,5d872f73229b633caf8655212b28574c7143ff979209b2db1fb8f95ceb2a8045,58ed0d0986e4cef796eef0c91295c120710f2c6448b970a294115ed7385f2e77,0.28848391596693546,r2_mse_tuned
2,mse,0.75,0.2,0.9,300054,r2_mse_sigma0.75_lr0.2,24,ok,,0.43387935899938057,6.11630349027601,0.3834997547662475,0.11696742520370548,30dd86d095ec5d698c4e2c00c27bec4505fe1de45ca78a4c77bfdaf9a1ff2a4b,88556dbeea38b9e3f76af13cabc3a013f5842a42df9d64f8a2f8711bde460ef8,4e1d8ae44ddd7c08a34cf6cc556a761c62d6bf3f10189d9879fc31f14386629d,154047462ab8b68118fc6a26a80c43b4594b5af291b5838aa4190da016e2b1b0,0.28484912496060133,r2_mse_tuned
2,mse,0.75,0.2,0.9,300055,r2_mse_sigma0.75_lr0.2,24,ok,,0.42870115896843874,6.110994426912251,0.40897025707225143,0.12473592840703668,08251a850e5eaaf3bc0db7235541dd9880d2de7b33498b9b1ffabbcc6a82e031,16103b6a02a3e8dfca8c66e03d66f1b0e1227382f6ee949182c74ddd9c1d66d2,aa559841abc830becabb7889aaf5610cd7f44bfe8fa3c0afe3b6861586764e0c,89a25fe4cc2eeebef451c6f8f254964ae9d2a8d53458894552202bd72139e6c4,0.28325633297208697,r2_mse_tuned
2,mse,0.75,0.2,0.9,300056,r2_mse_sigma0.75_lr0.2,24,ok,,0.3944721424153977,5.9920841229586586,0.3973848308577241,0.12080498858074812,d3ed01aff926b25fcd5ab72720d1b1d98d64c483df418e299d719ddb69984290,28a8d7c637b0fe9a248ae3d50677aa2d4ae5a6c7369f00f0a65b37272e587765,503064bb4c8ac56dce73d8ae4c8557d242720ba94caa10800d2a8732e4216a39,286585509fe00e003481a34b73ff5b8e7dca20e2cbcaf8e1100c27d1d82021b8,0.27574558404739946,r2_mse_tuned
2,mse,0.75,0.2,0.9,300057,r2_mse_sigma0.75_lr0.2,24,ok,,0.43017552806311116,6.02046170851573,0.39204809794390977,0.11761442938317293,46b86bb023c8eefe512ae0b282cadf490362356ee2bae4f1177511af1d02223d,23efabe96dacd7a930475e0fbfddeb62fc5649c0a94c45d1506afc56e10053df,99963d313f789e951f0fe79a9c2dbf184a29b12624ff88dcc4ef79dc23f1e935,15ca71a36d579b76ad0b33f1fdc1d15a12d269b3d5ab9260198208d506747774,0.2780844159424305,r2_mse_tuned
2,mse,0.75,0.2,0.9,300058,r2_mse_sigma0.75_lr0.2,24,ok,,0.3920878979152369,6.06503335526601,0.41049703370755025,0.12191761901114243,be54da548939eb34c198c5b8af39c6b40768c19f8c0894ee69a24207b6b465e4,e56069914c786018770bce1a7522f77d4bddd47cb0cd7f780c1e90b386a09398,44f405eafbe3c50335c14a24299b35fa15dd5824cdf494448774e1ef45fbc744,186d0dd6fa5137dd67fcde02705ac5b9a62f624719e97b278fc0ae0cc4c99fc0,0.2753962919814512,r2_mse_tuned
2,mse,0.75,0.2,0.9,300059,r2_mse_sigma0.75_lr0.2,24,ok,,0.34601135710410363,5.881372249540135,0.4286751378742394,0.12774519108652332,86975954ea25afa24d148cd0d80a4f12817f3bdbe7943fd11114ef1e5512ca2e,ac92c365f27d645f30db1d16e6504134289e056b66e3d0432559610015e7b01f,8076a92d1eff89a131b1bb989745bbcafcecb7ab8a908bb396a2ea86372305ea,3fbc5b0d38d4053a14c3346ecc028c2ae7864e1db1c09949932cb8578ce7b167,0.2805579159175977,r2_mse_tuned
2,mse,0.75,0.2,0.9,300060,r2_mse_sigma0.75_lr0.2,24,ok,,0.46228396478803235,6.134960299584235,0.38381208611934775,0.11399218957744628,ef3dfa0dcce3266b8e64b5185906508ef9724df33f314b80d6e605d6a76f6e29,85f9e8162e8403ef1422e75acbbcb246cea4fcfcbf305c2aaefe1134d59965ef,69db05e052793e945444e30062ac177b35f237b6dbedabba84326570082c0984,04f8e49679a6e29cab7cca2a5fc60f9e241f12e0e54bdfd8de7c82ddec53dceb,0.28076724999118596,r2_mse_tuned
2,mse,0.75,0.2,0.9,300061,r2_mse_sigma0.75_lr0.2,24,ok,,0.4302090770557099,6.019972889238541,0.4523285974629853,0.13343693625158068,cebafe01e6af0ee95f79d83a58cf7c3e9005f4eac4718eaed5302c26f67536a5,a034bb4db5a0ed251a7830b45b049184cd6466ad4c690b2da4604f786ad3f27f,51710a85eba65aed03a40da4db76c721f5d39f74eb8ad2317a5979496927cb60,fba59e418a8795b62b7705b02afa26a408324e3ea7703b3b528d4bc7f654ccdd,0.280978542054072,r2_mse_tuned
2,mse,0.75,0.2,0.9,300062,r2_mse_sigma0.75_lr0.2,24,ok,,0.5358130990871525,6.10364758530148,0.3669620373641313,0.11302430750815244,b31435f2845f9ffe580f90ef95b59358e3d48dd35beec15b8d9a352d33daa705,d7eb8769059fabae7482833a3bdb6411efc7b8bbc9dad9030069e8fb4af0376d,e0c466698941e43033d201e50dbd0d05e54f7d14b58ea01a9931fa7755d20854,09d68c23c300309a5ed49a3b94fc8d9c1eacb9a57ab5afe85179fdee8e2eb192,0.2813011249527335,r2_mse_tuned
2,mse,0.75,0.2,0.9,300063,r2_mse_sigma0.75_lr0.2,24,ok,,0.3829717737389893,5.9591724850732986,0.3888977120292666,0.11161364335239952,d6d2c5ebe7f763691e03746a41367e5be0344eaf5fdc66167695a8638bc42d03,443b43e8d82c93a9b6859f49bc9c1384d25cbd44a30cdd875c6562dd650ff6ff,ce05d11c7a1a1c10740f560ff69a559e1b594377eaafbd3cf0659a37bb6bca50,e0db9d601434150918e754860152db0c91c1fc9dd70456bc4a9e31bb985ac55a,0.2840934169944376,r2_mse_tuned
2,mse,0.75,0.2,0.9,300064,r2_mse_sigma0.75_lr0.2,24,ok,,0.30263327711421706,5.927964298040663,0.4668357852025228,0.13771655663474422,a2279af607d348c7eb3e3b3dc6d4045842a3e1c8cd56db71ed3c33fdd34d83ba,2d4cb5b9640c9fd1a8540366892d9096ce2ffb3b0448e9de439604e97fc81b00,0f6cd883845e7deedb28ad8addf0c3a092f5f05c2c631e67140ed0777f55a3d1,3107a15dfec95ea25b92bdbce556826c9444db1dbfd4aae897a0fcf06e5f392a,0.27786387503147125,r2_mse_tuned
2,mse,0.75,0.2,0.9,300065,r2_mse_sigma0.75_lr0.2,24,ok,,0.4005245878885615,5.89766767285537,0.40110386620955685,0.12233667919391483,1cfb2f28eb8cc948dd0f1611cb56cb4e6560995412560e94f6b63dae98e6ad18,5880d14001810cdd467dad4ebafe5b0d6e501f3f570a4df3600f1534c2b7616a,1b7cb54e9f287c12f37112c1482b7db47998a96072f0918234760392a7c7571c,663258c804a32d110b70cd6b1a7194ec37fab771b3050bea291dca4a3b739f33,0.27761641703546047,r2_mse_tuned
2,mse,0.75,0.2,0.9,300066,r2_mse_sigma0.75_lr0.2,24,ok,,0.3964433679501789,6.056377165246647,0.4226580262850405,0.12341614367523183,708269c9fbc27a8cde579e683a6367880c14143b935f4908ad90b01362b99244,6549ca8b41b89433ed9700fa8e4e609e210451b9c7ebfbe6f1edff98e603ef32,54ad4239226c0c75adc1e156718641a7abe491df45dc54a0283be12f8ee4cee2,07ec46792f85ae2e865e734f58283026d0431456090944bc2cdc1710e4ccf939,0.27232545893639326,r2_mse_tuned
2,mse,0.75,0.2,0.9,300067,r2_mse_sigma0.75_lr0.2,24,ok,,0.42882493957638934,6.089456129867025,0.39532826926418374,0.11859848077925512,081f0a8188505511354ed61a498396ca9f725e574fcce6253e57e031ed00a1a6,e1589b617124f4cb79e463a004e07e664bcf84d0d57ca0ccfcc221cb90bd6916,d1fd09649534883cd89734fc81e842ca9f19e587d1eec827050e48246270d9e5,7c6fbf43556b72f6d75e479d600e728d19040a1b335556e7905c88c4c460e567,0.27277112507726997,r2_mse_tuned
2,mse,0.75,0.2,0.9,300068,r2_mse_sigma0.75_lr0.2,24,ok,,0.3996248299154195,6.006891638060088,0.39971970759963577,0.12151479111028926,0bab71e6eca3d3074b94363a2595e397768bf164f5737259b49028335278c69f,2352320ecc2428f76669b117992f88aa230efa0f74713ebf4f0d5ba8b32e0b81,a1a6b27c7ca37e94608ac405162ac117bc100d400cf1254037c425157b794335,6234effd0e61c8951c212f6697b2d20410a35d94a286576f34319db139e76cdb,0.27946329198312014,r2_mse_tuned
2,mse,0.75,0.2,0.9,300069,r2_mse_sigma0.75_lr0.2,24,ok,,0.48622388582223075,6.165092357972515,0.3864784502222623,0.11594353506667869,6174d2c5d4074cd59901346d33d990e3b06dd344d19303a5a61f4f4ab30feb69,13ddf607a526199525f36e82d6ec66fb92b3b4a84d3eab35ac1e71aa897d1d52,91859f0b01151c1097033ae674fbe94c81d0f5314fcf3c276b0e1ffd7d3970ab,96c074cc712b59ffac444057eeda2202e1263142a2bcff0a85445570ea18eaf0,0.27577570802532136,r2_mse_tuned
2,mse,0.75,0.2,0.9,300070,r2_mse_sigma0.75_lr0.2,24,ok,,0.4127763778402048,5.9257844396131985,0.4143719544886932,0.12555470221007403,f634cc4e2d1c13934fed7a89e1dc9feab288a32e837cb405f0cb855949395708,ccdff70c19143dba1653dcbb3dbbffabc6f7f1c013b1dfb8a1e39a9aee3a3577,bab40b5fedf934230d9d0d16692e9f5c5470b8febc8fcb7c060c461410d6242b,96aaba4609328bb95e55c0feac6642eb671e9f09f7c68decb708ead72810d575,0.2824590830132365,r2_mse_tuned
2,mse,0.75,0.2,0.9,300071,r2_mse_sigma0.75_lr0.2,24,ok,,0.40593976919500196,5.936253307549735,0.42161500095693405,0.12521965528420942,a7a631ebdc901b6d1afebc5883b03deed2af77787993e7c43d983c2bd7ba4001,7a9ef81ad7224233cc5cb38b965598d9364349ed4072919e19c10e80bacca046,afd9fcf2c73317399ca16983efdfcd84868997fa4de3ba4bf51e3ab8ee2ef96a,266684f892ca5207b978c1ad293b7f9190d22ae2f07486007d1ec8a19d8a9126,0.27446541702374816,r2_mse_tuned
2,mse,0.75,0.2,0.9,300072,r2_mse_sigma0.75_lr0.2,24,ok,,0.38565193165186396,6.0183198021430275,0.4154214076181603,0.1225493152473573,29476ceb6b9c7bc9a00c948025fe869f227afb88b4f615b258137802f2c3d508,d2f5e742631b619a124a6e2d35a067c5b263572690ea3f3a50c8fe4ba810e605,8977935e02929e7becc78677eb5907cdee0ea75c29229c8f279422d8b8ebd7d8,44cb07954365d2ceb3e4a42245748b57a4855c17e57badb239eda9a80dafd8ee,0.27313604205846786,r2_mse_tuned
2,mse,0.75,0.2,0.9,300073,r2_mse_sigma0.75_lr0.2,24,ok,,0.48612653431872493,5.955440702635004,0.3689442978795704,0.1095764564702324,94d96421ca2c1b509b027b228ac8292f226d27321b9fe81c04af907c5f10cfcf,ea343b04223be8eb207fe79b900dad6f48ebc9d78b3bd560a6b589d849c18632,d5f47536a2aa24a3162810e429c26199883fb455220cfd01d9cf541c6006fe40,a1cc2e97a3bfbf628a7c23a1fb5b21dae5e9293e47c415f2405195b04bb449da,0.2763021670980379,r2_mse_tuned
2,mse,0.75,0.2,0.9,300074,r2_mse_sigma0.75_lr0.2,24,ok,,0.5725177489914035,6.242393282479534,0.3705408815062598,0.11190334621489047,f2250eae7e757ccf0386e915268746609495ba31fce4b4abc9a865ab6e47686a,5ac414598748c0d70db4857128449cbde5756407a395d592f1e8f0d8bf4b5c79,b39548803e380e78afae47b293cd57cd498c8c44c3d7328d137cab95dd5630e7,6953c8a24fc7fe3360fa8537602e8359563d6a7a9255e9420d153506ea660c77,0.2777208749903366,r2_mse_tuned
2,mse,0.75,0.2,0.9,300075,r2_mse_sigma0.75_lr0.2,24,ok,,0.4626240218367371,6.0294539262845195,0.38504656883296795,0.11551397064989039,7dec063783091bc2e04a4042c3c3773b5ade267b870931cdc8039fa0219f28b1,a25c1eb5d376fa0b58834737109ce6926d29c8f0a8076020763734df14b91a56,f1ab4a2923c99b2be8f52513ddb62b5f3115eff7538a77c8b4aa931ffd4eff42,fd1438f5e362a72f66ed69c33e970c27815d637a6ecefdbba322ec449c44f1a1,0.27785266598220915,r2_mse_tuned
2,mse,0.75,0.2,0.9,300076,r2_mse_sigma0.75_lr0.2,24,ok,,0.4131769984647872,6.089855624613764,0.4200946713056067,0.12140736000732033,874f36301d93b1a5bcbfe168684f14c2ae66efa60b0bc3f6963cb38d49893ab2,a30bb8ba2fa3f25d8d30198f6baa7b531b0290bf636c95bff3cdf4e85021d3e3,3df34fbe72a6ec06222f16b3f3945ec50a28d566eed39cc823b976f0e046e934,777da7a479594bc7b6b48f674b3ae536b386e570be3dbe61f6e5f50f417bdaeb,0.27197579096537083,r2_mse_tuned
2,mse,0.75,0.2,0.9,300077,r2_mse_sigma0.75_lr0.2,24,ok,,0.486456500244994,6.0756713049870665,0.40171721043077996,0.12212203197095711,ae4b1717c7ab36a8bf739e3c3e609f149fdff4c16f64795219832d1bdbe563af,01468e53e4630aac84262b5039324698644a6a60b78851a2244d2d5ca7d5cb3b,f964cf3c92aea6f7193a2bc545cb2b1cf4563c33fbf91422d7d9fd8a9a1585b6,0a2711d421d1cd353e6bfc0965fff30a9f2e98b4c103548cf6e4945c26c591a0,0.27731941698584706,r2_mse_tuned
2,mse,0.75,0.2,0.9,300078,r2_mse_sigma0.75_lr0.2,24,ok,,0.43325962511255517,6.050595789449477,0.3903100334606197,0.1167027000047253,fc507e05a21f23918e50d7f9083a51ab150f87ca134cd0efd7c9b54191cb9adb,7b9ca0f5a4d48af552fac2e70ed042c3545b15fb9af1361947503fc8f8c0cadf,3c26773201de8f53758a523e4e9e117b57f250c73c716c02f557927f92598fe0,f9926a685b5d6a1a2ee17d38cf939beebb412cf8c2d62c866bcd18bd28d29c01,0.2771512500476092,r2_mse_tuned
2,mse,0.75,0.2,0.9,300079,r2_mse_sigma0.75_lr0.2,24,ok,,0.38591922390965394,6.099631194253965,0.43159794686532654,0.13293216763452056,99e3cfde53d3779687e41c4889b2c25c000b0fcd2df380100446ba8715eb8ec8,671c1c32f5796c76ffd63fa2ee7f179f0b0fbb4e4d0a1e393c4129332e01d5a6,05e654b3327a5e26890e9b771b6400e5ba9ab79d9f0b252f9aef0ef0531e2b8e,d88fc2fe1527feea3cae0998513e16e256ceece4d9746b5448169fd587b838b2,0.28074333304539323,r2_mse_tuned
2,mse,0.75,0.2,0.9,300080,r2_mse_sigma0.75_lr0.2,24,ok,,0.5477842538317118,6.183203551986583,0.36580700137563515,0.10864467940856364,0e3d960b755d50f9638f138ca006e5501b07ca00e96338156fe514e01912fc98,1cbfac2f19d4c0ebeb40fc9e4eb17765a40b7e9b64b7903e8debdd4f6b207474,238b41c902d3ef9c0bd2ed48a46db2b4b87e8dcf89cbdda9480228c9b1a9f74b,0acad7fd95d75209f7f294103776e8fed2d7d9c37494eed9da059a753b5a292e,0.27743691694922745,r2_mse_tuned
2,mse,0.75,0.2,0.9,300081,r2_mse_sigma0.75_lr0.2,24,ok,,0.40250100931597654,6.068061333103856,0.4123120618723908,0.1249305547473344,ba2f638e3dea8ab3bc59b28079c678391c132e83fd9186ea1da00b1add31d0c8,1a216ec3f73d111315128ec3ea4d639c9921edf923f3131c1bf95862d334f31a,b1154e3386b943676e8f461c997f0a13c5983d26ed22c9c748832d5d14b5f021,4ae49ca0ef30d3e85a2fd84ad5ed984eae8894c0e1bc1a3cc1b05e3547a9c1ff,0.2764863750198856,r2_mse_tuned
2,mse,0.75,0.2,0.9,300082,r2_mse_sigma0.75_lr0.2,24,ok,,0.49811931056651065,6.179687316129511,0.39219530232325056,0.11648200479000542,6c99cdadc1611e488d48953877d470202aead6ee43dd801e550e79a6bd0e922d,7d0c04aaf56cf065cabc2f4d8c5c616d73547978bc744188c58727f7bfc38976,265ceb9b84556e41b99cc6a1310f842bda0f172e675f813e9e731e3872257ab3,a19595ea96daf0b77751fc2b631629c52d5a68a96c30fea5ff46c6134344cc47,0.282771333004348,r2_mse_tuned
2,mse,0.75,0.2,0.9,300083,r2_mse_sigma0.75_lr0.2,24,ok,,0.40936725736200474,6.03608611350408,0.4059982268256858,0.11936347868675164,fb2734f5bab358e14e01f2c8e72617ccdbaab144d7802f2c8c60ee7f1e3ed644,84c7e32ae9100532c76001d8d1c47683e020e8e4c9c3cdbd4666f567820d7dfc,fbae546b3efcf6008f28f3d5b5d868b976bc5cdd69e6a4602d7e05fa06b2aa3f,1ab3c55d251181338d98ff31c563a6d7e8cb534835707ecb972553c9a936d789,0.28266333299688995,r2_mse_tuned
2,mse,0.75,0.2,0.9,300084,r2_mse_sigma0.75_lr0.2,24,ok,,0.4744455185213582,6.101738349826739,0.3769650946886237,0.1127125633118985,307f937ba084b91de860668af0fb0f69372364bb6ce4fcef6c017c30674f17bb,1cb069d54206b5c7c80fcb7a9417feaf0b8aec9e6bba2eabacd8a44cb5aed089,2fd02768fdb7f146b2cbb15b8dadb8e9814a9305c312fd799e8f900d7f3106c5,0e2740bbe7cf7fd6828c6062691b1f51db64f3d046cb64c9a423fd8aa5a9d120,0.2872826249804348,r2_mse_tuned
2,mse,0.75,0.2,0.9,300085,r2_mse_sigma0.75_lr0.2,24,ok,,0.44159841308535536,6.045351975640273,0.3994649622198937,0.1194400237037482,b7bda8f1c6157533107318b4929256d5284403e4f9593ef909e880530d05bec6,8f4efd48e45a79dd017a1d7a311edb86e9da535faee03ae1a88e4a1c9590a97c,3c7883f7360ce27199c4283ecbf61af6845a919dc9f733d60d2bb0733fbd9d4c,f4e49f2aa81ec91106a383ef98a1b5a6818342bc1840bf2eceeb6ef911eb11b4,0.2793521659914404,r2_mse_tuned
2,mse,0.75,0.2,0.9,300086,r2_mse_sigma0.75_lr0.2,24,ok,,0.45003165583655225,5.968331394572072,0.39343271725533074,0.11999697876287586,7dca81a4c91012a56cee488c1a773d6401a3ad74b9a9405b00de27a2cba11f3c,e0324572697d072a56ed3c04da591c40f89f4e8378187195dcece0e344b2e000,2110537b7d7299e84283a399cfae209e4f9718851f7f11560a9d0981f82fee4b,e42c0ee5cb5eebff4ae0d1c0d154b05aefb58503d1d85b49b8845d47ff6fb887,0.2763471669750288,r2_mse_tuned
2,mse,0.75,0.2,0.9,300087,r2_mse_sigma0.75_lr0.2,24,ok,,0.4202614400936467,6.0595390585728826,0.3900336018583581,0.11740011415936578,2cd875bdde423eb1353f1213770192b7df8bd876d40fb1aa71d29f9f56f00fee,5e9e38ede140f2d6f39e4d2630dbf7e98417d17a2d266b77b6dce2135af70253,d6f9401f4860245c006a1885baee5959823b4f53355b4fba06eedc7c545ce49f,dc7407c5321e7ed2dd3427c0fd03cead3e1b28dec9367dc43b389d31fcd25928,0.2731327919755131,r2_mse_tuned
2,mse,0.75,0.2,0.9,300088,r2_mse_sigma0.75_lr0.2,24,ok,,0.39496561708526234,6.023173614617334,0.4141696599826913,0.12176588003491123,0030bf09b7aae09d5ca485e801a912df314636550145ceef5f18ad2202a69b51,ed7150770cccc71995eec6416e5eb8942b5187c46bb88744c3cce6ecfecca45e,b160cc9820d53513797a61c5a19487ff1000de3e0f3d8e4c1bb4c0e6b1194c7b,aba5732501790e68d8351549e11df6dfbec8c2612ac07ecd9fd6a2710390496a,0.27410045790020376,r2_mse_tuned
2,mse,0.75,0.2,0.9,300089,r2_mse_sigma0.75_lr0.2,24,ok,,0.39296531549711483,5.9849857272239895,0.44146885363313854,0.1262600921390776,c661e54b95aa168b9588f9db764694b9637b19b067f1ce1ef87d834330b73929,60508639f832531b067f6ff4a1f52ad903eb5f468fd6de942af85d30e535bba0,c32b6848e21b9a50af8f9e79eb6df0be6e0f2a64af10712fa7ebfbcb23bd0582,46648e877db4507d131b965a38b9c0b89cd8916782a05f85c342bb00379c4aef,0.27733383292797953,r2_mse_tuned
2,mse,0.75,0.2,0.9,300090,r2_mse_sigma0.75_lr0.2,24,ok,,0.4201069466321798,6.187752684907873,0.4064226312444844,0.12030109884836739,98cd9fd3f5a0edc83a0ad4fddaa12ced64d760278d475564fff1f1c5dd73e084,eb3f6b474d6816be6628e288f25ada76b0f7d91970b57b91c195cb1a75bdfeb0,9dc46b6c5ca0a4b0f08a26386be913a69ade97c8e512cd25414dc9ae9878f34a,da10b4862a0adeac3be5445450a151d61afba990270b5c735fdcb7943fc0ecca,0.27734875003807247,r2_mse_tuned
2,mse,0.75,0.2,0.9,300091,r2_mse_sigma0.75_lr0.2,24,ok,,0.4935352816109748,6.1799388535050515,0.39008956223244784,0.1150764208585721,3ccc764800bf27bb75e2094ea8a123146ca3bde83ec7563c79a484f44610fafe,6d41cf29ae36d582d46a36d3d13ff7bf618a41b289a91760c47e508267a1e2bc,db407983fef5b206f39545297413a7aa15348c020465521dec172a55dd714019,4c95682bd43395925b09fe6d3f71d432d42f1d8e6f77f948ed259cb9e379b962,0.2831557500176132,r2_mse_tuned
2,mse,0.75,0.2,0.9,300092,r2_mse_sigma0.75_lr0.2,24,ok,,0.4729333328029375,6.037470082417966,0.37900483979520055,0.11332244709876496,ba3787eb400695bd780a7f47c9aac7da4c6b2a214e9244efbf6a555d261b6db2,312c1762699384512ffe8b45d038321bb9111baf907d3b4d299e58986f587df8,6009430313df6b77cea37c720620f3e27e274d080da404b5bed3818beb4435b0,13bf6f5c13d687a81875f5fe6cda774a78d458cf9c03115d9544334437f74050,0.281888333032839,r2_mse_tuned
2,mse,0.75,0.2,0.9,300093,r2_mse_sigma0.75_lr0.2,24,ok,,0.4435157867035587,6.0775528387957545,0.4120148071057977,0.1256645161672683,a7c87e334d754c35efcb9e12ce12b8d5ba21cb97c762ce1c5240cb2fd48ba9c4,3cc8f5d36dcc8109c4741d577771dc446ba604413af58962bdcbf19baf2f0dc8,7ca6343b7a31f3f67f9e05e315b502d774d0ca140f6d6adb18fcfb1528357015,f6a5387d5852a367172a87f9edf4e2db909a31f1aa7867688abee3ebad0499e8,0.2857359159970656,r2_mse_tuned
2,mse,0.75,0.2,0.9,300094,r2_mse_sigma0.75_lr0.2,24,ok,,0.37098632432205947,5.994654866582858,0.4087816729195503,0.12140815685710643,fe0cb28c5e5207e0eb8d04b69d0a192adcc44035ebebbf0a71afe93c9c1de479,0cd090b78186e5e94dddb02b661a53946c90c56c0135969d592b1a63ed8f5b05,237cf5e8e392e8d3cb9789a0295cb4f0d2239b08f76569216567ed0e25a6b24e,7ee56536cb5225d3d493feb111d71ce9662171b0214e6737e1812e7fef4a999a,0.28102574998047203,r2_mse_tuned
2,mse,0.75,0.2,0.9,300095,r2_mse_sigma0.75_lr0.2,24,ok,,0.4378995694729989,6.038907823962605,0.3928158895040085,0.11823758274070656,2b1d3f506c8358f83f3f6c4c478ea6624d3260edd10ad6d1d620211c296428f5,0645f2857cbee4f45e0679741b4cb95e945e216de2bf7f7e7ec41b2cda9c8c36,be1a9d3668cd0ae796500668b1c7040d7a7deef50c82de6c03ca06d29d71d5c4,471822a8bfe0cba21af9116c9558d06e77df76a37074f6dc2ca1a3ca684a94b2,0.2809682920342311,r2_mse_tuned
2,mse,0.75,0.2,0.9,300096,r2_mse_sigma0.75_lr0.2,24,ok,,0.45602578950503386,6.084939658470948,0.4030392363485658,0.11849353548647835,a8b2a6d596c52df65b7d82272c0d81d9d2c9c77626ad4d90c15fef87fa6ce7bb,a2772ee613085871d2c6c6b322c84ca766ff812bd99d4bb412f81dcb90de15d8,9870b7b051d19b22ba1e1de80bdf44959353ee13fbf00af1aee1787ab5c9c043,e335c63834db47576f808dad6a8eef792ebf50613d4a87654363459993b2fab2,0.28503495804034173,r2_mse_tuned
2,mse,0.75,0.2,0.9,300097,r2_mse_sigma0.75_lr0.2,24,ok,,0.4171064331079394,6.066885022071112,0.4262663492981169,0.12489604034434824,6a58ea514372c71630cb99b35cd8e07be887fa6911b53f19b5d704732fb75bdf,e8c8a21ce148719bf4d490968666825c456df5cdc48f065ce070475a9f61b2a5,5dc1a22dd45cf7dd75e75faddae7ed627a49577b36ffe412360df454f47eb19c,8b8c7e7d53f6d35a21d68d49de2b0364d0c98b81444d91f7c2ba9f42ba81498c,0.28293612494599074,r2_mse_tuned
2,mse,0.75,0.2,0.9,300098,r2_mse_sigma0.75_lr0.2,24,ok,,0.3704975721403585,6.074274614237031,0.4180345854663012,0.12541037563989035,998122d28dd5e545db51a6f7b951f9827ea9260ec2b0d92d5c37cb103d0ba6ff,cafbcf058d29eff2ccbf8b9b9b6915872acb9632484a9ed2be13751a7165618b,287d87fadebba1312633eed9cc5eca6153b7cb4a2e16f55ed57d8b5f1d3692bb,46960c5e8f81ee0ba8b97413457b711d3bf7f7b963ac71895cf40432879187aa,0.27913458307739347,r2_mse_tuned
2,mse,0.75,0.2,0.9,300099,r2_mse_sigma0.75_lr0.2,24,ok,,0.3625778215806043,5.996824528504136,0.4400731553410655,0.13378223922368393,84ae2550cdacfb1a0c04866f5109d582dc8f9d46f21b0b67a1fe731269b4c984,bfe6ea452f11a0df7fc9c4a0f46f997a12c5f847d7cb575e520f403a4bf425ea,4b91ce31add683e91c0dbf068a8f03c9d4f6ddc6415b93ea0b5814740a8a8a03,fc0efc2c428226f4dc5ae6a73fddab2b4131ae17c04ee2743f1fb81fa1035d98,0.27567554195411503,r2_mse_tuned
2,mse,0.75,0.2,0.9,300100,r2_mse_sigma0.75_lr0.2,24,ok,,0.41785331533812264,5.9728953904351805,0.4121616117413984,0.12199983707545393,79ea598cce16ae26ad8840b1327ff8de5d21fd4d9430d25e5240651e7af36883,c6cb13adc09d1c9493e0525b5e9c1857602686d97269e77f2bb4ddecac2d9281,e92d392d1d194caca9d336509363ebb15b56af341db9d21d883de408662cc3c4,147d363c31f0823cff0e141daa5bd6828c5cf6f3d587175a1e21502d235cf9c4,0.274494249955751,r2_mse_tuned
2,mse,0.75,0.2,0.9,300101,r2_mse_sigma0.75_lr0.2,24,ok,,0.4626643067547287,6.152355318668493,0.3992764746631559,0.11898438944962046,0fb83b7408cbc1aaa63ef4f097d2d4880365ec38387ba68f6e8c06e44ed382b4,dceb90c9b78bbf6b549b8ab484f361187309c14504d742a94a4f018d6ff4ff8f,413e85c25143ffa0362ab305b029f74d056b96768dc2fbcf98ec1f1694c26a18,3fb9ae6d33a144ab6ab0930194edb1c88290ba93aabd1da0a72d346a1ead5c57,0.27493729104753584,r2_mse_tuned
2,mse,0.75,0.2,0.9,300102,r2_mse_sigma0.75_lr0.2,24,ok,,0.5561339029179243,6.213655586341976,0.35184828105701227,0.10520263603604667,e006b6489056566299e5317c5e2b106d8b7edd9487990bf6db04060c6ac36307,e07ce9fa89fc078461c503cf21016be917062050bc58b8a99684204e3157ba1c,4f0cdd2aeb33e16147ec284b1b71e00416b535c9e199793bf0212ac801ebcb82,79d33036da639920aa7563b4698c3273aa9fbd3f82f58456f78b52a334b65830,0.27595883305184543,r2_mse_tuned
2,mse,0.75,0.2,0.9,300103,r2_mse_sigma0.75_lr0.2,24,ok,,0.41515470018466216,6.019142173272533,0.38534412042211175,0.11406185964494507,84e90d70cb6e50e4307e53a36b76f3648b8d6250f46defb308584a6065977352,f00bf89f1900623e01eb9a58b0cb70f1bcbb56703e588050aab3210550b31700,dcfe7e61ff20e8629cdc8240e70d763599261110382446b7a81069001aee1621,58ea91ecb8550dd4f5b073adeb9f990b980baf4d4eecb5a08842c9d57f337cb9,0.28371912497095764,r2_mse_tuned
2,mse,0.75,0.2,0.9,300104,r2_mse_sigma0.75_lr0.2,24,ok,,0.42530215955294803,6.048871755466304,0.4260190282479971,0.12567561333315913,2c3887f0f74ede3f0dad59dc0d44c3389907c03911f67ef27c1dc5383e7ee93b,23cf924fe429906fb077746ef8a5906c8fbd8ade881ed87a2d573bfc29104d1b,6547122e72c72d7654a4a6438c477fd81f92746a202f43b66f1afebb113c507f,e17e5a345757ca3d81cf8337eb8f40d83826e11edc1bdb5a2a6ebb8a99521010,0.28161112498492,r2_mse_tuned
2,mse,0.75,0.2,0.9,300105,r2_mse_sigma0.75_lr0.2,24,ok,,0.3907850812530371,6.003127533992628,0.4103748463778516,0.12065020483508837,de0ebb6b14e2d450cf1bf792fc262365fb3d059482fdd0b5f214736a7a740690,ca39052c1df6c96c8cc1bb2d62654af1cbbf1e3f5b76fb2794c5d04b41e0a09d,7dad43ae4069ad1a8004e09faa10b5991f4f3d957631a04bddb3fac882fc867e,fec2fd946348b8103a1583deeded6401954cdf626378ba0183da3c23da86a271,0.2855094170663506,r2_mse_tuned
2,mse,0.75,0.2,0.9,300106,r2_mse_sigma0.75_lr0.2,24,ok,,0.32879971405990005,5.94261934355908,0.4396717879694635,0.1301428492389612,ad033ae221c957f89cdf90b8ce75396eb58cbb69b99f95a7271da6cfb9c35e37,745018b097730ce74ebf95cf2852b9b8067c7d69379762899184116cb2ca62da,0bc6d71a25d38129d6b6a4179d62a6c3716c66f7b62fe0dfae514c0d75a23c51,c29223dc66af2e82079ba85324441e7bea052e7c621d22b6e79545c470b08591,0.28468008304480463,r2_mse_tuned
2,mse,0.75,0.2,0.9,300107,r2_mse_sigma0.75_lr0.2,24,ok,,0.4679959876206117,6.061512976372682,0.40789282857369397,0.12277574140068188,6aae500dd352d571784f86d0556e3fa32e53a656708e352d32656ae1efcba352,15b994e67211c5c8a53560c6bd4c76368bdb22ea10aeff9b0b4fa3fe26860262,4b8b72e930ba2135ff36134606f48c99c03b9b21b6f0fb10169b72ba70bda5ac,ecf24d2fb124b7b6f45c307eaf79e3146064bed0a27ed6f4da59e645099ad30a,0.28038345801178366,r2_mse_tuned
2,mse,0.75,0.2,0.9,300108,r2_mse_sigma0.75_lr0.2,24,ok,,0.40561783440869814,6.125029093897591,0.4265554251942191,0.12796662755826574,41309af3394399959ccfe27b376380ece9eca6d3297ce2213fdf23e9a6d2ac93,d97074ac83e2be40bde748920c734d9759162fbca1875f0f21dc789ac44c5a1b,52fe99279fa730ee8789d11b61ac5e66277d1dd8ad76184005a605e82d655606,8da5c6ad7c34ec27412bc663d85e596e05aab3afadf6d19819a356b6f7c27ff0,0.28857587499078363,r2_mse_tuned
2,mse,0.75,0.2,0.9,300109,r2_mse_sigma0.75_lr0.2,24,ok,,0.5651099607758703,6.2726258322765505,0.39700477898239617,0.1139403715679477,771fcb9213886ea1f967979f6ad3fe3f6fcea304f2642dad6194341495a315cf,927c3658ab546714e54b9ee0f95b97c491be86f54c7a00bb51e6e63694563370,24f65ac76bbfd155bf897d0e83b8adacd5aba5d9cee8995232f0a206d48c3eaf,2a916b3c9558feea7a97af4072e523695c45845322a970ee27f077c6cf3ea505,0.27658237505238503,r2_mse_tuned
2,mse,0.75,0.2,0.9,300110,r2_mse_sigma0.75_lr0.2,24,ok,,0.37249823468392596,6.018994448430249,0.4120379194622488,0.11949099664405216,cde45661617a288f63ac7c264248a144b6191f42bc1653ad3551b4b4735ab87f,b99d2d6fd8b683d6356cb6d876c164fe9843b9e33fe8788befbacf4ca22f0c2d,91447b8f4ad4658d6e9ab3e7e96993c5c7b13cb66ee25819d0eefa420588383b,24dd3250fe026fb635a0d2cde67d031b368e29d12a3065f0cf52609e2be012de,0.27393362496513873,r2_mse_tuned
2,mse,0.75,0.2,0.9,300111,r2_mse_sigma0.75_lr0.2,24,ok,,0.3702993334933124,6.1484611179037225,0.4167354007940493,0.12210347243265644,e133603627b2009609a3aa5bed97281a6cbdfca6a7eea92a419745c7546dcdde,f7c0162fc827424ac8388e374e078e13fff35507f602aa06f4b2996d6e484025,3f3fd4c930813d9d87a5fcb0949c8361691152c673e49f01b275cad80c097159,2c93d0c6837efa670d6cb8e6eef179604a60106b7f7131a6a876acce0ff1008f,0.2753872500034049,r2_mse_tuned
2,mse,0.75,0.2,0.9,300112,r2_mse_sigma0.75_lr0.2,24,ok,,0.4724934868719546,6.144074924603463,0.3813955484689272,0.11594424673455388,644bacd763502337e0035239bd1882a2783d5b5a05ac3cf964f3ace18d859473,317341fee9a89e62d763d3abfbb2be4f20cb86c2022f5a63ff588b0dbfce4787,d61189cbdb78688824a7c7ce61f481e76f8093cd9e1392836ca927f460b33dfb,a4d80cc88e178d54af65e7e6a23e2b0cb4dc31b5f87decbfcf2fe7e2deb88c1f,0.27649433398619294,r2_mse_tuned
2,mse,0.75,0.2,0.9,300113,r2_mse_sigma0.75_lr0.2,24,ok,,0.40267447094399555,5.978637169149794,0.40755494576454676,0.1202287090005413,ea02a0f906c4077add1f728f580129235b1ccebff060438ebc231b16f441728a,5757b18f7496722c3110cf0964f2bd6855ca6e2ab2eb5d5d9fe2176e26a40d5a,04263f06fec60a9effc446cc90a62e0992494702bc932635cb6249b6bbe4653e,5b2879ee0c35835ecc1456be24691005befcfae7c3ea4416dfe9162e78bc148f,0.2745130000403151,r2_mse_tuned
2,mse,0.75,0.2,0.9,300114,r2_mse_sigma0.75_lr0.2,24,ok,,0.32532806879570786,5.971562752041551,0.4324269630960378,0.12886323500261926,ce4b99d8f04992133ac07a717779dcd6cdfd51bdfbfe5caa5ff3046c4fd6b552,dc88917ed83c59b5699ba2636285e959769397710157d22d8217c2fd639b0fb9,a42f1afd358ea80ccbe895b9906942dbfd9128d313fce6ad186773c0ce1cfb95,3c897e0167cf12e933b8148ebe49c0930d88d0621837d347b91ef4073544e478,0.2812344999983907,r2_mse_tuned
2,mse,0.75,0.2,0.9,300115,r2_mse_sigma0.75_lr0.2,24,ok,,0.43224667247920695,6.033171510583417,0.3946039834983892,0.11561896716502804,c463a396e85798bc68cf4a062dbaa6d994363a8cdfc6d7c9791e21091069da9f,5958f974d9825dc3c070069675227ef7f9be0ab42121f1e9539e0d2e6b750b37,d4966bdf5179a8d69ae9ddc0384b8738a69b11cf9fb4db99b8e9105abc8ab2dc,f99a35c3a3f2ee2f9fce515aff0c27cdc6eadc291f6f37d3e23feafaff0c5936,0.27899079106282443,r2_mse_tuned
2,mse,0.75,0.2,0.9,300116,r2_mse_sigma0.75_lr0.2,24,ok,,0.6198181211146323,6.269804024852429,0.39402496087133976,0.11466126361355987,084daee521e0d96b4b6964217b212b6e3d0f8e53220f91810df897c8d600625b,95c1327da070b867d19ea8b2c991d0b127ec0999753a2e627a218e1fc3568efa,76eeab117ef6d59c31d02f42ffbe76464325e059adceb74540a8b59345e3d511,1449c6d4929c06e4ee6c3c57c0bea93aa8562b9dc5bbe3d00c136d42074f9136,0.27437095798086375,r2_mse_tuned
2,mse,0.75,0.2,0.9,300117,r2_mse_sigma0.75_lr0.2,24,ok,,0.5393411033736437,6.15322862210102,0.3993035860467276,0.11939177222797155,a7cb6900e99f4095de6330dd8d979a9b2cf415af5be1ec45ac3ad74d3326eb57,2177432f921982ea8d382df02f0077297ddaccd66748d6c49c88675fedf7c8fc,99d9e59252d3d0878303d892f1426bdaa87d9d9e96c0da52100cdf390f18cfbe,4791799b066916f4e43e07d4ed994df590a783983bb55b0bb120928cbf9bdefc,0.27961604204028845,r2_mse_tuned
2,mse,0.75,0.2,0.9,300118,r2_mse_sigma0.75_lr0.2,24,ok,,0.40332292231588296,6.03217527150194,0.4235800005547398,0.125379680164203,2bcd33845041cd219b498a03ec11004d81bbe9dd3f558b754d6ea545896bc7e1,b656512a7c47a60c5f0e2699f11ba568f724faf443528db6c622a46754c748b1,d362c25c6b0118ba623f4333687179ae706269838bfce9cbed48c9249a1a46b5,61086729200379d8f845390333fc50f920ec0d3645f6147f93bb7b72db8e7b25,0.28246333298739046,r2_mse_tuned
2,mse,0.75,0.2,0.9,300119,r2_mse_sigma0.75_lr0.2,24,ok,,0.3949578192800326,6.120548886682243,0.43902439302552965,0.12995122033555678,aed0e9fe989702c5562c247fac514771a622ee069fc4d2535cb8bac20c823ea6,7ee168630ae11472db3d3cf3061384c4b41ab444816c085b7ff71d8d02ebc072,c918f502a53094956c4f52b2c0b8f131bae0c09457d7b1bcc63627f255a48f39,77b024c92f9d11dda46f2dea08fc323a9537c4d91ed623114280c2c46d01654d,0.27761962497606874,r2_mse_tuned
2,mse,0.75,0.2,0.9,300120,r2_mse_sigma0.75_lr0.2,24,ok,,0.6119810853830092,6.201352613152847,0.3478805422191771,0.10505992375019148,cb61b23895f2815bdc0aadf0c708a92916c48234dd8e466aac8cb4db803fe60e,31599b2d6bba43c85d8620af2e75378d2f44d1123d2eeb378287504537e26fbb,18b537ed95217b141800e7396a7436290e5656b6b53e4843f4ba178aec2cc312,b7f90083abb7b8e01639a861fe13bd300e41410f3f024bd8cd4961ec27a49e3e,0.2848879579687491,r2_mse_tuned
2,parity,0.75,0.1,0.9,300001,r2_parity_sigma0.75_lr0.1,24,ok,,0.5158484371458265,6.10614860245698,0.391020872054831,0.11496013638412031,547df75d495d72b315fe564322ceb41b8419e43ddc93038fd9cf9fe53fa9e4d8,27e1e2c3dbc45cde17f5de651f591de18321454482d19b908f81fa3a5e20af67,69758c4038ea4506ab5f93f522758a89053fc67525bbd1c52fec667d6bcbf42c,6eea28130c1cb1ad63019b4afef78eaabb52d2548519bee8612cb080736dd72c,0.3479125000303611,r2_parity
2,parity,0.75,0.1,0.9,300002,r2_parity_sigma0.75_lr0.1,24,ok,,0.4106500147590828,6.068052522743354,0.41487500945164185,0.1248773778449442,fc5b1b69e7b8cc0f50f32cdfd3927bcade5b7de5f025f5e97e35f13b7dcccd65,4c5eda357008888dc1e99dacd5c9935dfd3c62182290bb6932a887ff0a66c610,a5a712360fb5fa4520a4a2a22758a3c27b67b4b6230c882c34f8bec299500618,d8b450970320c84429fbfa22363bb6a9c1547d41030e3c697fbd3b473092c07c,0.3459710410097614,r2_parity
2,parity,0.75,0.1,0.9,300003,r2_parity_sigma0.75_lr0.1,24,ok,,0.48469033877171397,6.0952787708132306,0.37096328804846607,0.10943416997429749,a2e1081d9fface7a08688415de646f26dfffcce559f08e132cfb5e7e252dbf1d,833f767deaf5306522e0610877df9712365f64f25c2a9481ae98b9f1758574b8,b8fd914f2b4bdf613e32c9b4ca66c151b4100da65fefd0b77b59ec024c9a44ec,59d5a8f8ead51f6af96ccd59b6a1aee99a57ca6146324d7a232f7993e0d80584,0.3516524579608813,r2_parity
2,parity,0.75,0.1,0.9,300004,r2_parity_sigma0.75_lr0.1,24,ok,,0.4749345129619509,6.180675800438704,0.4033574912716481,0.1189904599251362,58cdeaa78f51114a6e914189151f24a71007e71cf610cda51f971b31dde06f10,a0355d581f3ff5f5a74dacda51013f50e7e5b287c1670929a81b01c976ae8a59,f4a0f9945f1a3c60df410fd10e800e7fff70c42926132265e192700fe51606e6,fb69f2f041d73d0c7ff6d282a47d48b334e234264b2ae75aaa4122088b5226d5,0.36266908305697143,r2_parity
2,parity,0.75,0.1,0.9,300005,r2_parity_sigma0.75_lr0.1,24,ok,,0.44538873205375507,5.9500639830371025,0.39642165432754267,0.11971933960691789,5c051b69b978374ceb2348d1862e0af437f756e529d7afc1c1186c2e54ef7e57,5b6bbd1920d2685aa73875088a12ff6c127d36ad58b03e361afa4a1c313df8ca,d976a89bf7356c6f04f5258704546810b697343924994c02baf71f5d418ae242,6342f8607b3b09c81f2ba3cdf8b95297b3963e90221dc2c41a315002113884c8,0.3610590409953147,r2_parity
2,parity,0.75,0.1,0.9,300006,r2_parity_sigma0.75_lr0.1,24,ok,,0.647073281670912,6.289272152744531,0.41365947798429986,0.12368418391730567,15a47afc3148937636cdfec87f5ea1349559551ab1fed512817b9821ddae305b,ff12b0003f24e3c1c0d39d5463f83beccd48c3ccfff83cb5aee8a081df56b4bc,ab3dc927fb8090479524becacde4f6a212469ac909fc776896be25986068b415,8d5f5d2782efe291c15833b844a92f2e18bd45403326eb28da2b5c56aa35d05d,0.3622358749853447,r2_parity
2,parity,0.75,0.1,0.9,300007,r2_parity_sigma0.75_lr0.1,24,ok,,0.43560843918387404,6.079511295081093,0.40136599814141205,0.11800160345357515,5ba229eea3aa5e9e6cc0d94a42d4948a4f324f7232164c5b1db8b24ccebe076a,6e51f2f2d4b59e8180ad8e8c7b27acb0d8ca7076d726fafa5a2de56bf9a213f6,e43c63144020802be6b53960c12113e626bf5af6fda738e99f406898c59b2306,c7b0e495f9244505ceb58ca736f6e022ace2d5b54ba2c44333f2500e14060fa0,0.3597353750374168,r2_parity
2,parity,0.75,0.1,0.9,300008,r2_parity_sigma0.75_lr0.1,24,ok,,0.3832282590214563,6.104567099633219,0.4204943437294967,0.12236385402528353,92d23af5bb836428a7eb153f6a2380de81f8fc80da3fdf08b509b0370e7b93c9,81d19f6042d7b3ac55466949ad7de628e492c588c338e358f96626b8c34ac720,bee7b617c2aaeca7aed1c7211692af81a9e8c73b90ab946274e48eacc461cc6d,83273e17f41a1a8b80855e1c03f9cab1a0c294ba164db260260c6bb12d016777,0.35219029104337096,r2_parity
2,parity,0.75,0.1,0.9,300009,r2_parity_sigma0.75_lr0.1,24,ok,,0.3625042175077814,6.035488216040368,0.39199409740666347,0.11759822922199903,5600684e9ca941293ec22e3fe6f944bf235dd38fe0048ad959412b96248230c5,f9b700d2fbb94c6f5bcb5fc647d367c3a5a186efa3eb7cec51aad8776f3baae0,2d964aa7f8fe7009d98b6d55b32a13441017cbd1841bc5f5cfee4f60b1e5597a,f2043e7e6af12ab6f625feeee1b52b534972f8bcbe793856db25204d6c3deb16,0.352456041960977,r2_parity
2,parity,0.75,0.1,0.9,300010,r2_parity_sigma0.75_lr0.1,24,ok,,0.42279961417957224,6.127576223504396,0.4042162457064406,0.11722271125486777,a56b6fb7e11162aa1bcbdb89986ef350dfb815c8939edd09a86a5d1f2edfccd3,ebef873c28036d701489dd58ea3cf0f3ea8ce6397136f78ede722212fa4058f8,bb472853ba6442a16e47aa10fc0daf077960a8da8c18c216c683f43e69ca33f2,e18aecd83916f2f26858afcd44cfe70c70fbf8b9c209162d44823a943e9f648e,0.35780937504023314,r2_parity
2,parity,0.75,0.1,0.9,300011,r2_parity_sigma0.75_lr0.1,24,ok,,0.3966125768547605,6.0845308097046935,0.427316298051702,0.12947683830966572,e77879b793619b6b11bd41e6c0dd2126d719a2f55d9c0ac0da2f1549b0913658,a815904015b8a5020a10190b51a4a1dbcc318a510e2cdda9f1b17ab6b4222a91,5bd61f9d39cc4cc3c95c3edac539cb72db72c7da8b3f32ef562ec5d1774de753,42890ea4fee94a5377218816092e838c48c48fd2997b49253150db716b7b81e6,0.3512694579549134,r2_parity
2,parity,0.75,0.1,0.9,300012,r2_parity_sigma0.75_lr0.1,24,ok,,0.4465774864024411,6.161829917580724,0.398170615389607,0.1186548433861029,9a73bc3dd78108b7e8c672136c1ebbc9996870d62df4ae1db431a984856c4ad2,1d51aeda2aebdfd8b9ff597f1185d611b6e9ed0df0728b69bcb6d1379cd855e0,51f56ce6a5ffd57a004adc4d3b933139b11ac3a8a60ed27aae338eff841e7a94,762485fbd78f6091792d6b9a8afd0864ef4729ddbcdd8f86c184d332509e8eda,0.34857304207980633,r2_parity
2,parity,0.75,0.1,0.9,300013,r2_parity_sigma0.75_lr0.1,24,ok,,0.4230974559723843,6.134393844339044,0.43672688057449555,0.12534061472488023,43be896293e02a570742d018597b933e42ce673588e34b4fa509ef9d1086355c,fffdef1c1b60ad8ff28008f50a6fbe337eebd5feba0cb6cdf1f62599072d89f9,ec5400175b7029cb3cacb2798ab3139530622f9622ec41de1f216b1f0c7672e7,99409303e1dd622da6737bf96a9133c386243275dcfe4974035ca3fe35be2fcc,0.3514447499765083,r2_parity
2,parity,0.75,0.1,0.9,300014,r2_parity_sigma0.75_lr0.1,24,ok,,0.4801376943199699,6.10756871129029,0.3924079332322915,0.10869699750534476,0cecdd4ef73e35260909137e7b4a9da22dc59d3d45a902be1bb9f890039876f6,023f1bdec63d2e5bed62469a7b9aa815b4634b3b7388108055538265bed25dc7,6d8b0c0df6ef122481e0cb03e2c80742a9e5a650c5693a53530456e46c6eb7af,b29c6b926ced39f19997952622e058e089cfc441e5b6e0bfec8f70172f907763,0.34796020796056837,r2_parity
2,parity,0.75,0.1,0.9,300015,r2_parity_sigma0.75_lr0.1,24,ok,,0.41235402348972644,6.021724608684473,0.42075135405258535,0.12874991434009112,7d60c852db0400ac3b4314a8c7a8366b70bbe606cc64f24d1f55a53477325310,95577195c75752a3d800cd54cb592b0e570d9ddaae911f46c2cafbc86fbdada7,f2b43ba805d16e74a13ab8ef2b875c54467b1e2ce135d9c0b5a54467133bfcb5,8cb52eb4291e419c0f1b80cbf891813497f0fa4cf4c7569a8c73613a6bd7922c,0.35331470891833305,r2_parity
2,parity,0.75,0.1,0.9,300016,r2_parity_sigma0.75_lr0.1,24,ok,,0.6462861944700937,6.148328075472207,0.3570746305104314,0.10997898619721287,e9cb11c03b8ee8be5af6abdcc1d3777225768bd24abd02a539c763d257098807,34c39d8d5501347c5c7a8076aa73df0fd8faebae88bb05da13de3c574b7f25c5,9cc8b1fac2217e31c2bd1182c8e33df4f081e264e52b1f05c952484a2c0ce615,60552adb24b68e9ee47f9a1a3be5a81a89168076ef074eae1d47caec35f558d0,0.34958704095333815,r2_parity
2,parity,0.75,0.1,0.9,300017,r2_parity_sigma0.75_lr0.1,24,ok,,0.42075977207332715,6.027190659492816,0.3978790922254874,0.11538493674539134,3c4ef79e66878b5be9a3cc390e0d91b4b1d607483a1aab1662b84f5be4a254a0,f3ec861043fbbf94cdf36e85a09f9ce95b7156b2ea7ecf03bbc1eccf865160dd,1d68cb65efe7145da6f906bcb83f8527eed99024a39634ece9eef8dfc44d13a7,d91d45c66d33b97530f1411694e9ec1e836e5a0dc11f2f13857d0ee5a7ae939a,0.35380529204849154,r2_parity
2,parity,0.75,0.1,0.9,300018,r2_parity_sigma0.75_lr0.1,24,ok,,0.40880128092694035,5.995401810798305,0.3960901931156888,0.11803487754847526,1e61d1562101428c9c58975a868ed0d794029be0ae2ab5b7d5405928c87d4a13,bd933405607b33df3caa53139bebdc6aebde79ef4c90313fa0ee4b523101117d,5acee9bef351250b67c0910eb398a161555d42ca42f246bd60d219654ec057fb,48747a75557ebcee797fb37a996718c9aef2c8abf1d7d93476e8a0e9b56f5ab2,0.3490230409661308,r2_parity
2,parity,0.75,0.1,0.9,300019,r2_parity_sigma0.75_lr0.1,24,ok,,0.5813151751587528,6.202956224117667,0.36797829628982764,0.11076146718323812,fdfd8e6a98343166e6dcd7fdd44414055adf41a5cfdff0fb23072998f90d34c2,43bde573aaca9ac4ed736014dcc914055e7ba211a6ebb9f59bd2eab92521ca4a,c2aeb78cab28998875578d1db90e4d7967a8ba1e909ef64f9459b1d5bc10a59d,9ce80faf972687cd9d30a6e098e9db2fcb94d903c44b55ea495ef5fae3b06be5,0.34629958402365446,r2_parity
2,parity,0.75,0.1,0.9,300020,r2_parity_sigma0.75_lr0.1,24,ok,,0.4067308655768407,5.965843702093887,0.40884609797453647,0.12142729109843733,906ca7b0c8cf3b525f857a92fec5f7c51c7412455b4ee13098e957ea4447fc43,6ef26e9565f7a805b72693c700925b72122e52339ba7e680019adea3d69e0994,fa2650fc47b2898848deb9e16643c9df16dbb8c064f1372fcc8fb42d5b069278,cb161f5cf2ab67ede119d26043dcf89e74dfe50bbafcbf7544afff69304827d4,0.3513294169679284,r2_parity
2,parity,0.75,0.1,0.9,300021,r2_parity_sigma0.75_lr0.1,24,ok,,0.4013441614212854,6.011930661689553,0.4352166533733973,0.129259346051899,fa4b7bfd5394097ae05f683e9cb6bd9b7d243d63a0cd1166aa9c63dddda4bf29,592d49d03e1d329dee388d65d5e7c0c74727b081c7888f72b200a3d49a9f761a,6e5a2d7fff5d93d0ca5734aaa42b62a5a2c38c391aa015c2c994e8ad84e81b47,f5ecbed296736a35bd2171dd5608a05026fbd0104206238e91e2c6c6596ffaf4,0.3485540000256151,r2_parity
2,parity,0.75,0.1,0.9,300022,r2_parity_sigma0.75_lr0.1,24,ok,,0.4694233667344655,6.184958192395503,0.4076300864823946,0.11902798525285924,01132f8d76a31fb1533df417971bebb1e16141690bd2f32439d016369638852b,0236641094670eb129ba35350d11bcad44e89884a4dbed23ad8adf5e7b47c52e,dbaef4df14146e5e884f9b2cec79fa4dab19264587c680094bb725a96b48d7ff,8a36a09859d77e2592b8f3981cf58db3235e8cac5fd464b28349bd7f71df683c,0.3601441669743508,r2_parity
2,parity,0.75,0.1,0.9,300023,r2_parity_sigma0.75_lr0.1,24,ok,,0.47929087963233036,6.064471636340578,0.3943701856755261,0.11555046440292915,8569b0c8c05e42f7fd61099236414ab6ce3713f6a415fa14439fdfd258b928ba,d309ac4b205e9879f73bdfe3454618e4b2f8674023509d75c5d8e5d9c6444e79,bd48f8b06cf09ef4df174486d8fc985e96347b9e05aa464b06fc1f3c77c4843c,249a60dd5bef6a74ef69139149e5a1d7bb2b832c0de06c6efbf43b9086c7b928,0.36050962493754923,r2_parity
2,parity,0.75,0.1,0.9,300024,r2_parity_sigma0.75_lr0.1,24,ok,,0.5378363799510039,6.112999486453826,0.3817951297942806,0.11530212919787275,0790780dbf8b15e4f2cdee78286694884ef6f0989269cd40dce812f11c818968,cac32651e1651a8f3598f530661e966484a5eb6d2555c9964fd8bd3dd7a87972,916f15260079a7a4c027c920f7b7b09a6761ca4cf413cf0730d6d477188f1ec3,e0f91e6997ea8264d2fb3838035ef3b3ccba51e8c72e650c7a7a20ef8fd0de93,0.3559358750935644,r2_parity
2,parity,0.75,0.1,0.9,300025,r2_parity_sigma0.75_lr0.1,24,ok,,0.3807049518503296,6.004219969197744,0.40261799903502044,0.11917492771436605,e6c0956e9a29de034cd0ea6472278f9f9e305434300df8b4e8f108cd08f26886,50ff6677861293934dc3f7a0e6bbea9c1b904b4976071959176694c02e0f577f,3802da75beec3e84002bb5c4f02d205dbb057b759f815863a498bd63f4f64f8d,75be32e8833d2a2704e40c1ed8c455ed4fbe355ba9a3ba6b520d2870b74d3bdc,0.3486847080057487,r2_parity
2,parity,0.75,0.1,0.9,300026,r2_parity_sigma0.75_lr0.1,24,ok,,0.3923355270147154,5.986157544049973,0.44017182803785804,0.13029086109920598,8259c7252ea55af17697ec3e92fa664cfff2cc2c62b2fc54f2eea6704162cff1,3ce53c419a8d2a98d1de9e36c588e27e9bb5fe7181e80c9c70731f6462d4cb14,69921f13f2acb1ee11115fe84bd7d2ef292c18a3f40808ac325767c7b1fb0d9d,d62ef46d0ce678a8cf5ef2b262a84e6512d5dcb059996f5edf2a1bf501ae4e5b,0.34508637501858175,r2_parity
2,parity,0.75,0.1,0.9,300027,r2_parity_sigma0.75_lr0.1,24,ok,,0.49835180332836415,6.152248816972276,0.41795735411865403,0.12664107829795218,555f7ef7f5300d55eab90b7abc2509c6ddd5a82433086073d518b2553e5ab635,a7d852e0006855682420200c1d8bf0f5ce4d270c112bc0971781ca1840f21e60,37ba21b9f0a05409a1137f2fbeb6d3194b78e0126282977521d8abf2777f3295,4e7c76f5c1fa981824fc899624e55e3adc3c4519aa2ed09e68d25c56f303f027,0.35064337495714426,r2_parity
2,parity,0.75,0.1,0.9,300028,r2_parity_sigma0.75_lr0.1,24,ok,,0.3324470023419013,5.913121742704139,0.43750603762178214,0.12906428109842574,2c90d269abc02edd082587ca1c45ee3ffd608040bfa33037f48b60e800345af8,a6c7eca434b19ab72070f4331f4b1381a949bbc03165c5322c19b18d31fc02b2,7f3e17c5db0382da1a0b503fccc4d29988a1aa61c8e288fc0ecc8a6fe4ae8091,fd3ddb4c9aa83e4fe8dda164367aae8422947dbacff75a06476110c20d74d86d,0.5582683340180665,r2_parity
2,parity,0.75,0.1,0.9,300029,r2_parity_sigma0.75_lr0.1,24,ok,,0.5136125105863953,6.162395707355768,0.37200785271180914,0.11160235581354275,eefaa70b2e4f9712c8d2fad79662c2cbf1b04130f1281468ae404c807d3d474a,1871ee4f3ec66be83578b8d08c9fe3fe9d7e22fc8fda48d8e405c13fa4ada97f,0ebc3668cbaea98d0ef2948f14f4d6f1a7df4bf73142674a875005a23b1d201c,8797f959e5f748619b98f0181f80ad315a9a8ef0a69c85dce496207e0075b58b,0.6978232919937,r2_parity
2,parity,0.75,0.1,0.9,300030,r2_parity_sigma0.75_lr0.1,24,ok,,0.35992721406220096,6.045167608114881,0.4281780664565048,0.12973795413632094,689c46954bb970719c1ccbfa862609bf50d62d91f6ddf57a68b1db613dccbd89,a56675cf7971dee4a5708aaa7631775cc4ee0dbbf031c92437f8dbf764a22761,0fc58e813db6c0a6666e214f974e70e6ac4e69ae6cfcb7f21c393ccb800cbd0f,15c1414d5070b5d3025b9772eb2928e5e87797c483dcf08a1ae2d3827486c1b9,0.7060631660278887,r2_parity
2,parity,0.75,0.1,0.9,300031,r2_parity_sigma0.75_lr0.1,24,ok,,0.49763407571592355,6.036625539393257,0.3704303280981031,0.11149952875752904,caddfcb37abf3009ea99deb5316e1db13d5b0c34c98f7fcd4ecbd61674891add,db3e5c14e5fd1b464928c9903eaa0097bdefea6f9ef8c18e0c4d0f68471578e7,c3046847d8bc7742510b0bf358fce5745710323a6fe906651129aca7f72f6409,f966c0bb5556abed360abf6816a4f78f0166a9042bfb092b3eb4945fce318c23,0.5052626250544563,r2_parity
2,parity,0.75,0.1,0.9,300032,r2_parity_sigma0.75_lr0.1,24,ok,,0.5901750495142292,6.149061317617388,0.373874984326789,0.11365799523534387,0cafa4d93d49dd1f1f96e591aef2aa1a0071f194cff785af1ee2ce77d0de7756,04c9ef5c63f89d8d6e9b8a0abd0768718e42d5a04c327b4c018659155256db82,6f2ebb7c5cfeff6846119c395859d312cb6b2ad50693246b3060147336ae7d08,cc26ad14a6e9b6696c9d4f23e1dfa42ec5fe3e9fb9a3a4093675c1fa99e9fa00,0.4105570409446955,r2_parity
2,parity,0.75,0.1,0.9,300033,r2_parity_sigma0.75_lr0.1,24,ok,,0.5857562262996711,6.193663656491996,0.39388808327893826,0.11856031306696042,7856a8c79f49862d335530e7ecca990edcfcd44e2430b104e8e8b151686a6e47,57645ec48930a4c1e12aca637d5e92fbb621813907a9a2934b04b342047ed618,7456d7c43884711d6eccf0e05e59da6f8371ca0e030f84f114628e4fe919d2c4,b65978f7afdbbe74025ea89b40ab76c92c32060efe71bad0d827e538dfc0b0da,0.40814608393702656,r2_parity
2,parity,0.75,0.1,0.9,300034,r2_parity_sigma0.75_lr0.1,24,ok,,0.43477479146879083,6.137333444078404,0.41276049419292704,0.11970054331594883,265709a031a255d67a159004510d8ae9eb9d1243c985ab835f322589dfcaf0f1,413113ebf5837c734743bc6fac245c377f6d4d765fe16dadcebe845b6970ecc0,bce3c46901dd3e8426a82abca6109602b4daad21f874f2b38058682cf1d1b5ba,536df0bb59fcdc8a55e323aad90e96d01d970632dfd8b45a42dae517421ce4b7,0.3891308750025928,r2_parity
2,parity,0.75,0.1,0.9,300035,r2_parity_sigma0.75_lr0.1,24,ok,,0.508638303942264,6.057917880360952,0.39734575157762475,0.11801168821855455,a7c9f8da5f053c87a9def53188cd1c7b7f13817ab7c058c3a0e9a596c18599c1,11b8d6a0d4a74720af43b2d3caaba1e6a3f04e87c01ee83efe4d105817f577be,7d9647b95c8fc018b7ebaa5ac9c27598bd9b5e60ee2a0bfb31124673a835a2f5,3babf6c6bdf188f72bbd25eab132eb7e0dd2d20013be05e4308e39f078bce6b7,0.3951372909359634,r2_parity
2,parity,0.75,0.1,0.9,300036,r2_parity_sigma0.75_lr0.1,24,ok,,0.3502510996172903,6.022943330203987,0.4299995057201892,0.12641985468173564,22e590454277a117e664fa941ea99ad8f30ebedeb9c6b160f358ccfe31a4ec13,4a1b30cf27c2d621e06e2bfd1f031cfb01554bf0205e819cf31f51918f94ce7d,61af541aa5400aa6c4d7948c4d80c81580ca4eae7703e476f1729115e3dfb394,b29b05d243af802701e57e83915198f72b1be0459e6658c8c43f28dd82efff0e,0.3908182920422405,r2_parity
2,parity,0.75,0.1,0.9,300037,r2_parity_sigma0.75_lr0.1,24,ok,,0.37327824516337305,6.072173053524057,0.4341254757579269,0.12285750963949331,f0968699341ec1620fba5f45cc467b965fd0a832614c2f270113853125578534,ca4f3809d1420c32523738a8167122c75bc9dcffdd8c533cc422527ec8511726,29b762c8b132682407fe04c7954c8a9a433ffafd7f84875e64dda96ca2415048,73a1fd29b98bae3723d7de46f65b6f1fa8ff4ad32684be58e60f1d8249e05229,0.3604341250611469,r2_parity
2,parity,0.75,0.1,0.9,300038,r2_parity_sigma0.75_lr0.1,24,ok,,0.46506004007042073,6.084388891284467,0.3960714406261312,0.11921750362846549,aff3f60d957ad1bd6b8c2456f9ee3a6386b8d361ecaa85f54ae4f6bfbddbe902,0d3833058011035bd683ea656900b18bdfa928d26ea9f2045a93b3f0902d7d95,125e0755616315bca11f7a592ae753739d84e58ca4941612dd8a2dbeaa165e62,760859b44c4d6f7441c50caecc394f5aed5663709de75cc40c110383a95b73c3,0.35619141603820026,r2_parity
2,parity,0.75,0.1,0.9,300039,r2_parity_sigma0.75_lr0.1,24,ok,,0.5688374598165593,6.151389782552589,0.3772679998097306,0.10714411194596349,4bf06104aa241b940a7daf009513d821bb13b8169b7d99bebfc074a6df500c2d,d8907a883af4e8a955b74b01aee12100811c29821c76d51119f417e1dd3d9766,6a1e0aa9851d87405257339d94e64cbd7b88e4df4ec58c6d1ccf8684bd833e68,008df0f842a02583e5ae5cf2ea29baafca65be2724f997f702624b709f89ae66,0.3627505420008674,r2_parity
2,parity,0.75,0.1,0.9,300040,r2_parity_sigma0.75_lr0.1,24,ok,,0.6454342880442806,6.212023644141413,0.3796917613190499,0.11428722015703403,79798a2e527fb88ab17da97fc950bc934e74d76207867b2377edfac289c7ce06,6b14f0355647f998c5a55c0c33416830f720e50e7f81ac5277dd002a135a6761,597b61745af1b9056f785942c0600eedff5d5e281200530aab15bdf0feac09b6,93982932de65745b7d0b2f46d16f99ca43d060055b7cc7cad7a39022810dd3ba,0.35393470898270607,r2_parity
2,parity,0.75,0.1,0.9,300041,r2_parity_sigma0.75_lr0.1,24,ok,,0.5077234830654906,6.172732051518877,0.3778438737517723,0.11410884987303524,46829aa78c5762a9ceb54ca8863f3480de6482517bfd1e43afb0bf0bd89ee10f,5fe2e72c346db70edb03802941639391b013a95df940dd11e187db63f3e31d41,0d00e39e255f46dba3191a411405565806041187fee5340f137cf919061fcf8a,c463637219bc70abe911bc836730437855291a15e491bf8796a84bd79f8c14d1,0.3571472920011729,r2_parity
2,parity,0.75,0.1,0.9,300042,r2_parity_sigma0.75_lr0.1,24,ok,,0.42652939942065465,6.1215744123679565,0.4151801336913856,0.1212325990378846,d1de4d8d5d0089d4d77b163b6384abdb2b66b12058825b0360411bcaac5ee92d,c96616c67560f50dd3cebed2c47ab6cb33774c80774dc35950ae0077ea90dce9,236c3e9d974c8527f82c627e7f9465d89ecb24c2e5c55dc5fb79abb7dbacc564,7bca113449d6375a7ebbcecb474e983ea870ca06327a8a62c9e3a495c8b0cea0,0.36178620893042535,r2_parity
2,parity,0.75,0.1,0.9,300043,r2_parity_sigma0.75_lr0.1,24,ok,,0.36924327367189014,6.003499206199382,0.4177433364579485,0.12031008089988916,ef8e7bd25984576db7218ca16ec08bd0e975634b20df074f8af7de4fe7fbda55,53f7262f5cd4d611f0f38b893d60ff604847d5eca0ebf2e1a7e1e98ef996a655,dd8941e957bfda920b24148fa5cbe1e451f423f0776c31fd0c1e985a30e475d8,bdbb5ac095f3210d2e961c0f014b57162c0f8112fbeabf8d5484a2950647f676,0.38347195798996836,r2_parity
2,parity,0.75,0.1,0.9,300044,r2_parity_sigma0.75_lr0.1,24,ok,,0.5034432541406862,6.096676879739396,0.389405789221915,0.11993698308034982,ea06d8f954be15f088b6b90d0574b59f97197659e1302f3a9a0fcf4587fe8a2e,b404b0e35919d04ba7b0a4787f4141bc945414ba3d55c84d25c5d179efb132dd,372abc43814f86f660d62de2915810d1bfe0252d8fa419b04026f71a3f5ab720,0a7fe41582396936b86cb07b57f7b6522841c45b36a68964000d29851dd42b32,0.3640538339968771,r2_parity
2,parity,0.75,0.1,0.9,300045,r2_parity_sigma0.75_lr0.1,24,ok,,0.5359180767635817,6.186520024399882,0.37610315990523085,0.11057432901213787,2bd910b6630755e770f64ec326f47885a46e28caa1cfb2ece9898be6c52254a0,0d407ec9546bde5c8283677841f884df398b4edf2732dcb0e9dd9b8da082f3fc,9d81f3cb4360e76f6436ac7d825a7ca5602d5d45944f72eaf71d524a3217427b,44c39a65000880ca3eaae6521621439432a7c2b9028f355f7a69d856c2431d52,0.37113129207864404,r2_parity
2,parity,0.75,0.1,0.9,300046,r2_parity_sigma0.75_lr0.1,24,ok,,0.5202572969324064,6.192182654762613,0.3787575400993983,0.11400601956991889,d5da4b35bdadfc27dd3908a7c92fc60c1ff033f7604349db35b46f48f15ce767,ff0c44f2c421e6eceb92495760ec4e53e943b09896522d93659840e35221af7b,10d4dd942fdf8134d835a7c230f64118d1d5cd38b1b1c82e7fd1d5f25707edd9,336facf0a39f6062cb7ea831fddd06d76d0db56e897e35771d5a55c03b27a14b,0.3766865829238668,r2_parity
2,parity,0.75,0.1,0.9,300047,r2_parity_sigma0.75_lr0.1,24,ok,,0.45591576318098964,6.029635716165238,0.41964166973180905,0.12799070926820177,ba80f6c2328d41463530a291329dc92669415ea45bc43bd361aa88ed368fe2cf,f19e3d15b50f8f8cce7c1ecf8cd85899aea4f5e9b0c50a8617fe9a8f75ab8daf,ac7e3e00895fb9d8d56b3ed3dff58e91f036d32da4c74f8d05f85d77c907cec5,1e1ee88d215cdaa98bf8bf3632f579cfc915a483cbecbb414044b94ae066d554,0.3716039590071887,r2_parity
2,parity,0.75,0.1,0.9,300048,r2_parity_sigma0.75_lr0.1,24,ok,,0.4378904783420052,6.080718270250398,0.412920619284004,0.12263742392734918,2cebda7b822c6ea3ea437354fbbb1e7ca35303cc1db6c1d50b269ae1ad585e6c,b04449e3feda4928d4221f04eb43121fb8b890df6ce8d3100a7497b322c3cde5,86adbf3298da2cfb1bc5a5a557bd3516882977ad6c857d85affbe658d6d7d2ce,5b84c0b007d335fda26d4af8e567e501f9a187a7dd111baa65ab05dc77c35fdc,0.3618349169846624,r2_parity
2,parity,0.75,0.1,0.9,300049,r2_parity_sigma0.75_lr0.1,24,ok,,0.5706619435057438,6.2520873634180765,0.35736391570691417,0.10792390254348808,4dda00783c3e9dbc89186954d10259bfe245724c40f8919bf579a059889831b9,800ad9b5f0a3eabf05aa8276d0c4ca8cd2b65ace12abe3fcbd9065b9bc20280f,6cac0f1019ba02056b4f29ab53e3be72db191db997b2aee010d7beb37435db9f,5f9b1b12cfd6a95c77d7a3833c2d2e3b7da3314a85dd5e9d6e535e7e55ec5465,0.3583723329938948,r2_parity
2,parity,0.75,0.1,0.9,300050,r2_parity_sigma0.75_lr0.1,24,ok,,0.4677180239019132,6.122960254775476,0.3818515712704916,0.11455547138114747,390f2b6ed4c28899f7489d28d61acd3ab3dac981995fc19428cbf72154196d5e,0937bba965de3b29400cb0316413f15a6327a16e51075e2bd85761227b696178,37ad5cbd72fbc28c54767b607e2fbc149c256499fc3e3472e7599dc5fa24a441,b154ec4bb344e8c6b7a8e182842c16e9b9220dd8b73b88e0f75a5d02e3003c52,0.3572331670438871,r2_parity
2,parity,0.75,0.1,0.9,300051,r2_parity_sigma0.75_lr0.1,24,ok,,0.40338744279790406,6.076591773653185,0.4281492674048347,0.1254477353496166,40bd3fc16e77f7f16b4a4180dd17723bd6a874c87a2ba15961fb2d1de37f22be,3e8a74a0dae522d0d97418de854467a0d05ddd3958b9920af2b9026372da8f5e,b26aa39081d9f36da50df9ca30ae6c96e2a011727cdd9485cb734f4c4f62cdff,97a3cc298c637d9d3e97de4231a764cc89e6c848f0547207f862a5ed0586554e,0.3564678749535233,r2_parity
2,parity,0.75,0.1,0.9,300052,r2_parity_sigma0.75_lr0.1,24,ok,,0.5223142427699307,6.141088115824608,0.38695894255215046,0.11299201122522794,7ac760f36d6a12efcf52e8294de109c9d9887444b5e5cd9434e0ccb624564774,7295e148730692031f359fdf837044caacb2ebca1b6665c815a15a29ce443773,e665c659cb16c19a45451c0593eb04ef2256a39623944f513ea154c0e2b6c7ba,553820121c8a2e7b40ceeff98e21a3c49895ec93f45cd854fa90e4a52efc4982,0.3607107090065256,r2_parity
2,parity,0.75,0.1,0.9,300053,r2_parity_sigma0.75_lr0.1,24,ok,,0.5250324654973844,6.221445565393192,0.3544154870714441,0.10561581514729033,07dd12f5b5c72d4ce65bff27a2ad311d79b21736ffc2b258c075480649ce387b,d9852a48342447f1e59125dfb75c6b8b13de5a1031a1a2f49fcfcb34ff893dd1,5d872f73229b633caf8655212b28574c7143ff979209b2db1fb8f95ceb2a8045,58ed0d0986e4cef796eef0c91295c120710f2c6448b970a294115ed7385f2e77,0.37700187508016825,r2_parity
2,parity,0.75,0.1,0.9,300054,r2_parity_sigma0.75_lr0.1,24,ok,,0.5531860859714136,6.2473241526654,0.37795823636637815,0.11527726209174534,30dd86d095ec5d698c4e2c00c27bec4505fe1de45ca78a4c77bfdaf9a1ff2a4b,88556dbeea38b9e3f76af13cabc3a013f5842a42df9d64f8a2f8711bde460ef8,4e1d8ae44ddd7c08a34cf6cc556a761c62d6bf3f10189d9879fc31f14386629d,154047462ab8b68118fc6a26a80c43b4594b5af291b5838aa4190da016e2b1b0,0.38391329208388925,r2_parity
2,parity,0.75,0.1,0.9,300055,r2_parity_sigma0.75_lr0.1,24,ok,,0.44123237978806684,6.1171751140264625,0.41868728926099125,0.12769962322460232,08251a850e5eaaf3bc0db7235541dd9880d2de7b33498b9b1ffabbcc6a82e031,16103b6a02a3e8dfca8c66e03d66f1b0e1227382f6ee949182c74ddd9c1d66d2,aa559841abc830becabb7889aaf5610cd7f44bfe8fa3c0afe3b6861586764e0c,89a25fe4cc2eeebef451c6f8f254964ae9d2a8d53458894552202bd72139e6c4,0.38368412491399795,r2_parity
2,parity,0.75,0.1,0.9,300056,r2_parity_sigma0.75_lr0.1,24,ok,,0.43933093964970993,6.0457018938523435,0.3860941684801882,0.11737262721797721,d3ed01aff926b25fcd5ab72720d1b1d98d64c483df418e299d719ddb69984290,28a8d7c637b0fe9a248ae3d50677aa2d4ae5a6c7369f00f0a65b37272e587765,503064bb4c8ac56dce73d8ae4c8557d242720ba94caa10800d2a8732e4216a39,286585509fe00e003481a34b73ff5b8e7dca20e2cbcaf8e1100c27d1d82021b8,0.3786827080184594,r2_parity
2,parity,0.75,0.1,0.9,300057,r2_parity_sigma0.75_lr0.1,24,ok,,0.5086344882644872,6.110976772885229,0.37521835179542384,0.11256550553862715,46b86bb023c8eefe512ae0b282cadf490362356ee2bae4f1177511af1d02223d,23efabe96dacd7a930475e0fbfddeb62fc5649c0a94c45d1506afc56e10053df,99963d313f789e951f0fe79a9c2dbf184a29b12624ff88dcc4ef79dc23f1e935,15ca71a36d579b76ad0b33f1fdc1d15a12d269b3d5ab9260198208d506747774,0.37384750007186085,r2_parity
2,parity,0.75,0.1,0.9,300058,r2_parity_sigma0.75_lr0.1,24,ok,,0.4055233713844896,6.093905331125107,0.4217076922391262,0.1252471845950205,be54da548939eb34c198c5b8af39c6b40768c19f8c0894ee69a24207b6b465e4,e56069914c786018770bce1a7522f77d4bddd47cb0cd7f780c1e90b386a09398,44f405eafbe3c50335c14a24299b35fa15dd5824cdf494448774e1ef45fbc744,186d0dd6fa5137dd67fcde02705ac5b9a62f624719e97b278fc0ae0cc4c99fc0,0.3652097909944132,r2_parity
2,parity,0.75,0.1,0.9,300059,r2_parity_sigma0.75_lr0.1,24,ok,,0.36583924729656503,5.909312704854447,0.42664636306637377,0.1271406161937794,86975954ea25afa24d148cd0d80a4f12817f3bdbe7943fd11114ef1e5512ca2e,ac92c365f27d645f30db1d16e6504134289e056b66e3d0432559610015e7b01f,8076a92d1eff89a131b1bb989745bbcafcecb7ab8a908bb396a2ea86372305ea,3fbc5b0d38d4053a14c3346ecc028c2ae7864e1db1c09949932cb8578ce7b167,0.3664056670386344,r2_parity
2,parity,0.75,0.1,0.9,300060,r2_parity_sigma0.75_lr0.1,24,ok,,0.39335987980513637,6.06765535503188,0.40047410142668777,0.11894080812372627,ef3dfa0dcce3266b8e64b5185906508ef9724df33f314b80d6e605d6a76f6e29,85f9e8162e8403ef1422e75acbbcb246cea4fcfcbf305c2aaefe1134d59965ef,69db05e052793e945444e30062ac177b35f237b6dbedabba84326570082c0984,04f8e49679a6e29cab7cca2a5fc60f9e241f12e0e54bdfd8de7c82ddec53dceb,0.3640174170723185,r2_parity
2,parity,0.75,0.1,0.9,300061,r2_parity_sigma0.75_lr0.1,24,ok,,0.5058999681967764,6.061256113969012,0.435798263757712,0.12856048780852503,cebafe01e6af0ee95f79d83a58cf7c3e9005f4eac4718eaed5302c26f67536a5,a034bb4db5a0ed251a7830b45b049184cd6466ad4c690b2da4604f786ad3f27f,51710a85eba65aed03a40da4db76c721f5d39f74eb8ad2317a5979496927cb60,fba59e418a8795b62b7705b02afa26a408324e3ea7703b3b528d4bc7f654ccdd,0.3564409159589559,r2_parity
2,parity,0.75,0.1,0.9,300062,r2_parity_sigma0.75_lr0.1,24,ok,,0.5356716376748976,6.120340986130049,0.36021329546590397,0.11094569500349843,b31435f2845f9ffe580f90ef95b59358e3d48dd35beec15b8d9a352d33daa705,d7eb8769059fabae7482833a3bdb6411efc7b8bbc9dad9030069e8fb4af0376d,e0c466698941e43033d201e50dbd0d05e54f7d14b58ea01a9931fa7755d20854,09d68c23c300309a5ed49a3b94fc8d9c1eacb9a57ab5afe85179fdee8e2eb192,0.3533908328972757,r2_parity
2,parity,0.75,0.1,0.9,300063,r2_parity_sigma0.75_lr0.1,24,ok,,0.39040515906419915,5.9523699450562155,0.40516594671530864,0.11628262670729357,d6d2c5ebe7f763691e03746a41367e5be0344eaf5fdc66167695a8638bc42d03,443b43e8d82c93a9b6859f49bc9c1384d25cbd44a30cdd875c6562dd650ff6ff,ce05d11c7a1a1c10740f560ff69a559e1b594377eaafbd3cf0659a37bb6bca50,e0db9d601434150918e754860152db0c91c1fc9dd70456bc4a9e31bb985ac55a,0.3527367500355467,r2_parity
2,parity,0.75,0.1,0.9,300064,r2_parity_sigma0.75_lr0.1,24,ok,,0.4839722519774049,6.083715348172827,0.4392218571411041,0.12957044785662572,a2279af607d348c7eb3e3b3dc6d4045842a3e1c8cd56db71ed3c33fdd34d83ba,2d4cb5b9640c9fd1a8540366892d9096ce2ffb3b0448e9de439604e97fc81b00,0f6cd883845e7deedb28ad8addf0c3a092f5f05c2c631e67140ed0777f55a3d1,3107a15dfec95ea25b92bdbce556826c9444db1dbfd4aae897a0fcf06e5f392a,0.3707817919785157,r2_parity
2,parity,0.75,0.1,0.9,300065,r2_parity_sigma0.75_lr0.1,24,ok,,0.4915978293000119,5.987437664569186,0.3956389689669314,0.12066988553491408,1cfb2f28eb8cc948dd0f1611cb56cb4e6560995412560e94f6b63dae98e6ad18,5880d14001810cdd467dad4ebafe5b0d6e501f3f570a4df3600f1534c2b7616a,1b7cb54e9f287c12f37112c1482b7db47998a96072f0918234760392a7c7571c,663258c804a32d110b70cd6b1a7194ec37fab771b3050bea291dca4a3b739f33,0.3694852499756962,r2_parity
2,parity,0.75,0.1,0.9,300066,r2_parity_sigma0.75_lr0.1,24,ok,,0.36288152835416654,6.0419457780710975,0.412241780805821,0.12037459999529974,708269c9fbc27a8cde579e683a6367880c14143b935f4908ad90b01362b99244,6549ca8b41b89433ed9700fa8e4e609e210451b9c7ebfbe6f1edff98e603ef32,54ad4239226c0c75adc1e156718641a7abe491df45dc54a0283be12f8ee4cee2,07ec46792f85ae2e865e734f58283026d0431456090944bc2cdc1710e4ccf939,0.37166637496557087,r2_parity
2,parity,0.75,0.1,0.9,300067,r2_parity_sigma0.75_lr0.1,24,ok,,0.5168818311838238,6.147988768316618,0.37236173920458465,0.1117085217613754,081f0a8188505511354ed61a498396ca9f725e574fcce6253e57e031ed00a1a6,e1589b617124f4cb79e463a004e07e664bcf84d0d57ca0ccfcc221cb90bd6916,d1fd09649534883cd89734fc81e842ca9f19e587d1eec827050e48246270d9e5,7c6fbf43556b72f6d75e479d600e728d19040a1b335556e7905c88c4c460e567,0.3840564169222489,r2_parity
2,parity,0.75,0.1,0.9,300068,r2_parity_sigma0.75_lr0.1,24,ok,,0.5698357679066401,6.202432274546798,0.3740594740923269,0.11371408012406739,0bab71e6eca3d3074b94363a2595e397768bf164f5737259b49028335278c69f,2352320ecc2428f76669b117992f88aa230efa0f74713ebf4f0d5ba8b32e0b81,a1a6b27c7ca37e94608ac405162ac117bc100d400cf1254037c425157b794335,6234effd0e61c8951c212f6697b2d20410a35d94a286576f34319db139e76cdb,0.40715058299247175,r2_parity
2,parity,0.75,0.1,0.9,300069,r2_parity_sigma0.75_lr0.1,24,ok,,0.44989743572147733,6.111118753715472,0.3993226087526464,0.11979678262579392,6174d2c5d4074cd59901346d33d990e3b06dd344d19303a5a61f4f4ab30feb69,13ddf607a526199525f36e82d6ec66fb92b3b4a84d3eab35ac1e71aa897d1d52,91859f0b01151c1097033ae674fbe94c81d0f5314fcf3c276b0e1ffd7d3970ab,96c074cc712b59ffac444057eeda2202e1263142a2bcff0a85445570ea18eaf0,0.41484224994201213,r2_parity
2,parity,0.75,0.1,0.9,300070,r2_parity_sigma0.75_lr0.1,24,ok,,0.465731828700566,5.963219493319731,0.39760655092136693,0.12047478492917418,f634cc4e2d1c13934fed7a89e1dc9feab288a32e837cb405f0cb855949395708,ccdff70c19143dba1653dcbb3dbbffabc6f7f1c013b1dfb8a1e39a9aee3a3577,bab40b5fedf934230d9d0d16692e9f5c5470b8febc8fcb7c060c461410d6242b,96aaba4609328bb95e55c0feac6642eb671e9f09f7c68decb708ead72810d575,0.427120125037618,r2_parity
2,parity,0.75,0.1,0.9,300071,r2_parity_sigma0.75_lr0.1,24,ok,,0.5043784846414986,6.05530359649206,0.40580128814407296,0.12052298257878967,a7a631ebdc901b6d1afebc5883b03deed2af77787993e7c43d983c2bd7ba4001,7a9ef81ad7224233cc5cb38b965598d9364349ed4072919e19c10e80bacca046,afd9fcf2c73317399ca16983efdfcd84868997fa4de3ba4bf51e3ab8ee2ef96a,266684f892ca5207b978c1ad293b7f9190d22ae2f07486007d1ec8a19d8a9126,0.4447862079832703,r2_parity
2,parity,0.75,0.1,0.9,300072,r2_parity_sigma0.75_lr0.1,24,ok,,0.42461315577394765,6.045605320131704,0.4049902321553682,0.11947211848583363,29476ceb6b9c7bc9a00c948025fe869f227afb88b4f615b258137802f2c3d508,d2f5e742631b619a124a6e2d35a067c5b263572690ea3f3a50c8fe4ba810e605,8977935e02929e7becc78677eb5907cdee0ea75c29229c8f279422d8b8ebd7d8,44cb07954365d2ceb3e4a42245748b57a4855c17e57badb239eda9a80dafd8ee,0.4300582919968292,r2_parity
2,parity,0.75,0.1,0.9,300073,r2_parity_sigma0.75_lr0.1,24,ok,,0.48815037922515014,5.93655038998851,0.35324608643988414,0.1049140876726456,94d96421ca2c1b509b027b228ac8292f226d27321b9fe81c04af907c5f10cfcf,ea343b04223be8eb207fe79b900dad6f48ebc9d78b3bd560a6b589d849c18632,d5f47536a2aa24a3162810e429c26199883fb455220cfd01d9cf541c6006fe40,a1cc2e97a3bfbf628a7c23a1fb5b21dae5e9293e47c415f2405195b04bb449da,0.3659458339679986,r2_parity
2,parity,0.75,0.1,0.9,300074,r2_parity_sigma0.75_lr0.1,24,ok,,0.430567781526748,6.098821323472712,0.39606379685156845,0.11961126664917367,f2250eae7e757ccf0386e915268746609495ba31fce4b4abc9a865ab6e47686a,5ac414598748c0d70db4857128449cbde5756407a395d592f1e8f0d8bf4b5c79,b39548803e380e78afae47b293cd57cd498c8c44c3d7328d137cab95dd5630e7,6953c8a24fc7fe3360fa8537602e8359563d6a7a9255e9420d153506ea660c77,0.3773170839995146,r2_parity
2,parity,0.75,0.1,0.9,300075,r2_parity_sigma0.75_lr0.1,24,ok,,0.6765791394890676,6.19376318364988,0.3650592418956332,0.10951777256868997,7dec063783091bc2e04a4042c3c3773b5ade267b870931cdc8039fa0219f28b1,a25c1eb5d376fa0b58834737109ce6926d29c8f0a8076020763734df14b91a56,f1ab4a2923c99b2be8f52513ddb62b5f3115eff7538a77c8b4aa931ffd4eff42,fd1438f5e362a72f66ed69c33e970c27815d637a6ecefdbba322ec449c44f1a1,0.4015747910598293,r2_parity
2,parity,0.75,0.1,0.9,300076,r2_parity_sigma0.75_lr0.1,24,ok,,0.4616163986493343,6.138171461673171,0.4169887183462504,0.12050973960206636,874f36301d93b1a5bcbfe168684f14c2ae66efa60b0bc3f6963cb38d49893ab2,a30bb8ba2fa3f25d8d30198f6baa7b531b0290bf636c95bff3cdf4e85021d3e3,3df34fbe72a6ec06222f16b3f3945ec50a28d566eed39cc823b976f0e046e934,777da7a479594bc7b6b48f674b3ae536b386e570be3dbe61f6e5f50f417bdaeb,0.4117147079668939,r2_parity
2,parity,0.75,0.1,0.9,300077,r2_parity_sigma0.75_lr0.1,24,ok,,0.42301696700414715,6.016641906060105,0.4091166461288769,0.12437146042317858,ae4b1717c7ab36a8bf739e3c3e609f149fdff4c16f64795219832d1bdbe563af,01468e53e4630aac84262b5039324698644a6a60b78851a2244d2d5ca7d5cb3b,f964cf3c92aea6f7193a2bc545cb2b1cf4563c33fbf91422d7d9fd8a9a1585b6,0a2711d421d1cd353e6bfc0965fff30a9f2e98b4c103548cf6e4945c26c591a0,0.3877702080644667,r2_parity
2,parity,0.75,0.1,0.9,300078,r2_parity_sigma0.75_lr0.1,24,ok,,0.43406311208272375,6.080220036976314,0.3865359084301173,0.11557423662060508,fc507e05a21f23918e50d7f9083a51ab150f87ca134cd0efd7c9b54191cb9adb,7b9ca0f5a4d48af552fac2e70ed042c3545b15fb9af1361947503fc8f8c0cadf,3c26773201de8f53758a523e4e9e117b57f250c73c716c02f557927f92598fe0,f9926a685b5d6a1a2ee17d38cf939beebb412cf8c2d62c866bcd18bd28d29c01,0.36938304197974503,r2_parity
2,parity,0.75,0.1,0.9,300079,r2_parity_sigma0.75_lr0.1,24,ok,,0.3737861021467161,6.129839820509271,0.4285445634364622,0.13199172553843036,99e3cfde53d3779687e41c4889b2c25c000b0fcd2df380100446ba8715eb8ec8,671c1c32f5796c76ffd63fa2ee7f179f0b0fbb4e4d0a1e393c4129332e01d5a6,05e654b3327a5e26890e9b771b6400e5ba9ab79d9f0b252f9aef0ef0531e2b8e,d88fc2fe1527feea3cae0998513e16e256ceece4d9746b5448169fd587b838b2,0.3568040420068428,r2_parity
2,parity,0.75,0.1,0.9,300080,r2_parity_sigma0.75_lr0.1,24,ok,,0.6526363871875991,6.3088352266253525,0.35556370958601147,0.1056024217470454,0e3d960b755d50f9638f138ca006e5501b07ca00e96338156fe514e01912fc98,1cbfac2f19d4c0ebeb40fc9e4eb17765a40b7e9b64b7903e8debdd4f6b207474,238b41c902d3ef9c0bd2ed48a46db2b4b87e8dcf89cbdda9480228c9b1a9f74b,0acad7fd95d75209f7f294103776e8fed2d7d9c37494eed9da059a753b5a292e,0.36421962501481175,r2_parity
2,parity,0.75,0.1,0.9,300081,r2_parity_sigma0.75_lr0.1,24,ok,,0.4396223337602962,6.100262222496449,0.4040482145154585,0.12242660899818393,ba2f638e3dea8ab3bc59b28079c678391c132e83fd9186ea1da00b1add31d0c8,1a216ec3f73d111315128ec3ea4d639c9921edf923f3131c1bf95862d334f31a,b1154e3386b943676e8f461c997f0a13c5983d26ed22c9c748832d5d14b5f021,4ae49ca0ef30d3e85a2fd84ad5ed984eae8894c0e1bc1a3cc1b05e3547a9c1ff,0.36001691699493676,r2_parity
2,parity,0.75,0.1,0.9,300082,r2_parity_sigma0.75_lr0.1,24,ok,,0.42042521637415314,6.128271890854618,0.3963924074236211,0.11772854500481546,6c99cdadc1611e488d48953877d470202aead6ee43dd801e550e79a6bd0e922d,7d0c04aaf56cf065cabc2f4d8c5c616d73547978bc744188c58727f7bfc38976,265ceb9b84556e41b99cc6a1310f842bda0f172e675f813e9e731e3872257ab3,a19595ea96daf0b77751fc2b631629c52d5a68a96c30fea5ff46c6134344cc47,0.367906125029549,r2_parity
2,parity,0.75,0.1,0.9,300083,r2_parity_sigma0.75_lr0.1,24,ok,,0.4221597995839743,6.052507641813317,0.40792411880351204,0.11992969092823254,fb2734f5bab358e14e01f2c8e72617ccdbaab144d7802f2c8c60ee7f1e3ed644,84c7e32ae9100532c76001d8d1c47683e020e8e4c9c3cdbd4666f567820d7dfc,fbae546b3efcf6008f28f3d5b5d868b976bc5cdd69e6a4602d7e05fa06b2aa3f,1ab3c55d251181338d98ff31c563a6d7e8cb534835707ecb972553c9a936d789,0.36530120798852295,r2_parity
2,parity,0.75,0.1,0.9,300084,r2_parity_sigma0.75_lr0.1,24,ok,,0.5257607291988821,6.147722596147572,0.382224162884269,0.11428502470239645,307f937ba084b91de860668af0fb0f69372364bb6ce4fcef6c017c30674f17bb,1cb069d54206b5c7c80fcb7a9417feaf0b8aec9e6bba2eabacd8a44cb5aed089,2fd02768fdb7f146b2cbb15b8dadb8e9814a9305c312fd799e8f900d7f3106c5,0e2740bbe7cf7fd6828c6062691b1f51db64f3d046cb64c9a423fd8aa5a9d120,0.36114024999551475,r2_parity
2,parity,0.75,0.1,0.9,300085,r2_parity_sigma0.75_lr0.1,24,ok,,0.4797028440701272,6.0819828637865445,0.3824562516520935,0.11435441924397596,b7bda8f1c6157533107318b4929256d5284403e4f9593ef909e880530d05bec6,8f4efd48e45a79dd017a1d7a311edb86e9da535faee03ae1a88e4a1c9590a97c,3c7883f7360ce27199c4283ecbf61af6845a919dc9f733d60d2bb0733fbd9d4c,f4e49f2aa81ec91106a383ef98a1b5a6818342bc1840bf2eceeb6ef911eb11b4,0.36241466691717505,r2_parity
2,parity,0.75,0.1,0.9,300086,r2_parity_sigma0.75_lr0.1,24,ok,,0.6315481140571978,6.212224866171169,0.35706898164561857,0.10890603940191367,7dca81a4c91012a56cee488c1a773d6401a3ad74b9a9405b00de27a2cba11f3c,e0324572697d072a56ed3c04da591c40f89f4e8378187195dcece0e344b2e000,2110537b7d7299e84283a399cfae209e4f9718851f7f11560a9d0981f82fee4b,e42c0ee5cb5eebff4ae0d1c0d154b05aefb58503d1d85b49b8845d47ff6fb887,0.36268354195635766,r2_parity
2,parity,0.75,0.1,0.9,300087,r2_parity_sigma0.75_lr0.1,24,ok,,0.4921381643374848,6.1221545041303145,0.3791604252497576,0.11412728800017705,2cd875bdde423eb1353f1213770192b7df8bd876d40fb1aa71d29f9f56f00fee,5e9e38ede140f2d6f39e4d2630dbf7e98417d17a2d266b77b6dce2135af70253,d6f9401f4860245c006a1885baee5959823b4f53355b4fba06eedc7c545ce49f,dc7407c5321e7ed2dd3427c0fd03cead3e1b28dec9367dc43b389d31fcd25928,0.3567760830046609,r2_parity
2,parity,0.75,0.1,0.9,300088,r2_parity_sigma0.75_lr0.1,24,ok,,0.503821460453742,6.132128550819964,0.38521495627258867,0.11325319714414107,0030bf09b7aae09d5ca485e801a912df314636550145ceef5f18ad2202a69b51,ed7150770cccc71995eec6416e5eb8942b5187c46bb88744c3cce6ecfecca45e,b160cc9820d53513797a61c5a19487ff1000de3e0f3d8e4c1bb4c0e6b1194c7b,aba5732501790e68d8351549e11df6dfbec8c2612ac07ecd9fd6a2710390496a,0.36146441695746034,r2_parity
2,parity,0.75,0.1,0.9,300089,r2_parity_sigma0.75_lr0.1,24,ok,,0.3440840720615409,5.92740821028115,0.45836199285199525,0.13109152995567064,c661e54b95aa168b9588f9db764694b9637b19b067f1ce1ef87d834330b73929,60508639f832531b067f6ff4a1f52ad903eb5f468fd6de942af85d30e535bba0,c32b6848e21b9a50af8f9e79eb6df0be6e0f2a64af10712fa7ebfbcb23bd0582,46648e877db4507d131b965a38b9c0b89cd8916782a05f85c342bb00379c4aef,0.3661466670455411,r2_parity
2,parity,0.75,0.1,0.9,300090,r2_parity_sigma0.75_lr0.1,24,ok,,0.45548054865918525,6.232530285943602,0.3938710678431326,0.11658583608156725,98cd9fd3f5a0edc83a0ad4fddaa12ced64d760278d475564fff1f1c5dd73e084,eb3f6b474d6816be6628e288f25ada76b0f7d91970b57b91c195cb1a75bdfeb0,9dc46b6c5ca0a4b0f08a26386be913a69ade97c8e512cd25414dc9ae9878f34a,da10b4862a0adeac3be5445450a151d61afba990270b5c735fdcb7943fc0ecca,0.36127224995289,r2_parity
2,parity,0.75,0.1,0.9,300091,r2_parity_sigma0.75_lr0.1,24,ok,,0.5159614898841285,6.209333911507674,0.3894102458223774,0.11487602251760133,3ccc764800bf27bb75e2094ea8a123146ca3bde83ec7563c79a484f44610fafe,6d41cf29ae36d582d46a36d3d13ff7bf618a41b289a91760c47e508267a1e2bc,db407983fef5b206f39545297413a7aa15348c020465521dec172a55dd714019,4c95682bd43395925b09fe6d3f71d432d42f1d8e6f77f948ed259cb9e379b962,0.36238858406431973,r2_parity
2,parity,0.75,0.1,0.9,300092,r2_parity_sigma0.75_lr0.1,24,ok,,0.4067837522917983,5.933871024603785,0.39170149470876764,0.11711874691792153,ba3787eb400695bd780a7f47c9aac7da4c6b2a214e9244efbf6a555d261b6db2,312c1762699384512ffe8b45d038321bb9111baf907d3b4d299e58986f587df8,6009430313df6b77cea37c720620f3e27e274d080da404b5bed3818beb4435b0,13bf6f5c13d687a81875f5fe6cda774a78d458cf9c03115d9544334437f74050,0.3588522500358522,r2_parity
2,parity,0.75,0.1,0.9,300093,r2_parity_sigma0.75_lr0.1,24,ok,,0.6063505681223036,6.22956034667768,0.39663253493347106,0.12097292315470869,a7c87e334d754c35efcb9e12ce12b8d5ba21cb97c762ce1c5240cb2fd48ba9c4,3cc8f5d36dcc8109c4741d577771dc446ba604413af58962bdcbf19baf2f0dc8,7ca6343b7a31f3f67f9e05e315b502d774d0ca140f6d6adb18fcfb1528357015,f6a5387d5852a367172a87f9edf4e2db909a31f1aa7867688abee3ebad0499e8,0.37134029099252075,r2_parity
2,parity,0.75,0.1,0.9,300094,r2_parity_sigma0.75_lr0.1,24,ok,,0.42191854899404896,6.046954757964169,0.41650891463725204,0.12370314764726387,fe0cb28c5e5207e0eb8d04b69d0a192adcc44035ebebbf0a71afe93c9c1de479,0cd090b78186e5e94dddb02b661a53946c90c56c0135969d592b1a63ed8f5b05,237cf5e8e392e8d3cb9789a0295cb4f0d2239b08f76569216567ed0e25a6b24e,7ee56536cb5225d3d493feb111d71ce9662171b0214e6737e1812e7fef4a999a,0.3595512079773471,r2_parity
2,parity,0.75,0.1,0.9,300095,r2_parity_sigma0.75_lr0.1,24,ok,,0.4182700010863353,6.0263109445843135,0.3935133680596177,0.11844752378594492,2b1d3f506c8358f83f3f6c4c478ea6624d3260edd10ad6d1d620211c296428f5,0645f2857cbee4f45e0679741b4cb95e945e216de2bf7f7e7ec41b2cda9c8c36,be1a9d3668cd0ae796500668b1c7040d7a7deef50c82de6c03ca06d29d71d5c4,471822a8bfe0cba21af9116c9558d06e77df76a37074f6dc2ca1a3ca684a94b2,0.3603365420131013,r2_parity
2,parity,0.75,0.1,0.9,300096,r2_parity_sigma0.75_lr0.1,24,ok,,0.5597977473538702,6.177426026066941,0.3855724047399065,0.11335828699353252,a8b2a6d596c52df65b7d82272c0d81d9d2c9c77626ad4d90c15fef87fa6ce7bb,a2772ee613085871d2c6c6b322c84ca766ff812bd99d4bb412f81dcb90de15d8,9870b7b051d19b22ba1e1de80bdf44959353ee13fbf00af1aee1787ab5c9c043,e335c63834db47576f808dad6a8eef792ebf50613d4a87654363459993b2fab2,0.3727286249632016,r2_parity
2,parity,0.75,0.1,0.9,300097,r2_parity_sigma0.75_lr0.1,24,ok,,0.4484624933948007,6.08773336777708,0.42364663706524486,0.12412846466011675,6a58ea514372c71630cb99b35cd8e07be887fa6911b53f19b5d704732fb75bdf,e8c8a21ce148719bf4d490968666825c456df5cdc48f065ce070475a9f61b2a5,5dc1a22dd45cf7dd75e75faddae7ed627a49577b36ffe412360df454f47eb19c,8b8c7e7d53f6d35a21d68d49de2b0364d0c98b81444d91f7c2ba9f42ba81498c,0.3820544999325648,r2_parity
2,parity,0.75,0.1,0.9,300098,r2_parity_sigma0.75_lr0.1,24,ok,,0.39938240843543,6.103444095047839,0.4296085378910768,0.12888256136732304,998122d28dd5e545db51a6f7b951f9827ea9260ec2b0d92d5c37cb103d0ba6ff,cafbcf058d29eff2ccbf8b9b9b6915872acb9632484a9ed2be13751a7165618b,287d87fadebba1312633eed9cc5eca6153b7cb4a2e16f55ed57d8b5f1d3692bb,46960c5e8f81ee0ba8b97413457b711d3bf7f7b963ac71895cf40432879187aa,0.3755491250194609,r2_parity
2,parity,0.75,0.1,0.9,300099,r2_parity_sigma0.75_lr0.1,24,ok,,0.3515378748622483,5.997109134059823,0.452667648355762,0.13761096510015164,84ae2550cdacfb1a0c04866f5109d582dc8f9d46f21b0b67a1fe731269b4c984,bfe6ea452f11a0df7fc9c4a0f46f997a12c5f847d7cb575e520f403a4bf425ea,4b91ce31add683e91c0dbf068a8f03c9d4f6ddc6415b93ea0b5814740a8a8a03,fc0efc2c428226f4dc5ae6a73fddab2b4131ae17c04ee2743f1fb81fa1035d98,0.36703837499953806,r2_parity
2,parity,0.75,0.1,0.9,300100,r2_parity_sigma0.75_lr0.1,24,ok,,0.40310197957463506,5.972311680651792,0.4085432662974447,0.12092880682404364,79ea598cce16ae26ad8840b1327ff8de5d21fd4d9430d25e5240651e7af36883,c6cb13adc09d1c9493e0525b5e9c1857602686d97269e77f2bb4ddecac2d9281,e92d392d1d194caca9d336509363ebb15b56af341db9d21d883de408662cc3c4,147d363c31f0823cff0e141daa5bd6828c5cf6f3d587175a1e21502d235cf9c4,0.35876891703810543,r2_parity
2,parity,0.75,0.1,0.9,300101,r2_parity_sigma0.75_lr0.1,24,ok,,0.4060617137204483,6.1132004258191746,0.41823805913889633,0.12463494162339112,0fb83b7408cbc1aaa63ef4f097d2d4880365ec38387ba68f6e8c06e44ed382b4,dceb90c9b78bbf6b549b8ab484f361187309c14504d742a94a4f018d6ff4ff8f,413e85c25143ffa0362ab305b029f74d056b96768dc2fbcf98ec1f1694c26a18,3fb9ae6d33a144ab6ab0930194edb1c88290ba93aabd1da0a72d346a1ead5c57,0.35753199993632734,r2_parity
2,parity,0.75,0.1,0.9,300102,r2_parity_sigma0.75_lr0.1,24,ok,,0.5620525078475539,6.233856855598607,0.3483099539345471,0.10414467622642958,e006b6489056566299e5317c5e2b106d8b7edd9487990bf6db04060c6ac36307,e07ce9fa89fc078461c503cf21016be917062050bc58b8a99684204e3157ba1c,4f0cdd2aeb33e16147ec284b1b71e00416b535c9e199793bf0212ac801ebcb82,79d33036da639920aa7563b4698c3273aa9fbd3f82f58456f78b52a334b65830,0.3536176250781864,r2_parity
2,parity,0.75,0.1,0.9,300103,r2_parity_sigma0.75_lr0.1,24,ok,,0.40364463563562747,6.009643389440415,0.39409572425934,0.11665233438076462,84e90d70cb6e50e4307e53a36b76f3648b8d6250f46defb308584a6065977352,f00bf89f1900623e01eb9a58b0cb70f1bcbb56703e588050aab3210550b31700,dcfe7e61ff20e8629cdc8240e70d763599261110382446b7a81069001aee1621,58ea91ecb8550dd4f5b073adeb9f990b980baf4d4eecb5a08842c9d57f337cb9,0.35564308403991163,r2_parity
2,parity,0.75,0.1,0.9,300104,r2_parity_sigma0.75_lr0.1,24,ok,,0.37483792054961895,6.005344150524264,0.45139639925880226,0.13316193778134666,2c3887f0f74ede3f0dad59dc0d44c3389907c03911f67ef27c1dc5383e7ee93b,23cf924fe429906fb077746ef8a5906c8fbd8ade881ed87a2d573bfc29104d1b,6547122e72c72d7654a4a6438c477fd81f92746a202f43b66f1afebb113c507f,e17e5a345757ca3d81cf8337eb8f40d83826e11edc1bdb5a2a6ebb8a99521010,0.3596147079952061,r2_parity
2,parity,0.75,0.1,0.9,300105,r2_parity_sigma0.75_lr0.1,24,ok,,0.43754508255042496,6.03143917902792,0.3962228953050056,0.11648953121967165,de0ebb6b14e2d450cf1bf792fc262365fb3d059482fdd0b5f214736a7a740690,ca39052c1df6c96c8cc1bb2d62654af1cbbf1e3f5b76fb2794c5d04b41e0a09d,7dad43ae4069ad1a8004e09faa10b5991f4f3d957631a04bddb3fac882fc867e,fec2fd946348b8103a1583deeded6401954cdf626378ba0183da3c23da86a271,0.3572106659412384,r2_parity
2,parity,0.75,0.1,0.9,300106,r2_parity_sigma0.75_lr0.1,24,ok,,0.362918389736081,5.980378464844677,0.43581502885964857,0.12900124854245598,ad033ae221c957f89cdf90b8ce75396eb58cbb69b99f95a7271da6cfb9c35e37,745018b097730ce74ebf95cf2852b9b8067c7d69379762899184116cb2ca62da,0bc6d71a25d38129d6b6a4179d62a6c3716c66f7b62fe0dfae514c0d75a23c51,c29223dc66af2e82079ba85324441e7bea052e7c621d22b6e79545c470b08591,0.3699960830854252,r2_parity
2,parity,0.75,0.1,0.9,300107,r2_parity_sigma0.75_lr0.1,24,ok,,0.4992238032376298,6.097373447583762,0.4111961284188176,0.1237700346540641,6aae500dd352d571784f86d0556e3fa32e53a656708e352d32656ae1efcba352,15b994e67211c5c8a53560c6bd4c76368bdb22ea10aeff9b0b4fa3fe26860262,4b8b72e930ba2135ff36134606f48c99c03b9b21b6f0fb10169b72ba70bda5ac,ecf24d2fb124b7b6f45c307eaf79e3146064bed0a27ed6f4da59e645099ad30a,0.36975129193160683,r2_parity
2,parity,0.75,0.1,0.9,300108,r2_parity_sigma0.75_lr0.1,24,ok,,0.3746023179314472,6.0656190194698105,0.43898594215467407,0.13169578264640222,41309af3394399959ccfe27b376380ece9eca6d3297ce2213fdf23e9a6d2ac93,d97074ac83e2be40bde748920c734d9759162fbca1875f0f21dc789ac44c5a1b,52fe99279fa730ee8789d11b61ac5e66277d1dd8ad76184005a605e82d655606,8da5c6ad7c34ec27412bc663d85e596e05aab3afadf6d19819a356b6f7c27ff0,0.36631212499924004,r2_parity
2,parity,0.75,0.1,0.9,300109,r2_parity_sigma0.75_lr0.1,24,ok,,0.5280723782689944,6.227907679252573,0.4019497033259369,0.11535956485454389,771fcb9213886ea1f967979f6ad3fe3f6fcea304f2642dad6194341495a315cf,927c3658ab546714e54b9ee0f95b97c491be86f54c7a00bb51e6e63694563370,24f65ac76bbfd155bf897d0e83b8adacd5aba5d9cee8995232f0a206d48c3eaf,2a916b3c9558feea7a97af4072e523695c45845322a970ee27f077c6cf3ea505,0.3663466250291094,r2_parity
2,parity,0.75,0.1,0.9,300110,r2_parity_sigma0.75_lr0.1,24,ok,,0.4015783938358608,6.083921539887828,0.41347874484104374,0.11990883600390269,cde45661617a288f63ac7c264248a144b6191f42bc1653ad3551b4b4735ab87f,b99d2d6fd8b683d6356cb6d876c164fe9843b9e33fe8788befbacf4ca22f0c2d,91447b8f4ad4658d6e9ab3e7e96993c5c7b13cb66ee25819d0eefa420588383b,24dd3250fe026fb635a0d2cde67d031b368e29d12a3065f0cf52609e2be012de,0.36393912497442216,r2_parity
2,parity,0.75,0.1,0.9,300111,r2_parity_sigma0.75_lr0.1,24,ok,,0.4447158548935325,6.204101996847932,0.39020438240425537,0.11432988404444683,e133603627b2009609a3aa5bed97281a6cbdfca6a7eea92a419745c7546dcdde,f7c0162fc827424ac8388e374e078e13fff35507f602aa06f4b2996d6e484025,3f3fd4c930813d9d87a5fcb0949c8361691152c673e49f01b275cad80c097159,2c93d0c6837efa670d6cb8e6eef179604a60106b7f7131a6a876acce0ff1008f,0.3599989169742912,r2_parity
2,parity,0.75,0.1,0.9,300112,r2_parity_sigma0.75_lr0.1,24,ok,,0.46383600643538975,6.145747815803876,0.38313939633758215,0.11647437648662498,644bacd763502337e0035239bd1882a2783d5b5a05ac3cf964f3ace18d859473,317341fee9a89e62d763d3abfbb2be4f20cb86c2022f5a63ff588b0dbfce4787,d61189cbdb78688824a7c7ce61f481e76f8093cd9e1392836ca927f460b33dfb,a4d80cc88e178d54af65e7e6a23e2b0cb4dc31b5f87decbfcf2fe7e2deb88c1f,0.3564353750552982,r2_parity
2,parity,0.75,0.1,0.9,300113,r2_parity_sigma0.75_lr0.1,24,ok,,0.4419088358752872,6.005023088140621,0.39988273043610306,0.11796540547865039,ea02a0f906c4077add1f728f580129235b1ccebff060438ebc231b16f441728a,5757b18f7496722c3110cf0964f2bd6855ca6e2ab2eb5d5d9fe2176e26a40d5a,04263f06fec60a9effc446cc90a62e0992494702bc932635cb6249b6bbe4653e,5b2879ee0c35835ecc1456be24691005befcfae7c3ea4416dfe9162e78bc148f,0.3654790410073474,r2_parity
2,parity,0.75,0.1,0.9,300114,r2_parity_sigma0.75_lr0.1,24,ok,,0.44320796060925255,6.105623062851561,0.3975095835907564,0.1184578559100454,ce4b99d8f04992133ac07a717779dcd6cdfd51bdfbfe5caa5ff3046c4fd6b552,dc88917ed83c59b5699ba2636285e959769397710157d22d8217c2fd639b0fb9,a42f1afd358ea80ccbe895b9906942dbfd9128d313fce6ad186773c0ce1cfb95,3c897e0167cf12e933b8148ebe49c0930d88d0621837d347b91ef4073544e478,0.3585120829520747,r2_parity
2,parity,0.75,0.1,0.9,300115,r2_parity_sigma0.75_lr0.1,24,ok,,0.48956934113625705,6.07117825779863,0.3965933865862176,0.11620186226976176,c463a396e85798bc68cf4a062dbaa6d994363a8cdfc6d7c9791e21091069da9f,5958f974d9825dc3c070069675227ef7f9be0ab42121f1e9539e0d2e6b750b37,d4966bdf5179a8d69ae9ddc0384b8738a69b11cf9fb4db99b8e9105abc8ab2dc,f99a35c3a3f2ee2f9fce515aff0c27cdc6eadc291f6f37d3e23feafaff0c5936,0.36949758406262845,r2_parity
2,parity,0.75,0.1,0.9,300116,r2_parity_sigma0.75_lr0.1,24,ok,,0.6212939673614631,6.272435538948957,0.3930607752679955,0.11438068560298668,084daee521e0d96b4b6964217b212b6e3d0f8e53220f91810df897c8d600625b,95c1327da070b867d19ea8b2c991d0b127ec0999753a2e627a218e1fc3568efa,76eeab117ef6d59c31d02f42ffbe76464325e059adceb74540a8b59345e3d511,1449c6d4929c06e4ee6c3c57c0bea93aa8562b9dc5bbe3d00c136d42074f9136,0.35972841701004654,r2_parity
2,parity,0.75,0.1,0.9,300117,r2_parity_sigma0.75_lr0.1,24,ok,,0.4827952431265607,6.09744083281647,0.4076684650737712,0.1218928710570576,a7cb6900e99f4095de6330dd8d979a9b2cf415af5be1ec45ac3ad74d3326eb57,2177432f921982ea8d382df02f0077297ddaccd66748d6c49c88675fedf7c8fc,99d9e59252d3d0878303d892f1426bdaa87d9d9e96c0da52100cdf390f18cfbe,4791799b066916f4e43e07d4ed994df590a783983bb55b0bb120928cbf9bdefc,0.3573758329730481,r2_parity
2,parity,0.75,0.1,0.9,300118,r2_parity_sigma0.75_lr0.1,24,ok,,0.41504618117742414,6.025638491406302,0.41965546844077667,0.12421801865846989,2bcd33845041cd219b498a03ec11004d81bbe9dd3f558b754d6ea545896bc7e1,b656512a7c47a60c5f0e2699f11ba568f724faf443528db6c622a46754c748b1,d362c25c6b0118ba623f4333687179ae706269838bfce9cbed48c9249a1a46b5,61086729200379d8f845390333fc50f920ec0d3645f6147f93bb7b72db8e7b25,0.3608106670435518,r2_parity
2,parity,0.75,0.1,0.9,300119,r2_parity_sigma0.75_lr0.1,24,ok,,0.4168041523413954,6.126593569967635,0.4052373082087745,0.11995024322979725,aed0e9fe989702c5562c247fac514771a622ee069fc4d2535cb8bac20c823ea6,7ee168630ae11472db3d3cf3061384c4b41ab444816c085b7ff71d8d02ebc072,c918f502a53094956c4f52b2c0b8f131bae0c09457d7b1bcc63627f255a48f39,77b024c92f9d11dda46f2dea08fc323a9537c4d91ed623114280c2c46d01654d,0.35835025005508214,r2_parity
2,parity,0.75,0.1,0.9,300120,r2_parity_sigma0.75_lr0.1,24,ok,,0.6913488988283575,6.309162672829555,0.32476584125927815,0.098079284060302,cb61b23895f2815bdc0aadf0c708a92916c48234dd8e466aac8cb4db803fe60e,31599b2d6bba43c85d8620af2e75378d2f44d1123d2eeb378287504537e26fbb,18b537ed95217b141800e7396a7436290e5656b6b53e4843f4ba178aec2cc312,b7f90083abb7b8e01639a861fe13bd300e41410f3f024bd8cd4961ec27a49e3e,0.35616704099811614,r2_parity
3,mse,0.75,0.1,0.9,300001,r3_mse_sigma0.75_lr0.1,36,ok,,0.3725075849617221,5.969518820672399,0.4061162765581201,0.11939818530808731,547df75d495d72b315fe564322ceb41b8419e43ddc93038fd9cf9fe53fa9e4d8,27e1e2c3dbc45cde17f5de651f591de18321454482d19b908f81fa3a5e20af67,69758c4038ea4506ab5f93f522758a89053fc67525bbd1c52fec667d6bcbf42c,991ef6644dacbaa2fd149c5d8f25cbc899c96cb7c68927413c7e22789833c34c,0.29719025001395494,r3_mse_matched
3,mse,0.75,0.1,0.9,300002,r3_mse_sigma0.75_lr0.1,36,ok,,0.4258443605831611,6.068631606885653,0.41080959951207635,0.12365368945313499,fc5b1b69e7b8cc0f50f32cdfd3927bcade5b7de5f025f5e97e35f13b7dcccd65,4c5eda357008888dc1e99dacd5c9935dfd3c62182290bb6932a887ff0a66c610,a5a712360fb5fa4520a4a2a22758a3c27b67b4b6230c882c34f8bec299500618,a4bce7addb7262ab3f3f7e29769a1d95a812b5f66695af5850c378dee2b8f0a1,0.29670212499331683,r3_mse_matched
3,mse,0.75,0.1,0.9,300003,r3_mse_sigma0.75_lr0.1,36,ok,,0.4451116468110703,6.00416189790798,0.3918874194620091,0.1156067887412927,a2e1081d9fface7a08688415de646f26dfffcce559f08e132cfb5e7e252dbf1d,833f767deaf5306522e0610877df9712365f64f25c2a9481ae98b9f1758574b8,b8fd914f2b4bdf613e32c9b4ca66c151b4100da65fefd0b77b59ec024c9a44ec,2d4b0db97f911ab9463e619341acf46ebfb248eb869bce24379163468442661f,0.2993985830107704,r3_mse_matched
3,mse,0.75,0.1,0.9,300004,r3_mse_sigma0.75_lr0.1,36,ok,,0.3478530513950804,6.035859650085594,0.4267008431690009,0.12587674873485527,58cdeaa78f51114a6e914189151f24a71007e71cf610cda51f971b31dde06f10,a0355d581f3ff5f5a74dacda51013f50e7e5b287c1670929a81b01c976ae8a59,f4a0f9945f1a3c60df410fd10e800e7fff70c42926132265e192700fe51606e6,83cacb47a1228c8b66bab5759a1b56585e0837154df35715d59b86b3f62b92de,0.30596124997828156,r3_mse_matched
3,mse,0.75,0.1,0.9,300005,r3_mse_sigma0.75_lr0.1,36,ok,,0.38161109533553295,5.908854447885662,0.39637919741510264,0.11970651761936099,5c051b69b978374ceb2348d1862e0af437f756e529d7afc1c1186c2e54ef7e57,5b6bbd1920d2685aa73875088a12ff6c127d36ad58b03e361afa4a1c313df8ca,d976a89bf7356c6f04f5258704546810b697343924994c02baf71f5d418ae242,6fa2bc33c8505010824c58b817979b6f4a4f5c99dd9aff08521359b482695476,0.29690204095095396,r3_mse_matched
3,mse,0.75,0.1,0.9,300006,r3_mse_sigma0.75_lr0.1,36,ok,,0.39350785557482726,6.067408877517653,0.41989306595353537,0.12554802672010706,15a47afc3148937636cdfec87f5ea1349559551ab1fed512817b9821ddae305b,ff12b0003f24e3c1c0d39d5463f83beccd48c3ccfff83cb5aee8a081df56b4bc,ab3dc927fb8090479524becacde4f6a212469ac909fc776896be25986068b415,8e39a876cc4064f01e9921ddc7e5baa446cbf56812741d14a9e0d781ffbbdac4,0.29658024990931153,r3_mse_matched
3,mse,0.75,0.1,0.9,300007,r3_mse_sigma0.75_lr0.1,36,ok,,0.371447314615336,6.049115940881152,0.4185873041754071,0.1230646674275697,5ba229eea3aa5e9e6cc0d94a42d4948a4f324f7232164c5b1db8b24ccebe076a,6e51f2f2d4b59e8180ad8e8c7b27acb0d8ca7076d726fafa5a2de56bf9a213f6,e43c63144020802be6b53960c12113e626bf5af6fda738e99f406898c59b2306,593343011c30c2083257fb66fbe43394850426d8a89fca70a4c1ebb7b0d0ae6f,0.2898697500349954,r3_mse_matched
3,mse,0.75,0.1,0.9,300008,r3_mse_sigma0.75_lr0.1,36,ok,,0.2826892294545025,6.014396515092259,0.45023019532715186,0.1310169868402012,92d23af5bb836428a7eb153f6a2380de81f8fc80da3fdf08b509b0370e7b93c9,81d19f6042d7b3ac55466949ad7de628e492c588c338e358f96626b8c34ac720,bee7b617c2aaeca7aed1c7211692af81a9e8c73b90ab946274e48eacc461cc6d,5c66b8ee90c20d40cd5f9a81483277cbfaa88705613664f55736b6733f0da57c,0.29396383301354945,r3_mse_matched
3,mse,0.75,0.1,0.9,300009,r3_mse_sigma0.75_lr0.1,36,ok,,0.4009362633204464,6.085550667022481,0.40443506057102224,0.12133051817130668,5600684e9ca941293ec22e3fe6f944bf235dd38fe0048ad959412b96248230c5,f9b700d2fbb94c6f5bcb5fc647d367c3a5a186efa3eb7cec51aad8776f3baae0,2d964aa7f8fe7009d98b6d55b32a13441017cbd1841bc5f5cfee4f60b1e5597a,e8bc498b410b97e751e23e69859a2fada42dc986526ecc30cf45e82e06e2c35a,0.29584429203532636,r3_mse_matched
3,mse,0.75,0.1,0.9,300010,r3_mse_sigma0.75_lr0.1,36,ok,,0.3482502137573656,6.039731036186843,0.42779611287169955,0.12406087273279287,a56b6fb7e11162aa1bcbdb89986ef350dfb815c8939edd09a86a5d1f2edfccd3,ebef873c28036d701489dd58ea3cf0f3ea8ce6397136f78ede722212fa4058f8,bb472853ba6442a16e47aa10fc0daf077960a8da8c18c216c683f43e69ca33f2,eb62af4567237545622dd51564186f059d6f23a232924e264e28af4e9de6ae2e,0.2960593750467524,r3_mse_matched
3,mse,0.75,0.1,0.9,300011,r3_mse_sigma0.75_lr0.1,36,ok,,0.33343099347330896,6.0374231178431295,0.433013776817821,0.13120317437579976,e77879b793619b6b11bd41e6c0dd2126d719a2f55d9c0ac0da2f1549b0913658,a815904015b8a5020a10190b51a4a1dbcc318a510e2cdda9f1b17ab6b4222a91,5bd61f9d39cc4cc3c95c3edac539cb72db72c7da8b3f32ef562ec5d1774de753,e64e801879f8eb5a9b68ba11c95bf915deeef10979fcc4b6878b36e3f1191a2b,0.2924597089877352,r3_mse_matched
3,mse,0.75,0.1,0.9,300012,r3_mse_sigma0.75_lr0.1,36,ok,,0.47923239468721085,6.193071343703894,0.37430549700226556,0.11154303810667514,9a73bc3dd78108b7e8c672136c1ebbc9996870d62df4ae1db431a984856c4ad2,1d51aeda2aebdfd8b9ff597f1185d611b6e9ed0df0728b69bcb6d1379cd855e0,51f56ce6a5ffd57a004adc4d3b933139b11ac3a8a60ed27aae338eff841e7a94,f99adc822591519557536c369c50c62c87624a0d027d77553f7ed409024e2145,0.29389416705816984,r3_mse_matched
3,mse,0.75,0.1,0.9,300013,r3_mse_sigma0.75_lr0.1,36,ok,,0.4263233965903498,6.097158159757411,0.44414206420887414,0.12746877242794688,43be896293e02a570742d018597b933e42ce673588e34b4fa509ef9d1086355c,fffdef1c1b60ad8ff28008f50a6fbe337eebd5feba0cb6cdf1f62599072d89f9,ec5400175b7029cb3cacb2798ab3139530622f9622ec41de1f216b1f0c7672e7,5b0d87bfa298a0d0864b70423cd9b59786151d84e8802e59e8c5740af1fe4eec,0.2924107080325484,r3_mse_matched
3,mse,0.75,0.1,0.9,300014,r3_mse_sigma0.75_lr0.1,36,ok,,0.3955409057238519,6.055104359731018,0.4156519601317646,0.11513559295649878,0cecdd4ef73e35260909137e7b4a9da22dc59d3d45a902be1bb9f890039876f6,023f1bdec63d2e5bed62469a7b9aa815b4634b3b7388108055538265bed25dc7,6d8b0c0df6ef122481e0cb03e2c80742a9e5a650c5693a53530456e46c6eb7af,9902115b1126edbd7a522e5dacfedd16f385530228e79290d414183850baa01c,0.2881903339875862,r3_mse_matched
3,mse,0.75,0.1,0.9,300015,r3_mse_sigma0.75_lr0.1,36,ok,,0.44181752477514313,6.032844896946273,0.4079810614105557,0.12484220479163004,7d60c852db0400ac3b4314a8c7a8366b70bbe606cc64f24d1f55a53477325310,95577195c75752a3d800cd54cb592b0e570d9ddaae911f46c2cafbc86fbdada7,f2b43ba805d16e74a13ab8ef2b875c54467b1e2ce135d9c0b5a54467133bfcb5,c7da33c49a2342fe47fa942fe1ee6ad2074f2e0fd5fec4e3d21475f4baf65a3a,0.2975485830102116,r3_mse_matched
3,mse,0.75,0.1,0.9,300016,r3_mse_sigma0.75_lr0.1,36,ok,,0.5713717059842476,6.0611940198749,0.3665893730182726,0.11290952688962795,e9cb11c03b8ee8be5af6abdcc1d3777225768bd24abd02a539c763d257098807,34c39d8d5501347c5c7a8076aa73df0fd8faebae88bb05da13de3c574b7f25c5,9cc8b1fac2217e31c2bd1182c8e33df4f081e264e52b1f05c952484a2c0ce615,3e160054421ebf1c15a96065a20d3beff7e32052049b03a9efa83b44df42a2dd,0.2942259169649333,r3_mse_matched
3,mse,0.75,0.1,0.9,300017,r3_mse_sigma0.75_lr0.1,36,ok,,0.2895144763168317,5.899144321316266,0.4485022261779038,0.1300656455915921,3c4ef79e66878b5be9a3cc390e0d91b4b1d607483a1aab1662b84f5be4a254a0,f3ec861043fbbf94cdf36e85a09f9ce95b7156b2ea7ecf03bbc1eccf865160dd,1d68cb65efe7145da6f906bcb83f8527eed99024a39634ece9eef8dfc44d13a7,b2b593adc09c289b68ebdf7172daafe1a6441c1c68a4940a2b53806fc44e874b,0.31596725003328174,r3_mse_matched
3,mse,0.75,0.1,0.9,300018,r3_mse_sigma0.75_lr0.1,36,ok,,0.3235035502613782,5.913774369257326,0.4068440407051588,0.1212395241301373,1e61d1562101428c9c58975a868ed0d794029be0ae2ab5b7d5405928c87d4a13,bd933405607b33df3caa53139bebdc6aebde79ef4c90313fa0ee4b523101117d,5acee9bef351250b67c0910eb398a161555d42ca42f246bd60d219654ec057fb,c8e7cc9e26a61e3f58ce13d016a12978ecd80c4c1d6a5e492b5e5c6f65ae1378,0.31731591699644923,r3_mse_matched
3,mse,0.75,0.1,0.9,300019,r3_mse_sigma0.75_lr0.1,36,ok,,0.41056314978604885,5.998976497127102,0.3897116509448107,0.11730320693438802,fdfd8e6a98343166e6dcd7fdd44414055adf41a5cfdff0fb23072998f90d34c2,43bde573aaca9ac4ed736014dcc914055e7ba211a6ebb9f59bd2eab92521ca4a,c2aeb78cab28998875578d1db90e4d7967a8ba1e909ef64f9459b1d5bc10a59d,e6c083283f666cc72932d025dde2b806148b56cd7960917ca5b6d042e035a91d,0.31543191708624363,r3_mse_matched
3,mse,0.75,0.1,0.9,300020,r3_mse_sigma0.75_lr0.1,36,ok,,0.35904465077957126,5.8889681756699845,0.42322105054859266,0.125696652012932,906ca7b0c8cf3b525f857a92fec5f7c51c7412455b4ee13098e957ea4447fc43,6ef26e9565f7a805b72693c700925b72122e52339ba7e680019adea3d69e0994,fa2650fc47b2898848deb9e16643c9df16dbb8c064f1372fcc8fb42d5b069278,d8e27f5d821a5397c505abf03522fd03ccf6510da7e9d146a9cbcb924e7fa74c,0.2938970000250265,r3_mse_matched
3,mse,0.75,0.1,0.9,300021,r3_mse_sigma0.75_lr0.1,36,ok,,0.43138059489504205,6.047530682590963,0.4360565008669112,0.12950878075747263,fa4b7bfd5394097ae05f683e9cb6bd9b7d243d63a0cd1166aa9c63dddda4bf29,592d49d03e1d329dee388d65d5e7c0c74727b081c7888f72b200a3d49a9f761a,6e5a2d7fff5d93d0ca5734aaa42b62a5a2c38c391aa015c2c994e8ad84e81b47,0233372532a8f9240183c6c7354c05c43f3770ed82de4c7cd2075f136d7af707,0.3004535419167951,r3_mse_matched
3,mse,0.75,0.1,0.9,300022,r3_mse_sigma0.75_lr0.1,36,ok,,0.4270741852952143,6.133568164193035,0.4194332245994535,0.12247450158304042,01132f8d76a31fb1533df417971bebb1e16141690bd2f32439d016369638852b,0236641094670eb129ba35350d11bcad44e89884a4dbed23ad8adf5e7b47c52e,dbaef4df14146e5e884f9b2cec79fa4dab19264587c680094bb725a96b48d7ff,b5fa758ab26714e9522049b9608d8221e1a573b949c738c60480eca08d619c02,0.3013665829785168,r3_mse_matched
3,mse,0.75,0.1,0.9,300023,r3_mse_sigma0.75_lr0.1,36,ok,,0.3395593183346416,5.953628920754495,0.40919781491641544,0.11989495977050973,8569b0c8c05e42f7fd61099236414ab6ce3713f6a415fa14439fdfd258b928ba,d309ac4b205e9879f73bdfe3454618e4b2f8674023509d75c5d8e5d9c6444e79,bd48f8b06cf09ef4df174486d8fc985e96347b9e05aa464b06fc1f3c77c4843c,66c0c90b743293087582744236d649cd4be0c6dcd399ca75d01ecd448f909c30,0.29349166597239673,r3_mse_matched
3,mse,0.75,0.1,0.9,300024,r3_mse_sigma0.75_lr0.1,36,ok,,0.4642280721659745,6.027995480939428,0.38520608825127783,0.1163322386518859,0790780dbf8b15e4f2cdee78286694884ef6f0989269cd40dce812f11c818968,cac32651e1651a8f3598f530661e966484a5eb6d2555c9964fd8bd3dd7a87972,916f15260079a7a4c027c920f7b7b09a6761ca4cf413cf0730d6d477188f1ec3,40eb18e80ec2583d78be633d21f9e06222acf34204dee946a5a14ea2cfed12ba,0.295426958007738,r3_mse_matched
3,mse,0.75,0.1,0.9,300025,r3_mse_sigma0.75_lr0.1,36,ok,,0.3806296019888654,5.952377693525963,0.4287553299029822,0.12691157765128272,e6c0956e9a29de034cd0ea6472278f9f9e305434300df8b4e8f108cd08f26886,50ff6677861293934dc3f7a0e6bbea9c1b904b4976071959176694c02e0f577f,3802da75beec3e84002bb5c4f02d205dbb057b759f815863a498bd63f4f64f8d,f1ac2d52cb8349cd1602510c4c7539ca88536eac2e811b9b9298194321fc960a,0.29001954197883606,r3_mse_matched
3,mse,0.75,0.1,0.9,300026,r3_mse_sigma0.75_lr0.1,36,ok,,0.35227749442040196,5.933280489388717,0.43925166673337857,0.13001849335308005,8259c7252ea55af17697ec3e92fa664cfff2cc2c62b2fc54f2eea6704162cff1,3ce53c419a8d2a98d1de9e36c588e27e9bb5fe7181e80c9c70731f6462d4cb14,69921f13f2acb1ee11115fe84bd7d2ef292c18a3f40808ac325767c7b1fb0d9d,a6852fa17e57de6210a5bcc9d383a8452617fad05c3a2a57d047a12faffcd91b,0.29143029206898063,r3_mse_matched
3,mse,0.75,0.1,0.9,300027,r3_mse_sigma0.75_lr0.1,36,ok,,0.3743786867146923,6.073506276722545,0.40487296548630225,0.12267650854234959,555f7ef7f5300d55eab90b7abc2509c6ddd5a82433086073d518b2553e5ab635,a7d852e0006855682420200c1d8bf0f5ce4d270c112bc0971781ca1840f21e60,37ba21b9f0a05409a1137f2fbeb6d3194b78e0126282977521d8abf2777f3295,6fb3db1e54c7be88dffe6b4a377b848bed5328bb51044dd44bcdeebcc62b7298,0.28896983398590237,r3_mse_matched
3,mse,0.75,0.1,0.9,300028,r3_mse_sigma0.75_lr0.1,36,ok,,0.3634385842447637,5.896815478011326,0.41559866762988773,0.12260160695081689,2c90d269abc02edd082587ca1c45ee3ffd608040bfa33037f48b60e800345af8,a6c7eca434b19ab72070f4331f4b1381a949bbc03165c5322c19b18d31fc02b2,7f3e17c5db0382da1a0b503fccc4d29988a1aa61c8e288fc0ecc8a6fe4ae8091,44fbf7682a6635af04bd961661b922ee5332871e945eeec4f8005b3c4d0921bc,0.29409904102794826,r3_mse_matched
3,mse,0.75,0.1,0.9,300029,r3_mse_sigma0.75_lr0.1,36,ok,,0.40711432587578983,6.051877907649587,0.36225059496982975,0.10867517849094892,eefaa70b2e4f9712c8d2fad79662c2cbf1b04130f1281468ae404c807d3d474a,1871ee4f3ec66be83578b8d08c9fe3fe9d7e22fc8fda48d8e405c13fa4ada97f,0ebc3668cbaea98d0ef2948f14f4d6f1a7df4bf73142674a875005a23b1d201c,a84e72478d45adb676867e095257c8d39b22099cade5add449860c14f447b876,0.2948435420403257,r3_mse_matched
3,mse,0.75,0.1,0.9,300030,r3_mse_sigma0.75_lr0.1,36,ok,,0.39864003893713074,6.0998906337095935,0.4129804805656695,0.12513308561139785,689c46954bb970719c1ccbfa862609bf50d62d91f6ddf57a68b1db613dccbd89,a56675cf7971dee4a5708aaa7631775cc4ee0dbbf031c92437f8dbf764a22761,0fc58e813db6c0a6666e214f974e70e6ac4e69ae6cfcb7f21c393ccb800cbd0f,8e265c5278cd36d484e685935308e83c7330f510403091a0c77c57b5cc9dd65a,0.2965106669580564,r3_mse_matched
3,mse,0.75,0.1,0.9,300031,r3_mse_sigma0.75_lr0.1,36,ok,,0.3267443380677818,5.87319409173541,0.4146601295211277,0.12481269898585944,caddfcb37abf3009ea99deb5316e1db13d5b0c34c98f7fcd4ecbd61674891add,db3e5c14e5fd1b464928c9903eaa0097bdefea6f9ef8c18e0c4d0f68471578e7,c3046847d8bc7742510b0bf358fce5745710323a6fe906651129aca7f72f6409,226f26fd7a3695ec2b82ef976d0171de7118ecebb601cc7d930c8bd5cc103180,0.29586975008714944,r3_mse_matched
3,mse,0.75,0.1,0.9,300032,r3_mse_sigma0.75_lr0.1,36,ok,,0.4584123758393763,6.006805806723376,0.37863134986639446,0.11510393035938392,0cafa4d93d49dd1f1f96e591aef2aa1a0071f194cff785af1ee2ce77d0de7756,04c9ef5c63f89d8d6e9b8a0abd0768718e42d5a04c327b4c018659155256db82,6f2ebb7c5cfeff6846119c395859d312cb6b2ad50693246b3060147336ae7d08,aff622c8df07d2dd307512e96aa711f0ffb5a57bbf6a0eca2e8c3533fafce59a,0.2984915419947356,r3_mse_matched
3,mse,0.75,0.1,0.9,300033,r3_mse_sigma0.75_lr0.1,36,ok,,0.3784767213559539,5.937273937861299,0.4078376887657483,0.12275914431849023,7856a8c79f49862d335530e7ecca990edcfcd44e2430b104e8e8b151686a6e47,57645ec48930a4c1e12aca637d5e92fbb621813907a9a2934b04b342047ed618,7456d7c43884711d6eccf0e05e59da6f8371ca0e030f84f114628e4fe919d2c4,dcc0806e4af9ea055db737a65bfa1ca01bfcfd7b1024cb87bba84128f4ee6478,0.2940038749948144,r3_mse_matched
3,mse,0.75,0.1,0.9,300034,r3_mse_sigma0.75_lr0.1,36,ok,,0.3332374579425619,6.025354565664764,0.4258608878987589,0.12349965749064008,265709a031a255d67a159004510d8ae9eb9d1243c985ab835f322589dfcaf0f1,413113ebf5837c734743bc6fac245c377f6d4d765fe16dadcebe845b6970ecc0,bce3c46901dd3e8426a82abca6109602b4daad21f874f2b38058682cf1d1b5ba,8461cdce81f22bb0048ded0263c21b3b36803077fb5336a0539dee629457b505,0.2936216249363497,r3_mse_matched
3,mse,0.75,0.1,0.9,300035,r3_mse_sigma0.75_lr0.1,36,ok,,0.44075546867972293,6.006097609837851,0.4156446784299113,0.12344646949368367,a7c9f8da5f053c87a9def53188cd1c7b7f13817ab7c058c3a0e9a596c18599c1,11b8d6a0d4a74720af43b2d3caaba1e6a3f04e87c01ee83efe4d105817f577be,7d9647b95c8fc018b7ebaa5ac9c27598bd9b5e60ee2a0bfb31124673a835a2f5,079103b82a69c7e7096037f07fe33272ab0203ad9cae69a0336569a7c5968184,0.2886544999200851,r3_mse_matched
3,mse,0.75,0.1,0.9,300036,r3_mse_sigma0.75_lr0.1,36,ok,,0.31970639792097594,6.013571113590445,0.438848569965324,0.12902147956980525,22e590454277a117e664fa941ea99ad8f30ebedeb9c6b160f358ccfe31a4ec13,4a1b30cf27c2d621e06e2bfd1f031cfb01554bf0205e819cf31f51918f94ce7d,61af541aa5400aa6c4d7948c4d80c81580ca4eae7703e476f1729115e3dfb394,fe298e149def756acceff683c1e421793d0c5df2f7dc1ae8aff207f5112457e6,0.2905948329716921,r3_mse_matched
3,mse,0.75,0.1,0.9,300037,r3_mse_sigma0.75_lr0.1,36,ok,,0.3145334691732361,6.019010244909593,0.451242603895145,0.12770165690232602,f0968699341ec1620fba5f45cc467b965fd0a832614c2f270113853125578534,ca4f3809d1420c32523738a8167122c75bc9dcffdd8c533cc422527ec8511726,29b762c8b132682407fe04c7954c8a9a433ffafd7f84875e64dda96ca2415048,9ddb6ff280dd604107810a45c590bac831adda5a52d1f211156cf94a59d4718e,0.2963928329991177,r3_mse_matched
3,mse,0.75,0.1,0.9,300038,r3_mse_sigma0.75_lr0.1,36,ok,,0.5481607999624953,6.132592286985786,0.36706084258101557,0.1104853136168857,aff3f60d957ad1bd6b8c2456f9ee3a6386b8d361ecaa85f54ae4f6bfbddbe902,0d3833058011035bd683ea656900b18bdfa928d26ea9f2045a93b3f0902d7d95,125e0755616315bca11f7a592ae753739d84e58ca4941612dd8a2dbeaa165e62,e46bd74f0a5fbcb3b6445f345c7a33e1ff466bf16e26ae901d7333bb33ced90e,0.2993656670441851,r3_mse_matched
3,mse,0.75,0.1,0.9,300039,r3_mse_sigma0.75_lr0.1,36,ok,,0.35484691324186873,5.937342430233519,0.42267655295888257,0.12004014104032265,4bf06104aa241b940a7daf009513d821bb13b8169b7d99bebfc074a6df500c2d,d8907a883af4e8a955b74b01aee12100811c29821c76d51119f417e1dd3d9766,6a1e0aa9851d87405257339d94e64cbd7b88e4df4ec58c6d1ccf8684bd833e68,b08720cada05b536ceaccca0cdd3537ac21b343bb06ab5915b44656dee4e3ebf,0.29749554104637355,r3_mse_matched
3,mse,0.75,0.1,0.9,300040,r3_mse_sigma0.75_lr0.1,36,ok,,0.5546341581400644,6.101322227346702,0.36763926411942516,0.11065941849994698,79798a2e527fb88ab17da97fc950bc934e74d76207867b2377edfac289c7ce06,6b14f0355647f998c5a55c0c33416830f720e50e7f81ac5277dd002a135a6761,597b61745af1b9056f785942c0600eedff5d5e281200530aab15bdf0feac09b6,68ea5a706b800bb0a573c80a585335d641193a78d275999dd33ec558863aaed7,0.2961794160073623,r3_mse_matched
3,mse,0.75,0.1,0.9,300041,r3_mse_sigma0.75_lr0.1,36,ok,,0.38843065727330117,6.033392446848946,0.3968752563367017,0.1198563274136839,46829aa78c5762a9ceb54ca8863f3480de6482517bfd1e43afb0bf0bd89ee10f,5fe2e72c346db70edb03802941639391b013a95df940dd11e187db63f3e31d41,0d00e39e255f46dba3191a411405565806041187fee5340f137cf919061fcf8a,e0a625d525eeff2612cff8f5fa9a1463a219dec5051f7cc67149064409fca4f6,0.2905717500252649,r3_mse_matched
3,mse,0.75,0.1,0.9,300042,r3_mse_sigma0.75_lr0.1,36,ok,,0.36425386460063236,6.032287604307279,0.42315533010131734,0.12356135638958465,d1de4d8d5d0089d4d77b163b6384abdb2b66b12058825b0360411bcaac5ee92d,c96616c67560f50dd3cebed2c47ab6cb33774c80774dc35950ae0077ea90dce9,236c3e9d974c8527f82c627e7f9465d89ecb24c2e5c55dc5fb79abb7dbacc564,a95aeb5c22f26e6994ca758bc0c119f8c4c79fadc4172c3ab995989237f07890,0.2925426251022145,r3_mse_matched
3,mse,0.75,0.1,0.9,300043,r3_mse_sigma0.75_lr0.1,36,ok,,0.38293051232106917,6.013821592606754,0.42974389773987737,0.12376624254908468,ef8e7bd25984576db7218ca16ec08bd0e975634b20df074f8af7de4fe7fbda55,53f7262f5cd4d611f0f38b893d60ff604847d5eca0ebf2e1a7e1e98ef996a655,dd8941e957bfda920b24148fa5cbe1e451f423f0776c31fd0c1e985a30e475d8,efa55b0ef4f0b4f4f9c2f6cd2dae2d18cfe2e979d700e34f66cb9469b2697e0c,0.2944736670469865,r3_mse_matched
3,mse,0.75,0.1,0.9,300044,r3_mse_sigma0.75_lr0.1,36,ok,,0.37639575852281537,5.968728443674314,0.3891314386215786,0.11985248309544622,ea06d8f954be15f088b6b90d0574b59f97197659e1302f3a9a0fcf4587fe8a2e,b404b0e35919d04ba7b0a4787f4141bc945414ba3d55c84d25c5d179efb132dd,372abc43814f86f660d62de2915810d1bfe0252d8fa419b04026f71a3f5ab720,8bf441b61f76d80cbba2c8d75e5e335855af291d93acabe920ea6b9e74a216f5,0.298417333047837,r3_mse_matched
3,mse,0.75,0.1,0.9,300045,r3_mse_sigma0.75_lr0.1,36,ok,,0.4864924046472061,6.187572210632361,0.3855764328666661,0.11335947126279983,2bd910b6630755e770f64ec326f47885a46e28caa1cfb2ece9898be6c52254a0,0d407ec9546bde5c8283677841f884df398b4edf2732dcb0e9dd9b8da082f3fc,9d81f3cb4360e76f6436ac7d825a7ca5602d5d45944f72eaf71d524a3217427b,cf5f992640c0b710b747b4b1f61bb8700d3f04a136483a55311bdfa338c46802,0.29851312504615635,r3_mse_matched
3,mse,0.75,0.1,0.9,300046,r3_mse_sigma0.75_lr0.1,36,ok,,0.47398295938150076,6.179617230098453,0.38007264921247746,0.11440186741295573,d5da4b35bdadfc27dd3908a7c92fc60c1ff033f7604349db35b46f48f15ce767,ff0c44f2c421e6eceb92495760ec4e53e943b09896522d93659840e35221af7b,10d4dd942fdf8134d835a7c230f64118d1d5cd38b1b1c82e7fd1d5f25707edd9,925d63bd9b7d97f5ee2652adefc13defeac08ad8d19a0cec0d8b020a02206331,0.29216145898681134,r3_mse_matched
3,mse,0.75,0.1,0.9,300047,r3_mse_sigma0.75_lr0.1,36,ok,,0.42976916762418116,5.991869858836688,0.40224216256304246,0.12268385958172795,ba80f6c2328d41463530a291329dc92669415ea45bc43bd361aa88ed368fe2cf,f19e3d15b50f8f8cce7c1ecf8cd85899aea4f5e9b0c50a8617fe9a8f75ab8daf,ac7e3e00895fb9d8d56b3ed3dff58e91f036d32da4c74f8d05f85d77c907cec5,89a25e75b4cce3e0e9122d1987284a3e2a70a8ded64b4d7b9459ed852e923858,0.29041879205033183,r3_mse_matched
3,mse,0.75,0.1,0.9,300048,r3_mse_sigma0.75_lr0.1,36,ok,,0.3452083477683102,6.000036611088037,0.4482487175620829,0.13312986911593863,2cebda7b822c6ea3ea437354fbbb1e7ca35303cc1db6c1d50b269ae1ad585e6c,b04449e3feda4928d4221f04eb43121fb8b890df6ce8d3100a7497b322c3cde5,86adbf3298da2cfb1bc5a5a557bd3516882977ad6c857d85affbe658d6d7d2ce,5504843decba916ddf60d72ebcb99312ae2ebd06a3b78c829dc4768309a43848,0.294636124977842,r3_mse_matched
3,mse,0.75,0.1,0.9,300049,r3_mse_sigma0.75_lr0.1,36,ok,,0.44429070639242274,6.1500585076389305,0.38795566191863057,0.11716260989942642,4dda00783c3e9dbc89186954d10259bfe245724c40f8919bf579a059889831b9,800ad9b5f0a3eabf05aa8276d0c4ca8cd2b65ace12abe3fcbd9065b9bc20280f,6cac0f1019ba02056b4f29ab53e3be72db191db997b2aee010d7beb37435db9f,f04584e1aa506a3575b4dd510d78420120abc0dfdcd0a7b59cf799d0fe97b8eb,0.30030241690110415,r3_mse_matched
3,mse,0.75,0.1,0.9,300050,r3_mse_sigma0.75_lr0.1,36,ok,,0.4237240851888079,6.075838492546637,0.4058088347758724,0.12174265043276171,390f2b6ed4c28899f7489d28d61acd3ab3dac981995fc19428cbf72154196d5e,0937bba965de3b29400cb0316413f15a6327a16e51075e2bd85761227b696178,37ad5cbd72fbc28c54767b607e2fbc149c256499fc3e3472e7599dc5fa24a441,3798c417e645a604ff5fe7e8317c2c3af64c7efcaab3ea787880ea664a90151d,0.28953537507914007,r3_mse_matched
3,mse,0.75,0.1,0.9,300051,r3_mse_sigma0.75_lr0.1,36,ok,,0.40018595989554734,6.070597756694084,0.4093347555998218,0.1199350833907478,40bd3fc16e77f7f16b4a4180dd17723bd6a874c87a2ba15961fb2d1de37f22be,3e8a74a0dae522d0d97418de854467a0d05ddd3958b9920af2b9026372da8f5e,b26aa39081d9f36da50df9ca30ae6c96e2a011727cdd9485cb734f4c4f62cdff,56068bd0848ffc6235c7e1da0545394662f06f8e7c1256ed24e4fc84c170fcda,0.2910072080558166,r3_mse_matched
3,mse,0.75,0.1,0.9,300052,r3_mse_sigma0.75_lr0.1,36,ok,,0.3112268262884491,5.935299306939475,0.4258983288679543,0.12436231202944266,7ac760f36d6a12efcf52e8294de109c9d9887444b5e5cd9434e0ccb624564774,7295e148730692031f359fdf837044caacb2ebca1b6665c815a15a29ce443773,e665c659cb16c19a45451c0593eb04ef2256a39623944f513ea154c0e2b6c7ba,54b2f1adc6d8af2797d34c4f41c82046e594e43be5d6b3723e5bd1399bfd77af,0.29039650002960116,r3_mse_matched
3,mse,0.75,0.1,0.9,300053,r3_mse_sigma0.75_lr0.1,36,ok,,0.4740286500325203,6.191046988859946,0.3747623062185122,0.11167916725311663,07dd12f5b5c72d4ce65bff27a2ad311d79b21736ffc2b258c075480649ce387b,d9852a48342447f1e59125dfb75c6b8b13de5a1031a1a2f49fcfcb34ff893dd1,5d872f73229b633caf8655212b28574c7143ff979209b2db1fb8f95ceb2a8045,d6e6aaa2402753cc823acf107cadd72a605626ca4bdfad7abd38a80e1f2690df,0.3046967920381576,r3_mse_matched
3,mse,0.75,0.1,0.9,300054,r3_mse_sigma0.75_lr0.1,36,ok,,0.41418261163480646,6.087599076623319,0.3906064696389004,0.11913497323986462,30dd86d095ec5d698c4e2c00c27bec4505fe1de45ca78a4c77bfdaf9a1ff2a4b,88556dbeea38b9e3f76af13cabc3a013f5842a42df9d64f8a2f8711bde460ef8,4e1d8ae44ddd7c08a34cf6cc556a761c62d6bf3f10189d9879fc31f14386629d,ccbee2fcb96fcd6b33a8718d7873593fb7ae3992f4a2c7891d7afd4a101e9f95,0.3087803330272436,r3_mse_matched
3,mse,0.75,0.1,0.9,300055,r3_mse_sigma0.75_lr0.1,36,ok,,0.47903735951580106,6.185448286796888,0.38962328312429767,0.11883510135291078,08251a850e5eaaf3bc0db7235541dd9880d2de7b33498b9b1ffabbcc6a82e031,16103b6a02a3e8dfca8c66e03d66f1b0e1227382f6ee949182c74ddd9c1d66d2,aa559841abc830becabb7889aaf5610cd7f44bfe8fa3c0afe3b6861586764e0c,cc422e1fad87569c5aba0b956c32ef49780fa9783632b020e48a9799b457ba53,0.30574004200752825,r3_mse_matched
3,mse,0.75,0.1,0.9,300056,r3_mse_sigma0.75_lr0.1,36,ok,,0.3312057518645691,5.938832698279455,0.40252631581786497,0.12236800000863096,d3ed01aff926b25fcd5ab72720d1b1d98d64c483df418e299d719ddb69984290,28a8d7c637b0fe9a248ae3d50677aa2d4ae5a6c7369f00f0a65b37272e587765,503064bb4c8ac56dce73d8ae4c8557d242720ba94caa10800d2a8732e4216a39,300e0a37a1cf6024dbc5485193d4f08dc79fd68e791dbfd039ec1ba4a0c78603,0.2991768750362098,r3_mse_matched
3,mse,0.75,0.1,0.9,300057,r3_mse_sigma0.75_lr0.1,36,ok,,0.2689343498843678,5.893817111115106,0.45079591971300725,0.13523877591390218,46b86bb023c8eefe512ae0b282cadf490362356ee2bae4f1177511af1d02223d,23efabe96dacd7a930475e0fbfddeb62fc5649c0a94c45d1506afc56e10053df,99963d313f789e951f0fe79a9c2dbf184a29b12624ff88dcc4ef79dc23f1e935,2047f4494e54844cd7ab54c1466a2a8110d7c2cae5adf692a4ddb25c831e84c1,0.2967407919932157,r3_mse_matched
3,mse,0.75,0.1,0.9,300058,r3_mse_sigma0.75_lr0.1,36,ok,,0.4345782569790621,6.062811012047392,0.41649416827513847,0.12369876797771613,be54da548939eb34c198c5b8af39c6b40768c19f8c0894ee69a24207b6b465e4,e56069914c786018770bce1a7522f77d4bddd47cb0cd7f780c1e90b386a09398,44f405eafbe3c50335c14a24299b35fa15dd5824cdf494448774e1ef45fbc744,d7297d62fe19cbe5bc10e3c1dad13d8b7c98be3e30416fa40116000617a11579,0.31960108294151723,r3_mse_matched
3,mse,0.75,0.1,0.9,300059,r3_mse_sigma0.75_lr0.1,36,ok,,0.3024609567848311,5.844656622153865,0.44263448307587505,0.13190507595661077,86975954ea25afa24d148cd0d80a4f12817f3bdbe7943fd11114ef1e5512ca2e,ac92c365f27d645f30db1d16e6504134289e056b66e3d0432559610015e7b01f,8076a92d1eff89a131b1bb989745bbcafcecb7ab8a908bb396a2ea86372305ea,7ded0fab3efeb0d9d562a5427d570f0443c84f590e0a08655363767d55012372,0.3368560839444399,r3_mse_matched
3,mse,0.75,0.1,0.9,300060,r3_mse_sigma0.75_lr0.1,36,ok,,0.482467644833434,6.132423679216992,0.3886385970856225,0.11542566333442987,ef3dfa0dcce3266b8e64b5185906508ef9724df33f314b80d6e605d6a76f6e29,85f9e8162e8403ef1422e75acbbcb246cea4fcfcbf305c2aaefe1134d59965ef,69db05e052793e945444e30062ac177b35f237b6dbedabba84326570082c0984,fbbe6286a99e6a50e51e87ab6f91fea2ca935904a157600a7c2d75567a3c2620,0.3351509580388665,r3_mse_matched
3,mse,0.75,0.1,0.9,300061,r3_mse_sigma0.75_lr0.1,36,ok,,0.392615960921412,5.972832281643334,0.4588982167973583,0.1353749739552207,cebafe01e6af0ee95f79d83a58cf7c3e9005f4eac4718eaed5302c26f67536a5,a034bb4db5a0ed251a7830b45b049184cd6466ad4c690b2da4604f786ad3f27f,51710a85eba65aed03a40da4db76c721f5d39f74eb8ad2317a5979496927cb60,39e0319d767aeff0f4dc58bf2720ae668fd1704e5fe02715742c8eb55434d4aa,0.32717854192014784,r3_mse_matched
3,mse,0.75,0.1,0.9,300062,r3_mse_sigma0.75_lr0.1,36,ok,,0.31460256364098094,5.8920399209340175,0.3845011846169358,0.11842636486201621,b31435f2845f9ffe580f90ef95b59358e3d48dd35beec15b8d9a352d33daa705,d7eb8769059fabae7482833a3bdb6411efc7b8bbc9dad9030069e8fb4af0376d,e0c466698941e43033d201e50dbd0d05e54f7d14b58ea01a9931fa7755d20854,9acda461ffd46fc1d0d547bc03e42c79fcfcd42db3105ff98c6ab7b4d7ca672a,0.30845000001136214,r3_mse_matched
3,mse,0.75,0.1,0.9,300063,r3_mse_sigma0.75_lr0.1,36,ok,,0.5429922377853521,6.120992196223271,0.3628629301569254,0.10414166095503759,d6d2c5ebe7f763691e03746a41367e5be0344eaf5fdc66167695a8638bc42d03,443b43e8d82c93a9b6859f49bc9c1384d25cbd44a30cdd875c6562dd650ff6ff,ce05d11c7a1a1c10740f560ff69a559e1b594377eaafbd3cf0659a37bb6bca50,d4f5ef9b24f9bd0541d78996515aa9bcded4be5a3fe5c783574bf963f6968c9d,0.30770654196385294,r3_mse_matched
3,mse,0.75,0.1,0.9,300064,r3_mse_sigma0.75_lr0.1,36,ok,,0.38845150697611835,5.998092311780731,0.45057336182276925,0.13291914173771693,a2279af607d348c7eb3e3b3dc6d4045842a3e1c8cd56db71ed3c33fdd34d83ba,2d4cb5b9640c9fd1a8540366892d9096ce2ffb3b0448e9de439604e97fc81b00,0f6cd883845e7deedb28ad8addf0c3a092f5f05c2c631e67140ed0777f55a3d1,e02d2c062125c5a9166fc78fd4c0b6d9fc6f899df7fdc519603425bfc600ac50,0.3016933749895543,r3_mse_matched
3,mse,0.75,0.1,0.9,300065,r3_mse_sigma0.75_lr0.1,36,ok,,0.4797867025381992,5.950521479112463,0.3975627791211633,0.12125664763195479,1cfb2f28eb8cc948dd0f1611cb56cb4e6560995412560e94f6b63dae98e6ad18,5880d14001810cdd467dad4ebafe5b0d6e501f3f570a4df3600f1534c2b7616a,1b7cb54e9f287c12f37112c1482b7db47998a96072f0918234760392a7c7571c,31638d4486842a64ef714036b494b171bd877612a88146a029d1767173e1df3b,0.3099351670825854,r3_mse_matched
3,mse,0.75,0.1,0.9,300066,r3_mse_sigma0.75_lr0.1,36,ok,,0.32882794256076664,5.975782793529757,0.4474578476262844,0.13065769150687503,708269c9fbc27a8cde579e683a6367880c14143b935f4908ad90b01362b99244,6549ca8b41b89433ed9700fa8e4e609e210451b9c7ebfbe6f1edff98e603ef32,54ad4239226c0c75adc1e156718641a7abe491df45dc54a0283be12f8ee4cee2,575e883a35d416fdbc7037afe66047cc2135353fbac29cfee67a7bf9a06b093b,0.31328837503679097,r3_mse_matched
3,mse,0.75,0.1,0.9,300067,r3_mse_sigma0.75_lr0.1,36,ok,,0.38557422951032194,6.030568840667516,0.3888808712194023,0.1166642613658207,081f0a8188505511354ed61a498396ca9f725e574fcce6253e57e031ed00a1a6,e1589b617124f4cb79e463a004e07e664bcf84d0d57ca0ccfcc221cb90bd6916,d1fd09649534883cd89734fc81e842ca9f19e587d1eec827050e48246270d9e5,3cdaac97d58583b38938badad30fdb303bc76a44442a410e38367fcabb08415d,0.3255164170404896,r3_mse_matched
3,mse,0.75,0.1,0.9,300068,r3_mse_sigma0.75_lr0.1,36,ok,,0.41692345137869635,6.042974967599556,0.40200345772589946,0.12220905114867343,0bab71e6eca3d3074b94363a2595e397768bf164f5737259b49028335278c69f,2352320ecc2428f76669b117992f88aa230efa0f74713ebf4f0d5ba8b32e0b81,a1a6b27c7ca37e94608ac405162ac117bc100d400cf1254037c425157b794335,e8b56609d626d54672c3edeffbccc60913f58504aed056edab6d881ad9b10654,0.3762555830180645,r3_mse_matched
3,mse,0.75,0.1,0.9,300069,r3_mse_sigma0.75_lr0.1,36,ok,,0.41952241178530386,6.087381441657564,0.4100679508689533,0.123020385260686,6174d2c5d4074cd59901346d33d990e3b06dd344d19303a5a61f4f4ab30feb69,13ddf607a526199525f36e82d6ec66fb92b3b4a84d3eab35ac1e71aa897d1d52,91859f0b01151c1097033ae674fbe94c81d0f5314fcf3c276b0e1ffd7d3970ab,b1c2be07b2c79fb1043342df4dc8ef375f18a323986eb053e001fc408668c5fc,0.38548575004097074,r3_mse_matched
3,mse,0.75,0.1,0.9,300070,r3_mse_sigma0.75_lr0.1,36,ok,,0.502340626945432,6.052189488903525,0.40234232705991374,0.12190972509915386,f634cc4e2d1c13934fed7a89e1dc9feab288a32e837cb405f0cb855949395708,ccdff70c19143dba1653dcbb3dbbffabc6f7f1c013b1dfb8a1e39a9aee3a3577,bab40b5fedf934230d9d0d16692e9f5c5470b8febc8fcb7c060c461410d6242b,61e1a2b0b51b5c7a5a13ac42fdc6026494aae82a3078bf96d1e797e2ab6a7df1,0.36507308296859264,r3_mse_matched
3,mse,0.75,0.1,0.9,300071,r3_mse_sigma0.75_lr0.1,36,ok,,0.3865365688126142,5.906239982176908,0.44255769957595303,0.13143963677405804,a7a631ebdc901b6d1afebc5883b03deed2af77787993e7c43d983c2bd7ba4001,7a9ef81ad7224233cc5cb38b965598d9364349ed4072919e19c10e80bacca046,afd9fcf2c73317399ca16983efdfcd84868997fa4de3ba4bf51e3ab8ee2ef96a,44039f779de93e5d75bbc23f5bef4ffeb010efdcb10339ec1361199a0c4ddb7e,0.33005324995610863,r3_mse_matched
3,mse,0.75,0.1,0.9,300072,r3_mse_sigma0.75_lr0.1,36,ok,,0.3443229205876338,5.979660904017825,0.43082076526673374,0.12709212575368645,29476ceb6b9c7bc9a00c948025fe869f227afb88b4f615b258137802f2c3d508,d2f5e742631b619a124a6e2d35a067c5b263572690ea3f3a50c8fe4ba810e605,8977935e02929e7becc78677eb5907cdee0ea75c29229c8f279422d8b8ebd7d8,ed39fae2c708ccae562dc7f9bbf39bd20cedaa562f0a4b3e0730a780580ef7b6,0.3213283750228584,r3_mse_matched
3,mse,0.75,0.1,0.9,300073,r3_mse_sigma0.75_lr0.1,36,ok,,0.4096945535704784,5.839822437698813,0.3718487600628063,0.11043908173865347,94d96421ca2c1b509b027b228ac8292f226d27321b9fe81c04af907c5f10cfcf,ea343b04223be8eb207fe79b900dad6f48ebc9d78b3bd560a6b589d849c18632,d5f47536a2aa24a3162810e429c26199883fb455220cfd01d9cf541c6006fe40,91ed49f77d2a1d27757549463573be84ebb7161c598e7aba26ade4316aaedcd8,0.3105684999609366,r3_mse_matched
3,mse,0.75,0.1,0.9,300074,r3_mse_sigma0.75_lr0.1,36,ok,,0.35432702609151956,6.0193477575806495,0.4028398272190164,0.12165762782014294,f2250eae7e757ccf0386e915268746609495ba31fce4b4abc9a865ab6e47686a,5ac414598748c0d70db4857128449cbde5756407a395d592f1e8f0d8bf4b5c79,b39548803e380e78afae47b293cd57cd498c8c44c3d7328d137cab95dd5630e7,359b7641dd8ba163c62167743f87c276c49a09c7749488bf3d9528fbc6ba6145,0.3037104168906808,r3_mse_matched
3,mse,0.75,0.1,0.9,300075,r3_mse_sigma0.75_lr0.1,36,ok,,0.42267802087117423,6.018509021209935,0.3979093517616171,0.11937280552848514,7dec063783091bc2e04a4042c3c3773b5ade267b870931cdc8039fa0219f28b1,a25c1eb5d376fa0b58834737109ce6926d29c8f0a8076020763734df14b91a56,f1ab4a2923c99b2be8f52513ddb62b5f3115eff7538a77c8b4aa931ffd4eff42,db0aec5317de5a33719658f6d096644cc83ba11e2a57f3093f2c270e3e97d207,0.30877925001550466,r3_mse_matched
3,mse,0.75,0.1,0.9,300076,r3_mse_sigma0.75_lr0.1,36,ok,,0.3420350272159437,6.018114209211101,0.4616778011050143,0.1334248845193491,874f36301d93b1a5bcbfe168684f14c2ae66efa60b0bc3f6963cb38d49893ab2,a30bb8ba2fa3f25d8d30198f6baa7b531b0290bf636c95bff3cdf4e85021d3e3,3df34fbe72a6ec06222f16b3f3945ec50a28d566eed39cc823b976f0e046e934,4e3976063e6b660d5bc09022fb669af0834338286b57d611571ac2d11ca74405,0.3000681250123307,r3_mse_matched
3,mse,0.75,0.1,0.9,300077,r3_mse_sigma0.75_lr0.1,36,ok,,0.4321554105450845,6.015806815417375,0.4205420766497311,0.12784479130151827,ae4b1717c7ab36a8bf739e3c3e609f149fdff4c16f64795219832d1bdbe563af,01468e53e4630aac84262b5039324698644a6a60b78851a2244d2d5ca7d5cb3b,f964cf3c92aea6f7193a2bc545cb2b1cf4563c33fbf91422d7d9fd8a9a1585b6,2ce50f023a3a60e7d2b5bd4f5858bd0ec9c83ad4ebe65f0d22bc229db9aac575,0.3050362500362098,r3_mse_matched
3,mse,0.75,0.1,0.9,300078,r3_mse_sigma0.75_lr0.1,36,ok,,0.3168928143648415,5.947172130272888,0.4178373032266136,0.12493335366475748,fc507e05a21f23918e50d7f9083a51ab150f87ca134cd0efd7c9b54191cb9adb,7b9ca0f5a4d48af552fac2e70ed042c3545b15fb9af1361947503fc8f8c0cadf,3c26773201de8f53758a523e4e9e117b57f250c73c716c02f557927f92598fe0,b638936c536111a465d937db04474dc2b8134391349fc3e0ddfca323e974e8b6,0.3914182910230011,r3_mse_matched
3,mse,0.75,0.1,0.9,300079,r3_mse_sigma0.75_lr0.1,36,ok,,0.46829756775907583,6.195377447159689,0.3935352201456602,0.12120884780486335,99e3cfde53d3779687e41c4889b2c25c000b0fcd2df380100446ba8715eb8ec8,671c1c32f5796c76ffd63fa2ee7f179f0b0fbb4e4d0a1e393c4129332e01d5a6,05e654b3327a5e26890e9b771b6400e5ba9ab79d9f0b252f9aef0ef0531e2b8e,ed52b07e7e8f938a3a76d3ab32fb71985acaa1812dc0437b3854f2386ffe0d79,0.41106645902618766,r3_mse_matched
3,mse,0.75,0.1,0.9,300080,r3_mse_sigma0.75_lr0.1,36,ok,,0.3192166033115033,5.99045929490031,0.4086984141831782,0.12138342901240393,0e3d960b755d50f9638f138ca006e5501b07ca00e96338156fe514e01912fc98,1cbfac2f19d4c0ebeb40fc9e4eb17765a40b7e9b64b7903e8debdd4f6b207474,238b41c902d3ef9c0bd2ed48a46db2b4b87e8dcf89cbdda9480228c9b1a9f74b,fac02a58fb3943dce6edd3a043ca2af3d3ec11d1b09038d2506c86bdcb6ea19a,0.4484733330318704,r3_mse_matched
3,mse,0.75,0.1,0.9,300081,r3_mse_sigma0.75_lr0.1,36,ok,,0.3171487609411924,5.970041716487129,0.43071165828012403,0.13050563245887759,ba2f638e3dea8ab3bc59b28079c678391c132e83fd9186ea1da00b1add31d0c8,1a216ec3f73d111315128ec3ea4d639c9921edf923f3131c1bf95862d334f31a,b1154e3386b943676e8f461c997f0a13c5983d26ed22c9c748832d5d14b5f021,3559c01fa0ca53456e85ce6f55e5314f58d7bb81cbb08a0bae8856e8a2c1a37a,0.37388816697057337,r3_mse_matched
3,mse,0.75,0.1,0.9,300082,r3_mse_sigma0.75_lr0.1,36,ok,,0.33860737359852344,6.002016255141927,0.3971589789039409,0.11795621673447045,6c99cdadc1611e488d48953877d470202aead6ee43dd801e550e79a6bd0e922d,7d0c04aaf56cf065cabc2f4d8c5c616d73547978bc744188c58727f7bfc38976,265ceb9b84556e41b99cc6a1310f842bda0f172e675f813e9e731e3872257ab3,42d402303b9135df28a8c8a55568a6a65e43d7da488d78749bf67894703b311a,0.3521244579460472,r3_mse_matched
3,mse,0.75,0.1,0.9,300083,r3_mse_sigma0.75_lr0.1,36,ok,,0.4766318641154476,6.0968462748155146,0.4055430644959853,0.1192296609618197,fb2734f5bab358e14e01f2c8e72617ccdbaab144d7802f2c8c60ee7f1e3ed644,84c7e32ae9100532c76001d8d1c47683e020e8e4c9c3cdbd4666f567820d7dfc,fbae546b3efcf6008f28f3d5b5d868b976bc5cdd69e6a4602d7e05fa06b2aa3f,f0b865da897ea72d10cffeaf035acb0c3a717b5460fde13c00742dbc6ff524ce,0.3112776669440791,r3_mse_matched
3,mse,0.75,0.1,0.9,300084,r3_mse_sigma0.75_lr0.1,36,ok,,0.4998049157982203,6.1518265914076435,0.3863336589370151,0.11551376402216752,307f937ba084b91de860668af0fb0f69372364bb6ce4fcef6c017c30674f17bb,1cb069d54206b5c7c80fcb7a9417feaf0b8aec9e6bba2eabacd8a44cb5aed089,2fd02768fdb7f146b2cbb15b8dadb8e9814a9305c312fd799e8f900d7f3106c5,27fb07be96804cb6a8ac376df4db86294f16dba84052fb7c12c078b1c817ad1d,0.309273749939166,r3_mse_matched
3,mse,0.75,0.1,0.9,300085,r3_mse_sigma0.75_lr0.1,36,ok,,0.3966955750530378,6.044240967415422,0.40060310283454265,0.11978032774752825,b7bda8f1c6157533107318b4929256d5284403e4f9593ef909e880530d05bec6,8f4efd48e45a79dd017a1d7a311edb86e9da535faee03ae1a88e4a1c9590a97c,3c7883f7360ce27199c4283ecbf61af6845a919dc9f733d60d2bb0733fbd9d4c,00e73dd21b5ab16e25a387a4ca29e08d7bb2a7e02177d9510ebb34bc8aaf3b64,0.3110977920005098,r3_mse_matched
3,mse,0.75,0.1,0.9,300086,r3_mse_sigma0.75_lr0.1,36,ok,,0.41073634653933444,5.927994223532151,0.39267624270606716,0.11976625402535049,7dca81a4c91012a56cee488c1a773d6401a3ad74b9a9405b00de27a2cba11f3c,e0324572697d072a56ed3c04da591c40f89f4e8378187195dcece0e344b2e000,2110537b7d7299e84283a399cfae209e4f9718851f7f11560a9d0981f82fee4b,9445e3300174b588308cb1a2f2636d752d093ffc4fc6dc303d3eb0425c30dbaf,0.3490887499647215,r3_mse_matched
3,mse,0.75,0.1,0.9,300087,r3_mse_sigma0.75_lr0.1,36,ok,,0.3579415207019292,6.002963669121147,0.3983130860999163,0.1198922389160748,2cd875bdde423eb1353f1213770192b7df8bd876d40fb1aa71d29f9f56f00fee,5e9e38ede140f2d6f39e4d2630dbf7e98417d17a2d266b77b6dce2135af70253,d6f9401f4860245c006a1885baee5959823b4f53355b4fba06eedc7c545ce49f,6f3778849888b4017cd159923962d8c69700e815152685c43de05f685e208122,0.3529760839883238,r3_mse_matched
3,mse,0.75,0.1,0.9,300088,r3_mse_sigma0.75_lr0.1,36,ok,,0.41069639085332477,6.063331632888091,0.413530685802609,0.12157802162596704,0030bf09b7aae09d5ca485e801a912df314636550145ceef5f18ad2202a69b51,ed7150770cccc71995eec6416e5eb8942b5187c46bb88744c3cce6ecfecca45e,b160cc9820d53513797a61c5a19487ff1000de3e0f3d8e4c1bb4c0e6b1194c7b,b362b4f46ca044e1fd52fa9f5e115d4a1e8bed0e2fa64a5d2d6faa5f554058b4,0.34901837504003197,r3_mse_matched
3,mse,0.75,0.1,0.9,300089,r3_mse_sigma0.75_lr0.1,36,ok,,0.26825985671017016,5.84048093693611,0.45921452449476863,0.13133535400550383,c661e54b95aa168b9588f9db764694b9637b19b067f1ce1ef87d834330b73929,60508639f832531b067f6ff4a1f52ad903eb5f468fd6de942af85d30e535bba0,c32b6848e21b9a50af8f9e79eb6df0be6e0f2a64af10712fa7ebfbcb23bd0582,80caaa6923173d1d4ff31990f440d2452345f7046d9eec443ab6b53ca87eac6a,0.30828087497502565,r3_mse_matched
3,mse,0.75,0.1,0.9,300090,r3_mse_sigma0.75_lr0.1,36,ok,,0.3420371137921197,6.091217318054684,0.4196216381503206,0.1242080048924949,98cd9fd3f5a0edc83a0ad4fddaa12ced64d760278d475564fff1f1c5dd73e084,eb3f6b474d6816be6628e288f25ada76b0f7d91970b57b91c195cb1a75bdfeb0,9dc46b6c5ca0a4b0f08a26386be913a69ade97c8e512cd25414dc9ae9878f34a,090362a2e6df9712ba83eb1744e7a49d35093f2d8e10867b43f739c69bf7df27,0.3056749999523163,r3_mse_matched
3,mse,0.75,0.1,0.9,300091,r3_mse_sigma0.75_lr0.1,36,ok,,0.4047499686979893,6.094742902023756,0.4370674877656786,0.1289349088908752,3ccc764800bf27bb75e2094ea8a123146ca3bde83ec7563c79a484f44610fafe,6d41cf29ae36d582d46a36d3d13ff7bf618a41b289a91760c47e508267a1e2bc,db407983fef5b206f39545297413a7aa15348c020465521dec172a55dd714019,62c4797113fd554f6433e7fedcd98d2381133be5f76ed592026b74b7caa1cb1b,0.30221191700547934,r3_mse_matched
3,mse,0.75,0.1,0.9,300092,r3_mse_sigma0.75_lr0.1,36,ok,,0.32527084761693276,5.875356180485983,0.4074110886329588,0.12181591550125467,ba3787eb400695bd780a7f47c9aac7da4c6b2a214e9244efbf6a555d261b6db2,312c1762699384512ffe8b45d038321bb9111baf907d3b4d299e58986f587df8,6009430313df6b77cea37c720620f3e27e274d080da404b5bed3818beb4435b0,e9b243932d743c58895476cafd3bc121b7a0dd4a7dd7fbf3165cf573de7db996,0.3000578749924898,r3_mse_matched
3,mse,0.75,0.1,0.9,300093,r3_mse_sigma0.75_lr0.1,36,ok,,0.4527550338866009,6.106991838146906,0.3933573684563358,0.1199739973791824,a7c87e334d754c35efcb9e12ce12b8d5ba21cb97c762ce1c5240cb2fd48ba9c4,3cc8f5d36dcc8109c4741d577771dc446ba604413af58962bdcbf19baf2f0dc8,7ca6343b7a31f3f67f9e05e315b502d774d0ca140f6d6adb18fcfb1528357015,d96759288a3d530b1b8b07045e93cec4f4956c7c0dc076b9422e977411f844d4,0.30128625000361353,r3_mse_matched
3,mse,0.75,0.1,0.9,300094,r3_mse_sigma0.75_lr0.1,36,ok,,0.36691774019106294,5.977694509714282,0.410865026555072,0.1220269128868564,fe0cb28c5e5207e0eb8d04b69d0a192adcc44035ebebbf0a71afe93c9c1de479,0cd090b78186e5e94dddb02b661a53946c90c56c0135969d592b1a63ed8f5b05,237cf5e8e392e8d3cb9789a0295cb4f0d2239b08f76569216567ed0e25a6b24e,81ccc221a0c6c6b67dd1f7d0fdbf974246f08b3f135631eb084d3473a5ee31d0,0.3017646659864113,r3_mse_matched
3,mse,0.75,0.1,0.9,300095,r3_mse_sigma0.75_lr0.1,36,ok,,0.46214676580909175,6.084738736801914,0.3964822828307314,0.11934116713205015,2b1d3f506c8358f83f3f6c4c478ea6624d3260edd10ad6d1d620211c296428f5,0645f2857cbee4f45e0679741b4cb95e945e216de2bf7f7e7ec41b2cda9c8c36,be1a9d3668cd0ae796500668b1c7040d7a7deef50c82de6c03ca06d29d71d5c4,01be303b9172a8a3dec47850d30b98a0d8964d102d0592bdb13348db538e4f9a,0.3042580420151353,r3_mse_matched
3,mse,0.75,0.1,0.9,300096,r3_mse_sigma0.75_lr0.1,36,ok,,0.4514517138289117,6.091318816203746,0.38490552897235497,0.11316222551787236,a8b2a6d596c52df65b7d82272c0d81d9d2c9c77626ad4d90c15fef87fa6ce7bb,a2772ee613085871d2c6c6b322c84ca766ff812bd99d4bb412f81dcb90de15d8,9870b7b051d19b22ba1e1de80bdf44959353ee13fbf00af1aee1787ab5c9c043,00c5d648c522a32d9ee78116df66c536ae03846b67f8a8b03d26c115440ab649,0.30566445901058614,r3_mse_matched
3,mse,0.75,0.1,0.9,300097,r3_mse_sigma0.75_lr0.1,36,ok,,0.4532923674736102,6.1375947856696635,0.4150735989308979,0.12161656448675309,6a58ea514372c71630cb99b35cd8e07be887fa6911b53f19b5d704732fb75bdf,e8c8a21ce148719bf4d490968666825c456df5cdc48f065ce070475a9f61b2a5,5dc1a22dd45cf7dd75e75faddae7ed627a49577b36ffe412360df454f47eb19c,3c7b18f44d024347919d4bfa91ab1f3203a5e7c2491f585e998453fed4c93edb,0.3068959160009399,r3_mse_matched
3,mse,0.75,0.1,0.9,300098,r3_mse_sigma0.75_lr0.1,36,ok,,0.3889696301405973,6.096148696367112,0.41599908454562384,0.12479972536368715,998122d28dd5e545db51a6f7b951f9827ea9260ec2b0d92d5c37cb103d0ba6ff,cafbcf058d29eff2ccbf8b9b9b6915872acb9632484a9ed2be13751a7165618b,287d87fadebba1312633eed9cc5eca6153b7cb4a2e16f55ed57d8b5f1d3692bb,3f3abb98c8342ca76e102e6a686a8364e2cc6d39e89d2a411b3e47225514c767,0.34401954209897667,r3_mse_matched
3,mse,0.75,0.1,0.9,300099,r3_mse_sigma0.75_lr0.1,36,ok,,0.4970639131729265,6.087736207350494,0.4089322565852274,0.12431540600190914,84ae2550cdacfb1a0c04866f5109d582dc8f9d46f21b0b67a1fe731269b4c984,bfe6ea452f11a0df7fc9c4a0f46f997a12c5f847d7cb575e520f403a4bf425ea,4b91ce31add683e91c0dbf068a8f03c9d4f6ddc6415b93ea0b5814740a8a8a03,193ea8e5af85f3dac4d89a8b29e4bb8d483608899e146d9351ebc80c449bc2dc,0.33746520802378654,r3_mse_matched
3,mse,0.75,0.1,0.9,300100,r3_mse_sigma0.75_lr0.1,36,ok,,0.3779905720623151,5.969068509678577,0.4137893853731552,0.12248165807045393,79ea598cce16ae26ad8840b1327ff8de5d21fd4d9430d25e5240651e7af36883,c6cb13adc09d1c9493e0525b5e9c1857602686d97269e77f2bb4ddecac2d9281,e92d392d1d194caca9d336509363ebb15b56af341db9d21d883de408662cc3c4,776f7a5c864fc8dfa5b341de983ebf5f73bb282fab320aa4f03624651daf0244,0.3387003340758383,r3_mse_matched
3,mse,0.75,0.1,0.9,300101,r3_mse_sigma0.75_lr0.1,36,ok,,0.4365410834282808,6.100555131456505,0.40506762078197905,0.12071015099302976,0fb83b7408cbc1aaa63ef4f097d2d4880365ec38387ba68f6e8c06e44ed382b4,dceb90c9b78bbf6b549b8ab484f361187309c14504d742a94a4f018d6ff4ff8f,413e85c25143ffa0362ab305b029f74d056b96768dc2fbcf98ec1f1694c26a18,b24fd5b3c41e5e6936b7aa17ae1fd65968a89b35bc5110c723a1dc159354aa82,0.311824708012864,r3_mse_matched
3,mse,0.75,0.1,0.9,300102,r3_mse_sigma0.75_lr0.1,36,ok,,0.38860775012275806,6.0471383316283775,0.3861857019919801,0.11546952489560205,e006b6489056566299e5317c5e2b106d8b7edd9487990bf6db04060c6ac36307,e07ce9fa89fc078461c503cf21016be917062050bc58b8a99684204e3157ba1c,4f0cdd2aeb33e16147ec284b1b71e00416b535c9e199793bf0212ac801ebcb82,932747f8f45cc1b8c2f103f0b08ccc2a570c553f72f65df61fdf69d7c3812712,0.31403966690413654,r3_mse_matched
3,mse,0.75,0.1,0.9,300103,r3_mse_sigma0.75_lr0.1,36,ok,,0.3369047983152071,5.905499198613815,0.4094389908884375,0.12119394130297749,84e90d70cb6e50e4307e53a36b76f3648b8d6250f46defb308584a6065977352,f00bf89f1900623e01eb9a58b0cb70f1bcbb56703e588050aab3210550b31700,dcfe7e61ff20e8629cdc8240e70d763599261110382446b7a81069001aee1621,6ef8f36b3883071f98f2633229acf429211d5a82ff4ffabd1acd005fc5ad35e0,0.3180354998912662,r3_mse_matched
3,mse,0.75,0.1,0.9,300104,r3_mse_sigma0.75_lr0.1,36,ok,,0.36497086625446873,6.028415442548854,0.4436917531490545,0.13088906717897109,2c3887f0f74ede3f0dad59dc0d44c3389907c03911f67ef27c1dc5383e7ee93b,23cf924fe429906fb077746ef8a5906c8fbd8ade881ed87a2d573bfc29104d1b,6547122e72c72d7654a4a6438c477fd81f92746a202f43b66f1afebb113c507f,ebd16855f85273967fbab74283f6c936c4f28f50f1bf7c42d56c663ef7343b6b,0.3104258340317756,r3_mse_matched
3,mse,0.75,0.1,0.9,300105,r3_mse_sigma0.75_lr0.1,36,ok,,0.46129488928396767,6.048990232213264,0.41455086490853116,0.12187795428310816,de0ebb6b14e2d450cf1bf792fc262365fb3d059482fdd0b5f214736a7a740690,ca39052c1df6c96c8cc1bb2d62654af1cbbf1e3f5b76fb2794c5d04b41e0a09d,7dad43ae4069ad1a8004e09faa10b5991f4f3d957631a04bddb3fac882fc867e,d58e5ae7494af075f410b67d5d2504127ecf64ba9ab4460788dae0571cda735a,0.3134100829483941,r3_mse_matched
3,mse,0.75,0.1,0.9,300106,r3_mse_sigma0.75_lr0.1,36,ok,,0.38069364580733644,5.998718567281825,0.4146832653198808,0.12274624653468472,ad033ae221c957f89cdf90b8ce75396eb58cbb69b99f95a7271da6cfb9c35e37,745018b097730ce74ebf95cf2852b9b8067c7d69379762899184116cb2ca62da,0bc6d71a25d38129d6b6a4179d62a6c3716c66f7b62fe0dfae514c0d75a23c51,41aec572e9241e3137c91911da7f1868941d68e50179912924b463c2902e12b0,0.3112902919529006,r3_mse_matched
3,mse,0.75,0.1,0.9,300107,r3_mse_sigma0.75_lr0.1,36,ok,,0.4343986713115867,6.047211847187552,0.4204778305118645,0.1265638269840712,6aae500dd352d571784f86d0556e3fa32e53a656708e352d32656ae1efcba352,15b994e67211c5c8a53560c6bd4c76368bdb22ea10aeff9b0b4fa3fe26860262,4b8b72e930ba2135ff36134606f48c99c03b9b21b6f0fb10169b72ba70bda5ac,47678330f0daef53554be6aa6e8f43dc166bf8371cee3da5e93bf59112f58091,0.3145015420159325,r3_mse_matched
3,mse,0.75,0.1,0.9,300108,r3_mse_sigma0.75_lr0.1,36,ok,,0.3087850977254505,5.978530481827878,0.44201516286760173,0.13260454886028053,41309af3394399959ccfe27b376380ece9eca6d3297ce2213fdf23e9a6d2ac93,d97074ac83e2be40bde748920c734d9759162fbca1875f0f21dc789ac44c5a1b,52fe99279fa730ee8789d11b61ac5e66277d1dd8ad76184005a605e82d655606,8516eedb5baca65afe5718f4b8d55131d3c55a4ef7940c5758141d57abb8f105,0.3161121249431744,r3_mse_matched
3,mse,0.75,0.1,0.9,300109,r3_mse_sigma0.75_lr0.1,36,ok,,0.45603399539222284,6.13004961733951,0.41987606546315936,0.12050443078792673,771fcb9213886ea1f967979f6ad3fe3f6fcea304f2642dad6194341495a315cf,927c3658ab546714e54b9ee0f95b97c491be86f54c7a00bb51e6e63694563370,24f65ac76bbfd155bf897d0e83b8adacd5aba5d9cee8995232f0a206d48c3eaf,56f28be134f2375a166f942afd478040495d2d57487ce0e5fba379a735618577,0.3101749160559848,r3_mse_matched
3,mse,0.75,0.1,0.9,300110,r3_mse_sigma0.75_lr0.1,36,ok,,0.37262169412468854,5.987687702029425,0.4161594263979813,0.12068623365541459,cde45661617a288f63ac7c264248a144b6191f42bc1653ad3551b4b4735ab87f,b99d2d6fd8b683d6356cb6d876c164fe9843b9e33fe8788befbacf4ca22f0c2d,91447b8f4ad4658d6e9ab3e7e96993c5c7b13cb66ee25819d0eefa420588383b,f36f681fea1823e3199493a8d1b68d99c6c05c073c71458af1e8517b98c25d0c,0.3040098329074681,r3_mse_matched
3,mse,0.75,0.1,0.9,300111,r3_mse_sigma0.75_lr0.1,36,ok,,0.42713204853049813,6.162932497491877,0.4134625575847246,0.12114452937232431,e133603627b2009609a3aa5bed97281a6cbdfca6a7eea92a419745c7546dcdde,f7c0162fc827424ac8388e374e078e13fff35507f602aa06f4b2996d6e484025,3f3fd4c930813d9d87a5fcb0949c8361691152c673e49f01b275cad80c097159,413941d631e195f1acdaa371464e48a7cb0cd525fe2cde5ae3133611907f6312,0.30184479197487235,r3_mse_matched
3,mse,0.75,0.1,0.9,300112,r3_mse_sigma0.75_lr0.1,36,ok,,0.4260484276351516,6.1420516536468535,0.39069769389885683,0.11877209894525248,644bacd763502337e0035239bd1882a2783d5b5a05ac3cf964f3ace18d859473,317341fee9a89e62d763d3abfbb2be4f20cb86c2022f5a63ff588b0dbfce4787,d61189cbdb78688824a7c7ce61f481e76f8093cd9e1392836ca927f460b33dfb,cac73ee45b07798c1ae9e6c86666a9732d62a118d3c4fb2c72066938bd180601,0.3020006249425933,r3_mse_matched
3,mse,0.75,0.1,0.9,300113,r3_mse_sigma0.75_lr0.1,36,ok,,0.3746483314736786,5.944604695676817,0.4105073648128041,0.12109967261977721,ea02a0f906c4077add1f728f580129235b1ccebff060438ebc231b16f441728a,5757b18f7496722c3110cf0964f2bd6855ca6e2ab2eb5d5d9fe2176e26a40d5a,04263f06fec60a9effc446cc90a62e0992494702bc932635cb6249b6bbe4653e,eb066c6856fc796eabf3c0530893048816e57c09cba1aa886bf68919ebb6da29,0.3035762080689892,r3_mse_matched
3,mse,0.75,0.1,0.9,300114,r3_mse_sigma0.75_lr0.1,36,ok,,0.42541174362215595,6.090926318157577,0.4278519645493268,0.12749988543569937,ce4b99d8f04992133ac07a717779dcd6cdfd51bdfbfe5caa5ff3046c4fd6b552,dc88917ed83c59b5699ba2636285e959769397710157d22d8217c2fd639b0fb9,a42f1afd358ea80ccbe895b9906942dbfd9128d313fce6ad186773c0ce1cfb95,70ecbeecefa11ac94fc53c2bdf1d7d5e95568cc56c6140fd8175af7774b22889,0.3041172919329256,r3_mse_matched
3,mse,0.75,0.1,0.9,300115,r3_mse_sigma0.75_lr0.1,36,ok,,0.47596954261599567,6.037233540759227,0.3892823736297465,0.11405973547351574,c463a396e85798bc68cf4a062dbaa6d994363a8cdfc6d7c9791e21091069da9f,5958f974d9825dc3c070069675227ef7f9be0ab42121f1e9539e0d2e6b750b37,d4966bdf5179a8d69ae9ddc0384b8738a69b11cf9fb4db99b8e9105abc8ab2dc,84d99251b03effe490f8863bb789b1dd9f6fe7a20cc1e23a6e72ab9c38fd54b5,0.3035195409320295,r3_mse_matched
3,mse,0.75,0.1,0.9,300116,r3_mse_sigma0.75_lr0.1,36,ok,,0.4356268767741016,6.0215799399994285,0.40839398936332716,0.1188426509047282,084daee521e0d96b4b6964217b212b6e3d0f8e53220f91810df897c8d600625b,95c1327da070b867d19ea8b2c991d0b127ec0999753a2e627a218e1fc3568efa,76eeab117ef6d59c31d02f42ffbe76464325e059adceb74540a8b59345e3d511,9eccac748e24061d3172461e534d967f874d2164ff99e71261358f1b62c717ab,0.29722854192368686,r3_mse_matched
3,mse,0.75,0.1,0.9,300117,r3_mse_sigma0.75_lr0.1,36,ok,,0.426913531632886,6.098787542496987,0.4108502587948947,0.12284422737967352,a7cb6900e99f4095de6330dd8d979a9b2cf415af5be1ec45ac3ad74d3326eb57,2177432f921982ea8d382df02f0077297ddaccd66748d6c49c88675fedf7c8fc,99d9e59252d3d0878303d892f1426bdaa87d9d9e96c0da52100cdf390f18cfbe,aaa7bb61e002194d9e04f0f168ace32f565562b826916a2e432649a7d5c5c85c,0.3100855000084266,r3_mse_matched
3,mse,0.75,0.1,0.9,300118,r3_mse_sigma0.75_lr0.1,36,ok,,0.4083128940424156,6.036169406370989,0.39854851330698976,0.11797035993886897,2bcd33845041cd219b498a03ec11004d81bbe9dd3f558b754d6ea545896bc7e1,b656512a7c47a60c5f0e2699f11ba568f724faf443528db6c622a46754c748b1,d362c25c6b0118ba623f4333687179ae706269838bfce9cbed48c9249a1a46b5,b872ab0e6c751c1e2d0f92bfd218e2c65f0ff601c95d870b53468776cf1bcc51,0.31133175001014024,r3_mse_matched
3,mse,0.75,0.1,0.9,300119,r3_mse_sigma0.75_lr0.1,36,ok,,0.4410893075139659,6.184970946964959,0.42073503524839506,0.12453757043352494,aed0e9fe989702c5562c247fac514771a622ee069fc4d2535cb8bac20c823ea6,7ee168630ae11472db3d3cf3061384c4b41ab444816c085b7ff71d8d02ebc072,c918f502a53094956c4f52b2c0b8f131bae0c09457d7b1bcc63627f255a48f39,cb22cadcc673556b5e7dbc43999fc3fa88430f55076f5f92c0b6b3fedba09037,0.32260449999012053,r3_mse_matched
3,mse,0.75,0.1,0.9,300120,r3_mse_sigma0.75_lr0.1,36,ok,,0.35874165455357765,5.939158652057386,0.3918968948810374,0.11835286225407331,cb61b23895f2815bdc0aadf0c708a92916c48234dd8e466aac8cb4db803fe60e,31599b2d6bba43c85d8620af2e75378d2f44d1123d2eeb378287504537e26fbb,18b537ed95217b141800e7396a7436290e5656b6b53e4843f4ba178aec2cc312,fa4216461c1aec1b7048b89702e2c8d91f027016b521e14e0e976404098c1cfc,0.3117532500764355,r3_mse_matched
3,mse,0.75,0.2,0.9,300001,r3_mse_sigma0.75_lr0.2,36,ok,,0.3700049834985116,5.977439151967116,0.4109413481155617,0.12081675634597513,547df75d495d72b315fe564322ceb41b8419e43ddc93038fd9cf9fe53fa9e4d8,27e1e2c3dbc45cde17f5de651f591de18321454482d19b908f81fa3a5e20af67,69758c4038ea4506ab5f93f522758a89053fc67525bbd1c52fec667d6bcbf42c,991ef6644dacbaa2fd149c5d8f25cbc899c96cb7c68927413c7e22789833c34c,0.31115574995055795,r3_mse_tuned
3,mse,0.75,0.2,0.9,300002,r3_mse_sigma0.75_lr0.2,36,ok,,0.3324687823696373,5.983027663525021,0.42087647862469385,0.12668382006603285,fc5b1b69e7b8cc0f50f32cdfd3927bcade5b7de5f025f5e97e35f13b7dcccd65,4c5eda357008888dc1e99dacd5c9935dfd3c62182290bb6932a887ff0a66c610,a5a712360fb5fa4520a4a2a22758a3c27b67b4b6230c882c34f8bec299500618,a4bce7addb7262ab3f3f7e29769a1d95a812b5f66695af5850c378dee2b8f0a1,0.3009711670456454,r3_mse_tuned
3,mse,0.75,0.2,0.9,300003,r3_mse_sigma0.75_lr0.2,36,ok,,0.3281307080955106,5.91488158304074,0.410512322459901,0.12110113512567079,a2e1081d9fface7a08688415de646f26dfffcce559f08e132cfb5e7e252dbf1d,833f767deaf5306522e0610877df9712365f64f25c2a9481ae98b9f1758574b8,b8fd914f2b4bdf613e32c9b4ca66c151b4100da65fefd0b77b59ec024c9a44ec,2d4b0db97f911ab9463e619341acf46ebfb248eb869bce24379163468442661f,0.302338375011459,r3_mse_tuned
3,mse,0.75,0.2,0.9,300004,r3_mse_sigma0.75_lr0.2,36,ok,,0.35422974800134527,6.038389263621888,0.42852585689313755,0.12641512778347558,58cdeaa78f51114a6e914189151f24a71007e71cf610cda51f971b31dde06f10,a0355d581f3ff5f5a74dacda51013f50e7e5b287c1670929a81b01c976ae8a59,f4a0f9945f1a3c60df410fd10e800e7fff70c42926132265e192700fe51606e6,83cacb47a1228c8b66bab5759a1b56585e0837154df35715d59b86b3f62b92de,0.3045375000219792,r3_mse_tuned
3,mse,0.75,0.2,0.9,300005,r3_mse_sigma0.75_lr0.2,36,ok,,0.36698998579540676,5.912242848246886,0.40895337903672585,0.12350392046909121,5c051b69b978374ceb2348d1862e0af437f756e529d7afc1c1186c2e54ef7e57,5b6bbd1920d2685aa73875088a12ff6c127d36ad58b03e361afa4a1c313df8ca,d976a89bf7356c6f04f5258704546810b697343924994c02baf71f5d418ae242,6fa2bc33c8505010824c58b817979b6f4a4f5c99dd9aff08521359b482695476,0.29869183397386223,r3_mse_tuned
3,mse,0.75,0.2,0.9,300006,r3_mse_sigma0.75_lr0.2,36,ok,,0.40756041700478085,6.027494268172975,0.41691967254852996,0.12465898209201046,15a47afc3148937636cdfec87f5ea1349559551ab1fed512817b9821ddae305b,ff12b0003f24e3c1c0d39d5463f83beccd48c3ccfff83cb5aee8a081df56b4bc,ab3dc927fb8090479524becacde4f6a212469ac909fc776896be25986068b415,8e39a876cc4064f01e9921ddc7e5baa446cbf56812741d14a9e0d781ffbbdac4,0.2989140000427142,r3_mse_tuned
3,mse,0.75,0.2,0.9,300007,r3_mse_sigma0.75_lr0.2,36,ok,,0.400042777996528,6.070538285194962,0.4165550058996624,0.12246717173450074,5ba229eea3aa5e9e6cc0d94a42d4948a4f324f7232164c5b1db8b24ccebe076a,6e51f2f2d4b59e8180ad8e8c7b27acb0d8ca7076d726fafa5a2de56bf9a213f6,e43c63144020802be6b53960c12113e626bf5af6fda738e99f406898c59b2306,593343011c30c2083257fb66fbe43394850426d8a89fca70a4c1ebb7b0d0ae6f,0.29577545903157443,r3_mse_tuned
3,mse,0.75,0.2,0.9,300008,r3_mse_sigma0.75_lr0.2,36,ok,,0.24587921957802714,5.948987760185305,0.457157504509584,0.13303283381228895,92d23af5bb836428a7eb153f6a2380de81f8fc80da3fdf08b509b0370e7b93c9,81d19f6042d7b3ac55466949ad7de628e492c588c338e358f96626b8c34ac720,bee7b617c2aaeca7aed1c7211692af81a9e8c73b90ab946274e48eacc461cc6d,5c66b8ee90c20d40cd5f9a81483277cbfaa88705613664f55736b6733f0da57c,0.3013481249799952,r3_mse_tuned
3,mse,0.75,0.2,0.9,300009,r3_mse_sigma0.75_lr0.2,36,ok,,0.44867067853738735,6.145328021939721,0.39562733987215914,0.11868820196164775,5600684e9ca941293ec22e3fe6f944bf235dd38fe0048ad959412b96248230c5,f9b700d2fbb94c6f5bcb5fc647d367c3a5a186efa3eb7cec51aad8776f3baae0,2d964aa7f8fe7009d98b6d55b32a13441017cbd1841bc5f5cfee4f60b1e5597a,e8bc498b410b97e751e23e69859a2fada42dc986526ecc30cf45e82e06e2c35a,0.303626999957487,r3_mse_tuned
3,mse,0.75,0.2,0.9,300010,r3_mse_sigma0.75_lr0.2,36,ok,,0.356814942081562,6.074332529525808,0.43350720841129137,0.1257170904392745,a56b6fb7e11162aa1bcbdb89986ef350dfb815c8939edd09a86a5d1f2edfccd3,ebef873c28036d701489dd58ea3cf0f3ea8ce6397136f78ede722212fa4058f8,bb472853ba6442a16e47aa10fc0daf077960a8da8c18c216c683f43e69ca33f2,eb62af4567237545622dd51564186f059d6f23a232924e264e28af4e9de6ae2e,0.30153458297718316,r3_mse_tuned
3,mse,0.75,0.2,0.9,300011,r3_mse_sigma0.75_lr0.2,36,ok,,0.36281114087369504,6.031867700231893,0.415914801420752,0.12602218483048785,e77879b793619b6b11bd41e6c0dd2126d719a2f55d9c0ac0da2f1549b0913658,a815904015b8a5020a10190b51a4a1dbcc318a510e2cdda9f1b17ab6b4222a91,5bd61f9d39cc4cc3c95c3edac539cb72db72c7da8b3f32ef562ec5d1774de753,e64e801879f8eb5a9b68ba11c95bf915deeef10979fcc4b6878b36e3f1191a2b,0.29750083293765783,r3_mse_tuned
3,mse,0.75,0.2,0.9,300012,r3_mse_sigma0.75_lr0.2,36,ok,,0.47490692143492275,6.178958378917228,0.39631581854089326,0.11810211392518619,9a73bc3dd78108b7e8c672136c1ebbc9996870d62df4ae1db431a984856c4ad2,1d51aeda2aebdfd8b9ff597f1185d611b6e9ed0df0728b69bcb6d1379cd855e0,51f56ce6a5ffd57a004adc4d3b933139b11ac3a8a60ed27aae338eff841e7a94,f99adc822591519557536c369c50c62c87624a0d027d77553f7ed409024e2145,0.3021098750177771,r3_mse_tuned
3,mse,0.75,0.2,0.9,300013,r3_mse_sigma0.75_lr0.2,36,ok,,0.44618757650151764,6.15694802240567,0.4258294960776233,0.12221306537427788,43be896293e02a570742d018597b933e42ce673588e34b4fa509ef9d1086355c,fffdef1c1b60ad8ff28008f50a6fbe337eebd5feba0cb6cdf1f62599072d89f9,ec5400175b7029cb3cacb2798ab3139530622f9622ec41de1f216b1f0c7672e7,5b0d87bfa298a0d0864b70423cd9b59786151d84e8802e59e8c5740af1fe4eec,0.30138420802541077,r3_mse_tuned
3,mse,0.75,0.2,0.9,300014,r3_mse_sigma0.75_lr0.2,36,ok,,0.3432390466470716,5.9934127749785455,0.4336691589961449,0.12012635704193214,0cecdd4ef73e35260909137e7b4a9da22dc59d3d45a902be1bb9f890039876f6,023f1bdec63d2e5bed62469a7b9aa815b4634b3b7388108055538265bed25dc7,6d8b0c0df6ef122481e0cb03e2c80742a9e5a650c5693a53530456e46c6eb7af,9902115b1126edbd7a522e5dacfedd16f385530228e79290d414183850baa01c,0.30170100007671863,r3_mse_tuned
3,mse,0.75,0.2,0.9,300015,r3_mse_sigma0.75_lr0.2,36,ok,,0.4688111652314021,6.061820154609085,0.3953799807791829,0.12098627411842998,7d60c852db0400ac3b4314a8c7a8366b70bbe606cc64f24d1f55a53477325310,95577195c75752a3d800cd54cb592b0e570d9ddaae911f46c2cafbc86fbdada7,f2b43ba805d16e74a13ab8ef2b875c54467b1e2ce135d9c0b5a54467133bfcb5,c7da33c49a2342fe47fa942fe1ee6ad2074f2e0fd5fec4e3d21475f4baf65a3a,0.30108391703106463,r3_mse_tuned
3,mse,0.75,0.2,0.9,300016,r3_mse_sigma0.75_lr0.2,36,ok,,0.3943111622835793,5.872243435656419,0.3957254361024203,0.12188343431954544,e9cb11c03b8ee8be5af6abdcc1d3777225768bd24abd02a539c763d257098807,34c39d8d5501347c5c7a8076aa73df0fd8faebae88bb05da13de3c574b7f25c5,9cc8b1fac2217e31c2bd1182c8e33df4f081e264e52b1f05c952484a2c0ce615,3e160054421ebf1c15a96065a20d3beff7e32052049b03a9efa83b44df42a2dd,0.29879400006029755,r3_mse_tuned
3,mse,0.75,0.2,0.9,300017,r3_mse_sigma0.75_lr0.2,36,ok,,0.3522380736130597,5.997631040800281,0.4350392037886471,0.12616136909870765,3c4ef79e66878b5be9a3cc390e0d91b4b1d607483a1aab1662b84f5be4a254a0,f3ec861043fbbf94cdf36e85a09f9ce95b7156b2ea7ecf03bbc1eccf865160dd,1d68cb65efe7145da6f906bcb83f8527eed99024a39634ece9eef8dfc44d13a7,b2b593adc09c289b68ebdf7172daafe1a6441c1c68a4940a2b53806fc44e874b,0.3292537499219179,r3_mse_tuned
3,mse,0.75,0.2,0.9,300018,r3_mse_sigma0.75_lr0.2,36,ok,,0.32171628457737533,5.9109382261338945,0.3939808703313133,0.11740629935873136,1e61d1562101428c9c58975a868ed0d794029be0ae2ab5b7d5405928c87d4a13,bd933405607b33df3caa53139bebdc6aebde79ef4c90313fa0ee4b523101117d,5acee9bef351250b67c0910eb398a161555d42ca42f246bd60d219654ec057fb,c8e7cc9e26a61e3f58ce13d016a12978ecd80c4c1d6a5e492b5e5c6f65ae1378,0.3394950421061367,r3_mse_tuned
3,mse,0.75,0.2,0.9,300019,r3_mse_sigma0.75_lr0.2,36,ok,,0.39989682749622574,5.983207106271049,0.3938802805224517,0.11855796443725797,fdfd8e6a98343166e6dcd7fdd44414055adf41a5cfdff0fb23072998f90d34c2,43bde573aaca9ac4ed736014dcc914055e7ba211a6ebb9f59bd2eab92521ca4a,c2aeb78cab28998875578d1db90e4d7967a8ba1e909ef64f9459b1d5bc10a59d,e6c083283f666cc72932d025dde2b806148b56cd7960917ca5b6d042e035a91d,0.34042820800095797,r3_mse_tuned
3,mse,0.75,0.2,0.9,300020,r3_mse_sigma0.75_lr0.2,36,ok,,0.3394394191609642,5.882324483252665,0.4153031652062336,0.12334504006625138,906ca7b0c8cf3b525f857a92fec5f7c51c7412455b4ee13098e957ea4447fc43,6ef26e9565f7a805b72693c700925b72122e52339ba7e680019adea3d69e0994,fa2650fc47b2898848deb9e16643c9df16dbb8c064f1372fcc8fb42d5b069278,d8e27f5d821a5397c505abf03522fd03ccf6510da7e9d146a9cbcb924e7fa74c,0.332786291022785,r3_mse_tuned
3,mse,0.75,0.2,0.9,300021,r3_mse_sigma0.75_lr0.2,36,ok,,0.3560988881612446,5.977761117561456,0.4454132691851952,0.13228774094800297,fa4b7bfd5394097ae05f683e9cb6bd9b7d243d63a0cd1166aa9c63dddda4bf29,592d49d03e1d329dee388d65d5e7c0c74727b081c7888f72b200a3d49a9f761a,6e5a2d7fff5d93d0ca5734aaa42b62a5a2c38c391aa015c2c994e8ad84e81b47,0233372532a8f9240183c6c7354c05c43f3770ed82de4c7cd2075f136d7af707,0.3263890410307795,r3_mse_tuned
3,mse,0.75,0.2,0.9,300022,r3_mse_sigma0.75_lr0.2,36,ok,,0.3888821988009015,6.075431521855937,0.4054782336968085,0.11839964423946808,01132f8d76a31fb1533df417971bebb1e16141690bd2f32439d016369638852b,0236641094670eb129ba35350d11bcad44e89884a4dbed23ad8adf5e7b47c52e,dbaef4df14146e5e884f9b2cec79fa4dab19264587c680094bb725a96b48d7ff,b5fa758ab26714e9522049b9608d8221e1a573b949c738c60480eca08d619c02,0.31980533292517066,r3_mse_tuned
3,mse,0.75,0.2,0.9,300023,r3_mse_sigma0.75_lr0.2,36,ok,,0.3426873065517854,5.9328983968541475,0.42235837886737443,0.12375100500814071,8569b0c8c05e42f7fd61099236414ab6ce3713f6a415fa14439fdfd258b928ba,d309ac4b205e9879f73bdfe3454618e4b2f8674023509d75c5d8e5d9c6444e79,bd48f8b06cf09ef4df174486d8fc985e96347b9e05aa464b06fc1f3c77c4843c,66c0c90b743293087582744236d649cd4be0c6dcd399ca75d01ecd448f909c30,0.3248314580414444,r3_mse_tuned
3,mse,0.75,0.2,0.9,300024,r3_mse_sigma0.75_lr0.2,36,ok,,0.44620690358957205,6.003435866243647,0.3799685410710986,0.11475049940347178,0790780dbf8b15e4f2cdee78286694884ef6f0989269cd40dce812f11c818968,cac32651e1651a8f3598f530661e966484a5eb6d2555c9964fd8bd3dd7a87972,916f15260079a7a4c027c920f7b7b09a6761ca4cf413cf0730d6d477188f1ec3,40eb18e80ec2583d78be633d21f9e06222acf34204dee946a5a14ea2cfed12ba,0.32286925008520484,r3_mse_tuned
3,mse,0.75,0.2,0.9,300025,r3_mse_sigma0.75_lr0.2,36,ok,,0.41069868257228515,5.969657799527491,0.41587097459060074,0.12309780847881781,e6c0956e9a29de034cd0ea6472278f9f9e305434300df8b4e8f108cd08f26886,50ff6677861293934dc3f7a0e6bbea9c1b904b4976071959176694c02e0f577f,3802da75beec3e84002bb5c4f02d205dbb057b759f815863a498bd63f4f64f8d,f1ac2d52cb8349cd1602510c4c7539ca88536eac2e811b9b9298194321fc960a,0.3223232500022277,r3_mse_tuned
3,mse,0.75,0.2,0.9,300026,r3_mse_sigma0.75_lr0.2,36,ok,,0.37021041868180143,6.006144356148095,0.442114217405936,0.13086580835215705,8259c7252ea55af17697ec3e92fa664cfff2cc2c62b2fc54f2eea6704162cff1,3ce53c419a8d2a98d1de9e36c588e27e9bb5fe7181e80c9c70731f6462d4cb14,69921f13f2acb1ee11115fe84bd7d2ef292c18a3f40808ac325767c7b1fb0d9d,a6852fa17e57de6210a5bcc9d383a8452617fad05c3a2a57d047a12faffcd91b,0.30009995808359236,r3_mse_tuned
3,mse,0.75,0.2,0.9,300027,r3_mse_sigma0.75_lr0.2,36,ok,,0.4274697271139246,6.092810496285311,0.38932472206497093,0.1179653907856862,555f7ef7f5300d55eab90b7abc2509c6ddd5a82433086073d518b2553e5ab635,a7d852e0006855682420200c1d8bf0f5ce4d270c112bc0971781ca1840f21e60,37ba21b9f0a05409a1137f2fbeb6d3194b78e0126282977521d8abf2777f3295,6fb3db1e54c7be88dffe6b4a377b848bed5328bb51044dd44bcdeebcc62b7298,0.29931991698686033,r3_mse_tuned
3,mse,0.75,0.2,0.9,300028,r3_mse_sigma0.75_lr0.2,36,ok,,0.2866192393126148,5.8433220633824545,0.4511515072945892,0.13308969465190382,2c90d269abc02edd082587ca1c45ee3ffd608040bfa33037f48b60e800345af8,a6c7eca434b19ab72070f4331f4b1381a949bbc03165c5322c19b18d31fc02b2,7f3e17c5db0382da1a0b503fccc4d29988a1aa61c8e288fc0ecc8a6fe4ae8091,44fbf7682a6635af04bd961661b922ee5332871e945eeec4f8005b3c4d0921bc,0.30053249991033226,r3_mse_tuned
3,mse,0.75,0.2,0.9,300029,r3_mse_sigma0.75_lr0.2,36,ok,,0.3977287975348177,6.0472817559055665,0.37357111230511214,0.11207133369153364,eefaa70b2e4f9712c8d2fad79662c2cbf1b04130f1281468ae404c807d3d474a,1871ee4f3ec66be83578b8d08c9fe3fe9d7e22fc8fda48d8e405c13fa4ada97f,0ebc3668cbaea98d0ef2948f14f4d6f1a7df4bf73142674a875005a23b1d201c,a84e72478d45adb676867e095257c8d39b22099cade5add449860c14f447b876,0.3142915420467034,r3_mse_tuned
3,mse,0.75,0.2,0.9,300030,r3_mse_sigma0.75_lr0.2,36,ok,,0.5160643641166539,6.2535800605293295,0.38375971577562523,0.11627919388001445,689c46954bb970719c1ccbfa862609bf50d62d91f6ddf57a68b1db613dccbd89,a56675cf7971dee4a5708aaa7631775cc4ee0dbbf031c92437f8dbf764a22761,0fc58e813db6c0a6666e214f974e70e6ac4e69ae6cfcb7f21c393ccb800cbd0f,8e265c5278cd36d484e685935308e83c7330f510403091a0c77c57b5cc9dd65a,0.32375354098621756,r3_mse_tuned
3,mse,0.75,0.2,0.9,300031,r3_mse_sigma0.75_lr0.2,36,ok,,0.3980893929474526,5.961342122176114,0.4083628591180209,0.12291722059452428,caddfcb37abf3009ea99deb5316e1db13d5b0c34c98f7fcd4ecbd61674891add,db3e5c14e5fd1b464928c9903eaa0097bdefea6f9ef8c18e0c4d0f68471578e7,c3046847d8bc7742510b0bf358fce5745710323a6fe906651129aca7f72f6409,226f26fd7a3695ec2b82ef976d0171de7118ecebb601cc7d930c8bd5cc103180,0.3272937500150874,r3_mse_tuned
3,mse,0.75,0.2,0.9,300032,r3_mse_sigma0.75_lr0.2,36,ok,,0.4065699531582938,5.944065009615994,0.3804684031729021,0.11566239456456223,0cafa4d93d49dd1f1f96e591aef2aa1a0071f194cff785af1ee2ce77d0de7756,04c9ef5c63f89d8d6e9b8a0abd0768718e42d5a04c327b4c018659155256db82,6f2ebb7c5cfeff6846119c395859d312cb6b2ad50693246b3060147336ae7d08,aff622c8df07d2dd307512e96aa711f0ffb5a57bbf6a0eca2e8c3533fafce59a,0.3699395830044523,r3_mse_tuned
3,mse,0.75,0.2,0.9,300033,r3_mse_sigma0.75_lr0.2,36,ok,,0.37910297169529467,5.92060896504486,0.4095739560491206,0.1232817607707853,7856a8c79f49862d335530e7ecca990edcfcd44e2430b104e8e8b151686a6e47,57645ec48930a4c1e12aca637d5e92fbb621813907a9a2934b04b342047ed618,7456d7c43884711d6eccf0e05e59da6f8371ca0e030f84f114628e4fe919d2c4,dcc0806e4af9ea055db737a65bfa1ca01bfcfd7b1024cb87bba84128f4ee6478,0.3711467500543222,r3_mse_tuned
3,mse,0.75,0.2,0.9,300034,r3_mse_sigma0.75_lr0.2,36,ok,,0.3520683565451924,6.06362650090623,0.4166536588135801,0.12082956105593823,265709a031a255d67a159004510d8ae9eb9d1243c985ab835f322589dfcaf0f1,413113ebf5837c734743bc6fac245c377f6d4d765fe16dadcebe845b6970ecc0,bce3c46901dd3e8426a82abca6109602b4daad21f874f2b38058682cf1d1b5ba,8461cdce81f22bb0048ded0263c21b3b36803077fb5336a0539dee629457b505,0.3800058339256793,r3_mse_tuned
3,mse,0.75,0.2,0.9,300035,r3_mse_sigma0.75_lr0.2,36,ok,,0.4423629150742366,6.017737153933738,0.4137177999856589,0.12287418659574068,a7c9f8da5f053c87a9def53188cd1c7b7f13817ab7c058c3a0e9a596c18599c1,11b8d6a0d4a74720af43b2d3caaba1e6a3f04e87c01ee83efe4d105817f577be,7d9647b95c8fc018b7ebaa5ac9c27598bd9b5e60ee2a0bfb31124673a835a2f5,079103b82a69c7e7096037f07fe33272ab0203ad9cae69a0336569a7c5968184,0.34651691606268287,r3_mse_tuned
3,mse,0.75,0.2,0.9,300036,r3_mse_sigma0.75_lr0.2,36,ok,,0.33684543451281757,6.004551193749307,0.4318320870551117,0.12695863359420284,22e590454277a117e664fa941ea99ad8f30ebedeb9c6b160f358ccfe31a4ec13,4a1b30cf27c2d621e06e2bfd1f031cfb01554bf0205e819cf31f51918f94ce7d,61af541aa5400aa6c4d7948c4d80c81580ca4eae7703e476f1729115e3dfb394,fe298e149def756acceff683c1e421793d0c5df2f7dc1ae8aff207f5112457e6,0.35029075003694743,r3_mse_tuned
3,mse,0.75,0.2,0.9,300037,r3_mse_sigma0.75_lr0.2,36,ok,,0.3466742380003957,6.064828003276403,0.4425007943652423,0.12522772480536357,f0968699341ec1620fba5f45cc467b965fd0a832614c2f270113853125578534,ca4f3809d1420c32523738a8167122c75bc9dcffdd8c533cc422527ec8511726,29b762c8b132682407fe04c7954c8a9a433ffafd7f84875e64dda96ca2415048,9ddb6ff280dd604107810a45c590bac831adda5a52d1f211156cf94a59d4718e,0.34059920790605247,r3_mse_tuned
3,mse,0.75,0.2,0.9,300038,r3_mse_sigma0.75_lr0.2,36,ok,,0.42684499434490103,6.0193086535468705,0.3958256870018949,0.11914353178757037,aff3f60d957ad1bd6b8c2456f9ee3a6386b8d361ecaa85f54ae4f6bfbddbe902,0d3833058011035bd683ea656900b18bdfa928d26ea9f2045a93b3f0902d7d95,125e0755616315bca11f7a592ae753739d84e58ca4941612dd8a2dbeaa165e62,e46bd74f0a5fbcb3b6445f345c7a33e1ff466bf16e26ae901d7333bb33ced90e,0.32259049999993294,r3_mse_tuned
3,mse,0.75,0.2,0.9,300039,r3_mse_sigma0.75_lr0.2,36,ok,,0.2791239388492695,5.878776796791925,0.441755932377939,0.12545868479533467,4bf06104aa241b940a7daf009513d821bb13b8169b7d99bebfc074a6df500c2d,d8907a883af4e8a955b74b01aee12100811c29821c76d51119f417e1dd3d9766,6a1e0aa9851d87405257339d94e64cbd7b88e4df4ec58c6d1ccf8684bd833e68,b08720cada05b536ceaccca0cdd3537ac21b343bb06ab5915b44656dee4e3ebf,0.31307329109404236,r3_mse_tuned
3,mse,0.75,0.2,0.9,300040,r3_mse_sigma0.75_lr0.2,36,ok,,0.6148617816967532,6.153401446244843,0.35670614569332854,0.10736854985369189,79798a2e527fb88ab17da97fc950bc934e74d76207867b2377edfac289c7ce06,6b14f0355647f998c5a55c0c33416830f720e50e7f81ac5277dd002a135a6761,597b61745af1b9056f785942c0600eedff5d5e281200530aab15bdf0feac09b6,68ea5a706b800bb0a573c80a585335d641193a78d275999dd33ec558863aaed7,0.33164833299815655,r3_mse_tuned
3,mse,0.75,0.2,0.9,300041,r3_mse_sigma0.75_lr0.2,36,ok,,0.2707057426676412,5.9329051266704695,0.4105817450519628,0.12399568700569277,46829aa78c5762a9ceb54ca8863f3480de6482517bfd1e43afb0bf0bd89ee10f,5fe2e72c346db70edb03802941639391b013a95df940dd11e187db63f3e31d41,0d00e39e255f46dba3191a411405565806041187fee5340f137cf919061fcf8a,e0a625d525eeff2612cff8f5fa9a1463a219dec5051f7cc67149064409fca4f6,0.3073757500387728,r3_mse_tuned
3,mse,0.75,0.2,0.9,300042,r3_mse_sigma0.75_lr0.2,36,ok,,0.40338830453211777,6.065038709152117,0.41871649473563066,0.12226521646280415,d1de4d8d5d0089d4d77b163b6384abdb2b66b12058825b0360411bcaac5ee92d,c96616c67560f50dd3cebed2c47ab6cb33774c80774dc35950ae0077ea90dce9,236c3e9d974c8527f82c627e7f9465d89ecb24c2e5c55dc5fb79abb7dbacc564,a95aeb5c22f26e6994ca758bc0c119f8c4c79fadc4172c3ab995989237f07890,0.32272016699425876,r3_mse_tuned
3,mse,0.75,0.2,0.9,300043,r3_mse_sigma0.75_lr0.2,36,ok,,0.2831003813678411,5.935608487794491,0.4220539692311884,0.12155154313858224,ef8e7bd25984576db7218ca16ec08bd0e975634b20df074f8af7de4fe7fbda55,53f7262f5cd4d611f0f38b893d60ff604847d5eca0ebf2e1a7e1e98ef996a655,dd8941e957bfda920b24148fa5cbe1e451f423f0776c31fd0c1e985a30e475d8,efa55b0ef4f0b4f4f9c2f6cd2dae2d18cfe2e979d700e34f66cb9469b2697e0c,0.30899454199243337,r3_mse_tuned
3,mse,0.75,0.2,0.9,300044,r3_mse_sigma0.75_lr0.2,36,ok,,0.38684150725918665,5.9841050660615895,0.4012143612047659,0.1235740232510679,ea06d8f954be15f088b6b90d0574b59f97197659e1302f3a9a0fcf4587fe8a2e,b404b0e35919d04ba7b0a4787f4141bc945414ba3d55c84d25c5d179efb132dd,372abc43814f86f660d62de2915810d1bfe0252d8fa419b04026f71a3f5ab720,8bf441b61f76d80cbba2c8d75e5e335855af291d93acabe920ea6b9e74a216f5,0.29922704107593745,r3_mse_tuned
3,mse,0.75,0.2,0.9,300045,r3_mse_sigma0.75_lr0.2,36,ok,,0.44699084599246075,6.168540204769762,0.38871024578997987,0.11428081226225408,2bd910b6630755e770f64ec326f47885a46e28caa1cfb2ece9898be6c52254a0,0d407ec9546bde5c8283677841f884df398b4edf2732dcb0e9dd9b8da082f3fc,9d81f3cb4360e76f6436ac7d825a7ca5602d5d45944f72eaf71d524a3217427b,cf5f992640c0b710b747b4b1f61bb8700d3f04a136483a55311bdfa338c46802,0.2952763340435922,r3_mse_tuned
3,mse,0.75,0.2,0.9,300046,r3_mse_sigma0.75_lr0.2,36,ok,,0.27856695883044535,5.950710643124739,0.41470522653090697,0.124826273185803,d5da4b35bdadfc27dd3908a7c92fc60c1ff033f7604349db35b46f48f15ce767,ff0c44f2c421e6eceb92495760ec4e53e943b09896522d93659840e35221af7b,10d4dd942fdf8134d835a7c230f64118d1d5cd38b1b1c82e7fd1d5f25707edd9,925d63bd9b7d97f5ee2652adefc13defeac08ad8d19a0cec0d8b020a02206331,0.29815699998289347,r3_mse_tuned
3,mse,0.75,0.2,0.9,300047,r3_mse_sigma0.75_lr0.2,36,ok,,0.423358898164806,5.97041916123667,0.4077128237610281,0.12435241124711356,ba80f6c2328d41463530a291329dc92669415ea45bc43bd361aa88ed368fe2cf,f19e3d15b50f8f8cce7c1ecf8cd85899aea4f5e9b0c50a8617fe9a8f75ab8daf,ac7e3e00895fb9d8d56b3ed3dff58e91f036d32da4c74f8d05f85d77c907cec5,89a25e75b4cce3e0e9122d1987284a3e2a70a8ded64b4d7b9459ed852e923858,0.3870718330144882,r3_mse_tuned
3,mse,0.75,0.2,0.9,300048,r3_mse_sigma0.75_lr0.2,36,ok,,0.304709521983544,5.963302466788519,0.4532862610306907,0.13462601952611514,2cebda7b822c6ea3ea437354fbbb1e7ca35303cc1db6c1d50b269ae1ad585e6c,b04449e3feda4928d4221f04eb43121fb8b890df6ce8d3100a7497b322c3cde5,86adbf3298da2cfb1bc5a5a557bd3516882977ad6c857d85affbe658d6d7d2ce,5504843decba916ddf60d72ebcb99312ae2ebd06a3b78c829dc4768309a43848,0.38309995899908245,r3_mse_tuned
3,mse,0.75,0.2,0.9,300049,r3_mse_sigma0.75_lr0.2,36,ok,,0.3283181471993359,6.013373733608571,0.39844993000062295,0.12033187886018813,4dda00783c3e9dbc89186954d10259bfe245724c40f8919bf579a059889831b9,800ad9b5f0a3eabf05aa8276d0c4ca8cd2b65ace12abe3fcbd9065b9bc20280f,6cac0f1019ba02056b4f29ab53e3be72db191db997b2aee010d7beb37435db9f,f04584e1aa506a3575b4dd510d78420120abc0dfdcd0a7b59cf799d0fe97b8eb,0.3953873749123886,r3_mse_tuned
3,mse,0.75,0.2,0.9,300050,r3_mse_sigma0.75_lr0.2,36,ok,,0.42045492330136464,6.065736096945735,0.40550586637203345,0.12165175991161005,390f2b6ed4c28899f7489d28d61acd3ab3dac981995fc19428cbf72154196d5e,0937bba965de3b29400cb0316413f15a6327a16e51075e2bd85761227b696178,37ad5cbd72fbc28c54767b607e2fbc149c256499fc3e3472e7599dc5fa24a441,3798c417e645a604ff5fe7e8317c2c3af64c7efcaab3ea787880ea664a90151d,0.30719299998600036,r3_mse_tuned
3,mse,0.75,0.2,0.9,300051,r3_mse_sigma0.75_lr0.2,36,ok,,0.43536749222698545,6.097536253888777,0.4028138667415176,0.11802446295526466,40bd3fc16e77f7f16b4a4180dd17723bd6a874c87a2ba15961fb2d1de37f22be,3e8a74a0dae522d0d97418de854467a0d05ddd3958b9920af2b9026372da8f5e,b26aa39081d9f36da50df9ca30ae6c96e2a011727cdd9485cb734f4c4f62cdff,56068bd0848ffc6235c7e1da0545394662f06f8e7c1256ed24e4fc84c170fcda,0.3053348329849541,r3_mse_tuned
3,mse,0.75,0.2,0.9,300052,r3_mse_sigma0.75_lr0.2,36,ok,,0.4069744281119815,6.047021386211171,0.4149563180267564,0.12116724486381286,7ac760f36d6a12efcf52e8294de109c9d9887444b5e5cd9434e0ccb624564774,7295e148730692031f359fdf837044caacb2ebca1b6665c815a15a29ce443773,e665c659cb16c19a45451c0593eb04ef2256a39623944f513ea154c0e2b6c7ba,54b2f1adc6d8af2797d34c4f41c82046e594e43be5d6b3723e5bd1399bfd77af,0.3055698750540614,r3_mse_tuned
3,mse,0.75,0.2,0.9,300053,r3_mse_sigma0.75_lr0.2,36,ok,,0.4182357869733615,6.121738772530352,0.37531678718367834,0.11184440258073615,07dd12f5b5c72d4ce65bff27a2ad311d79b21736ffc2b258c075480649ce387b,d9852a48342447f1e59125dfb75c6b8b13de5a1031a1a2f49fcfcb34ff893dd1,5d872f73229b633caf8655212b28574c7143ff979209b2db1fb8f95ceb2a8045,d6e6aaa2402753cc823acf107cadd72a605626ca4bdfad7abd38a80e1f2690df,0.29959383397363126,r3_mse_tuned
3,mse,0.75,0.2,0.9,300054,r3_mse_sigma0.75_lr0.2,36,ok,,0.3909599720791508,6.031658751673085,0.3956083441848482,0.12066054497637871,30dd86d095ec5d698c4e2c00c27bec4505fe1de45ca78a4c77bfdaf9a1ff2a4b,88556dbeea38b9e3f76af13cabc3a013f5842a42df9d64f8a2f8711bde460ef8,4e1d8ae44ddd7c08a34cf6cc556a761c62d6bf3f10189d9879fc31f14386629d,ccbee2fcb96fcd6b33a8718d7873593fb7ae3992f4a2c7891d7afd4a101e9f95,0.2944292079191655,r3_mse_tuned
3,mse,0.75,0.2,0.9,300055,r3_mse_sigma0.75_lr0.2,36,ok,,0.36745012629482776,6.064664710818536,0.4347076840187458,0.1325858436257175,08251a850e5eaaf3bc0db7235541dd9880d2de7b33498b9b1ffabbcc6a82e031,16103b6a02a3e8dfca8c66e03d66f1b0e1227382f6ee949182c74ddd9c1d66d2,aa559841abc830becabb7889aaf5610cd7f44bfe8fa3c0afe3b6861586764e0c,cc422e1fad87569c5aba0b956c32ef49780fa9783632b020e48a9799b457ba53,0.2957260829862207,r3_mse_tuned
3,mse,0.75,0.2,0.9,300056,r3_mse_sigma0.75_lr0.2,36,ok,,0.331478537082631,5.9392803038969415,0.4024241854741077,0.12233695238412874,d3ed01aff926b25fcd5ab72720d1b1d98d64c483df418e299d719ddb69984290,28a8d7c637b0fe9a248ae3d50677aa2d4ae5a6c7369f00f0a65b37272e587765,503064bb4c8ac56dce73d8ae4c8557d242720ba94caa10800d2a8732e4216a39,300e0a37a1cf6024dbc5485193d4f08dc79fd68e791dbfd039ec1ba4a0c78603,0.29454704199451953,r3_mse_tuned
3,mse,0.75,0.2,0.9,300057,r3_mse_sigma0.75_lr0.2,36,ok,,0.30524601642959737,5.925258589533359,0.43988374207548986,0.13196512262264695,46b86bb023c8eefe512ae0b282cadf490362356ee2bae4f1177511af1d02223d,23efabe96dacd7a930475e0fbfddeb62fc5649c0a94c45d1506afc56e10053df,99963d313f789e951f0fe79a9c2dbf184a29b12624ff88dcc4ef79dc23f1e935,2047f4494e54844cd7ab54c1466a2a8110d7c2cae5adf692a4ddb25c831e84c1,0.2934352499432862,r3_mse_tuned
3,mse,0.75,0.2,0.9,300058,r3_mse_sigma0.75_lr0.2,36,ok,,0.27384690607293805,5.96453330433531,0.4482005170392941,0.13311555356067034,be54da548939eb34c198c5b8af39c6b40768c19f8c0894ee69a24207b6b465e4,e56069914c786018770bce1a7522f77d4bddd47cb0cd7f780c1e90b386a09398,44f405eafbe3c50335c14a24299b35fa15dd5824cdf494448774e1ef45fbc744,d7297d62fe19cbe5bc10e3c1dad13d8b7c98be3e30416fa40116000617a11579,0.2919995419215411,r3_mse_tuned
3,mse,0.75,0.2,0.9,300059,r3_mse_sigma0.75_lr0.2,36,ok,,0.32012388250258417,5.882076311285185,0.4432444166607165,0.13208683616489353,86975954ea25afa24d148cd0d80a4f12817f3bdbe7943fd11114ef1e5512ca2e,ac92c365f27d645f30db1d16e6504134289e056b66e3d0432559610015e7b01f,8076a92d1eff89a131b1bb989745bbcafcecb7ab8a908bb396a2ea86372305ea,7ded0fab3efeb0d9d562a5427d570f0443c84f590e0a08655363767d55012372,0.2964059159858152,r3_mse_tuned
3,mse,0.75,0.2,0.9,300060,r3_mse_sigma0.75_lr0.2,36,ok,,0.3734824454820812,6.0630735948775305,0.39165844469926453,0.11632255807568156,ef3dfa0dcce3266b8e64b5185906508ef9724df33f314b80d6e605d6a76f6e29,85f9e8162e8403ef1422e75acbbcb246cea4fcfcbf305c2aaefe1134d59965ef,69db05e052793e945444e30062ac177b35f237b6dbedabba84326570082c0984,fbbe6286a99e6a50e51e87ab6f91fea2ca935904a157600a7c2d75567a3c2620,0.29074408300220966,r3_mse_tuned
3,mse,0.75,0.2,0.9,300061,r3_mse_sigma0.75_lr0.2,36,ok,,0.3244909196675805,5.88606031617791,0.45589140418017177,0.13448796423315068,cebafe01e6af0ee95f79d83a58cf7c3e9005f4eac4718eaed5302c26f67536a5,a034bb4db5a0ed251a7830b45b049184cd6466ad4c690b2da4604f786ad3f27f,51710a85eba65aed03a40da4db76c721f5d39f74eb8ad2317a5979496927cb60,39e0319d767aeff0f4dc58bf2720ae668fd1704e5fe02715742c8eb55434d4aa,0.2937060830881819,r3_mse_tuned
3,mse,0.75,0.2,0.9,300062,r3_mse_sigma0.75_lr0.2,36,ok,,0.4250275207227069,5.981260859918061,0.39030200277523935,0.12021301685477372,b31435f2845f9ffe580f90ef95b59358e3d48dd35beec15b8d9a352d33daa705,d7eb8769059fabae7482833a3bdb6411efc7b8bbc9dad9030069e8fb4af0376d,e0c466698941e43033d201e50dbd0d05e54f7d14b58ea01a9931fa7755d20854,9acda461ffd46fc1d0d547bc03e42c79fcfcd42db3105ff98c6ab7b4d7ca672a,0.3047879160149023,r3_mse_tuned
3,mse,0.75,0.2,0.9,300063,r3_mse_sigma0.75_lr0.2,36,ok,,0.3131369561596551,5.880865790093025,0.4325324084168512,0.12413680121563629,d6d2c5ebe7f763691e03746a41367e5be0344eaf5fdc66167695a8638bc42d03,443b43e8d82c93a9b6859f49bc9c1384d25cbd44a30cdd875c6562dd650ff6ff,ce05d11c7a1a1c10740f560ff69a559e1b594377eaafbd3cf0659a37bb6bca50,d4f5ef9b24f9bd0541d78996515aa9bcded4be5a3fe5c783574bf963f6968c9d,0.29657849995419383,r3_mse_tuned
3,mse,0.75,0.2,0.9,300064,r3_mse_sigma0.75_lr0.2,36,ok,,0.3830719144155721,6.008081876750583,0.438412322014224,0.12933163499419606,a2279af607d348c7eb3e3b3dc6d4045842a3e1c8cd56db71ed3c33fdd34d83ba,2d4cb5b9640c9fd1a8540366892d9096ce2ffb3b0448e9de439604e97fc81b00,0f6cd883845e7deedb28ad8addf0c3a092f5f05c2c631e67140ed0777f55a3d1,e02d2c062125c5a9166fc78fd4c0b6d9fc6f899df7fdc519603425bfc600ac50,0.3065660829888657,r3_mse_tuned
3,mse,0.75,0.2,0.9,300065,r3_mse_sigma0.75_lr0.2,36,ok,,0.4559915912534015,5.931069837838428,0.39540778123115716,0.12059937327550294,1cfb2f28eb8cc948dd0f1611cb56cb4e6560995412560e94f6b63dae98e6ad18,5880d14001810cdd467dad4ebafe5b0d6e501f3f570a4df3600f1534c2b7616a,1b7cb54e9f287c12f37112c1482b7db47998a96072f0918234760392a7c7571c,31638d4486842a64ef714036b494b171bd877612a88146a029d1767173e1df3b,0.29994270799215883,r3_mse_tuned
3,mse,0.75,0.2,0.9,300066,r3_mse_sigma0.75_lr0.2,36,ok,,0.31146104250175133,5.945776219285702,0.45780368688493805,0.13367867657040192,708269c9fbc27a8cde579e683a6367880c14143b935f4908ad90b01362b99244,6549ca8b41b89433ed9700fa8e4e609e210451b9c7ebfbe6f1edff98e603ef32,54ad4239226c0c75adc1e156718641a7abe491df45dc54a0283be12f8ee4cee2,575e883a35d416fdbc7037afe66047cc2135353fbac29cfee67a7bf9a06b093b,0.30346729105804116,r3_mse_tuned
3,mse,0.75,0.2,0.9,300067,r3_mse_sigma0.75_lr0.2,36,ok,,0.3920622114271018,6.022764207042383,0.4039566052010927,0.12118698156032782,081f0a8188505511354ed61a498396ca9f725e574fcce6253e57e031ed00a1a6,e1589b617124f4cb79e463a004e07e664bcf84d0d57ca0ccfcc221cb90bd6916,d1fd09649534883cd89734fc81e842ca9f19e587d1eec827050e48246270d9e5,3cdaac97d58583b38938badad30fdb303bc76a44442a410e38367fcabb08415d,0.30020291707478464,r3_mse_tuned
3,mse,0.75,0.2,0.9,300068,r3_mse_sigma0.75_lr0.2,36,ok,,0.36941478960851365,6.0101741983453945,0.40951141899519117,0.12449147137453812,0bab71e6eca3d3074b94363a2595e397768bf164f5737259b49028335278c69f,2352320ecc2428f76669b117992f88aa230efa0f74713ebf4f0d5ba8b32e0b81,a1a6b27c7ca37e94608ac405162ac117bc100d400cf1254037c425157b794335,e8b56609d626d54672c3edeffbccc60913f58504aed056edab6d881ad9b10654,0.39069399994332343,r3_mse_tuned
3,mse,0.75,0.2,0.9,300069,r3_mse_sigma0.75_lr0.2,36,ok,,0.42715706431785433,6.0911864277270205,0.40086806148220383,0.12026041844466115,6174d2c5d4074cd59901346d33d990e3b06dd344d19303a5a61f4f4ab30feb69,13ddf607a526199525f36e82d6ec66fb92b3b4a84d3eab35ac1e71aa897d1d52,91859f0b01151c1097033ae674fbe94c81d0f5314fcf3c276b0e1ffd7d3970ab,b1c2be07b2c79fb1043342df4dc8ef375f18a323986eb053e001fc408668c5fc,0.3840245839674026,r3_mse_tuned
3,mse,0.75,0.2,0.9,300070,r3_mse_sigma0.75_lr0.2,36,ok,,0.3751567365763625,5.9102000451075645,0.4175038330726129,0.12650366142100172,f634cc4e2d1c13934fed7a89e1dc9feab288a32e837cb405f0cb855949395708,ccdff70c19143dba1653dcbb3dbbffabc6f7f1c013b1dfb8a1e39a9aee3a3577,bab40b5fedf934230d9d0d16692e9f5c5470b8febc8fcb7c060c461410d6242b,61e1a2b0b51b5c7a5a13ac42fdc6026494aae82a3078bf96d1e797e2ab6a7df1,0.45964320795610547,r3_mse_tuned
3,mse,0.75,0.2,0.9,300071,r3_mse_sigma0.75_lr0.2,36,ok,,0.41215667311722615,5.924493559564632,0.4338704682413474,0.12885952906768017,a7a631ebdc901b6d1afebc5883b03deed2af77787993e7c43d983c2bd7ba4001,7a9ef81ad7224233cc5cb38b965598d9364349ed4072919e19c10e80bacca046,afd9fcf2c73317399ca16983efdfcd84868997fa4de3ba4bf51e3ab8ee2ef96a,44039f779de93e5d75bbc23f5bef4ffeb010efdcb10339ec1361199a0c4ddb7e,0.42042383400257677,r3_mse_tuned
3,mse,0.75,0.2,0.9,300072,r3_mse_sigma0.75_lr0.2,36,ok,,0.3391365258601399,5.974364415454789,0.4312138802106564,0.12720809466214364,29476ceb6b9c7bc9a00c948025fe869f227afb88b4f615b258137802f2c3d508,d2f5e742631b619a124a6e2d35a067c5b263572690ea3f3a50c8fe4ba810e605,8977935e02929e7becc78677eb5907cdee0ea75c29229c8f279422d8b8ebd7d8,ed39fae2c708ccae562dc7f9bbf39bd20cedaa562f0a4b3e0730a780580ef7b6,0.42086570791434497,r3_mse_tuned
3,mse,0.75,0.2,0.9,300073,r3_mse_sigma0.75_lr0.2,36,ok,,0.4057155934018717,5.852257105636516,0.3697297990423723,0.10980975031558458,94d96421ca2c1b509b027b228ac8292f226d27321b9fe81c04af907c5f10cfcf,ea343b04223be8eb207fe79b900dad6f48ebc9d78b3bd560a6b589d849c18632,d5f47536a2aa24a3162810e429c26199883fb455220cfd01d9cf541c6006fe40,91ed49f77d2a1d27757549463573be84ebb7161c598e7aba26ade4316aaedcd8,0.3649277499644086,r3_mse_tuned
3,mse,0.75,0.2,0.9,300074,r3_mse_sigma0.75_lr0.2,36,ok,,0.34683151561928816,6.027082925687888,0.4144741181551038,0.12517118368284136,f2250eae7e757ccf0386e915268746609495ba31fce4b4abc9a865ab6e47686a,5ac414598748c0d70db4857128449cbde5756407a395d592f1e8f0d8bf4b5c79,b39548803e380e78afae47b293cd57cd498c8c44c3d7328d137cab95dd5630e7,359b7641dd8ba163c62167743f87c276c49a09c7749488bf3d9528fbc6ba6145,0.33026558300480247,r3_mse_tuned
3,mse,0.75,0.2,0.9,300075,r3_mse_sigma0.75_lr0.2,36,ok,,0.3124371746785969,5.901832685687743,0.41392726441096866,0.1241781793232906,7dec063783091bc2e04a4042c3c3773b5ade267b870931cdc8039fa0219f28b1,a25c1eb5d376fa0b58834737109ce6926d29c8f0a8076020763734df14b91a56,f1ab4a2923c99b2be8f52513ddb62b5f3115eff7538a77c8b4aa931ffd4eff42,db0aec5317de5a33719658f6d096644cc83ba11e2a57f3093f2c270e3e97d207,0.32457862491719425,r3_mse_tuned
3,mse,0.75,0.2,0.9,300076,r3_mse_sigma0.75_lr0.2,36,ok,,0.31079279742575316,5.967283506692409,0.4520123011981507,0.13063155504626556,874f36301d93b1a5bcbfe168684f14c2ae66efa60b0bc3f6963cb38d49893ab2,a30bb8ba2fa3f25d8d30198f6baa7b531b0290bf636c95bff3cdf4e85021d3e3,3df34fbe72a6ec06222f16b3f3945ec50a28d566eed39cc823b976f0e046e934,4e3976063e6b660d5bc09022fb669af0834338286b57d611571ac2d11ca74405,0.31292779208160937,r3_mse_tuned
3,mse,0.75,0.2,0.9,300077,r3_mse_sigma0.75_lr0.2,36,ok,,0.41511348505166445,6.0426998551464575,0.426353571470415,0.12961148572700618,ae4b1717c7ab36a8bf739e3c3e609f149fdff4c16f64795219832d1bdbe563af,01468e53e4630aac84262b5039324698644a6a60b78851a2244d2d5ca7d5cb3b,f964cf3c92aea6f7193a2bc545cb2b1cf4563c33fbf91422d7d9fd8a9a1585b6,2ce50f023a3a60e7d2b5bd4f5858bd0ec9c83ad4ebe65f0d22bc229db9aac575,0.3025228340411559,r3_mse_tuned
3,mse,0.75,0.2,0.9,300078,r3_mse_sigma0.75_lr0.2,36,ok,,0.44269190613705217,6.043873940392923,0.3885479743682057,0.1161758443360935,fc507e05a21f23918e50d7f9083a51ab150f87ca134cd0efd7c9b54191cb9adb,7b9ca0f5a4d48af552fac2e70ed042c3545b15fb9af1361947503fc8f8c0cadf,3c26773201de8f53758a523e4e9e117b57f250c73c716c02f557927f92598fe0,b638936c536111a465d937db04474dc2b8134391349fc3e0ddfca323e974e8b6,0.3017608750378713,r3_mse_tuned
3,mse,0.75,0.2,0.9,300079,r3_mse_sigma0.75_lr0.2,36,ok,,0.40001296227948124,6.1213677786009955,0.4237453058617645,0.1305135542054235,99e3cfde53d3779687e41c4889b2c25c000b0fcd2df380100446ba8715eb8ec8,671c1c32f5796c76ffd63fa2ee7f179f0b0fbb4e4d0a1e393c4129332e01d5a6,05e654b3327a5e26890e9b771b6400e5ba9ab79d9f0b252f9aef0ef0531e2b8e,ed52b07e7e8f938a3a76d3ab32fb71985acaa1812dc0437b3854f2386ffe0d79,0.3033228329150006,r3_mse_tuned
3,mse,0.75,0.2,0.9,300080,r3_mse_sigma0.75_lr0.2,36,ok,,0.3989993008137871,6.083871621473852,0.39447927712326797,0.11716034530561059,0e3d960b755d50f9638f138ca006e5501b07ca00e96338156fe514e01912fc98,1cbfac2f19d4c0ebeb40fc9e4eb17765a40b7e9b64b7903e8debdd4f6b207474,238b41c902d3ef9c0bd2ed48a46db2b4b87e8dcf89cbdda9480228c9b1a9f74b,fac02a58fb3943dce6edd3a043ca2af3d3ec11d1b09038d2506c86bdcb6ea19a,0.2940942089771852,r3_mse_tuned
3,mse,0.75,0.2,0.9,300081,r3_mse_sigma0.75_lr0.2,36,ok,,0.3268414587228345,5.991291016910692,0.42224552153547174,0.12794039302524796,ba2f638e3dea8ab3bc59b28079c678391c132e83fd9186ea1da00b1add31d0c8,1a216ec3f73d111315128ec3ea4d639c9921edf923f3131c1bf95862d334f31a,b1154e3386b943676e8f461c997f0a13c5983d26ed22c9c748832d5d14b5f021,3559c01fa0ca53456e85ce6f55e5314f58d7bb81cbb08a0bae8856e8a2c1a37a,0.2932207500562072,r3_mse_tuned
3,mse,0.75,0.2,0.9,300082,r3_mse_sigma0.75_lr0.2,36,ok,,0.3295808394020495,5.994387916927216,0.40865529371940723,0.12137062223466395,6c99cdadc1611e488d48953877d470202aead6ee43dd801e550e79a6bd0e922d,7d0c04aaf56cf065cabc2f4d8c5c616d73547978bc744188c58727f7bfc38976,265ceb9b84556e41b99cc6a1310f842bda0f172e675f813e9e731e3872257ab3,42d402303b9135df28a8c8a55568a6a65e43d7da488d78749bf67894703b311a,0.29988345911260694,r3_mse_tuned
3,mse,0.75,0.2,0.9,300083,r3_mse_sigma0.75_lr0.2,36,ok,,0.44361079205654397,6.096391360809443,0.41854704862780795,0.12305283229657553,fb2734f5bab358e14e01f2c8e72617ccdbaab144d7802f2c8c60ee7f1e3ed644,84c7e32ae9100532c76001d8d1c47683e020e8e4c9c3cdbd4666f567820d7dfc,fbae546b3efcf6008f28f3d5b5d868b976bc5cdd69e6a4602d7e05fa06b2aa3f,f0b865da897ea72d10cffeaf035acb0c3a717b5460fde13c00742dbc6ff524ce,0.2999911670340225,r3_mse_tuned
3,mse,0.75,0.2,0.9,300084,r3_mse_sigma0.75_lr0.2,36,ok,,0.41602092836586085,6.069652822831627,0.39774857500256894,0.1189268239257681,307f937ba084b91de860668af0fb0f69372364bb6ce4fcef6c017c30674f17bb,1cb069d54206b5c7c80fcb7a9417feaf0b8aec9e6bba2eabacd8a44cb5aed089,2fd02768fdb7f146b2cbb15b8dadb8e9814a9305c312fd799e8f900d7f3106c5,27fb07be96804cb6a8ac376df4db86294f16dba84052fb7c12c078b1c817ad1d,0.3000886250520125,r3_mse_tuned
3,mse,0.75,0.2,0.9,300085,r3_mse_sigma0.75_lr0.2,36,ok,,0.36726933674181456,5.997930605945966,0.4212337965712371,0.1259489051747999,b7bda8f1c6157533107318b4929256d5284403e4f9593ef909e880530d05bec6,8f4efd48e45a79dd017a1d7a311edb86e9da535faee03ae1a88e4a1c9590a97c,3c7883f7360ce27199c4283ecbf61af6845a919dc9f733d60d2bb0733fbd9d4c,00e73dd21b5ab16e25a387a4ca29e08d7bb2a7e02177d9510ebb34bc8aaf3b64,0.2989467909792438,r3_mse_tuned
3,mse,0.75,0.2,0.9,300086,r3_mse_sigma0.75_lr0.2,36,ok,,0.45076791553059015,5.94696935100338,0.4035048203755823,0.1230689702145526,7dca81a4c91012a56cee488c1a773d6401a3ad74b9a9405b00de27a2cba11f3c,e0324572697d072a56ed3c04da591c40f89f4e8378187195dcece0e344b2e000,2110537b7d7299e84283a399cfae209e4f9718851f7f11560a9d0981f82fee4b,9445e3300174b588308cb1a2f2636d752d093ffc4fc6dc303d3eb0425c30dbaf,0.2984429580392316,r3_mse_tuned
3,mse,0.75,0.2,0.9,300087,r3_mse_sigma0.75_lr0.2,36,ok,,0.3689935568011987,6.021563539076479,0.4024106473585093,0.1211256048549113,2cd875bdde423eb1353f1213770192b7df8bd876d40fb1aa71d29f9f56f00fee,5e9e38ede140f2d6f39e4d2630dbf7e98417d17a2d266b77b6dce2135af70253,d6f9401f4860245c006a1885baee5959823b4f53355b4fba06eedc7c545ce49f,6f3778849888b4017cd159923962d8c69700e815152685c43de05f685e208122,0.29836862499359995,r3_mse_tuned
3,mse,0.75,0.2,0.9,300088,r3_mse_sigma0.75_lr0.2,36,ok,,0.344373001635134,5.9642848927894105,0.42033978882936274,0.12357989791583264,0030bf09b7aae09d5ca485e801a912df314636550145ceef5f18ad2202a69b51,ed7150770cccc71995eec6416e5eb8942b5187c46bb88744c3cce6ecfecca45e,b160cc9820d53513797a61c5a19487ff1000de3e0f3d8e4c1bb4c0e6b1194c7b,b362b4f46ca044e1fd52fa9f5e115d4a1e8bed0e2fa64a5d2d6faa5f554058b4,0.29402625001966953,r3_mse_tuned
3,mse,0.75,0.2,0.9,300089,r3_mse_sigma0.75_lr0.2,36,ok,,0.3291865949172739,5.910909250143799,0.44624096985089595,0.12762491737735623,c661e54b95aa168b9588f9db764694b9637b19b067f1ce1ef87d834330b73929,60508639f832531b067f6ff4a1f52ad903eb5f468fd6de942af85d30e535bba0,c32b6848e21b9a50af8f9e79eb6df0be6e0f2a64af10712fa7ebfbcb23bd0582,80caaa6923173d1d4ff31990f440d2452345f7046d9eec443ab6b53ca87eac6a,0.2949882079847157,r3_mse_tuned
3,mse,0.75,0.2,0.9,300090,r3_mse_sigma0.75_lr0.2,36,ok,,0.32509854653434794,6.075569016616437,0.4271098323367204,0.12642451037166924,98cd9fd3f5a0edc83a0ad4fddaa12ced64d760278d475564fff1f1c5dd73e084,eb3f6b474d6816be6628e288f25ada76b0f7d91970b57b91c195cb1a75bdfeb0,9dc46b6c5ca0a4b0f08a26386be913a69ade97c8e512cd25414dc9ae9878f34a,090362a2e6df9712ba83eb1744e7a49d35093f2d8e10867b43f739c69bf7df27,0.2962584999622777,r3_mse_tuned
3,mse,0.75,0.2,0.9,300091,r3_mse_sigma0.75_lr0.2,36,ok,,0.33728847743863105,5.981103064232196,0.4372580513196197,0.12899112513928782,3ccc764800bf27bb75e2094ea8a123146ca3bde83ec7563c79a484f44610fafe,6d41cf29ae36d582d46a36d3d13ff7bf618a41b289a91760c47e508267a1e2bc,db407983fef5b206f39545297413a7aa15348c020465521dec172a55dd714019,62c4797113fd554f6433e7fedcd98d2381133be5f76ed592026b74b7caa1cb1b,0.29875995800830424,r3_mse_tuned
3,mse,0.75,0.2,0.9,300092,r3_mse_sigma0.75_lr0.2,36,ok,,0.32240892907640184,5.872187664676706,0.4185900428297424,0.12515842280609296,ba3787eb400695bd780a7f47c9aac7da4c6b2a214e9244efbf6a555d261b6db2,312c1762699384512ffe8b45d038321bb9111baf907d3b4d299e58986f587df8,6009430313df6b77cea37c720620f3e27e274d080da404b5bed3818beb4435b0,e9b243932d743c58895476cafd3bc121b7a0dd4a7dd7fbf3165cf573de7db996,0.3006206250283867,r3_mse_tuned
3,mse,0.75,0.2,0.9,300093,r3_mse_sigma0.75_lr0.2,36,ok,,0.45554830953888686,6.091868619286323,0.4140974359056433,0.12629971795122122,a7c87e334d754c35efcb9e12ce12b8d5ba21cb97c762ce1c5240cb2fd48ba9c4,3cc8f5d36dcc8109c4741d577771dc446ba604413af58962bdcbf19baf2f0dc8,7ca6343b7a31f3f67f9e05e315b502d774d0ca140f6d6adb18fcfb1528357015,d96759288a3d530b1b8b07045e93cec4f4956c7c0dc076b9422e977411f844d4,0.302832999965176,r3_mse_tuned
3,mse,0.75,0.2,0.9,300094,r3_mse_sigma0.75_lr0.2,36,ok,,0.40135041506668734,5.984976161711724,0.42973192254206244,0.12763038099499255,fe0cb28c5e5207e0eb8d04b69d0a192adcc44035ebebbf0a71afe93c9c1de479,0cd090b78186e5e94dddb02b661a53946c90c56c0135969d592b1a63ed8f5b05,237cf5e8e392e8d3cb9789a0295cb4f0d2239b08f76569216567ed0e25a6b24e,81ccc221a0c6c6b67dd1f7d0fdbf974246f08b3f135631eb084d3473a5ee31d0,0.3040436659939587,r3_mse_tuned
3,mse,0.75,0.2,0.9,300095,r3_mse_sigma0.75_lr0.2,36,ok,,0.3847862287362511,6.011408526262611,0.406644231400982,0.12239991365169559,2b1d3f506c8358f83f3f6c4c478ea6624d3260edd10ad6d1d620211c296428f5,0645f2857cbee4f45e0679741b4cb95e945e216de2bf7f7e7ec41b2cda9c8c36,be1a9d3668cd0ae796500668b1c7040d7a7deef50c82de6c03ca06d29d71d5c4,01be303b9172a8a3dec47850d30b98a0d8964d102d0592bdb13348db538e4f9a,0.2925340828951448,r3_mse_tuned
3,mse,0.75,0.2,0.9,300096,r3_mse_sigma0.75_lr0.2,36,ok,,0.44420925096978015,6.104816105984211,0.39941800798775434,0.11742889434839977,a8b2a6d596c52df65b7d82272c0d81d9d2c9c77626ad4d90c15fef87fa6ce7bb,a2772ee613085871d2c6c6b322c84ca766ff812bd99d4bb412f81dcb90de15d8,9870b7b051d19b22ba1e1de80bdf44959353ee13fbf00af1aee1787ab5c9c043,00c5d648c522a32d9ee78116df66c536ae03846b67f8a8b03d26c115440ab649,0.29252737504430115,r3_mse_tuned
3,mse,0.75,0.2,0.9,300097,r3_mse_sigma0.75_lr0.2,36,ok,,0.3919944034947599,6.041889217347842,0.43640244671774414,0.12786591688829904,6a58ea514372c71630cb99b35cd8e07be887fa6911b53f19b5d704732fb75bdf,e8c8a21ce148719bf4d490968666825c456df5cdc48f065ce070475a9f61b2a5,5dc1a22dd45cf7dd75e75faddae7ed627a49577b36ffe412360df454f47eb19c,3c7b18f44d024347919d4bfa91ab1f3203a5e7c2491f585e998453fed4c93edb,0.28802179195918143,r3_mse_tuned
3,mse,0.75,0.2,0.9,300098,r3_mse_sigma0.75_lr0.2,36,ok,,0.4197736860934068,6.138340441719856,0.40555942909205267,0.12166782872761579,998122d28dd5e545db51a6f7b951f9827ea9260ec2b0d92d5c37cb103d0ba6ff,cafbcf058d29eff2ccbf8b9b9b6915872acb9632484a9ed2be13751a7165618b,287d87fadebba1312633eed9cc5eca6153b7cb4a2e16f55ed57d8b5f1d3692bb,3f3abb98c8342ca76e102e6a686a8364e2cc6d39e89d2a411b3e47225514c767,0.29058625001925975,r3_mse_tuned
3,mse,0.75,0.2,0.9,300099,r3_mse_sigma0.75_lr0.2,36,ok,,0.4767635125508465,6.0856628712121665,0.42572154726722194,0.12941935036923546,84ae2550cdacfb1a0c04866f5109d582dc8f9d46f21b0b67a1fe731269b4c984,bfe6ea452f11a0df7fc9c4a0f46f997a12c5f847d7cb575e520f403a4bf425ea,4b91ce31add683e91c0dbf068a8f03c9d4f6ddc6415b93ea0b5814740a8a8a03,193ea8e5af85f3dac4d89a8b29e4bb8d483608899e146d9351ebc80c449bc2dc,0.2936606250004843,r3_mse_tuned
3,mse,0.75,0.2,0.9,300100,r3_mse_sigma0.75_lr0.2,36,ok,,0.39361410350069337,5.984484976727916,0.413914077939767,0.12251856707017103,79ea598cce16ae26ad8840b1327ff8de5d21fd4d9430d25e5240651e7af36883,c6cb13adc09d1c9493e0525b5e9c1857602686d97269e77f2bb4ddecac2d9281,e92d392d1d194caca9d336509363ebb15b56af341db9d21d883de408662cc3c4,776f7a5c864fc8dfa5b341de983ebf5f73bb282fab320aa4f03624651daf0244,0.2937464159913361,r3_mse_tuned
3,mse,0.75,0.2,0.9,300101,r3_mse_sigma0.75_lr0.2,36,ok,,0.42253396698860857,6.093723507620637,0.40440796156353087,0.1205135725459322,0fb83b7408cbc1aaa63ef4f097d2d4880365ec38387ba68f6e8c06e44ed382b4,dceb90c9b78bbf6b549b8ab484f361187309c14504d742a94a4f018d6ff4ff8f,413e85c25143ffa0362ab305b029f74d056b96768dc2fbcf98ec1f1694c26a18,b24fd5b3c41e5e6936b7aa17ae1fd65968a89b35bc5110c723a1dc159354aa82,0.2899065420497209,r3_mse_tuned
3,mse,0.75,0.2,0.9,300102,r3_mse_sigma0.75_lr0.2,36,ok,,0.37279013601760164,6.020376484759798,0.38922792301920794,0.11637914898274318,e006b6489056566299e5317c5e2b106d8b7edd9487990bf6db04060c6ac36307,e07ce9fa89fc078461c503cf21016be917062050bc58b8a99684204e3157ba1c,4f0cdd2aeb33e16147ec284b1b71e00416b535c9e199793bf0212ac801ebcb82,932747f8f45cc1b8c2f103f0b08ccc2a570c553f72f65df61fdf69d7c3812712,0.2889493339462206,r3_mse_tuned
3,mse,0.75,0.2,0.9,300103,r3_mse_sigma0.75_lr0.2,36,ok,,0.2903632716526476,5.856962680092705,0.42873871799795593,0.12690666052739494,84e90d70cb6e50e4307e53a36b76f3648b8d6250f46defb308584a6065977352,f00bf89f1900623e01eb9a58b0cb70f1bcbb56703e588050aab3210550b31700,dcfe7e61ff20e8629cdc8240e70d763599261110382446b7a81069001aee1621,6ef8f36b3883071f98f2633229acf429211d5a82ff4ffabd1acd005fc5ad35e0,0.29417716700118035,r3_mse_tuned
3,mse,0.75,0.2,0.9,300104,r3_mse_sigma0.75_lr0.2,36,ok,,0.30975396348892414,5.976419077677039,0.43491347742650255,0.12829947584081824,2c3887f0f74ede3f0dad59dc0d44c3389907c03911f67ef27c1dc5383e7ee93b,23cf924fe429906fb077746ef8a5906c8fbd8ade881ed87a2d573bfc29104d1b,6547122e72c72d7654a4a6438c477fd81f92746a202f43b66f1afebb113c507f,ebd16855f85273967fbab74283f6c936c4f28f50f1bf7c42d56c663ef7343b6b,0.2913025839952752,r3_mse_tuned
3,mse,0.75,0.2,0.9,300105,r3_mse_sigma0.75_lr0.2,36,ok,,0.3692710806984292,5.995185784331011,0.40887025644858044,0.12020785539588265,de0ebb6b14e2d450cf1bf792fc262365fb3d059482fdd0b5f214736a7a740690,ca39052c1df6c96c8cc1bb2d62654af1cbbf1e3f5b76fb2794c5d04b41e0a09d,7dad43ae4069ad1a8004e09faa10b5991f4f3d957631a04bddb3fac882fc867e,d58e5ae7494af075f410b67d5d2504127ecf64ba9ab4460788dae0571cda735a,0.3016346249496564,r3_mse_tuned
3,mse,0.75,0.2,0.9,300106,r3_mse_sigma0.75_lr0.2,36,ok,,0.40391293724091526,5.993566514956681,0.4219533722038798,0.12489819817234842,ad033ae221c957f89cdf90b8ce75396eb58cbb69b99f95a7271da6cfb9c35e37,745018b097730ce74ebf95cf2852b9b8067c7d69379762899184116cb2ca62da,0bc6d71a25d38129d6b6a4179d62a6c3716c66f7b62fe0dfae514c0d75a23c51,41aec572e9241e3137c91911da7f1868941d68e50179912924b463c2902e12b0,0.29872841702308506,r3_mse_tuned
3,mse,0.75,0.2,0.9,300107,r3_mse_sigma0.75_lr0.2,36,ok,,0.36429498339485644,5.962687833350851,0.43685202390511413,0.13149245919543937,6aae500dd352d571784f86d0556e3fa32e53a656708e352d32656ae1efcba352,15b994e67211c5c8a53560c6bd4c76368bdb22ea10aeff9b0b4fa3fe26860262,4b8b72e930ba2135ff36134606f48c99c03b9b21b6f0fb10169b72ba70bda5ac,47678330f0daef53554be6aa6e8f43dc166bf8371cee3da5e93bf59112f58091,0.3027320409892127,r3_mse_tuned
3,mse,0.75,0.2,0.9,300108,r3_mse_sigma0.75_lr0.2,36,ok,,0.3557559705118191,6.02271179436982,0.42728670769035737,0.12818601230710722,41309af3394399959ccfe27b376380ece9eca6d3297ce2213fdf23e9a6d2ac93,d97074ac83e2be40bde748920c734d9759162fbca1875f0f21dc789ac44c5a1b,52fe99279fa730ee8789d11b61ac5e66277d1dd8ad76184005a605e82d655606,8516eedb5baca65afe5718f4b8d55131d3c55a4ef7940c5758141d57abb8f105,0.2976494999602437,r3_mse_tuned
3,mse,0.75,0.2,0.9,300109,r3_mse_sigma0.75_lr0.2,36,ok,,0.45521920523648274,6.138463064032809,0.4179037669071138,0.11993838110234165,771fcb9213886ea1f967979f6ad3fe3f6fcea304f2642dad6194341495a315cf,927c3658ab546714e54b9ee0f95b97c491be86f54c7a00bb51e6e63694563370,24f65ac76bbfd155bf897d0e83b8adacd5aba5d9cee8995232f0a206d48c3eaf,56f28be134f2375a166f942afd478040495d2d57487ce0e5fba379a735618577,0.30262795800808817,r3_mse_tuned
3,mse,0.75,0.2,0.9,300110,r3_mse_sigma0.75_lr0.2,36,ok,,0.33889658975007964,5.969721766939092,0.41835818842907824,0.12132387464443269,cde45661617a288f63ac7c264248a144b6191f42bc1653ad3551b4b4735ab87f,b99d2d6fd8b683d6356cb6d876c164fe9843b9e33fe8788befbacf4ca22f0c2d,91447b8f4ad4658d6e9ab3e7e96993c5c7b13cb66ee25819d0eefa420588383b,f36f681fea1823e3199493a8d1b68d99c6c05c073c71458af1e8517b98c25d0c,0.3063690420240164,r3_mse_tuned
3,mse,0.75,0.2,0.9,300111,r3_mse_sigma0.75_lr0.2,36,ok,,0.3239417436356796,6.080885724489093,0.435380396613238,0.12756645620767873,e133603627b2009609a3aa5bed97281a6cbdfca6a7eea92a419745c7546dcdde,f7c0162fc827424ac8388e374e078e13fff35507f602aa06f4b2996d6e484025,3f3fd4c930813d9d87a5fcb0949c8361691152c673e49f01b275cad80c097159,413941d631e195f1acdaa371464e48a7cb0cd525fe2cde5ae3133611907f6312,0.29892445798031986,r3_mse_tuned
3,mse,0.75,0.2,0.9,300112,r3_mse_sigma0.75_lr0.2,36,ok,,0.39334826007339774,6.061838843731976,0.3863364754425321,0.11744628853452975,644bacd763502337e0035239bd1882a2783d5b5a05ac3cf964f3ace18d859473,317341fee9a89e62d763d3abfbb2be4f20cb86c2022f5a63ff588b0dbfce4787,d61189cbdb78688824a7c7ce61f481e76f8093cd9e1392836ca927f460b33dfb,cac73ee45b07798c1ae9e6c86666a9732d62a118d3c4fb2c72066938bd180601,0.29670054104644805,r3_mse_tuned
3,mse,0.75,0.2,0.9,300113,r3_mse_sigma0.75_lr0.2,36,ok,,0.3827616682839202,5.928910881920467,0.3986939584526974,0.11761471774354573,ea02a0f906c4077add1f728f580129235b1ccebff060438ebc231b16f441728a,5757b18f7496722c3110cf0964f2bd6855ca6e2ab2eb5d5d9fe2176e26a40d5a,04263f06fec60a9effc446cc90a62e0992494702bc932635cb6249b6bbe4653e,eb066c6856fc796eabf3c0530893048816e57c09cba1aa886bf68919ebb6da29,0.29392012499738485,r3_mse_tuned
3,mse,0.75,0.2,0.9,300114,r3_mse_sigma0.75_lr0.2,36,ok,,0.4234453562818608,6.100135140620518,0.4104021185269218,0.1222998313210227,ce4b99d8f04992133ac07a717779dcd6cdfd51bdfbfe5caa5ff3046c4fd6b552,dc88917ed83c59b5699ba2636285e959769397710157d22d8217c2fd639b0fb9,a42f1afd358ea80ccbe895b9906942dbfd9128d313fce6ad186773c0ce1cfb95,70ecbeecefa11ac94fc53c2bdf1d7d5e95568cc56c6140fd8175af7774b22889,0.2935699999798089,r3_mse_tuned
3,mse,0.75,0.2,0.9,300115,r3_mse_sigma0.75_lr0.2,36,ok,,0.4459428329305317,6.010033367521342,0.3938033774162381,0.11538438958295777,c463a396e85798bc68cf4a062dbaa6d994363a8cdfc6d7c9791e21091069da9f,5958f974d9825dc3c070069675227ef7f9be0ab42121f1e9539e0d2e6b750b37,d4966bdf5179a8d69ae9ddc0384b8738a69b11cf9fb4db99b8e9105abc8ab2dc,84d99251b03effe490f8863bb789b1dd9f6fe7a20cc1e23a6e72ab9c38fd54b5,0.3942267909878865,r3_mse_tuned
3,mse,0.75,0.2,0.9,300116,r3_mse_sigma0.75_lr0.2,36,ok,,0.418966894678764,6.008058143391711,0.41458161855677084,0.12064325100002031,084daee521e0d96b4b6964217b212b6e3d0f8e53220f91810df897c8d600625b,95c1327da070b867d19ea8b2c991d0b127ec0999753a2e627a218e1fc3568efa,76eeab117ef6d59c31d02f42ffbe76464325e059adceb74540a8b59345e3d511,9eccac748e24061d3172461e534d967f874d2164ff99e71261358f1b62c717ab,0.41908762499224395,r3_mse_tuned
3,mse,0.75,0.2,0.9,300117,r3_mse_sigma0.75_lr0.2,36,ok,,0.37793497760920314,6.037110469007306,0.41439766471131223,0.12390490174868236,a7cb6900e99f4095de6330dd8d979a9b2cf415af5be1ec45ac3ad74d3326eb57,2177432f921982ea8d382df02f0077297ddaccd66748d6c49c88675fedf7c8fc,99d9e59252d3d0878303d892f1426bdaa87d9d9e96c0da52100cdf390f18cfbe,aaa7bb61e002194d9e04f0f168ace32f565562b826916a2e432649a7d5c5c85c,0.418077833019197,r3_mse_tuned
3,mse,0.75,0.2,0.9,300118,r3_mse_sigma0.75_lr0.2,36,ok,,0.35470136482158054,5.98658988502548,0.43033274887868356,0.12737849366809034,2bcd33845041cd219b498a03ec11004d81bbe9dd3f558b754d6ea545896bc7e1,b656512a7c47a60c5f0e2699f11ba568f724faf443528db6c622a46754c748b1,d362c25c6b0118ba623f4333687179ae706269838bfce9cbed48c9249a1a46b5,b872ab0e6c751c1e2d0f92bfd218e2c65f0ff601c95d870b53468776cf1bcc51,0.3192761249374598,r3_mse_tuned
3,mse,0.75,0.2,0.9,300119,r3_mse_sigma0.75_lr0.2,36,ok,,0.39628953923002497,6.136635575774696,0.4323408225028038,0.12797288346082994,aed0e9fe989702c5562c247fac514771a622ee069fc4d2535cb8bac20c823ea6,7ee168630ae11472db3d3cf3061384c4b41ab444816c085b7ff71d8d02ebc072,c918f502a53094956c4f52b2c0b8f131bae0c09457d7b1bcc63627f255a48f39,cb22cadcc673556b5e7dbc43999fc3fa88430f55076f5f92c0b6b3fedba09037,0.2948303329758346,r3_mse_tuned
3,mse,0.75,0.2,0.9,300120,r3_mse_sigma0.75_lr0.2,36,ok,,0.3861062089040736,5.960249823022341,0.3872549280155242,0.11695098826068831,cb61b23895f2815bdc0aadf0c708a92916c48234dd8e466aac8cb4db803fe60e,31599b2d6bba43c85d8620af2e75378d2f44d1123d2eeb378287504537e26fbb,18b537ed95217b141800e7396a7436290e5656b6b53e4843f4ba178aec2cc312,fa4216461c1aec1b7048b89702e2c8d91f027016b521e14e0e976404098c1cfc,0.2909983340650797,r3_mse_tuned
3,parity,0.75,0.1,0.9,300001,r3_parity_sigma0.75_lr0.1,36,ok,,0.35231906828176796,5.955477164458513,0.4256532370368125,0.12514205168882286,547df75d495d72b315fe564322ceb41b8419e43ddc93038fd9cf9fe53fa9e4d8,27e1e2c3dbc45cde17f5de651f591de18321454482d19b908f81fa3a5e20af67,69758c4038ea4506ab5f93f522758a89053fc67525bbd1c52fec667d6bcbf42c,991ef6644dacbaa2fd149c5d8f25cbc899c96cb7c68927413c7e22789833c34c,0.41190612502396107,r3_parity
3,parity,0.75,0.1,0.9,300002,r3_parity_sigma0.75_lr0.1,36,ok,,0.4018615952737774,6.074579279777521,0.415431953106866,0.12504501788516667,fc5b1b69e7b8cc0f50f32cdfd3927bcade5b7de5f025f5e97e35f13b7dcccd65,4c5eda357008888dc1e99dacd5c9935dfd3c62182290bb6932a887ff0a66c610,a5a712360fb5fa4520a4a2a22758a3c27b67b4b6230c882c34f8bec299500618,a4bce7addb7262ab3f3f7e29769a1d95a812b5f66695af5850c378dee2b8f0a1,0.4417070000199601,r3_parity
3,parity,0.75,0.1,0.9,300003,r3_parity_sigma0.75_lr0.1,36,ok,,0.32299383487864874,5.897562109555218,0.4074722614159957,0.12020431711771873,a2e1081d9fface7a08688415de646f26dfffcce559f08e132cfb5e7e252dbf1d,833f767deaf5306522e0610877df9712365f64f25c2a9481ae98b9f1758574b8,b8fd914f2b4bdf613e32c9b4ca66c151b4100da65fefd0b77b59ec024c9a44ec,2d4b0db97f911ab9463e619341acf46ebfb248eb869bce24379163468442661f,0.45189862500410527,r3_parity
3,parity,0.75,0.1,0.9,300004,r3_parity_sigma0.75_lr0.1,36,ok,,0.28607250733672696,5.983637442245648,0.44875344250080706,0.13238226553773808,58cdeaa78f51114a6e914189151f24a71007e71cf610cda51f971b31dde06f10,a0355d581f3ff5f5a74dacda51013f50e7e5b287c1670929a81b01c976ae8a59,f4a0f9945f1a3c60df410fd10e800e7fff70c42926132265e192700fe51606e6,83cacb47a1228c8b66bab5759a1b56585e0837154df35715d59b86b3f62b92de,0.5247472500195727,r3_parity
3,parity,0.75,0.1,0.9,300005,r3_parity_sigma0.75_lr0.1,36,ok,,0.3413464683023816,5.86085060984284,0.41627505496025463,0.1257150665979969,5c051b69b978374ceb2348d1862e0af437f756e529d7afc1c1186c2e54ef7e57,5b6bbd1920d2685aa73875088a12ff6c127d36ad58b03e361afa4a1c313df8ca,d976a89bf7356c6f04f5258704546810b697343924994c02baf71f5d418ae242,6fa2bc33c8505010824c58b817979b6f4a4f5c99dd9aff08521359b482695476,0.5085290001006797,r3_parity
3,parity,0.75,0.1,0.9,300006,r3_parity_sigma0.75_lr0.1,36,ok,,0.3668718453359394,6.000281364464078,0.45172502813031173,0.1350657834109632,15a47afc3148937636cdfec87f5ea1349559551ab1fed512817b9821ddae305b,ff12b0003f24e3c1c0d39d5463f83beccd48c3ccfff83cb5aee8a081df56b4bc,ab3dc927fb8090479524becacde4f6a212469ac909fc776896be25986068b415,8e39a876cc4064f01e9921ddc7e5baa446cbf56812741d14a9e0d781ffbbdac4,0.5028837909922004,r3_parity
3,parity,0.75,0.1,0.9,300007,r3_parity_sigma0.75_lr0.1,36,ok,,0.381072607270468,5.9811951676720545,0.42778679035597067,0.12576931636465538,5ba229eea3aa5e9e6cc0d94a42d4948a4f324f7232164c5b1db8b24ccebe076a,6e51f2f2d4b59e8180ad8e8c7b27acb0d8ca7076d726fafa5a2de56bf9a213f6,e43c63144020802be6b53960c12113e626bf5af6fda738e99f406898c59b2306,593343011c30c2083257fb66fbe43394850426d8a89fca70a4c1ebb7b0d0ae6f,0.480276457965374,r3_parity
3,parity,0.75,0.1,0.9,300008,r3_parity_sigma0.75_lr0.1,36,ok,,0.2667593806884242,5.9519548596985645,0.44827309722408365,0.13044747129220835,92d23af5bb836428a7eb153f6a2380de81f8fc80da3fdf08b509b0370e7b93c9,81d19f6042d7b3ac55466949ad7de628e492c588c338e358f96626b8c34ac720,bee7b617c2aaeca7aed1c7211692af81a9e8c73b90ab946274e48eacc461cc6d,5c66b8ee90c20d40cd5f9a81483277cbfaa88705613664f55736b6733f0da57c,0.5201442500110716,r3_parity
3,parity,0.75,0.1,0.9,300009,r3_parity_sigma0.75_lr0.1,36,ok,,0.35463073498974207,6.050082573554251,0.4193967089138583,0.1258190126741575,5600684e9ca941293ec22e3fe6f944bf235dd38fe0048ad959412b96248230c5,f9b700d2fbb94c6f5bcb5fc647d367c3a5a186efa3eb7cec51aad8776f3baae0,2d964aa7f8fe7009d98b6d55b32a13441017cbd1841bc5f5cfee4f60b1e5597a,e8bc498b410b97e751e23e69859a2fada42dc986526ecc30cf45e82e06e2c35a,0.5080664999550208,r3_parity
3,parity,0.75,0.1,0.9,300010,r3_parity_sigma0.75_lr0.1,36,ok,,0.3325141106750304,6.050753378790297,0.43695646272004723,0.12671737418881368,a56b6fb7e11162aa1bcbdb89986ef350dfb815c8939edd09a86a5d1f2edfccd3,ebef873c28036d701489dd58ea3cf0f3ea8ce6397136f78ede722212fa4058f8,bb472853ba6442a16e47aa10fc0daf077960a8da8c18c216c683f43e69ca33f2,eb62af4567237545622dd51564186f059d6f23a232924e264e28af4e9de6ae2e,0.4548240000149235,r3_parity
3,parity,0.75,0.1,0.9,300011,r3_parity_sigma0.75_lr0.1,36,ok,,0.29480401352940844,5.962546874024669,0.4445149146006839,0.1346880191240072,e77879b793619b6b11bd41e6c0dd2126d719a2f55d9c0ac0da2f1549b0913658,a815904015b8a5020a10190b51a4a1dbcc318a510e2cdda9f1b17ab6b4222a91,5bd61f9d39cc4cc3c95c3edac539cb72db72c7da8b3f32ef562ec5d1774de753,e64e801879f8eb5a9b68ba11c95bf915deeef10979fcc4b6878b36e3f1191a2b,0.4217903329990804,r3_parity
3,parity,0.75,0.1,0.9,300012,r3_parity_sigma0.75_lr0.1,36,ok,,0.41649299246405713,6.1523686259177595,0.4012329501413021,0.11956741914210804,9a73bc3dd78108b7e8c672136c1ebbc9996870d62df4ae1db431a984856c4ad2,1d51aeda2aebdfd8b9ff597f1185d611b6e9ed0df0728b69bcb6d1379cd855e0,51f56ce6a5ffd57a004adc4d3b933139b11ac3a8a60ed27aae338eff841e7a94,f99adc822591519557536c369c50c62c87624a0d027d77553f7ed409024e2145,0.42167237505782396,r3_parity
3,parity,0.75,0.1,0.9,300013,r3_parity_sigma0.75_lr0.1,36,ok,,0.4164719810880252,6.159468024291615,0.4421497603326521,0.12689698121547113,43be896293e02a570742d018597b933e42ce673588e34b4fa509ef9d1086355c,fffdef1c1b60ad8ff28008f50a6fbe337eebd5feba0cb6cdf1f62599072d89f9,ec5400175b7029cb3cacb2798ab3139530622f9622ec41de1f216b1f0c7672e7,5b0d87bfa298a0d0864b70423cd9b59786151d84e8802e59e8c5740af1fe4eec,0.3917825410608202,r3_parity
3,parity,0.75,0.1,0.9,300014,r3_parity_sigma0.75_lr0.1,36,ok,,0.24210088932786542,5.879421126647515,0.44156909836836056,0.12231464024803587,0cecdd4ef73e35260909137e7b4a9da22dc59d3d45a902be1bb9f890039876f6,023f1bdec63d2e5bed62469a7b9aa815b4634b3b7388108055538265bed25dc7,6d8b0c0df6ef122481e0cb03e2c80742a9e5a650c5693a53530456e46c6eb7af,9902115b1126edbd7a522e5dacfedd16f385530228e79290d414183850baa01c,0.40056533308234066,r3_parity
3,parity,0.75,0.1,0.9,300015,r3_parity_sigma0.75_lr0.1,36,ok,,0.24500551215751526,5.849572612237708,0.4597985658432834,0.1406983611480447,7d60c852db0400ac3b4314a8c7a8366b70bbe606cc64f24d1f55a53477325310,95577195c75752a3d800cd54cb592b0e570d9ddaae911f46c2cafbc86fbdada7,f2b43ba805d16e74a13ab8ef2b875c54467b1e2ce135d9c0b5a54467133bfcb5,c7da33c49a2342fe47fa942fe1ee6ad2074f2e0fd5fec4e3d21475f4baf65a3a,0.3904025829397142,r3_parity
3,parity,0.75,0.1,0.9,300016,r3_parity_sigma0.75_lr0.1,36,ok,,0.32766251189220075,5.841933391066483,0.4090499422117648,0.12598738220122357,e9cb11c03b8ee8be5af6abdcc1d3777225768bd24abd02a539c763d257098807,34c39d8d5501347c5c7a8076aa73df0fd8faebae88bb05da13de3c574b7f25c5,9cc8b1fac2217e31c2bd1182c8e33df4f081e264e52b1f05c952484a2c0ce615,3e160054421ebf1c15a96065a20d3beff7e32052049b03a9efa83b44df42a2dd,0.3858162499964237,r3_parity
3,parity,0.75,0.1,0.9,300017,r3_parity_sigma0.75_lr0.1,36,ok,,0.42632549474425785,6.006329758071648,0.4319606585598615,0.12526859098235982,3c4ef79e66878b5be9a3cc390e0d91b4b1d607483a1aab1662b84f5be4a254a0,f3ec861043fbbf94cdf36e85a09f9ce95b7156b2ea7ecf03bbc1eccf865160dd,1d68cb65efe7145da6f906bcb83f8527eed99024a39634ece9eef8dfc44d13a7,b2b593adc09c289b68ebdf7172daafe1a6441c1c68a4940a2b53806fc44e874b,0.481984082958661,r3_parity
3,parity,0.75,0.1,0.9,300018,r3_parity_sigma0.75_lr0.1,36,ok,,0.35751795477047627,5.966782253676072,0.40773884704677865,0.12150617641994003,1e61d1562101428c9c58975a868ed0d794029be0ae2ab5b7d5405928c87d4a13,bd933405607b33df3caa53139bebdc6aebde79ef4c90313fa0ee4b523101117d,5acee9bef351250b67c0910eb398a161555d42ca42f246bd60d219654ec057fb,c8e7cc9e26a61e3f58ce13d016a12978ecd80c4c1d6a5e492b5e5c6f65ae1378,0.4730903330491856,r3_parity
3,parity,0.75,0.1,0.9,300019,r3_parity_sigma0.75_lr0.1,36,ok,,0.33625780673187955,5.941435914138866,0.4132359031268365,0.12438400684117779,fdfd8e6a98343166e6dcd7fdd44414055adf41a5cfdff0fb23072998f90d34c2,43bde573aaca9ac4ed736014dcc914055e7ba211a6ebb9f59bd2eab92521ca4a,c2aeb78cab28998875578d1db90e4d7967a8ba1e909ef64f9459b1d5bc10a59d,e6c083283f666cc72932d025dde2b806148b56cd7960917ca5b6d042e035a91d,0.47079295909497887,r3_parity
3,parity,0.75,0.1,0.9,300020,r3_parity_sigma0.75_lr0.1,36,ok,,0.3254530544720773,5.864929275107757,0.4403996889282997,0.13079870761170503,906ca7b0c8cf3b525f857a92fec5f7c51c7412455b4ee13098e957ea4447fc43,6ef26e9565f7a805b72693c700925b72122e52339ba7e680019adea3d69e0994,fa2650fc47b2898848deb9e16643c9df16dbb8c064f1372fcc8fb42d5b069278,d8e27f5d821a5397c505abf03522fd03ccf6510da7e9d146a9cbcb924e7fa74c,0.384866249980405,r3_parity
3,parity,0.75,0.1,0.9,300021,r3_parity_sigma0.75_lr0.1,36,ok,,0.4066220299637305,6.01328326023246,0.4490145888444748,0.133357332886809,fa4b7bfd5394097ae05f683e9cb6bd9b7d243d63a0cd1166aa9c63dddda4bf29,592d49d03e1d329dee388d65d5e7c0c74727b081c7888f72b200a3d49a9f761a,6e5a2d7fff5d93d0ca5734aaa42b62a5a2c38c391aa015c2c994e8ad84e81b47,0233372532a8f9240183c6c7354c05c43f3770ed82de4c7cd2075f136d7af707,0.38970691699068993,r3_parity
3,parity,0.75,0.1,0.9,300022,r3_parity_sigma0.75_lr0.1,36,ok,,0.3600752070443343,6.080061734347592,0.45134631802597674,0.13179312486358521,01132f8d76a31fb1533df417971bebb1e16141690bd2f32439d016369638852b,0236641094670eb129ba35350d11bcad44e89884a4dbed23ad8adf5e7b47c52e,dbaef4df14146e5e884f9b2cec79fa4dab19264587c680094bb725a96b48d7ff,b5fa758ab26714e9522049b9608d8221e1a573b949c738c60480eca08d619c02,0.38108625006861985,r3_parity
3,parity,0.75,0.1,0.9,300023,r3_parity_sigma0.75_lr0.1,36,ok,,0.33318806401735906,5.938890914771749,0.4042057811915085,0.11843229388911199,8569b0c8c05e42f7fd61099236414ab6ce3713f6a415fa14439fdfd258b928ba,d309ac4b205e9879f73bdfe3454618e4b2f8674023509d75c5d8e5d9c6444e79,bd48f8b06cf09ef4df174486d8fc985e96347b9e05aa464b06fc1f3c77c4843c,66c0c90b743293087582744236d649cd4be0c6dcd399ca75d01ecd448f909c30,0.3931687920121476,r3_parity
3,parity,0.75,0.1,0.9,300024,r3_parity_sigma0.75_lr0.1,36,ok,,0.40252000472343863,5.959032904114087,0.39311843893180665,0.11872176855740561,0790780dbf8b15e4f2cdee78286694884ef6f0989269cd40dce812f11c818968,cac32651e1651a8f3598f530661e966484a5eb6d2555c9964fd8bd3dd7a87972,916f15260079a7a4c027c920f7b7b09a6761ca4cf413cf0730d6d477188f1ec3,40eb18e80ec2583d78be633d21f9e06222acf34204dee946a5a14ea2cfed12ba,0.3846942079253495,r3_parity
3,parity,0.75,0.1,0.9,300025,r3_parity_sigma0.75_lr0.1,36,ok,,0.36227791556054445,5.968982750720447,0.4355730820908731,0.12892963229889845,e6c0956e9a29de034cd0ea6472278f9f9e305434300df8b4e8f108cd08f26886,50ff6677861293934dc3f7a0e6bbea9c1b904b4976071959176694c02e0f577f,3802da75beec3e84002bb5c4f02d205dbb057b759f815863a498bd63f4f64f8d,f1ac2d52cb8349cd1602510c4c7539ca88536eac2e811b9b9298194321fc960a,0.38010087492875755,r3_parity
3,parity,0.75,0.1,0.9,300026,r3_parity_sigma0.75_lr0.1,36,ok,,0.3104951470820159,5.92156199684012,0.45750648796403776,0.13542192043735518,8259c7252ea55af17697ec3e92fa664cfff2cc2c62b2fc54f2eea6704162cff1,3ce53c419a8d2a98d1de9e36c588e27e9bb5fe7181e80c9c70731f6462d4cb14,69921f13f2acb1ee11115fe84bd7d2ef292c18a3f40808ac325767c7b1fb0d9d,a6852fa17e57de6210a5bcc9d383a8452617fad05c3a2a57d047a12faffcd91b,0.38585916708689183,r3_parity
3,parity,0.75,0.1,0.9,300027,r3_parity_sigma0.75_lr0.1,36,ok,,0.38643430299755255,6.052785242776441,0.4128253945508577,0.12508609454890987,555f7ef7f5300d55eab90b7abc2509c6ddd5a82433086073d518b2553e5ab635,a7d852e0006855682420200c1d8bf0f5ce4d270c112bc0971781ca1840f21e60,37ba21b9f0a05409a1137f2fbeb6d3194b78e0126282977521d8abf2777f3295,6fb3db1e54c7be88dffe6b4a377b848bed5328bb51044dd44bcdeebcc62b7298,0.406198792043142,r3_parity
3,parity,0.75,0.1,0.9,300028,r3_parity_sigma0.75_lr0.1,36,ok,,0.3069751298567078,5.844543950583737,0.451106828321333,0.13307651435479323,2c90d269abc02edd082587ca1c45ee3ffd608040bfa33037f48b60e800345af8,a6c7eca434b19ab72070f4331f4b1381a949bbc03165c5322c19b18d31fc02b2,7f3e17c5db0382da1a0b503fccc4d29988a1aa61c8e288fc0ecc8a6fe4ae8091,44fbf7682a6635af04bd961661b922ee5332871e945eeec4f8005b3c4d0921bc,0.4092285420047119,r3_parity
3,parity,0.75,0.1,0.9,300029,r3_parity_sigma0.75_lr0.1,36,ok,,0.30985880716434316,5.937590877709744,0.4144855939633127,0.12434567818899381,eefaa70b2e4f9712c8d2fad79662c2cbf1b04130f1281468ae404c807d3d474a,1871ee4f3ec66be83578b8d08c9fe3fe9d7e22fc8fda48d8e405c13fa4ada97f,0ebc3668cbaea98d0ef2948f14f4d6f1a7df4bf73142674a875005a23b1d201c,a84e72478d45adb676867e095257c8d39b22099cade5add449860c14f447b876,0.4271725000580773,r3_parity
3,parity,0.75,0.1,0.9,300030,r3_parity_sigma0.75_lr0.1,36,ok,,0.41300847227565296,6.149313105253262,0.41527414108381794,0.12582806474839683,689c46954bb970719c1ccbfa862609bf50d62d91f6ddf57a68b1db613dccbd89,a56675cf7971dee4a5708aaa7631775cc4ee0dbbf031c92437f8dbf764a22761,0fc58e813db6c0a6666e214f974e70e6ac4e69ae6cfcb7f21c393ccb800cbd0f,8e265c5278cd36d484e685935308e83c7330f510403091a0c77c57b5cc9dd65a,0.441208083066158,r3_parity
3,parity,0.75,0.1,0.9,300031,r3_parity_sigma0.75_lr0.1,36,ok,,0.3608845119049691,5.89193767123123,0.41805305175661495,0.1258339685787411,caddfcb37abf3009ea99deb5316e1db13d5b0c34c98f7fcd4ecbd61674891add,db3e5c14e5fd1b464928c9903eaa0097bdefea6f9ef8c18e0c4d0f68471578e7,c3046847d8bc7742510b0bf358fce5745710323a6fe906651129aca7f72f6409,226f26fd7a3695ec2b82ef976d0171de7118ecebb601cc7d930c8bd5cc103180,0.4522932090330869,r3_parity
3,parity,0.75,0.1,0.9,300032,r3_parity_sigma0.75_lr0.1,36,ok,,0.3322671636846447,5.910620773507113,0.41057424394894987,0.12481457016048075,0cafa4d93d49dd1f1f96e591aef2aa1a0071f194cff785af1ee2ce77d0de7756,04c9ef5c63f89d8d6e9b8a0abd0768718e42d5a04c327b4c018659155256db82,6f2ebb7c5cfeff6846119c395859d312cb6b2ad50693246b3060147336ae7d08,aff622c8df07d2dd307512e96aa711f0ffb5a57bbf6a0eca2e8c3533fafce59a,0.4635557080619037,r3_parity
3,parity,0.75,0.1,0.9,300033,r3_parity_sigma0.75_lr0.1,36,ok,,0.3441382265277286,5.897728612296746,0.4349456482774198,0.13091864013150337,7856a8c79f49862d335530e7ecca990edcfcd44e2430b104e8e8b151686a6e47,57645ec48930a4c1e12aca637d5e92fbb621813907a9a2934b04b342047ed618,7456d7c43884711d6eccf0e05e59da6f8371ca0e030f84f114628e4fe919d2c4,dcc0806e4af9ea055db737a65bfa1ca01bfcfd7b1024cb87bba84128f4ee6478,0.4531856250250712,r3_parity
3,parity,0.75,0.1,0.9,300034,r3_parity_sigma0.75_lr0.1,36,ok,,0.3713250740582083,6.080579615328567,0.43147688067101087,0.12512829539459316,265709a031a255d67a159004510d8ae9eb9d1243c985ab835f322589dfcaf0f1,413113ebf5837c734743bc6fac245c377f6d4d765fe16dadcebe845b6970ecc0,bce3c46901dd3e8426a82abca6109602b4daad21f874f2b38058682cf1d1b5ba,8461cdce81f22bb0048ded0263c21b3b36803077fb5336a0539dee629457b505,0.4395335830049589,r3_parity
3,parity,0.75,0.1,0.9,300035,r3_parity_sigma0.75_lr0.1,36,ok,,0.42313446256356674,5.959850844274899,0.4382236727700791,0.1301524308127135,a7c9f8da5f053c87a9def53188cd1c7b7f13817ab7c058c3a0e9a596c18599c1,11b8d6a0d4a74720af43b2d3caaba1e6a3f04e87c01ee83efe4d105817f577be,7d9647b95c8fc018b7ebaa5ac9c27598bd9b5e60ee2a0bfb31124673a835a2f5,079103b82a69c7e7096037f07fe33272ab0203ad9cae69a0336569a7c5968184,0.41628737503197044,r3_parity
3,parity,0.75,0.1,0.9,300036,r3_parity_sigma0.75_lr0.1,36,ok,,0.26207062352010935,5.948526563486946,0.4588950156896129,0.13491513461274618,22e590454277a117e664fa941ea99ad8f30ebedeb9c6b160f358ccfe31a4ec13,4a1b30cf27c2d621e06e2bfd1f031cfb01554bf0205e819cf31f51918f94ce7d,61af541aa5400aa6c4d7948c4d80c81580ca4eae7703e476f1729115e3dfb394,fe298e149def756acceff683c1e421793d0c5df2f7dc1ae8aff207f5112457e6,0.41509891697205603,r3_parity
3,parity,0.75,0.1,0.9,300037,r3_parity_sigma0.75_lr0.1,36,ok,,0.3514616991771208,6.074101152354922,0.44164271486793427,0.1249848883076254,f0968699341ec1620fba5f45cc467b965fd0a832614c2f270113853125578534,ca4f3809d1420c32523738a8167122c75bc9dcffdd8c533cc422527ec8511726,29b762c8b132682407fe04c7954c8a9a433ffafd7f84875e64dda96ca2415048,9ddb6ff280dd604107810a45c590bac831adda5a52d1f211156cf94a59d4718e,0.4022697079926729,r3_parity
3,parity,0.75,0.1,0.9,300038,r3_parity_sigma0.75_lr0.1,36,ok,,0.3985601329413103,5.980132959632641,0.39360976681334436,0.11847653981081666,aff3f60d957ad1bd6b8c2456f9ee3a6386b8d361ecaa85f54ae4f6bfbddbe902,0d3833058011035bd683ea656900b18bdfa928d26ea9f2045a93b3f0902d7d95,125e0755616315bca11f7a592ae753739d84e58ca4941612dd8a2dbeaa165e62,e46bd74f0a5fbcb3b6445f345c7a33e1ff466bf16e26ae901d7333bb33ced90e,0.40467862493824214,r3_parity
3,parity,0.75,0.1,0.9,300039,r3_parity_sigma0.75_lr0.1,36,ok,,0.2768277038417018,5.894461201543473,0.44724005190017174,0.12701617473964877,4bf06104aa241b940a7daf009513d821bb13b8169b7d99bebfc074a6df500c2d,d8907a883af4e8a955b74b01aee12100811c29821c76d51119f417e1dd3d9766,6a1e0aa9851d87405257339d94e64cbd7b88e4df4ec58c6d1ccf8684bd833e68,b08720cada05b536ceaccca0cdd3537ac21b343bb06ab5915b44656dee4e3ebf,0.3982046250021085,r3_parity
3,parity,0.75,0.1,0.9,300040,r3_parity_sigma0.75_lr0.1,36,ok,,0.4368223316637729,5.986892484636151,0.4093865715086055,0.12322535802409026,79798a2e527fb88ab17da97fc950bc934e74d76207867b2377edfac289c7ce06,6b14f0355647f998c5a55c0c33416830f720e50e7f81ac5277dd002a135a6761,597b61745af1b9056f785942c0600eedff5d5e281200530aab15bdf0feac09b6,68ea5a706b800bb0a573c80a585335d641193a78d275999dd33ec558863aaed7,0.39551337505690753,r3_parity
3,parity,0.75,0.1,0.9,300041,r3_parity_sigma0.75_lr0.1,36,ok,,0.26473641079502,5.937404616591312,0.4417605038125258,0.13341167215138278,46829aa78c5762a9ceb54ca8863f3480de6482517bfd1e43afb0bf0bd89ee10f,5fe2e72c346db70edb03802941639391b013a95df940dd11e187db63f3e31d41,0d00e39e255f46dba3191a411405565806041187fee5340f137cf919061fcf8a,e0a625d525eeff2612cff8f5fa9a1463a219dec5051f7cc67149064409fca4f6,0.4068162499461323,r3_parity
3,parity,0.75,0.1,0.9,300042,r3_parity_sigma0.75_lr0.1,36,ok,,0.3638601135134475,6.03665728607941,0.423968918735415,0.12379892427074118,d1de4d8d5d0089d4d77b163b6384abdb2b66b12058825b0360411bcaac5ee92d,c96616c67560f50dd3cebed2c47ab6cb33774c80774dc35950ae0077ea90dce9,236c3e9d974c8527f82c627e7f9465d89ecb24c2e5c55dc5fb79abb7dbacc564,a95aeb5c22f26e6994ca758bc0c119f8c4c79fadc4172c3ab995989237f07890,0.4104603339219466,r3_parity
3,parity,0.75,0.1,0.9,300043,r3_parity_sigma0.75_lr0.1,36,ok,,0.291002103219564,5.945725887309532,0.4233168320601633,0.12191524763332703,ef8e7bd25984576db7218ca16ec08bd0e975634b20df074f8af7de4fe7fbda55,53f7262f5cd4d611f0f38b893d60ff604847d5eca0ebf2e1a7e1e98ef996a655,dd8941e957bfda920b24148fa5cbe1e451f423f0776c31fd0c1e985a30e475d8,efa55b0ef4f0b4f4f9c2f6cd2dae2d18cfe2e979d700e34f66cb9469b2697e0c,0.4080208329251036,r3_parity
3,parity,0.75,0.1,0.9,300044,r3_parity_sigma0.75_lr0.1,36,ok,,0.2773664119524235,5.892088142917208,0.43333354903632637,0.13346673310318852,ea06d8f954be15f088b6b90d0574b59f97197659e1302f3a9a0fcf4587fe8a2e,b404b0e35919d04ba7b0a4787f4141bc945414ba3d55c84d25c5d179efb132dd,372abc43814f86f660d62de2915810d1bfe0252d8fa419b04026f71a3f5ab720,8bf441b61f76d80cbba2c8d75e5e335855af291d93acabe920ea6b9e74a216f5,0.38397583400364965,r3_parity
3,parity,0.75,0.1,0.9,300045,r3_parity_sigma0.75_lr0.1,36,ok,,0.3219379752903772,6.027919631480375,0.424473492978272,0.12479520693561197,2bd910b6630755e770f64ec326f47885a46e28caa1cfb2ece9898be6c52254a0,0d407ec9546bde5c8283677841f884df398b4edf2732dcb0e9dd9b8da082f3fc,9d81f3cb4360e76f6436ac7d825a7ca5602d5d45944f72eaf71d524a3217427b,cf5f992640c0b710b747b4b1f61bb8700d3f04a136483a55311bdfa338c46802,0.38705895806197077,r3_parity
3,parity,0.75,0.1,0.9,300046,r3_parity_sigma0.75_lr0.1,36,ok,,0.3547279180776369,6.053124257158966,0.4029455257404558,0.1212866032478772,d5da4b35bdadfc27dd3908a7c92fc60c1ff033f7604349db35b46f48f15ce767,ff0c44f2c421e6eceb92495760ec4e53e943b09896522d93659840e35221af7b,10d4dd942fdf8134d835a7c230f64118d1d5cd38b1b1c82e7fd1d5f25707edd9,925d63bd9b7d97f5ee2652adefc13defeac08ad8d19a0cec0d8b020a02206331,0.4054069169797003,r3_parity
3,parity,0.75,0.1,0.9,300047,r3_parity_sigma0.75_lr0.1,36,ok,,0.36429546738710866,5.9585477464425,0.4329588319710219,0.13205244375116168,ba80f6c2328d41463530a291329dc92669415ea45bc43bd361aa88ed368fe2cf,f19e3d15b50f8f8cce7c1ecf8cd85899aea4f5e9b0c50a8617fe9a8f75ab8daf,ac7e3e00895fb9d8d56b3ed3dff58e91f036d32da4c74f8d05f85d77c907cec5,89a25e75b4cce3e0e9122d1987284a3e2a70a8ded64b4d7b9459ed852e923858,0.4631563749862835,r3_parity
3,parity,0.75,0.1,0.9,300048,r3_parity_sigma0.75_lr0.1,36,ok,,0.3401525728028695,6.008008673812687,0.43521500260912666,0.1292588557749106,2cebda7b822c6ea3ea437354fbbb1e7ca35303cc1db6c1d50b269ae1ad585e6c,b04449e3feda4928d4221f04eb43121fb8b890df6ce8d3100a7497b322c3cde5,86adbf3298da2cfb1bc5a5a557bd3516882977ad6c857d85affbe658d6d7d2ce,5504843decba916ddf60d72ebcb99312ae2ebd06a3b78c829dc4768309a43848,0.4755809169728309,r3_parity
3,parity,0.75,0.1,0.9,300049,r3_parity_sigma0.75_lr0.1,36,ok,,0.39282810952446356,6.105834663024248,0.41048933958161465,0.12396778055364763,4dda00783c3e9dbc89186954d10259bfe245724c40f8919bf579a059889831b9,800ad9b5f0a3eabf05aa8276d0c4ca8cd2b65ace12abe3fcbd9065b9bc20280f,6cac0f1019ba02056b4f29ab53e3be72db191db997b2aee010d7beb37435db9f,f04584e1aa506a3575b4dd510d78420120abc0dfdcd0a7b59cf799d0fe97b8eb,0.5197857919847593,r3_parity
3,parity,0.75,0.1,0.9,300050,r3_parity_sigma0.75_lr0.1,36,ok,,0.35845545883812846,6.031677951199466,0.41044922509708137,0.12313476752912442,390f2b6ed4c28899f7489d28d61acd3ab3dac981995fc19428cbf72154196d5e,0937bba965de3b29400cb0316413f15a6327a16e51075e2bd85761227b696178,37ad5cbd72fbc28c54767b607e2fbc149c256499fc3e3472e7599dc5fa24a441,3798c417e645a604ff5fe7e8317c2c3af64c7efcaab3ea787880ea664a90151d,0.5581526249879971,r3_parity
3,parity,0.75,0.1,0.9,300051,r3_parity_sigma0.75_lr0.1,36,ok,,0.45642254490588724,6.15511514755398,0.39666986852218256,0.11622427147699949,40bd3fc16e77f7f16b4a4180dd17723bd6a874c87a2ba15961fb2d1de37f22be,3e8a74a0dae522d0d97418de854467a0d05ddd3958b9920af2b9026372da8f5e,b26aa39081d9f36da50df9ca30ae6c96e2a011727cdd9485cb734f4c4f62cdff,56068bd0848ffc6235c7e1da0545394662f06f8e7c1256ed24e4fc84c170fcda,0.5476872919825837,r3_parity
3,parity,0.75,0.1,0.9,300052,r3_parity_sigma0.75_lr0.1,36,ok,,0.2725151500352448,5.897218573619219,0.44715455559837186,0.13056913023472458,7ac760f36d6a12efcf52e8294de109c9d9887444b5e5cd9434e0ccb624564774,7295e148730692031f359fdf837044caacb2ebca1b6665c815a15a29ce443773,e665c659cb16c19a45451c0593eb04ef2256a39623944f513ea154c0e2b6c7ba,54b2f1adc6d8af2797d34c4f41c82046e594e43be5d6b3723e5bd1399bfd77af,0.5274176660459489,r3_parity
3,parity,0.75,0.1,0.9,300053,r3_parity_sigma0.75_lr0.1,36,ok,,0.4534955397008307,6.120404472313977,0.3887984307013562,0.11586193234900415,07dd12f5b5c72d4ce65bff27a2ad311d79b21736ffc2b258c075480649ce387b,d9852a48342447f1e59125dfb75c6b8b13de5a1031a1a2f49fcfcb34ff893dd1,5d872f73229b633caf8655212b28574c7143ff979209b2db1fb8f95ceb2a8045,d6e6aaa2402753cc823acf107cadd72a605626ca4bdfad7abd38a80e1f2690df,0.4357356670079753,r3_parity
3,parity,0.75,0.1,0.9,300054,r3_parity_sigma0.75_lr0.1,36,ok,,0.3857599652466788,6.068253281523726,0.41433880536838513,0.12637333563735748,30dd86d095ec5d698c4e2c00c27bec4505fe1de45ca78a4c77bfdaf9a1ff2a4b,88556dbeea38b9e3f76af13cabc3a013f5842a42df9d64f8a2f8711bde460ef8,4e1d8ae44ddd7c08a34cf6cc556a761c62d6bf3f10189d9879fc31f14386629d,ccbee2fcb96fcd6b33a8718d7873593fb7ae3992f4a2c7891d7afd4a101e9f95,0.4388409999664873,r3_parity
3,parity,0.75,0.1,0.9,300055,r3_parity_sigma0.75_lr0.1,36,ok,,0.3519766671838912,6.031194313971157,0.4271673895610813,0.1302860538161298,08251a850e5eaaf3bc0db7235541dd9880d2de7b33498b9b1ffabbcc6a82e031,16103b6a02a3e8dfca8c66e03d66f1b0e1227382f6ee949182c74ddd9c1d66d2,aa559841abc830becabb7889aaf5610cd7f44bfe8fa3c0afe3b6861586764e0c,cc422e1fad87569c5aba0b956c32ef49780fa9783632b020e48a9799b457ba53,0.3836671250173822,r3_parity
3,parity,0.75,0.1,0.9,300056,r3_parity_sigma0.75_lr0.1,36,ok,,0.32631810647521087,5.910462541049161,0.418336778313063,0.12717438060717115,d3ed01aff926b25fcd5ab72720d1b1d98d64c483df418e299d719ddb69984290,28a8d7c637b0fe9a248ae3d50677aa2d4ae5a6c7369f00f0a65b37272e587765,503064bb4c8ac56dce73d8ae4c8557d242720ba94caa10800d2a8732e4216a39,300e0a37a1cf6024dbc5485193d4f08dc79fd68e791dbfd039ec1ba4a0c78603,0.450266708037816,r3_parity
3,parity,0.75,0.1,0.9,300057,r3_parity_sigma0.75_lr0.1,36,ok,,0.265639627625945,5.880917965148792,0.45345145030686834,0.1360354350920605,46b86bb023c8eefe512ae0b282cadf490362356ee2bae4f1177511af1d02223d,23efabe96dacd7a930475e0fbfddeb62fc5649c0a94c45d1506afc56e10053df,99963d313f789e951f0fe79a9c2dbf184a29b12624ff88dcc4ef79dc23f1e935,2047f4494e54844cd7ab54c1466a2a8110d7c2cae5adf692a4ddb25c831e84c1,0.44831150001846254,r3_parity
3,parity,0.75,0.1,0.9,300058,r3_parity_sigma0.75_lr0.1,36,ok,,0.35683705829316226,6.014125931225064,0.43707094592629275,0.12981007094010893,be54da548939eb34c198c5b8af39c6b40768c19f8c0894ee69a24207b6b465e4,e56069914c786018770bce1a7522f77d4bddd47cb0cd7f780c1e90b386a09398,44f405eafbe3c50335c14a24299b35fa15dd5824cdf494448774e1ef45fbc744,d7297d62fe19cbe5bc10e3c1dad13d8b7c98be3e30416fa40116000617a11579,0.48495679104235023,r3_parity
3,parity,0.75,0.1,0.9,300059,r3_parity_sigma0.75_lr0.1,36,ok,,0.3192791355012272,5.864081310931826,0.4427629756883294,0.13194336675512217,86975954ea25afa24d148cd0d80a4f12817f3bdbe7943fd11114ef1e5512ca2e,ac92c365f27d645f30db1d16e6504134289e056b66e3d0432559610015e7b01f,8076a92d1eff89a131b1bb989745bbcafcecb7ab8a908bb396a2ea86372305ea,7ded0fab3efeb0d9d562a5427d570f0443c84f590e0a08655363767d55012372,0.43143050000071526,r3_parity
3,parity,0.75,0.1,0.9,300060,r3_parity_sigma0.75_lr0.1,36,ok,,0.2940615187129849,5.93022756880935,0.4210679141439246,0.1250571705007456,ef3dfa0dcce3266b8e64b5185906508ef9724df33f314b80d6e605d6a76f6e29,85f9e8162e8403ef1422e75acbbcb246cea4fcfcbf305c2aaefe1134d59965ef,69db05e052793e945444e30062ac177b35f237b6dbedabba84326570082c0984,fbbe6286a99e6a50e51e87ab6f91fea2ca935904a157600a7c2d75567a3c2620,0.4331496669910848,r3_parity
3,parity,0.75,0.1,0.9,300061,r3_parity_sigma0.75_lr0.1,36,ok,,0.3873411065963256,5.954676630422291,0.47027004715942516,0.13872966391203043,cebafe01e6af0ee95f79d83a58cf7c3e9005f4eac4718eaed5302c26f67536a5,a034bb4db5a0ed251a7830b45b049184cd6466ad4c690b2da4604f786ad3f27f,51710a85eba65aed03a40da4db76c721f5d39f74eb8ad2317a5979496927cb60,39e0319d767aeff0f4dc58bf2720ae668fd1704e5fe02715742c8eb55434d4aa,0.40113391703926027,r3_parity
3,parity,0.75,0.1,0.9,300062,r3_parity_sigma0.75_lr0.1,36,ok,,0.2615414895822562,5.854695698464075,0.4338651174941363,0.133630456188194,b31435f2845f9ffe580f90ef95b59358e3d48dd35beec15b8d9a352d33daa705,d7eb8769059fabae7482833a3bdb6411efc7b8bbc9dad9030069e8fb4af0376d,e0c466698941e43033d201e50dbd0d05e54f7d14b58ea01a9931fa7755d20854,9acda461ffd46fc1d0d547bc03e42c79fcfcd42db3105ff98c6ab7b4d7ca672a,0.4010911249788478,r3_parity
3,parity,0.75,0.1,0.9,300063,r3_parity_sigma0.75_lr0.1,36,ok,,0.3365930313274522,5.935972097495476,0.4284811853696033,0.12297410020107614,d6d2c5ebe7f763691e03746a41367e5be0344eaf5fdc66167695a8638bc42d03,443b43e8d82c93a9b6859f49bc9c1384d25cbd44a30cdd875c6562dd650ff6ff,ce05d11c7a1a1c10740f560ff69a559e1b594377eaafbd3cf0659a37bb6bca50,d4f5ef9b24f9bd0541d78996515aa9bcded4be5a3fe5c783574bf963f6968c9d,0.3989319170359522,r3_parity
3,parity,0.75,0.1,0.9,300064,r3_parity_sigma0.75_lr0.1,36,ok,,0.45188863696622383,6.0644929316129215,0.4459399375030004,0.1315522815633851,a2279af607d348c7eb3e3b3dc6d4045842a3e1c8cd56db71ed3c33fdd34d83ba,2d4cb5b9640c9fd1a8540366892d9096ce2ffb3b0448e9de439604e97fc81b00,0f6cd883845e7deedb28ad8addf0c3a092f5f05c2c631e67140ed0777f55a3d1,e02d2c062125c5a9166fc78fd4c0b6d9fc6f899df7fdc519603425bfc600ac50,0.4039787920191884,r3_parity
3,parity,0.75,0.1,0.9,300065,r3_parity_sigma0.75_lr0.1,36,ok,,0.26910817186619945,5.783403370286252,0.44765522932736046,0.13653484494484494,1cfb2f28eb8cc948dd0f1611cb56cb4e6560995412560e94f6b63dae98e6ad18,5880d14001810cdd467dad4ebafe5b0d6e501f3f570a4df3600f1534c2b7616a,1b7cb54e9f287c12f37112c1482b7db47998a96072f0918234760392a7c7571c,31638d4486842a64ef714036b494b171bd877612a88146a029d1767173e1df3b,0.40824500005692244,r3_parity
3,parity,0.75,0.1,0.9,300066,r3_parity_sigma0.75_lr0.1,36,ok,,0.28793065346368674,5.944174661779774,0.442457101854869,0.12919747374162174,708269c9fbc27a8cde579e683a6367880c14143b935f4908ad90b01362b99244,6549ca8b41b89433ed9700fa8e4e609e210451b9c7ebfbe6f1edff98e603ef32,54ad4239226c0c75adc1e156718641a7abe491df45dc54a0283be12f8ee4cee2,575e883a35d416fdbc7037afe66047cc2135353fbac29cfee67a7bf9a06b093b,0.405695749912411,r3_parity
3,parity,0.75,0.1,0.9,300067,r3_parity_sigma0.75_lr0.1,36,ok,,0.3655632325436816,6.011181796778159,0.41425652249950323,0.12427695674985097,081f0a8188505511354ed61a498396ca9f725e574fcce6253e57e031ed00a1a6,e1589b617124f4cb79e463a004e07e664bcf84d0d57ca0ccfcc221cb90bd6916,d1fd09649534883cd89734fc81e842ca9f19e587d1eec827050e48246270d9e5,3cdaac97d58583b38938badad30fdb303bc76a44442a410e38367fcabb08415d,0.4052763329818845,r3_parity
3,parity,0.75,0.1,0.9,300068,r3_parity_sigma0.75_lr0.1,36,ok,,0.30596971796885486,5.962218631775875,0.43007407266922637,0.13074251809144483,0bab71e6eca3d3074b94363a2595e397768bf164f5737259b49028335278c69f,2352320ecc2428f76669b117992f88aa230efa0f74713ebf4f0d5ba8b32e0b81,a1a6b27c7ca37e94608ac405162ac117bc100d400cf1254037c425157b794335,e8b56609d626d54672c3edeffbccc60913f58504aed056edab6d881ad9b10654,0.5522853329312056,r3_parity
3,parity,0.75,0.1,0.9,300069,r3_parity_sigma0.75_lr0.1,36,ok,,0.34592598353367804,6.02267055140722,0.429403212186517,0.1288209636559551,6174d2c5d4074cd59901346d33d990e3b06dd344d19303a5a61f4f4ab30feb69,13ddf607a526199525f36e82d6ec66fb92b3b4a84d3eab35ac1e71aa897d1d52,91859f0b01151c1097033ae674fbe94c81d0f5314fcf3c276b0e1ffd7d3970ab,b1c2be07b2c79fb1043342df4dc8ef375f18a323986eb053e001fc408668c5fc,0.5324521249858662,r3_parity
3,parity,0.75,0.1,0.9,300070,r3_parity_sigma0.75_lr0.1,36,ok,,0.3377017742374657,5.866918886416783,0.42971461160265045,0.13020352731560308,f634cc4e2d1c13934fed7a89e1dc9feab288a32e837cb405f0cb855949395708,ccdff70c19143dba1653dcbb3dbbffabc6f7f1c013b1dfb8a1e39a9aee3a3577,bab40b5fedf934230d9d0d16692e9f5c5470b8febc8fcb7c060c461410d6242b,61e1a2b0b51b5c7a5a13ac42fdc6026494aae82a3078bf96d1e797e2ab6a7df1,0.5935240419348702,r3_parity
3,parity,0.75,0.1,0.9,300071,r3_parity_sigma0.75_lr0.1,36,ok,,0.4230832752618045,5.995240076863962,0.4258111663671675,0.12646591641104873,a7a631ebdc901b6d1afebc5883b03deed2af77787993e7c43d983c2bd7ba4001,7a9ef81ad7224233cc5cb38b965598d9364349ed4072919e19c10e80bacca046,afd9fcf2c73317399ca16983efdfcd84868997fa4de3ba4bf51e3ab8ee2ef96a,44039f779de93e5d75bbc23f5bef4ffeb010efdcb10339ec1361199a0c4ddb7e,0.48094929207582027,r3_parity
3,parity,0.75,0.1,0.9,300072,r3_parity_sigma0.75_lr0.1,36,ok,,0.32137810231677333,5.940559210642883,0.451407904339425,0.13316533178013037,29476ceb6b9c7bc9a00c948025fe869f227afb88b4f615b258137802f2c3d508,d2f5e742631b619a124a6e2d35a067c5b263572690ea3f3a50c8fe4ba810e605,8977935e02929e7becc78677eb5907cdee0ea75c29229c8f279422d8b8ebd7d8,ed39fae2c708ccae562dc7f9bbf39bd20cedaa562f0a4b3e0730a780580ef7b6,0.46565245802048594,r3_parity
3,parity,0.75,0.1,0.9,300073,r3_parity_sigma0.75_lr0.1,36,ok,,0.42252689689327194,5.839616922579215,0.38486253587453817,0.11430417315473784,94d96421ca2c1b509b027b228ac8292f226d27321b9fe81c04af907c5f10cfcf,ea343b04223be8eb207fe79b900dad6f48ebc9d78b3bd560a6b589d849c18632,d5f47536a2aa24a3162810e429c26199883fb455220cfd01d9cf541c6006fe40,91ed49f77d2a1d27757549463573be84ebb7161c598e7aba26ade4316aaedcd8,0.43729091598652303,r3_parity
3,parity,0.75,0.1,0.9,300074,r3_parity_sigma0.75_lr0.1,36,ok,,0.34689242420836086,6.0364951893326175,0.4127434574872599,0.12464852416115248,f2250eae7e757ccf0386e915268746609495ba31fce4b4abc9a865ab6e47686a,5ac414598748c0d70db4857128449cbde5756407a395d592f1e8f0d8bf4b5c79,b39548803e380e78afae47b293cd57cd498c8c44c3d7328d137cab95dd5630e7,359b7641dd8ba163c62167743f87c276c49a09c7749488bf3d9528fbc6ba6145,0.4248175419634208,r3_parity
3,parity,0.75,0.1,0.9,300075,r3_parity_sigma0.75_lr0.1,36,ok,,0.3029339538922665,5.903705077766561,0.428840912377857,0.12865227371335708,7dec063783091bc2e04a4042c3c3773b5ade267b870931cdc8039fa0219f28b1,a25c1eb5d376fa0b58834737109ce6926d29c8f0a8076020763734df14b91a56,f1ab4a2923c99b2be8f52513ddb62b5f3115eff7538a77c8b4aa931ffd4eff42,db0aec5317de5a33719658f6d096644cc83ba11e2a57f3093f2c270e3e97d207,0.42034787498414516,r3_parity
3,parity,0.75,0.1,0.9,300076,r3_parity_sigma0.75_lr0.1,36,ok,,0.3677189245737949,6.034874242743444,0.44886064363370587,0.12972072601014098,874f36301d93b1a5bcbfe168684f14c2ae66efa60b0bc3f6963cb38d49893ab2,a30bb8ba2fa3f25d8d30198f6baa7b531b0290bf636c95bff3cdf4e85021d3e3,3df34fbe72a6ec06222f16b3f3945ec50a28d566eed39cc823b976f0e046e934,4e3976063e6b660d5bc09022fb669af0834338286b57d611571ac2d11ca74405,0.4286951660178602,r3_parity
3,parity,0.75,0.1,0.9,300077,r3_parity_sigma0.75_lr0.1,36,ok,,0.2709895629119252,5.865149284504843,0.46237795576822416,0.14056289855354015,ae4b1717c7ab36a8bf739e3c3e609f149fdff4c16f64795219832d1bdbe563af,01468e53e4630aac84262b5039324698644a6a60b78851a2244d2d5ca7d5cb3b,f964cf3c92aea6f7193a2bc545cb2b1cf4563c33fbf91422d7d9fd8a9a1585b6,2ce50f023a3a60e7d2b5bd4f5858bd0ec9c83ad4ebe65f0d22bc229db9aac575,0.43327299994416535,r3_parity
3,parity,0.75,0.1,0.9,300078,r3_parity_sigma0.75_lr0.1,36,ok,,0.35949286313344786,5.994850008519326,0.417728882505764,0.12490093586922345,fc507e05a21f23918e50d7f9083a51ab150f87ca134cd0efd7c9b54191cb9adb,7b9ca0f5a4d48af552fac2e70ed042c3545b15fb9af1361947503fc8f8c0cadf,3c26773201de8f53758a523e4e9e117b57f250c73c716c02f557927f92598fe0,b638936c536111a465d937db04474dc2b8134391349fc3e0ddfca323e974e8b6,0.42599745804909617,r3_parity
3,parity,0.75,0.1,0.9,300079,r3_parity_sigma0.75_lr0.1,36,ok,,0.38657016205522005,6.113756870063758,0.42332065597273644,0.13038276203960283,99e3cfde53d3779687e41c4889b2c25c000b0fcd2df380100446ba8715eb8ec8,671c1c32f5796c76ffd63fa2ee7f179f0b0fbb4e4d0a1e393c4129332e01d5a6,05e654b3327a5e26890e9b771b6400e5ba9ab79d9f0b252f9aef0ef0531e2b8e,ed52b07e7e8f938a3a76d3ab32fb71985acaa1812dc0437b3854f2386ffe0d79,0.4272007909603417,r3_parity
3,parity,0.75,0.1,0.9,300080,r3_parity_sigma0.75_lr0.1,36,ok,,0.3639211368374838,6.022724326680767,0.39674965296879916,0.11783464693173334,0e3d960b755d50f9638f138ca006e5501b07ca00e96338156fe514e01912fc98,1cbfac2f19d4c0ebeb40fc9e4eb17765a40b7e9b64b7903e8debdd4f6b207474,238b41c902d3ef9c0bd2ed48a46db2b4b87e8dcf89cbdda9480228c9b1a9f74b,fac02a58fb3943dce6edd3a043ca2af3d3ec11d1b09038d2506c86bdcb6ea19a,0.41693079099059105,r3_parity
3,parity,0.75,0.1,0.9,300081,r3_parity_sigma0.75_lr0.1,36,ok,,0.27062792670772073,5.922116068917111,0.4384377789421153,0.13284664701946095,ba2f638e3dea8ab3bc59b28079c678391c132e83fd9186ea1da00b1add31d0c8,1a216ec3f73d111315128ec3ea4d639c9921edf923f3131c1bf95862d334f31a,b1154e3386b943676e8f461c997f0a13c5983d26ed22c9c748832d5d14b5f021,3559c01fa0ca53456e85ce6f55e5314f58d7bb81cbb08a0bae8856e8a2c1a37a,0.4195478339679539,r3_parity
3,parity,0.75,0.1,0.9,300082,r3_parity_sigma0.75_lr0.1,36,ok,,0.3783148220306869,6.029630569028907,0.40949594547735135,0.12162029580677336,6c99cdadc1611e488d48953877d470202aead6ee43dd801e550e79a6bd0e922d,7d0c04aaf56cf065cabc2f4d8c5c616d73547978bc744188c58727f7bfc38976,265ceb9b84556e41b99cc6a1310f842bda0f172e675f813e9e731e3872257ab3,42d402303b9135df28a8c8a55568a6a65e43d7da488d78749bf67894703b311a,0.40021620807237923,r3_parity
3,parity,0.75,0.1,0.9,300083,r3_parity_sigma0.75_lr0.1,36,ok,,0.39414766279508157,6.016686323364911,0.42979321209439864,0.1263592043557532,fb2734f5bab358e14e01f2c8e72617ccdbaab144d7802f2c8c60ee7f1e3ed644,84c7e32ae9100532c76001d8d1c47683e020e8e4c9c3cdbd4666f567820d7dfc,fbae546b3efcf6008f28f3d5b5d868b976bc5cdd69e6a4602d7e05fa06b2aa3f,f0b865da897ea72d10cffeaf035acb0c3a717b5460fde13c00742dbc6ff524ce,0.40013891691341996,r3_parity
3,parity,0.75,0.1,0.9,300084,r3_parity_sigma0.75_lr0.1,36,ok,,0.4064850586522698,6.0530185121866165,0.39399430772842015,0.11780429801079763,307f937ba084b91de860668af0fb0f69372364bb6ce4fcef6c017c30674f17bb,1cb069d54206b5c7c80fcb7a9417feaf0b8aec9e6bba2eabacd8a44cb5aed089,2fd02768fdb7f146b2cbb15b8dadb8e9814a9305c312fd799e8f900d7f3106c5,27fb07be96804cb6a8ac376df4db86294f16dba84052fb7c12c078b1c817ad1d,0.3992283750558272,r3_parity
3,parity,0.75,0.1,0.9,300085,r3_parity_sigma0.75_lr0.1,36,ok,,0.366283697833929,6.005215841204245,0.40863708471528387,0.12218248832986987,b7bda8f1c6157533107318b4929256d5284403e4f9593ef909e880530d05bec6,8f4efd48e45a79dd017a1d7a311edb86e9da535faee03ae1a88e4a1c9590a97c,3c7883f7360ce27199c4283ecbf61af6845a919dc9f733d60d2bb0733fbd9d4c,00e73dd21b5ab16e25a387a4ca29e08d7bb2a7e02177d9510ebb34bc8aaf3b64,0.3883718329016119,r3_parity
3,parity,0.75,0.1,0.9,300086,r3_parity_sigma0.75_lr0.1,36,ok,,0.3601833586773456,5.890620114706745,0.40683644796673485,0.12408511662985412,7dca81a4c91012a56cee488c1a773d6401a3ad74b9a9405b00de27a2cba11f3c,e0324572697d072a56ed3c04da591c40f89f4e8378187195dcece0e344b2e000,2110537b7d7299e84283a399cfae209e4f9718851f7f11560a9d0981f82fee4b,9445e3300174b588308cb1a2f2636d752d093ffc4fc6dc303d3eb0425c30dbaf,0.40070154203567654,r3_parity
3,parity,0.75,0.1,0.9,300087,r3_parity_sigma0.75_lr0.1,36,ok,,0.3649704770910079,6.029801431042304,0.4121707087254035,0.12406338332634645,2cd875bdde423eb1353f1213770192b7df8bd876d40fb1aa71d29f9f56f00fee,5e9e38ede140f2d6f39e4d2630dbf7e98417d17a2d266b77b6dce2135af70253,d6f9401f4860245c006a1885baee5959823b4f53355b4fba06eedc7c545ce49f,6f3778849888b4017cd159923962d8c69700e815152685c43de05f685e208122,0.395547709078528,r3_parity
3,parity,0.75,0.1,0.9,300088,r3_parity_sigma0.75_lr0.1,36,ok,,0.3466273379393061,5.944239172194726,0.43174272986929874,0.12693236258157384,0030bf09b7aae09d5ca485e801a912df314636550145ceef5f18ad2202a69b51,ed7150770cccc71995eec6416e5eb8942b5187c46bb88744c3cce6ecfecca45e,b160cc9820d53513797a61c5a19487ff1000de3e0f3d8e4c1bb4c0e6b1194c7b,b362b4f46ca044e1fd52fa9f5e115d4a1e8bed0e2fa64a5d2d6faa5f554058b4,0.3967566250357777,r3_parity
3,parity,0.75,0.1,0.9,300089,r3_parity_sigma0.75_lr0.1,36,ok,,0.3556591518107617,5.926169457716447,0.4557736205692962,0.13035125548281873,c661e54b95aa168b9588f9db764694b9637b19b067f1ce1ef87d834330b73929,60508639f832531b067f6ff4a1f52ad903eb5f468fd6de942af85d30e535bba0,c32b6848e21b9a50af8f9e79eb6df0be6e0f2a64af10712fa7ebfbcb23bd0582,80caaa6923173d1d4ff31990f440d2452345f7046d9eec443ab6b53ca87eac6a,0.40017204196192324,r3_parity
3,parity,0.75,0.1,0.9,300090,r3_parity_sigma0.75_lr0.1,36,ok,,0.27652596892305165,6.010197576086071,0.4510603637651036,0.13351386767447068,98cd9fd3f5a0edc83a0ad4fddaa12ced64d760278d475564fff1f1c5dd73e084,eb3f6b474d6816be6628e288f25ada76b0f7d91970b57b91c195cb1a75bdfeb0,9dc46b6c5ca0a4b0f08a26386be913a69ade97c8e512cd25414dc9ae9878f34a,090362a2e6df9712ba83eb1744e7a49d35093f2d8e10867b43f739c69bf7df27,0.3973988340003416,r3_parity
3,parity,0.75,0.1,0.9,300091,r3_parity_sigma0.75_lr0.1,36,ok,,0.38471574523237745,6.082095103382102,0.45565672126265655,0.13441873277248367,3ccc764800bf27bb75e2094ea8a123146ca3bde83ec7563c79a484f44610fafe,6d41cf29ae36d582d46a36d3d13ff7bf618a41b289a91760c47e508267a1e2bc,db407983fef5b206f39545297413a7aa15348c020465521dec172a55dd714019,62c4797113fd554f6433e7fedcd98d2381133be5f76ed592026b74b7caa1cb1b,0.39629412500653416,r3_parity
3,parity,0.75,0.1,0.9,300092,r3_parity_sigma0.75_lr0.1,36,ok,,0.30719661836815754,5.864225391262386,0.43161011987856235,0.12905142584369014,ba3787eb400695bd780a7f47c9aac7da4c6b2a214e9244efbf6a555d261b6db2,312c1762699384512ffe8b45d038321bb9111baf907d3b4d299e58986f587df8,6009430313df6b77cea37c720620f3e27e274d080da404b5bed3818beb4435b0,e9b243932d743c58895476cafd3bc121b7a0dd4a7dd7fbf3165cf573de7db996,0.385750166955404,r3_parity
3,parity,0.75,0.1,0.9,300093,r3_parity_sigma0.75_lr0.1,36,ok,,0.38983742373299,6.050764774607224,0.4402234408247031,0.13426814945153445,a7c87e334d754c35efcb9e12ce12b8d5ba21cb97c762ce1c5240cb2fd48ba9c4,3cc8f5d36dcc8109c4741d577771dc446ba604413af58962bdcbf19baf2f0dc8,7ca6343b7a31f3f67f9e05e315b502d774d0ca140f6d6adb18fcfb1528357015,d96759288a3d530b1b8b07045e93cec4f4956c7c0dc076b9422e977411f844d4,0.38957875000778586,r3_parity
3,parity,0.75,0.1,0.9,300094,r3_parity_sigma0.75_lr0.1,36,ok,,0.31328026219932376,5.917672038142604,0.43940585278029987,0.13050353827574906,fe0cb28c5e5207e0eb8d04b69d0a192adcc44035ebebbf0a71afe93c9c1de479,0cd090b78186e5e94dddb02b661a53946c90c56c0135969d592b1a63ed8f5b05,237cf5e8e392e8d3cb9789a0295cb4f0d2239b08f76569216567ed0e25a6b24e,81ccc221a0c6c6b67dd1f7d0fdbf974246f08b3f135631eb084d3473a5ee31d0,0.3900162499630824,r3_parity
3,parity,0.75,0.1,0.9,300095,r3_parity_sigma0.75_lr0.1,36,ok,,0.4518290564474766,6.043894235210463,0.4032190500668867,0.1213689340701329,2b1d3f506c8358f83f3f6c4c478ea6624d3260edd10ad6d1d620211c296428f5,0645f2857cbee4f45e0679741b4cb95e945e216de2bf7f7e7ec41b2cda9c8c36,be1a9d3668cd0ae796500668b1c7040d7a7deef50c82de6c03ca06d29d71d5c4,01be303b9172a8a3dec47850d30b98a0d8964d102d0592bdb13348db538e4f9a,0.3951767079997808,r3_parity
3,parity,0.75,0.1,0.9,300096,r3_parity_sigma0.75_lr0.1,36,ok,,0.4874948631231887,6.151181594791472,0.3992776066702024,0.1173876163610395,a8b2a6d596c52df65b7d82272c0d81d9d2c9c77626ad4d90c15fef87fa6ce7bb,a2772ee613085871d2c6c6b322c84ca766ff812bd99d4bb412f81dcb90de15d8,9870b7b051d19b22ba1e1de80bdf44959353ee13fbf00af1aee1787ab5c9c043,00c5d648c522a32d9ee78116df66c536ae03846b67f8a8b03d26c115440ab649,0.3945730000268668,r3_parity
3,parity,0.75,0.1,0.9,300097,r3_parity_sigma0.75_lr0.1,36,ok,,0.35502593357438494,6.00833007327262,0.4583584903390828,0.13429903766935125,6a58ea514372c71630cb99b35cd8e07be887fa6911b53f19b5d704732fb75bdf,e8c8a21ce148719bf4d490968666825c456df5cdc48f065ce070475a9f61b2a5,5dc1a22dd45cf7dd75e75faddae7ed627a49577b36ffe412360df454f47eb19c,3c7b18f44d024347919d4bfa91ab1f3203a5e7c2491f585e998453fed4c93edb,0.3875929999630898,r3_parity
3,parity,0.75,0.1,0.9,300098,r3_parity_sigma0.75_lr0.1,36,ok,,0.47668745377126337,6.197414643350612,0.40159113840885685,0.12047734152265706,998122d28dd5e545db51a6f7b951f9827ea9260ec2b0d92d5c37cb103d0ba6ff,cafbcf058d29eff2ccbf8b9b9b6915872acb9632484a9ed2be13751a7165618b,287d87fadebba1312633eed9cc5eca6153b7cb4a2e16f55ed57d8b5f1d3692bb,3f3abb98c8342ca76e102e6a686a8364e2cc6d39e89d2a411b3e47225514c767,0.3957529170438647,r3_parity
3,parity,0.75,0.1,0.9,300099,r3_parity_sigma0.75_lr0.1,36,ok,,0.435940920808268,6.055267825370602,0.41791808945785536,0.12704709919518803,84ae2550cdacfb1a0c04866f5109d582dc8f9d46f21b0b67a1fe731269b4c984,bfe6ea452f11a0df7fc9c4a0f46f997a12c5f847d7cb575e520f403a4bf425ea,4b91ce31add683e91c0dbf068a8f03c9d4f6ddc6415b93ea0b5814740a8a8a03,193ea8e5af85f3dac4d89a8b29e4bb8d483608899e146d9351ebc80c449bc2dc,0.3952174170408398,r3_parity
3,parity,0.75,0.1,0.9,300100,r3_parity_sigma0.75_lr0.1,36,ok,,0.2822097952262704,5.8534245871533725,0.4493959257915684,0.13302119403430424,79ea598cce16ae26ad8840b1327ff8de5d21fd4d9430d25e5240651e7af36883,c6cb13adc09d1c9493e0525b5e9c1857602686d97269e77f2bb4ddecac2d9281,e92d392d1d194caca9d336509363ebb15b56af341db9d21d883de408662cc3c4,776f7a5c864fc8dfa5b341de983ebf5f73bb282fab320aa4f03624651daf0244,0.40218658291269094,r3_parity
3,parity,0.75,0.1,0.9,300101,r3_parity_sigma0.75_lr0.1,36,ok,,0.3410477808803327,5.985337352370764,0.42935268639626567,0.12794710054608718,0fb83b7408cbc1aaa63ef4f097d2d4880365ec38387ba68f6e8c06e44ed382b4,dceb90c9b78bbf6b549b8ab484f361187309c14504d742a94a4f018d6ff4ff8f,413e85c25143ffa0362ab305b029f74d056b96768dc2fbcf98ec1f1694c26a18,b24fd5b3c41e5e6936b7aa17ae1fd65968a89b35bc5110c723a1dc159354aa82,0.4040500409901142,r3_parity
3,parity,0.75,0.1,0.9,300102,r3_parity_sigma0.75_lr0.1,36,ok,,0.37981795726049783,6.037132163834173,0.38285484584845736,0.11447359890868876,e006b6489056566299e5317c5e2b106d8b7edd9487990bf6db04060c6ac36307,e07ce9fa89fc078461c503cf21016be917062050bc58b8a99684204e3157ba1c,4f0cdd2aeb33e16147ec284b1b71e00416b535c9e199793bf0212ac801ebcb82,932747f8f45cc1b8c2f103f0b08ccc2a570c553f72f65df61fdf69d7c3812712,0.40885829098988324,r3_parity
3,parity,0.75,0.1,0.9,300103,r3_parity_sigma0.75_lr0.1,36,ok,,0.315842518487198,5.918066715101151,0.4404564744667733,0.13037511644216487,84e90d70cb6e50e4307e53a36b76f3648b8d6250f46defb308584a6065977352,f00bf89f1900623e01eb9a58b0cb70f1bcbb56703e588050aab3210550b31700,dcfe7e61ff20e8629cdc8240e70d763599261110382446b7a81069001aee1621,6ef8f36b3883071f98f2633229acf429211d5a82ff4ffabd1acd005fc5ad35e0,0.41204920795280486,r3_parity
3,parity,0.75,0.1,0.9,300104,r3_parity_sigma0.75_lr0.1,36,ok,,0.2970561728395468,5.972540951093219,0.4585447698615612,0.13527070710916056,2c3887f0f74ede3f0dad59dc0d44c3389907c03911f67ef27c1dc5383e7ee93b,23cf924fe429906fb077746ef8a5906c8fbd8ade881ed87a2d573bfc29104d1b,6547122e72c72d7654a4a6438c477fd81f92746a202f43b66f1afebb113c507f,ebd16855f85273967fbab74283f6c936c4f28f50f1bf7c42d56c663ef7343b6b,0.39766270900145173,r3_parity
3,parity,0.75,0.1,0.9,300105,r3_parity_sigma0.75_lr0.1,36,ok,,0.28853782578982756,5.874764462802882,0.4370664297916377,0.12849753035874148,de0ebb6b14e2d450cf1bf792fc262365fb3d059482fdd0b5f214736a7a740690,ca39052c1df6c96c8cc1bb2d62654af1cbbf1e3f5b76fb2794c5d04b41e0a09d,7dad43ae4069ad1a8004e09faa10b5991f4f3d957631a04bddb3fac882fc867e,d58e5ae7494af075f410b67d5d2504127ecf64ba9ab4460788dae0571cda735a,0.40185395791195333,r3_parity
3,parity,0.75,0.1,0.9,300106,r3_parity_sigma0.75_lr0.1,36,ok,,0.4147590018080751,6.0512939964675425,0.42045826335121655,0.1244556459519601,ad033ae221c957f89cdf90b8ce75396eb58cbb69b99f95a7271da6cfb9c35e37,745018b097730ce74ebf95cf2852b9b8067c7d69379762899184116cb2ca62da,0bc6d71a25d38129d6b6a4179d62a6c3716c66f7b62fe0dfae514c0d75a23c51,41aec572e9241e3137c91911da7f1868941d68e50179912924b463c2902e12b0,0.39540904201567173,r3_parity
3,parity,0.75,0.1,0.9,300107,r3_parity_sigma0.75_lr0.1,36,ok,,0.37754388829331575,5.962560440252888,0.4393593895145922,0.13224717624389226,6aae500dd352d571784f86d0556e3fa32e53a656708e352d32656ae1efcba352,15b994e67211c5c8a53560c6bd4c76368bdb22ea10aeff9b0b4fa3fe26860262,4b8b72e930ba2135ff36134606f48c99c03b9b21b6f0fb10169b72ba70bda5ac,47678330f0daef53554be6aa6e8f43dc166bf8371cee3da5e93bf59112f58091,0.3931307909078896,r3_parity
3,parity,0.75,0.1,0.9,300108,r3_parity_sigma0.75_lr0.1,36,ok,,0.31359325007228256,5.988729047478226,0.4472111649601459,0.13416334948804376,41309af3394399959ccfe27b376380ece9eca6d3297ce2213fdf23e9a6d2ac93,d97074ac83e2be40bde748920c734d9759162fbca1875f0f21dc789ac44c5a1b,52fe99279fa730ee8789d11b61ac5e66277d1dd8ad76184005a605e82d655606,8516eedb5baca65afe5718f4b8d55131d3c55a4ef7940c5758141d57abb8f105,0.3969980420079082,r3_parity
3,parity,0.75,0.1,0.9,300109,r3_parity_sigma0.75_lr0.1,36,ok,,0.40492939094409947,6.056802297320318,0.4226117865817553,0.12128958274896377,771fcb9213886ea1f967979f6ad3fe3f6fcea304f2642dad6194341495a315cf,927c3658ab546714e54b9ee0f95b97c491be86f54c7a00bb51e6e63694563370,24f65ac76bbfd155bf897d0e83b8adacd5aba5d9cee8995232f0a206d48c3eaf,56f28be134f2375a166f942afd478040495d2d57487ce0e5fba379a735618577,0.39657816698309034,r3_parity
3,parity,0.75,0.1,0.9,300110,r3_parity_sigma0.75_lr0.1,36,ok,,0.40605252404700953,6.100754957477271,0.4398393665647624,0.12755341630378111,cde45661617a288f63ac7c264248a144b6191f42bc1653ad3551b4b4735ab87f,b99d2d6fd8b683d6356cb6d876c164fe9843b9e33fe8788befbacf4ca22f0c2d,91447b8f4ad4658d6e9ab3e7e96993c5c7b13cb66ee25819d0eefa420588383b,f36f681fea1823e3199493a8d1b68d99c6c05c073c71458af1e8517b98c25d0c,0.4050456249387935,r3_parity
3,parity,0.75,0.1,0.9,300111,r3_parity_sigma0.75_lr0.1,36,ok,,0.4314064397121053,6.19387150784253,0.43335353539120947,0.12697258586962437,e133603627b2009609a3aa5bed97281a6cbdfca6a7eea92a419745c7546dcdde,f7c0162fc827424ac8388e374e078e13fff35507f602aa06f4b2996d6e484025,3f3fd4c930813d9d87a5fcb0949c8361691152c673e49f01b275cad80c097159,413941d631e195f1acdaa371464e48a7cb0cd525fe2cde5ae3133611907f6312,0.405824082903564,r3_parity
3,parity,0.75,0.1,0.9,300112,r3_parity_sigma0.75_lr0.1,36,ok,,0.3229898437611468,5.980642040991568,0.40510459054524156,0.12315179552575345,644bacd763502337e0035239bd1882a2783d5b5a05ac3cf964f3ace18d859473,317341fee9a89e62d763d3abfbb2be4f20cb86c2022f5a63ff588b0dbfce4787,d61189cbdb78688824a7c7ce61f481e76f8093cd9e1392836ca927f460b33dfb,cac73ee45b07798c1ae9e6c86666a9732d62a118d3c4fb2c72066938bd180601,0.5593290419783443,r3_parity
3,parity,0.75,0.1,0.9,300113,r3_parity_sigma0.75_lr0.1,36,ok,,0.3553245281063852,5.906920285457187,0.416433310543474,0.12284782661032483,ea02a0f906c4077add1f728f580129235b1ccebff060438ebc231b16f441728a,5757b18f7496722c3110cf0964f2bd6855ca6e2ab2eb5d5d9fe2176e26a40d5a,04263f06fec60a9effc446cc90a62e0992494702bc932635cb6249b6bbe4653e,eb066c6856fc796eabf3c0530893048816e57c09cba1aa886bf68919ebb6da29,0.5772960830945522,r3_parity
3,parity,0.75,0.1,0.9,300114,r3_parity_sigma0.75_lr0.1,36,ok,,0.48758685266805857,6.157221626249783,0.42231975328138105,0.12585128647785157,ce4b99d8f04992133ac07a717779dcd6cdfd51bdfbfe5caa5ff3046c4fd6b552,dc88917ed83c59b5699ba2636285e959769397710157d22d8217c2fd639b0fb9,a42f1afd358ea80ccbe895b9906942dbfd9128d313fce6ad186773c0ce1cfb95,70ecbeecefa11ac94fc53c2bdf1d7d5e95568cc56c6140fd8175af7774b22889,0.5796955829719082,r3_parity
3,parity,0.75,0.1,0.9,300115,r3_parity_sigma0.75_lr0.1,36,ok,,0.39809517129043537,5.9708164267589785,0.4321970312034443,0.1266337301426092,c463a396e85798bc68cf4a062dbaa6d994363a8cdfc6d7c9791e21091069da9f,5958f974d9825dc3c070069675227ef7f9be0ab42121f1e9539e0d2e6b750b37,d4966bdf5179a8d69ae9ddc0384b8738a69b11cf9fb4db99b8e9105abc8ab2dc,84d99251b03effe490f8863bb789b1dd9f6fe7a20cc1e23a6e72ab9c38fd54b5,0.39701312500983477,r3_parity
3,parity,0.75,0.1,0.9,300116,r3_parity_sigma0.75_lr0.1,36,ok,,0.2811539350008835,5.874633021399009,0.4494736750586475,0.1307968394420664,084daee521e0d96b4b6964217b212b6e3d0f8e53220f91810df897c8d600625b,95c1327da070b867d19ea8b2c991d0b127ec0999753a2e627a218e1fc3568efa,76eeab117ef6d59c31d02f42ffbe76464325e059adceb74540a8b59345e3d511,9eccac748e24061d3172461e534d967f874d2164ff99e71261358f1b62c717ab,0.3907450829865411,r3_parity
3,parity,0.75,0.1,0.9,300117,r3_parity_sigma0.75_lr0.1,36,ok,,0.3357945438241132,5.996162314067749,0.4418147200898331,0.1321026013068601,a7cb6900e99f4095de6330dd8d979a9b2cf415af5be1ec45ac3ad74d3326eb57,2177432f921982ea8d382df02f0077297ddaccd66748d6c49c88675fedf7c8fc,99d9e59252d3d0878303d892f1426bdaa87d9d9e96c0da52100cdf390f18cfbe,aaa7bb61e002194d9e04f0f168ace32f565562b826916a2e432649a7d5c5c85c,0.3937175830360502,r3_parity
3,parity,0.75,0.1,0.9,300118,r3_parity_sigma0.75_lr0.1,36,ok,,0.358319382709543,5.989661404498491,0.4362104231121785,0.12911828524120483,2bcd33845041cd219b498a03ec11004d81bbe9dd3f558b754d6ea545896bc7e1,b656512a7c47a60c5f0e2699f11ba568f724faf443528db6c622a46754c748b1,d362c25c6b0118ba623f4333687179ae706269838bfce9cbed48c9249a1a46b5,b872ab0e6c751c1e2d0f92bfd218e2c65f0ff601c95d870b53468776cf1bcc51,0.39137837500311434,r3_parity
3,parity,0.75,0.1,0.9,300119,r3_parity_sigma0.75_lr0.1,36,ok,,0.40233317746391073,6.154316982900773,0.4141399814813051,0.12258543451846632,aed0e9fe989702c5562c247fac514771a622ee069fc4d2535cb8bac20c823ea6,7ee168630ae11472db3d3cf3061384c4b41ab444816c085b7ff71d8d02ebc072,c918f502a53094956c4f52b2c0b8f131bae0c09457d7b1bcc63627f255a48f39,cb22cadcc673556b5e7dbc43999fc3fa88430f55076f5f92c0b6b3fedba09037,0.40979345806408674,r3_parity
3,parity,0.75,0.1,0.9,300120,r3_parity_sigma0.75_lr0.1,36,ok,,0.4035342677416517,6.000306745972336,0.38085438229472085,0.1150180234530057,cb61b23895f2815bdc0aadf0c708a92916c48234dd8e466aac8cb4db803fe60e,31599b2d6bba43c85d8620af2e75378d2f44d1123d2eeb378287504537e26fbb,18b537ed95217b141800e7396a7436290e5656b6b53e4843f4ba178aec2cc312,fa4216461c1aec1b7048b89702e2c8d91f027016b521e14e0e976404098c1cfc,0.4006514579523355,r3_parity
4,mse,1,0.1,0.9,300001,r4_mse_sigma1_lr0.1,48,ok,,1.4436871608327477,7.050634723736129,0.3280457250826662,0.09644544317430387,547df75d495d72b315fe564322ceb41b8419e43ddc93038fd9cf9fe53fa9e4d8,27e1e2c3dbc45cde17f5de651f591de18321454482d19b908f81fa3a5e20af67,5139485dd609a71c3413cdc8812b6b0b8c13b3f3119731cba00660ff9a03c26e,b7589032d2539e16c1960e5b43e2bd3b7e657e64b07c39e2b8ee640f4494529c,0.3071290410589427,r4_mse_matched
4,mse,1,0.1,0.9,300002,r4_mse_sigma1_lr0.1,48,ok,,0.4472680270969871,6.144507756013387,0.409328443084337,0.12320786136838544,fc5b1b69e7b8cc0f50f32cdfd3927bcade5b7de5f025f5e97e35f13b7dcccd65,4c5eda357008888dc1e99dacd5c9935dfd3c62182290bb6932a887ff0a66c610,8d2dd4701b1538326217329d7ceecc0e6832f16b3f6cd1aed82e2ef8a4658c52,62ee89a4298411d857a9d20b26f6299fa000ec9f6ce846643050e2cf67325b11,0.29679583304096013,r4_mse_matched
4,mse,1,0.1,0.9,300003,r4_mse_sigma1_lr0.1,48,ok,,0.4975551277468195,6.049587811406833,0.39708490949843367,0.11714004830203792,a2e1081d9fface7a08688415de646f26dfffcce559f08e132cfb5e7e252dbf1d,833f767deaf5306522e0610877df9712365f64f25c2a9481ae98b9f1758574b8,ac3496fa37be3e439077e6adf5fa7138c940a16f296fbcd1ec2e746a38a3ab84,0379814017b36a14bde5186c606a45258184ef2e52f5a988e0673d85b9269654,0.2968153329566121,r4_mse_matched
4,mse,1,0.1,0.9,300004,r4_mse_sigma1_lr0.1,48,ok,,1.7738395009566457,7.474492360990762,0.2918432272392466,0.08609375203557774,58cdeaa78f51114a6e914189151f24a71007e71cf610cda51f971b31dde06f10,a0355d581f3ff5f5a74dacda51013f50e7e5b287c1670929a81b01c976ae8a59,42efc75a835ea97dbeba64db872be577042030c15482fc5334e1ae10a190733a,9b1cb8616fdb02cdfeb266cc3499c82210a26b0233380c50e5650354ab8cb1bc,0.2948872500564903,r4_mse_matched
4,mse,1,0.1,0.9,300005,r4_mse_sigma1_lr0.1,48,ok,,0.3995323867818662,5.914124202212245,0.4077813015246156,0.12314995306043391,5c051b69b978374ceb2348d1862e0af437f756e529d7afc1c1186c2e54ef7e57,5b6bbd1920d2685aa73875088a12ff6c127d36ad58b03e361afa4a1c313df8ca,4c27839b329bdd01c03f8e75fd7319617cf9f4a46622491a300b0d9dfe473029,bbd47c5133f58a5b9779bdb979a97c4f2bf6bfabb008ad4c04eccf240ba2986e,0.29989075008779764,r4_mse_matched
4,mse,1,0.1,0.9,300006,r4_mse_sigma1_lr0.1,48,ok,,0.4502141279072346,6.070104805600062,0.4194966972226842,0.12542951246958256,15a47afc3148937636cdfec87f5ea1349559551ab1fed512817b9821ddae305b,ff12b0003f24e3c1c0d39d5463f83beccd48c3ccfff83cb5aee8a081df56b4bc,081d4559b5fbb6aacd3d16f8053afc233fbb1a868e4748d760a02d973ae5f1f7,178ca08ebaf140edea1fa7b6dbb9d9dad7ed43b73158c7ab8b2002231aa5258a,0.2991885419469327,r4_mse_matched
4,mse,1,0.1,0.9,300007,r4_mse_sigma1_lr0.1,48,ok,,0.4119944926461799,6.06016099133331,0.4010757706575436,0.11791627657331781,5ba229eea3aa5e9e6cc0d94a42d4948a4f324f7232164c5b1db8b24ccebe076a,6e51f2f2d4b59e8180ad8e8c7b27acb0d8ca7076d726fafa5a2de56bf9a213f6,c69317c8a56cefe8c43f1a8b80cc200caf7bd7cfb23e8eddade9cdf85b290f3f,38dc1ce5ad9b8bf3b3656aa61e6122b09f58868786a7ce588118ff9a13edddc4,0.29947954195085913,r4_mse_matched
4,mse,1,0.1,0.9,300008,r4_mse_sigma1_lr0.1,48,ok,,0.7221631633567931,6.35450141902927,0.3934559046830566,0.11449566826276947,92d23af5bb836428a7eb153f6a2380de81f8fc80da3fdf08b509b0370e7b93c9,81d19f6042d7b3ac55466949ad7de628e492c588c338e358f96626b8c34ac720,84810cc33a0e8bf345ae48b614a64712624f834212e88a59178e86be607aacb3,a7bed5a2af03a27c1756a2d21e7a854be8e4de2a3464ea650a7cf379ee66c814,0.30089275003410876,r4_mse_matched
4,mse,1,0.1,0.9,300009,r4_mse_sigma1_lr0.1,48,ok,,0.5145530030177217,6.201849385107862,0.3830225699486265,0.11490677098458794,5600684e9ca941293ec22e3fe6f944bf235dd38fe0048ad959412b96248230c5,f9b700d2fbb94c6f5bcb5fc647d367c3a5a186efa3eb7cec51aad8776f3baae0,95a19132b5aea1bd0b7b7566f12cb7eb3e2f3bc2d3ef4c0382735eebbb9217d6,5d17e1846481173753bb62a778cf553aebf8dccde1158b3fcd367f8434f50379,0.2948749589268118,r4_mse_matched
4,mse,1,0.1,0.9,300010,r4_mse_sigma1_lr0.1,48,ok,,0.4169641946823432,6.125682288321383,0.43227325516751525,0.12535924399857942,a56b6fb7e11162aa1bcbdb89986ef350dfb815c8939edd09a86a5d1f2edfccd3,ebef873c28036d701489dd58ea3cf0f3ea8ce6397136f78ede722212fa4058f8,3dec5e851eb2e7e5e6515c1d335ddb6e1bb9652969e32a6da014c26711cc282a,28591466599a7c491696b24762a3b0dddd8e1649c8bb4d06f38a462574860724,0.29948974994476885,r4_mse_matched
4,mse,1,0.1,0.9,300011,r4_mse_sigma1_lr0.1,48,ok,,0.46915083929221885,6.132531898980705,0.3834292709083264,0.1161790690852229,e77879b793619b6b11bd41e6c0dd2126d719a2f55d9c0ac0da2f1549b0913658,a815904015b8a5020a10190b51a4a1dbcc318a510e2cdda9f1b17ab6b4222a91,8fb226dfa79cf47df546f47f48a4ffc93b22b37091cedaea541d0293f2c7d0a3,8b72038161acedfd5775cfddff036aab6f462153a0e0ff432efb683325f7c9ec,0.3000858339946717,r4_mse_matched
4,mse,1,0.1,0.9,300012,r4_mse_sigma1_lr0.1,48,ok,,0.5597199007422331,6.2874511253094205,0.37972683978002747,0.11315859825444818,9a73bc3dd78108b7e8c672136c1ebbc9996870d62df4ae1db431a984856c4ad2,1d51aeda2aebdfd8b9ff597f1185d611b6e9ed0df0728b69bcb6d1379cd855e0,37d62e6ecac7d79ea698e9bd78c8e1db8bc1f02f6278745581f335ec0d2a4bf9,43802258a82a50bb2dfc1c019fc4c1f2f4893025d6c387a425621393dfacdca3,0.29009041702374816,r4_mse_matched
4,mse,1,0.1,0.9,300013,r4_mse_sigma1_lr0.1,48,ok,,2.231068384413897,7.927305692818364,0.32994192043914483,0.09469333116603457,43be896293e02a570742d018597b933e42ce673588e34b4fa509ef9d1086355c,fffdef1c1b60ad8ff28008f50a6fbe337eebd5feba0cb6cdf1f62599072d89f9,41254c54302b2ff236caf1267d0712babeeb0d8b4c30e3690c15bbd6e6207c9c,257d8123ab4a9a2756e91885e0aab7f209e3f0b598a72f81a0274e14507a5385,0.2918698749272153,r4_mse_matched
4,mse,1,0.1,0.9,300014,r4_mse_sigma1_lr0.1,48,ok,,0.3421971642516144,5.976312963467577,0.4331295016277438,0.11997687195088502,0cecdd4ef73e35260909137e7b4a9da22dc59d3d45a902be1bb9f890039876f6,023f1bdec63d2e5bed62469a7b9aa815b4634b3b7388108055538265bed25dc7,849154367e83a9b94f80d7aaf708db2aa2fa78b9d918a2f051a0ada956a8cd36,cd47ff47084d48c8a54820f61a4f27a061d862648243af74d3ad61c08418d43c,0.28764883300755173,r4_mse_matched
4,mse,1,0.1,0.9,300015,r4_mse_sigma1_lr0.1,48,ok,,0.5258246655964168,6.126081885026084,0.387678141258256,0.11862951122502634,7d60c852db0400ac3b4314a8c7a8366b70bbe606cc64f24d1f55a53477325310,95577195c75752a3d800cd54cb592b0e570d9ddaae911f46c2cafbc86fbdada7,cb2e20898adeff9d7f72a78c0f56da3d1afdf153cd0cdfee997da64a34ad25d6,b38e0b1b531664c9d24da3e54e83abd419420d2dd0b5f2c88b3402b09e2e3429,0.287512916023843,r4_mse_matched
4,mse,1,0.1,0.9,300016,r4_mse_sigma1_lr0.1,48,ok,,0.4078712271677362,5.923850569897022,0.4124891697244634,0.12704666427513472,e9cb11c03b8ee8be5af6abdcc1d3777225768bd24abd02a539c763d257098807,34c39d8d5501347c5c7a8076aa73df0fd8faebae88bb05da13de3c574b7f25c5,091bbf97a41a41b5d0254fcefde8f5bb91176b9ad43257c58355f240d26f01bf,f8f21065454bee766a9bd6bc1b5282f457689c6a3e732a6242079ebc030afec1,0.2870597919682041,r4_mse_matched
4,mse,1,0.1,0.9,300017,r4_mse_sigma1_lr0.1,48,ok,,0.4186627791517996,6.032446725074453,0.42907970077216717,0.12443311322392848,3c4ef79e66878b5be9a3cc390e0d91b4b1d607483a1aab1662b84f5be4a254a0,f3ec861043fbbf94cdf36e85a09f9ce95b7156b2ea7ecf03bbc1eccf865160dd,efb0fe6acb70f8d662e9264d73cfa1be136e3398b69402ad02298c4b0fcd0979,9724009b8e8c2773c41d0291feef76b2f3fe9881f6557f8cd11aff04d933ac4d,0.3046590000158176,r4_mse_matched
4,mse,1,0.1,0.9,300018,r4_mse_sigma1_lr0.1,48,ok,,0.38421869342443465,5.987379787088562,0.40984751862487184,0.1221345605502118,1e61d1562101428c9c58975a868ed0d794029be0ae2ab5b7d5405928c87d4a13,bd933405607b33df3caa53139bebdc6aebde79ef4c90313fa0ee4b523101117d,ca730c2d35e6e9b2d4d0e91d078e5552f6064eaf9cc727faa581320936c84cab,98326f5b9144537f6b8bd069f6fbcabf74533c0c3ae407e631d73256203ec3f0,0.30868937505874783,r4_mse_matched
4,mse,1,0.1,0.9,300019,r4_mse_sigma1_lr0.1,48,ok,,0.5225163684578749,6.116093790788173,0.39063995951301006,0.11758262781341602,fdfd8e6a98343166e6dcd7fdd44414055adf41a5cfdff0fb23072998f90d34c2,43bde573aaca9ac4ed736014dcc914055e7ba211a6ebb9f59bd2eab92521ca4a,6e5435fcd137437881e7482b779a8d0112773ed492957caed1ccb7d41727cbf9,d59454308c9ba9db368ab2029800b36edf9dd5aeb7a83138af808314e768af2a,0.3133656249847263,r4_mse_matched
4,mse,1,0.1,0.9,300020,r4_mse_sigma1_lr0.1,48,ok,,0.4366788830810915,5.940674670452954,0.37800056819636335,0.11226616875431993,906ca7b0c8cf3b525f857a92fec5f7c51c7412455b4ee13098e957ea4447fc43,6ef26e9565f7a805b72693c700925b72122e52339ba7e680019adea3d69e0994,05de2884996e734b2d4984b3cf8e9d5bea0314bc6dd0f0d2400b7c77f3ad576f,bb729a1dccb22b48683b23aaefc57fb0b84cf60e02d2e5b6e80df856dc34cc5a,0.3399361250922084,r4_mse_matched
4,mse,1,0.1,0.9,300021,r4_mse_sigma1_lr0.1,48,ok,,0.6152573209916323,6.208534701038343,0.4351596009192514,0.12924240147301766,fa4b7bfd5394097ae05f683e9cb6bd9b7d243d63a0cd1166aa9c63dddda4bf29,592d49d03e1d329dee388d65d5e7c0c74727b081c7888f72b200a3d49a9f761a,bf95bd2924dde602b0439058a9a5d2dc0b0706ce8fa8cdd5430a9877e5010f69,a40034c5ba0c5bbf7878503dbcbaf154533f7c66ab58f291f0a308c6a3573b79,0.3399256670381874,r4_mse_matched
4,mse,1,0.1,0.9,300022,r4_mse_sigma1_lr0.1,48,ok,,0.4219970345484452,6.159404413890039,0.4071689129222763,0.11889332257330469,01132f8d76a31fb1533df417971bebb1e16141690bd2f32439d016369638852b,0236641094670eb129ba35350d11bcad44e89884a4dbed23ad8adf5e7b47c52e,74bd4c1b78dc4ef3febdf6cd36ec12d001dc0887f32139befd996e51bb34bf69,051b83d1bd3d4eeacabd6139424f9753da1cd714f8cb4c0125083268ee7a463c,0.3278310840250924,r4_mse_matched
4,mse,1,0.1,0.9,300023,r4_mse_sigma1_lr0.1,48,ok,,0.3732990597732425,5.950695133395348,0.4290921937334465,0.12572401276389983,8569b0c8c05e42f7fd61099236414ab6ce3713f6a415fa14439fdfd258b928ba,d309ac4b205e9879f73bdfe3454618e4b2f8674023509d75c5d8e5d9c6444e79,f2c20e8ee18e4a24bfb2ea1b17e31e53f7c2555324789f943c687db677f31d6e,b9b30c02535f231571e519085ff25a4b291f7da454153b864bcd8d2d049c43f3,0.29577270802110434,r4_mse_matched
4,mse,1,0.1,0.9,300024,r4_mse_sigma1_lr0.1,48,ok,,1.9024154361146333,7.478076986550431,0.3185667511014416,0.09620715883263538,0790780dbf8b15e4f2cdee78286694884ef6f0989269cd40dce812f11c818968,cac32651e1651a8f3598f530661e966484a5eb6d2555c9964fd8bd3dd7a87972,a10ba6f1d94beea18f8e37b26107e2a247aba7e0d0e3edc93c683197ab0d13be,4e9fb549822a58932ddd451c428f5f7d4b86adf7957eee38cc7f22244a55587f,0.3132563750259578,r4_mse_matched
4,mse,1,0.1,0.9,300025,r4_mse_sigma1_lr0.1,48,ok,,0.47010374880449984,6.091244197067019,0.4064197859391366,0.12030025663798444,e6c0956e9a29de034cd0ea6472278f9f9e305434300df8b4e8f108cd08f26886,50ff6677861293934dc3f7a0e6bbea9c1b904b4976071959176694c02e0f577f,ebf975e58d10a21057202c8986c33de1bc32ebf374120f41cabc30841d882986,b165d542622434cc54cf3e04973278d98956f11495f7c1acd52c3384e80fe3f2,0.32260508404579014,r4_mse_matched
4,mse,1,0.1,0.9,300026,r4_mse_sigma1_lr0.1,48,ok,,0.4382202736038995,6.037750183596523,0.42632428237387837,0.126191987582668,8259c7252ea55af17697ec3e92fa664cfff2cc2c62b2fc54f2eea6704162cff1,3ce53c419a8d2a98d1de9e36c588e27e9bb5fe7181e80c9c70731f6462d4cb14,82deb83e05f8724114f1bdc6a69119e1317b29e5d5ac0f1c40e476fe8fd8518a,2db26dcb660caca1e5064432bac41c23f948f193940597eeae11382d9b20f89f,0.3310701249865815,r4_mse_matched
4,mse,1,0.1,0.9,300027,r4_mse_sigma1_lr0.1,48,ok,,0.5237128790735328,6.180700610668136,0.39650398555085636,0.12014070762190948,555f7ef7f5300d55eab90b7abc2509c6ddd5a82433086073d518b2553e5ab635,a7d852e0006855682420200c1d8bf0f5ce4d270c112bc0971781ca1840f21e60,eb5f3779f7e83bee19c192d03c36828766fae2049869ee8c360d13873b345714,25af47f40c7231480cd65664a3aab88610c63f98f06b0124e43384c146120079,0.3119155000895262,r4_mse_matched
4,mse,1,0.1,0.9,300028,r4_mse_sigma1_lr0.1,48,ok,,0.5056782662558926,6.036292057928588,0.3974127278824041,0.11723675472530921,2c90d269abc02edd082587ca1c45ee3ffd608040bfa33037f48b60e800345af8,a6c7eca434b19ab72070f4331f4b1381a949bbc03165c5322c19b18d31fc02b2,0d69fe63c6b412c7208dcb5ae1c604db007c0b0123a00fc750fec84375e4e263,11cdd5f9f791f0a63c160f67cee9142521947b3aeefb652e82069002fd788a85,0.31184208404738456,r4_mse_matched
4,mse,1,0.1,0.9,300029,r4_mse_sigma1_lr0.1,48,ok,,0.43309145541572397,6.02023688487073,0.3764944084001843,0.11294832252005528,eefaa70b2e4f9712c8d2fad79662c2cbf1b04130f1281468ae404c807d3d474a,1871ee4f3ec66be83578b8d08c9fe3fe9d7e22fc8fda48d8e405c13fa4ada97f,b74ae40212afd8ea4f0660da483468f2a5f6f6d7fe8096f147df2d654dca3bc3,3a358b8d310735f03d824e7998a917751fd46a67fd8688338f300ef69b96bcfd,0.3029069590847939,r4_mse_matched
4,mse,1,0.1,0.9,300030,r4_mse_sigma1_lr0.1,48,ok,,0.5071558414719792,6.212142691545003,0.414033071856569,0.12545202077254042,689c46954bb970719c1ccbfa862609bf50d62d91f6ddf57a68b1db613dccbd89,a56675cf7971dee4a5708aaa7631775cc4ee0dbbf031c92437f8dbf764a22761,5789ca192d7dcc0ae0a3ef4cedb55d118ea497b10a30ce0fb0c2b977dec3b14d,1f95cdf969bc6ebab11faf1eb72f5a9cf3f66cbd25b26549f5c29638153ade04,0.3011048330226913,r4_mse_matched
4,mse,1,0.1,0.9,300031,r4_mse_sigma1_lr0.1,48,ok,,0.7673210100309926,6.3194044324552054,0.329539817659723,0.09919148511557663,caddfcb37abf3009ea99deb5316e1db13d5b0c34c98f7fcd4ecbd61674891add,db3e5c14e5fd1b464928c9903eaa0097bdefea6f9ef8c18e0c4d0f68471578e7,27753c8ac8970e1421e4a6a03fffc62d5aa8c4540183a70373f285cb278a3002,e64ba75f1b268c9636cba4f5290fe592ef3d3057c7baa1e06160605a0cf2b101,0.2994833750417456,r4_mse_matched
4,mse,1,0.1,0.9,300032,r4_mse_sigma1_lr0.1,48,ok,,0.5173100561045558,6.068742929856232,0.3628797782854165,0.11031545259876663,0cafa4d93d49dd1f1f96e591aef2aa1a0071f194cff785af1ee2ce77d0de7756,04c9ef5c63f89d8d6e9b8a0abd0768718e42d5a04c327b4c018659155256db82,15ea293df2fff0e38860609fbc1ffdabd9aa290486352a176e14da3977419234,ba657b02da50b46a78400c2751fefdd429fdcce7e1efaf3e5b60ca383d592c9a,0.31257041706703603,r4_mse_matched
4,mse,1,0.1,0.9,300033,r4_mse_sigma1_lr0.1,48,ok,,0.40863241710459663,5.947013523509903,0.40340615603093305,0.12142525296531084,7856a8c79f49862d335530e7ecca990edcfcd44e2430b104e8e8b151686a6e47,57645ec48930a4c1e12aca637d5e92fbb621813907a9a2934b04b342047ed618,088fbd931fe961b93c28bcf607e09589b574c7e4d887f4f86bb4a764212343d5,79d77ebabe40f38235f1dd32b708b7c8c27f3944e92bd204105e84f3b2ee716b,0.31244295788928866,r4_mse_matched
4,mse,1,0.1,0.9,300034,r4_mse_sigma1_lr0.1,48,ok,,0.48430881036457774,6.1871209010337465,0.4014177812640216,0.11641115656656627,265709a031a255d67a159004510d8ae9eb9d1243c985ab835f322589dfcaf0f1,413113ebf5837c734743bc6fac245c377f6d4d765fe16dadcebe845b6970ecc0,919947e507cef50265be52785de2363cb5a906830e10047d81c23d360fda5fd5,ffea7ddba8e8c85cf65957a684cb156595ead228c96546694d1221261dd9c5fd,0.31597466696985066,r4_mse_matched
4,mse,1,0.1,0.9,300035,r4_mse_sigma1_lr0.1,48,ok,,0.515188723499103,6.066575819191134,0.3899155617020907,0.11580492182552093,a7c9f8da5f053c87a9def53188cd1c7b7f13817ab7c058c3a0e9a596c18599c1,11b8d6a0d4a74720af43b2d3caaba1e6a3f04e87c01ee83efe4d105817f577be,4b734a4f34491b2deefd6a3bf2812ba2af993350b3b2c933d7e24b5fa3a6e6df,68051a71cf9f91909b3423a6f2ea1034a4a8420cfa5b9f4d864e108439b90c21,0.295352749992162,r4_mse_matched
4,mse,1,0.1,0.9,300036,r4_mse_sigma1_lr0.1,48,ok,,0.47629426912247774,6.179359821814356,0.38691051540649685,0.11375169152951006,22e590454277a117e664fa941ea99ad8f30ebedeb9c6b160f358ccfe31a4ec13,4a1b30cf27c2d621e06e2bfd1f031cfb01554bf0205e819cf31f51918f94ce7d,3d283e9d0a16c32a0ad4216192433dadc41646dc69c85743fe9d39749fc79ea7,ae8052f88e2a1ff059fd1463a7e2907d6833f6ae444782c86276d71d247558b4,0.2935454580001533,r4_mse_matched
4,mse,1,0.1,0.9,300037,r4_mse_sigma1_lr0.1,48,ok,,1.909071468061979,7.559580482761439,0.3209755319215431,0.0908360755337967,f0968699341ec1620fba5f45cc467b965fd0a832614c2f270113853125578534,ca4f3809d1420c32523738a8167122c75bc9dcffdd8c533cc422527ec8511726,75712c62280eb15659b65154bf98822c2427a9ffb2fcf1e0b4595821a42be079,08a4fbf01b8e73ad79abf810f711d2b1540d7dcbdf79fb913bf9a9c358577885,0.29562662506941706,r4_mse_matched
4,mse,1,0.1,0.9,300038,r4_mse_sigma1_lr0.1,48,ok,,1.403896817152912,6.989317037410178,0.3613672685229891,0.10877154782541973,aff3f60d957ad1bd6b8c2456f9ee3a6386b8d361ecaa85f54ae4f6bfbddbe902,0d3833058011035bd683ea656900b18bdfa928d26ea9f2045a93b3f0902d7d95,6eb2ce209e17cc8dd96d26ff534bfd5ee2ade815b21acd43e4b818b4e62d7931,d5a0668cd46f52efa45e2db01f2e9034bd339c1691a7edcc6de72d879173c9cb,0.29250824998598546,r4_mse_matched
4,mse,1,0.1,0.9,300039,r4_mse_sigma1_lr0.1,48,ok,,0.39743401574064363,6.0189109657871525,0.42934370572916386,0.12193361242708253,4bf06104aa241b940a7daf009513d821bb13b8169b7d99bebfc074a6df500c2d,d8907a883af4e8a955b74b01aee12100811c29821c76d51119f417e1dd3d9766,2e287c46a5ee79e02dacc80ffbb96bc6e0cf49d8180c848b65b73e01c6deb48d,878cc88be3cf15e15c61e453d3f7f57651c58846d6b83b40cc562899ace5c865,0.29238783300388604,r4_mse_matched
4,mse,1,0.1,0.9,300040,r4_mse_sigma1_lr0.1,48,ok,,0.5353149509382914,6.066903322713197,0.36398339757588505,0.1095590026703414,79798a2e527fb88ab17da97fc950bc934e74d76207867b2377edfac289c7ce06,6b14f0355647f998c5a55c0c33416830f720e50e7f81ac5277dd002a135a6761,d1608375cc87fdb19f69945a74a45db4f63b973f9be7875c9df37c6a1477ad6a,8a9889da577809101d1da4054889200ceb834d2ea556ecab541e4a3130c34fbb,0.2972857499262318,r4_mse_matched
4,mse,1,0.1,0.9,300041,r4_mse_sigma1_lr0.1,48,ok,,0.3851582238993027,6.05654186896139,0.40522435481031094,0.1223777551527139,46829aa78c5762a9ceb54ca8863f3480de6482517bfd1e43afb0bf0bd89ee10f,5fe2e72c346db70edb03802941639391b013a95df940dd11e187db63f3e31d41,0e267490f3c2c6671d58182e56c81e30e7d4458c8378e45d6923268c70c8ee71,d84a857e5ab59175d5e7985c4cdff0a47a69e6d3ce1802bbd18120b4c9228bff,0.29100866708904505,r4_mse_matched
4,mse,1,0.1,0.9,300042,r4_mse_sigma1_lr0.1,48,ok,,1.20233862681055,6.80995052138426,0.33522490902675134,0.0978856734358114,d1de4d8d5d0089d4d77b163b6384abdb2b66b12058825b0360411bcaac5ee92d,c96616c67560f50dd3cebed2c47ab6cb33774c80774dc35950ae0077ea90dce9,18fdae4f8db78a816d832e20d58b97c1de48bc6f7f88ed6646696914c14ff600,19a2fd05c33ce0d897055a7778152621dabeaa7d46aaf954b6a7fabe8a559371,0.29508516599889845,r4_mse_matched
4,mse,1,0.1,0.9,300043,r4_mse_sigma1_lr0.1,48,ok,,0.36466702380845084,6.018696738787605,0.4199782120641363,0.12095372507447126,ef8e7bd25984576db7218ca16ec08bd0e975634b20df074f8af7de4fe7fbda55,53f7262f5cd4d611f0f38b893d60ff604847d5eca0ebf2e1a7e1e98ef996a655,5afec502bc786f658fea952918111d939cf155e9ace7e1baf206082f4330b544,5f3a35a6e044f5f6957cbc4130cbc46ce3eb3361c88250560e2d0255a1c767f0,0.2876668330281973,r4_mse_matched
4,mse,1,0.1,0.9,300044,r4_mse_sigma1_lr0.1,48,ok,,2.573240498331856,8.12742600171525,0.23529301955817397,0.07247025002391759,ea06d8f954be15f088b6b90d0574b59f97197659e1302f3a9a0fcf4587fe8a2e,b404b0e35919d04ba7b0a4787f4141bc945414ba3d55c84d25c5d179efb132dd,76a391884e2449bbf468c169e23aba86e65dba0887fe467417e273025fbfb544,8c87c50359cd8c501334181563a48b3be365d3ab1b1e928de0d88a5d04796ec5,0.2858011669013649,r4_mse_matched
4,mse,1,0.1,0.9,300045,r4_mse_sigma1_lr0.1,48,ok,,0.4568550168929768,6.178472311611882,0.39814213932550274,0.11705378896169781,2bd910b6630755e770f64ec326f47885a46e28caa1cfb2ece9898be6c52254a0,0d407ec9546bde5c8283677841f884df398b4edf2732dcb0e9dd9b8da082f3fc,9538d1aa342c73294ce7b8156249c51a2b6f1621d64fb424dfecd9f78b6f2f77,9fdc1d00558653c64d7412739a2434a709707fa1fb03ab3e41a09ba3ce4c6e23,0.28892641596030444,r4_mse_matched
4,mse,1,0.1,0.9,300046,r4_mse_sigma1_lr0.1,48,ok,,0.37219997653058984,6.046739080720499,0.39026225782322604,0.11746893960479103,d5da4b35bdadfc27dd3908a7c92fc60c1ff033f7604349db35b46f48f15ce767,ff0c44f2c421e6eceb92495760ec4e53e943b09896522d93659840e35221af7b,d8f6d6f1afc684e3dc00c91c7608f064ae403613fd581aaccfced30090bbc48f,e26525bb2701f2abcfb8a705d8efb1e7c52a6458e8b40081eb1f45c142aa1d26,0.2910788750741631,r4_mse_matched
4,mse,1,0.1,0.9,300047,r4_mse_sigma1_lr0.1,48,ok,,0.7564767750877619,6.293601094257532,0.35156799347488177,0.10722823800983895,ba80f6c2328d41463530a291329dc92669415ea45bc43bd361aa88ed368fe2cf,f19e3d15b50f8f8cce7c1ecf8cd85899aea4f5e9b0c50a8617fe9a8f75ab8daf,8f9190dfcd25099a9bd08935982c4c690e3ee10987b5f62e817214f0f6baca7c,022e58a595ba34dfbf2178cc836178fce7289cdab4cdab6afba13ba25ecb0490,0.29118399997241795,r4_mse_matched
4,mse,1,0.1,0.9,300048,r4_mse_sigma1_lr0.1,48,ok,,0.3666615566022813,6.012268547318334,0.4250511012036281,0.12624017705747753,2cebda7b822c6ea3ea437354fbbb1e7ca35303cc1db6c1d50b269ae1ad585e6c,b04449e3feda4928d4221f04eb43121fb8b890df6ce8d3100a7497b322c3cde5,e28d5233540073bd29e4381f76f6ce8906d3a61ffc8d3ea5ea1f9225f537abca,58c99d9e2364480fb2ac49bd7885d8fbe2513d9b97f1a38a1f83c63ec2a1811b,0.29219449998345226,r4_mse_matched
4,mse,1,0.1,0.9,300049,r4_mse_sigma1_lr0.1,48,ok,,0.40554978447538637,6.079913817393162,0.39840790625474226,0.12031918768893216,4dda00783c3e9dbc89186954d10259bfe245724c40f8919bf579a059889831b9,800ad9b5f0a3eabf05aa8276d0c4ca8cd2b65ace12abe3fcbd9065b9bc20280f,904e474c55bb7cc6796f3eea4a2496a8682f17a2a1ae5fdd368670b873a431ee,a40eef957408593caf4ff444de54ef6646a36d02b81317cfd7b59b51cee1df67,0.29269054206088185,r4_mse_matched
4,mse,1,0.1,0.9,300050,r4_mse_sigma1_lr0.1,48,ok,,0.3939159577026034,6.039747553012033,0.3971619819999983,0.1191485945999995,390f2b6ed4c28899f7489d28d61acd3ab3dac981995fc19428cbf72154196d5e,0937bba965de3b29400cb0316413f15a6327a16e51075e2bd85761227b696178,c5fe3ea8d86c7d0cdf0b96e9f6235438cf1377b9e77bc169160e4547b5bc5dcd,8c70401111899cd86158a69155f41f3d2cc1bc9741738c5101b49debc353b82e,0.2920647090068087,r4_mse_matched
4,mse,1,0.1,0.9,300051,r4_mse_sigma1_lr0.1,48,ok,,1.221524646583978,6.879102244031511,0.35928441530605315,0.10527033368467358,40bd3fc16e77f7f16b4a4180dd17723bd6a874c87a2ba15961fb2d1de37f22be,3e8a74a0dae522d0d97418de854467a0d05ddd3958b9920af2b9026372da8f5e,c6ec9958d28f0d09e0034619da29818b6a30848631144d857349f34eed7b45ac,b32f0d5b98c5cd5c1f4e23900a43aa9248c9bc3c8231a2bad2410abc0b836763,0.28851054108235985,r4_mse_matched
4,mse,1,0.1,0.9,300052,r4_mse_sigma1_lr0.1,48,ok,,2.024914852312817,7.661859308634598,0.3061366597281273,0.08939190464061318,7ac760f36d6a12efcf52e8294de109c9d9887444b5e5cd9434e0ccb624564774,7295e148730692031f359fdf837044caacb2ebca1b6665c815a15a29ce443773,2965faa7bba695af7c477181057c12a109834695e8be9f938bbc4c6106d3e450,6af7130154ff5c5b09b05faf1e2b3143dba384236bb13885681b72c109eead00,0.2865642079850659,r4_mse_matched
4,mse,1,0.1,0.9,300053,r4_mse_sigma1_lr0.1,48,ok,,0.46585654309716984,6.13093415312499,0.39143795673506265,0.11664851110704867,07dd12f5b5c72d4ce65bff27a2ad311d79b21736ffc2b258c075480649ce387b,d9852a48342447f1e59125dfb75c6b8b13de5a1031a1a2f49fcfcb34ff893dd1,3fbf12a2335c685760c9a7da04f357e930d2a6c8cec0a3f7cf99812fb31f631c,0941e4bcf8b6dac91b99bbdcbffdf6bc4e8547e661afedd386b091e8eaa5f4da,0.2882117920089513,r4_mse_matched
4,mse,1,0.1,0.9,300054,r4_mse_sigma1_lr0.1,48,ok,,0.7947362872299213,6.4671422490854145,0.3385676495986308,0.1032631331275824,30dd86d095ec5d698c4e2c00c27bec4505fe1de45ca78a4c77bfdaf9a1ff2a4b,88556dbeea38b9e3f76af13cabc3a013f5842a42df9d64f8a2f8711bde460ef8,cda9ec4b58a395c6a63f62bff10349053f88ef6e368023afcc6ebfa55af13ce1,243fb1a8692936fe9f9c2ca7e7ea7c0666023c971460ac892b567f5f106a5a34,0.29221641703043133,r4_mse_matched
4,mse,1,0.1,0.9,300055,r4_mse_sigma1_lr0.1,48,ok,,0.4652838807764783,6.155506194454923,0.41160085477692854,0.1255382607069632,08251a850e5eaaf3bc0db7235541dd9880d2de7b33498b9b1ffabbcc6a82e031,16103b6a02a3e8dfca8c66e03d66f1b0e1227382f6ee949182c74ddd9c1d66d2,81c8bda5ef9bc415f4dd332a7d7160df8ca6fe0c33eba04eaa5362374ed9aa6a,07ff11d32ffd0466c9c978da1ec2155293f3c91c24c4078e80b3184801a53486,0.31643720797728747,r4_mse_matched
4,mse,1,0.1,0.9,300056,r4_mse_sigma1_lr0.1,48,ok,,0.41029982881872107,6.004789071080473,0.3949968028478846,0.12007902806575692,d3ed01aff926b25fcd5ab72720d1b1d98d64c483df418e299d719ddb69984290,28a8d7c637b0fe9a248ae3d50677aa2d4ae5a6c7369f00f0a65b37272e587765,8a1fecd0c5a7c6fa04d9e96767d5ecfa425560663737bd394f05de14b2ba34f0,ebc8a26d7765dac5c8d6bb293d52a02fe55f390c52cd248dfee0a4c1cdd89cf3,0.4098856250056997,r4_mse_matched
4,mse,1,0.1,0.9,300057,r4_mse_sigma1_lr0.1,48,ok,,2.0422665749508107,7.658577381896713,0.2522518873591347,0.07567556620774041,46b86bb023c8eefe512ae0b282cadf490362356ee2bae4f1177511af1d02223d,23efabe96dacd7a930475e0fbfddeb62fc5649c0a94c45d1506afc56e10053df,bb23dcf2c612d453f8410d01d30d51fc1527c438111a3a75d31e45d652f2f144,a421b35182d31f573411c8b6c36082eaff5083d20c68233c3919da54df157042,0.41561379202175885,r4_mse_matched
4,mse,1,0.1,0.9,300058,r4_mse_sigma1_lr0.1,48,ok,,0.42929928287476926,6.103973800157234,0.4243270039698335,0.12602512017904055,be54da548939eb34c198c5b8af39c6b40768c19f8c0894ee69a24207b6b465e4,e56069914c786018770bce1a7522f77d4bddd47cb0cd7f780c1e90b386a09398,cf4c30f082660d6bcf3536c74f01f5f8606a35c577bf75008cb820343fdcc813,260997a24a747f3a3d271f1eb472d98291eb7e54c632c76fa6a69673dbf936a5,0.38192020903807133,r4_mse_matched
4,mse,1,0.1,0.9,300059,r4_mse_sigma1_lr0.1,48,ok,,0.28591775387775126,5.8271232753419975,0.4527604757549572,0.13492262177497724,86975954ea25afa24d148cd0d80a4f12817f3bdbe7943fd11114ef1e5512ca2e,ac92c365f27d645f30db1d16e6504134289e056b66e3d0432559610015e7b01f,0caf4c321e7cb267025c11ad1893409ed242aaed18430ccb82e8fb877a03a71a,075dba1554cec97f5cd1f7c421208f111b461706fe8f267cf93807fb1f1672f3,0.3061792920343578,r4_mse_matched
4,mse,1,0.1,0.9,300060,r4_mse_sigma1_lr0.1,48,ok,,0.5209742425932512,6.156173730604829,0.3574815288861743,0.10617201407919377,ef3dfa0dcce3266b8e64b5185906508ef9724df33f314b80d6e605d6a76f6e29,85f9e8162e8403ef1422e75acbbcb246cea4fcfcbf305c2aaefe1134d59965ef,149a9709d9e042067aeffabca69706e3f35b4871483d6b058215047a570b561e,50f11d2394cfbcdd08d2a43b9373ff90866b62bc510f2985db546efc5389d188,0.32578337495215237,r4_mse_matched
4,mse,1,0.1,0.9,300061,r4_mse_sigma1_lr0.1,48,ok,,1.5661090990185258,7.221420083473198,0.3286060495210751,0.09693878460871716,cebafe01e6af0ee95f79d83a58cf7c3e9005f4eac4718eaed5302c26f67536a5,a034bb4db5a0ed251a7830b45b049184cd6466ad4c690b2da4604f786ad3f27f,aa0b4cb9a4aed22558dcd9ab4ad6708290363b9f202dffb828767aeaaf149956,5e3e7348d088df5fd04246c92ec455e65fa0bc43ea3f055dd47a5a5519555a28,0.3318040419835597,r4_mse_matched
4,mse,1,0.1,0.9,300062,r4_mse_sigma1_lr0.1,48,ok,,0.39878240447084223,5.9521321831819645,0.38570733354186754,0.1187978587308952,b31435f2845f9ffe580f90ef95b59358e3d48dd35beec15b8d9a352d33daa705,d7eb8769059fabae7482833a3bdb6411efc7b8bbc9dad9030069e8fb4af0376d,8c494eebeb1dd11901cd552131d93113493560c93686142d2ef6a0cf63718a04,9a96ff3456faf89f4c027430ab98653284e5878d2f7dd491e44f6f98ed7ed418,0.3315799590200186,r4_mse_matched
4,mse,1,0.1,0.9,300063,r4_mse_sigma1_lr0.1,48,ok,,2.357050944952376,7.897979609880265,0.27137600967420045,0.07788491477649552,d6d2c5ebe7f763691e03746a41367e5be0344eaf5fdc66167695a8638bc42d03,443b43e8d82c93a9b6859f49bc9c1384d25cbd44a30cdd875c6562dd650ff6ff,63a49ca139966fd117cb0d1574a6c653f891c0d5bb380ecbfb748887372c093a,d0b2213276ad94ecff955a5648887bc303ec3bb06ff8d3d44fcadb7e1c6085bc,0.31546966696623713,r4_mse_matched
4,mse,1,0.1,0.9,300064,r4_mse_sigma1_lr0.1,48,ok,,0.3774507572648297,6.0190306481456455,0.4309787805835929,0.1271387402721599,a2279af607d348c7eb3e3b3dc6d4045842a3e1c8cd56db71ed3c33fdd34d83ba,2d4cb5b9640c9fd1a8540366892d9096ce2ffb3b0448e9de439604e97fc81b00,a60d6ff3c236c74883f3d56d9513fe6b82356d9569548a0f505587ce60f15124,f2d639dbcdd30ab01a0ad5c487f820a2a6bcef407845c69280225c3dae1870aa,0.3063491659704596,r4_mse_matched
4,mse,1,0.1,0.9,300065,r4_mse_sigma1_lr0.1,48,ok,,0.5154245814625671,5.972407144205877,0.4029513452764412,0.12290016030931457,1cfb2f28eb8cc948dd0f1611cb56cb4e6560995412560e94f6b63dae98e6ad18,5880d14001810cdd467dad4ebafe5b0d6e501f3f570a4df3600f1534c2b7616a,83a063c9facca304555c6b75864aa3c0435015950dd2be247def8e20db5f93f2,4587a7e189d4014f1482b9f45620188328ff730f481c70c4f8d062e580f39fe4,0.3122964169597253,r4_mse_matched
4,mse,1,0.1,0.9,300066,r4_mse_sigma1_lr0.1,48,ok,,0.39978874014361,6.043670170452544,0.43900823470127454,0.12819040453277217,708269c9fbc27a8cde579e683a6367880c14143b935f4908ad90b01362b99244,6549ca8b41b89433ed9700fa8e4e609e210451b9c7ebfbe6f1edff98e603ef32,12734b4ddd70be818e51b8789118d4874bd123c61546d70ac001d22e1c307a87,2a7950af73fef88311e9744b69ca4481f639e37d01bda603681566cc771abe44,0.31398400000762194,r4_mse_matched
4,mse,1,0.1,0.9,300067,r4_mse_sigma1_lr0.1,48,ok,,0.42590760781598724,6.075511122509039,0.36354576177550824,0.10906372853265248,081f0a8188505511354ed61a498396ca9f725e574fcce6253e57e031ed00a1a6,e1589b617124f4cb79e463a004e07e664bcf84d0d57ca0ccfcc221cb90bd6916,4f1d3d78a800b087a806b58eaeb48b3137b97b5aaf06c8d22e51da8fbf7d08da,0c3464a08ae19d8aa7cd317bc7496343a57327e3f9e26e93d01a721337cab0a3,0.3158330420264974,r4_mse_matched
4,mse,1,0.1,0.9,300068,r4_mse_sigma1_lr0.1,48,ok,,0.48160617536880596,6.087498048081696,0.37682952193882574,0.11455617466940302,0bab71e6eca3d3074b94363a2595e397768bf164f5737259b49028335278c69f,2352320ecc2428f76669b117992f88aa230efa0f74713ebf4f0d5ba8b32e0b81,5fca900f4af2e535b7898aeb9242c9b7621f4a6aa072cfcadb2f16fc974460b5,8306a9578dae706cb633624ac8bd8eca7ab84fb24c42a779ae7ac506f8858288,0.30480804096441716,r4_mse_matched
4,mse,1,0.1,0.9,300069,r4_mse_sigma1_lr0.1,48,ok,,0.4913999478088277,6.159517074540994,0.403918859630118,0.12117565788903539,6174d2c5d4074cd59901346d33d990e3b06dd344d19303a5a61f4f4ab30feb69,13ddf607a526199525f36e82d6ec66fb92b3b4a84d3eab35ac1e71aa897d1d52,bf337414c9d11ba76dc5a02e23a98ae70595c30adafa2ef439346f5c9dc669eb,96b7dd580c293454a0b37a87c00510ad621aa87a9788bedbea35fe87f4db7d5b,0.30537470791023225,r4_mse_matched
4,mse,1,0.1,0.9,300070,r4_mse_sigma1_lr0.1,48,ok,,1.8138859606554905,7.4025652638886035,0.33239585764754853,0.1007159448672072,f634cc4e2d1c13934fed7a89e1dc9feab288a32e837cb405f0cb855949395708,ccdff70c19143dba1653dcbb3dbbffabc6f7f1c013b1dfb8a1e39a9aee3a3577,f552c7a0e43e097228a54293029eb471f79082e8eb80ba9538c3da13a469b216,9b1c75240905c89ca2a3a280260b215d1f67ac31cb5e11f0ba26ce764af42361,0.30332095897756517,r4_mse_matched
4,mse,1,0.1,0.9,300071,r4_mse_sigma1_lr0.1,48,ok,,1.286996752566781,6.8644889862207785,0.3074467649252268,0.09131168918279237,a7a631ebdc901b6d1afebc5883b03deed2af77787993e7c43d983c2bd7ba4001,7a9ef81ad7224233cc5cb38b965598d9364349ed4072919e19c10e80bacca046,876f2196277e5cde99e423ccc7b42337a92cc2198a9d570dd61f1bbd1f1010b4,81f1726bfa44720bc4e45555bc97ed473fd6cd11bbaeaf2eab3dd91c4065d07b,0.29968474991619587,r4_mse_matched
4,mse,1,0.1,0.9,300072,r4_mse_sigma1_lr0.1,48,ok,,2.5815394375480762,8.241340495465778,0.27964024220443034,0.08249387145030695,29476ceb6b9c7bc9a00c948025fe869f227afb88b4f615b258137802f2c3d508,d2f5e742631b619a124a6e2d35a067c5b263572690ea3f3a50c8fe4ba810e605,1872fbf5145f1eec068cf1358d435b547bc62e827e7c7d79965a30d5a5568465,75a8be1f0d62dda43e04511121b10c02ed818fc40490753eb5f74e067c98ea1f,0.29981374996714294,r4_mse_matched
4,mse,1,0.1,0.9,300073,r4_mse_sigma1_lr0.1,48,ok,,0.40494173631412245,5.839735508135197,0.3816527705620362,0.11335087285692477,94d96421ca2c1b509b027b228ac8292f226d27321b9fe81c04af907c5f10cfcf,ea343b04223be8eb207fe79b900dad6f48ebc9d78b3bd560a6b589d849c18632,752ca235734d3463072b13371e8c282a8ccbe3ad478d2ae30596d2216f4dd0de,671f6661315a213caa7e471a66b39642a88467da54ee46efc7489642ec45a5c2,0.29669404099695385,r4_mse_matched
4,mse,1,0.1,0.9,300074,r4_mse_sigma1_lr0.1,48,ok,,2.3043233197498223,7.9728352942074725,0.3367101442055047,0.10168646355006243,f2250eae7e757ccf0386e915268746609495ba31fce4b4abc9a865ab6e47686a,5ac414598748c0d70db4857128449cbde5756407a395d592f1e8f0d8bf4b5c79,a9c65b94a045c2b4bf1ac6b6edb461830ba947144a38ecba2ca3688c8c195454,31264aa5764ca74fa8d3c8bd948641640ff1f0ca9c8c0fc5f3c74138e662e904,0.30210341699421406,r4_mse_matched
4,mse,1,0.1,0.9,300075,r4_mse_sigma1_lr0.1,48,ok,,0.42176064379406003,6.039027288239305,0.39999410886129133,0.1199982326583874,7dec063783091bc2e04a4042c3c3773b5ade267b870931cdc8039fa0219f28b1,a25c1eb5d376fa0b58834737109ce6926d29c8f0a8076020763734df14b91a56,94c6b91a40a456b38721bb29354accf167b73d0201a36ce3b775ca2c4f200c9e,9b32b6f3805fcea1b340dcdffa5f1b514caef41198a9d165ed14078f5911187d,0.29960154194850475,r4_mse_matched
4,mse,1,0.1,0.9,300076,r4_mse_sigma1_lr0.1,48,ok,,0.491648742037888,6.185015177769328,0.38420922760092413,0.11103646677666706,874f36301d93b1a5bcbfe168684f14c2ae66efa60b0bc3f6963cb38d49893ab2,a30bb8ba2fa3f25d8d30198f6baa7b531b0290bf636c95bff3cdf4e85021d3e3,9bca2722503dca0447458a57d72ca9adfe0eeffa2c3c4751439aabc4fad54970,097885ed26dcdbe5c333ac78390fa03c9d0cc7521e34b5dd46745d5ec2417038,0.29950316599570215,r4_mse_matched
4,mse,1,0.1,0.9,300077,r4_mse_sigma1_lr0.1,48,ok,,2.0408629253589083,7.593694556614126,0.3161190206066373,0.09610018226441776,ae4b1717c7ab36a8bf739e3c3e609f149fdff4c16f64795219832d1bdbe563af,01468e53e4630aac84262b5039324698644a6a60b78851a2244d2d5ca7d5cb3b,2543a65e9e18fca475db28b8fe7d59bf15081a2094af5308df91e95107ff36db,3085d077f0525e6cb41fe37b9faf3f52d156fb6b1c247edd21c12f6eb9ec5a8e,0.29613324999809265,r4_mse_matched
4,mse,1,0.1,0.9,300078,r4_mse_sigma1_lr0.1,48,ok,,0.4871083057415585,6.102625147066548,0.3808089662445263,0.11386188090711337,fc507e05a21f23918e50d7f9083a51ab150f87ca134cd0efd7c9b54191cb9adb,7b9ca0f5a4d48af552fac2e70ed042c3545b15fb9af1361947503fc8f8c0cadf,fa79f3ce7dad074acaf5d472de579cc8c943f5d342852e257b5d734bd50acd0b,35f74a2aec026e5dbc41c55db2b7bf59a50bfb59387739b36af2d10a88ca9a85,0.2932572920108214,r4_mse_matched
4,mse,1,0.1,0.9,300079,r4_mse_sigma1_lr0.1,48,ok,,0.45545035796619626,6.196269114294982,0.4080880663391593,0.12569112443246105,99e3cfde53d3779687e41c4889b2c25c000b0fcd2df380100446ba8715eb8ec8,671c1c32f5796c76ffd63fa2ee7f179f0b0fbb4e4d0a1e393c4129332e01d5a6,103845b6b6dcd45a3e2573962843f6fa7cfbbc5ce75609cf515090f94e9930ee,dd87ebb6ba3a9e06534a6d4da6a4d54fca0f1a912d1b81ce3d96241c5c22aaa5,0.2923737079836428,r4_mse_matched
4,mse,1,0.1,0.9,300080,r4_mse_sigma1_lr0.1,48,ok,,2.614823035396852,8.2359569341754,0.28581805853902836,0.08488796338609143,0e3d960b755d50f9638f138ca006e5501b07ca00e96338156fe514e01912fc98,1cbfac2f19d4c0ebeb40fc9e4eb17765a40b7e9b64b7903e8debdd4f6b207474,da3d1a1f09ca204a2c60964a4ecdb1d53cc4e7f16147526f73127eddf8125398,a56e0ae745d605d072ab5b27b7dc92f9c8e2297f48d784b26a96bbf34a748590,0.3020169170340523,r4_mse_matched
4,mse,1,0.1,0.9,300081,r4_mse_sigma1_lr0.1,48,ok,,0.39944978245155716,6.055674730755123,0.4106163087276025,0.12441674154446357,ba2f638e3dea8ab3bc59b28079c678391c132e83fd9186ea1da00b1add31d0c8,1a216ec3f73d111315128ec3ea4d639c9921edf923f3131c1bf95862d334f31a,747c89f42a8cff10b2b1c386c4bea876ff098886db062cf9613b0dc5b8eb5389,1d46b33faf950dc0d33b1996e35178b7a4e240ddde3144548917a67e97129adc,0.2996233330341056,r4_mse_matched
4,mse,1,0.1,0.9,300082,r4_mse_sigma1_lr0.1,48,ok,,0.41758775036529505,6.1042653194122805,0.39725097165793977,0.11798353858240812,6c99cdadc1611e488d48953877d470202aead6ee43dd801e550e79a6bd0e922d,7d0c04aaf56cf065cabc2f4d8c5c616d73547978bc744188c58727f7bfc38976,b7b5c9fd0cf22301729296585af7b035c571bcdd023094e999ab9f2ae5ba1802,7ab4ccaae5a12f0e9424205d2b0cbc0e0727e0e24dedb6a3b00ce766066905e8,0.3012047909433022,r4_mse_matched
4,mse,1,0.1,0.9,300083,r4_mse_sigma1_lr0.1,48,ok,,0.4287346658114405,6.083861443002432,0.4344859153810786,0.1277388591220371,fb2734f5bab358e14e01f2c8e72617ccdbaab144d7802f2c8c60ee7f1e3ed644,84c7e32ae9100532c76001d8d1c47683e020e8e4c9c3cdbd4666f567820d7dfc,84a168f2479dfb207e71f1679166fd40135f71d843dac3ecee172b73ab3d4917,c5dab01dba69e80bb53bfe408a2c80752bac9426e230c06520a5c5395b75d439,0.3085640830686316,r4_mse_matched
4,mse,1,0.1,0.9,300084,r4_mse_sigma1_lr0.1,48,ok,,0.42388810573983937,6.057458951658731,0.39785074943168114,0.11895737408007266,307f937ba084b91de860668af0fb0f69372364bb6ce4fcef6c017c30674f17bb,1cb069d54206b5c7c80fcb7a9417feaf0b8aec9e6bba2eabacd8a44cb5aed089,671b6525c3c6d4fa7a8338132fd3e8e5103d874287bd63b35cdb73823c953f61,cb7757da0040dae66b3851bf01cbd32a5f73a2d295b6b5dcf3c71225a7ff1a54,0.311032791971229,r4_mse_matched
4,mse,1,0.1,0.9,300085,r4_mse_sigma1_lr0.1,48,ok,,1.579744776370764,7.222374459245724,0.1983593526623527,0.059309446446043454,b7bda8f1c6157533107318b4929256d5284403e4f9593ef909e880530d05bec6,8f4efd48e45a79dd017a1d7a311edb86e9da535faee03ae1a88e4a1c9590a97c,b9a1c30619753b609087d31c5f6bbd603a3013b6cb1492207a95405ca28c6ba7,2985faed283d3fb4976e30dee9f53f19456efa04046e933fc44d9c50ed71765c,0.313817166024819,r4_mse_matched
4,mse,1,0.1,0.9,300086,r4_mse_sigma1_lr0.1,48,ok,,2.2104122204463965,7.855474742694472,0.3231289476572622,0.09855432903546497,7dca81a4c91012a56cee488c1a773d6401a3ad74b9a9405b00de27a2cba11f3c,e0324572697d072a56ed3c04da591c40f89f4e8378187195dcece0e344b2e000,4d97813142dcf97c8a611299a9659fdf6788ab740cc16dbd926646e34b916163,1d9ea2c81dbf028085368d157926eaf41b634595ac835a23216f130ac3180bde,0.315144042018801,r4_mse_matched
4,mse,1,0.1,0.9,300087,r4_mse_sigma1_lr0.1,48,ok,,0.5262521054460293,6.188988353675525,0.38302883587856085,0.1152916795994468,2cd875bdde423eb1353f1213770192b7df8bd876d40fb1aa71d29f9f56f00fee,5e9e38ede140f2d6f39e4d2630dbf7e98417d17a2d266b77b6dce2135af70253,e99e84ed987c73be34374c130effae2df712f150cf0634b138095223bdda706f,24bf51773204308c461626ad95af3fce0ddb755b5bd71b9cb6dea1688d17741e,0.3193752079969272,r4_mse_matched
4,mse,1,0.1,0.9,300088,r4_mse_sigma1_lr0.1,48,ok,,0.45853136242785403,6.0886337662313945,0.403373858404236,0.11859191437084539,0030bf09b7aae09d5ca485e801a912df314636550145ceef5f18ad2202a69b51,ed7150770cccc71995eec6416e5eb8942b5187c46bb88744c3cce6ecfecca45e,7fc251d0bbd15bc04ad54aade468bb2f50ebbc58967bc4b87ca13e7729559fb4,26220a9ef25201ac9cd8e209a13b113fd2b0a2cc842231632892201b621a8471,0.32036637503188103,r4_mse_matched
4,mse,1,0.1,0.9,300089,r4_mse_sigma1_lr0.1,48,ok,,0.39821347677683794,5.954066117084961,0.44144945147742454,0.12625454312254342,c661e54b95aa168b9588f9db764694b9637b19b067f1ce1ef87d834330b73929,60508639f832531b067f6ff4a1f52ad903eb5f468fd6de942af85d30e535bba0,367cf5b38b737aff08538fabfb5d92013302eb31e5ffc55820e034fb66218dd1,a32b8f612c0ced2a055c3cbb23df4cfdf149d439b46d9e6986a959ac94d2af03,0.31265220791101456,r4_mse_matched
4,mse,1,0.1,0.9,300090,r4_mse_sigma1_lr0.1,48,ok,,1.9684391793877156,7.646162674538491,0.30900387207353824,0.09146514613376731,98cd9fd3f5a0edc83a0ad4fddaa12ced64d760278d475564fff1f1c5dd73e084,eb3f6b474d6816be6628e288f25ada76b0f7d91970b57b91c195cb1a75bdfeb0,746ba07d9794f8e0cb9ca0a9c10dfefaf2539e7b86fd26098f849a4cc53acdfe,29a7382a757de5535dcc3ff17f76f8c6456da800d1ab1610b48c9f22c2031b94,0.31041670904960483,r4_mse_matched
4,mse,1,0.1,0.9,300091,r4_mse_sigma1_lr0.1,48,ok,,0.4229215123814203,6.08615381267141,0.4145580606656413,0.1222946278963642,3ccc764800bf27bb75e2094ea8a123146ca3bde83ec7563c79a484f44610fafe,6d41cf29ae36d582d46a36d3d13ff7bf618a41b289a91760c47e508267a1e2bc,a533eaee2259cdb82e3899fbcbdc35924f90124e0f737799c83e5cd1f63080ce,1e23f47d188e9fa81881e0581cac6443ca8f50f94b317019fd799e691b8d4bc5,0.2989877499639988,r4_mse_matched
4,mse,1,0.1,0.9,300092,r4_mse_sigma1_lr0.1,48,ok,,2.114118164324035,7.683977554592995,0.31047917937088054,0.0928332746318933,ba3787eb400695bd780a7f47c9aac7da4c6b2a214e9244efbf6a555d261b6db2,312c1762699384512ffe8b45d038321bb9111baf907d3b4d299e58986f587df8,fd3c1426e8cb4d011029761ace4b2b96b21d202d5b4281e0857ff9e7624373d0,3bf7ca65170650dd2d417813b53dcabd04992fe25b766b8843e603f9b9f2617b,0.30199512490071356,r4_mse_matched
4,mse,1,0.1,0.9,300093,r4_mse_sigma1_lr0.1,48,ok,,0.732777155207551,6.3517920726453685,0.3571922478699185,0.10894363560032513,a7c87e334d754c35efcb9e12ce12b8d5ba21cb97c762ce1c5240cb2fd48ba9c4,3cc8f5d36dcc8109c4741d577771dc446ba604413af58962bdcbf19baf2f0dc8,8873170ca64ff40ac0d386fedcb06dea50b9c190273133b53533f8a039b33e53,0959c0cdf54e6eba8b61ac832f8e085a0a55226f5f4b96e335030786cc6ff10d,0.30757504189386964,r4_mse_matched
4,mse,1,0.1,0.9,300094,r4_mse_sigma1_lr0.1,48,ok,,0.5145770378107423,6.095360742173837,0.4064577321934557,0.12071794646145635,fe0cb28c5e5207e0eb8d04b69d0a192adcc44035ebebbf0a71afe93c9c1de479,0cd090b78186e5e94dddb02b661a53946c90c56c0135969d592b1a63ed8f5b05,5152f7ab471d2e77376651c74bb7777a9571c83ff56ddb91b1d03af2f11cf405,af4e8a647538debcb6177ab3d7217721c64102cc06df1c57b18874fdce3c8173,0.3061130829155445,r4_mse_matched
4,mse,1,0.1,0.9,300095,r4_mse_sigma1_lr0.1,48,ok,,0.5731399005535811,6.132546393922035,0.3747199476782797,0.1127907042511622,2b1d3f506c8358f83f3f6c4c478ea6624d3260edd10ad6d1d620211c296428f5,0645f2857cbee4f45e0679741b4cb95e945e216de2bf7f7e7ec41b2cda9c8c36,8a1c4b5a9a5942de4ba79aa7cba94f6a0b7484ac2bbc05ecf8a3529b4ed8ab48,1b37fce17b0e20cf54ad9248b9d3f924c258be2e29161aeb0af3e8b8a7e96c5e,0.30159249994903803,r4_mse_matched
4,mse,1,0.1,0.9,300096,r4_mse_sigma1_lr0.1,48,ok,,1.8457523324199534,7.545059879944758,0.32806592812264784,0.09645138286805846,a8b2a6d596c52df65b7d82272c0d81d9d2c9c77626ad4d90c15fef87fa6ce7bb,a2772ee613085871d2c6c6b322c84ca766ff812bd99d4bb412f81dcb90de15d8,11b37067e5e7b6b05fa6c0b6c968aca27c45f4a07fe25d84ac1159284d8e8f89,4446e51d5fecab638d7ce06e13f500cab2500e1bc3fbe9f5e4aa9e9a85efdccf,0.30390633293427527,r4_mse_matched
4,mse,1,0.1,0.9,300097,r4_mse_sigma1_lr0.1,48,ok,,0.34275263444267756,6.008465062883406,0.4497735929294619,0.13178366272833233,6a58ea514372c71630cb99b35cd8e07be887fa6911b53f19b5d704732fb75bdf,e8c8a21ce148719bf4d490968666825c456df5cdc48f065ce070475a9f61b2a5,408ec60a173b32d43c671743950d22b3fbcc518181ded82ef537decf46ee0c6d,e5cdbacd64ec308b183cc11de5ca81e2fed68b859ea3b2984c8550d47f656c1b,0.3053684999467805,r4_mse_matched
4,mse,1,0.1,0.9,300098,r4_mse_sigma1_lr0.1,48,ok,,0.4615262533975832,6.156183075420839,0.39954884999044427,0.11986465499713327,998122d28dd5e545db51a6f7b951f9827ea9260ec2b0d92d5c37cb103d0ba6ff,cafbcf058d29eff2ccbf8b9b9b6915872acb9632484a9ed2be13751a7165618b,0e2d682e0f3b7823752766f88040994c84279aac8b86b0ccd6c2db8c96858532,0a164106d8d28fd47a55e74051c8c5b7d4f6f651baf06fd24031c92c3d1f102d,0.34404262504540384,r4_mse_matched
4,mse,1,0.1,0.9,300099,r4_mse_sigma1_lr0.1,48,ok,,0.5131546340138692,6.109453653052275,0.4193827883513745,0.12749236765881783,84ae2550cdacfb1a0c04866f5109d582dc8f9d46f21b0b67a1fe731269b4c984,bfe6ea452f11a0df7fc9c4a0f46f997a12c5f847d7cb575e520f403a4bf425ea,4b24bef303469885eb85d79f9574f3f854ff1fc98903af707f3f9a593849de7b,b7c1ddfb8b10f20da544f3036d73a640e7f45db382e543e8f98a47be845c12d5,0.3517094579292461,r4_mse_matched
4,mse,1,0.1,0.9,300100,r4_mse_sigma1_lr0.1,48,ok,,0.3417132242367366,5.904318477195411,0.43641909550030483,0.12918005226809023,79ea598cce16ae26ad8840b1327ff8de5d21fd4d9430d25e5240651e7af36883,c6cb13adc09d1c9493e0525b5e9c1857602686d97269e77f2bb4ddecac2d9281,4e0864318ee829551837ffe5fe3d66e90299499dac73e1a366fb445892b61f9c,0d1180b617f4989e89b94ac67302be9438bd183a007e75ad5619185bd26b349c,0.3529214169830084,r4_mse_matched
4,mse,1,0.1,0.9,300101,r4_mse_sigma1_lr0.1,48,ok,,1.9459141047617843,7.558052991808483,0.2850015295401909,0.0849304558029769,0fb83b7408cbc1aaa63ef4f097d2d4880365ec38387ba68f6e8c06e44ed382b4,dceb90c9b78bbf6b549b8ab484f361187309c14504d742a94a4f018d6ff4ff8f,99cad4572e3be37de5de9ebea1af6a6bd8e7f09eba7193c208531028a0aaada6,954f79e776dd49a4500c7a9908045c6778e704813d51fa43486ced2e3855e65b,0.32276462495792657,r4_mse_matched
4,mse,1,0.1,0.9,300102,r4_mse_sigma1_lr0.1,48,ok,,2.1074783164650306,7.6754053148309485,0.31621398992015265,0.09454798298612564,e006b6489056566299e5317c5e2b106d8b7edd9487990bf6db04060c6ac36307,e07ce9fa89fc078461c503cf21016be917062050bc58b8a99684204e3157ba1c,9c756a3d25cb685dfc0a627f89c204bb35f74e01dc9ba350c2004fcc39b435e0,0da8e82f7331a00eab140e202fd00fa022f7709fec291f7b5a7f10c8cf177663,0.30281849997118115,r4_mse_matched
4,mse,1,0.1,0.9,300103,r4_mse_sigma1_lr0.1,48,ok,,0.35977899688344145,5.921784750991464,0.42589445377019336,0.12606475831597724,84e90d70cb6e50e4307e53a36b76f3648b8d6250f46defb308584a6065977352,f00bf89f1900623e01eb9a58b0cb70f1bcbb56703e588050aab3210550b31700,f49351e74453efa8d509ceb5de71f8ce765ae26c27216c7aa45c8e4757bca7bf,152d97b5ed34bd39ed4ee1e1aa84af39debeeaf9ecb82115163d3fa34ce7c168,0.30158933298662305,r4_mse_matched
4,mse,1,0.1,0.9,300104,r4_mse_sigma1_lr0.1,48,ok,,0.4417326698148317,6.113159304293112,0.4244786757523344,0.12522120934693864,2c3887f0f74ede3f0dad59dc0d44c3389907c03911f67ef27c1dc5383e7ee93b,23cf924fe429906fb077746ef8a5906c8fbd8ade881ed87a2d573bfc29104d1b,4202a7c38b74350de0c75e71d1f62be1794a0748545df24247ecad905359d73d,c0a16fd0179442878d5b5b425709dcc0d371e2b9730b8c1877d47ee4a85ad263,0.30190837499685585,r4_mse_matched
4,mse,1,0.1,0.9,300105,r4_mse_sigma1_lr0.1,48,ok,,0.45032053771078673,6.040239509274976,0.4098923060408283,0.12050833797600354,de0ebb6b14e2d450cf1bf792fc262365fb3d059482fdd0b5f214736a7a740690,ca39052c1df6c96c8cc1bb2d62654af1cbbf1e3f5b76fb2794c5d04b41e0a09d,ffb7a1762afb3e5e37ddd1f00aa558db748f3a36d2eed3def2c8d51fd2760688,3ca1306e70f49c54ab1f62c6ab61526bf2401e314d39ec7d018fcdcc7ba93ca6,0.2999136250000447,r4_mse_matched
4,mse,1,0.1,0.9,300106,r4_mse_sigma1_lr0.1,48,ok,,0.5757863420773432,6.177238673188584,0.40179881158322933,0.11893244822863588,ad033ae221c957f89cdf90b8ce75396eb58cbb69b99f95a7271da6cfb9c35e37,745018b097730ce74ebf95cf2852b9b8067c7d69379762899184116cb2ca62da,fd3fb6134812ab3b6a395bbe4fae83ff9d54f9311f589a2de589eb766c317711,b6d39c7420318d9d9b886b30c016952af1b7f74aaee1eb0d7913e873701a1886,0.2990294999908656,r4_mse_matched
4,mse,1,0.1,0.9,300107,r4_mse_sigma1_lr0.1,48,ok,,0.4092579918909879,6.009851664391528,0.42148274094167393,0.12686630502344387,6aae500dd352d571784f86d0556e3fa32e53a656708e352d32656ae1efcba352,15b994e67211c5c8a53560c6bd4c76368bdb22ea10aeff9b0b4fa3fe26860262,da91b2c15873f63c1a230a8d67f6b224f4c4df9dd62b0c54b3c0f00e3c4d08d3,689bceb7635eb5ea84f4e6109bb50b481c981e51f302b11fbcd345648e010627,0.2989751669811085,r4_mse_matched
4,mse,1,0.1,0.9,300108,r4_mse_sigma1_lr0.1,48,ok,,0.3984961915542542,6.057808257360623,0.45505547751443126,0.13651664325432938,41309af3394399959ccfe27b376380ece9eca6d3297ce2213fdf23e9a6d2ac93,d97074ac83e2be40bde748920c734d9759162fbca1875f0f21dc789ac44c5a1b,ed15075c6f0bbaa0dbfd618e49585ea8710ca1bb6990788a4838b3890a1a4f51,9324a086e3337e298fa1aa0d2d3c7b550d0798c6586375225752b692383a0969,0.2930158330127597,r4_mse_matched
4,mse,1,0.1,0.9,300109,r4_mse_sigma1_lr0.1,48,ok,,0.5583703467642419,6.212587320469023,0.3932610464732076,0.11286592033781058,771fcb9213886ea1f967979f6ad3fe3f6fcea304f2642dad6194341495a315cf,927c3658ab546714e54b9ee0f95b97c491be86f54c7a00bb51e6e63694563370,c3d982fd33888ff0cab3deb3e4da996e6f9492dea1cf1ca5c8057d98bff412f8,4d34cf413c48985a091b076e4d5195a60dadc76b566e50dbad3f9bed03f21ed6,0.2931144160684198,r4_mse_matched
4,mse,1,0.1,0.9,300110,r4_mse_sigma1_lr0.1,48,ok,,2.4268808850627126,8.083588640006614,0.2426773946037126,0.07037644443507665,cde45661617a288f63ac7c264248a144b6191f42bc1653ad3551b4b4735ab87f,b99d2d6fd8b683d6356cb6d876c164fe9843b9e33fe8788befbacf4ca22f0c2d,2c6664d1f44412e3e549e3b88f6ce156a781bd725e2b35d71699fd85cecab9da,6dcdf046bed0c572e89eda93df0f43459de1af685ed23ecdc8be9788a8c4603d,0.3009154590545222,r4_mse_matched
4,mse,1,0.1,0.9,300111,r4_mse_sigma1_lr0.1,48,ok,,0.34169681270555363,6.109854823197706,0.4286455119444856,0.12559313499973426,e133603627b2009609a3aa5bed97281a6cbdfca6a7eea92a419745c7546dcdde,f7c0162fc827424ac8388e374e078e13fff35507f602aa06f4b2996d6e484025,5a3724fc214532856832e6d2d1b52a77e4d66c3a97ee024d9b03dc07fd5b16f4,7bc62dbb15e38fa5436239f5119b97195eb626b5ff536023da7eb275c9f34bcc,0.30648450006265193,r4_mse_matched
4,mse,1,0.1,0.9,300112,r4_mse_sigma1_lr0.1,48,ok,,0.41807489831903,6.0911014155463565,0.38948346102279313,0.11840297215092911,644bacd763502337e0035239bd1882a2783d5b5a05ac3cf964f3ace18d859473,317341fee9a89e62d763d3abfbb2be4f20cb86c2022f5a63ff588b0dbfce4787,b5f95f7a158d8e2b46b8bd54325b2ffd6eb875b0ed0dbb9fb631bf8cead0e604,578470a000feec9c5316f43ade61f7f6c238683fb008c000ec6edddbab632b40,0.3042501249583438,r4_mse_matched
4,mse,1,0.1,0.9,300113,r4_mse_sigma1_lr0.1,48,ok,,0.39442814057056075,5.961165659474086,0.44809033771093804,0.13218664962472673,ea02a0f906c4077add1f728f580129235b1ccebff060438ebc231b16f441728a,5757b18f7496722c3110cf0964f2bd6855ca6e2ab2eb5d5d9fe2176e26a40d5a,cad7a092806adf118404d1bd84ddc823cafb59b31129309b680305113d49e36c,388476ecfe62f5cfb4958ef621254801641222e66b9f402231207ea1f3cef5d5,0.3148097499506548,r4_mse_matched
4,mse,1,0.1,0.9,300114,r4_mse_sigma1_lr0.1,48,ok,,0.44393522727994117,6.0992868705041845,0.3996382541147478,0.11909219972619485,ce4b99d8f04992133ac07a717779dcd6cdfd51bdfbfe5caa5ff3046c4fd6b552,dc88917ed83c59b5699ba2636285e959769397710157d22d8217c2fd639b0fb9,dc3da1a83fac0bf4e4451fa252b3c866d5fde3cb9a03b5dcb413f3ad2c131b9e,fe4700dfb9f3448b3090610c71d9b14b6d3aede3e988f9963f69fc1fda140e53,0.31308049999643117,r4_mse_matched
4,mse,1,0.1,0.9,300115,r4_mse_sigma1_lr0.1,48,ok,,2.1020277993324776,7.673841063530746,0.3044076018637688,0.08919142734608425,c463a396e85798bc68cf4a062dbaa6d994363a8cdfc6d7c9791e21091069da9f,5958f974d9825dc3c070069675227ef7f9be0ab42121f1e9539e0d2e6b750b37,e95915d125b132c7d447fbb566f65c3b92efc3e6241e98d21ba9412f727e7ec9,a2846f6afcb4cb7fa8d9f51ea0a57056bdc8836997b4b5f0954202309227454b,0.312604165985249,r4_mse_matched
4,mse,1,0.1,0.9,300116,r4_mse_sigma1_lr0.1,48,ok,,0.6248965945021172,6.211580069599433,0.3995429267926853,0.11626699169667143,084daee521e0d96b4b6964217b212b6e3d0f8e53220f91810df897c8d600625b,95c1327da070b867d19ea8b2c991d0b127ec0999753a2e627a218e1fc3568efa,1b48fd53314479321e67cf2a675b823a844ff25f4e3ddbee33308c44ea550391,6f8245377636a6db2464ad97a11b7fd562d59b2605900c44b1bef35df27f9e2a,0.31003995798528194,r4_mse_matched
4,mse,1,0.1,0.9,300117,r4_mse_sigma1_lr0.1,48,ok,,0.45482672713413996,6.134089810551052,0.41750473261964305,0.12483391505327328,a7cb6900e99f4095de6330dd8d979a9b2cf415af5be1ec45ac3ad74d3326eb57,2177432f921982ea8d382df02f0077297ddaccd66748d6c49c88675fedf7c8fc,792335a3447a17fcd77af04021c690ec40e2a8443d013cd407c29c68fa073201,dea099ef86438e80288beea427f702d1fe41a78351280af38058102f0cc2f60c,0.3149380419636145,r4_mse_matched
4,mse,1,0.1,0.9,300118,r4_mse_sigma1_lr0.1,48,ok,,0.394319590076829,6.022913497456316,0.42322135091103963,0.12527351986966773,2bcd33845041cd219b498a03ec11004d81bbe9dd3f558b754d6ea545896bc7e1,b656512a7c47a60c5f0e2699f11ba568f724faf443528db6c622a46754c748b1,fc02f4d4b9ecf940f90b8221b74788db1e32f4a3a30943ba342bab882130c0e3,f11aa5d485a934f04d60476f807746e50e477116146cd4c962506cc0a4a6bb7e,0.30831354192923754,r4_mse_matched
4,mse,1,0.1,0.9,300119,r4_mse_sigma1_lr0.1,48,ok,,0.71300906179224,6.442234753831471,0.39857350916253625,0.11797775871211073,aed0e9fe989702c5562c247fac514771a622ee069fc4d2535cb8bac20c823ea6,7ee168630ae11472db3d3cf3061384c4b41ab444816c085b7ff71d8d02ebc072,d5e00d8450ac3ad1d6c991864c31233360375c48fb0b2972e5bb75bbcb43755b,826a31da55191aada79ad69b35f69151e1e3ac5a1b8e1f2776f5cf67c4e422ea,0.3023796660127118,r4_mse_matched
4,mse,1,0.1,0.9,300120,r4_mse_sigma1_lr0.1,48,ok,,0.47229272295593905,6.0512054560279225,0.37071970132400517,0.11195734979984957,cb61b23895f2815bdc0aadf0c708a92916c48234dd8e466aac8cb4db803fe60e,31599b2d6bba43c85d8620af2e75378d2f44d1123d2eeb378287504537e26fbb,c063650c33d0d9369a8c343792f1afa9aa4bc962b7543d5f4c67756973468890,a78c0b5d37f1b626851bd8280da3c118a59427c04831ff2d50a7a88745860f84,0.2980976249091327,r4_mse_matched
4,mse,1,0.05,0.9,300001,r4_mse_sigma1_lr0.05,48,ok,,0.4728214437853523,6.082069353659835,0.38590268601823574,0.11345538968936131,547df75d495d72b315fe564322ceb41b8419e43ddc93038fd9cf9fe53fa9e4d8,27e1e2c3dbc45cde17f5de651f591de18321454482d19b908f81fa3a5e20af67,5139485dd609a71c3413cdc8812b6b0b8c13b3f3119731cba00660ff9a03c26e,b7589032d2539e16c1960e5b43e2bd3b7e657e64b07c39e2b8ee640f4494529c,0.3045860000420362,r4_mse_tuned
4,mse,1,0.05,0.9,300002,r4_mse_sigma1_lr0.05,48,ok,,0.4779360876997359,6.158129736471597,0.41163452445037363,0.12390199185956245,fc5b1b69e7b8cc0f50f32cdfd3927bcade5b7de5f025f5e97e35f13b7dcccd65,4c5eda357008888dc1e99dacd5c9935dfd3c62182290bb6932a887ff0a66c610,8d2dd4701b1538326217329d7ceecc0e6832f16b3f6cd1aed82e2ef8a4658c52,62ee89a4298411d857a9d20b26f6299fa000ec9f6ce846643050e2cf67325b11,0.3235550409881398,r4_mse_tuned
4,mse,1,0.05,0.9,300003,r4_mse_sigma1_lr0.05,48,ok,,0.5505087203079096,6.109502201658436,0.3907781878142483,0.11527956540520325,a2e1081d9fface7a08688415de646f26dfffcce559f08e132cfb5e7e252dbf1d,833f767deaf5306522e0610877df9712365f64f25c2a9481ae98b9f1758574b8,ac3496fa37be3e439077e6adf5fa7138c940a16f296fbcd1ec2e746a38a3ab84,0379814017b36a14bde5186c606a45258184ef2e52f5a988e0673d85b9269654,0.32295616692863405,r4_mse_tuned
4,mse,1,0.05,0.9,300004,r4_mse_sigma1_lr0.05,48,ok,,0.452065892769405,6.163076696083499,0.39985169813536053,0.11795625094993135,58cdeaa78f51114a6e914189151f24a71007e71cf610cda51f971b31dde06f10,a0355d581f3ff5f5a74dacda51013f50e7e5b287c1670929a81b01c976ae8a59,42efc75a835ea97dbeba64db872be577042030c15482fc5334e1ae10a190733a,9b1cb8616fdb02cdfeb266cc3499c82210a26b0233380c50e5650354ab8cb1bc,0.32402791595086455,r4_mse_tuned
4,mse,1,0.05,0.9,300005,r4_mse_sigma1_lr0.05,48,ok,,0.5593997842214724,6.110327717475684,0.4015906624410082,0.12128038005718449,5c051b69b978374ceb2348d1862e0af437f756e529d7afc1c1186c2e54ef7e57,5b6bbd1920d2685aa73875088a12ff6c127d36ad58b03e361afa4a1c313df8ca,4c27839b329bdd01c03f8e75fd7319617cf9f4a46622491a300b0d9dfe473029,bbd47c5133f58a5b9779bdb979a97c4f2bf6bfabb008ad4c04eccf240ba2986e,0.309863958042115,r4_mse_tuned
4,mse,1,0.05,0.9,300006,r4_mse_sigma1_lr0.05,48,ok,,0.5469032512813973,6.144288875207599,0.4301647842074207,0.1286192704780188,15a47afc3148937636cdfec87f5ea1349559551ab1fed512817b9821ddae305b,ff12b0003f24e3c1c0d39d5463f83beccd48c3ccfff83cb5aee8a081df56b4bc,081d4559b5fbb6aacd3d16f8053afc233fbb1a868e4748d760a02d973ae5f1f7,178ca08ebaf140edea1fa7b6dbb9d9dad7ed43b73158c7ab8b2002231aa5258a,0.33730291691608727,r4_mse_tuned
4,mse,1,0.05,0.9,300007,r4_mse_sigma1_lr0.05,48,ok,,0.39555622835237725,6.032674683955322,0.3998240610290359,0.11754827394253656,5ba229eea3aa5e9e6cc0d94a42d4948a4f324f7232164c5b1db8b24ccebe076a,6e51f2f2d4b59e8180ad8e8c7b27acb0d8ca7076d726fafa5a2de56bf9a213f6,c69317c8a56cefe8c43f1a8b80cc200caf7bd7cfb23e8eddade9cdf85b290f3f,38dc1ce5ad9b8bf3b3656aa61e6122b09f58868786a7ce588118ff9a13edddc4,0.38859537499956787,r4_mse_tuned
4,mse,1,0.05,0.9,300008,r4_mse_sigma1_lr0.05,48,ok,,0.48597828314335173,6.180457591600745,0.4000661946930337,0.1164192626556728,92d23af5bb836428a7eb153f6a2380de81f8fc80da3fdf08b509b0370e7b93c9,81d19f6042d7b3ac55466949ad7de628e492c588c338e358f96626b8c34ac720,84810cc33a0e8bf345ae48b614a64712624f834212e88a59178e86be607aacb3,a7bed5a2af03a27c1756a2d21e7a854be8e4de2a3464ea650a7cf379ee66c814,0.41158708394505084,r4_mse_tuned
4,mse,1,0.05,0.9,300009,r4_mse_sigma1_lr0.05,48,ok,,0.42156433321325926,6.121398922961076,0.4002157962603569,0.12006473887810708,5600684e9ca941293ec22e3fe6f944bf235dd38fe0048ad959412b96248230c5,f9b700d2fbb94c6f5bcb5fc647d367c3a5a186efa3eb7cec51aad8776f3baae0,95a19132b5aea1bd0b7b7566f12cb7eb3e2f3bc2d3ef4c0382735eebbb9217d6,5d17e1846481173753bb62a778cf553aebf8dccde1158b3fcd367f8434f50379,0.3848134580766782,r4_mse_tuned
4,mse,1,0.05,0.9,300010,r4_mse_sigma1_lr0.05,48,ok,,0.40064694009056945,6.110222062812214,0.4430492036522394,0.12848426905914942,a56b6fb7e11162aa1bcbdb89986ef350dfb815c8939edd09a86a5d1f2edfccd3,ebef873c28036d701489dd58ea3cf0f3ea8ce6397136f78ede722212fa4058f8,3dec5e851eb2e7e5e6515c1d335ddb6e1bb9652969e32a6da014c26711cc282a,28591466599a7c491696b24762a3b0dddd8e1649c8bb4d06f38a462574860724,0.34564220905303955,r4_mse_tuned
4,mse,1,0.05,0.9,300011,r4_mse_sigma1_lr0.05,48,ok,,0.5401915880771276,6.195710886314458,0.36902256541345574,0.11181383732027708,e77879b793619b6b11bd41e6c0dd2126d719a2f55d9c0ac0da2f1549b0913658,a815904015b8a5020a10190b51a4a1dbcc318a510e2cdda9f1b17ab6b4222a91,8fb226dfa79cf47df546f47f48a4ffc93b22b37091cedaea541d0293f2c7d0a3,8b72038161acedfd5775cfddff036aab6f462153a0e0ff432efb683325f7c9ec,0.3293956669513136,r4_mse_tuned
4,mse,1,0.05,0.9,300012,r4_mse_sigma1_lr0.05,48,ok,,0.5376265129470793,6.223221631349669,0.35856234816844074,0.10685157975419535,9a73bc3dd78108b7e8c672136c1ebbc9996870d62df4ae1db431a984856c4ad2,1d51aeda2aebdfd8b9ff597f1185d611b6e9ed0df0728b69bcb6d1379cd855e0,37d62e6ecac7d79ea698e9bd78c8e1db8bc1f02f6278745581f335ec0d2a4bf9,43802258a82a50bb2dfc1c019fc4c1f2f4893025d6c387a425621393dfacdca3,0.32682149996981025,r4_mse_tuned
4,mse,1,0.05,0.9,300013,r4_mse_sigma1_lr0.05,48,ok,,0.3722932376636616,6.0536041723217116,0.43354840971578845,0.12442839358843129,43be896293e02a570742d018597b933e42ce673588e34b4fa509ef9d1086355c,fffdef1c1b60ad8ff28008f50a6fbe337eebd5feba0cb6cdf1f62599072d89f9,41254c54302b2ff236caf1267d0712babeeb0d8b4c30e3690c15bbd6e6207c9c,257d8123ab4a9a2756e91885e0aab7f209e3f0b598a72f81a0274e14507a5385,0.31135400000493973,r4_mse_tuned
4,mse,1,0.05,0.9,300014,r4_mse_sigma1_lr0.05,48,ok,,0.3725286234318118,6.01584268315836,0.4437445715743426,0.12291724632609291,0cecdd4ef73e35260909137e7b4a9da22dc59d3d45a902be1bb9f890039876f6,023f1bdec63d2e5bed62469a7b9aa815b4634b3b7388108055538265bed25dc7,849154367e83a9b94f80d7aaf708db2aa2fa78b9d918a2f051a0ada956a8cd36,cd47ff47084d48c8a54820f61a4f27a061d862648243af74d3ad61c08418d43c,0.2908110419521108,r4_mse_tuned
4,mse,1,0.05,0.9,300015,r4_mse_sigma1_lr0.05,48,ok,,0.5085734204503033,6.094874383253113,0.3945221095294174,0.12072376551600174,7d60c852db0400ac3b4314a8c7a8366b70bbe606cc64f24d1f55a53477325310,95577195c75752a3d800cd54cb592b0e570d9ddaae911f46c2cafbc86fbdada7,cb2e20898adeff9d7f72a78c0f56da3d1afdf153cd0cdfee997da64a34ad25d6,b38e0b1b531664c9d24da3e54e83abd419420d2dd0b5f2c88b3402b09e2e3429,0.29311158298514783,r4_mse_tuned
4,mse,1,0.05,0.9,300016,r4_mse_sigma1_lr0.05,48,ok,,0.40169549530495663,5.887483539537894,0.3861245125392265,0.11892634986208177,e9cb11c03b8ee8be5af6abdcc1d3777225768bd24abd02a539c763d257098807,34c39d8d5501347c5c7a8076aa73df0fd8faebae88bb05da13de3c574b7f25c5,091bbf97a41a41b5d0254fcefde8f5bb91176b9ad43257c58355f240d26f01bf,f8f21065454bee766a9bd6bc1b5282f457689c6a3e732a6242079ebc030afec1,0.2915533749619499,r4_mse_tuned
4,mse,1,0.05,0.9,300017,r4_mse_sigma1_lr0.05,48,ok,,0.44208404174054694,6.065867313813435,0.45049535232011395,0.13064365217283305,3c4ef79e66878b5be9a3cc390e0d91b4b1d607483a1aab1662b84f5be4a254a0,f3ec861043fbbf94cdf36e85a09f9ce95b7156b2ea7ecf03bbc1eccf865160dd,efb0fe6acb70f8d662e9264d73cfa1be136e3398b69402ad02298c4b0fcd0979,9724009b8e8c2773c41d0291feef76b2f3fe9881f6557f8cd11aff04d933ac4d,0.3788186670280993,r4_mse_tuned
4,mse,1,0.05,0.9,300018,r4_mse_sigma1_lr0.05,48,ok,,0.46838977763797773,6.103275357680483,0.40098308401860927,0.11949295903754556,1e61d1562101428c9c58975a868ed0d794029be0ae2ab5b7d5405928c87d4a13,bd933405607b33df3caa53139bebdc6aebde79ef4c90313fa0ee4b523101117d,ca730c2d35e6e9b2d4d0e91d078e5552f6064eaf9cc727faa581320936c84cab,98326f5b9144537f6b8bd069f6fbcabf74533c0c3ae407e631d73256203ec3f0,0.37661650008521974,r4_mse_tuned
4,mse,1,0.05,0.9,300019,r4_mse_sigma1_lr0.05,48,ok,,0.6199412996074822,6.2151926738085495,0.3777575519539266,0.1137050231381319,fdfd8e6a98343166e6dcd7fdd44414055adf41a5cfdff0fb23072998f90d34c2,43bde573aaca9ac4ed736014dcc914055e7ba211a6ebb9f59bd2eab92521ca4a,6e5435fcd137437881e7482b779a8d0112773ed492957caed1ccb7d41727cbf9,d59454308c9ba9db368ab2029800b36edf9dd5aeb7a83138af808314e768af2a,0.37695004197303206,r4_mse_tuned
4,mse,1,0.05,0.9,300020,r4_mse_sigma1_lr0.05,48,ok,,0.39687315672415735,5.9370944915839265,0.4013167689105315,0.11919108036642785,906ca7b0c8cf3b525f857a92fec5f7c51c7412455b4ee13098e957ea4447fc43,6ef26e9565f7a805b72693c700925b72122e52339ba7e680019adea3d69e0994,05de2884996e734b2d4984b3cf8e9d5bea0314bc6dd0f0d2400b7c77f3ad576f,bb729a1dccb22b48683b23aaefc57fb0b84cf60e02d2e5b6e80df856dc34cc5a,0.2988070420688018,r4_mse_tuned
4,mse,1,0.05,0.9,300021,r4_mse_sigma1_lr0.05,48,ok,,0.43299701962664305,6.0242117288276225,0.4165915783485865,0.12372769876953019,fa4b7bfd5394097ae05f683e9cb6bd9b7d243d63a0cd1166aa9c63dddda4bf29,592d49d03e1d329dee388d65d5e7c0c74727b081c7888f72b200a3d49a9f761a,bf95bd2924dde602b0439058a9a5d2dc0b0706ce8fa8cdd5430a9877e5010f69,a40034c5ba0c5bbf7878503dbcbaf154533f7c66ab58f291f0a308c6a3573b79,0.29902074998244643,r4_mse_tuned
4,mse,1,0.05,0.9,300022,r4_mse_sigma1_lr0.05,48,ok,,0.42704225792974027,6.165597011729462,0.42469063950735825,0.1240096667361486,01132f8d76a31fb1533df417971bebb1e16141690bd2f32439d016369638852b,0236641094670eb129ba35350d11bcad44e89884a4dbed23ad8adf5e7b47c52e,74bd4c1b78dc4ef3febdf6cd36ec12d001dc0887f32139befd996e51bb34bf69,051b83d1bd3d4eeacabd6139424f9753da1cd714f8cb4c0125083268ee7a463c,0.29767520900350064,r4_mse_tuned
4,mse,1,0.05,0.9,300023,r4_mse_sigma1_lr0.05,48,ok,,0.420664669519368,6.016054735815395,0.40300511650196363,0.11808049913507535,8569b0c8c05e42f7fd61099236414ab6ce3713f6a415fa14439fdfd258b928ba,d309ac4b205e9879f73bdfe3454618e4b2f8674023509d75c5d8e5d9c6444e79,f2c20e8ee18e4a24bfb2ea1b17e31e53f7c2555324789f943c687db677f31d6e,b9b30c02535f231571e519085ff25a4b291f7da454153b864bcd8d2d049c43f3,0.2983885830035433,r4_mse_tuned
4,mse,1,0.05,0.9,300024,r4_mse_sigma1_lr0.05,48,ok,,0.5054218620517097,6.027001173251408,0.3823139540017887,0.11545881410854018,0790780dbf8b15e4f2cdee78286694884ef6f0989269cd40dce812f11c818968,cac32651e1651a8f3598f530661e966484a5eb6d2555c9964fd8bd3dd7a87972,a10ba6f1d94beea18f8e37b26107e2a247aba7e0d0e3edc93c683197ab0d13be,4e9fb549822a58932ddd451c428f5f7d4b86adf7957eee38cc7f22244a55587f,0.30020854203030467,r4_mse_tuned
4,mse,1,0.05,0.9,300025,r4_mse_sigma1_lr0.05,48,ok,,0.41566157511166935,5.991428428075363,0.3925800528612451,0.11620369564692855,e6c0956e9a29de034cd0ea6472278f9f9e305434300df8b4e8f108cd08f26886,50ff6677861293934dc3f7a0e6bbea9c1b904b4976071959176694c02e0f577f,ebf975e58d10a21057202c8986c33de1bc32ebf374120f41cabc30841d882986,b165d542622434cc54cf3e04973278d98956f11495f7c1acd52c3384e80fe3f2,0.29629683401435614,r4_mse_tuned
4,mse,1,0.05,0.9,300026,r4_mse_sigma1_lr0.05,48,ok,,0.42282245036802524,6.035288957966995,0.43524100943195076,0.12883133879185743,8259c7252ea55af17697ec3e92fa664cfff2cc2c62b2fc54f2eea6704162cff1,3ce53c419a8d2a98d1de9e36c588e27e9bb5fe7181e80c9c70731f6462d4cb14,82deb83e05f8724114f1bdc6a69119e1317b29e5d5ac0f1c40e476fe8fd8518a,2db26dcb660caca1e5064432bac41c23f948f193940597eeae11382d9b20f89f,0.30067187501117587,r4_mse_tuned
4,mse,1,0.05,0.9,300027,r4_mse_sigma1_lr0.05,48,ok,,0.5043272991397983,6.1365250392935895,0.39820296916728787,0.12065549965768822,555f7ef7f5300d55eab90b7abc2509c6ddd5a82433086073d518b2553e5ab635,a7d852e0006855682420200c1d8bf0f5ce4d270c112bc0971781ca1840f21e60,eb5f3779f7e83bee19c192d03c36828766fae2049869ee8c360d13873b345714,25af47f40c7231480cd65664a3aab88610c63f98f06b0124e43384c146120079,0.3042414169758558,r4_mse_tuned
4,mse,1,0.05,0.9,300028,r4_mse_sigma1_lr0.05,48,ok,,0.38914371590137914,5.9287943427566265,0.43718929883804,0.1289708431572218,2c90d269abc02edd082587ca1c45ee3ffd608040bfa33037f48b60e800345af8,a6c7eca434b19ab72070f4331f4b1381a949bbc03165c5322c19b18d31fc02b2,0d69fe63c6b412c7208dcb5ae1c604db007c0b0123a00fc750fec84375e4e263,11cdd5f9f791f0a63c160f67cee9142521947b3aeefb652e82069002fd788a85,0.30130829208064824,r4_mse_tuned
4,mse,1,0.05,0.9,300029,r4_mse_sigma1_lr0.05,48,ok,,0.49726845239613476,6.163190314136776,0.3805902903182907,0.11417708709548723,eefaa70b2e4f9712c8d2fad79662c2cbf1b04130f1281468ae404c807d3d474a,1871ee4f3ec66be83578b8d08c9fe3fe9d7e22fc8fda48d8e405c13fa4ada97f,b74ae40212afd8ea4f0660da483468f2a5f6f6d7fe8096f147df2d654dca3bc3,3a358b8d310735f03d824e7998a917751fd46a67fd8688338f300ef69b96bcfd,0.2932260410161689,r4_mse_tuned
4,mse,1,0.05,0.9,300030,r4_mse_sigma1_lr0.05,48,ok,,0.46003398003496887,6.197040588898856,0.41271284176024364,0.12505199105335382,689c46954bb970719c1ccbfa862609bf50d62d91f6ddf57a68b1db613dccbd89,a56675cf7971dee4a5708aaa7631775cc4ee0dbbf031c92437f8dbf764a22761,5789ca192d7dcc0ae0a3ef4cedb55d118ea497b10a30ce0fb0c2b977dec3b14d,1f95cdf969bc6ebab11faf1eb72f5a9cf3f66cbd25b26549f5c29638153ade04,0.3005490420619026,r4_mse_tuned
4,mse,1,0.05,0.9,300031,r4_mse_sigma1_lr0.05,48,ok,,0.38830152134035156,5.886672305668602,0.4043482351809184,0.12170881878945644,caddfcb37abf3009ea99deb5316e1db13d5b0c34c98f7fcd4ecbd61674891add,db3e5c14e5fd1b464928c9903eaa0097bdefea6f9ef8c18e0c4d0f68471578e7,27753c8ac8970e1421e4a6a03fffc62d5aa8c4540183a70373f285cb278a3002,e64ba75f1b268c9636cba4f5290fe592ef3d3057c7baa1e06160605a0cf2b101,0.29735241597518325,r4_mse_tuned
4,mse,1,0.05,0.9,300032,r4_mse_sigma1_lr0.05,48,ok,,0.4686729468875218,6.002488268426742,0.3563822749102234,0.10834021157270791,0cafa4d93d49dd1f1f96e591aef2aa1a0071f194cff785af1ee2ce77d0de7756,04c9ef5c63f89d8d6e9b8a0abd0768718e42d5a04c327b4c018659155256db82,15ea293df2fff0e38860609fbc1ffdabd9aa290486352a176e14da3977419234,ba657b02da50b46a78400c2751fefdd429fdcce7e1efaf3e5b60ca383d592c9a,0.28717133309692144,r4_mse_tuned
4,mse,1,0.05,0.9,300033,r4_mse_sigma1_lr0.05,48,ok,,0.47752910337363913,6.021228031492842,0.436823910977408,0.13148399720419982,7856a8c79f49862d335530e7ecca990edcfcd44e2430b104e8e8b151686a6e47,57645ec48930a4c1e12aca637d5e92fbb621813907a9a2934b04b342047ed618,088fbd931fe961b93c28bcf607e09589b574c7e4d887f4f86bb4a764212343d5,79d77ebabe40f38235f1dd32b708b7c8c27f3944e92bd204105e84f3b2ee716b,0.2907715829787776,r4_mse_tuned
4,mse,1,0.05,0.9,300034,r4_mse_sigma1_lr0.05,48,ok,,0.39716037314243846,6.0670629568514745,0.4342860861787634,0.1259429649918414,265709a031a255d67a159004510d8ae9eb9d1243c985ab835f322589dfcaf0f1,413113ebf5837c734743bc6fac245c377f6d4d765fe16dadcebe845b6970ecc0,919947e507cef50265be52785de2363cb5a906830e10047d81c23d360fda5fd5,ffea7ddba8e8c85cf65957a684cb156595ead228c96546694d1221261dd9c5fd,0.29001783404964954,r4_mse_tuned
4,mse,1,0.05,0.9,300035,r4_mse_sigma1_lr0.05,48,ok,,0.45673891651072074,6.035983473765176,0.4157970573386561,0.12349172602958086,a7c9f8da5f053c87a9def53188cd1c7b7f13817ab7c058c3a0e9a596c18599c1,11b8d6a0d4a74720af43b2d3caaba1e6a3f04e87c01ee83efe4d105817f577be,4b734a4f34491b2deefd6a3bf2812ba2af993350b3b2c933d7e24b5fa3a6e6df,68051a71cf9f91909b3423a6f2ea1034a4a8420cfa5b9f4d864e108439b90c21,0.2864888330223039,r4_mse_tuned
4,mse,1,0.05,0.9,300036,r4_mse_sigma1_lr0.05,48,ok,,0.39945328348696657,6.089589201618749,0.42743598815672873,0.12566618051807826,22e590454277a117e664fa941ea99ad8f30ebedeb9c6b160f358ccfe31a4ec13,4a1b30cf27c2d621e06e2bfd1f031cfb01554bf0205e819cf31f51918f94ce7d,3d283e9d0a16c32a0ad4216192433dadc41646dc69c85743fe9d39749fc79ea7,ae8052f88e2a1ff059fd1463a7e2907d6833f6ae444782c86276d71d247558b4,0.2879944590386003,r4_mse_tuned
4,mse,1,0.05,0.9,300037,r4_mse_sigma1_lr0.05,48,ok,,0.39447097648256835,6.123966168177016,0.4371023734748025,0.1236999716933691,f0968699341ec1620fba5f45cc467b965fd0a832614c2f270113853125578534,ca4f3809d1420c32523738a8167122c75bc9dcffdd8c533cc422527ec8511726,75712c62280eb15659b65154bf98822c2427a9ffb2fcf1e0b4595821a42be079,08a4fbf01b8e73ad79abf810f711d2b1540d7dcbdf79fb913bf9a9c358577885,0.28363641595933586,r4_mse_tuned
4,mse,1,0.05,0.9,300038,r4_mse_sigma1_lr0.05,48,ok,,0.5178385965603691,6.10737177846966,0.37435552704047287,0.11268101363918234,aff3f60d957ad1bd6b8c2456f9ee3a6386b8d361ecaa85f54ae4f6bfbddbe902,0d3833058011035bd683ea656900b18bdfa928d26ea9f2045a93b3f0902d7d95,6eb2ce209e17cc8dd96d26ff534bfd5ee2ade815b21acd43e4b818b4e62d7931,d5a0668cd46f52efa45e2db01f2e9034bd339c1691a7edcc6de72d879173c9cb,0.2843752499902621,r4_mse_tuned
4,mse,1,0.05,0.9,300039,r4_mse_sigma1_lr0.05,48,ok,,0.6845003556407785,6.255763749280565,0.3920889314176775,0.1113532565226204,4bf06104aa241b940a7daf009513d821bb13b8169b7d99bebfc074a6df500c2d,d8907a883af4e8a955b74b01aee12100811c29821c76d51119f417e1dd3d9766,2e287c46a5ee79e02dacc80ffbb96bc6e0cf49d8180c848b65b73e01c6deb48d,878cc88be3cf15e15c61e453d3f7f57651c58846d6b83b40cc562899ace5c865,0.28586416703183204,r4_mse_tuned
4,mse,1,0.05,0.9,300040,r4_mse_sigma1_lr0.05,48,ok,,0.6690242183360956,6.188077897328532,0.3538869133750806,0.10651996092589927,79798a2e527fb88ab17da97fc950bc934e74d76207867b2377edfac289c7ce06,6b14f0355647f998c5a55c0c33416830f720e50e7f81ac5277dd002a135a6761,d1608375cc87fdb19f69945a74a45db4f63b973f9be7875c9df37c6a1477ad6a,8a9889da577809101d1da4054889200ceb834d2ea556ecab541e4a3130c34fbb,0.28845320804975927,r4_mse_tuned
4,mse,1,0.05,0.9,300041,r4_mse_sigma1_lr0.05,48,ok,,0.5361516614441821,6.206425677910368,0.37008294694121885,0.11176504997624809,46829aa78c5762a9ceb54ca8863f3480de6482517bfd1e43afb0bf0bd89ee10f,5fe2e72c346db70edb03802941639391b013a95df940dd11e187db63f3e31d41,0e267490f3c2c6671d58182e56c81e30e7d4458c8378e45d6923268c70c8ee71,d84a857e5ab59175d5e7985c4cdff0a47a69e6d3ce1802bbd18120b4c9228bff,0.2854689579689875,r4_mse_tuned
4,mse,1,0.05,0.9,300042,r4_mse_sigma1_lr0.05,48,ok,,0.4944199793902798,6.140972305350378,0.3863657591215725,0.11281880166349917,d1de4d8d5d0089d4d77b163b6384abdb2b66b12058825b0360411bcaac5ee92d,c96616c67560f50dd3cebed2c47ab6cb33774c80774dc35950ae0077ea90dce9,18fdae4f8db78a816d832e20d58b97c1de48bc6f7f88ed6646696914c14ff600,19a2fd05c33ce0d897055a7778152621dabeaa7d46aaf954b6a7fabe8a559371,0.29070437501650304,r4_mse_tuned
4,mse,1,0.05,0.9,300043,r4_mse_sigma1_lr0.05,48,ok,,0.3996803492477099,6.057006882971538,0.41504270448878217,0.11953229889276926,ef8e7bd25984576db7218ca16ec08bd0e975634b20df074f8af7de4fe7fbda55,53f7262f5cd4d611f0f38b893d60ff604847d5eca0ebf2e1a7e1e98ef996a655,5afec502bc786f658fea952918111d939cf155e9ace7e1baf206082f4330b544,5f3a35a6e044f5f6957cbc4130cbc46ce3eb3361c88250560e2d0255a1c767f0,0.28904295805841684,r4_mse_tuned
4,mse,1,0.05,0.9,300044,r4_mse_sigma1_lr0.05,48,ok,,0.42849825250117657,6.04163361937764,0.4073758480971582,0.12547176121392473,ea06d8f954be15f088b6b90d0574b59f97197659e1302f3a9a0fcf4587fe8a2e,b404b0e35919d04ba7b0a4787f4141bc945414ba3d55c84d25c5d179efb132dd,76a391884e2449bbf468c169e23aba86e65dba0887fe467417e273025fbfb544,8c87c50359cd8c501334181563a48b3be365d3ab1b1e928de0d88a5d04796ec5,0.28317450010217726,r4_mse_tuned
4,mse,1,0.05,0.9,300045,r4_mse_sigma1_lr0.05,48,ok,,0.45105851915542383,6.120712401508996,0.3968859702297409,0.11668447524754383,2bd910b6630755e770f64ec326f47885a46e28caa1cfb2ece9898be6c52254a0,0d407ec9546bde5c8283677841f884df398b4edf2732dcb0e9dd9b8da082f3fc,9538d1aa342c73294ce7b8156249c51a2b6f1621d64fb424dfecd9f78b6f2f77,9fdc1d00558653c64d7412739a2434a709707fa1fb03ab3e41a09ba3ce4c6e23,0.28554720792453736,r4_mse_tuned
4,mse,1,0.05,0.9,300046,r4_mse_sigma1_lr0.05,48,ok,,0.4264945665507345,6.0990296525726375,0.3992361607415336,0.1201700843832016,d5da4b35bdadfc27dd3908a7c92fc60c1ff033f7604349db35b46f48f15ce767,ff0c44f2c421e6eceb92495760ec4e53e943b09896522d93659840e35221af7b,d8f6d6f1afc684e3dc00c91c7608f064ae403613fd581aaccfced30090bbc48f,e26525bb2701f2abcfb8a705d8efb1e7c52a6458e8b40081eb1f45c142aa1d26,0.28272220795042813,r4_mse_tuned
4,mse,1,0.05,0.9,300047,r4_mse_sigma1_lr0.05,48,ok,,0.4665152568832402,6.05903673152625,0.3971960618118669,0.1211447988526194,ba80f6c2328d41463530a291329dc92669415ea45bc43bd361aa88ed368fe2cf,f19e3d15b50f8f8cce7c1ecf8cd85899aea4f5e9b0c50a8617fe9a8f75ab8daf,8f9190dfcd25099a9bd08935982c4c690e3ee10987b5f62e817214f0f6baca7c,022e58a595ba34dfbf2178cc836178fce7289cdab4cdab6afba13ba25ecb0490,0.2846842498984188,r4_mse_tuned
4,mse,1,0.05,0.9,300048,r4_mse_sigma1_lr0.05,48,ok,,0.38341024331888596,6.0028476631593986,0.4580870246923722,0.13605184633363457,2cebda7b822c6ea3ea437354fbbb1e7ca35303cc1db6c1d50b269ae1ad585e6c,b04449e3feda4928d4221f04eb43121fb8b890df6ce8d3100a7497b322c3cde5,e28d5233540073bd29e4381f76f6ce8906d3a61ffc8d3ea5ea1f9225f537abca,58c99d9e2364480fb2ac49bd7885d8fbe2513d9b97f1a38a1f83c63ec2a1811b,0.2904219590127468,r4_mse_tuned
4,mse,1,0.05,0.9,300049,r4_mse_sigma1_lr0.05,48,ok,,0.550752119769656,6.235500895376293,0.3761394921407488,0.11359412662650614,4dda00783c3e9dbc89186954d10259bfe245724c40f8919bf579a059889831b9,800ad9b5f0a3eabf05aa8276d0c4ca8cd2b65ace12abe3fcbd9065b9bc20280f,904e474c55bb7cc6796f3eea4a2496a8682f17a2a1ae5fdd368670b873a431ee,a40eef957408593caf4ff444de54ef6646a36d02b81317cfd7b59b51cee1df67,0.29487220803275704,r4_mse_tuned
4,mse,1,0.05,0.9,300050,r4_mse_sigma1_lr0.05,48,ok,,0.6222787786896475,6.272127701331841,0.36768386646500356,0.11030515993950106,390f2b6ed4c28899f7489d28d61acd3ab3dac981995fc19428cbf72154196d5e,0937bba965de3b29400cb0316413f15a6327a16e51075e2bd85761227b696178,c5fe3ea8d86c7d0cdf0b96e9f6235438cf1377b9e77bc169160e4547b5bc5dcd,8c70401111899cd86158a69155f41f3d2cc1bc9741738c5101b49debc353b82e,0.29559729201719165,r4_mse_tuned
4,mse,1,0.05,0.9,300051,r4_mse_sigma1_lr0.05,48,ok,,0.6011097764788664,6.282064793626606,0.4160853610919166,0.12191301079993155,40bd3fc16e77f7f16b4a4180dd17723bd6a874c87a2ba15961fb2d1de37f22be,3e8a74a0dae522d0d97418de854467a0d05ddd3958b9920af2b9026372da8f5e,c6ec9958d28f0d09e0034619da29818b6a30848631144d857349f34eed7b45ac,b32f0d5b98c5cd5c1f4e23900a43aa9248c9bc3c8231a2bad2410abc0b836763,0.300048999954015,r4_mse_tuned
4,mse,1,0.05,0.9,300052,r4_mse_sigma1_lr0.05,48,ok,,0.4067001087648784,6.042042201641545,0.4157329649367779,0.12139402576153915,7ac760f36d6a12efcf52e8294de109c9d9887444b5e5cd9434e0ccb624564774,7295e148730692031f359fdf837044caacb2ebca1b6665c815a15a29ce443773,2965faa7bba695af7c477181057c12a109834695e8be9f938bbc4c6106d3e450,6af7130154ff5c5b09b05faf1e2b3143dba384236bb13885681b72c109eead00,0.30079079198185354,r4_mse_tuned
4,mse,1,0.05,0.9,300053,r4_mse_sigma1_lr0.05,48,ok,,0.5586444350349766,6.222130476623075,0.36072232836591545,0.1074952538530428,07dd12f5b5c72d4ce65bff27a2ad311d79b21736ffc2b258c075480649ce387b,d9852a48342447f1e59125dfb75c6b8b13de5a1031a1a2f49fcfcb34ff893dd1,3fbf12a2335c685760c9a7da04f357e930d2a6c8cec0a3f7cf99812fb31f631c,0941e4bcf8b6dac91b99bbdcbffdf6bc4e8547e661afedd386b091e8eaa5f4da,0.30578787496779114,r4_mse_tuned
4,mse,1,0.05,0.9,300054,r4_mse_sigma1_lr0.05,48,ok,,0.5118262924639517,6.193755850080035,0.36953940140726926,0.11270951742921713,30dd86d095ec5d698c4e2c00c27bec4505fe1de45ca78a4c77bfdaf9a1ff2a4b,88556dbeea38b9e3f76af13cabc3a013f5842a42df9d64f8a2f8711bde460ef8,cda9ec4b58a395c6a63f62bff10349053f88ef6e368023afcc6ebfa55af13ce1,243fb1a8692936fe9f9c2ca7e7ea7c0666023c971460ac892b567f5f106a5a34,0.3043450830737129,r4_mse_tuned
4,mse,1,0.05,0.9,300055,r4_mse_sigma1_lr0.05,48,ok,,0.6342212517876438,6.341532369193514,0.40551083729251813,0.12368080537421802,08251a850e5eaaf3bc0db7235541dd9880d2de7b33498b9b1ffabbcc6a82e031,16103b6a02a3e8dfca8c66e03d66f1b0e1227382f6ee949182c74ddd9c1d66d2,81c8bda5ef9bc415f4dd332a7d7160df8ca6fe0c33eba04eaa5362374ed9aa6a,07ff11d32ffd0466c9c978da1ec2155293f3c91c24c4078e80b3184801a53486,0.30131570901721716,r4_mse_tuned
4,mse,1,0.05,0.9,300056,r4_mse_sigma1_lr0.05,48,ok,,0.40237206673769854,6.001771370838405,0.384547705967345,0.11690250261407287,d3ed01aff926b25fcd5ab72720d1b1d98d64c483df418e299d719ddb69984290,28a8d7c637b0fe9a248ae3d50677aa2d4ae5a6c7369f00f0a65b37272e587765,8a1fecd0c5a7c6fa04d9e96767d5ecfa425560663737bd394f05de14b2ba34f0,ebc8a26d7765dac5c8d6bb293d52a02fe55f390c52cd248dfee0a4c1cdd89cf3,0.2921680830186233,r4_mse_tuned
4,mse,1,0.05,0.9,300057,r4_mse_sigma1_lr0.05,48,ok,,0.34856500255852013,5.958463032308941,0.4448280873208891,0.13344842619626673,46b86bb023c8eefe512ae0b282cadf490362356ee2bae4f1177511af1d02223d,23efabe96dacd7a930475e0fbfddeb62fc5649c0a94c45d1506afc56e10053df,bb23dcf2c612d453f8410d01d30d51fc1527c438111a3a75d31e45d652f2f144,a421b35182d31f573411c8b6c36082eaff5083d20c68233c3919da54df157042,0.28421454201452434,r4_mse_tuned
4,mse,1,0.05,0.9,300058,r4_mse_sigma1_lr0.05,48,ok,,0.44425680832775205,6.08796367667726,0.446524341186751,0.13261772933246505,be54da548939eb34c198c5b8af39c6b40768c19f8c0894ee69a24207b6b465e4,e56069914c786018770bce1a7522f77d4bddd47cb0cd7f780c1e90b386a09398,cf4c30f082660d6bcf3536c74f01f5f8606a35c577bf75008cb820343fdcc813,260997a24a747f3a3d271f1eb472d98291eb7e54c632c76fa6a69673dbf936a5,0.2860865829279646,r4_mse_tuned
4,mse,1,0.05,0.9,300059,r4_mse_sigma1_lr0.05,48,ok,,0.3185990152080398,5.8506581653643055,0.47222832401057846,0.1407240405551524,86975954ea25afa24d148cd0d80a4f12817f3bdbe7943fd11114ef1e5512ca2e,ac92c365f27d645f30db1d16e6504134289e056b66e3d0432559610015e7b01f,0caf4c321e7cb267025c11ad1893409ed242aaed18430ccb82e8fb877a03a71a,075dba1554cec97f5cd1f7c421208f111b461706fe8f267cf93807fb1f1672f3,0.3096192500088364,r4_mse_tuned
4,mse,1,0.05,0.9,300060,r4_mse_sigma1_lr0.05,48,ok,,0.44019641799552944,6.0833437680349665,0.4147203481590849,0.1231719434032482,ef3dfa0dcce3266b8e64b5185906508ef9724df33f314b80d6e605d6a76f6e29,85f9e8162e8403ef1422e75acbbcb246cea4fcfcbf305c2aaefe1134d59965ef,149a9709d9e042067aeffabca69706e3f35b4871483d6b058215047a570b561e,50f11d2394cfbcdd08d2a43b9373ff90866b62bc510f2985db546efc5389d188,0.31088195799384266,r4_mse_tuned
4,mse,1,0.05,0.9,300061,r4_mse_sigma1_lr0.05,48,ok,,0.4755258204224608,6.044686523827453,0.4325519147096519,0.1276028148393473,cebafe01e6af0ee95f79d83a58cf7c3e9005f4eac4718eaed5302c26f67536a5,a034bb4db5a0ed251a7830b45b049184cd6466ad4c690b2da4604f786ad3f27f,aa0b4cb9a4aed22558dcd9ab4ad6708290363b9f202dffb828767aeaaf149956,5e3e7348d088df5fd04246c92ec455e65fa0bc43ea3f055dd47a5a5519555a28,0.31029499997384846,r4_mse_tuned
4,mse,1,0.05,0.9,300062,r4_mse_sigma1_lr0.05,48,ok,,0.45794916366870264,6.00432845169247,0.3725568240563895,0.11474750180936798,b31435f2845f9ffe580f90ef95b59358e3d48dd35beec15b8d9a352d33daa705,d7eb8769059fabae7482833a3bdb6411efc7b8bbc9dad9030069e8fb4af0376d,8c494eebeb1dd11901cd552131d93113493560c93686142d2ef6a0cf63718a04,9a96ff3456faf89f4c027430ab98653284e5878d2f7dd491e44f6f98ed7ed418,0.29264033399522305,r4_mse_tuned
4,mse,1,0.05,0.9,300063,r4_mse_sigma1_lr0.05,48,ok,,0.4614526426687521,6.063332503371652,0.38654953391459407,0.1109397162334885,d6d2c5ebe7f763691e03746a41367e5be0344eaf5fdc66167695a8638bc42d03,443b43e8d82c93a9b6859f49bc9c1384d25cbd44a30cdd875c6562dd650ff6ff,63a49ca139966fd117cb0d1574a6c653f891c0d5bb380ecbfb748887372c093a,d0b2213276ad94ecff955a5648887bc303ec3bb06ff8d3d44fcadb7e1c6085bc,0.2977536659454927,r4_mse_tuned
4,mse,1,0.05,0.9,300064,r4_mse_sigma1_lr0.05,48,ok,,0.4588154799579422,6.089065063552635,0.4429654871472125,0.1306748187084277,a2279af607d348c7eb3e3b3dc6d4045842a3e1c8cd56db71ed3c33fdd34d83ba,2d4cb5b9640c9fd1a8540366892d9096ce2ffb3b0448e9de439604e97fc81b00,a60d6ff3c236c74883f3d56d9513fe6b82356d9569548a0f505587ce60f15124,f2d639dbcdd30ab01a0ad5c487f820a2a6bcef407845c69280225c3dae1870aa,0.2973128749290481,r4_mse_tuned
4,mse,1,0.05,0.9,300065,r4_mse_sigma1_lr0.05,48,ok,,0.5528098212470507,5.99092528217922,0.3696310506790562,0.11273747045711215,1cfb2f28eb8cc948dd0f1611cb56cb4e6560995412560e94f6b63dae98e6ad18,5880d14001810cdd467dad4ebafe5b0d6e501f3f570a4df3600f1534c2b7616a,83a063c9facca304555c6b75864aa3c0435015950dd2be247def8e20db5f93f2,4587a7e189d4014f1482b9f45620188328ff730f481c70c4f8d062e580f39fe4,0.2959018329856917,r4_mse_tuned
4,mse,1,0.05,0.9,300066,r4_mse_sigma1_lr0.05,48,ok,,0.386974300321949,6.030079263762675,0.4088785440778683,0.11939253487073753,708269c9fbc27a8cde579e683a6367880c14143b935f4908ad90b01362b99244,6549ca8b41b89433ed9700fa8e4e609e210451b9c7ebfbe6f1edff98e603ef32,12734b4ddd70be818e51b8789118d4874bd123c61546d70ac001d22e1c307a87,2a7950af73fef88311e9744b69ca4481f639e37d01bda603681566cc771abe44,0.29448262497317046,r4_mse_tuned
4,mse,1,0.05,0.9,300067,r4_mse_sigma1_lr0.05,48,ok,,0.4940152734671075,6.1383290489044375,0.37690687721323246,0.11307206316396973,081f0a8188505511354ed61a498396ca9f725e574fcce6253e57e031ed00a1a6,e1589b617124f4cb79e463a004e07e664bcf84d0d57ca0ccfcc221cb90bd6916,4f1d3d78a800b087a806b58eaeb48b3137b97b5aaf06c8d22e51da8fbf7d08da,0c3464a08ae19d8aa7cd317bc7496343a57327e3f9e26e93d01a721337cab0a3,0.29116095800418407,r4_mse_tuned
4,mse,1,0.05,0.9,300068,r4_mse_sigma1_lr0.05,48,ok,,0.4210510173604207,6.060285465069308,0.3854410162569917,0.11717406894212547,0bab71e6eca3d3074b94363a2595e397768bf164f5737259b49028335278c69f,2352320ecc2428f76669b117992f88aa230efa0f74713ebf4f0d5ba8b32e0b81,5fca900f4af2e535b7898aeb9242c9b7621f4a6aa072cfcadb2f16fc974460b5,8306a9578dae706cb633624ac8bd8eca7ab84fb24c42a779ae7ac506f8858288,0.2847655840450898,r4_mse_tuned
4,mse,1,0.05,0.9,300069,r4_mse_sigma1_lr0.05,48,ok,,0.42084343006801916,6.096605711590346,0.40400353782537923,0.12120106134761377,6174d2c5d4074cd59901346d33d990e3b06dd344d19303a5a61f4f4ab30feb69,13ddf607a526199525f36e82d6ec66fb92b3b4a84d3eab35ac1e71aa897d1d52,bf337414c9d11ba76dc5a02e23a98ae70595c30adafa2ef439346f5c9dc669eb,96b7dd580c293454a0b37a87c00510ad621aa87a9788bedbea35fe87f4db7d5b,0.2874847080092877,r4_mse_tuned
4,mse,1,0.05,0.9,300070,r4_mse_sigma1_lr0.05,48,ok,,0.47242360571068287,6.008930424738524,0.4000566518562296,0.12121716551243757,f634cc4e2d1c13934fed7a89e1dc9feab288a32e837cb405f0cb855949395708,ccdff70c19143dba1653dcbb3dbbffabc6f7f1c013b1dfb8a1e39a9aee3a3577,f552c7a0e43e097228a54293029eb471f79082e8eb80ba9538c3da13a469b216,9b1c75240905c89ca2a3a280260b215d1f67ac31cb5e11f0ba26ce764af42361,0.2849370000185445,r4_mse_tuned
4,mse,1,0.05,0.9,300071,r4_mse_sigma1_lr0.05,48,ok,,0.40422733286816126,5.9375242022151085,0.43655973189661607,0.129658240373295,a7a631ebdc901b6d1afebc5883b03deed2af77787993e7c43d983c2bd7ba4001,7a9ef81ad7224233cc5cb38b965598d9364349ed4072919e19c10e80bacca046,876f2196277e5cde99e423ccc7b42337a92cc2198a9d570dd61f1bbd1f1010b4,81f1726bfa44720bc4e45555bc97ed473fd6cd11bbaeaf2eab3dd91c4065d07b,0.3255669589852914,r4_mse_tuned
4,mse,1,0.05,0.9,300072,r4_mse_sigma1_lr0.05,48,ok,,0.3911282885876838,6.043898241181812,0.4275306058786173,0.1261215287341921,29476ceb6b9c7bc9a00c948025fe869f227afb88b4f615b258137802f2c3d508,d2f5e742631b619a124a6e2d35a067c5b263572690ea3f3a50c8fe4ba810e605,1872fbf5145f1eec068cf1358d435b547bc62e827e7c7d79965a30d5a5568465,75a8be1f0d62dda43e04511121b10c02ed818fc40490753eb5f74e067c98ea1f,0.3229694999754429,r4_mse_tuned
4,mse,1,0.05,0.9,300073,r4_mse_sigma1_lr0.05,48,ok,,0.5956034974380371,6.010740044272858,0.3464171437270445,0.10288589168693223,94d96421ca2c1b509b027b228ac8292f226d27321b9fe81c04af907c5f10cfcf,ea343b04223be8eb207fe79b900dad6f48ebc9d78b3bd560a6b589d849c18632,752ca235734d3463072b13371e8c282a8ccbe3ad478d2ae30596d2216f4dd0de,671f6661315a213caa7e471a66b39642a88467da54ee46efc7489642ec45a5c2,0.32460858405102044,r4_mse_tuned
4,mse,1,0.05,0.9,300074,r4_mse_sigma1_lr0.05,48,ok,,0.43860362314602297,6.146369713600436,0.3724889435853266,0.11249166096276864,f2250eae7e757ccf0386e915268746609495ba31fce4b4abc9a865ab6e47686a,5ac414598748c0d70db4857128449cbde5756407a395d592f1e8f0d8bf4b5c79,a9c65b94a045c2b4bf1ac6b6edb461830ba947144a38ecba2ca3688c8c195454,31264aa5764ca74fa8d3c8bd948641640ff1f0ca9c8c0fc5f3c74138e662e904,0.2864744591061026,r4_mse_tuned
4,mse,1,0.05,0.9,300075,r4_mse_sigma1_lr0.05,48,ok,,0.42696103585854034,5.9964783759855145,0.41141727471691536,0.12342518241507462,7dec063783091bc2e04a4042c3c3773b5ade267b870931cdc8039fa0219f28b1,a25c1eb5d376fa0b58834737109ce6926d29c8f0a8076020763734df14b91a56,94c6b91a40a456b38721bb29354accf167b73d0201a36ce3b775ca2c4f200c9e,9b32b6f3805fcea1b340dcdffa5f1b514caef41198a9d165ed14078f5911187d,0.2893841250333935,r4_mse_tuned
4,mse,1,0.05,0.9,300076,r4_mse_sigma1_lr0.05,48,ok,,0.34018984800658325,6.000429940196669,0.4539752444523806,0.131198845646738,874f36301d93b1a5bcbfe168684f14c2ae66efa60b0bc3f6963cb38d49893ab2,a30bb8ba2fa3f25d8d30198f6baa7b531b0290bf636c95bff3cdf4e85021d3e3,9bca2722503dca0447458a57d72ca9adfe0eeffa2c3c4751439aabc4fad54970,097885ed26dcdbe5c333ac78390fa03c9d0cc7521e34b5dd46745d5ec2417038,0.285207667038776,r4_mse_tuned
4,mse,1,0.05,0.9,300077,r4_mse_sigma1_lr0.05,48,ok,,0.41859423572852006,6.029138884656102,0.4292295039968527,0.13048576921504323,ae4b1717c7ab36a8bf739e3c3e609f149fdff4c16f64795219832d1bdbe563af,01468e53e4630aac84262b5039324698644a6a60b78851a2244d2d5ca7d5cb3b,2543a65e9e18fca475db28b8fe7d59bf15081a2094af5308df91e95107ff36db,3085d077f0525e6cb41fe37b9faf3f52d156fb6b1c247edd21c12f6eb9ec5a8e,0.28853708296082914,r4_mse_tuned
4,mse,1,0.05,0.9,300078,r4_mse_sigma1_lr0.05,48,ok,,0.5558616320388112,6.1883569907719655,0.37684253062825535,0.11267591665784835,fc507e05a21f23918e50d7f9083a51ab150f87ca134cd0efd7c9b54191cb9adb,7b9ca0f5a4d48af552fac2e70ed042c3545b15fb9af1361947503fc8f8c0cadf,fa79f3ce7dad074acaf5d472de579cc8c943f5d342852e257b5d734bd50acd0b,35f74a2aec026e5dbc41c55db2b7bf59a50bfb59387739b36af2d10a88ca9a85,0.2939454580191523,r4_mse_tuned
4,mse,1,0.05,0.9,300079,r4_mse_sigma1_lr0.05,48,ok,,0.4697003596132342,6.214502025620454,0.4140277623891747,0.1275205508158658,99e3cfde53d3779687e41c4889b2c25c000b0fcd2df380100446ba8715eb8ec8,671c1c32f5796c76ffd63fa2ee7f179f0b0fbb4e4d0a1e393c4129332e01d5a6,103845b6b6dcd45a3e2573962843f6fa7cfbbc5ce75609cf515090f94e9930ee,dd87ebb6ba3a9e06534a6d4da6a4d54fca0f1a912d1b81ce3d96241c5c22aaa5,0.29685741593129933,r4_mse_tuned
4,mse,1,0.05,0.9,300080,r4_mse_sigma1_lr0.05,48,ok,,0.4846328943994581,6.130822581447052,0.39581682335126717,0.11755759653532635,0e3d960b755d50f9638f138ca006e5501b07ca00e96338156fe514e01912fc98,1cbfac2f19d4c0ebeb40fc9e4eb17765a40b7e9b64b7903e8debdd4f6b207474,da3d1a1f09ca204a2c60964a4ecdb1d53cc4e7f16147526f73127eddf8125398,a56e0ae745d605d072ab5b27b7dc92f9c8e2297f48d784b26a96bbf34a748590,0.2947291670134291,r4_mse_tuned
4,mse,1,0.05,0.9,300081,r4_mse_sigma1_lr0.05,48,ok,,0.4658454729093603,6.111531686887993,0.4234743680854108,0.12831273352987946,ba2f638e3dea8ab3bc59b28079c678391c132e83fd9186ea1da00b1add31d0c8,1a216ec3f73d111315128ec3ea4d639c9921edf923f3131c1bf95862d334f31a,747c89f42a8cff10b2b1c386c4bea876ff098886db062cf9613b0dc5b8eb5389,1d46b33faf950dc0d33b1996e35178b7a4e240ddde3144548917a67e97129adc,0.31077395798638463,r4_mse_tuned
4,mse,1,0.05,0.9,300082,r4_mse_sigma1_lr0.05,48,ok,,0.3393011417617308,5.971990562094069,0.41932580150441,0.12453976304680976,6c99cdadc1611e488d48953877d470202aead6ee43dd801e550e79a6bd0e922d,7d0c04aaf56cf065cabc2f4d8c5c616d73547978bc744188c58727f7bfc38976,b7b5c9fd0cf22301729296585af7b035c571bcdd023094e999ab9f2ae5ba1802,7ab4ccaae5a12f0e9424205d2b0cbc0e0727e0e24dedb6a3b00ce766066905e8,0.3073117920430377,r4_mse_tuned
4,mse,1,0.05,0.9,300083,r4_mse_sigma1_lr0.05,48,ok,,0.419665575846199,6.065877541465911,0.42849502131883105,0.12597753626773633,fb2734f5bab358e14e01f2c8e72617ccdbaab144d7802f2c8c60ee7f1e3ed644,84c7e32ae9100532c76001d8d1c47683e020e8e4c9c3cdbd4666f567820d7dfc,84a168f2479dfb207e71f1679166fd40135f71d843dac3ecee172b73ab3d4917,c5dab01dba69e80bb53bfe408a2c80752bac9426e230c06520a5c5395b75d439,0.3212102500256151,r4_mse_tuned
4,mse,1,0.05,0.9,300084,r4_mse_sigma1_lr0.05,48,ok,,0.5555628010900963,6.207706771314186,0.38412161772829734,0.1148523637007609,307f937ba084b91de860668af0fb0f69372364bb6ce4fcef6c017c30674f17bb,1cb069d54206b5c7c80fcb7a9417feaf0b8aec9e6bba2eabacd8a44cb5aed089,671b6525c3c6d4fa7a8338132fd3e8e5103d874287bd63b35cdb73823c953f61,cb7757da0040dae66b3851bf01cbd32a5f73a2d295b6b5dcf3c71225a7ff1a54,0.3067061249166727,r4_mse_tuned
4,mse,1,0.05,0.9,300085,r4_mse_sigma1_lr0.05,48,ok,,0.4478714747344577,6.102473671906123,0.3947021536609706,0.1180159439446302,b7bda8f1c6157533107318b4929256d5284403e4f9593ef909e880530d05bec6,8f4efd48e45a79dd017a1d7a311edb86e9da535faee03ae1a88e4a1c9590a97c,b9a1c30619753b609087d31c5f6bbd603a3013b6cb1492207a95405ca28c6ba7,2985faed283d3fb4976e30dee9f53f19456efa04046e933fc44d9c50ed71765c,0.30590516701340675,r4_mse_tuned
4,mse,1,0.05,0.9,300086,r4_mse_sigma1_lr0.05,48,ok,,0.5651104884323408,6.0701591073295145,0.3915287893163492,0.1194162807414865,7dca81a4c91012a56cee488c1a773d6401a3ad74b9a9405b00de27a2cba11f3c,e0324572697d072a56ed3c04da591c40f89f4e8378187195dcece0e344b2e000,4d97813142dcf97c8a611299a9659fdf6788ab740cc16dbd926646e34b916163,1d9ea2c81dbf028085368d157926eaf41b634595ac835a23216f130ac3180bde,0.2935617920011282,r4_mse_tuned
4,mse,1,0.05,0.9,300087,r4_mse_sigma1_lr0.05,48,ok,,0.6229735397243841,6.243661633119782,0.3619475842672106,0.10894622286443038,2cd875bdde423eb1353f1213770192b7df8bd876d40fb1aa71d29f9f56f00fee,5e9e38ede140f2d6f39e4d2630dbf7e98417d17a2d266b77b6dce2135af70253,e99e84ed987c73be34374c130effae2df712f150cf0634b138095223bdda706f,24bf51773204308c461626ad95af3fce0ddb755b5bd71b9cb6dea1688d17741e,0.28928187501151115,r4_mse_tuned
4,mse,1,0.05,0.9,300088,r4_mse_sigma1_lr0.05,48,ok,,0.3789853308218013,5.956993461407856,0.4229222238940364,0.1243391338248467,0030bf09b7aae09d5ca485e801a912df314636550145ceef5f18ad2202a69b51,ed7150770cccc71995eec6416e5eb8942b5187c46bb88744c3cce6ecfecca45e,7fc251d0bbd15bc04ad54aade468bb2f50ebbc58967bc4b87ca13e7729559fb4,26220a9ef25201ac9cd8e209a13b113fd2b0a2cc842231632892201b621a8471,0.2898387089371681,r4_mse_tuned
4,mse,1,0.05,0.9,300089,r4_mse_sigma1_lr0.05,48,ok,,0.4599374914048498,6.024137226617966,0.43600386048165096,0.12469710409775217,c661e54b95aa168b9588f9db764694b9637b19b067f1ce1ef87d834330b73929,60508639f832531b067f6ff4a1f52ad903eb5f468fd6de942af85d30e535bba0,367cf5b38b737aff08538fabfb5d92013302eb31e5ffc55820e034fb66218dd1,a32b8f612c0ced2a055c3cbb23df4cfdf149d439b46d9e6986a959ac94d2af03,0.28907520801294595,r4_mse_tuned
4,mse,1,0.05,0.9,300090,r4_mse_sigma1_lr0.05,48,ok,,0.4167841136367545,6.135281305350153,0.41829746467522116,0.12381604954386546,98cd9fd3f5a0edc83a0ad4fddaa12ced64d760278d475564fff1f1c5dd73e084,eb3f6b474d6816be6628e288f25ada76b0f7d91970b57b91c195cb1a75bdfeb0,746ba07d9794f8e0cb9ca0a9c10dfefaf2539e7b86fd26098f849a4cc53acdfe,29a7382a757de5535dcc3ff17f76f8c6456da800d1ab1610b48c9f22c2031b94,0.28590250003617257,r4_mse_tuned
4,mse,1,0.05,0.9,300091,r4_mse_sigma1_lr0.05,48,ok,,0.4751531862948536,6.115752506388498,0.40324308159575006,0.11895670907074628,3ccc764800bf27bb75e2094ea8a123146ca3bde83ec7563c79a484f44610fafe,6d41cf29ae36d582d46a36d3d13ff7bf618a41b289a91760c47e508267a1e2bc,a533eaee2259cdb82e3899fbcbdc35924f90124e0f737799c83e5cd1f63080ce,1e23f47d188e9fa81881e0581cac6443ca8f50f94b317019fd799e691b8d4bc5,0.28618399996776134,r4_mse_tuned
4,mse,1,0.05,0.9,300092,r4_mse_sigma1_lr0.05,48,ok,,0.4053815277481203,5.974483498826255,0.3861407881989586,0.11545609567148861,ba3787eb400695bd780a7f47c9aac7da4c6b2a214e9244efbf6a555d261b6db2,312c1762699384512ffe8b45d038321bb9111baf907d3b4d299e58986f587df8,fd3c1426e8cb4d011029761ace4b2b96b21d202d5b4281e0857ff9e7624373d0,3bf7ca65170650dd2d417813b53dcabd04992fe25b766b8843e603f9b9f2617b,0.2947146659716964,r4_mse_tuned
4,mse,1,0.05,0.9,300093,r4_mse_sigma1_lr0.05,48,ok,,0.48136778900405347,6.101975215093617,0.395427687881837,0.1206054448039603,a7c87e334d754c35efcb9e12ce12b8d5ba21cb97c762ce1c5240cb2fd48ba9c4,3cc8f5d36dcc8109c4741d577771dc446ba604413af58962bdcbf19baf2f0dc8,8873170ca64ff40ac0d386fedcb06dea50b9c190273133b53533f8a039b33e53,0959c0cdf54e6eba8b61ac832f8e085a0a55226f5f4b96e335030786cc6ff10d,0.2914836669806391,r4_mse_tuned
4,mse,1,0.05,0.9,300094,r4_mse_sigma1_lr0.05,48,ok,,0.43862594892754636,6.041067648892029,0.4211221401163795,0.12507327561456472,fe0cb28c5e5207e0eb8d04b69d0a192adcc44035ebebbf0a71afe93c9c1de479,0cd090b78186e5e94dddb02b661a53946c90c56c0135969d592b1a63ed8f5b05,5152f7ab471d2e77376651c74bb7777a9571c83ff56ddb91b1d03af2f11cf405,af4e8a647538debcb6177ab3d7217721c64102cc06df1c57b18874fdce3c8173,0.29421025002375245,r4_mse_tuned
4,mse,1,0.05,0.9,300095,r4_mse_sigma1_lr0.05,48,ok,,0.47131479797489984,6.0308328190970535,0.3919081308686368,0.11796434739145968,2b1d3f506c8358f83f3f6c4c478ea6624d3260edd10ad6d1d620211c296428f5,0645f2857cbee4f45e0679741b4cb95e945e216de2bf7f7e7ec41b2cda9c8c36,8a1c4b5a9a5942de4ba79aa7cba94f6a0b7484ac2bbc05ecf8a3529b4ed8ab48,1b37fce17b0e20cf54ad9248b9d3f924c258be2e29161aeb0af3e8b8a7e96c5e,0.29969399992842227,r4_mse_tuned
4,mse,1,0.05,0.9,300096,r4_mse_sigma1_lr0.05,48,ok,,0.502942826360593,6.13427122502543,0.4025381138669922,0.1183462054768957,a8b2a6d596c52df65b7d82272c0d81d9d2c9c77626ad4d90c15fef87fa6ce7bb,a2772ee613085871d2c6c6b322c84ca766ff812bd99d4bb412f81dcb90de15d8,11b37067e5e7b6b05fa6c0b6c968aca27c45f4a07fe25d84ac1159284d8e8f89,4446e51d5fecab638d7ce06e13f500cab2500e1bc3fbe9f5e4aa9e9a85efdccf,0.2987612501019612,r4_mse_tuned
4,mse,1,0.05,0.9,300097,r4_mse_sigma1_lr0.05,48,ok,,0.41468043918607117,6.072726441364893,0.43254823754884936,0.12673663360181286,6a58ea514372c71630cb99b35cd8e07be887fa6911b53f19b5d704732fb75bdf,e8c8a21ce148719bf4d490968666825c456df5cdc48f065ce070475a9f61b2a5,408ec60a173b32d43c671743950d22b3fbcc518181ded82ef537decf46ee0c6d,e5cdbacd64ec308b183cc11de5ca81e2fed68b859ea3b2984c8550d47f656c1b,0.2976312499959022,r4_mse_tuned
4,mse,1,0.05,0.9,300098,r4_mse_sigma1_lr0.05,48,ok,,0.5374241985415052,6.151941016089899,0.3748895285545566,0.11246685856636698,998122d28dd5e545db51a6f7b951f9827ea9260ec2b0d92d5c37cb103d0ba6ff,cafbcf058d29eff2ccbf8b9b9b6915872acb9632484a9ed2be13751a7165618b,0e2d682e0f3b7823752766f88040994c84279aac8b86b0ccd6c2db8c96858532,0a164106d8d28fd47a55e74051c8c5b7d4f6f651baf06fd24031c92c3d1f102d,0.2944419590057805,r4_mse_tuned
4,mse,1,0.05,0.9,300099,r4_mse_sigma1_lr0.05,48,ok,,0.5673776513542179,6.14503855757554,0.41740033512586017,0.12688970187826148,84ae2550cdacfb1a0c04866f5109d582dc8f9d46f21b0b67a1fe731269b4c984,bfe6ea452f11a0df7fc9c4a0f46f997a12c5f847d7cb575e520f403a4bf425ea,4b24bef303469885eb85d79f9574f3f854ff1fc98903af707f3f9a593849de7b,b7c1ddfb8b10f20da544f3036d73a640e7f45db382e543e8f98a47be845c12d5,0.2912508329609409,r4_mse_tuned
4,mse,1,0.05,0.9,300100,r4_mse_sigma1_lr0.05,48,ok,,0.5001667579470492,6.0415769574004,0.4053444542825191,0.11998195846762565,79ea598cce16ae26ad8840b1327ff8de5d21fd4d9430d25e5240651e7af36883,c6cb13adc09d1c9493e0525b5e9c1857602686d97269e77f2bb4ddecac2d9281,4e0864318ee829551837ffe5fe3d66e90299499dac73e1a366fb445892b61f9c,0d1180b617f4989e89b94ac67302be9438bd183a007e75ad5619185bd26b349c,0.28513608407229185,r4_mse_tuned
4,mse,1,0.05,0.9,300101,r4_mse_sigma1_lr0.05,48,ok,,0.39459219121297606,6.069315909555221,0.42080088368171825,0.12539866333715205,0fb83b7408cbc1aaa63ef4f097d2d4880365ec38387ba68f6e8c06e44ed382b4,dceb90c9b78bbf6b549b8ab484f361187309c14504d742a94a4f018d6ff4ff8f,99cad4572e3be37de5de9ebea1af6a6bd8e7f09eba7193c208531028a0aaada6,954f79e776dd49a4500c7a9908045c6778e704813d51fa43486ced2e3855e65b,0.2909156250534579,r4_mse_tuned
4,mse,1,0.05,0.9,300102,r4_mse_sigma1_lr0.05,48,ok,,0.4554940209721188,6.138267539639303,0.3759131080023269,0.11239801929269574,e006b6489056566299e5317c5e2b106d8b7edd9487990bf6db04060c6ac36307,e07ce9fa89fc078461c503cf21016be917062050bc58b8a99684204e3157ba1c,9c756a3d25cb685dfc0a627f89c204bb35f74e01dc9ba350c2004fcc39b435e0,0da8e82f7331a00eab140e202fd00fa022f7709fec291f7b5a7f10c8cf177663,0.29904950002674013,r4_mse_tuned
4,mse,1,0.05,0.9,300103,r4_mse_sigma1_lr0.05,48,ok,,0.36094217976336135,5.965889824796777,0.4322410094289782,0.12794333879097755,84e90d70cb6e50e4307e53a36b76f3648b8d6250f46defb308584a6065977352,f00bf89f1900623e01eb9a58b0cb70f1bcbb56703e588050aab3210550b31700,f49351e74453efa8d509ceb5de71f8ce765ae26c27216c7aa45c8e4757bca7bf,152d97b5ed34bd39ed4ee1e1aa84af39debeeaf9ecb82115163d3fa34ce7c168,0.29436395806260407,r4_mse_tuned
4,mse,1,0.05,0.9,300104,r4_mse_sigma1_lr0.05,48,ok,,0.4209795610242315,6.058345874574023,0.4460712670438457,0.13159102377793447,2c3887f0f74ede3f0dad59dc0d44c3389907c03911f67ef27c1dc5383e7ee93b,23cf924fe429906fb077746ef8a5906c8fbd8ade881ed87a2d573bfc29104d1b,4202a7c38b74350de0c75e71d1f62be1794a0748545df24247ecad905359d73d,c0a16fd0179442878d5b5b425709dcc0d371e2b9730b8c1877d47ee4a85ad263,0.308269124943763,r4_mse_tuned
4,mse,1,0.05,0.9,300105,r4_mse_sigma1_lr0.05,48,ok,,0.3768079806969931,5.979405430639999,0.42595386240166117,0.1252304355460884,de0ebb6b14e2d450cf1bf792fc262365fb3d059482fdd0b5f214736a7a740690,ca39052c1df6c96c8cc1bb2d62654af1cbbf1e3f5b76fb2794c5d04b41e0a09d,ffb7a1762afb3e5e37ddd1f00aa558db748f3a36d2eed3def2c8d51fd2760688,3ca1306e70f49c54ab1f62c6ab61526bf2401e314d39ec7d018fcdcc7ba93ca6,0.31442270893603563,r4_mse_tuned
4,mse,1,0.05,0.9,300106,r4_mse_sigma1_lr0.05,48,ok,,0.4373722743756311,6.051872258300801,0.41946781943908673,0.12416247455396967,ad033ae221c957f89cdf90b8ce75396eb58cbb69b99f95a7271da6cfb9c35e37,745018b097730ce74ebf95cf2852b9b8067c7d69379762899184116cb2ca62da,fd3fb6134812ab3b6a395bbe4fae83ff9d54f9311f589a2de589eb766c317711,b6d39c7420318d9d9b886b30c016952af1b7f74aaee1eb0d7913e873701a1886,0.31415383296553046,r4_mse_tuned
4,mse,1,0.05,0.9,300107,r4_mse_sigma1_lr0.05,48,ok,,0.5737136353440953,6.175319716295902,0.38947600672642135,0.11723227802465283,6aae500dd352d571784f86d0556e3fa32e53a656708e352d32656ae1efcba352,15b994e67211c5c8a53560c6bd4c76368bdb22ea10aeff9b0b4fa3fe26860262,da91b2c15873f63c1a230a8d67f6b224f4c4df9dd62b0c54b3c0f00e3c4d08d3,689bceb7635eb5ea84f4e6109bb50b481c981e51f302b11fbcd345648e010627,0.3901895829476416,r4_mse_tuned
4,mse,1,0.05,0.9,300108,r4_mse_sigma1_lr0.05,48,ok,,0.4746241794945912,6.1757361612181505,0.416807759338527,0.1250423278015581,41309af3394399959ccfe27b376380ece9eca6d3297ce2213fdf23e9a6d2ac93,d97074ac83e2be40bde748920c734d9759162fbca1875f0f21dc789ac44c5a1b,ed15075c6f0bbaa0dbfd618e49585ea8710ca1bb6990788a4838b3890a1a4f51,9324a086e3337e298fa1aa0d2d3c7b550d0798c6586375225752b692383a0969,0.38910712499637157,r4_mse_tuned
4,mse,1,0.05,0.9,300109,r4_mse_sigma1_lr0.05,48,ok,,0.5088769206583924,6.152356083569155,0.3959496916679872,0.11363756150871233,771fcb9213886ea1f967979f6ad3fe3f6fcea304f2642dad6194341495a315cf,927c3658ab546714e54b9ee0f95b97c491be86f54c7a00bb51e6e63694563370,c3d982fd33888ff0cab3deb3e4da996e6f9492dea1cf1ca5c8057d98bff412f8,4d34cf413c48985a091b076e4d5195a60dadc76b566e50dbad3f9bed03f21ed6,0.390154791995883,r4_mse_tuned
4,mse,1,0.05,0.9,300110,r4_mse_sigma1_lr0.05,48,ok,,0.507405500152454,6.213939818238221,0.38721149615885736,0.11229133388606864,cde45661617a288f63ac7c264248a144b6191f42bc1653ad3551b4b4735ab87f,b99d2d6fd8b683d6356cb6d876c164fe9843b9e33fe8788befbacf4ca22f0c2d,2c6664d1f44412e3e549e3b88f6ce156a781bd725e2b35d71699fd85cecab9da,6dcdf046bed0c572e89eda93df0f43459de1af685ed23ecdc8be9788a8c4603d,0.29575058293994516,r4_mse_tuned
4,mse,1,0.05,0.9,300111,r4_mse_sigma1_lr0.05,48,ok,,0.38409312157141884,6.183424396921754,0.41122964856021677,0.12049028702814352,e133603627b2009609a3aa5bed97281a6cbdfca6a7eea92a419745c7546dcdde,f7c0162fc827424ac8388e374e078e13fff35507f602aa06f4b2996d6e484025,5a3724fc214532856832e6d2d1b52a77e4d66c3a97ee024d9b03dc07fd5b16f4,7bc62dbb15e38fa5436239f5119b97195eb626b5ff536023da7eb275c9f34bcc,0.2958324170904234,r4_mse_tuned
4,mse,1,0.05,0.9,300112,r4_mse_sigma1_lr0.05,48,ok,,0.37761165371221606,6.075025906554637,0.42909436052575683,0.13044468559983008,644bacd763502337e0035239bd1882a2783d5b5a05ac3cf964f3ace18d859473,317341fee9a89e62d763d3abfbb2be4f20cb86c2022f5a63ff588b0dbfce4787,b5f95f7a158d8e2b46b8bd54325b2ffd6eb875b0ed0dbb9fb631bf8cead0e604,578470a000feec9c5316f43ade61f7f6c238683fb008c000ec6edddbab632b40,0.295021333033219,r4_mse_tuned
4,mse,1,0.05,0.9,300113,r4_mse_sigma1_lr0.05,48,ok,,0.494810586152042,6.062242281476227,0.4038704608815089,0.11914178596004513,ea02a0f906c4077add1f728f580129235b1ccebff060438ebc231b16f441728a,5757b18f7496722c3110cf0964f2bd6855ca6e2ab2eb5d5d9fe2176e26a40d5a,cad7a092806adf118404d1bd84ddc823cafb59b31129309b680305113d49e36c,388476ecfe62f5cfb4958ef621254801641222e66b9f402231207ea1f3cef5d5,0.2925516249379143,r4_mse_tuned
4,mse,1,0.05,0.9,300114,r4_mse_sigma1_lr0.05,48,ok,,0.4891935862893476,6.145826527625155,0.4188547835483553,0.12481872549740988,ce4b99d8f04992133ac07a717779dcd6cdfd51bdfbfe5caa5ff3046c4fd6b552,dc88917ed83c59b5699ba2636285e959769397710157d22d8217c2fd639b0fb9,dc3da1a83fac0bf4e4451fa252b3c866d5fde3cb9a03b5dcb413f3ad2c131b9e,fe4700dfb9f3448b3090610c71d9b14b6d3aede3e988f9963f69fc1fda140e53,0.28810912498738617,r4_mse_tuned
4,mse,1,0.05,0.9,300115,r4_mse_sigma1_lr0.05,48,ok,,0.42961195337658625,5.993101709283684,0.44782508946559263,0.13121275121341863,c463a396e85798bc68cf4a062dbaa6d994363a8cdfc6d7c9791e21091069da9f,5958f974d9825dc3c070069675227ef7f9be0ab42121f1e9539e0d2e6b750b37,e95915d125b132c7d447fbb566f65c3b92efc3e6241e98d21ba9412f727e7ec9,a2846f6afcb4cb7fa8d9f51ea0a57056bdc8836997b4b5f0954202309227454b,0.2907205839874223,r4_mse_tuned
4,mse,1,0.05,0.9,300116,r4_mse_sigma1_lr0.05,48,ok,,0.49698706027787487,6.107062417326096,0.4083332244545927,0.11882496831628647,084daee521e0d96b4b6964217b212b6e3d0f8e53220f91810df897c8d600625b,95c1327da070b867d19ea8b2c991d0b127ec0999753a2e627a218e1fc3568efa,1b48fd53314479321e67cf2a675b823a844ff25f4e3ddbee33308c44ea550391,6f8245377636a6db2464ad97a11b7fd562d59b2605900c44b1bef35df27f9e2a,0.2935895000118762,r4_mse_tuned
4,mse,1,0.05,0.9,300117,r4_mse_sigma1_lr0.05,48,ok,,0.4001829650845947,6.1018942949914745,0.4138047662179315,0.12372762509916152,a7cb6900e99f4095de6330dd8d979a9b2cf415af5be1ec45ac3ad74d3326eb57,2177432f921982ea8d382df02f0077297ddaccd66748d6c49c88675fedf7c8fc,792335a3447a17fcd77af04021c690ec40e2a8443d013cd407c29c68fa073201,dea099ef86438e80288beea427f702d1fe41a78351280af38058102f0cc2f60c,0.29254958301316947,r4_mse_tuned
4,mse,1,0.05,0.9,300118,r4_mse_sigma1_lr0.05,48,ok,,0.39104708513074427,6.03712899211511,0.41974244809587236,0.12424376463637822,2bcd33845041cd219b498a03ec11004d81bbe9dd3f558b754d6ea545896bc7e1,b656512a7c47a60c5f0e2699f11ba568f724faf443528db6c622a46754c748b1,fc02f4d4b9ecf940f90b8221b74788db1e32f4a3a30943ba342bab882130c0e3,f11aa5d485a934f04d60476f807746e50e477116146cd4c962506cc0a4a6bb7e,0.29684341605752707,r4_mse_tuned
4,mse,1,0.05,0.9,300119,r4_mse_sigma1_lr0.05,48,ok,,0.3992293512712298,6.140561024299203,0.41200313931476584,0.12195292923717069,aed0e9fe989702c5562c247fac514771a622ee069fc4d2535cb8bac20c823ea6,7ee168630ae11472db3d3cf3061384c4b41ab444816c085b7ff71d8d02ebc072,d5e00d8450ac3ad1d6c991864c31233360375c48fb0b2972e5bb75bbcb43755b,826a31da55191aada79ad69b35f69151e1e3ac5a1b8e1f2776f5cf67c4e422ea,0.3055804999312386,r4_mse_tuned
4,mse,1,0.05,0.9,300120,r4_mse_sigma1_lr0.05,48,ok,,0.5597992224893655,6.154328262436134,0.3871774436841899,0.11692758799262534,cb61b23895f2815bdc0aadf0c708a92916c48234dd8e466aac8cb4db803fe60e,31599b2d6bba43c85d8620af2e75378d2f44d1123d2eeb378287504537e26fbb,c063650c33d0d9369a8c343792f1afa9aa4bc962b7543d5f4c67756973468890,a78c0b5d37f1b626851bd8280da3c118a59427c04831ff2d50a7a88745860f84,0.3035399590153247,r4_mse_tuned
4,parity,1,0.1,0.9,300001,r4_parity_sigma1_lr0.1,48,ok,,0.3547815997697509,5.954775215965995,0.4065217207293696,0.11951738589443466,547df75d495d72b315fe564322ceb41b8419e43ddc93038fd9cf9fe53fa9e4d8,27e1e2c3dbc45cde17f5de651f591de18321454482d19b908f81fa3a5e20af67,5139485dd609a71c3413cdc8812b6b0b8c13b3f3119731cba00660ff9a03c26e,b7589032d2539e16c1960e5b43e2bd3b7e657e64b07c39e2b8ee640f4494529c,0.3941903340164572,r4_parity
4,parity,1,0.1,0.9,300002,r4_parity_sigma1_lr0.1,48,ok,,0.4866223412778009,6.150573158961127,0.42840662047660377,0.12895039276345774,fc5b1b69e7b8cc0f50f32cdfd3927bcade5b7de5f025f5e97e35f13b7dcccd65,4c5eda357008888dc1e99dacd5c9935dfd3c62182290bb6932a887ff0a66c610,8d2dd4701b1538326217329d7ceecc0e6832f16b3f6cd1aed82e2ef8a4658c52,62ee89a4298411d857a9d20b26f6299fa000ec9f6ce846643050e2cf67325b11,0.3887972079683095,r4_parity
4,parity,1,0.1,0.9,300003,r4_parity_sigma1_lr0.1,48,ok,,0.30850847849196117,5.900721514259973,0.4277038678068796,0.12617264100302947,a2e1081d9fface7a08688415de646f26dfffcce559f08e132cfb5e7e252dbf1d,833f767deaf5306522e0610877df9712365f64f25c2a9481ae98b9f1758574b8,ac3496fa37be3e439077e6adf5fa7138c940a16f296fbcd1ec2e746a38a3ab84,0379814017b36a14bde5186c606a45258184ef2e52f5a988e0673d85b9269654,0.3925806669285521,r4_parity
4,parity,1,0.1,0.9,300004,r4_parity_sigma1_lr0.1,48,ok,,0.34828048387333077,6.070461606429742,0.45933988001001697,0.135505264602955,58cdeaa78f51114a6e914189151f24a71007e71cf610cda51f971b31dde06f10,a0355d581f3ff5f5a74dacda51013f50e7e5b287c1670929a81b01c976ae8a59,42efc75a835ea97dbeba64db872be577042030c15482fc5334e1ae10a190733a,9b1cb8616fdb02cdfeb266cc3499c82210a26b0233380c50e5650354ab8cb1bc,0.3828727079089731,r4_parity
4,parity,1,0.1,0.9,300005,r4_parity_sigma1_lr0.1,48,ok,,0.33002672612608175,5.878447211905588,0.4119669133038099,0.12441400781775058,5c051b69b978374ceb2348d1862e0af437f756e529d7afc1c1186c2e54ef7e57,5b6bbd1920d2685aa73875088a12ff6c127d36ad58b03e361afa4a1c313df8ca,4c27839b329bdd01c03f8e75fd7319617cf9f4a46622491a300b0d9dfe473029,bbd47c5133f58a5b9779bdb979a97c4f2bf6bfabb008ad4c04eccf240ba2986e,0.38833674998022616,r4_parity
4,parity,1,0.1,0.9,300006,r4_parity_sigma1_lr0.1,48,ok,,0.3301776589199832,5.961088666097065,0.4513394717982719,0.13495050206768328,15a47afc3148937636cdfec87f5ea1349559551ab1fed512817b9821ddae305b,ff12b0003f24e3c1c0d39d5463f83beccd48c3ccfff83cb5aee8a081df56b4bc,081d4559b5fbb6aacd3d16f8053afc233fbb1a868e4748d760a02d973ae5f1f7,178ca08ebaf140edea1fa7b6dbb9d9dad7ed43b73158c7ab8b2002231aa5258a,0.3875819999957457,r4_parity
4,parity,1,0.1,0.9,300007,r4_parity_sigma1_lr0.1,48,ok,,0.2657707384642296,5.907694726878106,0.4553770565663345,0.13388085463050234,5ba229eea3aa5e9e6cc0d94a42d4948a4f324f7232164c5b1db8b24ccebe076a,6e51f2f2d4b59e8180ad8e8c7b27acb0d8ca7076d726fafa5a2de56bf9a213f6,c69317c8a56cefe8c43f1a8b80cc200caf7bd7cfb23e8eddade9cdf85b290f3f,38dc1ce5ad9b8bf3b3656aa61e6122b09f58868786a7ce588118ff9a13edddc4,0.3823783330153674,r4_parity
4,parity,1,0.1,0.9,300008,r4_parity_sigma1_lr0.1,48,ok,,0.34544314060653747,6.006181529787683,0.4343361257508826,0.12639181259350685,92d23af5bb836428a7eb153f6a2380de81f8fc80da3fdf08b509b0370e7b93c9,81d19f6042d7b3ac55466949ad7de628e492c588c338e358f96626b8c34ac720,84810cc33a0e8bf345ae48b614a64712624f834212e88a59178e86be607aacb3,a7bed5a2af03a27c1756a2d21e7a854be8e4de2a3464ea650a7cf379ee66c814,0.3752216250868514,r4_parity
4,parity,1,0.1,0.9,300009,r4_parity_sigma1_lr0.1,48,ok,,0.4764884092657992,6.1191357295652375,0.40270606632011635,0.1208118198960349,5600684e9ca941293ec22e3fe6f944bf235dd38fe0048ad959412b96248230c5,f9b700d2fbb94c6f5bcb5fc647d367c3a5a186efa3eb7cec51aad8776f3baae0,95a19132b5aea1bd0b7b7566f12cb7eb3e2f3bc2d3ef4c0382735eebbb9217d6,5d17e1846481173753bb62a778cf553aebf8dccde1158b3fcd367f8434f50379,0.3786438329843804,r4_parity
4,parity,1,0.1,0.9,300010,r4_parity_sigma1_lr0.1,48,ok,,0.3361925019458498,6.048102116296668,0.47944134212327105,0.13903798921574861,a56b6fb7e11162aa1bcbdb89986ef350dfb815c8939edd09a86a5d1f2edfccd3,ebef873c28036d701489dd58ea3cf0f3ea8ce6397136f78ede722212fa4058f8,3dec5e851eb2e7e5e6515c1d335ddb6e1bb9652969e32a6da014c26711cc282a,28591466599a7c491696b24762a3b0dddd8e1649c8bb4d06f38a462574860724,0.3795987078920007,r4_parity
4,parity,1,0.1,0.9,300011,r4_parity_sigma1_lr0.1,48,ok,,0.31060438871774276,5.9826703148990426,0.46020183427265565,0.13944115578461466,e77879b793619b6b11bd41e6c0dd2126d719a2f55d9c0ac0da2f1549b0913658,a815904015b8a5020a10190b51a4a1dbcc318a510e2cdda9f1b17ab6b4222a91,8fb226dfa79cf47df546f47f48a4ffc93b22b37091cedaea541d0293f2c7d0a3,8b72038161acedfd5775cfddff036aab6f462153a0e0ff432efb683325f7c9ec,0.3896341669606045,r4_parity
4,parity,1,0.1,0.9,300012,r4_parity_sigma1_lr0.1,48,ok,,0.36112221289780255,6.092128791960461,0.41891634189878246,0.12483706988583716,9a73bc3dd78108b7e8c672136c1ebbc9996870d62df4ae1db431a984856c4ad2,1d51aeda2aebdfd8b9ff597f1185d611b6e9ed0df0728b69bcb6d1379cd855e0,37d62e6ecac7d79ea698e9bd78c8e1db8bc1f02f6278745581f335ec0d2a4bf9,43802258a82a50bb2dfc1c019fc4c1f2f4893025d6c387a425621393dfacdca3,0.392294125049375,r4_parity
4,parity,1,0.1,0.9,300013,r4_parity_sigma1_lr0.1,48,ok,,0.41721230209547844,6.1206650066061075,0.4654423873295957,0.13358196516359397,43be896293e02a570742d018597b933e42ce673588e34b4fa509ef9d1086355c,fffdef1c1b60ad8ff28008f50a6fbe337eebd5feba0cb6cdf1f62599072d89f9,41254c54302b2ff236caf1267d0712babeeb0d8b4c30e3690c15bbd6e6207c9c,257d8123ab4a9a2756e91885e0aab7f209e3f0b598a72f81a0274e14507a5385,0.39129612501710653,r4_parity
4,parity,1,0.1,0.9,300014,r4_parity_sigma1_lr0.1,48,ok,,0.318198760667598,5.965374505255634,0.4406919339313698,0.12207166569898943,0cecdd4ef73e35260909137e7b4a9da22dc59d3d45a902be1bb9f890039876f6,023f1bdec63d2e5bed62469a7b9aa815b4634b3b7388108055538265bed25dc7,849154367e83a9b94f80d7aaf708db2aa2fa78b9d918a2f051a0ada956a8cd36,cd47ff47084d48c8a54820f61a4f27a061d862648243af74d3ad61c08418d43c,0.38551820802967995,r4_parity
4,parity,1,0.1,0.9,300015,r4_parity_sigma1_lr0.1,48,ok,,0.28106731357579834,5.86926557514336,0.4602967647303498,0.14085081000748703,7d60c852db0400ac3b4314a8c7a8366b70bbe606cc64f24d1f55a53477325310,95577195c75752a3d800cd54cb592b0e570d9ddaae911f46c2cafbc86fbdada7,cb2e20898adeff9d7f72a78c0f56da3d1afdf153cd0cdfee997da64a34ad25d6,b38e0b1b531664c9d24da3e54e83abd419420d2dd0b5f2c88b3402b09e2e3429,0.3867138749919832,r4_parity
4,parity,1,0.1,0.9,300016,r4_parity_sigma1_lr0.1,48,ok,,0.3594869358833293,5.842273727760559,0.43232117176839546,0.1331549209046658,e9cb11c03b8ee8be5af6abdcc1d3777225768bd24abd02a539c763d257098807,34c39d8d5501347c5c7a8076aa73df0fd8faebae88bb05da13de3c574b7f25c5,091bbf97a41a41b5d0254fcefde8f5bb91176b9ad43257c58355f240d26f01bf,f8f21065454bee766a9bd6bc1b5282f457689c6a3e732a6242079ebc030afec1,0.3813273749547079,r4_parity
4,parity,1,0.1,0.9,300017,r4_parity_sigma1_lr0.1,48,ok,,0.4667075839888754,6.0876636138593785,0.4144992174247089,0.12020477305316558,3c4ef79e66878b5be9a3cc390e0d91b4b1d607483a1aab1662b84f5be4a254a0,f3ec861043fbbf94cdf36e85a09f9ce95b7156b2ea7ecf03bbc1eccf865160dd,efb0fe6acb70f8d662e9264d73cfa1be136e3398b69402ad02298c4b0fcd0979,9724009b8e8c2773c41d0291feef76b2f3fe9881f6557f8cd11aff04d933ac4d,0.3793812090298161,r4_parity
4,parity,1,0.1,0.9,300018,r4_parity_sigma1_lr0.1,48,ok,,0.5171862068974546,6.118649244789324,0.4068816858779379,0.12125074239162549,1e61d1562101428c9c58975a868ed0d794029be0ae2ab5b7d5405928c87d4a13,bd933405607b33df3caa53139bebdc6aebde79ef4c90313fa0ee4b523101117d,ca730c2d35e6e9b2d4d0e91d078e5552f6064eaf9cc727faa581320936c84cab,98326f5b9144537f6b8bd069f6fbcabf74533c0c3ae407e631d73256203ec3f0,0.375402917037718,r4_parity
4,parity,1,0.1,0.9,300019,r4_parity_sigma1_lr0.1,48,ok,,0.36375083359271637,5.981069878968216,0.43765860561012604,0.13173524028864794,fdfd8e6a98343166e6dcd7fdd44414055adf41a5cfdff0fb23072998f90d34c2,43bde573aaca9ac4ed736014dcc914055e7ba211a6ebb9f59bd2eab92521ca4a,6e5435fcd137437881e7482b779a8d0112773ed492957caed1ccb7d41727cbf9,d59454308c9ba9db368ab2029800b36edf9dd5aeb7a83138af808314e768af2a,0.3766756249824539,r4_parity
4,parity,1,0.1,0.9,300020,r4_parity_sigma1_lr0.1,48,ok,,0.3416092130670267,5.867854958347459,0.4223204643742854,0.12542917791916275,906ca7b0c8cf3b525f857a92fec5f7c51c7412455b4ee13098e957ea4447fc43,6ef26e9565f7a805b72693c700925b72122e52339ba7e680019adea3d69e0994,05de2884996e734b2d4984b3cf8e9d5bea0314bc6dd0f0d2400b7c77f3ad576f,bb729a1dccb22b48683b23aaefc57fb0b84cf60e02d2e5b6e80df856dc34cc5a,0.3780654580332339,r4_parity
4,parity,1,0.1,0.9,300021,r4_parity_sigma1_lr0.1,48,ok,,0.3996032104273146,6.0065630831782615,0.4287492994139583,0.1273385419259456,fa4b7bfd5394097ae05f683e9cb6bd9b7d243d63a0cd1166aa9c63dddda4bf29,592d49d03e1d329dee388d65d5e7c0c74727b081c7888f72b200a3d49a9f761a,bf95bd2924dde602b0439058a9a5d2dc0b0706ce8fa8cdd5430a9877e5010f69,a40034c5ba0c5bbf7878503dbcbaf154533f7c66ab58f291f0a308c6a3573b79,0.3783232920104638,r4_parity
4,parity,1,0.1,0.9,300022,r4_parity_sigma1_lr0.1,48,ok,,0.36946910456598936,6.078135043981889,0.4534041495003029,0.13239401165408846,01132f8d76a31fb1533df417971bebb1e16141690bd2f32439d016369638852b,0236641094670eb129ba35350d11bcad44e89884a4dbed23ad8adf5e7b47c52e,74bd4c1b78dc4ef3febdf6cd36ec12d001dc0887f32139befd996e51bb34bf69,051b83d1bd3d4eeacabd6139424f9753da1cd714f8cb4c0125083268ee7a463c,0.38534716598223895,r4_parity
4,parity,1,0.1,0.9,300023,r4_parity_sigma1_lr0.1,48,ok,,0.3679470374716836,5.986481884929312,0.4195633766874638,0.1229320693694269,8569b0c8c05e42f7fd61099236414ab6ce3713f6a415fa14439fdfd258b928ba,d309ac4b205e9879f73bdfe3454618e4b2f8674023509d75c5d8e5d9c6444e79,f2c20e8ee18e4a24bfb2ea1b17e31e53f7c2555324789f943c687db677f31d6e,b9b30c02535f231571e519085ff25a4b291f7da454153b864bcd8d2d049c43f3,0.39632225001696497,r4_parity
4,parity,1,0.1,0.9,300024,r4_parity_sigma1_lr0.1,48,ok,,0.4596160846419304,6.001004103191425,0.4131213602927465,0.12476265080840944,0790780dbf8b15e4f2cdee78286694884ef6f0989269cd40dce812f11c818968,cac32651e1651a8f3598f530661e966484a5eb6d2555c9964fd8bd3dd7a87972,a10ba6f1d94beea18f8e37b26107e2a247aba7e0d0e3edc93c683197ab0d13be,4e9fb549822a58932ddd451c428f5f7d4b86adf7957eee38cc7f22244a55587f,0.3825049999868497,r4_parity
4,parity,1,0.1,0.9,300025,r4_parity_sigma1_lr0.1,48,ok,,0.36476370712326056,5.988220662066308,0.44641234094229254,0.13213805291891859,e6c0956e9a29de034cd0ea6472278f9f9e305434300df8b4e8f108cd08f26886,50ff6677861293934dc3f7a0e6bbea9c1b904b4976071959176694c02e0f577f,ebf975e58d10a21057202c8986c33de1bc32ebf374120f41cabc30841d882986,b165d542622434cc54cf3e04973278d98956f11495f7c1acd52c3384e80fe3f2,0.37968479201663285,r4_parity
4,parity,1,0.1,0.9,300026,r4_parity_sigma1_lr0.1,48,ok,,0.3000749075016056,5.895250861442932,0.47116316203068637,0.13946429596108317,8259c7252ea55af17697ec3e92fa664cfff2cc2c62b2fc54f2eea6704162cff1,3ce53c419a8d2a98d1de9e36c588e27e9bb5fe7181e80c9c70731f6462d4cb14,82deb83e05f8724114f1bdc6a69119e1317b29e5d5ac0f1c40e476fe8fd8518a,2db26dcb660caca1e5064432bac41c23f948f193940597eeae11382d9b20f89f,0.3835414999630302,r4_parity
4,parity,1,0.1,0.9,300027,r4_parity_sigma1_lr0.1,48,ok,,0.4616055758050953,6.141360253652074,0.4104762374250458,0.12437429993978887,555f7ef7f5300d55eab90b7abc2509c6ddd5a82433086073d518b2553e5ab635,a7d852e0006855682420200c1d8bf0f5ce4d270c112bc0971781ca1840f21e60,eb5f3779f7e83bee19c192d03c36828766fae2049869ee8c360d13873b345714,25af47f40c7231480cd65664a3aab88610c63f98f06b0124e43384c146120079,0.3803872079588473,r4_parity
4,parity,1,0.1,0.9,300028,r4_parity_sigma1_lr0.1,48,ok,,0.2944586726755185,5.865666095047021,0.4562473962738994,0.13459298190080032,2c90d269abc02edd082587ca1c45ee3ffd608040bfa33037f48b60e800345af8,a6c7eca434b19ab72070f4331f4b1381a949bbc03165c5322c19b18d31fc02b2,0d69fe63c6b412c7208dcb5ae1c604db007c0b0123a00fc750fec84375e4e263,11cdd5f9f791f0a63c160f67cee9142521947b3aeefb652e82069002fd788a85,0.44085520796943456,r4_parity
4,parity,1,0.1,0.9,300029,r4_parity_sigma1_lr0.1,48,ok,,0.3677669237660018,5.987043845591577,0.4301480162481094,0.1290444048744328,eefaa70b2e4f9712c8d2fad79662c2cbf1b04130f1281468ae404c807d3d474a,1871ee4f3ec66be83578b8d08c9fe3fe9d7e22fc8fda48d8e405c13fa4ada97f,b74ae40212afd8ea4f0660da483468f2a5f6f6d7fe8096f147df2d654dca3bc3,3a358b8d310735f03d824e7998a917751fd46a67fd8688338f300ef69b96bcfd,0.4419085830450058,r4_parity
4,parity,1,0.1,0.9,300030,r4_parity_sigma1_lr0.1,48,ok,,0.35644053931670217,6.073543903562306,0.43831605248036815,0.13280976390155155,689c46954bb970719c1ccbfa862609bf50d62d91f6ddf57a68b1db613dccbd89,a56675cf7971dee4a5708aaa7631775cc4ee0dbbf031c92437f8dbf764a22761,5789ca192d7dcc0ae0a3ef4cedb55d118ea497b10a30ce0fb0c2b977dec3b14d,1f95cdf969bc6ebab11faf1eb72f5a9cf3f66cbd25b26549f5c29638153ade04,0.4419329999946058,r4_parity
4,parity,1,0.1,0.9,300031,r4_parity_sigma1_lr0.1,48,ok,,0.3374982440841763,5.8874585103946835,0.42998943093855196,0.12942681871250414,caddfcb37abf3009ea99deb5316e1db13d5b0c34c98f7fcd4ecbd61674891add,db3e5c14e5fd1b464928c9903eaa0097bdefea6f9ef8c18e0c4d0f68471578e7,27753c8ac8970e1421e4a6a03fffc62d5aa8c4540183a70373f285cb278a3002,e64ba75f1b268c9636cba4f5290fe592ef3d3057c7baa1e06160605a0cf2b101,0.38004399999044836,r4_parity
4,parity,1,0.1,0.9,300032,r4_parity_sigma1_lr0.1,48,ok,,0.3566511944402413,5.921771685519454,0.4041088323821684,0.12284908504417918,0cafa4d93d49dd1f1f96e591aef2aa1a0071f194cff785af1ee2ce77d0de7756,04c9ef5c63f89d8d6e9b8a0abd0768718e42d5a04c327b4c018659155256db82,15ea293df2fff0e38860609fbc1ffdabd9aa290486352a176e14da3977419234,ba657b02da50b46a78400c2751fefdd429fdcce7e1efaf3e5b60ca383d592c9a,0.3758507500169799,r4_parity
4,parity,1,0.1,0.9,300033,r4_parity_sigma1_lr0.1,48,ok,,0.4328583792527406,5.979038514911673,0.4186394282094758,0.12601046789105222,7856a8c79f49862d335530e7ecca990edcfcd44e2430b104e8e8b151686a6e47,57645ec48930a4c1e12aca637d5e92fbb621813907a9a2934b04b342047ed618,088fbd931fe961b93c28bcf607e09589b574c7e4d887f4f86bb4a764212343d5,79d77ebabe40f38235f1dd32b708b7c8c27f3944e92bd204105e84f3b2ee716b,0.4214905840344727,r4_parity
4,parity,1,0.1,0.9,300034,r4_parity_sigma1_lr0.1,48,ok,,0.33946481570366516,6.0392950209655405,0.46745855816883397,0.13556298186896185,265709a031a255d67a159004510d8ae9eb9d1243c985ab835f322589dfcaf0f1,413113ebf5837c734743bc6fac245c377f6d4d765fe16dadcebe845b6970ecc0,919947e507cef50265be52785de2363cb5a906830e10047d81c23d360fda5fd5,ffea7ddba8e8c85cf65957a684cb156595ead228c96546694d1221261dd9c5fd,0.4350550000090152,r4_parity
4,parity,1,0.1,0.9,300035,r4_parity_sigma1_lr0.1,48,ok,,0.43195377301593296,5.943558854771131,0.42568108877428734,0.12642728336596334,a7c9f8da5f053c87a9def53188cd1c7b7f13817ab7c058c3a0e9a596c18599c1,11b8d6a0d4a74720af43b2d3caaba1e6a3f04e87c01ee83efe4d105817f577be,4b734a4f34491b2deefd6a3bf2812ba2af993350b3b2c933d7e24b5fa3a6e6df,68051a71cf9f91909b3423a6f2ea1034a4a8420cfa5b9f4d864e108439b90c21,0.43050283298362046,r4_parity
4,parity,1,0.1,0.9,300036,r4_parity_sigma1_lr0.1,48,ok,,0.34235938646517294,6.009667015309508,0.44524690305360226,0.13090258949775907,22e590454277a117e664fa941ea99ad8f30ebedeb9c6b160f358ccfe31a4ec13,4a1b30cf27c2d621e06e2bfd1f031cfb01554bf0205e819cf31f51918f94ce7d,3d283e9d0a16c32a0ad4216192433dadc41646dc69c85743fe9d39749fc79ea7,ae8052f88e2a1ff059fd1463a7e2907d6833f6ae444782c86276d71d247558b4,0.40333270793780684,r4_parity
4,parity,1,0.1,0.9,300037,r4_parity_sigma1_lr0.1,48,ok,,0.2849240469772138,5.997597669120704,0.4623402762115771,0.13084229816787632,f0968699341ec1620fba5f45cc467b965fd0a832614c2f270113853125578534,ca4f3809d1420c32523738a8167122c75bc9dcffdd8c533cc422527ec8511726,75712c62280eb15659b65154bf98822c2427a9ffb2fcf1e0b4595821a42be079,08a4fbf01b8e73ad79abf810f711d2b1540d7dcbdf79fb913bf9a9c358577885,0.38951875001657754,r4_parity
4,parity,1,0.1,0.9,300038,r4_parity_sigma1_lr0.1,48,ok,,0.45399220127743517,6.052299777457064,0.41257437328758023,0.12418488635956164,aff3f60d957ad1bd6b8c2456f9ee3a6386b8d361ecaa85f54ae4f6bfbddbe902,0d3833058011035bd683ea656900b18bdfa928d26ea9f2045a93b3f0902d7d95,6eb2ce209e17cc8dd96d26ff534bfd5ee2ade815b21acd43e4b818b4e62d7931,d5a0668cd46f52efa45e2db01f2e9034bd339c1691a7edcc6de72d879173c9cb,0.39663024991750717,r4_parity
4,parity,1,0.1,0.9,300039,r4_parity_sigma1_lr0.1,48,ok,,0.40295044732046126,6.022205861067269,0.4268363027263659,0.12122150997428792,4bf06104aa241b940a7daf009513d821bb13b8169b7d99bebfc074a6df500c2d,d8907a883af4e8a955b74b01aee12100811c29821c76d51119f417e1dd3d9766,2e287c46a5ee79e02dacc80ffbb96bc6e0cf49d8180c848b65b73e01c6deb48d,878cc88be3cf15e15c61e453d3f7f57651c58846d6b83b40cc562899ace5c865,0.3873178749345243,r4_parity
4,parity,1,0.1,0.9,300040,r4_parity_sigma1_lr0.1,48,ok,,0.49766560160616957,6.031575005817704,0.39510577916502987,0.118926839528674,79798a2e527fb88ab17da97fc950bc934e74d76207867b2377edfac289c7ce06,6b14f0355647f998c5a55c0c33416830f720e50e7f81ac5277dd002a135a6761,d1608375cc87fdb19f69945a74a45db4f63b973f9be7875c9df37c6a1477ad6a,8a9889da577809101d1da4054889200ceb834d2ea556ecab541e4a3130c34fbb,0.3880016659386456,r4_parity
4,parity,1,0.1,0.9,300041,r4_parity_sigma1_lr0.1,48,ok,,0.41281244397175515,6.0785983135217645,0.4408885713957428,0.13314834856151433,46829aa78c5762a9ceb54ca8863f3480de6482517bfd1e43afb0bf0bd89ee10f,5fe2e72c346db70edb03802941639391b013a95df940dd11e187db63f3e31d41,0e267490f3c2c6671d58182e56c81e30e7d4458c8378e45d6923268c70c8ee71,d84a857e5ab59175d5e7985c4cdff0a47a69e6d3ce1802bbd18120b4c9228bff,0.4021051669260487,r4_parity
4,parity,1,0.1,0.9,300042,r4_parity_sigma1_lr0.1,48,ok,,0.3327557382720433,6.016222613951293,0.44055857706812157,0.1286431045038915,d1de4d8d5d0089d4d77b163b6384abdb2b66b12058825b0360411bcaac5ee92d,c96616c67560f50dd3cebed2c47ab6cb33774c80774dc35950ae0077ea90dce9,18fdae4f8db78a816d832e20d58b97c1de48bc6f7f88ed6646696914c14ff600,19a2fd05c33ce0d897055a7778152621dabeaa7d46aaf954b6a7fabe8a559371,0.38763137499336153,r4_parity
4,parity,1,0.1,0.9,300043,r4_parity_sigma1_lr0.1,48,ok,,0.3639512670782101,5.990244637268843,0.4323373024768857,0.12451314311334308,ef8e7bd25984576db7218ca16ec08bd0e975634b20df074f8af7de4fe7fbda55,53f7262f5cd4d611f0f38b893d60ff604847d5eca0ebf2e1a7e1e98ef996a655,5afec502bc786f658fea952918111d939cf155e9ace7e1baf206082f4330b544,5f3a35a6e044f5f6957cbc4130cbc46ce3eb3361c88250560e2d0255a1c767f0,0.44283654203172773,r4_parity
4,parity,1,0.1,0.9,300044,r4_parity_sigma1_lr0.1,48,ok,,0.39135189670595144,6.009818650907754,0.4455232719424863,0.1372211677582858,ea06d8f954be15f088b6b90d0574b59f97197659e1302f3a9a0fcf4587fe8a2e,b404b0e35919d04ba7b0a4787f4141bc945414ba3d55c84d25c5d179efb132dd,76a391884e2449bbf468c169e23aba86e65dba0887fe467417e273025fbfb544,8c87c50359cd8c501334181563a48b3be365d3ab1b1e928de0d88a5d04796ec5,0.43842749996110797,r4_parity
4,parity,1,0.1,0.9,300045,r4_parity_sigma1_lr0.1,48,ok,,0.34601972205766834,6.0631420459830725,0.4349542260778678,0.12787654246689314,2bd910b6630755e770f64ec326f47885a46e28caa1cfb2ece9898be6c52254a0,0d407ec9546bde5c8283677841f884df398b4edf2732dcb0e9dd9b8da082f3fc,9538d1aa342c73294ce7b8156249c51a2b6f1621d64fb424dfecd9f78b6f2f77,9fdc1d00558653c64d7412739a2434a709707fa1fb03ab3e41a09ba3ce4c6e23,0.44178862508852035,r4_parity
4,parity,1,0.1,0.9,300046,r4_parity_sigma1_lr0.1,48,ok,,0.3623207132988768,6.08005518551508,0.46250596546853184,0.13921429560602808,d5da4b35bdadfc27dd3908a7c92fc60c1ff033f7604349db35b46f48f15ce767,ff0c44f2c421e6eceb92495760ec4e53e943b09896522d93659840e35221af7b,d8f6d6f1afc684e3dc00c91c7608f064ae403613fd581aaccfced30090bbc48f,e26525bb2701f2abcfb8a705d8efb1e7c52a6458e8b40081eb1f45c142aa1d26,0.40364587504882365,r4_parity
4,parity,1,0.1,0.9,300047,r4_parity_sigma1_lr0.1,48,ok,,0.33790335853361864,5.946675542230812,0.4418068161094901,0.13475107891339447,ba80f6c2328d41463530a291329dc92669415ea45bc43bd361aa88ed368fe2cf,f19e3d15b50f8f8cce7c1ecf8cd85899aea4f5e9b0c50a8617fe9a8f75ab8daf,8f9190dfcd25099a9bd08935982c4c690e3ee10987b5f62e817214f0f6baca7c,022e58a595ba34dfbf2178cc836178fce7289cdab4cdab6afba13ba25ecb0490,0.41754691710229963,r4_parity
4,parity,1,0.1,0.9,300048,r4_parity_sigma1_lr0.1,48,ok,,0.3614674676692545,6.016343923550818,0.46358823724751486,0.1376857064625119,2cebda7b822c6ea3ea437354fbbb1e7ca35303cc1db6c1d50b269ae1ad585e6c,b04449e3feda4928d4221f04eb43121fb8b890df6ce8d3100a7497b322c3cde5,e28d5233540073bd29e4381f76f6ce8906d3a61ffc8d3ea5ea1f9225f537abca,58c99d9e2364480fb2ac49bd7885d8fbe2513d9b97f1a38a1f83c63ec2a1811b,0.41815895796753466,r4_parity
4,parity,1,0.1,0.9,300049,r4_parity_sigma1_lr0.1,48,ok,,0.3672120633253863,6.062496872223066,0.42299086699164823,0.12774324183147776,4dda00783c3e9dbc89186954d10259bfe245724c40f8919bf579a059889831b9,800ad9b5f0a3eabf05aa8276d0c4ca8cd2b65ace12abe3fcbd9065b9bc20280f,904e474c55bb7cc6796f3eea4a2496a8682f17a2a1ae5fdd368670b873a431ee,a40eef957408593caf4ff444de54ef6646a36d02b81317cfd7b59b51cee1df67,0.4216949170222506,r4_parity
4,parity,1,0.1,0.9,300050,r4_parity_sigma1_lr0.1,48,ok,,0.3511276858872485,6.027016037201521,0.43344415619742144,0.13003324685922643,390f2b6ed4c28899f7489d28d61acd3ab3dac981995fc19428cbf72154196d5e,0937bba965de3b29400cb0316413f15a6327a16e51075e2bd85761227b696178,c5fe3ea8d86c7d0cdf0b96e9f6235438cf1377b9e77bc169160e4547b5bc5dcd,8c70401111899cd86158a69155f41f3d2cc1bc9741738c5101b49debc353b82e,0.39572958392091095,r4_parity
4,parity,1,0.1,0.9,300051,r4_parity_sigma1_lr0.1,48,ok,,0.4508324291503782,6.115807080235689,0.3974753005008359,0.11646026304674492,40bd3fc16e77f7f16b4a4180dd17723bd6a874c87a2ba15961fb2d1de37f22be,3e8a74a0dae522d0d97418de854467a0d05ddd3958b9920af2b9026372da8f5e,c6ec9958d28f0d09e0034619da29818b6a30848631144d857349f34eed7b45ac,b32f0d5b98c5cd5c1f4e23900a43aa9248c9bc3c8231a2bad2410abc0b836763,0.3918779999949038,r4_parity
4,parity,1,0.1,0.9,300052,r4_parity_sigma1_lr0.1,48,ok,,0.27878902489501267,5.918813472476037,0.4341487227344711,0.12677142703846556,7ac760f36d6a12efcf52e8294de109c9d9887444b5e5cd9434e0ccb624564774,7295e148730692031f359fdf837044caacb2ebca1b6665c815a15a29ce443773,2965faa7bba695af7c477181057c12a109834695e8be9f938bbc4c6106d3e450,6af7130154ff5c5b09b05faf1e2b3143dba384236bb13885681b72c109eead00,0.38111358298920095,r4_parity
4,parity,1,0.1,0.9,300053,r4_parity_sigma1_lr0.1,48,ok,,0.43896483549496895,6.138828771243121,0.3985523288866169,0.11876859400821184,07dd12f5b5c72d4ce65bff27a2ad311d79b21736ffc2b258c075480649ce387b,d9852a48342447f1e59125dfb75c6b8b13de5a1031a1a2f49fcfcb34ff893dd1,3fbf12a2335c685760c9a7da04f357e930d2a6c8cec0a3f7cf99812fb31f631c,0941e4bcf8b6dac91b99bbdcbffdf6bc4e8547e661afedd386b091e8eaa5f4da,0.38373316696379334,r4_parity
4,parity,1,0.1,0.9,300054,r4_parity_sigma1_lr0.1,48,ok,,0.3756984430923773,6.042956136781055,0.38431666916940843,0.11721658409666956,30dd86d095ec5d698c4e2c00c27bec4505fe1de45ca78a4c77bfdaf9a1ff2a4b,88556dbeea38b9e3f76af13cabc3a013f5842a42df9d64f8a2f8711bde460ef8,cda9ec4b58a395c6a63f62bff10349053f88ef6e368023afcc6ebfa55af13ce1,243fb1a8692936fe9f9c2ca7e7ea7c0666023c971460ac892b567f5f106a5a34,0.3744996669702232,r4_parity
4,parity,1,0.1,0.9,300055,r4_parity_sigma1_lr0.1,48,ok,,0.3285491333991845,6.038859969804393,0.4624463789847264,0.14104614559034157,08251a850e5eaaf3bc0db7235541dd9880d2de7b33498b9b1ffabbcc6a82e031,16103b6a02a3e8dfca8c66e03d66f1b0e1227382f6ee949182c74ddd9c1d66d2,81c8bda5ef9bc415f4dd332a7d7160df8ca6fe0c33eba04eaa5362374ed9aa6a,07ff11d32ffd0466c9c978da1ec2155293f3c91c24c4078e80b3184801a53486,0.37943700002506375,r4_parity
4,parity,1,0.1,0.9,300056,r4_parity_sigma1_lr0.1,48,ok,,0.28606242066078713,5.862528320815316,0.44147962199191326,0.13420980508554164,d3ed01aff926b25fcd5ab72720d1b1d98d64c483df418e299d719ddb69984290,28a8d7c637b0fe9a248ae3d50677aa2d4ae5a6c7369f00f0a65b37272e587765,8a1fecd0c5a7c6fa04d9e96767d5ecfa425560663737bd394f05de14b2ba34f0,ebc8a26d7765dac5c8d6bb293d52a02fe55f390c52cd248dfee0a4c1cdd89cf3,0.3893597919959575,r4_parity
4,parity,1,0.1,0.9,300057,r4_parity_sigma1_lr0.1,48,ok,,0.25826842000230876,5.871296662132756,0.4663541248438463,0.1399062374531539,46b86bb023c8eefe512ae0b282cadf490362356ee2bae4f1177511af1d02223d,23efabe96dacd7a930475e0fbfddeb62fc5649c0a94c45d1506afc56e10053df,bb23dcf2c612d453f8410d01d30d51fc1527c438111a3a75d31e45d652f2f144,a421b35182d31f573411c8b6c36082eaff5083d20c68233c3919da54df157042,0.3805722499964759,r4_parity
4,parity,1,0.1,0.9,300058,r4_parity_sigma1_lr0.1,48,ok,,0.43588614955437566,6.128218243920074,0.4120344987722454,0.12237424613535688,be54da548939eb34c198c5b8af39c6b40768c19f8c0894ee69a24207b6b465e4,e56069914c786018770bce1a7522f77d4bddd47cb0cd7f780c1e90b386a09398,cf4c30f082660d6bcf3536c74f01f5f8606a35c577bf75008cb820343fdcc813,260997a24a747f3a3d271f1eb472d98291eb7e54c632c76fa6a69673dbf936a5,0.38200029102154076,r4_parity
4,parity,1,0.1,0.9,300059,r4_parity_sigma1_lr0.1,48,ok,,0.31732747317691473,5.883763307514971,0.46899235737587347,0.1397597224980103,86975954ea25afa24d148cd0d80a4f12817f3bdbe7943fd11114ef1e5512ca2e,ac92c365f27d645f30db1d16e6504134289e056b66e3d0432559610015e7b01f,0caf4c321e7cb267025c11ad1893409ed242aaed18430ccb82e8fb877a03a71a,075dba1554cec97f5cd1f7c421208f111b461706fe8f267cf93807fb1f1672f3,0.3730367919197306,r4_parity
4,parity,1,0.1,0.9,300060,r4_parity_sigma1_lr0.1,48,ok,,0.34926871392877196,6.024033404664844,0.4090335612453299,0.12148296768986298,ef3dfa0dcce3266b8e64b5185906508ef9724df33f314b80d6e605d6a76f6e29,85f9e8162e8403ef1422e75acbbcb246cea4fcfcbf305c2aaefe1134d59965ef,149a9709d9e042067aeffabca69706e3f35b4871483d6b058215047a570b561e,50f11d2394cfbcdd08d2a43b9373ff90866b62bc510f2985db546efc5389d188,0.371214791899547,r4_parity
4,parity,1,0.1,0.9,300061,r4_parity_sigma1_lr0.1,48,ok,,0.3553194759595041,5.90857746196598,0.4826277141881336,0.14237517568549943,cebafe01e6af0ee95f79d83a58cf7c3e9005f4eac4718eaed5302c26f67536a5,a034bb4db5a0ed251a7830b45b049184cd6466ad4c690b2da4604f786ad3f27f,aa0b4cb9a4aed22558dcd9ab4ad6708290363b9f202dffb828767aeaaf149956,5e3e7348d088df5fd04246c92ec455e65fa0bc43ea3f055dd47a5a5519555a28,0.38172079203650355,r4_parity
4,parity,1,0.1,0.9,300062,r4_parity_sigma1_lr0.1,48,ok,,0.3047220166545408,5.9006722646196295,0.43774374597602356,0.13482507376061525,b31435f2845f9ffe580f90ef95b59358e3d48dd35beec15b8d9a352d33daa705,d7eb8769059fabae7482833a3bdb6411efc7b8bbc9dad9030069e8fb4af0376d,8c494eebeb1dd11901cd552131d93113493560c93686142d2ef6a0cf63718a04,9a96ff3456faf89f4c027430ab98653284e5878d2f7dd491e44f6f98ed7ed418,0.3837414589943364,r4_parity
4,parity,1,0.1,0.9,300063,r4_parity_sigma1_lr0.1,48,ok,,0.39310326867470896,5.990760275799656,0.4321425667832821,0.12402491666680197,d6d2c5ebe7f763691e03746a41367e5be0344eaf5fdc66167695a8638bc42d03,443b43e8d82c93a9b6859f49bc9c1384d25cbd44a30cdd875c6562dd650ff6ff,63a49ca139966fd117cb0d1574a6c653f891c0d5bb380ecbfb748887372c093a,d0b2213276ad94ecff955a5648887bc303ec3bb06ff8d3d44fcadb7e1c6085bc,0.3861105419928208,r4_parity
4,parity,1,0.1,0.9,300064,r4_parity_sigma1_lr0.1,48,ok,,0.3979322572241143,6.025320442764482,0.4322712723211996,0.12752002533475387,a2279af607d348c7eb3e3b3dc6d4045842a3e1c8cd56db71ed3c33fdd34d83ba,2d4cb5b9640c9fd1a8540366892d9096ce2ffb3b0448e9de439604e97fc81b00,a60d6ff3c236c74883f3d56d9513fe6b82356d9569548a0f505587ce60f15124,f2d639dbcdd30ab01a0ad5c487f820a2a6bcef407845c69280225c3dae1870aa,0.3838468340691179,r4_parity
4,parity,1,0.1,0.9,300065,r4_parity_sigma1_lr0.1,48,ok,,0.30201808288402393,5.797641342841854,0.4471831843403288,0.13639087122380028,1cfb2f28eb8cc948dd0f1611cb56cb4e6560995412560e94f6b63dae98e6ad18,5880d14001810cdd467dad4ebafe5b0d6e501f3f570a4df3600f1534c2b7616a,83a063c9facca304555c6b75864aa3c0435015950dd2be247def8e20db5f93f2,4587a7e189d4014f1482b9f45620188328ff730f481c70c4f8d062e580f39fe4,0.374906916054897,r4_parity
4,parity,1,0.1,0.9,300066,r4_parity_sigma1_lr0.1,48,ok,,0.38064436634655024,6.032796459938169,0.427830828792153,0.12492660200730868,708269c9fbc27a8cde579e683a6367880c14143b935f4908ad90b01362b99244,6549ca8b41b89433ed9700fa8e4e609e210451b9c7ebfbe6f1edff98e603ef32,12734b4ddd70be818e51b8789118d4874bd123c61546d70ac001d22e1c307a87,2a7950af73fef88311e9744b69ca4481f639e37d01bda603681566cc771abe44,0.3753684159601107,r4_parity
4,parity,1,0.1,0.9,300067,r4_parity_sigma1_lr0.1,48,ok,,0.3934042360177951,6.045497606191142,0.41737218726878356,0.12521165618063507,081f0a8188505511354ed61a498396ca9f725e574fcce6253e57e031ed00a1a6,e1589b617124f4cb79e463a004e07e664bcf84d0d57ca0ccfcc221cb90bd6916,4f1d3d78a800b087a806b58eaeb48b3137b97b5aaf06c8d22e51da8fbf7d08da,0c3464a08ae19d8aa7cd317bc7496343a57327e3f9e26e93d01a721337cab0a3,0.37013608298730105,r4_parity
4,parity,1,0.1,0.9,300068,r4_parity_sigma1_lr0.1,48,ok,,0.30965879794034873,5.974084182125729,0.43151147723007566,0.131179489077943,0bab71e6eca3d3074b94363a2595e397768bf164f5737259b49028335278c69f,2352320ecc2428f76669b117992f88aa230efa0f74713ebf4f0d5ba8b32e0b81,5fca900f4af2e535b7898aeb9242c9b7621f4a6aa072cfcadb2f16fc974460b5,8306a9578dae706cb633624ac8bd8eca7ab84fb24c42a779ae7ac506f8858288,0.37763783300761133,r4_parity
4,parity,1,0.1,0.9,300069,r4_parity_sigma1_lr0.1,48,ok,,0.43106471928798007,6.118984340248006,0.4115792138528295,0.12347376415584885,6174d2c5d4074cd59901346d33d990e3b06dd344d19303a5a61f4f4ab30feb69,13ddf607a526199525f36e82d6ec66fb92b3b4a84d3eab35ac1e71aa897d1d52,bf337414c9d11ba76dc5a02e23a98ae70595c30adafa2ef439346f5c9dc669eb,96b7dd580c293454a0b37a87c00510ad621aa87a9788bedbea35fe87f4db7d5b,0.37685749994125217,r4_parity
4,parity,1,0.1,0.9,300070,r4_parity_sigma1_lr0.1,48,ok,,0.3597558000065396,5.918993120320227,0.44671614063582116,0.1353549906126538,f634cc4e2d1c13934fed7a89e1dc9feab288a32e837cb405f0cb855949395708,ccdff70c19143dba1653dcbb3dbbffabc6f7f1c013b1dfb8a1e39a9aee3a3577,f552c7a0e43e097228a54293029eb471f79082e8eb80ba9538c3da13a469b216,9b1c75240905c89ca2a3a280260b215d1f67ac31cb5e11f0ba26ce764af42361,0.37449566600844264,r4_parity
4,parity,1,0.1,0.9,300071,r4_parity_sigma1_lr0.1,48,ok,,0.3245941162526706,5.880831531061569,0.4514844505026879,0.1340908817992983,a7a631ebdc901b6d1afebc5883b03deed2af77787993e7c43d983c2bd7ba4001,7a9ef81ad7224233cc5cb38b965598d9364349ed4072919e19c10e80bacca046,876f2196277e5cde99e423ccc7b42337a92cc2198a9d570dd61f1bbd1f1010b4,81f1726bfa44720bc4e45555bc97ed473fd6cd11bbaeaf2eab3dd91c4065d07b,0.3723028340609744,r4_parity
4,parity,1,0.1,0.9,300072,r4_parity_sigma1_lr0.1,48,ok,,0.30135942663089366,5.947847682563005,0.46012072291014416,0.1357356132584925,29476ceb6b9c7bc9a00c948025fe869f227afb88b4f615b258137802f2c3d508,d2f5e742631b619a124a6e2d35a067c5b263572690ea3f3a50c8fe4ba810e605,1872fbf5145f1eec068cf1358d435b547bc62e827e7c7d79965a30d5a5568465,75a8be1f0d62dda43e04511121b10c02ed818fc40490753eb5f74e067c98ea1f,0.3772365829208866,r4_parity
4,parity,1,0.1,0.9,300073,r4_parity_sigma1_lr0.1,48,ok,,0.4012887824190555,5.842201925193064,0.40809724047193413,0.12120488042016445,94d96421ca2c1b509b027b228ac8292f226d27321b9fe81c04af907c5f10cfcf,ea343b04223be8eb207fe79b900dad6f48ebc9d78b3bd560a6b589d849c18632,752ca235734d3463072b13371e8c282a8ccbe3ad478d2ae30596d2216f4dd0de,671f6661315a213caa7e471a66b39642a88467da54ee46efc7489642ec45a5c2,0.3763872500276193,r4_parity
4,parity,1,0.1,0.9,300074,r4_parity_sigma1_lr0.1,48,ok,,0.3164985675984959,6.012330339405895,0.42212192399265513,0.12748082104578184,f2250eae7e757ccf0386e915268746609495ba31fce4b4abc9a865ab6e47686a,5ac414598748c0d70db4857128449cbde5756407a395d592f1e8f0d8bf4b5c79,a9c65b94a045c2b4bf1ac6b6edb461830ba947144a38ecba2ca3688c8c195454,31264aa5764ca74fa8d3c8bd948641640ff1f0ca9c8c0fc5f3c74138e662e904,0.38098250003531575,r4_parity
4,parity,1,0.1,0.9,300075,r4_parity_sigma1_lr0.1,48,ok,,0.3317799928364753,5.905681053707271,0.46574047852563355,0.13972214355769005,7dec063783091bc2e04a4042c3c3773b5ade267b870931cdc8039fa0219f28b1,a25c1eb5d376fa0b58834737109ce6926d29c8f0a8076020763734df14b91a56,94c6b91a40a456b38721bb29354accf167b73d0201a36ce3b775ca2c4f200c9e,9b32b6f3805fcea1b340dcdffa5f1b514caef41198a9d165ed14078f5911187d,0.3823780830716714,r4_parity
4,parity,1,0.1,0.9,300076,r4_parity_sigma1_lr0.1,48,ok,,0.4728545021098735,6.139452673293172,0.41973264965712437,0.12130273575090894,874f36301d93b1a5bcbfe168684f14c2ae66efa60b0bc3f6963cb38d49893ab2,a30bb8ba2fa3f25d8d30198f6baa7b531b0290bf636c95bff3cdf4e85021d3e3,9bca2722503dca0447458a57d72ca9adfe0eeffa2c3c4751439aabc4fad54970,097885ed26dcdbe5c333ac78390fa03c9d0cc7521e34b5dd46745d5ec2417038,0.37863791710697114,r4_parity
4,parity,1,0.1,0.9,300077,r4_parity_sigma1_lr0.1,48,ok,,0.3711419219930777,5.953454636145594,0.44244228892199117,0.13450245583228532,ae4b1717c7ab36a8bf739e3c3e609f149fdff4c16f64795219832d1bdbe563af,01468e53e4630aac84262b5039324698644a6a60b78851a2244d2d5ca7d5cb3b,2543a65e9e18fca475db28b8fe7d59bf15081a2094af5308df91e95107ff36db,3085d077f0525e6cb41fe37b9faf3f52d156fb6b1c247edd21c12f6eb9ec5a8e,0.3732820830773562,r4_parity
4,parity,1,0.1,0.9,300078,r4_parity_sigma1_lr0.1,48,ok,,0.33735367894584345,5.957886173330156,0.43351355661595586,0.1296205534281708,fc507e05a21f23918e50d7f9083a51ab150f87ca134cd0efd7c9b54191cb9adb,7b9ca0f5a4d48af552fac2e70ed042c3545b15fb9af1361947503fc8f8c0cadf,fa79f3ce7dad074acaf5d472de579cc8c943f5d342852e257b5d734bd50acd0b,35f74a2aec026e5dbc41c55db2b7bf59a50bfb59387739b36af2d10a88ca9a85,0.3720784999895841,r4_parity
4,parity,1,0.1,0.9,300079,r4_parity_sigma1_lr0.1,48,ok,,0.3795805249606087,6.106835709828197,0.42675660307325997,0.13144103374656407,99e3cfde53d3779687e41c4889b2c25c000b0fcd2df380100446ba8715eb8ec8,671c1c32f5796c76ffd63fa2ee7f179f0b0fbb4e4d0a1e393c4129332e01d5a6,103845b6b6dcd45a3e2573962843f6fa7cfbbc5ce75609cf515090f94e9930ee,dd87ebb6ba3a9e06534a6d4da6a4d54fca0f1a912d1b81ce3d96241c5c22aaa5,0.3759977499721572,r4_parity
4,parity,1,0.1,0.9,300080,r4_parity_sigma1_lr0.1,48,ok,,0.39395395900235347,6.037626632946969,0.4158665005580344,0.12351235066573622,0e3d960b755d50f9638f138ca006e5501b07ca00e96338156fe514e01912fc98,1cbfac2f19d4c0ebeb40fc9e4eb17765a40b7e9b64b7903e8debdd4f6b207474,da3d1a1f09ca204a2c60964a4ecdb1d53cc4e7f16147526f73127eddf8125398,a56e0ae745d605d072ab5b27b7dc92f9c8e2297f48d784b26a96bbf34a748590,0.3726006250362843,r4_parity
4,parity,1,0.1,0.9,300081,r4_parity_sigma1_lr0.1,48,ok,,0.3334905306669114,5.977624472475747,0.453843585104115,0.13751460628654683,ba2f638e3dea8ab3bc59b28079c678391c132e83fd9186ea1da00b1add31d0c8,1a216ec3f73d111315128ec3ea4d639c9921edf923f3131c1bf95862d334f31a,747c89f42a8cff10b2b1c386c4bea876ff098886db062cf9613b0dc5b8eb5389,1d46b33faf950dc0d33b1996e35178b7a4e240ddde3144548917a67e97129adc,0.3764295839937404,r4_parity
4,parity,1,0.1,0.9,300082,r4_parity_sigma1_lr0.1,48,ok,,0.3243836027727859,5.978692015696375,0.4375408384856523,0.1299496290302387,6c99cdadc1611e488d48953877d470202aead6ee43dd801e550e79a6bd0e922d,7d0c04aaf56cf065cabc2f4d8c5c616d73547978bc744188c58727f7bfc38976,b7b5c9fd0cf22301729296585af7b035c571bcdd023094e999ab9f2ae5ba1802,7ab4ccaae5a12f0e9424205d2b0cbc0e0727e0e24dedb6a3b00ce766066905e8,0.3768307080026716,r4_parity
4,parity,1,0.1,0.9,300083,r4_parity_sigma1_lr0.1,48,ok,,0.38236619497471924,6.003805267791534,0.4586502026037862,0.13484315956551313,fb2734f5bab358e14e01f2c8e72617ccdbaab144d7802f2c8c60ee7f1e3ed644,84c7e32ae9100532c76001d8d1c47683e020e8e4c9c3cdbd4666f567820d7dfc,84a168f2479dfb207e71f1679166fd40135f71d843dac3ecee172b73ab3d4917,c5dab01dba69e80bb53bfe408a2c80752bac9426e230c06520a5c5395b75d439,0.37186429102439433,r4_parity
4,parity,1,0.1,0.9,300084,r4_parity_sigma1_lr0.1,48,ok,,0.3852565984894124,6.05250541870798,0.43124170248020266,0.1289412690415806,307f937ba084b91de860668af0fb0f69372364bb6ce4fcef6c017c30674f17bb,1cb069d54206b5c7c80fcb7a9417feaf0b8aec9e6bba2eabacd8a44cb5aed089,671b6525c3c6d4fa7a8338132fd3e8e5103d874287bd63b35cdb73823c953f61,cb7757da0040dae66b3851bf01cbd32a5f73a2d295b6b5dcf3c71225a7ff1a54,0.3721783329965547,r4_parity
4,parity,1,0.1,0.9,300085,r4_parity_sigma1_lr0.1,48,ok,,0.36221611566375117,6.012953136031776,0.40624446323112245,0.12146709450610561,b7bda8f1c6157533107318b4929256d5284403e4f9593ef909e880530d05bec6,8f4efd48e45a79dd017a1d7a311edb86e9da535faee03ae1a88e4a1c9590a97c,b9a1c30619753b609087d31c5f6bbd603a3013b6cb1492207a95405ca28c6ba7,2985faed283d3fb4976e30dee9f53f19456efa04046e933fc44d9c50ed71765c,0.3776019170181826,r4_parity
4,parity,1,0.1,0.9,300086,r4_parity_sigma1_lr0.1,48,ok,,0.3738481660389532,5.87902949711671,0.415926538673473,0.12685759429540927,7dca81a4c91012a56cee488c1a773d6401a3ad74b9a9405b00de27a2cba11f3c,e0324572697d072a56ed3c04da591c40f89f4e8378187195dcece0e344b2e000,4d97813142dcf97c8a611299a9659fdf6788ab740cc16dbd926646e34b916163,1d9ea2c81dbf028085368d157926eaf41b634595ac835a23216f130ac3180bde,0.37999283405952156,r4_parity
4,parity,1,0.1,0.9,300087,r4_parity_sigma1_lr0.1,48,ok,,0.44352539084287346,6.094825215263249,0.3974400093586926,0.11962944281696647,2cd875bdde423eb1353f1213770192b7df8bd876d40fb1aa71d29f9f56f00fee,5e9e38ede140f2d6f39e4d2630dbf7e98417d17a2d266b77b6dce2135af70253,e99e84ed987c73be34374c130effae2df712f150cf0634b138095223bdda706f,24bf51773204308c461626ad95af3fce0ddb755b5bd71b9cb6dea1688d17741e,0.38603508402593434,r4_parity
4,parity,1,0.1,0.9,300088,r4_parity_sigma1_lr0.1,48,ok,,0.3955123940228211,5.996276704860628,0.4104301268364279,0.1206664572899098,0030bf09b7aae09d5ca485e801a912df314636550145ceef5f18ad2202a69b51,ed7150770cccc71995eec6416e5eb8942b5187c46bb88744c3cce6ecfecca45e,7fc251d0bbd15bc04ad54aade468bb2f50ebbc58967bc4b87ca13e7729559fb4,26220a9ef25201ac9cd8e209a13b113fd2b0a2cc842231632892201b621a8471,0.38266537501476705,r4_parity
4,parity,1,0.1,0.9,300089,r4_parity_sigma1_lr0.1,48,ok,,0.41381394191200294,6.003187779683142,0.4724107575266265,0.13510947665261516,c661e54b95aa168b9588f9db764694b9637b19b067f1ce1ef87d834330b73929,60508639f832531b067f6ff4a1f52ad903eb5f468fd6de942af85d30e535bba0,367cf5b38b737aff08538fabfb5d92013302eb31e5ffc55820e034fb66218dd1,a32b8f612c0ced2a055c3cbb23df4cfdf149d439b46d9e6986a959ac94d2af03,0.382806416018866,r4_parity
4,parity,1,0.1,0.9,300090,r4_parity_sigma1_lr0.1,48,ok,,0.40110422550694036,6.1559186532694365,0.4439199159316255,0.13140029511576115,98cd9fd3f5a0edc83a0ad4fddaa12ced64d760278d475564fff1f1c5dd73e084,eb3f6b474d6816be6628e288f25ada76b0f7d91970b57b91c195cb1a75bdfeb0,746ba07d9794f8e0cb9ca0a9c10dfefaf2539e7b86fd26098f849a4cc53acdfe,29a7382a757de5535dcc3ff17f76f8c6456da800d1ab1610b48c9f22c2031b94,0.38533395796548575,r4_parity
4,parity,1,0.1,0.9,300091,r4_parity_sigma1_lr0.1,48,ok,,0.4438069430380546,6.1268151851674775,0.44580722228982295,0.13151313057549777,3ccc764800bf27bb75e2094ea8a123146ca3bde83ec7563c79a484f44610fafe,6d41cf29ae36d582d46a36d3d13ff7bf618a41b289a91760c47e508267a1e2bc,a533eaee2259cdb82e3899fbcbdc35924f90124e0f737799c83e5cd1f63080ce,1e23f47d188e9fa81881e0581cac6443ca8f50f94b317019fd799e691b8d4bc5,0.37951162504032254,r4_parity
4,parity,1,0.1,0.9,300092,r4_parity_sigma1_lr0.1,48,ok,,0.31925257145218283,5.890053247325483,0.4246985898548042,0.12698487836658645,ba3787eb400695bd780a7f47c9aac7da4c6b2a214e9244efbf6a555d261b6db2,312c1762699384512ffe8b45d038321bb9111baf907d3b4d299e58986f587df8,fd3c1426e8cb4d011029761ace4b2b96b21d202d5b4281e0857ff9e7624373d0,3bf7ca65170650dd2d417813b53dcabd04992fe25b766b8843e603f9b9f2617b,0.37201129202730954,r4_parity
4,parity,1,0.1,0.9,300093,r4_parity_sigma1_lr0.1,48,ok,,0.34443442226251497,5.994841931372215,0.45793180386955656,0.13966920018021475,a7c87e334d754c35efcb9e12ce12b8d5ba21cb97c762ce1c5240cb2fd48ba9c4,3cc8f5d36dcc8109c4741d577771dc446ba604413af58962bdcbf19baf2f0dc8,8873170ca64ff40ac0d386fedcb06dea50b9c190273133b53533f8a039b33e53,0959c0cdf54e6eba8b61ac832f8e085a0a55226f5f4b96e335030786cc6ff10d,0.3698625420220196,r4_parity
4,parity,1,0.1,0.9,300094,r4_parity_sigma1_lr0.1,48,ok,,0.365112063258927,5.963576301126089,0.4623822607150878,0.13732753143238108,fe0cb28c5e5207e0eb8d04b69d0a192adcc44035ebebbf0a71afe93c9c1de479,0cd090b78186e5e94dddb02b661a53946c90c56c0135969d592b1a63ed8f5b05,5152f7ab471d2e77376651c74bb7777a9571c83ff56ddb91b1d03af2f11cf405,af4e8a647538debcb6177ab3d7217721c64102cc06df1c57b18874fdce3c8173,0.3705303749302402,r4_parity
4,parity,1,0.1,0.9,300095,r4_parity_sigma1_lr0.1,48,ok,,0.4719324050069001,6.016004034396212,0.4308977883147753,0.12970023428274738,2b1d3f506c8358f83f3f6c4c478ea6624d3260edd10ad6d1d620211c296428f5,0645f2857cbee4f45e0679741b4cb95e945e216de2bf7f7e7ec41b2cda9c8c36,8a1c4b5a9a5942de4ba79aa7cba94f6a0b7484ac2bbc05ecf8a3529b4ed8ab48,1b37fce17b0e20cf54ad9248b9d3f924c258be2e29161aeb0af3e8b8a7e96c5e,0.3741247080033645,r4_parity
4,parity,1,0.1,0.9,300096,r4_parity_sigma1_lr0.1,48,ok,,0.4129754587504889,6.058076401668718,0.4174735195058706,0.12273721473472596,a8b2a6d596c52df65b7d82272c0d81d9d2c9c77626ad4d90c15fef87fa6ce7bb,a2772ee613085871d2c6c6b322c84ca766ff812bd99d4bb412f81dcb90de15d8,11b37067e5e7b6b05fa6c0b6c968aca27c45f4a07fe25d84ac1159284d8e8f89,4446e51d5fecab638d7ce06e13f500cab2500e1bc3fbe9f5e4aa9e9a85efdccf,0.37774191598873585,r4_parity
4,parity,1,0.1,0.9,300097,r4_parity_sigma1_lr0.1,48,ok,,0.40605550448872446,6.0433795218773145,0.44748885007962463,0.13111423307333,6a58ea514372c71630cb99b35cd8e07be887fa6911b53f19b5d704732fb75bdf,e8c8a21ce148719bf4d490968666825c456df5cdc48f065ce070475a9f61b2a5,408ec60a173b32d43c671743950d22b3fbcc518181ded82ef537decf46ee0c6d,e5cdbacd64ec308b183cc11de5ca81e2fed68b859ea3b2984c8550d47f656c1b,0.37307929201051593,r4_parity
4,parity,1,0.1,0.9,300098,r4_parity_sigma1_lr0.1,48,ok,,0.430911053910456,6.1340318297817795,0.4447381592255469,0.13342144776766407,998122d28dd5e545db51a6f7b951f9827ea9260ec2b0d92d5c37cb103d0ba6ff,cafbcf058d29eff2ccbf8b9b9b6915872acb9632484a9ed2be13751a7165618b,0e2d682e0f3b7823752766f88040994c84279aac8b86b0ccd6c2db8c96858532,0a164106d8d28fd47a55e74051c8c5b7d4f6f651baf06fd24031c92c3d1f102d,0.3716830420307815,r4_parity
4,parity,1,0.1,0.9,300099,r4_parity_sigma1_lr0.1,48,ok,,0.41193413407333657,6.019304411311505,0.4247938820182232,0.12913734013353986,84ae2550cdacfb1a0c04866f5109d582dc8f9d46f21b0b67a1fe731269b4c984,bfe6ea452f11a0df7fc9c4a0f46f997a12c5f847d7cb575e520f403a4bf425ea,4b24bef303469885eb85d79f9574f3f854ff1fc98903af707f3f9a593849de7b,b7c1ddfb8b10f20da544f3036d73a640e7f45db382e543e8f98a47be845c12d5,0.371346874977462,r4_parity
4,parity,1,0.1,0.9,300100,r4_parity_sigma1_lr0.1,48,ok,,0.2997783953716343,5.8977153045964545,0.4661887850957066,0.13799188038832916,79ea598cce16ae26ad8840b1327ff8de5d21fd4d9430d25e5240651e7af36883,c6cb13adc09d1c9493e0525b5e9c1857602686d97269e77f2bb4ddecac2d9281,4e0864318ee829551837ffe5fe3d66e90299499dac73e1a366fb445892b61f9c,0d1180b617f4989e89b94ac67302be9438bd183a007e75ad5619185bd26b349c,0.368451707996428,r4_parity
4,parity,1,0.1,0.9,300101,r4_parity_sigma1_lr0.1,48,ok,,0.2660997057959812,5.909922129515415,0.4564422791080929,0.13601979917421167,0fb83b7408cbc1aaa63ef4f097d2d4880365ec38387ba68f6e8c06e44ed382b4,dceb90c9b78bbf6b549b8ab484f361187309c14504d742a94a4f018d6ff4ff8f,99cad4572e3be37de5de9ebea1af6a6bd8e7f09eba7193c208531028a0aaada6,954f79e776dd49a4500c7a9908045c6778e704813d51fa43486ced2e3855e65b,0.37363587494473904,r4_parity
4,parity,1,0.1,0.9,300102,r4_parity_sigma1_lr0.1,48,ok,,0.3490786519939184,6.017863396725871,0.3999507667965129,0.11958527927215737,e006b6489056566299e5317c5e2b106d8b7edd9487990bf6db04060c6ac36307,e07ce9fa89fc078461c503cf21016be917062050bc58b8a99684204e3157ba1c,9c756a3d25cb685dfc0a627f89c204bb35f74e01dc9ba350c2004fcc39b435e0,0da8e82f7331a00eab140e202fd00fa022f7709fec291f7b5a7f10c8cf177663,0.37151049997191876,r4_parity
4,parity,1,0.1,0.9,300103,r4_parity_sigma1_lr0.1,48,ok,,0.34980967696918797,5.951322650413101,0.4268936785755286,0.12636052885835647,84e90d70cb6e50e4307e53a36b76f3648b8d6250f46defb308584a6065977352,f00bf89f1900623e01eb9a58b0cb70f1bcbb56703e588050aab3210550b31700,f49351e74453efa8d509ceb5de71f8ce765ae26c27216c7aa45c8e4757bca7bf,152d97b5ed34bd39ed4ee1e1aa84af39debeeaf9ecb82115163d3fa34ce7c168,0.37293483305256814,r4_parity
4,parity,1,0.1,0.9,300104,r4_parity_sigma1_lr0.1,48,ok,,0.3647945178680936,6.007814521094108,0.4404964971633191,0.12994646666317913,2c3887f0f74ede3f0dad59dc0d44c3389907c03911f67ef27c1dc5383e7ee93b,23cf924fe429906fb077746ef8a5906c8fbd8ade881ed87a2d573bfc29104d1b,4202a7c38b74350de0c75e71d1f62be1794a0748545df24247ecad905359d73d,c0a16fd0179442878d5b5b425709dcc0d371e2b9730b8c1877d47ee4a85ad263,0.3718377499608323,r4_parity
4,parity,1,0.1,0.9,300105,r4_parity_sigma1_lr0.1,48,ok,,0.38526708957419364,5.9695913298597985,0.4528363559842616,0.1331338886593729,de0ebb6b14e2d450cf1bf792fc262365fb3d059482fdd0b5f214736a7a740690,ca39052c1df6c96c8cc1bb2d62654af1cbbf1e3f5b76fb2794c5d04b41e0a09d,ffb7a1762afb3e5e37ddd1f00aa558db748f3a36d2eed3def2c8d51fd2760688,3ca1306e70f49c54ab1f62c6ab61526bf2401e314d39ec7d018fcdcc7ba93ca6,0.37064254109282047,r4_parity
4,parity,1,0.1,0.9,300106,r4_parity_sigma1_lr0.1,48,ok,,0.41178588969290225,6.0504436622255025,0.4512482342219464,0.13356947732969612,ad033ae221c957f89cdf90b8ce75396eb58cbb69b99f95a7271da6cfb9c35e37,745018b097730ce74ebf95cf2852b9b8067c7d69379762899184116cb2ca62da,fd3fb6134812ab3b6a395bbe4fae83ff9d54f9311f589a2de589eb766c317711,b6d39c7420318d9d9b886b30c016952af1b7f74aaee1eb0d7913e873701a1886,0.3753333749482408,r4_parity
4,parity,1,0.1,0.9,300107,r4_parity_sigma1_lr0.1,48,ok,,0.4409639797487084,6.054550657756979,0.4372784977646122,0.13162082782714826,6aae500dd352d571784f86d0556e3fa32e53a656708e352d32656ae1efcba352,15b994e67211c5c8a53560c6bd4c76368bdb22ea10aeff9b0b4fa3fe26860262,da91b2c15873f63c1a230a8d67f6b224f4c4df9dd62b0c54b3c0f00e3c4d08d3,689bceb7635eb5ea84f4e6109bb50b481c981e51f302b11fbcd345648e010627,0.3699235829990357,r4_parity
4,parity,1,0.1,0.9,300108,r4_parity_sigma1_lr0.1,48,ok,,0.30409758754541755,5.971703258854062,0.4616656207859698,0.13849968623579093,41309af3394399959ccfe27b376380ece9eca6d3297ce2213fdf23e9a6d2ac93,d97074ac83e2be40bde748920c734d9759162fbca1875f0f21dc789ac44c5a1b,ed15075c6f0bbaa0dbfd618e49585ea8710ca1bb6990788a4838b3890a1a4f51,9324a086e3337e298fa1aa0d2d3c7b550d0798c6586375225752b692383a0969,0.37114674993790686,r4_parity
4,parity,1,0.1,0.9,300109,r4_parity_sigma1_lr0.1,48,ok,,0.5243882278554831,6.171806398753324,0.417345315415841,0.11977810552434637,771fcb9213886ea1f967979f6ad3fe3f6fcea304f2642dad6194341495a315cf,927c3658ab546714e54b9ee0f95b97c491be86f54c7a00bb51e6e63694563370,c3d982fd33888ff0cab3deb3e4da996e6f9492dea1cf1ca5c8057d98bff412f8,4d34cf413c48985a091b076e4d5195a60dadc76b566e50dbad3f9bed03f21ed6,0.37534487491939217,r4_parity
4,parity,1,0.1,0.9,300110,r4_parity_sigma1_lr0.1,48,ok,,0.3585253988248422,6.035429111930497,0.4211411057547796,0.12213092066888608,cde45661617a288f63ac7c264248a144b6191f42bc1653ad3551b4b4735ab87f,b99d2d6fd8b683d6356cb6d876c164fe9843b9e33fe8788befbacf4ca22f0c2d,2c6664d1f44412e3e549e3b88f6ce156a781bd725e2b35d71699fd85cecab9da,6dcdf046bed0c572e89eda93df0f43459de1af685ed23ecdc8be9788a8c4603d,0.37933108303695917,r4_parity
4,parity,1,0.1,0.9,300111,r4_parity_sigma1_lr0.1,48,ok,,0.40985538442323743,6.163314127753163,0.4382462422307908,0.1284061489736217,e133603627b2009609a3aa5bed97281a6cbdfca6a7eea92a419745c7546dcdde,f7c0162fc827424ac8388e374e078e13fff35507f602aa06f4b2996d6e484025,5a3724fc214532856832e6d2d1b52a77e4d66c3a97ee024d9b03dc07fd5b16f4,7bc62dbb15e38fa5436239f5119b97195eb626b5ff536023da7eb275c9f34bcc,0.3807751249987632,r4_parity
4,parity,1,0.1,0.9,300112,r4_parity_sigma1_lr0.1,48,ok,,0.4125381538411697,6.1086479523362,0.39386458091681253,0.11973483259871101,644bacd763502337e0035239bd1882a2783d5b5a05ac3cf964f3ace18d859473,317341fee9a89e62d763d3abfbb2be4f20cb86c2022f5a63ff588b0dbfce4787,b5f95f7a158d8e2b46b8bd54325b2ffd6eb875b0ed0dbb9fb631bf8cead0e604,578470a000feec9c5316f43ade61f7f6c238683fb008c000ec6edddbab632b40,0.37781337497290224,r4_parity
4,parity,1,0.1,0.9,300113,r4_parity_sigma1_lr0.1,48,ok,,0.36456291862828294,5.930528747585397,0.46192561710615915,0.13626805704631695,ea02a0f906c4077add1f728f580129235b1ccebff060438ebc231b16f441728a,5757b18f7496722c3110cf0964f2bd6855ca6e2ab2eb5d5d9fe2176e26a40d5a,cad7a092806adf118404d1bd84ddc823cafb59b31129309b680305113d49e36c,388476ecfe62f5cfb4958ef621254801641222e66b9f402231207ea1f3cef5d5,0.37855087500065565,r4_parity
4,parity,1,0.1,0.9,300114,r4_parity_sigma1_lr0.1,48,ok,,0.4950240654699222,6.172654487982723,0.4452330123796263,0.13267943768912863,ce4b99d8f04992133ac07a717779dcd6cdfd51bdfbfe5caa5ff3046c4fd6b552,dc88917ed83c59b5699ba2636285e959769397710157d22d8217c2fd639b0fb9,dc3da1a83fac0bf4e4451fa252b3c866d5fde3cb9a03b5dcb413f3ad2c131b9e,fe4700dfb9f3448b3090610c71d9b14b6d3aede3e988f9963f69fc1fda140e53,0.38410649995785207,r4_parity
4,parity,1,0.1,0.9,300115,r4_parity_sigma1_lr0.1,48,ok,,0.2929836153795672,5.860876861317793,0.4507750435648813,0.13207708776451021,c463a396e85798bc68cf4a062dbaa6d994363a8cdfc6d7c9791e21091069da9f,5958f974d9825dc3c070069675227ef7f9be0ab42121f1e9539e0d2e6b750b37,e95915d125b132c7d447fbb566f65c3b92efc3e6241e98d21ba9412f727e7ec9,a2846f6afcb4cb7fa8d9f51ea0a57056bdc8836997b4b5f0954202309227454b,0.3806702500442043,r4_parity
4,parity,1,0.1,0.9,300116,r4_parity_sigma1_lr0.1,48,ok,,0.3463766079738682,5.9308154289458965,0.45408691181688143,0.1321392913387125,084daee521e0d96b4b6964217b212b6e3d0f8e53220f91810df897c8d600625b,95c1327da070b867d19ea8b2c991d0b127ec0999753a2e627a218e1fc3568efa,1b48fd53314479321e67cf2a675b823a844ff25f4e3ddbee33308c44ea550391,6f8245377636a6db2464ad97a11b7fd562d59b2605900c44b1bef35df27f9e2a,0.36922629189211875,r4_parity
4,parity,1,0.1,0.9,300117,r4_parity_sigma1_lr0.1,48,ok,,0.2791967987448051,5.923916857784694,0.45204998325858226,0.13516294499431608,a7cb6900e99f4095de6330dd8d979a9b2cf415af5be1ec45ac3ad74d3326eb57,2177432f921982ea8d382df02f0077297ddaccd66748d6c49c88675fedf7c8fc,792335a3447a17fcd77af04021c690ec40e2a8443d013cd407c29c68fa073201,dea099ef86438e80288beea427f702d1fe41a78351280af38058102f0cc2f60c,0.36854216700885445,r4_parity
4,parity,1,0.1,0.9,300118,r4_parity_sigma1_lr0.1,48,ok,,0.3379678894075474,5.9795899412564655,0.4401766411253983,0.13029228577311788,2bcd33845041cd219b498a03ec11004d81bbe9dd3f558b754d6ea545896bc7e1,b656512a7c47a60c5f0e2699f11ba568f724faf443528db6c622a46754c748b1,fc02f4d4b9ecf940f90b8221b74788db1e32f4a3a30943ba342bab882130c0e3,f11aa5d485a934f04d60476f807746e50e477116146cd4c962506cc0a4a6bb7e,0.39145550003740937,r4_parity
4,parity,1,0.1,0.9,300119,r4_parity_sigma1_lr0.1,48,ok,,0.4764282305365679,6.192711282145994,0.413760678227761,0.12247316075541727,aed0e9fe989702c5562c247fac514771a622ee069fc4d2535cb8bac20c823ea6,7ee168630ae11472db3d3cf3061384c4b41ab444816c085b7ff71d8d02ebc072,d5e00d8450ac3ad1d6c991864c31233360375c48fb0b2972e5bb75bbcb43755b,826a31da55191aada79ad69b35f69151e1e3ac5a1b8e1f2776f5cf67c4e422ea,0.39887312497012317,r4_parity
4,parity,1,0.1,0.9,300120,r4_parity_sigma1_lr0.1,48,ok,,0.42186265554502544,6.002582312668632,0.41274557872051587,0.1246491647735958,cb61b23895f2815bdc0aadf0c708a92916c48234dd8e466aac8cb4db803fe60e,31599b2d6bba43c85d8620af2e75378d2f44d1123d2eeb378287504537e26fbb,c063650c33d0d9369a8c343792f1afa9aa4bc962b7543d5f4c67756973468890,a78c0b5d37f1b626851bd8280da3c118a59427c04831ff2d50a7a88745860f84,0.3971078749746084,r4_parity
5,mse,1,0.05,0.9,300001,r5_mse_sigma1_lr0.05,60,ok,,0.4704177968056334,6.050653288473482,0.38892504470425515,0.11434396314305101,547df75d495d72b315fe564322ceb41b8419e43ddc93038fd9cf9fe53fa9e4d8,27e1e2c3dbc45cde17f5de651f591de18321454482d19b908f81fa3a5e20af67,5139485dd609a71c3413cdc8812b6b0b8c13b3f3119731cba00660ff9a03c26e,7566046dbb849bc05f0b113018ba9b5e89f8803d39636f01b753881e554b6e5e,0.3796460829908028,r5_mse_matched
5,mse,1,0.05,0.9,300002,r5_mse_sigma1_lr0.05,60,ok,,0.5165151178963824,6.2015051939000525,0.385178468773704,0.1159387191008849,fc5b1b69e7b8cc0f50f32cdfd3927bcade5b7de5f025f5e97e35f13b7dcccd65,4c5eda357008888dc1e99dacd5c9935dfd3c62182290bb6932a887ff0a66c610,8d2dd4701b1538326217329d7ceecc0e6832f16b3f6cd1aed82e2ef8a4658c52,d3729ae9b68f4ffad729786ab431f2c27c60847f54ff56098417996697211d10,0.3203873330494389,r5_mse_matched
5,mse,1,0.05,0.9,300003,r5_mse_sigma1_lr0.05,60,ok,,0.5078402968522783,6.054698703773325,0.4117921110987068,0.1214786727741185,a2e1081d9fface7a08688415de646f26dfffcce559f08e132cfb5e7e252dbf1d,833f767deaf5306522e0610877df9712365f64f25c2a9481ae98b9f1758574b8,ac3496fa37be3e439077e6adf5fa7138c940a16f296fbcd1ec2e746a38a3ab84,8b567f013f1df2b5a32e296f0888d1a6fa552312d0ad192c504f15bb6b09774c,0.31858583295252174,r5_mse_matched
5,mse,1,0.05,0.9,300004,r5_mse_sigma1_lr0.05,60,ok,,0.40860618354856487,6.095222334203656,0.42818324477606373,0.12631405720893882,58cdeaa78f51114a6e914189151f24a71007e71cf610cda51f971b31dde06f10,a0355d581f3ff5f5a74dacda51013f50e7e5b287c1670929a81b01c976ae8a59,42efc75a835ea97dbeba64db872be577042030c15482fc5334e1ae10a190733a,d1fd0d1da3a6f59f53bafd1756bfbdd52df7c0536d8fd0c25365b82df995ccd4,0.3140512090176344,r5_mse_matched
5,mse,1,0.05,0.9,300005,r5_mse_sigma1_lr0.05,60,ok,,0.4990092509701849,6.039152169813351,0.3923061024766547,0.11847644294794972,5c051b69b978374ceb2348d1862e0af437f756e529d7afc1c1186c2e54ef7e57,5b6bbd1920d2685aa73875088a12ff6c127d36ad58b03e361afa4a1c313df8ca,4c27839b329bdd01c03f8e75fd7319617cf9f4a46622491a300b0d9dfe473029,9057317f0306be6c8f73f1880ada05b1eda559ea14b92dd943b66e6c3a29ab45,0.3538156670983881,r5_mse_matched
5,mse,1,0.05,0.9,300006,r5_mse_sigma1_lr0.05,60,ok,,0.7275778418678135,6.384901168169691,0.39939657493827774,0.11941957590654505,15a47afc3148937636cdfec87f5ea1349559551ab1fed512817b9821ddae305b,ff12b0003f24e3c1c0d39d5463f83beccd48c3ccfff83cb5aee8a081df56b4bc,081d4559b5fbb6aacd3d16f8053afc233fbb1a868e4748d760a02d973ae5f1f7,3d7aee6f466c658d50929fe510d56f8d9d8809ff29a98344c3c6645abfaafcd5,0.36919050000142306,r5_mse_matched
5,mse,1,0.05,0.9,300007,r5_mse_sigma1_lr0.05,60,ok,,0.4455667932691317,6.103469657219953,0.39124386108620646,0.11502569515934469,5ba229eea3aa5e9e6cc0d94a42d4948a4f324f7232164c5b1db8b24ccebe076a,6e51f2f2d4b59e8180ad8e8c7b27acb0d8ca7076d726fafa5a2de56bf9a213f6,c69317c8a56cefe8c43f1a8b80cc200caf7bd7cfb23e8eddade9cdf85b290f3f,95277f2d5a3f04eb206391ff2efaedb233893a8454c0f856a11341cd3ece06a4,0.3800238750409335,r5_mse_matched
5,mse,1,0.05,0.9,300008,r5_mse_sigma1_lr0.05,60,ok,,0.4638380698535004,6.153247229537372,0.41864761955667273,0.12182645729099177,92d23af5bb836428a7eb153f6a2380de81f8fc80da3fdf08b509b0370e7b93c9,81d19f6042d7b3ac55466949ad7de628e492c588c338e358f96626b8c34ac720,84810cc33a0e8bf345ae48b614a64712624f834212e88a59178e86be607aacb3,8f747e1f3c3201c441436f1b599b33f7c41689dfa4f1c7235e04676012a0b844,0.3519177079433575,r5_mse_matched
5,mse,1,0.05,0.9,300009,r5_mse_sigma1_lr0.05,60,ok,,2.20441601839152,7.889208313393295,0.1567295719995176,0.04701887159985527,5600684e9ca941293ec22e3fe6f944bf235dd38fe0048ad959412b96248230c5,f9b700d2fbb94c6f5bcb5fc647d367c3a5a186efa3eb7cec51aad8776f3baae0,95a19132b5aea1bd0b7b7566f12cb7eb3e2f3bc2d3ef4c0382735eebbb9217d6,263b20f9b162748a9da3b0342da138a88307983fcd24fafbf10a34b3c856f44c,0.3381530420156196,r5_mse_matched
5,mse,1,0.05,0.9,300010,r5_mse_sigma1_lr0.05,60,ok,,0.461467413401881,6.159446482406962,0.39910029795794244,0.11573908640780331,a56b6fb7e11162aa1bcbdb89986ef350dfb815c8939edd09a86a5d1f2edfccd3,ebef873c28036d701489dd58ea3cf0f3ea8ce6397136f78ede722212fa4058f8,3dec5e851eb2e7e5e6515c1d335ddb6e1bb9652969e32a6da014c26711cc282a,e0be0fea18515bed98d0f46ccf055dac621c4fb61137f68d4901bcaf483694bc,0.3355660840170458,r5_mse_matched
5,mse,1,0.05,0.9,300011,r5_mse_sigma1_lr0.05,60,ok,,0.5993559487397844,6.269508679311676,0.3741128371766079,0.1133561896645122,e77879b793619b6b11bd41e6c0dd2126d719a2f55d9c0ac0da2f1549b0913658,a815904015b8a5020a10190b51a4a1dbcc318a510e2cdda9f1b17ab6b4222a91,8fb226dfa79cf47df546f47f48a4ffc93b22b37091cedaea541d0293f2c7d0a3,97032712c5418e6c7d359e3e3deb12fcd311f10decbb8fa3ce5ba5fcaa5c8407,0.32930029195267707,r5_mse_matched
5,mse,1,0.05,0.9,300012,r5_mse_sigma1_lr0.05,60,ok,,0.5290058059529158,6.252903859631269,0.37500508567489055,0.11175151553111738,9a73bc3dd78108b7e8c672136c1ebbc9996870d62df4ae1db431a984856c4ad2,1d51aeda2aebdfd8b9ff597f1185d611b6e9ed0df0728b69bcb6d1379cd855e0,37d62e6ecac7d79ea698e9bd78c8e1db8bc1f02f6278745581f335ec0d2a4bf9,9dbe1d032d9ac803861bec91696f18f3748c1d489e5df764f87868eba5f820ca,0.34033233404625207,r5_mse_matched
5,mse,1,0.05,0.9,300013,r5_mse_sigma1_lr0.05,60,ok,,0.5410786041775114,6.217174823308786,0.40746363443349537,0.11694206308241317,43be896293e02a570742d018597b933e42ce673588e34b4fa509ef9d1086355c,fffdef1c1b60ad8ff28008f50a6fbe337eebd5feba0cb6cdf1f62599072d89f9,41254c54302b2ff236caf1267d0712babeeb0d8b4c30e3690c15bbd6e6207c9c,ef814496dbcd01721a6205ef16bab139753f43caf62cab81d3371f89f6395acf,0.34670287498738617,r5_mse_matched
5,mse,1,0.05,0.9,300014,r5_mse_sigma1_lr0.05,60,ok,,0.38755835104912983,6.03016408633306,0.4258794968028164,0.11796862061438014,0cecdd4ef73e35260909137e7b4a9da22dc59d3d45a902be1bb9f890039876f6,023f1bdec63d2e5bed62469a7b9aa815b4634b3b7388108055538265bed25dc7,849154367e83a9b94f80d7aaf708db2aa2fa78b9d918a2f051a0ada956a8cd36,b9e4b9da563cd5ec6eb08e25c771768331bd04da15a61d72ac1cd368f07b121f,0.33388249995186925,r5_mse_matched
5,mse,1,0.05,0.9,300015,r5_mse_sigma1_lr0.05,60,ok,,0.5010231895317541,6.09404643782513,0.3943525405443878,0.12067187740658267,7d60c852db0400ac3b4314a8c7a8366b70bbe606cc64f24d1f55a53477325310,95577195c75752a3d800cd54cb592b0e570d9ddaae911f46c2cafbc86fbdada7,cb2e20898adeff9d7f72a78c0f56da3d1afdf153cd0cdfee997da64a34ad25d6,159faf21d685bfee38d6437d0389dbfce2074bccf0f5a3da09a8f9a9bd68d9c2,0.333988375030458,r5_mse_matched
5,mse,1,0.05,0.9,300016,r5_mse_sigma1_lr0.05,60,ok,,0.4496229446399127,5.9253273572876815,0.41623261575654485,0.1281996456530158,e9cb11c03b8ee8be5af6abdcc1d3777225768bd24abd02a539c763d257098807,34c39d8d5501347c5c7a8076aa73df0fd8faebae88bb05da13de3c574b7f25c5,091bbf97a41a41b5d0254fcefde8f5bb91176b9ad43257c58355f240d26f01bf,b4987df5f89c3f38b99dfb3b0376aa00144c913e41217236726964c93d3e3e80,0.3323007089784369,r5_mse_matched
5,mse,1,0.05,0.9,300017,r5_mse_sigma1_lr0.05,60,ok,,0.43177548596490567,6.063951093590453,0.4216217615383816,0.12227031084613067,3c4ef79e66878b5be9a3cc390e0d91b4b1d607483a1aab1662b84f5be4a254a0,f3ec861043fbbf94cdf36e85a09f9ce95b7156b2ea7ecf03bbc1eccf865160dd,efb0fe6acb70f8d662e9264d73cfa1be136e3398b69402ad02298c4b0fcd0979,ef0d4eca6bf23a062228b89137a34fa74328550f41c61ce6d8e21243d7b6b871,0.32623020908795297,r5_mse_matched
5,mse,1,0.05,0.9,300018,r5_mse_sigma1_lr0.05,60,ok,,0.44532482590856975,6.047338198311269,0.3847856618778286,0.11466612723959292,1e61d1562101428c9c58975a868ed0d794029be0ae2ab5b7d5405928c87d4a13,bd933405607b33df3caa53139bebdc6aebde79ef4c90313fa0ee4b523101117d,ca730c2d35e6e9b2d4d0e91d078e5552f6064eaf9cc727faa581320936c84cab,27b63132e48816d508af7c62e99be7f16a8bcb9e98b4cbefb42f674e10237eee,0.32783137494698167,r5_mse_matched
5,mse,1,0.05,0.9,300019,r5_mse_sigma1_lr0.05,60,ok,,0.5175069939176986,6.122459034419461,0.36858972983100524,0.11094550867913257,fdfd8e6a98343166e6dcd7fdd44414055adf41a5cfdff0fb23072998f90d34c2,43bde573aaca9ac4ed736014dcc914055e7ba211a6ebb9f59bd2eab92521ca4a,6e5435fcd137437881e7482b779a8d0112773ed492957caed1ccb7d41727cbf9,f5472719d63942acc1343e43954d8c23b8300d540aedbd70a3c9ed0e722d7df9,0.3492428329773247,r5_mse_matched
5,mse,1,0.05,0.9,300020,r5_mse_sigma1_lr0.05,60,ok,,0.46125429819766506,5.940756151659918,0.4148660848282407,0.1232152271939875,906ca7b0c8cf3b525f857a92fec5f7c51c7412455b4ee13098e957ea4447fc43,6ef26e9565f7a805b72693c700925b72122e52339ba7e680019adea3d69e0994,05de2884996e734b2d4984b3cf8e9d5bea0314bc6dd0f0d2400b7c77f3ad576f,9e8a7c4b2634c9ef5b1a0072ea230e4f3d21e1d34bbc9a8c1bc70c9f836e6079,0.35462150000967085,r5_mse_matched
5,mse,1,0.05,0.9,300021,r5_mse_sigma1_lr0.05,60,ok,,0.48155020720423436,6.072472282833222,0.4188272572798156,0.12439169541210524,fa4b7bfd5394097ae05f683e9cb6bd9b7d243d63a0cd1166aa9c63dddda4bf29,592d49d03e1d329dee388d65d5e7c0c74727b081c7888f72b200a3d49a9f761a,bf95bd2924dde602b0439058a9a5d2dc0b0706ce8fa8cdd5430a9877e5010f69,24420300030311cd741d864e18b4e2629b3400b49250df0c87831d93933bf68d,0.3672484999988228,r5_mse_matched
5,mse,1,0.05,0.9,300022,r5_mse_sigma1_lr0.05,60,ok,,0.44171665515145897,6.130007824399889,0.4059971951018049,0.11855118096972703,01132f8d76a31fb1533df417971bebb1e16141690bd2f32439d016369638852b,0236641094670eb129ba35350d11bcad44e89884a4dbed23ad8adf5e7b47c52e,74bd4c1b78dc4ef3febdf6cd36ec12d001dc0887f32139befd996e51bb34bf69,838817033149585f3aee4e8b88eff319b67d6427993699d83172d337dba81ebd,0.3360664590727538,r5_mse_matched
5,mse,1,0.05,0.9,300023,r5_mse_sigma1_lr0.05,60,ok,,2.4455112179958594,7.9556460859378015,0.178471305710112,0.05229209257306282,8569b0c8c05e42f7fd61099236414ab6ce3713f6a415fa14439fdfd258b928ba,d309ac4b205e9879f73bdfe3454618e4b2f8674023509d75c5d8e5d9c6444e79,f2c20e8ee18e4a24bfb2ea1b17e31e53f7c2555324789f943c687db677f31d6e,062c7365ad6a2da493d621e6280a273db9059f3b022b52f933f93adf9cd69ae9,0.33183945796918124,r5_mse_matched
5,mse,1,0.05,0.9,300024,r5_mse_sigma1_lr0.05,60,ok,,0.630703385926995,6.190836404710862,0.37504043923185926,0.11326221264802148,0790780dbf8b15e4f2cdee78286694884ef6f0989269cd40dce812f11c818968,cac32651e1651a8f3598f530661e966484a5eb6d2555c9964fd8bd3dd7a87972,a10ba6f1d94beea18f8e37b26107e2a247aba7e0d0e3edc93c683197ab0d13be,c69418d17275ebd1d1d3d74a79065fc154102602f4897c02c3453d38ff7ac18d,0.3287097919965163,r5_mse_matched
5,mse,1,0.05,0.9,300025,r5_mse_sigma1_lr0.05,60,ok,,0.5198646804795067,6.1114234032211,0.39593474682911145,0.11719668506141699,e6c0956e9a29de034cd0ea6472278f9f9e305434300df8b4e8f108cd08f26886,50ff6677861293934dc3f7a0e6bbea9c1b904b4976071959176694c02e0f577f,ebf975e58d10a21057202c8986c33de1bc32ebf374120f41cabc30841d882986,c94adfe8df9279115deeebc5f1c98a6170d6ec87ad868203e83b438725ecff10,0.3293352919863537,r5_mse_matched
5,mse,1,0.05,0.9,300026,r5_mse_sigma1_lr0.05,60,ok,,0.6559981847162102,6.256740790097287,0.38087187925592647,0.11273807625975424,8259c7252ea55af17697ec3e92fa664cfff2cc2c62b2fc54f2eea6704162cff1,3ce53c419a8d2a98d1de9e36c588e27e9bb5fe7181e80c9c70731f6462d4cb14,82deb83e05f8724114f1bdc6a69119e1317b29e5d5ac0f1c40e476fe8fd8518a,83fa808895cc9be8d80d008642412068c351bef4fc8c370c057c675249db8519,0.32807591604068875,r5_mse_matched
5,mse,1,0.05,0.9,300027,r5_mse_sigma1_lr0.05,60,ok,,0.46532777424921246,6.1199128841423365,0.3995256924580976,0.12105628481480357,555f7ef7f5300d55eab90b7abc2509c6ddd5a82433086073d518b2553e5ab635,a7d852e0006855682420200c1d8bf0f5ce4d270c112bc0971781ca1840f21e60,eb5f3779f7e83bee19c192d03c36828766fae2049869ee8c360d13873b345714,d15529a63b5a870e7c1aa17fa0a04319e156b266664131f903a7fa052ff108f6,0.32884758396539837,r5_mse_matched
5,mse,1,0.05,0.9,300028,r5_mse_sigma1_lr0.05,60,ok,,0.4221200114105078,5.943601141817393,0.41654776222125417,0.12288158985526998,2c90d269abc02edd082587ca1c45ee3ffd608040bfa33037f48b60e800345af8,a6c7eca434b19ab72070f4331f4b1381a949bbc03165c5322c19b18d31fc02b2,0d69fe63c6b412c7208dcb5ae1c604db007c0b0123a00fc750fec84375e4e263,aba7ac212f7e58bc812dd64256f65ecfaee3009fc3e1d2f0e1617ab15858584f,0.3235570000251755,r5_mse_matched
5,mse,1,0.05,0.9,300029,r5_mse_sigma1_lr0.05,60,ok,,0.45724494824178097,6.079770971928403,0.38235781514424927,0.11470734454327479,eefaa70b2e4f9712c8d2fad79662c2cbf1b04130f1281468ae404c807d3d474a,1871ee4f3ec66be83578b8d08c9fe3fe9d7e22fc8fda48d8e405c13fa4ada97f,b74ae40212afd8ea4f0660da483468f2a5f6f6d7fe8096f147df2d654dca3bc3,5374105ff00261bd0cd471664aa26839c6e7feb24c0439550bcc5d71b6b19ade,0.3266137079335749,r5_mse_matched
5,mse,1,0.05,0.9,300030,r5_mse_sigma1_lr0.05,60,ok,,0.8451047225139388,6.528531772106774,0.2967707606324991,0.08992154047164722,689c46954bb970719c1ccbfa862609bf50d62d91f6ddf57a68b1db613dccbd89,a56675cf7971dee4a5708aaa7631775cc4ee0dbbf031c92437f8dbf764a22761,5789ca192d7dcc0ae0a3ef4cedb55d118ea497b10a30ce0fb0c2b977dec3b14d,8e7fe66f516de32121d1051ef99a34dab0ff4483b1b7ff915604418b217dc6f7,0.33649854199029505,r5_mse_matched
5,mse,1,0.05,0.9,300031,r5_mse_sigma1_lr0.05,60,ok,,0.5331363709158066,6.043250318484098,0.37505011261772536,0.11289008389793534,caddfcb37abf3009ea99deb5316e1db13d5b0c34c98f7fcd4ecbd61674891add,db3e5c14e5fd1b464928c9903eaa0097bdefea6f9ef8c18e0c4d0f68471578e7,27753c8ac8970e1421e4a6a03fffc62d5aa8c4540183a70373f285cb278a3002,0f63f5f3186268542d2059200f1dd1781e96dd350ff878b69f54aa927538d17b,0.3335029170848429,r5_mse_matched
5,mse,1,0.05,0.9,300032,r5_mse_sigma1_lr0.05,60,ok,,0.5880499560119392,6.116345076762885,0.3459701166068213,0.10517491544847368,0cafa4d93d49dd1f1f96e591aef2aa1a0071f194cff785af1ee2ce77d0de7756,04c9ef5c63f89d8d6e9b8a0abd0768718e42d5a04c327b4c018659155256db82,15ea293df2fff0e38860609fbc1ffdabd9aa290486352a176e14da3977419234,b83d7cd592916b22bd5e2d8590832ac4b2031e439979f2caef520a5f3297882b,0.3250113329850137,r5_mse_matched
5,mse,1,0.05,0.9,300033,r5_mse_sigma1_lr0.05,60,ok,,0.47769894394902135,5.972010637101993,0.39149127393586236,0.11783887345469458,7856a8c79f49862d335530e7ecca990edcfcd44e2430b104e8e8b151686a6e47,57645ec48930a4c1e12aca637d5e92fbb621813907a9a2934b04b342047ed618,088fbd931fe961b93c28bcf607e09589b574c7e4d887f4f86bb4a764212343d5,38583552f40ab564cf5f14ac69a1195e96879703550cbdef5565546dc86d0eab,0.3121653751004487,r5_mse_matched
5,mse,1,0.05,0.9,300034,r5_mse_sigma1_lr0.05,60,ok,,1.4076047012585013,7.120040536906012,0.30388018759199514,0.0881252544016786,265709a031a255d67a159004510d8ae9eb9d1243c985ab835f322589dfcaf0f1,413113ebf5837c734743bc6fac245c377f6d4d765fe16dadcebe845b6970ecc0,919947e507cef50265be52785de2363cb5a906830e10047d81c23d360fda5fd5,aa83c09ad07c0254c1c6230abbbb38b77b887696431ac15e204f85c1ab97bee2,0.3141358339926228,r5_mse_matched
5,mse,1,0.05,0.9,300035,r5_mse_sigma1_lr0.05,60,ok,,0.47833971212752974,6.0125971104250855,0.427830942992061,0.1270657900686421,a7c9f8da5f053c87a9def53188cd1c7b7f13817ab7c058c3a0e9a596c18599c1,11b8d6a0d4a74720af43b2d3caaba1e6a3f04e87c01ee83efe4d105817f577be,4b734a4f34491b2deefd6a3bf2812ba2af993350b3b2c933d7e24b5fa3a6e6df,ee7727306af7072c692aa0698bf1327fc56cc3ec3c8d445cd8c30af3531b0aed,0.3065959580708295,r5_mse_matched
5,mse,1,0.05,0.9,300036,r5_mse_sigma1_lr0.05,60,ok,,0.38978601634966825,6.077844533543873,0.401509499917656,0.11804379297579086,22e590454277a117e664fa941ea99ad8f30ebedeb9c6b160f358ccfe31a4ec13,4a1b30cf27c2d621e06e2bfd1f031cfb01554bf0205e819cf31f51918f94ce7d,3d283e9d0a16c32a0ad4216192433dadc41646dc69c85743fe9d39749fc79ea7,3f75e1153f4394cf17c0cdd2b4d096a54c816d2643931ac432db4252e159f8b0,0.3092110409634188,r5_mse_matched
5,mse,1,0.05,0.9,300037,r5_mse_sigma1_lr0.05,60,ok,,0.4112957567018364,6.097209130413472,0.4486849467666101,0.12697783993495065,f0968699341ec1620fba5f45cc467b965fd0a832614c2f270113853125578534,ca4f3809d1420c32523738a8167122c75bc9dcffdd8c533cc422527ec8511726,75712c62280eb15659b65154bf98822c2427a9ffb2fcf1e0b4595821a42be079,638c8815a941bed7593a69ff3f1c278d4464cf02088821d2e8da0aa89bffe04d,0.3142917089862749,r5_mse_matched
5,mse,1,0.05,0.9,300038,r5_mse_sigma1_lr0.05,60,ok,,0.48045165349561236,6.091271079272363,0.41051964978302746,0.12356641458469125,aff3f60d957ad1bd6b8c2456f9ee3a6386b8d361ecaa85f54ae4f6bfbddbe902,0d3833058011035bd683ea656900b18bdfa928d26ea9f2045a93b3f0902d7d95,6eb2ce209e17cc8dd96d26ff534bfd5ee2ade815b21acd43e4b818b4e62d7931,164caf4cea078f77c6cb0a75d891c34b42ba5ea729191409f0eadb1c81b4d7b2,0.32224604196380824,r5_mse_matched
5,mse,1,0.05,0.9,300039,r5_mse_sigma1_lr0.05,60,ok,,0.4353686696632592,6.009093498118921,0.4079576517836757,0.1158599731065639,4bf06104aa241b940a7daf009513d821bb13b8169b7d99bebfc074a6df500c2d,d8907a883af4e8a955b74b01aee12100811c29821c76d51119f417e1dd3d9766,2e287c46a5ee79e02dacc80ffbb96bc6e0cf49d8180c848b65b73e01c6deb48d,fbf9cc5e8c6472d301b529cf4796e333076fbeaa4d7623b4aa6b6146a5e2abdc,0.34271966689266264,r5_mse_matched
5,mse,1,0.05,0.9,300040,r5_mse_sigma1_lr0.05,60,ok,,0.568746439728552,6.147868442147575,0.3632907037048464,0.10935050181515876,79798a2e527fb88ab17da97fc950bc934e74d76207867b2377edfac289c7ce06,6b14f0355647f998c5a55c0c33416830f720e50e7f81ac5277dd002a135a6761,d1608375cc87fdb19f69945a74a45db4f63b973f9be7875c9df37c6a1477ad6a,16f10fb01945af34ead6032bfea97fb08db4eeefacb8b041fa492ae82273d0c5,0.3307506670244038,r5_mse_matched
5,mse,1,0.05,0.9,300041,r5_mse_sigma1_lr0.05,60,ok,,0.4288186510119703,6.083681732840447,0.37060324988026727,0.11192218146384071,46829aa78c5762a9ceb54ca8863f3480de6482517bfd1e43afb0bf0bd89ee10f,5fe2e72c346db70edb03802941639391b013a95df940dd11e187db63f3e31d41,0e267490f3c2c6671d58182e56c81e30e7d4458c8378e45d6923268c70c8ee71,875ff61c46e2f3863ca3f39712891a8c62ee41aae8dd7ca6850d2c449f307128,0.32281070796307176,r5_mse_matched
5,mse,1,0.05,0.9,300042,r5_mse_sigma1_lr0.05,60,ok,,0.9215196505831565,6.594883713780889,0.3568741128545895,0.10420724095354013,d1de4d8d5d0089d4d77b163b6384abdb2b66b12058825b0360411bcaac5ee92d,c96616c67560f50dd3cebed2c47ab6cb33774c80774dc35950ae0077ea90dce9,18fdae4f8db78a816d832e20d58b97c1de48bc6f7f88ed6646696914c14ff600,f8a893f39f69703e159f80065004286f15a217c61fc2f7050e5e371bb84eb592,0.31161866697948426,r5_mse_matched
5,mse,1,0.05,0.9,300043,r5_mse_sigma1_lr0.05,60,ok,,0.35955151461290125,5.965571332220226,0.4312909507453434,0.12421179381465891,ef8e7bd25984576db7218ca16ec08bd0e975634b20df074f8af7de4fe7fbda55,53f7262f5cd4d611f0f38b893d60ff604847d5eca0ebf2e1a7e1e98ef996a655,5afec502bc786f658fea952918111d939cf155e9ace7e1baf206082f4330b544,1e2e82f0c7a083bbc764097f49731a76a581ab344430391f2a2d15f5482de807,0.31333050003740937,r5_mse_matched
5,mse,1,0.05,0.9,300044,r5_mse_sigma1_lr0.05,60,ok,,1.1601972730732204,6.771449870795076,0.37049752771670447,0.11411323853674497,ea06d8f954be15f088b6b90d0574b59f97197659e1302f3a9a0fcf4587fe8a2e,b404b0e35919d04ba7b0a4787f4141bc945414ba3d55c84d25c5d179efb132dd,76a391884e2449bbf468c169e23aba86e65dba0887fe467417e273025fbfb544,33ceac7e330284bd5dabc9a68883f7136f9084f8234b700bbe0691ab1bec14ff,0.3114924159599468,r5_mse_matched
5,mse,1,0.05,0.9,300045,r5_mse_sigma1_lr0.05,60,ok,,0.5011407680788605,6.193495301154517,0.3955358717981312,0.11628754630865058,2bd910b6630755e770f64ec326f47885a46e28caa1cfb2ece9898be6c52254a0,0d407ec9546bde5c8283677841f884df398b4edf2732dcb0e9dd9b8da082f3fc,9538d1aa342c73294ce7b8156249c51a2b6f1621d64fb424dfecd9f78b6f2f77,17e41cf817303e3b1f41b94a7403ab45805a24c41e5e3700a2168737d5b214d9,0.3065337080042809,r5_mse_matched
5,mse,1,0.05,0.9,300046,r5_mse_sigma1_lr0.05,60,ok,,0.35443314845224627,6.041731897633571,0.4199032595111287,0.12639088111284974,d5da4b35bdadfc27dd3908a7c92fc60c1ff033f7604349db35b46f48f15ce767,ff0c44f2c421e6eceb92495760ec4e53e943b09896522d93659840e35221af7b,d8f6d6f1afc684e3dc00c91c7608f064ae403613fd581aaccfced30090bbc48f,dcd25088b0d821cb4ed001dc36a50abe6f8298205ab4565c9f4b9c5ece1e22ff,0.3079740839311853,r5_mse_matched
5,mse,1,0.05,0.9,300047,r5_mse_sigma1_lr0.05,60,ok,,0.781183537586085,6.343034612617741,0.3650722957612539,0.11134705020718244,ba80f6c2328d41463530a291329dc92669415ea45bc43bd361aa88ed368fe2cf,f19e3d15b50f8f8cce7c1ecf8cd85899aea4f5e9b0c50a8617fe9a8f75ab8daf,8f9190dfcd25099a9bd08935982c4c690e3ee10987b5f62e817214f0f6baca7c,95957055a78defd01d9a926add423de4455edd1d1c4cd3efd9f9f7967adf34e6,0.3141975000035018,r5_mse_matched
5,mse,1,0.05,0.9,300048,r5_mse_sigma1_lr0.05,60,ok,,0.3774870923315422,6.040268278127054,0.4389919446174273,0.1303806075513759,2cebda7b822c6ea3ea437354fbbb1e7ca35303cc1db6c1d50b269ae1ad585e6c,b04449e3feda4928d4221f04eb43121fb8b890df6ce8d3100a7497b322c3cde5,e28d5233540073bd29e4381f76f6ce8906d3a61ffc8d3ea5ea1f9225f537abca,015d809c06bebf54e81309f4015b7fc2f308eb5b303315de710acbb74970022f,0.31300120893865824,r5_mse_matched
5,mse,1,0.05,0.9,300049,r5_mse_sigma1_lr0.05,60,ok,,0.4195553252493362,6.074618492902709,0.3784806915368857,0.11430116884413946,4dda00783c3e9dbc89186954d10259bfe245724c40f8919bf579a059889831b9,800ad9b5f0a3eabf05aa8276d0c4ca8cd2b65ace12abe3fcbd9065b9bc20280f,904e474c55bb7cc6796f3eea4a2496a8682f17a2a1ae5fdd368670b873a431ee,d41fda07ceb9802e800dee2602fbe5d42f71746219017f8d2bad37e12679754c,0.3352048749802634,r5_mse_matched
5,mse,1,0.05,0.9,300050,r5_mse_sigma1_lr0.05,60,ok,,0.45238776350471216,6.09648264000706,0.38314104579185243,0.11494231373755573,390f2b6ed4c28899f7489d28d61acd3ab3dac981995fc19428cbf72154196d5e,0937bba965de3b29400cb0316413f15a6327a16e51075e2bd85761227b696178,c5fe3ea8d86c7d0cdf0b96e9f6235438cf1377b9e77bc169160e4547b5bc5dcd,2cb3788461bb404491384778d2f805f259a337e4c8b6e2fafd05ddfb374c97e3,0.3349024170311168,r5_mse_matched
5,mse,1,0.05,0.9,300051,r5_mse_sigma1_lr0.05,60,ok,,1.551617942926546,7.187467934514255,0.32918159863414337,0.09645020839980402,40bd3fc16e77f7f16b4a4180dd17723bd6a874c87a2ba15961fb2d1de37f22be,3e8a74a0dae522d0d97418de854467a0d05ddd3958b9920af2b9026372da8f5e,c6ec9958d28f0d09e0034619da29818b6a30848631144d857349f34eed7b45ac,5b6bfa3a3bb0fa581745098bf79efde16e80151d6f09d66fa5a7f57298eb746d,0.3391351669561118,r5_mse_matched
5,mse,1,0.05,0.9,300052,r5_mse_sigma1_lr0.05,60,ok,,0.4348693967147682,6.048268034491139,0.40166353610583627,0.11728575254290419,7ac760f36d6a12efcf52e8294de109c9d9887444b5e5cd9434e0ccb624564774,7295e148730692031f359fdf837044caacb2ebca1b6665c815a15a29ce443773,2965faa7bba695af7c477181057c12a109834695e8be9f938bbc4c6106d3e450,573faf82adb95a7b15fcc4e720e4758ed5a668798f1616373343a691601ed266,0.3276600829558447,r5_mse_matched
5,mse,1,0.05,0.9,300053,r5_mse_sigma1_lr0.05,60,ok,,0.44288847952310956,6.133967216658115,0.3778815250069772,0.1126086944520792,07dd12f5b5c72d4ce65bff27a2ad311d79b21736ffc2b258c075480649ce387b,d9852a48342447f1e59125dfb75c6b8b13de5a1031a1a2f49fcfcb34ff893dd1,3fbf12a2335c685760c9a7da04f357e930d2a6c8cec0a3f7cf99812fb31f631c,63eb0eccb974efba7417344ec458122daafc29c04fc31d254b60b81d49170f2d,0.3358379169367254,r5_mse_matched
5,mse,1,0.05,0.9,300054,r5_mse_sigma1_lr0.05,60,ok,,0.5704780326249905,6.256554626955518,0.3876609144552667,0.11823657890885633,30dd86d095ec5d698c4e2c00c27bec4505fe1de45ca78a4c77bfdaf9a1ff2a4b,88556dbeea38b9e3f76af13cabc3a013f5842a42df9d64f8a2f8711bde460ef8,cda9ec4b58a395c6a63f62bff10349053f88ef6e368023afcc6ebfa55af13ce1,8f62111ee47caa98846a632846ba07e1a984ac3a969ef3a4b02e9cae088e501e,0.3489447500323877,r5_mse_matched
5,mse,1,0.05,0.9,300055,r5_mse_sigma1_lr0.05,60,ok,,0.4272031312553395,6.111792494995089,0.4075152837976929,0.12429216155829634,08251a850e5eaaf3bc0db7235541dd9880d2de7b33498b9b1ffabbcc6a82e031,16103b6a02a3e8dfca8c66e03d66f1b0e1227382f6ee949182c74ddd9c1d66d2,81c8bda5ef9bc415f4dd332a7d7160df8ca6fe0c33eba04eaa5362374ed9aa6a,a1502094c561f565ce135d9a03ee056447ce3d1b55de2d875fe4e15281c49135,0.3653017500182614,r5_mse_matched
5,mse,1,0.05,0.9,300056,r5_mse_sigma1_lr0.05,60,ok,,0.43691525801817466,6.032568799893192,0.3807666615454068,0.11575306510980365,d3ed01aff926b25fcd5ab72720d1b1d98d64c483df418e299d719ddb69984290,28a8d7c637b0fe9a248ae3d50677aa2d4ae5a6c7369f00f0a65b37272e587765,8a1fecd0c5a7c6fa04d9e96767d5ecfa425560663737bd394f05de14b2ba34f0,8f65d96434da177ca0bcb87d89d3fa6ebea7f5136cc69c1f6bd48fabfa91a54b,0.3558509580325335,r5_mse_matched
5,mse,1,0.05,0.9,300057,r5_mse_sigma1_lr0.05,60,ok,,0.5564561112307866,6.164999250749781,0.3964100475805507,0.11892301427416521,46b86bb023c8eefe512ae0b282cadf490362356ee2bae4f1177511af1d02223d,23efabe96dacd7a930475e0fbfddeb62fc5649c0a94c45d1506afc56e10053df,bb23dcf2c612d453f8410d01d30d51fc1527c438111a3a75d31e45d652f2f144,43d080339e0c99f8ca01afa5719bb3d353896a7f271b8ccb2ebdd8b9aa666f24,0.3420590420719236,r5_mse_matched
5,mse,1,0.05,0.9,300058,r5_mse_sigma1_lr0.05,60,ok,,0.42266885494513473,6.10061746502587,0.42551038305100214,0.12637658376614763,be54da548939eb34c198c5b8af39c6b40768c19f8c0894ee69a24207b6b465e4,e56069914c786018770bce1a7522f77d4bddd47cb0cd7f780c1e90b386a09398,cf4c30f082660d6bcf3536c74f01f5f8606a35c577bf75008cb820343fdcc813,88e3b2d727b14188879889a74f53445a1e361303ac7312c1bd0a9acb41172224,0.34478162496816367,r5_mse_matched
5,mse,1,0.05,0.9,300059,r5_mse_sigma1_lr0.05,60,ok,,2.054290256066553,7.632561611700395,0.20978452917182389,0.06251578969320351,86975954ea25afa24d148cd0d80a4f12817f3bdbe7943fd11114ef1e5512ca2e,ac92c365f27d645f30db1d16e6504134289e056b66e3d0432559610015e7b01f,0caf4c321e7cb267025c11ad1893409ed242aaed18430ccb82e8fb877a03a71a,9fbad130d30fceda47941c63ac9b9d853fac7dc1bd015fe6d58055e34ad389ee,0.33664124994538724,r5_mse_matched
5,mse,1,0.05,0.9,300060,r5_mse_sigma1_lr0.05,60,ok,,0.5086664615054562,6.166961772415388,0.38449331687825233,0.11419451511284094,ef3dfa0dcce3266b8e64b5185906508ef9724df33f314b80d6e605d6a76f6e29,85f9e8162e8403ef1422e75acbbcb246cea4fcfcbf305c2aaefe1134d59965ef,149a9709d9e042067aeffabca69706e3f35b4871483d6b058215047a570b561e,56a352e055e5cf231bc31994b3b262865708ff8d4afc33b5f484dbb677243f96,0.3450152080040425,r5_mse_matched
5,mse,1,0.05,0.9,300061,r5_mse_sigma1_lr0.05,60,ok,,0.5165786388393461,6.07943894921943,0.3955766767554305,0.11669511964285201,cebafe01e6af0ee95f79d83a58cf7c3e9005f4eac4718eaed5302c26f67536a5,a034bb4db5a0ed251a7830b45b049184cd6466ad4c690b2da4604f786ad3f27f,aa0b4cb9a4aed22558dcd9ab4ad6708290363b9f202dffb828767aeaaf149956,f2a6b88ddac4cbf0cf0eb83c302ed317257489aae68fbb6239e981de873fd8ed,0.33462991705164313,r5_mse_matched
5,mse,1,0.05,0.9,300062,r5_mse_sigma1_lr0.05,60,ok,,0.5400483520464872,6.122838117929863,0.3673017389916684,0.11312893560943386,b31435f2845f9ffe580f90ef95b59358e3d48dd35beec15b8d9a352d33daa705,d7eb8769059fabae7482833a3bdb6411efc7b8bbc9dad9030069e8fb4af0376d,8c494eebeb1dd11901cd552131d93113493560c93686142d2ef6a0cf63718a04,8fb6aa50f7198d53edb82d34519dd38c04dea86300b263678256c2775771d742,0.3336430829949677,r5_mse_matched
5,mse,1,0.05,0.9,300063,r5_mse_sigma1_lr0.05,60,ok,,0.8729801296426104,6.437183370692634,0.38290788445206264,0.10989456283774197,d6d2c5ebe7f763691e03746a41367e5be0344eaf5fdc66167695a8638bc42d03,443b43e8d82c93a9b6859f49bc9c1384d25cbd44a30cdd875c6562dd650ff6ff,63a49ca139966fd117cb0d1574a6c653f891c0d5bb380ecbfb748887372c093a,b36dc16d4def3118e2847f55a90751d1c4a10f534628390cbe90f8bdbc4c631b,0.3376650830032304,r5_mse_matched
5,mse,1,0.05,0.9,300064,r5_mse_sigma1_lr0.05,60,ok,,0.4612870597223832,6.061666975294544,0.40691793539397886,0.12004079094122376,a2279af607d348c7eb3e3b3dc6d4045842a3e1c8cd56db71ed3c33fdd34d83ba,2d4cb5b9640c9fd1a8540366892d9096ce2ffb3b0448e9de439604e97fc81b00,a60d6ff3c236c74883f3d56d9513fe6b82356d9569548a0f505587ce60f15124,ec2d95d5bc86e06a44fd535e3317cf665899ceacb2dcc0c248a982b85e5ef041,0.33431279100477695,r5_mse_matched
5,mse,1,0.05,0.9,300065,r5_mse_sigma1_lr0.05,60,ok,,2.630101344333007,8.150005325511861,0.20346290811436496,0.062056186974881314,1cfb2f28eb8cc948dd0f1611cb56cb4e6560995412560e94f6b63dae98e6ad18,5880d14001810cdd467dad4ebafe5b0d6e501f3f570a4df3600f1534c2b7616a,83a063c9facca304555c6b75864aa3c0435015950dd2be247def8e20db5f93f2,e02946b35d9ed00ba43934f8b726356bc6d145908f0666a9cf86c817db094a16,0.3313448749249801,r5_mse_matched
5,mse,1,0.05,0.9,300066,r5_mse_sigma1_lr0.05,60,ok,,0.562482473406668,6.254524435254,0.4284578602337981,0.12510969518826903,708269c9fbc27a8cde579e683a6367880c14143b935f4908ad90b01362b99244,6549ca8b41b89433ed9700fa8e4e609e210451b9c7ebfbe6f1edff98e603ef32,12734b4ddd70be818e51b8789118d4874bd123c61546d70ac001d22e1c307a87,bb9bc7b1cfdeea65ed1be0f8a849f5184dafd68413f849e592e4944411dc8e35,0.3364923750050366,r5_mse_matched
5,mse,1,0.05,0.9,300067,r5_mse_sigma1_lr0.05,60,ok,,0.5486241469490528,6.2033542137452224,0.39265226869756165,0.11779568060926848,081f0a8188505511354ed61a498396ca9f725e574fcce6253e57e031ed00a1a6,e1589b617124f4cb79e463a004e07e664bcf84d0d57ca0ccfcc221cb90bd6916,4f1d3d78a800b087a806b58eaeb48b3137b97b5aaf06c8d22e51da8fbf7d08da,bda9bf3b293cf5db9b5cc889702bf57abef59b2a21702eff69f871ff4bac38df,0.33625133300665766,r5_mse_matched
5,mse,1,0.05,0.9,300068,r5_mse_sigma1_lr0.05,60,ok,,0.453893563360095,6.069016387121301,0.37065149076067183,0.11267805319124423,0bab71e6eca3d3074b94363a2595e397768bf164f5737259b49028335278c69f,2352320ecc2428f76669b117992f88aa230efa0f74713ebf4f0d5ba8b32e0b81,5fca900f4af2e535b7898aeb9242c9b7621f4a6aa072cfcadb2f16fc974460b5,7246c5a1cbc10788cf188ac72e910c095e54562a048791aae550bb23bb2e2cc1,0.3466805840143934,r5_mse_matched
5,mse,1,0.05,0.9,300069,r5_mse_sigma1_lr0.05,60,ok,,0.4606448675257606,6.1253883642146985,0.39936179201063304,0.11980853760318992,6174d2c5d4074cd59901346d33d990e3b06dd344d19303a5a61f4f4ab30feb69,13ddf607a526199525f36e82d6ec66fb92b3b4a84d3eab35ac1e71aa897d1d52,bf337414c9d11ba76dc5a02e23a98ae70595c30adafa2ef439346f5c9dc669eb,6df8d4730bca4bd107cc4729fd75d700b526f657575b47851a2e2bada2b5a360,0.35119549999944866,r5_mse_matched
5,mse,1,0.05,0.9,300070,r5_mse_sigma1_lr0.05,60,ok,,0.49944981125654464,6.035114532282435,0.4057860117228656,0.12295316155202828,f634cc4e2d1c13934fed7a89e1dc9feab288a32e837cb405f0cb855949395708,ccdff70c19143dba1653dcbb3dbbffabc6f7f1c013b1dfb8a1e39a9aee3a3577,f552c7a0e43e097228a54293029eb471f79082e8eb80ba9538c3da13a469b216,499ed8e84380f3128ce003636d20d6c72c0d40da701ca7cf0a1a50eb69951251,0.34944295801687986,r5_mse_matched
5,mse,1,0.05,0.9,300071,r5_mse_sigma1_lr0.05,60,ok,,0.4332785341176391,5.994843597760032,0.4667123624425576,0.1386135716454396,a7a631ebdc901b6d1afebc5883b03deed2af77787993e7c43d983c2bd7ba4001,7a9ef81ad7224233cc5cb38b965598d9364349ed4072919e19c10e80bacca046,876f2196277e5cde99e423ccc7b42337a92cc2198a9d570dd61f1bbd1f1010b4,975ef54f104371b5bc566442294b2bcd9a08ac735b93833cbd97ab1b71b2a6c7,0.3404568749247119,r5_mse_matched
5,mse,1,0.05,0.9,300072,r5_mse_sigma1_lr0.05,60,ok,,0.5648151041041656,6.197879792688273,0.3864939293570567,0.11401570916033173,29476ceb6b9c7bc9a00c948025fe869f227afb88b4f615b258137802f2c3d508,d2f5e742631b619a124a6e2d35a067c5b263572690ea3f3a50c8fe4ba810e605,1872fbf5145f1eec068cf1358d435b547bc62e827e7c7d79965a30d5a5568465,b85886c08c03931b8166e0f68c9674922a7ef0cc38806d790bc6253e2bb3b592,0.3355099579785019,r5_mse_matched
5,mse,1,0.05,0.9,300073,r5_mse_sigma1_lr0.05,60,ok,,0.504547522582178,5.926017524763747,0.38658388456282666,0.11481541371515952,94d96421ca2c1b509b027b228ac8292f226d27321b9fe81c04af907c5f10cfcf,ea343b04223be8eb207fe79b900dad6f48ebc9d78b3bd560a6b589d849c18632,752ca235734d3463072b13371e8c282a8ccbe3ad478d2ae30596d2216f4dd0de,9d58fc4dc8fac32e9850b7f5a50f949e418ce0fc962d3dcd1ff30f25dedb3464,0.3301755409920588,r5_mse_matched
5,mse,1,0.05,0.9,300074,r5_mse_sigma1_lr0.05,60,ok,,0.4594502168598905,6.153974968274115,0.3752453768901781,0.1133241038208338,f2250eae7e757ccf0386e915268746609495ba31fce4b4abc9a865ab6e47686a,5ac414598748c0d70db4857128449cbde5756407a395d592f1e8f0d8bf4b5c79,a9c65b94a045c2b4bf1ac6b6edb461830ba947144a38ecba2ca3688c8c195454,4be7d4c18a7579d076e5a26687e131896c5c682c7919761912e46d12db6efc10,0.34585558401886374,r5_mse_matched
5,mse,1,0.05,0.9,300075,r5_mse_sigma1_lr0.05,60,ok,,4.12025483660079,9.643700587864464,0.2665327542752854,0.0799598262825856,7dec063783091bc2e04a4042c3c3773b5ade267b870931cdc8039fa0219f28b1,a25c1eb5d376fa0b58834737109ce6926d29c8f0a8076020763734df14b91a56,94c6b91a40a456b38721bb29354accf167b73d0201a36ce3b775ca2c4f200c9e,34b0ac90aa24c4c951e595d5a9074587b44e3d538ddd99b603f6649f9116c80a,0.3417223329888657,r5_mse_matched
5,mse,1,0.05,0.9,300076,r5_mse_sigma1_lr0.05,60,ok,,0.41453846189980403,6.072321812712854,0.4214482046155944,0.12179853113390678,874f36301d93b1a5bcbfe168684f14c2ae66efa60b0bc3f6963cb38d49893ab2,a30bb8ba2fa3f25d8d30198f6baa7b531b0290bf636c95bff3cdf4e85021d3e3,9bca2722503dca0447458a57d72ca9adfe0eeffa2c3c4751439aabc4fad54970,d1097a9f663a2e7a9d7cbfb74cabe0697bd1a3abe5d20012e571cc42dda33595,0.34464466699864715,r5_mse_matched
5,mse,1,0.05,0.9,300077,r5_mse_sigma1_lr0.05,60,ok,,0.5021834152273346,6.083873359725267,0.42527007685432067,0.12928210336371349,ae4b1717c7ab36a8bf739e3c3e609f149fdff4c16f64795219832d1bdbe563af,01468e53e4630aac84262b5039324698644a6a60b78851a2244d2d5ca7d5cb3b,2543a65e9e18fca475db28b8fe7d59bf15081a2094af5308df91e95107ff36db,5379b08f93602aab871f6a640fe91da2eb05ab96bf0f9a6f360530c00fd8e106,0.3293880829587579,r5_mse_matched
5,mse,1,0.05,0.9,300078,r5_mse_sigma1_lr0.05,60,ok,,0.4680351103169127,6.0738809018890905,0.3864201030959619,0.11553961082569263,fc507e05a21f23918e50d7f9083a51ab150f87ca134cd0efd7c9b54191cb9adb,7b9ca0f5a4d48af552fac2e70ed042c3545b15fb9af1361947503fc8f8c0cadf,fa79f3ce7dad074acaf5d472de579cc8c943f5d342852e257b5d734bd50acd0b,07c1cdf1efb21c1409d8044f28ed6bfcaf48ac9d886d634fdd4faecd518a6010,0.3283948749303818,r5_mse_matched
5,mse,1,0.05,0.9,300079,r5_mse_sigma1_lr0.05,60,ok,,0.4529730474812601,6.188820271305026,0.392992537443738,0.12104170153267131,99e3cfde53d3779687e41c4889b2c25c000b0fcd2df380100446ba8715eb8ec8,671c1c32f5796c76ffd63fa2ee7f179f0b0fbb4e4d0a1e393c4129332e01d5a6,103845b6b6dcd45a3e2573962843f6fa7cfbbc5ce75609cf515090f94e9930ee,291d0c994e6848552081a19bba80b30348db8561b9fad55abeb4da97b3ba4cf6,0.3296406250447035,r5_mse_matched
5,mse,1,0.05,0.9,300080,r5_mse_sigma1_lr0.05,60,ok,,0.5082097612073404,6.193199543956061,0.3838530596255913,0.11400435870880062,0e3d960b755d50f9638f138ca006e5501b07ca00e96338156fe514e01912fc98,1cbfac2f19d4c0ebeb40fc9e4eb17765a40b7e9b64b7903e8debdd4f6b207474,da3d1a1f09ca204a2c60964a4ecdb1d53cc4e7f16147526f73127eddf8125398,76fa4d2be487285efea0e6ba12425336eb0b3d3354ec9c3a5eecf0efcb80be35,0.33456016704440117,r5_mse_matched
5,mse,1,0.05,0.9,300081,r5_mse_sigma1_lr0.05,60,ok,,0.4768575463376431,6.12156574538327,0.3988152809428947,0.12084103012569711,ba2f638e3dea8ab3bc59b28079c678391c132e83fd9186ea1da00b1add31d0c8,1a216ec3f73d111315128ec3ea4d639c9921edf923f3131c1bf95862d334f31a,747c89f42a8cff10b2b1c386c4bea876ff098886db062cf9613b0dc5b8eb5389,5604864b0f85ff957c04f13106e17968f8d1d20993b7a14775a60eef8340232c,0.3355268749874085,r5_mse_matched
5,mse,1,0.05,0.9,300082,r5_mse_sigma1_lr0.05,60,ok,,0.5361115480013066,6.193700056856466,0.36393636957337566,0.10808910176329257,6c99cdadc1611e488d48953877d470202aead6ee43dd801e550e79a6bd0e922d,7d0c04aaf56cf065cabc2f4d8c5c616d73547978bc744188c58727f7bfc38976,b7b5c9fd0cf22301729296585af7b035c571bcdd023094e999ab9f2ae5ba1802,eb646dd1e1b63a7ccc251ec6ac53d6029254c9925bfafe4f6df318a4689db612,0.3353873749729246,r5_mse_matched
5,mse,1,0.05,0.9,300083,r5_mse_sigma1_lr0.05,60,ok,,0.5606439121009477,6.212722890062635,0.4632233668721765,0.1361876698604199,fb2734f5bab358e14e01f2c8e72617ccdbaab144d7802f2c8c60ee7f1e3ed644,84c7e32ae9100532c76001d8d1c47683e020e8e4c9c3cdbd4666f567820d7dfc,84a168f2479dfb207e71f1679166fd40135f71d843dac3ecee172b73ab3d4917,3a472e7499ba97dff998d5f2213d5215db43d0c82d8e86252c0eb00ee8bef592,0.34153179195709527,r5_mse_matched
5,mse,1,0.05,0.9,300084,r5_mse_sigma1_lr0.05,60,ok,,0.45018982916902006,6.08894924642216,0.3821164933645387,0.11425283151599706,307f937ba084b91de860668af0fb0f69372364bb6ce4fcef6c017c30674f17bb,1cb069d54206b5c7c80fcb7a9417feaf0b8aec9e6bba2eabacd8a44cb5aed089,671b6525c3c6d4fa7a8338132fd3e8e5103d874287bd63b35cdb73823c953f61,0de334afe9081c1faf424068e093dc104c318540f2a4786f1d7d207c1fd57dc6,0.355525708058849,r5_mse_matched
5,mse,1,0.05,0.9,300085,r5_mse_sigma1_lr0.05,60,ok,,0.5041213555916512,6.142001047823936,0.38694925689171705,0.11569782781062339,b7bda8f1c6157533107318b4929256d5284403e4f9593ef909e880530d05bec6,8f4efd48e45a79dd017a1d7a311edb86e9da535faee03ae1a88e4a1c9590a97c,b9a1c30619753b609087d31c5f6bbd603a3013b6cb1492207a95405ca28c6ba7,7ab609559c593ac7e1827ebb545dc3e3cf0cf8a4950171cd0336302a193122a2,0.3572697499766946,r5_mse_matched
5,mse,1,0.05,0.9,300086,r5_mse_sigma1_lr0.05,60,ok,,0.47451373789541385,5.983662811215672,0.38408571276576986,0.1171461423935598,7dca81a4c91012a56cee488c1a773d6401a3ad74b9a9405b00de27a2cba11f3c,e0324572697d072a56ed3c04da591c40f89f4e8378187195dcece0e344b2e000,4d97813142dcf97c8a611299a9659fdf6788ab740cc16dbd926646e34b916163,7f3fe4a53321a2e61bcc1abfdd33eabe4502fa1ab0fc59e63313bc92c2c2071a,0.3408413330325857,r5_mse_matched
5,mse,1,0.05,0.9,300087,r5_mse_sigma1_lr0.05,60,ok,,0.5714604666100468,6.181375902328991,0.36151581727308074,0.1088162609991973,2cd875bdde423eb1353f1213770192b7df8bd876d40fb1aa71d29f9f56f00fee,5e9e38ede140f2d6f39e4d2630dbf7e98417d17a2d266b77b6dce2135af70253,e99e84ed987c73be34374c130effae2df712f150cf0634b138095223bdda706f,3fc3404c986850cbb1d7b4fdb6bc628045938574003add2c5d47fe85394624b8,0.3265483339782804,r5_mse_matched
5,mse,1,0.05,0.9,300088,r5_mse_sigma1_lr0.05,60,ok,,0.3874374500497507,5.981775404417745,0.4120221042758311,0.12113449865709434,0030bf09b7aae09d5ca485e801a912df314636550145ceef5f18ad2202a69b51,ed7150770cccc71995eec6416e5eb8942b5187c46bb88744c3cce6ecfecca45e,7fc251d0bbd15bc04ad54aade468bb2f50ebbc58967bc4b87ca13e7729559fb4,13f19123f5e4848111e25e5195dee25a814b946164e8a7d1b1c1e7ecbfc4958a,0.31521866703405976,r5_mse_matched
5,mse,1,0.05,0.9,300089,r5_mse_sigma1_lr0.05,60,ok,,0.5629554169417476,6.146098838903525,0.4215686848393214,0.12056864386404592,c661e54b95aa168b9588f9db764694b9637b19b067f1ce1ef87d834330b73929,60508639f832531b067f6ff4a1f52ad903eb5f468fd6de942af85d30e535bba0,367cf5b38b737aff08538fabfb5d92013302eb31e5ffc55820e034fb66218dd1,0f6596a4a2d62b55ea802208f02c07b562e95a3444d861280e1b35e277f79bc4,0.3298807500395924,r5_mse_matched
5,mse,1,0.05,0.9,300090,r5_mse_sigma1_lr0.05,60,ok,,0.47371281159222467,6.2347313063019145,0.3998745458309685,0.11836286556596667,98cd9fd3f5a0edc83a0ad4fddaa12ced64d760278d475564fff1f1c5dd73e084,eb3f6b474d6816be6628e288f25ada76b0f7d91970b57b91c195cb1a75bdfeb0,746ba07d9794f8e0cb9ca0a9c10dfefaf2539e7b86fd26098f849a4cc53acdfe,3d17337eb87e10eb16b990a789f19e6e7e79a7f4bbfe4cfeef28a3f48f370931,0.3511555000441149,r5_mse_matched
5,mse,1,0.05,0.9,300091,r5_mse_sigma1_lr0.05,60,ok,,0.39602836387966067,6.046274470986715,0.40670131291665496,0.11997688731041321,3ccc764800bf27bb75e2094ea8a123146ca3bde83ec7563c79a484f44610fafe,6d41cf29ae36d582d46a36d3d13ff7bf618a41b289a91760c47e508267a1e2bc,a533eaee2259cdb82e3899fbcbdc35924f90124e0f737799c83e5cd1f63080ce,1605a228599ff73bb340a353d0586e763f454ff7872b4eab4dbf16410c741962,0.3646217091009021,r5_mse_matched
5,mse,1,0.05,0.9,300092,r5_mse_sigma1_lr0.05,60,ok,,1.4755618126594232,6.997233392326204,0.2515308221993823,0.07520771583761529,ba3787eb400695bd780a7f47c9aac7da4c6b2a214e9244efbf6a555d261b6db2,312c1762699384512ffe8b45d038321bb9111baf907d3b4d299e58986f587df8,fd3c1426e8cb4d011029761ace4b2b96b21d202d5b4281e0857ff9e7624373d0,1465466594549280a74948762e4b8419d47e7a5bb173f0fededce62f61668afb,0.3751369999954477,r5_mse_matched
5,mse,1,0.05,0.9,300093,r5_mse_sigma1_lr0.05,60,ok,,0.5858296333956738,6.244813747865416,0.38750627340937144,0.11818941338985829,a7c87e334d754c35efcb9e12ce12b8d5ba21cb97c762ce1c5240cb2fd48ba9c4,3cc8f5d36dcc8109c4741d577771dc446ba604413af58962bdcbf19baf2f0dc8,8873170ca64ff40ac0d386fedcb06dea50b9c190273133b53533f8a039b33e53,f1b00391d8d9a92fe9814b65ab8b2933ea7a5a7eff829dadb7337896e705e393,0.38233191694598645,r5_mse_matched
5,mse,1,0.05,0.9,300094,r5_mse_sigma1_lr0.05,60,ok,,0.7030489654774901,6.26686378620282,0.3489094715982633,0.10362611306468421,fe0cb28c5e5207e0eb8d04b69d0a192adcc44035ebebbf0a71afe93c9c1de479,0cd090b78186e5e94dddb02b661a53946c90c56c0135969d592b1a63ed8f5b05,5152f7ab471d2e77376651c74bb7777a9571c83ff56ddb91b1d03af2f11cf405,2e8e94a13e0e5ff4ef62983fac52ffed1e1b3397b535a0f1dbbb9367234e8658,0.3732080420013517,r5_mse_matched
5,mse,1,0.05,0.9,300095,r5_mse_sigma1_lr0.05,60,ok,,0.41272510321899375,6.028175742590136,0.38580950080859255,0.11612865974338635,2b1d3f506c8358f83f3f6c4c478ea6624d3260edd10ad6d1d620211c296428f5,0645f2857cbee4f45e0679741b4cb95e945e216de2bf7f7e7ec41b2cda9c8c36,8a1c4b5a9a5942de4ba79aa7cba94f6a0b7484ac2bbc05ecf8a3529b4ed8ab48,2aa0ecfdc2eb82fb67a5514421a18d3e669c54d22e7e86532ceef4d68fb63947,0.34302125009708107,r5_mse_matched
5,mse,1,0.05,0.9,300096,r5_mse_sigma1_lr0.05,60,ok,,1.223068917761097,6.890978737853035,0.26700822063574475,0.07850041686690896,a8b2a6d596c52df65b7d82272c0d81d9d2c9c77626ad4d90c15fef87fa6ce7bb,a2772ee613085871d2c6c6b322c84ca766ff812bd99d4bb412f81dcb90de15d8,11b37067e5e7b6b05fa6c0b6c968aca27c45f4a07fe25d84ac1159284d8e8f89,897f473434d15e9c6fe6900a31f016bfc42a6fb73264f5609b625865441d1049,0.3658010419458151,r5_mse_matched
5,mse,1,0.05,0.9,300097,r5_mse_sigma1_lr0.05,60,ok,,0.35851617020214643,6.035272828102259,0.45355935288760185,0.13289289039606733,6a58ea514372c71630cb99b35cd8e07be887fa6911b53f19b5d704732fb75bdf,e8c8a21ce148719bf4d490968666825c456df5cdc48f065ce070475a9f61b2a5,408ec60a173b32d43c671743950d22b3fbcc518181ded82ef537decf46ee0c6d,91c04bdad2d631f42044ebe01bccd4c5289f10f43e00d546cb9ff3d9f89f386e,0.37890516698826104,r5_mse_matched
5,mse,1,0.05,0.9,300098,r5_mse_sigma1_lr0.05,60,ok,,0.8988498386264355,6.530613405821956,0.3742142464166871,0.11226427392500613,998122d28dd5e545db51a6f7b951f9827ea9260ec2b0d92d5c37cb103d0ba6ff,cafbcf058d29eff2ccbf8b9b9b6915872acb9632484a9ed2be13751a7165618b,0e2d682e0f3b7823752766f88040994c84279aac8b86b0ccd6c2db8c96858532,468c4e6a1925afb5b32f9dd34978d571e142a8f0b4c8dcf459a68d7a75d13ebf,0.3792168749496341,r5_mse_matched
5,mse,1,0.05,0.9,300099,r5_mse_sigma1_lr0.05,60,ok,,0.7942067528265213,6.39035745421632,0.39109724018054964,0.1188935610148871,84ae2550cdacfb1a0c04866f5109d582dc8f9d46f21b0b67a1fe731269b4c984,bfe6ea452f11a0df7fc9c4a0f46f997a12c5f847d7cb575e520f403a4bf425ea,4b24bef303469885eb85d79f9574f3f854ff1fc98903af707f3f9a593849de7b,de3476dc9b4c9a4dc94fecc4235c0983bb7c5ce1b181694460f78b369961844f,0.36937866697553545,r5_mse_matched
5,mse,1,0.05,0.9,300100,r5_mse_sigma1_lr0.05,60,ok,,0.5050301949127816,6.052667053211417,0.41998562690802804,0.1243157455647763,79ea598cce16ae26ad8840b1327ff8de5d21fd4d9430d25e5240651e7af36883,c6cb13adc09d1c9493e0525b5e9c1857602686d97269e77f2bb4ddecac2d9281,4e0864318ee829551837ffe5fe3d66e90299499dac73e1a366fb445892b61f9c,ec5ca25a9136e3ea882ed88f21c3367dd3732cd8993f497ffc6a31ec091668b3,0.3738452079705894,r5_mse_matched
5,mse,1,0.05,0.9,300101,r5_mse_sigma1_lr0.05,60,ok,,0.33093220788898037,6.017281801086166,0.4233371144799138,0.1261544601150143,0fb83b7408cbc1aaa63ef4f097d2d4880365ec38387ba68f6e8c06e44ed382b4,dceb90c9b78bbf6b549b8ab484f361187309c14504d742a94a4f018d6ff4ff8f,99cad4572e3be37de5de9ebea1af6a6bd8e7f09eba7193c208531028a0aaada6,3052ffe11b2c2b1bc499850ac68214757a0aa395e206907016f5c56d2ffedbb6,0.39440533390734345,r5_mse_matched
5,mse,1,0.05,0.9,300102,r5_mse_sigma1_lr0.05,60,ok,,0.45597101967888404,6.080759567069105,0.3699711547020927,0.11062137525592572,e006b6489056566299e5317c5e2b106d8b7edd9487990bf6db04060c6ac36307,e07ce9fa89fc078461c503cf21016be917062050bc58b8a99684204e3157ba1c,9c756a3d25cb685dfc0a627f89c204bb35f74e01dc9ba350c2004fcc39b435e0,badb449e6571f137328e971439d721f4af0f30253db1376586a873e3761e825a,0.38301179197151214,r5_mse_matched
5,mse,1,0.05,0.9,300103,r5_mse_sigma1_lr0.05,60,ok,,0.390978007152189,5.945484070037248,0.42775411892115517,0.12661521920066193,84e90d70cb6e50e4307e53a36b76f3648b8d6250f46defb308584a6065977352,f00bf89f1900623e01eb9a58b0cb70f1bcbb56703e588050aab3210550b31700,f49351e74453efa8d509ceb5de71f8ce765ae26c27216c7aa45c8e4757bca7bf,ab31b6bdac142bcb9ddcf9c56cfd277bae51b14a022776be0698526f05fe0270,0.363208582974039,r5_mse_matched
5,mse,1,0.05,0.9,300104,r5_mse_sigma1_lr0.05,60,ok,,0.5162307458196007,6.171876020698959,0.41087663022145304,0.12120860591532864,2c3887f0f74ede3f0dad59dc0d44c3389907c03911f67ef27c1dc5383e7ee93b,23cf924fe429906fb077746ef8a5906c8fbd8ade881ed87a2d573bfc29104d1b,4202a7c38b74350de0c75e71d1f62be1794a0748545df24247ecad905359d73d,f870a41464deaa835922d0696632410eec8c83da1cd961e618581a451a3a31e2,0.3520825000014156,r5_mse_matched
5,mse,1,0.05,0.9,300105,r5_mse_sigma1_lr0.05,60,ok,,0.5640198198513343,6.1648426455109835,0.3997552709336543,0.11752804965449437,de0ebb6b14e2d450cf1bf792fc262365fb3d059482fdd0b5f214736a7a740690,ca39052c1df6c96c8cc1bb2d62654af1cbbf1e3f5b76fb2794c5d04b41e0a09d,ffb7a1762afb3e5e37ddd1f00aa558db748f3a36d2eed3def2c8d51fd2760688,6de4a7623ba113319c3276813c97e41d6ba567a1c07c4bb5bab61dc892fceb7f,0.35965004190802574,r5_mse_matched
5,mse,1,0.05,0.9,300106,r5_mse_sigma1_lr0.05,60,ok,,0.390243582846144,5.989447613529019,0.3978691737610829,0.11776927543328053,ad033ae221c957f89cdf90b8ce75396eb58cbb69b99f95a7271da6cfb9c35e37,745018b097730ce74ebf95cf2852b9b8067c7d69379762899184116cb2ca62da,fd3fb6134812ab3b6a395bbe4fae83ff9d54f9311f589a2de589eb766c317711,99c7f58329cb1b56f9bf987e08e7938e0f99385a6ddb436ebe5d34e60d615508,0.3528245839988813,r5_mse_matched
5,mse,1,0.05,0.9,300107,r5_mse_sigma1_lr0.05,60,ok,,0.42620400233928285,6.023800270588903,0.42171645923482726,0.126936654229683,6aae500dd352d571784f86d0556e3fa32e53a656708e352d32656ae1efcba352,15b994e67211c5c8a53560c6bd4c76368bdb22ea10aeff9b0b4fa3fe26860262,da91b2c15873f63c1a230a8d67f6b224f4c4df9dd62b0c54b3c0f00e3c4d08d3,f256d8ff9c0b81e3ecbfb80476615800575f77e3b5f4016f992efe4661094ec0,0.3531628750497475,r5_mse_matched
5,mse,1,0.05,0.9,300108,r5_mse_sigma1_lr0.05,60,ok,,0.4279405464267461,6.124441379591062,0.4151020450705214,0.12453061352115642,41309af3394399959ccfe27b376380ece9eca6d3297ce2213fdf23e9a6d2ac93,d97074ac83e2be40bde748920c734d9759162fbca1875f0f21dc789ac44c5a1b,ed15075c6f0bbaa0dbfd618e49585ea8710ca1bb6990788a4838b3890a1a4f51,05be3481ed726fb2d59ac58af9b3c11702385affdb1b839acbc1991027b97e51,0.3448062500683591,r5_mse_matched
5,mse,1,0.05,0.9,300109,r5_mse_sigma1_lr0.05,60,ok,,0.5660423828561295,6.198952402031252,0.39909138860560284,0.11453922852980801,771fcb9213886ea1f967979f6ad3fe3f6fcea304f2642dad6194341495a315cf,927c3658ab546714e54b9ee0f95b97c491be86f54c7a00bb51e6e63694563370,c3d982fd33888ff0cab3deb3e4da996e6f9492dea1cf1ca5c8057d98bff412f8,fd796036ed8870412c6e09afdf446394cff2f58a4508161585c6a306e4b0343f,0.34647029207553715,r5_mse_matched
5,mse,1,0.05,0.9,300110,r5_mse_sigma1_lr0.05,60,ok,,0.5318188184941388,6.224246924126657,0.38992608621955266,0.11307856500367028,cde45661617a288f63ac7c264248a144b6191f42bc1653ad3551b4b4735ab87f,b99d2d6fd8b683d6356cb6d876c164fe9843b9e33fe8788befbacf4ca22f0c2d,2c6664d1f44412e3e549e3b88f6ce156a781bd725e2b35d71699fd85cecab9da,9558a2f0433aab63041c1a0b67dd223f5353bb44e4a9c78277f00545485700c4,0.34538824995979667,r5_mse_matched
5,mse,1,0.05,0.9,300111,r5_mse_sigma1_lr0.05,60,ok,,0.4553219474786706,6.171585090492563,0.41026328151903274,0.1202071414850766,e133603627b2009609a3aa5bed97281a6cbdfca6a7eea92a419745c7546dcdde,f7c0162fc827424ac8388e374e078e13fff35507f602aa06f4b2996d6e484025,5a3724fc214532856832e6d2d1b52a77e4d66c3a97ee024d9b03dc07fd5b16f4,acdf02aa86b83b77a9edf3fcba7ad4bdd375e9b13d3c6c4bc2432cb3c2bc5adc,0.36153608304448426,r5_mse_matched
5,mse,1,0.05,0.9,300112,r5_mse_sigma1_lr0.05,60,ok,,0.4080995913524911,6.106899552113133,0.3965304266091502,0.12054524968918166,644bacd763502337e0035239bd1882a2783d5b5a05ac3cf964f3ace18d859473,317341fee9a89e62d763d3abfbb2be4f20cb86c2022f5a63ff588b0dbfce4787,b5f95f7a158d8e2b46b8bd54325b2ffd6eb875b0ed0dbb9fb631bf8cead0e604,2383e1ed7a4191f0789474e8c9495c5140de9e7c30d5f33d4c752c6297bc52cb,0.3552568330196664,r5_mse_matched
5,mse,1,0.05,0.9,300113,r5_mse_sigma1_lr0.05,60,ok,,0.45182614389223236,6.048372763723807,0.38700406706970697,0.11416619978556355,ea02a0f906c4077add1f728f580129235b1ccebff060438ebc231b16f441728a,5757b18f7496722c3110cf0964f2bd6855ca6e2ab2eb5d5d9fe2176e26a40d5a,cad7a092806adf118404d1bd84ddc823cafb59b31129309b680305113d49e36c,b872f3c5a2f06cded8e04eadbc06ae7c3cc2fdb8e16026103405aa67ab97c1b5,0.3753087080549449,r5_mse_matched
5,mse,1,0.05,0.9,300114,r5_mse_sigma1_lr0.05,60,ok,,1.1504823353350329,6.772051574806495,0.3797636433128923,0.1131695657072419,ce4b99d8f04992133ac07a717779dcd6cdfd51bdfbfe5caa5ff3046c4fd6b552,dc88917ed83c59b5699ba2636285e959769397710157d22d8217c2fd639b0fb9,dc3da1a83fac0bf4e4451fa252b3c866d5fde3cb9a03b5dcb413f3ad2c131b9e,f8c2ef5702195ee3ce4c81adb46d830c457f648a3dd8f99a3ae5d49eb8d6166d,0.41516187496017665,r5_mse_matched
5,mse,1,0.05,0.9,300115,r5_mse_sigma1_lr0.05,60,ok,,0.532431426764327,6.11804994389284,0.39530361433803285,0.11582395900104361,c463a396e85798bc68cf4a062dbaa6d994363a8cdfc6d7c9791e21091069da9f,5958f974d9825dc3c070069675227ef7f9be0ab42121f1e9539e0d2e6b750b37,e95915d125b132c7d447fbb566f65c3b92efc3e6241e98d21ba9412f727e7ec9,df3eae0054747a908f9aacc00d34c89d117a0765e6cd5b26047fc1b9b2ad8d87,0.4048885840456933,r5_mse_matched
5,mse,1,0.05,0.9,300116,r5_mse_sigma1_lr0.05,60,ok,,0.4027677378365054,5.979982477017503,0.4047676276278375,0.11778737963970072,084daee521e0d96b4b6964217b212b6e3d0f8e53220f91810df897c8d600625b,95c1327da070b867d19ea8b2c991d0b127ec0999753a2e627a218e1fc3568efa,1b48fd53314479321e67cf2a675b823a844ff25f4e3ddbee33308c44ea550391,cf96e96d60a7d2810a10db90901b554ef2add790c6ea0bb3df2212c33b3c0a6b,0.40235995792318135,r5_mse_matched
5,mse,1,0.05,0.9,300117,r5_mse_sigma1_lr0.05,60,ok,,0.4069888664415611,6.073707180154115,0.4003611716256493,0.11970799031606914,a7cb6900e99f4095de6330dd8d979a9b2cf415af5be1ec45ac3ad74d3326eb57,2177432f921982ea8d382df02f0077297ddaccd66748d6c49c88675fedf7c8fc,792335a3447a17fcd77af04021c690ec40e2a8443d013cd407c29c68fa073201,38ef3a324514d9570ff8ca77831a7eeed5610f511242d3512bb2de91a64f3405,0.35242950008250773,r5_mse_matched
5,mse,1,0.05,0.9,300118,r5_mse_sigma1_lr0.05,60,ok,,0.3410875342985401,5.979096151939211,0.4406051921694084,0.1304191368821449,2bcd33845041cd219b498a03ec11004d81bbe9dd3f558b754d6ea545896bc7e1,b656512a7c47a60c5f0e2699f11ba568f724faf443528db6c622a46754c748b1,fc02f4d4b9ecf940f90b8221b74788db1e32f4a3a30943ba342bab882130c0e3,a8f478c0c41cb1c7a0e93287ac226974c22353e2ad7985f6a4168c3769a0b593,0.3591931250412017,r5_mse_matched
5,mse,1,0.05,0.9,300119,r5_mse_sigma1_lr0.05,60,ok,,0.7094844253587125,6.418796275467195,0.3934040437372266,0.11644759694621908,aed0e9fe989702c5562c247fac514771a622ee069fc4d2535cb8bac20c823ea6,7ee168630ae11472db3d3cf3061384c4b41ab444816c085b7ff71d8d02ebc072,d5e00d8450ac3ad1d6c991864c31233360375c48fb0b2972e5bb75bbcb43755b,01cb6d65acf6c25b850fd26022b4ee4b7350f3bfe907f757091e848e7f7505c8,0.3494856250472367,r5_mse_matched
5,mse,1,0.05,0.9,300120,r5_mse_sigma1_lr0.05,60,ok,,0.5539710145018732,6.143623580788552,0.40602394659915503,0.12261923187294482,cb61b23895f2815bdc0aadf0c708a92916c48234dd8e466aac8cb4db803fe60e,31599b2d6bba43c85d8620af2e75378d2f44d1123d2eeb378287504537e26fbb,c063650c33d0d9369a8c343792f1afa9aa4bc962b7543d5f4c67756973468890,bd72d2818bbdaf66cecb666d2d9d925d56fdc33571604fb56717b7673f804b77,0.33445604203734547,r5_mse_matched
5,mse,1,0.02,0.9,300001,r5_mse_sigma1_lr0.02,60,ok,,0.5303870206186891,6.0987232421175905,0.39661877216560115,0.11660591901668674,547df75d495d72b315fe564322ceb41b8419e43ddc93038fd9cf9fe53fa9e4d8,27e1e2c3dbc45cde17f5de651f591de18321454482d19b908f81fa3a5e20af67,5139485dd609a71c3413cdc8812b6b0b8c13b3f3119731cba00660ff9a03c26e,7566046dbb849bc05f0b113018ba9b5e89f8803d39636f01b753881e554b6e5e,0.30866249999962747,r5_mse_tuned
5,mse,1,0.02,0.9,300002,r5_mse_sigma1_lr0.02,60,ok,,0.48143589679040044,6.18422979842021,0.41060055272695484,0.1235907663708134,fc5b1b69e7b8cc0f50f32cdfd3927bcade5b7de5f025f5e97e35f13b7dcccd65,4c5eda357008888dc1e99dacd5c9935dfd3c62182290bb6932a887ff0a66c610,8d2dd4701b1538326217329d7ceecc0e6832f16b3f6cd1aed82e2ef8a4658c52,d3729ae9b68f4ffad729786ab431f2c27c60847f54ff56098417996697211d10,0.30013216694351286,r5_mse_tuned
5,mse,1,0.02,0.9,300003,r5_mse_sigma1_lr0.02,60,ok,,0.49542738305227496,6.074211727797742,0.3839257283514452,0.11325808986367632,a2e1081d9fface7a08688415de646f26dfffcce559f08e132cfb5e7e252dbf1d,833f767deaf5306522e0610877df9712365f64f25c2a9481ae98b9f1758574b8,ac3496fa37be3e439077e6adf5fa7138c940a16f296fbcd1ec2e746a38a3ab84,8b567f013f1df2b5a32e296f0888d1a6fa552312d0ad192c504f15bb6b09774c,0.30687970807775855,r5_mse_tuned
5,mse,1,0.02,0.9,300004,r5_mse_sigma1_lr0.02,60,ok,,0.6275322885377095,6.335910833804901,0.3807181058539804,0.11231184122692423,58cdeaa78f51114a6e914189151f24a71007e71cf610cda51f971b31dde06f10,a0355d581f3ff5f5a74dacda51013f50e7e5b287c1670929a81b01c976ae8a59,42efc75a835ea97dbeba64db872be577042030c15482fc5334e1ae10a190733a,d1fd0d1da3a6f59f53bafd1756bfbdd52df7c0536d8fd0c25365b82df995ccd4,0.3024068339727819,r5_mse_tuned
5,mse,1,0.02,0.9,300005,r5_mse_sigma1_lr0.02,60,ok,,0.5856330476588355,6.078796831044517,0.36481728206693487,0.11017481918421433,5c051b69b978374ceb2348d1862e0af437f756e529d7afc1c1186c2e54ef7e57,5b6bbd1920d2685aa73875088a12ff6c127d36ad58b03e361afa4a1c313df8ca,4c27839b329bdd01c03f8e75fd7319617cf9f4a46622491a300b0d9dfe473029,9057317f0306be6c8f73f1880ada05b1eda559ea14b92dd943b66e6c3a29ab45,0.3139882499817759,r5_mse_tuned
5,mse,1,0.02,0.9,300006,r5_mse_sigma1_lr0.02,60,ok,,0.5314781103969728,6.124946479149471,0.4334313907880163,0.12959598584561688,15a47afc3148937636cdfec87f5ea1349559551ab1fed512817b9821ddae305b,ff12b0003f24e3c1c0d39d5463f83beccd48c3ccfff83cb5aee8a081df56b4bc,081d4559b5fbb6aacd3d16f8053afc233fbb1a868e4748d760a02d973ae5f1f7,3d7aee6f466c658d50929fe510d56f8d9d8809ff29a98344c3c6645abfaafcd5,0.309260957990773,r5_mse_tuned
5,mse,1,0.02,0.9,300007,r5_mse_sigma1_lr0.02,60,ok,,0.5957188415690577,6.2206610651466505,0.38705749788381266,0.11379490437784093,5ba229eea3aa5e9e6cc0d94a42d4948a4f324f7232164c5b1db8b24ccebe076a,6e51f2f2d4b59e8180ad8e8c7b27acb0d8ca7076d726fafa5a2de56bf9a213f6,c69317c8a56cefe8c43f1a8b80cc200caf7bd7cfb23e8eddade9cdf85b290f3f,95277f2d5a3f04eb206391ff2efaedb233893a8454c0f856a11341cd3ece06a4,0.307166957994923,r5_mse_tuned
5,mse,1,0.02,0.9,300008,r5_mse_sigma1_lr0.02,60,ok,,0.5187694878875155,6.1802531728015895,0.4110249651666413,0.1196082648634926,92d23af5bb836428a7eb153f6a2380de81f8fc80da3fdf08b509b0370e7b93c9,81d19f6042d7b3ac55466949ad7de628e492c588c338e358f96626b8c34ac720,84810cc33a0e8bf345ae48b614a64712624f834212e88a59178e86be607aacb3,8f747e1f3c3201c441436f1b599b33f7c41689dfa4f1c7235e04676012a0b844,0.30622362496796995,r5_mse_tuned
5,mse,1,0.02,0.9,300009,r5_mse_sigma1_lr0.02,60,ok,,0.5276852189226834,6.215543090896261,0.37342364691435004,0.11202709407430501,5600684e9ca941293ec22e3fe6f944bf235dd38fe0048ad959412b96248230c5,f9b700d2fbb94c6f5bcb5fc647d367c3a5a186efa3eb7cec51aad8776f3baae0,95a19132b5aea1bd0b7b7566f12cb7eb3e2f3bc2d3ef4c0382735eebbb9217d6,263b20f9b162748a9da3b0342da138a88307983fcd24fafbf10a34b3c856f44c,0.308701666072011,r5_mse_tuned
5,mse,1,0.02,0.9,300010,r5_mse_sigma1_lr0.02,60,ok,,0.5385516529145742,6.252181126121701,0.40650966783873144,0.11788780367323211,a56b6fb7e11162aa1bcbdb89986ef350dfb815c8939edd09a86a5d1f2edfccd3,ebef873c28036d701489dd58ea3cf0f3ea8ce6397136f78ede722212fa4058f8,3dec5e851eb2e7e5e6515c1d335ddb6e1bb9652969e32a6da014c26711cc282a,e0be0fea18515bed98d0f46ccf055dac621c4fb61137f68d4901bcaf483694bc,0.3272868749918416,r5_mse_tuned
5,mse,1,0.02,0.9,300011,r5_mse_sigma1_lr0.02,60,ok,,0.5930258190867406,6.268671996393822,0.3795320946702143,0.11499822468507495,e77879b793619b6b11bd41e6c0dd2126d719a2f55d9c0ac0da2f1549b0913658,a815904015b8a5020a10190b51a4a1dbcc318a510e2cdda9f1b17ab6b4222a91,8fb226dfa79cf47df546f47f48a4ffc93b22b37091cedaea541d0293f2c7d0a3,97032712c5418e6c7d359e3e3deb12fcd311f10decbb8fa3ce5ba5fcaa5c8407,0.31160670798271894,r5_mse_tuned
5,mse,1,0.02,0.9,300012,r5_mse_sigma1_lr0.02,60,ok,,0.6170211303374049,6.336944129842668,0.3757031149028802,0.11195952824105831,9a73bc3dd78108b7e8c672136c1ebbc9996870d62df4ae1db431a984856c4ad2,1d51aeda2aebdfd8b9ff597f1185d611b6e9ed0df0728b69bcb6d1379cd855e0,37d62e6ecac7d79ea698e9bd78c8e1db8bc1f02f6278745581f335ec0d2a4bf9,9dbe1d032d9ac803861bec91696f18f3748c1d489e5df764f87868eba5f820ca,0.31014449999202043,r5_mse_tuned
5,mse,1,0.02,0.9,300013,r5_mse_sigma1_lr0.02,60,ok,,0.5248710809598605,6.219522544764631,0.4410202105906222,0.12657280043950858,43be896293e02a570742d018597b933e42ce673588e34b4fa509ef9d1086355c,fffdef1c1b60ad8ff28008f50a6fbe337eebd5feba0cb6cdf1f62599072d89f9,41254c54302b2ff236caf1267d0712babeeb0d8b4c30e3690c15bbd6e6207c9c,ef814496dbcd01721a6205ef16bab139753f43caf62cab81d3371f89f6395acf,0.31418320909142494,r5_mse_tuned
5,mse,1,0.02,0.9,300014,r5_mse_sigma1_lr0.02,60,ok,,0.5318920724726302,6.164803607308907,0.39255817738072013,0.10873861513445948,0cecdd4ef73e35260909137e7b4a9da22dc59d3d45a902be1bb9f890039876f6,023f1bdec63d2e5bed62469a7b9aa815b4634b3b7388108055538265bed25dc7,849154367e83a9b94f80d7aaf708db2aa2fa78b9d918a2f051a0ada956a8cd36,b9e4b9da563cd5ec6eb08e25c771768331bd04da15a61d72ac1cd368f07b121f,0.30434062506537884,r5_mse_tuned
5,mse,1,0.02,0.9,300015,r5_mse_sigma1_lr0.02,60,ok,,0.6247753273979268,6.195675842011411,0.37853496472909826,0.11583169920710407,7d60c852db0400ac3b4314a8c7a8366b70bbe606cc64f24d1f55a53477325310,95577195c75752a3d800cd54cb592b0e570d9ddaae911f46c2cafbc86fbdada7,cb2e20898adeff9d7f72a78c0f56da3d1afdf153cd0cdfee997da64a34ad25d6,159faf21d685bfee38d6437d0389dbfce2074bccf0f5a3da09a8f9a9bd68d9c2,0.3104039579629898,r5_mse_tuned
5,mse,1,0.02,0.9,300016,r5_mse_sigma1_lr0.02,60,ok,,0.5670665615545774,6.041929004382121,0.3834723187228544,0.11810947416663917,e9cb11c03b8ee8be5af6abdcc1d3777225768bd24abd02a539c763d257098807,34c39d8d5501347c5c7a8076aa73df0fd8faebae88bb05da13de3c574b7f25c5,091bbf97a41a41b5d0254fcefde8f5bb91176b9ad43257c58355f240d26f01bf,b4987df5f89c3f38b99dfb3b0376aa00144c913e41217236726964c93d3e3e80,0.30291125003714114,r5_mse_tuned
5,mse,1,0.02,0.9,300017,r5_mse_sigma1_lr0.02,60,ok,,0.5115167049596407,6.148310882444758,0.40050728472011204,0.11614711256883249,3c4ef79e66878b5be9a3cc390e0d91b4b1d607483a1aab1662b84f5be4a254a0,f3ec861043fbbf94cdf36e85a09f9ce95b7156b2ea7ecf03bbc1eccf865160dd,efb0fe6acb70f8d662e9264d73cfa1be136e3398b69402ad02298c4b0fcd0979,ef0d4eca6bf23a062228b89137a34fa74328550f41c61ce6d8e21243d7b6b871,0.3113488749368116,r5_mse_tuned
5,mse,1,0.02,0.9,300018,r5_mse_sigma1_lr0.02,60,ok,,0.5321890466711099,6.128314624549512,0.4113584806144418,0.12258482722310365,1e61d1562101428c9c58975a868ed0d794029be0ae2ab5b7d5405928c87d4a13,bd933405607b33df3caa53139bebdc6aebde79ef4c90313fa0ee4b523101117d,ca730c2d35e6e9b2d4d0e91d078e5552f6064eaf9cc727faa581320936c84cab,27b63132e48816d508af7c62e99be7f16a8bcb9e98b4cbefb42f674e10237eee,0.30554462503641844,r5_mse_tuned
5,mse,1,0.02,0.9,300019,r5_mse_sigma1_lr0.02,60,ok,,0.6528398714409147,6.207082227845184,0.34727060060629156,0.10452845078249376,fdfd8e6a98343166e6dcd7fdd44414055adf41a5cfdff0fb23072998f90d34c2,43bde573aaca9ac4ed736014dcc914055e7ba211a6ebb9f59bd2eab92521ca4a,6e5435fcd137437881e7482b779a8d0112773ed492957caed1ccb7d41727cbf9,f5472719d63942acc1343e43954d8c23b8300d540aedbd70a3c9ed0e722d7df9,0.3186535000568256,r5_mse_tuned
5,mse,1,0.02,0.9,300020,r5_mse_sigma1_lr0.02,60,ok,,0.5833102638754593,6.082326596690248,0.39130428171006676,0.11621737166788983,906ca7b0c8cf3b525f857a92fec5f7c51c7412455b4ee13098e957ea4447fc43,6ef26e9565f7a805b72693c700925b72122e52339ba7e680019adea3d69e0994,05de2884996e734b2d4984b3cf8e9d5bea0314bc6dd0f0d2400b7c77f3ad576f,9e8a7c4b2634c9ef5b1a0072ea230e4f3d21e1d34bbc9a8c1bc70c9f836e6079,0.3355195000767708,r5_mse_tuned
5,mse,1,0.02,0.9,300021,r5_mse_sigma1_lr0.02,60,ok,,0.7510647691520216,6.3494741716105505,0.3800788461696172,0.1128834173123763,fa4b7bfd5394097ae05f683e9cb6bd9b7d243d63a0cd1166aa9c63dddda4bf29,592d49d03e1d329dee388d65d5e7c0c74727b081c7888f72b200a3d49a9f761a,bf95bd2924dde602b0439058a9a5d2dc0b0706ce8fa8cdd5430a9877e5010f69,24420300030311cd741d864e18b4e2629b3400b49250df0c87831d93933bf68d,0.3424362080404535,r5_mse_tuned
5,mse,1,0.02,0.9,300022,r5_mse_sigma1_lr0.02,60,ok,,0.6178274186012055,6.296342132675569,0.37766283516211574,0.1102775478673378,01132f8d76a31fb1533df417971bebb1e16141690bd2f32439d016369638852b,0236641094670eb129ba35350d11bcad44e89884a4dbed23ad8adf5e7b47c52e,74bd4c1b78dc4ef3febdf6cd36ec12d001dc0887f32139befd996e51bb34bf69,838817033149585f3aee4e8b88eff319b67d6427993699d83172d337dba81ebd,0.333359666983597,r5_mse_tuned
5,mse,1,0.02,0.9,300023,r5_mse_sigma1_lr0.02,60,ok,,0.48345059445472294,6.0938855948797395,0.3988537678192947,0.11686415397105336,8569b0c8c05e42f7fd61099236414ab6ce3713f6a415fa14439fdfd258b928ba,d309ac4b205e9879f73bdfe3454618e4b2f8674023509d75c5d8e5d9c6444e79,f2c20e8ee18e4a24bfb2ea1b17e31e53f7c2555324789f943c687db677f31d6e,062c7365ad6a2da493d621e6280a273db9059f3b022b52f933f93adf9cd69ae9,0.32642925006803125,r5_mse_tuned
5,mse,1,0.02,0.9,300024,r5_mse_sigma1_lr0.02,60,ok,,0.5824127264882222,6.112890555209961,0.3957263468195055,0.11950935673949067,0790780dbf8b15e4f2cdee78286694884ef6f0989269cd40dce812f11c818968,cac32651e1651a8f3598f530661e966484a5eb6d2555c9964fd8bd3dd7a87972,a10ba6f1d94beea18f8e37b26107e2a247aba7e0d0e3edc93c683197ab0d13be,c69418d17275ebd1d1d3d74a79065fc154102602f4897c02c3453d38ff7ac18d,0.33059095800854266,r5_mse_tuned
5,mse,1,0.02,0.9,300025,r5_mse_sigma1_lr0.02,60,ok,,0.5002686197872483,6.092719664840373,0.3959169215158119,0.11719140876868034,e6c0956e9a29de034cd0ea6472278f9f9e305434300df8b4e8f108cd08f26886,50ff6677861293934dc3f7a0e6bbea9c1b904b4976071959176694c02e0f577f,ebf975e58d10a21057202c8986c33de1bc32ebf374120f41cabc30841d882986,c94adfe8df9279115deeebc5f1c98a6170d6ec87ad868203e83b438725ecff10,0.32551004097331315,r5_mse_tuned
5,mse,1,0.02,0.9,300026,r5_mse_sigma1_lr0.02,60,ok,,0.8024135464187896,6.316230991496339,0.3592894490547263,0.10634967692019899,8259c7252ea55af17697ec3e92fa664cfff2cc2c62b2fc54f2eea6704162cff1,3ce53c419a8d2a98d1de9e36c588e27e9bb5fe7181e80c9c70731f6462d4cb14,82deb83e05f8724114f1bdc6a69119e1317b29e5d5ac0f1c40e476fe8fd8518a,83fa808895cc9be8d80d008642412068c351bef4fc8c370c057c675249db8519,0.32606429199222475,r5_mse_tuned
5,mse,1,0.02,0.9,300027,r5_mse_sigma1_lr0.02,60,ok,,0.6595384726408882,6.335624315490903,0.3611431322848787,0.10942636908231824,555f7ef7f5300d55eab90b7abc2509c6ddd5a82433086073d518b2553e5ab635,a7d852e0006855682420200c1d8bf0f5ce4d270c112bc0971781ca1840f21e60,eb5f3779f7e83bee19c192d03c36828766fae2049869ee8c360d13873b345714,d15529a63b5a870e7c1aa17fa0a04319e156b266664131f903a7fa052ff108f6,0.32984929205849767,r5_mse_tuned
5,mse,1,0.02,0.9,300028,r5_mse_sigma1_lr0.02,60,ok,,0.6003023836787744,6.122838469830118,0.41351615089254135,0.12198726451329969,2c90d269abc02edd082587ca1c45ee3ffd608040bfa33037f48b60e800345af8,a6c7eca434b19ab72070f4331f4b1381a949bbc03165c5322c19b18d31fc02b2,0d69fe63c6b412c7208dcb5ae1c604db007c0b0123a00fc750fec84375e4e263,aba7ac212f7e58bc812dd64256f65ecfaee3009fc3e1d2f0e1617ab15858584f,0.32799279096070677,r5_mse_tuned
5,mse,1,0.02,0.9,300029,r5_mse_sigma1_lr0.02,60,ok,,0.586215705369754,6.200368283918956,0.3520060133876683,0.1056018040163005,eefaa70b2e4f9712c8d2fad79662c2cbf1b04130f1281468ae404c807d3d474a,1871ee4f3ec66be83578b8d08c9fe3fe9d7e22fc8fda48d8e405c13fa4ada97f,b74ae40212afd8ea4f0660da483468f2a5f6f6d7fe8096f147df2d654dca3bc3,5374105ff00261bd0cd471664aa26839c6e7feb24c0439550bcc5d71b6b19ade,0.30114995792973787,r5_mse_tuned
5,mse,1,0.02,0.9,300030,r5_mse_sigma1_lr0.02,60,ok,,0.5743423047239233,6.28870165745568,0.3877084333601896,0.11747565530813744,689c46954bb970719c1ccbfa862609bf50d62d91f6ddf57a68b1db613dccbd89,a56675cf7971dee4a5708aaa7631775cc4ee0dbbf031c92437f8dbf764a22761,5789ca192d7dcc0ae0a3ef4cedb55d118ea497b10a30ce0fb0c2b977dec3b14d,8e7fe66f516de32121d1051ef99a34dab0ff4483b1b7ff915604418b217dc6f7,0.3061139170313254,r5_mse_tuned
5,mse,1,0.02,0.9,300031,r5_mse_sigma1_lr0.02,60,ok,,0.6500303839251496,6.204060119912718,0.3748689160741951,0.11283554373833271,caddfcb37abf3009ea99deb5316e1db13d5b0c34c98f7fcd4ecbd61674891add,db3e5c14e5fd1b464928c9903eaa0097bdefea6f9ef8c18e0c4d0f68471578e7,27753c8ac8970e1421e4a6a03fffc62d5aa8c4540183a70373f285cb278a3002,0f63f5f3186268542d2059200f1dd1781e96dd350ff878b69f54aa927538d17b,0.3016093750484288,r5_mse_tuned
5,mse,1,0.02,0.9,300032,r5_mse_sigma1_lr0.02,60,ok,,0.6126372069411332,6.12681461986803,0.359049101601085,0.10915092688672984,0cafa4d93d49dd1f1f96e591aef2aa1a0071f194cff785af1ee2ce77d0de7756,04c9ef5c63f89d8d6e9b8a0abd0768718e42d5a04c327b4c018659155256db82,15ea293df2fff0e38860609fbc1ffdabd9aa290486352a176e14da3977419234,b83d7cd592916b22bd5e2d8590832ac4b2031e439979f2caef520a5f3297882b,0.30582662497181445,r5_mse_tuned
5,mse,1,0.02,0.9,300033,r5_mse_sigma1_lr0.02,60,ok,,0.46822794049115785,6.014840916473262,0.3980238751214372,0.11980518641155259,7856a8c79f49862d335530e7ecca990edcfcd44e2430b104e8e8b151686a6e47,57645ec48930a4c1e12aca637d5e92fbb621813907a9a2934b04b342047ed618,088fbd931fe961b93c28bcf607e09589b574c7e4d887f4f86bb4a764212343d5,38583552f40ab564cf5f14ac69a1195e96879703550cbdef5565546dc86d0eab,0.31098275003023446,r5_mse_tuned
5,mse,1,0.02,0.9,300034,r5_mse_sigma1_lr0.02,60,ok,,0.5957999747461429,6.302046880243468,0.36411456509181905,0.10559322387662753,265709a031a255d67a159004510d8ae9eb9d1243c985ab835f322589dfcaf0f1,413113ebf5837c734743bc6fac245c377f6d4d765fe16dadcebe845b6970ecc0,919947e507cef50265be52785de2363cb5a906830e10047d81c23d360fda5fd5,aa83c09ad07c0254c1c6230abbbb38b77b887696431ac15e204f85c1ab97bee2,0.3132825419306755,r5_mse_tuned
5,mse,1,0.02,0.9,300035,r5_mse_sigma1_lr0.02,60,ok,,0.6314538978845159,6.180509627602608,0.4073271729761802,0.12097617037392552,a7c9f8da5f053c87a9def53188cd1c7b7f13817ab7c058c3a0e9a596c18599c1,11b8d6a0d4a74720af43b2d3caaba1e6a3f04e87c01ee83efe4d105817f577be,4b734a4f34491b2deefd6a3bf2812ba2af993350b3b2c933d7e24b5fa3a6e6df,ee7727306af7072c692aa0698bf1327fc56cc3ec3c8d445cd8c30af3531b0aed,0.316037041018717,r5_mse_tuned
5,mse,1,0.02,0.9,300036,r5_mse_sigma1_lr0.02,60,ok,,0.5372452150111307,6.222056504357511,0.38524824383576695,0.1132629836877155,22e590454277a117e664fa941ea99ad8f30ebedeb9c6b160f358ccfe31a4ec13,4a1b30cf27c2d621e06e2bfd1f031cfb01554bf0205e819cf31f51918f94ce7d,3d283e9d0a16c32a0ad4216192433dadc41646dc69c85743fe9d39749fc79ea7,3f75e1153f4394cf17c0cdd2b4d096a54c816d2643931ac432db4252e159f8b0,0.3161015840014443,r5_mse_tuned
5,mse,1,0.02,0.9,300037,r5_mse_sigma1_lr0.02,60,ok,,0.46521072768805705,6.148121284068967,0.46781254926849836,0.13239095144298502,f0968699341ec1620fba5f45cc467b965fd0a832614c2f270113853125578534,ca4f3809d1420c32523738a8167122c75bc9dcffdd8c533cc422527ec8511726,75712c62280eb15659b65154bf98822c2427a9ffb2fcf1e0b4595821a42be079,638c8815a941bed7593a69ff3f1c278d4464cf02088821d2e8da0aa89bffe04d,0.31785008299630135,r5_mse_tuned
5,mse,1,0.02,0.9,300038,r5_mse_sigma1_lr0.02,60,ok,,0.5548540341287658,6.134119046283007,0.39620244110299613,0.11925693477200183,aff3f60d957ad1bd6b8c2456f9ee3a6386b8d361ecaa85f54ae4f6bfbddbe902,0d3833058011035bd683ea656900b18bdfa928d26ea9f2045a93b3f0902d7d95,6eb2ce209e17cc8dd96d26ff534bfd5ee2ade815b21acd43e4b818b4e62d7931,164caf4cea078f77c6cb0a75d891c34b42ba5ea729191409f0eadb1c81b4d7b2,0.3129819579189643,r5_mse_tuned
5,mse,1,0.02,0.9,300039,r5_mse_sigma1_lr0.02,60,ok,,0.4922379759757153,6.134935502393479,0.4089230867124169,0.1161341566263264,4bf06104aa241b940a7daf009513d821bb13b8169b7d99bebfc074a6df500c2d,d8907a883af4e8a955b74b01aee12100811c29821c76d51119f417e1dd3d9766,2e287c46a5ee79e02dacc80ffbb96bc6e0cf49d8180c848b65b73e01c6deb48d,fbf9cc5e8c6472d301b529cf4796e333076fbeaa4d7623b4aa6b6146a5e2abdc,0.31705604202579707,r5_mse_tuned
5,mse,1,0.02,0.9,300040,r5_mse_sigma1_lr0.02,60,ok,,0.5889245213564287,6.157923447085148,0.36686206466077526,0.11042548146289334,79798a2e527fb88ab17da97fc950bc934e74d76207867b2377edfac289c7ce06,6b14f0355647f998c5a55c0c33416830f720e50e7f81ac5277dd002a135a6761,d1608375cc87fdb19f69945a74a45db4f63b973f9be7875c9df37c6a1477ad6a,16f10fb01945af34ead6032bfea97fb08db4eeefacb8b041fa492ae82273d0c5,0.31279495800845325,r5_mse_tuned
5,mse,1,0.02,0.9,300041,r5_mse_sigma1_lr0.02,60,ok,,0.47902724847607947,6.169842547752988,0.39188715715828987,0.11834992146180354,46829aa78c5762a9ceb54ca8863f3480de6482517bfd1e43afb0bf0bd89ee10f,5fe2e72c346db70edb03802941639391b013a95df940dd11e187db63f3e31d41,0e267490f3c2c6671d58182e56c81e30e7d4458c8378e45d6923268c70c8ee71,875ff61c46e2f3863ca3f39712891a8c62ee41aae8dd7ca6850d2c449f307128,0.31708162499126047,r5_mse_tuned
5,mse,1,0.02,0.9,300042,r5_mse_sigma1_lr0.02,60,ok,,0.6179436916384966,6.289267938134382,0.4003571931750813,0.11690430040712373,d1de4d8d5d0089d4d77b163b6384abdb2b66b12058825b0360411bcaac5ee92d,c96616c67560f50dd3cebed2c47ab6cb33774c80774dc35950ae0077ea90dce9,18fdae4f8db78a816d832e20d58b97c1de48bc6f7f88ed6646696914c14ff600,f8a893f39f69703e159f80065004286f15a217c61fc2f7050e5e371bb84eb592,0.3211287920130417,r5_mse_tuned
5,mse,1,0.02,0.9,300043,r5_mse_sigma1_lr0.02,60,ok,,0.5914682490001083,6.217518880402881,0.3951276297210254,0.11379675735965532,ef8e7bd25984576db7218ca16ec08bd0e975634b20df074f8af7de4fe7fbda55,53f7262f5cd4d611f0f38b893d60ff604847d5eca0ebf2e1a7e1e98ef996a655,5afec502bc786f658fea952918111d939cf155e9ace7e1baf206082f4330b544,1e2e82f0c7a083bbc764097f49731a76a581ab344430391f2a2d15f5482de807,0.3160210830392316,r5_mse_tuned
5,mse,1,0.02,0.9,300044,r5_mse_sigma1_lr0.02,60,ok,,0.6242677558975943,6.252363605596138,0.38121131181360945,0.1174130840385917,ea06d8f954be15f088b6b90d0574b59f97197659e1302f3a9a0fcf4587fe8a2e,b404b0e35919d04ba7b0a4787f4141bc945414ba3d55c84d25c5d179efb132dd,76a391884e2449bbf468c169e23aba86e65dba0887fe467417e273025fbfb544,33ceac7e330284bd5dabc9a68883f7136f9084f8234b700bbe0691ab1bec14ff,0.3161960829747841,r5_mse_tuned
5,mse,1,0.02,0.9,300045,r5_mse_sigma1_lr0.02,60,ok,,0.4942656460935901,6.179517710638833,0.40190028680194945,0.11815868431977314,2bd910b6630755e770f64ec326f47885a46e28caa1cfb2ece9898be6c52254a0,0d407ec9546bde5c8283677841f884df398b4edf2732dcb0e9dd9b8da082f3fc,9538d1aa342c73294ce7b8156249c51a2b6f1621d64fb424dfecd9f78b6f2f77,17e41cf817303e3b1f41b94a7403ab45805a24c41e5e3700a2168737d5b214d9,0.315438250079751,r5_mse_tuned
5,mse,1,0.02,0.9,300046,r5_mse_sigma1_lr0.02,60,ok,,0.4977326905581484,6.204187545717844,0.40950124119897496,0.12325987360089147,d5da4b35bdadfc27dd3908a7c92fc60c1ff033f7604349db35b46f48f15ce767,ff0c44f2c421e6eceb92495760ec4e53e943b09896522d93659840e35221af7b,d8f6d6f1afc684e3dc00c91c7608f064ae403613fd581aaccfced30090bbc48f,dcd25088b0d821cb4ed001dc36a50abe6f8298205ab4565c9f4b9c5ece1e22ff,0.32451641594525427,r5_mse_tuned
5,mse,1,0.02,0.9,300047,r5_mse_sigma1_lr0.02,60,ok,,0.6077675405709526,6.212654458462284,0.3816053111136043,0.11638961988964931,ba80f6c2328d41463530a291329dc92669415ea45bc43bd361aa88ed368fe2cf,f19e3d15b50f8f8cce7c1ecf8cd85899aea4f5e9b0c50a8617fe9a8f75ab8daf,8f9190dfcd25099a9bd08935982c4c690e3ee10987b5f62e817214f0f6baca7c,95957055a78defd01d9a926add423de4455edd1d1c4cd3efd9f9f7967adf34e6,0.31986404210329056,r5_mse_tuned
5,mse,1,0.02,0.9,300048,r5_mse_sigma1_lr0.02,60,ok,,0.6230758764425484,6.246146401067224,0.3917979552331685,0.11636399270425105,2cebda7b822c6ea3ea437354fbbb1e7ca35303cc1db6c1d50b269ae1ad585e6c,b04449e3feda4928d4221f04eb43121fb8b890df6ce8d3100a7497b322c3cde5,e28d5233540073bd29e4381f76f6ce8906d3a61ffc8d3ea5ea1f9225f537abca,015d809c06bebf54e81309f4015b7fc2f308eb5b303315de710acbb74970022f,0.31797779200132936,r5_mse_tuned
5,mse,1,0.02,0.9,300049,r5_mse_sigma1_lr0.02,60,ok,,0.4430761427620857,6.116402313731343,0.37678136978060484,0.11378797367374266,4dda00783c3e9dbc89186954d10259bfe245724c40f8919bf579a059889831b9,800ad9b5f0a3eabf05aa8276d0c4ca8cd2b65ace12abe3fcbd9065b9bc20280f,904e474c55bb7cc6796f3eea4a2496a8682f17a2a1ae5fdd368670b873a431ee,d41fda07ceb9802e800dee2602fbe5d42f71746219017f8d2bad37e12679754c,0.3052151669980958,r5_mse_tuned
5,mse,1,0.02,0.9,300050,r5_mse_sigma1_lr0.02,60,ok,,0.558561478784757,6.132028019251729,0.3982464049055943,0.11947392147167829,390f2b6ed4c28899f7489d28d61acd3ab3dac981995fc19428cbf72154196d5e,0937bba965de3b29400cb0316413f15a6327a16e51075e2bd85761227b696178,c5fe3ea8d86c7d0cdf0b96e9f6235438cf1377b9e77bc169160e4547b5bc5dcd,2cb3788461bb404491384778d2f805f259a337e4c8b6e2fafd05ddfb374c97e3,0.3040245419833809,r5_mse_tuned
5,mse,1,0.02,0.9,300051,r5_mse_sigma1_lr0.02,60,ok,,0.5327937450228324,6.1819129265729895,0.39082655204487715,0.114512179749149,40bd3fc16e77f7f16b4a4180dd17723bd6a874c87a2ba15961fb2d1de37f22be,3e8a74a0dae522d0d97418de854467a0d05ddd3958b9920af2b9026372da8f5e,c6ec9958d28f0d09e0034619da29818b6a30848631144d857349f34eed7b45ac,5b6bfa3a3bb0fa581745098bf79efde16e80151d6f09d66fa5a7f57298eb746d,0.30604670802131295,r5_mse_tuned
5,mse,1,0.02,0.9,300052,r5_mse_sigma1_lr0.02,60,ok,,0.4656738111494781,6.052282442128637,0.39396029658693266,0.11503640660338434,7ac760f36d6a12efcf52e8294de109c9d9887444b5e5cd9434e0ccb624564774,7295e148730692031f359fdf837044caacb2ebca1b6665c815a15a29ce443773,2965faa7bba695af7c477181057c12a109834695e8be9f938bbc4c6106d3e450,573faf82adb95a7b15fcc4e720e4758ed5a668798f1616373343a691601ed266,0.3053669170476496,r5_mse_tuned
5,mse,1,0.02,0.9,300053,r5_mse_sigma1_lr0.02,60,ok,,0.4207089188135541,6.105107615930932,0.3715551979523979,0.11072344898981457,07dd12f5b5c72d4ce65bff27a2ad311d79b21736ffc2b258c075480649ce387b,d9852a48342447f1e59125dfb75c6b8b13de5a1031a1a2f49fcfcb34ff893dd1,3fbf12a2335c685760c9a7da04f357e930d2a6c8cec0a3f7cf99812fb31f631c,63eb0eccb974efba7417344ec458122daafc29c04fc31d254b60b81d49170f2d,0.302409749943763,r5_mse_tuned
5,mse,1,0.02,0.9,300054,r5_mse_sigma1_lr0.02,60,ok,,0.7074561290695877,6.352588535153538,0.3448972368065171,0.10519365722598772,30dd86d095ec5d698c4e2c00c27bec4505fe1de45ca78a4c77bfdaf9a1ff2a4b,88556dbeea38b9e3f76af13cabc3a013f5842a42df9d64f8a2f8711bde460ef8,cda9ec4b58a395c6a63f62bff10349053f88ef6e368023afcc6ebfa55af13ce1,8f62111ee47caa98846a632846ba07e1a984ac3a969ef3a4b02e9cae088e501e,0.3025650829076767,r5_mse_tuned
5,mse,1,0.02,0.9,300055,r5_mse_sigma1_lr0.02,60,ok,,0.703091365285591,6.420754894973384,0.3455277147338526,0.10538595299382504,08251a850e5eaaf3bc0db7235541dd9880d2de7b33498b9b1ffabbcc6a82e031,16103b6a02a3e8dfca8c66e03d66f1b0e1227382f6ee949182c74ddd9c1d66d2,81c8bda5ef9bc415f4dd332a7d7160df8ca6fe0c33eba04eaa5362374ed9aa6a,a1502094c561f565ce135d9a03ee056447ce3d1b55de2d875fe4e15281c49135,0.30204570898786187,r5_mse_tuned
5,mse,1,0.02,0.9,300056,r5_mse_sigma1_lr0.02,60,ok,,0.4617835541998929,6.049457994423563,0.3509972547570018,0.10670316544612854,d3ed01aff926b25fcd5ab72720d1b1d98d64c483df418e299d719ddb69984290,28a8d7c637b0fe9a248ae3d50677aa2d4ae5a6c7369f00f0a65b37272e587765,8a1fecd0c5a7c6fa04d9e96767d5ecfa425560663737bd394f05de14b2ba34f0,8f65d96434da177ca0bcb87d89d3fa6ebea7f5136cc69c1f6bd48fabfa91a54b,0.30194812500849366,r5_mse_tuned
5,mse,1,0.02,0.9,300057,r5_mse_sigma1_lr0.02,60,ok,,0.46729615469705427,6.09216941166776,0.4106502821622276,0.12319508464866828,46b86bb023c8eefe512ae0b282cadf490362356ee2bae4f1177511af1d02223d,23efabe96dacd7a930475e0fbfddeb62fc5649c0a94c45d1506afc56e10053df,bb23dcf2c612d453f8410d01d30d51fc1527c438111a3a75d31e45d652f2f144,43d080339e0c99f8ca01afa5719bb3d353896a7f271b8ccb2ebdd8b9aa666f24,0.31083570898044854,r5_mse_tuned
5,mse,1,0.02,0.9,300058,r5_mse_sigma1_lr0.02,60,ok,,0.5310605830281021,6.188519823029466,0.39819142989429535,0.11826285467860571,be54da548939eb34c198c5b8af39c6b40768c19f8c0894ee69a24207b6b465e4,e56069914c786018770bce1a7522f77d4bddd47cb0cd7f780c1e90b386a09398,cf4c30f082660d6bcf3536c74f01f5f8606a35c577bf75008cb820343fdcc813,88e3b2d727b14188879889a74f53445a1e361303ac7312c1bd0a9acb41172224,0.33070033392868936,r5_mse_tuned
5,mse,1,0.02,0.9,300059,r5_mse_sigma1_lr0.02,60,ok,,0.5645886501763148,6.118003424319635,0.4018030290230854,0.11973730264887945,86975954ea25afa24d148cd0d80a4f12817f3bdbe7943fd11114ef1e5512ca2e,ac92c365f27d645f30db1d16e6504134289e056b66e3d0432559610015e7b01f,0caf4c321e7cb267025c11ad1893409ed242aaed18430ccb82e8fb877a03a71a,9fbad130d30fceda47941c63ac9b9d853fac7dc1bd015fe6d58055e34ad389ee,0.3686438340228051,r5_mse_tuned
5,mse,1,0.02,0.9,300060,r5_mse_sigma1_lr0.02,60,ok,,0.6898086758599596,6.28620203582302,0.3523567187748523,0.10464994547613114,ef3dfa0dcce3266b8e64b5185906508ef9724df33f314b80d6e605d6a76f6e29,85f9e8162e8403ef1422e75acbbcb246cea4fcfcbf305c2aaefe1134d59965ef,149a9709d9e042067aeffabca69706e3f35b4871483d6b058215047a570b561e,56a352e055e5cf231bc31994b3b262865708ff8d4afc33b5f484dbb677243f96,0.3590250830166042,r5_mse_tuned
5,mse,1,0.02,0.9,300061,r5_mse_sigma1_lr0.02,60,ok,,0.49911630514449884,6.099013410640002,0.42670724045007125,0.12587863593277102,cebafe01e6af0ee95f79d83a58cf7c3e9005f4eac4718eaed5302c26f67536a5,a034bb4db5a0ed251a7830b45b049184cd6466ad4c690b2da4604f786ad3f27f,aa0b4cb9a4aed22558dcd9ab4ad6708290363b9f202dffb828767aeaaf149956,f2a6b88ddac4cbf0cf0eb83c302ed317257489aae68fbb6239e981de873fd8ed,0.35053929197601974,r5_mse_tuned
5,mse,1,0.02,0.9,300062,r5_mse_sigma1_lr0.02,60,ok,,0.6482709812525249,6.206951242882637,0.35543746363584733,0.10947473879984097,b31435f2845f9ffe580f90ef95b59358e3d48dd35beec15b8d9a352d33daa705,d7eb8769059fabae7482833a3bdb6411efc7b8bbc9dad9030069e8fb4af0376d,8c494eebeb1dd11901cd552131d93113493560c93686142d2ef6a0cf63718a04,8fb6aa50f7198d53edb82d34519dd38c04dea86300b263678256c2775771d742,0.33540754206478596,r5_mse_tuned
5,mse,1,0.02,0.9,300063,r5_mse_sigma1_lr0.02,60,ok,,0.5652044416375779,6.153581781429633,0.3781781605949849,0.10853713209076067,d6d2c5ebe7f763691e03746a41367e5be0344eaf5fdc66167695a8638bc42d03,443b43e8d82c93a9b6859f49bc9c1384d25cbd44a30cdd875c6562dd650ff6ff,63a49ca139966fd117cb0d1574a6c653f891c0d5bb380ecbfb748887372c093a,b36dc16d4def3118e2847f55a90751d1c4a10f534628390cbe90f8bdbc4c631b,0.341162082972005,r5_mse_tuned
5,mse,1,0.02,0.9,300064,r5_mse_sigma1_lr0.02,60,ok,,0.5221090897088116,6.152062350991606,0.4099639447252275,0.1209393636939421,a2279af607d348c7eb3e3b3dc6d4045842a3e1c8cd56db71ed3c33fdd34d83ba,2d4cb5b9640c9fd1a8540366892d9096ce2ffb3b0448e9de439604e97fc81b00,a60d6ff3c236c74883f3d56d9513fe6b82356d9569548a0f505587ce60f15124,ec2d95d5bc86e06a44fd535e3317cf665899ceacb2dcc0c248a982b85e5ef041,0.3425582500640303,r5_mse_tuned
5,mse,1,0.02,0.9,300065,r5_mse_sigma1_lr0.02,60,ok,,0.6334754451628162,6.107115782653669,0.39827771707687554,0.12147470370844704,1cfb2f28eb8cc948dd0f1611cb56cb4e6560995412560e94f6b63dae98e6ad18,5880d14001810cdd467dad4ebafe5b0d6e501f3f570a4df3600f1534c2b7616a,83a063c9facca304555c6b75864aa3c0435015950dd2be247def8e20db5f93f2,e02946b35d9ed00ba43934f8b726356bc6d145908f0666a9cf86c817db094a16,0.33539458306040615,r5_mse_tuned
5,mse,1,0.02,0.9,300066,r5_mse_sigma1_lr0.02,60,ok,,0.6260597005661745,6.262600436249347,0.4333561829584711,0.12654000542387356,708269c9fbc27a8cde579e683a6367880c14143b935f4908ad90b01362b99244,6549ca8b41b89433ed9700fa8e4e609e210451b9c7ebfbe6f1edff98e603ef32,12734b4ddd70be818e51b8789118d4874bd123c61546d70ac001d22e1c307a87,bb9bc7b1cfdeea65ed1be0f8a849f5184dafd68413f849e592e4944411dc8e35,0.3276518330676481,r5_mse_tuned
5,mse,1,0.02,0.9,300067,r5_mse_sigma1_lr0.02,60,ok,,0.5343505626999655,6.233631021947906,0.3767064973427416,0.11301194920282248,081f0a8188505511354ed61a498396ca9f725e574fcce6253e57e031ed00a1a6,e1589b617124f4cb79e463a004e07e664bcf84d0d57ca0ccfcc221cb90bd6916,4f1d3d78a800b087a806b58eaeb48b3137b97b5aaf06c8d22e51da8fbf7d08da,bda9bf3b293cf5db9b5cc889702bf57abef59b2a21702eff69f871ff4bac38df,0.31658108392730355,r5_mse_tuned
5,mse,1,0.02,0.9,300068,r5_mse_sigma1_lr0.02,60,ok,,0.529024419035048,6.158583691579982,0.36991160259947675,0.11245312719024093,0bab71e6eca3d3074b94363a2595e397768bf164f5737259b49028335278c69f,2352320ecc2428f76669b117992f88aa230efa0f74713ebf4f0d5ba8b32e0b81,5fca900f4af2e535b7898aeb9242c9b7621f4a6aa072cfcadb2f16fc974460b5,7246c5a1cbc10788cf188ac72e910c095e54562a048791aae550bb23bb2e2cc1,0.3190588749712333,r5_mse_tuned
5,mse,1,0.02,0.9,300069,r5_mse_sigma1_lr0.02,60,ok,,0.5866222217862594,6.24864394505764,0.4039278663120918,0.12117835989362755,6174d2c5d4074cd59901346d33d990e3b06dd344d19303a5a61f4f4ab30feb69,13ddf607a526199525f36e82d6ec66fb92b3b4a84d3eab35ac1e71aa897d1d52,bf337414c9d11ba76dc5a02e23a98ae70595c30adafa2ef439346f5c9dc669eb,6df8d4730bca4bd107cc4729fd75d700b526f657575b47851a2e2bada2b5a360,0.33160858298651874,r5_mse_tuned
5,mse,1,0.02,0.9,300070,r5_mse_sigma1_lr0.02,60,ok,,0.47402357448059307,5.994710259103345,0.4124451044712776,0.1249708666547971,f634cc4e2d1c13934fed7a89e1dc9feab288a32e837cb405f0cb855949395708,ccdff70c19143dba1653dcbb3dbbffabc6f7f1c013b1dfb8a1e39a9aee3a3577,f552c7a0e43e097228a54293029eb471f79082e8eb80ba9538c3da13a469b216,499ed8e84380f3128ce003636d20d6c72c0d40da701ca7cf0a1a50eb69951251,0.3352078750031069,r5_mse_tuned
5,mse,1,0.02,0.9,300071,r5_mse_sigma1_lr0.02,60,ok,,0.5104747714750899,6.0894867821706695,0.41688724874450334,0.12381551287711749,a7a631ebdc901b6d1afebc5883b03deed2af77787993e7c43d983c2bd7ba4001,7a9ef81ad7224233cc5cb38b965598d9364349ed4072919e19c10e80bacca046,876f2196277e5cde99e423ccc7b42337a92cc2198a9d570dd61f1bbd1f1010b4,975ef54f104371b5bc566442294b2bcd9a08ac735b93833cbd97ab1b71b2a6c7,0.32505891600158066,r5_mse_tuned
5,mse,1,0.02,0.9,300072,r5_mse_sigma1_lr0.02,60,ok,,0.4021140054124459,6.052312516891712,0.4322231984177387,0.1275058435332329,29476ceb6b9c7bc9a00c948025fe869f227afb88b4f615b258137802f2c3d508,d2f5e742631b619a124a6e2d35a067c5b263572690ea3f3a50c8fe4ba810e605,1872fbf5145f1eec068cf1358d435b547bc62e827e7c7d79965a30d5a5568465,b85886c08c03931b8166e0f68c9674922a7ef0cc38806d790bc6253e2bb3b592,0.32464775000698864,r5_mse_tuned
5,mse,1,0.02,0.9,300073,r5_mse_sigma1_lr0.02,60,ok,,0.6252956252278382,6.036411620168313,0.35412011578361413,0.1051736743877334,94d96421ca2c1b509b027b228ac8292f226d27321b9fe81c04af907c5f10cfcf,ea343b04223be8eb207fe79b900dad6f48ebc9d78b3bd560a6b589d849c18632,752ca235734d3463072b13371e8c282a8ccbe3ad478d2ae30596d2216f4dd0de,9d58fc4dc8fac32e9850b7f5a50f949e418ce0fc962d3dcd1ff30f25dedb3464,0.3296023749280721,r5_mse_tuned
5,mse,1,0.02,0.9,300074,r5_mse_sigma1_lr0.02,60,ok,,0.4894351039518334,6.184523049762846,0.41136345049606193,0.12423176204981069,f2250eae7e757ccf0386e915268746609495ba31fce4b4abc9a865ab6e47686a,5ac414598748c0d70db4857128449cbde5756407a395d592f1e8f0d8bf4b5c79,a9c65b94a045c2b4bf1ac6b6edb461830ba947144a38ecba2ca3688c8c195454,4be7d4c18a7579d076e5a26687e131896c5c682c7919761912e46d12db6efc10,0.3301420839270577,r5_mse_tuned
5,mse,1,0.02,0.9,300075,r5_mse_sigma1_lr0.02,60,ok,,0.5834336073088155,6.152995405685944,0.3739933568637853,0.11219800705913559,7dec063783091bc2e04a4042c3c3773b5ade267b870931cdc8039fa0219f28b1,a25c1eb5d376fa0b58834737109ce6926d29c8f0a8076020763734df14b91a56,94c6b91a40a456b38721bb29354accf167b73d0201a36ce3b775ca2c4f200c9e,34b0ac90aa24c4c951e595d5a9074587b44e3d538ddd99b603f6649f9116c80a,0.3354910409543663,r5_mse_tuned
5,mse,1,0.02,0.9,300076,r5_mse_sigma1_lr0.02,60,ok,,0.5163071499147612,6.183382469395241,0.40916983009910557,0.11825008089864152,874f36301d93b1a5bcbfe168684f14c2ae66efa60b0bc3f6963cb38d49893ab2,a30bb8ba2fa3f25d8d30198f6baa7b531b0290bf636c95bff3cdf4e85021d3e3,9bca2722503dca0447458a57d72ca9adfe0eeffa2c3c4751439aabc4fad54970,d1097a9f663a2e7a9d7cbfb74cabe0697bd1a3abe5d20012e571cc42dda33595,0.3305204580537975,r5_mse_tuned
5,mse,1,0.02,0.9,300077,r5_mse_sigma1_lr0.02,60,ok,,0.4644028233147898,6.102647240659787,0.42231957759517524,0.12838515158893327,ae4b1717c7ab36a8bf739e3c3e609f149fdff4c16f64795219832d1bdbe563af,01468e53e4630aac84262b5039324698644a6a60b78851a2244d2d5ca7d5cb3b,2543a65e9e18fca475db28b8fe7d59bf15081a2094af5308df91e95107ff36db,5379b08f93602aab871f6a640fe91da2eb05ab96bf0f9a6f360530c00fd8e106,0.32606729201506823,r5_mse_tuned
5,mse,1,0.02,0.9,300078,r5_mse_sigma1_lr0.02,60,ok,,0.5793485668423093,6.192105941260146,0.37101944760789957,0.11093481483476196,fc507e05a21f23918e50d7f9083a51ab150f87ca134cd0efd7c9b54191cb9adb,7b9ca0f5a4d48af552fac2e70ed042c3545b15fb9af1361947503fc8f8c0cadf,fa79f3ce7dad074acaf5d472de579cc8c943f5d342852e257b5d734bd50acd0b,07c1cdf1efb21c1409d8044f28ed6bfcaf48ac9d886d634fdd4faecd518a6010,0.32684237498324364,r5_mse_tuned
5,mse,1,0.02,0.9,300079,r5_mse_sigma1_lr0.02,60,ok,,0.4689101918623361,6.1843515581575375,0.43608791481792525,0.134315077763921,99e3cfde53d3779687e41c4889b2c25c000b0fcd2df380100446ba8715eb8ec8,671c1c32f5796c76ffd63fa2ee7f179f0b0fbb4e4d0a1e393c4129332e01d5a6,103845b6b6dcd45a3e2573962843f6fa7cfbbc5ce75609cf515090f94e9930ee,291d0c994e6848552081a19bba80b30348db8561b9fad55abeb4da97b3ba4cf6,0.328586749965325,r5_mse_tuned
5,mse,1,0.02,0.9,300080,r5_mse_sigma1_lr0.02,60,ok,,0.5786688111469388,6.275791908590171,0.37067665424914215,0.11009096631199522,0e3d960b755d50f9638f138ca006e5501b07ca00e96338156fe514e01912fc98,1cbfac2f19d4c0ebeb40fc9e4eb17765a40b7e9b64b7903e8debdd4f6b207474,da3d1a1f09ca204a2c60964a4ecdb1d53cc4e7f16147526f73127eddf8125398,76fa4d2be487285efea0e6ba12425336eb0b3d3354ec9c3a5eecf0efcb80be35,0.35364599991589785,r5_mse_tuned
5,mse,1,0.02,0.9,300081,r5_mse_sigma1_lr0.02,60,ok,,0.6306584197697365,6.297237285199603,0.37751413684090745,0.11438678346279496,ba2f638e3dea8ab3bc59b28079c678391c132e83fd9186ea1da00b1add31d0c8,1a216ec3f73d111315128ec3ea4d639c9921edf923f3131c1bf95862d334f31a,747c89f42a8cff10b2b1c386c4bea876ff098886db062cf9613b0dc5b8eb5389,5604864b0f85ff957c04f13106e17968f8d1d20993b7a14775a60eef8340232c,0.3572065830230713,r5_mse_tuned
5,mse,1,0.02,0.9,300082,r5_mse_sigma1_lr0.02,60,ok,,0.5476853495482323,6.202851777574959,0.3819875010644665,0.11345028781614654,6c99cdadc1611e488d48953877d470202aead6ee43dd801e550e79a6bd0e922d,7d0c04aaf56cf065cabc2f4d8c5c616d73547978bc744188c58727f7bfc38976,b7b5c9fd0cf22301729296585af7b035c571bcdd023094e999ab9f2ae5ba1802,eb646dd1e1b63a7ccc251ec6ac53d6029254c9925bfafe4f6df318a4689db612,0.3479855840560049,r5_mse_tuned
5,mse,1,0.02,0.9,300083,r5_mse_sigma1_lr0.02,60,ok,,0.5386030559905177,6.181586004926801,0.3983187885129798,0.11710572382281606,fb2734f5bab358e14e01f2c8e72617ccdbaab144d7802f2c8c60ee7f1e3ed644,84c7e32ae9100532c76001d8d1c47683e020e8e4c9c3cdbd4666f567820d7dfc,84a168f2479dfb207e71f1679166fd40135f71d843dac3ecee172b73ab3d4917,3a472e7499ba97dff998d5f2213d5215db43d0c82d8e86252c0eb00ee8bef592,0.32711325003765523,r5_mse_tuned
5,mse,1,0.02,0.9,300084,r5_mse_sigma1_lr0.02,60,ok,,0.5470444994249279,6.204678419107715,0.40178988101882146,0.12013517442462762,307f937ba084b91de860668af0fb0f69372364bb6ce4fcef6c017c30674f17bb,1cb069d54206b5c7c80fcb7a9417feaf0b8aec9e6bba2eabacd8a44cb5aed089,671b6525c3c6d4fa7a8338132fd3e8e5103d874287bd63b35cdb73823c953f61,0de334afe9081c1faf424068e093dc104c318540f2a4786f1d7d207c1fd57dc6,0.32870195794384927,r5_mse_tuned
5,mse,1,0.02,0.9,300085,r5_mse_sigma1_lr0.02,60,ok,,0.7923751879319335,6.486859765016923,0.3753376671153706,0.1122259624674958,b7bda8f1c6157533107318b4929256d5284403e4f9593ef909e880530d05bec6,8f4efd48e45a79dd017a1d7a311edb86e9da535faee03ae1a88e4a1c9590a97c,b9a1c30619753b609087d31c5f6bbd603a3013b6cb1492207a95405ca28c6ba7,7ab609559c593ac7e1827ebb545dc3e3cf0cf8a4950171cd0336302a193122a2,0.32888387492857873,r5_mse_tuned
5,mse,1,0.02,0.9,300086,r5_mse_sigma1_lr0.02,60,ok,,0.7400642934618362,6.248999296514749,0.3838248905077038,0.11706659160484967,7dca81a4c91012a56cee488c1a773d6401a3ad74b9a9405b00de27a2cba11f3c,e0324572697d072a56ed3c04da591c40f89f4e8378187195dcece0e344b2e000,4d97813142dcf97c8a611299a9659fdf6788ab740cc16dbd926646e34b916163,7f3fe4a53321a2e61bcc1abfdd33eabe4502fa1ab0fc59e63313bc92c2c2071a,0.3273155000060797,r5_mse_tuned
5,mse,1,0.02,0.9,300087,r5_mse_sigma1_lr0.02,60,ok,,0.5641727694993964,6.157833746297581,0.3646260134016738,0.10975243003390381,2cd875bdde423eb1353f1213770192b7df8bd876d40fb1aa71d29f9f56f00fee,5e9e38ede140f2d6f39e4d2630dbf7e98417d17a2d266b77b6dce2135af70253,e99e84ed987c73be34374c130effae2df712f150cf0634b138095223bdda706f,3fc3404c986850cbb1d7b4fdb6bc628045938574003add2c5d47fe85394624b8,0.33123129105661064,r5_mse_tuned
5,mse,1,0.02,0.9,300088,r5_mse_sigma1_lr0.02,60,ok,,0.4956623565227678,6.068360961321082,0.4115026358987223,0.12098177495422437,0030bf09b7aae09d5ca485e801a912df314636550145ceef5f18ad2202a69b51,ed7150770cccc71995eec6416e5eb8942b5187c46bb88744c3cce6ecfecca45e,7fc251d0bbd15bc04ad54aade468bb2f50ebbc58967bc4b87ca13e7729559fb4,13f19123f5e4848111e25e5195dee25a814b946164e8a7d1b1c1e7ecbfc4958a,0.33092341700103134,r5_mse_tuned
5,mse,1,0.02,0.9,300089,r5_mse_sigma1_lr0.02,60,ok,,0.6116845793984791,6.178604562095995,0.4256350360280206,0.1217316203040139,c661e54b95aa168b9588f9db764694b9637b19b067f1ce1ef87d834330b73929,60508639f832531b067f6ff4a1f52ad903eb5f468fd6de942af85d30e535bba0,367cf5b38b737aff08538fabfb5d92013302eb31e5ffc55820e034fb66218dd1,0f6596a4a2d62b55ea802208f02c07b562e95a3444d861280e1b35e277f79bc4,0.3243581249844283,r5_mse_tuned
5,mse,1,0.02,0.9,300090,r5_mse_sigma1_lr0.02,60,ok,,0.4978684990012153,6.2662164372274365,0.39860857480195794,0.11798813814137955,98cd9fd3f5a0edc83a0ad4fddaa12ced64d760278d475564fff1f1c5dd73e084,eb3f6b474d6816be6628e288f25ada76b0f7d91970b57b91c195cb1a75bdfeb0,746ba07d9794f8e0cb9ca0a9c10dfefaf2539e7b86fd26098f849a4cc53acdfe,3d17337eb87e10eb16b990a789f19e6e7e79a7f4bbfe4cfeef28a3f48f370931,0.3281246250262484,r5_mse_tuned
5,mse,1,0.02,0.9,300091,r5_mse_sigma1_lr0.02,60,ok,,0.5384238647829259,6.2326285988245855,0.38292892655817623,0.112964033334662,3ccc764800bf27bb75e2094ea8a123146ca3bde83ec7563c79a484f44610fafe,6d41cf29ae36d582d46a36d3d13ff7bf618a41b289a91760c47e508267a1e2bc,a533eaee2259cdb82e3899fbcbdc35924f90124e0f737799c83e5cd1f63080ce,1605a228599ff73bb340a353d0586e763f454ff7872b4eab4dbf16410c741962,0.32132958294823766,r5_mse_tuned
5,mse,1,0.02,0.9,300092,r5_mse_sigma1_lr0.02,60,ok,,0.6163903036377656,6.1524365126903,0.3548404297467771,0.10609728849428635,ba3787eb400695bd780a7f47c9aac7da4c6b2a214e9244efbf6a555d261b6db2,312c1762699384512ffe8b45d038321bb9111baf907d3b4d299e58986f587df8,fd3c1426e8cb4d011029761ace4b2b96b21d202d5b4281e0857ff9e7624373d0,1465466594549280a74948762e4b8419d47e7a5bb173f0fededce62f61668afb,0.3152554159751162,r5_mse_tuned
5,mse,1,0.02,0.9,300093,r5_mse_sigma1_lr0.02,60,ok,,0.5994036137344733,6.225422542781,0.4204895850879258,0.12824932345181736,a7c87e334d754c35efcb9e12ce12b8d5ba21cb97c762ce1c5240cb2fd48ba9c4,3cc8f5d36dcc8109c4741d577771dc446ba604413af58962bdcbf19baf2f0dc8,8873170ca64ff40ac0d386fedcb06dea50b9c190273133b53533f8a039b33e53,f1b00391d8d9a92fe9814b65ab8b2933ea7a5a7eff829dadb7337896e705e393,0.31445129204075783,r5_mse_tuned
5,mse,1,0.02,0.9,300094,r5_mse_sigma1_lr0.02,60,ok,,0.6418335752007169,6.240504562475953,0.3779115760044764,0.11223973807332949,fe0cb28c5e5207e0eb8d04b69d0a192adcc44035ebebbf0a71afe93c9c1de479,0cd090b78186e5e94dddb02b661a53946c90c56c0135969d592b1a63ed8f5b05,5152f7ab471d2e77376651c74bb7777a9571c83ff56ddb91b1d03af2f11cf405,2e8e94a13e0e5ff4ef62983fac52ffed1e1b3397b535a0f1dbbb9367234e8658,0.3110472089610994,r5_mse_tuned
5,mse,1,0.02,0.9,300095,r5_mse_sigma1_lr0.02,60,ok,,0.5759166517517753,6.169917546804233,0.3720177782479512,0.1119773512526333,2b1d3f506c8358f83f3f6c4c478ea6624d3260edd10ad6d1d620211c296428f5,0645f2857cbee4f45e0679741b4cb95e945e216de2bf7f7e7ec41b2cda9c8c36,8a1c4b5a9a5942de4ba79aa7cba94f6a0b7484ac2bbc05ecf8a3529b4ed8ab48,2aa0ecfdc2eb82fb67a5514421a18d3e669c54d22e7e86532ceef4d68fb63947,0.30813091609161347,r5_mse_tuned
5,mse,1,0.02,0.9,300096,r5_mse_sigma1_lr0.02,60,ok,,0.7243703174213396,6.396854968281474,0.40530005907386674,0.11915821736771681,a8b2a6d596c52df65b7d82272c0d81d9d2c9c77626ad4d90c15fef87fa6ce7bb,a2772ee613085871d2c6c6b322c84ca766ff812bd99d4bb412f81dcb90de15d8,11b37067e5e7b6b05fa6c0b6c968aca27c45f4a07fe25d84ac1159284d8e8f89,897f473434d15e9c6fe6900a31f016bfc42a6fb73264f5609b625865441d1049,0.31189762498252094,r5_mse_tuned
5,mse,1,0.02,0.9,300097,r5_mse_sigma1_lr0.02,60,ok,,0.47540288518703167,6.140993810954944,0.41205187168765944,0.12073119840448422,6a58ea514372c71630cb99b35cd8e07be887fa6911b53f19b5d704732fb75bdf,e8c8a21ce148719bf4d490968666825c456df5cdc48f065ce070475a9f61b2a5,408ec60a173b32d43c671743950d22b3fbcc518181ded82ef537decf46ee0c6d,91c04bdad2d631f42044ebe01bccd4c5289f10f43e00d546cb9ff3d9f89f386e,0.3114253339590505,r5_mse_tuned
5,mse,1,0.02,0.9,300098,r5_mse_sigma1_lr0.02,60,ok,,0.6991665636618335,6.364959508393522,0.4028672222456758,0.12086016667370274,998122d28dd5e545db51a6f7b951f9827ea9260ec2b0d92d5c37cb103d0ba6ff,cafbcf058d29eff2ccbf8b9b9b6915872acb9632484a9ed2be13751a7165618b,0e2d682e0f3b7823752766f88040994c84279aac8b86b0ccd6c2db8c96858532,468c4e6a1925afb5b32f9dd34978d571e142a8f0b4c8dcf459a68d7a75d13ebf,0.3126005840022117,r5_mse_tuned
5,mse,1,0.02,0.9,300099,r5_mse_sigma1_lr0.02,60,ok,,0.6048296504599959,6.2305553911582425,0.3932288723736263,0.1195415772015824,84ae2550cdacfb1a0c04866f5109d582dc8f9d46f21b0b67a1fe731269b4c984,bfe6ea452f11a0df7fc9c4a0f46f997a12c5f847d7cb575e520f403a4bf425ea,4b24bef303469885eb85d79f9574f3f854ff1fc98903af707f3f9a593849de7b,de3476dc9b4c9a4dc94fecc4235c0983bb7c5ce1b181694460f78b369961844f,0.3120141659164801,r5_mse_tuned
5,mse,1,0.02,0.9,300100,r5_mse_sigma1_lr0.02,60,ok,,0.49277710571260364,6.041655095386674,0.42972290342337055,0.12719797941331767,79ea598cce16ae26ad8840b1327ff8de5d21fd4d9430d25e5240651e7af36883,c6cb13adc09d1c9493e0525b5e9c1857602686d97269e77f2bb4ddecac2d9281,4e0864318ee829551837ffe5fe3d66e90299499dac73e1a366fb445892b61f9c,ec5ca25a9136e3ea882ed88f21c3367dd3732cd8993f497ffc6a31ec091668b3,0.3154746659565717,r5_mse_tuned
5,mse,1,0.02,0.9,300101,r5_mse_sigma1_lr0.02,60,ok,,0.5412016980243863,6.2092179755702945,0.38683118567765196,0.1152756933319403,0fb83b7408cbc1aaa63ef4f097d2d4880365ec38387ba68f6e8c06e44ed382b4,dceb90c9b78bbf6b549b8ab484f361187309c14504d742a94a4f018d6ff4ff8f,99cad4572e3be37de5de9ebea1af6a6bd8e7f09eba7193c208531028a0aaada6,3052ffe11b2c2b1bc499850ac68214757a0aa395e206907016f5c56d2ffedbb6,0.3145014999900013,r5_mse_tuned
5,mse,1,0.02,0.9,300102,r5_mse_sigma1_lr0.02,60,ok,,0.6959922797827537,6.3712722388746625,0.335153823126666,0.10021099311487314,e006b6489056566299e5317c5e2b106d8b7edd9487990bf6db04060c6ac36307,e07ce9fa89fc078461c503cf21016be917062050bc58b8a99684204e3157ba1c,9c756a3d25cb685dfc0a627f89c204bb35f74e01dc9ba350c2004fcc39b435e0,badb449e6571f137328e971439d721f4af0f30253db1376586a873e3761e825a,0.31273641693405807,r5_mse_tuned
5,mse,1,0.02,0.9,300103,r5_mse_sigma1_lr0.02,60,ok,,0.48945696650755693,6.081078374810011,0.399784948021479,0.11833634461435778,84e90d70cb6e50e4307e53a36b76f3648b8d6250f46defb308584a6065977352,f00bf89f1900623e01eb9a58b0cb70f1bcbb56703e588050aab3210550b31700,f49351e74453efa8d509ceb5de71f8ce765ae26c27216c7aa45c8e4757bca7bf,ab31b6bdac142bcb9ddcf9c56cfd277bae51b14a022776be0698526f05fe0270,0.3139667079085484,r5_mse_tuned
5,mse,1,0.02,0.9,300104,r5_mse_sigma1_lr0.02,60,ok,,0.4581536704710816,6.155182521110048,0.4023209752419933,0.11868468769638803,2c3887f0f74ede3f0dad59dc0d44c3389907c03911f67ef27c1dc5383e7ee93b,23cf924fe429906fb077746ef8a5906c8fbd8ade881ed87a2d573bfc29104d1b,4202a7c38b74350de0c75e71d1f62be1794a0748545df24247ecad905359d73d,f870a41464deaa835922d0696632410eec8c83da1cd961e618581a451a3a31e2,0.307315916987136,r5_mse_tuned
5,mse,1,0.02,0.9,300105,r5_mse_sigma1_lr0.02,60,ok,,0.6367531173008163,6.244563793393107,0.3855842850780296,0.11336177981294071,de0ebb6b14e2d450cf1bf792fc262365fb3d059482fdd0b5f214736a7a740690,ca39052c1df6c96c8cc1bb2d62654af1cbbf1e3f5b76fb2794c5d04b41e0a09d,ffb7a1762afb3e5e37ddd1f00aa558db748f3a36d2eed3def2c8d51fd2760688,6de4a7623ba113319c3276813c97e41d6ba567a1c07c4bb5bab61dc892fceb7f,0.30631870799697936,r5_mse_tuned
5,mse,1,0.02,0.9,300106,r5_mse_sigma1_lr0.02,60,ok,,0.6238069469203141,6.245658429857455,0.3786916523903476,0.11209272910754288,ad033ae221c957f89cdf90b8ce75396eb58cbb69b99f95a7271da6cfb9c35e37,745018b097730ce74ebf95cf2852b9b8067c7d69379762899184116cb2ca62da,fd3fb6134812ab3b6a395bbe4fae83ff9d54f9311f589a2de589eb766c317711,99c7f58329cb1b56f9bf987e08e7938e0f99385a6ddb436ebe5d34e60d615508,0.3091327919391915,r5_mse_tuned
5,mse,1,0.02,0.9,300107,r5_mse_sigma1_lr0.02,60,ok,,0.5078620113271349,6.10778013322384,0.39858367905342584,0.11997368739508119,6aae500dd352d571784f86d0556e3fa32e53a656708e352d32656ae1efcba352,15b994e67211c5c8a53560c6bd4c76368bdb22ea10aeff9b0b4fa3fe26860262,da91b2c15873f63c1a230a8d67f6b224f4c4df9dd62b0c54b3c0f00e3c4d08d3,f256d8ff9c0b81e3ecbfb80476615800575f77e3b5f4016f992efe4661094ec0,0.31179820804391056,r5_mse_tuned
5,mse,1,0.02,0.9,300108,r5_mse_sigma1_lr0.02,60,ok,,0.47212114286982926,6.190164067976673,0.3941008285421941,0.11823024856265824,41309af3394399959ccfe27b376380ece9eca6d3297ce2213fdf23e9a6d2ac93,d97074ac83e2be40bde748920c734d9759162fbca1875f0f21dc789ac44c5a1b,ed15075c6f0bbaa0dbfd618e49585ea8710ca1bb6990788a4838b3890a1a4f51,05be3481ed726fb2d59ac58af9b3c11702385affdb1b839acbc1991027b97e51,0.3131743340054527,r5_mse_tuned
5,mse,1,0.02,0.9,300109,r5_mse_sigma1_lr0.02,60,ok,,0.5282290767604878,6.174076150174828,0.41200868289209874,0.11824649199003234,771fcb9213886ea1f967979f6ad3fe3f6fcea304f2642dad6194341495a315cf,927c3658ab546714e54b9ee0f95b97c491be86f54c7a00bb51e6e63694563370,c3d982fd33888ff0cab3deb3e4da996e6f9492dea1cf1ca5c8057d98bff412f8,fd796036ed8870412c6e09afdf446394cff2f58a4508161585c6a306e4b0343f,0.3181989579461515,r5_mse_tuned
5,mse,1,0.02,0.9,300110,r5_mse_sigma1_lr0.02,60,ok,,0.5415491448826166,6.257945566976667,0.4242141246262837,0.12302209614162228,cde45661617a288f63ac7c264248a144b6191f42bc1653ad3551b4b4735ab87f,b99d2d6fd8b683d6356cb6d876c164fe9843b9e33fe8788befbacf4ca22f0c2d,2c6664d1f44412e3e549e3b88f6ce156a781bd725e2b35d71699fd85cecab9da,9558a2f0433aab63041c1a0b67dd223f5353bb44e4a9c78277f00545485700c4,0.31221191701479256,r5_mse_tuned
5,mse,1,0.02,0.9,300111,r5_mse_sigma1_lr0.02,60,ok,,0.4555720096354621,6.188732956437519,0.4162656167687625,0.1219658257132474,e133603627b2009609a3aa5bed97281a6cbdfca6a7eea92a419745c7546dcdde,f7c0162fc827424ac8388e374e078e13fff35507f602aa06f4b2996d6e484025,5a3724fc214532856832e6d2d1b52a77e4d66c3a97ee024d9b03dc07fd5b16f4,acdf02aa86b83b77a9edf3fcba7ad4bdd375e9b13d3c6c4bc2432cb3c2bc5adc,0.3215007910039276,r5_mse_tuned
5,mse,1,0.02,0.9,300112,r5_mse_sigma1_lr0.02,60,ok,,0.573957193448954,6.300454050030484,0.3501796166655701,0.10645460346633333,644bacd763502337e0035239bd1882a2783d5b5a05ac3cf964f3ace18d859473,317341fee9a89e62d763d3abfbb2be4f20cb86c2022f5a63ff588b0dbfce4787,b5f95f7a158d8e2b46b8bd54325b2ffd6eb875b0ed0dbb9fb631bf8cead0e604,2383e1ed7a4191f0789474e8c9495c5140de9e7c30d5f33d4c752c6297bc52cb,0.3113361248979345,r5_mse_tuned
5,mse,1,0.02,0.9,300113,r5_mse_sigma1_lr0.02,60,ok,,0.5934332071265244,6.1532257852856205,0.3946023009430934,0.11640767877821255,ea02a0f906c4077add1f728f580129235b1ccebff060438ebc231b16f441728a,5757b18f7496722c3110cf0964f2bd6855ca6e2ab2eb5d5d9fe2176e26a40d5a,cad7a092806adf118404d1bd84ddc823cafb59b31129309b680305113d49e36c,b872f3c5a2f06cded8e04eadbc06ae7c3cc2fdb8e16026103405aa67ab97c1b5,0.31272470799740404,r5_mse_tuned
5,mse,1,0.02,0.9,300114,r5_mse_sigma1_lr0.02,60,ok,,0.6081048630380738,6.2828051840380565,0.3776531074601275,0.112540626023118,ce4b99d8f04992133ac07a717779dcd6cdfd51bdfbfe5caa5ff3046c4fd6b552,dc88917ed83c59b5699ba2636285e959769397710157d22d8217c2fd639b0fb9,dc3da1a83fac0bf4e4451fa252b3c866d5fde3cb9a03b5dcb413f3ad2c131b9e,f8c2ef5702195ee3ce4c81adb46d830c457f648a3dd8f99a3ae5d49eb8d6166d,0.3113556250464171,r5_mse_tuned
5,mse,1,0.02,0.9,300115,r5_mse_sigma1_lr0.02,60,ok,,0.7393679783467101,6.327414543866233,0.396431457648067,0.11615441709088363,c463a396e85798bc68cf4a062dbaa6d994363a8cdfc6d7c9791e21091069da9f,5958f974d9825dc3c070069675227ef7f9be0ab42121f1e9539e0d2e6b750b37,e95915d125b132c7d447fbb566f65c3b92efc3e6241e98d21ba9412f727e7ec9,df3eae0054747a908f9aacc00d34c89d117a0765e6cd5b26047fc1b9b2ad8d87,0.3149158329470083,r5_mse_tuned
5,mse,1,0.02,0.9,300116,r5_mse_sigma1_lr0.02,60,ok,,0.7124076604729606,6.3148760949873886,0.3980943339926384,0.11584545119185778,084daee521e0d96b4b6964217b212b6e3d0f8e53220f91810df897c8d600625b,95c1327da070b867d19ea8b2c991d0b127ec0999753a2e627a218e1fc3568efa,1b48fd53314479321e67cf2a675b823a844ff25f4e3ddbee33308c44ea550391,cf96e96d60a7d2810a10db90901b554ef2add790c6ea0bb3df2212c33b3c0a6b,0.3131827909965068,r5_mse_tuned
5,mse,1,0.02,0.9,300117,r5_mse_sigma1_lr0.02,60,ok,,0.6424699741939273,6.326853344042668,0.40676228858414887,0.12162192428666052,a7cb6900e99f4095de6330dd8d979a9b2cf415af5be1ec45ac3ad74d3326eb57,2177432f921982ea8d382df02f0077297ddaccd66748d6c49c88675fedf7c8fc,792335a3447a17fcd77af04021c690ec40e2a8443d013cd407c29c68fa073201,38ef3a324514d9570ff8ca77831a7eeed5610f511242d3512bb2de91a64f3405,0.3122321249684319,r5_mse_tuned
5,mse,1,0.02,0.9,300118,r5_mse_sigma1_lr0.02,60,ok,,0.5606900293577133,6.228848534446493,0.3926908664775633,0.11623649647735874,2bcd33845041cd219b498a03ec11004d81bbe9dd3f558b754d6ea545896bc7e1,b656512a7c47a60c5f0e2699f11ba568f724faf443528db6c622a46754c748b1,fc02f4d4b9ecf940f90b8221b74788db1e32f4a3a30943ba342bab882130c0e3,a8f478c0c41cb1c7a0e93287ac226974c22353e2ad7985f6a4168c3769a0b593,0.31156004196964204,r5_mse_tuned
5,mse,1,0.02,0.9,300119,r5_mse_sigma1_lr0.02,60,ok,,0.7437082968821997,6.391168303916808,0.3854506980961846,0.11409340663647063,aed0e9fe989702c5562c247fac514771a622ee069fc4d2535cb8bac20c823ea6,7ee168630ae11472db3d3cf3061384c4b41ab444816c085b7ff71d8d02ebc072,d5e00d8450ac3ad1d6c991864c31233360375c48fb0b2972e5bb75bbcb43755b,01cb6d65acf6c25b850fd26022b4ee4b7350f3bfe907f757091e848e7f7505c8,0.36274975002743304,r5_mse_tuned
5,mse,1,0.02,0.9,300120,r5_mse_sigma1_lr0.02,60,ok,,0.6830748103797899,6.258116571286769,0.3479885982329547,0.10509255666635232,cb61b23895f2815bdc0aadf0c708a92916c48234dd8e466aac8cb4db803fe60e,31599b2d6bba43c85d8620af2e75378d2f44d1123d2eeb378287504537e26fbb,c063650c33d0d9369a8c343792f1afa9aa4bc962b7543d5f4c67756973468890,bd72d2818bbdaf66cecb666d2d9d925d56fdc33571604fb56717b7673f804b77,0.36489254201296717,r5_mse_tuned
5,parity,1,0.05,0.9,300001,r5_parity_sigma1_lr0.05,60,ok,,0.4117078988538917,6.048931839189623,0.4228036182931045,0.1243042637781727,547df75d495d72b315fe564322ceb41b8419e43ddc93038fd9cf9fe53fa9e4d8,27e1e2c3dbc45cde17f5de651f591de18321454482d19b908f81fa3a5e20af67,5139485dd609a71c3413cdc8812b6b0b8c13b3f3119731cba00660ff9a03c26e,7566046dbb849bc05f0b113018ba9b5e89f8803d39636f01b753881e554b6e5e,0.3889776250580326,r5_parity
5,parity,1,0.05,0.9,300002,r5_parity_sigma1_lr0.05,60,ok,,0.46435506011409133,6.142540355053262,0.41003076197593763,0.12341925935475723,fc5b1b69e7b8cc0f50f32cdfd3927bcade5b7de5f025f5e97e35f13b7dcccd65,4c5eda357008888dc1e99dacd5c9935dfd3c62182290bb6932a887ff0a66c610,8d2dd4701b1538326217329d7ceecc0e6832f16b3f6cd1aed82e2ef8a4658c52,d3729ae9b68f4ffad729786ab431f2c27c60847f54ff56098417996697211d10,0.3888852499658242,r5_parity
5,parity,1,0.05,0.9,300003,r5_parity_sigma1_lr0.05,60,ok,,0.3593210272844015,5.966312675285877,0.42473751507025764,0.125297566945726,a2e1081d9fface7a08688415de646f26dfffcce559f08e132cfb5e7e252dbf1d,833f767deaf5306522e0610877df9712365f64f25c2a9481ae98b9f1758574b8,ac3496fa37be3e439077e6adf5fa7138c940a16f296fbcd1ec2e746a38a3ab84,8b567f013f1df2b5a32e296f0888d1a6fa552312d0ad192c504f15bb6b09774c,0.3822493329644203,r5_parity
5,parity,1,0.05,0.9,300004,r5_parity_sigma1_lr0.05,60,ok,,0.3454608545908797,6.056068834149955,0.43099601724104936,0.12714382508610955,58cdeaa78f51114a6e914189151f24a71007e71cf610cda51f971b31dde06f10,a0355d581f3ff5f5a74dacda51013f50e7e5b287c1670929a81b01c976ae8a59,42efc75a835ea97dbeba64db872be577042030c15482fc5334e1ae10a190733a,d1fd0d1da3a6f59f53bafd1756bfbdd52df7c0536d8fd0c25365b82df995ccd4,0.42765241698361933,r5_parity
5,parity,1,0.05,0.9,300005,r5_parity_sigma1_lr0.05,60,ok,,0.3782911492037945,5.887978737583549,0.42028487324910574,0.12692603172122993,5c051b69b978374ceb2348d1862e0af437f756e529d7afc1c1186c2e54ef7e57,5b6bbd1920d2685aa73875088a12ff6c127d36ad58b03e361afa4a1c313df8ca,4c27839b329bdd01c03f8e75fd7319617cf9f4a46622491a300b0d9dfe473029,9057317f0306be6c8f73f1880ada05b1eda559ea14b92dd943b66e6c3a29ab45,0.784780582995154,r5_parity
5,parity,1,0.05,0.9,300006,r5_parity_sigma1_lr0.05,60,ok,,0.325093643749392,5.9370869125123455,0.474051891635644,0.14174151559905754,15a47afc3148937636cdfec87f5ea1349559551ab1fed512817b9821ddae305b,ff12b0003f24e3c1c0d39d5463f83beccd48c3ccfff83cb5aee8a081df56b4bc,081d4559b5fbb6aacd3d16f8053afc233fbb1a868e4748d760a02d973ae5f1f7,3d7aee6f466c658d50929fe510d56f8d9d8809ff29a98344c3c6645abfaafcd5,0.8411351669346914,r5_parity
5,parity,1,0.05,0.9,300007,r5_parity_sigma1_lr0.05,60,ok,,0.34044482213738314,6.0055911216293785,0.4381420194426995,0.12881375371615367,5ba229eea3aa5e9e6cc0d94a42d4948a4f324f7232164c5b1db8b24ccebe076a,6e51f2f2d4b59e8180ad8e8c7b27acb0d8ca7076d726fafa5a2de56bf9a213f6,c69317c8a56cefe8c43f1a8b80cc200caf7bd7cfb23e8eddade9cdf85b290f3f,95277f2d5a3f04eb206391ff2efaedb233893a8454c0f856a11341cd3ece06a4,0.9319817499490455,r5_parity
5,parity,1,0.05,0.9,300008,r5_parity_sigma1_lr0.05,60,ok,,0.3193286219342575,6.028874452116146,0.4411787710649729,0.12838302237990712,92d23af5bb836428a7eb153f6a2380de81f8fc80da3fdf08b509b0370e7b93c9,81d19f6042d7b3ac55466949ad7de628e492c588c338e358f96626b8c34ac720,84810cc33a0e8bf345ae48b614a64712624f834212e88a59178e86be607aacb3,8f747e1f3c3201c441436f1b599b33f7c41689dfa4f1c7235e04676012a0b844,0.7363318329444155,r5_parity
5,parity,1,0.05,0.9,300009,r5_parity_sigma1_lr0.05,60,ok,,0.4339593392600312,6.100586247835996,0.41563701309494056,0.12469110392848216,5600684e9ca941293ec22e3fe6f944bf235dd38fe0048ad959412b96248230c5,f9b700d2fbb94c6f5bcb5fc647d367c3a5a186efa3eb7cec51aad8776f3baae0,95a19132b5aea1bd0b7b7566f12cb7eb3e2f3bc2d3ef4c0382735eebbb9217d6,263b20f9b162748a9da3b0342da138a88307983fcd24fafbf10a34b3c856f44c,0.6923388749128208,r5_parity
5,parity,1,0.05,0.9,300010,r5_parity_sigma1_lr0.05,60,ok,,0.35136988111801404,6.053061602331515,0.4675335379579957,0.13558472600781873,a56b6fb7e11162aa1bcbdb89986ef350dfb815c8939edd09a86a5d1f2edfccd3,ebef873c28036d701489dd58ea3cf0f3ea8ce6397136f78ede722212fa4058f8,3dec5e851eb2e7e5e6515c1d335ddb6e1bb9652969e32a6da014c26711cc282a,e0be0fea18515bed98d0f46ccf055dac621c4fb61137f68d4901bcaf483694bc,0.636168707977049,r5_parity
5,parity,1,0.05,0.9,300011,r5_parity_sigma1_lr0.05,60,ok,,0.400873146668678,6.056608491318091,0.43036676023869347,0.13040112835232412,e77879b793619b6b11bd41e6c0dd2126d719a2f55d9c0ac0da2f1549b0913658,a815904015b8a5020a10190b51a4a1dbcc318a510e2cdda9f1b17ab6b4222a91,8fb226dfa79cf47df546f47f48a4ffc93b22b37091cedaea541d0293f2c7d0a3,97032712c5418e6c7d359e3e3deb12fcd311f10decbb8fa3ce5ba5fcaa5c8407,0.511821208987385,r5_parity
5,parity,1,0.05,0.9,300012,r5_parity_sigma1_lr0.05,60,ok,,0.42544231585597203,6.1270677701049445,0.41510063673590974,0.1236999897473011,9a73bc3dd78108b7e8c672136c1ebbc9996870d62df4ae1db431a984856c4ad2,1d51aeda2aebdfd8b9ff597f1185d611b6e9ed0df0728b69bcb6d1379cd855e0,37d62e6ecac7d79ea698e9bd78c8e1db8bc1f02f6278745581f335ec0d2a4bf9,9dbe1d032d9ac803861bec91696f18f3748c1d489e5df764f87868eba5f820ca,0.5194601659895852,r5_parity
5,parity,1,0.05,0.9,300013,r5_parity_sigma1_lr0.05,60,ok,,0.5091756813130871,6.219152821559381,0.4548690110220045,0.13054740616331528,43be896293e02a570742d018597b933e42ce673588e34b4fa509ef9d1086355c,fffdef1c1b60ad8ff28008f50a6fbe337eebd5feba0cb6cdf1f62599072d89f9,41254c54302b2ff236caf1267d0712babeeb0d8b4c30e3690c15bbd6e6207c9c,ef814496dbcd01721a6205ef16bab139753f43caf62cab81d3371f89f6395acf,0.6034482920076698,r5_parity
5,parity,1,0.05,0.9,300014,r5_parity_sigma1_lr0.05,60,ok,,0.3818709821021878,6.0200568285023115,0.4339000138919587,0.12019030384807255,0cecdd4ef73e35260909137e7b4a9da22dc59d3d45a902be1bb9f890039876f6,023f1bdec63d2e5bed62469a7b9aa815b4634b3b7388108055538265bed25dc7,849154367e83a9b94f80d7aaf708db2aa2fa78b9d918a2f051a0ada956a8cd36,b9e4b9da563cd5ec6eb08e25c771768331bd04da15a61d72ac1cd368f07b121f,0.68611700006295,r5_parity
5,parity,1,0.05,0.9,300015,r5_parity_sigma1_lr0.05,60,ok,,0.3710793701558385,5.92797051542671,0.42458367701047384,0.12992260516520499,7d60c852db0400ac3b4314a8c7a8366b70bbe606cc64f24d1f55a53477325310,95577195c75752a3d800cd54cb592b0e570d9ddaae911f46c2cafbc86fbdada7,cb2e20898adeff9d7f72a78c0f56da3d1afdf153cd0cdfee997da64a34ad25d6,159faf21d685bfee38d6437d0389dbfce2074bccf0f5a3da09a8f9a9bd68d9c2,0.694474707939662,r5_parity
5,parity,1,0.05,0.9,300016,r5_parity_sigma1_lr0.05,60,ok,,0.4871933174298549,5.952381055211164,0.4212512301879555,0.1297453788978903,e9cb11c03b8ee8be5af6abdcc1d3777225768bd24abd02a539c763d257098807,34c39d8d5501347c5c7a8076aa73df0fd8faebae88bb05da13de3c574b7f25c5,091bbf97a41a41b5d0254fcefde8f5bb91176b9ad43257c58355f240d26f01bf,b4987df5f89c3f38b99dfb3b0376aa00144c913e41217236726964c93d3e3e80,0.608417332987301,r5_parity
5,parity,1,0.05,0.9,300017,r5_parity_sigma1_lr0.05,60,ok,,0.48595959147843004,6.072436075988053,0.4334607713562788,0.12570362369332086,3c4ef79e66878b5be9a3cc390e0d91b4b1d607483a1aab1662b84f5be4a254a0,f3ec861043fbbf94cdf36e85a09f9ce95b7156b2ea7ecf03bbc1eccf865160dd,efb0fe6acb70f8d662e9264d73cfa1be136e3398b69402ad02298c4b0fcd0979,ef0d4eca6bf23a062228b89137a34fa74328550f41c61ce6d8e21243d7b6b871,0.474179666955024,r5_parity
5,parity,1,0.05,0.9,300018,r5_parity_sigma1_lr0.05,60,ok,,0.5550917554992777,6.155652354893742,0.3794971111375422,0.11309013911898758,1e61d1562101428c9c58975a868ed0d794029be0ae2ab5b7d5405928c87d4a13,bd933405607b33df3caa53139bebdc6aebde79ef4c90313fa0ee4b523101117d,ca730c2d35e6e9b2d4d0e91d078e5552f6064eaf9cc727faa581320936c84cab,27b63132e48816d508af7c62e99be7f16a8bcb9e98b4cbefb42f674e10237eee,0.4532452910207212,r5_parity
5,parity,1,0.05,0.9,300019,r5_parity_sigma1_lr0.05,60,ok,,0.40369289436710276,6.007810929084726,0.4228493805030157,0.12727766353140774,fdfd8e6a98343166e6dcd7fdd44414055adf41a5cfdff0fb23072998f90d34c2,43bde573aaca9ac4ed736014dcc914055e7ba211a6ebb9f59bd2eab92521ca4a,6e5435fcd137437881e7482b779a8d0112773ed492957caed1ccb7d41727cbf9,f5472719d63942acc1343e43954d8c23b8300d540aedbd70a3c9ed0e722d7df9,0.41552070796024054,r5_parity
5,parity,1,0.05,0.9,300020,r5_parity_sigma1_lr0.05,60,ok,,0.35640722583133283,5.896356866114632,0.41429179283397627,0.12304466247169095,906ca7b0c8cf3b525f857a92fec5f7c51c7412455b4ee13098e957ea4447fc43,6ef26e9565f7a805b72693c700925b72122e52339ba7e680019adea3d69e0994,05de2884996e734b2d4984b3cf8e9d5bea0314bc6dd0f0d2400b7c77f3ad576f,9e8a7c4b2634c9ef5b1a0072ea230e4f3d21e1d34bbc9a8c1bc70c9f836e6079,0.4216235839994624,r5_parity
5,parity,1,0.05,0.9,300021,r5_parity_sigma1_lr0.05,60,ok,,0.38312481093073275,5.995548542170823,0.46786895330831885,0.1389570791325707,fa4b7bfd5394097ae05f683e9cb6bd9b7d243d63a0cd1166aa9c63dddda4bf29,592d49d03e1d329dee388d65d5e7c0c74727b081c7888f72b200a3d49a9f761a,bf95bd2924dde602b0439058a9a5d2dc0b0706ce8fa8cdd5430a9877e5010f69,24420300030311cd741d864e18b4e2629b3400b49250df0c87831d93933bf68d,0.41824562498368323,r5_parity
5,parity,1,0.05,0.9,300022,r5_parity_sigma1_lr0.05,60,ok,,0.4144688673783659,6.107452449312745,0.43859549962127214,0.12806988588941146,01132f8d76a31fb1533df417971bebb1e16141690bd2f32439d016369638852b,0236641094670eb129ba35350d11bcad44e89884a4dbed23ad8adf5e7b47c52e,74bd4c1b78dc4ef3febdf6cd36ec12d001dc0887f32139befd996e51bb34bf69,838817033149585f3aee4e8b88eff319b67d6427993699d83172d337dba81ebd,0.4221328330459073,r5_parity
5,parity,1,0.05,0.9,300023,r5_parity_sigma1_lr0.05,60,ok,,0.3622352171925944,5.974972694439317,0.4572382482430256,0.1339708067352065,8569b0c8c05e42f7fd61099236414ab6ce3713f6a415fa14439fdfd258b928ba,d309ac4b205e9879f73bdfe3454618e4b2f8674023509d75c5d8e5d9c6444e79,f2c20e8ee18e4a24bfb2ea1b17e31e53f7c2555324789f943c687db677f31d6e,062c7365ad6a2da493d621e6280a273db9059f3b022b52f933f93adf9cd69ae9,0.40550095797516406,r5_parity
5,parity,1,0.05,0.9,300024,r5_parity_sigma1_lr0.05,60,ok,,0.5244606553208941,6.107443108031879,0.40744250889829436,0.1230476376872849,0790780dbf8b15e4f2cdee78286694884ef6f0989269cd40dce812f11c818968,cac32651e1651a8f3598f530661e966484a5eb6d2555c9964fd8bd3dd7a87972,a10ba6f1d94beea18f8e37b26107e2a247aba7e0d0e3edc93c683197ab0d13be,c69418d17275ebd1d1d3d74a79065fc154102602f4897c02c3453d38ff7ac18d,0.40519612503703684,r5_parity
5,parity,1,0.05,0.9,300025,r5_parity_sigma1_lr0.05,60,ok,,0.32606505771917405,5.896672574122667,0.46562960954032256,0.13782636442393548,e6c0956e9a29de034cd0ea6472278f9f9e305434300df8b4e8f108cd08f26886,50ff6677861293934dc3f7a0e6bbea9c1b904b4976071959176694c02e0f577f,ebf975e58d10a21057202c8986c33de1bc32ebf374120f41cabc30841d882986,c94adfe8df9279115deeebc5f1c98a6170d6ec87ad868203e83b438725ecff10,0.44565554102882743,r5_parity
5,parity,1,0.05,0.9,300026,r5_parity_sigma1_lr0.05,60,ok,,0.43205606905538146,6.0337792742265375,0.4661857279973979,0.13799097548722977,8259c7252ea55af17697ec3e92fa664cfff2cc2c62b2fc54f2eea6704162cff1,3ce53c419a8d2a98d1de9e36c588e27e9bb5fe7181e80c9c70731f6462d4cb14,82deb83e05f8724114f1bdc6a69119e1317b29e5d5ac0f1c40e476fe8fd8518a,83fa808895cc9be8d80d008642412068c351bef4fc8c370c057c675249db8519,0.4662924580043182,r5_parity
5,parity,1,0.05,0.9,300027,r5_parity_sigma1_lr0.05,60,ok,,0.4549289293660214,6.0780912392329345,0.42112091082142583,0.127599635978892,555f7ef7f5300d55eab90b7abc2509c6ddd5a82433086073d518b2553e5ab635,a7d852e0006855682420200c1d8bf0f5ce4d270c112bc0971781ca1840f21e60,eb5f3779f7e83bee19c192d03c36828766fae2049869ee8c360d13873b345714,d15529a63b5a870e7c1aa17fa0a04319e156b266664131f903a7fa052ff108f6,0.4561927499016747,r5_parity
5,parity,1,0.05,0.9,300028,r5_parity_sigma1_lr0.05,60,ok,,0.3451385492428989,5.904304436450015,0.4483620840388499,0.1322668147914607,2c90d269abc02edd082587ca1c45ee3ffd608040bfa33037f48b60e800345af8,a6c7eca434b19ab72070f4331f4b1381a949bbc03165c5322c19b18d31fc02b2,0d69fe63c6b412c7208dcb5ae1c604db007c0b0123a00fc750fec84375e4e263,aba7ac212f7e58bc812dd64256f65ecfaee3009fc3e1d2f0e1617ab15858584f,0.42354379198513925,r5_parity
5,parity,1,0.05,0.9,300029,r5_parity_sigma1_lr0.05,60,ok,,0.40831625967013524,6.046293666809373,0.40487816930639314,0.12146345079191793,eefaa70b2e4f9712c8d2fad79662c2cbf1b04130f1281468ae404c807d3d474a,1871ee4f3ec66be83578b8d08c9fe3fe9d7e22fc8fda48d8e405c13fa4ada97f,b74ae40212afd8ea4f0660da483468f2a5f6f6d7fe8096f147df2d654dca3bc3,5374105ff00261bd0cd471664aa26839c6e7feb24c0439550bcc5d71b6b19ade,0.41744787502102554,r5_parity
5,parity,1,0.05,0.9,300030,r5_parity_sigma1_lr0.05,60,ok,,0.3937126557920274,6.083699290209772,0.4307835817187548,0.1305274252607827,689c46954bb970719c1ccbfa862609bf50d62d91f6ddf57a68b1db613dccbd89,a56675cf7971dee4a5708aaa7631775cc4ee0dbbf031c92437f8dbf764a22761,5789ca192d7dcc0ae0a3ef4cedb55d118ea497b10a30ce0fb0c2b977dec3b14d,8e7fe66f516de32121d1051ef99a34dab0ff4483b1b7ff915604418b217dc6f7,0.41527699993457645,r5_parity
5,parity,1,0.05,0.9,300031,r5_parity_sigma1_lr0.05,60,ok,,0.41785856669113597,5.958363087698565,0.39183454206286633,0.11794219716092277,caddfcb37abf3009ea99deb5316e1db13d5b0c34c98f7fcd4ecbd61674891add,db3e5c14e5fd1b464928c9903eaa0097bdefea6f9ef8c18e0c4d0f68471578e7,27753c8ac8970e1421e4a6a03fffc62d5aa8c4540183a70373f285cb278a3002,0f63f5f3186268542d2059200f1dd1781e96dd350ff878b69f54aa927538d17b,0.4086178339784965,r5_parity
5,parity,1,0.05,0.9,300032,r5_parity_sigma1_lr0.05,60,ok,,0.3600472967389495,5.87673036654216,0.39507928032959777,0.12010410122019773,0cafa4d93d49dd1f1f96e591aef2aa1a0071f194cff785af1ee2ce77d0de7756,04c9ef5c63f89d8d6e9b8a0abd0768718e42d5a04c327b4c018659155256db82,15ea293df2fff0e38860609fbc1ffdabd9aa290486352a176e14da3977419234,b83d7cd592916b22bd5e2d8590832ac4b2031e439979f2caef520a5f3297882b,0.41220274998340756,r5_parity
5,parity,1,0.05,0.9,300033,r5_parity_sigma1_lr0.05,60,ok,,0.3921938106489702,5.973016302805185,0.4276555788040239,0.12872432922001117,7856a8c79f49862d335530e7ecca990edcfcd44e2430b104e8e8b151686a6e47,57645ec48930a4c1e12aca637d5e92fbb621813907a9a2934b04b342047ed618,088fbd931fe961b93c28bcf607e09589b574c7e4d887f4f86bb4a764212343d5,38583552f40ab564cf5f14ac69a1195e96879703550cbdef5565546dc86d0eab,0.41438837500754744,r5_parity
5,parity,1,0.05,0.9,300034,r5_parity_sigma1_lr0.05,60,ok,,0.39032698915904707,6.105552697541232,0.44833076304192077,0.13001592128215703,265709a031a255d67a159004510d8ae9eb9d1243c985ab835f322589dfcaf0f1,413113ebf5837c734743bc6fac245c377f6d4d765fe16dadcebe845b6970ecc0,919947e507cef50265be52785de2363cb5a906830e10047d81c23d360fda5fd5,aa83c09ad07c0254c1c6230abbbb38b77b887696431ac15e204f85c1ab97bee2,0.4127722500124946,r5_parity
5,parity,1,0.05,0.9,300035,r5_parity_sigma1_lr0.05,60,ok,,0.4675737270612035,6.014194735698069,0.4213174737812047,0.1251312897130178,a7c9f8da5f053c87a9def53188cd1c7b7f13817ab7c058c3a0e9a596c18599c1,11b8d6a0d4a74720af43b2d3caaba1e6a3f04e87c01ee83efe4d105817f577be,4b734a4f34491b2deefd6a3bf2812ba2af993350b3b2c933d7e24b5fa3a6e6df,ee7727306af7072c692aa0698bf1327fc56cc3ec3c8d445cd8c30af3531b0aed,0.40493766602594405,r5_parity
5,parity,1,0.05,0.9,300036,r5_parity_sigma1_lr0.05,60,ok,,0.4813388663307404,6.1977863599800695,0.41525031729316364,0.12208359328419012,22e590454277a117e664fa941ea99ad8f30ebedeb9c6b160f358ccfe31a4ec13,4a1b30cf27c2d621e06e2bfd1f031cfb01554bf0205e819cf31f51918f94ce7d,3d283e9d0a16c32a0ad4216192433dadc41646dc69c85743fe9d39749fc79ea7,3f75e1153f4394cf17c0cdd2b4d096a54c816d2643931ac432db4252e159f8b0,0.4064877909841016,r5_parity
5,parity,1,0.05,0.9,300037,r5_parity_sigma1_lr0.05,60,ok,,0.3702908559873758,6.088010084373915,0.44019584108600335,0.12457542302733894,f0968699341ec1620fba5f45cc467b965fd0a832614c2f270113853125578534,ca4f3809d1420c32523738a8167122c75bc9dcffdd8c533cc422527ec8511726,75712c62280eb15659b65154bf98822c2427a9ffb2fcf1e0b4595821a42be079,638c8815a941bed7593a69ff3f1c278d4464cf02088821d2e8da0aa89bffe04d,0.3977021249011159,r5_parity
5,parity,1,0.05,0.9,300038,r5_parity_sigma1_lr0.05,60,ok,,0.46088044762910013,6.058603711593973,0.4247920086217147,0.12786239459513613,aff3f60d957ad1bd6b8c2456f9ee3a6386b8d361ecaa85f54ae4f6bfbddbe902,0d3833058011035bd683ea656900b18bdfa928d26ea9f2045a93b3f0902d7d95,6eb2ce209e17cc8dd96d26ff534bfd5ee2ade815b21acd43e4b818b4e62d7931,164caf4cea078f77c6cb0a75d891c34b42ba5ea729191409f0eadb1c81b4d7b2,0.3979769579600543,r5_parity
5,parity,1,0.05,0.9,300039,r5_parity_sigma1_lr0.05,60,ok,,0.4848953457670484,6.0978353639901774,0.41861314429383306,0.11888613297944858,4bf06104aa241b940a7daf009513d821bb13b8169b7d99bebfc074a6df500c2d,d8907a883af4e8a955b74b01aee12100811c29821c76d51119f417e1dd3d9766,2e287c46a5ee79e02dacc80ffbb96bc6e0cf49d8180c848b65b73e01c6deb48d,fbf9cc5e8c6472d301b529cf4796e333076fbeaa4d7623b4aa6b6146a5e2abdc,0.4009690840030089,r5_parity
5,parity,1,0.05,0.9,300040,r5_parity_sigma1_lr0.05,60,ok,,0.5336026986990666,6.078883654854808,0.3638585340805995,0.10952141875826044,79798a2e527fb88ab17da97fc950bc934e74d76207867b2377edfac289c7ce06,6b14f0355647f998c5a55c0c33416830f720e50e7f81ac5277dd002a135a6761,d1608375cc87fdb19f69945a74a45db4f63b973f9be7875c9df37c6a1477ad6a,16f10fb01945af34ead6032bfea97fb08db4eeefacb8b041fa492ae82273d0c5,0.4006244170013815,r5_parity
5,parity,1,0.05,0.9,300041,r5_parity_sigma1_lr0.05,60,ok,,0.41120537119382156,6.090324885897957,0.40933415059835554,0.12361891348070336,46829aa78c5762a9ceb54ca8863f3480de6482517bfd1e43afb0bf0bd89ee10f,5fe2e72c346db70edb03802941639391b013a95df940dd11e187db63f3e31d41,0e267490f3c2c6671d58182e56c81e30e7d4458c8378e45d6923268c70c8ee71,875ff61c46e2f3863ca3f39712891a8c62ee41aae8dd7ca6850d2c449f307128,0.41647487494628876,r5_parity
5,parity,1,0.05,0.9,300042,r5_parity_sigma1_lr0.05,60,ok,,0.3544592396955576,6.068234644926935,0.4507058314985475,0.13160610279757587,d1de4d8d5d0089d4d77b163b6384abdb2b66b12058825b0360411bcaac5ee92d,c96616c67560f50dd3cebed2c47ab6cb33774c80774dc35950ae0077ea90dce9,18fdae4f8db78a816d832e20d58b97c1de48bc6f7f88ed6646696914c14ff600,f8a893f39f69703e159f80065004286f15a217c61fc2f7050e5e371bb84eb592,0.42143912496976554,r5_parity
5,parity,1,0.05,0.9,300043,r5_parity_sigma1_lr0.05,60,ok,,0.4041060030377096,6.0303273839422955,0.43810790845302083,0.12617507763447,ef8e7bd25984576db7218ca16ec08bd0e975634b20df074f8af7de4fe7fbda55,53f7262f5cd4d611f0f38b893d60ff604847d5eca0ebf2e1a7e1e98ef996a655,5afec502bc786f658fea952918111d939cf155e9ace7e1baf206082f4330b544,1e2e82f0c7a083bbc764097f49731a76a581ab344430391f2a2d15f5482de807,0.4282502079149708,r5_parity
5,parity,1,0.05,0.9,300044,r5_parity_sigma1_lr0.05,60,ok,,0.4767462006691327,6.07977625532858,0.4062515685743643,0.12512548312090419,ea06d8f954be15f088b6b90d0574b59f97197659e1302f3a9a0fcf4587fe8a2e,b404b0e35919d04ba7b0a4787f4141bc945414ba3d55c84d25c5d179efb132dd,76a391884e2449bbf468c169e23aba86e65dba0887fe467417e273025fbfb544,33ceac7e330284bd5dabc9a68883f7136f9084f8234b700bbe0691ab1bec14ff,0.4589922080049291,r5_parity
5,parity,1,0.05,0.9,300045,r5_parity_sigma1_lr0.05,60,ok,,0.32173346129997826,6.015775937949755,0.44834659328556475,0.13181389842595603,2bd910b6630755e770f64ec326f47885a46e28caa1cfb2ece9898be6c52254a0,0d407ec9546bde5c8283677841f884df398b4edf2732dcb0e9dd9b8da082f3fc,9538d1aa342c73294ce7b8156249c51a2b6f1621d64fb424dfecd9f78b6f2f77,17e41cf817303e3b1f41b94a7403ab45805a24c41e5e3700a2168737d5b214d9,0.4607410409953445,r5_parity
5,parity,1,0.05,0.9,300046,r5_parity_sigma1_lr0.05,60,ok,,0.41480525911067345,6.130583584169243,0.43729413421592006,0.13162553439899194,d5da4b35bdadfc27dd3908a7c92fc60c1ff033f7604349db35b46f48f15ce767,ff0c44f2c421e6eceb92495760ec4e53e943b09896522d93659840e35221af7b,d8f6d6f1afc684e3dc00c91c7608f064ae403613fd581aaccfced30090bbc48f,dcd25088b0d821cb4ed001dc36a50abe6f8298205ab4565c9f4b9c5ece1e22ff,0.45535608392674476,r5_parity
5,parity,1,0.05,0.9,300047,r5_parity_sigma1_lr0.05,60,ok,,0.3699182771524052,5.944249375148753,0.4477610517245155,0.13656712077597724,ba80f6c2328d41463530a291329dc92669415ea45bc43bd361aa88ed368fe2cf,f19e3d15b50f8f8cce7c1ecf8cd85899aea4f5e9b0c50a8617fe9a8f75ab8daf,8f9190dfcd25099a9bd08935982c4c690e3ee10987b5f62e817214f0f6baca7c,95957055a78defd01d9a926add423de4455edd1d1c4cd3efd9f9f7967adf34e6,0.4027869999408722,r5_parity
5,parity,1,0.05,0.9,300048,r5_parity_sigma1_lr0.05,60,ok,,0.4590975688353276,6.102752178750223,0.42832402095919486,0.12721223422488087,2cebda7b822c6ea3ea437354fbbb1e7ca35303cc1db6c1d50b269ae1ad585e6c,b04449e3feda4928d4221f04eb43121fb8b890df6ce8d3100a7497b322c3cde5,e28d5233540073bd29e4381f76f6ce8906d3a61ffc8d3ea5ea1f9225f537abca,015d809c06bebf54e81309f4015b7fc2f308eb5b303315de710acbb74970022f,0.4106981250224635,r5_parity
5,parity,1,0.05,0.9,300049,r5_parity_sigma1_lr0.05,60,ok,,0.3169142339813029,6.0141763796655745,0.4289433012663463,0.12954087698243658,4dda00783c3e9dbc89186954d10259bfe245724c40f8919bf579a059889831b9,800ad9b5f0a3eabf05aa8276d0c4ca8cd2b65ace12abe3fcbd9065b9bc20280f,904e474c55bb7cc6796f3eea4a2496a8682f17a2a1ae5fdd368670b873a431ee,d41fda07ceb9802e800dee2602fbe5d42f71746219017f8d2bad37e12679754c,0.4115090830018744,r5_parity
5,parity,1,0.05,0.9,300050,r5_parity_sigma1_lr0.05,60,ok,,0.46491724330605266,6.160069421105168,0.4143298151590227,0.12429894454770679,390f2b6ed4c28899f7489d28d61acd3ab3dac981995fc19428cbf72154196d5e,0937bba965de3b29400cb0316413f15a6327a16e51075e2bd85761227b696178,c5fe3ea8d86c7d0cdf0b96e9f6235438cf1377b9e77bc169160e4547b5bc5dcd,2cb3788461bb404491384778d2f805f259a337e4c8b6e2fafd05ddfb374c97e3,0.5499478749698028,r5_parity
5,parity,1,0.05,0.9,300051,r5_parity_sigma1_lr0.05,60,ok,,0.5002290383204417,6.1801919137592725,0.37524792019626957,0.10994764061750698,40bd3fc16e77f7f16b4a4180dd17723bd6a874c87a2ba15961fb2d1de37f22be,3e8a74a0dae522d0d97418de854467a0d05ddd3958b9920af2b9026372da8f5e,c6ec9958d28f0d09e0034619da29818b6a30848631144d857349f34eed7b45ac,5b6bfa3a3bb0fa581745098bf79efde16e80151d6f09d66fa5a7f57298eb746d,0.5586126249982044,r5_parity
5,parity,1,0.05,0.9,300052,r5_parity_sigma1_lr0.05,60,ok,,0.26663437340067264,5.884013827890735,0.4602258534189819,0.13438594919834274,7ac760f36d6a12efcf52e8294de109c9d9887444b5e5cd9434e0ccb624564774,7295e148730692031f359fdf837044caacb2ebca1b6665c815a15a29ce443773,2965faa7bba695af7c477181057c12a109834695e8be9f938bbc4c6106d3e450,573faf82adb95a7b15fcc4e720e4758ed5a668798f1616373343a691601ed266,0.6006800420582294,r5_parity
5,parity,1,0.05,0.9,300053,r5_parity_sigma1_lr0.05,60,ok,,0.4075853545201877,6.083780006046334,0.4186468948042787,0.12475677465167505,07dd12f5b5c72d4ce65bff27a2ad311d79b21736ffc2b258c075480649ce387b,d9852a48342447f1e59125dfb75c6b8b13de5a1031a1a2f49fcfcb34ff893dd1,3fbf12a2335c685760c9a7da04f357e930d2a6c8cec0a3f7cf99812fb31f631c,63eb0eccb974efba7417344ec458122daafc29c04fc31d254b60b81d49170f2d,0.4512053750222549,r5_parity
5,parity,1,0.05,0.9,300054,r5_parity_sigma1_lr0.05,60,ok,,0.39264413218217165,6.066957666195334,0.3910724007617038,0.11927708223231966,30dd86d095ec5d698c4e2c00c27bec4505fe1de45ca78a4c77bfdaf9a1ff2a4b,88556dbeea38b9e3f76af13cabc3a013f5842a42df9d64f8a2f8711bde460ef8,cda9ec4b58a395c6a63f62bff10349053f88ef6e368023afcc6ebfa55af13ce1,8f62111ee47caa98846a632846ba07e1a984ac3a969ef3a4b02e9cae088e501e,0.44950941600836813,r5_parity
5,parity,1,0.05,0.9,300055,r5_parity_sigma1_lr0.05,60,ok,,0.4103843289695097,6.114203931698581,0.4339247511293136,0.13234704909444064,08251a850e5eaaf3bc0db7235541dd9880d2de7b33498b9b1ffabbcc6a82e031,16103b6a02a3e8dfca8c66e03d66f1b0e1227382f6ee949182c74ddd9c1d66d2,81c8bda5ef9bc415f4dd332a7d7160df8ca6fe0c33eba04eaa5362374ed9aa6a,a1502094c561f565ce135d9a03ee056447ce3d1b55de2d875fe4e15281c49135,0.411185042001307,r5_parity
5,parity,1,0.05,0.9,300056,r5_parity_sigma1_lr0.05,60,ok,,0.35390148133143595,5.945428711863667,0.4353380152547221,0.13234275663743553,d3ed01aff926b25fcd5ab72720d1b1d98d64c483df418e299d719ddb69984290,28a8d7c637b0fe9a248ae3d50677aa2d4ae5a6c7369f00f0a65b37272e587765,8a1fecd0c5a7c6fa04d9e96767d5ecfa425560663737bd394f05de14b2ba34f0,8f65d96434da177ca0bcb87d89d3fa6ebea7f5136cc69c1f6bd48fabfa91a54b,0.39708262495696545,r5_parity
5,parity,1,0.05,0.9,300057,r5_parity_sigma1_lr0.05,60,ok,,0.28699106081188486,5.891164206616657,0.45337084526577087,0.13601125357973126,46b86bb023c8eefe512ae0b282cadf490362356ee2bae4f1177511af1d02223d,23efabe96dacd7a930475e0fbfddeb62fc5649c0a94c45d1506afc56e10053df,bb23dcf2c612d453f8410d01d30d51fc1527c438111a3a75d31e45d652f2f144,43d080339e0c99f8ca01afa5719bb3d353896a7f271b8ccb2ebdd8b9aa666f24,0.3970579580636695,r5_parity
5,parity,1,0.05,0.9,300058,r5_parity_sigma1_lr0.05,60,ok,,0.5482195969666043,6.194830850262921,0.4217044691754525,0.1252462273451094,be54da548939eb34c198c5b8af39c6b40768c19f8c0894ee69a24207b6b465e4,e56069914c786018770bce1a7522f77d4bddd47cb0cd7f780c1e90b386a09398,cf4c30f082660d6bcf3536c74f01f5f8606a35c577bf75008cb820343fdcc813,88e3b2d727b14188879889a74f53445a1e361303ac7312c1bd0a9acb41172224,0.3983189590508118,r5_parity
5,parity,1,0.05,0.9,300059,r5_parity_sigma1_lr0.05,60,ok,,0.32859585977913053,5.883949125650994,0.43651258783225805,0.1300807511740129,86975954ea25afa24d148cd0d80a4f12817f3bdbe7943fd11114ef1e5512ca2e,ac92c365f27d645f30db1d16e6504134289e056b66e3d0432559610015e7b01f,0caf4c321e7cb267025c11ad1893409ed242aaed18430ccb82e8fb877a03a71a,9fbad130d30fceda47941c63ac9b9d853fac7dc1bd015fe6d58055e34ad389ee,0.39950812503229827,r5_parity
5,parity,1,0.05,0.9,300060,r5_parity_sigma1_lr0.05,60,ok,,0.37684609646216627,6.038910998003117,0.42370627613142997,0.1258407640110347,ef3dfa0dcce3266b8e64b5185906508ef9724df33f314b80d6e605d6a76f6e29,85f9e8162e8403ef1422e75acbbcb246cea4fcfcbf305c2aaefe1134d59965ef,149a9709d9e042067aeffabca69706e3f35b4871483d6b058215047a570b561e,56a352e055e5cf231bc31994b3b262865708ff8d4afc33b5f484dbb677243f96,0.39735608303453773,r5_parity
5,parity,1,0.05,0.9,300061,r5_parity_sigma1_lr0.05,60,ok,,0.4532789891490058,5.987972677558141,0.4606756249296469,0.13589930935424585,cebafe01e6af0ee95f79d83a58cf7c3e9005f4eac4718eaed5302c26f67536a5,a034bb4db5a0ed251a7830b45b049184cd6466ad4c690b2da4604f786ad3f27f,aa0b4cb9a4aed22558dcd9ab4ad6708290363b9f202dffb828767aeaaf149956,f2a6b88ddac4cbf0cf0eb83c302ed317257489aae68fbb6239e981de873fd8ed,0.4030092499451712,r5_parity
5,parity,1,0.05,0.9,300062,r5_parity_sigma1_lr0.05,60,ok,,0.404830957814721,5.999730148165761,0.39301127951724174,0.12104747409131046,b31435f2845f9ffe580f90ef95b59358e3d48dd35beec15b8d9a352d33daa705,d7eb8769059fabae7482833a3bdb6411efc7b8bbc9dad9030069e8fb4af0376d,8c494eebeb1dd11901cd552131d93113493560c93686142d2ef6a0cf63718a04,8fb6aa50f7198d53edb82d34519dd38c04dea86300b263678256c2775771d742,0.40329841698985547,r5_parity
5,parity,1,0.05,0.9,300063,r5_parity_sigma1_lr0.05,60,ok,,0.3906979012200448,5.999767087903839,0.4216525102419856,0.12101427043944986,d6d2c5ebe7f763691e03746a41367e5be0344eaf5fdc66167695a8638bc42d03,443b43e8d82c93a9b6859f49bc9c1384d25cbd44a30cdd875c6562dd650ff6ff,63a49ca139966fd117cb0d1574a6c653f891c0d5bb380ecbfb748887372c093a,b36dc16d4def3118e2847f55a90751d1c4a10f534628390cbe90f8bdbc4c631b,0.41075899999123067,r5_parity
5,parity,1,0.05,0.9,300064,r5_parity_sigma1_lr0.05,60,ok,,0.3890741556334332,5.979754433429934,0.4410978814131726,0.1301238750168859,a2279af607d348c7eb3e3b3dc6d4045842a3e1c8cd56db71ed3c33fdd34d83ba,2d4cb5b9640c9fd1a8540366892d9096ce2ffb3b0448e9de439604e97fc81b00,a60d6ff3c236c74883f3d56d9513fe6b82356d9569548a0f505587ce60f15124,ec2d95d5bc86e06a44fd535e3317cf665899ceacb2dcc0c248a982b85e5ef041,0.40558479097671807,r5_parity
5,parity,1,0.05,0.9,300065,r5_parity_sigma1_lr0.05,60,ok,,0.3468731468736011,5.831204325377319,0.4367819300862064,0.13321848867629296,1cfb2f28eb8cc948dd0f1611cb56cb4e6560995412560e94f6b63dae98e6ad18,5880d14001810cdd467dad4ebafe5b0d6e501f3f570a4df3600f1534c2b7616a,83a063c9facca304555c6b75864aa3c0435015950dd2be247def8e20db5f93f2,e02946b35d9ed00ba43934f8b726356bc6d145908f0666a9cf86c817db094a16,0.4155581670347601,r5_parity
5,parity,1,0.05,0.9,300066,r5_parity_sigma1_lr0.05,60,ok,,0.4718481723031342,6.112505288328606,0.43400240112159166,0.12672870112750476,708269c9fbc27a8cde579e683a6367880c14143b935f4908ad90b01362b99244,6549ca8b41b89433ed9700fa8e4e609e210451b9c7ebfbe6f1edff98e603ef32,12734b4ddd70be818e51b8789118d4874bd123c61546d70ac001d22e1c307a87,bb9bc7b1cfdeea65ed1be0f8a849f5184dafd68413f849e592e4944411dc8e35,0.4247733340598643,r5_parity
5,parity,1,0.05,0.9,300067,r5_parity_sigma1_lr0.05,60,ok,,0.4927843191895044,6.163078653318434,0.4096878930735027,0.1229063679220508,081f0a8188505511354ed61a498396ca9f725e574fcce6253e57e031ed00a1a6,e1589b617124f4cb79e463a004e07e664bcf84d0d57ca0ccfcc221cb90bd6916,4f1d3d78a800b087a806b58eaeb48b3137b97b5aaf06c8d22e51da8fbf7d08da,bda9bf3b293cf5db9b5cc889702bf57abef59b2a21702eff69f871ff4bac38df,0.4295593750430271,r5_parity
5,parity,1,0.05,0.9,300068,r5_parity_sigma1_lr0.05,60,ok,,0.35210048908034647,5.98225170255528,0.43327620216026996,0.13171596545672207,0bab71e6eca3d3074b94363a2595e397768bf164f5737259b49028335278c69f,2352320ecc2428f76669b117992f88aa230efa0f74713ebf4f0d5ba8b32e0b81,5fca900f4af2e535b7898aeb9242c9b7621f4a6aa072cfcadb2f16fc974460b5,7246c5a1cbc10788cf188ac72e910c095e54562a048791aae550bb23bb2e2cc1,0.46028633299283683,r5_parity
5,parity,1,0.05,0.9,300069,r5_parity_sigma1_lr0.05,60,ok,,0.3668134556873461,6.043704443113226,0.40414497196487703,0.1212434915894631,6174d2c5d4074cd59901346d33d990e3b06dd344d19303a5a61f4f4ab30feb69,13ddf607a526199525f36e82d6ec66fb92b3b4a84d3eab35ac1e71aa897d1d52,bf337414c9d11ba76dc5a02e23a98ae70595c30adafa2ef439346f5c9dc669eb,6df8d4730bca4bd107cc4729fd75d700b526f657575b47851a2e2bada2b5a360,0.4684709169669077,r5_parity
5,parity,1,0.05,0.9,300070,r5_parity_sigma1_lr0.05,60,ok,,0.47094267488737895,6.004151384559035,0.42707422064039763,0.1294034888540405,f634cc4e2d1c13934fed7a89e1dc9feab288a32e837cb405f0cb855949395708,ccdff70c19143dba1653dcbb3dbbffabc6f7f1c013b1dfb8a1e39a9aee3a3577,f552c7a0e43e097228a54293029eb471f79082e8eb80ba9538c3da13a469b216,499ed8e84380f3128ce003636d20d6c72c0d40da701ca7cf0a1a50eb69951251,0.4898324590176344,r5_parity
5,parity,1,0.05,0.9,300071,r5_parity_sigma1_lr0.05,60,ok,,0.35274116898298036,5.9048867922499,0.4536745412492916,0.13474133875103958,a7a631ebdc901b6d1afebc5883b03deed2af77787993e7c43d983c2bd7ba4001,7a9ef81ad7224233cc5cb38b965598d9364349ed4072919e19c10e80bacca046,876f2196277e5cde99e423ccc7b42337a92cc2198a9d570dd61f1bbd1f1010b4,975ef54f104371b5bc566442294b2bcd9a08ac735b93833cbd97ab1b71b2a6c7,0.5747361660469323,r5_parity
5,parity,1,0.05,0.9,300072,r5_parity_sigma1_lr0.05,60,ok,,0.3048698045091699,5.950916651475866,0.45914513100845683,0.13544781364749478,29476ceb6b9c7bc9a00c948025fe869f227afb88b4f615b258137802f2c3d508,d2f5e742631b619a124a6e2d35a067c5b263572690ea3f3a50c8fe4ba810e605,1872fbf5145f1eec068cf1358d435b547bc62e827e7c7d79965a30d5a5568465,b85886c08c03931b8166e0f68c9674922a7ef0cc38806d790bc6253e2bb3b592,0.5683638749178499,r5_parity
5,parity,1,0.05,0.9,300073,r5_parity_sigma1_lr0.05,60,ok,,0.5249540475374708,5.938362925216902,0.3784861361938888,0.11241038244958498,94d96421ca2c1b509b027b228ac8292f226d27321b9fe81c04af907c5f10cfcf,ea343b04223be8eb207fe79b900dad6f48ebc9d78b3bd560a6b589d849c18632,752ca235734d3463072b13371e8c282a8ccbe3ad478d2ae30596d2216f4dd0de,9d58fc4dc8fac32e9850b7f5a50f949e418ce0fc962d3dcd1ff30f25dedb3464,0.5410156669095159,r5_parity
5,parity,1,0.05,0.9,300074,r5_parity_sigma1_lr0.05,60,ok,,0.38786614809475406,6.098591182850526,0.42111907765345874,0.12717796145134455,f2250eae7e757ccf0386e915268746609495ba31fce4b4abc9a865ab6e47686a,5ac414598748c0d70db4857128449cbde5756407a395d592f1e8f0d8bf4b5c79,a9c65b94a045c2b4bf1ac6b6edb461830ba947144a38ecba2ca3688c8c195454,4be7d4c18a7579d076e5a26687e131896c5c682c7919761912e46d12db6efc10,0.42151154100429267,r5_parity
5,parity,1,0.05,0.9,300075,r5_parity_sigma1_lr0.05,60,ok,,0.45045577432833783,6.010808346589392,0.44404493216759006,0.13321347965027702,7dec063783091bc2e04a4042c3c3773b5ade267b870931cdc8039fa0219f28b1,a25c1eb5d376fa0b58834737109ce6926d29c8f0a8076020763734df14b91a56,94c6b91a40a456b38721bb29354accf167b73d0201a36ce3b775ca2c4f200c9e,34b0ac90aa24c4c951e595d5a9074587b44e3d538ddd99b603f6649f9116c80a,0.41790604195557535,r5_parity
5,parity,1,0.05,0.9,300076,r5_parity_sigma1_lr0.05,60,ok,,0.4440542278877161,6.121793889564078,0.43461108546776167,0.1256026037001831,874f36301d93b1a5bcbfe168684f14c2ae66efa60b0bc3f6963cb38d49893ab2,a30bb8ba2fa3f25d8d30198f6baa7b531b0290bf636c95bff3cdf4e85021d3e3,9bca2722503dca0447458a57d72ca9adfe0eeffa2c3c4751439aabc4fad54970,d1097a9f663a2e7a9d7cbfb74cabe0697bd1a3abe5d20012e571cc42dda33595,0.4099595000734553,r5_parity
5,parity,1,0.05,0.9,300077,r5_parity_sigma1_lr0.05,60,ok,,0.3938119179180884,5.974133524089395,0.42650226042407924,0.1296566871689201,ae4b1717c7ab36a8bf739e3c3e609f149fdff4c16f64795219832d1bdbe563af,01468e53e4630aac84262b5039324698644a6a60b78851a2244d2d5ca7d5cb3b,2543a65e9e18fca475db28b8fe7d59bf15081a2094af5308df91e95107ff36db,5379b08f93602aab871f6a640fe91da2eb05ab96bf0f9a6f360530c00fd8e106,0.3976974580436945,r5_parity
5,parity,1,0.05,0.9,300078,r5_parity_sigma1_lr0.05,60,ok,,0.38341361178306577,5.9830644672005695,0.4135284253658232,0.12364499918438114,fc507e05a21f23918e50d7f9083a51ab150f87ca134cd0efd7c9b54191cb9adb,7b9ca0f5a4d48af552fac2e70ed042c3545b15fb9af1361947503fc8f8c0cadf,fa79f3ce7dad074acaf5d472de579cc8c943f5d342852e257b5d734bd50acd0b,07c1cdf1efb21c1409d8044f28ed6bfcaf48ac9d886d634fdd4faecd518a6010,0.3981497079366818,r5_parity
5,parity,1,0.05,0.9,300079,r5_parity_sigma1_lr0.05,60,ok,,0.4000567147481237,6.1088644865260315,0.4261369321347139,0.13125017509749187,99e3cfde53d3779687e41c4889b2c25c000b0fcd2df380100446ba8715eb8ec8,671c1c32f5796c76ffd63fa2ee7f179f0b0fbb4e4d0a1e393c4129332e01d5a6,103845b6b6dcd45a3e2573962843f6fa7cfbbc5ce75609cf515090f94e9930ee,291d0c994e6848552081a19bba80b30348db8561b9fad55abeb4da97b3ba4cf6,0.4042714580427855,r5_parity
5,parity,1,0.05,0.9,300080,r5_parity_sigma1_lr0.05,60,ok,,0.41958600676386315,6.092872345975244,0.40078668365789344,0.11903364504639435,0e3d960b755d50f9638f138ca006e5501b07ca00e96338156fe514e01912fc98,1cbfac2f19d4c0ebeb40fc9e4eb17765a40b7e9b64b7903e8debdd4f6b207474,da3d1a1f09ca204a2c60964a4ecdb1d53cc4e7f16147526f73127eddf8125398,76fa4d2be487285efea0e6ba12425336eb0b3d3354ec9c3a5eecf0efcb80be35,0.4013332079630345,r5_parity
5,parity,1,0.05,0.9,300081,r5_parity_sigma1_lr0.05,60,ok,,0.41240268391027357,6.0685663607928895,0.43551996426184075,0.13196254917133773,ba2f638e3dea8ab3bc59b28079c678391c132e83fd9186ea1da00b1add31d0c8,1a216ec3f73d111315128ec3ea4d639c9921edf923f3131c1bf95862d334f31a,747c89f42a8cff10b2b1c386c4bea876ff098886db062cf9613b0dc5b8eb5389,5604864b0f85ff957c04f13106e17968f8d1d20993b7a14775a60eef8340232c,0.40607945807278156,r5_parity
5,parity,1,0.05,0.9,300082,r5_parity_sigma1_lr0.05,60,ok,,0.35957867906339686,6.0255538135017,0.4168822307159317,0.12381402252263171,6c99cdadc1611e488d48953877d470202aead6ee43dd801e550e79a6bd0e922d,7d0c04aaf56cf065cabc2f4d8c5c616d73547978bc744188c58727f7bfc38976,b7b5c9fd0cf22301729296585af7b035c571bcdd023094e999ab9f2ae5ba1802,eb646dd1e1b63a7ccc251ec6ac53d6029254c9925bfafe4f6df318a4689db612,0.3895373330451548,r5_parity
5,parity,1,0.05,0.9,300083,r5_parity_sigma1_lr0.05,60,ok,,0.4014313113498347,6.057165731031411,0.44294014814192134,0.13022440355372486,fb2734f5bab358e14e01f2c8e72617ccdbaab144d7802f2c8c60ee7f1e3ed644,84c7e32ae9100532c76001d8d1c47683e020e8e4c9c3cdbd4666f567820d7dfc,84a168f2479dfb207e71f1679166fd40135f71d843dac3ecee172b73ab3d4917,3a472e7499ba97dff998d5f2213d5215db43d0c82d8e86252c0eb00ee8bef592,0.3854007909540087,r5_parity
5,parity,1,0.05,0.9,300084,r5_parity_sigma1_lr0.05,60,ok,,0.399647252774169,6.052246106807024,0.4312149928107247,0.12893328285040667,307f937ba084b91de860668af0fb0f69372364bb6ce4fcef6c017c30674f17bb,1cb069d54206b5c7c80fcb7a9417feaf0b8aec9e6bba2eabacd8a44cb5aed089,671b6525c3c6d4fa7a8338132fd3e8e5103d874287bd63b35cdb73823c953f61,0de334afe9081c1faf424068e093dc104c318540f2a4786f1d7d207c1fd57dc6,0.3869053330272436,r5_parity
5,parity,1,0.05,0.9,300085,r5_parity_sigma1_lr0.05,60,ok,,0.488415526224214,6.1142475784968555,0.4108653492839136,0.12284873943589017,b7bda8f1c6157533107318b4929256d5284403e4f9593ef909e880530d05bec6,8f4efd48e45a79dd017a1d7a311edb86e9da535faee03ae1a88e4a1c9590a97c,b9a1c30619753b609087d31c5f6bbd603a3013b6cb1492207a95405ca28c6ba7,7ab609559c593ac7e1827ebb545dc3e3cf0cf8a4950171cd0336302a193122a2,0.3928351670037955,r5_parity
5,parity,1,0.05,0.9,300086,r5_parity_sigma1_lr0.05,60,ok,,0.4350169154422574,5.945374493342409,0.3991535249096942,0.12174182509745672,7dca81a4c91012a56cee488c1a773d6401a3ad74b9a9405b00de27a2cba11f3c,e0324572697d072a56ed3c04da591c40f89f4e8378187195dcece0e344b2e000,4d97813142dcf97c8a611299a9659fdf6788ab740cc16dbd926646e34b916163,7f3fe4a53321a2e61bcc1abfdd33eabe4502fa1ab0fc59e63313bc92c2c2071a,0.39951250003650784,r5_parity
5,parity,1,0.05,0.9,300087,r5_parity_sigma1_lr0.05,60,ok,,0.5453032820189521,6.207791902720703,0.39405183879393435,0.11860960347697425,2cd875bdde423eb1353f1213770192b7df8bd876d40fb1aa71d29f9f56f00fee,5e9e38ede140f2d6f39e4d2630dbf7e98417d17a2d266b77b6dce2135af70253,e99e84ed987c73be34374c130effae2df712f150cf0634b138095223bdda706f,3fc3404c986850cbb1d7b4fdb6bc628045938574003add2c5d47fe85394624b8,0.39901804202236235,r5_parity
5,parity,1,0.05,0.9,300088,r5_parity_sigma1_lr0.05,60,ok,,0.4063232695948589,6.008847469826384,0.41861008596631805,0.1230713652740975,0030bf09b7aae09d5ca485e801a912df314636550145ceef5f18ad2202a69b51,ed7150770cccc71995eec6416e5eb8942b5187c46bb88744c3cce6ecfecca45e,7fc251d0bbd15bc04ad54aade468bb2f50ebbc58967bc4b87ca13e7729559fb4,13f19123f5e4848111e25e5195dee25a814b946164e8a7d1b1c1e7ecbfc4958a,0.40317391708958894,r5_parity
5,parity,1,0.05,0.9,300089,r5_parity_sigma1_lr0.05,60,ok,,0.5305465527187956,6.124859278076448,0.450881436606706,0.12895209086951792,c661e54b95aa168b9588f9db764694b9637b19b067f1ce1ef87d834330b73929,60508639f832531b067f6ff4a1f52ad903eb5f468fd6de942af85d30e535bba0,367cf5b38b737aff08538fabfb5d92013302eb31e5ffc55820e034fb66218dd1,0f6596a4a2d62b55ea802208f02c07b562e95a3444d861280e1b35e277f79bc4,0.3891983750509098,r5_parity
5,parity,1,0.05,0.9,300090,r5_parity_sigma1_lr0.05,60,ok,,0.4091318499263799,6.151520739774367,0.4261375842063899,0.12613672492509143,98cd9fd3f5a0edc83a0ad4fddaa12ced64d760278d475564fff1f1c5dd73e084,eb3f6b474d6816be6628e288f25ada76b0f7d91970b57b91c195cb1a75bdfeb0,746ba07d9794f8e0cb9ca0a9c10dfefaf2539e7b86fd26098f849a4cc53acdfe,3d17337eb87e10eb16b990a789f19e6e7e79a7f4bbfe4cfeef28a3f48f370931,0.3845353330252692,r5_parity
5,parity,1,0.05,0.9,300091,r5_parity_sigma1_lr0.05,60,ok,,0.38502948044350355,6.054625645350834,0.4641698525947342,0.1369301065154466,3ccc764800bf27bb75e2094ea8a123146ca3bde83ec7563c79a484f44610fafe,6d41cf29ae36d582d46a36d3d13ff7bf618a41b289a91760c47e508267a1e2bc,a533eaee2259cdb82e3899fbcbdc35924f90124e0f737799c83e5cd1f63080ce,1605a228599ff73bb340a353d0586e763f454ff7872b4eab4dbf16410c741962,0.38941633293870836,r5_parity
5,parity,1,0.05,0.9,300092,r5_parity_sigma1_lr0.05,60,ok,,0.4128728585534829,5.982615927316967,0.4118840083187978,0.12315331848732054,ba3787eb400695bd780a7f47c9aac7da4c6b2a214e9244efbf6a555d261b6db2,312c1762699384512ffe8b45d038321bb9111baf907d3b4d299e58986f587df8,fd3c1426e8cb4d011029761ace4b2b96b21d202d5b4281e0857ff9e7624373d0,1465466594549280a74948762e4b8419d47e7a5bb173f0fededce62f61668afb,0.3850258330348879,r5_parity
5,parity,1,0.05,0.9,300093,r5_parity_sigma1_lr0.05,60,ok,,0.419066472247957,6.0627032406084505,0.4304942426245427,0.13130074400048553,a7c87e334d754c35efcb9e12ce12b8d5ba21cb97c762ce1c5240cb2fd48ba9c4,3cc8f5d36dcc8109c4741d577771dc446ba604413af58962bdcbf19baf2f0dc8,8873170ca64ff40ac0d386fedcb06dea50b9c190273133b53533f8a039b33e53,f1b00391d8d9a92fe9814b65ab8b2933ea7a5a7eff829dadb7337896e705e393,0.3785552920307964,r5_parity
5,parity,1,0.05,0.9,300094,r5_parity_sigma1_lr0.05,60,ok,,0.36692896274836334,5.94386985980063,0.4582268755986698,0.13609338205280494,fe0cb28c5e5207e0eb8d04b69d0a192adcc44035ebebbf0a71afe93c9c1de479,0cd090b78186e5e94dddb02b661a53946c90c56c0135969d592b1a63ed8f5b05,5152f7ab471d2e77376651c74bb7777a9571c83ff56ddb91b1d03af2f11cf405,2e8e94a13e0e5ff4ef62983fac52ffed1e1b3397b535a0f1dbbb9367234e8658,0.3868765839142725,r5_parity
5,parity,1,0.05,0.9,300095,r5_parity_sigma1_lr0.05,60,ok,,0.4583111938620859,6.013320118600241,0.4016195070503929,0.12088747162216826,2b1d3f506c8358f83f3f6c4c478ea6624d3260edd10ad6d1d620211c296428f5,0645f2857cbee4f45e0679741b4cb95e945e216de2bf7f7e7ec41b2cda9c8c36,8a1c4b5a9a5942de4ba79aa7cba94f6a0b7484ac2bbc05ecf8a3529b4ed8ab48,2aa0ecfdc2eb82fb67a5514421a18d3e669c54d22e7e86532ceef4d68fb63947,0.3964377921074629,r5_parity
5,parity,1,0.05,0.9,300096,r5_parity_sigma1_lr0.05,60,ok,,0.44743499037118706,6.0917884224639245,0.4183003079226357,0.12298029052925488,a8b2a6d596c52df65b7d82272c0d81d9d2c9c77626ad4d90c15fef87fa6ce7bb,a2772ee613085871d2c6c6b322c84ca766ff812bd99d4bb412f81dcb90de15d8,11b37067e5e7b6b05fa6c0b6c968aca27c45f4a07fe25d84ac1159284d8e8f89,897f473434d15e9c6fe6900a31f016bfc42a6fb73264f5609b625865441d1049,0.3922710419865325,r5_parity
5,parity,1,0.05,0.9,300097,r5_parity_sigma1_lr0.05,60,ok,,0.42548688412528796,6.066545622980202,0.44512453759194953,0.1304214895144412,6a58ea514372c71630cb99b35cd8e07be887fa6911b53f19b5d704732fb75bdf,e8c8a21ce148719bf4d490968666825c456df5cdc48f065ce070475a9f61b2a5,408ec60a173b32d43c671743950d22b3fbcc518181ded82ef537decf46ee0c6d,91c04bdad2d631f42044ebe01bccd4c5289f10f43e00d546cb9ff3d9f89f386e,0.3925204999977723,r5_parity
5,parity,1,0.05,0.9,300098,r5_parity_sigma1_lr0.05,60,ok,,0.41652534038925004,6.085194717575155,0.47315906620510817,0.14194771986153246,998122d28dd5e545db51a6f7b951f9827ea9260ec2b0d92d5c37cb103d0ba6ff,cafbcf058d29eff2ccbf8b9b9b6915872acb9632484a9ed2be13751a7165618b,0e2d682e0f3b7823752766f88040994c84279aac8b86b0ccd6c2db8c96858532,468c4e6a1925afb5b32f9dd34978d571e142a8f0b4c8dcf459a68d7a75d13ebf,0.40989412495400757,r5_parity
5,parity,1,0.05,0.9,300099,r5_parity_sigma1_lr0.05,60,ok,,0.5189287250729246,6.128911859292768,0.40312111398622186,0.12254881865181144,84ae2550cdacfb1a0c04866f5109d582dc8f9d46f21b0b67a1fe731269b4c984,bfe6ea452f11a0df7fc9c4a0f46f997a12c5f847d7cb575e520f403a4bf425ea,4b24bef303469885eb85d79f9574f3f854ff1fc98903af707f3f9a593849de7b,de3476dc9b4c9a4dc94fecc4235c0983bb7c5ce1b181694460f78b369961844f,0.4100792499957606,r5_parity
5,parity,1,0.05,0.9,300100,r5_parity_sigma1_lr0.05,60,ok,,0.2973271958003204,5.891351281748937,0.4479698683338286,0.13259908102681328,79ea598cce16ae26ad8840b1327ff8de5d21fd4d9430d25e5240651e7af36883,c6cb13adc09d1c9493e0525b5e9c1857602686d97269e77f2bb4ddecac2d9281,4e0864318ee829551837ffe5fe3d66e90299499dac73e1a366fb445892b61f9c,ec5ca25a9136e3ea882ed88f21c3367dd3732cd8993f497ffc6a31ec091668b3,0.41625016601756215,r5_parity
5,parity,1,0.05,0.9,300101,r5_parity_sigma1_lr0.05,60,ok,,0.3276582179290197,5.973506997202425,0.4451519269941993,0.1326552742442714,0fb83b7408cbc1aaa63ef4f097d2d4880365ec38387ba68f6e8c06e44ed382b4,dceb90c9b78bbf6b549b8ab484f361187309c14504d742a94a4f018d6ff4ff8f,99cad4572e3be37de5de9ebea1af6a6bd8e7f09eba7193c208531028a0aaada6,3052ffe11b2c2b1bc499850ac68214757a0aa395e206907016f5c56d2ffedbb6,0.39992212504148483,r5_parity
5,parity,1,0.05,0.9,300102,r5_parity_sigma1_lr0.05,60,ok,,0.34458573939135906,6.007201463671046,0.4112441231436535,0.1229619928199524,e006b6489056566299e5317c5e2b106d8b7edd9487990bf6db04060c6ac36307,e07ce9fa89fc078461c503cf21016be917062050bc58b8a99684204e3157ba1c,9c756a3d25cb685dfc0a627f89c204bb35f74e01dc9ba350c2004fcc39b435e0,badb449e6571f137328e971439d721f4af0f30253db1376586a873e3761e825a,0.39832224999554455,r5_parity
5,parity,1,0.05,0.9,300103,r5_parity_sigma1_lr0.05,60,ok,,0.4140432429266233,5.985178679711269,0.4346022429523491,0.12864226391389533,84e90d70cb6e50e4307e53a36b76f3648b8d6250f46defb308584a6065977352,f00bf89f1900623e01eb9a58b0cb70f1bcbb56703e588050aab3210550b31700,f49351e74453efa8d509ceb5de71f8ce765ae26c27216c7aa45c8e4757bca7bf,ab31b6bdac142bcb9ddcf9c56cfd277bae51b14a022776be0698526f05fe0270,0.41621412499807775,r5_parity
5,parity,1,0.05,0.9,300104,r5_parity_sigma1_lr0.05,60,ok,,0.3922232790667044,6.069325445514551,0.43889563036999174,0.12947421095914757,2c3887f0f74ede3f0dad59dc0d44c3389907c03911f67ef27c1dc5383e7ee93b,23cf924fe429906fb077746ef8a5906c8fbd8ade881ed87a2d573bfc29104d1b,4202a7c38b74350de0c75e71d1f62be1794a0748545df24247ecad905359d73d,f870a41464deaa835922d0696632410eec8c83da1cd961e618581a451a3a31e2,0.47398058394901454,r5_parity
5,parity,1,0.05,0.9,300105,r5_parity_sigma1_lr0.05,60,ok,,0.3916329046952602,6.006629474690846,0.4261627665818392,0.1252918533750607,de0ebb6b14e2d450cf1bf792fc262365fb3d059482fdd0b5f214736a7a740690,ca39052c1df6c96c8cc1bb2d62654af1cbbf1e3f5b76fb2794c5d04b41e0a09d,ffb7a1762afb3e5e37ddd1f00aa558db748f3a36d2eed3def2c8d51fd2760688,6de4a7623ba113319c3276813c97e41d6ba567a1c07c4bb5bab61dc892fceb7f,0.48208562505897135,r5_parity
5,parity,1,0.05,0.9,300106,r5_parity_sigma1_lr0.05,60,ok,,0.4170310898061368,6.018634669088937,0.44115687817028104,0.13058243593840319,ad033ae221c957f89cdf90b8ce75396eb58cbb69b99f95a7271da6cfb9c35e37,745018b097730ce74ebf95cf2852b9b8067c7d69379762899184116cb2ca62da,fd3fb6134812ab3b6a395bbe4fae83ff9d54f9311f589a2de589eb766c317711,99c7f58329cb1b56f9bf987e08e7938e0f99385a6ddb436ebe5d34e60d615508,0.4343630410730839,r5_parity
5,parity,1,0.05,0.9,300107,r5_parity_sigma1_lr0.05,60,ok,,0.3686880768853953,5.963336877249465,0.4529162805377279,0.1363278004418561,6aae500dd352d571784f86d0556e3fa32e53a656708e352d32656ae1efcba352,15b994e67211c5c8a53560c6bd4c76368bdb22ea10aeff9b0b4fa3fe26860262,da91b2c15873f63c1a230a8d67f6b224f4c4df9dd62b0c54b3c0f00e3c4d08d3,f256d8ff9c0b81e3ecbfb80476615800575f77e3b5f4016f992efe4661094ec0,0.4125898330239579,r5_parity
5,parity,1,0.05,0.9,300108,r5_parity_sigma1_lr0.05,60,ok,,0.36587761274261266,6.032530674997486,0.45836537426161633,0.1375096122784849,41309af3394399959ccfe27b376380ece9eca6d3297ce2213fdf23e9a6d2ac93,d97074ac83e2be40bde748920c734d9759162fbca1875f0f21dc789ac44c5a1b,ed15075c6f0bbaa0dbfd618e49585ea8710ca1bb6990788a4838b3890a1a4f51,05be3481ed726fb2d59ac58af9b3c11702385affdb1b839acbc1991027b97e51,0.41430829104501754,r5_parity
5,parity,1,0.05,0.9,300109,r5_parity_sigma1_lr0.05,60,ok,,0.555379148683866,6.219992871704886,0.4073853545270154,0.11691959674925342,771fcb9213886ea1f967979f6ad3fe3f6fcea304f2642dad6194341495a315cf,927c3658ab546714e54b9ee0f95b97c491be86f54c7a00bb51e6e63694563370,c3d982fd33888ff0cab3deb3e4da996e6f9492dea1cf1ca5c8057d98bff412f8,fd796036ed8870412c6e09afdf446394cff2f58a4508161585c6a306e4b0343f,0.44067787507083267,r5_parity
5,parity,1,0.05,0.9,300110,r5_parity_sigma1_lr0.05,60,ok,,0.41198574168811153,6.09354062285788,0.41424016405876646,0.12012964757704228,cde45661617a288f63ac7c264248a144b6191f42bc1653ad3551b4b4735ab87f,b99d2d6fd8b683d6356cb6d876c164fe9843b9e33fe8788befbacf4ca22f0c2d,2c6664d1f44412e3e549e3b88f6ce156a781bd725e2b35d71699fd85cecab9da,9558a2f0433aab63041c1a0b67dd223f5353bb44e4a9c78277f00545485700c4,0.48388129100203514,r5_parity
5,parity,1,0.05,0.9,300111,r5_parity_sigma1_lr0.05,60,ok,,0.4397683881733041,6.1764750003917905,0.4241429406576224,0.12427388161268337,e133603627b2009609a3aa5bed97281a6cbdfca6a7eea92a419745c7546dcdde,f7c0162fc827424ac8388e374e078e13fff35507f602aa06f4b2996d6e484025,5a3724fc214532856832e6d2d1b52a77e4d66c3a97ee024d9b03dc07fd5b16f4,acdf02aa86b83b77a9edf3fcba7ad4bdd375e9b13d3c6c4bc2432cb3c2bc5adc,0.47093391604721546,r5_parity
5,parity,1,0.05,0.9,300112,r5_parity_sigma1_lr0.05,60,ok,,0.5482559026216596,6.219189003253594,0.3665401777254005,0.11142821402852175,644bacd763502337e0035239bd1882a2783d5b5a05ac3cf964f3ace18d859473,317341fee9a89e62d763d3abfbb2be4f20cb86c2022f5a63ff588b0dbfce4787,b5f95f7a158d8e2b46b8bd54325b2ffd6eb875b0ed0dbb9fb631bf8cead0e604,2383e1ed7a4191f0789474e8c9495c5140de9e7c30d5f33d4c752c6297bc52cb,0.48153487499803305,r5_parity
5,parity,1,0.05,0.9,300113,r5_parity_sigma1_lr0.05,60,ok,,0.5269963854020214,6.101154920531524,0.4139709876007896,0.12212144134223293,ea02a0f906c4077add1f728f580129235b1ccebff060438ebc231b16f441728a,5757b18f7496722c3110cf0964f2bd6855ca6e2ab2eb5d5d9fe2176e26a40d5a,cad7a092806adf118404d1bd84ddc823cafb59b31129309b680305113d49e36c,b872f3c5a2f06cded8e04eadbc06ae7c3cc2fdb8e16026103405aa67ab97c1b5,0.40591845801100135,r5_parity
5,parity,1,0.05,0.9,300114,r5_parity_sigma1_lr0.05,60,ok,,0.46960705131622327,6.105933999570955,0.4011370976812369,0.1195388551090086,ce4b99d8f04992133ac07a717779dcd6cdfd51bdfbfe5caa5ff3046c4fd6b552,dc88917ed83c59b5699ba2636285e959769397710157d22d8217c2fd639b0fb9,dc3da1a83fac0bf4e4451fa252b3c866d5fde3cb9a03b5dcb413f3ad2c131b9e,f8c2ef5702195ee3ce4c81adb46d830c457f648a3dd8f99a3ae5d49eb8d6166d,0.4105032089864835,r5_parity
5,parity,1,0.05,0.9,300115,r5_parity_sigma1_lr0.05,60,ok,,0.34541186673687224,5.9191373552704825,0.46367784503331194,0.1358576085947604,c463a396e85798bc68cf4a062dbaa6d994363a8cdfc6d7c9791e21091069da9f,5958f974d9825dc3c070069675227ef7f9be0ab42121f1e9539e0d2e6b750b37,e95915d125b132c7d447fbb566f65c3b92efc3e6241e98d21ba9412f727e7ec9,df3eae0054747a908f9aacc00d34c89d117a0765e6cd5b26047fc1b9b2ad8d87,0.3989500830648467,r5_parity
5,parity,1,0.05,0.9,300116,r5_parity_sigma1_lr0.05,60,ok,,0.3303446078369756,5.915322448203876,0.44676305951169704,0.13000805031790383,084daee521e0d96b4b6964217b212b6e3d0f8e53220f91810df897c8d600625b,95c1327da070b867d19ea8b2c991d0b127ec0999753a2e627a218e1fc3568efa,1b48fd53314479321e67cf2a675b823a844ff25f4e3ddbee33308c44ea550391,cf96e96d60a7d2810a10db90901b554ef2add790c6ea0bb3df2212c33b3c0a6b,0.4202420419314876,r5_parity
5,parity,1,0.05,0.9,300117,r5_parity_sigma1_lr0.05,60,ok,,0.4310441898111288,6.098408855885537,0.4413960820088351,0.1319774285206417,a7cb6900e99f4095de6330dd8d979a9b2cf415af5be1ec45ac3ad74d3326eb57,2177432f921982ea8d382df02f0077297ddaccd66748d6c49c88675fedf7c8fc,792335a3447a17fcd77af04021c690ec40e2a8443d013cd407c29c68fa073201,38ef3a324514d9570ff8ca77831a7eeed5610f511242d3512bb2de91a64f3405,0.4036957079079002,r5_parity
5,parity,1,0.05,0.9,300118,r5_parity_sigma1_lr0.05,60,ok,,0.39493929900485103,6.045732188965891,0.44304743958655984,0.1311420421176217,2bcd33845041cd219b498a03ec11004d81bbe9dd3f558b754d6ea545896bc7e1,b656512a7c47a60c5f0e2699f11ba568f724faf443528db6c622a46754c748b1,fc02f4d4b9ecf940f90b8221b74788db1e32f4a3a30943ba342bab882130c0e3,a8f478c0c41cb1c7a0e93287ac226974c22353e2ad7985f6a4168c3769a0b593,0.42160233308095485,r5_parity
5,parity,1,0.05,0.9,300119,r5_parity_sigma1_lr0.05,60,ok,,0.43470169779641965,6.159777322421846,0.422845438003298,0.1251622496489762,aed0e9fe989702c5562c247fac514771a622ee069fc4d2535cb8bac20c823ea6,7ee168630ae11472db3d3cf3061384c4b41ab444816c085b7ff71d8d02ebc072,d5e00d8450ac3ad1d6c991864c31233360375c48fb0b2972e5bb75bbcb43755b,01cb6d65acf6c25b850fd26022b4ee4b7350f3bfe907f757091e848e7f7505c8,0.4031981659354642,r5_parity
5,parity,1,0.05,0.9,300120,r5_parity_sigma1_lr0.05,60,ok,,0.46830816060131336,6.041027245402172,0.42597879970464414,0.12864559751080254,cb61b23895f2815bdc0aadf0c708a92916c48234dd8e466aac8cb4db803fe60e,31599b2d6bba43c85d8620af2e75378d2f44d1123d2eeb378287504537e26fbb,c063650c33d0d9369a8c343792f1afa9aa4bc962b7543d5f4c67756973468890,bd72d2818bbdaf66cecb666d2d9d925d56fdc33571604fb56717b7673f804b77,0.4078651670133695,r5_parity
6,mse,1,0.05,0.9,300001,r6_mse_sigma1_lr0.05,66,ok,,0.4373089956694778,6.036708761698096,0.3754235922901661,0.11037453613330882,547df75d495d72b315fe564322ceb41b8419e43ddc93038fd9cf9fe53fa9e4d8,27e1e2c3dbc45cde17f5de651f591de18321454482d19b908f81fa3a5e20af67,5139485dd609a71c3413cdc8812b6b0b8c13b3f3119731cba00660ff9a03c26e,48a30f5508f9df90616c2a0066bcf24bc96111eb0a28a9f1c5a5b34ed36ba5f2,0.44727670901920646,r6_mse_matched
6,mse,1,0.05,0.9,300002,r6_mse_sigma1_lr0.05,66,ok,,0.5002366727469892,6.158175695621568,0.38291008036660623,0.11525593419034848,fc5b1b69e7b8cc0f50f32cdfd3927bcade5b7de5f025f5e97e35f13b7dcccd65,4c5eda357008888dc1e99dacd5c9935dfd3c62182290bb6932a887ff0a66c610,8d2dd4701b1538326217329d7ceecc0e6832f16b3f6cd1aed82e2ef8a4658c52,91bf1b2480e77e639a6d2248ece9ac101a5c6cdc45f5da22d9405df9a8131dc9,0.4397767080226913,r6_mse_matched
6,mse,1,0.05,0.9,300003,r6_mse_sigma1_lr0.05,66,ok,,0.471837673621725,6.059072691621112,0.37457728632711335,0.11050029946649843,a2e1081d9fface7a08688415de646f26dfffcce559f08e132cfb5e7e252dbf1d,833f767deaf5306522e0610877df9712365f64f25c2a9481ae98b9f1758574b8,ac3496fa37be3e439077e6adf5fa7138c940a16f296fbcd1ec2e746a38a3ab84,98e914f67e4f237fce7e43a6d6c0f36e123dba049349b73c73eee60e66714b71,0.40556470898445696,r6_mse_matched
6,mse,1,0.05,0.9,300004,r6_mse_sigma1_lr0.05,66,ok,,0.44442848908512494,6.17019684310037,0.4175753172591584,0.12318471859145173,58cdeaa78f51114a6e914189151f24a71007e71cf610cda51f971b31dde06f10,a0355d581f3ff5f5a74dacda51013f50e7e5b287c1670929a81b01c976ae8a59,42efc75a835ea97dbeba64db872be577042030c15482fc5334e1ae10a190733a,a94e9093092561725d480550732275f352e638a31ec72e51c4c01deafbc75cd6,0.40719429100863636,r6_mse_matched
6,mse,1,0.05,0.9,300005,r6_mse_sigma1_lr0.05,66,ok,,0.4699141738520868,5.960612635275026,0.3680584253587866,0.11115364445835355,5c051b69b978374ceb2348d1862e0af437f756e529d7afc1c1186c2e54ef7e57,5b6bbd1920d2685aa73875088a12ff6c127d36ad58b03e361afa4a1c313df8ca,4c27839b329bdd01c03f8e75fd7319617cf9f4a46622491a300b0d9dfe473029,1b64a7339fdff3816ed2d4d5f4374c56e8691a3783ca5f3f66620e900b7ceedf,0.4069857089780271,r6_mse_matched
6,mse,1,0.05,0.9,300006,r6_mse_sigma1_lr0.05,66,ok,,0.504911962221892,6.176910516357001,0.3868045239311488,0.11565455265541348,15a47afc3148937636cdfec87f5ea1349559551ab1fed512817b9821ddae305b,ff12b0003f24e3c1c0d39d5463f83beccd48c3ccfff83cb5aee8a081df56b4bc,081d4559b5fbb6aacd3d16f8053afc233fbb1a868e4748d760a02d973ae5f1f7,b1132287d26567e99d5860bf617b8860180817743d2c7318ac557ab4f6d13f13,0.4090573330176994,r6_mse_matched
6,mse,1,0.05,0.9,300007,r6_mse_sigma1_lr0.05,66,ok,,1.6681444303835726,7.386687137631869,0.07255131700529711,0.02133008719955735,5ba229eea3aa5e9e6cc0d94a42d4948a4f324f7232164c5b1db8b24ccebe076a,6e51f2f2d4b59e8180ad8e8c7b27acb0d8ca7076d726fafa5a2de56bf9a213f6,c69317c8a56cefe8c43f1a8b80cc200caf7bd7cfb23e8eddade9cdf85b290f3f,e6191c8723df8d80c1c93a0b620309626c50e96dd46cce404978be1994b9a333,0.4111212500138208,r6_mse_matched
6,mse,1,0.05,0.9,300008,r6_mse_sigma1_lr0.05,66,ok,,0.3546254464696182,6.048659021544554,0.40979881682885244,0.11925145569719607,92d23af5bb836428a7eb153f6a2380de81f8fc80da3fdf08b509b0370e7b93c9,81d19f6042d7b3ac55466949ad7de628e492c588c338e358f96626b8c34ac720,84810cc33a0e8bf345ae48b614a64712624f834212e88a59178e86be607aacb3,2f861ac4f231daca91190feab5d5c078a5235f340959fd676677dfd74c27e113,0.4107780830236152,r6_mse_matched
6,mse,1,0.05,0.9,300009,r6_mse_sigma1_lr0.05,66,ok,,0.48283399250184567,6.182697189145855,0.3701563635611776,0.11104690906835327,5600684e9ca941293ec22e3fe6f944bf235dd38fe0048ad959412b96248230c5,f9b700d2fbb94c6f5bcb5fc647d367c3a5a186efa3eb7cec51aad8776f3baae0,95a19132b5aea1bd0b7b7566f12cb7eb3e2f3bc2d3ef4c0382735eebbb9217d6,9451f7b0e493f434f0209292f276eb76dede953b9e779ed3ae6cd8bad868b338,0.4085509169381112,r6_mse_matched
6,mse,1,0.05,0.9,300010,r6_mse_sigma1_lr0.05,66,ok,,0.4652837471461095,6.148380241277882,0.4123734016808236,0.11958828648743884,a56b6fb7e11162aa1bcbdb89986ef350dfb815c8939edd09a86a5d1f2edfccd3,ebef873c28036d701489dd58ea3cf0f3ea8ce6397136f78ede722212fa4058f8,3dec5e851eb2e7e5e6515c1d335ddb6e1bb9652969e32a6da014c26711cc282a,ac051c8b5c1f6af0c289a1b26b82ab787357fbceb25b269ca74c1c56ac76cd8a,0.4165846669347957,r6_mse_matched
6,mse,1,0.05,0.9,300011,r6_mse_sigma1_lr0.05,66,ok,,0.44324918666495594,6.101921312550646,0.38971408562832704,0.1180833679453831,e77879b793619b6b11bd41e6c0dd2126d719a2f55d9c0ac0da2f1549b0913658,a815904015b8a5020a10190b51a4a1dbcc318a510e2cdda9f1b17ab6b4222a91,8fb226dfa79cf47df546f47f48a4ffc93b22b37091cedaea541d0293f2c7d0a3,bb0fb76b867b8218964ce79619e6f09d51ca7086538af9fc1ccddfbf8987714d,0.40954558399971575,r6_mse_matched
6,mse,1,0.05,0.9,300012,r6_mse_sigma1_lr0.05,66,ok,,0.4901985280084571,6.203934218156877,0.37056241448224386,0.11042759951570866,9a73bc3dd78108b7e8c672136c1ebbc9996870d62df4ae1db431a984856c4ad2,1d51aeda2aebdfd8b9ff597f1185d611b6e9ed0df0728b69bcb6d1379cd855e0,37d62e6ecac7d79ea698e9bd78c8e1db8bc1f02f6278745581f335ec0d2a4bf9,87014aaa31fb308e270ceb0ec940e38a06504b9a36a7d9e7bffd8396fdac64c8,0.41772695898544043,r6_mse_matched
6,mse,1,0.05,0.9,300013,r6_mse_sigma1_lr0.05,66,ok,,2.0242067549694824,7.681375035336872,0.23273677495013675,0.06679545441068925,43be896293e02a570742d018597b933e42ce673588e34b4fa509ef9d1086355c,fffdef1c1b60ad8ff28008f50a6fbe337eebd5feba0cb6cdf1f62599072d89f9,41254c54302b2ff236caf1267d0712babeeb0d8b4c30e3690c15bbd6e6207c9c,ecf5e37ac46ff9e4698d693a6ca80d11405392395ba0fce43678a63b56f0bf10,0.4113151249475777,r6_mse_matched
6,mse,1,0.05,0.9,300014,r6_mse_sigma1_lr0.05,66,ok,,2.499325884275193,8.093464108404515,0.18208257432119848,0.05043687308697198,0cecdd4ef73e35260909137e7b4a9da22dc59d3d45a902be1bb9f890039876f6,023f1bdec63d2e5bed62469a7b9aa815b4634b3b7388108055538265bed25dc7,849154367e83a9b94f80d7aaf708db2aa2fa78b9d918a2f051a0ada956a8cd36,82ee93c4a979a55f19c3e58c3b312bdabcb2f14cd6add734ac6e510ea57e496d,0.40105245902668685,r6_mse_matched
6,mse,1,0.05,0.9,300015,r6_mse_sigma1_lr0.05,66,ok,,1.1784195277640355,6.777441812203233,0.2969302211528853,0.0908606476727829,7d60c852db0400ac3b4314a8c7a8366b70bbe606cc64f24d1f55a53477325310,95577195c75752a3d800cd54cb592b0e570d9ddaae911f46c2cafbc86fbdada7,cb2e20898adeff9d7f72a78c0f56da3d1afdf153cd0cdfee997da64a34ad25d6,fe1a3bc89c7644204173b73765c6615719651a298baad678f98ccf4e7bb40f5c,0.39396166696678847,r6_mse_matched
6,mse,1,0.05,0.9,300016,r6_mse_sigma1_lr0.05,66,ok,,1.6076909102897934,7.107964625459406,0.262981830144991,0.08099840368465723,e9cb11c03b8ee8be5af6abdcc1d3777225768bd24abd02a539c763d257098807,34c39d8d5501347c5c7a8076aa73df0fd8faebae88bb05da13de3c574b7f25c5,091bbf97a41a41b5d0254fcefde8f5bb91176b9ad43257c58355f240d26f01bf,877a45be404789896117d97a36b337f18b94e019893af8b335d8308751c82cdb,0.39165966701693833,r6_mse_matched
6,mse,1,0.05,0.9,300017,r6_mse_sigma1_lr0.05,66,ok,,0.475147671043856,6.0831372105571955,0.4075553745197046,0.11819105861071433,3c4ef79e66878b5be9a3cc390e0d91b4b1d607483a1aab1662b84f5be4a254a0,f3ec861043fbbf94cdf36e85a09f9ce95b7156b2ea7ecf03bbc1eccf865160dd,efb0fe6acb70f8d662e9264d73cfa1be136e3398b69402ad02298c4b0fcd0979,d74983d656e7ac180f20c16561d0a71cb7361f6632779a952a7893d7b44b263b,0.39489445905201137,r6_mse_matched
6,mse,1,0.05,0.9,300018,r6_mse_sigma1_lr0.05,66,ok,,0.41417978570198644,6.0024321136965,0.38584507166442766,0.11498183135599944,1e61d1562101428c9c58975a868ed0d794029be0ae2ab5b7d5405928c87d4a13,bd933405607b33df3caa53139bebdc6aebde79ef4c90313fa0ee4b523101117d,ca730c2d35e6e9b2d4d0e91d078e5552f6064eaf9cc727faa581320936c84cab,9ce45cc2699a0feec13c69df11127e87fb3e692b20a04a9cf5baefcb57896cbe,0.407475791987963,r6_mse_matched
6,mse,1,0.05,0.9,300019,r6_mse_sigma1_lr0.05,66,ok,,0.3881349877853064,5.994863784519715,0.3786895901053598,0.1139855666217133,fdfd8e6a98343166e6dcd7fdd44414055adf41a5cfdff0fb23072998f90d34c2,43bde573aaca9ac4ed736014dcc914055e7ba211a6ebb9f59bd2eab92521ca4a,6e5435fcd137437881e7482b779a8d0112773ed492957caed1ccb7d41727cbf9,d3928c8c3d354c75a406f2b152ad9736eace95eaf07b74d59db968fc61065731,0.40438479208387434,r6_mse_matched
6,mse,1,0.05,0.9,300020,r6_mse_sigma1_lr0.05,66,ok,,0.5179039180453722,6.0484755719818155,0.3610853315218599,0.10724234346199239,906ca7b0c8cf3b525f857a92fec5f7c51c7412455b4ee13098e957ea4447fc43,6ef26e9565f7a805b72693c700925b72122e52339ba7e680019adea3d69e0994,05de2884996e734b2d4984b3cf8e9d5bea0314bc6dd0f0d2400b7c77f3ad576f,63cc7c61acc39a1e8b2b98968b5ec79fff582cd06216fd54b7bf206f9b5e7824,0.40797454200219363,r6_mse_matched
6,mse,1,0.05,0.9,300021,r6_mse_sigma1_lr0.05,66,ok,,1.3407513639293531,6.925750829125534,0.28003200314490934,0.08316950493403807,fa4b7bfd5394097ae05f683e9cb6bd9b7d243d63a0cd1166aa9c63dddda4bf29,592d49d03e1d329dee388d65d5e7c0c74727b081c7888f72b200a3d49a9f761a,bf95bd2924dde602b0439058a9a5d2dc0b0706ce8fa8cdd5430a9877e5010f69,f84e095c0a7fccd7cd7567a27d23b08a59b75be42e92233bb9c34074ce13311e,0.3889598340028897,r6_mse_matched
6,mse,1,0.05,0.9,300022,r6_mse_sigma1_lr0.05,66,ok,,0.6106156299305825,6.353138551400636,0.35584535072922546,0.10390684241293384,01132f8d76a31fb1533df417971bebb1e16141690bd2f32439d016369638852b,0236641094670eb129ba35350d11bcad44e89884a4dbed23ad8adf5e7b47c52e,74bd4c1b78dc4ef3febdf6cd36ec12d001dc0887f32139befd996e51bb34bf69,e0465580de50b7cd059a4eae5cf5d2525d6a3dc724aa60ebc9f6d037923873fb,0.39142891694791615,r6_mse_matched
6,mse,1,0.05,0.9,300023,r6_mse_sigma1_lr0.05,66,ok,,0.44496694595588626,6.036663922887163,0.37939181213140055,0.11116180095450036,8569b0c8c05e42f7fd61099236414ab6ce3713f6a415fa14439fdfd258b928ba,d309ac4b205e9879f73bdfe3454618e4b2f8674023509d75c5d8e5d9c6444e79,f2c20e8ee18e4a24bfb2ea1b17e31e53f7c2555324789f943c687db677f31d6e,2c4a7d25b0d7365a4b94a2e13057248cb26e85c8849d4f9a91f07bbbd890a0ae,0.39139020908623934,r6_mse_matched
6,mse,1,0.05,0.9,300024,r6_mse_sigma1_lr0.05,66,ok,,0.5814303648537709,6.118455734592122,0.35781131543654116,0.10805901726183544,0790780dbf8b15e4f2cdee78286694884ef6f0989269cd40dce812f11c818968,cac32651e1651a8f3598f530661e966484a5eb6d2555c9964fd8bd3dd7a87972,a10ba6f1d94beea18f8e37b26107e2a247aba7e0d0e3edc93c683197ab0d13be,4b94401a5504d6fbbc8a14d827280e1641f35aabaadbb9b744a39b2dc8da7d03,0.4162709580268711,r6_mse_matched
6,mse,1,0.05,0.9,300025,r6_mse_sigma1_lr0.05,66,ok,,0.5090866473970228,6.10891547650009,0.3850775025243012,0.11398294074719315,e6c0956e9a29de034cd0ea6472278f9f9e305434300df8b4e8f108cd08f26886,50ff6677861293934dc3f7a0e6bbea9c1b904b4976071959176694c02e0f577f,ebf975e58d10a21057202c8986c33de1bc32ebf374120f41cabc30841d882986,18c4abde5ba04dc682178311f215487ef177b189540ef30826978686205e8339,0.4197648329427466,r6_mse_matched
6,mse,1,0.05,0.9,300026,r6_mse_sigma1_lr0.05,66,ok,,0.42553516954875303,6.008490008509638,0.4331102717751503,0.1282006404454445,8259c7252ea55af17697ec3e92fa664cfff2cc2c62b2fc54f2eea6704162cff1,3ce53c419a8d2a98d1de9e36c588e27e9bb5fe7181e80c9c70731f6462d4cb14,82deb83e05f8724114f1bdc6a69119e1317b29e5d5ac0f1c40e476fe8fd8518a,8be5465a0cdaac0d6241516eedb9a6a30abcbe1e7159a1408196292a0bf9ee33,0.41364174999762326,r6_mse_matched
6,mse,1,0.05,0.9,300027,r6_mse_sigma1_lr0.05,66,ok,,0.5570427163949687,6.2002918443003106,0.3770055710326208,0.1142326880228841,555f7ef7f5300d55eab90b7abc2509c6ddd5a82433086073d518b2553e5ab635,a7d852e0006855682420200c1d8bf0f5ce4d270c112bc0971781ca1840f21e60,eb5f3779f7e83bee19c192d03c36828766fae2049869ee8c360d13873b345714,f238d7118e65f0f5be567d3aa478cd4c5afd12a682ba92886950dfa90454242a,0.3929220410063863,r6_mse_matched
6,mse,1,0.05,0.9,300028,r6_mse_sigma1_lr0.05,66,ok,,0.408685108188869,5.993952937075444,0.4170498032466443,0.12302969195776008,2c90d269abc02edd082587ca1c45ee3ffd608040bfa33037f48b60e800345af8,a6c7eca434b19ab72070f4331f4b1381a949bbc03165c5322c19b18d31fc02b2,0d69fe63c6b412c7208dcb5ae1c604db007c0b0123a00fc750fec84375e4e263,78eba904e3a74f7c31ab5a202bd35f0bcf45397d05ae17720ee608412204e419,0.40141662501264364,r6_mse_matched
6,mse,1,0.05,0.9,300029,r6_mse_sigma1_lr0.05,66,ok,,0.5161853059983976,6.121418067724491,0.3589265028180723,0.10767795084542169,eefaa70b2e4f9712c8d2fad79662c2cbf1b04130f1281468ae404c807d3d474a,1871ee4f3ec66be83578b8d08c9fe3fe9d7e22fc8fda48d8e405c13fa4ada97f,b74ae40212afd8ea4f0660da483468f2a5f6f6d7fe8096f147df2d654dca3bc3,1be52c1ed75a7ddeed2c9daf34012498c951e0bafcc5f0b036b881a73649ef4c,0.3944627089658752,r6_mse_matched
6,mse,1,0.05,0.9,300030,r6_mse_sigma1_lr0.05,66,ok,,0.43866612924948256,6.1899191091946895,0.3967944105798686,0.12022870640570019,689c46954bb970719c1ccbfa862609bf50d62d91f6ddf57a68b1db613dccbd89,a56675cf7971dee4a5708aaa7631775cc4ee0dbbf031c92437f8dbf764a22761,5789ca192d7dcc0ae0a3ef4cedb55d118ea497b10a30ce0fb0c2b977dec3b14d,1d3ee8ee968b0362ff47fd59618998a78d618e87cef9e1983f778adcfe167373,0.4432442090474069,r6_mse_matched
6,mse,1,0.05,0.9,300031,r6_mse_sigma1_lr0.05,66,ok,,0.4608890171607706,5.990366257158129,0.37940698228119557,0.11420150166663987,caddfcb37abf3009ea99deb5316e1db13d5b0c34c98f7fcd4ecbd61674891add,db3e5c14e5fd1b464928c9903eaa0097bdefea6f9ef8c18e0c4d0f68471578e7,27753c8ac8970e1421e4a6a03fffc62d5aa8c4540183a70373f285cb278a3002,fdc7d09bef1c52e67669666b037988bd9ab9a0ad33147cd4c06cb5c0223c7535,0.45329029206186533,r6_mse_matched
6,mse,1,0.05,0.9,300032,r6_mse_sigma1_lr0.05,66,ok,,0.5625091375628766,6.080460840423458,0.349574182630028,0.10627055151952851,0cafa4d93d49dd1f1f96e591aef2aa1a0071f194cff785af1ee2ce77d0de7756,04c9ef5c63f89d8d6e9b8a0abd0768718e42d5a04c327b4c018659155256db82,15ea293df2fff0e38860609fbc1ffdabd9aa290486352a176e14da3977419234,a2d06f0807d6abd8fed9a8f2462ebbb54c74206c418f6989f63a6acd6ca13db9,0.4639515830203891,r6_mse_matched
6,mse,1,0.05,0.9,300033,r6_mse_sigma1_lr0.05,66,ok,,0.5350655355778127,6.081193993652254,0.3746676685075169,0.11277496822076259,7856a8c79f49862d335530e7ecca990edcfcd44e2430b104e8e8b151686a6e47,57645ec48930a4c1e12aca637d5e92fbb621813907a9a2934b04b342047ed618,088fbd931fe961b93c28bcf607e09589b574c7e4d887f4f86bb4a764212343d5,aa7714cd4c97ba650180ce04529984b8fca7402cca918c7c2a9ddc00fa7ddac8,0.47194720804691315,r6_mse_matched
6,mse,1,0.05,0.9,300034,r6_mse_sigma1_lr0.05,66,ok,,0.39452147524667874,6.079961370820911,0.41265179708541727,0.11966902115477102,265709a031a255d67a159004510d8ae9eb9d1243c985ab835f322589dfcaf0f1,413113ebf5837c734743bc6fac245c377f6d4d765fe16dadcebe845b6970ecc0,919947e507cef50265be52785de2363cb5a906830e10047d81c23d360fda5fd5,01f725f4c0b30f51dc61f79cb3a50826cc61f8ba62bfd43e52c49984607f42a2,0.487065082998015,r6_mse_matched
6,mse,1,0.05,0.9,300035,r6_mse_sigma1_lr0.05,66,ok,,0.6443059117342116,6.222035396838532,0.3350964555201491,0.09952364728948429,a7c9f8da5f053c87a9def53188cd1c7b7f13817ab7c058c3a0e9a596c18599c1,11b8d6a0d4a74720af43b2d3caaba1e6a3f04e87c01ee83efe4d105817f577be,4b734a4f34491b2deefd6a3bf2812ba2af993350b3b2c933d7e24b5fa3a6e6df,f4dffb2a89b7f3f9cb1c450a3182e703e85d7f9451bc71aaec0fcda30318a17b,0.47569991694763303,r6_mse_matched
6,mse,1,0.05,0.9,300036,r6_mse_sigma1_lr0.05,66,ok,,0.3885445300305515,6.082395442610707,0.3824785737195185,0.11244870067353845,22e590454277a117e664fa941ea99ad8f30ebedeb9c6b160f358ccfe31a4ec13,4a1b30cf27c2d621e06e2bfd1f031cfb01554bf0205e819cf31f51918f94ce7d,3d283e9d0a16c32a0ad4216192433dadc41646dc69c85743fe9d39749fc79ea7,accabd3b99679e32f6ccd3ddc92fafa779867ce1428b0553ca6bd1cff7c2c400,0.4573843340622261,r6_mse_matched
6,mse,1,0.05,0.9,300037,r6_mse_sigma1_lr0.05,66,ok,,0.4372446267890051,6.139233015608874,0.42103855841215665,0.11915391203064032,f0968699341ec1620fba5f45cc467b965fd0a832614c2f270113853125578534,ca4f3809d1420c32523738a8167122c75bc9dcffdd8c533cc422527ec8511726,75712c62280eb15659b65154bf98822c2427a9ffb2fcf1e0b4595821a42be079,21acadc21b66d9f44419d64d947f3b65ae1e0351be9b37db87212f39cad3709c,0.4302488749381155,r6_mse_matched
6,mse,1,0.05,0.9,300038,r6_mse_sigma1_lr0.05,66,ok,,1.798769101729455,7.378975699411408,0.07169235837026258,0.021579399869449036,aff3f60d957ad1bd6b8c2456f9ee3a6386b8d361ecaa85f54ae4f6bfbddbe902,0d3833058011035bd683ea656900b18bdfa928d26ea9f2045a93b3f0902d7d95,6eb2ce209e17cc8dd96d26ff534bfd5ee2ade815b21acd43e4b818b4e62d7931,af6a86697f776ec4295c4bb440a8feeae7209627d01ff982ae307315a6bdb287,0.4274373330408707,r6_mse_matched
6,mse,1,0.05,0.9,300039,r6_mse_sigma1_lr0.05,66,ok,,2.7538347481349468,8.35216279209594,0.09763852335549517,0.02772934063296063,4bf06104aa241b940a7daf009513d821bb13b8169b7d99bebfc074a6df500c2d,d8907a883af4e8a955b74b01aee12100811c29821c76d51119f417e1dd3d9766,2e287c46a5ee79e02dacc80ffbb96bc6e0cf49d8180c848b65b73e01c6deb48d,88f28c0d23d661816158dc525dc0737551ae9775c18ce55d5a68c910d1388edf,0.4277798330876976,r6_mse_matched
6,mse,1,0.05,0.9,300040,r6_mse_sigma1_lr0.05,66,ok,,0.575047581937448,6.098177754401213,0.3406470294140712,0.10253475585363543,79798a2e527fb88ab17da97fc950bc934e74d76207867b2377edfac289c7ce06,6b14f0355647f998c5a55c0c33416830f720e50e7f81ac5277dd002a135a6761,d1608375cc87fdb19f69945a74a45db4f63b973f9be7875c9df37c6a1477ad6a,7ab2f661838a7a6e3ea2ef2ea88d1f23aa32c403e0c3c629eaff2ac37ce0e6c8,0.4299149160506204,r6_mse_matched
6,mse,1,0.05,0.9,300041,r6_mse_sigma1_lr0.05,66,ok,,0.40831611547768976,6.0640279166400335,0.37820209775305297,0.114217033521422,46829aa78c5762a9ceb54ca8863f3480de6482517bfd1e43afb0bf0bd89ee10f,5fe2e72c346db70edb03802941639391b013a95df940dd11e187db63f3e31d41,0e267490f3c2c6671d58182e56c81e30e7d4458c8378e45d6923268c70c8ee71,656b3ef53c64ab72e5361226377fc228ff80ad84640d2076bdde4e25f21099b5,0.4331051670014858,r6_mse_matched
6,mse,1,0.05,0.9,300042,r6_mse_sigma1_lr0.05,66,ok,,0.46069515497795394,6.138522069168142,0.3824427041529955,0.11167326961267468,d1de4d8d5d0089d4d77b163b6384abdb2b66b12058825b0360411bcaac5ee92d,c96616c67560f50dd3cebed2c47ab6cb33774c80774dc35950ae0077ea90dce9,18fdae4f8db78a816d832e20d58b97c1de48bc6f7f88ed6646696914c14ff600,ca6fe300ae738febcf5b495e8e214321d598c78333180aae3f0f5e7ddd7f9d5c,0.4748076250543818,r6_mse_matched
6,mse,1,0.05,0.9,300043,r6_mse_sigma1_lr0.05,66,ok,,0.3637869677582297,6.001421113830249,0.41340836230891675,0.11906160834496803,ef8e7bd25984576db7218ca16ec08bd0e975634b20df074f8af7de4fe7fbda55,53f7262f5cd4d611f0f38b893d60ff604847d5eca0ebf2e1a7e1e98ef996a655,5afec502bc786f658fea952918111d939cf155e9ace7e1baf206082f4330b544,48da9aee6737fbe6a3238519b6b3f7e28e8c86d2ed059792242b3d0d40ea95d1,0.45678629097528756,r6_mse_matched
6,mse,1,0.05,0.9,300044,r6_mse_sigma1_lr0.05,66,ok,,0.46686998450529776,6.023050532557862,0.37461998300392535,0.115382954765209,ea06d8f954be15f088b6b90d0574b59f97197659e1302f3a9a0fcf4587fe8a2e,b404b0e35919d04ba7b0a4787f4141bc945414ba3d55c84d25c5d179efb132dd,76a391884e2449bbf468c169e23aba86e65dba0887fe467417e273025fbfb544,a127083df63d48fb830dff8b560307c09b5c844ead89a30e4b58521f21927b92,0.4474073749734089,r6_mse_matched
6,mse,1,0.05,0.9,300045,r6_mse_sigma1_lr0.05,66,ok,,0.583380547284504,6.3116767699571135,0.35537101532627946,0.10447907850592615,2bd910b6630755e770f64ec326f47885a46e28caa1cfb2ece9898be6c52254a0,0d407ec9546bde5c8283677841f884df398b4edf2732dcb0e9dd9b8da082f3fc,9538d1aa342c73294ce7b8156249c51a2b6f1621d64fb424dfecd9f78b6f2f77,5da0d51bde8cfadecddbf602d90fe3e6855c484d83fef091703829bfd1927b6b,0.5588815419469029,r6_mse_matched
6,mse,1,0.05,0.9,300046,r6_mse_sigma1_lr0.05,66,ok,,0.36297035625535745,6.083078407738634,0.39499121324700703,0.11889235518734913,d5da4b35bdadfc27dd3908a7c92fc60c1ff033f7604349db35b46f48f15ce767,ff0c44f2c421e6eceb92495760ec4e53e943b09896522d93659840e35221af7b,d8f6d6f1afc684e3dc00c91c7608f064ae403613fd581aaccfced30090bbc48f,779cc7d93c634311b073cf38a8b4b25bbdb0eec56b431df84bcc70d49ef9b59d,0.5630912500200793,r6_mse_matched
6,mse,1,0.05,0.9,300047,r6_mse_sigma1_lr0.05,66,ok,,0.6296203100304084,6.174209927041153,0.3433350556738743,0.10471719198053166,ba80f6c2328d41463530a291329dc92669415ea45bc43bd361aa88ed368fe2cf,f19e3d15b50f8f8cce7c1ecf8cd85899aea4f5e9b0c50a8617fe9a8f75ab8daf,8f9190dfcd25099a9bd08935982c4c690e3ee10987b5f62e817214f0f6baca7c,b8010f431a2e94121cfc1706826363ffd14b10e94a86bba2d842feeae9467c77,0.5523350000148639,r6_mse_matched
6,mse,1,0.05,0.9,300048,r6_mse_sigma1_lr0.05,66,ok,,0.4727060732491582,6.115550274562591,0.4088760826530949,0.1214361965479692,2cebda7b822c6ea3ea437354fbbb1e7ca35303cc1db6c1d50b269ae1ad585e6c,b04449e3feda4928d4221f04eb43121fb8b890df6ce8d3100a7497b322c3cde5,e28d5233540073bd29e4381f76f6ce8906d3a61ffc8d3ea5ea1f9225f537abca,9dad9fa5459723cb238d1801eb538f878078fde0ca91d0174317c0f8a1f0b5b7,0.4246695409528911,r6_mse_matched
6,mse,1,0.05,0.9,300049,r6_mse_sigma1_lr0.05,66,ok,,0.4894815630065935,6.199370534575681,0.3602166174391773,0.10878541846663156,4dda00783c3e9dbc89186954d10259bfe245724c40f8919bf579a059889831b9,800ad9b5f0a3eabf05aa8276d0c4ca8cd2b65ace12abe3fcbd9065b9bc20280f,904e474c55bb7cc6796f3eea4a2496a8682f17a2a1ae5fdd368670b873a431ee,35b180a5ac99a6261257870e366d464291b49392631cd48b2fe91796d2891f9d,0.42014833295252174,r6_mse_matched
6,mse,1,0.05,0.9,300050,r6_mse_sigma1_lr0.05,66,ok,,0.606624177336961,6.264901655076979,0.37358160912694677,0.11207448273808403,390f2b6ed4c28899f7489d28d61acd3ab3dac981995fc19428cbf72154196d5e,0937bba965de3b29400cb0316413f15a6327a16e51075e2bd85761227b696178,c5fe3ea8d86c7d0cdf0b96e9f6235438cf1377b9e77bc169160e4547b5bc5dcd,882992ec0b734171a1bd48ee64f79433e96b5e591937ab4ee6fe17f58c23dc6e,0.4204909580294043,r6_mse_matched
6,mse,1,0.05,0.9,300051,r6_mse_sigma1_lr0.05,66,ok,,0.5449364171516735,6.245832327283753,0.37761972941354804,0.11064258071816957,40bd3fc16e77f7f16b4a4180dd17723bd6a874c87a2ba15961fb2d1de37f22be,3e8a74a0dae522d0d97418de854467a0d05ddd3958b9920af2b9026372da8f5e,c6ec9958d28f0d09e0034619da29818b6a30848631144d857349f34eed7b45ac,1d707469ebf55e87fe1459121ee428e3d280f943a27ca18f9ede273f8b06a1ee,0.4313010839978233,r6_mse_matched
6,mse,1,0.05,0.9,300052,r6_mse_sigma1_lr0.05,66,ok,,1.940317354664278,7.56827151319647,0.11370912196872905,0.03320306361486888,7ac760f36d6a12efcf52e8294de109c9d9887444b5e5cd9434e0ccb624564774,7295e148730692031f359fdf837044caacb2ebca1b6665c815a15a29ce443773,2965faa7bba695af7c477181057c12a109834695e8be9f938bbc4c6106d3e450,cfe6eaf81a119cc0417fc903518bc0818326f7baa406c1d3b69954acba87b83f,0.42851566697936505,r6_mse_matched
6,mse,1,0.05,0.9,300053,r6_mse_sigma1_lr0.05,66,ok,,0.4945845779615974,6.129760029485648,0.3649381033158703,0.10875155478812934,07dd12f5b5c72d4ce65bff27a2ad311d79b21736ffc2b258c075480649ce387b,d9852a48342447f1e59125dfb75c6b8b13de5a1031a1a2f49fcfcb34ff893dd1,3fbf12a2335c685760c9a7da04f357e930d2a6c8cec0a3f7cf99812fb31f631c,ccf0a435ef33d18261f34186564d59b26c8180e431f3b17bbb06bbe68c00a93e,0.422008250025101,r6_mse_matched
6,mse,1,0.05,0.9,300054,r6_mse_sigma1_lr0.05,66,ok,,0.572329550217631,6.267285893818426,0.3354147729915641,0.10230150576242704,30dd86d095ec5d698c4e2c00c27bec4505fe1de45ca78a4c77bfdaf9a1ff2a4b,88556dbeea38b9e3f76af13cabc3a013f5842a42df9d64f8a2f8711bde460ef8,cda9ec4b58a395c6a63f62bff10349053f88ef6e368023afcc6ebfa55af13ce1,4bc70d4df4e49d9fdc32083d27a844ac225483f0a028698cbf90dc8068aa65fd,0.4542804170632735,r6_mse_matched
6,mse,1,0.05,0.9,300055,r6_mse_sigma1_lr0.05,66,ok,,1.6360705540436586,7.331450986404168,0.21414365130926555,0.065313813649326,08251a850e5eaaf3bc0db7235541dd9880d2de7b33498b9b1ffabbcc6a82e031,16103b6a02a3e8dfca8c66e03d66f1b0e1227382f6ee949182c74ddd9c1d66d2,81c8bda5ef9bc415f4dd332a7d7160df8ca6fe0c33eba04eaa5362374ed9aa6a,1710a53b43cb233c1397f073c48eb67f36c35dea370744f0af6a1a55b0f98e36,0.455509833060205,r6_mse_matched
6,mse,1,0.05,0.9,300056,r6_mse_sigma1_lr0.05,66,ok,,0.42731335025916684,6.009750602703844,0.36805333553328934,0.11188821400211996,d3ed01aff926b25fcd5ab72720d1b1d98d64c483df418e299d719ddb69984290,28a8d7c637b0fe9a248ae3d50677aa2d4ae5a6c7369f00f0a65b37272e587765,8a1fecd0c5a7c6fa04d9e96767d5ecfa425560663737bd394f05de14b2ba34f0,2dfa551073d4317ed430edf1ef359ad4fb4ff4d58beb4343ae7dbc320a2a6a3a,0.45672254206147045,r6_mse_matched
6,mse,1,0.05,0.9,300057,r6_mse_sigma1_lr0.05,66,ok,,1.8782642992873813,7.532122282822857,0.11799669714310293,0.03539900914293088,46b86bb023c8eefe512ae0b282cadf490362356ee2bae4f1177511af1d02223d,23efabe96dacd7a930475e0fbfddeb62fc5649c0a94c45d1506afc56e10053df,bb23dcf2c612d453f8410d01d30d51fc1527c438111a3a75d31e45d652f2f144,65c38088d407e0aaecf1d45bf8dabb188bd1f7c6e8d094a0d2c05d252da0794e,0.4364286250201985,r6_mse_matched
6,mse,1,0.05,0.9,300058,r6_mse_sigma1_lr0.05,66,ok,,1.1511963704320602,6.7917397688311985,0.2620329415618305,0.07782378364386365,be54da548939eb34c198c5b8af39c6b40768c19f8c0894ee69a24207b6b465e4,e56069914c786018770bce1a7522f77d4bddd47cb0cd7f780c1e90b386a09398,cf4c30f082660d6bcf3536c74f01f5f8606a35c577bf75008cb820343fdcc813,5ad106124f73b8b6ec601082f7a3f3758e466b794345fa75c2c7e8c7d3c4c56f,0.4435989160556346,r6_mse_matched
6,mse,1,0.05,0.9,300059,r6_mse_sigma1_lr0.05,66,ok,,0.5018935209055722,6.053614884605697,0.38836278872701285,0.11573211104064983,86975954ea25afa24d148cd0d80a4f12817f3bdbe7943fd11114ef1e5512ca2e,ac92c365f27d645f30db1d16e6504134289e056b66e3d0432559610015e7b01f,0caf4c321e7cb267025c11ad1893409ed242aaed18430ccb82e8fb877a03a71a,926c66ca482a34a8360ee3b5977fde0d945e58fc60b5c8a6d9c9962f08ba1623,0.45047895901370794,r6_mse_matched
6,mse,1,0.05,0.9,300060,r6_mse_sigma1_lr0.05,66,ok,,0.49498454962552707,6.187256175245653,0.3817388238709671,0.11337643068967722,ef3dfa0dcce3266b8e64b5185906508ef9724df33f314b80d6e605d6a76f6e29,85f9e8162e8403ef1422e75acbbcb246cea4fcfcbf305c2aaefe1134d59965ef,149a9709d9e042067aeffabca69706e3f35b4871483d6b058215047a570b561e,9976a70fe827dc1ee6c5ba945f14567820f1191a0bbc059ea698ecf9d00731af,0.4773035829421133,r6_mse_matched
6,mse,1,0.05,0.9,300061,r6_mse_sigma1_lr0.05,66,ok,,0.504026576587796,6.082617435331655,0.39794856028939396,0.11739482528537122,cebafe01e6af0ee95f79d83a58cf7c3e9005f4eac4718eaed5302c26f67536a5,a034bb4db5a0ed251a7830b45b049184cd6466ad4c690b2da4604f786ad3f27f,aa0b4cb9a4aed22558dcd9ab4ad6708290363b9f202dffb828767aeaaf149956,af2e8d89957c07d688d308c596cb1a068265bb9ecbd91891ea165f97a8cb1c1f,0.49059625004883856,r6_mse_matched
6,mse,1,0.05,0.9,300062,r6_mse_sigma1_lr0.05,66,ok,,0.3632102561159173,5.920879245016342,0.38183677581434516,0.1176057269508183,b31435f2845f9ffe580f90ef95b59358e3d48dd35beec15b8d9a352d33daa705,d7eb8769059fabae7482833a3bdb6411efc7b8bbc9dad9030069e8fb4af0376d,8c494eebeb1dd11901cd552131d93113493560c93686142d2ef6a0cf63718a04,a4d3bf27604f1ccc5e440f04469600d7b3b63bd67e1f358969d160f8d7797693,0.4759457499021664,r6_mse_matched
6,mse,1,0.05,0.9,300063,r6_mse_sigma1_lr0.05,66,ok,,0.4134798993676959,5.989927841715218,0.38995168714486894,0.11191613421057739,d6d2c5ebe7f763691e03746a41367e5be0344eaf5fdc66167695a8638bc42d03,443b43e8d82c93a9b6859f49bc9c1384d25cbd44a30cdd875c6562dd650ff6ff,63a49ca139966fd117cb0d1574a6c653f891c0d5bb380ecbfb748887372c093a,bf95635453ed7d44f59ed2e5516831554ae86e72169207d9b8a969b275d028da,0.4276812499156222,r6_mse_matched
6,mse,1,0.05,0.9,300064,r6_mse_sigma1_lr0.05,66,ok,,0.38472987885096754,6.00806353122234,0.41815117494961773,0.12335459661013723,a2279af607d348c7eb3e3b3dc6d4045842a3e1c8cd56db71ed3c33fdd34d83ba,2d4cb5b9640c9fd1a8540366892d9096ce2ffb3b0448e9de439604e97fc81b00,a60d6ff3c236c74883f3d56d9513fe6b82356d9569548a0f505587ce60f15124,c72593111113ce2373252ba4f98730c202b93511fdcaaf28979571d2e8b27cf0,0.4240273329196498,r6_mse_matched
6,mse,1,0.05,0.9,300065,r6_mse_sigma1_lr0.05,66,ok,,0.4932483841119518,5.971816257917517,0.36654264542147086,0.11179550685354861,1cfb2f28eb8cc948dd0f1611cb56cb4e6560995412560e94f6b63dae98e6ad18,5880d14001810cdd467dad4ebafe5b0d6e501f3f570a4df3600f1534c2b7616a,83a063c9facca304555c6b75864aa3c0435015950dd2be247def8e20db5f93f2,43c8dc7e4c6cb333c063499d51f2e275406f4a2e1cfd2d831c389c44efd04a8b,0.4190912500489503,r6_mse_matched
6,mse,1,0.05,0.9,300066,r6_mse_sigma1_lr0.05,66,ok,,0.5572687884445008,6.199428410035421,0.37992835218601495,0.11093907883831636,708269c9fbc27a8cde579e683a6367880c14143b935f4908ad90b01362b99244,6549ca8b41b89433ed9700fa8e4e609e210451b9c7ebfbe6f1edff98e603ef32,12734b4ddd70be818e51b8789118d4874bd123c61546d70ac001d22e1c307a87,99363bfec406d2bba5dd94415bccea97752e7b3e1ffb6f5cbfa41b1579fda56f,0.4186090419534594,r6_mse_matched
6,mse,1,0.05,0.9,300067,r6_mse_sigma1_lr0.05,66,ok,,0.38426858033064254,6.012946441985705,0.3784025565754178,0.11352076697262535,081f0a8188505511354ed61a498396ca9f725e574fcce6253e57e031ed00a1a6,e1589b617124f4cb79e463a004e07e664bcf84d0d57ca0ccfcc221cb90bd6916,4f1d3d78a800b087a806b58eaeb48b3137b97b5aaf06c8d22e51da8fbf7d08da,102e5d5035c0b56a5e05cf51ab0448cb587fbd8a90e7f419705ff7db5323ec58,0.41758583299815655,r6_mse_matched
6,mse,1,0.05,0.9,300068,r6_mse_sigma1_lr0.05,66,ok,,0.5496511740906476,6.123639160977463,0.3685289998155375,0.11203281594392339,0bab71e6eca3d3074b94363a2595e397768bf164f5737259b49028335278c69f,2352320ecc2428f76669b117992f88aa230efa0f74713ebf4f0d5ba8b32e0b81,5fca900f4af2e535b7898aeb9242c9b7621f4a6aa072cfcadb2f16fc974460b5,3c70b21e8f123b9a8be4b5153a8b89b0fea3b27f8041edee8df64d96bcc07314,0.4220014999154955,r6_mse_matched
6,mse,1,0.05,0.9,300069,r6_mse_sigma1_lr0.05,66,ok,,0.35798297872832907,6.0447860013878705,0.37233880540064174,0.11170164162019251,6174d2c5d4074cd59901346d33d990e3b06dd344d19303a5a61f4f4ab30feb69,13ddf607a526199525f36e82d6ec66fb92b3b4a84d3eab35ac1e71aa897d1d52,bf337414c9d11ba76dc5a02e23a98ae70595c30adafa2ef439346f5c9dc669eb,42771ebba1443d94d888d0ec593abf0698690ed7ccb2e51afb426961cf602372,0.41397024993784726,r6_mse_matched
6,mse,1,0.05,0.9,300070,r6_mse_sigma1_lr0.05,66,ok,,0.4090103712444745,5.944023846290256,0.38057004277340256,0.11531272296034098,f634cc4e2d1c13934fed7a89e1dc9feab288a32e837cb405f0cb855949395708,ccdff70c19143dba1653dcbb3dbbffabc6f7f1c013b1dfb8a1e39a9aee3a3577,f552c7a0e43e097228a54293029eb471f79082e8eb80ba9538c3da13a469b216,b3e65b0ebf3ef4f119378502e81fe9d8373f80ebe505a7a915f0efab066c9fef,0.4117484580492601,r6_mse_matched
6,mse,1,0.05,0.9,300071,r6_mse_sigma1_lr0.05,66,ok,,0.46506487344916214,6.0046715346447,0.4021531888674813,0.11943949709364195,a7a631ebdc901b6d1afebc5883b03deed2af77787993e7c43d983c2bd7ba4001,7a9ef81ad7224233cc5cb38b965598d9364349ed4072919e19c10e80bacca046,876f2196277e5cde99e423ccc7b42337a92cc2198a9d570dd61f1bbd1f1010b4,785070d27f7f5ca0e220ed9811633495b3069b501ba8930d8a37fdacf6bb9c2d,0.4086893330095336,r6_mse_matched
6,mse,1,0.05,0.9,300072,r6_mse_sigma1_lr0.05,66,ok,,2.0837200283119115,7.759490821831601,0.09299374246016293,0.027433154025748065,29476ceb6b9c7bc9a00c948025fe869f227afb88b4f615b258137802f2c3d508,d2f5e742631b619a124a6e2d35a067c5b263572690ea3f3a50c8fe4ba810e605,1872fbf5145f1eec068cf1358d435b547bc62e827e7c7d79965a30d5a5568465,4dcec544102bb5be60e22bce7c1fece98192305cd23c92b61760ca0848057c8f,0.42333495896309614,r6_mse_matched
6,mse,1,0.05,0.9,300073,r6_mse_sigma1_lr0.05,66,ok,,0.5716106525288481,6.007087217198553,0.38547610863818244,0.11448640426554019,94d96421ca2c1b509b027b228ac8292f226d27321b9fe81c04af907c5f10cfcf,ea343b04223be8eb207fe79b900dad6f48ebc9d78b3bd560a6b589d849c18632,752ca235734d3463072b13371e8c282a8ccbe3ad478d2ae30596d2216f4dd0de,03eedb56d87917b3aecf369c656476e7a3b07f55661c8f8842d72ff4561e4a15,0.4250244580907747,r6_mse_matched
6,mse,1,0.05,0.9,300074,r6_mse_sigma1_lr0.05,66,ok,,0.6538323281013038,6.393727640977506,0.3440382810242196,0.10389956086931433,f2250eae7e757ccf0386e915268746609495ba31fce4b4abc9a865ab6e47686a,5ac414598748c0d70db4857128449cbde5756407a395d592f1e8f0d8bf4b5c79,a9c65b94a045c2b4bf1ac6b6edb461830ba947144a38ecba2ca3688c8c195454,e031c3780dd86cbaa8e648c3f5a2c9976a83b4fb677a9a56ebd8735a11eb4b44,0.4217110830359161,r6_mse_matched
6,mse,1,0.05,0.9,300075,r6_mse_sigma1_lr0.05,66,ok,,0.5366563985354842,6.114813060362533,0.37283542060344416,0.11185062618103325,7dec063783091bc2e04a4042c3c3773b5ade267b870931cdc8039fa0219f28b1,a25c1eb5d376fa0b58834737109ce6926d29c8f0a8076020763734df14b91a56,94c6b91a40a456b38721bb29354accf167b73d0201a36ce3b775ca2c4f200c9e,7676ef20e255af5709fdae6b2cf07e19403f2b5ca272bfeb0e926e11a5598a2d,0.41510354191996157,r6_mse_matched
6,mse,1,0.05,0.9,300076,r6_mse_sigma1_lr0.05,66,ok,,0.5889154695361718,6.274386227836293,0.3691563607535613,0.1066861882577792,874f36301d93b1a5bcbfe168684f14c2ae66efa60b0bc3f6963cb38d49893ab2,a30bb8ba2fa3f25d8d30198f6baa7b531b0290bf636c95bff3cdf4e85021d3e3,9bca2722503dca0447458a57d72ca9adfe0eeffa2c3c4751439aabc4fad54970,2b76ff5e499f07a58369df060e90d69e499ccc0bef16939b02911e37a49877e9,0.41513437510002404,r6_mse_matched
6,mse,1,0.05,0.9,300077,r6_mse_sigma1_lr0.05,66,ok,,1.7398303535282813,7.264531596317058,0.13096765817548972,0.03981416808534888,ae4b1717c7ab36a8bf739e3c3e609f149fdff4c16f64795219832d1bdbe563af,01468e53e4630aac84262b5039324698644a6a60b78851a2244d2d5ca7d5cb3b,2543a65e9e18fca475db28b8fe7d59bf15081a2094af5308df91e95107ff36db,65b858fe6ba3f9d0e1d6a59bf86be831aface9cc204c95ec2b1989f4daa74769,0.4131434999871999,r6_mse_matched
6,mse,1,0.05,0.9,300078,r6_mse_sigma1_lr0.05,66,ok,,0.4575159932068508,6.06792832183629,0.3752804774708081,0.11220886276377164,fc507e05a21f23918e50d7f9083a51ab150f87ca134cd0efd7c9b54191cb9adb,7b9ca0f5a4d48af552fac2e70ed042c3545b15fb9af1361947503fc8f8c0cadf,fa79f3ce7dad074acaf5d472de579cc8c943f5d342852e257b5d734bd50acd0b,c98782a40587cf286e2407cb4af4ce3b5154fe8ff127a5460957617968a4ecc2,0.4285289170220494,r6_mse_matched
6,mse,1,0.05,0.9,300079,r6_mse_sigma1_lr0.05,66,ok,,0.6333887576732182,6.358934669909174,0.3640028903091945,0.11211289021523191,99e3cfde53d3779687e41c4889b2c25c000b0fcd2df380100446ba8715eb8ec8,671c1c32f5796c76ffd63fa2ee7f179f0b0fbb4e4d0a1e393c4129332e01d5a6,103845b6b6dcd45a3e2573962843f6fa7cfbbc5ce75609cf515090f94e9930ee,aec3e8af512682ee27752398dbe0ea948e7f828c1010b0a99fd695f7455bdaa4,0.43387158296536654,r6_mse_matched
6,mse,1,0.05,0.9,300080,r6_mse_sigma1_lr0.05,66,ok,,1.8800193855060305,7.510130967706853,0.17410727582303556,0.05170986091944156,0e3d960b755d50f9638f138ca006e5501b07ca00e96338156fe514e01912fc98,1cbfac2f19d4c0ebeb40fc9e4eb17765a40b7e9b64b7903e8debdd4f6b207474,da3d1a1f09ca204a2c60964a4ecdb1d53cc4e7f16147526f73127eddf8125398,e3df39d667b6f61acf6c83c5e4128249bd2236e32d0394d142056923447b8754,0.45095499989110976,r6_mse_matched
6,mse,1,0.05,0.9,300081,r6_mse_sigma1_lr0.05,66,ok,,0.4928328698423631,6.114408083400156,0.3677140138779405,0.11141734620501598,ba2f638e3dea8ab3bc59b28079c678391c132e83fd9186ea1da00b1add31d0c8,1a216ec3f73d111315128ec3ea4d639c9921edf923f3131c1bf95862d334f31a,747c89f42a8cff10b2b1c386c4bea876ff098886db062cf9613b0dc5b8eb5389,ba6dd5d0a15463d1eabd6838271f0bded280b243708bf3e91a908b5468d85455,0.4304766249842942,r6_mse_matched
6,mse,1,0.05,0.9,300082,r6_mse_sigma1_lr0.05,66,ok,,0.5233418710053218,6.1800248525686285,0.3802283380858097,0.11292781641148548,6c99cdadc1611e488d48953877d470202aead6ee43dd801e550e79a6bd0e922d,7d0c04aaf56cf065cabc2f4d8c5c616d73547978bc744188c58727f7bfc38976,b7b5c9fd0cf22301729296585af7b035c571bcdd023094e999ab9f2ae5ba1802,776c104e655da8616a7b69eeea359edb639c950f27b3e3bbc9d983b3bfe03b72,0.4218232079874724,r6_mse_matched
6,mse,1,0.05,0.9,300083,r6_mse_sigma1_lr0.05,66,ok,,0.580674271813012,6.269538221891774,0.3571685066094594,0.10500754094318107,fb2734f5bab358e14e01f2c8e72617ccdbaab144d7802f2c8c60ee7f1e3ed644,84c7e32ae9100532c76001d8d1c47683e020e8e4c9c3cdbd4666f567820d7dfc,84a168f2479dfb207e71f1679166fd40135f71d843dac3ecee172b73ab3d4917,67c0faefa97fcc72f26477506816687665b0308ec24257faef92544c76436c8c,0.42408654105383903,r6_mse_matched
6,mse,1,0.05,0.9,300084,r6_mse_sigma1_lr0.05,66,ok,,0.38176673930922583,6.028587978409882,0.4131745192061917,0.12353918124265133,307f937ba084b91de860668af0fb0f69372364bb6ce4fcef6c017c30674f17bb,1cb069d54206b5c7c80fcb7a9417feaf0b8aec9e6bba2eabacd8a44cb5aed089,671b6525c3c6d4fa7a8338132fd3e8e5103d874287bd63b35cdb73823c953f61,724c14171a1de61d740037822a9f9ce23be5b731db93706cdf79c1a1967780fb,0.48308120807632804,r6_mse_matched
6,mse,1,0.05,0.9,300085,r6_mse_sigma1_lr0.05,66,ok,,0.5045020743605568,6.163446978047758,0.36700624202584603,0.10973486636572796,b7bda8f1c6157533107318b4929256d5284403e4f9593ef909e880530d05bec6,8f4efd48e45a79dd017a1d7a311edb86e9da535faee03ae1a88e4a1c9590a97c,b9a1c30619753b609087d31c5f6bbd603a3013b6cb1492207a95405ca28c6ba7,f3cfc7e205bc3586c120cdc176289611038db3a902be3412f08c42118708c512,0.4958662500139326,r6_mse_matched
6,mse,1,0.05,0.9,300086,r6_mse_sigma1_lr0.05,66,ok,,2.5639505766389696,8.088007344585996,0.0972650874129578,0.029665851660952133,7dca81a4c91012a56cee488c1a773d6401a3ad74b9a9405b00de27a2cba11f3c,e0324572697d072a56ed3c04da591c40f89f4e8378187195dcece0e344b2e000,4d97813142dcf97c8a611299a9659fdf6788ab740cc16dbd926646e34b916163,c92052e7aaaac93b0e3289e1087ec000cdd4172d7282df4d249bcb3ad08fee38,0.5096939590293914,r6_mse_matched
6,mse,1,0.05,0.9,300087,r6_mse_sigma1_lr0.05,66,ok,,0.5529723992370371,6.201492580011538,0.3612155329781084,0.10872587542641063,2cd875bdde423eb1353f1213770192b7df8bd876d40fb1aa71d29f9f56f00fee,5e9e38ede140f2d6f39e4d2630dbf7e98417d17a2d266b77b6dce2135af70253,e99e84ed987c73be34374c130effae2df712f150cf0634b138095223bdda706f,15e5fd96ad85c4f2f96f7005fad75768cef852103d1181982c545f2c177e0184,0.4243914170656353,r6_mse_matched
6,mse,1,0.05,0.9,300088,r6_mse_sigma1_lr0.05,66,ok,,0.36635915113939316,5.979534347253682,0.42361584390765056,0.12454305810884926,0030bf09b7aae09d5ca485e801a912df314636550145ceef5f18ad2202a69b51,ed7150770cccc71995eec6416e5eb8942b5187c46bb88744c3cce6ecfecca45e,7fc251d0bbd15bc04ad54aade468bb2f50ebbc58967bc4b87ca13e7729559fb4,fb17c46f28e6b1d410acac8f0a8d4091e95a36fa013ad4a5cae7b2c23fa5c51e,0.4189652500208467,r6_mse_matched
6,mse,1,0.05,0.9,300089,r6_mse_sigma1_lr0.05,66,ok,,0.5003931797852779,6.07146327747059,0.406475183149713,0.11625190238081791,c661e54b95aa168b9588f9db764694b9637b19b067f1ce1ef87d834330b73929,60508639f832531b067f6ff4a1f52ad903eb5f468fd6de942af85d30e535bba0,367cf5b38b737aff08538fabfb5d92013302eb31e5ffc55820e034fb66218dd1,e20c63558f10e1e982ac5c051977a01c84bef97dacafd38d2e08e25643024cdb,0.42236762505490333,r6_mse_matched
6,mse,1,0.05,0.9,300090,r6_mse_sigma1_lr0.05,66,ok,,1.5616657453014766,7.338072033391856,0.16286391957283392,0.048207720193558845,98cd9fd3f5a0edc83a0ad4fddaa12ced64d760278d475564fff1f1c5dd73e084,eb3f6b474d6816be6628e288f25ada76b0f7d91970b57b91c195cb1a75bdfeb0,746ba07d9794f8e0cb9ca0a9c10dfefaf2539e7b86fd26098f849a4cc53acdfe,2f1f59a2c7bce9fadfa268731a9f51cf7c74d74d4298a3a7fa95c256e9ea5a98,0.44854629202745855,r6_mse_matched
6,mse,1,0.05,0.9,300091,r6_mse_sigma1_lr0.05,66,ok,,0.4572419368982971,6.169806106835156,0.3998506625594626,0.11795594545504147,3ccc764800bf27bb75e2094ea8a123146ca3bde83ec7563c79a484f44610fafe,6d41cf29ae36d582d46a36d3d13ff7bf618a41b289a91760c47e508267a1e2bc,a533eaee2259cdb82e3899fbcbdc35924f90124e0f737799c83e5cd1f63080ce,36c8a8646c12aa4df95e533bb8aca8f7d4b6f2f859651a71ec8bce845cf2cb68,0.4664742919849232,r6_mse_matched
6,mse,1,0.05,0.9,300092,r6_mse_sigma1_lr0.05,66,ok,,0.49167135990452154,6.058438945244485,0.36348710017220287,0.10868264295148866,ba3787eb400695bd780a7f47c9aac7da4c6b2a214e9244efbf6a555d261b6db2,312c1762699384512ffe8b45d038321bb9111baf907d3b4d299e58986f587df8,fd3c1426e8cb4d011029761ace4b2b96b21d202d5b4281e0857ff9e7624373d0,bdfa8a5b29cbfb141bebceb4ca8eda48e03e52371ff5e9dc686b2d5bcb225a54,0.4787155840313062,r6_mse_matched
6,mse,1,0.05,0.9,300093,r6_mse_sigma1_lr0.05,66,ok,,1.1150232662285684,6.714778556215568,0.269811936343705,0.08229264058483002,a7c87e334d754c35efcb9e12ce12b8d5ba21cb97c762ce1c5240cb2fd48ba9c4,3cc8f5d36dcc8109c4741d577771dc446ba604413af58962bdcbf19baf2f0dc8,8873170ca64ff40ac0d386fedcb06dea50b9c190273133b53533f8a039b33e53,918d9dd0f8fe76e0d83d979ee33c7e1cd9fd9bc2b7c78dc9729431edeaaea038,0.4456571670016274,r6_mse_matched
6,mse,1,0.05,0.9,300094,r6_mse_sigma1_lr0.05,66,ok,,0.5437540621932699,6.170870432471307,0.3692822166741937,0.10967681835223553,fe0cb28c5e5207e0eb8d04b69d0a192adcc44035ebebbf0a71afe93c9c1de479,0cd090b78186e5e94dddb02b661a53946c90c56c0135969d592b1a63ed8f5b05,5152f7ab471d2e77376651c74bb7777a9571c83ff56ddb91b1d03af2f11cf405,88d288b2e32a0f69deace27464ac274ca5f15a6a5df39ff9a5b0b306140a615c,0.42861049994826317,r6_mse_matched
6,mse,1,0.05,0.9,300095,r6_mse_sigma1_lr0.05,66,ok,,0.49703745949315925,6.085257207048824,0.3786649325594187,0.11397814470038503,2b1d3f506c8358f83f3f6c4c478ea6624d3260edd10ad6d1d620211c296428f5,0645f2857cbee4f45e0679741b4cb95e945e216de2bf7f7e7ec41b2cda9c8c36,8a1c4b5a9a5942de4ba79aa7cba94f6a0b7484ac2bbc05ecf8a3529b4ed8ab48,3f4d83a75ffdaee40d7115a7b2fac769f46fcb930b56db946aceed252d347a08,0.42475883301813155,r6_mse_matched
6,mse,1,0.05,0.9,300096,r6_mse_sigma1_lr0.05,66,ok,,0.49191900997311594,6.153187266902245,0.3676951327953859,0.10810236904184346,a8b2a6d596c52df65b7d82272c0d81d9d2c9c77626ad4d90c15fef87fa6ce7bb,a2772ee613085871d2c6c6b322c84ca766ff812bd99d4bb412f81dcb90de15d8,11b37067e5e7b6b05fa6c0b6c968aca27c45f4a07fe25d84ac1159284d8e8f89,b8b0b8881b82e0a087f645bb70213f701c563fc17f0def708a21730a9acbd0b5,0.42237520904745907,r6_mse_matched
6,mse,1,0.05,0.9,300097,r6_mse_sigma1_lr0.05,66,ok,,1.5037598978228617,7.184720061271269,0.19856172370793582,0.058178585046425195,6a58ea514372c71630cb99b35cd8e07be887fa6911b53f19b5d704732fb75bdf,e8c8a21ce148719bf4d490968666825c456df5cdc48f065ce070475a9f61b2a5,408ec60a173b32d43c671743950d22b3fbcc518181ded82ef537decf46ee0c6d,21ba4677ee60b35d83619aeea6fe62741d95afe3aab4f68a815c9b5c8fd4655d,0.42630279099103063,r6_mse_matched
6,mse,1,0.05,0.9,300098,r6_mse_sigma1_lr0.05,66,ok,,1.5235524373909028,7.1635155079840915,0.16251438589659903,0.048754315768979706,998122d28dd5e545db51a6f7b951f9827ea9260ec2b0d92d5c37cb103d0ba6ff,cafbcf058d29eff2ccbf8b9b9b6915872acb9632484a9ed2be13751a7165618b,0e2d682e0f3b7823752766f88040994c84279aac8b86b0ccd6c2db8c96858532,67bdf3dafd728a30c41648ed3b3bbca219e3aff9e71213edb93c1b65a8acd5ff,0.421903541078791,r6_mse_matched
6,mse,1,0.05,0.9,300099,r6_mse_sigma1_lr0.05,66,ok,,0.6578474569552891,6.287885076233625,0.3722268229087493,0.11315695416425979,84ae2550cdacfb1a0c04866f5109d582dc8f9d46f21b0b67a1fe731269b4c984,bfe6ea452f11a0df7fc9c4a0f46f997a12c5f847d7cb575e520f403a4bf425ea,4b24bef303469885eb85d79f9574f3f854ff1fc98903af707f3f9a593849de7b,5c1ccc057726006978cf2b34b8fb1acb4bf3d2742633598fd60d09bd52721510,0.43396962503902614,r6_mse_matched
6,mse,1,0.05,0.9,300100,r6_mse_sigma1_lr0.05,66,ok,,0.5340111091450117,6.1079003328478585,0.3821453877772165,0.11311503478205609,79ea598cce16ae26ad8840b1327ff8de5d21fd4d9430d25e5240651e7af36883,c6cb13adc09d1c9493e0525b5e9c1857602686d97269e77f2bb4ddecac2d9281,4e0864318ee829551837ffe5fe3d66e90299499dac73e1a366fb445892b61f9c,0510aa10fb38e5187d8dcf951d2dda75c05811565faf89967c4f38e222dceff0,0.43325745896436274,r6_mse_matched
6,mse,1,0.05,0.9,300101,r6_mse_sigma1_lr0.05,66,ok,,0.3980943446958881,6.061862631191252,0.43393649570596915,0.1293130757203788,0fb83b7408cbc1aaa63ef4f097d2d4880365ec38387ba68f6e8c06e44ed382b4,dceb90c9b78bbf6b549b8ab484f361187309c14504d742a94a4f018d6ff4ff8f,99cad4572e3be37de5de9ebea1af6a6bd8e7f09eba7193c208531028a0aaada6,e089c62b93461e55c96abcbb31e490e3053a834ab77f79b49d4796437b974aa1,0.42477195791434497,r6_mse_matched
6,mse,1,0.05,0.9,300102,r6_mse_sigma1_lr0.05,66,ok,,0.4568284399957959,6.099001318221738,0.35890877453083725,0.10731372358472034,e006b6489056566299e5317c5e2b106d8b7edd9487990bf6db04060c6ac36307,e07ce9fa89fc078461c503cf21016be917062050bc58b8a99684204e3157ba1c,9c756a3d25cb685dfc0a627f89c204bb35f74e01dc9ba350c2004fcc39b435e0,8565a1507b1d91c899fc3b572f5f211371587763684167870e9d84f220e29b24,0.4199049159651622,r6_mse_matched
6,mse,1,0.05,0.9,300103,r6_mse_sigma1_lr0.05,66,ok,,0.3957223908878533,5.970681901272149,0.3813000014843891,0.11286480043937917,84e90d70cb6e50e4307e53a36b76f3648b8d6250f46defb308584a6065977352,f00bf89f1900623e01eb9a58b0cb70f1bcbb56703e588050aab3210550b31700,f49351e74453efa8d509ceb5de71f8ce765ae26c27216c7aa45c8e4757bca7bf,a1f95afbf85c27e6c97db904192114e8f1fea86926d6467e2a3ccc26d3d046b1,0.4194713330361992,r6_mse_matched
6,mse,1,0.05,0.9,300104,r6_mse_sigma1_lr0.05,66,ok,,1.1676981000269078,6.880011254493575,0.3265029818672688,0.09631837965084429,2c3887f0f74ede3f0dad59dc0d44c3389907c03911f67ef27c1dc5383e7ee93b,23cf924fe429906fb077746ef8a5906c8fbd8ade881ed87a2d573bfc29104d1b,4202a7c38b74350de0c75e71d1f62be1794a0748545df24247ecad905359d73d,2360b01ba0470defdcf2cbdfbee2e432035dd477e933f511967e7823daf63da7,0.42344675003550947,r6_mse_matched
6,mse,1,0.05,0.9,300105,r6_mse_sigma1_lr0.05,66,ok,,0.632341491101353,6.235357127585201,0.3895803670191426,0.11453662790362792,de0ebb6b14e2d450cf1bf792fc262365fb3d059482fdd0b5f214736a7a740690,ca39052c1df6c96c8cc1bb2d62654af1cbbf1e3f5b76fb2794c5d04b41e0a09d,ffb7a1762afb3e5e37ddd1f00aa558db748f3a36d2eed3def2c8d51fd2760688,9b46824bb52ff7d8fe6fbbecacb1d357edf376137d4fb36569e7a70cb533b56a,0.43378141697030514,r6_mse_matched
6,mse,1,0.05,0.9,300106,r6_mse_sigma1_lr0.05,66,ok,,0.5070328526495697,6.105863024279097,0.41717377644919557,0.12348343782896189,ad033ae221c957f89cdf90b8ce75396eb58cbb69b99f95a7271da6cfb9c35e37,745018b097730ce74ebf95cf2852b9b8067c7d69379762899184116cb2ca62da,fd3fb6134812ab3b6a395bbe4fae83ff9d54f9311f589a2de589eb766c317711,53a0bc2969af5069ee477c2b133718fc888e1f9e76fdbd8fd2ad67e2e999d915,0.42933795892167836,r6_mse_matched
6,mse,1,0.05,0.9,300107,r6_mse_sigma1_lr0.05,66,ok,,0.45076818647780786,6.054494072416134,0.3990053456218014,0.12010060903216223,6aae500dd352d571784f86d0556e3fa32e53a656708e352d32656ae1efcba352,15b994e67211c5c8a53560c6bd4c76368bdb22ea10aeff9b0b4fa3fe26860262,da91b2c15873f63c1a230a8d67f6b224f4c4df9dd62b0c54b3c0f00e3c4d08d3,a7b39f6da608be60a2e515bd4433612ec10dfe6326b1767ac8af730e50257346,0.4290340830339119,r6_mse_matched
6,mse,1,0.05,0.9,300108,r6_mse_sigma1_lr0.05,66,ok,,0.4652219461961325,6.1550714115229255,0.4017646889226979,0.12052940667680938,41309af3394399959ccfe27b376380ece9eca6d3297ce2213fdf23e9a6d2ac93,d97074ac83e2be40bde748920c734d9759162fbca1875f0f21dc789ac44c5a1b,ed15075c6f0bbaa0dbfd618e49585ea8710ca1bb6990788a4838b3890a1a4f51,b9e1775cc206d31049d6cd432d60c8475f6ca563646cee3b385962493a0ee432,0.4224528750637546,r6_mse_matched
6,mse,1,0.05,0.9,300109,r6_mse_sigma1_lr0.05,66,ok,,0.4529569497527255,6.087119715281402,0.4149948814713204,0.11910353098226895,771fcb9213886ea1f967979f6ad3fe3f6fcea304f2642dad6194341495a315cf,927c3658ab546714e54b9ee0f95b97c491be86f54c7a00bb51e6e63694563370,c3d982fd33888ff0cab3deb3e4da996e6f9492dea1cf1ca5c8057d98bff412f8,79a77ce221b9bcdca49b1c71d635a50aad83d976bfd6d1a3e80be358cfb488a0,0.41966254205908626,r6_mse_matched
6,mse,1,0.05,0.9,300110,r6_mse_sigma1_lr0.05,66,ok,,0.5349047932809122,6.228614470576243,0.34087554688318505,0.09885390859612365,cde45661617a288f63ac7c264248a144b6191f42bc1653ad3551b4b4735ab87f,b99d2d6fd8b683d6356cb6d876c164fe9843b9e33fe8788befbacf4ca22f0c2d,2c6664d1f44412e3e549e3b88f6ce156a781bd725e2b35d71699fd85cecab9da,dd2c4aea82829dd708bbb6239d55a6e86cf87e24ff833ce3bc94ba6909dc9931,0.42554433294571936,r6_mse_matched
6,mse,1,0.05,0.9,300111,r6_mse_sigma1_lr0.05,66,ok,,0.42917831745083984,6.185718868558079,0.39561335351993604,0.11591471258134126,e133603627b2009609a3aa5bed97281a6cbdfca6a7eea92a419745c7546dcdde,f7c0162fc827424ac8388e374e078e13fff35507f602aa06f4b2996d6e484025,5a3724fc214532856832e6d2d1b52a77e4d66c3a97ee024d9b03dc07fd5b16f4,c3143002eaf8cba21b40d555f445825893a34880e8e8efbca97a2f4025c60941,0.43858087493572384,r6_mse_matched
6,mse,1,0.05,0.9,300112,r6_mse_sigma1_lr0.05,66,ok,,0.4661622045064243,6.149244426210123,0.3632537639967071,0.11042914425499896,644bacd763502337e0035239bd1882a2783d5b5a05ac3cf964f3ace18d859473,317341fee9a89e62d763d3abfbb2be4f20cb86c2022f5a63ff588b0dbfce4787,b5f95f7a158d8e2b46b8bd54325b2ffd6eb875b0ed0dbb9fb631bf8cead0e604,f5980a6ce78fc37805ad5da5a0df649fb07359267096f21b638543d14093e594,0.43664608302060515,r6_mse_matched
6,mse,1,0.05,0.9,300113,r6_mse_sigma1_lr0.05,66,ok,,0.4288523589911369,5.982170314008307,0.41104562370954495,0.12125845899431575,ea02a0f906c4077add1f728f580129235b1ccebff060438ebc231b16f441728a,5757b18f7496722c3110cf0964f2bd6855ca6e2ab2eb5d5d9fe2176e26a40d5a,cad7a092806adf118404d1bd84ddc823cafb59b31129309b680305113d49e36c,683a870ca96953a4c13ad698821d617e1fa584e2a2728fa3e900cf33a6b4cee7,0.4415481250034645,r6_mse_matched
6,mse,1,0.05,0.9,300114,r6_mse_sigma1_lr0.05,66,ok,,0.9650654895327412,6.5678053453163505,0.2785987400267197,0.08302242452796248,ce4b99d8f04992133ac07a717779dcd6cdfd51bdfbfe5caa5ff3046c4fd6b552,dc88917ed83c59b5699ba2636285e959769397710157d22d8217c2fd639b0fb9,dc3da1a83fac0bf4e4451fa252b3c866d5fde3cb9a03b5dcb413f3ad2c131b9e,f55cf03cef4ed15bb0252b05b4c11531baa7510d9cdad16ee4943c2ef79304a2,0.4210404159966856,r6_mse_matched
6,mse,1,0.05,0.9,300115,r6_mse_sigma1_lr0.05,66,ok,,2.3522396508797137,7.932130216819861,0.15729571619646746,0.04608764484556497,c463a396e85798bc68cf4a062dbaa6d994363a8cdfc6d7c9791e21091069da9f,5958f974d9825dc3c070069675227ef7f9be0ab42121f1e9539e0d2e6b750b37,e95915d125b132c7d447fbb566f65c3b92efc3e6241e98d21ba9412f727e7ec9,843901bbb50995d183db5bcff860f24c42ec798e9a1e7d49cfbbfa0f3f256569,0.4242653329856694,r6_mse_matched
6,mse,1,0.05,0.9,300116,r6_mse_sigma1_lr0.05,66,ok,,1.6304100536610724,7.20185116117042,0.1196747814148513,0.03482536139172173,084daee521e0d96b4b6964217b212b6e3d0f8e53220f91810df897c8d600625b,95c1327da070b867d19ea8b2c991d0b127ec0999753a2e627a218e1fc3568efa,1b48fd53314479321e67cf2a675b823a844ff25f4e3ddbee33308c44ea550391,aa6640f54f4343f4b1a32b0c60343cc792214f471e4a3294a3b487ba9322530b,0.4202837919583544,r6_mse_matched
6,mse,1,0.05,0.9,300117,r6_mse_sigma1_lr0.05,66,ok,,1.8843820978506993,7.568917375951782,0.1547283460595096,0.046263775471793375,a7cb6900e99f4095de6330dd8d979a9b2cf415af5be1ec45ac3ad74d3326eb57,2177432f921982ea8d382df02f0077297ddaccd66748d6c49c88675fedf7c8fc,792335a3447a17fcd77af04021c690ec40e2a8443d013cd407c29c68fa073201,7f288cdbfcfa09cca142051cc19277ed551b1b9f13924a890794c4ee71edcafe,0.41377024992834777,r6_mse_matched
6,mse,1,0.05,0.9,300118,r6_mse_sigma1_lr0.05,66,ok,,0.4805708769147582,6.130834350175561,0.36744338668442733,0.10876324245859048,2bcd33845041cd219b498a03ec11004d81bbe9dd3f558b754d6ea545896bc7e1,b656512a7c47a60c5f0e2699f11ba568f724faf443528db6c622a46754c748b1,fc02f4d4b9ecf940f90b8221b74788db1e32f4a3a30943ba342bab882130c0e3,17bd8b95187fe3ff7b122e9d504af4ebc77b061a28e4c6c253c40166114c469c,0.41685620800126344,r6_mse_matched
6,mse,1,0.05,0.9,300119,r6_mse_sigma1_lr0.05,66,ok,,0.5174270883803659,6.264371226252257,0.37988725403064016,0.11244662719306948,aed0e9fe989702c5562c247fac514771a622ee069fc4d2535cb8bac20c823ea6,7ee168630ae11472db3d3cf3061384c4b41ab444816c085b7ff71d8d02ebc072,d5e00d8450ac3ad1d6c991864c31233360375c48fb0b2972e5bb75bbcb43755b,2f5be4df2c8c5360793bfab449a6e68315b7b62f3c21c5d0b10869c7280d3daa,0.4137515830807388,r6_mse_matched
6,mse,1,0.05,0.9,300120,r6_mse_sigma1_lr0.05,66,ok,,6.670014575384887,12.394510457350043,0.20015450646290106,0.06044666095179612,cb61b23895f2815bdc0aadf0c708a92916c48234dd8e466aac8cb4db803fe60e,31599b2d6bba43c85d8620af2e75378d2f44d1123d2eeb378287504537e26fbb,c063650c33d0d9369a8c343792f1afa9aa4bc962b7543d5f4c67756973468890,e2b70d923e3dc7de7075c7cef11765ba3713863f7a487f0f6666c6e03dfd6ec1,0.3784137920010835,r6_mse_matched
6,mse,1,0.05,0.9,300001,r6_mse_sigma1_lr0.05,66,ok,,0.4373089956694778,6.036708761698096,0.3754235922901661,0.11037453613330882,547df75d495d72b315fe564322ceb41b8419e43ddc93038fd9cf9fe53fa9e4d8,27e1e2c3dbc45cde17f5de651f591de18321454482d19b908f81fa3a5e20af67,5139485dd609a71c3413cdc8812b6b0b8c13b3f3119731cba00660ff9a03c26e,48a30f5508f9df90616c2a0066bcf24bc96111eb0a28a9f1c5a5b34ed36ba5f2,0.4124577500624582,r6_mse_tuned
6,mse,1,0.05,0.9,300002,r6_mse_sigma1_lr0.05,66,ok,,0.5002366727469892,6.158175695621568,0.38291008036660623,0.11525593419034848,fc5b1b69e7b8cc0f50f32cdfd3927bcade5b7de5f025f5e97e35f13b7dcccd65,4c5eda357008888dc1e99dacd5c9935dfd3c62182290bb6932a887ff0a66c610,8d2dd4701b1538326217329d7ceecc0e6832f16b3f6cd1aed82e2ef8a4658c52,91bf1b2480e77e639a6d2248ece9ac101a5c6cdc45f5da22d9405df9a8131dc9,0.4014721669955179,r6_mse_tuned
6,mse,1,0.05,0.9,300003,r6_mse_sigma1_lr0.05,66,ok,,0.471837673621725,6.059072691621112,0.37457728632711335,0.11050029946649843,a2e1081d9fface7a08688415de646f26dfffcce559f08e132cfb5e7e252dbf1d,833f767deaf5306522e0610877df9712365f64f25c2a9481ae98b9f1758574b8,ac3496fa37be3e439077e6adf5fa7138c940a16f296fbcd1ec2e746a38a3ab84,98e914f67e4f237fce7e43a6d6c0f36e123dba049349b73c73eee60e66714b71,0.3781651670578867,r6_mse_tuned
6,mse,1,0.05,0.9,300004,r6_mse_sigma1_lr0.05,66,ok,,0.44442848908512494,6.17019684310037,0.4175753172591584,0.12318471859145173,58cdeaa78f51114a6e914189151f24a71007e71cf610cda51f971b31dde06f10,a0355d581f3ff5f5a74dacda51013f50e7e5b287c1670929a81b01c976ae8a59,42efc75a835ea97dbeba64db872be577042030c15482fc5334e1ae10a190733a,a94e9093092561725d480550732275f352e638a31ec72e51c4c01deafbc75cd6,0.37900495796930045,r6_mse_tuned
6,mse,1,0.05,0.9,300005,r6_mse_sigma1_lr0.05,66,ok,,0.4699141738520868,5.960612635275026,0.3680584253587866,0.11115364445835355,5c051b69b978374ceb2348d1862e0af437f756e529d7afc1c1186c2e54ef7e57,5b6bbd1920d2685aa73875088a12ff6c127d36ad58b03e361afa4a1c313df8ca,4c27839b329bdd01c03f8e75fd7319617cf9f4a46622491a300b0d9dfe473029,1b64a7339fdff3816ed2d4d5f4374c56e8691a3783ca5f3f66620e900b7ceedf,0.3733999999240041,r6_mse_tuned
6,mse,1,0.05,0.9,300006,r6_mse_sigma1_lr0.05,66,ok,,0.504911962221892,6.176910516357001,0.3868045239311488,0.11565455265541348,15a47afc3148937636cdfec87f5ea1349559551ab1fed512817b9821ddae305b,ff12b0003f24e3c1c0d39d5463f83beccd48c3ccfff83cb5aee8a081df56b4bc,081d4559b5fbb6aacd3d16f8053afc233fbb1a868e4748d760a02d973ae5f1f7,b1132287d26567e99d5860bf617b8860180817743d2c7318ac557ab4f6d13f13,0.4097384160850197,r6_mse_tuned
6,mse,1,0.05,0.9,300007,r6_mse_sigma1_lr0.05,66,ok,,1.6681444303835726,7.386687137631869,0.07255131700529711,0.02133008719955735,5ba229eea3aa5e9e6cc0d94a42d4948a4f324f7232164c5b1db8b24ccebe076a,6e51f2f2d4b59e8180ad8e8c7b27acb0d8ca7076d726fafa5a2de56bf9a213f6,c69317c8a56cefe8c43f1a8b80cc200caf7bd7cfb23e8eddade9cdf85b290f3f,e6191c8723df8d80c1c93a0b620309626c50e96dd46cce404978be1994b9a333,0.41348058299627155,r6_mse_tuned
6,mse,1,0.05,0.9,300008,r6_mse_sigma1_lr0.05,66,ok,,0.3546254464696182,6.048659021544554,0.40979881682885244,0.11925145569719607,92d23af5bb836428a7eb153f6a2380de81f8fc80da3fdf08b509b0370e7b93c9,81d19f6042d7b3ac55466949ad7de628e492c588c338e358f96626b8c34ac720,84810cc33a0e8bf345ae48b614a64712624f834212e88a59178e86be607aacb3,2f861ac4f231daca91190feab5d5c078a5235f340959fd676677dfd74c27e113,0.40631995804142207,r6_mse_tuned
6,mse,1,0.05,0.9,300009,r6_mse_sigma1_lr0.05,66,ok,,0.48283399250184567,6.182697189145855,0.3701563635611776,0.11104690906835327,5600684e9ca941293ec22e3fe6f944bf235dd38fe0048ad959412b96248230c5,f9b700d2fbb94c6f5bcb5fc647d367c3a5a186efa3eb7cec51aad8776f3baae0,95a19132b5aea1bd0b7b7566f12cb7eb3e2f3bc2d3ef4c0382735eebbb9217d6,9451f7b0e493f434f0209292f276eb76dede953b9e779ed3ae6cd8bad868b338,0.38986491598188877,r6_mse_tuned
6,mse,1,0.05,0.9,300010,r6_mse_sigma1_lr0.05,66,ok,,0.4652837471461095,6.148380241277882,0.4123734016808236,0.11958828648743884,a56b6fb7e11162aa1bcbdb89986ef350dfb815c8939edd09a86a5d1f2edfccd3,ebef873c28036d701489dd58ea3cf0f3ea8ce6397136f78ede722212fa4058f8,3dec5e851eb2e7e5e6515c1d335ddb6e1bb9652969e32a6da014c26711cc282a,ac051c8b5c1f6af0c289a1b26b82ab787357fbceb25b269ca74c1c56ac76cd8a,0.3946162910433486,r6_mse_tuned
6,mse,1,0.05,0.9,300011,r6_mse_sigma1_lr0.05,66,ok,,0.44324918666495594,6.101921312550646,0.38971408562832704,0.1180833679453831,e77879b793619b6b11bd41e6c0dd2126d719a2f55d9c0ac0da2f1549b0913658,a815904015b8a5020a10190b51a4a1dbcc318a510e2cdda9f1b17ab6b4222a91,8fb226dfa79cf47df546f47f48a4ffc93b22b37091cedaea541d0293f2c7d0a3,bb0fb76b867b8218964ce79619e6f09d51ca7086538af9fc1ccddfbf8987714d,0.3896091249771416,r6_mse_tuned
6,mse,1,0.05,0.9,300012,r6_mse_sigma1_lr0.05,66,ok,,0.4901985280084571,6.203934218156877,0.37056241448224386,0.11042759951570866,9a73bc3dd78108b7e8c672136c1ebbc9996870d62df4ae1db431a984856c4ad2,1d51aeda2aebdfd8b9ff597f1185d611b6e9ed0df0728b69bcb6d1379cd855e0,37d62e6ecac7d79ea698e9bd78c8e1db8bc1f02f6278745581f335ec0d2a4bf9,87014aaa31fb308e270ceb0ec940e38a06504b9a36a7d9e7bffd8396fdac64c8,0.45668449997901917,r6_mse_tuned
6,mse,1,0.05,0.9,300013,r6_mse_sigma1_lr0.05,66,ok,,2.0242067549694824,7.681375035336872,0.23273677495013675,0.06679545441068925,43be896293e02a570742d018597b933e42ce673588e34b4fa509ef9d1086355c,fffdef1c1b60ad8ff28008f50a6fbe337eebd5feba0cb6cdf1f62599072d89f9,41254c54302b2ff236caf1267d0712babeeb0d8b4c30e3690c15bbd6e6207c9c,ecf5e37ac46ff9e4698d693a6ca80d11405392395ba0fce43678a63b56f0bf10,0.46269974997267127,r6_mse_tuned
6,mse,1,0.05,0.9,300014,r6_mse_sigma1_lr0.05,66,ok,,2.499325884275193,8.093464108404515,0.18208257432119848,0.05043687308697198,0cecdd4ef73e35260909137e7b4a9da22dc59d3d45a902be1bb9f890039876f6,023f1bdec63d2e5bed62469a7b9aa815b4634b3b7388108055538265bed25dc7,849154367e83a9b94f80d7aaf708db2aa2fa78b9d918a2f051a0ada956a8cd36,82ee93c4a979a55f19c3e58c3b312bdabcb2f14cd6add734ac6e510ea57e496d,0.46966379205696285,r6_mse_tuned
6,mse,1,0.05,0.9,300015,r6_mse_sigma1_lr0.05,66,ok,,1.1784195277640355,6.777441812203233,0.2969302211528853,0.0908606476727829,7d60c852db0400ac3b4314a8c7a8366b70bbe606cc64f24d1f55a53477325310,95577195c75752a3d800cd54cb592b0e570d9ddaae911f46c2cafbc86fbdada7,cb2e20898adeff9d7f72a78c0f56da3d1afdf153cd0cdfee997da64a34ad25d6,fe1a3bc89c7644204173b73765c6615719651a298baad678f98ccf4e7bb40f5c,0.4833623330341652,r6_mse_tuned
6,mse,1,0.05,0.9,300016,r6_mse_sigma1_lr0.05,66,ok,,1.6076909102897934,7.107964625459406,0.262981830144991,0.08099840368465723,e9cb11c03b8ee8be5af6abdcc1d3777225768bd24abd02a539c763d257098807,34c39d8d5501347c5c7a8076aa73df0fd8faebae88bb05da13de3c574b7f25c5,091bbf97a41a41b5d0254fcefde8f5bb91176b9ad43257c58355f240d26f01bf,877a45be404789896117d97a36b337f18b94e019893af8b335d8308751c82cdb,0.4750333330594003,r6_mse_tuned
6,mse,1,0.05,0.9,300017,r6_mse_sigma1_lr0.05,66,ok,,0.475147671043856,6.0831372105571955,0.4075553745197046,0.11819105861071433,3c4ef79e66878b5be9a3cc390e0d91b4b1d607483a1aab1662b84f5be4a254a0,f3ec861043fbbf94cdf36e85a09f9ce95b7156b2ea7ecf03bbc1eccf865160dd,efb0fe6acb70f8d662e9264d73cfa1be136e3398b69402ad02298c4b0fcd0979,d74983d656e7ac180f20c16561d0a71cb7361f6632779a952a7893d7b44b263b,0.45715558307711035,r6_mse_tuned
6,mse,1,0.05,0.9,300018,r6_mse_sigma1_lr0.05,66,ok,,0.41417978570198644,6.0024321136965,0.38584507166442766,0.11498183135599944,1e61d1562101428c9c58975a868ed0d794029be0ae2ab5b7d5405928c87d4a13,bd933405607b33df3caa53139bebdc6aebde79ef4c90313fa0ee4b523101117d,ca730c2d35e6e9b2d4d0e91d078e5552f6064eaf9cc727faa581320936c84cab,9ce45cc2699a0feec13c69df11127e87fb3e692b20a04a9cf5baefcb57896cbe,0.44697720906697214,r6_mse_tuned
6,mse,1,0.05,0.9,300019,r6_mse_sigma1_lr0.05,66,ok,,0.3881349877853064,5.994863784519715,0.3786895901053598,0.1139855666217133,fdfd8e6a98343166e6dcd7fdd44414055adf41a5cfdff0fb23072998f90d34c2,43bde573aaca9ac4ed736014dcc914055e7ba211a6ebb9f59bd2eab92521ca4a,6e5435fcd137437881e7482b779a8d0112773ed492957caed1ccb7d41727cbf9,d3928c8c3d354c75a406f2b152ad9736eace95eaf07b74d59db968fc61065731,0.4473927079234272,r6_mse_tuned
6,mse,1,0.05,0.9,300020,r6_mse_sigma1_lr0.05,66,ok,,0.5179039180453722,6.0484755719818155,0.3610853315218599,0.10724234346199239,906ca7b0c8cf3b525f857a92fec5f7c51c7412455b4ee13098e957ea4447fc43,6ef26e9565f7a805b72693c700925b72122e52339ba7e680019adea3d69e0994,05de2884996e734b2d4984b3cf8e9d5bea0314bc6dd0f0d2400b7c77f3ad576f,63cc7c61acc39a1e8b2b98968b5ec79fff582cd06216fd54b7bf206f9b5e7824,0.43817087495699525,r6_mse_tuned
6,mse,1,0.05,0.9,300021,r6_mse_sigma1_lr0.05,66,ok,,1.3407513639293531,6.925750829125534,0.28003200314490934,0.08316950493403807,fa4b7bfd5394097ae05f683e9cb6bd9b7d243d63a0cd1166aa9c63dddda4bf29,592d49d03e1d329dee388d65d5e7c0c74727b081c7888f72b200a3d49a9f761a,bf95bd2924dde602b0439058a9a5d2dc0b0706ce8fa8cdd5430a9877e5010f69,f84e095c0a7fccd7cd7567a27d23b08a59b75be42e92233bb9c34074ce13311e,0.39299533294979483,r6_mse_tuned
6,mse,1,0.05,0.9,300022,r6_mse_sigma1_lr0.05,66,ok,,0.6106156299305825,6.353138551400636,0.35584535072922546,0.10390684241293384,01132f8d76a31fb1533df417971bebb1e16141690bd2f32439d016369638852b,0236641094670eb129ba35350d11bcad44e89884a4dbed23ad8adf5e7b47c52e,74bd4c1b78dc4ef3febdf6cd36ec12d001dc0887f32139befd996e51bb34bf69,e0465580de50b7cd059a4eae5cf5d2525d6a3dc724aa60ebc9f6d037923873fb,0.3909533340483904,r6_mse_tuned
6,mse,1,0.05,0.9,300023,r6_mse_sigma1_lr0.05,66,ok,,0.44496694595588626,6.036663922887163,0.37939181213140055,0.11116180095450036,8569b0c8c05e42f7fd61099236414ab6ce3713f6a415fa14439fdfd258b928ba,d309ac4b205e9879f73bdfe3454618e4b2f8674023509d75c5d8e5d9c6444e79,f2c20e8ee18e4a24bfb2ea1b17e31e53f7c2555324789f943c687db677f31d6e,2c4a7d25b0d7365a4b94a2e13057248cb26e85c8849d4f9a91f07bbbd890a0ae,0.3892856250749901,r6_mse_tuned
6,mse,1,0.05,0.9,300024,r6_mse_sigma1_lr0.05,66,ok,,0.5814303648537709,6.118455734592122,0.35781131543654116,0.10805901726183544,0790780dbf8b15e4f2cdee78286694884ef6f0989269cd40dce812f11c818968,cac32651e1651a8f3598f530661e966484a5eb6d2555c9964fd8bd3dd7a87972,a10ba6f1d94beea18f8e37b26107e2a247aba7e0d0e3edc93c683197ab0d13be,4b94401a5504d6fbbc8a14d827280e1641f35aabaadbb9b744a39b2dc8da7d03,0.46555837511550635,r6_mse_tuned
6,mse,1,0.05,0.9,300025,r6_mse_sigma1_lr0.05,66,ok,,0.5090866473970228,6.10891547650009,0.3850775025243012,0.11398294074719315,e6c0956e9a29de034cd0ea6472278f9f9e305434300df8b4e8f108cd08f26886,50ff6677861293934dc3f7a0e6bbea9c1b904b4976071959176694c02e0f577f,ebf975e58d10a21057202c8986c33de1bc32ebf374120f41cabc30841d882986,18c4abde5ba04dc682178311f215487ef177b189540ef30826978686205e8339,0.4642621249658987,r6_mse_tuned
6,mse,1,0.05,0.9,300026,r6_mse_sigma1_lr0.05,66,ok,,0.42553516954875303,6.008490008509638,0.4331102717751503,0.1282006404454445,8259c7252ea55af17697ec3e92fa664cfff2cc2c62b2fc54f2eea6704162cff1,3ce53c419a8d2a98d1de9e36c588e27e9bb5fe7181e80c9c70731f6462d4cb14,82deb83e05f8724114f1bdc6a69119e1317b29e5d5ac0f1c40e476fe8fd8518a,8be5465a0cdaac0d6241516eedb9a6a30abcbe1e7159a1408196292a0bf9ee33,0.47414754203055054,r6_mse_tuned
6,mse,1,0.05,0.9,300027,r6_mse_sigma1_lr0.05,66,ok,,0.5570427163949687,6.2002918443003106,0.3770055710326208,0.1142326880228841,555f7ef7f5300d55eab90b7abc2509c6ddd5a82433086073d518b2553e5ab635,a7d852e0006855682420200c1d8bf0f5ce4d270c112bc0971781ca1840f21e60,eb5f3779f7e83bee19c192d03c36828766fae2049869ee8c360d13873b345714,f238d7118e65f0f5be567d3aa478cd4c5afd12a682ba92886950dfa90454242a,0.3811812089988962,r6_mse_tuned
6,mse,1,0.05,0.9,300028,r6_mse_sigma1_lr0.05,66,ok,,0.408685108188869,5.993952937075444,0.4170498032466443,0.12302969195776008,2c90d269abc02edd082587ca1c45ee3ffd608040bfa33037f48b60e800345af8,a6c7eca434b19ab72070f4331f4b1381a949bbc03165c5322c19b18d31fc02b2,0d69fe63c6b412c7208dcb5ae1c604db007c0b0123a00fc750fec84375e4e263,78eba904e3a74f7c31ab5a202bd35f0bcf45397d05ae17720ee608412204e419,0.3825107500888407,r6_mse_tuned
6,mse,1,0.05,0.9,300029,r6_mse_sigma1_lr0.05,66,ok,,0.5161853059983976,6.121418067724491,0.3589265028180723,0.10767795084542169,eefaa70b2e4f9712c8d2fad79662c2cbf1b04130f1281468ae404c807d3d474a,1871ee4f3ec66be83578b8d08c9fe3fe9d7e22fc8fda48d8e405c13fa4ada97f,b74ae40212afd8ea4f0660da483468f2a5f6f6d7fe8096f147df2d654dca3bc3,1be52c1ed75a7ddeed2c9daf34012498c951e0bafcc5f0b036b881a73649ef4c,0.38444591709412634,r6_mse_tuned
6,mse,1,0.05,0.9,300030,r6_mse_sigma1_lr0.05,66,ok,,0.43866612924948256,6.1899191091946895,0.3967944105798686,0.12022870640570019,689c46954bb970719c1ccbfa862609bf50d62d91f6ddf57a68b1db613dccbd89,a56675cf7971dee4a5708aaa7631775cc4ee0dbbf031c92437f8dbf764a22761,5789ca192d7dcc0ae0a3ef4cedb55d118ea497b10a30ce0fb0c2b977dec3b14d,1d3ee8ee968b0362ff47fd59618998a78d618e87cef9e1983f778adcfe167373,0.3913023329805583,r6_mse_tuned
6,mse,1,0.05,0.9,300031,r6_mse_sigma1_lr0.05,66,ok,,0.4608890171607706,5.990366257158129,0.37940698228119557,0.11420150166663987,caddfcb37abf3009ea99deb5316e1db13d5b0c34c98f7fcd4ecbd61674891add,db3e5c14e5fd1b464928c9903eaa0097bdefea6f9ef8c18e0c4d0f68471578e7,27753c8ac8970e1421e4a6a03fffc62d5aa8c4540183a70373f285cb278a3002,fdc7d09bef1c52e67669666b037988bd9ab9a0ad33147cd4c06cb5c0223c7535,0.39434558304492384,r6_mse_tuned
6,mse,1,0.05,0.9,300032,r6_mse_sigma1_lr0.05,66,ok,,0.5625091375628766,6.080460840423458,0.349574182630028,0.10627055151952851,0cafa4d93d49dd1f1f96e591aef2aa1a0071f194cff785af1ee2ce77d0de7756,04c9ef5c63f89d8d6e9b8a0abd0768718e42d5a04c327b4c018659155256db82,15ea293df2fff0e38860609fbc1ffdabd9aa290486352a176e14da3977419234,a2d06f0807d6abd8fed9a8f2462ebbb54c74206c418f6989f63a6acd6ca13db9,0.3952728329459205,r6_mse_tuned
6,mse,1,0.05,0.9,300033,r6_mse_sigma1_lr0.05,66,ok,,0.5350655355778127,6.081193993652254,0.3746676685075169,0.11277496822076259,7856a8c79f49862d335530e7ecca990edcfcd44e2430b104e8e8b151686a6e47,57645ec48930a4c1e12aca637d5e92fbb621813907a9a2934b04b342047ed618,088fbd931fe961b93c28bcf607e09589b574c7e4d887f4f86bb4a764212343d5,aa7714cd4c97ba650180ce04529984b8fca7402cca918c7c2a9ddc00fa7ddac8,0.38317950000055134,r6_mse_tuned
6,mse,1,0.05,0.9,300034,r6_mse_sigma1_lr0.05,66,ok,,0.39452147524667874,6.079961370820911,0.41265179708541727,0.11966902115477102,265709a031a255d67a159004510d8ae9eb9d1243c985ab835f322589dfcaf0f1,413113ebf5837c734743bc6fac245c377f6d4d765fe16dadcebe845b6970ecc0,919947e507cef50265be52785de2363cb5a906830e10047d81c23d360fda5fd5,01f725f4c0b30f51dc61f79cb3a50826cc61f8ba62bfd43e52c49984607f42a2,0.3825271660462022,r6_mse_tuned
6,mse,1,0.05,0.9,300035,r6_mse_sigma1_lr0.05,66,ok,,0.6443059117342116,6.222035396838532,0.3350964555201491,0.09952364728948429,a7c9f8da5f053c87a9def53188cd1c7b7f13817ab7c058c3a0e9a596c18599c1,11b8d6a0d4a74720af43b2d3caaba1e6a3f04e87c01ee83efe4d105817f577be,4b734a4f34491b2deefd6a3bf2812ba2af993350b3b2c933d7e24b5fa3a6e6df,f4dffb2a89b7f3f9cb1c450a3182e703e85d7f9451bc71aaec0fcda30318a17b,0.3807170409709215,r6_mse_tuned
6,mse,1,0.05,0.9,300036,r6_mse_sigma1_lr0.05,66,ok,,0.3885445300305515,6.082395442610707,0.3824785737195185,0.11244870067353845,22e590454277a117e664fa941ea99ad8f30ebedeb9c6b160f358ccfe31a4ec13,4a1b30cf27c2d621e06e2bfd1f031cfb01554bf0205e819cf31f51918f94ce7d,3d283e9d0a16c32a0ad4216192433dadc41646dc69c85743fe9d39749fc79ea7,accabd3b99679e32f6ccd3ddc92fafa779867ce1428b0553ca6bd1cff7c2c400,0.3938390420516953,r6_mse_tuned
6,mse,1,0.05,0.9,300037,r6_mse_sigma1_lr0.05,66,ok,,0.4372446267890051,6.139233015608874,0.42103855841215665,0.11915391203064032,f0968699341ec1620fba5f45cc467b965fd0a832614c2f270113853125578534,ca4f3809d1420c32523738a8167122c75bc9dcffdd8c533cc422527ec8511726,75712c62280eb15659b65154bf98822c2427a9ffb2fcf1e0b4595821a42be079,21acadc21b66d9f44419d64d947f3b65ae1e0351be9b37db87212f39cad3709c,0.39499116700608283,r6_mse_tuned
6,mse,1,0.05,0.9,300038,r6_mse_sigma1_lr0.05,66,ok,,1.798769101729455,7.378975699411408,0.07169235837026258,0.021579399869449036,aff3f60d957ad1bd6b8c2456f9ee3a6386b8d361ecaa85f54ae4f6bfbddbe902,0d3833058011035bd683ea656900b18bdfa928d26ea9f2045a93b3f0902d7d95,6eb2ce209e17cc8dd96d26ff534bfd5ee2ade815b21acd43e4b818b4e62d7931,af6a86697f776ec4295c4bb440a8feeae7209627d01ff982ae307315a6bdb287,0.3954669579397887,r6_mse_tuned
6,mse,1,0.05,0.9,300039,r6_mse_sigma1_lr0.05,66,ok,,2.7538347481349468,8.35216279209594,0.09763852335549517,0.02772934063296063,4bf06104aa241b940a7daf009513d821bb13b8169b7d99bebfc074a6df500c2d,d8907a883af4e8a955b74b01aee12100811c29821c76d51119f417e1dd3d9766,2e287c46a5ee79e02dacc80ffbb96bc6e0cf49d8180c848b65b73e01c6deb48d,88f28c0d23d661816158dc525dc0737551ae9775c18ce55d5a68c910d1388edf,0.4000939999241382,r6_mse_tuned
6,mse,1,0.05,0.9,300040,r6_mse_sigma1_lr0.05,66,ok,,0.575047581937448,6.098177754401213,0.3406470294140712,0.10253475585363543,79798a2e527fb88ab17da97fc950bc934e74d76207867b2377edfac289c7ce06,6b14f0355647f998c5a55c0c33416830f720e50e7f81ac5277dd002a135a6761,d1608375cc87fdb19f69945a74a45db4f63b973f9be7875c9df37c6a1477ad6a,7ab2f661838a7a6e3ea2ef2ea88d1f23aa32c403e0c3c629eaff2ac37ce0e6c8,0.4026589998975396,r6_mse_tuned
6,mse,1,0.05,0.9,300041,r6_mse_sigma1_lr0.05,66,ok,,0.40831611547768976,6.0640279166400335,0.37820209775305297,0.114217033521422,46829aa78c5762a9ceb54ca8863f3480de6482517bfd1e43afb0bf0bd89ee10f,5fe2e72c346db70edb03802941639391b013a95df940dd11e187db63f3e31d41,0e267490f3c2c6671d58182e56c81e30e7d4458c8378e45d6923268c70c8ee71,656b3ef53c64ab72e5361226377fc228ff80ad84640d2076bdde4e25f21099b5,0.40082391595933586,r6_mse_tuned
6,mse,1,0.05,0.9,300042,r6_mse_sigma1_lr0.05,66,ok,,0.46069515497795394,6.138522069168142,0.3824427041529955,0.11167326961267468,d1de4d8d5d0089d4d77b163b6384abdb2b66b12058825b0360411bcaac5ee92d,c96616c67560f50dd3cebed2c47ab6cb33774c80774dc35950ae0077ea90dce9,18fdae4f8db78a816d832e20d58b97c1de48bc6f7f88ed6646696914c14ff600,ca6fe300ae738febcf5b495e8e214321d598c78333180aae3f0f5e7ddd7f9d5c,0.38602879096288234,r6_mse_tuned
6,mse,1,0.05,0.9,300043,r6_mse_sigma1_lr0.05,66,ok,,0.3637869677582297,6.001421113830249,0.41340836230891675,0.11906160834496803,ef8e7bd25984576db7218ca16ec08bd0e975634b20df074f8af7de4fe7fbda55,53f7262f5cd4d611f0f38b893d60ff604847d5eca0ebf2e1a7e1e98ef996a655,5afec502bc786f658fea952918111d939cf155e9ace7e1baf206082f4330b544,48da9aee6737fbe6a3238519b6b3f7e28e8c86d2ed059792242b3d0d40ea95d1,0.3897546249208972,r6_mse_tuned
6,mse,1,0.05,0.9,300044,r6_mse_sigma1_lr0.05,66,ok,,0.46686998450529776,6.023050532557862,0.37461998300392535,0.115382954765209,ea06d8f954be15f088b6b90d0574b59f97197659e1302f3a9a0fcf4587fe8a2e,b404b0e35919d04ba7b0a4787f4141bc945414ba3d55c84d25c5d179efb132dd,76a391884e2449bbf468c169e23aba86e65dba0887fe467417e273025fbfb544,a127083df63d48fb830dff8b560307c09b5c844ead89a30e4b58521f21927b92,0.3936333329183981,r6_mse_tuned
6,mse,1,0.05,0.9,300045,r6_mse_sigma1_lr0.05,66,ok,,0.583380547284504,6.3116767699571135,0.35537101532627946,0.10447907850592615,2bd910b6630755e770f64ec326f47885a46e28caa1cfb2ece9898be6c52254a0,0d407ec9546bde5c8283677841f884df398b4edf2732dcb0e9dd9b8da082f3fc,9538d1aa342c73294ce7b8156249c51a2b6f1621d64fb424dfecd9f78b6f2f77,5da0d51bde8cfadecddbf602d90fe3e6855c484d83fef091703829bfd1927b6b,0.36403979209717363,r6_mse_tuned
6,mse,1,0.05,0.9,300046,r6_mse_sigma1_lr0.05,66,ok,,0.36297035625535745,6.083078407738634,0.39499121324700703,0.11889235518734913,d5da4b35bdadfc27dd3908a7c92fc60c1ff033f7604349db35b46f48f15ce767,ff0c44f2c421e6eceb92495760ec4e53e943b09896522d93659840e35221af7b,d8f6d6f1afc684e3dc00c91c7608f064ae403613fd581aaccfced30090bbc48f,779cc7d93c634311b073cf38a8b4b25bbdb0eec56b431df84bcc70d49ef9b59d,0.3596607910003513,r6_mse_tuned
6,mse,1,0.05,0.9,300047,r6_mse_sigma1_lr0.05,66,ok,,0.6296203100304084,6.174209927041153,0.3433350556738743,0.10471719198053166,ba80f6c2328d41463530a291329dc92669415ea45bc43bd361aa88ed368fe2cf,f19e3d15b50f8f8cce7c1ecf8cd85899aea4f5e9b0c50a8617fe9a8f75ab8daf,8f9190dfcd25099a9bd08935982c4c690e3ee10987b5f62e817214f0f6baca7c,b8010f431a2e94121cfc1706826363ffd14b10e94a86bba2d842feeae9467c77,0.3617215839913115,r6_mse_tuned
6,mse,1,0.05,0.9,300048,r6_mse_sigma1_lr0.05,66,ok,,0.4727060732491582,6.115550274562591,0.4088760826530949,0.1214361965479692,2cebda7b822c6ea3ea437354fbbb1e7ca35303cc1db6c1d50b269ae1ad585e6c,b04449e3feda4928d4221f04eb43121fb8b890df6ce8d3100a7497b322c3cde5,e28d5233540073bd29e4381f76f6ce8906d3a61ffc8d3ea5ea1f9225f537abca,9dad9fa5459723cb238d1801eb538f878078fde0ca91d0174317c0f8a1f0b5b7,0.35359037504531443,r6_mse_tuned
6,mse,1,0.05,0.9,300049,r6_mse_sigma1_lr0.05,66,ok,,0.4894815630065935,6.199370534575681,0.3602166174391773,0.10878541846663156,4dda00783c3e9dbc89186954d10259bfe245724c40f8919bf579a059889831b9,800ad9b5f0a3eabf05aa8276d0c4ca8cd2b65ace12abe3fcbd9065b9bc20280f,904e474c55bb7cc6796f3eea4a2496a8682f17a2a1ae5fdd368670b873a431ee,35b180a5ac99a6261257870e366d464291b49392631cd48b2fe91796d2891f9d,0.35374625003896654,r6_mse_tuned
6,mse,1,0.05,0.9,300050,r6_mse_sigma1_lr0.05,66,ok,,0.606624177336961,6.264901655076979,0.37358160912694677,0.11207448273808403,390f2b6ed4c28899f7489d28d61acd3ab3dac981995fc19428cbf72154196d5e,0937bba965de3b29400cb0316413f15a6327a16e51075e2bd85761227b696178,c5fe3ea8d86c7d0cdf0b96e9f6235438cf1377b9e77bc169160e4547b5bc5dcd,882992ec0b734171a1bd48ee64f79433e96b5e591937ab4ee6fe17f58c23dc6e,0.3510918340180069,r6_mse_tuned
6,mse,1,0.05,0.9,300051,r6_mse_sigma1_lr0.05,66,ok,,0.5449364171516735,6.245832327283753,0.37761972941354804,0.11064258071816957,40bd3fc16e77f7f16b4a4180dd17723bd6a874c87a2ba15961fb2d1de37f22be,3e8a74a0dae522d0d97418de854467a0d05ddd3958b9920af2b9026372da8f5e,c6ec9958d28f0d09e0034619da29818b6a30848631144d857349f34eed7b45ac,1d707469ebf55e87fe1459121ee428e3d280f943a27ca18f9ede273f8b06a1ee,0.5023508329177275,r6_mse_tuned
6,mse,1,0.05,0.9,300052,r6_mse_sigma1_lr0.05,66,ok,,1.940317354664278,7.56827151319647,0.11370912196872905,0.03320306361486888,7ac760f36d6a12efcf52e8294de109c9d9887444b5e5cd9434e0ccb624564774,7295e148730692031f359fdf837044caacb2ebca1b6665c815a15a29ce443773,2965faa7bba695af7c477181057c12a109834695e8be9f938bbc4c6106d3e450,cfe6eaf81a119cc0417fc903518bc0818326f7baa406c1d3b69954acba87b83f,0.51361129200086,r6_mse_tuned
6,mse,1,0.05,0.9,300053,r6_mse_sigma1_lr0.05,66,ok,,0.4945845779615974,6.129760029485648,0.3649381033158703,0.10875155478812934,07dd12f5b5c72d4ce65bff27a2ad311d79b21736ffc2b258c075480649ce387b,d9852a48342447f1e59125dfb75c6b8b13de5a1031a1a2f49fcfcb34ff893dd1,3fbf12a2335c685760c9a7da04f357e930d2a6c8cec0a3f7cf99812fb31f631c,ccf0a435ef33d18261f34186564d59b26c8180e431f3b17bbb06bbe68c00a93e,0.5062400000169873,r6_mse_tuned
6,mse,1,0.05,0.9,300054,r6_mse_sigma1_lr0.05,66,ok,,0.572329550217631,6.267285893818426,0.3354147729915641,0.10230150576242704,30dd86d095ec5d698c4e2c00c27bec4505fe1de45ca78a4c77bfdaf9a1ff2a4b,88556dbeea38b9e3f76af13cabc3a013f5842a42df9d64f8a2f8711bde460ef8,cda9ec4b58a395c6a63f62bff10349053f88ef6e368023afcc6ebfa55af13ce1,4bc70d4df4e49d9fdc32083d27a844ac225483f0a028698cbf90dc8068aa65fd,0.5479297500569373,r6_mse_tuned
6,mse,1,0.05,0.9,300055,r6_mse_sigma1_lr0.05,66,ok,,1.6360705540436586,7.331450986404168,0.21414365130926555,0.065313813649326,08251a850e5eaaf3bc0db7235541dd9880d2de7b33498b9b1ffabbcc6a82e031,16103b6a02a3e8dfca8c66e03d66f1b0e1227382f6ee949182c74ddd9c1d66d2,81c8bda5ef9bc415f4dd332a7d7160df8ca6fe0c33eba04eaa5362374ed9aa6a,1710a53b43cb233c1397f073c48eb67f36c35dea370744f0af6a1a55b0f98e36,0.5539506250061095,r6_mse_tuned
6,mse,1,0.05,0.9,300056,r6_mse_sigma1_lr0.05,66,ok,,0.42731335025916684,6.009750602703844,0.36805333553328934,0.11188821400211996,d3ed01aff926b25fcd5ab72720d1b1d98d64c483df418e299d719ddb69984290,28a8d7c637b0fe9a248ae3d50677aa2d4ae5a6c7369f00f0a65b37272e587765,8a1fecd0c5a7c6fa04d9e96767d5ecfa425560663737bd394f05de14b2ba34f0,2dfa551073d4317ed430edf1ef359ad4fb4ff4d58beb4343ae7dbc320a2a6a3a,0.5468377498909831,r6_mse_tuned
6,mse,1,0.05,0.9,300057,r6_mse_sigma1_lr0.05,66,ok,,1.8782642992873813,7.532122282822857,0.11799669714310293,0.03539900914293088,46b86bb023c8eefe512ae0b282cadf490362356ee2bae4f1177511af1d02223d,23efabe96dacd7a930475e0fbfddeb62fc5649c0a94c45d1506afc56e10053df,bb23dcf2c612d453f8410d01d30d51fc1527c438111a3a75d31e45d652f2f144,65c38088d407e0aaecf1d45bf8dabb188bd1f7c6e8d094a0d2c05d252da0794e,0.42690504190977663,r6_mse_tuned
6,mse,1,0.05,0.9,300058,r6_mse_sigma1_lr0.05,66,ok,,1.1511963704320602,6.7917397688311985,0.2620329415618305,0.07782378364386365,be54da548939eb34c198c5b8af39c6b40768c19f8c0894ee69a24207b6b465e4,e56069914c786018770bce1a7522f77d4bddd47cb0cd7f780c1e90b386a09398,cf4c30f082660d6bcf3536c74f01f5f8606a35c577bf75008cb820343fdcc813,5ad106124f73b8b6ec601082f7a3f3758e466b794345fa75c2c7e8c7d3c4c56f,0.42597166693303734,r6_mse_tuned
6,mse,1,0.05,0.9,300059,r6_mse_sigma1_lr0.05,66,ok,,0.5018935209055722,6.053614884605697,0.38836278872701285,0.11573211104064983,86975954ea25afa24d148cd0d80a4f12817f3bdbe7943fd11114ef1e5512ca2e,ac92c365f27d645f30db1d16e6504134289e056b66e3d0432559610015e7b01f,0caf4c321e7cb267025c11ad1893409ed242aaed18430ccb82e8fb877a03a71a,926c66ca482a34a8360ee3b5977fde0d945e58fc60b5c8a6d9c9962f08ba1623,0.42918279208242893,r6_mse_tuned
6,mse,1,0.05,0.9,300060,r6_mse_sigma1_lr0.05,66,ok,,0.49498454962552707,6.187256175245653,0.3817388238709671,0.11337643068967722,ef3dfa0dcce3266b8e64b5185906508ef9724df33f314b80d6e605d6a76f6e29,85f9e8162e8403ef1422e75acbbcb246cea4fcfcbf305c2aaefe1134d59965ef,149a9709d9e042067aeffabca69706e3f35b4871483d6b058215047a570b561e,9976a70fe827dc1ee6c5ba945f14567820f1191a0bbc059ea698ecf9d00731af,0.36870079196523875,r6_mse_tuned
6,mse,1,0.05,0.9,300061,r6_mse_sigma1_lr0.05,66,ok,,0.504026576587796,6.082617435331655,0.39794856028939396,0.11739482528537122,cebafe01e6af0ee95f79d83a58cf7c3e9005f4eac4718eaed5302c26f67536a5,a034bb4db5a0ed251a7830b45b049184cd6466ad4c690b2da4604f786ad3f27f,aa0b4cb9a4aed22558dcd9ab4ad6708290363b9f202dffb828767aeaaf149956,af2e8d89957c07d688d308c596cb1a068265bb9ecbd91891ea165f97a8cb1c1f,0.3696277500130236,r6_mse_tuned
6,mse,1,0.05,0.9,300062,r6_mse_sigma1_lr0.05,66,ok,,0.3632102561159173,5.920879245016342,0.38183677581434516,0.1176057269508183,b31435f2845f9ffe580f90ef95b59358e3d48dd35beec15b8d9a352d33daa705,d7eb8769059fabae7482833a3bdb6411efc7b8bbc9dad9030069e8fb4af0376d,8c494eebeb1dd11901cd552131d93113493560c93686142d2ef6a0cf63718a04,a4d3bf27604f1ccc5e440f04469600d7b3b63bd67e1f358969d160f8d7797693,0.3628990410361439,r6_mse_tuned
6,mse,1,0.05,0.9,300063,r6_mse_sigma1_lr0.05,66,ok,,0.4134798993676959,5.989927841715218,0.38995168714486894,0.11191613421057739,d6d2c5ebe7f763691e03746a41367e5be0344eaf5fdc66167695a8638bc42d03,443b43e8d82c93a9b6859f49bc9c1384d25cbd44a30cdd875c6562dd650ff6ff,63a49ca139966fd117cb0d1574a6c653f891c0d5bb380ecbfb748887372c093a,bf95635453ed7d44f59ed2e5516831554ae86e72169207d9b8a969b275d028da,0.3722050840733573,r6_mse_tuned
6,mse,1,0.05,0.9,300064,r6_mse_sigma1_lr0.05,66,ok,,0.38472987885096754,6.00806353122234,0.41815117494961773,0.12335459661013723,a2279af607d348c7eb3e3b3dc6d4045842a3e1c8cd56db71ed3c33fdd34d83ba,2d4cb5b9640c9fd1a8540366892d9096ce2ffb3b0448e9de439604e97fc81b00,a60d6ff3c236c74883f3d56d9513fe6b82356d9569548a0f505587ce60f15124,c72593111113ce2373252ba4f98730c202b93511fdcaaf28979571d2e8b27cf0,0.36288512498140335,r6_mse_tuned
6,mse,1,0.05,0.9,300065,r6_mse_sigma1_lr0.05,66,ok,,0.4932483841119518,5.971816257917517,0.36654264542147086,0.11179550685354861,1cfb2f28eb8cc948dd0f1611cb56cb4e6560995412560e94f6b63dae98e6ad18,5880d14001810cdd467dad4ebafe5b0d6e501f3f570a4df3600f1534c2b7616a,83a063c9facca304555c6b75864aa3c0435015950dd2be247def8e20db5f93f2,43c8dc7e4c6cb333c063499d51f2e275406f4a2e1cfd2d831c389c44efd04a8b,0.36379033303819597,r6_mse_tuned
6,mse,1,0.05,0.9,300066,r6_mse_sigma1_lr0.05,66,ok,,0.5572687884445008,6.199428410035421,0.37992835218601495,0.11093907883831636,708269c9fbc27a8cde579e683a6367880c14143b935f4908ad90b01362b99244,6549ca8b41b89433ed9700fa8e4e609e210451b9c7ebfbe6f1edff98e603ef32,12734b4ddd70be818e51b8789118d4874bd123c61546d70ac001d22e1c307a87,99363bfec406d2bba5dd94415bccea97752e7b3e1ffb6f5cbfa41b1579fda56f,0.35259654198307544,r6_mse_tuned
6,mse,1,0.05,0.9,300067,r6_mse_sigma1_lr0.05,66,ok,,0.38426858033064254,6.012946441985705,0.3784025565754178,0.11352076697262535,081f0a8188505511354ed61a498396ca9f725e574fcce6253e57e031ed00a1a6,e1589b617124f4cb79e463a004e07e664bcf84d0d57ca0ccfcc221cb90bd6916,4f1d3d78a800b087a806b58eaeb48b3137b97b5aaf06c8d22e51da8fbf7d08da,102e5d5035c0b56a5e05cf51ab0448cb587fbd8a90e7f419705ff7db5323ec58,0.35829983302392066,r6_mse_tuned
6,mse,1,0.05,0.9,300068,r6_mse_sigma1_lr0.05,66,ok,,0.5496511740906476,6.123639160977463,0.3685289998155375,0.11203281594392339,0bab71e6eca3d3074b94363a2595e397768bf164f5737259b49028335278c69f,2352320ecc2428f76669b117992f88aa230efa0f74713ebf4f0d5ba8b32e0b81,5fca900f4af2e535b7898aeb9242c9b7621f4a6aa072cfcadb2f16fc974460b5,3c70b21e8f123b9a8be4b5153a8b89b0fea3b27f8041edee8df64d96bcc07314,0.3583863340318203,r6_mse_tuned
6,mse,1,0.05,0.9,300069,r6_mse_sigma1_lr0.05,66,ok,,0.35798297872832907,6.0447860013878705,0.37233880540064174,0.11170164162019251,6174d2c5d4074cd59901346d33d990e3b06dd344d19303a5a61f4f4ab30feb69,13ddf607a526199525f36e82d6ec66fb92b3b4a84d3eab35ac1e71aa897d1d52,bf337414c9d11ba76dc5a02e23a98ae70595c30adafa2ef439346f5c9dc669eb,42771ebba1443d94d888d0ec593abf0698690ed7ccb2e51afb426961cf602372,0.3997178329154849,r6_mse_tuned
6,mse,1,0.05,0.9,300070,r6_mse_sigma1_lr0.05,66,ok,,0.4090103712444745,5.944023846290256,0.38057004277340256,0.11531272296034098,f634cc4e2d1c13934fed7a89e1dc9feab288a32e837cb405f0cb855949395708,ccdff70c19143dba1653dcbb3dbbffabc6f7f1c013b1dfb8a1e39a9aee3a3577,f552c7a0e43e097228a54293029eb471f79082e8eb80ba9538c3da13a469b216,b3e65b0ebf3ef4f119378502e81fe9d8373f80ebe505a7a915f0efab066c9fef,0.4221566669875756,r6_mse_tuned
6,mse,1,0.05,0.9,300071,r6_mse_sigma1_lr0.05,66,ok,,0.46506487344916214,6.0046715346447,0.4021531888674813,0.11943949709364195,a7a631ebdc901b6d1afebc5883b03deed2af77787993e7c43d983c2bd7ba4001,7a9ef81ad7224233cc5cb38b965598d9364349ed4072919e19c10e80bacca046,876f2196277e5cde99e423ccc7b42337a92cc2198a9d570dd61f1bbd1f1010b4,785070d27f7f5ca0e220ed9811633495b3069b501ba8930d8a37fdacf6bb9c2d,0.40999775007367134,r6_mse_tuned
6,mse,1,0.05,0.9,300072,r6_mse_sigma1_lr0.05,66,ok,,2.0837200283119115,7.759490821831601,0.09299374246016293,0.027433154025748065,29476ceb6b9c7bc9a00c948025fe869f227afb88b4f615b258137802f2c3d508,d2f5e742631b619a124a6e2d35a067c5b263572690ea3f3a50c8fe4ba810e605,1872fbf5145f1eec068cf1358d435b547bc62e827e7c7d79965a30d5a5568465,4dcec544102bb5be60e22bce7c1fece98192305cd23c92b61760ca0848057c8f,0.5367711250437424,r6_mse_tuned
6,mse,1,0.05,0.9,300073,r6_mse_sigma1_lr0.05,66,ok,,0.5716106525288481,6.007087217198553,0.38547610863818244,0.11448640426554019,94d96421ca2c1b509b027b228ac8292f226d27321b9fe81c04af907c5f10cfcf,ea343b04223be8eb207fe79b900dad6f48ebc9d78b3bd560a6b589d849c18632,752ca235734d3463072b13371e8c282a8ccbe3ad478d2ae30596d2216f4dd0de,03eedb56d87917b3aecf369c656476e7a3b07f55661c8f8842d72ff4561e4a15,0.5344674160005525,r6_mse_tuned
6,mse,1,0.05,0.9,300074,r6_mse_sigma1_lr0.05,66,ok,,0.6538323281013038,6.393727640977506,0.3440382810242196,0.10389956086931433,f2250eae7e757ccf0386e915268746609495ba31fce4b4abc9a865ab6e47686a,5ac414598748c0d70db4857128449cbde5756407a395d592f1e8f0d8bf4b5c79,a9c65b94a045c2b4bf1ac6b6edb461830ba947144a38ecba2ca3688c8c195454,e031c3780dd86cbaa8e648c3f5a2c9976a83b4fb677a9a56ebd8735a11eb4b44,0.5329152499325573,r6_mse_tuned
6,mse,1,0.05,0.9,300075,r6_mse_sigma1_lr0.05,66,ok,,0.5366563985354842,6.114813060362533,0.37283542060344416,0.11185062618103325,7dec063783091bc2e04a4042c3c3773b5ade267b870931cdc8039fa0219f28b1,a25c1eb5d376fa0b58834737109ce6926d29c8f0a8076020763734df14b91a56,94c6b91a40a456b38721bb29354accf167b73d0201a36ce3b775ca2c4f200c9e,7676ef20e255af5709fdae6b2cf07e19403f2b5ca272bfeb0e926e11a5598a2d,0.39486395788844675,r6_mse_tuned
6,mse,1,0.05,0.9,300076,r6_mse_sigma1_lr0.05,66,ok,,0.5889154695361718,6.274386227836293,0.3691563607535613,0.1066861882577792,874f36301d93b1a5bcbfe168684f14c2ae66efa60b0bc3f6963cb38d49893ab2,a30bb8ba2fa3f25d8d30198f6baa7b531b0290bf636c95bff3cdf4e85021d3e3,9bca2722503dca0447458a57d72ca9adfe0eeffa2c3c4751439aabc4fad54970,2b76ff5e499f07a58369df060e90d69e499ccc0bef16939b02911e37a49877e9,0.39585712493862957,r6_mse_tuned
6,mse,1,0.05,0.9,300077,r6_mse_sigma1_lr0.05,66,ok,,1.7398303535282813,7.264531596317058,0.13096765817548972,0.03981416808534888,ae4b1717c7ab36a8bf739e3c3e609f149fdff4c16f64795219832d1bdbe563af,01468e53e4630aac84262b5039324698644a6a60b78851a2244d2d5ca7d5cb3b,2543a65e9e18fca475db28b8fe7d59bf15081a2094af5308df91e95107ff36db,65b858fe6ba3f9d0e1d6a59bf86be831aface9cc204c95ec2b1989f4daa74769,0.400338041014038,r6_mse_tuned
6,mse,1,0.05,0.9,300078,r6_mse_sigma1_lr0.05,66,ok,,0.4575159932068508,6.06792832183629,0.3752804774708081,0.11220886276377164,fc507e05a21f23918e50d7f9083a51ab150f87ca134cd0efd7c9b54191cb9adb,7b9ca0f5a4d48af552fac2e70ed042c3545b15fb9af1361947503fc8f8c0cadf,fa79f3ce7dad074acaf5d472de579cc8c943f5d342852e257b5d734bd50acd0b,c98782a40587cf286e2407cb4af4ce3b5154fe8ff127a5460957617968a4ecc2,0.4072116670431569,r6_mse_tuned
6,mse,1,0.05,0.9,300079,r6_mse_sigma1_lr0.05,66,ok,,0.6333887576732182,6.358934669909174,0.3640028903091945,0.11211289021523191,99e3cfde53d3779687e41c4889b2c25c000b0fcd2df380100446ba8715eb8ec8,671c1c32f5796c76ffd63fa2ee7f179f0b0fbb4e4d0a1e393c4129332e01d5a6,103845b6b6dcd45a3e2573962843f6fa7cfbbc5ce75609cf515090f94e9930ee,aec3e8af512682ee27752398dbe0ea948e7f828c1010b0a99fd695f7455bdaa4,0.411193500040099,r6_mse_tuned
6,mse,1,0.05,0.9,300080,r6_mse_sigma1_lr0.05,66,ok,,1.8800193855060305,7.510130967706853,0.17410727582303556,0.05170986091944156,0e3d960b755d50f9638f138ca006e5501b07ca00e96338156fe514e01912fc98,1cbfac2f19d4c0ebeb40fc9e4eb17765a40b7e9b64b7903e8debdd4f6b207474,da3d1a1f09ca204a2c60964a4ecdb1d53cc4e7f16147526f73127eddf8125398,e3df39d667b6f61acf6c83c5e4128249bd2236e32d0394d142056923447b8754,0.41182245896197855,r6_mse_tuned
6,mse,1,0.05,0.9,300081,r6_mse_sigma1_lr0.05,66,ok,,0.4928328698423631,6.114408083400156,0.3677140138779405,0.11141734620501598,ba2f638e3dea8ab3bc59b28079c678391c132e83fd9186ea1da00b1add31d0c8,1a216ec3f73d111315128ec3ea4d639c9921edf923f3131c1bf95862d334f31a,747c89f42a8cff10b2b1c386c4bea876ff098886db062cf9613b0dc5b8eb5389,ba6dd5d0a15463d1eabd6838271f0bded280b243708bf3e91a908b5468d85455,0.41122750006616116,r6_mse_tuned
6,mse,1,0.05,0.9,300082,r6_mse_sigma1_lr0.05,66,ok,,0.5233418710053218,6.1800248525686285,0.3802283380858097,0.11292781641148548,6c99cdadc1611e488d48953877d470202aead6ee43dd801e550e79a6bd0e922d,7d0c04aaf56cf065cabc2f4d8c5c616d73547978bc744188c58727f7bfc38976,b7b5c9fd0cf22301729296585af7b035c571bcdd023094e999ab9f2ae5ba1802,776c104e655da8616a7b69eeea359edb639c950f27b3e3bbc9d983b3bfe03b72,0.4265237089712173,r6_mse_tuned
6,mse,1,0.05,0.9,300083,r6_mse_sigma1_lr0.05,66,ok,,0.580674271813012,6.269538221891774,0.3571685066094594,0.10500754094318107,fb2734f5bab358e14e01f2c8e72617ccdbaab144d7802f2c8c60ee7f1e3ed644,84c7e32ae9100532c76001d8d1c47683e020e8e4c9c3cdbd4666f567820d7dfc,84a168f2479dfb207e71f1679166fd40135f71d843dac3ecee172b73ab3d4917,67c0faefa97fcc72f26477506816687665b0308ec24257faef92544c76436c8c,0.4214585419977084,r6_mse_tuned
6,mse,1,0.05,0.9,300084,r6_mse_sigma1_lr0.05,66,ok,,0.38176673930922583,6.028587978409882,0.4131745192061917,0.12353918124265133,307f937ba084b91de860668af0fb0f69372364bb6ce4fcef6c017c30674f17bb,1cb069d54206b5c7c80fcb7a9417feaf0b8aec9e6bba2eabacd8a44cb5aed089,671b6525c3c6d4fa7a8338132fd3e8e5103d874287bd63b35cdb73823c953f61,724c14171a1de61d740037822a9f9ce23be5b731db93706cdf79c1a1967780fb,0.3858331670053303,r6_mse_tuned
6,mse,1,0.05,0.9,300085,r6_mse_sigma1_lr0.05,66,ok,,0.5045020743605568,6.163446978047758,0.36700624202584603,0.10973486636572796,b7bda8f1c6157533107318b4929256d5284403e4f9593ef909e880530d05bec6,8f4efd48e45a79dd017a1d7a311edb86e9da535faee03ae1a88e4a1c9590a97c,b9a1c30619753b609087d31c5f6bbd603a3013b6cb1492207a95405ca28c6ba7,f3cfc7e205bc3586c120cdc176289611038db3a902be3412f08c42118708c512,0.38940600003115833,r6_mse_tuned
6,mse,1,0.05,0.9,300086,r6_mse_sigma1_lr0.05,66,ok,,2.5639505766389696,8.088007344585996,0.0972650874129578,0.029665851660952133,7dca81a4c91012a56cee488c1a773d6401a3ad74b9a9405b00de27a2cba11f3c,e0324572697d072a56ed3c04da591c40f89f4e8378187195dcece0e344b2e000,4d97813142dcf97c8a611299a9659fdf6788ab740cc16dbd926646e34b916163,c92052e7aaaac93b0e3289e1087ec000cdd4172d7282df4d249bcb3ad08fee38,0.38850587501656264,r6_mse_tuned
6,mse,1,0.05,0.9,300087,r6_mse_sigma1_lr0.05,66,ok,,0.5529723992370371,6.201492580011538,0.3612155329781084,0.10872587542641063,2cd875bdde423eb1353f1213770192b7df8bd876d40fb1aa71d29f9f56f00fee,5e9e38ede140f2d6f39e4d2630dbf7e98417d17a2d266b77b6dce2135af70253,e99e84ed987c73be34374c130effae2df712f150cf0634b138095223bdda706f,15e5fd96ad85c4f2f96f7005fad75768cef852103d1181982c545f2c177e0184,0.37818970903754234,r6_mse_tuned
6,mse,1,0.05,0.9,300088,r6_mse_sigma1_lr0.05,66,ok,,0.36635915113939316,5.979534347253682,0.42361584390765056,0.12454305810884926,0030bf09b7aae09d5ca485e801a912df314636550145ceef5f18ad2202a69b51,ed7150770cccc71995eec6416e5eb8942b5187c46bb88744c3cce6ecfecca45e,7fc251d0bbd15bc04ad54aade468bb2f50ebbc58967bc4b87ca13e7729559fb4,fb17c46f28e6b1d410acac8f0a8d4091e95a36fa013ad4a5cae7b2c23fa5c51e,0.3813109580660239,r6_mse_tuned
6,mse,1,0.05,0.9,300089,r6_mse_sigma1_lr0.05,66,ok,,0.5003931797852779,6.07146327747059,0.406475183149713,0.11625190238081791,c661e54b95aa168b9588f9db764694b9637b19b067f1ce1ef87d834330b73929,60508639f832531b067f6ff4a1f52ad903eb5f468fd6de942af85d30e535bba0,367cf5b38b737aff08538fabfb5d92013302eb31e5ffc55820e034fb66218dd1,e20c63558f10e1e982ac5c051977a01c84bef97dacafd38d2e08e25643024cdb,0.37694500002544373,r6_mse_tuned
6,mse,1,0.05,0.9,300090,r6_mse_sigma1_lr0.05,66,ok,,1.5616657453014766,7.338072033391856,0.16286391957283392,0.048207720193558845,98cd9fd3f5a0edc83a0ad4fddaa12ced64d760278d475564fff1f1c5dd73e084,eb3f6b474d6816be6628e288f25ada76b0f7d91970b57b91c195cb1a75bdfeb0,746ba07d9794f8e0cb9ca0a9c10dfefaf2539e7b86fd26098f849a4cc53acdfe,2f1f59a2c7bce9fadfa268731a9f51cf7c74d74d4298a3a7fa95c256e9ea5a98,0.3528203750029206,r6_mse_tuned
6,mse,1,0.05,0.9,300091,r6_mse_sigma1_lr0.05,66,ok,,0.4572419368982971,6.169806106835156,0.3998506625594626,0.11795594545504147,3ccc764800bf27bb75e2094ea8a123146ca3bde83ec7563c79a484f44610fafe,6d41cf29ae36d582d46a36d3d13ff7bf618a41b289a91760c47e508267a1e2bc,a533eaee2259cdb82e3899fbcbdc35924f90124e0f737799c83e5cd1f63080ce,36c8a8646c12aa4df95e533bb8aca8f7d4b6f2f859651a71ec8bce845cf2cb68,0.3525834580650553,r6_mse_tuned
6,mse,1,0.05,0.9,300092,r6_mse_sigma1_lr0.05,66,ok,,0.49167135990452154,6.058438945244485,0.36348710017220287,0.10868264295148866,ba3787eb400695bd780a7f47c9aac7da4c6b2a214e9244efbf6a555d261b6db2,312c1762699384512ffe8b45d038321bb9111baf907d3b4d299e58986f587df8,fd3c1426e8cb4d011029761ace4b2b96b21d202d5b4281e0857ff9e7624373d0,bdfa8a5b29cbfb141bebceb4ca8eda48e03e52371ff5e9dc686b2d5bcb225a54,0.35068512498401105,r6_mse_tuned
6,mse,1,0.05,0.9,300093,r6_mse_sigma1_lr0.05,66,ok,,1.1150232662285684,6.714778556215568,0.269811936343705,0.08229264058483002,a7c87e334d754c35efcb9e12ce12b8d5ba21cb97c762ce1c5240cb2fd48ba9c4,3cc8f5d36dcc8109c4741d577771dc446ba604413af58962bdcbf19baf2f0dc8,8873170ca64ff40ac0d386fedcb06dea50b9c190273133b53533f8a039b33e53,918d9dd0f8fe76e0d83d979ee33c7e1cd9fd9bc2b7c78dc9729431edeaaea038,0.5654873329913244,r6_mse_tuned
6,mse,1,0.05,0.9,300094,r6_mse_sigma1_lr0.05,66,ok,,0.5437540621932699,6.170870432471307,0.3692822166741937,0.10967681835223553,fe0cb28c5e5207e0eb8d04b69d0a192adcc44035ebebbf0a71afe93c9c1de479,0cd090b78186e5e94dddb02b661a53946c90c56c0135969d592b1a63ed8f5b05,5152f7ab471d2e77376651c74bb7777a9571c83ff56ddb91b1d03af2f11cf405,88d288b2e32a0f69deace27464ac274ca5f15a6a5df39ff9a5b0b306140a615c,0.5768115830142051,r6_mse_tuned
6,mse,1,0.05,0.9,300095,r6_mse_sigma1_lr0.05,66,ok,,0.49703745949315925,6.085257207048824,0.3786649325594187,0.11397814470038503,2b1d3f506c8358f83f3f6c4c478ea6624d3260edd10ad6d1d620211c296428f5,0645f2857cbee4f45e0679741b4cb95e945e216de2bf7f7e7ec41b2cda9c8c36,8a1c4b5a9a5942de4ba79aa7cba94f6a0b7484ac2bbc05ecf8a3529b4ed8ab48,3f4d83a75ffdaee40d7115a7b2fac769f46fcb930b56db946aceed252d347a08,0.5806236249627545,r6_mse_tuned
6,mse,1,0.05,0.9,300096,r6_mse_sigma1_lr0.05,66,ok,,0.49191900997311594,6.153187266902245,0.3676951327953859,0.10810236904184346,a8b2a6d596c52df65b7d82272c0d81d9d2c9c77626ad4d90c15fef87fa6ce7bb,a2772ee613085871d2c6c6b322c84ca766ff812bd99d4bb412f81dcb90de15d8,11b37067e5e7b6b05fa6c0b6c968aca27c45f4a07fe25d84ac1159284d8e8f89,b8b0b8881b82e0a087f645bb70213f701c563fc17f0def708a21730a9acbd0b5,0.8307029579300433,r6_mse_tuned
6,mse,1,0.05,0.9,300097,r6_mse_sigma1_lr0.05,66,ok,,1.5037598978228617,7.184720061271269,0.19856172370793582,0.058178585046425195,6a58ea514372c71630cb99b35cd8e07be887fa6911b53f19b5d704732fb75bdf,e8c8a21ce148719bf4d490968666825c456df5cdc48f065ce070475a9f61b2a5,408ec60a173b32d43c671743950d22b3fbcc518181ded82ef537decf46ee0c6d,21ba4677ee60b35d83619aeea6fe62741d95afe3aab4f68a815c9b5c8fd4655d,0.8384701670147479,r6_mse_tuned
6,mse,1,0.05,0.9,300098,r6_mse_sigma1_lr0.05,66,ok,,1.5235524373909028,7.1635155079840915,0.16251438589659903,0.048754315768979706,998122d28dd5e545db51a6f7b951f9827ea9260ec2b0d92d5c37cb103d0ba6ff,cafbcf058d29eff2ccbf8b9b9b6915872acb9632484a9ed2be13751a7165618b,0e2d682e0f3b7823752766f88040994c84279aac8b86b0ccd6c2db8c96858532,67bdf3dafd728a30c41648ed3b3bbca219e3aff9e71213edb93c1b65a8acd5ff,0.8847244579810649,r6_mse_tuned
6,mse,1,0.05,0.9,300099,r6_mse_sigma1_lr0.05,66,ok,,0.6578474569552891,6.287885076233625,0.3722268229087493,0.11315695416425979,84ae2550cdacfb1a0c04866f5109d582dc8f9d46f21b0b67a1fe731269b4c984,bfe6ea452f11a0df7fc9c4a0f46f997a12c5f847d7cb575e520f403a4bf425ea,4b24bef303469885eb85d79f9574f3f854ff1fc98903af707f3f9a593849de7b,5c1ccc057726006978cf2b34b8fb1acb4bf3d2742633598fd60d09bd52721510,0.5110699579818174,r6_mse_tuned
6,mse,1,0.05,0.9,300100,r6_mse_sigma1_lr0.05,66,ok,,0.5340111091450117,6.1079003328478585,0.3821453877772165,0.11311503478205609,79ea598cce16ae26ad8840b1327ff8de5d21fd4d9430d25e5240651e7af36883,c6cb13adc09d1c9493e0525b5e9c1857602686d97269e77f2bb4ddecac2d9281,4e0864318ee829551837ffe5fe3d66e90299499dac73e1a366fb445892b61f9c,0510aa10fb38e5187d8dcf951d2dda75c05811565faf89967c4f38e222dceff0,0.5265791660640389,r6_mse_tuned
6,mse,1,0.05,0.9,300101,r6_mse_sigma1_lr0.05,66,ok,,0.3980943446958881,6.061862631191252,0.43393649570596915,0.1293130757203788,0fb83b7408cbc1aaa63ef4f097d2d4880365ec38387ba68f6e8c06e44ed382b4,dceb90c9b78bbf6b549b8ab484f361187309c14504d742a94a4f018d6ff4ff8f,99cad4572e3be37de5de9ebea1af6a6bd8e7f09eba7193c208531028a0aaada6,e089c62b93461e55c96abcbb31e490e3053a834ab77f79b49d4796437b974aa1,0.53821154194884,r6_mse_tuned
6,mse,1,0.05,0.9,300102,r6_mse_sigma1_lr0.05,66,ok,,0.4568284399957959,6.099001318221738,0.35890877453083725,0.10731372358472034,e006b6489056566299e5317c5e2b106d8b7edd9487990bf6db04060c6ac36307,e07ce9fa89fc078461c503cf21016be917062050bc58b8a99684204e3157ba1c,9c756a3d25cb685dfc0a627f89c204bb35f74e01dc9ba350c2004fcc39b435e0,8565a1507b1d91c899fc3b572f5f211371587763684167870e9d84f220e29b24,0.5408091660356149,r6_mse_tuned
6,mse,1,0.05,0.9,300103,r6_mse_sigma1_lr0.05,66,ok,,0.3957223908878533,5.970681901272149,0.3813000014843891,0.11286480043937917,84e90d70cb6e50e4307e53a36b76f3648b8d6250f46defb308584a6065977352,f00bf89f1900623e01eb9a58b0cb70f1bcbb56703e588050aab3210550b31700,f49351e74453efa8d509ceb5de71f8ce765ae26c27216c7aa45c8e4757bca7bf,a1f95afbf85c27e6c97db904192114e8f1fea86926d6467e2a3ccc26d3d046b1,0.543281624908559,r6_mse_tuned
6,mse,1,0.05,0.9,300104,r6_mse_sigma1_lr0.05,66,ok,,1.1676981000269078,6.880011254493575,0.3265029818672688,0.09631837965084429,2c3887f0f74ede3f0dad59dc0d44c3389907c03911f67ef27c1dc5383e7ee93b,23cf924fe429906fb077746ef8a5906c8fbd8ade881ed87a2d573bfc29104d1b,4202a7c38b74350de0c75e71d1f62be1794a0748545df24247ecad905359d73d,2360b01ba0470defdcf2cbdfbee2e432035dd477e933f511967e7823daf63da7,0.5147503750631586,r6_mse_tuned
6,mse,1,0.05,0.9,300105,r6_mse_sigma1_lr0.05,66,ok,,0.632341491101353,6.235357127585201,0.3895803670191426,0.11453662790362792,de0ebb6b14e2d450cf1bf792fc262365fb3d059482fdd0b5f214736a7a740690,ca39052c1df6c96c8cc1bb2d62654af1cbbf1e3f5b76fb2794c5d04b41e0a09d,ffb7a1762afb3e5e37ddd1f00aa558db748f3a36d2eed3def2c8d51fd2760688,9b46824bb52ff7d8fe6fbbecacb1d357edf376137d4fb36569e7a70cb533b56a,0.6079835840500891,r6_mse_tuned
6,mse,1,0.05,0.9,300106,r6_mse_sigma1_lr0.05,66,ok,,0.5070328526495697,6.105863024279097,0.41717377644919557,0.12348343782896189,ad033ae221c957f89cdf90b8ce75396eb58cbb69b99f95a7271da6cfb9c35e37,745018b097730ce74ebf95cf2852b9b8067c7d69379762899184116cb2ca62da,fd3fb6134812ab3b6a395bbe4fae83ff9d54f9311f589a2de589eb766c317711,53a0bc2969af5069ee477c2b133718fc888e1f9e76fdbd8fd2ad67e2e999d915,0.6497980420244858,r6_mse_tuned
6,mse,1,0.05,0.9,300107,r6_mse_sigma1_lr0.05,66,ok,,0.45076818647780786,6.054494072416134,0.3990053456218014,0.12010060903216223,6aae500dd352d571784f86d0556e3fa32e53a656708e352d32656ae1efcba352,15b994e67211c5c8a53560c6bd4c76368bdb22ea10aeff9b0b4fa3fe26860262,da91b2c15873f63c1a230a8d67f6b224f4c4df9dd62b0c54b3c0f00e3c4d08d3,a7b39f6da608be60a2e515bd4433612ec10dfe6326b1767ac8af730e50257346,0.6242240419378504,r6_mse_tuned
6,mse,1,0.05,0.9,300108,r6_mse_sigma1_lr0.05,66,ok,,0.4652219461961325,6.1550714115229255,0.4017646889226979,0.12052940667680938,41309af3394399959ccfe27b376380ece9eca6d3297ce2213fdf23e9a6d2ac93,d97074ac83e2be40bde748920c734d9759162fbca1875f0f21dc789ac44c5a1b,ed15075c6f0bbaa0dbfd618e49585ea8710ca1bb6990788a4838b3890a1a4f51,b9e1775cc206d31049d6cd432d60c8475f6ca563646cee3b385962493a0ee432,0.49864537501707673,r6_mse_tuned
6,mse,1,0.05,0.9,300109,r6_mse_sigma1_lr0.05,66,ok,,0.4529569497527255,6.087119715281402,0.4149948814713204,0.11910353098226895,771fcb9213886ea1f967979f6ad3fe3f6fcea304f2642dad6194341495a315cf,927c3658ab546714e54b9ee0f95b97c491be86f54c7a00bb51e6e63694563370,c3d982fd33888ff0cab3deb3e4da996e6f9492dea1cf1ca5c8057d98bff412f8,79a77ce221b9bcdca49b1c71d635a50aad83d976bfd6d1a3e80be358cfb488a0,0.4765698340488598,r6_mse_tuned
6,mse,1,0.05,0.9,300110,r6_mse_sigma1_lr0.05,66,ok,,0.5349047932809122,6.228614470576243,0.34087554688318505,0.09885390859612365,cde45661617a288f63ac7c264248a144b6191f42bc1653ad3551b4b4735ab87f,b99d2d6fd8b683d6356cb6d876c164fe9843b9e33fe8788befbacf4ca22f0c2d,2c6664d1f44412e3e549e3b88f6ce156a781bd725e2b35d71699fd85cecab9da,dd2c4aea82829dd708bbb6239d55a6e86cf87e24ff833ce3bc94ba6909dc9931,0.4955335420090705,r6_mse_tuned
6,mse,1,0.05,0.9,300111,r6_mse_sigma1_lr0.05,66,ok,,0.42917831745083984,6.185718868558079,0.39561335351993604,0.11591471258134126,e133603627b2009609a3aa5bed97281a6cbdfca6a7eea92a419745c7546dcdde,f7c0162fc827424ac8388e374e078e13fff35507f602aa06f4b2996d6e484025,5a3724fc214532856832e6d2d1b52a77e4d66c3a97ee024d9b03dc07fd5b16f4,c3143002eaf8cba21b40d555f445825893a34880e8e8efbca97a2f4025c60941,0.48475437494926155,r6_mse_tuned
6,mse,1,0.05,0.9,300112,r6_mse_sigma1_lr0.05,66,ok,,0.4661622045064243,6.149244426210123,0.3632537639967071,0.11042914425499896,644bacd763502337e0035239bd1882a2783d5b5a05ac3cf964f3ace18d859473,317341fee9a89e62d763d3abfbb2be4f20cb86c2022f5a63ff588b0dbfce4787,b5f95f7a158d8e2b46b8bd54325b2ffd6eb875b0ed0dbb9fb631bf8cead0e604,f5980a6ce78fc37805ad5da5a0df649fb07359267096f21b638543d14093e594,0.4953373750904575,r6_mse_tuned
6,mse,1,0.05,0.9,300113,r6_mse_sigma1_lr0.05,66,ok,,0.4288523589911369,5.982170314008307,0.41104562370954495,0.12125845899431575,ea02a0f906c4077add1f728f580129235b1ccebff060438ebc231b16f441728a,5757b18f7496722c3110cf0964f2bd6855ca6e2ab2eb5d5d9fe2176e26a40d5a,cad7a092806adf118404d1bd84ddc823cafb59b31129309b680305113d49e36c,683a870ca96953a4c13ad698821d617e1fa584e2a2728fa3e900cf33a6b4cee7,0.48247100005391985,r6_mse_tuned
6,mse,1,0.05,0.9,300114,r6_mse_sigma1_lr0.05,66,ok,,0.9650654895327412,6.5678053453163505,0.2785987400267197,0.08302242452796248,ce4b99d8f04992133ac07a717779dcd6cdfd51bdfbfe5caa5ff3046c4fd6b552,dc88917ed83c59b5699ba2636285e959769397710157d22d8217c2fd639b0fb9,dc3da1a83fac0bf4e4451fa252b3c866d5fde3cb9a03b5dcb413f3ad2c131b9e,f55cf03cef4ed15bb0252b05b4c11531baa7510d9cdad16ee4943c2ef79304a2,0.5747755829943344,r6_mse_tuned
6,mse,1,0.05,0.9,300115,r6_mse_sigma1_lr0.05,66,ok,,2.3522396508797137,7.932130216819861,0.15729571619646746,0.04608764484556497,c463a396e85798bc68cf4a062dbaa6d994363a8cdfc6d7c9791e21091069da9f,5958f974d9825dc3c070069675227ef7f9be0ab42121f1e9539e0d2e6b750b37,e95915d125b132c7d447fbb566f65c3b92efc3e6241e98d21ba9412f727e7ec9,843901bbb50995d183db5bcff860f24c42ec798e9a1e7d49cfbbfa0f3f256569,0.5702721249544993,r6_mse_tuned
6,mse,1,0.05,0.9,300116,r6_mse_sigma1_lr0.05,66,ok,,1.6304100536610724,7.20185116117042,0.1196747814148513,0.03482536139172173,084daee521e0d96b4b6964217b212b6e3d0f8e53220f91810df897c8d600625b,95c1327da070b867d19ea8b2c991d0b127ec0999753a2e627a218e1fc3568efa,1b48fd53314479321e67cf2a675b823a844ff25f4e3ddbee33308c44ea550391,aa6640f54f4343f4b1a32b0c60343cc792214f471e4a3294a3b487ba9322530b,0.5561224999837577,r6_mse_tuned
6,mse,1,0.05,0.9,300117,r6_mse_sigma1_lr0.05,66,ok,,1.8843820978506993,7.568917375951782,0.1547283460595096,0.046263775471793375,a7cb6900e99f4095de6330dd8d979a9b2cf415af5be1ec45ac3ad74d3326eb57,2177432f921982ea8d382df02f0077297ddaccd66748d6c49c88675fedf7c8fc,792335a3447a17fcd77af04021c690ec40e2a8443d013cd407c29c68fa073201,7f288cdbfcfa09cca142051cc19277ed551b1b9f13924a890794c4ee71edcafe,0.4631983330473304,r6_mse_tuned
6,mse,1,0.05,0.9,300118,r6_mse_sigma1_lr0.05,66,ok,,0.4805708769147582,6.130834350175561,0.36744338668442733,0.10876324245859048,2bcd33845041cd219b498a03ec11004d81bbe9dd3f558b754d6ea545896bc7e1,b656512a7c47a60c5f0e2699f11ba568f724faf443528db6c622a46754c748b1,fc02f4d4b9ecf940f90b8221b74788db1e32f4a3a30943ba342bab882130c0e3,17bd8b95187fe3ff7b122e9d504af4ebc77b061a28e4c6c253c40166114c469c,0.485212333034724,r6_mse_tuned
6,mse,1,0.05,0.9,300119,r6_mse_sigma1_lr0.05,66,ok,,0.5174270883803659,6.264371226252257,0.37988725403064016,0.11244662719306948,aed0e9fe989702c5562c247fac514771a622ee069fc4d2535cb8bac20c823ea6,7ee168630ae11472db3d3cf3061384c4b41ab444816c085b7ff71d8d02ebc072,d5e00d8450ac3ad1d6c991864c31233360375c48fb0b2972e5bb75bbcb43755b,2f5be4df2c8c5360793bfab449a6e68315b7b62f3c21c5d0b10869c7280d3daa,0.4803201250033453,r6_mse_tuned
6,mse,1,0.05,0.9,300120,r6_mse_sigma1_lr0.05,66,ok,,6.670014575384887,12.394510457350043,0.20015450646290106,0.06044666095179612,cb61b23895f2815bdc0aadf0c708a92916c48234dd8e466aac8cb4db803fe60e,31599b2d6bba43c85d8620af2e75378d2f44d1123d2eeb378287504537e26fbb,c063650c33d0d9369a8c343792f1afa9aa4bc962b7543d5f4c67756973468890,e2b70d923e3dc7de7075c7cef11765ba3713863f7a487f0f6666c6e03dfd6ec1,0.4687838749960065,r6_mse_tuned
6,parity,1,0.05,0.9,300001,r6_parity_sigma1_lr0.05,66,ok,,0.3247281464562748,5.905066728500442,0.4374084048553786,0.1285980710274813,547df75d495d72b315fe564322ceb41b8419e43ddc93038fd9cf9fe53fa9e4d8,27e1e2c3dbc45cde17f5de651f591de18321454482d19b908f81fa3a5e20af67,5139485dd609a71c3413cdc8812b6b0b8c13b3f3119731cba00660ff9a03c26e,48a30f5508f9df90616c2a0066bcf24bc96111eb0a28a9f1c5a5b34ed36ba5f2,0.4280454999534413,r6_parity
6,parity,1,0.05,0.9,300002,r6_parity_sigma1_lr0.05,66,ok,,0.4422403670503547,6.148314077224541,0.3973724262303346,0.1196091002953307,fc5b1b69e7b8cc0f50f32cdfd3927bcade5b7de5f025f5e97e35f13b7dcccd65,4c5eda357008888dc1e99dacd5c9935dfd3c62182290bb6932a887ff0a66c610,8d2dd4701b1538326217329d7ceecc0e6832f16b3f6cd1aed82e2ef8a4658c52,91bf1b2480e77e639a6d2248ece9ac101a5c6cdc45f5da22d9405df9a8131dc9,0.4318697500275448,r6_parity
6,parity,1,0.05,0.9,300003,r6_parity_sigma1_lr0.05,66,ok,,0.40674674940711564,5.99533356351638,0.41768262818920043,0.12321637531581413,a2e1081d9fface7a08688415de646f26dfffcce559f08e132cfb5e7e252dbf1d,833f767deaf5306522e0610877df9712365f64f25c2a9481ae98b9f1758574b8,ac3496fa37be3e439077e6adf5fa7138c940a16f296fbcd1ec2e746a38a3ab84,98e914f67e4f237fce7e43a6d6c0f36e123dba049349b73c73eee60e66714b71,0.4396548750810325,r6_parity
6,parity,1,0.05,0.9,300004,r6_parity_sigma1_lr0.05,66,ok,,0.35639859942442725,6.068864043142516,0.42589557759898994,0.12563919539170204,58cdeaa78f51114a6e914189151f24a71007e71cf610cda51f971b31dde06f10,a0355d581f3ff5f5a74dacda51013f50e7e5b287c1670929a81b01c976ae8a59,42efc75a835ea97dbeba64db872be577042030c15482fc5334e1ae10a190733a,a94e9093092561725d480550732275f352e638a31ec72e51c4c01deafbc75cd6,0.4558162910398096,r6_parity
6,parity,1,0.05,0.9,300005,r6_parity_sigma1_lr0.05,66,ok,,0.37857576345102445,5.902227658151209,0.4078883883285673,0.12318229327522731,5c051b69b978374ceb2348d1862e0af437f756e529d7afc1c1186c2e54ef7e57,5b6bbd1920d2685aa73875088a12ff6c127d36ad58b03e361afa4a1c313df8ca,4c27839b329bdd01c03f8e75fd7319617cf9f4a46622491a300b0d9dfe473029,1b64a7339fdff3816ed2d4d5f4374c56e8691a3783ca5f3f66620e900b7ceedf,0.45259975001681596,r6_parity
6,parity,1,0.05,0.9,300006,r6_parity_sigma1_lr0.05,66,ok,,0.33975846199212756,5.9843963282313295,0.440584532008727,0.13173477507060938,15a47afc3148937636cdfec87f5ea1349559551ab1fed512817b9821ddae305b,ff12b0003f24e3c1c0d39d5463f83beccd48c3ccfff83cb5aee8a081df56b4bc,081d4559b5fbb6aacd3d16f8053afc233fbb1a868e4748d760a02d973ae5f1f7,b1132287d26567e99d5860bf617b8860180817743d2c7318ac557ab4f6d13f13,0.45033191703259945,r6_parity
6,parity,1,0.05,0.9,300007,r6_parity_sigma1_lr0.05,66,ok,,0.4762855478188913,6.1712549813945525,0.4221273251028071,0.12410543358022529,5ba229eea3aa5e9e6cc0d94a42d4948a4f324f7232164c5b1db8b24ccebe076a,6e51f2f2d4b59e8180ad8e8c7b27acb0d8ca7076d726fafa5a2de56bf9a213f6,c69317c8a56cefe8c43f1a8b80cc200caf7bd7cfb23e8eddade9cdf85b290f3f,e6191c8723df8d80c1c93a0b620309626c50e96dd46cce404978be1994b9a333,0.43440179200842977,r6_parity
6,parity,1,0.05,0.9,300008,r6_parity_sigma1_lr0.05,66,ok,,0.4523371035092675,6.119585760795476,0.4363408367866508,0.12697518350491538,92d23af5bb836428a7eb153f6a2380de81f8fc80da3fdf08b509b0370e7b93c9,81d19f6042d7b3ac55466949ad7de628e492c588c338e358f96626b8c34ac720,84810cc33a0e8bf345ae48b614a64712624f834212e88a59178e86be607aacb3,2f861ac4f231daca91190feab5d5c078a5235f340959fd676677dfd74c27e113,0.42615733307320625,r6_parity
6,parity,1,0.05,0.9,300009,r6_parity_sigma1_lr0.05,66,ok,,0.5253683074441258,6.167423291339334,0.3804458260597205,0.11413374781791615,5600684e9ca941293ec22e3fe6f944bf235dd38fe0048ad959412b96248230c5,f9b700d2fbb94c6f5bcb5fc647d367c3a5a186efa3eb7cec51aad8776f3baae0,95a19132b5aea1bd0b7b7566f12cb7eb3e2f3bc2d3ef4c0382735eebbb9217d6,9451f7b0e493f434f0209292f276eb76dede953b9e779ed3ae6cd8bad868b338,0.424481333931908,r6_parity
6,parity,1,0.05,0.9,300010,r6_parity_sigma1_lr0.05,66,ok,,0.4583540147890009,6.158736296915555,0.4303375702022009,0.12479789535863828,a56b6fb7e11162aa1bcbdb89986ef350dfb815c8939edd09a86a5d1f2edfccd3,ebef873c28036d701489dd58ea3cf0f3ea8ce6397136f78ede722212fa4058f8,3dec5e851eb2e7e5e6515c1d335ddb6e1bb9652969e32a6da014c26711cc282a,ac051c8b5c1f6af0c289a1b26b82ab787357fbceb25b269ca74c1c56ac76cd8a,0.44689624989405274,r6_parity
6,parity,1,0.05,0.9,300011,r6_parity_sigma1_lr0.05,66,ok,,0.373271639927411,6.007246298498214,0.43660060767258163,0.13228998412479223,e77879b793619b6b11bd41e6c0dd2126d719a2f55d9c0ac0da2f1549b0913658,a815904015b8a5020a10190b51a4a1dbcc318a510e2cdda9f1b17ab6b4222a91,8fb226dfa79cf47df546f47f48a4ffc93b22b37091cedaea541d0293f2c7d0a3,bb0fb76b867b8218964ce79619e6f09d51ca7086538af9fc1ccddfbf8987714d,0.4652567500015721,r6_parity
6,parity,1,0.05,0.9,300012,r6_parity_sigma1_lr0.05,66,ok,,0.4233795214890454,6.138419390627396,0.38504669947686854,0.11474391644410682,9a73bc3dd78108b7e8c672136c1ebbc9996870d62df4ae1db431a984856c4ad2,1d51aeda2aebdfd8b9ff597f1185d611b6e9ed0df0728b69bcb6d1379cd855e0,37d62e6ecac7d79ea698e9bd78c8e1db8bc1f02f6278745581f335ec0d2a4bf9,87014aaa31fb308e270ceb0ec940e38a06504b9a36a7d9e7bffd8396fdac64c8,0.4861793330637738,r6_parity
6,parity,1,0.05,0.9,300013,r6_parity_sigma1_lr0.05,66,ok,,0.6130809238667488,6.276664455558535,0.4230915989553231,0.12142728890017773,43be896293e02a570742d018597b933e42ce673588e34b4fa509ef9d1086355c,fffdef1c1b60ad8ff28008f50a6fbe337eebd5feba0cb6cdf1f62599072d89f9,41254c54302b2ff236caf1267d0712babeeb0d8b4c30e3690c15bbd6e6207c9c,ecf5e37ac46ff9e4698d693a6ca80d11405392395ba0fce43678a63b56f0bf10,0.46630820899736136,r6_parity
6,parity,1,0.05,0.9,300014,r6_parity_sigma1_lr0.05,66,ok,,0.40178485137635467,6.084643836754712,0.42568730080871875,0.11791538232401509,0cecdd4ef73e35260909137e7b4a9da22dc59d3d45a902be1bb9f890039876f6,023f1bdec63d2e5bed62469a7b9aa815b4634b3b7388108055538265bed25dc7,849154367e83a9b94f80d7aaf708db2aa2fa78b9d918a2f051a0ada956a8cd36,82ee93c4a979a55f19c3e58c3b312bdabcb2f14cd6add734ac6e510ea57e496d,0.45327449997421354,r6_parity
6,parity,1,0.05,0.9,300015,r6_parity_sigma1_lr0.05,66,ok,,0.39145520581738724,5.958781315411693,0.42268389666177725,0.12934127237850385,7d60c852db0400ac3b4314a8c7a8366b70bbe606cc64f24d1f55a53477325310,95577195c75752a3d800cd54cb592b0e570d9ddaae911f46c2cafbc86fbdada7,cb2e20898adeff9d7f72a78c0f56da3d1afdf153cd0cdfee997da64a34ad25d6,fe1a3bc89c7644204173b73765c6615719651a298baad678f98ccf4e7bb40f5c,0.4562624590471387,r6_parity
6,parity,1,0.05,0.9,300016,r6_parity_sigma1_lr0.05,66,ok,,0.3792555112188973,5.886868525516668,0.4142269467758663,0.12758189960696684,e9cb11c03b8ee8be5af6abdcc1d3777225768bd24abd02a539c763d257098807,34c39d8d5501347c5c7a8076aa73df0fd8faebae88bb05da13de3c574b7f25c5,091bbf97a41a41b5d0254fcefde8f5bb91176b9ad43257c58355f240d26f01bf,877a45be404789896117d97a36b337f18b94e019893af8b335d8308751c82cdb,0.4403471249388531,r6_parity
6,parity,1,0.05,0.9,300017,r6_parity_sigma1_lr0.05,66,ok,,0.5060518712180415,6.1316299089498925,0.4052298031374363,0.11751664290985653,3c4ef79e66878b5be9a3cc390e0d91b4b1d607483a1aab1662b84f5be4a254a0,f3ec861043fbbf94cdf36e85a09f9ce95b7156b2ea7ecf03bbc1eccf865160dd,efb0fe6acb70f8d662e9264d73cfa1be136e3398b69402ad02298c4b0fcd0979,d74983d656e7ac180f20c16561d0a71cb7361f6632779a952a7893d7b44b263b,0.45758154103532434,r6_parity
6,parity,1,0.05,0.9,300018,r6_parity_sigma1_lr0.05,66,ok,,0.4669780623607634,6.044197554862638,0.42367626795679436,0.12625552785112473,1e61d1562101428c9c58975a868ed0d794029be0ae2ab5b7d5405928c87d4a13,bd933405607b33df3caa53139bebdc6aebde79ef4c90313fa0ee4b523101117d,ca730c2d35e6e9b2d4d0e91d078e5552f6064eaf9cc727faa581320936c84cab,9ce45cc2699a0feec13c69df11127e87fb3e692b20a04a9cf5baefcb57896cbe,0.47456466604489833,r6_parity
6,parity,1,0.05,0.9,300019,r6_parity_sigma1_lr0.05,66,ok,,0.38591570667613817,5.995394976359044,0.40756838449018234,0.12267808373154489,fdfd8e6a98343166e6dcd7fdd44414055adf41a5cfdff0fb23072998f90d34c2,43bde573aaca9ac4ed736014dcc914055e7ba211a6ebb9f59bd2eab92521ca4a,6e5435fcd137437881e7482b779a8d0112773ed492957caed1ccb7d41727cbf9,d3928c8c3d354c75a406f2b152ad9736eace95eaf07b74d59db968fc61065731,0.4834622499765828,r6_parity
6,parity,1,0.05,0.9,300020,r6_parity_sigma1_lr0.05,66,ok,,0.3745151165820304,5.90008825456814,0.41998848679772083,0.12473658057892308,906ca7b0c8cf3b525f857a92fec5f7c51c7412455b4ee13098e957ea4447fc43,6ef26e9565f7a805b72693c700925b72122e52339ba7e680019adea3d69e0994,05de2884996e734b2d4984b3cf8e9d5bea0314bc6dd0f0d2400b7c77f3ad576f,63cc7c61acc39a1e8b2b98968b5ec79fff582cd06216fd54b7bf206f9b5e7824,0.45636033301707357,r6_parity
6,parity,1,0.05,0.9,300021,r6_parity_sigma1_lr0.05,66,ok,,0.4674296847597188,6.048077588411374,0.45817720400456974,0.1360786295893572,fa4b7bfd5394097ae05f683e9cb6bd9b7d243d63a0cd1166aa9c63dddda4bf29,592d49d03e1d329dee388d65d5e7c0c74727b081c7888f72b200a3d49a9f761a,bf95bd2924dde602b0439058a9a5d2dc0b0706ce8fa8cdd5430a9877e5010f69,f84e095c0a7fccd7cd7567a27d23b08a59b75be42e92233bb9c34074ce13311e,0.4443722500000149,r6_parity
6,parity,1,0.05,0.9,300022,r6_parity_sigma1_lr0.05,66,ok,,0.43947091134865446,6.118775595564365,0.43614099073938106,0.12735316929589927,01132f8d76a31fb1533df417971bebb1e16141690bd2f32439d016369638852b,0236641094670eb129ba35350d11bcad44e89884a4dbed23ad8adf5e7b47c52e,74bd4c1b78dc4ef3febdf6cd36ec12d001dc0887f32139befd996e51bb34bf69,e0465580de50b7cd059a4eae5cf5d2525d6a3dc724aa60ebc9f6d037923873fb,0.4322517089312896,r6_parity
6,parity,1,0.05,0.9,300023,r6_parity_sigma1_lr0.05,66,ok,,0.36163825973969066,5.976880722970992,0.43567620215371383,0.12765312723103817,8569b0c8c05e42f7fd61099236414ab6ce3713f6a415fa14439fdfd258b928ba,d309ac4b205e9879f73bdfe3454618e4b2f8674023509d75c5d8e5d9c6444e79,f2c20e8ee18e4a24bfb2ea1b17e31e53f7c2555324789f943c687db677f31d6e,2c4a7d25b0d7365a4b94a2e13057248cb26e85c8849d4f9a91f07bbbd890a0ae,0.43561074999161065,r6_parity
6,parity,1,0.05,0.9,300024,r6_parity_sigma1_lr0.05,66,ok,,0.5147357840186848,6.07644974666787,0.3978964922981268,0.12016474067403429,0790780dbf8b15e4f2cdee78286694884ef6f0989269cd40dce812f11c818968,cac32651e1651a8f3598f530661e966484a5eb6d2555c9964fd8bd3dd7a87972,a10ba6f1d94beea18f8e37b26107e2a247aba7e0d0e3edc93c683197ab0d13be,4b94401a5504d6fbbc8a14d827280e1641f35aabaadbb9b744a39b2dc8da7d03,0.46649016707669944,r6_parity
6,parity,1,0.05,0.9,300025,r6_parity_sigma1_lr0.05,66,ok,,0.34266456369464293,5.948839923407219,0.43616533799045126,0.1291049400451736,e6c0956e9a29de034cd0ea6472278f9f9e305434300df8b4e8f108cd08f26886,50ff6677861293934dc3f7a0e6bbea9c1b904b4976071959176694c02e0f577f,ebf975e58d10a21057202c8986c33de1bc32ebf374120f41cabc30841d882986,18c4abde5ba04dc682178311f215487ef177b189540ef30826978686205e8339,0.4721367920283228,r6_parity
6,parity,1,0.05,0.9,300026,r6_parity_sigma1_lr0.05,66,ok,,0.3922805226510644,6.008510693428774,0.43507008284304893,0.12878074452154248,8259c7252ea55af17697ec3e92fa664cfff2cc2c62b2fc54f2eea6704162cff1,3ce53c419a8d2a98d1de9e36c588e27e9bb5fe7181e80c9c70731f6462d4cb14,82deb83e05f8724114f1bdc6a69119e1317b29e5d5ac0f1c40e476fe8fd8518a,8be5465a0cdaac0d6241516eedb9a6a30abcbe1e7159a1408196292a0bf9ee33,0.4905844999011606,r6_parity
6,parity,1,0.05,0.9,300027,r6_parity_sigma1_lr0.05,66,ok,,0.4729617985304659,6.10604298819726,0.4415818021366444,0.13379928604740327,555f7ef7f5300d55eab90b7abc2509c6ddd5a82433086073d518b2553e5ab635,a7d852e0006855682420200c1d8bf0f5ce4d270c112bc0971781ca1840f21e60,eb5f3779f7e83bee19c192d03c36828766fae2049869ee8c360d13873b345714,f238d7118e65f0f5be567d3aa478cd4c5afd12a682ba92886950dfa90454242a,0.4760027499869466,r6_parity
6,parity,1,0.05,0.9,300028,r6_parity_sigma1_lr0.05,66,ok,,0.46426606913198826,5.999207285258508,0.41846937362282044,0.12344846521873203,2c90d269abc02edd082587ca1c45ee3ffd608040bfa33037f48b60e800345af8,a6c7eca434b19ab72070f4331f4b1381a949bbc03165c5322c19b18d31fc02b2,0d69fe63c6b412c7208dcb5ae1c604db007c0b0123a00fc750fec84375e4e263,78eba904e3a74f7c31ab5a202bd35f0bcf45397d05ae17720ee608412204e419,0.44785562506876886,r6_parity
6,parity,1,0.05,0.9,300029,r6_parity_sigma1_lr0.05,66,ok,,0.5035635313340563,6.12870801595211,0.3807932038031706,0.11423796114095118,eefaa70b2e4f9712c8d2fad79662c2cbf1b04130f1281468ae404c807d3d474a,1871ee4f3ec66be83578b8d08c9fe3fe9d7e22fc8fda48d8e405c13fa4ada97f,b74ae40212afd8ea4f0660da483468f2a5f6f6d7fe8096f147df2d654dca3bc3,1be52c1ed75a7ddeed2c9daf34012498c951e0bafcc5f0b036b881a73649ef4c,0.4390194999286905,r6_parity
6,parity,1,0.05,0.9,300030,r6_parity_sigma1_lr0.05,66,ok,,0.4088692314194121,6.100374463881942,0.42977637628442894,0.13022224201418198,689c46954bb970719c1ccbfa862609bf50d62d91f6ddf57a68b1db613dccbd89,a56675cf7971dee4a5708aaa7631775cc4ee0dbbf031c92437f8dbf764a22761,5789ca192d7dcc0ae0a3ef4cedb55d118ea497b10a30ce0fb0c2b977dec3b14d,1d3ee8ee968b0362ff47fd59618998a78d618e87cef9e1983f778adcfe167373,0.4443464579526335,r6_parity
6,parity,1,0.05,0.9,300031,r6_parity_sigma1_lr0.05,66,ok,,0.491177478207318,6.032181621852031,0.3846394013606557,0.11577645980955736,caddfcb37abf3009ea99deb5316e1db13d5b0c34c98f7fcd4ecbd61674891add,db3e5c14e5fd1b464928c9903eaa0097bdefea6f9ef8c18e0c4d0f68471578e7,27753c8ac8970e1421e4a6a03fffc62d5aa8c4540183a70373f285cb278a3002,fdc7d09bef1c52e67669666b037988bd9ab9a0ad33147cd4c06cb5c0223c7535,0.42587795900180936,r6_parity
6,parity,1,0.05,0.9,300032,r6_parity_sigma1_lr0.05,66,ok,,0.3938524824785153,5.9451216848863675,0.3711620080596237,0.1128332504501256,0cafa4d93d49dd1f1f96e591aef2aa1a0071f194cff785af1ee2ce77d0de7756,04c9ef5c63f89d8d6e9b8a0abd0768718e42d5a04c327b4c018659155256db82,15ea293df2fff0e38860609fbc1ffdabd9aa290486352a176e14da3977419234,a2d06f0807d6abd8fed9a8f2462ebbb54c74206c418f6989f63a6acd6ca13db9,0.41634287510532886,r6_parity
6,parity,1,0.05,0.9,300033,r6_parity_sigma1_lr0.05,66,ok,,0.5449111979683721,6.101657798031994,0.418230086304951,0.12588725597779024,7856a8c79f49862d335530e7ecca990edcfcd44e2430b104e8e8b151686a6e47,57645ec48930a4c1e12aca637d5e92fbb621813907a9a2934b04b342047ed618,088fbd931fe961b93c28bcf607e09589b574c7e4d887f4f86bb4a764212343d5,aa7714cd4c97ba650180ce04529984b8fca7402cca918c7c2a9ddc00fa7ddac8,0.41851420793682337,r6_parity
6,parity,1,0.05,0.9,300034,r6_parity_sigma1_lr0.05,66,ok,,0.370864704032277,6.060281954026943,0.4367913900502242,0.126669503114565,265709a031a255d67a159004510d8ae9eb9d1243c985ab835f322589dfcaf0f1,413113ebf5837c734743bc6fac245c377f6d4d765fe16dadcebe845b6970ecc0,919947e507cef50265be52785de2363cb5a906830e10047d81c23d360fda5fd5,01f725f4c0b30f51dc61f79cb3a50826cc61f8ba62bfd43e52c49984607f42a2,0.4268972909776494,r6_parity
6,parity,1,0.05,0.9,300035,r6_parity_sigma1_lr0.05,66,ok,,0.47541320444870516,6.003024667489506,0.4283231726161485,0.1272119822669961,a7c9f8da5f053c87a9def53188cd1c7b7f13817ab7c058c3a0e9a596c18599c1,11b8d6a0d4a74720af43b2d3caaba1e6a3f04e87c01ee83efe4d105817f577be,4b734a4f34491b2deefd6a3bf2812ba2af993350b3b2c933d7e24b5fa3a6e6df,f4dffb2a89b7f3f9cb1c450a3182e703e85d7f9451bc71aaec0fcda30318a17b,0.4118847500067204,r6_parity
6,parity,1,0.05,0.9,300036,r6_parity_sigma1_lr0.05,66,ok,,0.34320918472339035,6.011750003748257,0.43066234279092985,0.12661472878053337,22e590454277a117e664fa941ea99ad8f30ebedeb9c6b160f358ccfe31a4ec13,4a1b30cf27c2d621e06e2bfd1f031cfb01554bf0205e819cf31f51918f94ce7d,3d283e9d0a16c32a0ad4216192433dadc41646dc69c85743fe9d39749fc79ea7,accabd3b99679e32f6ccd3ddc92fafa779867ce1428b0553ca6bd1cff7c2c400,0.44268908293452114,r6_parity
6,parity,1,0.05,0.9,300037,r6_parity_sigma1_lr0.05,66,ok,,0.45442847674435344,6.153273700476742,0.42583243898287787,0.12051058023215444,f0968699341ec1620fba5f45cc467b965fd0a832614c2f270113853125578534,ca4f3809d1420c32523738a8167122c75bc9dcffdd8c533cc422527ec8511726,75712c62280eb15659b65154bf98822c2427a9ffb2fcf1e0b4595821a42be079,21acadc21b66d9f44419d64d947f3b65ae1e0351be9b37db87212f39cad3709c,0.44503608311060816,r6_parity
6,parity,1,0.05,0.9,300038,r6_parity_sigma1_lr0.05,66,ok,,0.500866060246576,6.091483738249861,0.39072231157765297,0.11760741578487353,aff3f60d957ad1bd6b8c2456f9ee3a6386b8d361ecaa85f54ae4f6bfbddbe902,0d3833058011035bd683ea656900b18bdfa928d26ea9f2045a93b3f0902d7d95,6eb2ce209e17cc8dd96d26ff534bfd5ee2ade815b21acd43e4b818b4e62d7931,af6a86697f776ec4295c4bb440a8feeae7209627d01ff982ae307315a6bdb287,0.4762936669867486,r6_parity
6,parity,1,0.05,0.9,300039,r6_parity_sigma1_lr0.05,66,ok,,0.4627139779564215,6.0547561514420725,0.41535034795607606,0.11795949881952561,4bf06104aa241b940a7daf009513d821bb13b8169b7d99bebfc074a6df500c2d,d8907a883af4e8a955b74b01aee12100811c29821c76d51119f417e1dd3d9766,2e287c46a5ee79e02dacc80ffbb96bc6e0cf49d8180c848b65b73e01c6deb48d,88f28c0d23d661816158dc525dc0737551ae9775c18ce55d5a68c910d1388edf,0.43198062502779067,r6_parity
6,parity,1,0.05,0.9,300040,r6_parity_sigma1_lr0.05,66,ok,,0.5068290601384953,6.057813384520705,0.3817888896320977,0.11491845577926142,79798a2e527fb88ab17da97fc950bc934e74d76207867b2377edfac289c7ce06,6b14f0355647f998c5a55c0c33416830f720e50e7f81ac5277dd002a135a6761,d1608375cc87fdb19f69945a74a45db4f63b973f9be7875c9df37c6a1477ad6a,7ab2f661838a7a6e3ea2ef2ea88d1f23aa32c403e0c3c629eaff2ac37ce0e6c8,0.40206866699736565,r6_parity
6,parity,1,0.05,0.9,300041,r6_parity_sigma1_lr0.05,66,ok,,0.3888069730132418,6.035036345407544,0.39561776691260014,0.11947656560760524,46829aa78c5762a9ceb54ca8863f3480de6482517bfd1e43afb0bf0bd89ee10f,5fe2e72c346db70edb03802941639391b013a95df940dd11e187db63f3e31d41,0e267490f3c2c6671d58182e56c81e30e7d4458c8378e45d6923268c70c8ee71,656b3ef53c64ab72e5361226377fc228ff80ad84640d2076bdde4e25f21099b5,0.4018149159383029,r6_parity
6,parity,1,0.05,0.9,300042,r6_parity_sigma1_lr0.05,66,ok,,0.3382482679652637,5.99713809074448,0.4480109266771858,0.13081919058973823,d1de4d8d5d0089d4d77b163b6384abdb2b66b12058825b0360411bcaac5ee92d,c96616c67560f50dd3cebed2c47ab6cb33774c80774dc35950ae0077ea90dce9,18fdae4f8db78a816d832e20d58b97c1de48bc6f7f88ed6646696914c14ff600,ca6fe300ae738febcf5b495e8e214321d598c78333180aae3f0f5e7ddd7f9d5c,0.40467112499754876,r6_parity
6,parity,1,0.05,0.9,300043,r6_parity_sigma1_lr0.05,66,ok,,0.40707105586150977,6.019665482745853,0.43875096369063454,0.12636027754290274,ef8e7bd25984576db7218ca16ec08bd0e975634b20df074f8af7de4fe7fbda55,53f7262f5cd4d611f0f38b893d60ff604847d5eca0ebf2e1a7e1e98ef996a655,5afec502bc786f658fea952918111d939cf155e9ace7e1baf206082f4330b544,48da9aee6737fbe6a3238519b6b3f7e28e8c86d2ed059792242b3d0d40ea95d1,0.42528391699306667,r6_parity
6,parity,1,0.05,0.9,300044,r6_parity_sigma1_lr0.05,66,ok,,0.36454835721581214,5.951329308666386,0.4194163627265689,0.12918023971978324,ea06d8f954be15f088b6b90d0574b59f97197659e1302f3a9a0fcf4587fe8a2e,b404b0e35919d04ba7b0a4787f4141bc945414ba3d55c84d25c5d179efb132dd,76a391884e2449bbf468c169e23aba86e65dba0887fe467417e273025fbfb544,a127083df63d48fb830dff8b560307c09b5c844ead89a30e4b58521f21927b92,0.4361685410840437,r6_parity
6,parity,1,0.05,0.9,300045,r6_parity_sigma1_lr0.05,66,ok,,0.35069567080389147,6.03627195375905,0.4546506910966774,0.13366730318242315,2bd910b6630755e770f64ec326f47885a46e28caa1cfb2ece9898be6c52254a0,0d407ec9546bde5c8283677841f884df398b4edf2732dcb0e9dd9b8da082f3fc,9538d1aa342c73294ce7b8156249c51a2b6f1621d64fb424dfecd9f78b6f2f77,5da0d51bde8cfadecddbf602d90fe3e6855c484d83fef091703829bfd1927b6b,0.43154408293776214,r6_parity
6,parity,1,0.05,0.9,300046,r6_parity_sigma1_lr0.05,66,ok,,0.49761193583592295,6.200303893971702,0.41003342060350867,0.12342005960165611,d5da4b35bdadfc27dd3908a7c92fc60c1ff033f7604349db35b46f48f15ce767,ff0c44f2c421e6eceb92495760ec4e53e943b09896522d93659840e35221af7b,d8f6d6f1afc684e3dc00c91c7608f064ae403613fd581aaccfced30090bbc48f,779cc7d93c634311b073cf38a8b4b25bbdb0eec56b431df84bcc70d49ef9b59d,0.42255137499887496,r6_parity
6,parity,1,0.05,0.9,300047,r6_parity_sigma1_lr0.05,66,ok,,0.4205029958981924,5.9920973933338795,0.42412480891364807,0.12935806671866265,ba80f6c2328d41463530a291329dc92669415ea45bc43bd361aa88ed368fe2cf,f19e3d15b50f8f8cce7c1ecf8cd85899aea4f5e9b0c50a8617fe9a8f75ab8daf,8f9190dfcd25099a9bd08935982c4c690e3ee10987b5f62e817214f0f6baca7c,b8010f431a2e94121cfc1706826363ffd14b10e94a86bba2d842feeae9467c77,0.41508962505031377,r6_parity
6,parity,1,0.05,0.9,300048,r6_parity_sigma1_lr0.05,66,ok,,0.42226268750724605,6.0683334370850845,0.42762226660887354,0.12700381318283543,2cebda7b822c6ea3ea437354fbbb1e7ca35303cc1db6c1d50b269ae1ad585e6c,b04449e3feda4928d4221f04eb43121fb8b890df6ce8d3100a7497b322c3cde5,e28d5233540073bd29e4381f76f6ce8906d3a61ffc8d3ea5ea1f9225f537abca,9dad9fa5459723cb238d1801eb538f878078fde0ca91d0174317c0f8a1f0b5b7,0.4121439579175785,r6_parity
6,parity,1,0.05,0.9,300049,r6_parity_sigma1_lr0.05,66,ok,,0.30231104293018546,5.993078736303768,0.43105930877281906,0.13017991124939135,4dda00783c3e9dbc89186954d10259bfe245724c40f8919bf579a059889831b9,800ad9b5f0a3eabf05aa8276d0c4ca8cd2b65ace12abe3fcbd9065b9bc20280f,904e474c55bb7cc6796f3eea4a2496a8682f17a2a1ae5fdd368670b873a431ee,35b180a5ac99a6261257870e366d464291b49392631cd48b2fe91796d2891f9d,0.4098783750087023,r6_parity
6,parity,1,0.05,0.9,300050,r6_parity_sigma1_lr0.05,66,ok,,0.36550747397002176,5.999492587566177,0.4166709301003196,0.12500127903009586,390f2b6ed4c28899f7489d28d61acd3ab3dac981995fc19428cbf72154196d5e,0937bba965de3b29400cb0316413f15a6327a16e51075e2bd85761227b696178,c5fe3ea8d86c7d0cdf0b96e9f6235438cf1377b9e77bc169160e4547b5bc5dcd,882992ec0b734171a1bd48ee64f79433e96b5e591937ab4ee6fe17f58c23dc6e,0.423362624947913,r6_parity
6,parity,1,0.05,0.9,300051,r6_parity_sigma1_lr0.05,66,ok,,0.45747219480985035,6.1135755367496385,0.4125357192605208,0.1208729657433326,40bd3fc16e77f7f16b4a4180dd17723bd6a874c87a2ba15961fb2d1de37f22be,3e8a74a0dae522d0d97418de854467a0d05ddd3958b9920af2b9026372da8f5e,c6ec9958d28f0d09e0034619da29818b6a30848631144d857349f34eed7b45ac,1d707469ebf55e87fe1459121ee428e3d280f943a27ca18f9ede273f8b06a1ee,0.42854937503580004,r6_parity
6,parity,1,0.05,0.9,300052,r6_parity_sigma1_lr0.05,66,ok,,0.36789815434265727,5.992101054843612,0.41725681422476923,0.12183898975363262,7ac760f36d6a12efcf52e8294de109c9d9887444b5e5cd9434e0ccb624564774,7295e148730692031f359fdf837044caacb2ebca1b6665c815a15a29ce443773,2965faa7bba695af7c477181057c12a109834695e8be9f938bbc4c6106d3e450,cfe6eaf81a119cc0417fc903518bc0818326f7baa406c1d3b69954acba87b83f,0.4218477919930592,r6_parity
6,parity,1,0.05,0.9,300053,r6_parity_sigma1_lr0.05,66,ok,,0.37190554167157774,6.0563861458227635,0.4104989349782996,0.12232868262353329,07dd12f5b5c72d4ce65bff27a2ad311d79b21736ffc2b258c075480649ce387b,d9852a48342447f1e59125dfb75c6b8b13de5a1031a1a2f49fcfcb34ff893dd1,3fbf12a2335c685760c9a7da04f357e930d2a6c8cec0a3f7cf99812fb31f631c,ccf0a435ef33d18261f34186564d59b26c8180e431f3b17bbb06bbe68c00a93e,0.42120387498289347,r6_parity
6,parity,1,0.05,0.9,300054,r6_parity_sigma1_lr0.05,66,ok,,0.46885580832423707,6.157742851449592,0.38649577326223467,0.11788121084498158,30dd86d095ec5d698c4e2c00c27bec4505fe1de45ca78a4c77bfdaf9a1ff2a4b,88556dbeea38b9e3f76af13cabc3a013f5842a42df9d64f8a2f8711bde460ef8,cda9ec4b58a395c6a63f62bff10349053f88ef6e368023afcc6ebfa55af13ce1,4bc70d4df4e49d9fdc32083d27a844ac225483f0a028698cbf90dc8068aa65fd,0.43738162505906075,r6_parity
6,parity,1,0.05,0.9,300055,r6_parity_sigma1_lr0.05,66,ok,,0.37463720597477246,6.088673266333101,0.45080039584016984,0.1374941207312518,08251a850e5eaaf3bc0db7235541dd9880d2de7b33498b9b1ffabbcc6a82e031,16103b6a02a3e8dfca8c66e03d66f1b0e1227382f6ee949182c74ddd9c1d66d2,81c8bda5ef9bc415f4dd332a7d7160df8ca6fe0c33eba04eaa5362374ed9aa6a,1710a53b43cb233c1397f073c48eb67f36c35dea370744f0af6a1a55b0f98e36,0.43755720800254494,r6_parity
6,parity,1,0.05,0.9,300056,r6_parity_sigma1_lr0.05,66,ok,,0.4354621888028006,6.013126355636236,0.3887847862498054,0.11819057501994083,d3ed01aff926b25fcd5ab72720d1b1d98d64c483df418e299d719ddb69984290,28a8d7c637b0fe9a248ae3d50677aa2d4ae5a6c7369f00f0a65b37272e587765,8a1fecd0c5a7c6fa04d9e96767d5ecfa425560663737bd394f05de14b2ba34f0,2dfa551073d4317ed430edf1ef359ad4fb4ff4d58beb4343ae7dbc320a2a6a3a,0.4440833328990266,r6_parity
6,parity,1,0.05,0.9,300057,r6_parity_sigma1_lr0.05,66,ok,,0.41332463760435184,6.029032990174936,0.4436623900735062,0.13309871702205187,46b86bb023c8eefe512ae0b282cadf490362356ee2bae4f1177511af1d02223d,23efabe96dacd7a930475e0fbfddeb62fc5649c0a94c45d1506afc56e10053df,bb23dcf2c612d453f8410d01d30d51fc1527c438111a3a75d31e45d652f2f144,65c38088d407e0aaecf1d45bf8dabb188bd1f7c6e8d094a0d2c05d252da0794e,0.42625608399976045,r6_parity
6,parity,1,0.05,0.9,300058,r6_parity_sigma1_lr0.05,66,ok,,0.51028292649436,6.165949134801982,0.4186912986058423,0.12435131568593516,be54da548939eb34c198c5b8af39c6b40768c19f8c0894ee69a24207b6b465e4,e56069914c786018770bce1a7522f77d4bddd47cb0cd7f780c1e90b386a09398,cf4c30f082660d6bcf3536c74f01f5f8606a35c577bf75008cb820343fdcc813,5ad106124f73b8b6ec601082f7a3f3758e466b794345fa75c2c7e8c7d3c4c56f,0.4255326250568032,r6_parity
6,parity,1,0.05,0.9,300059,r6_parity_sigma1_lr0.05,66,ok,,0.45117378777470524,5.999848671550761,0.4335364386065254,0.12919385870474456,86975954ea25afa24d148cd0d80a4f12817f3bdbe7943fd11114ef1e5512ca2e,ac92c365f27d645f30db1d16e6504134289e056b66e3d0432559610015e7b01f,0caf4c321e7cb267025c11ad1893409ed242aaed18430ccb82e8fb877a03a71a,926c66ca482a34a8360ee3b5977fde0d945e58fc60b5c8a6d9c9962f08ba1623,0.42133754095993936,r6_parity
6,parity,1,0.05,0.9,300060,r6_parity_sigma1_lr0.05,66,ok,,0.45689250024800004,6.1107299753197895,0.4279830319605827,0.12711096049229306,ef3dfa0dcce3266b8e64b5185906508ef9724df33f314b80d6e605d6a76f6e29,85f9e8162e8403ef1422e75acbbcb246cea4fcfcbf305c2aaefe1134d59965ef,149a9709d9e042067aeffabca69706e3f35b4871483d6b058215047a570b561e,9976a70fe827dc1ee6c5ba945f14567820f1191a0bbc059ea698ecf9d00731af,0.4212874589720741,r6_parity
6,parity,1,0.05,0.9,300061,r6_parity_sigma1_lr0.05,66,ok,,0.40868604891592897,5.986362528531599,0.4442001622368734,0.13103904785987766,cebafe01e6af0ee95f79d83a58cf7c3e9005f4eac4718eaed5302c26f67536a5,a034bb4db5a0ed251a7830b45b049184cd6466ad4c690b2da4604f786ad3f27f,aa0b4cb9a4aed22558dcd9ab4ad6708290363b9f202dffb828767aeaaf149956,af2e8d89957c07d688d308c596cb1a068265bb9ecbd91891ea165f97a8cb1c1f,0.4272480419604108,r6_parity
6,parity,1,0.05,0.9,300062,r6_parity_sigma1_lr0.05,66,ok,,0.3944620331689299,6.0130095549058025,0.3889658537929636,0.11980148296823279,b31435f2845f9ffe580f90ef95b59358e3d48dd35beec15b8d9a352d33daa705,d7eb8769059fabae7482833a3bdb6411efc7b8bbc9dad9030069e8fb4af0376d,8c494eebeb1dd11901cd552131d93113493560c93686142d2ef6a0cf63718a04,a4d3bf27604f1ccc5e440f04469600d7b3b63bd67e1f358969d160f8d7797693,0.41872091707773507,r6_parity
6,parity,1,0.05,0.9,300063,r6_parity_sigma1_lr0.05,66,ok,,0.4461104103983343,6.055480369307847,0.4188163494432103,0.12020029229020135,d6d2c5ebe7f763691e03746a41367e5be0344eaf5fdc66167695a8638bc42d03,443b43e8d82c93a9b6859f49bc9c1384d25cbd44a30cdd875c6562dd650ff6ff,63a49ca139966fd117cb0d1574a6c653f891c0d5bb380ecbfb748887372c093a,bf95635453ed7d44f59ed2e5516831554ae86e72169207d9b8a969b275d028da,0.45145645807497203,r6_parity
6,parity,1,0.05,0.9,300064,r6_parity_sigma1_lr0.05,66,ok,,0.43231875754799126,6.047547103998915,0.4511164421348944,0.13307935042979382,a2279af607d348c7eb3e3b3dc6d4045842a3e1c8cd56db71ed3c33fdd34d83ba,2d4cb5b9640c9fd1a8540366892d9096ce2ffb3b0448e9de439604e97fc81b00,a60d6ff3c236c74883f3d56d9513fe6b82356d9569548a0f505587ce60f15124,c72593111113ce2373252ba4f98730c202b93511fdcaaf28979571d2e8b27cf0,0.4407147499732673,r6_parity
6,parity,1,0.05,0.9,300065,r6_parity_sigma1_lr0.05,66,ok,,0.35571054782996486,5.8326637450500165,0.4284574657533072,0.1306795270547587,1cfb2f28eb8cc948dd0f1611cb56cb4e6560995412560e94f6b63dae98e6ad18,5880d14001810cdd467dad4ebafe5b0d6e501f3f570a4df3600f1534c2b7616a,83a063c9facca304555c6b75864aa3c0435015950dd2be247def8e20db5f93f2,43c8dc7e4c6cb333c063499d51f2e275406f4a2e1cfd2d831c389c44efd04a8b,0.43626224994659424,r6_parity
6,parity,1,0.05,0.9,300066,r6_parity_sigma1_lr0.05,66,ok,,0.420427515984888,6.071524531720537,0.42267427643879607,0.12342088872012846,708269c9fbc27a8cde579e683a6367880c14143b935f4908ad90b01362b99244,6549ca8b41b89433ed9700fa8e4e609e210451b9c7ebfbe6f1edff98e603ef32,12734b4ddd70be818e51b8789118d4874bd123c61546d70ac001d22e1c307a87,99363bfec406d2bba5dd94415bccea97752e7b3e1ffb6f5cbfa41b1579fda56f,0.4246837920509279,r6_parity
6,parity,1,0.05,0.9,300067,r6_parity_sigma1_lr0.05,66,ok,,0.46210655784378946,6.087130806699483,0.39222472089373156,0.11766741626811947,081f0a8188505511354ed61a498396ca9f725e574fcce6253e57e031ed00a1a6,e1589b617124f4cb79e463a004e07e664bcf84d0d57ca0ccfcc221cb90bd6916,4f1d3d78a800b087a806b58eaeb48b3137b97b5aaf06c8d22e51da8fbf7d08da,102e5d5035c0b56a5e05cf51ab0448cb587fbd8a90e7f419705ff7db5323ec58,0.42871879204176366,r6_parity
6,parity,1,0.05,0.9,300068,r6_parity_sigma1_lr0.05,66,ok,,0.3852417607508205,6.031508048901067,0.40662194186204603,0.123613070326062,0bab71e6eca3d3074b94363a2595e397768bf164f5737259b49028335278c69f,2352320ecc2428f76669b117992f88aa230efa0f74713ebf4f0d5ba8b32e0b81,5fca900f4af2e535b7898aeb9242c9b7621f4a6aa072cfcadb2f16fc974460b5,3c70b21e8f123b9a8be4b5153a8b89b0fea3b27f8041edee8df64d96bcc07314,0.4203002080321312,r6_parity
6,parity,1,0.05,0.9,300069,r6_parity_sigma1_lr0.05,66,ok,,0.4570833130866835,6.1300738216895985,0.41512109012754217,0.12453632703826266,6174d2c5d4074cd59901346d33d990e3b06dd344d19303a5a61f4f4ab30feb69,13ddf607a526199525f36e82d6ec66fb92b3b4a84d3eab35ac1e71aa897d1d52,bf337414c9d11ba76dc5a02e23a98ae70595c30adafa2ef439346f5c9dc669eb,42771ebba1443d94d888d0ec593abf0698690ed7ccb2e51afb426961cf602372,0.43830491590779275,r6_parity
6,parity,1,0.05,0.9,300070,r6_parity_sigma1_lr0.05,66,ok,,0.5061806844702561,6.0752041681037525,0.42079498862222037,0.12750088155253278,f634cc4e2d1c13934fed7a89e1dc9feab288a32e837cb405f0cb855949395708,ccdff70c19143dba1653dcbb3dbbffabc6f7f1c013b1dfb8a1e39a9aee3a3577,f552c7a0e43e097228a54293029eb471f79082e8eb80ba9538c3da13a469b216,b3e65b0ebf3ef4f119378502e81fe9d8373f80ebe505a7a915f0efab066c9fef,0.4863082499941811,r6_parity
6,parity,1,0.05,0.9,300071,r6_parity_sigma1_lr0.05,66,ok,,0.4128421544920617,6.000642429299738,0.4220439629298233,0.12534705699015752,a7a631ebdc901b6d1afebc5883b03deed2af77787993e7c43d983c2bd7ba4001,7a9ef81ad7224233cc5cb38b965598d9364349ed4072919e19c10e80bacca046,876f2196277e5cde99e423ccc7b42337a92cc2198a9d570dd61f1bbd1f1010b4,785070d27f7f5ca0e220ed9811633495b3069b501ba8930d8a37fdacf6bb9c2d,0.5180347909918055,r6_parity
6,parity,1,0.05,0.9,300072,r6_parity_sigma1_lr0.05,66,ok,,0.4223915210714291,6.083728530691289,0.4544698597440545,0.13406860862449607,29476ceb6b9c7bc9a00c948025fe869f227afb88b4f615b258137802f2c3d508,d2f5e742631b619a124a6e2d35a067c5b263572690ea3f3a50c8fe4ba810e605,1872fbf5145f1eec068cf1358d435b547bc62e827e7c7d79965a30d5a5568465,4dcec544102bb5be60e22bce7c1fece98192305cd23c92b61760ca0848057c8f,0.5989612089470029,r6_parity
6,parity,1,0.05,0.9,300073,r6_parity_sigma1_lr0.05,66,ok,,0.4856474591832915,5.93287671982862,0.3752587766057761,0.11145185665191551,94d96421ca2c1b509b027b228ac8292f226d27321b9fe81c04af907c5f10cfcf,ea343b04223be8eb207fe79b900dad6f48ebc9d78b3bd560a6b589d849c18632,752ca235734d3463072b13371e8c282a8ccbe3ad478d2ae30596d2216f4dd0de,03eedb56d87917b3aecf369c656476e7a3b07f55661c8f8842d72ff4561e4a15,0.5674591660499573,r6_parity
6,parity,1,0.05,0.9,300074,r6_parity_sigma1_lr0.05,66,ok,,0.36155939959977923,6.054030454311636,0.41087656731176003,0.12408472332815153,f2250eae7e757ccf0386e915268746609495ba31fce4b4abc9a865ab6e47686a,5ac414598748c0d70db4857128449cbde5756407a395d592f1e8f0d8bf4b5c79,a9c65b94a045c2b4bf1ac6b6edb461830ba947144a38ecba2ca3688c8c195454,e031c3780dd86cbaa8e648c3f5a2c9976a83b4fb677a9a56ebd8735a11eb4b44,0.5234569170279428,r6_parity
6,parity,1,0.05,0.9,300075,r6_parity_sigma1_lr0.05,66,ok,,0.35076685975269817,5.962902070995132,0.42623692219897075,0.12787107665969122,7dec063783091bc2e04a4042c3c3773b5ade267b870931cdc8039fa0219f28b1,a25c1eb5d376fa0b58834737109ce6926d29c8f0a8076020763734df14b91a56,94c6b91a40a456b38721bb29354accf167b73d0201a36ce3b775ca2c4f200c9e,7676ef20e255af5709fdae6b2cf07e19403f2b5ca272bfeb0e926e11a5598a2d,0.45150758291129023,r6_parity
6,parity,1,0.05,0.9,300076,r6_parity_sigma1_lr0.05,66,ok,,0.5039572576054449,6.167324078951291,0.4397096449835492,0.1270760874002457,874f36301d93b1a5bcbfe168684f14c2ae66efa60b0bc3f6963cb38d49893ab2,a30bb8ba2fa3f25d8d30198f6baa7b531b0290bf636c95bff3cdf4e85021d3e3,9bca2722503dca0447458a57d72ca9adfe0eeffa2c3c4751439aabc4fad54970,2b76ff5e499f07a58369df060e90d69e499ccc0bef16939b02911e37a49877e9,0.45972849999088794,r6_parity
6,parity,1,0.05,0.9,300077,r6_parity_sigma1_lr0.05,66,ok,,0.43742465632851424,6.0369308907595585,0.4068656721098131,0.12368716432138317,ae4b1717c7ab36a8bf739e3c3e609f149fdff4c16f64795219832d1bdbe563af,01468e53e4630aac84262b5039324698644a6a60b78851a2244d2d5ca7d5cb3b,2543a65e9e18fca475db28b8fe7d59bf15081a2094af5308df91e95107ff36db,65b858fe6ba3f9d0e1d6a59bf86be831aface9cc204c95ec2b1989f4daa74769,0.4675122080370784,r6_parity
6,parity,1,0.05,0.9,300078,r6_parity_sigma1_lr0.05,66,ok,,0.3365057541057863,5.979155883975266,0.42835480546307136,0.12807808683345834,fc507e05a21f23918e50d7f9083a51ab150f87ca134cd0efd7c9b54191cb9adb,7b9ca0f5a4d48af552fac2e70ed042c3545b15fb9af1361947503fc8f8c0cadf,fa79f3ce7dad074acaf5d472de579cc8c943f5d342852e257b5d734bd50acd0b,c98782a40587cf286e2407cb4af4ce3b5154fe8ff127a5460957617968a4ecc2,0.4843121669255197,r6_parity
6,parity,1,0.05,0.9,300079,r6_parity_sigma1_lr0.05,66,ok,,0.378182375913705,6.108301932629492,0.43301414557113266,0.13336835683590886,99e3cfde53d3779687e41c4889b2c25c000b0fcd2df380100446ba8715eb8ec8,671c1c32f5796c76ffd63fa2ee7f179f0b0fbb4e4d0a1e393c4129332e01d5a6,103845b6b6dcd45a3e2573962843f6fa7cfbbc5ce75609cf515090f94e9930ee,aec3e8af512682ee27752398dbe0ea948e7f828c1010b0a99fd695f7455bdaa4,0.4912258329568431,r6_parity
6,parity,1,0.05,0.9,300080,r6_parity_sigma1_lr0.05,66,ok,,0.41263078427340555,6.066583812143438,0.4098998196090541,0.12174024642388906,0e3d960b755d50f9638f138ca006e5501b07ca00e96338156fe514e01912fc98,1cbfac2f19d4c0ebeb40fc9e4eb17765a40b7e9b64b7903e8debdd4f6b207474,da3d1a1f09ca204a2c60964a4ecdb1d53cc4e7f16147526f73127eddf8125398,e3df39d667b6f61acf6c83c5e4128249bd2236e32d0394d142056923447b8754,0.48582358309067786,r6_parity
6,parity,1,0.05,0.9,300081,r6_parity_sigma1_lr0.05,66,ok,,0.416396373587378,6.080704209499161,0.40931369187603206,0.12402204863843772,ba2f638e3dea8ab3bc59b28079c678391c132e83fd9186ea1da00b1add31d0c8,1a216ec3f73d111315128ec3ea4d639c9921edf923f3131c1bf95862d334f31a,747c89f42a8cff10b2b1c386c4bea876ff098886db062cf9613b0dc5b8eb5389,ba6dd5d0a15463d1eabd6838271f0bded280b243708bf3e91a908b5468d85455,0.6722501670010388,r6_parity
6,parity,1,0.05,0.9,300082,r6_parity_sigma1_lr0.05,66,ok,,0.4361657177806234,6.073594911678276,0.3991938959379362,0.11856058709356705,6c99cdadc1611e488d48953877d470202aead6ee43dd801e550e79a6bd0e922d,7d0c04aaf56cf065cabc2f4d8c5c616d73547978bc744188c58727f7bfc38976,b7b5c9fd0cf22301729296585af7b035c571bcdd023094e999ab9f2ae5ba1802,776c104e655da8616a7b69eeea359edb639c950f27b3e3bbc9d983b3bfe03b72,0.6658650829922408,r6_parity
6,parity,1,0.05,0.9,300083,r6_parity_sigma1_lr0.05,66,ok,,0.5327081619722673,6.1452233943421115,0.4555226962953074,0.13392367271082037,fb2734f5bab358e14e01f2c8e72617ccdbaab144d7802f2c8c60ee7f1e3ed644,84c7e32ae9100532c76001d8d1c47683e020e8e4c9c3cdbd4666f567820d7dfc,84a168f2479dfb207e71f1679166fd40135f71d843dac3ecee172b73ab3d4917,67c0faefa97fcc72f26477506816687665b0308ec24257faef92544c76436c8c,0.6637506659608334,r6_parity
6,parity,1,0.05,0.9,300084,r6_parity_sigma1_lr0.05,66,ok,,0.3664292154079453,6.026460649890025,0.4281874709284512,0.1280280538076069,307f937ba084b91de860668af0fb0f69372364bb6ce4fcef6c017c30674f17bb,1cb069d54206b5c7c80fcb7a9417feaf0b8aec9e6bba2eabacd8a44cb5aed089,671b6525c3c6d4fa7a8338132fd3e8e5103d874287bd63b35cdb73823c953f61,724c14171a1de61d740037822a9f9ce23be5b731db93706cdf79c1a1967780fb,0.4905595830641687,r6_parity
6,parity,1,0.05,0.9,300085,r6_parity_sigma1_lr0.05,66,ok,,0.41658379455273564,6.049557912361239,0.41789507548318794,0.1249506275694732,b7bda8f1c6157533107318b4929256d5284403e4f9593ef909e880530d05bec6,8f4efd48e45a79dd017a1d7a311edb86e9da535faee03ae1a88e4a1c9590a97c,b9a1c30619753b609087d31c5f6bbd603a3013b6cb1492207a95405ca28c6ba7,f3cfc7e205bc3586c120cdc176289611038db3a902be3412f08c42118708c512,0.4924268750473857,r6_parity
6,parity,1,0.05,0.9,300086,r6_parity_sigma1_lr0.05,66,ok,,0.5241240660145454,6.046725648308599,0.3767909046820465,0.11492122592802419,7dca81a4c91012a56cee488c1a773d6401a3ad74b9a9405b00de27a2cba11f3c,e0324572697d072a56ed3c04da591c40f89f4e8378187195dcece0e344b2e000,4d97813142dcf97c8a611299a9659fdf6788ab740cc16dbd926646e34b916163,c92052e7aaaac93b0e3289e1087ec000cdd4172d7282df4d249bcb3ad08fee38,0.49464870907831937,r6_parity
6,parity,1,0.05,0.9,300087,r6_parity_sigma1_lr0.05,66,ok,,0.46697084715819526,6.138631825141624,0.3835531189451722,0.11544948880249684,2cd875bdde423eb1353f1213770192b7df8bd876d40fb1aa71d29f9f56f00fee,5e9e38ede140f2d6f39e4d2630dbf7e98417d17a2d266b77b6dce2135af70253,e99e84ed987c73be34374c130effae2df712f150cf0634b138095223bdda706f,15e5fd96ad85c4f2f96f7005fad75768cef852103d1181982c545f2c177e0184,0.5871519159991294,r6_parity
6,parity,1,0.05,0.9,300088,r6_parity_sigma1_lr0.05,66,ok,,0.5274203197614034,6.134013356886755,0.42227350282224224,0.12414840982973922,0030bf09b7aae09d5ca485e801a912df314636550145ceef5f18ad2202a69b51,ed7150770cccc71995eec6416e5eb8942b5187c46bb88744c3cce6ecfecca45e,7fc251d0bbd15bc04ad54aade468bb2f50ebbc58967bc4b87ca13e7729559fb4,fb17c46f28e6b1d410acac8f0a8d4091e95a36fa013ad4a5cae7b2c23fa5c51e,0.592999416985549,r6_parity
6,parity,1,0.05,0.9,300089,r6_parity_sigma1_lr0.05,66,ok,,0.49372362716280194,6.064395881328914,0.4497789818967122,0.12863678882245969,c661e54b95aa168b9588f9db764694b9637b19b067f1ce1ef87d834330b73929,60508639f832531b067f6ff4a1f52ad903eb5f468fd6de942af85d30e535bba0,367cf5b38b737aff08538fabfb5d92013302eb31e5ffc55820e034fb66218dd1,e20c63558f10e1e982ac5c051977a01c84bef97dacafd38d2e08e25643024cdb,0.5907056659925729,r6_parity
6,parity,1,0.05,0.9,300090,r6_parity_sigma1_lr0.05,66,ok,,0.34248871224703703,6.10160416785113,0.41928447211868114,0.12410820374712962,98cd9fd3f5a0edc83a0ad4fddaa12ced64d760278d475564fff1f1c5dd73e084,eb3f6b474d6816be6628e288f25ada76b0f7d91970b57b91c195cb1a75bdfeb0,746ba07d9794f8e0cb9ca0a9c10dfefaf2539e7b86fd26098f849a4cc53acdfe,2f1f59a2c7bce9fadfa268731a9f51cf7c74d74d4298a3a7fa95c256e9ea5a98,0.528916833922267,r6_parity
6,parity,1,0.05,0.9,300091,r6_parity_sigma1_lr0.05,66,ok,,0.4428689812481303,6.144201288561788,0.4204973154843021,0.12404670806786912,3ccc764800bf27bb75e2094ea8a123146ca3bde83ec7563c79a484f44610fafe,6d41cf29ae36d582d46a36d3d13ff7bf618a41b289a91760c47e508267a1e2bc,a533eaee2259cdb82e3899fbcbdc35924f90124e0f737799c83e5cd1f63080ce,36c8a8646c12aa4df95e533bb8aca8f7d4b6f2f859651a71ec8bce845cf2cb68,0.5157452919520438,r6_parity
6,parity,1,0.05,0.9,300092,r6_parity_sigma1_lr0.05,66,ok,,0.46118993835478195,6.014608053382789,0.3924273599663328,0.11733578062993351,ba3787eb400695bd780a7f47c9aac7da4c6b2a214e9244efbf6a555d261b6db2,312c1762699384512ffe8b45d038321bb9111baf907d3b4d299e58986f587df8,fd3c1426e8cb4d011029761ace4b2b96b21d202d5b4281e0857ff9e7624373d0,bdfa8a5b29cbfb141bebceb4ca8eda48e03e52371ff5e9dc686b2d5bcb225a54,0.5253520000260323,r6_parity
6,parity,1,0.05,0.9,300093,r6_parity_sigma1_lr0.05,66,ok,,0.43005413706530454,6.058340510727228,0.42118993912824315,0.12846293143411416,a7c87e334d754c35efcb9e12ce12b8d5ba21cb97c762ce1c5240cb2fd48ba9c4,3cc8f5d36dcc8109c4741d577771dc446ba604413af58962bdcbf19baf2f0dc8,8873170ca64ff40ac0d386fedcb06dea50b9c190273133b53533f8a039b33e53,918d9dd0f8fe76e0d83d979ee33c7e1cd9fd9bc2b7c78dc9729431edeaaea038,0.5283060829387978,r6_parity
6,parity,1,0.05,0.9,300094,r6_parity_sigma1_lr0.05,66,ok,,0.44933648690828626,6.057037703207349,0.4202586337388504,0.12481681422043857,fe0cb28c5e5207e0eb8d04b69d0a192adcc44035ebebbf0a71afe93c9c1de479,0cd090b78186e5e94dddb02b661a53946c90c56c0135969d592b1a63ed8f5b05,5152f7ab471d2e77376651c74bb7777a9571c83ff56ddb91b1d03af2f11cf405,88d288b2e32a0f69deace27464ac274ca5f15a6a5df39ff9a5b0b306140a615c,0.5185456250328571,r6_parity
6,parity,1,0.05,0.9,300095,r6_parity_sigma1_lr0.05,66,ok,,0.3686998972310568,5.97690562192455,0.40845073214516636,0.12294367037569508,2b1d3f506c8358f83f3f6c4c478ea6624d3260edd10ad6d1d620211c296428f5,0645f2857cbee4f45e0679741b4cb95e945e216de2bf7f7e7ec41b2cda9c8c36,8a1c4b5a9a5942de4ba79aa7cba94f6a0b7484ac2bbc05ecf8a3529b4ed8ab48,3f4d83a75ffdaee40d7115a7b2fac769f46fcb930b56db946aceed252d347a08,0.49464104091748595,r6_parity
6,parity,1,0.05,0.9,300096,r6_parity_sigma1_lr0.05,66,ok,,0.5584236497916364,6.187494020061009,0.3932121549974595,0.11560437356925309,a8b2a6d596c52df65b7d82272c0d81d9d2c9c77626ad4d90c15fef87fa6ce7bb,a2772ee613085871d2c6c6b322c84ca766ff812bd99d4bb412f81dcb90de15d8,11b37067e5e7b6b05fa6c0b6c968aca27c45f4a07fe25d84ac1159284d8e8f89,b8b0b8881b82e0a087f645bb70213f701c563fc17f0def708a21730a9acbd0b5,0.4916487500304356,r6_parity
6,parity,1,0.05,0.9,300097,r6_parity_sigma1_lr0.05,66,ok,,0.5139721375221533,6.154834597234274,0.42214771780180815,0.1236892813159298,6a58ea514372c71630cb99b35cd8e07be887fa6911b53f19b5d704732fb75bdf,e8c8a21ce148719bf4d490968666825c456df5cdc48f065ce070475a9f61b2a5,408ec60a173b32d43c671743950d22b3fbcc518181ded82ef537decf46ee0c6d,21ba4677ee60b35d83619aeea6fe62741d95afe3aab4f68a815c9b5c8fd4655d,0.48422533401753753,r6_parity
6,parity,1,0.05,0.9,300098,r6_parity_sigma1_lr0.05,66,ok,,0.4568408930016582,6.157450259585116,0.40712712730083933,0.1221381381902518,998122d28dd5e545db51a6f7b951f9827ea9260ec2b0d92d5c37cb103d0ba6ff,cafbcf058d29eff2ccbf8b9b9b6915872acb9632484a9ed2be13751a7165618b,0e2d682e0f3b7823752766f88040994c84279aac8b86b0ccd6c2db8c96858532,67bdf3dafd728a30c41648ed3b3bbca219e3aff9e71213edb93c1b65a8acd5ff,0.6089834169251844,r6_parity
6,parity,1,0.05,0.9,300099,r6_parity_sigma1_lr0.05,66,ok,,0.4542352727958264,6.042638555661617,0.42787610438557033,0.1300743357332134,84ae2550cdacfb1a0c04866f5109d582dc8f9d46f21b0b67a1fe731269b4c984,bfe6ea452f11a0df7fc9c4a0f46f997a12c5f847d7cb575e520f403a4bf425ea,4b24bef303469885eb85d79f9574f3f854ff1fc98903af707f3f9a593849de7b,5c1ccc057726006978cf2b34b8fb1acb4bf3d2742633598fd60d09bd52721510,0.8491389590781182,r6_parity
6,parity,1,0.05,0.9,300100,r6_parity_sigma1_lr0.05,66,ok,,0.31575551626194426,5.862749992912397,0.48422782311166,0.14333143564105136,79ea598cce16ae26ad8840b1327ff8de5d21fd4d9430d25e5240651e7af36883,c6cb13adc09d1c9493e0525b5e9c1857602686d97269e77f2bb4ddecac2d9281,4e0864318ee829551837ffe5fe3d66e90299499dac73e1a366fb445892b61f9c,0510aa10fb38e5187d8dcf951d2dda75c05811565faf89967c4f38e222dceff0,0.8696585419820622,r6_parity
6,parity,1,0.05,0.9,300101,r6_parity_sigma1_lr0.05,66,ok,,0.2878476563093739,5.931053049676563,0.4496489465457272,0.1339953860706267,0fb83b7408cbc1aaa63ef4f097d2d4880365ec38387ba68f6e8c06e44ed382b4,dceb90c9b78bbf6b549b8ab484f361187309c14504d742a94a4f018d6ff4ff8f,99cad4572e3be37de5de9ebea1af6a6bd8e7f09eba7193c208531028a0aaada6,e089c62b93461e55c96abcbb31e490e3053a834ab77f79b49d4796437b974aa1,0.7910103340400383,r6_parity
6,parity,1,0.05,0.9,300102,r6_parity_sigma1_lr0.05,66,ok,,0.5366789131934655,6.147272438799175,0.38221883290007425,0.1142834310371222,e006b6489056566299e5317c5e2b106d8b7edd9487990bf6db04060c6ac36307,e07ce9fa89fc078461c503cf21016be917062050bc58b8a99684204e3157ba1c,9c756a3d25cb685dfc0a627f89c204bb35f74e01dc9ba350c2004fcc39b435e0,8565a1507b1d91c899fc3b572f5f211371587763684167870e9d84f220e29b24,0.7570140830939636,r6_parity
6,parity,1,0.05,0.9,300103,r6_parity_sigma1_lr0.05,66,ok,,0.3602144242622207,5.934454011638927,0.40813604434913364,0.12080826912734355,84e90d70cb6e50e4307e53a36b76f3648b8d6250f46defb308584a6065977352,f00bf89f1900623e01eb9a58b0cb70f1bcbb56703e588050aab3210550b31700,f49351e74453efa8d509ceb5de71f8ce765ae26c27216c7aa45c8e4757bca7bf,a1f95afbf85c27e6c97db904192114e8f1fea86926d6467e2a3ccc26d3d046b1,0.786409292020835,r6_parity
6,parity,1,0.05,0.9,300104,r6_parity_sigma1_lr0.05,66,ok,,0.39625688556691424,6.084133109588887,0.4502242255603096,0.13281614654029134,2c3887f0f74ede3f0dad59dc0d44c3389907c03911f67ef27c1dc5383e7ee93b,23cf924fe429906fb077746ef8a5906c8fbd8ade881ed87a2d573bfc29104d1b,4202a7c38b74350de0c75e71d1f62be1794a0748545df24247ecad905359d73d,2360b01ba0470defdcf2cbdfbee2e432035dd477e933f511967e7823daf63da7,0.8879746670136228,r6_parity
6,parity,1,0.05,0.9,300105,r6_parity_sigma1_lr0.05,66,ok,,0.46390616258688205,6.069128293677864,0.41700291301888665,0.12259885642755268,de0ebb6b14e2d450cf1bf792fc262365fb3d059482fdd0b5f214736a7a740690,ca39052c1df6c96c8cc1bb2d62654af1cbbf1e3f5b76fb2794c5d04b41e0a09d,ffb7a1762afb3e5e37ddd1f00aa558db748f3a36d2eed3def2c8d51fd2760688,9b46824bb52ff7d8fe6fbbecacb1d357edf376137d4fb36569e7a70cb533b56a,0.8028090830193833,r6_parity
6,parity,1,0.05,0.9,300106,r6_parity_sigma1_lr0.05,66,ok,,0.409899962959952,6.037999139443055,0.4416408330345768,0.13072568657823472,ad033ae221c957f89cdf90b8ce75396eb58cbb69b99f95a7271da6cfb9c35e37,745018b097730ce74ebf95cf2852b9b8067c7d69379762899184116cb2ca62da,fd3fb6134812ab3b6a395bbe4fae83ff9d54f9311f589a2de589eb766c317711,53a0bc2969af5069ee477c2b133718fc888e1f9e76fdbd8fd2ad67e2e999d915,0.7489429579582065,r6_parity
6,parity,1,0.05,0.9,300107,r6_parity_sigma1_lr0.05,66,ok,,0.4592426051481162,6.060210498536662,0.4269512497585499,0.12851232617732353,6aae500dd352d571784f86d0556e3fa32e53a656708e352d32656ae1efcba352,15b994e67211c5c8a53560c6bd4c76368bdb22ea10aeff9b0b4fa3fe26860262,da91b2c15873f63c1a230a8d67f6b224f4c4df9dd62b0c54b3c0f00e3c4d08d3,a7b39f6da608be60a2e515bd4433612ec10dfe6326b1767ac8af730e50257346,0.6003956249915063,r6_parity
6,parity,1,0.05,0.9,300108,r6_parity_sigma1_lr0.05,66,ok,,0.358765461093872,5.997123147181814,0.43520772542965136,0.13056231762889542,41309af3394399959ccfe27b376380ece9eca6d3297ce2213fdf23e9a6d2ac93,d97074ac83e2be40bde748920c734d9759162fbca1875f0f21dc789ac44c5a1b,ed15075c6f0bbaa0dbfd618e49585ea8710ca1bb6990788a4838b3890a1a4f51,b9e1775cc206d31049d6cd432d60c8475f6ca563646cee3b385962493a0ee432,0.6250207079574466,r6_parity
6,parity,1,0.05,0.9,300109,r6_parity_sigma1_lr0.05,66,ok,,0.42205178144575195,6.0775169930837425,0.4056145853098194,0.11641138598391816,771fcb9213886ea1f967979f6ad3fe3f6fcea304f2642dad6194341495a315cf,927c3658ab546714e54b9ee0f95b97c491be86f54c7a00bb51e6e63694563370,c3d982fd33888ff0cab3deb3e4da996e6f9492dea1cf1ca5c8057d98bff412f8,79a77ce221b9bcdca49b1c71d635a50aad83d976bfd6d1a3e80be358cfb488a0,0.6319280419265851,r6_parity
6,parity,1,0.05,0.9,300110,r6_parity_sigma1_lr0.05,66,ok,,0.372935201764496,6.064304862934419,0.4230307670380604,0.12267892244103751,cde45661617a288f63ac7c264248a144b6191f42bc1653ad3551b4b4735ab87f,b99d2d6fd8b683d6356cb6d876c164fe9843b9e33fe8788befbacf4ca22f0c2d,2c6664d1f44412e3e549e3b88f6ce156a781bd725e2b35d71699fd85cecab9da,dd2c4aea82829dd708bbb6239d55a6e86cf87e24ff833ce3bc94ba6909dc9931,0.660223999992013,r6_parity
6,parity,1,0.05,0.9,300111,r6_parity_sigma1_lr0.05,66,ok,,0.4457301945346764,6.199746398609488,0.45259484861261357,0.13261029064349578,e133603627b2009609a3aa5bed97281a6cbdfca6a7eea92a419745c7546dcdde,f7c0162fc827424ac8388e374e078e13fff35507f602aa06f4b2996d6e484025,5a3724fc214532856832e6d2d1b52a77e4d66c3a97ee024d9b03dc07fd5b16f4,c3143002eaf8cba21b40d555f445825893a34880e8e8efbca97a2f4025c60941,0.6213607089594007,r6_parity
6,parity,1,0.05,0.9,300112,r6_parity_sigma1_lr0.05,66,ok,,0.5217739418971805,6.186951216710749,0.3576870010695859,0.10873684832515411,644bacd763502337e0035239bd1882a2783d5b5a05ac3cf964f3ace18d859473,317341fee9a89e62d763d3abfbb2be4f20cb86c2022f5a63ff588b0dbfce4787,b5f95f7a158d8e2b46b8bd54325b2ffd6eb875b0ed0dbb9fb631bf8cead0e604,f5980a6ce78fc37805ad5da5a0df649fb07359267096f21b638543d14093e594,0.6175889159785584,r6_parity
6,parity,1,0.05,0.9,300113,r6_parity_sigma1_lr0.05,66,ok,,0.3644200842479217,5.927479166681903,0.4458743045212232,0.13153291983376084,ea02a0f906c4077add1f728f580129235b1ccebff060438ebc231b16f441728a,5757b18f7496722c3110cf0964f2bd6855ca6e2ab2eb5d5d9fe2176e26a40d5a,cad7a092806adf118404d1bd84ddc823cafb59b31129309b680305113d49e36c,683a870ca96953a4c13ad698821d617e1fa584e2a2728fa3e900cf33a6b4cee7,0.5746127080637962,r6_parity
6,parity,1,0.05,0.9,300114,r6_parity_sigma1_lr0.05,66,ok,,0.5283161976424544,6.208005215625779,0.4039610917916636,0.12038040535391577,ce4b99d8f04992133ac07a717779dcd6cdfd51bdfbfe5caa5ff3046c4fd6b552,dc88917ed83c59b5699ba2636285e959769397710157d22d8217c2fd639b0fb9,dc3da1a83fac0bf4e4451fa252b3c866d5fde3cb9a03b5dcb413f3ad2c131b9e,f55cf03cef4ed15bb0252b05b4c11531baa7510d9cdad16ee4943c2ef79304a2,0.6985438329866156,r6_parity
6,parity,1,0.05,0.9,300115,r6_parity_sigma1_lr0.05,66,ok,,0.43553577249052366,6.03469364542163,0.39895902023927693,0.11689499293010815,c463a396e85798bc68cf4a062dbaa6d994363a8cdfc6d7c9791e21091069da9f,5958f974d9825dc3c070069675227ef7f9be0ab42121f1e9539e0d2e6b750b37,e95915d125b132c7d447fbb566f65c3b92efc3e6241e98d21ba9412f727e7ec9,843901bbb50995d183db5bcff860f24c42ec798e9a1e7d49cfbbfa0f3f256569,0.6963351250160486,r6_parity
6,parity,1,0.05,0.9,300116,r6_parity_sigma1_lr0.05,66,ok,,0.5049806254538963,6.099565529266936,0.42578398195954065,0.12390313875022634,084daee521e0d96b4b6964217b212b6e3d0f8e53220f91810df897c8d600625b,95c1327da070b867d19ea8b2c991d0b127ec0999753a2e627a218e1fc3568efa,1b48fd53314479321e67cf2a675b823a844ff25f4e3ddbee33308c44ea550391,aa6640f54f4343f4b1a32b0c60343cc792214f471e4a3294a3b487ba9322530b,0.6735999579541385,r6_parity
6,parity,1,0.05,0.9,300117,r6_parity_sigma1_lr0.05,66,ok,,0.45241372065297397,6.112222613329388,0.4170513473185545,0.12469835284824779,a7cb6900e99f4095de6330dd8d979a9b2cf415af5be1ec45ac3ad74d3326eb57,2177432f921982ea8d382df02f0077297ddaccd66748d6c49c88675fedf7c8fc,792335a3447a17fcd77af04021c690ec40e2a8443d013cd407c29c68fa073201,7f288cdbfcfa09cca142051cc19277ed551b1b9f13924a890794c4ee71edcafe,0.5622928749071434,r6_parity
6,parity,1,0.05,0.9,300118,r6_parity_sigma1_lr0.05,66,ok,,0.4408925369998933,6.116237410430092,0.4205228569232553,0.12447476564928357,2bcd33845041cd219b498a03ec11004d81bbe9dd3f558b754d6ea545896bc7e1,b656512a7c47a60c5f0e2699f11ba568f724faf443528db6c622a46754c748b1,fc02f4d4b9ecf940f90b8221b74788db1e32f4a3a30943ba342bab882130c0e3,17bd8b95187fe3ff7b122e9d504af4ebc77b061a28e4c6c253c40166114c469c,0.5852652910398319,r6_parity
6,parity,1,0.05,0.9,300119,r6_parity_sigma1_lr0.05,66,ok,,0.46094036928302873,6.2219846095182785,0.4015402467911761,0.11885591305018814,aed0e9fe989702c5562c247fac514771a622ee069fc4d2535cb8bac20c823ea6,7ee168630ae11472db3d3cf3061384c4b41ab444816c085b7ff71d8d02ebc072,d5e00d8450ac3ad1d6c991864c31233360375c48fb0b2972e5bb75bbcb43755b,2f5be4df2c8c5360793bfab449a6e68315b7b62f3c21c5d0b10869c7280d3daa,0.5707935830578208,r6_parity
6,parity,1,0.05,0.9,300120,r6_parity_sigma1_lr0.05,66,ok,,0.38465440148856467,5.967657277372442,0.3863552843383552,0.11667929587018326,cb61b23895f2815bdc0aadf0c708a92916c48234dd8e466aac8cb4db803fe60e,31599b2d6bba43c85d8620af2e75378d2f44d1123d2eeb378287504537e26fbb,c063650c33d0d9369a8c343792f1afa9aa4bc962b7543d5f4c67756973468890,e2b70d923e3dc7de7075c7cef11765ba3713863f7a487f0f6666c6e03dfd6ec1,0.548346541938372,r6_parity
