objective,lr,key,seed,status,error,kl,validation_nll,parameters,scale,initial_gradient_norm,reference_gradient_norm,scaled_initial_gradient_norm,sample_sha256,initial_sha256,mask_sha256,validation_sha256,seconds
hellinger,0.005,hellinger_lr0.005,111,ok,,1.0649689081934863,6.839178076090487,36,0.2336835487921589,0.24177438873788826,0.05649869716732471,0.05649869716732471,6f4599f803588363f7f3f06a30082972087391773f80fd6d7eb3eadc6484859e,28b0ebbf9be5e833a1d38468d7218b52b6eca83c2a9f1c6221ed279bc5fe306d,8fab7eb1dfc2006c517c0e7e9e69f75a99f3dc01832c43b11c9ba40c9bcd6823,ff013eda1d426d67006a334f6583897c614d689f5823b14c442be63e78bb3962,0.3839390419962001
hellinger,0.005,hellinger_lr0.005,112,ok,,1.0950677742449684,6.7701063485957915,36,0.18044031634663438,0.27582504666240565,0.049769958676089666,0.049769958676089666,23158049f8a287709543a55b89f8943218b08cba397a67e034633640e70c99f6,ef7c966740418fd6a40b794df00c0c243906c71043c6b0f768b5a1adf85a9eef,02f04c05a341d11e3b57c54926b2dbae6a2e489c24a16657054478fda872ca64,3dd0b47c3c1ce23069083c16d0c2272714da54db5025db5646fd1228b010a5e8,0.3836183330058702
hellinger,0.005,hellinger_lr0.005,113,ok,,1.1424184746597046,6.727187338785301,36,0.26280706965623535,0.26554600378261606,0.06978736711303292,0.06978736711303292,1130bcd06d370ab57f1bc3a67409c755b267648b80a0f46e840060bb010d3ab8,c68fb172bb60d66f359aa28c9948d748b520f4271b111e5de41911067a4f354b,1d1668fc7ae6e962f5f3b23083b5cf8c2778125e6999c83b21749b59535e825c,db95c591d5ad7a1f08531cf0e04985b931fc730f28e8ed47b8c7c5d8ecd8db0c,0.3837783330018283
hellinger,0.005,hellinger_lr0.005,114,ok,,1.0073755967969282,6.725471238057431,36,0.2172887772600691,0.24923947637982063,0.0541569410675111,0.0541569410675111,c8a7a565f4c34afcedf377bd8a33aee023bbafec99430b278d5183f906311b3e,c33ca7855f00a693f1f0af550d168ba9c880c362927ac4b9858046f2d8b7a17c,38002117c0ffdb4a9624b0cd256b65181fc12e3321756df0d82b3aabebebd605,52ceac77e1e0c99a5de90b23d52d3e2f15eb08da92d5b6842d3e92834a138f22,0.37975404200551566
hellinger,0.005,hellinger_lr0.005,115,ok,,1.2927796498265747,6.800744507584757,36,0.14720612818463022,0.2740335568697261,0.040339418899455054,0.040339418899455054,21e3187a25ce542a7fda12331f6df5573b7aa9cfb19c4d6a1242f48e9ab77257,2979b01fffc02f60db951ba7c3ab40b94b411246fd1d648f7c1e046da8b55f29,20e1afcba9533c9a3cd05a6d7e63f13cc97f4d348c142d7f72917f8929ca02eb,c3a0cabd7487508470d585545f7b6a856897b0410105302f1b4d5c12944c190d,0.38226220900105545
hellinger,0.005,hellinger_lr0.005,116,ok,,1.570774667944095,7.259993888796832,36,0.21960089685390652,0.26972773570794295,0.05923245266783774,0.05923245266783774,b240340bda42b13e461b839e854e8931eb9b197c11fad589d1f07877b5a6c105,8944d8f9094422671c06b3f2af086555200354f4f465fe9295a66b6f28ee7466,a927dd1c515d66a61fb11e1c948c7e8042e5cfedc1c4b8d5dca9f3be9e46a7b7,0d285e8573294ff0f8d626c9d7c79b1ffa6d14fb3071ba7be902aa48627a1c7e,0.3808576669980539
hellinger,0.005,hellinger_lr0.005,117,ok,,1.2197519721824306,6.803465677029682,36,0.15867930248297213,0.26916927251715933,0.04271159241287188,0.04271159241287188,2ff937c83d36f7b3a5406c91e8755c50ce932575e34db68925452587b0ab77d6,4ce67a52451597cfc11fd97edf40aa34eb1b5c997198bd1076c33fe083bdd43e,b828baff1fb9f67c70b6dbea3cba487e81abd07d2e9720c22549cc121a9cf9ad,32821079a74fe63f445d951a557ad18447fced01821fc77b6b8d137d2fe48881,0.38339937499404186
hellinger,0.005,hellinger_lr0.005,118,ok,,0.962037452522555,6.716819228992958,36,0.18098047850790652,0.2542701449825481,0.04601793250921632,0.04601793250921632,f9372f8f74b3a18b86f9a9dd960278381003e836073cde71119d3b892dde9434,7bd60133923f8534362210d3aca0aff74ce000224bd76127dd7b0bce56ccb362,605f62e239322f5313d845a2d699f250ce6a7e0825aa8e661c4d9f8dc5f782d9,ffdd2708cda2855a18fd4a81398631fadb59f1610b8dd3d36eefe8f678572c16,0.38763724999444094
hellinger,0.005,hellinger_lr0.005,119,ok,,1.096344902243518,6.70930626003196,36,0.16277119412446686,0.2592056405316404,0.04219121163313242,0.04219121163313242,9cc5a5818d004f0f1492c246ba3ab8685b2df3f7dfd15cdf113ebebec42d8dee,64ada1b3e94d843469b9e745b7a15decfea54282d3d3fdc06c17e9cdcea8dc5b,ca428a2d600b7cd0b47722decaa3f8e1a32769793f46a3ced6ba5f9ab631e1f2,01bf4e2b10f88360652600d185a9d719f05502f25f089d70da96eafa7fe4dfe3,0.3865638749994105
hellinger,0.005,hellinger_lr0.005,120,ok,,0.9965599181273264,6.7425645615196625,36,0.2059426041612748,0.2511731273804628,0.05172724794806411,0.05172724794806411,69e5aaf107b63f46b6b057dfe99d3189e4f485b9649136f1718f398f646e43c6,d8e50e695e49ac02b6f76daee1d39919959a4aa8a84f49c7d93d5a5dc3caa2ff,5604d0b01aa38439978ff828fd8b23f34f58aaa29f9fc4cf46c8f2889862d932,dff4b17a330f664ec4d31f507c7603e7842ac94d65226c760d6e78cfa953aeb7,0.3812417919980362
hellinger,0.01,hellinger_lr0.01,111,ok,,0.8886620153273802,6.709547154440492,36,0.2336835487921589,0.24177438873788826,0.05649869716732471,0.05649869716732471,6f4599f803588363f7f3f06a30082972087391773f80fd6d7eb3eadc6484859e,28b0ebbf9be5e833a1d38468d7218b52b6eca83c2a9f1c6221ed279bc5fe306d,8fab7eb1dfc2006c517c0e7e9e69f75a99f3dc01832c43b11c9ba40c9bcd6823,ff013eda1d426d67006a334f6583897c614d689f5823b14c442be63e78bb3962,0.38400570799421985
hellinger,0.01,hellinger_lr0.01,112,ok,,1.085982284538276,6.738973073773428,36,0.18044031634663438,0.27582504666240565,0.049769958676089666,0.049769958676089666,23158049f8a287709543a55b89f8943218b08cba397a67e034633640e70c99f6,ef7c966740418fd6a40b794df00c0c243906c71043c6b0f768b5a1adf85a9eef,02f04c05a341d11e3b57c54926b2dbae6a2e489c24a16657054478fda872ca64,3dd0b47c3c1ce23069083c16d0c2272714da54db5025db5646fd1228b010a5e8,0.3837761659960961
hellinger,0.01,hellinger_lr0.01,113,ok,,1.1350143825695735,6.688336257868188,36,0.26280706965623535,0.26554600378261606,0.06978736711303292,0.06978736711303292,1130bcd06d370ab57f1bc3a67409c755b267648b80a0f46e840060bb010d3ab8,c68fb172bb60d66f359aa28c9948d748b520f4271b111e5de41911067a4f354b,1d1668fc7ae6e962f5f3b23083b5cf8c2778125e6999c83b21749b59535e825c,db95c591d5ad7a1f08531cf0e04985b931fc730f28e8ed47b8c7c5d8ecd8db0c,0.39482404199952725
hellinger,0.01,hellinger_lr0.01,114,ok,,0.912249505373515,6.6290465312381075,36,0.2172887772600691,0.24923947637982063,0.0541569410675111,0.0541569410675111,c8a7a565f4c34afcedf377bd8a33aee023bbafec99430b278d5183f906311b3e,c33ca7855f00a693f1f0af550d168ba9c880c362927ac4b9858046f2d8b7a17c,38002117c0ffdb4a9624b0cd256b65181fc12e3321756df0d82b3aabebebd605,52ceac77e1e0c99a5de90b23d52d3e2f15eb08da92d5b6842d3e92834a138f22,0.39869562500098255
hellinger,0.01,hellinger_lr0.01,115,ok,,1.291428095537237,6.799306244034286,36,0.14720612818463022,0.2740335568697261,0.040339418899455054,0.040339418899455054,21e3187a25ce542a7fda12331f6df5573b7aa9cfb19c4d6a1242f48e9ab77257,2979b01fffc02f60db951ba7c3ab40b94b411246fd1d648f7c1e046da8b55f29,20e1afcba9533c9a3cd05a6d7e63f13cc97f4d348c142d7f72917f8929ca02eb,c3a0cabd7487508470d585545f7b6a856897b0410105302f1b4d5c12944c190d,0.3979495829989901
hellinger,0.01,hellinger_lr0.01,116,ok,,1.140398372065704,6.826685537674857,36,0.21960089685390652,0.26972773570794295,0.05923245266783774,0.05923245266783774,b240340bda42b13e461b839e854e8931eb9b197c11fad589d1f07877b5a6c105,8944d8f9094422671c06b3f2af086555200354f4f465fe9295a66b6f28ee7466,a927dd1c515d66a61fb11e1c948c7e8042e5cfedc1c4b8d5dca9f3be9e46a7b7,0d285e8573294ff0f8d626c9d7c79b1ffa6d14fb3071ba7be902aa48627a1c7e,0.3982901249983115
hellinger,0.01,hellinger_lr0.01,117,ok,,0.9728729160719788,6.574275880185192,36,0.15867930248297213,0.26916927251715933,0.04271159241287188,0.04271159241287188,2ff937c83d36f7b3a5406c91e8755c50ce932575e34db68925452587b0ab77d6,4ce67a52451597cfc11fd97edf40aa34eb1b5c997198bd1076c33fe083bdd43e,b828baff1fb9f67c70b6dbea3cba487e81abd07d2e9720c22549cc121a9cf9ad,32821079a74fe63f445d951a557ad18447fced01821fc77b6b8d137d2fe48881,0.39753200000268407
hellinger,0.01,hellinger_lr0.01,118,ok,,0.8812404731193921,6.668222220908456,36,0.18098047850790652,0.2542701449825481,0.04601793250921632,0.04601793250921632,f9372f8f74b3a18b86f9a9dd960278381003e836073cde71119d3b892dde9434,7bd60133923f8534362210d3aca0aff74ce000224bd76127dd7b0bce56ccb362,605f62e239322f5313d845a2d699f250ce6a7e0825aa8e661c4d9f8dc5f782d9,ffdd2708cda2855a18fd4a81398631fadb59f1610b8dd3d36eefe8f678572c16,0.3974052080011461
hellinger,0.01,hellinger_lr0.01,119,ok,,1.0176954470152875,6.651740792874673,36,0.16277119412446686,0.2592056405316404,0.04219121163313242,0.04219121163313242,9cc5a5818d004f0f1492c246ba3ab8685b2df3f7dfd15cdf113ebebec42d8dee,64ada1b3e94d843469b9e745b7a15decfea54282d3d3fdc06c17e9cdcea8dc5b,ca428a2d600b7cd0b47722decaa3f8e1a32769793f46a3ced6ba5f9ab631e1f2,01bf4e2b10f88360652600d185a9d719f05502f25f089d70da96eafa7fe4dfe3,0.39613562500016997
hellinger,0.01,hellinger_lr0.01,120,ok,,1.0464817662340744,6.8002272531533,36,0.2059426041612748,0.2511731273804628,0.05172724794806411,0.05172724794806411,69e5aaf107b63f46b6b057dfe99d3189e4f485b9649136f1718f398f646e43c6,d8e50e695e49ac02b6f76daee1d39919959a4aa8a84f49c7d93d5a5dc3caa2ff,5604d0b01aa38439978ff828fd8b23f34f58aaa29f9fc4cf46c8f2889862d932,dff4b17a330f664ec4d31f507c7603e7842ac94d65226c760d6e78cfa953aeb7,0.3992612090005423
hellinger,0.02,hellinger_lr0.02,111,ok,,0.851106711811164,6.674387181155671,36,0.2336835487921589,0.24177438873788826,0.05649869716732471,0.05649869716732471,6f4599f803588363f7f3f06a30082972087391773f80fd6d7eb3eadc6484859e,28b0ebbf9be5e833a1d38468d7218b52b6eca83c2a9f1c6221ed279bc5fe306d,8fab7eb1dfc2006c517c0e7e9e69f75a99f3dc01832c43b11c9ba40c9bcd6823,ff013eda1d426d67006a334f6583897c614d689f5823b14c442be63e78bb3962,0.4001917920031701
hellinger,0.02,hellinger_lr0.02,112,ok,,0.9941175734069768,6.621812292237792,36,0.18044031634663438,0.27582504666240565,0.049769958676089666,0.049769958676089666,23158049f8a287709543a55b89f8943218b08cba397a67e034633640e70c99f6,ef7c966740418fd6a40b794df00c0c243906c71043c6b0f768b5a1adf85a9eef,02f04c05a341d11e3b57c54926b2dbae6a2e489c24a16657054478fda872ca64,3dd0b47c3c1ce23069083c16d0c2272714da54db5025db5646fd1228b010a5e8,0.38791008300177054
hellinger,0.02,hellinger_lr0.02,113,ok,,1.1331030947891803,6.686424109540508,36,0.26280706965623535,0.26554600378261606,0.06978736711303292,0.06978736711303292,1130bcd06d370ab57f1bc3a67409c755b267648b80a0f46e840060bb010d3ab8,c68fb172bb60d66f359aa28c9948d748b520f4271b111e5de41911067a4f354b,1d1668fc7ae6e962f5f3b23083b5cf8c2778125e6999c83b21749b59535e825c,db95c591d5ad7a1f08531cf0e04985b931fc730f28e8ed47b8c7c5d8ecd8db0c,0.3847495419977349
hellinger,0.02,hellinger_lr0.02,114,ok,,1.0398645250005258,6.754498030546744,36,0.2172887772600691,0.24923947637982063,0.0541569410675111,0.0541569410675111,c8a7a565f4c34afcedf377bd8a33aee023bbafec99430b278d5183f906311b3e,c33ca7855f00a693f1f0af550d168ba9c880c362927ac4b9858046f2d8b7a17c,38002117c0ffdb4a9624b0cd256b65181fc12e3321756df0d82b3aabebebd605,52ceac77e1e0c99a5de90b23d52d3e2f15eb08da92d5b6842d3e92834a138f22,0.3851079999949434
hellinger,0.02,hellinger_lr0.02,115,ok,,1.2998810804175647,6.80468654516662,36,0.14720612818463022,0.2740335568697261,0.040339418899455054,0.040339418899455054,21e3187a25ce542a7fda12331f6df5573b7aa9cfb19c4d6a1242f48e9ab77257,2979b01fffc02f60db951ba7c3ab40b94b411246fd1d648f7c1e046da8b55f29,20e1afcba9533c9a3cd05a6d7e63f13cc97f4d348c142d7f72917f8929ca02eb,c3a0cabd7487508470d585545f7b6a856897b0410105302f1b4d5c12944c190d,0.39650804200209677
hellinger,0.02,hellinger_lr0.02,116,ok,,1.1485518272744368,6.832622579304142,36,0.21960089685390652,0.26972773570794295,0.05923245266783774,0.05923245266783774,b240340bda42b13e461b839e854e8931eb9b197c11fad589d1f07877b5a6c105,8944d8f9094422671c06b3f2af086555200354f4f465fe9295a66b6f28ee7466,a927dd1c515d66a61fb11e1c948c7e8042e5cfedc1c4b8d5dca9f3be9e46a7b7,0d285e8573294ff0f8d626c9d7c79b1ffa6d14fb3071ba7be902aa48627a1c7e,0.39781150000635535
hellinger,0.02,hellinger_lr0.02,117,ok,,1.0115741521902955,6.604966714592085,36,0.15867930248297213,0.26916927251715933,0.04271159241287188,0.04271159241287188,2ff937c83d36f7b3a5406c91e8755c50ce932575e34db68925452587b0ab77d6,4ce67a52451597cfc11fd97edf40aa34eb1b5c997198bd1076c33fe083bdd43e,b828baff1fb9f67c70b6dbea3cba487e81abd07d2e9720c22549cc121a9cf9ad,32821079a74fe63f445d951a557ad18447fced01821fc77b6b8d137d2fe48881,0.3942393750039628
hellinger,0.02,hellinger_lr0.02,118,ok,,0.8803293324416102,6.646448248335082,36,0.18098047850790652,0.2542701449825481,0.04601793250921632,0.04601793250921632,f9372f8f74b3a18b86f9a9dd960278381003e836073cde71119d3b892dde9434,7bd60133923f8534362210d3aca0aff74ce000224bd76127dd7b0bce56ccb362,605f62e239322f5313d845a2d699f250ce6a7e0825aa8e661c4d9f8dc5f782d9,ffdd2708cda2855a18fd4a81398631fadb59f1610b8dd3d36eefe8f678572c16,0.3874329999962356
hellinger,0.02,hellinger_lr0.02,119,ok,,1.0166329483096395,6.649207339365646,36,0.16277119412446686,0.2592056405316404,0.04219121163313242,0.04219121163313242,9cc5a5818d004f0f1492c246ba3ab8685b2df3f7dfd15cdf113ebebec42d8dee,64ada1b3e94d843469b9e745b7a15decfea54282d3d3fdc06c17e9cdcea8dc5b,ca428a2d600b7cd0b47722decaa3f8e1a32769793f46a3ced6ba5f9ab631e1f2,01bf4e2b10f88360652600d185a9d719f05502f25f089d70da96eafa7fe4dfe3,0.39065541699528694
hellinger,0.02,hellinger_lr0.02,120,ok,,0.9195484609723208,6.693808256390506,36,0.2059426041612748,0.2511731273804628,0.05172724794806411,0.05172724794806411,69e5aaf107b63f46b6b057dfe99d3189e4f485b9649136f1718f398f646e43c6,d8e50e695e49ac02b6f76daee1d39919959a4aa8a84f49c7d93d5a5dc3caa2ff,5604d0b01aa38439978ff828fd8b23f34f58aaa29f9fc4cf46c8f2889862d932,dff4b17a330f664ec4d31f507c7603e7842ac94d65226c760d6e78cfa953aeb7,0.3867061660057516
hellinger,0.05,hellinger_lr0.05,111,ok,,0.833922823372717,6.6570070365054415,36,0.2336835487921589,0.24177438873788826,0.05649869716732471,0.05649869716732471,6f4599f803588363f7f3f06a30082972087391773f80fd6d7eb3eadc6484859e,28b0ebbf9be5e833a1d38468d7218b52b6eca83c2a9f1c6221ed279bc5fe306d,8fab7eb1dfc2006c517c0e7e9e69f75a99f3dc01832c43b11c9ba40c9bcd6823,ff013eda1d426d67006a334f6583897c614d689f5823b14c442be63e78bb3962,0.38258991700422484
hellinger,0.05,hellinger_lr0.05,112,ok,,1.0771203613949858,6.696882876550217,36,0.18044031634663438,0.27582504666240565,0.049769958676089666,0.049769958676089666,23158049f8a287709543a55b89f8943218b08cba397a67e034633640e70c99f6,ef7c966740418fd6a40b794df00c0c243906c71043c6b0f768b5a1adf85a9eef,02f04c05a341d11e3b57c54926b2dbae6a2e489c24a16657054478fda872ca64,3dd0b47c3c1ce23069083c16d0c2272714da54db5025db5646fd1228b010a5e8,0.3809392499970272
hellinger,0.05,hellinger_lr0.05,113,ok,,1.2545971954481039,6.810695622000942,36,0.26280706965623535,0.26554600378261606,0.06978736711303292,0.06978736711303292,1130bcd06d370ab57f1bc3a67409c755b267648b80a0f46e840060bb010d3ab8,c68fb172bb60d66f359aa28c9948d748b520f4271b111e5de41911067a4f354b,1d1668fc7ae6e962f5f3b23083b5cf8c2778125e6999c83b21749b59535e825c,db95c591d5ad7a1f08531cf0e04985b931fc730f28e8ed47b8c7c5d8ecd8db0c,0.3833350839995546
hellinger,0.05,hellinger_lr0.05,114,ok,,1.1822629409009466,6.91180101286906,36,0.2172887772600691,0.24923947637982063,0.0541569410675111,0.0541569410675111,c8a7a565f4c34afcedf377bd8a33aee023bbafec99430b278d5183f906311b3e,c33ca7855f00a693f1f0af550d168ba9c880c362927ac4b9858046f2d8b7a17c,38002117c0ffdb4a9624b0cd256b65181fc12e3321756df0d82b3aabebebd605,52ceac77e1e0c99a5de90b23d52d3e2f15eb08da92d5b6842d3e92834a138f22,0.39385433300049044
hellinger,0.05,hellinger_lr0.05,115,ok,,1.1195456194752589,6.663461297856465,36,0.14720612818463022,0.2740335568697261,0.040339418899455054,0.040339418899455054,21e3187a25ce542a7fda12331f6df5573b7aa9cfb19c4d6a1242f48e9ab77257,2979b01fffc02f60db951ba7c3ab40b94b411246fd1d648f7c1e046da8b55f29,20e1afcba9533c9a3cd05a6d7e63f13cc97f4d348c142d7f72917f8929ca02eb,c3a0cabd7487508470d585545f7b6a856897b0410105302f1b4d5c12944c190d,0.3934229580045212
hellinger,0.05,hellinger_lr0.05,116,ok,,1.2818306605814462,6.988595006275563,36,0.21960089685390652,0.26972773570794295,0.05923245266783774,0.05923245266783774,b240340bda42b13e461b839e854e8931eb9b197c11fad589d1f07877b5a6c105,8944d8f9094422671c06b3f2af086555200354f4f465fe9295a66b6f28ee7466,a927dd1c515d66a61fb11e1c948c7e8042e5cfedc1c4b8d5dca9f3be9e46a7b7,0d285e8573294ff0f8d626c9d7c79b1ffa6d14fb3071ba7be902aa48627a1c7e,0.3898192089982331
hellinger,0.05,hellinger_lr0.05,117,ok,,1.0242173540506794,6.6132689916805445,36,0.15867930248297213,0.26916927251715933,0.04271159241287188,0.04271159241287188,2ff937c83d36f7b3a5406c91e8755c50ce932575e34db68925452587b0ab77d6,4ce67a52451597cfc11fd97edf40aa34eb1b5c997198bd1076c33fe083bdd43e,b828baff1fb9f67c70b6dbea3cba487e81abd07d2e9720c22549cc121a9cf9ad,32821079a74fe63f445d951a557ad18447fced01821fc77b6b8d137d2fe48881,0.38179979100095807
hellinger,0.05,hellinger_lr0.05,118,ok,,0.8687145126651039,6.643633299726163,36,0.18098047850790652,0.2542701449825481,0.04601793250921632,0.04601793250921632,f9372f8f74b3a18b86f9a9dd960278381003e836073cde71119d3b892dde9434,7bd60133923f8534362210d3aca0aff74ce000224bd76127dd7b0bce56ccb362,605f62e239322f5313d845a2d699f250ce6a7e0825aa8e661c4d9f8dc5f782d9,ffdd2708cda2855a18fd4a81398631fadb59f1610b8dd3d36eefe8f678572c16,0.3832767080020858
hellinger,0.05,hellinger_lr0.05,119,ok,,1.0299591416536822,6.646127112256489,36,0.16277119412446686,0.2592056405316404,0.04219121163313242,0.04219121163313242,9cc5a5818d004f0f1492c246ba3ab8685b2df3f7dfd15cdf113ebebec42d8dee,64ada1b3e94d843469b9e745b7a15decfea54282d3d3fdc06c17e9cdcea8dc5b,ca428a2d600b7cd0b47722decaa3f8e1a32769793f46a3ced6ba5f9ab631e1f2,01bf4e2b10f88360652600d185a9d719f05502f25f089d70da96eafa7fe4dfe3,0.3842611250001937
hellinger,0.05,hellinger_lr0.05,120,ok,,0.9145183155657419,6.7049306891432,36,0.2059426041612748,0.2511731273804628,0.05172724794806411,0.05172724794806411,69e5aaf107b63f46b6b057dfe99d3189e4f485b9649136f1718f398f646e43c6,d8e50e695e49ac02b6f76daee1d39919959a4aa8a84f49c7d93d5a5dc3caa2ff,5604d0b01aa38439978ff828fd8b23f34f58aaa29f9fc4cf46c8f2889862d932,dff4b17a330f664ec4d31f507c7603e7842ac94d65226c760d6e78cfa953aeb7,0.38447295800142456
hellinger,0.1,hellinger_lr0.1,111,ok,,0.9516860556185419,6.770724412631507,36,0.2336835487921589,0.24177438873788826,0.05649869716732471,0.05649869716732471,6f4599f803588363f7f3f06a30082972087391773f80fd6d7eb3eadc6484859e,28b0ebbf9be5e833a1d38468d7218b52b6eca83c2a9f1c6221ed279bc5fe306d,8fab7eb1dfc2006c517c0e7e9e69f75a99f3dc01832c43b11c9ba40c9bcd6823,ff013eda1d426d67006a334f6583897c614d689f5823b14c442be63e78bb3962,0.3842280840035528
hellinger,0.1,hellinger_lr0.1,112,ok,,1.0176086836555982,6.636372517245637,36,0.18044031634663438,0.27582504666240565,0.049769958676089666,0.049769958676089666,23158049f8a287709543a55b89f8943218b08cba397a67e034633640e70c99f6,ef7c966740418fd6a40b794df00c0c243906c71043c6b0f768b5a1adf85a9eef,02f04c05a341d11e3b57c54926b2dbae6a2e489c24a16657054478fda872ca64,3dd0b47c3c1ce23069083c16d0c2272714da54db5025db5646fd1228b010a5e8,0.3841621669998858
hellinger,0.1,hellinger_lr0.1,113,ok,,1.2046330940333845,6.764749086897575,36,0.26280706965623535,0.26554600378261606,0.06978736711303292,0.06978736711303292,1130bcd06d370ab57f1bc3a67409c755b267648b80a0f46e840060bb010d3ab8,c68fb172bb60d66f359aa28c9948d748b520f4271b111e5de41911067a4f354b,1d1668fc7ae6e962f5f3b23083b5cf8c2778125e6999c83b21749b59535e825c,db95c591d5ad7a1f08531cf0e04985b931fc730f28e8ed47b8c7c5d8ecd8db0c,0.382112249993952
hellinger,0.1,hellinger_lr0.1,114,ok,,1.08737212822694,6.78831660145625,36,0.2172887772600691,0.24923947637982063,0.0541569410675111,0.0541569410675111,c8a7a565f4c34afcedf377bd8a33aee023bbafec99430b278d5183f906311b3e,c33ca7855f00a693f1f0af550d168ba9c880c362927ac4b9858046f2d8b7a17c,38002117c0ffdb4a9624b0cd256b65181fc12e3321756df0d82b3aabebebd605,52ceac77e1e0c99a5de90b23d52d3e2f15eb08da92d5b6842d3e92834a138f22,0.38467812500311993
hellinger,0.1,hellinger_lr0.1,115,ok,,1.1709445516000914,6.729145714241223,36,0.14720612818463022,0.2740335568697261,0.040339418899455054,0.040339418899455054,21e3187a25ce542a7fda12331f6df5573b7aa9cfb19c4d6a1242f48e9ab77257,2979b01fffc02f60db951ba7c3ab40b94b411246fd1d648f7c1e046da8b55f29,20e1afcba9533c9a3cd05a6d7e63f13cc97f4d348c142d7f72917f8929ca02eb,c3a0cabd7487508470d585545f7b6a856897b0410105302f1b4d5c12944c190d,0.3841096249961993
hellinger,0.1,hellinger_lr0.1,116,ok,,1.3077620627122089,7.007461333906578,36,0.21960089685390652,0.26972773570794295,0.05923245266783774,0.05923245266783774,b240340bda42b13e461b839e854e8931eb9b197c11fad589d1f07877b5a6c105,8944d8f9094422671c06b3f2af086555200354f4f465fe9295a66b6f28ee7466,a927dd1c515d66a61fb11e1c948c7e8042e5cfedc1c4b8d5dca9f3be9e46a7b7,0d285e8573294ff0f8d626c9d7c79b1ffa6d14fb3071ba7be902aa48627a1c7e,0.38424720899638487
hellinger,0.1,hellinger_lr0.1,117,ok,,1.174208033217277,6.810659496566427,36,0.15867930248297213,0.26916927251715933,0.04271159241287188,0.04271159241287188,2ff937c83d36f7b3a5406c91e8755c50ce932575e34db68925452587b0ab77d6,4ce67a52451597cfc11fd97edf40aa34eb1b5c997198bd1076c33fe083bdd43e,b828baff1fb9f67c70b6dbea3cba487e81abd07d2e9720c22549cc121a9cf9ad,32821079a74fe63f445d951a557ad18447fced01821fc77b6b8d137d2fe48881,0.3840377919987077
hellinger,0.1,hellinger_lr0.1,118,ok,,1.0427806699013549,6.780690675791302,36,0.18098047850790652,0.2542701449825481,0.04601793250921632,0.04601793250921632,f9372f8f74b3a18b86f9a9dd960278381003e836073cde71119d3b892dde9434,7bd60133923f8534362210d3aca0aff74ce000224bd76127dd7b0bce56ccb362,605f62e239322f5313d845a2d699f250ce6a7e0825aa8e661c4d9f8dc5f782d9,ffdd2708cda2855a18fd4a81398631fadb59f1610b8dd3d36eefe8f678572c16,0.38534524999704445
hellinger,0.1,hellinger_lr0.1,119,ok,,1.018196342041346,6.637018976945605,36,0.16277119412446686,0.2592056405316404,0.04219121163313242,0.04219121163313242,9cc5a5818d004f0f1492c246ba3ab8685b2df3f7dfd15cdf113ebebec42d8dee,64ada1b3e94d843469b9e745b7a15decfea54282d3d3fdc06c17e9cdcea8dc5b,ca428a2d600b7cd0b47722decaa3f8e1a32769793f46a3ced6ba5f9ab631e1f2,01bf4e2b10f88360652600d185a9d719f05502f25f089d70da96eafa7fe4dfe3,0.38306541700148955
hellinger,0.1,hellinger_lr0.1,120,ok,,0.8287764380444241,6.581422271877478,36,0.2059426041612748,0.2511731273804628,0.05172724794806411,0.05172724794806411,69e5aaf107b63f46b6b057dfe99d3189e4f485b9649136f1718f398f646e43c6,d8e50e695e49ac02b6f76daee1d39919959a4aa8a84f49c7d93d5a5dc3caa2ff,5604d0b01aa38439978ff828fd8b23f34f58aaa29f9fc4cf46c8f2889862d932,dff4b17a330f664ec4d31f507c7603e7842ac94d65226c760d6e78cfa953aeb7,0.3847654999990482
hellinger,0.2,hellinger_lr0.2,111,ok,,0.7907466677091954,6.605983630853216,36,0.2336835487921589,0.24177438873788826,0.05649869716732471,0.05649869716732471,6f4599f803588363f7f3f06a30082972087391773f80fd6d7eb3eadc6484859e,28b0ebbf9be5e833a1d38468d7218b52b6eca83c2a9f1c6221ed279bc5fe306d,8fab7eb1dfc2006c517c0e7e9e69f75a99f3dc01832c43b11c9ba40c9bcd6823,ff013eda1d426d67006a334f6583897c614d689f5823b14c442be63e78bb3962,0.38644125000428176
hellinger,0.2,hellinger_lr0.2,112,ok,,1.070103888925569,6.692351843561814,36,0.18044031634663438,0.27582504666240565,0.049769958676089666,0.049769958676089666,23158049f8a287709543a55b89f8943218b08cba397a67e034633640e70c99f6,ef7c966740418fd6a40b794df00c0c243906c71043c6b0f768b5a1adf85a9eef,02f04c05a341d11e3b57c54926b2dbae6a2e489c24a16657054478fda872ca64,3dd0b47c3c1ce23069083c16d0c2272714da54db5025db5646fd1228b010a5e8,0.38069870800245553
hellinger,0.2,hellinger_lr0.2,113,ok,,1.252660827424422,6.822124874531833,36,0.26280706965623535,0.26554600378261606,0.06978736711303292,0.06978736711303292,1130bcd06d370ab57f1bc3a67409c755b267648b80a0f46e840060bb010d3ab8,c68fb172bb60d66f359aa28c9948d748b520f4271b111e5de41911067a4f354b,1d1668fc7ae6e962f5f3b23083b5cf8c2778125e6999c83b21749b59535e825c,db95c591d5ad7a1f08531cf0e04985b931fc730f28e8ed47b8c7c5d8ecd8db0c,0.38133708399982424
hellinger,0.2,hellinger_lr0.2,114,ok,,1.1439398774142278,6.884109742683409,36,0.2172887772600691,0.24923947637982063,0.0541569410675111,0.0541569410675111,c8a7a565f4c34afcedf377bd8a33aee023bbafec99430b278d5183f906311b3e,c33ca7855f00a693f1f0af550d168ba9c880c362927ac4b9858046f2d8b7a17c,38002117c0ffdb4a9624b0cd256b65181fc12e3321756df0d82b3aabebebd605,52ceac77e1e0c99a5de90b23d52d3e2f15eb08da92d5b6842d3e92834a138f22,0.3809831660037162
hellinger,0.2,hellinger_lr0.2,115,ok,,1.1245292098530877,6.653905092731367,36,0.14720612818463022,0.2740335568697261,0.040339418899455054,0.040339418899455054,21e3187a25ce542a7fda12331f6df5573b7aa9cfb19c4d6a1242f48e9ab77257,2979b01fffc02f60db951ba7c3ab40b94b411246fd1d648f7c1e046da8b55f29,20e1afcba9533c9a3cd05a6d7e63f13cc97f4d348c142d7f72917f8929ca02eb,c3a0cabd7487508470d585545f7b6a856897b0410105302f1b4d5c12944c190d,0.37947520799934864
hellinger,0.2,hellinger_lr0.2,116,ok,,1.183093015999884,6.86394523329664,36,0.21960089685390652,0.26972773570794295,0.05923245266783774,0.05923245266783774,b240340bda42b13e461b839e854e8931eb9b197c11fad589d1f07877b5a6c105,8944d8f9094422671c06b3f2af086555200354f4f465fe9295a66b6f28ee7466,a927dd1c515d66a61fb11e1c948c7e8042e5cfedc1c4b8d5dca9f3be9e46a7b7,0d285e8573294ff0f8d626c9d7c79b1ffa6d14fb3071ba7be902aa48627a1c7e,0.3808112499973504
hellinger,0.2,hellinger_lr0.2,117,ok,,1.0397267255083313,6.642448562577475,36,0.15867930248297213,0.26916927251715933,0.04271159241287188,0.04271159241287188,2ff937c83d36f7b3a5406c91e8755c50ce932575e34db68925452587b0ab77d6,4ce67a52451597cfc11fd97edf40aa34eb1b5c997198bd1076c33fe083bdd43e,b828baff1fb9f67c70b6dbea3cba487e81abd07d2e9720c22549cc121a9cf9ad,32821079a74fe63f445d951a557ad18447fced01821fc77b6b8d137d2fe48881,0.38050758299505105
hellinger,0.2,hellinger_lr0.2,118,ok,,0.8179554924476575,6.593113588107319,36,0.18098047850790652,0.2542701449825481,0.04601793250921632,0.04601793250921632,f9372f8f74b3a18b86f9a9dd960278381003e836073cde71119d3b892dde9434,7bd60133923f8534362210d3aca0aff74ce000224bd76127dd7b0bce56ccb362,605f62e239322f5313d845a2d699f250ce6a7e0825aa8e661c4d9f8dc5f782d9,ffdd2708cda2855a18fd4a81398631fadb59f1610b8dd3d36eefe8f678572c16,0.3956539159989916
hellinger,0.2,hellinger_lr0.2,119,ok,,1.041981116832205,6.656124186525537,36,0.16277119412446686,0.2592056405316404,0.04219121163313242,0.04219121163313242,9cc5a5818d004f0f1492c246ba3ab8685b2df3f7dfd15cdf113ebebec42d8dee,64ada1b3e94d843469b9e745b7a15decfea54282d3d3fdc06c17e9cdcea8dc5b,ca428a2d600b7cd0b47722decaa3f8e1a32769793f46a3ced6ba5f9ab631e1f2,01bf4e2b10f88360652600d185a9d719f05502f25f089d70da96eafa7fe4dfe3,0.39608091700210935
hellinger,0.2,hellinger_lr0.2,120,ok,,0.9794189477357231,6.7306289837860405,36,0.2059426041612748,0.2511731273804628,0.05172724794806411,0.05172724794806411,69e5aaf107b63f46b6b057dfe99d3189e4f485b9649136f1718f398f646e43c6,d8e50e695e49ac02b6f76daee1d39919959a4aa8a84f49c7d93d5a5dc3caa2ff,5604d0b01aa38439978ff828fd8b23f34f58aaa29f9fc4cf46c8f2889862d932,dff4b17a330f664ec4d31f507c7603e7842ac94d65226c760d6e78cfa953aeb7,0.3957411250012228
js,0.005,js_lr0.005,111,ok,,0.961140537179886,6.757432388878684,36,1.3103291726705124,0.04311794192308007,0.05649869716732471,0.05649869716732471,6f4599f803588363f7f3f06a30082972087391773f80fd6d7eb3eadc6484859e,28b0ebbf9be5e833a1d38468d7218b52b6eca83c2a9f1c6221ed279bc5fe306d,8fab7eb1dfc2006c517c0e7e9e69f75a99f3dc01832c43b11c9ba40c9bcd6823,ff013eda1d426d67006a334f6583897c614d689f5823b14c442be63e78bb3962,0.4597122909981408
js,0.005,js_lr0.005,112,ok,,1.1622465556635038,6.760882262779589,36,1.82602036149178,0.02725597136026991,0.049769958676089666,0.049769958676089666,23158049f8a287709543a55b89f8943218b08cba397a67e034633640e70c99f6,ef7c966740418fd6a40b794df00c0c243906c71043c6b0f768b5a1adf85a9eef,02f04c05a341d11e3b57c54926b2dbae6a2e489c24a16657054478fda872ca64,3dd0b47c3c1ce23069083c16d0c2272714da54db5025db5646fd1228b010a5e8,0.4564253330026986
js,0.005,js_lr0.005,113,ok,,1.5782153605856055,7.153975804596434,36,1.268620642395019,0.0550104300536068,0.06978736711303292,0.06978736711303292,1130bcd06d370ab57f1bc3a67409c755b267648b80a0f46e840060bb010d3ab8,c68fb172bb60d66f359aa28c9948d748b520f4271b111e5de41911067a4f354b,1d1668fc7ae6e962f5f3b23083b5cf8c2778125e6999c83b21749b59535e825c,db95c591d5ad7a1f08531cf0e04985b931fc730f28e8ed47b8c7c5d8ecd8db0c,0.4620087090006564
js,0.005,js_lr0.005,114,ok,,1.3069818671027797,7.034225844869068,36,1.4846353266886128,0.03647827860078259,0.0541569410675111,0.054156941067511094,c8a7a565f4c34afcedf377bd8a33aee023bbafec99430b278d5183f906311b3e,c33ca7855f00a693f1f0af550d168ba9c880c362927ac4b9858046f2d8b7a17c,38002117c0ffdb4a9624b0cd256b65181fc12e3321756df0d82b3aabebebd605,52ceac77e1e0c99a5de90b23d52d3e2f15eb08da92d5b6842d3e92834a138f22,0.44697337500110734
js,0.005,js_lr0.005,115,ok,,1.4160976226657056,6.9434739655736335,36,1.1573444629762246,0.03485515349139727,0.040339418899455054,0.040339418899455054,21e3187a25ce542a7fda12331f6df5573b7aa9cfb19c4d6a1242f48e9ab77257,2979b01fffc02f60db951ba7c3ab40b94b411246fd1d648f7c1e046da8b55f29,20e1afcba9533c9a3cd05a6d7e63f13cc97f4d348c142d7f72917f8929ca02eb,c3a0cabd7487508470d585545f7b6a856897b0410105302f1b4d5c12944c190d,0.4450027909988421
js,0.005,js_lr0.005,116,ok,,1.5472469588048046,7.302175568201968,36,1.6280327818656035,0.036382837819740825,0.05923245266783774,0.05923245266783774,b240340bda42b13e461b839e854e8931eb9b197c11fad589d1f07877b5a6c105,8944d8f9094422671c06b3f2af086555200354f4f465fe9295a66b6f28ee7466,a927dd1c515d66a61fb11e1c948c7e8042e5cfedc1c4b8d5dca9f3be9e46a7b7,0d285e8573294ff0f8d626c9d7c79b1ffa6d14fb3071ba7be902aa48627a1c7e,0.4466684159997385
js,0.005,js_lr0.005,117,ok,,1.2127103130309957,6.784909586372769,36,0.9382614408155243,0.0455220587299714,0.04271159241287188,0.04271159241287188,2ff937c83d36f7b3a5406c91e8755c50ce932575e34db68925452587b0ab77d6,4ce67a52451597cfc11fd97edf40aa34eb1b5c997198bd1076c33fe083bdd43e,b828baff1fb9f67c70b6dbea3cba487e81abd07d2e9720c22549cc121a9cf9ad,32821079a74fe63f445d951a557ad18447fced01821fc77b6b8d137d2fe48881,0.45584675000282004
js,0.005,js_lr0.005,118,ok,,1.165182088000409,6.897870925839692,36,0.9451110511919573,0.048690503037901546,0.04601793250921632,0.04601793250921632,f9372f8f74b3a18b86f9a9dd960278381003e836073cde71119d3b892dde9434,7bd60133923f8534362210d3aca0aff74ce000224bd76127dd7b0bce56ccb362,605f62e239322f5313d845a2d699f250ce6a7e0825aa8e661c4d9f8dc5f782d9,ffdd2708cda2855a18fd4a81398631fadb59f1610b8dd3d36eefe8f678572c16,0.4869842499974766
js,0.005,js_lr0.005,119,ok,,1.1793425628414786,6.835102860155611,36,1.0371849187847877,0.04067858187001555,0.04219121163313242,0.042191211633132414,9cc5a5818d004f0f1492c246ba3ab8685b2df3f7dfd15cdf113ebebec42d8dee,64ada1b3e94d843469b9e745b7a15decfea54282d3d3fdc06c17e9cdcea8dc5b,ca428a2d600b7cd0b47722decaa3f8e1a32769793f46a3ced6ba5f9ab631e1f2,01bf4e2b10f88360652600d185a9d719f05502f25f089d70da96eafa7fe4dfe3,0.5034326669992879
js,0.005,js_lr0.005,120,ok,,1.0831320541549934,6.839687993275316,36,1.3248266302065654,0.03904454120159017,0.05172724794806411,0.05172724794806411,69e5aaf107b63f46b6b057dfe99d3189e4f485b9649136f1718f398f646e43c6,d8e50e695e49ac02b6f76daee1d39919959a4aa8a84f49c7d93d5a5dc3caa2ff,5604d0b01aa38439978ff828fd8b23f34f58aaa29f9fc4cf46c8f2889862d932,dff4b17a330f664ec4d31f507c7603e7842ac94d65226c760d6e78cfa953aeb7,0.4874949170043692
js,0.01,js_lr0.01,111,ok,,0.8541568714763443,6.673895949328402,36,1.3103291726705124,0.04311794192308007,0.05649869716732471,0.05649869716732471,6f4599f803588363f7f3f06a30082972087391773f80fd6d7eb3eadc6484859e,28b0ebbf9be5e833a1d38468d7218b52b6eca83c2a9f1c6221ed279bc5fe306d,8fab7eb1dfc2006c517c0e7e9e69f75a99f3dc01832c43b11c9ba40c9bcd6823,ff013eda1d426d67006a334f6583897c614d689f5823b14c442be63e78bb3962,0.4535910420017899
js,0.01,js_lr0.01,112,ok,,1.2967131695760274,6.922955714305972,36,1.82602036149178,0.02725597136026991,0.049769958676089666,0.049769958676089666,23158049f8a287709543a55b89f8943218b08cba397a67e034633640e70c99f6,ef7c966740418fd6a40b794df00c0c243906c71043c6b0f768b5a1adf85a9eef,02f04c05a341d11e3b57c54926b2dbae6a2e489c24a16657054478fda872ca64,3dd0b47c3c1ce23069083c16d0c2272714da54db5025db5646fd1228b010a5e8,0.4420839160011383
js,0.01,js_lr0.01,113,ok,,1.5704600382875356,7.108300402366184,36,1.268620642395019,0.0550104300536068,0.06978736711303292,0.06978736711303292,1130bcd06d370ab57f1bc3a67409c755b267648b80a0f46e840060bb010d3ab8,c68fb172bb60d66f359aa28c9948d748b520f4271b111e5de41911067a4f354b,1d1668fc7ae6e962f5f3b23083b5cf8c2778125e6999c83b21749b59535e825c,db95c591d5ad7a1f08531cf0e04985b931fc730f28e8ed47b8c7c5d8ecd8db0c,0.43004800000198884
js,0.01,js_lr0.01,114,ok,,1.2758140823844693,6.984151138946752,36,1.4846353266886128,0.03647827860078259,0.0541569410675111,0.054156941067511094,c8a7a565f4c34afcedf377bd8a33aee023bbafec99430b278d5183f906311b3e,c33ca7855f00a693f1f0af550d168ba9c880c362927ac4b9858046f2d8b7a17c,38002117c0ffdb4a9624b0cd256b65181fc12e3321756df0d82b3aabebebd605,52ceac77e1e0c99a5de90b23d52d3e2f15eb08da92d5b6842d3e92834a138f22,0.4321618749963818
js,0.01,js_lr0.01,115,ok,,1.2402685801475593,6.797924206448278,36,1.1573444629762246,0.03485515349139727,0.040339418899455054,0.040339418899455054,21e3187a25ce542a7fda12331f6df5573b7aa9cfb19c4d6a1242f48e9ab77257,2979b01fffc02f60db951ba7c3ab40b94b411246fd1d648f7c1e046da8b55f29,20e1afcba9533c9a3cd05a6d7e63f13cc97f4d348c142d7f72917f8929ca02eb,c3a0cabd7487508470d585545f7b6a856897b0410105302f1b4d5c12944c190d,0.43422720799571835
js,0.01,js_lr0.01,116,ok,,1.2918856581017502,6.997371712215525,36,1.6280327818656035,0.036382837819740825,0.05923245266783774,0.05923245266783774,b240340bda42b13e461b839e854e8931eb9b197c11fad589d1f07877b5a6c105,8944d8f9094422671c06b3f2af086555200354f4f465fe9295a66b6f28ee7466,a927dd1c515d66a61fb11e1c948c7e8042e5cfedc1c4b8d5dca9f3be9e46a7b7,0d285e8573294ff0f8d626c9d7c79b1ffa6d14fb3071ba7be902aa48627a1c7e,0.4282202079994022
js,0.01,js_lr0.01,117,ok,,0.9621064165597769,6.536036489702607,36,0.9382614408155243,0.0455220587299714,0.04271159241287188,0.04271159241287188,2ff937c83d36f7b3a5406c91e8755c50ce932575e34db68925452587b0ab77d6,4ce67a52451597cfc11fd97edf40aa34eb1b5c997198bd1076c33fe083bdd43e,b828baff1fb9f67c70b6dbea3cba487e81abd07d2e9720c22549cc121a9cf9ad,32821079a74fe63f445d951a557ad18447fced01821fc77b6b8d137d2fe48881,0.4295684579992667
js,0.01,js_lr0.01,118,ok,,0.8782917517787747,6.652869712006315,36,0.9451110511919573,0.048690503037901546,0.04601793250921632,0.04601793250921632,f9372f8f74b3a18b86f9a9dd960278381003e836073cde71119d3b892dde9434,7bd60133923f8534362210d3aca0aff74ce000224bd76127dd7b0bce56ccb362,605f62e239322f5313d845a2d699f250ce6a7e0825aa8e661c4d9f8dc5f782d9,ffdd2708cda2855a18fd4a81398631fadb59f1610b8dd3d36eefe8f678572c16,0.4307730000000447
js,0.01,js_lr0.01,119,ok,,1.2360684615884558,6.902416045157332,36,1.0371849187847877,0.04067858187001555,0.04219121163313242,0.042191211633132414,9cc5a5818d004f0f1492c246ba3ab8685b2df3f7dfd15cdf113ebebec42d8dee,64ada1b3e94d843469b9e745b7a15decfea54282d3d3fdc06c17e9cdcea8dc5b,ca428a2d600b7cd0b47722decaa3f8e1a32769793f46a3ced6ba5f9ab631e1f2,01bf4e2b10f88360652600d185a9d719f05502f25f089d70da96eafa7fe4dfe3,0.4277847500052303
js,0.01,js_lr0.01,120,ok,,1.04669851302287,6.8195184915855664,36,1.3248266302065654,0.03904454120159017,0.05172724794806411,0.05172724794806411,69e5aaf107b63f46b6b057dfe99d3189e4f485b9649136f1718f398f646e43c6,d8e50e695e49ac02b6f76daee1d39919959a4aa8a84f49c7d93d5a5dc3caa2ff,5604d0b01aa38439978ff828fd8b23f34f58aaa29f9fc4cf46c8f2889862d932,dff4b17a330f664ec4d31f507c7603e7842ac94d65226c760d6e78cfa953aeb7,0.4309417919939733
js,0.02,js_lr0.02,111,ok,,0.8538378304901465,6.673742123524375,36,1.3103291726705124,0.04311794192308007,0.05649869716732471,0.05649869716732471,6f4599f803588363f7f3f06a30082972087391773f80fd6d7eb3eadc6484859e,28b0ebbf9be5e833a1d38468d7218b52b6eca83c2a9f1c6221ed279bc5fe306d,8fab7eb1dfc2006c517c0e7e9e69f75a99f3dc01832c43b11c9ba40c9bcd6823,ff013eda1d426d67006a334f6583897c614d689f5823b14c442be63e78bb3962,0.4329468750001979
js,0.02,js_lr0.02,112,ok,,1.2972476148351004,6.923538103153947,36,1.82602036149178,0.02725597136026991,0.049769958676089666,0.049769958676089666,23158049f8a287709543a55b89f8943218b08cba397a67e034633640e70c99f6,ef7c966740418fd6a40b794df00c0c243906c71043c6b0f768b5a1adf85a9eef,02f04c05a341d11e3b57c54926b2dbae6a2e489c24a16657054478fda872ca64,3dd0b47c3c1ce23069083c16d0c2272714da54db5025db5646fd1228b010a5e8,0.42814241699670674
js,0.02,js_lr0.02,113,ok,,1.592501870610548,7.130590159088108,36,1.268620642395019,0.0550104300536068,0.06978736711303292,0.06978736711303292,1130bcd06d370ab57f1bc3a67409c755b267648b80a0f46e840060bb010d3ab8,c68fb172bb60d66f359aa28c9948d748b520f4271b111e5de41911067a4f354b,1d1668fc7ae6e962f5f3b23083b5cf8c2778125e6999c83b21749b59535e825c,db95c591d5ad7a1f08531cf0e04985b931fc730f28e8ed47b8c7c5d8ecd8db0c,0.4306012919987552
js,0.02,js_lr0.02,114,ok,,1.2760210833571453,6.983351299470627,36,1.4846353266886128,0.03647827860078259,0.0541569410675111,0.054156941067511094,c8a7a565f4c34afcedf377bd8a33aee023bbafec99430b278d5183f906311b3e,c33ca7855f00a693f1f0af550d168ba9c880c362927ac4b9858046f2d8b7a17c,38002117c0ffdb4a9624b0cd256b65181fc12e3321756df0d82b3aabebebd605,52ceac77e1e0c99a5de90b23d52d3e2f15eb08da92d5b6842d3e92834a138f22,0.43169233400112716
js,0.02,js_lr0.02,115,ok,,1.2962348193767177,6.837355832969228,36,1.1573444629762246,0.03485515349139727,0.040339418899455054,0.040339418899455054,21e3187a25ce542a7fda12331f6df5573b7aa9cfb19c4d6a1242f48e9ab77257,2979b01fffc02f60db951ba7c3ab40b94b411246fd1d648f7c1e046da8b55f29,20e1afcba9533c9a3cd05a6d7e63f13cc97f4d348c142d7f72917f8929ca02eb,c3a0cabd7487508470d585545f7b6a856897b0410105302f1b4d5c12944c190d,0.4289583749996382
js,0.02,js_lr0.02,116,ok,,1.3007180832266272,6.999163273925927,36,1.6280327818656035,0.036382837819740825,0.05923245266783774,0.05923245266783774,b240340bda42b13e461b839e854e8931eb9b197c11fad589d1f07877b5a6c105,8944d8f9094422671c06b3f2af086555200354f4f465fe9295a66b6f28ee7466,a927dd1c515d66a61fb11e1c948c7e8042e5cfedc1c4b8d5dca9f3be9e46a7b7,0d285e8573294ff0f8d626c9d7c79b1ffa6d14fb3071ba7be902aa48627a1c7e,0.4280149580008583
js,0.02,js_lr0.02,117,ok,,0.985230318981105,6.566408805778804,36,0.9382614408155243,0.0455220587299714,0.04271159241287188,0.04271159241287188,2ff937c83d36f7b3a5406c91e8755c50ce932575e34db68925452587b0ab77d6,4ce67a52451597cfc11fd97edf40aa34eb1b5c997198bd1076c33fe083bdd43e,b828baff1fb9f67c70b6dbea3cba487e81abd07d2e9720c22549cc121a9cf9ad,32821079a74fe63f445d951a557ad18447fced01821fc77b6b8d137d2fe48881,0.43331495800521225
js,0.02,js_lr0.02,118,ok,,0.8766857084451745,6.664463704154134,36,0.9451110511919573,0.048690503037901546,0.04601793250921632,0.04601793250921632,f9372f8f74b3a18b86f9a9dd960278381003e836073cde71119d3b892dde9434,7bd60133923f8534362210d3aca0aff74ce000224bd76127dd7b0bce56ccb362,605f62e239322f5313d845a2d699f250ce6a7e0825aa8e661c4d9f8dc5f782d9,ffdd2708cda2855a18fd4a81398631fadb59f1610b8dd3d36eefe8f678572c16,0.4278658750044997
js,0.02,js_lr0.02,119,ok,,1.1445690337366474,6.802401101452466,36,1.0371849187847877,0.04067858187001555,0.04219121163313242,0.042191211633132414,9cc5a5818d004f0f1492c246ba3ab8685b2df3f7dfd15cdf113ebebec42d8dee,64ada1b3e94d843469b9e745b7a15decfea54282d3d3fdc06c17e9cdcea8dc5b,ca428a2d600b7cd0b47722decaa3f8e1a32769793f46a3ced6ba5f9ab631e1f2,01bf4e2b10f88360652600d185a9d719f05502f25f089d70da96eafa7fe4dfe3,0.4300849159990321
js,0.02,js_lr0.02,120,ok,,1.0468726596549307,6.8165388009339125,36,1.3248266302065654,0.03904454120159017,0.05172724794806411,0.05172724794806411,69e5aaf107b63f46b6b057dfe99d3189e4f485b9649136f1718f398f646e43c6,d8e50e695e49ac02b6f76daee1d39919959a4aa8a84f49c7d93d5a5dc3caa2ff,5604d0b01aa38439978ff828fd8b23f34f58aaa29f9fc4cf46c8f2889862d932,dff4b17a330f664ec4d31f507c7603e7842ac94d65226c760d6e78cfa953aeb7,0.4310215000004973
js,0.05,js_lr0.05,111,ok,,0.9973823304883545,6.846127470027022,36,1.3103291726705124,0.04311794192308007,0.05649869716732471,0.05649869716732471,6f4599f803588363f7f3f06a30082972087391773f80fd6d7eb3eadc6484859e,28b0ebbf9be5e833a1d38468d7218b52b6eca83c2a9f1c6221ed279bc5fe306d,8fab7eb1dfc2006c517c0e7e9e69f75a99f3dc01832c43b11c9ba40c9bcd6823,ff013eda1d426d67006a334f6583897c614d689f5823b14c442be63e78bb3962,0.4257014579998213
js,0.05,js_lr0.05,112,ok,,1.1777842142498758,6.824777690774544,36,1.82602036149178,0.02725597136026991,0.049769958676089666,0.049769958676089666,23158049f8a287709543a55b89f8943218b08cba397a67e034633640e70c99f6,ef7c966740418fd6a40b794df00c0c243906c71043c6b0f768b5a1adf85a9eef,02f04c05a341d11e3b57c54926b2dbae6a2e489c24a16657054478fda872ca64,3dd0b47c3c1ce23069083c16d0c2272714da54db5025db5646fd1228b010a5e8,0.4289154169964604
js,0.05,js_lr0.05,113,ok,,1.5597718336316653,7.1046947530966715,36,1.268620642395019,0.0550104300536068,0.06978736711303292,0.06978736711303292,1130bcd06d370ab57f1bc3a67409c755b267648b80a0f46e840060bb010d3ab8,c68fb172bb60d66f359aa28c9948d748b520f4271b111e5de41911067a4f354b,1d1668fc7ae6e962f5f3b23083b5cf8c2778125e6999c83b21749b59535e825c,db95c591d5ad7a1f08531cf0e04985b931fc730f28e8ed47b8c7c5d8ecd8db0c,0.4292862919974141
js,0.05,js_lr0.05,114,ok,,1.1946846058823173,6.915665962319902,36,1.4846353266886128,0.03647827860078259,0.0541569410675111,0.054156941067511094,c8a7a565f4c34afcedf377bd8a33aee023bbafec99430b278d5183f906311b3e,c33ca7855f00a693f1f0af550d168ba9c880c362927ac4b9858046f2d8b7a17c,38002117c0ffdb4a9624b0cd256b65181fc12e3321756df0d82b3aabebebd605,52ceac77e1e0c99a5de90b23d52d3e2f15eb08da92d5b6842d3e92834a138f22,0.431896832997154
js,0.05,js_lr0.05,115,ok,,1.2374089934274017,6.7897070382188165,36,1.1573444629762246,0.03485515349139727,0.040339418899455054,0.040339418899455054,21e3187a25ce542a7fda12331f6df5573b7aa9cfb19c4d6a1242f48e9ab77257,2979b01fffc02f60db951ba7c3ab40b94b411246fd1d648f7c1e046da8b55f29,20e1afcba9533c9a3cd05a6d7e63f13cc97f4d348c142d7f72917f8929ca02eb,c3a0cabd7487508470d585545f7b6a856897b0410105302f1b4d5c12944c190d,0.43289112499769544
js,0.05,js_lr0.05,116,ok,,1.2992413821461235,6.9950821643417,36,1.6280327818656035,0.036382837819740825,0.05923245266783774,0.05923245266783774,b240340bda42b13e461b839e854e8931eb9b197c11fad589d1f07877b5a6c105,8944d8f9094422671c06b3f2af086555200354f4f465fe9295a66b6f28ee7466,a927dd1c515d66a61fb11e1c948c7e8042e5cfedc1c4b8d5dca9f3be9e46a7b7,0d285e8573294ff0f8d626c9d7c79b1ffa6d14fb3071ba7be902aa48627a1c7e,0.433552292000968
js,0.05,js_lr0.05,117,ok,,0.9822462733934287,6.563531172560866,36,0.9382614408155243,0.0455220587299714,0.04271159241287188,0.04271159241287188,2ff937c83d36f7b3a5406c91e8755c50ce932575e34db68925452587b0ab77d6,4ce67a52451597cfc11fd97edf40aa34eb1b5c997198bd1076c33fe083bdd43e,b828baff1fb9f67c70b6dbea3cba487e81abd07d2e9720c22549cc121a9cf9ad,32821079a74fe63f445d951a557ad18447fced01821fc77b6b8d137d2fe48881,0.43059487500431715
js,0.05,js_lr0.05,118,ok,,0.9356601613969775,6.709585013386417,36,0.9451110511919573,0.048690503037901546,0.04601793250921632,0.04601793250921632,f9372f8f74b3a18b86f9a9dd960278381003e836073cde71119d3b892dde9434,7bd60133923f8534362210d3aca0aff74ce000224bd76127dd7b0bce56ccb362,605f62e239322f5313d845a2d699f250ce6a7e0825aa8e661c4d9f8dc5f782d9,ffdd2708cda2855a18fd4a81398631fadb59f1610b8dd3d36eefe8f678572c16,0.4310303749953164
js,0.05,js_lr0.05,119,ok,,1.2278043141312664,6.873808400633501,36,1.0371849187847877,0.04067858187001555,0.04219121163313242,0.042191211633132414,9cc5a5818d004f0f1492c246ba3ab8685b2df3f7dfd15cdf113ebebec42d8dee,64ada1b3e94d843469b9e745b7a15decfea54282d3d3fdc06c17e9cdcea8dc5b,ca428a2d600b7cd0b47722decaa3f8e1a32769793f46a3ced6ba5f9ab631e1f2,01bf4e2b10f88360652600d185a9d719f05502f25f089d70da96eafa7fe4dfe3,0.4328304169976036
js,0.05,js_lr0.05,120,ok,,1.0787581658791972,6.808187684533459,36,1.3248266302065654,0.03904454120159017,0.05172724794806411,0.05172724794806411,69e5aaf107b63f46b6b057dfe99d3189e4f485b9649136f1718f398f646e43c6,d8e50e695e49ac02b6f76daee1d39919959a4aa8a84f49c7d93d5a5dc3caa2ff,5604d0b01aa38439978ff828fd8b23f34f58aaa29f9fc4cf46c8f2889862d932,dff4b17a330f664ec4d31f507c7603e7842ac94d65226c760d6e78cfa953aeb7,0.42832629199983785
js,0.1,js_lr0.1,111,ok,,1.062224769692536,6.910109739817276,36,1.3103291726705124,0.04311794192308007,0.05649869716732471,0.05649869716732471,6f4599f803588363f7f3f06a30082972087391773f80fd6d7eb3eadc6484859e,28b0ebbf9be5e833a1d38468d7218b52b6eca83c2a9f1c6221ed279bc5fe306d,8fab7eb1dfc2006c517c0e7e9e69f75a99f3dc01832c43b11c9ba40c9bcd6823,ff013eda1d426d67006a334f6583897c614d689f5823b14c442be63e78bb3962,0.42699837499822024
js,0.1,js_lr0.1,112,ok,,1.1878479148856975,6.818130938572237,36,1.82602036149178,0.02725597136026991,0.049769958676089666,0.049769958676089666,23158049f8a287709543a55b89f8943218b08cba397a67e034633640e70c99f6,ef7c966740418fd6a40b794df00c0c243906c71043c6b0f768b5a1adf85a9eef,02f04c05a341d11e3b57c54926b2dbae6a2e489c24a16657054478fda872ca64,3dd0b47c3c1ce23069083c16d0c2272714da54db5025db5646fd1228b010a5e8,0.43048566600191407
js,0.1,js_lr0.1,113,ok,,1.5013757811497213,7.05198162395415,36,1.268620642395019,0.0550104300536068,0.06978736711303292,0.06978736711303292,1130bcd06d370ab57f1bc3a67409c755b267648b80a0f46e840060bb010d3ab8,c68fb172bb60d66f359aa28c9948d748b520f4271b111e5de41911067a4f354b,1d1668fc7ae6e962f5f3b23083b5cf8c2778125e6999c83b21749b59535e825c,db95c591d5ad7a1f08531cf0e04985b931fc730f28e8ed47b8c7c5d8ecd8db0c,0.4250047910027206
js,0.1,js_lr0.1,114,ok,,1.344953203559905,7.103323270871328,36,1.4846353266886128,0.03647827860078259,0.0541569410675111,0.054156941067511094,c8a7a565f4c34afcedf377bd8a33aee023bbafec99430b278d5183f906311b3e,c33ca7855f00a693f1f0af550d168ba9c880c362927ac4b9858046f2d8b7a17c,38002117c0ffdb4a9624b0cd256b65181fc12e3321756df0d82b3aabebebd605,52ceac77e1e0c99a5de90b23d52d3e2f15eb08da92d5b6842d3e92834a138f22,0.4296955829995568
js,0.1,js_lr0.1,115,ok,,1.214488817667939,6.752870247236304,36,1.1573444629762246,0.03485515349139727,0.040339418899455054,0.040339418899455054,21e3187a25ce542a7fda12331f6df5573b7aa9cfb19c4d6a1242f48e9ab77257,2979b01fffc02f60db951ba7c3ab40b94b411246fd1d648f7c1e046da8b55f29,20e1afcba9533c9a3cd05a6d7e63f13cc97f4d348c142d7f72917f8929ca02eb,c3a0cabd7487508470d585545f7b6a856897b0410105302f1b4d5c12944c190d,0.4317515840011765
js,0.1,js_lr0.1,116,ok,,1.2919715784540697,6.992549696319275,36,1.6280327818656035,0.036382837819740825,0.05923245266783774,0.05923245266783774,b240340bda42b13e461b839e854e8931eb9b197c11fad589d1f07877b5a6c105,8944d8f9094422671c06b3f2af086555200354f4f465fe9295a66b6f28ee7466,a927dd1c515d66a61fb11e1c948c7e8042e5cfedc1c4b8d5dca9f3be9e46a7b7,0d285e8573294ff0f8d626c9d7c79b1ffa6d14fb3071ba7be902aa48627a1c7e,0.430092082999181
js,0.1,js_lr0.1,117,ok,,0.987074612467894,6.568010761611004,36,0.9382614408155243,0.0455220587299714,0.04271159241287188,0.04271159241287188,2ff937c83d36f7b3a5406c91e8755c50ce932575e34db68925452587b0ab77d6,4ce67a52451597cfc11fd97edf40aa34eb1b5c997198bd1076c33fe083bdd43e,b828baff1fb9f67c70b6dbea3cba487e81abd07d2e9720c22549cc121a9cf9ad,32821079a74fe63f445d951a557ad18447fced01821fc77b6b8d137d2fe48881,0.4304093750033644
js,0.1,js_lr0.1,118,ok,,0.8326806273626172,6.610959219189294,36,0.9451110511919573,0.048690503037901546,0.04601793250921632,0.04601793250921632,f9372f8f74b3a18b86f9a9dd960278381003e836073cde71119d3b892dde9434,7bd60133923f8534362210d3aca0aff74ce000224bd76127dd7b0bce56ccb362,605f62e239322f5313d845a2d699f250ce6a7e0825aa8e661c4d9f8dc5f782d9,ffdd2708cda2855a18fd4a81398631fadb59f1610b8dd3d36eefe8f678572c16,0.4337808749987744
js,0.1,js_lr0.1,119,ok,,1.217974705197154,6.861088834089086,36,1.0371849187847877,0.04067858187001555,0.04219121163313242,0.042191211633132414,9cc5a5818d004f0f1492c246ba3ab8685b2df3f7dfd15cdf113ebebec42d8dee,64ada1b3e94d843469b9e745b7a15decfea54282d3d3fdc06c17e9cdcea8dc5b,ca428a2d600b7cd0b47722decaa3f8e1a32769793f46a3ced6ba5f9ab631e1f2,01bf4e2b10f88360652600d185a9d719f05502f25f089d70da96eafa7fe4dfe3,0.4284120000011171
js,0.1,js_lr0.1,120,ok,,1.0886335871093964,6.819532845490559,36,1.3248266302065654,0.03904454120159017,0.05172724794806411,0.05172724794806411,69e5aaf107b63f46b6b057dfe99d3189e4f485b9649136f1718f398f646e43c6,d8e50e695e49ac02b6f76daee1d39919959a4aa8a84f49c7d93d5a5dc3caa2ff,5604d0b01aa38439978ff828fd8b23f34f58aaa29f9fc4cf46c8f2889862d932,dff4b17a330f664ec4d31f507c7603e7842ac94d65226c760d6e78cfa953aeb7,0.43094283300160896
js,0.2,js_lr0.2,111,ok,,0.9054646474694235,6.730154521604028,36,1.3103291726705124,0.04311794192308007,0.05649869716732471,0.05649869716732471,6f4599f803588363f7f3f06a30082972087391773f80fd6d7eb3eadc6484859e,28b0ebbf9be5e833a1d38468d7218b52b6eca83c2a9f1c6221ed279bc5fe306d,8fab7eb1dfc2006c517c0e7e9e69f75a99f3dc01832c43b11c9ba40c9bcd6823,ff013eda1d426d67006a334f6583897c614d689f5823b14c442be63e78bb3962,0.43268924999574665
js,0.2,js_lr0.2,112,ok,,1.2149167517294996,6.851951204851454,36,1.82602036149178,0.02725597136026991,0.049769958676089666,0.049769958676089666,23158049f8a287709543a55b89f8943218b08cba397a67e034633640e70c99f6,ef7c966740418fd6a40b794df00c0c243906c71043c6b0f768b5a1adf85a9eef,02f04c05a341d11e3b57c54926b2dbae6a2e489c24a16657054478fda872ca64,3dd0b47c3c1ce23069083c16d0c2272714da54db5025db5646fd1228b010a5e8,0.4252075420008623
js,0.2,js_lr0.2,113,ok,,1.3355447815442159,6.889775540298793,36,1.268620642395019,0.0550104300536068,0.06978736711303292,0.06978736711303292,1130bcd06d370ab57f1bc3a67409c755b267648b80a0f46e840060bb010d3ab8,c68fb172bb60d66f359aa28c9948d748b520f4271b111e5de41911067a4f354b,1d1668fc7ae6e962f5f3b23083b5cf8c2778125e6999c83b21749b59535e825c,db95c591d5ad7a1f08531cf0e04985b931fc730f28e8ed47b8c7c5d8ecd8db0c,0.426185832999181
js,0.2,js_lr0.2,114,ok,,1.4329925244834025,7.164447189520382,36,1.4846353266886128,0.03647827860078259,0.0541569410675111,0.054156941067511094,c8a7a565f4c34afcedf377bd8a33aee023bbafec99430b278d5183f906311b3e,c33ca7855f00a693f1f0af550d168ba9c880c362927ac4b9858046f2d8b7a17c,38002117c0ffdb4a9624b0cd256b65181fc12e3321756df0d82b3aabebebd605,52ceac77e1e0c99a5de90b23d52d3e2f15eb08da92d5b6842d3e92834a138f22,0.4275236670000595
js,0.2,js_lr0.2,115,ok,,1.2055198494933026,6.744497888348249,36,1.1573444629762246,0.03485515349139727,0.040339418899455054,0.040339418899455054,21e3187a25ce542a7fda12331f6df5573b7aa9cfb19c4d6a1242f48e9ab77257,2979b01fffc02f60db951ba7c3ab40b94b411246fd1d648f7c1e046da8b55f29,20e1afcba9533c9a3cd05a6d7e63f13cc97f4d348c142d7f72917f8929ca02eb,c3a0cabd7487508470d585545f7b6a856897b0410105302f1b4d5c12944c190d,0.4271092090057209
js,0.2,js_lr0.2,116,ok,,1.3374979865847667,7.023628952815571,36,1.6280327818656035,0.036382837819740825,0.05923245266783774,0.05923245266783774,b240340bda42b13e461b839e854e8931eb9b197c11fad589d1f07877b5a6c105,8944d8f9094422671c06b3f2af086555200354f4f465fe9295a66b6f28ee7466,a927dd1c515d66a61fb11e1c948c7e8042e5cfedc1c4b8d5dca9f3be9e46a7b7,0d285e8573294ff0f8d626c9d7c79b1ffa6d14fb3071ba7be902aa48627a1c7e,0.4280018339995877
js,0.2,js_lr0.2,117,ok,,1.0675107446477332,6.626131445356794,36,0.9382614408155243,0.0455220587299714,0.04271159241287188,0.04271159241287188,2ff937c83d36f7b3a5406c91e8755c50ce932575e34db68925452587b0ab77d6,4ce67a52451597cfc11fd97edf40aa34eb1b5c997198bd1076c33fe083bdd43e,b828baff1fb9f67c70b6dbea3cba487e81abd07d2e9720c22549cc121a9cf9ad,32821079a74fe63f445d951a557ad18447fced01821fc77b6b8d137d2fe48881,0.4317101670021657
js,0.2,js_lr0.2,118,ok,,0.934522981414804,6.728096032644677,36,0.9451110511919573,0.048690503037901546,0.04601793250921632,0.04601793250921632,f9372f8f74b3a18b86f9a9dd960278381003e836073cde71119d3b892dde9434,7bd60133923f8534362210d3aca0aff74ce000224bd76127dd7b0bce56ccb362,605f62e239322f5313d845a2d699f250ce6a7e0825aa8e661c4d9f8dc5f782d9,ffdd2708cda2855a18fd4a81398631fadb59f1610b8dd3d36eefe8f678572c16,0.43306220800150186
js,0.2,js_lr0.2,119,ok,,1.2260925299877623,6.874694235815047,36,1.0371849187847877,0.04067858187001555,0.04219121163313242,0.042191211633132414,9cc5a5818d004f0f1492c246ba3ab8685b2df3f7dfd15cdf113ebebec42d8dee,64ada1b3e94d843469b9e745b7a15decfea54282d3d3fdc06c17e9cdcea8dc5b,ca428a2d600b7cd0b47722decaa3f8e1a32769793f46a3ced6ba5f9ab631e1f2,01bf4e2b10f88360652600d185a9d719f05502f25f089d70da96eafa7fe4dfe3,0.4335304579944932
js,0.2,js_lr0.2,120,ok,,1.0541445597849788,6.8250777004144805,36,1.3248266302065654,0.03904454120159017,0.05172724794806411,0.05172724794806411,69e5aaf107b63f46b6b057dfe99d3189e4f485b9649136f1718f398f646e43c6,d8e50e695e49ac02b6f76daee1d39919959a4aa8a84f49c7d93d5a5dc3caa2ff,5604d0b01aa38439978ff828fd8b23f34f58aaa29f9fc4cf46c8f2889862d932,dff4b17a330f664ec4d31f507c7603e7842ac94d65226c760d6e78cfa953aeb7,0.43318741700204555
mse,0.005,mse_lr0.005,111,ok,,0.9402508994095946,6.692839441083932,36,1652.0692040720942,3.419874726074682e-05,0.05649869716732471,0.0564986971673247,6f4599f803588363f7f3f06a30082972087391773f80fd6d7eb3eadc6484859e,28b0ebbf9be5e833a1d38468d7218b52b6eca83c2a9f1c6221ed279bc5fe306d,8fab7eb1dfc2006c517c0e7e9e69f75a99f3dc01832c43b11c9ba40c9bcd6823,ff013eda1d426d67006a334f6583897c614d689f5823b14c442be63e78bb3962,0.38290095800039126
mse,0.005,mse_lr0.005,112,ok,,1.1679617374521323,6.798087507209546,36,1685.4377944414764,2.9529395175680473e-05,0.049769958676089666,0.049769958676089666,23158049f8a287709543a55b89f8943218b08cba397a67e034633640e70c99f6,ef7c966740418fd6a40b794df00c0c243906c71043c6b0f768b5a1adf85a9eef,02f04c05a341d11e3b57c54926b2dbae6a2e489c24a16657054478fda872ca64,3dd0b47c3c1ce23069083c16d0c2272714da54db5025db5646fd1228b010a5e8,0.3858303329980117
mse,0.005,mse_lr0.005,113,ok,,0.9497536219494473,6.529249734670062,36,1675.0797140725197,4.166211704836609e-05,0.06978736711303292,0.06978736711303292,1130bcd06d370ab57f1bc3a67409c755b267648b80a0f46e840060bb010d3ab8,c68fb172bb60d66f359aa28c9948d748b520f4271b111e5de41911067a4f354b,1d1668fc7ae6e962f5f3b23083b5cf8c2778125e6999c83b21749b59535e825c,db95c591d5ad7a1f08531cf0e04985b931fc730f28e8ed47b8c7c5d8ecd8db0c,0.38286483399861027
mse,0.005,mse_lr0.005,114,ok,,1.4589669636544056,7.14689417674668,36,1640.3304296403849,3.301587295395362e-05,0.0541569410675111,0.0541569410675111,c8a7a565f4c34afcedf377bd8a33aee023bbafec99430b278d5183f906311b3e,c33ca7855f00a693f1f0af550d168ba9c880c362927ac4b9858046f2d8b7a17c,38002117c0ffdb4a9624b0cd256b65181fc12e3321756df0d82b3aabebebd605,52ceac77e1e0c99a5de90b23d52d3e2f15eb08da92d5b6842d3e92834a138f22,0.38267554200137965
mse,0.005,mse_lr0.005,115,ok,,0.8722412052837676,6.442227590218887,36,1686.2080586233892,2.3923156275500147e-05,0.040339418899455054,0.040339418899455054,21e3187a25ce542a7fda12331f6df5573b7aa9cfb19c4d6a1242f48e9ab77257,2979b01fffc02f60db951ba7c3ab40b94b411246fd1d648f7c1e046da8b55f29,20e1afcba9533c9a3cd05a6d7e63f13cc97f4d348c142d7f72917f8929ca02eb,c3a0cabd7487508470d585545f7b6a856897b0410105302f1b4d5c12944c190d,0.3828448330023093
mse,0.005,mse_lr0.005,116,ok,,0.915705650861697,6.594331793675475,36,1679.1165184478282,3.527596329204843e-05,0.05923245266783774,0.05923245266783774,b240340bda42b13e461b839e854e8931eb9b197c11fad589d1f07877b5a6c105,8944d8f9094422671c06b3f2af086555200354f4f465fe9295a66b6f28ee7466,a927dd1c515d66a61fb11e1c948c7e8042e5cfedc1c4b8d5dca9f3be9e46a7b7,0d285e8573294ff0f8d626c9d7c79b1ffa6d14fb3071ba7be902aa48627a1c7e,0.3808614169975044
mse,0.005,mse_lr0.005,117,ok,,1.16593230117701,6.8157341859667095,36,1662.2323675960704,2.5695319887580834e-05,0.04271159241287188,0.04271159241287188,2ff937c83d36f7b3a5406c91e8755c50ce932575e34db68925452587b0ab77d6,4ce67a52451597cfc11fd97edf40aa34eb1b5c997198bd1076c33fe083bdd43e,b828baff1fb9f67c70b6dbea3cba487e81abd07d2e9720c22549cc121a9cf9ad,32821079a74fe63f445d951a557ad18447fced01821fc77b6b8d137d2fe48881,0.3890820420056116
mse,0.005,mse_lr0.005,118,ok,,1.42020629742369,7.129467989529803,36,1628.0182668224527,2.8266226151770145e-05,0.04601793250921632,0.04601793250921632,f9372f8f74b3a18b86f9a9dd960278381003e836073cde71119d3b892dde9434,7bd60133923f8534362210d3aca0aff74ce000224bd76127dd7b0bce56ccb362,605f62e239322f5313d845a2d699f250ce6a7e0825aa8e661c4d9f8dc5f782d9,ffdd2708cda2855a18fd4a81398631fadb59f1610b8dd3d36eefe8f678572c16,0.38791412499995204
mse,0.005,mse_lr0.005,119,ok,,0.720062263912903,6.323274414597613,36,1660.0840796509863,2.54151052650313e-05,0.04219121163313242,0.04219121163313242,9cc5a5818d004f0f1492c246ba3ab8685b2df3f7dfd15cdf113ebebec42d8dee,64ada1b3e94d843469b9e745b7a15decfea54282d3d3fdc06c17e9cdcea8dc5b,ca428a2d600b7cd0b47722decaa3f8e1a32769793f46a3ced6ba5f9ab631e1f2,01bf4e2b10f88360652600d185a9d719f05502f25f089d70da96eafa7fe4dfe3,0.3896077499957755
mse,0.005,mse_lr0.005,120,ok,,0.6424285068658678,6.349945989118402,36,1733.415211120221,2.9841233431103522e-05,0.05172724794806411,0.05172724794806411,69e5aaf107b63f46b6b057dfe99d3189e4f485b9649136f1718f398f646e43c6,d8e50e695e49ac02b6f76daee1d39919959a4aa8a84f49c7d93d5a5dc3caa2ff,5604d0b01aa38439978ff828fd8b23f34f58aaa29f9fc4cf46c8f2889862d932,dff4b17a330f664ec4d31f507c7603e7842ac94d65226c760d6e78cfa953aeb7,0.3915217909961939
mse,0.01,mse_lr0.01,111,ok,,0.5778701497700627,6.3148455263056364,36,1652.0692040720942,3.419874726074682e-05,0.05649869716732471,0.0564986971673247,6f4599f803588363f7f3f06a30082972087391773f80fd6d7eb3eadc6484859e,28b0ebbf9be5e833a1d38468d7218b52b6eca83c2a9f1c6221ed279bc5fe306d,8fab7eb1dfc2006c517c0e7e9e69f75a99f3dc01832c43b11c9ba40c9bcd6823,ff013eda1d426d67006a334f6583897c614d689f5823b14c442be63e78bb3962,0.3903445410032873
mse,0.01,mse_lr0.01,112,ok,,0.44136426713552573,6.078661595437956,36,1685.4377944414764,2.9529395175680473e-05,0.049769958676089666,0.049769958676089666,23158049f8a287709543a55b89f8943218b08cba397a67e034633640e70c99f6,ef7c966740418fd6a40b794df00c0c243906c71043c6b0f768b5a1adf85a9eef,02f04c05a341d11e3b57c54926b2dbae6a2e489c24a16657054478fda872ca64,3dd0b47c3c1ce23069083c16d0c2272714da54db5025db5646fd1228b010a5e8,0.3901736659972812
mse,0.01,mse_lr0.01,113,ok,,0.604115956212894,6.1879814729813685,36,1675.0797140725197,4.166211704836609e-05,0.06978736711303292,0.06978736711303292,1130bcd06d370ab57f1bc3a67409c755b267648b80a0f46e840060bb010d3ab8,c68fb172bb60d66f359aa28c9948d748b520f4271b111e5de41911067a4f354b,1d1668fc7ae6e962f5f3b23083b5cf8c2778125e6999c83b21749b59535e825c,db95c591d5ad7a1f08531cf0e04985b931fc730f28e8ed47b8c7c5d8ecd8db0c,0.37766679199557984
mse,0.01,mse_lr0.01,114,ok,,0.6187240551075699,6.284274843494791,36,1640.3304296403849,3.301587295395362e-05,0.0541569410675111,0.0541569410675111,c8a7a565f4c34afcedf377bd8a33aee023bbafec99430b278d5183f906311b3e,c33ca7855f00a693f1f0af550d168ba9c880c362927ac4b9858046f2d8b7a17c,38002117c0ffdb4a9624b0cd256b65181fc12e3321756df0d82b3aabebebd605,52ceac77e1e0c99a5de90b23d52d3e2f15eb08da92d5b6842d3e92834a138f22,0.3744411660009064
mse,0.01,mse_lr0.01,115,ok,,0.7253142598952854,6.2727917254372425,36,1686.2080586233892,2.3923156275500147e-05,0.040339418899455054,0.040339418899455054,21e3187a25ce542a7fda12331f6df5573b7aa9cfb19c4d6a1242f48e9ab77257,2979b01fffc02f60db951ba7c3ab40b94b411246fd1d648f7c1e046da8b55f29,20e1afcba9533c9a3cd05a6d7e63f13cc97f4d348c142d7f72917f8929ca02eb,c3a0cabd7487508470d585545f7b6a856897b0410105302f1b4d5c12944c190d,0.37801670800399734
mse,0.01,mse_lr0.01,116,ok,,0.613068946250045,6.275471668215955,36,1679.1165184478282,3.527596329204843e-05,0.05923245266783774,0.05923245266783774,b240340bda42b13e461b839e854e8931eb9b197c11fad589d1f07877b5a6c105,8944d8f9094422671c06b3f2af086555200354f4f465fe9295a66b6f28ee7466,a927dd1c515d66a61fb11e1c948c7e8042e5cfedc1c4b8d5dca9f3be9e46a7b7,0d285e8573294ff0f8d626c9d7c79b1ffa6d14fb3071ba7be902aa48627a1c7e,0.36746408299950417
mse,0.01,mse_lr0.01,117,ok,,0.7979333177834456,6.434581920376042,36,1662.2323675960704,2.5695319887580834e-05,0.04271159241287188,0.04271159241287188,2ff937c83d36f7b3a5406c91e8755c50ce932575e34db68925452587b0ab77d6,4ce67a52451597cfc11fd97edf40aa34eb1b5c997198bd1076c33fe083bdd43e,b828baff1fb9f67c70b6dbea3cba487e81abd07d2e9720c22549cc121a9cf9ad,32821079a74fe63f445d951a557ad18447fced01821fc77b6b8d137d2fe48881,0.3671840000024531
mse,0.01,mse_lr0.01,118,ok,,1.2125058883372382,6.968027190114252,36,1628.0182668224527,2.8266226151770145e-05,0.04601793250921632,0.04601793250921632,f9372f8f74b3a18b86f9a9dd960278381003e836073cde71119d3b892dde9434,7bd60133923f8534362210d3aca0aff74ce000224bd76127dd7b0bce56ccb362,605f62e239322f5313d845a2d699f250ce6a7e0825aa8e661c4d9f8dc5f782d9,ffdd2708cda2855a18fd4a81398631fadb59f1610b8dd3d36eefe8f678572c16,0.36708691700187046
mse,0.01,mse_lr0.01,119,ok,,0.5608642901235663,6.1775882429707245,36,1660.0840796509863,2.54151052650313e-05,0.04219121163313242,0.04219121163313242,9cc5a5818d004f0f1492c246ba3ab8685b2df3f7dfd15cdf113ebebec42d8dee,64ada1b3e94d843469b9e745b7a15decfea54282d3d3fdc06c17e9cdcea8dc5b,ca428a2d600b7cd0b47722decaa3f8e1a32769793f46a3ced6ba5f9ab631e1f2,01bf4e2b10f88360652600d185a9d719f05502f25f089d70da96eafa7fe4dfe3,0.3673985419954988
mse,0.01,mse_lr0.01,120,ok,,0.5098292721442838,6.2399651377606045,36,1733.415211120221,2.9841233431103522e-05,0.05172724794806411,0.05172724794806411,69e5aaf107b63f46b6b057dfe99d3189e4f485b9649136f1718f398f646e43c6,d8e50e695e49ac02b6f76daee1d39919959a4aa8a84f49c7d93d5a5dc3caa2ff,5604d0b01aa38439978ff828fd8b23f34f58aaa29f9fc4cf46c8f2889862d932,dff4b17a330f664ec4d31f507c7603e7842ac94d65226c760d6e78cfa953aeb7,0.3671955829995568
mse,0.02,mse_lr0.02,111,ok,,0.5143739754722989,6.257648641922653,36,1652.0692040720942,3.419874726074682e-05,0.05649869716732471,0.0564986971673247,6f4599f803588363f7f3f06a30082972087391773f80fd6d7eb3eadc6484859e,28b0ebbf9be5e833a1d38468d7218b52b6eca83c2a9f1c6221ed279bc5fe306d,8fab7eb1dfc2006c517c0e7e9e69f75a99f3dc01832c43b11c9ba40c9bcd6823,ff013eda1d426d67006a334f6583897c614d689f5823b14c442be63e78bb3962,0.3659457920002751
mse,0.02,mse_lr0.02,112,ok,,0.44113812725356577,6.0736271416625165,36,1685.4377944414764,2.9529395175680473e-05,0.049769958676089666,0.049769958676089666,23158049f8a287709543a55b89f8943218b08cba397a67e034633640e70c99f6,ef7c966740418fd6a40b794df00c0c243906c71043c6b0f768b5a1adf85a9eef,02f04c05a341d11e3b57c54926b2dbae6a2e489c24a16657054478fda872ca64,3dd0b47c3c1ce23069083c16d0c2272714da54db5025db5646fd1228b010a5e8,0.36627662499813596
mse,0.02,mse_lr0.02,113,ok,,0.39768792692291566,5.975640148052655,36,1675.0797140725197,4.166211704836609e-05,0.06978736711303292,0.06978736711303292,1130bcd06d370ab57f1bc3a67409c755b267648b80a0f46e840060bb010d3ab8,c68fb172bb60d66f359aa28c9948d748b520f4271b111e5de41911067a4f354b,1d1668fc7ae6e962f5f3b23083b5cf8c2778125e6999c83b21749b59535e825c,db95c591d5ad7a1f08531cf0e04985b931fc730f28e8ed47b8c7c5d8ecd8db0c,0.36567945800197776
mse,0.02,mse_lr0.02,114,ok,,0.4095750328555139,6.152940564113352,36,1640.3304296403849,3.301587295395362e-05,0.0541569410675111,0.0541569410675111,c8a7a565f4c34afcedf377bd8a33aee023bbafec99430b278d5183f906311b3e,c33ca7855f00a693f1f0af550d168ba9c880c362927ac4b9858046f2d8b7a17c,38002117c0ffdb4a9624b0cd256b65181fc12e3321756df0d82b3aabebebd605,52ceac77e1e0c99a5de90b23d52d3e2f15eb08da92d5b6842d3e92834a138f22,0.36535554099828005
mse,0.02,mse_lr0.02,115,ok,,0.5284318716370662,6.062618773174479,36,1686.2080586233892,2.3923156275500147e-05,0.040339418899455054,0.040339418899455054,21e3187a25ce542a7fda12331f6df5573b7aa9cfb19c4d6a1242f48e9ab77257,2979b01fffc02f60db951ba7c3ab40b94b411246fd1d648f7c1e046da8b55f29,20e1afcba9533c9a3cd05a6d7e63f13cc97f4d348c142d7f72917f8929ca02eb,c3a0cabd7487508470d585545f7b6a856897b0410105302f1b4d5c12944c190d,0.364885333001439
mse,0.02,mse_lr0.02,116,ok,,0.62277410741163,6.312600627674882,36,1679.1165184478282,3.527596329204843e-05,0.05923245266783774,0.05923245266783774,b240340bda42b13e461b839e854e8931eb9b197c11fad589d1f07877b5a6c105,8944d8f9094422671c06b3f2af086555200354f4f465fe9295a66b6f28ee7466,a927dd1c515d66a61fb11e1c948c7e8042e5cfedc1c4b8d5dca9f3be9e46a7b7,0d285e8573294ff0f8d626c9d7c79b1ffa6d14fb3071ba7be902aa48627a1c7e,0.3658383749934728
mse,0.02,mse_lr0.02,117,ok,,0.45365918573760744,6.1193377615731315,36,1662.2323675960704,2.5695319887580834e-05,0.04271159241287188,0.04271159241287188,2ff937c83d36f7b3a5406c91e8755c50ce932575e34db68925452587b0ab77d6,4ce67a52451597cfc11fd97edf40aa34eb1b5c997198bd1076c33fe083bdd43e,b828baff1fb9f67c70b6dbea3cba487e81abd07d2e9720c22549cc121a9cf9ad,32821079a74fe63f445d951a557ad18447fced01821fc77b6b8d137d2fe48881,0.36662891599553404
mse,0.02,mse_lr0.02,118,ok,,0.3379682633890443,6.058295703724918,36,1628.0182668224527,2.8266226151770145e-05,0.04601793250921632,0.04601793250921632,f9372f8f74b3a18b86f9a9dd960278381003e836073cde71119d3b892dde9434,7bd60133923f8534362210d3aca0aff74ce000224bd76127dd7b0bce56ccb362,605f62e239322f5313d845a2d699f250ce6a7e0825aa8e661c4d9f8dc5f782d9,ffdd2708cda2855a18fd4a81398631fadb59f1610b8dd3d36eefe8f678572c16,0.3694578750000801
mse,0.02,mse_lr0.02,119,ok,,0.49817145617723163,6.114232823129278,36,1660.0840796509863,2.54151052650313e-05,0.04219121163313242,0.04219121163313242,9cc5a5818d004f0f1492c246ba3ab8685b2df3f7dfd15cdf113ebebec42d8dee,64ada1b3e94d843469b9e745b7a15decfea54282d3d3fdc06c17e9cdcea8dc5b,ca428a2d600b7cd0b47722decaa3f8e1a32769793f46a3ced6ba5f9ab631e1f2,01bf4e2b10f88360652600d185a9d719f05502f25f089d70da96eafa7fe4dfe3,0.368711417002487
mse,0.02,mse_lr0.02,120,ok,,0.4416643958496736,6.165074679044052,36,1733.415211120221,2.9841233431103522e-05,0.05172724794806411,0.05172724794806411,69e5aaf107b63f46b6b057dfe99d3189e4f485b9649136f1718f398f646e43c6,d8e50e695e49ac02b6f76daee1d39919959a4aa8a84f49c7d93d5a5dc3caa2ff,5604d0b01aa38439978ff828fd8b23f34f58aaa29f9fc4cf46c8f2889862d932,dff4b17a330f664ec4d31f507c7603e7842ac94d65226c760d6e78cfa953aeb7,0.37054345800424926
mse,0.05,mse_lr0.05,111,ok,,0.3331208550753674,6.064412366919273,36,1652.0692040720942,3.419874726074682e-05,0.05649869716732471,0.0564986971673247,6f4599f803588363f7f3f06a30082972087391773f80fd6d7eb3eadc6484859e,28b0ebbf9be5e833a1d38468d7218b52b6eca83c2a9f1c6221ed279bc5fe306d,8fab7eb1dfc2006c517c0e7e9e69f75a99f3dc01832c43b11c9ba40c9bcd6823,ff013eda1d426d67006a334f6583897c614d689f5823b14c442be63e78bb3962,0.3649111249978887
mse,0.05,mse_lr0.05,112,ok,,0.386123655369778,6.008451430893569,36,1685.4377944414764,2.9529395175680473e-05,0.049769958676089666,0.049769958676089666,23158049f8a287709543a55b89f8943218b08cba397a67e034633640e70c99f6,ef7c966740418fd6a40b794df00c0c243906c71043c6b0f768b5a1adf85a9eef,02f04c05a341d11e3b57c54926b2dbae6a2e489c24a16657054478fda872ca64,3dd0b47c3c1ce23069083c16d0c2272714da54db5025db5646fd1228b010a5e8,0.3668794999975944
mse,0.05,mse_lr0.05,113,ok,,0.3340069309135438,5.9002751161557025,36,1675.0797140725197,4.166211704836609e-05,0.06978736711303292,0.06978736711303292,1130bcd06d370ab57f1bc3a67409c755b267648b80a0f46e840060bb010d3ab8,c68fb172bb60d66f359aa28c9948d748b520f4271b111e5de41911067a4f354b,1d1668fc7ae6e962f5f3b23083b5cf8c2778125e6999c83b21749b59535e825c,db95c591d5ad7a1f08531cf0e04985b931fc730f28e8ed47b8c7c5d8ecd8db0c,0.36443449999933364
mse,0.05,mse_lr0.05,114,ok,,0.39149482485972664,6.096692748610908,36,1640.3304296403849,3.301587295395362e-05,0.0541569410675111,0.0541569410675111,c8a7a565f4c34afcedf377bd8a33aee023bbafec99430b278d5183f906311b3e,c33ca7855f00a693f1f0af550d168ba9c880c362927ac4b9858046f2d8b7a17c,38002117c0ffdb4a9624b0cd256b65181fc12e3321756df0d82b3aabebebd605,52ceac77e1e0c99a5de90b23d52d3e2f15eb08da92d5b6842d3e92834a138f22,0.3722094999975525
mse,0.05,mse_lr0.05,115,ok,,0.4212817969565026,5.969187264872436,36,1686.2080586233892,2.3923156275500147e-05,0.040339418899455054,0.040339418899455054,21e3187a25ce542a7fda12331f6df5573b7aa9cfb19c4d6a1242f48e9ab77257,2979b01fffc02f60db951ba7c3ab40b94b411246fd1d648f7c1e046da8b55f29,20e1afcba9533c9a3cd05a6d7e63f13cc97f4d348c142d7f72917f8929ca02eb,c3a0cabd7487508470d585545f7b6a856897b0410105302f1b4d5c12944c190d,0.37341033399570733
mse,0.05,mse_lr0.05,116,ok,,0.5340979645344619,6.250907113620311,36,1679.1165184478282,3.527596329204843e-05,0.05923245266783774,0.05923245266783774,b240340bda42b13e461b839e854e8931eb9b197c11fad589d1f07877b5a6c105,8944d8f9094422671c06b3f2af086555200354f4f465fe9295a66b6f28ee7466,a927dd1c515d66a61fb11e1c948c7e8042e5cfedc1c4b8d5dca9f3be9e46a7b7,0d285e8573294ff0f8d626c9d7c79b1ffa6d14fb3071ba7be902aa48627a1c7e,0.3724554159998661
mse,0.05,mse_lr0.05,117,ok,,0.46984041934283705,6.069596810561846,36,1662.2323675960704,2.5695319887580834e-05,0.04271159241287188,0.04271159241287188,2ff937c83d36f7b3a5406c91e8755c50ce932575e34db68925452587b0ab77d6,4ce67a52451597cfc11fd97edf40aa34eb1b5c997198bd1076c33fe083bdd43e,b828baff1fb9f67c70b6dbea3cba487e81abd07d2e9720c22549cc121a9cf9ad,32821079a74fe63f445d951a557ad18447fced01821fc77b6b8d137d2fe48881,0.368176666997897
mse,0.05,mse_lr0.05,118,ok,,0.29864896693094833,6.01060376659766,36,1628.0182668224527,2.8266226151770145e-05,0.04601793250921632,0.04601793250921632,f9372f8f74b3a18b86f9a9dd960278381003e836073cde71119d3b892dde9434,7bd60133923f8534362210d3aca0aff74ce000224bd76127dd7b0bce56ccb362,605f62e239322f5313d845a2d699f250ce6a7e0825aa8e661c4d9f8dc5f782d9,ffdd2708cda2855a18fd4a81398631fadb59f1610b8dd3d36eefe8f678572c16,0.3670121670002118
mse,0.05,mse_lr0.05,119,ok,,0.43187536991513753,6.056461780660155,36,1660.0840796509863,2.54151052650313e-05,0.04219121163313242,0.04219121163313242,9cc5a5818d004f0f1492c246ba3ab8685b2df3f7dfd15cdf113ebebec42d8dee,64ada1b3e94d843469b9e745b7a15decfea54282d3d3fdc06c17e9cdcea8dc5b,ca428a2d600b7cd0b47722decaa3f8e1a32769793f46a3ced6ba5f9ab631e1f2,01bf4e2b10f88360652600d185a9d719f05502f25f089d70da96eafa7fe4dfe3,0.36464366700238315
mse,0.05,mse_lr0.05,120,ok,,0.3804141746126941,6.088226638810591,36,1733.415211120221,2.9841233431103522e-05,0.05172724794806411,0.05172724794806411,69e5aaf107b63f46b6b057dfe99d3189e4f485b9649136f1718f398f646e43c6,d8e50e695e49ac02b6f76daee1d39919959a4aa8a84f49c7d93d5a5dc3caa2ff,5604d0b01aa38439978ff828fd8b23f34f58aaa29f9fc4cf46c8f2889862d932,dff4b17a330f664ec4d31f507c7603e7842ac94d65226c760d6e78cfa953aeb7,0.3647350409955834
mse,0.1,mse_lr0.1,111,ok,,0.39584521004866396,6.15542005768461,36,1652.0692040720942,3.419874726074682e-05,0.05649869716732471,0.0564986971673247,6f4599f803588363f7f3f06a30082972087391773f80fd6d7eb3eadc6484859e,28b0ebbf9be5e833a1d38468d7218b52b6eca83c2a9f1c6221ed279bc5fe306d,8fab7eb1dfc2006c517c0e7e9e69f75a99f3dc01832c43b11c9ba40c9bcd6823,ff013eda1d426d67006a334f6583897c614d689f5823b14c442be63e78bb3962,0.36681237499578856
mse,0.1,mse_lr0.1,112,ok,,0.3463350730792041,5.9814084037844495,36,1685.4377944414764,2.9529395175680473e-05,0.049769958676089666,0.049769958676089666,23158049f8a287709543a55b89f8943218b08cba397a67e034633640e70c99f6,ef7c966740418fd6a40b794df00c0c243906c71043c6b0f768b5a1adf85a9eef,02f04c05a341d11e3b57c54926b2dbae6a2e489c24a16657054478fda872ca64,3dd0b47c3c1ce23069083c16d0c2272714da54db5025db5646fd1228b010a5e8,0.36589787500270177
mse,0.1,mse_lr0.1,113,ok,,0.27996554611551383,5.851626174587283,36,1675.0797140725197,4.166211704836609e-05,0.06978736711303292,0.06978736711303292,1130bcd06d370ab57f1bc3a67409c755b267648b80a0f46e840060bb010d3ab8,c68fb172bb60d66f359aa28c9948d748b520f4271b111e5de41911067a4f354b,1d1668fc7ae6e962f5f3b23083b5cf8c2778125e6999c83b21749b59535e825c,db95c591d5ad7a1f08531cf0e04985b931fc730f28e8ed47b8c7c5d8ecd8db0c,0.3670074170004227
mse,0.1,mse_lr0.1,114,ok,,0.32311680589255926,6.0305600508560095,36,1640.3304296403849,3.301587295395362e-05,0.0541569410675111,0.0541569410675111,c8a7a565f4c34afcedf377bd8a33aee023bbafec99430b278d5183f906311b3e,c33ca7855f00a693f1f0af550d168ba9c880c362927ac4b9858046f2d8b7a17c,38002117c0ffdb4a9624b0cd256b65181fc12e3321756df0d82b3aabebebd605,52ceac77e1e0c99a5de90b23d52d3e2f15eb08da92d5b6842d3e92834a138f22,0.3687444159950246
mse,0.1,mse_lr0.1,115,ok,,0.4851808681477757,6.035194197243345,36,1686.2080586233892,2.3923156275500147e-05,0.040339418899455054,0.040339418899455054,21e3187a25ce542a7fda12331f6df5573b7aa9cfb19c4d6a1242f48e9ab77257,2979b01fffc02f60db951ba7c3ab40b94b411246fd1d648f7c1e046da8b55f29,20e1afcba9533c9a3cd05a6d7e63f13cc97f4d348c142d7f72917f8929ca02eb,c3a0cabd7487508470d585545f7b6a856897b0410105302f1b4d5c12944c190d,0.36871962499571964
mse,0.1,mse_lr0.1,116,ok,,0.5687284519870026,6.272258586162183,36,1679.1165184478282,3.527596329204843e-05,0.05923245266783774,0.05923245266783774,b240340bda42b13e461b839e854e8931eb9b197c11fad589d1f07877b5a6c105,8944d8f9094422671c06b3f2af086555200354f4f465fe9295a66b6f28ee7466,a927dd1c515d66a61fb11e1c948c7e8042e5cfedc1c4b8d5dca9f3be9e46a7b7,0d285e8573294ff0f8d626c9d7c79b1ffa6d14fb3071ba7be902aa48627a1c7e,0.36969745800161036
mse,0.1,mse_lr0.1,117,ok,,0.5077243235024093,6.103137181445243,36,1662.2323675960704,2.5695319887580834e-05,0.04271159241287188,0.04271159241287188,2ff937c83d36f7b3a5406c91e8755c50ce932575e34db68925452587b0ab77d6,4ce67a52451597cfc11fd97edf40aa34eb1b5c997198bd1076c33fe083bdd43e,b828baff1fb9f67c70b6dbea3cba487e81abd07d2e9720c22549cc121a9cf9ad,32821079a74fe63f445d951a557ad18447fced01821fc77b6b8d137d2fe48881,0.36967645899858326
mse,0.1,mse_lr0.1,118,ok,,0.3173356050540401,6.017468618965162,36,1628.0182668224527,2.8266226151770145e-05,0.04601793250921632,0.04601793250921632,f9372f8f74b3a18b86f9a9dd960278381003e836073cde71119d3b892dde9434,7bd60133923f8534362210d3aca0aff74ce000224bd76127dd7b0bce56ccb362,605f62e239322f5313d845a2d699f250ce6a7e0825aa8e661c4d9f8dc5f782d9,ffdd2708cda2855a18fd4a81398631fadb59f1610b8dd3d36eefe8f678572c16,0.368473874994379
mse,0.1,mse_lr0.1,119,ok,,0.3424922077545669,5.944551902662288,36,1660.0840796509863,2.54151052650313e-05,0.04219121163313242,0.04219121163313242,9cc5a5818d004f0f1492c246ba3ab8685b2df3f7dfd15cdf113ebebec42d8dee,64ada1b3e94d843469b9e745b7a15decfea54282d3d3fdc06c17e9cdcea8dc5b,ca428a2d600b7cd0b47722decaa3f8e1a32769793f46a3ced6ba5f9ab631e1f2,01bf4e2b10f88360652600d185a9d719f05502f25f089d70da96eafa7fe4dfe3,0.3654209579981398
mse,0.1,mse_lr0.1,120,ok,,0.31555887222675477,6.031011143758409,36,1733.415211120221,2.9841233431103522e-05,0.05172724794806411,0.05172724794806411,69e5aaf107b63f46b6b057dfe99d3189e4f485b9649136f1718f398f646e43c6,d8e50e695e49ac02b6f76daee1d39919959a4aa8a84f49c7d93d5a5dc3caa2ff,5604d0b01aa38439978ff828fd8b23f34f58aaa29f9fc4cf46c8f2889862d932,dff4b17a330f664ec4d31f507c7603e7842ac94d65226c760d6e78cfa953aeb7,0.36760066600254504
mse,0.2,mse_lr0.2,111,ok,,0.3531764890836554,6.1230921251709445,36,1652.0692040720942,3.419874726074682e-05,0.05649869716732471,0.0564986971673247,6f4599f803588363f7f3f06a30082972087391773f80fd6d7eb3eadc6484859e,28b0ebbf9be5e833a1d38468d7218b52b6eca83c2a9f1c6221ed279bc5fe306d,8fab7eb1dfc2006c517c0e7e9e69f75a99f3dc01832c43b11c9ba40c9bcd6823,ff013eda1d426d67006a334f6583897c614d689f5823b14c442be63e78bb3962,0.36768716699589277
mse,0.2,mse_lr0.2,112,ok,,0.4174899455545579,6.058145377423591,36,1685.4377944414764,2.9529395175680473e-05,0.049769958676089666,0.049769958676089666,23158049f8a287709543a55b89f8943218b08cba397a67e034633640e70c99f6,ef7c966740418fd6a40b794df00c0c243906c71043c6b0f768b5a1adf85a9eef,02f04c05a341d11e3b57c54926b2dbae6a2e489c24a16657054478fda872ca64,3dd0b47c3c1ce23069083c16d0c2272714da54db5025db5646fd1228b010a5e8,0.3658270829982939
mse,0.2,mse_lr0.2,113,ok,,0.4244025490673534,6.008191669499282,36,1675.0797140725197,4.166211704836609e-05,0.06978736711303292,0.06978736711303292,1130bcd06d370ab57f1bc3a67409c755b267648b80a0f46e840060bb010d3ab8,c68fb172bb60d66f359aa28c9948d748b520f4271b111e5de41911067a4f354b,1d1668fc7ae6e962f5f3b23083b5cf8c2778125e6999c83b21749b59535e825c,db95c591d5ad7a1f08531cf0e04985b931fc730f28e8ed47b8c7c5d8ecd8db0c,0.36800762500206474
mse,0.2,mse_lr0.2,114,ok,,0.4074690886553367,6.128760419481603,36,1640.3304296403849,3.301587295395362e-05,0.0541569410675111,0.0541569410675111,c8a7a565f4c34afcedf377bd8a33aee023bbafec99430b278d5183f906311b3e,c33ca7855f00a693f1f0af550d168ba9c880c362927ac4b9858046f2d8b7a17c,38002117c0ffdb4a9624b0cd256b65181fc12e3321756df0d82b3aabebebd605,52ceac77e1e0c99a5de90b23d52d3e2f15eb08da92d5b6842d3e92834a138f22,0.36793737500556745
mse,0.2,mse_lr0.2,115,ok,,0.41468354701274834,5.973316034271677,36,1686.2080586233892,2.3923156275500147e-05,0.040339418899455054,0.040339418899455054,21e3187a25ce542a7fda12331f6df5573b7aa9cfb19c4d6a1242f48e9ab77257,2979b01fffc02f60db951ba7c3ab40b94b411246fd1d648f7c1e046da8b55f29,20e1afcba9533c9a3cd05a6d7e63f13cc97f4d348c142d7f72917f8929ca02eb,c3a0cabd7487508470d585545f7b6a856897b0410105302f1b4d5c12944c190d,0.42373583299922757
mse,0.2,mse_lr0.2,116,ok,,0.40069515172167003,6.0698239021442255,36,1679.1165184478282,3.527596329204843e-05,0.05923245266783774,0.05923245266783774,b240340bda42b13e461b839e854e8931eb9b197c11fad589d1f07877b5a6c105,8944d8f9094422671c06b3f2af086555200354f4f465fe9295a66b6f28ee7466,a927dd1c515d66a61fb11e1c948c7e8042e5cfedc1c4b8d5dca9f3be9e46a7b7,0d285e8573294ff0f8d626c9d7c79b1ffa6d14fb3071ba7be902aa48627a1c7e,0.42263966699829325
mse,0.2,mse_lr0.2,117,ok,,0.4348042825173178,6.046166780157672,36,1662.2323675960704,2.5695319887580834e-05,0.04271159241287188,0.04271159241287188,2ff937c83d36f7b3a5406c91e8755c50ce932575e34db68925452587b0ab77d6,4ce67a52451597cfc11fd97edf40aa34eb1b5c997198bd1076c33fe083bdd43e,b828baff1fb9f67c70b6dbea3cba487e81abd07d2e9720c22549cc121a9cf9ad,32821079a74fe63f445d951a557ad18447fced01821fc77b6b8d137d2fe48881,0.4185289160013781
mse,0.2,mse_lr0.2,118,ok,,0.3034159684652,6.014830525612855,36,1628.0182668224527,2.8266226151770145e-05,0.04601793250921632,0.04601793250921632,f9372f8f74b3a18b86f9a9dd960278381003e836073cde71119d3b892dde9434,7bd60133923f8534362210d3aca0aff74ce000224bd76127dd7b0bce56ccb362,605f62e239322f5313d845a2d699f250ce6a7e0825aa8e661c4d9f8dc5f782d9,ffdd2708cda2855a18fd4a81398631fadb59f1610b8dd3d36eefe8f678572c16,0.3651352919987403
mse,0.2,mse_lr0.2,119,ok,,0.3038173257128748,5.957336883527178,36,1660.0840796509863,2.54151052650313e-05,0.04219121163313242,0.04219121163313242,9cc5a5818d004f0f1492c246ba3ab8685b2df3f7dfd15cdf113ebebec42d8dee,64ada1b3e94d843469b9e745b7a15decfea54282d3d3fdc06c17e9cdcea8dc5b,ca428a2d600b7cd0b47722decaa3f8e1a32769793f46a3ced6ba5f9ab631e1f2,01bf4e2b10f88360652600d185a9d719f05502f25f089d70da96eafa7fe4dfe3,0.3660019159942749
mse,0.2,mse_lr0.2,120,ok,,0.34298764643396984,6.056509485673175,36,1733.415211120221,2.9841233431103522e-05,0.05172724794806411,0.05172724794806411,69e5aaf107b63f46b6b057dfe99d3189e4f485b9649136f1718f398f646e43c6,d8e50e695e49ac02b6f76daee1d39919959a4aa8a84f49c7d93d5a5dc3caa2ff,5604d0b01aa38439978ff828fd8b23f34f58aaa29f9fc4cf46c8f2889862d932,dff4b17a330f664ec4d31f507c7603e7842ac94d65226c760d6e78cfa953aeb7,0.36661145799735095
nll,0.005,nll_lr0.005,111,ok,,0.8164914699181437,6.5902367732083516,36,0.0001325461739268285,426.25671864745453,0.05649869716732471,0.05649869716732471,6f4599f803588363f7f3f06a30082972087391773f80fd6d7eb3eadc6484859e,28b0ebbf9be5e833a1d38468d7218b52b6eca83c2a9f1c6221ed279bc5fe306d,8fab7eb1dfc2006c517c0e7e9e69f75a99f3dc01832c43b11c9ba40c9bcd6823,ff013eda1d426d67006a334f6583897c614d689f5823b14c442be63e78bb3962,0.36588779199519195
nll,0.005,nll_lr0.005,112,ok,,0.7645454521236501,6.386721114403439,36,0.00013528247632043285,367.8965674623188,0.049769958676089666,0.049769958676089666,23158049f8a287709543a55b89f8943218b08cba397a67e034633640e70c99f6,ef7c966740418fd6a40b794df00c0c243906c71043c6b0f768b5a1adf85a9eef,02f04c05a341d11e3b57c54926b2dbae6a2e489c24a16657054478fda872ca64,3dd0b47c3c1ce23069083c16d0c2272714da54db5025db5646fd1228b010a5e8,0.36570075000054203
nll,0.005,nll_lr0.005,113,ok,,0.8940400405402026,6.5055265473369985,36,0.0004774891012108186,146.15489010338845,0.06978736711303292,0.06978736711303292,1130bcd06d370ab57f1bc3a67409c755b267648b80a0f46e840060bb010d3ab8,c68fb172bb60d66f359aa28c9948d748b520f4271b111e5de41911067a4f354b,1d1668fc7ae6e962f5f3b23083b5cf8c2778125e6999c83b21749b59535e825c,db95c591d5ad7a1f08531cf0e04985b931fc730f28e8ed47b8c7c5d8ecd8db0c,0.36613916599890217
nll,0.005,nll_lr0.005,114,ok,,0.9635499614766754,6.649634804748141,36,0.00024176867907619467,224.00313090366538,0.0541569410675111,0.0541569410675111,c8a7a565f4c34afcedf377bd8a33aee023bbafec99430b278d5183f906311b3e,c33ca7855f00a693f1f0af550d168ba9c880c362927ac4b9858046f2d8b7a17c,38002117c0ffdb4a9624b0cd256b65181fc12e3321756df0d82b3aabebebd605,52ceac77e1e0c99a5de90b23d52d3e2f15eb08da92d5b6842d3e92834a138f22,0.3662210410038824
nll,0.005,nll_lr0.005,115,ok,,0.6356514263214115,6.183304774595699,36,0.0001543472902498278,261.35488892718064,0.040339418899455054,0.040339418899455054,21e3187a25ce542a7fda12331f6df5573b7aa9cfb19c4d6a1242f48e9ab77257,2979b01fffc02f60db951ba7c3ab40b94b411246fd1d648f7c1e046da8b55f29,20e1afcba9533c9a3cd05a6d7e63f13cc97f4d348c142d7f72917f8929ca02eb,c3a0cabd7487508470d585545f7b6a856897b0410105302f1b4d5c12944c190d,0.36659237499407027
nll,0.005,nll_lr0.005,116,ok,,0.9608194429613499,6.611702350723272,36,0.0002493645985122239,237.53352729791817,0.05923245266783774,0.05923245266783774,b240340bda42b13e461b839e854e8931eb9b197c11fad589d1f07877b5a6c105,8944d8f9094422671c06b3f2af086555200354f4f465fe9295a66b6f28ee7466,a927dd1c515d66a61fb11e1c948c7e8042e5cfedc1c4b8d5dca9f3be9e46a7b7,0d285e8573294ff0f8d626c9d7c79b1ffa6d14fb3071ba7be902aa48627a1c7e,0.36621295800432563
nll,0.005,nll_lr0.005,117,ok,,0.868474199355348,6.5017593194898256,36,9.324095639102139e-05,458.07758806927876,0.04271159241287188,0.04271159241287188,2ff937c83d36f7b3a5406c91e8755c50ce932575e34db68925452587b0ab77d6,4ce67a52451597cfc11fd97edf40aa34eb1b5c997198bd1076c33fe083bdd43e,b828baff1fb9f67c70b6dbea3cba487e81abd07d2e9720c22549cc121a9cf9ad,32821079a74fe63f445d951a557ad18447fced01821fc77b6b8d137d2fe48881,0.3658322089977446
nll,0.005,nll_lr0.005,118,ok,,0.7120093465261927,6.469847847455499,36,0.00019482000488590964,236.207429191706,0.04601793250921632,0.04601793250921632,f9372f8f74b3a18b86f9a9dd960278381003e836073cde71119d3b892dde9434,7bd60133923f8534362210d3aca0aff74ce000224bd76127dd7b0bce56ccb362,605f62e239322f5313d845a2d699f250ce6a7e0825aa8e661c4d9f8dc5f782d9,ffdd2708cda2855a18fd4a81398631fadb59f1610b8dd3d36eefe8f678572c16,0.36712979200092377
nll,0.005,nll_lr0.005,119,ok,,0.8686933851192374,6.500385811248256,36,9.595028120692245e-05,439.71952038519385,0.04219121163313242,0.04219121163313242,9cc5a5818d004f0f1492c246ba3ab8685b2df3f7dfd15cdf113ebebec42d8dee,64ada1b3e94d843469b9e745b7a15decfea54282d3d3fdc06c17e9cdcea8dc5b,ca428a2d600b7cd0b47722decaa3f8e1a32769793f46a3ced6ba5f9ab631e1f2,01bf4e2b10f88360652600d185a9d719f05502f25f089d70da96eafa7fe4dfe3,0.36515637500269804
nll,0.005,nll_lr0.005,120,ok,,0.8439310763543177,6.5647591531968015,36,0.00032027787155427384,161.50740510743805,0.05172724794806411,0.05172724794806412,69e5aaf107b63f46b6b057dfe99d3189e4f485b9649136f1718f398f646e43c6,d8e50e695e49ac02b6f76daee1d39919959a4aa8a84f49c7d93d5a5dc3caa2ff,5604d0b01aa38439978ff828fd8b23f34f58aaa29f9fc4cf46c8f2889862d932,dff4b17a330f664ec4d31f507c7603e7842ac94d65226c760d6e78cfa953aeb7,0.3677280000047176
nll,0.01,nll_lr0.01,111,ok,,0.5434447442396535,6.297874822244318,36,0.0001325461739268285,426.25671864745453,0.05649869716732471,0.05649869716732471,6f4599f803588363f7f3f06a30082972087391773f80fd6d7eb3eadc6484859e,28b0ebbf9be5e833a1d38468d7218b52b6eca83c2a9f1c6221ed279bc5fe306d,8fab7eb1dfc2006c517c0e7e9e69f75a99f3dc01832c43b11c9ba40c9bcd6823,ff013eda1d426d67006a334f6583897c614d689f5823b14c442be63e78bb3962,0.3684588329997496
nll,0.01,nll_lr0.01,112,ok,,0.6594656397276186,6.289646666081321,36,0.00013528247632043285,367.8965674623188,0.049769958676089666,0.049769958676089666,23158049f8a287709543a55b89f8943218b08cba397a67e034633640e70c99f6,ef7c966740418fd6a40b794df00c0c243906c71043c6b0f768b5a1adf85a9eef,02f04c05a341d11e3b57c54926b2dbae6a2e489c24a16657054478fda872ca64,3dd0b47c3c1ce23069083c16d0c2272714da54db5025db5646fd1228b010a5e8,0.3692659169973922
nll,0.01,nll_lr0.01,113,ok,,0.5395869904253536,6.14186839344237,36,0.0004774891012108186,146.15489010338845,0.06978736711303292,0.06978736711303292,1130bcd06d370ab57f1bc3a67409c755b267648b80a0f46e840060bb010d3ab8,c68fb172bb60d66f359aa28c9948d748b520f4271b111e5de41911067a4f354b,1d1668fc7ae6e962f5f3b23083b5cf8c2778125e6999c83b21749b59535e825c,db95c591d5ad7a1f08531cf0e04985b931fc730f28e8ed47b8c7c5d8ecd8db0c,0.36446212499868125
nll,0.01,nll_lr0.01,114,ok,,0.7527848060995884,6.432334455627656,36,0.00024176867907619467,224.00313090366538,0.0541569410675111,0.0541569410675111,c8a7a565f4c34afcedf377bd8a33aee023bbafec99430b278d5183f906311b3e,c33ca7855f00a693f1f0af550d168ba9c880c362927ac4b9858046f2d8b7a17c,38002117c0ffdb4a9624b0cd256b65181fc12e3321756df0d82b3aabebebd605,52ceac77e1e0c99a5de90b23d52d3e2f15eb08da92d5b6842d3e92834a138f22,0.3644465420002234
nll,0.01,nll_lr0.01,115,ok,,0.5089802005167953,6.081762248485724,36,0.0001543472902498278,261.35488892718064,0.040339418899455054,0.040339418899455054,21e3187a25ce542a7fda12331f6df5573b7aa9cfb19c4d6a1242f48e9ab77257,2979b01fffc02f60db951ba7c3ab40b94b411246fd1d648f7c1e046da8b55f29,20e1afcba9533c9a3cd05a6d7e63f13cc97f4d348c142d7f72917f8929ca02eb,c3a0cabd7487508470d585545f7b6a856897b0410105302f1b4d5c12944c190d,0.36530475000472507
nll,0.01,nll_lr0.01,116,ok,,0.6280266494224638,6.3095839822553845,36,0.0002493645985122239,237.53352729791817,0.05923245266783774,0.05923245266783774,b240340bda42b13e461b839e854e8931eb9b197c11fad589d1f07877b5a6c105,8944d8f9094422671c06b3f2af086555200354f4f465fe9295a66b6f28ee7466,a927dd1c515d66a61fb11e1c948c7e8042e5cfedc1c4b8d5dca9f3be9e46a7b7,0d285e8573294ff0f8d626c9d7c79b1ffa6d14fb3071ba7be902aa48627a1c7e,0.36739704099454684
nll,0.01,nll_lr0.01,117,ok,,0.5608791159972034,6.180060113762881,36,9.324095639102139e-05,458.07758806927876,0.04271159241287188,0.04271159241287188,2ff937c83d36f7b3a5406c91e8755c50ce932575e34db68925452587b0ab77d6,4ce67a52451597cfc11fd97edf40aa34eb1b5c997198bd1076c33fe083bdd43e,b828baff1fb9f67c70b6dbea3cba487e81abd07d2e9720c22549cc121a9cf9ad,32821079a74fe63f445d951a557ad18447fced01821fc77b6b8d137d2fe48881,0.36783845799800474
nll,0.01,nll_lr0.01,118,ok,,0.6931017029683457,6.437881016809365,36,0.00019482000488590964,236.207429191706,0.04601793250921632,0.04601793250921632,f9372f8f74b3a18b86f9a9dd960278381003e836073cde71119d3b892dde9434,7bd60133923f8534362210d3aca0aff74ce000224bd76127dd7b0bce56ccb362,605f62e239322f5313d845a2d699f250ce6a7e0825aa8e661c4d9f8dc5f782d9,ffdd2708cda2855a18fd4a81398631fadb59f1610b8dd3d36eefe8f678572c16,0.3699850420016446
nll,0.01,nll_lr0.01,119,ok,,0.6325057018597788,6.2343324846227866,36,9.595028120692245e-05,439.71952038519385,0.04219121163313242,0.04219121163313242,9cc5a5818d004f0f1492c246ba3ab8685b2df3f7dfd15cdf113ebebec42d8dee,64ada1b3e94d843469b9e745b7a15decfea54282d3d3fdc06c17e9cdcea8dc5b,ca428a2d600b7cd0b47722decaa3f8e1a32769793f46a3ced6ba5f9ab631e1f2,01bf4e2b10f88360652600d185a9d719f05502f25f089d70da96eafa7fe4dfe3,0.37000220800109673
nll,0.01,nll_lr0.01,120,ok,,0.6653451947916982,6.385754229930215,36,0.00032027787155427384,161.50740510743805,0.05172724794806411,0.05172724794806412,69e5aaf107b63f46b6b057dfe99d3189e4f485b9649136f1718f398f646e43c6,d8e50e695e49ac02b6f76daee1d39919959a4aa8a84f49c7d93d5a5dc3caa2ff,5604d0b01aa38439978ff828fd8b23f34f58aaa29f9fc4cf46c8f2889862d932,dff4b17a330f664ec4d31f507c7603e7842ac94d65226c760d6e78cfa953aeb7,0.3710132919950411
nll,0.02,nll_lr0.02,111,ok,,0.5665369989076504,6.314887488453072,36,0.0001325461739268285,426.25671864745453,0.05649869716732471,0.05649869716732471,6f4599f803588363f7f3f06a30082972087391773f80fd6d7eb3eadc6484859e,28b0ebbf9be5e833a1d38468d7218b52b6eca83c2a9f1c6221ed279bc5fe306d,8fab7eb1dfc2006c517c0e7e9e69f75a99f3dc01832c43b11c9ba40c9bcd6823,ff013eda1d426d67006a334f6583897c614d689f5823b14c442be63e78bb3962,0.37012937500549015
nll,0.02,nll_lr0.02,112,ok,,0.579529749404808,6.215105481906461,36,0.00013528247632043285,367.8965674623188,0.049769958676089666,0.049769958676089666,23158049f8a287709543a55b89f8943218b08cba397a67e034633640e70c99f6,ef7c966740418fd6a40b794df00c0c243906c71043c6b0f768b5a1adf85a9eef,02f04c05a341d11e3b57c54926b2dbae6a2e489c24a16657054478fda872ca64,3dd0b47c3c1ce23069083c16d0c2272714da54db5025db5646fd1228b010a5e8,0.3682223340001656
nll,0.02,nll_lr0.02,113,ok,,0.3977169152260219,5.971766914854689,36,0.0004774891012108186,146.15489010338845,0.06978736711303292,0.06978736711303292,1130bcd06d370ab57f1bc3a67409c755b267648b80a0f46e840060bb010d3ab8,c68fb172bb60d66f359aa28c9948d748b520f4271b111e5de41911067a4f354b,1d1668fc7ae6e962f5f3b23083b5cf8c2778125e6999c83b21749b59535e825c,db95c591d5ad7a1f08531cf0e04985b931fc730f28e8ed47b8c7c5d8ecd8db0c,0.3694599169975845
nll,0.02,nll_lr0.02,114,ok,,0.5301879226742379,6.214672394257568,36,0.00024176867907619467,224.00313090366538,0.0541569410675111,0.0541569410675111,c8a7a565f4c34afcedf377bd8a33aee023bbafec99430b278d5183f906311b3e,c33ca7855f00a693f1f0af550d168ba9c880c362927ac4b9858046f2d8b7a17c,38002117c0ffdb4a9624b0cd256b65181fc12e3321756df0d82b3aabebebd605,52ceac77e1e0c99a5de90b23d52d3e2f15eb08da92d5b6842d3e92834a138f22,0.36865408399899025
nll,0.02,nll_lr0.02,115,ok,,0.4480502089335426,6.034829696768549,36,0.0001543472902498278,261.35488892718064,0.040339418899455054,0.040339418899455054,21e3187a25ce542a7fda12331f6df5573b7aa9cfb19c4d6a1242f48e9ab77257,2979b01fffc02f60db951ba7c3ab40b94b411246fd1d648f7c1e046da8b55f29,20e1afcba9533c9a3cd05a6d7e63f13cc97f4d348c142d7f72917f8929ca02eb,c3a0cabd7487508470d585545f7b6a856897b0410105302f1b4d5c12944c190d,0.36833616600051755
nll,0.02,nll_lr0.02,116,ok,,0.5590129579895103,6.222947048143645,36,0.0002493645985122239,237.53352729791817,0.05923245266783774,0.05923245266783774,b240340bda42b13e461b839e854e8931eb9b197c11fad589d1f07877b5a6c105,8944d8f9094422671c06b3f2af086555200354f4f465fe9295a66b6f28ee7466,a927dd1c515d66a61fb11e1c948c7e8042e5cfedc1c4b8d5dca9f3be9e46a7b7,0d285e8573294ff0f8d626c9d7c79b1ffa6d14fb3071ba7be902aa48627a1c7e,0.3684882080051466
nll,0.02,nll_lr0.02,117,ok,,0.4509452735293731,6.081085175919741,36,9.324095639102139e-05,458.07758806927876,0.04271159241287188,0.04271159241287188,2ff937c83d36f7b3a5406c91e8755c50ce932575e34db68925452587b0ab77d6,4ce67a52451597cfc11fd97edf40aa34eb1b5c997198bd1076c33fe083bdd43e,b828baff1fb9f67c70b6dbea3cba487e81abd07d2e9720c22549cc121a9cf9ad,32821079a74fe63f445d951a557ad18447fced01821fc77b6b8d137d2fe48881,0.36829862499871524
nll,0.02,nll_lr0.02,118,ok,,0.6883180912209038,6.410782609552473,36,0.00019482000488590964,236.207429191706,0.04601793250921632,0.04601793250921632,f9372f8f74b3a18b86f9a9dd960278381003e836073cde71119d3b892dde9434,7bd60133923f8534362210d3aca0aff74ce000224bd76127dd7b0bce56ccb362,605f62e239322f5313d845a2d699f250ce6a7e0825aa8e661c4d9f8dc5f782d9,ffdd2708cda2855a18fd4a81398631fadb59f1610b8dd3d36eefe8f678572c16,0.367493874997308
nll,0.02,nll_lr0.02,119,ok,,0.43508147186748897,6.043745959885624,36,9.595028120692245e-05,439.71952038519385,0.04219121163313242,0.04219121163313242,9cc5a5818d004f0f1492c246ba3ab8685b2df3f7dfd15cdf113ebebec42d8dee,64ada1b3e94d843469b9e745b7a15decfea54282d3d3fdc06c17e9cdcea8dc5b,ca428a2d600b7cd0b47722decaa3f8e1a32769793f46a3ced6ba5f9ab631e1f2,01bf4e2b10f88360652600d185a9d719f05502f25f089d70da96eafa7fe4dfe3,0.3683236249999027
nll,0.02,nll_lr0.02,120,ok,,0.38662683702396994,6.0935359253956065,36,0.00032027787155427384,161.50740510743805,0.05172724794806411,0.05172724794806412,69e5aaf107b63f46b6b057dfe99d3189e4f485b9649136f1718f398f646e43c6,d8e50e695e49ac02b6f76daee1d39919959a4aa8a84f49c7d93d5a5dc3caa2ff,5604d0b01aa38439978ff828fd8b23f34f58aaa29f9fc4cf46c8f2889862d932,dff4b17a330f664ec4d31f507c7603e7842ac94d65226c760d6e78cfa953aeb7,0.3668039999975008
nll,0.05,nll_lr0.05,111,ok,,0.622176639667117,6.366609518006818,36,0.0001325461739268285,426.25671864745453,0.05649869716732471,0.05649869716732471,6f4599f803588363f7f3f06a30082972087391773f80fd6d7eb3eadc6484859e,28b0ebbf9be5e833a1d38468d7218b52b6eca83c2a9f1c6221ed279bc5fe306d,8fab7eb1dfc2006c517c0e7e9e69f75a99f3dc01832c43b11c9ba40c9bcd6823,ff013eda1d426d67006a334f6583897c614d689f5823b14c442be63e78bb3962,0.3765080829980434
nll,0.05,nll_lr0.05,112,ok,,0.44391695456490676,6.105298351718218,36,0.00013528247632043285,367.8965674623188,0.049769958676089666,0.049769958676089666,23158049f8a287709543a55b89f8943218b08cba397a67e034633640e70c99f6,ef7c966740418fd6a40b794df00c0c243906c71043c6b0f768b5a1adf85a9eef,02f04c05a341d11e3b57c54926b2dbae6a2e489c24a16657054478fda872ca64,3dd0b47c3c1ce23069083c16d0c2272714da54db5025db5646fd1228b010a5e8,0.37629329199990025
nll,0.05,nll_lr0.05,113,ok,,0.43720503257923793,6.014056104076832,36,0.0004774891012108186,146.15489010338845,0.06978736711303292,0.06978736711303292,1130bcd06d370ab57f1bc3a67409c755b267648b80a0f46e840060bb010d3ab8,c68fb172bb60d66f359aa28c9948d748b520f4271b111e5de41911067a4f354b,1d1668fc7ae6e962f5f3b23083b5cf8c2778125e6999c83b21749b59535e825c,db95c591d5ad7a1f08531cf0e04985b931fc730f28e8ed47b8c7c5d8ecd8db0c,0.3752427079962217
nll,0.05,nll_lr0.05,114,ok,,0.5874048225408318,6.2471983727950535,36,0.00024176867907619467,224.00313090366538,0.0541569410675111,0.0541569410675111,c8a7a565f4c34afcedf377bd8a33aee023bbafec99430b278d5183f906311b3e,c33ca7855f00a693f1f0af550d168ba9c880c362927ac4b9858046f2d8b7a17c,38002117c0ffdb4a9624b0cd256b65181fc12e3321756df0d82b3aabebebd605,52ceac77e1e0c99a5de90b23d52d3e2f15eb08da92d5b6842d3e92834a138f22,0.3697051250055665
nll,0.05,nll_lr0.05,115,ok,,0.47040483873577466,6.050916327918333,36,0.0001543472902498278,261.35488892718064,0.040339418899455054,0.040339418899455054,21e3187a25ce542a7fda12331f6df5573b7aa9cfb19c4d6a1242f48e9ab77257,2979b01fffc02f60db951ba7c3ab40b94b411246fd1d648f7c1e046da8b55f29,20e1afcba9533c9a3cd05a6d7e63f13cc97f4d348c142d7f72917f8929ca02eb,c3a0cabd7487508470d585545f7b6a856897b0410105302f1b4d5c12944c190d,0.37226237499999115
nll,0.05,nll_lr0.05,116,ok,,0.6885813407838154,6.373813545651971,36,0.0002493645985122239,237.53352729791817,0.05923245266783774,0.05923245266783774,b240340bda42b13e461b839e854e8931eb9b197c11fad589d1f07877b5a6c105,8944d8f9094422671c06b3f2af086555200354f4f465fe9295a66b6f28ee7466,a927dd1c515d66a61fb11e1c948c7e8042e5cfedc1c4b8d5dca9f3be9e46a7b7,0d285e8573294ff0f8d626c9d7c79b1ffa6d14fb3071ba7be902aa48627a1c7e,0.37227316699863877
nll,0.05,nll_lr0.05,117,ok,,0.3986835213151265,6.021721469874457,36,9.324095639102139e-05,458.07758806927876,0.04271159241287188,0.04271159241287188,2ff937c83d36f7b3a5406c91e8755c50ce932575e34db68925452587b0ab77d6,4ce67a52451597cfc11fd97edf40aa34eb1b5c997198bd1076c33fe083bdd43e,b828baff1fb9f67c70b6dbea3cba487e81abd07d2e9720c22549cc121a9cf9ad,32821079a74fe63f445d951a557ad18447fced01821fc77b6b8d137d2fe48881,0.37443666699982714
nll,0.05,nll_lr0.05,118,ok,,0.5725825769096967,6.248890259753281,36,0.00019482000488590964,236.207429191706,0.04601793250921632,0.04601793250921632,f9372f8f74b3a18b86f9a9dd960278381003e836073cde71119d3b892dde9434,7bd60133923f8534362210d3aca0aff74ce000224bd76127dd7b0bce56ccb362,605f62e239322f5313d845a2d699f250ce6a7e0825aa8e661c4d9f8dc5f782d9,ffdd2708cda2855a18fd4a81398631fadb59f1610b8dd3d36eefe8f678572c16,0.37475145800272003
nll,0.05,nll_lr0.05,119,ok,,0.4304456871637306,6.0394038314196585,36,9.595028120692245e-05,439.71952038519385,0.04219121163313242,0.04219121163313242,9cc5a5818d004f0f1492c246ba3ab8685b2df3f7dfd15cdf113ebebec42d8dee,64ada1b3e94d843469b9e745b7a15decfea54282d3d3fdc06c17e9cdcea8dc5b,ca428a2d600b7cd0b47722decaa3f8e1a32769793f46a3ced6ba5f9ab631e1f2,01bf4e2b10f88360652600d185a9d719f05502f25f089d70da96eafa7fe4dfe3,0.3754192089982098
nll,0.05,nll_lr0.05,120,ok,,0.3547971733965881,6.079738460128141,36,0.00032027787155427384,161.50740510743805,0.05172724794806411,0.05172724794806412,69e5aaf107b63f46b6b057dfe99d3189e4f485b9649136f1718f398f646e43c6,d8e50e695e49ac02b6f76daee1d39919959a4aa8a84f49c7d93d5a5dc3caa2ff,5604d0b01aa38439978ff828fd8b23f34f58aaa29f9fc4cf46c8f2889862d932,dff4b17a330f664ec4d31f507c7603e7842ac94d65226c760d6e78cfa953aeb7,0.3761398749993532
nll,0.1,nll_lr0.1,111,ok,,0.43974559757021886,6.18851490588532,36,0.0001325461739268285,426.25671864745453,0.05649869716732471,0.05649869716732471,6f4599f803588363f7f3f06a30082972087391773f80fd6d7eb3eadc6484859e,28b0ebbf9be5e833a1d38468d7218b52b6eca83c2a9f1c6221ed279bc5fe306d,8fab7eb1dfc2006c517c0e7e9e69f75a99f3dc01832c43b11c9ba40c9bcd6823,ff013eda1d426d67006a334f6583897c614d689f5823b14c442be63e78bb3962,0.37717287499981467
nll,0.1,nll_lr0.1,112,ok,,0.32096299729967637,5.943906911357044,36,0.00013528247632043285,367.8965674623188,0.049769958676089666,0.049769958676089666,23158049f8a287709543a55b89f8943218b08cba397a67e034633640e70c99f6,ef7c966740418fd6a40b794df00c0c243906c71043c6b0f768b5a1adf85a9eef,02f04c05a341d11e3b57c54926b2dbae6a2e489c24a16657054478fda872ca64,3dd0b47c3c1ce23069083c16d0c2272714da54db5025db5646fd1228b010a5e8,0.37621683299948927
nll,0.1,nll_lr0.1,113,ok,,0.3527517622021186,5.937686870978739,36,0.0004774891012108186,146.15489010338845,0.06978736711303292,0.06978736711303292,1130bcd06d370ab57f1bc3a67409c755b267648b80a0f46e840060bb010d3ab8,c68fb172bb60d66f359aa28c9948d748b520f4271b111e5de41911067a4f354b,1d1668fc7ae6e962f5f3b23083b5cf8c2778125e6999c83b21749b59535e825c,db95c591d5ad7a1f08531cf0e04985b931fc730f28e8ed47b8c7c5d8ecd8db0c,0.37032954200549284
nll,0.1,nll_lr0.1,114,ok,,0.3949001860146466,6.062354840115915,36,0.00024176867907619467,224.00313090366538,0.0541569410675111,0.0541569410675111,c8a7a565f4c34afcedf377bd8a33aee023bbafec99430b278d5183f906311b3e,c33ca7855f00a693f1f0af550d168ba9c880c362927ac4b9858046f2d8b7a17c,38002117c0ffdb4a9624b0cd256b65181fc12e3321756df0d82b3aabebebd605,52ceac77e1e0c99a5de90b23d52d3e2f15eb08da92d5b6842d3e92834a138f22,0.3706666250000126
nll,0.1,nll_lr0.1,115,ok,,0.3796580390685972,5.956639659612892,36,0.0001543472902498278,261.35488892718064,0.040339418899455054,0.040339418899455054,21e3187a25ce542a7fda12331f6df5573b7aa9cfb19c4d6a1242f48e9ab77257,2979b01fffc02f60db951ba7c3ab40b94b411246fd1d648f7c1e046da8b55f29,20e1afcba9533c9a3cd05a6d7e63f13cc97f4d348c142d7f72917f8929ca02eb,c3a0cabd7487508470d585545f7b6a856897b0410105302f1b4d5c12944c190d,0.37095858399698045
nll,0.1,nll_lr0.1,116,ok,,0.60731175289257,6.269671531603557,36,0.0002493645985122239,237.53352729791817,0.05923245266783774,0.05923245266783774,b240340bda42b13e461b839e854e8931eb9b197c11fad589d1f07877b5a6c105,8944d8f9094422671c06b3f2af086555200354f4f465fe9295a66b6f28ee7466,a927dd1c515d66a61fb11e1c948c7e8042e5cfedc1c4b8d5dca9f3be9e46a7b7,0d285e8573294ff0f8d626c9d7c79b1ffa6d14fb3071ba7be902aa48627a1c7e,0.3772566250045202
nll,0.1,nll_lr0.1,117,ok,,0.4230530177884481,6.063392399263014,36,9.324095639102139e-05,458.07758806927876,0.04271159241287188,0.04271159241287188,2ff937c83d36f7b3a5406c91e8755c50ce932575e34db68925452587b0ab77d6,4ce67a52451597cfc11fd97edf40aa34eb1b5c997198bd1076c33fe083bdd43e,b828baff1fb9f67c70b6dbea3cba487e81abd07d2e9720c22549cc121a9cf9ad,32821079a74fe63f445d951a557ad18447fced01821fc77b6b8d137d2fe48881,0.3803620420003426
nll,0.1,nll_lr0.1,118,ok,,0.4108404391839932,6.125461205573856,36,0.00019482000488590964,236.207429191706,0.04601793250921632,0.04601793250921632,f9372f8f74b3a18b86f9a9dd960278381003e836073cde71119d3b892dde9434,7bd60133923f8534362210d3aca0aff74ce000224bd76127dd7b0bce56ccb362,605f62e239322f5313d845a2d699f250ce6a7e0825aa8e661c4d9f8dc5f782d9,ffdd2708cda2855a18fd4a81398631fadb59f1610b8dd3d36eefe8f678572c16,0.3804080830013845
nll,0.1,nll_lr0.1,119,ok,,0.42820535862893544,6.04850701246035,36,9.595028120692245e-05,439.71952038519385,0.04219121163313242,0.04219121163313242,9cc5a5818d004f0f1492c246ba3ab8685b2df3f7dfd15cdf113ebebec42d8dee,64ada1b3e94d843469b9e745b7a15decfea54282d3d3fdc06c17e9cdcea8dc5b,ca428a2d600b7cd0b47722decaa3f8e1a32769793f46a3ced6ba5f9ab631e1f2,01bf4e2b10f88360652600d185a9d719f05502f25f089d70da96eafa7fe4dfe3,0.382539625003119
nll,0.1,nll_lr0.1,120,ok,,0.36836415651981547,6.071527349840777,36,0.00032027787155427384,161.50740510743805,0.05172724794806411,0.05172724794806412,69e5aaf107b63f46b6b057dfe99d3189e4f485b9649136f1718f398f646e43c6,d8e50e695e49ac02b6f76daee1d39919959a4aa8a84f49c7d93d5a5dc3caa2ff,5604d0b01aa38439978ff828fd8b23f34f58aaa29f9fc4cf46c8f2889862d932,dff4b17a330f664ec4d31f507c7603e7842ac94d65226c760d6e78cfa953aeb7,0.3810597079936997
nll,0.2,nll_lr0.2,111,ok,,0.4589903917286781,6.173351670056631,36,0.0001325461739268285,426.25671864745453,0.05649869716732471,0.05649869716732471,6f4599f803588363f7f3f06a30082972087391773f80fd6d7eb3eadc6484859e,28b0ebbf9be5e833a1d38468d7218b52b6eca83c2a9f1c6221ed279bc5fe306d,8fab7eb1dfc2006c517c0e7e9e69f75a99f3dc01832c43b11c9ba40c9bcd6823,ff013eda1d426d67006a334f6583897c614d689f5823b14c442be63e78bb3962,0.3836418330029119
nll,0.2,nll_lr0.2,112,ok,,0.4310937880903702,6.067496592618722,36,0.00013528247632043285,367.8965674623188,0.049769958676089666,0.049769958676089666,23158049f8a287709543a55b89f8943218b08cba397a67e034633640e70c99f6,ef7c966740418fd6a40b794df00c0c243906c71043c6b0f768b5a1adf85a9eef,02f04c05a341d11e3b57c54926b2dbae6a2e489c24a16657054478fda872ca64,3dd0b47c3c1ce23069083c16d0c2272714da54db5025db5646fd1228b010a5e8,0.379246290998708
nll,0.2,nll_lr0.2,113,ok,,0.5399932786148438,6.144376222494193,36,0.0004774891012108186,146.15489010338845,0.06978736711303292,0.06978736711303292,1130bcd06d370ab57f1bc3a67409c755b267648b80a0f46e840060bb010d3ab8,c68fb172bb60d66f359aa28c9948d748b520f4271b111e5de41911067a4f354b,1d1668fc7ae6e962f5f3b23083b5cf8c2778125e6999c83b21749b59535e825c,db95c591d5ad7a1f08531cf0e04985b931fc730f28e8ed47b8c7c5d8ecd8db0c,0.37879479099501623
nll,0.2,nll_lr0.2,114,ok,,0.5687860673552938,6.244239238971894,36,0.00024176867907619467,224.00313090366538,0.0541569410675111,0.0541569410675111,c8a7a565f4c34afcedf377bd8a33aee023bbafec99430b278d5183f906311b3e,c33ca7855f00a693f1f0af550d168ba9c880c362927ac4b9858046f2d8b7a17c,38002117c0ffdb4a9624b0cd256b65181fc12e3321756df0d82b3aabebebd605,52ceac77e1e0c99a5de90b23d52d3e2f15eb08da92d5b6842d3e92834a138f22,0.3824748749975697
nll,0.2,nll_lr0.2,115,ok,,0.8332440183380985,6.397803952319898,36,0.0001543472902498278,261.35488892718064,0.040339418899455054,0.040339418899455054,21e3187a25ce542a7fda12331f6df5573b7aa9cfb19c4d6a1242f48e9ab77257,2979b01fffc02f60db951ba7c3ab40b94b411246fd1d648f7c1e046da8b55f29,20e1afcba9533c9a3cd05a6d7e63f13cc97f4d348c142d7f72917f8929ca02eb,c3a0cabd7487508470d585545f7b6a856897b0410105302f1b4d5c12944c190d,0.37668829200265463
nll,0.2,nll_lr0.2,116,ok,,0.36757723559920824,6.039665279183258,36,0.0002493645985122239,237.53352729791817,0.05923245266783774,0.05923245266783774,b240340bda42b13e461b839e854e8931eb9b197c11fad589d1f07877b5a6c105,8944d8f9094422671c06b3f2af086555200354f4f465fe9295a66b6f28ee7466,a927dd1c515d66a61fb11e1c948c7e8042e5cfedc1c4b8d5dca9f3be9e46a7b7,0d285e8573294ff0f8d626c9d7c79b1ffa6d14fb3071ba7be902aa48627a1c7e,0.3741676659992663
nll,0.2,nll_lr0.2,117,ok,,0.39323907071003505,6.034319419045397,36,9.324095639102139e-05,458.07758806927876,0.04271159241287188,0.04271159241287188,2ff937c83d36f7b3a5406c91e8755c50ce932575e34db68925452587b0ab77d6,4ce67a52451597cfc11fd97edf40aa34eb1b5c997198bd1076c33fe083bdd43e,b828baff1fb9f67c70b6dbea3cba487e81abd07d2e9720c22549cc121a9cf9ad,32821079a74fe63f445d951a557ad18447fced01821fc77b6b8d137d2fe48881,0.3739471250009956
nll,0.2,nll_lr0.2,118,ok,,0.5765330407133922,6.3012346140707285,36,0.00019482000488590964,236.207429191706,0.04601793250921632,0.04601793250921632,f9372f8f74b3a18b86f9a9dd960278381003e836073cde71119d3b892dde9434,7bd60133923f8534362210d3aca0aff74ce000224bd76127dd7b0bce56ccb362,605f62e239322f5313d845a2d699f250ce6a7e0825aa8e661c4d9f8dc5f782d9,ffdd2708cda2855a18fd4a81398631fadb59f1610b8dd3d36eefe8f678572c16,0.3806659170004423
nll,0.2,nll_lr0.2,119,ok,,0.38274114131073633,6.008399170642786,36,9.595028120692245e-05,439.71952038519385,0.04219121163313242,0.04219121163313242,9cc5a5818d004f0f1492c246ba3ab8685b2df3f7dfd15cdf113ebebec42d8dee,64ada1b3e94d843469b9e745b7a15decfea54282d3d3fdc06c17e9cdcea8dc5b,ca428a2d600b7cd0b47722decaa3f8e1a32769793f46a3ced6ba5f9ab631e1f2,01bf4e2b10f88360652600d185a9d719f05502f25f089d70da96eafa7fe4dfe3,0.38074341700121295
nll,0.2,nll_lr0.2,120,ok,,0.4021936951505453,6.087782775615665,36,0.00032027787155427384,161.50740510743805,0.05172724794806411,0.05172724794806412,69e5aaf107b63f46b6b057dfe99d3189e4f485b9649136f1718f398f646e43c6,d8e50e695e49ac02b6f76daee1d39919959a4aa8a84f49c7d93d5a5dc3caa2ff,5604d0b01aa38439978ff828fd8b23f34f58aaa29f9fc4cf46c8f2889862d932,dff4b17a330f664ec4d31f507c7603e7842ac94d65226c760d6e78cfa953aeb7,0.3821424580019084
parity,0.005,parity_lr0.005,111,ok,,0.7714403330310122,6.53864619082462,36,1.0,0.05649869716732471,0.05649869716732471,0.05649869716732471,6f4599f803588363f7f3f06a30082972087391773f80fd6d7eb3eadc6484859e,28b0ebbf9be5e833a1d38468d7218b52b6eca83c2a9f1c6221ed279bc5fe306d,8fab7eb1dfc2006c517c0e7e9e69f75a99f3dc01832c43b11c9ba40c9bcd6823,ff013eda1d426d67006a334f6583897c614d689f5823b14c442be63e78bb3962,0.49574879099964164
parity,0.005,parity_lr0.005,112,ok,,0.8952409882972301,6.506419097370148,36,1.0,0.049769958676089666,0.049769958676089666,0.049769958676089666,23158049f8a287709543a55b89f8943218b08cba397a67e034633640e70c99f6,ef7c966740418fd6a40b794df00c0c243906c71043c6b0f768b5a1adf85a9eef,02f04c05a341d11e3b57c54926b2dbae6a2e489c24a16657054478fda872ca64,3dd0b47c3c1ce23069083c16d0c2272714da54db5025db5646fd1228b010a5e8,0.49905712499457877
parity,0.005,parity_lr0.005,113,ok,,0.9061493160169714,6.5073075229576025,36,1.0,0.06978736711303292,0.06978736711303292,0.06978736711303292,1130bcd06d370ab57f1bc3a67409c755b267648b80a0f46e840060bb010d3ab8,c68fb172bb60d66f359aa28c9948d748b520f4271b111e5de41911067a4f354b,1d1668fc7ae6e962f5f3b23083b5cf8c2778125e6999c83b21749b59535e825c,db95c591d5ad7a1f08531cf0e04985b931fc730f28e8ed47b8c7c5d8ecd8db0c,0.5011643340039882
parity,0.005,parity_lr0.005,114,ok,,0.8694187361058638,6.594497922748707,36,1.0,0.0541569410675111,0.0541569410675111,0.0541569410675111,c8a7a565f4c34afcedf377bd8a33aee023bbafec99430b278d5183f906311b3e,c33ca7855f00a693f1f0af550d168ba9c880c362927ac4b9858046f2d8b7a17c,38002117c0ffdb4a9624b0cd256b65181fc12e3321756df0d82b3aabebebd605,52ceac77e1e0c99a5de90b23d52d3e2f15eb08da92d5b6842d3e92834a138f22,0.47095887499745004
parity,0.005,parity_lr0.005,115,ok,,0.7466784929257886,6.330987465944629,36,1.0,0.040339418899455054,0.040339418899455054,0.040339418899455054,21e3187a25ce542a7fda12331f6df5573b7aa9cfb19c4d6a1242f48e9ab77257,2979b01fffc02f60db951ba7c3ab40b94b411246fd1d648f7c1e046da8b55f29,20e1afcba9533c9a3cd05a6d7e63f13cc97f4d348c142d7f72917f8929ca02eb,c3a0cabd7487508470d585545f7b6a856897b0410105302f1b4d5c12944c190d,0.4718170000051032
parity,0.005,parity_lr0.005,116,ok,,0.7086090825830039,6.40526730068884,36,1.0,0.05923245266783774,0.05923245266783774,0.05923245266783774,b240340bda42b13e461b839e854e8931eb9b197c11fad589d1f07877b5a6c105,8944d8f9094422671c06b3f2af086555200354f4f465fe9295a66b6f28ee7466,a927dd1c515d66a61fb11e1c948c7e8042e5cfedc1c4b8d5dca9f3be9e46a7b7,0d285e8573294ff0f8d626c9d7c79b1ffa6d14fb3071ba7be902aa48627a1c7e,0.46977062500081956
parity,0.005,parity_lr0.005,117,ok,,0.9357545988782636,6.572868096847667,36,1.0,0.04271159241287188,0.04271159241287188,0.04271159241287188,2ff937c83d36f7b3a5406c91e8755c50ce932575e34db68925452587b0ab77d6,4ce67a52451597cfc11fd97edf40aa34eb1b5c997198bd1076c33fe083bdd43e,b828baff1fb9f67c70b6dbea3cba487e81abd07d2e9720c22549cc121a9cf9ad,32821079a74fe63f445d951a557ad18447fced01821fc77b6b8d137d2fe48881,0.47037312499742256
parity,0.005,parity_lr0.005,118,ok,,0.818984127605665,6.546830524324973,36,1.0,0.04601793250921632,0.04601793250921632,0.04601793250921632,f9372f8f74b3a18b86f9a9dd960278381003e836073cde71119d3b892dde9434,7bd60133923f8534362210d3aca0aff74ce000224bd76127dd7b0bce56ccb362,605f62e239322f5313d845a2d699f250ce6a7e0825aa8e661c4d9f8dc5f782d9,ffdd2708cda2855a18fd4a81398631fadb59f1610b8dd3d36eefe8f678572c16,0.4692542909979238
parity,0.005,parity_lr0.005,119,ok,,0.5801668872263418,6.1986658206518666,36,1.0,0.04219121163313242,0.04219121163313242,0.04219121163313242,9cc5a5818d004f0f1492c246ba3ab8685b2df3f7dfd15cdf113ebebec42d8dee,64ada1b3e94d843469b9e745b7a15decfea54282d3d3fdc06c17e9cdcea8dc5b,ca428a2d600b7cd0b47722decaa3f8e1a32769793f46a3ced6ba5f9ab631e1f2,01bf4e2b10f88360652600d185a9d719f05502f25f089d70da96eafa7fe4dfe3,0.4704466670009424
parity,0.005,parity_lr0.005,120,ok,,0.5633664289192687,6.286013037577254,36,1.0,0.05172724794806411,0.05172724794806411,0.05172724794806411,69e5aaf107b63f46b6b057dfe99d3189e4f485b9649136f1718f398f646e43c6,d8e50e695e49ac02b6f76daee1d39919959a4aa8a84f49c7d93d5a5dc3caa2ff,5604d0b01aa38439978ff828fd8b23f34f58aaa29f9fc4cf46c8f2889862d932,dff4b17a330f664ec4d31f507c7603e7842ac94d65226c760d6e78cfa953aeb7,0.46936524999910034
parity,0.01,parity_lr0.01,111,ok,,0.46804870305129975,6.225459122420474,36,1.0,0.05649869716732471,0.05649869716732471,0.05649869716732471,6f4599f803588363f7f3f06a30082972087391773f80fd6d7eb3eadc6484859e,28b0ebbf9be5e833a1d38468d7218b52b6eca83c2a9f1c6221ed279bc5fe306d,8fab7eb1dfc2006c517c0e7e9e69f75a99f3dc01832c43b11c9ba40c9bcd6823,ff013eda1d426d67006a334f6583897c614d689f5823b14c442be63e78bb3962,0.47203199999785284
parity,0.01,parity_lr0.01,112,ok,,0.3958457787890228,6.012841651625061,36,1.0,0.049769958676089666,0.049769958676089666,0.049769958676089666,23158049f8a287709543a55b89f8943218b08cba397a67e034633640e70c99f6,ef7c966740418fd6a40b794df00c0c243906c71043c6b0f768b5a1adf85a9eef,02f04c05a341d11e3b57c54926b2dbae6a2e489c24a16657054478fda872ca64,3dd0b47c3c1ce23069083c16d0c2272714da54db5025db5646fd1228b010a5e8,0.4718103340055677
parity,0.01,parity_lr0.01,113,ok,,0.4437645957802788,6.052926582150989,36,1.0,0.06978736711303292,0.06978736711303292,0.06978736711303292,1130bcd06d370ab57f1bc3a67409c755b267648b80a0f46e840060bb010d3ab8,c68fb172bb60d66f359aa28c9948d748b520f4271b111e5de41911067a4f354b,1d1668fc7ae6e962f5f3b23083b5cf8c2778125e6999c83b21749b59535e825c,db95c591d5ad7a1f08531cf0e04985b931fc730f28e8ed47b8c7c5d8ecd8db0c,0.4719541250015027
parity,0.01,parity_lr0.01,114,ok,,0.5350274912363786,6.249972979039922,36,1.0,0.0541569410675111,0.0541569410675111,0.0541569410675111,c8a7a565f4c34afcedf377bd8a33aee023bbafec99430b278d5183f906311b3e,c33ca7855f00a693f1f0af550d168ba9c880c362927ac4b9858046f2d8b7a17c,38002117c0ffdb4a9624b0cd256b65181fc12e3321756df0d82b3aabebebd605,52ceac77e1e0c99a5de90b23d52d3e2f15eb08da92d5b6842d3e92834a138f22,0.47202616700087674
parity,0.01,parity_lr0.01,115,ok,,0.5401942612153432,6.10031817676884,36,1.0,0.040339418899455054,0.040339418899455054,0.040339418899455054,21e3187a25ce542a7fda12331f6df5573b7aa9cfb19c4d6a1242f48e9ab77257,2979b01fffc02f60db951ba7c3ab40b94b411246fd1d648f7c1e046da8b55f29,20e1afcba9533c9a3cd05a6d7e63f13cc97f4d348c142d7f72917f8929ca02eb,c3a0cabd7487508470d585545f7b6a856897b0410105302f1b4d5c12944c190d,0.4722523330055992
parity,0.01,parity_lr0.01,116,ok,,0.5846079753445168,6.276322404607019,36,1.0,0.05923245266783774,0.05923245266783774,0.05923245266783774,b240340bda42b13e461b839e854e8931eb9b197c11fad589d1f07877b5a6c105,8944d8f9094422671c06b3f2af086555200354f4f465fe9295a66b6f28ee7466,a927dd1c515d66a61fb11e1c948c7e8042e5cfedc1c4b8d5dca9f3be9e46a7b7,0d285e8573294ff0f8d626c9d7c79b1ffa6d14fb3071ba7be902aa48627a1c7e,0.4722482500001206
parity,0.01,parity_lr0.01,117,ok,,0.582946921940896,6.189892764651222,36,1.0,0.04271159241287188,0.04271159241287188,0.04271159241287188,2ff937c83d36f7b3a5406c91e8755c50ce932575e34db68925452587b0ab77d6,4ce67a52451597cfc11fd97edf40aa34eb1b5c997198bd1076c33fe083bdd43e,b828baff1fb9f67c70b6dbea3cba487e81abd07d2e9720c22549cc121a9cf9ad,32821079a74fe63f445d951a557ad18447fced01821fc77b6b8d137d2fe48881,0.47275558300316334
parity,0.01,parity_lr0.01,118,ok,,0.5517604786396756,6.259253310308876,36,1.0,0.04601793250921632,0.04601793250921632,0.04601793250921632,f9372f8f74b3a18b86f9a9dd960278381003e836073cde71119d3b892dde9434,7bd60133923f8534362210d3aca0aff74ce000224bd76127dd7b0bce56ccb362,605f62e239322f5313d845a2d699f250ce6a7e0825aa8e661c4d9f8dc5f782d9,ffdd2708cda2855a18fd4a81398631fadb59f1610b8dd3d36eefe8f678572c16,0.4727970419990015
parity,0.01,parity_lr0.01,119,ok,,0.44130075612034436,6.049602238481869,36,1.0,0.04219121163313242,0.04219121163313242,0.04219121163313242,9cc5a5818d004f0f1492c246ba3ab8685b2df3f7dfd15cdf113ebebec42d8dee,64ada1b3e94d843469b9e745b7a15decfea54282d3d3fdc06c17e9cdcea8dc5b,ca428a2d600b7cd0b47722decaa3f8e1a32769793f46a3ced6ba5f9ab631e1f2,01bf4e2b10f88360652600d185a9d719f05502f25f089d70da96eafa7fe4dfe3,0.487381708000612
parity,0.01,parity_lr0.01,120,ok,,0.4786990857190171,6.1901890890815725,36,1.0,0.05172724794806411,0.05172724794806411,0.05172724794806411,69e5aaf107b63f46b6b057dfe99d3189e4f485b9649136f1718f398f646e43c6,d8e50e695e49ac02b6f76daee1d39919959a4aa8a84f49c7d93d5a5dc3caa2ff,5604d0b01aa38439978ff828fd8b23f34f58aaa29f9fc4cf46c8f2889862d932,dff4b17a330f664ec4d31f507c7603e7842ac94d65226c760d6e78cfa953aeb7,0.4866307920019608
parity,0.02,parity_lr0.02,111,ok,,0.42967857126194675,6.2241277767124865,36,1.0,0.05649869716732471,0.05649869716732471,0.05649869716732471,6f4599f803588363f7f3f06a30082972087391773f80fd6d7eb3eadc6484859e,28b0ebbf9be5e833a1d38468d7218b52b6eca83c2a9f1c6221ed279bc5fe306d,8fab7eb1dfc2006c517c0e7e9e69f75a99f3dc01832c43b11c9ba40c9bcd6823,ff013eda1d426d67006a334f6583897c614d689f5823b14c442be63e78bb3962,0.48947470800339943
parity,0.02,parity_lr0.02,112,ok,,0.38302184918421917,6.02125041973187,36,1.0,0.049769958676089666,0.049769958676089666,0.049769958676089666,23158049f8a287709543a55b89f8943218b08cba397a67e034633640e70c99f6,ef7c966740418fd6a40b794df00c0c243906c71043c6b0f768b5a1adf85a9eef,02f04c05a341d11e3b57c54926b2dbae6a2e489c24a16657054478fda872ca64,3dd0b47c3c1ce23069083c16d0c2272714da54db5025db5646fd1228b010a5e8,0.4801235830018413
parity,0.02,parity_lr0.02,113,ok,,0.37258855617418396,5.960344400658457,36,1.0,0.06978736711303292,0.06978736711303292,0.06978736711303292,1130bcd06d370ab57f1bc3a67409c755b267648b80a0f46e840060bb010d3ab8,c68fb172bb60d66f359aa28c9948d748b520f4271b111e5de41911067a4f354b,1d1668fc7ae6e962f5f3b23083b5cf8c2778125e6999c83b21749b59535e825c,db95c591d5ad7a1f08531cf0e04985b931fc730f28e8ed47b8c7c5d8ecd8db0c,0.47930545899725985
parity,0.02,parity_lr0.02,114,ok,,0.371424157027311,6.071426965403514,36,1.0,0.0541569410675111,0.0541569410675111,0.0541569410675111,c8a7a565f4c34afcedf377bd8a33aee023bbafec99430b278d5183f906311b3e,c33ca7855f00a693f1f0af550d168ba9c880c362927ac4b9858046f2d8b7a17c,38002117c0ffdb4a9624b0cd256b65181fc12e3321756df0d82b3aabebebd605,52ceac77e1e0c99a5de90b23d52d3e2f15eb08da92d5b6842d3e92834a138f22,0.48115612500259886
parity,0.02,parity_lr0.02,115,ok,,0.4564159026845172,6.011900996566961,36,1.0,0.040339418899455054,0.040339418899455054,0.040339418899455054,21e3187a25ce542a7fda12331f6df5573b7aa9cfb19c4d6a1242f48e9ab77257,2979b01fffc02f60db951ba7c3ab40b94b411246fd1d648f7c1e046da8b55f29,20e1afcba9533c9a3cd05a6d7e63f13cc97f4d348c142d7f72917f8929ca02eb,c3a0cabd7487508470d585545f7b6a856897b0410105302f1b4d5c12944c190d,0.4755193750024773
parity,0.02,parity_lr0.02,116,ok,,0.5763215606375187,6.284379520261878,36,1.0,0.05923245266783774,0.05923245266783774,0.05923245266783774,b240340bda42b13e461b839e854e8931eb9b197c11fad589d1f07877b5a6c105,8944d8f9094422671c06b3f2af086555200354f4f465fe9295a66b6f28ee7466,a927dd1c515d66a61fb11e1c948c7e8042e5cfedc1c4b8d5dca9f3be9e46a7b7,0d285e8573294ff0f8d626c9d7c79b1ffa6d14fb3071ba7be902aa48627a1c7e,0.47825762499996927
parity,0.02,parity_lr0.02,117,ok,,0.36275407929648196,6.023220144557288,36,1.0,0.04271159241287188,0.04271159241287188,0.04271159241287188,2ff937c83d36f7b3a5406c91e8755c50ce932575e34db68925452587b0ab77d6,4ce67a52451597cfc11fd97edf40aa34eb1b5c997198bd1076c33fe083bdd43e,b828baff1fb9f67c70b6dbea3cba487e81abd07d2e9720c22549cc121a9cf9ad,32821079a74fe63f445d951a557ad18447fced01821fc77b6b8d137d2fe48881,0.4770555420036544
parity,0.02,parity_lr0.02,118,ok,,0.2781156117082647,5.97889161817608,36,1.0,0.04601793250921632,0.04601793250921632,0.04601793250921632,f9372f8f74b3a18b86f9a9dd960278381003e836073cde71119d3b892dde9434,7bd60133923f8534362210d3aca0aff74ce000224bd76127dd7b0bce56ccb362,605f62e239322f5313d845a2d699f250ce6a7e0825aa8e661c4d9f8dc5f782d9,ffdd2708cda2855a18fd4a81398631fadb59f1610b8dd3d36eefe8f678572c16,0.5022904580036993
parity,0.02,parity_lr0.02,119,ok,,0.436593254910263,6.041750921752173,36,1.0,0.04219121163313242,0.04219121163313242,0.04219121163313242,9cc5a5818d004f0f1492c246ba3ab8685b2df3f7dfd15cdf113ebebec42d8dee,64ada1b3e94d843469b9e745b7a15decfea54282d3d3fdc06c17e9cdcea8dc5b,ca428a2d600b7cd0b47722decaa3f8e1a32769793f46a3ced6ba5f9ab631e1f2,01bf4e2b10f88360652600d185a9d719f05502f25f089d70da96eafa7fe4dfe3,0.5011384999961592
parity,0.02,parity_lr0.02,120,ok,,0.36207874746588786,6.06920373533284,36,1.0,0.05172724794806411,0.05172724794806411,0.05172724794806411,69e5aaf107b63f46b6b057dfe99d3189e4f485b9649136f1718f398f646e43c6,d8e50e695e49ac02b6f76daee1d39919959a4aa8a84f49c7d93d5a5dc3caa2ff,5604d0b01aa38439978ff828fd8b23f34f58aaa29f9fc4cf46c8f2889862d932,dff4b17a330f664ec4d31f507c7603e7842ac94d65226c760d6e78cfa953aeb7,0.49884975000168197
parity,0.05,parity_lr0.05,111,ok,,0.39197798329573685,6.13092403560638,36,1.0,0.05649869716732471,0.05649869716732471,0.05649869716732471,6f4599f803588363f7f3f06a30082972087391773f80fd6d7eb3eadc6484859e,28b0ebbf9be5e833a1d38468d7218b52b6eca83c2a9f1c6221ed279bc5fe306d,8fab7eb1dfc2006c517c0e7e9e69f75a99f3dc01832c43b11c9ba40c9bcd6823,ff013eda1d426d67006a334f6583897c614d689f5823b14c442be63e78bb3962,0.49738391699793283
parity,0.05,parity_lr0.05,112,ok,,0.3142796690660561,5.959116262401583,36,1.0,0.049769958676089666,0.049769958676089666,0.049769958676089666,23158049f8a287709543a55b89f8943218b08cba397a67e034633640e70c99f6,ef7c966740418fd6a40b794df00c0c243906c71043c6b0f768b5a1adf85a9eef,02f04c05a341d11e3b57c54926b2dbae6a2e489c24a16657054478fda872ca64,3dd0b47c3c1ce23069083c16d0c2272714da54db5025db5646fd1228b010a5e8,0.49773049999930663
parity,0.05,parity_lr0.05,113,ok,,0.31268791633588594,5.88117338284916,36,1.0,0.06978736711303292,0.06978736711303292,0.06978736711303292,1130bcd06d370ab57f1bc3a67409c755b267648b80a0f46e840060bb010d3ab8,c68fb172bb60d66f359aa28c9948d748b520f4271b111e5de41911067a4f354b,1d1668fc7ae6e962f5f3b23083b5cf8c2778125e6999c83b21749b59535e825c,db95c591d5ad7a1f08531cf0e04985b931fc730f28e8ed47b8c7c5d8ecd8db0c,0.49706924999918556
parity,0.05,parity_lr0.05,114,ok,,0.3814680774229199,6.076583613622635,36,1.0,0.0541569410675111,0.0541569410675111,0.0541569410675111,c8a7a565f4c34afcedf377bd8a33aee023bbafec99430b278d5183f906311b3e,c33ca7855f00a693f1f0af550d168ba9c880c362927ac4b9858046f2d8b7a17c,38002117c0ffdb4a9624b0cd256b65181fc12e3321756df0d82b3aabebebd605,52ceac77e1e0c99a5de90b23d52d3e2f15eb08da92d5b6842d3e92834a138f22,0.47307295900100144
parity,0.05,parity_lr0.05,115,ok,,0.45925494304223335,6.009923110031563,36,1.0,0.040339418899455054,0.040339418899455054,0.040339418899455054,21e3187a25ce542a7fda12331f6df5573b7aa9cfb19c4d6a1242f48e9ab77257,2979b01fffc02f60db951ba7c3ab40b94b411246fd1d648f7c1e046da8b55f29,20e1afcba9533c9a3cd05a6d7e63f13cc97f4d348c142d7f72917f8929ca02eb,c3a0cabd7487508470d585545f7b6a856897b0410105302f1b4d5c12944c190d,0.47392650000256253
parity,0.05,parity_lr0.05,116,ok,,0.4890572651597515,6.177782415476729,36,1.0,0.05923245266783774,0.05923245266783774,0.05923245266783774,b240340bda42b13e461b839e854e8931eb9b197c11fad589d1f07877b5a6c105,8944d8f9094422671c06b3f2af086555200354f4f465fe9295a66b6f28ee7466,a927dd1c515d66a61fb11e1c948c7e8042e5cfedc1c4b8d5dca9f3be9e46a7b7,0d285e8573294ff0f8d626c9d7c79b1ffa6d14fb3071ba7be902aa48627a1c7e,0.47509112500119954
parity,0.05,parity_lr0.05,117,ok,,0.3854447560995964,5.991007825450667,36,1.0,0.04271159241287188,0.04271159241287188,0.04271159241287188,2ff937c83d36f7b3a5406c91e8755c50ce932575e34db68925452587b0ab77d6,4ce67a52451597cfc11fd97edf40aa34eb1b5c997198bd1076c33fe083bdd43e,b828baff1fb9f67c70b6dbea3cba487e81abd07d2e9720c22549cc121a9cf9ad,32821079a74fe63f445d951a557ad18447fced01821fc77b6b8d137d2fe48881,0.593352583993692
parity,0.05,parity_lr0.05,118,ok,,0.37100033941141886,6.120463389998608,36,1.0,0.04601793250921632,0.04601793250921632,0.04601793250921632,f9372f8f74b3a18b86f9a9dd960278381003e836073cde71119d3b892dde9434,7bd60133923f8534362210d3aca0aff74ce000224bd76127dd7b0bce56ccb362,605f62e239322f5313d845a2d699f250ce6a7e0825aa8e661c4d9f8dc5f782d9,ffdd2708cda2855a18fd4a81398631fadb59f1610b8dd3d36eefe8f678572c16,0.5883602920002886
parity,0.05,parity_lr0.05,119,ok,,0.49227412159175665,6.140928992050101,36,1.0,0.04219121163313242,0.04219121163313242,0.04219121163313242,9cc5a5818d004f0f1492c246ba3ab8685b2df3f7dfd15cdf113ebebec42d8dee,64ada1b3e94d843469b9e745b7a15decfea54282d3d3fdc06c17e9cdcea8dc5b,ca428a2d600b7cd0b47722decaa3f8e1a32769793f46a3ced6ba5f9ab631e1f2,01bf4e2b10f88360652600d185a9d719f05502f25f089d70da96eafa7fe4dfe3,0.583124749995477
parity,0.05,parity_lr0.05,120,ok,,0.3230090941708139,6.037378019667208,36,1.0,0.05172724794806411,0.05172724794806411,0.05172724794806411,69e5aaf107b63f46b6b057dfe99d3189e4f485b9649136f1718f398f646e43c6,d8e50e695e49ac02b6f76daee1d39919959a4aa8a84f49c7d93d5a5dc3caa2ff,5604d0b01aa38439978ff828fd8b23f34f58aaa29f9fc4cf46c8f2889862d932,dff4b17a330f664ec4d31f507c7603e7842ac94d65226c760d6e78cfa953aeb7,0.48008849999314407
parity,0.1,parity_lr0.1,111,ok,,0.30737527671910037,6.040522815374372,36,1.0,0.05649869716732471,0.05649869716732471,0.05649869716732471,6f4599f803588363f7f3f06a30082972087391773f80fd6d7eb3eadc6484859e,28b0ebbf9be5e833a1d38468d7218b52b6eca83c2a9f1c6221ed279bc5fe306d,8fab7eb1dfc2006c517c0e7e9e69f75a99f3dc01832c43b11c9ba40c9bcd6823,ff013eda1d426d67006a334f6583897c614d689f5823b14c442be63e78bb3962,0.4801485420030076
parity,0.1,parity_lr0.1,112,ok,,0.28960821785048013,5.914649339394055,36,1.0,0.049769958676089666,0.049769958676089666,0.049769958676089666,23158049f8a287709543a55b89f8943218b08cba397a67e034633640e70c99f6,ef7c966740418fd6a40b794df00c0c243906c71043c6b0f768b5a1adf85a9eef,02f04c05a341d11e3b57c54926b2dbae6a2e489c24a16657054478fda872ca64,3dd0b47c3c1ce23069083c16d0c2272714da54db5025db5646fd1228b010a5e8,0.4791711249999935
parity,0.1,parity_lr0.1,113,ok,,0.2959162067044476,5.8868701298801405,36,1.0,0.06978736711303292,0.06978736711303292,0.06978736711303292,1130bcd06d370ab57f1bc3a67409c755b267648b80a0f46e840060bb010d3ab8,c68fb172bb60d66f359aa28c9948d748b520f4271b111e5de41911067a4f354b,1d1668fc7ae6e962f5f3b23083b5cf8c2778125e6999c83b21749b59535e825c,db95c591d5ad7a1f08531cf0e04985b931fc730f28e8ed47b8c7c5d8ecd8db0c,0.4736905409954488
parity,0.1,parity_lr0.1,114,ok,,0.2941752333923108,5.987147095975964,36,1.0,0.0541569410675111,0.0541569410675111,0.0541569410675111,c8a7a565f4c34afcedf377bd8a33aee023bbafec99430b278d5183f906311b3e,c33ca7855f00a693f1f0af550d168ba9c880c362927ac4b9858046f2d8b7a17c,38002117c0ffdb4a9624b0cd256b65181fc12e3321756df0d82b3aabebebd605,52ceac77e1e0c99a5de90b23d52d3e2f15eb08da92d5b6842d3e92834a138f22,0.4748107500054175
parity,0.1,parity_lr0.1,115,ok,,0.49198140434462256,6.068778039469189,36,1.0,0.040339418899455054,0.040339418899455054,0.040339418899455054,21e3187a25ce542a7fda12331f6df5573b7aa9cfb19c4d6a1242f48e9ab77257,2979b01fffc02f60db951ba7c3ab40b94b411246fd1d648f7c1e046da8b55f29,20e1afcba9533c9a3cd05a6d7e63f13cc97f4d348c142d7f72917f8929ca02eb,c3a0cabd7487508470d585545f7b6a856897b0410105302f1b4d5c12944c190d,0.4747248749990831
parity,0.1,parity_lr0.1,116,ok,,0.39351084961868854,6.093157139616954,36,1.0,0.05923245266783774,0.05923245266783774,0.05923245266783774,b240340bda42b13e461b839e854e8931eb9b197c11fad589d1f07877b5a6c105,8944d8f9094422671c06b3f2af086555200354f4f465fe9295a66b6f28ee7466,a927dd1c515d66a61fb11e1c948c7e8042e5cfedc1c4b8d5dca9f3be9e46a7b7,0d285e8573294ff0f8d626c9d7c79b1ffa6d14fb3071ba7be902aa48627a1c7e,0.4700070839971886
parity,0.1,parity_lr0.1,117,ok,,0.3463273871687951,5.956494827851785,36,1.0,0.04271159241287188,0.04271159241287188,0.04271159241287188,2ff937c83d36f7b3a5406c91e8755c50ce932575e34db68925452587b0ab77d6,4ce67a52451597cfc11fd97edf40aa34eb1b5c997198bd1076c33fe083bdd43e,b828baff1fb9f67c70b6dbea3cba487e81abd07d2e9720c22549cc121a9cf9ad,32821079a74fe63f445d951a557ad18447fced01821fc77b6b8d137d2fe48881,0.47036237500287825
parity,0.1,parity_lr0.1,118,ok,,0.289851170118522,6.001964945179833,36,1.0,0.04601793250921632,0.04601793250921632,0.04601793250921632,f9372f8f74b3a18b86f9a9dd960278381003e836073cde71119d3b892dde9434,7bd60133923f8534362210d3aca0aff74ce000224bd76127dd7b0bce56ccb362,605f62e239322f5313d845a2d699f250ce6a7e0825aa8e661c4d9f8dc5f782d9,ffdd2708cda2855a18fd4a81398631fadb59f1610b8dd3d36eefe8f678572c16,0.47104166699864436
parity,0.1,parity_lr0.1,119,ok,,0.4168922304729425,6.055178580436298,36,1.0,0.04219121163313242,0.04219121163313242,0.04219121163313242,9cc5a5818d004f0f1492c246ba3ab8685b2df3f7dfd15cdf113ebebec42d8dee,64ada1b3e94d843469b9e745b7a15decfea54282d3d3fdc06c17e9cdcea8dc5b,ca428a2d600b7cd0b47722decaa3f8e1a32769793f46a3ced6ba5f9ab631e1f2,01bf4e2b10f88360652600d185a9d719f05502f25f089d70da96eafa7fe4dfe3,0.4661961669989978
parity,0.1,parity_lr0.1,120,ok,,0.2944217959636727,6.031309213057338,36,1.0,0.05172724794806411,0.05172724794806411,0.05172724794806411,69e5aaf107b63f46b6b057dfe99d3189e4f485b9649136f1718f398f646e43c6,d8e50e695e49ac02b6f76daee1d39919959a4aa8a84f49c7d93d5a5dc3caa2ff,5604d0b01aa38439978ff828fd8b23f34f58aaa29f9fc4cf46c8f2889862d932,dff4b17a330f664ec4d31f507c7603e7842ac94d65226c760d6e78cfa953aeb7,0.4682089170019026
parity,0.2,parity_lr0.2,111,ok,,0.3558261581753001,6.140463511620624,36,1.0,0.05649869716732471,0.05649869716732471,0.05649869716732471,6f4599f803588363f7f3f06a30082972087391773f80fd6d7eb3eadc6484859e,28b0ebbf9be5e833a1d38468d7218b52b6eca83c2a9f1c6221ed279bc5fe306d,8fab7eb1dfc2006c517c0e7e9e69f75a99f3dc01832c43b11c9ba40c9bcd6823,ff013eda1d426d67006a334f6583897c614d689f5823b14c442be63e78bb3962,0.46928270799980965
parity,0.2,parity_lr0.2,112,ok,,0.3488291390793096,5.96872030431895,36,1.0,0.049769958676089666,0.049769958676089666,0.049769958676089666,23158049f8a287709543a55b89f8943218b08cba397a67e034633640e70c99f6,ef7c966740418fd6a40b794df00c0c243906c71043c6b0f768b5a1adf85a9eef,02f04c05a341d11e3b57c54926b2dbae6a2e489c24a16657054478fda872ca64,3dd0b47c3c1ce23069083c16d0c2272714da54db5025db5646fd1228b010a5e8,0.4709992920033983
parity,0.2,parity_lr0.2,113,ok,,0.33008995045064443,5.895863222431616,36,1.0,0.06978736711303292,0.06978736711303292,0.06978736711303292,1130bcd06d370ab57f1bc3a67409c755b267648b80a0f46e840060bb010d3ab8,c68fb172bb60d66f359aa28c9948d748b520f4271b111e5de41911067a4f354b,1d1668fc7ae6e962f5f3b23083b5cf8c2778125e6999c83b21749b59535e825c,db95c591d5ad7a1f08531cf0e04985b931fc730f28e8ed47b8c7c5d8ecd8db0c,0.4702760419968399
parity,0.2,parity_lr0.2,114,ok,,0.3747102075403878,6.095006001621802,36,1.0,0.0541569410675111,0.0541569410675111,0.0541569410675111,c8a7a565f4c34afcedf377bd8a33aee023bbafec99430b278d5183f906311b3e,c33ca7855f00a693f1f0af550d168ba9c880c362927ac4b9858046f2d8b7a17c,38002117c0ffdb4a9624b0cd256b65181fc12e3321756df0d82b3aabebebd605,52ceac77e1e0c99a5de90b23d52d3e2f15eb08da92d5b6842d3e92834a138f22,0.47173758300050395
parity,0.2,parity_lr0.2,115,ok,,0.41522280338137435,5.975612211771084,36,1.0,0.040339418899455054,0.040339418899455054,0.040339418899455054,21e3187a25ce542a7fda12331f6df5573b7aa9cfb19c4d6a1242f48e9ab77257,2979b01fffc02f60db951ba7c3ab40b94b411246fd1d648f7c1e046da8b55f29,20e1afcba9533c9a3cd05a6d7e63f13cc97f4d348c142d7f72917f8929ca02eb,c3a0cabd7487508470d585545f7b6a856897b0410105302f1b4d5c12944c190d,0.4725810419986374
parity,0.2,parity_lr0.2,116,ok,,0.44386054435373007,6.151647990827542,36,1.0,0.05923245266783774,0.05923245266783774,0.05923245266783774,b240340bda42b13e461b839e854e8931eb9b197c11fad589d1f07877b5a6c105,8944d8f9094422671c06b3f2af086555200354f4f465fe9295a66b6f28ee7466,a927dd1c515d66a61fb11e1c948c7e8042e5cfedc1c4b8d5dca9f3be9e46a7b7,0d285e8573294ff0f8d626c9d7c79b1ffa6d14fb3071ba7be902aa48627a1c7e,0.47515462500450667
parity,0.2,parity_lr0.2,117,ok,,0.371107359181714,5.980173806250399,36,1.0,0.04271159241287188,0.04271159241287188,0.04271159241287188,2ff937c83d36f7b3a5406c91e8755c50ce932575e34db68925452587b0ab77d6,4ce67a52451597cfc11fd97edf40aa34eb1b5c997198bd1076c33fe083bdd43e,b828baff1fb9f67c70b6dbea3cba487e81abd07d2e9720c22549cc121a9cf9ad,32821079a74fe63f445d951a557ad18447fced01821fc77b6b8d137d2fe48881,0.4745534590038005
parity,0.2,parity_lr0.2,118,ok,,0.28406036354737335,6.010010210981347,36,1.0,0.04601793250921632,0.04601793250921632,0.04601793250921632,f9372f8f74b3a18b86f9a9dd960278381003e836073cde71119d3b892dde9434,7bd60133923f8534362210d3aca0aff74ce000224bd76127dd7b0bce56ccb362,605f62e239322f5313d845a2d699f250ce6a7e0825aa8e661c4d9f8dc5f782d9,ffdd2708cda2855a18fd4a81398631fadb59f1610b8dd3d36eefe8f678572c16,0.4814142909963266
parity,0.2,parity_lr0.2,119,ok,,0.42320645265247625,6.0606082463959545,36,1.0,0.04219121163313242,0.04219121163313242,0.04219121163313242,9cc5a5818d004f0f1492c246ba3ab8685b2df3f7dfd15cdf113ebebec42d8dee,64ada1b3e94d843469b9e745b7a15decfea54282d3d3fdc06c17e9cdcea8dc5b,ca428a2d600b7cd0b47722decaa3f8e1a32769793f46a3ced6ba5f9ab631e1f2,01bf4e2b10f88360652600d185a9d719f05502f25f089d70da96eafa7fe4dfe3,0.4817580410017399
parity,0.2,parity_lr0.2,120,ok,,0.32700693686884896,6.032375156933604,36,1.0,0.05172724794806411,0.05172724794806411,0.05172724794806411,69e5aaf107b63f46b6b057dfe99d3189e4f485b9649136f1718f398f646e43c6,d8e50e695e49ac02b6f76daee1d39919959a4aa8a84f49c7d93d5a5dc3caa2ff,5604d0b01aa38439978ff828fd8b23f34f58aaa29f9fc4cf46c8f2889862d932,dff4b17a330f664ec4d31f507c7603e7842ac94d65226c760d6e78cfa953aeb7,0.4801832090015523
spherical,0.005,spherical_lr0.005,111,ok,,0.3882739397990916,6.160679081806183,36,73.693613792643,0.0007666701937877431,0.05649869716732471,0.05649869716732471,6f4599f803588363f7f3f06a30082972087391773f80fd6d7eb3eadc6484859e,28b0ebbf9be5e833a1d38468d7218b52b6eca83c2a9f1c6221ed279bc5fe306d,8fab7eb1dfc2006c517c0e7e9e69f75a99f3dc01832c43b11c9ba40c9bcd6823,ff013eda1d426d67006a334f6583897c614d689f5823b14c442be63e78bb3962,0.3759638330011512
spherical,0.005,spherical_lr0.005,112,ok,,0.5069498563508336,6.149690786864694,36,251.64612110612066,0.000197777571366186,0.049769958676089666,0.049769958676089666,23158049f8a287709543a55b89f8943218b08cba397a67e034633640e70c99f6,ef7c966740418fd6a40b794df00c0c243906c71043c6b0f768b5a1adf85a9eef,02f04c05a341d11e3b57c54926b2dbae6a2e489c24a16657054478fda872ca64,3dd0b47c3c1ce23069083c16d0c2272714da54db5025db5646fd1228b010a5e8,0.37647870799992234
spherical,0.005,spherical_lr0.005,113,ok,,0.5422662363045518,6.125791703524988,36,76.96070692614141,0.0009067921787673716,0.06978736711303292,0.06978736711303292,1130bcd06d370ab57f1bc3a67409c755b267648b80a0f46e840060bb010d3ab8,c68fb172bb60d66f359aa28c9948d748b520f4271b111e5de41911067a4f354b,1d1668fc7ae6e962f5f3b23083b5cf8c2778125e6999c83b21749b59535e825c,db95c591d5ad7a1f08531cf0e04985b931fc730f28e8ed47b8c7c5d8ecd8db0c,0.3778341669967631
spherical,0.005,spherical_lr0.005,114,ok,,0.4877830803614087,6.221502485012432,36,78.23293965098327,0.0006922524106740559,0.0541569410675111,0.0541569410675111,c8a7a565f4c34afcedf377bd8a33aee023bbafec99430b278d5183f906311b3e,c33ca7855f00a693f1f0af550d168ba9c880c362927ac4b9858046f2d8b7a17c,38002117c0ffdb4a9624b0cd256b65181fc12e3321756df0d82b3aabebebd605,52ceac77e1e0c99a5de90b23d52d3e2f15eb08da92d5b6842d3e92834a138f22,0.3749716659949627
spherical,0.005,spherical_lr0.005,115,ok,,0.7579169681149575,6.316070441096802,36,90.77454306244283,0.00044439131873906545,0.040339418899455054,0.040339418899455054,21e3187a25ce542a7fda12331f6df5573b7aa9cfb19c4d6a1242f48e9ab77257,2979b01fffc02f60db951ba7c3ab40b94b411246fd1d648f7c1e046da8b55f29,20e1afcba9533c9a3cd05a6d7e63f13cc97f4d348c142d7f72917f8929ca02eb,c3a0cabd7487508470d585545f7b6a856897b0410105302f1b4d5c12944c190d,0.37522408299992094
spherical,0.005,spherical_lr0.005,116,ok,,0.5346391900737772,6.267070304951092,36,55.995115906168586,0.0010578146273881098,0.05923245266783774,0.05923245266783774,b240340bda42b13e461b839e854e8931eb9b197c11fad589d1f07877b5a6c105,8944d8f9094422671c06b3f2af086555200354f4f465fe9295a66b6f28ee7466,a927dd1c515d66a61fb11e1c948c7e8042e5cfedc1c4b8d5dca9f3be9e46a7b7,0d285e8573294ff0f8d626c9d7c79b1ffa6d14fb3071ba7be902aa48627a1c7e,0.37489150000328664
spherical,0.005,spherical_lr0.005,117,ok,,0.5213993115047956,6.095310154911758,36,59.81924347868348,0.000714010909016128,0.04271159241287188,0.04271159241287188,2ff937c83d36f7b3a5406c91e8755c50ce932575e34db68925452587b0ab77d6,4ce67a52451597cfc11fd97edf40aa34eb1b5c997198bd1076c33fe083bdd43e,b828baff1fb9f67c70b6dbea3cba487e81abd07d2e9720c22549cc121a9cf9ad,32821079a74fe63f445d951a557ad18447fced01821fc77b6b8d137d2fe48881,0.3696194580043084
spherical,0.005,spherical_lr0.005,118,ok,,0.4213571854640654,6.126896145974009,36,81.83673451057018,0.000562313889776144,0.04601793250921632,0.04601793250921632,f9372f8f74b3a18b86f9a9dd960278381003e836073cde71119d3b892dde9434,7bd60133923f8534362210d3aca0aff74ce000224bd76127dd7b0bce56ccb362,605f62e239322f5313d845a2d699f250ce6a7e0825aa8e661c4d9f8dc5f782d9,ffdd2708cda2855a18fd4a81398631fadb59f1610b8dd3d36eefe8f678572c16,0.37109395900188247
spherical,0.005,spherical_lr0.005,119,ok,,0.5085269104776913,6.147153998720496,36,88.84033967393316,0.00047491051686638063,0.04219121163313242,0.04219121163313242,9cc5a5818d004f0f1492c246ba3ab8685b2df3f7dfd15cdf113ebebec42d8dee,64ada1b3e94d843469b9e745b7a15decfea54282d3d3fdc06c17e9cdcea8dc5b,ca428a2d600b7cd0b47722decaa3f8e1a32769793f46a3ced6ba5f9ab631e1f2,01bf4e2b10f88360652600d185a9d719f05502f25f089d70da96eafa7fe4dfe3,0.3712430840023444
spherical,0.005,spherical_lr0.005,120,ok,,0.4554790148224476,6.1678534010422394,36,86.19585939694306,0.0006001129092507037,0.05172724794806411,0.0517272479480641,69e5aaf107b63f46b6b057dfe99d3189e4f485b9649136f1718f398f646e43c6,d8e50e695e49ac02b6f76daee1d39919959a4aa8a84f49c7d93d5a5dc3caa2ff,5604d0b01aa38439978ff828fd8b23f34f58aaa29f9fc4cf46c8f2889862d932,dff4b17a330f664ec4d31f507c7603e7842ac94d65226c760d6e78cfa953aeb7,0.37883016699925065
spherical,0.01,spherical_lr0.01,111,ok,,0.3574815617280557,6.104822301529762,36,73.693613792643,0.0007666701937877431,0.05649869716732471,0.05649869716732471,6f4599f803588363f7f3f06a30082972087391773f80fd6d7eb3eadc6484859e,28b0ebbf9be5e833a1d38468d7218b52b6eca83c2a9f1c6221ed279bc5fe306d,8fab7eb1dfc2006c517c0e7e9e69f75a99f3dc01832c43b11c9ba40c9bcd6823,ff013eda1d426d67006a334f6583897c614d689f5823b14c442be63e78bb3962,0.379646875000617
spherical,0.01,spherical_lr0.01,112,ok,,0.4749730378946244,6.079954458822127,36,251.64612110612066,0.000197777571366186,0.049769958676089666,0.049769958676089666,23158049f8a287709543a55b89f8943218b08cba397a67e034633640e70c99f6,ef7c966740418fd6a40b794df00c0c243906c71043c6b0f768b5a1adf85a9eef,02f04c05a341d11e3b57c54926b2dbae6a2e489c24a16657054478fda872ca64,3dd0b47c3c1ce23069083c16d0c2272714da54db5025db5646fd1228b010a5e8,0.3813004589974298
spherical,0.01,spherical_lr0.01,113,ok,,0.4775552973673932,6.058252819148218,36,76.96070692614141,0.0009067921787673716,0.06978736711303292,0.06978736711303292,1130bcd06d370ab57f1bc3a67409c755b267648b80a0f46e840060bb010d3ab8,c68fb172bb60d66f359aa28c9948d748b520f4271b111e5de41911067a4f354b,1d1668fc7ae6e962f5f3b23083b5cf8c2778125e6999c83b21749b59535e825c,db95c591d5ad7a1f08531cf0e04985b931fc730f28e8ed47b8c7c5d8ecd8db0c,0.3890840419990127
spherical,0.01,spherical_lr0.01,114,ok,,0.49698830186247506,6.21039595816131,36,78.23293965098327,0.0006922524106740559,0.0541569410675111,0.0541569410675111,c8a7a565f4c34afcedf377bd8a33aee023bbafec99430b278d5183f906311b3e,c33ca7855f00a693f1f0af550d168ba9c880c362927ac4b9858046f2d8b7a17c,38002117c0ffdb4a9624b0cd256b65181fc12e3321756df0d82b3aabebebd605,52ceac77e1e0c99a5de90b23d52d3e2f15eb08da92d5b6842d3e92834a138f22,0.39234620799834374
spherical,0.01,spherical_lr0.01,115,ok,,0.6165642460471487,6.159304794652631,36,90.77454306244283,0.00044439131873906545,0.040339418899455054,0.040339418899455054,21e3187a25ce542a7fda12331f6df5573b7aa9cfb19c4d6a1242f48e9ab77257,2979b01fffc02f60db951ba7c3ab40b94b411246fd1d648f7c1e046da8b55f29,20e1afcba9533c9a3cd05a6d7e63f13cc97f4d348c142d7f72917f8929ca02eb,c3a0cabd7487508470d585545f7b6a856897b0410105302f1b4d5c12944c190d,0.39319445800356334
spherical,0.01,spherical_lr0.01,116,ok,,0.49548984229555715,6.200306371141118,36,55.995115906168586,0.0010578146273881098,0.05923245266783774,0.05923245266783774,b240340bda42b13e461b839e854e8931eb9b197c11fad589d1f07877b5a6c105,8944d8f9094422671c06b3f2af086555200354f4f465fe9295a66b6f28ee7466,a927dd1c515d66a61fb11e1c948c7e8042e5cfedc1c4b8d5dca9f3be9e46a7b7,0d285e8573294ff0f8d626c9d7c79b1ffa6d14fb3071ba7be902aa48627a1c7e,0.38865850000001956
spherical,0.01,spherical_lr0.01,117,ok,,0.46014736955807145,6.043699271655808,36,59.81924347868348,0.000714010909016128,0.04271159241287188,0.04271159241287188,2ff937c83d36f7b3a5406c91e8755c50ce932575e34db68925452587b0ab77d6,4ce67a52451597cfc11fd97edf40aa34eb1b5c997198bd1076c33fe083bdd43e,b828baff1fb9f67c70b6dbea3cba487e81abd07d2e9720c22549cc121a9cf9ad,32821079a74fe63f445d951a557ad18447fced01821fc77b6b8d137d2fe48881,0.38834712500101887
spherical,0.01,spherical_lr0.01,118,ok,,0.3038121320459478,6.022218653864038,36,81.83673451057018,0.000562313889776144,0.04601793250921632,0.04601793250921632,f9372f8f74b3a18b86f9a9dd960278381003e836073cde71119d3b892dde9434,7bd60133923f8534362210d3aca0aff74ce000224bd76127dd7b0bce56ccb362,605f62e239322f5313d845a2d699f250ce6a7e0825aa8e661c4d9f8dc5f782d9,ffdd2708cda2855a18fd4a81398631fadb59f1610b8dd3d36eefe8f678572c16,0.38573516700125765
spherical,0.01,spherical_lr0.01,119,ok,,0.3898404294667329,6.02335959654082,36,88.84033967393316,0.00047491051686638063,0.04219121163313242,0.04219121163313242,9cc5a5818d004f0f1492c246ba3ab8685b2df3f7dfd15cdf113ebebec42d8dee,64ada1b3e94d843469b9e745b7a15decfea54282d3d3fdc06c17e9cdcea8dc5b,ca428a2d600b7cd0b47722decaa3f8e1a32769793f46a3ced6ba5f9ab631e1f2,01bf4e2b10f88360652600d185a9d719f05502f25f089d70da96eafa7fe4dfe3,0.4621575409983052
spherical,0.01,spherical_lr0.01,120,ok,,0.3594538901106124,6.051258230324608,36,86.19585939694306,0.0006001129092507037,0.05172724794806411,0.0517272479480641,69e5aaf107b63f46b6b057dfe99d3189e4f485b9649136f1718f398f646e43c6,d8e50e695e49ac02b6f76daee1d39919959a4aa8a84f49c7d93d5a5dc3caa2ff,5604d0b01aa38439978ff828fd8b23f34f58aaa29f9fc4cf46c8f2889862d932,dff4b17a330f664ec4d31f507c7603e7842ac94d65226c760d6e78cfa953aeb7,0.4623097079966101
spherical,0.02,spherical_lr0.02,111,ok,,0.33822861753219646,6.106187510229054,36,73.693613792643,0.0007666701937877431,0.05649869716732471,0.05649869716732471,6f4599f803588363f7f3f06a30082972087391773f80fd6d7eb3eadc6484859e,28b0ebbf9be5e833a1d38468d7218b52b6eca83c2a9f1c6221ed279bc5fe306d,8fab7eb1dfc2006c517c0e7e9e69f75a99f3dc01832c43b11c9ba40c9bcd6823,ff013eda1d426d67006a334f6583897c614d689f5823b14c442be63e78bb3962,0.4678895420001936
spherical,0.02,spherical_lr0.02,112,ok,,0.46813149161827866,6.070989152904267,36,251.64612110612066,0.000197777571366186,0.049769958676089666,0.049769958676089666,23158049f8a287709543a55b89f8943218b08cba397a67e034633640e70c99f6,ef7c966740418fd6a40b794df00c0c243906c71043c6b0f768b5a1adf85a9eef,02f04c05a341d11e3b57c54926b2dbae6a2e489c24a16657054478fda872ca64,3dd0b47c3c1ce23069083c16d0c2272714da54db5025db5646fd1228b010a5e8,0.3964776669963612
spherical,0.02,spherical_lr0.02,113,ok,,0.3295110163210605,5.904095782791485,36,76.96070692614141,0.0009067921787673716,0.06978736711303292,0.06978736711303292,1130bcd06d370ab57f1bc3a67409c755b267648b80a0f46e840060bb010d3ab8,c68fb172bb60d66f359aa28c9948d748b520f4271b111e5de41911067a4f354b,1d1668fc7ae6e962f5f3b23083b5cf8c2778125e6999c83b21749b59535e825c,db95c591d5ad7a1f08531cf0e04985b931fc730f28e8ed47b8c7c5d8ecd8db0c,0.4012994169970625
spherical,0.02,spherical_lr0.02,114,ok,,0.42959940054557905,6.134155704951819,36,78.23293965098327,0.0006922524106740559,0.0541569410675111,0.0541569410675111,c8a7a565f4c34afcedf377bd8a33aee023bbafec99430b278d5183f906311b3e,c33ca7855f00a693f1f0af550d168ba9c880c362927ac4b9858046f2d8b7a17c,38002117c0ffdb4a9624b0cd256b65181fc12e3321756df0d82b3aabebebd605,52ceac77e1e0c99a5de90b23d52d3e2f15eb08da92d5b6842d3e92834a138f22,0.3923948330048006
spherical,0.02,spherical_lr0.02,115,ok,,0.4674321607504963,6.025932077117612,36,90.77454306244283,0.00044439131873906545,0.040339418899455054,0.040339418899455054,21e3187a25ce542a7fda12331f6df5573b7aa9cfb19c4d6a1242f48e9ab77257,2979b01fffc02f60db951ba7c3ab40b94b411246fd1d648f7c1e046da8b55f29,20e1afcba9533c9a3cd05a6d7e63f13cc97f4d348c142d7f72917f8929ca02eb,c3a0cabd7487508470d585545f7b6a856897b0410105302f1b4d5c12944c190d,0.4064965409997967
spherical,0.02,spherical_lr0.02,116,ok,,0.45327400864387096,6.135999027589632,36,55.995115906168586,0.0010578146273881098,0.05923245266783774,0.05923245266783774,b240340bda42b13e461b839e854e8931eb9b197c11fad589d1f07877b5a6c105,8944d8f9094422671c06b3f2af086555200354f4f465fe9295a66b6f28ee7466,a927dd1c515d66a61fb11e1c948c7e8042e5cfedc1c4b8d5dca9f3be9e46a7b7,0d285e8573294ff0f8d626c9d7c79b1ffa6d14fb3071ba7be902aa48627a1c7e,0.40205983399937395
spherical,0.02,spherical_lr0.02,117,ok,,0.3986582895247919,6.002008361047541,36,59.81924347868348,0.000714010909016128,0.04271159241287188,0.04271159241287188,2ff937c83d36f7b3a5406c91e8755c50ce932575e34db68925452587b0ab77d6,4ce67a52451597cfc11fd97edf40aa34eb1b5c997198bd1076c33fe083bdd43e,b828baff1fb9f67c70b6dbea3cba487e81abd07d2e9720c22549cc121a9cf9ad,32821079a74fe63f445d951a557ad18447fced01821fc77b6b8d137d2fe48881,0.4027001249996829
spherical,0.02,spherical_lr0.02,118,ok,,0.3219086664851722,6.048070899386522,36,81.83673451057018,0.000562313889776144,0.04601793250921632,0.04601793250921632,f9372f8f74b3a18b86f9a9dd960278381003e836073cde71119d3b892dde9434,7bd60133923f8534362210d3aca0aff74ce000224bd76127dd7b0bce56ccb362,605f62e239322f5313d845a2d699f250ce6a7e0825aa8e661c4d9f8dc5f782d9,ffdd2708cda2855a18fd4a81398631fadb59f1610b8dd3d36eefe8f678572c16,0.38578220899944426
spherical,0.02,spherical_lr0.02,119,ok,,0.3898472161782328,6.0233730873312705,36,88.84033967393316,0.00047491051686638063,0.04219121163313242,0.04219121163313242,9cc5a5818d004f0f1492c246ba3ab8685b2df3f7dfd15cdf113ebebec42d8dee,64ada1b3e94d843469b9e745b7a15decfea54282d3d3fdc06c17e9cdcea8dc5b,ca428a2d600b7cd0b47722decaa3f8e1a32769793f46a3ced6ba5f9ab631e1f2,01bf4e2b10f88360652600d185a9d719f05502f25f089d70da96eafa7fe4dfe3,0.38642379200609867
spherical,0.02,spherical_lr0.02,120,ok,,0.3370152446927709,6.03582123245902,36,86.19585939694306,0.0006001129092507037,0.05172724794806411,0.0517272479480641,69e5aaf107b63f46b6b057dfe99d3189e4f485b9649136f1718f398f646e43c6,d8e50e695e49ac02b6f76daee1d39919959a4aa8a84f49c7d93d5a5dc3caa2ff,5604d0b01aa38439978ff828fd8b23f34f58aaa29f9fc4cf46c8f2889862d932,dff4b17a330f664ec4d31f507c7603e7842ac94d65226c760d6e78cfa953aeb7,0.38535591600521
spherical,0.05,spherical_lr0.05,111,ok,,0.34096793289583,6.127001927081535,36,73.693613792643,0.0007666701937877431,0.05649869716732471,0.05649869716732471,6f4599f803588363f7f3f06a30082972087391773f80fd6d7eb3eadc6484859e,28b0ebbf9be5e833a1d38468d7218b52b6eca83c2a9f1c6221ed279bc5fe306d,8fab7eb1dfc2006c517c0e7e9e69f75a99f3dc01832c43b11c9ba40c9bcd6823,ff013eda1d426d67006a334f6583897c614d689f5823b14c442be63e78bb3962,0.3912822080019396
spherical,0.05,spherical_lr0.05,112,ok,,0.4722810301476321,6.110342636483073,36,251.64612110612066,0.000197777571366186,0.049769958676089666,0.049769958676089666,23158049f8a287709543a55b89f8943218b08cba397a67e034633640e70c99f6,ef7c966740418fd6a40b794df00c0c243906c71043c6b0f768b5a1adf85a9eef,02f04c05a341d11e3b57c54926b2dbae6a2e489c24a16657054478fda872ca64,3dd0b47c3c1ce23069083c16d0c2272714da54db5025db5646fd1228b010a5e8,0.3934451250024722
spherical,0.05,spherical_lr0.05,113,ok,,0.3298208348475723,5.904449522179121,36,76.96070692614141,0.0009067921787673716,0.06978736711303292,0.06978736711303292,1130bcd06d370ab57f1bc3a67409c755b267648b80a0f46e840060bb010d3ab8,c68fb172bb60d66f359aa28c9948d748b520f4271b111e5de41911067a4f354b,1d1668fc7ae6e962f5f3b23083b5cf8c2778125e6999c83b21749b59535e825c,db95c591d5ad7a1f08531cf0e04985b931fc730f28e8ed47b8c7c5d8ecd8db0c,0.39209045900497586
spherical,0.05,spherical_lr0.05,114,ok,,0.4947102126249753,6.194689483274026,36,78.23293965098327,0.0006922524106740559,0.0541569410675111,0.0541569410675111,c8a7a565f4c34afcedf377bd8a33aee023bbafec99430b278d5183f906311b3e,c33ca7855f00a693f1f0af550d168ba9c880c362927ac4b9858046f2d8b7a17c,38002117c0ffdb4a9624b0cd256b65181fc12e3321756df0d82b3aabebebd605,52ceac77e1e0c99a5de90b23d52d3e2f15eb08da92d5b6842d3e92834a138f22,0.3817502500023693
spherical,0.05,spherical_lr0.05,115,ok,,0.5252724541609266,6.084741844543483,36,90.77454306244283,0.00044439131873906545,0.040339418899455054,0.040339418899455054,21e3187a25ce542a7fda12331f6df5573b7aa9cfb19c4d6a1242f48e9ab77257,2979b01fffc02f60db951ba7c3ab40b94b411246fd1d648f7c1e046da8b55f29,20e1afcba9533c9a3cd05a6d7e63f13cc97f4d348c142d7f72917f8929ca02eb,c3a0cabd7487508470d585545f7b6a856897b0410105302f1b4d5c12944c190d,0.38273775000561727
spherical,0.05,spherical_lr0.05,116,ok,,0.45405000561852454,6.141969090000761,36,55.995115906168586,0.0010578146273881098,0.05923245266783774,0.05923245266783774,b240340bda42b13e461b839e854e8931eb9b197c11fad589d1f07877b5a6c105,8944d8f9094422671c06b3f2af086555200354f4f465fe9295a66b6f28ee7466,a927dd1c515d66a61fb11e1c948c7e8042e5cfedc1c4b8d5dca9f3be9e46a7b7,0d285e8573294ff0f8d626c9d7c79b1ffa6d14fb3071ba7be902aa48627a1c7e,0.3825608330007526
spherical,0.05,spherical_lr0.05,117,ok,,0.3986602058684519,6.002009130448676,36,59.81924347868348,0.000714010909016128,0.04271159241287188,0.04271159241287188,2ff937c83d36f7b3a5406c91e8755c50ce932575e34db68925452587b0ab77d6,4ce67a52451597cfc11fd97edf40aa34eb1b5c997198bd1076c33fe083bdd43e,b828baff1fb9f67c70b6dbea3cba487e81abd07d2e9720c22549cc121a9cf9ad,32821079a74fe63f445d951a557ad18447fced01821fc77b6b8d137d2fe48881,0.3937141250062268
spherical,0.05,spherical_lr0.05,118,ok,,0.3219086930699657,6.048071592214214,36,81.83673451057018,0.000562313889776144,0.04601793250921632,0.04601793250921632,f9372f8f74b3a18b86f9a9dd960278381003e836073cde71119d3b892dde9434,7bd60133923f8534362210d3aca0aff74ce000224bd76127dd7b0bce56ccb362,605f62e239322f5313d845a2d699f250ce6a7e0825aa8e661c4d9f8dc5f782d9,ffdd2708cda2855a18fd4a81398631fadb59f1610b8dd3d36eefe8f678572c16,0.4007583339989651
spherical,0.05,spherical_lr0.05,119,ok,,0.38984721695087554,6.023373087661478,36,88.84033967393316,0.00047491051686638063,0.04219121163313242,0.04219121163313242,9cc5a5818d004f0f1492c246ba3ab8685b2df3f7dfd15cdf113ebebec42d8dee,64ada1b3e94d843469b9e745b7a15decfea54282d3d3fdc06c17e9cdcea8dc5b,ca428a2d600b7cd0b47722decaa3f8e1a32769793f46a3ced6ba5f9ab631e1f2,01bf4e2b10f88360652600d185a9d719f05502f25f089d70da96eafa7fe4dfe3,0.40586441599589307
spherical,0.05,spherical_lr0.05,120,ok,,0.3370150457045674,6.035820873228591,36,86.19585939694306,0.0006001129092507037,0.05172724794806411,0.0517272479480641,69e5aaf107b63f46b6b057dfe99d3189e4f485b9649136f1718f398f646e43c6,d8e50e695e49ac02b6f76daee1d39919959a4aa8a84f49c7d93d5a5dc3caa2ff,5604d0b01aa38439978ff828fd8b23f34f58aaa29f9fc4cf46c8f2889862d932,dff4b17a330f664ec4d31f507c7603e7842ac94d65226c760d6e78cfa953aeb7,0.4812356659967918
spherical,0.1,spherical_lr0.1,111,ok,,0.340771808118011,6.126489375709174,36,73.693613792643,0.0007666701937877431,0.05649869716732471,0.05649869716732471,6f4599f803588363f7f3f06a30082972087391773f80fd6d7eb3eadc6484859e,28b0ebbf9be5e833a1d38468d7218b52b6eca83c2a9f1c6221ed279bc5fe306d,8fab7eb1dfc2006c517c0e7e9e69f75a99f3dc01832c43b11c9ba40c9bcd6823,ff013eda1d426d67006a334f6583897c614d689f5823b14c442be63e78bb3962,0.4794434170034947
spherical,0.1,spherical_lr0.1,112,ok,,0.509291981128002,6.151052014578472,36,251.64612110612066,0.000197777571366186,0.049769958676089666,0.049769958676089666,23158049f8a287709543a55b89f8943218b08cba397a67e034633640e70c99f6,ef7c966740418fd6a40b794df00c0c243906c71043c6b0f768b5a1adf85a9eef,02f04c05a341d11e3b57c54926b2dbae6a2e489c24a16657054478fda872ca64,3dd0b47c3c1ce23069083c16d0c2272714da54db5025db5646fd1228b010a5e8,0.4733051660005003
spherical,0.1,spherical_lr0.1,113,ok,,0.3299792250726503,5.904813642007423,36,76.96070692614141,0.0009067921787673716,0.06978736711303292,0.06978736711303292,1130bcd06d370ab57f1bc3a67409c755b267648b80a0f46e840060bb010d3ab8,c68fb172bb60d66f359aa28c9948d748b520f4271b111e5de41911067a4f354b,1d1668fc7ae6e962f5f3b23083b5cf8c2778125e6999c83b21749b59535e825c,db95c591d5ad7a1f08531cf0e04985b931fc730f28e8ed47b8c7c5d8ecd8db0c,0.37706720900314394
spherical,0.1,spherical_lr0.1,114,ok,,0.49253501787665227,6.191774854026234,36,78.23293965098327,0.0006922524106740559,0.0541569410675111,0.0541569410675111,c8a7a565f4c34afcedf377bd8a33aee023bbafec99430b278d5183f906311b3e,c33ca7855f00a693f1f0af550d168ba9c880c362927ac4b9858046f2d8b7a17c,38002117c0ffdb4a9624b0cd256b65181fc12e3321756df0d82b3aabebebd605,52ceac77e1e0c99a5de90b23d52d3e2f15eb08da92d5b6842d3e92834a138f22,0.37741816700145137
spherical,0.1,spherical_lr0.1,115,ok,,0.46844398391350495,6.026946663275634,36,90.77454306244283,0.00044439131873906545,0.040339418899455054,0.040339418899455054,21e3187a25ce542a7fda12331f6df5573b7aa9cfb19c4d6a1242f48e9ab77257,2979b01fffc02f60db951ba7c3ab40b94b411246fd1d648f7c1e046da8b55f29,20e1afcba9533c9a3cd05a6d7e63f13cc97f4d348c142d7f72917f8929ca02eb,c3a0cabd7487508470d585545f7b6a856897b0410105302f1b4d5c12944c190d,0.3769028749957215
spherical,0.1,spherical_lr0.1,116,ok,,0.44309555877890316,6.113965243865976,36,55.995115906168586,0.0010578146273881098,0.05923245266783774,0.05923245266783774,b240340bda42b13e461b839e854e8931eb9b197c11fad589d1f07877b5a6c105,8944d8f9094422671c06b3f2af086555200354f4f465fe9295a66b6f28ee7466,a927dd1c515d66a61fb11e1c948c7e8042e5cfedc1c4b8d5dca9f3be9e46a7b7,0d285e8573294ff0f8d626c9d7c79b1ffa6d14fb3071ba7be902aa48627a1c7e,0.37665983400074765
spherical,0.1,spherical_lr0.1,117,ok,,0.398660207096386,6.002009131918652,36,59.81924347868348,0.000714010909016128,0.04271159241287188,0.04271159241287188,2ff937c83d36f7b3a5406c91e8755c50ce932575e34db68925452587b0ab77d6,4ce67a52451597cfc11fd97edf40aa34eb1b5c997198bd1076c33fe083bdd43e,b828baff1fb9f67c70b6dbea3cba487e81abd07d2e9720c22549cc121a9cf9ad,32821079a74fe63f445d951a557ad18447fced01821fc77b6b8d137d2fe48881,0.377353709001909
spherical,0.1,spherical_lr0.1,118,ok,,0.3219186850012503,6.048070007315229,36,81.83673451057018,0.000562313889776144,0.04601793250921632,0.04601793250921632,f9372f8f74b3a18b86f9a9dd960278381003e836073cde71119d3b892dde9434,7bd60133923f8534362210d3aca0aff74ce000224bd76127dd7b0bce56ccb362,605f62e239322f5313d845a2d699f250ce6a7e0825aa8e661c4d9f8dc5f782d9,ffdd2708cda2855a18fd4a81398631fadb59f1610b8dd3d36eefe8f678572c16,0.37914575000468176
spherical,0.1,spherical_lr0.1,119,ok,,0.3909394445238398,6.024406860150597,36,88.84033967393316,0.00047491051686638063,0.04219121163313242,0.04219121163313242,9cc5a5818d004f0f1492c246ba3ab8685b2df3f7dfd15cdf113ebebec42d8dee,64ada1b3e94d843469b9e745b7a15decfea54282d3d3fdc06c17e9cdcea8dc5b,ca428a2d600b7cd0b47722decaa3f8e1a32769793f46a3ced6ba5f9ab631e1f2,01bf4e2b10f88360652600d185a9d719f05502f25f089d70da96eafa7fe4dfe3,0.37846025000180816
spherical,0.1,spherical_lr0.1,120,ok,,0.384588837866942,6.099082681758877,36,86.19585939694306,0.0006001129092507037,0.05172724794806411,0.0517272479480641,69e5aaf107b63f46b6b057dfe99d3189e4f485b9649136f1718f398f646e43c6,d8e50e695e49ac02b6f76daee1d39919959a4aa8a84f49c7d93d5a5dc3caa2ff,5604d0b01aa38439978ff828fd8b23f34f58aaa29f9fc4cf46c8f2889862d932,dff4b17a330f664ec4d31f507c7603e7842ac94d65226c760d6e78cfa953aeb7,0.38240837500052294
spherical,0.2,spherical_lr0.2,111,ok,,0.35301129367222694,6.132809716853623,36,73.693613792643,0.0007666701937877431,0.05649869716732471,0.05649869716732471,6f4599f803588363f7f3f06a30082972087391773f80fd6d7eb3eadc6484859e,28b0ebbf9be5e833a1d38468d7218b52b6eca83c2a9f1c6221ed279bc5fe306d,8fab7eb1dfc2006c517c0e7e9e69f75a99f3dc01832c43b11c9ba40c9bcd6823,ff013eda1d426d67006a334f6583897c614d689f5823b14c442be63e78bb3962,0.3813162079968606
spherical,0.2,spherical_lr0.2,112,ok,,0.5144111242818239,6.160636519212912,36,251.64612110612066,0.000197777571366186,0.049769958676089666,0.049769958676089666,23158049f8a287709543a55b89f8943218b08cba397a67e034633640e70c99f6,ef7c966740418fd6a40b794df00c0c243906c71043c6b0f768b5a1adf85a9eef,02f04c05a341d11e3b57c54926b2dbae6a2e489c24a16657054478fda872ca64,3dd0b47c3c1ce23069083c16d0c2272714da54db5025db5646fd1228b010a5e8,0.38683125000534346
spherical,0.2,spherical_lr0.2,113,ok,,0.438167682264456,6.015282391706071,36,76.96070692614141,0.0009067921787673716,0.06978736711303292,0.06978736711303292,1130bcd06d370ab57f1bc3a67409c755b267648b80a0f46e840060bb010d3ab8,c68fb172bb60d66f359aa28c9948d748b520f4271b111e5de41911067a4f354b,1d1668fc7ae6e962f5f3b23083b5cf8c2778125e6999c83b21749b59535e825c,db95c591d5ad7a1f08531cf0e04985b931fc730f28e8ed47b8c7c5d8ecd8db0c,0.3846224170047208
spherical,0.2,spherical_lr0.2,114,ok,,0.4527730937276633,6.148642905774155,36,78.23293965098327,0.0006922524106740559,0.0541569410675111,0.0541569410675111,c8a7a565f4c34afcedf377bd8a33aee023bbafec99430b278d5183f906311b3e,c33ca7855f00a693f1f0af550d168ba9c880c362927ac4b9858046f2d8b7a17c,38002117c0ffdb4a9624b0cd256b65181fc12e3321756df0d82b3aabebebd605,52ceac77e1e0c99a5de90b23d52d3e2f15eb08da92d5b6842d3e92834a138f22,0.38459591600258136
spherical,0.2,spherical_lr0.2,115,ok,,0.453107582573767,6.017341901781558,36,90.77454306244283,0.00044439131873906545,0.040339418899455054,0.040339418899455054,21e3187a25ce542a7fda12331f6df5573b7aa9cfb19c4d6a1242f48e9ab77257,2979b01fffc02f60db951ba7c3ab40b94b411246fd1d648f7c1e046da8b55f29,20e1afcba9533c9a3cd05a6d7e63f13cc97f4d348c142d7f72917f8929ca02eb,c3a0cabd7487508470d585545f7b6a856897b0410105302f1b4d5c12944c190d,0.39074291699944297
spherical,0.2,spherical_lr0.2,116,ok,,0.5139925287691309,6.191948862519626,36,55.995115906168586,0.0010578146273881098,0.05923245266783774,0.05923245266783774,b240340bda42b13e461b839e854e8931eb9b197c11fad589d1f07877b5a6c105,8944d8f9094422671c06b3f2af086555200354f4f465fe9295a66b6f28ee7466,a927dd1c515d66a61fb11e1c948c7e8042e5cfedc1c4b8d5dca9f3be9e46a7b7,0d285e8573294ff0f8d626c9d7c79b1ffa6d14fb3071ba7be902aa48627a1c7e,0.390346000000136
spherical,0.2,spherical_lr0.2,117,ok,,0.44301949149809766,6.075560066372512,36,59.81924347868348,0.000714010909016128,0.04271159241287188,0.04271159241287188,2ff937c83d36f7b3a5406c91e8755c50ce932575e34db68925452587b0ab77d6,4ce67a52451597cfc11fd97edf40aa34eb1b5c997198bd1076c33fe083bdd43e,b828baff1fb9f67c70b6dbea3cba487e81abd07d2e9720c22549cc121a9cf9ad,32821079a74fe63f445d951a557ad18447fced01821fc77b6b8d137d2fe48881,0.3907572909956798
spherical,0.2,spherical_lr0.2,118,ok,,0.3722619598481556,6.113666767990408,36,81.83673451057018,0.000562313889776144,0.04601793250921632,0.04601793250921632,f9372f8f74b3a18b86f9a9dd960278381003e836073cde71119d3b892dde9434,7bd60133923f8534362210d3aca0aff74ce000224bd76127dd7b0bce56ccb362,605f62e239322f5313d845a2d699f250ce6a7e0825aa8e661c4d9f8dc5f782d9,ffdd2708cda2855a18fd4a81398631fadb59f1610b8dd3d36eefe8f678572c16,0.38369000000238884
spherical,0.2,spherical_lr0.2,119,ok,,0.3776400822443281,5.990788554009065,36,88.84033967393316,0.00047491051686638063,0.04219121163313242,0.04219121163313242,9cc5a5818d004f0f1492c246ba3ab8685b2df3f7dfd15cdf113ebebec42d8dee,64ada1b3e94d843469b9e745b7a15decfea54282d3d3fdc06c17e9cdcea8dc5b,ca428a2d600b7cd0b47722decaa3f8e1a32769793f46a3ced6ba5f9ab631e1f2,01bf4e2b10f88360652600d185a9d719f05502f25f089d70da96eafa7fe4dfe3,0.38168999999470543
spherical,0.2,spherical_lr0.2,120,ok,,0.45693547500357073,6.1830060898467725,36,86.19585939694306,0.0006001129092507037,0.05172724794806411,0.0517272479480641,69e5aaf107b63f46b6b057dfe99d3189e4f485b9649136f1718f398f646e43c6,d8e50e695e49ac02b6f76daee1d39919959a4aa8a84f49c7d93d5a5dc3caa2ff,5604d0b01aa38439978ff828fd8b23f34f58aaa29f9fc4cf46c8f2889862d932,dff4b17a330f664ec4d31f507c7603e7842ac94d65226c760d6e78cfa953aeb7,0.3817985419955221
tv,0.005,tv_lr0.005,111,ok,,4.344698093314145,10.090368439160395,36,4.380268107588597,0.012898456391160973,0.05649869716732471,0.05649869716732472,6f4599f803588363f7f3f06a30082972087391773f80fd6d7eb3eadc6484859e,28b0ebbf9be5e833a1d38468d7218b52b6eca83c2a9f1c6221ed279bc5fe306d,8fab7eb1dfc2006c517c0e7e9e69f75a99f3dc01832c43b11c9ba40c9bcd6823,ff013eda1d426d67006a334f6583897c614d689f5823b14c442be63e78bb3962,0.36979454099491704
tv,0.005,tv_lr0.005,112,ok,,5.01965049904747,10.632431216190925,36,6.134875961161854,0.008112626724838293,0.049769958676089666,0.049769958676089666,23158049f8a287709543a55b89f8943218b08cba397a67e034633640e70c99f6,ef7c966740418fd6a40b794df00c0c243906c71043c6b0f768b5a1adf85a9eef,02f04c05a341d11e3b57c54926b2dbae6a2e489c24a16657054478fda872ca64,3dd0b47c3c1ce23069083c16d0c2272714da54db5025db5646fd1228b010a5e8,0.36674425000092015
tv,0.005,tv_lr0.005,113,ok,,10.616379556310342,16.14005949311441,36,4.033287997488542,0.017302847492291225,0.06978736711303292,0.06978736711303292,1130bcd06d370ab57f1bc3a67409c755b267648b80a0f46e840060bb010d3ab8,c68fb172bb60d66f359aa28c9948d748b520f4271b111e5de41911067a4f354b,1d1668fc7ae6e962f5f3b23083b5cf8c2778125e6999c83b21749b59535e825c,db95c591d5ad7a1f08531cf0e04985b931fc730f28e8ed47b8c7c5d8ecd8db0c,0.3635117089943378
tv,0.005,tv_lr0.005,114,ok,,4.058142714169554,9.903724096212413,36,5.319846258893224,0.010180170334241626,0.0541569410675111,0.0541569410675111,c8a7a565f4c34afcedf377bd8a33aee023bbafec99430b278d5183f906311b3e,c33ca7855f00a693f1f0af550d168ba9c880c362927ac4b9858046f2d8b7a17c,38002117c0ffdb4a9624b0cd256b65181fc12e3321756df0d82b3aabebebd605,52ceac77e1e0c99a5de90b23d52d3e2f15eb08da92d5b6842d3e92834a138f22,0.35961295799643267
tv,0.005,tv_lr0.005,115,ok,,4.713879142076622,10.11976212268952,36,3.777760680485429,0.01067812979997229,0.040339418899455054,0.040339418899455054,21e3187a25ce542a7fda12331f6df5573b7aa9cfb19c4d6a1242f48e9ab77257,2979b01fffc02f60db951ba7c3ab40b94b411246fd1d648f7c1e046da8b55f29,20e1afcba9533c9a3cd05a6d7e63f13cc97f4d348c142d7f72917f8929ca02eb,c3a0cabd7487508470d585545f7b6a856897b0410105302f1b4d5c12944c190d,0.3973433749997639
tv,0.005,tv_lr0.005,116,ok,,5.746210888992328,11.658920475966374,36,6.311573532425258,0.00938473620936764,0.05923245266783774,0.05923245266783774,b240340bda42b13e461b839e854e8931eb9b197c11fad589d1f07877b5a6c105,8944d8f9094422671c06b3f2af086555200354f4f465fe9295a66b6f28ee7466,a927dd1c515d66a61fb11e1c948c7e8042e5cfedc1c4b8d5dca9f3be9e46a7b7,0d285e8573294ff0f8d626c9d7c79b1ffa6d14fb3071ba7be902aa48627a1c7e,0.420160958004999
tv,0.005,tv_lr0.005,117,ok,,4.5051175171921995,9.985674819453733,36,2.9431912005466367,0.014512000581185173,0.04271159241287188,0.04271159241287188,2ff937c83d36f7b3a5406c91e8755c50ce932575e34db68925452587b0ab77d6,4ce67a52451597cfc11fd97edf40aa34eb1b5c997198bd1076c33fe083bdd43e,b828baff1fb9f67c70b6dbea3cba487e81abd07d2e9720c22549cc121a9cf9ad,32821079a74fe63f445d951a557ad18447fced01821fc77b6b8d137d2fe48881,0.4156113749995711
tv,0.005,tv_lr0.005,118,ok,,5.343093484990915,11.18455703012542,36,2.601542934484478,0.017688707689283337,0.04601793250921632,0.04601793250921632,f9372f8f74b3a18b86f9a9dd960278381003e836073cde71119d3b892dde9434,7bd60133923f8534362210d3aca0aff74ce000224bd76127dd7b0bce56ccb362,605f62e239322f5313d845a2d699f250ce6a7e0825aa8e661c4d9f8dc5f782d9,ffdd2708cda2855a18fd4a81398631fadb59f1610b8dd3d36eefe8f678572c16,0.3796147920002113
tv,0.005,tv_lr0.005,119,ok,,2.430215490522846,8.123266192727483,36,3.6623736157092295,0.01152018228073707,0.04219121163313242,0.04219121163313242,9cc5a5818d004f0f1492c246ba3ab8685b2df3f7dfd15cdf113ebebec42d8dee,64ada1b3e94d843469b9e745b7a15decfea54282d3d3fdc06c17e9cdcea8dc5b,ca428a2d600b7cd0b47722decaa3f8e1a32769793f46a3ced6ba5f9ab631e1f2,01bf4e2b10f88360652600d185a9d719f05502f25f089d70da96eafa7fe4dfe3,0.3597735000003013
tv,0.005,tv_lr0.005,120,ok,,6.753683240280776,12.882853409971107,36,4.897668936935483,0.010561605656512653,0.05172724794806411,0.05172724794806411,69e5aaf107b63f46b6b057dfe99d3189e4f485b9649136f1718f398f646e43c6,d8e50e695e49ac02b6f76daee1d39919959a4aa8a84f49c7d93d5a5dc3caa2ff,5604d0b01aa38439978ff828fd8b23f34f58aaa29f9fc4cf46c8f2889862d932,dff4b17a330f664ec4d31f507c7603e7842ac94d65226c760d6e78cfa953aeb7,0.4094178329978604
tv,0.01,tv_lr0.01,111,ok,,5.128238949709557,10.93299528965119,36,4.380268107588597,0.012898456391160973,0.05649869716732471,0.05649869716732472,6f4599f803588363f7f3f06a30082972087391773f80fd6d7eb3eadc6484859e,28b0ebbf9be5e833a1d38468d7218b52b6eca83c2a9f1c6221ed279bc5fe306d,8fab7eb1dfc2006c517c0e7e9e69f75a99f3dc01832c43b11c9ba40c9bcd6823,ff013eda1d426d67006a334f6583897c614d689f5823b14c442be63e78bb3962,0.4095885829956387
tv,0.01,tv_lr0.01,112,ok,,5.796801854574257,11.430916068449351,36,6.134875961161854,0.008112626724838293,0.049769958676089666,0.049769958676089666,23158049f8a287709543a55b89f8943218b08cba397a67e034633640e70c99f6,ef7c966740418fd6a40b794df00c0c243906c71043c6b0f768b5a1adf85a9eef,02f04c05a341d11e3b57c54926b2dbae6a2e489c24a16657054478fda872ca64,3dd0b47c3c1ce23069083c16d0c2272714da54db5025db5646fd1228b010a5e8,0.40636166599870194
tv,0.01,tv_lr0.01,113,ok,,7.15908074605642,12.679972050485084,36,4.033287997488542,0.017302847492291225,0.06978736711303292,0.06978736711303292,1130bcd06d370ab57f1bc3a67409c755b267648b80a0f46e840060bb010d3ab8,c68fb172bb60d66f359aa28c9948d748b520f4271b111e5de41911067a4f354b,1d1668fc7ae6e962f5f3b23083b5cf8c2778125e6999c83b21749b59535e825c,db95c591d5ad7a1f08531cf0e04985b931fc730f28e8ed47b8c7c5d8ecd8db0c,0.35812945799989393
tv,0.01,tv_lr0.01,114,ok,,4.133351257945681,9.960730089278272,36,5.319846258893224,0.010180170334241626,0.0541569410675111,0.0541569410675111,c8a7a565f4c34afcedf377bd8a33aee023bbafec99430b278d5183f906311b3e,c33ca7855f00a693f1f0af550d168ba9c880c362927ac4b9858046f2d8b7a17c,38002117c0ffdb4a9624b0cd256b65181fc12e3321756df0d82b3aabebebd605,52ceac77e1e0c99a5de90b23d52d3e2f15eb08da92d5b6842d3e92834a138f22,0.36260399999446236
tv,0.01,tv_lr0.01,115,ok,,2.9131812614786554,8.365246692882986,36,3.777760680485429,0.01067812979997229,0.040339418899455054,0.040339418899455054,21e3187a25ce542a7fda12331f6df5573b7aa9cfb19c4d6a1242f48e9ab77257,2979b01fffc02f60db951ba7c3ab40b94b411246fd1d648f7c1e046da8b55f29,20e1afcba9533c9a3cd05a6d7e63f13cc97f4d348c142d7f72917f8929ca02eb,c3a0cabd7487508470d585545f7b6a856897b0410105302f1b4d5c12944c190d,0.36355750000075204
tv,0.01,tv_lr0.01,116,ok,,5.463130954976668,11.258860128459235,36,6.311573532425258,0.00938473620936764,0.05923245266783774,0.05923245266783774,b240340bda42b13e461b839e854e8931eb9b197c11fad589d1f07877b5a6c105,8944d8f9094422671c06b3f2af086555200354f4f465fe9295a66b6f28ee7466,a927dd1c515d66a61fb11e1c948c7e8042e5cfedc1c4b8d5dca9f3be9e46a7b7,0d285e8573294ff0f8d626c9d7c79b1ffa6d14fb3071ba7be902aa48627a1c7e,0.3651218339946354
tv,0.01,tv_lr0.01,117,ok,,4.085090086357948,9.603419390991501,36,2.9431912005466367,0.014512000581185173,0.04271159241287188,0.04271159241287188,2ff937c83d36f7b3a5406c91e8755c50ce932575e34db68925452587b0ab77d6,4ce67a52451597cfc11fd97edf40aa34eb1b5c997198bd1076c33fe083bdd43e,b828baff1fb9f67c70b6dbea3cba487e81abd07d2e9720c22549cc121a9cf9ad,32821079a74fe63f445d951a557ad18447fced01821fc77b6b8d137d2fe48881,0.36758945800102083
tv,0.01,tv_lr0.01,118,ok,,5.10987453585081,10.960607309121967,36,2.601542934484478,0.017688707689283337,0.04601793250921632,0.04601793250921632,f9372f8f74b3a18b86f9a9dd960278381003e836073cde71119d3b892dde9434,7bd60133923f8534362210d3aca0aff74ce000224bd76127dd7b0bce56ccb362,605f62e239322f5313d845a2d699f250ce6a7e0825aa8e661c4d9f8dc5f782d9,ffdd2708cda2855a18fd4a81398631fadb59f1610b8dd3d36eefe8f678572c16,0.37180479199741967
tv,0.01,tv_lr0.01,119,ok,,3.9057938332398385,9.507388560361273,36,3.6623736157092295,0.01152018228073707,0.04219121163313242,0.04219121163313242,9cc5a5818d004f0f1492c246ba3ab8685b2df3f7dfd15cdf113ebebec42d8dee,64ada1b3e94d843469b9e745b7a15decfea54282d3d3fdc06c17e9cdcea8dc5b,ca428a2d600b7cd0b47722decaa3f8e1a32769793f46a3ced6ba5f9ab631e1f2,01bf4e2b10f88360652600d185a9d719f05502f25f089d70da96eafa7fe4dfe3,0.3961292919993866
tv,0.01,tv_lr0.01,120,ok,,5.417305270687377,11.402428321455918,36,4.897668936935483,0.010561605656512653,0.05172724794806411,0.05172724794806411,69e5aaf107b63f46b6b057dfe99d3189e4f485b9649136f1718f398f646e43c6,d8e50e695e49ac02b6f76daee1d39919959a4aa8a84f49c7d93d5a5dc3caa2ff,5604d0b01aa38439978ff828fd8b23f34f58aaa29f9fc4cf46c8f2889862d932,dff4b17a330f664ec4d31f507c7603e7842ac94d65226c760d6e78cfa953aeb7,0.39104887500434415
tv,0.02,tv_lr0.02,111,ok,,1.0495888529702486,6.872858674384213,36,4.380268107588597,0.012898456391160973,0.05649869716732471,0.05649869716732472,6f4599f803588363f7f3f06a30082972087391773f80fd6d7eb3eadc6484859e,28b0ebbf9be5e833a1d38468d7218b52b6eca83c2a9f1c6221ed279bc5fe306d,8fab7eb1dfc2006c517c0e7e9e69f75a99f3dc01832c43b11c9ba40c9bcd6823,ff013eda1d426d67006a334f6583897c614d689f5823b14c442be63e78bb3962,0.39327237499674084
tv,0.02,tv_lr0.02,112,ok,,3.2531630472878206,8.822886000491476,36,6.134875961161854,0.008112626724838293,0.049769958676089666,0.049769958676089666,23158049f8a287709543a55b89f8943218b08cba397a67e034633640e70c99f6,ef7c966740418fd6a40b794df00c0c243906c71043c6b0f768b5a1adf85a9eef,02f04c05a341d11e3b57c54926b2dbae6a2e489c24a16657054478fda872ca64,3dd0b47c3c1ce23069083c16d0c2272714da54db5025db5646fd1228b010a5e8,0.4382455829982064
tv,0.02,tv_lr0.02,113,ok,,4.04117405277334,9.501034639112746,36,4.033287997488542,0.017302847492291225,0.06978736711303292,0.06978736711303292,1130bcd06d370ab57f1bc3a67409c755b267648b80a0f46e840060bb010d3ab8,c68fb172bb60d66f359aa28c9948d748b520f4271b111e5de41911067a4f354b,1d1668fc7ae6e962f5f3b23083b5cf8c2778125e6999c83b21749b59535e825c,db95c591d5ad7a1f08531cf0e04985b931fc730f28e8ed47b8c7c5d8ecd8db0c,0.45175862499309005
tv,0.02,tv_lr0.02,114,ok,,2.5668197883887136,8.384983792704213,36,5.319846258893224,0.010180170334241626,0.0541569410675111,0.0541569410675111,c8a7a565f4c34afcedf377bd8a33aee023bbafec99430b278d5183f906311b3e,c33ca7855f00a693f1f0af550d168ba9c880c362927ac4b9858046f2d8b7a17c,38002117c0ffdb4a9624b0cd256b65181fc12e3321756df0d82b3aabebebd605,52ceac77e1e0c99a5de90b23d52d3e2f15eb08da92d5b6842d3e92834a138f22,0.4461525000006077
tv,0.02,tv_lr0.02,115,ok,,2.1300476288527084,7.631220006035452,36,3.777760680485429,0.01067812979997229,0.040339418899455054,0.040339418899455054,21e3187a25ce542a7fda12331f6df5573b7aa9cfb19c4d6a1242f48e9ab77257,2979b01fffc02f60db951ba7c3ab40b94b411246fd1d648f7c1e046da8b55f29,20e1afcba9533c9a3cd05a6d7e63f13cc97f4d348c142d7f72917f8929ca02eb,c3a0cabd7487508470d585545f7b6a856897b0410105302f1b4d5c12944c190d,0.37331683299998986
tv,0.02,tv_lr0.02,116,ok,,5.739280357733703,11.520332321436959,36,6.311573532425258,0.00938473620936764,0.05923245266783774,0.05923245266783774,b240340bda42b13e461b839e854e8931eb9b197c11fad589d1f07877b5a6c105,8944d8f9094422671c06b3f2af086555200354f4f465fe9295a66b6f28ee7466,a927dd1c515d66a61fb11e1c948c7e8042e5cfedc1c4b8d5dca9f3be9e46a7b7,0d285e8573294ff0f8d626c9d7c79b1ffa6d14fb3071ba7be902aa48627a1c7e,0.3691782919995603
tv,0.02,tv_lr0.02,117,ok,,3.708301425271719,9.177785262262661,36,2.9431912005466367,0.014512000581185173,0.04271159241287188,0.04271159241287188,2ff937c83d36f7b3a5406c91e8755c50ce932575e34db68925452587b0ab77d6,4ce67a52451597cfc11fd97edf40aa34eb1b5c997198bd1076c33fe083bdd43e,b828baff1fb9f67c70b6dbea3cba487e81abd07d2e9720c22549cc121a9cf9ad,32821079a74fe63f445d951a557ad18447fced01821fc77b6b8d137d2fe48881,0.3661890000003041
tv,0.02,tv_lr0.02,118,ok,,3.4230873178838355,9.227079429615662,36,2.601542934484478,0.017688707689283337,0.04601793250921632,0.04601793250921632,f9372f8f74b3a18b86f9a9dd960278381003e836073cde71119d3b892dde9434,7bd60133923f8534362210d3aca0aff74ce000224bd76127dd7b0bce56ccb362,605f62e239322f5313d845a2d699f250ce6a7e0825aa8e661c4d9f8dc5f782d9,ffdd2708cda2855a18fd4a81398631fadb59f1610b8dd3d36eefe8f678572c16,0.36567391700373264
tv,0.02,tv_lr0.02,119,ok,,2.7288524263565135,8.43576251795271,36,3.6623736157092295,0.01152018228073707,0.04219121163313242,0.04219121163313242,9cc5a5818d004f0f1492c246ba3ab8685b2df3f7dfd15cdf113ebebec42d8dee,64ada1b3e94d843469b9e745b7a15decfea54282d3d3fdc06c17e9cdcea8dc5b,ca428a2d600b7cd0b47722decaa3f8e1a32769793f46a3ced6ba5f9ab631e1f2,01bf4e2b10f88360652600d185a9d719f05502f25f089d70da96eafa7fe4dfe3,0.3768645000018296
tv,0.02,tv_lr0.02,120,ok,,5.128280717987177,11.190837135856833,36,4.897668936935483,0.010561605656512653,0.05172724794806411,0.05172724794806411,69e5aaf107b63f46b6b057dfe99d3189e4f485b9649136f1718f398f646e43c6,d8e50e695e49ac02b6f76daee1d39919959a4aa8a84f49c7d93d5a5dc3caa2ff,5604d0b01aa38439978ff828fd8b23f34f58aaa29f9fc4cf46c8f2889862d932,dff4b17a330f664ec4d31f507c7603e7842ac94d65226c760d6e78cfa953aeb7,0.37439187499694526
tv,0.05,tv_lr0.05,111,ok,,3.5332350270876476,9.362704896070783,36,4.380268107588597,0.012898456391160973,0.05649869716732471,0.05649869716732472,6f4599f803588363f7f3f06a30082972087391773f80fd6d7eb3eadc6484859e,28b0ebbf9be5e833a1d38468d7218b52b6eca83c2a9f1c6221ed279bc5fe306d,8fab7eb1dfc2006c517c0e7e9e69f75a99f3dc01832c43b11c9ba40c9bcd6823,ff013eda1d426d67006a334f6583897c614d689f5823b14c442be63e78bb3962,0.38341987499734387
tv,0.05,tv_lr0.05,112,ok,,2.398208883766951,8.037509837289576,36,6.134875961161854,0.008112626724838293,0.049769958676089666,0.049769958676089666,23158049f8a287709543a55b89f8943218b08cba397a67e034633640e70c99f6,ef7c966740418fd6a40b794df00c0c243906c71043c6b0f768b5a1adf85a9eef,02f04c05a341d11e3b57c54926b2dbae6a2e489c24a16657054478fda872ca64,3dd0b47c3c1ce23069083c16d0c2272714da54db5025db5646fd1228b010a5e8,0.37326287500036415
tv,0.05,tv_lr0.05,113,ok,,3.2421279866250168,8.744238847836998,36,4.033287997488542,0.017302847492291225,0.06978736711303292,0.06978736711303292,1130bcd06d370ab57f1bc3a67409c755b267648b80a0f46e840060bb010d3ab8,c68fb172bb60d66f359aa28c9948d748b520f4271b111e5de41911067a4f354b,1d1668fc7ae6e962f5f3b23083b5cf8c2778125e6999c83b21749b59535e825c,db95c591d5ad7a1f08531cf0e04985b931fc730f28e8ed47b8c7c5d8ecd8db0c,0.3726269160033553
tv,0.05,tv_lr0.05,114,ok,,2.56953251999068,8.345069380210822,36,5.319846258893224,0.010180170334241626,0.0541569410675111,0.0541569410675111,c8a7a565f4c34afcedf377bd8a33aee023bbafec99430b278d5183f906311b3e,c33ca7855f00a693f1f0af550d168ba9c880c362927ac4b9858046f2d8b7a17c,38002117c0ffdb4a9624b0cd256b65181fc12e3321756df0d82b3aabebebd605,52ceac77e1e0c99a5de90b23d52d3e2f15eb08da92d5b6842d3e92834a138f22,0.3640933339993353
tv,0.05,tv_lr0.05,115,ok,,1.8967497978447139,7.432363628904364,36,3.777760680485429,0.01067812979997229,0.040339418899455054,0.040339418899455054,21e3187a25ce542a7fda12331f6df5573b7aa9cfb19c4d6a1242f48e9ab77257,2979b01fffc02f60db951ba7c3ab40b94b411246fd1d648f7c1e046da8b55f29,20e1afcba9533c9a3cd05a6d7e63f13cc97f4d348c142d7f72917f8929ca02eb,c3a0cabd7487508470d585545f7b6a856897b0410105302f1b4d5c12944c190d,0.3680140840006061
tv,0.05,tv_lr0.05,116,ok,,4.532729036946292,10.28952956801957,36,6.311573532425258,0.00938473620936764,0.05923245266783774,0.05923245266783774,b240340bda42b13e461b839e854e8931eb9b197c11fad589d1f07877b5a6c105,8944d8f9094422671c06b3f2af086555200354f4f465fe9295a66b6f28ee7466,a927dd1c515d66a61fb11e1c948c7e8042e5cfedc1c4b8d5dca9f3be9e46a7b7,0d285e8573294ff0f8d626c9d7c79b1ffa6d14fb3071ba7be902aa48627a1c7e,0.36488037499657366
tv,0.05,tv_lr0.05,117,ok,,2.040440831798665,7.569619070133338,36,2.9431912005466367,0.014512000581185173,0.04271159241287188,0.04271159241287188,2ff937c83d36f7b3a5406c91e8755c50ce932575e34db68925452587b0ab77d6,4ce67a52451597cfc11fd97edf40aa34eb1b5c997198bd1076c33fe083bdd43e,b828baff1fb9f67c70b6dbea3cba487e81abd07d2e9720c22549cc121a9cf9ad,32821079a74fe63f445d951a557ad18447fced01821fc77b6b8d137d2fe48881,0.3633435829979135
tv,0.05,tv_lr0.05,118,ok,,2.031414140375401,7.866519914588959,36,2.601542934484478,0.017688707689283337,0.04601793250921632,0.04601793250921632,f9372f8f74b3a18b86f9a9dd960278381003e836073cde71119d3b892dde9434,7bd60133923f8534362210d3aca0aff74ce000224bd76127dd7b0bce56ccb362,605f62e239322f5313d845a2d699f250ce6a7e0825aa8e661c4d9f8dc5f782d9,ffdd2708cda2855a18fd4a81398631fadb59f1610b8dd3d36eefe8f678572c16,0.36711962499975925
tv,0.05,tv_lr0.05,119,ok,,3.919050344044665,9.610872555521164,36,3.6623736157092295,0.01152018228073707,0.04219121163313242,0.04219121163313242,9cc5a5818d004f0f1492c246ba3ab8685b2df3f7dfd15cdf113ebebec42d8dee,64ada1b3e94d843469b9e745b7a15decfea54282d3d3fdc06c17e9cdcea8dc5b,ca428a2d600b7cd0b47722decaa3f8e1a32769793f46a3ced6ba5f9ab631e1f2,01bf4e2b10f88360652600d185a9d719f05502f25f089d70da96eafa7fe4dfe3,0.3661423340017791
tv,0.05,tv_lr0.05,120,ok,,4.670187834284588,10.710243844184154,36,4.897668936935483,0.010561605656512653,0.05172724794806411,0.05172724794806411,69e5aaf107b63f46b6b057dfe99d3189e4f485b9649136f1718f398f646e43c6,d8e50e695e49ac02b6f76daee1d39919959a4aa8a84f49c7d93d5a5dc3caa2ff,5604d0b01aa38439978ff828fd8b23f34f58aaa29f9fc4cf46c8f2889862d932,dff4b17a330f664ec4d31f507c7603e7842ac94d65226c760d6e78cfa953aeb7,0.364059791994805
tv,0.1,tv_lr0.1,111,ok,,1.2886133170532283,7.125928357511168,36,4.380268107588597,0.012898456391160973,0.05649869716732471,0.05649869716732472,6f4599f803588363f7f3f06a30082972087391773f80fd6d7eb3eadc6484859e,28b0ebbf9be5e833a1d38468d7218b52b6eca83c2a9f1c6221ed279bc5fe306d,8fab7eb1dfc2006c517c0e7e9e69f75a99f3dc01832c43b11c9ba40c9bcd6823,ff013eda1d426d67006a334f6583897c614d689f5823b14c442be63e78bb3962,0.3704089160019066
tv,0.1,tv_lr0.1,112,ok,,3.46283859375528,9.024030932478402,36,6.134875961161854,0.008112626724838293,0.049769958676089666,0.049769958676089666,23158049f8a287709543a55b89f8943218b08cba397a67e034633640e70c99f6,ef7c966740418fd6a40b794df00c0c243906c71043c6b0f768b5a1adf85a9eef,02f04c05a341d11e3b57c54926b2dbae6a2e489c24a16657054478fda872ca64,3dd0b47c3c1ce23069083c16d0c2272714da54db5025db5646fd1228b010a5e8,0.3670837500030757
tv,0.1,tv_lr0.1,113,ok,,3.0137457119379807,8.537791618397922,36,4.033287997488542,0.017302847492291225,0.06978736711303292,0.06978736711303292,1130bcd06d370ab57f1bc3a67409c755b267648b80a0f46e840060bb010d3ab8,c68fb172bb60d66f359aa28c9948d748b520f4271b111e5de41911067a4f354b,1d1668fc7ae6e962f5f3b23083b5cf8c2778125e6999c83b21749b59535e825c,db95c591d5ad7a1f08531cf0e04985b931fc730f28e8ed47b8c7c5d8ecd8db0c,0.36467704200185835
tv,0.1,tv_lr0.1,114,ok,,1.6803956699095957,7.442798898920231,36,5.319846258893224,0.010180170334241626,0.0541569410675111,0.0541569410675111,c8a7a565f4c34afcedf377bd8a33aee023bbafec99430b278d5183f906311b3e,c33ca7855f00a693f1f0af550d168ba9c880c362927ac4b9858046f2d8b7a17c,38002117c0ffdb4a9624b0cd256b65181fc12e3321756df0d82b3aabebebd605,52ceac77e1e0c99a5de90b23d52d3e2f15eb08da92d5b6842d3e92834a138f22,0.36635841699899174
tv,0.1,tv_lr0.1,115,ok,,1.9574315152661148,7.490416867511155,36,3.777760680485429,0.01067812979997229,0.040339418899455054,0.040339418899455054,21e3187a25ce542a7fda12331f6df5573b7aa9cfb19c4d6a1242f48e9ab77257,2979b01fffc02f60db951ba7c3ab40b94b411246fd1d648f7c1e046da8b55f29,20e1afcba9533c9a3cd05a6d7e63f13cc97f4d348c142d7f72917f8929ca02eb,c3a0cabd7487508470d585545f7b6a856897b0410105302f1b4d5c12944c190d,0.36680325000634184
tv,0.1,tv_lr0.1,116,ok,,3.8353493214222687,9.646771647322602,36,6.311573532425258,0.00938473620936764,0.05923245266783774,0.05923245266783774,b240340bda42b13e461b839e854e8931eb9b197c11fad589d1f07877b5a6c105,8944d8f9094422671c06b3f2af086555200354f4f465fe9295a66b6f28ee7466,a927dd1c515d66a61fb11e1c948c7e8042e5cfedc1c4b8d5dca9f3be9e46a7b7,0d285e8573294ff0f8d626c9d7c79b1ffa6d14fb3071ba7be902aa48627a1c7e,0.3685802079999121
tv,0.1,tv_lr0.1,117,ok,,1.1609029865944485,6.759010546535625,36,2.9431912005466367,0.014512000581185173,0.04271159241287188,0.04271159241287188,2ff937c83d36f7b3a5406c91e8755c50ce932575e34db68925452587b0ab77d6,4ce67a52451597cfc11fd97edf40aa34eb1b5c997198bd1076c33fe083bdd43e,b828baff1fb9f67c70b6dbea3cba487e81abd07d2e9720c22549cc121a9cf9ad,32821079a74fe63f445d951a557ad18447fced01821fc77b6b8d137d2fe48881,0.3743231670014211
tv,0.1,tv_lr0.1,118,ok,,1.6941541132442768,7.5000727760639565,36,2.601542934484478,0.017688707689283337,0.04601793250921632,0.04601793250921632,f9372f8f74b3a18b86f9a9dd960278381003e836073cde71119d3b892dde9434,7bd60133923f8534362210d3aca0aff74ce000224bd76127dd7b0bce56ccb362,605f62e239322f5313d845a2d699f250ce6a7e0825aa8e661c4d9f8dc5f782d9,ffdd2708cda2855a18fd4a81398631fadb59f1610b8dd3d36eefe8f678572c16,0.3715440839951043
tv,0.1,tv_lr0.1,119,ok,,2.6726509090111294,8.221895634789748,36,3.6623736157092295,0.01152018228073707,0.04219121163313242,0.04219121163313242,9cc5a5818d004f0f1492c246ba3ab8685b2df3f7dfd15cdf113ebebec42d8dee,64ada1b3e94d843469b9e745b7a15decfea54282d3d3fdc06c17e9cdcea8dc5b,ca428a2d600b7cd0b47722decaa3f8e1a32769793f46a3ced6ba5f9ab631e1f2,01bf4e2b10f88360652600d185a9d719f05502f25f089d70da96eafa7fe4dfe3,0.3714399580057943
tv,0.1,tv_lr0.1,120,ok,,3.322747635380975,9.264384661359683,36,4.897668936935483,0.010561605656512653,0.05172724794806411,0.05172724794806411,69e5aaf107b63f46b6b057dfe99d3189e4f485b9649136f1718f398f646e43c6,d8e50e695e49ac02b6f76daee1d39919959a4aa8a84f49c7d93d5a5dc3caa2ff,5604d0b01aa38439978ff828fd8b23f34f58aaa29f9fc4cf46c8f2889862d932,dff4b17a330f664ec4d31f507c7603e7842ac94d65226c760d6e78cfa953aeb7,0.3729452499974286
tv,0.2,tv_lr0.2,111,ok,,1.803117813050053,7.673938395213659,36,4.380268107588597,0.012898456391160973,0.05649869716732471,0.05649869716732472,6f4599f803588363f7f3f06a30082972087391773f80fd6d7eb3eadc6484859e,28b0ebbf9be5e833a1d38468d7218b52b6eca83c2a9f1c6221ed279bc5fe306d,8fab7eb1dfc2006c517c0e7e9e69f75a99f3dc01832c43b11c9ba40c9bcd6823,ff013eda1d426d67006a334f6583897c614d689f5823b14c442be63e78bb3962,0.37368583300121827
tv,0.2,tv_lr0.2,112,ok,,2.2359966717744078,7.885757841684499,36,6.134875961161854,0.008112626724838293,0.049769958676089666,0.049769958676089666,23158049f8a287709543a55b89f8943218b08cba397a67e034633640e70c99f6,ef7c966740418fd6a40b794df00c0c243906c71043c6b0f768b5a1adf85a9eef,02f04c05a341d11e3b57c54926b2dbae6a2e489c24a16657054478fda872ca64,3dd0b47c3c1ce23069083c16d0c2272714da54db5025db5646fd1228b010a5e8,0.3754482080039452
tv,0.2,tv_lr0.2,113,ok,,2.4456218685650417,7.9757594808283265,36,4.033287997488542,0.017302847492291225,0.06978736711303292,0.06978736711303292,1130bcd06d370ab57f1bc3a67409c755b267648b80a0f46e840060bb010d3ab8,c68fb172bb60d66f359aa28c9948d748b520f4271b111e5de41911067a4f354b,1d1668fc7ae6e962f5f3b23083b5cf8c2778125e6999c83b21749b59535e825c,db95c591d5ad7a1f08531cf0e04985b931fc730f28e8ed47b8c7c5d8ecd8db0c,0.3746532919976744
tv,0.2,tv_lr0.2,114,ok,,1.580202402344416,7.313558963125885,36,5.319846258893224,0.010180170334241626,0.0541569410675111,0.0541569410675111,c8a7a565f4c34afcedf377bd8a33aee023bbafec99430b278d5183f906311b3e,c33ca7855f00a693f1f0af550d168ba9c880c362927ac4b9858046f2d8b7a17c,38002117c0ffdb4a9624b0cd256b65181fc12e3321756df0d82b3aabebebd605,52ceac77e1e0c99a5de90b23d52d3e2f15eb08da92d5b6842d3e92834a138f22,0.3753385829986655
tv,0.2,tv_lr0.2,115,ok,,1.542095665742818,7.056312261807206,36,3.777760680485429,0.01067812979997229,0.040339418899455054,0.040339418899455054,21e3187a25ce542a7fda12331f6df5573b7aa9cfb19c4d6a1242f48e9ab77257,2979b01fffc02f60db951ba7c3ab40b94b411246fd1d648f7c1e046da8b55f29,20e1afcba9533c9a3cd05a6d7e63f13cc97f4d348c142d7f72917f8929ca02eb,c3a0cabd7487508470d585545f7b6a856897b0410105302f1b4d5c12944c190d,0.37554116699902806
tv,0.2,tv_lr0.2,116,ok,,1.6059282494245155,7.271218423234701,36,6.311573532425258,0.00938473620936764,0.05923245266783774,0.05923245266783774,b240340bda42b13e461b839e854e8931eb9b197c11fad589d1f07877b5a6c105,8944d8f9094422671c06b3f2af086555200354f4f465fe9295a66b6f28ee7466,a927dd1c515d66a61fb11e1c948c7e8042e5cfedc1c4b8d5dca9f3be9e46a7b7,0d285e8573294ff0f8d626c9d7c79b1ffa6d14fb3071ba7be902aa48627a1c7e,0.3750091249967227
tv,0.2,tv_lr0.2,117,ok,,1.302153574664723,6.867471829208362,36,2.9431912005466367,0.014512000581185173,0.04271159241287188,0.04271159241287188,2ff937c83d36f7b3a5406c91e8755c50ce932575e34db68925452587b0ab77d6,4ce67a52451597cfc11fd97edf40aa34eb1b5c997198bd1076c33fe083bdd43e,b828baff1fb9f67c70b6dbea3cba487e81abd07d2e9720c22549cc121a9cf9ad,32821079a74fe63f445d951a557ad18447fced01821fc77b6b8d137d2fe48881,0.3780544999972335
tv,0.2,tv_lr0.2,118,ok,,1.9754890801355192,7.769999672460132,36,2.601542934484478,0.017688707689283337,0.04601793250921632,0.04601793250921632,f9372f8f74b3a18b86f9a9dd960278381003e836073cde71119d3b892dde9434,7bd60133923f8534362210d3aca0aff74ce000224bd76127dd7b0bce56ccb362,605f62e239322f5313d845a2d699f250ce6a7e0825aa8e661c4d9f8dc5f782d9,ffdd2708cda2855a18fd4a81398631fadb59f1610b8dd3d36eefe8f678572c16,0.3731381670004339
tv,0.2,tv_lr0.2,119,ok,,2.722265249818145,8.316787229144222,36,3.6623736157092295,0.01152018228073707,0.04219121163313242,0.04219121163313242,9cc5a5818d004f0f1492c246ba3ab8685b2df3f7dfd15cdf113ebebec42d8dee,64ada1b3e94d843469b9e745b7a15decfea54282d3d3fdc06c17e9cdcea8dc5b,ca428a2d600b7cd0b47722decaa3f8e1a32769793f46a3ced6ba5f9ab631e1f2,01bf4e2b10f88360652600d185a9d719f05502f25f089d70da96eafa7fe4dfe3,0.3722045419999631
tv,0.2,tv_lr0.2,120,ok,,3.7713930271625937,9.74619305729258,36,4.897668936935483,0.010561605656512653,0.05172724794806411,0.05172724794806411,69e5aaf107b63f46b6b057dfe99d3189e4f485b9649136f1718f398f646e43c6,d8e50e695e49ac02b6f76daee1d39919959a4aa8a84f49c7d93d5a5dc3caa2ff,5604d0b01aa38439978ff828fd8b23f34f58aaa29f9fc4cf46c8f2889862d932,dff4b17a330f664ec4d31f507c7603e7842ac94d65226c760d6e78cfa953aeb7,0.369476541003678
