n,beta,seed,sigma,k,m,steps,protocol,model,init_seed,sample_seed,mask_seed,samples_sha256,masks_sha256,unique_masks,elite_size,elapsed_seconds,kl,support_mass,support_kl,conditional_kl,unseen_mass,region_mass_kl,within_region_kl,coverage_1000,recovery_1000,conditional_coverage_1000,coverage_2000,recovery_2000,conditional_coverage_2000,coverage_5000,recovery_5000,conditional_coverage_5000
12,0.9,111,0.5,128,200,600,matched,iqp-parity,11007,118,333,6f4599f803588363f7f3f06a30082972087391773f80fd6d7eb3eadc6484859e,d7ecd91c26aae94b49f897d999416bd1156250ee74fcb6fc82f976a926f3ec37,126,289,0.5018126659560949,0.5302506750227907,1.0000000000000002,-2.2204460492503128e-16,0.5302506750227909,0.4420390076536533,0.00034387360972545564,0.5299068014130656,0.1143369948038004,0.3956297398055377,0.11433699480380037,0.07775667143204384,0.5381084528169124,0.07775667143204384,0.041251881224538496,0.7137003672065484,0.041251881224538496
12,0.9,111,0.5,128,200,600,matched,iqp-mse,11007,118,333,6f4599f803588363f7f3f06a30082972087391773f80fd6d7eb3eadc6484859e,d7ecd91c26aae94b49f897d999416bd1156250ee74fcb6fc82f976a926f3ec37,126,289,0.3799283750122413,0.47058694078527064,0.9999999999999998,2.2204460492503136e-16,0.4705869407852704,0.4601866753587547,5.260900667950364e-05,0.47053433177859116,0.11810726219854191,0.4086756477458197,0.11810726219854192,0.08063961138663603,0.5580595943711836,0.08063961138663603,0.042768748532754794,0.7399437462414324,0.042768748532754794
12,0.9,111,0.5,256,200,600,matched,iqp-parity,11903,118,333,6f4599f803588363f7f3f06a30082972087391773f80fd6d7eb3eadc6484859e,972725b08e181ae6aa2f502c561750e0cf1d1c957e52aa11724afca40d471529,242,289,0.5706919590011239,0.5040826348599746,1.0,-0.0,0.5040826348599746,0.4720260645897937,0.0005772840397896377,0.5035053508201852,0.12264184637147593,0.42436625042033194,0.12264184637147593,0.08230723043779675,0.569600210642192,0.08230723043779675,0.04260753569978811,0.7371545968821472,0.04260753569978811
12,0.9,111,0.5,256,200,600,matched,iqp-mse,11903,118,333,6f4599f803588363f7f3f06a30082972087391773f80fd6d7eb3eadc6484859e,972725b08e181ae6aa2f502c561750e0cf1d1c957e52aa11724afca40d471529,242,289,0.4111043330049142,0.4295313518162679,1.0,-0.0,0.4295313518162679,0.47579211698616897,0.0008617678029718273,0.42866958401329625,0.12184049128953424,0.4215933954655164,0.12184049128953424,0.08342975879288397,0.5773685729611348,0.08342975879288397,0.04416060193737616,0.7640242549719058,0.04416060193737616
12,0.9,111,0.5,512,200,600,matched,iqp-parity,13695,118,333,6f4599f803588363f7f3f06a30082972087391773f80fd6d7eb3eadc6484859e,dd569f72802791a9cb290348a025906a6f5663a8cf2f3e08538e17980f26cab4,467,289,0.5782018341124058,0.6018730497731237,1.0,-0.0,0.6018730497731237,0.45288527143341667,9.678473612611312e-06,0.6018633712995114,0.10808496668085493,0.37399642450122816,0.10808496668085493,0.07302308457005853,0.5053500662287788,0.07302308457005853,0.0388023078017323,0.6713202041822197,0.0388023078017323
12,0.9,111,0.5,512,200,600,matched,iqp-mse,13695,118,333,6f4599f803588363f7f3f06a30082972087391773f80fd6d7eb3eadc6484859e,dd569f72802791a9cb290348a025906a6f5663a8cf2f3e08538e17980f26cab4,467,289,0.4059833330102265,0.4287738792810607,1.0,-0.0,0.4287738792810607,0.46614226981562434,0.0002463378658553346,0.4285275414152056,0.12039063538035075,0.4165765930115943,0.12039063538035075,0.08282226474405505,0.5731644618965748,0.08282226474405505,0.04353972620649519,0.753282460319986,0.04353972620649519
12,0.9,111,1.0,128,200,600,matched,iqp-parity,11007,118,333,6f4599f803588363f7f3f06a30082972087391773f80fd6d7eb3eadc6484859e,331573660a98353ce03b9138deb1129ec9102bf9e352fdddeb42922986da2e6c,104,289,0.584175750031136,0.5487447301944746,1.0,-0.0,0.5487447301944746,0.5560173239355128,0.02046606309560281,0.5282786670988722,0.12307725901463126,0.4258728685627379,0.12307725901463126,0.08515085100433961,0.5892792457047724,0.08515085100433961,0.04446083215706468,0.7692185494301848,0.04446083215706468
12,0.9,111,1.0,128,200,600,matched,iqp-mse,11007,118,333,6f4599f803588363f7f3f06a30082972087391773f80fd6d7eb3eadc6484859e,331573660a98353ce03b9138deb1129ec9102bf9e352fdddeb42922986da2e6c,104,289,0.4047015830874443,0.47058694078527064,0.9999999999999998,2.2204460492503136e-16,0.4705869407852704,0.4601866753587547,5.260900667950364e-05,0.47053433177859116,0.11810726219854191,0.4086756477458197,0.11810726219854192,0.08063961138663603,0.5580595943711836,0.08063961138663603,0.042768748532754794,0.7399437462414324,0.042768748532754794
12,0.9,111,1.0,256,200,600,matched,iqp-parity,11903,118,333,6f4599f803588363f7f3f06a30082972087391773f80fd6d7eb3eadc6484859e,43fcbd0bd66ce3fd512595d22a3f4122b9e21124d682e858fea5860edb391eb2,167,289,0.5970196250127628,0.5479994177885965,1.0,-0.0,0.5479994177885965,0.4686501568115683,0.00037045924106724436,0.5476289585475294,0.11936651309917153,0.4130329172981714,0.11936651309917153,0.07930107438529396,0.5487963625279859,0.07930107438529396,0.04064687260525549,0.7032330900563234,0.04064687260525549
12,0.9,111,1.0,256,200,600,matched,iqp-mse,11903,118,333,6f4599f803588363f7f3f06a30082972087391773f80fd6d7eb3eadc6484859e,43fcbd0bd66ce3fd512595d22a3f4122b9e21124d682e858fea5860edb391eb2,167,289,0.4197094589471817,0.4295313518162679,1.0,-0.0,0.4295313518162679,0.47579211698616897,0.0008617678029718273,0.42866958401329625,0.12184049128953424,0.4215933954655164,0.12184049128953424,0.08342975879288397,0.5773685729611348,0.08342975879288397,0.04416060193737616,0.7640242549719058,0.04416060193737616
12,0.9,111,1.0,512,200,600,matched,iqp-parity,13695,118,333,6f4599f803588363f7f3f06a30082972087391773f80fd6d7eb3eadc6484859e,46ec6552ea8abd2c67a85ebf993bb74a1984e0f557904f8a35ae4eb6d2b596da,273,289,0.5886295840609819,0.49765866045495477,1.0,-0.0,0.49765866045495477,0.47274106854227094,0.0006269365232211208,0.49703172393173384,0.12115673737402352,0.4192274649620191,0.12115673737402352,0.08167967674409132,0.5652572785058223,0.08167967674409132,0.04270812666237907,0.7388949249546551,0.04270812666237907
12,0.9,111,1.0,512,200,600,matched,iqp-mse,13695,118,333,6f4599f803588363f7f3f06a30082972087391773f80fd6d7eb3eadc6484859e,46ec6552ea8abd2c67a85ebf993bb74a1984e0f557904f8a35ae4eb6d2b596da,273,289,0.4452798339771107,0.4287738792810607,1.0,-0.0,0.4287738792810607,0.46614226981562434,0.0002463378658553346,0.4285275414152056,0.12039063538035075,0.4165765930115943,0.12039063538035075,0.08282226474405505,0.5731644618965748,0.08282226474405505,0.04353972620649519,0.753282460319986,0.04353972620649519
12,0.9,111,2.0,128,200,600,matched,iqp-parity,11007,118,333,6f4599f803588363f7f3f06a30082972087391773f80fd6d7eb3eadc6484859e,9488b516c6db03a2bd904f5226cf80d9e6a2dd8e52024213f0e6234f83d700b5,43,289,0.5983636250020936,0.4631771855471871,1.0,-0.0,0.4631771855471871,0.47871845248684797,0.0011219260458136746,0.4620552595013737,0.12005102006697274,0.4154014535189368,0.12005102006697274,0.08249607542374329,0.5709070963580851,0.08249607542374329,0.04364808656645414,0.7551572070320786,0.04364808656645414
12,0.9,111,2.0,128,200,600,matched,iqp-mse,11007,118,333,6f4599f803588363f7f3f06a30082972087391773f80fd6d7eb3eadc6484859e,9488b516c6db03a2bd904f5226cf80d9e6a2dd8e52024213f0e6234f83d700b5,43,289,0.46984012506436557,0.47058694078527064,0.9999999999999998,2.2204460492503136e-16,0.4705869407852704,0.4601866753587547,5.260900667950364e-05,0.47053433177859116,0.11810726219854191,0.4086756477458197,0.11810726219854192,0.08063961138663603,0.5580595943711836,0.08063961138663603,0.042768748532754794,0.7399437462414324,0.042768748532754794
12,0.9,111,2.0,256,200,600,matched,iqp-parity,11903,118,333,6f4599f803588363f7f3f06a30082972087391773f80fd6d7eb3eadc6484859e,7e3ad7fdc353663a65bb0246bd295b3a9f8cb481944f5de89ba0f28ec93d17a4,67,289,0.5640608340036124,0.4299493551332795,1.0,-0.0,0.4299493551332795,0.5104983545464429,0.006149135528002912,0.4238002196052768,0.1250097859443435,0.4325598129562059,0.1250097859443435,0.08557946962832515,0.5922454645558833,0.08557946962832515,0.045132702276545894,0.7808425999402404,0.045132702276545894
12,0.9,111,2.0,256,200,600,matched,iqp-mse,11903,118,333,6f4599f803588363f7f3f06a30082972087391773f80fd6d7eb3eadc6484859e,7e3ad7fdc353663a65bb0246bd295b3a9f8cb481944f5de89ba0f28ec93d17a4,67,289,0.41686658305116,0.4295313518162679,1.0,-0.0,0.4295313518162679,0.47579211698616897,0.0008617678029718273,0.42866958401329625,0.12184049128953424,0.4215933954655164,0.12184049128953424,0.08342975879288397,0.5773685729611348,0.08342975879288397,0.04416060193737616,0.7640242549719058,0.04416060193737616
12,0.9,111,2.0,512,200,600,matched,iqp-parity,13695,118,333,6f4599f803588363f7f3f06a30082972087391773f80fd6d7eb3eadc6484859e,c82f9ffb273e363eee222e8f1ca4901ef0d88a2a41d7c7bf0385dfda9f807c69,92,289,0.5782743329182267,0.4294578718493476,1.0,-0.0,0.4294578718493476,0.48676972922023687,0.0020140503221756575,0.4274438215271722,0.12524024307101966,0.4333572424602757,0.12524024307101966,0.08508608720936672,0.5888310533520188,0.08508608720936672,0.044398831926131664,0.7681458810749423,0.044398831926131664
12,0.9,111,2.0,512,200,600,matched,iqp-mse,13695,118,333,6f4599f803588363f7f3f06a30082972087391773f80fd6d7eb3eadc6484859e,c82f9ffb273e363eee222e8f1ca4901ef0d88a2a41d7c7bf0385dfda9f807c69,92,289,0.43547420809045434,0.4287738792810607,1.0,-0.0,0.4287738792810607,0.46614226981562434,0.0002463378658553346,0.4285275414152056,0.12039063538035075,0.4165765930115943,0.12039063538035075,0.08282226474405505,0.5731644618965748,0.08282226474405505,0.04353972620649519,0.753282460319986,0.04353972620649519
12,0.9,111,3.0,128,200,600,matched,iqp-parity,11007,118,333,6f4599f803588363f7f3f06a30082972087391773f80fd6d7eb3eadc6484859e,2462031a501a49c2fefaa7d11a6b8111818a0f657b9f27fb844c9a2508a825fe,31,289,0.6174299580743536,0.483533752931536,0.9999999999999999,1.1102230246251565e-16,0.4835337529315359,0.5057478864204584,0.005140857462148492,0.47839289546938757,0.12466914880349239,0.43138113772834735,0.12466914880349239,0.08455815676399163,0.5851775554601497,0.08455815676399163,0.04405764480383844,0.7622429896857862,0.04405764480383844
12,0.9,111,3.0,128,200,600,matched,iqp-mse,11007,118,333,6f4599f803588363f7f3f06a30082972087391773f80fd6d7eb3eadc6484859e,2462031a501a49c2fefaa7d11a6b8111818a0f657b9f27fb844c9a2508a825fe,31,289,0.4933984159724787,0.47058694078527064,0.9999999999999998,2.2204460492503136e-16,0.4705869407852704,0.4601866753587547,5.260900667950364e-05,0.47053433177859116,0.11810726219854191,0.4086756477458197,0.11810726219854192,0.08063961138663603,0.5580595943711836,0.08063961138663603,0.042768748532754794,0.7399437462414324,0.042768748532754794
12,0.9,111,3.0,256,200,600,matched,iqp-parity,11903,118,333,6f4599f803588363f7f3f06a30082972087391773f80fd6d7eb3eadc6484859e,d6ccaa9ae14a1b83f26558f661a7dcd15e7a636f30e7942c468b08d4a7a79210,46,289,0.7845152500085533,0.5587671993470411,1.0,-0.0,0.5587671993470411,0.4896273413577446,0.002392871551362634,0.5563743277956786,0.11617243195672686,0.40198073341427976,0.11617243195672686,0.07794763895181192,0.5394300273481795,0.07794763895181192,0.040790307181527596,0.7057146571198546,0.040790307181527596
12,0.9,111,3.0,256,200,600,matched,iqp-mse,11903,118,333,6f4599f803588363f7f3f06a30082972087391773f80fd6d7eb3eadc6484859e,d6ccaa9ae14a1b83f26558f661a7dcd15e7a636f30e7942c468b08d4a7a79210,46,289,0.48731649992987514,0.4295313518162679,1.0,-0.0,0.4295313518162679,0.47579211698616897,0.0008617678029718273,0.42866958401329625,0.12184049128953424,0.4215933954655164,0.12184049128953424,0.08342975879288397,0.5773685729611348,0.08342975879288397,0.04416060193737616,0.7640242549719058,0.04416060193737616
12,0.9,111,3.0,512,200,600,matched,iqp-parity,13695,118,333,6f4599f803588363f7f3f06a30082972087391773f80fd6d7eb3eadc6484859e,ce210f7efd58c4162c5b10efedfec422dc216c0ba9c43b8d42da49f229d7157f,67,289,0.5678289170609787,0.4869578183740451,1.0000000000000002,-2.2204460492503128e-16,0.48695781837404534,0.4822160837246747,0.0014777108623341695,0.48548010751171145,0.1234452389632749,0.4271461555822661,0.12344523896327488,0.08322046772567879,0.5759201918732096,0.08322046772567879,0.04311862273511729,0.7459969331335171,0.04311862273511728
12,0.9,111,3.0,512,200,600,matched,iqp-mse,13695,118,333,6f4599f803588363f7f3f06a30082972087391773f80fd6d7eb3eadc6484859e,ce210f7efd58c4162c5b10efedfec422dc216c0ba9c43b8d42da49f229d7157f,67,289,0.4113760420586914,0.4287738792810607,1.0,-0.0,0.4287738792810607,0.46614226981562434,0.0002463378658553346,0.4285275414152056,0.12039063538035075,0.4165765930115943,0.12039063538035075,0.08282226474405505,0.5731644618965748,0.08282226474405505,0.04353972620649519,0.753282460319986,0.04353972620649519
12,0.9,112,0.5,128,200,600,matched,iqp-parity,11008,119,334,23158049f8a287709543a55b89f8943218b08cba397a67e034633640e70c99f6,fc5e2fb387e3a1d227766f5b10a8c9e535cbc922a1ebd1344bfa841103ad17e4,123,294,0.5911999581148848,0.6447587938479735,0.9999999999999999,1.1102230246251565e-16,0.6447587938479734,0.45654173582107865,0.0002954257058900341,0.6444633681420835,0.11094564229540221,0.3773661302564701,0.11094564229540223,0.07297907494965272,0.4964562921745084,0.07297907494965272,0.037569814254538536,0.6389424192948732,0.037569814254538536
12,0.9,112,0.5,128,200,600,matched,iqp-mse,11008,119,334,23158049f8a287709543a55b89f8943218b08cba397a67e034633640e70c99f6,fc5e2fb387e3a1d227766f5b10a8c9e535cbc922a1ebd1344bfa841103ad17e4,123,294,0.7006895000813529,0.45493192755813416,1.0,-0.0,0.45493192755813416,0.4374558299875562,0.0019689354976925103,0.4529629920604418,0.1159330342663767,0.39433004852509085,0.1159330342663767,0.07872089383329182,0.5355162845802165,0.07872089383329182,0.04175963861616276,0.7101979356490266,0.04175963861616276
12,0.9,112,0.5,256,200,600,matched,iqp-parity,11904,119,334,23158049f8a287709543a55b89f8943218b08cba397a67e034633640e70c99f6,fffaf83b29facac6edc54a3076f9327cfeaf677e3137c70245b522b548ab5714,247,294,0.884088542079553,0.5090707645118032,1.0,-0.0,0.5090707645118032,0.44089117392527827,0.0015576913322698296,0.5075130731795336,0.11460398000599444,0.38980945580270215,0.11460398000599444,0.0774361438278819,0.526776488625047,0.0774361438278819,0.041128751792623396,0.6994685679017584,0.041128751792623396
12,0.9,112,0.5,256,200,600,matched,iqp-mse,11904,119,334,23158049f8a287709543a55b89f8943218b08cba397a67e034633640e70c99f6,fffaf83b29facac6edc54a3076f9327cfeaf677e3137c70245b522b548ab5714,247,294,0.4765760420123115,0.48562906852289767,0.9999999999999999,1.1102230246251565e-16,0.48562906852289756,0.4354982082505672,0.002225059354204917,0.48340400916869275,0.11320985895968955,0.3850675474819372,0.11320985895968955,0.07722828974646478,0.5253625152820733,0.07722828974646478,0.041771952324539265,0.7104073524581507,0.041771952324539265
12,0.9,112,0.5,512,200,600,matched,iqp-parity,13696,119,334,23158049f8a287709543a55b89f8943218b08cba397a67e034633640e70c99f6,0710923470bb92cb911a7f227795189ca1fd9d65218e67471d4fbb2418478ca6,483,294,0.6212441669777036,0.5028634649016253,1.0,-0.0,0.5028634649016253,0.4478864317783341,0.000870060956120508,0.5019934039455048,0.11136346239113723,0.37878728704468445,0.11136346239113723,0.07600689831562546,0.5170537300382685,0.07600689831562546,0.0410793774206545,0.6986288676982058,0.0410793774206545
12,0.9,112,0.5,512,200,600,matched,iqp-mse,13696,119,334,23158049f8a287709543a55b89f8943218b08cba397a67e034633640e70c99f6,0710923470bb92cb911a7f227795189ca1fd9d65218e67471d4fbb2418478ca6,483,294,0.461803000071086,0.499749619211589,0.9999999999999999,1.1102230246251565e-16,0.4997496192115889,0.4443972768290836,0.0011879986270528116,0.4985616205845361,0.10888876622029173,0.37036995313024396,0.10888876622029176,0.07460356100143868,0.5075072176968618,0.0746035610014387,0.0408132824429803,0.6941034429078282,0.0408132824429803
12,0.9,112,1.0,128,200,600,matched,iqp-parity,11008,119,334,23158049f8a287709543a55b89f8943218b08cba397a67e034633640e70c99f6,acc62d5ee4ca505ce9bc7fc3e01b2a1a3b4175fe20331622b388dcc9758e747e,97,294,0.6653380000498146,0.6795640716487628,1.0,-0.0,0.6795640716487628,0.47256306610892795,3.0609382102013676e-05,0.6795334622666608,0.10754407276209467,0.3657961658574649,0.10754407276209467,0.07193450950193872,0.48935040477509334,0.07193450950193872,0.037874714398824755,0.6441277958983802,0.037874714398824755
12,0.9,112,1.0,128,200,600,matched,iqp-mse,11008,119,334,23158049f8a287709543a55b89f8943218b08cba397a67e034633640e70c99f6,acc62d5ee4ca505ce9bc7fc3e01b2a1a3b4175fe20331622b388dcc9758e747e,97,294,0.45084841700736433,0.45493192755813416,1.0,-0.0,0.45493192755813416,0.4374558299875562,0.0019689354976925103,0.4529629920604418,0.1159330342663767,0.39433004852509085,0.1159330342663767,0.07872089383329182,0.5355162845802165,0.07872089383329182,0.04175963861616276,0.7101979356490266,0.04175963861616276
12,0.9,112,1.0,256,200,600,matched,iqp-parity,11904,119,334,23158049f8a287709543a55b89f8943218b08cba397a67e034633640e70c99f6,0afd4ab8e25a966a475b0ab6fe20bf43bb7fc37e8928f74d60eb5dc71bb86d69,174,294,0.5574413340073079,0.4199704462997311,1.0,-0.0,0.4199704462997311,0.4776363171400245,0.0001616599022473894,0.41980878639748404,0.1215393592622965,0.4133991811642738,0.1215393592622965,0.08173343209298957,0.5560097421291808,0.08173343209298957,0.043132513080384106,0.7335461408228588,0.043132513080384106
12,0.9,112,1.0,256,200,600,matched,iqp-mse,11904,119,334,23158049f8a287709543a55b89f8943218b08cba397a67e034633640e70c99f6,0afd4ab8e25a966a475b0ab6fe20bf43bb7fc37e8928f74d60eb5dc71bb86d69,174,294,0.4181644170312211,0.48562906852289767,0.9999999999999999,1.1102230246251565e-16,0.48562906852289756,0.4354982082505672,0.002225059354204917,0.48340400916869275,0.11320985895968955,0.3850675474819372,0.11320985895968955,0.07722828974646478,0.5253625152820733,0.07722828974646478,0.041771952324539265,0.7104073524581507,0.041771952324539265
12,0.9,112,1.0,512,200,600,matched,iqp-parity,13696,119,334,23158049f8a287709543a55b89f8943218b08cba397a67e034633640e70c99f6,b0126d22db14df8032614d0be237f7ba7f8faae015df79310d48a47a7e019709,279,294,0.7044262500712648,0.4083912913460821,1.0,-0.0,0.4083912913460821,0.466300525958114,1.1158258730109647e-05,0.40838013308735216,0.12362147499688937,0.42048120747241285,0.12362147499688937,0.08326750181611489,0.5664455905858156,0.08326750181611489,0.04371662672301715,0.7434800463098155,0.04371662672301715
12,0.9,112,1.0,512,200,600,matched,iqp-mse,13696,119,334,23158049f8a287709543a55b89f8943218b08cba397a67e034633640e70c99f6,b0126d22db14df8032614d0be237f7ba7f8faae015df79310d48a47a7e019709,279,294,0.4488144170027226,0.499749619211589,0.9999999999999999,1.1102230246251565e-16,0.4997496192115889,0.4443972768290836,0.0011879986270528116,0.4985616205845361,0.10888876622029173,0.37036995313024396,0.10888876622029176,0.07460356100143868,0.5075072176968618,0.0746035610014387,0.0408132824429803,0.6941034429078282,0.0408132824429803
12,0.9,112,2.0,128,200,600,matched,iqp-parity,11008,119,334,23158049f8a287709543a55b89f8943218b08cba397a67e034633640e70c99f6,cab22052982e11afdade852743d951fc38941455118f1f8bf11cbbc29ac3f1a3,40,294,0.6226735000964254,0.5775393052670886,1.0,-0.0,0.5775393052670886,0.5092824015835167,0.003302230518342282,0.5742370747487465,0.11187793084977343,0.38053717976113416,0.11187793084977343,0.07312114697097787,0.49742276851005346,0.07312114697097787,0.03789681128244166,0.6445035932388038,0.03789681128244166
12,0.9,112,2.0,128,200,600,matched,iqp-mse,11008,119,334,23158049f8a287709543a55b89f8943218b08cba397a67e034633640e70c99f6,cab22052982e11afdade852743d951fc38941455118f1f8bf11cbbc29ac3f1a3,40,294,0.4670720000285655,0.45493192755813416,1.0,-0.0,0.45493192755813416,0.4374558299875562,0.0019689354976925103,0.4529629920604418,0.1159330342663767,0.39433004852509085,0.1159330342663767,0.07872089383329182,0.5355162845802165,0.07872089383329182,0.04175963861616276,0.7101979356490266,0.04175963861616276
12,0.9,112,2.0,256,200,600,matched,iqp-parity,11904,119,334,23158049f8a287709543a55b89f8943218b08cba397a67e034633640e70c99f6,5a26aeb1c2cc725000214dfc75a35701a4d735cb30322260487fc8c970bd126e,63,294,0.6272394169354811,0.6630402050179384,1.0,-0.0,0.6630402050179384,0.4788908090232513,0.00020995440186998872,0.6628302506160686,0.118791218712393,0.4040517643278673,0.118791218712393,0.07760127887875054,0.5278998563180308,0.07760127887875054,0.039253265145273844,0.6675725364842491,0.039253265145273844
12,0.9,112,2.0,256,200,600,matched,iqp-mse,11904,119,334,23158049f8a287709543a55b89f8943218b08cba397a67e034633640e70c99f6,5a26aeb1c2cc725000214dfc75a35701a4d735cb30322260487fc8c970bd126e,63,294,0.46749724994879216,0.48562906852289767,0.9999999999999999,1.1102230246251565e-16,0.48562906852289756,0.4354982082505672,0.002225059354204917,0.48340400916869275,0.11320985895968955,0.3850675474819372,0.11320985895968955,0.07722828974646478,0.5253625152820733,0.07722828974646478,0.041771952324539265,0.7104073524581507,0.041771952324539265
12,0.9,112,2.0,512,200,600,matched,iqp-parity,13696,119,334,23158049f8a287709543a55b89f8943218b08cba397a67e034633640e70c99f6,e1239e9574a5b9ece5a6142b17dc18054822afbc56b1fe750ed4c81000928119,96,294,0.5801176659297198,0.7685483895199274,1.0,-0.0,0.7685483895199274,0.4717762980166456,1.9521720312420596e-05,0.7685288677996152,0.11593430995834027,0.3943343876134023,0.11593430995834027,0.07594514585921959,0.5166336453008136,0.07594514585921959,0.038583674513248456,0.6561849407015043,0.038583674513248456
12,0.9,112,2.0,512,200,600,matched,iqp-mse,13696,119,334,23158049f8a287709543a55b89f8943218b08cba397a67e034633640e70c99f6,e1239e9574a5b9ece5a6142b17dc18054822afbc56b1fe750ed4c81000928119,96,294,0.4734384169569239,0.499749619211589,0.9999999999999999,1.1102230246251565e-16,0.4997496192115889,0.4443972768290836,0.0011879986270528116,0.4985616205845361,0.10888876622029173,0.37036995313024396,0.10888876622029176,0.07460356100143868,0.5075072176968618,0.0746035610014387,0.0408132824429803,0.6941034429078282,0.0408132824429803
12,0.9,112,3.0,128,200,600,matched,iqp-parity,11008,119,334,23158049f8a287709543a55b89f8943218b08cba397a67e034633640e70c99f6,8baeda742d4b3e683c51229f2adc5bc8d24a9e5447e659ee7f69c7d8b79bf64b,29,294,0.6125665829749778,0.669650224813563,1.0,-0.0,0.669650224813563,0.5845943173550878,0.027195825946767033,0.6424543988667961,0.1163075942644542,0.39560406212399385,0.1163075942644542,0.07841169500164749,0.53341289116767,0.07841169500164749,0.04119723567587214,0.7006332597937439,0.04119723567587214
12,0.9,112,3.0,128,200,600,matched,iqp-mse,11008,119,334,23158049f8a287709543a55b89f8943218b08cba397a67e034633640e70c99f6,8baeda742d4b3e683c51229f2adc5bc8d24a9e5447e659ee7f69c7d8b79bf64b,29,294,0.5325966250384226,0.45493192755813416,1.0,-0.0,0.45493192755813416,0.4374558299875562,0.0019689354976925103,0.4529629920604418,0.1159330342663767,0.39433004852509085,0.1159330342663767,0.07872089383329182,0.5355162845802165,0.07872089383329182,0.04175963861616276,0.7101979356490266,0.04175963861616276
12,0.9,112,3.0,256,200,600,matched,iqp-parity,11904,119,334,23158049f8a287709543a55b89f8943218b08cba397a67e034633640e70c99f6,416dafa52d0a7e4e2266fd2cc04d235714d31a46479fe311bb07f07cb418aad5,40,294,0.6094374170061201,0.5844532535920475,1.0,-0.0,0.5844532535920475,0.5658892751851614,0.019033952509436222,0.5654193010826115,0.1142239959775516,0.38851699312092386,0.1142239959775516,0.07794867555868944,0.5302630990387036,0.07794867555868944,0.04183047365906674,0.7114026132494343,0.04183047365906674
12,0.9,112,3.0,256,200,600,matched,iqp-mse,11904,119,334,23158049f8a287709543a55b89f8943218b08cba397a67e034633640e70c99f6,416dafa52d0a7e4e2266fd2cc04d235714d31a46479fe311bb07f07cb418aad5,40,294,0.4653806670103222,0.48562906852289767,0.9999999999999999,1.1102230246251565e-16,0.48562906852289756,0.4354982082505672,0.002225059354204917,0.48340400916869275,0.11320985895968955,0.3850675474819372,0.11320985895968955,0.07722828974646478,0.5253625152820733,0.07722828974646478,0.041771952324539265,0.7104073524581507,0.041771952324539265
12,0.9,112,3.0,512,200,600,matched,iqp-parity,13696,119,334,23158049f8a287709543a55b89f8943218b08cba397a67e034633640e70c99f6,b71d6aa4d5b2aaf6555b176fac8c8cbaba223abbf548df8176da3ba5e7517c03,58,294,0.6090068339835852,0.4905737958291355,1.0,-0.0,0.4905737958291355,0.5238387544438995,0.00609480962923583,0.4844789861998998,0.1232590319466354,0.41924840798175306,0.1232590319466354,0.08332205400068218,0.5668166938821917,0.08332205400068218,0.043721855385634265,0.7435689691434398,0.043721855385634265
12,0.9,112,3.0,512,200,600,matched,iqp-mse,13696,119,334,23158049f8a287709543a55b89f8943218b08cba397a67e034633640e70c99f6,b71d6aa4d5b2aaf6555b176fac8c8cbaba223abbf548df8176da3ba5e7517c03,58,294,0.4311034580459818,0.499749619211589,0.9999999999999999,1.1102230246251565e-16,0.4997496192115889,0.4443972768290836,0.0011879986270528116,0.4985616205845361,0.10888876622029173,0.37036995313024396,0.10888876622029176,0.07460356100143868,0.5075072176968618,0.0746035610014387,0.0408132824429803,0.6941034429078282,0.0408132824429803
12,0.9,113,0.5,128,200,600,matched,iqp-parity,11009,120,335,1130bcd06d370ab57f1bc3a67409c755b267648b80a0f46e840060bb010d3ab8,5b072a3ea0054e14f671912c1d96d6c346c944a7bb31903aa7a9a09f3c713d76,123,304,0.7480045000556856,0.6234647385190977,0.9999999999999999,1.1102230246251565e-16,0.6234647385190976,0.48442361780685605,0.0001811590903353713,0.6232835794287623,0.11132645859936456,0.36620545591896236,0.11132645859936457,0.07478356868870506,0.4919971624256912,0.07478356868870506,0.039912241670884814,0.6564513432711319,0.039912241670884814
12,0.9,113,0.5,128,200,600,matched,iqp-mse,11009,120,335,1130bcd06d370ab57f1bc3a67409c755b267648b80a0f46e840060bb010d3ab8,5b072a3ea0054e14f671912c1d96d6c346c944a7bb31903aa7a9a09f3c713d76,123,304,0.6574747079284862,0.35942315876742886,1.0,-0.0,0.35942315876742886,0.47065611281321373,0.0010862409316311217,0.3583369178357978,0.1247563547266862,0.4103827458114678,0.1247563547266862,0.08560521326790155,0.5631921925519838,0.08560521326790155,0.045950042570924964,0.7557572791270554,0.045950042570924964
12,0.9,113,0.5,256,200,600,matched,iqp-parity,11905,120,335,1130bcd06d370ab57f1bc3a67409c755b267648b80a0f46e840060bb010d3ab8,c340681531f7cfa5cb976656351089aab291c8496332c6facddfc0983eb22823,239,304,1.0975852080155164,0.5564836041919043,1.0,-0.0,0.5564836041919043,0.466311006588078,0.0015304231078266395,0.554953181084078,0.11569473313001248,0.38057478003293577,0.11569473313001248,0.07865163607447832,0.5174449741741994,0.07865163607447832,0.04205452580087986,0.6916862796197346,0.04205452580087986
12,0.9,113,0.5,256,200,600,matched,iqp-mse,11905,120,335,1130bcd06d370ab57f1bc3a67409c755b267648b80a0f46e840060bb010d3ab8,c340681531f7cfa5cb976656351089aab291c8496332c6facddfc0983eb22823,239,304,0.6836003330536187,0.405510207431565,1.0,-0.0,0.405510207431565,0.4682636900116489,0.0013213668000880384,0.40418884063147714,0.12354278558926109,0.4063907420699378,0.12354278558926109,0.08500518079831405,0.5592446105152241,0.08500518079831405,0.04566399672107101,0.7510525776491942,0.04566399672107101
12,0.9,113,0.5,512,200,600,matched,iqp-parity,13697,120,335,1130bcd06d370ab57f1bc3a67409c755b267648b80a0f46e840060bb010d3ab8,9ce43a567101f7eeca0a35811834456a1e93a13f1100fc66479fa0c0afb09844,462,304,1.2511710000690073,0.47832028789722847,1.0,-0.0,0.47832028789722847,0.48350129668567443,0.00021799935959727207,0.47810228853763137,0.1212576764083272,0.39887393555370787,0.1212576764083272,0.08181438264720782,0.5382525174158409,0.08181438264720782,0.04342189383601028,0.7141758854606954,0.04342189383601028
12,0.9,113,0.5,512,200,600,matched,iqp-mse,13697,120,335,1130bcd06d370ab57f1bc3a67409c755b267648b80a0f46e840060bb010d3ab8,9ce43a567101f7eeca0a35811834456a1e93a13f1100fc66479fa0c0afb09844,462,304,1.03720683301799,0.4129812432908444,1.0,-0.0,0.4129812432908444,0.46641443399127025,0.0015189631157015403,0.4114622801751431,0.12355131590706446,0.40641880232586997,0.12355131590706446,0.08429981640353922,0.5546040552864422,0.08429981640353922,0.0451482189267193,0.7425693902420938,0.0451482189267193
12,0.9,113,1.0,128,200,600,matched,iqp-parity,11009,120,335,1130bcd06d370ab57f1bc3a67409c755b267648b80a0f46e840060bb010d3ab8,739e8e1f714e0e5e2a77a7675562bd0eb9f166eb6c11fed76a3428f0ba6b1383,107,304,1.0946272079600021,0.4424230462734887,1.0,-0.0,0.4424230462734887,0.49259893070290184,3.58648513401269e-06,0.44241945978835484,0.12039852243372576,0.3960477711635716,0.12039852243372576,0.08234368778549728,0.5417347880624821,0.08234368778549728,0.044100299479619916,0.7253338730200645,0.044100299479619916
12,0.9,113,1.0,128,200,600,matched,iqp-mse,11009,120,335,1130bcd06d370ab57f1bc3a67409c755b267648b80a0f46e840060bb010d3ab8,739e8e1f714e0e5e2a77a7675562bd0eb9f166eb6c11fed76a3428f0ba6b1383,107,304,0.6046993329655379,0.35942315876742886,1.0,-0.0,0.35942315876742886,0.47065611281321373,0.0010862409316311217,0.3583369178357978,0.1247563547266862,0.4103827458114678,0.1247563547266862,0.08560521326790155,0.5631921925519838,0.08560521326790155,0.045950042570924964,0.7557572791270554,0.045950042570924964
12,0.9,113,1.0,256,200,600,matched,iqp-parity,11905,120,335,1130bcd06d370ab57f1bc3a67409c755b267648b80a0f46e840060bb010d3ab8,93ca614bc02c8670079188df04f0249023e20069b86f8473e8853505f6e5a0f2,179,304,0.7653601249912754,0.3381512803062261,1.0,-0.0,0.3381512803062261,0.506909792867418,0.0003365605094884823,0.3378147197967377,0.1324646635146537,0.4357390247192556,0.1324646635146537,0.09065400199363167,0.59640790785284,0.09065400199363167,0.048207853099223916,0.7928923207109196,0.048207853099223916
12,0.9,113,1.0,256,200,600,matched,iqp-mse,11905,120,335,1130bcd06d370ab57f1bc3a67409c755b267648b80a0f46e840060bb010d3ab8,93ca614bc02c8670079188df04f0249023e20069b86f8473e8853505f6e5a0f2,179,304,0.6281941669294611,0.405510207431565,1.0,-0.0,0.405510207431565,0.4682636900116489,0.0013213668000880384,0.40418884063147714,0.12354278558926109,0.4063907420699378,0.12354278558926109,0.08500518079831405,0.5592446105152241,0.08500518079831405,0.04566399672107101,0.7510525776491942,0.04566399672107101
12,0.9,113,1.0,512,200,600,matched,iqp-parity,13697,120,335,1130bcd06d370ab57f1bc3a67409c755b267648b80a0f46e840060bb010d3ab8,494a09d0cb32c8fd575150abd91ad12074451b075c550159cd5a0edda3ce9c1b,296,304,0.8317381249507889,0.5001729896803988,1.0,-0.0,0.5001729896803988,0.5035555165241596,0.00018500018215889154,0.49998798949824014,0.12336390384580122,0.40580231528224087,0.12336390384580122,0.08311121123149054,0.546784284417701,0.08311121123149054,0.04385134056528342,0.7212391540342667,0.04385134056528342
12,0.9,113,1.0,512,200,600,matched,iqp-mse,13697,120,335,1130bcd06d370ab57f1bc3a67409c755b267648b80a0f46e840060bb010d3ab8,494a09d0cb32c8fd575150abd91ad12074451b075c550159cd5a0edda3ce9c1b,296,304,0.4600802920758724,0.4129812432908444,1.0,-0.0,0.4129812432908444,0.46641443399127025,0.0015189631157015403,0.4114622801751431,0.12355131590706446,0.40641880232586997,0.12355131590706446,0.08429981640353922,0.5546040552864422,0.08429981640353922,0.0451482189267193,0.7425693902420938,0.0451482189267193
12,0.9,113,2.0,128,200,600,matched,iqp-parity,11009,120,335,1130bcd06d370ab57f1bc3a67409c755b267648b80a0f46e840060bb010d3ab8,8d710103d4dbee26f4516976b04595aceb8e6d3cca3795947cb2093b79c4db89,40,304,0.803151708911173,0.37951642637355165,1.0,-0.0,0.37951642637355165,0.5453264242597873,0.005301560729793563,0.3742148656437582,0.13373866296651188,0.4399298123898417,0.13373866296651188,0.09023985775402726,0.5936832746975478,0.09023985775402726,0.04741405535378389,0.7798364367398666,0.04741405535378389
12,0.9,113,2.0,128,200,600,matched,iqp-mse,11009,120,335,1130bcd06d370ab57f1bc3a67409c755b267648b80a0f46e840060bb010d3ab8,8d710103d4dbee26f4516976b04595aceb8e6d3cca3795947cb2093b79c4db89,40,304,0.6577427500160411,0.35942315876742886,1.0,-0.0,0.35942315876742886,0.47065611281321373,0.0010862409316311217,0.3583369178357978,0.1247563547266862,0.4103827458114678,0.1247563547266862,0.08560521326790155,0.5631921925519838,0.08560521326790155,0.045950042570924964,0.7557572791270554,0.045950042570924964
12,0.9,113,2.0,256,200,600,matched,iqp-parity,11905,120,335,1130bcd06d370ab57f1bc3a67409c755b267648b80a0f46e840060bb010d3ab8,9978c794a51902cac7833dccf571371c26a5eaf9e75280d27094412b573edf83,67,304,0.6514966669492424,0.3685208744747902,1.0,-0.0,0.3685208744747902,0.5356621157376795,0.0034897813055155893,0.3650310931692748,0.13374331255185726,0.43994510707847784,0.13374331255185726,0.09126283118942453,0.6004133630883193,0.09126283118942453,0.04823637317423646,0.793361400892047,0.04823637317423646
12,0.9,113,2.0,256,200,600,matched,iqp-mse,11905,120,335,1130bcd06d370ab57f1bc3a67409c755b267648b80a0f46e840060bb010d3ab8,9978c794a51902cac7833dccf571371c26a5eaf9e75280d27094412b573edf83,67,304,0.4638763329712674,0.405510207431565,1.0,-0.0,0.405510207431565,0.4682636900116489,0.0013213668000880384,0.40418884063147714,0.12354278558926109,0.4063907420699378,0.12354278558926109,0.08500518079831405,0.5592446105152241,0.08500518079831405,0.04566399672107101,0.7510525776491942,0.04566399672107101
12,0.9,113,2.0,512,200,600,matched,iqp-parity,13697,120,335,1130bcd06d370ab57f1bc3a67409c755b267648b80a0f46e840060bb010d3ab8,0add28ce81db5ed182ca7ca0109f605c59adae53ed3f3475c8621678c513898f,91,304,0.738784792018123,0.33518188452955033,1.0,-0.0,0.33518188452955033,0.5282257241388133,0.00235458139944298,0.33282730313010755,0.1363888785090691,0.4486476266745695,0.1363888785090691,0.09298102245381974,0.6117172529856563,0.09298102245381974,0.048842548048791595,0.8033313823814406,0.048842548048791595
12,0.9,113,2.0,512,200,600,matched,iqp-mse,13697,120,335,1130bcd06d370ab57f1bc3a67409c755b267648b80a0f46e840060bb010d3ab8,0add28ce81db5ed182ca7ca0109f605c59adae53ed3f3475c8621678c513898f,91,304,0.5539114169077948,0.4129812432908444,1.0,-0.0,0.4129812432908444,0.46641443399127025,0.0015189631157015403,0.4114622801751431,0.12355131590706446,0.40641880232586997,0.12355131590706446,0.08429981640353922,0.5546040552864422,0.08429981640353922,0.0451482189267193,0.7425693902420938,0.0451482189267193
12,0.9,113,3.0,128,200,600,matched,iqp-parity,11009,120,335,1130bcd06d370ab57f1bc3a67409c755b267648b80a0f46e840060bb010d3ab8,1e98ec009a8f485b34faf54a68ded432bc775d4595094665262ed2a72dd0f54f,30,304,0.7106858328916132,0.4583735468348179,1.0,-0.0,0.4583735468348179,0.5701276573154663,0.011719067719475215,0.4466544791153429,0.12877499779933135,0.4236019664451689,0.12877499779933135,0.08758710061550831,0.5762309251020283,0.08758710061550831,0.04612843012629225,0.758691284971912,0.04612843012629225
12,0.9,113,3.0,128,200,600,matched,iqp-mse,11009,120,335,1130bcd06d370ab57f1bc3a67409c755b267648b80a0f46e840060bb010d3ab8,1e98ec009a8f485b34faf54a68ded432bc775d4595094665262ed2a72dd0f54f,30,304,0.4726360411150381,0.35942315876742886,1.0,-0.0,0.35942315876742886,0.47065611281321373,0.0010862409316311217,0.3583369178357978,0.1247563547266862,0.4103827458114678,0.1247563547266862,0.08560521326790155,0.5631921925519838,0.08560521326790155,0.045950042570924964,0.7557572791270554,0.045950042570924964
12,0.9,113,3.0,256,200,600,matched,iqp-parity,11905,120,335,1130bcd06d370ab57f1bc3a67409c755b267648b80a0f46e840060bb010d3ab8,e59b125f021b6a4e8138e1c573722d1c8233f80e20783873793e8fca732fbe8c,40,304,0.6861351669067517,0.4748255625063741,1.0,-0.0,0.4748255625063741,0.5391858978839723,0.004106183501212807,0.4707193790051615,0.12283925154173549,0.40407648533465623,0.12283925154173549,0.08346956762847722,0.5491418922926133,0.08346956762847722,0.044540393956251624,0.7325722690172964,0.044540393956251624
12,0.9,113,3.0,256,200,600,matched,iqp-mse,11905,120,335,1130bcd06d370ab57f1bc3a67409c755b267648b80a0f46e840060bb010d3ab8,e59b125f021b6a4e8138e1c573722d1c8233f80e20783873793e8fca732fbe8c,40,304,0.5673412919277325,0.405510207431565,1.0,-0.0,0.405510207431565,0.4682636900116489,0.0013213668000880384,0.40418884063147714,0.12354278558926109,0.4063907420699378,0.12354278558926109,0.08500518079831405,0.5592446105152241,0.08500518079831405,0.04566399672107101,0.7510525776491942,0.04566399672107101
12,0.9,113,3.0,512,200,600,matched,iqp-parity,13697,120,335,1130bcd06d370ab57f1bc3a67409c755b267648b80a0f46e840060bb010d3ab8,450d906c198f40f27385e0e0570731493debc9a0ff8a749e4689e7a7812518dc,57,304,0.6825708750402555,0.44333788582650224,1.0,-0.0,0.44333788582650224,0.5037517150210367,0.00019262540835796732,0.4431452604181445,0.1261497148753235,0.4149661673530378,0.1261497148753235,0.08492420327140222,0.5587118636276461,0.08492420327140222,0.044885322906368874,0.7382454425389617,0.044885322906368874
12,0.9,113,3.0,512,200,600,matched,iqp-mse,13697,120,335,1130bcd06d370ab57f1bc3a67409c755b267648b80a0f46e840060bb010d3ab8,450d906c198f40f27385e0e0570731493debc9a0ff8a749e4689e7a7812518dc,57,304,0.5078647909685969,0.4129812432908444,1.0,-0.0,0.4129812432908444,0.46641443399127025,0.0015189631157015403,0.4114622801751431,0.12355131590706446,0.40641880232586997,0.12355131590706446,0.08429981640353922,0.5546040552864422,0.08429981640353922,0.0451482189267193,0.7425693902420938,0.0451482189267193
12,0.9,114,0.5,128,200,600,matched,iqp-parity,11010,121,336,c8a7a565f4c34afcedf377bd8a33aee023bbafec99430b278d5183f906311b3e,75f361970fcde37ea4bf28f49dab17b911f4c5a1b2ba794957b8dcb9c1a0d0ed,126,295,0.9132718329783529,0.49000752710702705,1.0,-0.0,0.49000752710702705,0.48233809367740904,0.0020923218945053217,0.48791520521252185,0.11736387547549923,0.3978436456796584,0.11736387547549923,0.07998873804170148,0.5422965290962812,0.07998873804170148,0.04223152742207403,0.7157886003741362,0.04223152742207403
12,0.9,114,0.5,128,200,600,matched,iqp-mse,11010,121,336,c8a7a565f4c34afcedf377bd8a33aee023bbafec99430b278d5183f906311b3e,75f361970fcde37ea4bf28f49dab17b911f4c5a1b2ba794957b8dcb9c1a0d0ed,126,295,0.5428374579641968,0.35634240749502527,1.0,-0.0,0.35634240749502527,0.45937281821127046,0.00017518109041501397,0.35616722640461035,0.12400484230305857,0.4203553976374867,0.12400484230305857,0.08625903029931292,0.5848069850800877,0.08625903029931292,0.04654426253199692,0.7888858056270666,0.04654426253199692
12,0.9,114,0.5,256,200,600,matched,iqp-parity,11906,121,336,c8a7a565f4c34afcedf377bd8a33aee023bbafec99430b278d5183f906311b3e,b86fdcea4d27ce4e1e85f653dd6ac3fa8c8305c62a9d2f6ae94f810b3585a8bc,249,295,0.8046359999570996,0.4885074369935918,1.0,-0.0,0.4885074369935918,0.4519777557265899,7.505121495687958e-06,0.4884999318720963,0.11066439177524647,0.37513353144151346,0.11066439177524647,0.07559735567600798,0.512524445261071,0.07559735567600798,0.040755558765389596,0.6907721824642304,0.040755558765389596
12,0.9,114,0.5,256,200,600,matched,iqp-mse,11906,121,336,c8a7a565f4c34afcedf377bd8a33aee023bbafec99430b278d5183f906311b3e,b86fdcea4d27ce4e1e85f653dd6ac3fa8c8305c62a9d2f6ae94f810b3585a8bc,249,295,0.5075944580603391,0.48598506990332757,1.0,-0.0,0.48598506990332757,0.45098922763100396,1.7823900614891619e-06,0.4859832875132663,0.11469418410815127,0.3887938444344111,0.11469418410815127,0.07830344705733595,0.5308708275073625,0.07830344705733595,0.04191123567228085,0.710359926648828,0.04191123567228085
12,0.9,114,0.5,512,200,600,matched,iqp-parity,13698,121,336,c8a7a565f4c34afcedf377bd8a33aee023bbafec99430b278d5183f906311b3e,dd4e8709e72d51ef9fbae1c97682c6adf18f18e66236db5bd072c5b269be14c4,476,295,0.8154242079472169,0.418121959691971,0.9999999999999999,1.1102230246251565e-16,0.4181219596919709,0.45920582644563374,0.0001689682070655351,0.41795299148490556,0.11712647404165588,0.3970388950564606,0.1171264740416559,0.08003933815043826,0.5426395806809373,0.08003933815043829,0.042944679023370076,0.7278759156503403,0.042944679023370076
12,0.9,114,0.5,512,200,600,matched,iqp-mse,13698,121,336,c8a7a565f4c34afcedf377bd8a33aee023bbafec99430b278d5183f906311b3e,dd4e8709e72d51ef9fbae1c97682c6adf18f18e66236db5bd072c5b269be14c4,476,295,0.4505587089806795,0.4997495025589507,1.0,-0.0,0.4997495025589507,0.46411079743793254,0.00039806274086503016,0.4993514398180856,0.11926108789540081,0.40427487422169767,0.11926108789540081,0.0807989676036739,0.5477896108723654,0.0807989676036739,0.042648549878786045,0.7228567776065431,0.042648549878786045
12,0.9,114,1.0,128,200,600,matched,iqp-parity,11010,121,336,c8a7a565f4c34afcedf377bd8a33aee023bbafec99430b278d5183f906311b3e,1b60ea99b33261ddae45a2a2299b2dcc158d2d11bf8b0413890a6fdab0a605fd,93,295,0.6033031250117347,0.5384534946306061,1.0,-0.0,0.5384534946306061,0.4471923986874972,1.6507075021742965e-05,0.5384369875555846,0.1164151757817015,0.3946277145142424,0.1164151757817015,0.07728210211800775,0.5239464550373406,0.07728210211800775,0.04012744881247939,0.6801262510589728,0.04012744881247939
12,0.9,114,1.0,128,200,600,matched,iqp-mse,11010,121,336,c8a7a565f4c34afcedf377bd8a33aee023bbafec99430b278d5183f906311b3e,1b60ea99b33261ddae45a2a2299b2dcc158d2d11bf8b0413890a6fdab0a605fd,93,295,0.46942862507421523,0.35634240749502527,1.0,-0.0,0.35634240749502527,0.45937281821127046,0.00017518109041501397,0.35616722640461035,0.12400484230305857,0.4203553976374867,0.12400484230305857,0.08625903029931292,0.5848069850800877,0.08625903029931292,0.04654426253199692,0.7888858056270666,0.04654426253199692
12,0.9,114,1.0,256,200,600,matched,iqp-parity,11906,121,336,c8a7a565f4c34afcedf377bd8a33aee023bbafec99430b278d5183f906311b3e,69e6c91e0bcc844d13e7359a189e0c9536fdd5a73655a846a60572b9ff21fef8,163,295,0.6453211250482127,0.5010670112437259,1.0,-0.0,0.5010670112437259,0.44852267616639774,4.713198580724286e-06,0.5010622980451453,0.11363830235589731,0.385214584257279,0.11363830235589731,0.07749536176927814,0.5253922831815466,0.07749536176927814,0.04187006469113941,0.7096621134091425,0.04187006469113941
12,0.9,114,1.0,256,200,600,matched,iqp-mse,11906,121,336,c8a7a565f4c34afcedf377bd8a33aee023bbafec99430b278d5183f906311b3e,69e6c91e0bcc844d13e7359a189e0c9536fdd5a73655a846a60572b9ff21fef8,163,295,0.4734997919294983,0.48598506990332757,1.0,-0.0,0.48598506990332757,0.45098922763100396,1.7823900614891619e-06,0.4859832875132663,0.11469418410815127,0.3887938444344111,0.11469418410815127,0.07830344705733595,0.5308708275073625,0.07830344705733595,0.04191123567228085,0.710359926648828,0.04191123567228085
12,0.9,114,1.0,512,200,600,matched,iqp-parity,13698,121,336,c8a7a565f4c34afcedf377bd8a33aee023bbafec99430b278d5183f906311b3e,9fc9306ab4737b5804dc59a07264243c6abc622ca16efa0cd4d6bddf38b05e36,269,295,0.6547319589881226,0.4560047696009877,1.0,-0.0,0.4560047696009877,0.4398952251433071,0.0002089244191437606,0.455795845181844,0.11934452065000482,0.4045576971186604,0.11934452065000482,0.08079772035689226,0.5477811549619814,0.08079772035689226,0.04259055100544614,0.7218737458550193,0.04259055100544614
12,0.9,114,1.0,512,200,600,matched,iqp-mse,13698,121,336,c8a7a565f4c34afcedf377bd8a33aee023bbafec99430b278d5183f906311b3e,9fc9306ab4737b5804dc59a07264243c6abc622ca16efa0cd4d6bddf38b05e36,269,295,0.48208958306349814,0.4997495025589507,1.0,-0.0,0.4997495025589507,0.46411079743793254,0.00039806274086503016,0.4993514398180856,0.11926108789540081,0.40427487422169767,0.11926108789540081,0.0807989676036739,0.5477896108723654,0.0807989676036739,0.042648549878786045,0.7228567776065431,0.042648549878786045
12,0.9,114,2.0,128,200,600,matched,iqp-parity,11010,121,336,c8a7a565f4c34afcedf377bd8a33aee023bbafec99430b278d5183f906311b3e,ff9c733ac90aa8dffb674ba7eb0941b48917bcbe325b9b4398ab1ad123dcae8a,47,295,0.6153582920087501,0.5690074300775803,1.0,-0.0,0.5690074300775803,0.45067074794191553,7.787942665881536e-07,0.5690066512833136,0.11527048801429683,0.3907474169976164,0.11527048801429683,0.07692234363988794,0.5215074145077149,0.07692234363988794,0.04000280583726967,0.678013658258808,0.04000280583726967
12,0.9,114,2.0,128,200,600,matched,iqp-mse,11010,121,336,c8a7a565f4c34afcedf377bd8a33aee023bbafec99430b278d5183f906311b3e,ff9c733ac90aa8dffb674ba7eb0941b48917bcbe325b9b4398ab1ad123dcae8a,47,295,0.4611752500059083,0.35634240749502527,1.0,-0.0,0.35634240749502527,0.45937281821127046,0.00017518109041501397,0.35616722640461035,0.12400484230305857,0.4203553976374867,0.12400484230305857,0.08625903029931292,0.5848069850800877,0.08625903029931292,0.04654426253199692,0.7888858056270666,0.04654426253199692
12,0.9,114,2.0,256,200,600,matched,iqp-parity,11906,121,336,c8a7a565f4c34afcedf377bd8a33aee023bbafec99430b278d5183f906311b3e,e407b6ee4e274f10994822b97416bbd261bb090d008add31fa44131a6ecf58f0,66,295,0.5191482079681009,0.6197658851663219,0.9999999999999999,1.1102230246251565e-16,0.6197658851663218,0.45012700856887367,1.2041930075689495e-08,0.6197658731243918,0.11064753217332969,0.37507638024857526,0.11064753217332969,0.07262220368285964,0.49235392327362465,0.07262220368285964,0.03789486035669502,0.6422857687575427,0.03789486035669502
12,0.9,114,2.0,256,200,600,matched,iqp-mse,11906,121,336,c8a7a565f4c34afcedf377bd8a33aee023bbafec99430b278d5183f906311b3e,e407b6ee4e274f10994822b97416bbd261bb090d008add31fa44131a6ecf58f0,66,295,0.3819303329801187,0.48598506990332757,1.0,-0.0,0.48598506990332757,0.45098922763100396,1.7823900614891619e-06,0.4859832875132663,0.11469418410815127,0.3887938444344111,0.11469418410815127,0.07830344705733595,0.5308708275073625,0.07830344705733595,0.04191123567228085,0.710359926648828,0.04191123567228085
12,0.9,114,2.0,512,200,600,matched,iqp-parity,13698,121,336,c8a7a565f4c34afcedf377bd8a33aee023bbafec99430b278d5183f906311b3e,2da2eff4a068e88b41bb2a9f71d17504f3bc60c31b0363210d25907cced26bee,95,295,0.5081961669493467,0.7943279402109531,1.0,-0.0,0.7943279402109531,0.5962667154764001,0.04336246307403946,0.7509654771369139,0.1111952397541764,0.3769330161158522,0.1111952397541764,0.07610416999858052,0.5159604745666476,0.07610416999858052,0.0409349836851892,0.6938132827998169,0.0409349836851892
12,0.9,114,2.0,512,200,600,matched,iqp-mse,13698,121,336,c8a7a565f4c34afcedf377bd8a33aee023bbafec99430b278d5183f906311b3e,2da2eff4a068e88b41bb2a9f71d17504f3bc60c31b0363210d25907cced26bee,95,295,0.3798037499655038,0.4997495025589507,1.0,-0.0,0.4997495025589507,0.46411079743793254,0.00039806274086503016,0.4993514398180856,0.11926108789540081,0.40427487422169767,0.11926108789540081,0.0807989676036739,0.5477896108723654,0.0807989676036739,0.042648549878786045,0.7228567776065431,0.042648549878786045
12,0.9,114,3.0,128,200,600,matched,iqp-parity,11010,121,336,c8a7a565f4c34afcedf377bd8a33aee023bbafec99430b278d5183f906311b3e,728c1bef4bf4fcab96f037879c83c518b4399c268d7fe905f3a14b32d672f04b,30,295,0.5154652911005542,1.0398717179289885,0.9999999999999999,1.1102230246251565e-16,1.0398717179289885,0.6265972528971293,0.06398222641632204,0.9758894915126664,0.10369467721575452,0.3515073803923882,0.10369467721575452,0.06837892671527292,0.46358594383235874,0.06837892671527292,0.0362664944746804,0.6146863470284815,0.0362664944746804
12,0.9,114,3.0,128,200,600,matched,iqp-mse,11010,121,336,c8a7a565f4c34afcedf377bd8a33aee023bbafec99430b278d5183f906311b3e,728c1bef4bf4fcab96f037879c83c518b4399c268d7fe905f3a14b32d672f04b,30,295,0.39246995805297047,0.35634240749502527,1.0,-0.0,0.35634240749502527,0.45937281821127046,0.00017518109041501397,0.35616722640461035,0.12400484230305857,0.4203553976374867,0.12400484230305857,0.08625903029931292,0.5848069850800877,0.08625903029931292,0.04654426253199692,0.7888858056270666,0.04654426253199692
12,0.9,114,3.0,256,200,600,matched,iqp-parity,11906,121,336,c8a7a565f4c34afcedf377bd8a33aee023bbafec99430b278d5183f906311b3e,3d425900ebaa6104882ad73215b517153efdee7d4205a542329cff3c4d8d42ee,42,295,0.5624577080598101,0.5823148162393359,1.0,-0.0,0.5823148162393359,0.4969081100731665,0.004399728233049974,0.577915088006286,0.11303917442845451,0.3831836421303543,0.11303917442845451,0.0751616899421342,0.5095707792687063,0.0751616899421342,0.03951665729506359,0.6697738524587049,0.03951665729506359
12,0.9,114,3.0,256,200,600,matched,iqp-mse,11906,121,336,c8a7a565f4c34afcedf377bd8a33aee023bbafec99430b278d5183f906311b3e,3d425900ebaa6104882ad73215b517153efdee7d4205a542329cff3c4d8d42ee,42,295,0.42224708397407085,0.48598506990332757,1.0,-0.0,0.48598506990332757,0.45098922763100396,1.7823900614891619e-06,0.4859832875132663,0.11469418410815127,0.3887938444344111,0.11469418410815127,0.07830344705733595,0.5308708275073625,0.07830344705733595,0.04191123567228085,0.710359926648828,0.04191123567228085
12,0.9,114,3.0,512,200,600,matched,iqp-parity,13698,121,336,c8a7a565f4c34afcedf377bd8a33aee023bbafec99430b278d5183f906311b3e,e3b40c42d8586150878a3ccb7bebbccc5da140c58180210d1a31a71374efd6b5,59,295,0.5631123329512775,0.4750769638751573,1.0,-0.0,0.4750769638751573,0.47770282409926146,0.0015357461835656602,0.47354121769159174,0.11753768973479051,0.3984328465586119,0.11753768973479051,0.079159028160325,0.5366713773581355,0.079159028160325,0.041853662944840775,0.7093841177091657,0.041853662944840775
12,0.9,114,3.0,512,200,600,matched,iqp-mse,13698,121,336,c8a7a565f4c34afcedf377bd8a33aee023bbafec99430b278d5183f906311b3e,e3b40c42d8586150878a3ccb7bebbccc5da140c58180210d1a31a71374efd6b5,59,295,0.41052987496368587,0.4997495025589507,1.0,-0.0,0.4997495025589507,0.46411079743793254,0.00039806274086503016,0.4993514398180856,0.11926108789540081,0.40427487422169767,0.11926108789540081,0.0807989676036739,0.5477896108723654,0.0807989676036739,0.042648549878786045,0.7228567776065431,0.042648549878786045
12,0.9,115,0.5,128,200,600,matched,iqp-parity,11011,122,337,21e3187a25ce542a7fda12331f6df5573b7aa9cfb19c4d6a1242f48e9ab77257,b7baf02e15dc1fa200de321340734f11ed86a23cee251a0d84517d23035a9be8,124,299,0.5025646659778431,0.6876762822840592,1.0,-0.0,0.6876762822840592,0.4141829006771084,0.008015699192166374,0.6796605830918929,0.1050905687339123,0.35147347402646256,0.1050905687339123,0.07109620419009866,0.4755598942481516,0.07109620419009866,0.03824685962737617,0.6395795924310397,0.03824685962737617
12,0.9,115,0.5,128,200,600,matched,iqp-mse,11011,122,337,21e3187a25ce542a7fda12331f6df5573b7aa9cfb19c4d6a1242f48e9ab77257,b7baf02e15dc1fa200de321340734f11ed86a23cee251a0d84517d23035a9be8,124,299,0.4014584590913728,0.5457492724361883,1.0,-0.0,0.5457492724361883,0.46815466090916624,0.00015436474853215698,0.5455949076876563,0.11290183306671818,0.3775981039020675,0.11290183306671818,0.07759321173251336,0.5190181386790191,0.07759321173251336,0.0416755203775889,0.6969150564814197,0.0416755203775889
12,0.9,115,0.5,256,200,600,matched,iqp-parity,11907,122,337,21e3187a25ce542a7fda12331f6df5573b7aa9cfb19c4d6a1242f48e9ab77257,bb13894f614271b76057881bb84f54e816a33ccce580c0dafd0481a1fac02652,244,299,0.6696716248989105,0.6578112982707112,0.9999999999999999,1.1102230246251565e-16,0.657811298270711,0.4339412728830332,0.003736834582378959,0.6540744636883321,0.10546387075185928,0.3527219757587267,0.1054638707518593,0.07143520311819955,0.477827445606686,0.07143520311819955,0.03842519369747483,0.6425617675163016,0.03842519369747483
12,0.9,115,0.5,256,200,600,matched,iqp-mse,11907,122,337,21e3187a25ce542a7fda12331f6df5573b7aa9cfb19c4d6a1242f48e9ab77257,bb13894f614271b76057881bb84f54e816a33ccce580c0dafd0481a1fac02652,244,299,0.47863720799796283,0.511160106897565,1.0000000000000002,-2.2204460492503128e-16,0.5111601068975652,0.46601470041183446,0.000238965882110238,0.510921141015455,0.1162681205648988,0.38885659051805616,0.11626812056489878,0.08042181760051964,0.53793857926769,0.08042181760051963,0.043723692446656484,0.7311654255293727,0.043723692446656484
12,0.9,115,0.5,512,200,600,matched,iqp-parity,13699,122,337,21e3187a25ce542a7fda12331f6df5573b7aa9cfb19c4d6a1242f48e9ab77257,a43132f79de110e06d2fd6c995c02425f331db0d37a0f6e97670acbec6cb9fe7,481,299,0.5626497080083936,0.5081116845643328,1.0,-0.0,0.5081116845643328,0.47407489416566034,1.6289443601628147e-05,0.5080953951207312,0.11439110700405379,0.38257895319081536,0.11439110700405379,0.07890173039137835,0.5277707718486846,0.07890173039137835,0.04246314041568705,0.7100859601285461,0.04246314041568705
12,0.9,115,0.5,512,200,600,matched,iqp-mse,13699,122,337,21e3187a25ce542a7fda12331f6df5573b7aa9cfb19c4d6a1242f48e9ab77257,a43132f79de110e06d2fd6c995c02425f331db0d37a0f6e97670acbec6cb9fe7,481,299,0.38994016603101045,0.5457359570313345,1.0,-0.0,0.5457359570313345,0.4705138289077052,8.245947049622445e-05,0.5456534975608383,0.11681162819419785,0.39067434178661486,0.11681162819419785,0.0802693467163896,0.5369187071330408,0.0802693467163896,0.042875746117381854,0.7169857210264524,0.042875746117381854
12,0.9,115,1.0,128,200,600,matched,iqp-parity,11011,122,337,21e3187a25ce542a7fda12331f6df5573b7aa9cfb19c4d6a1242f48e9ab77257,5a646f88e8d781b91cdddfd01bc7b2df1f536d5ea946b6d6782566df5ee8e8e7,102,299,0.5806068329839036,0.5798679264720541,1.0,-0.0,0.5798679264720541,0.47011085812597714,9.315637954317082e-05,0.579774770092511,0.10806406853126004,0.3614182894022075,0.10806406853126004,0.07243278670561971,0.48450024552253995,0.07243278670561971,0.03882083801816384,0.6491778932803318,0.03882083801816384
12,0.9,115,1.0,128,200,600,matched,iqp-mse,11011,122,337,21e3187a25ce542a7fda12331f6df5573b7aa9cfb19c4d6a1242f48e9ab77257,5a646f88e8d781b91cdddfd01bc7b2df1f536d5ea946b6d6782566df5ee8e8e7,102,299,0.5525310420198366,0.5457492724361883,1.0,-0.0,0.5457492724361883,0.46815466090916624,0.00015436474853215698,0.5455949076876563,0.11290183306671818,0.3775981039020675,0.11290183306671818,0.07759321173251336,0.5190181386790191,0.07759321173251336,0.0416755203775889,0.6969150564814197,0.0416755203775889
12,0.9,115,1.0,256,200,600,matched,iqp-parity,11907,122,337,21e3187a25ce542a7fda12331f6df5573b7aa9cfb19c4d6a1242f48e9ab77257,6f954dcc0c58b182728c2697137c6c2b58430e2e8d262957da11433bc1a3ec09,168,299,0.7495252079097554,0.533529424294335,1.0,-0.0,0.533529424294335,0.4566814307202358,0.0008241076532352169,0.5327053166410998,0.11518824242266645,0.3852449579353393,0.11518824242266645,0.07697968021274591,0.5149142489146884,0.07697968021274591,0.04058217773164867,0.6786317346429543,0.04058217773164867
12,0.9,115,1.0,256,200,600,matched,iqp-mse,11907,122,337,21e3187a25ce542a7fda12331f6df5573b7aa9cfb19c4d6a1242f48e9ab77257,6f954dcc0c58b182728c2697137c6c2b58430e2e8d262957da11433bc1a3ec09,168,299,0.45087649999186397,0.511160106897565,1.0000000000000002,-2.2204460492503128e-16,0.5111601068975652,0.46601470041183446,0.000238965882110238,0.510921141015455,0.1162681205648988,0.38885659051805616,0.11626812056489878,0.08042181760051964,0.53793857926769,0.08042181760051963,0.043723692446656484,0.7311654255293727,0.043723692446656484
12,0.9,115,1.0,512,200,600,matched,iqp-parity,13699,122,337,21e3187a25ce542a7fda12331f6df5573b7aa9cfb19c4d6a1242f48e9ab77257,fae9b80b4b9bbecd172da441f7a298732dc4ec9c5fd56650a16ee48bf4f2164a,279,299,0.6339963329955935,0.43689530132280074,1.0,-0.0,0.43689530132280074,0.48272342289986925,6.733809435642297e-05,0.4368279632284444,0.11851451371618736,0.39636961109092766,0.11851451371618736,0.08168515143392724,0.5463889728021889,0.08168515143392724,0.04386929332630291,0.7336002228478747,0.04386929332630291
12,0.9,115,1.0,512,200,600,matched,iqp-mse,13699,122,337,21e3187a25ce542a7fda12331f6df5573b7aa9cfb19c4d6a1242f48e9ab77257,fae9b80b4b9bbecd172da441f7a298732dc4ec9c5fd56650a16ee48bf4f2164a,279,299,0.5479841659544036,0.5457359570313345,1.0,-0.0,0.5457359570313345,0.4705138289077052,8.245947049622445e-05,0.5456534975608383,0.11681162819419785,0.39067434178661486,0.11681162819419785,0.0802693467163896,0.5369187071330408,0.0802693467163896,0.042875746117381854,0.7169857210264524,0.042875746117381854
12,0.9,115,2.0,128,200,600,matched,iqp-parity,11011,122,337,21e3187a25ce542a7fda12331f6df5573b7aa9cfb19c4d6a1242f48e9ab77257,10de45ff5dee8af2fee6968d9ecef5f4533cbcab28643f062d8d736ec6acb4b1,51,299,0.9204350840300322,0.41725827787760017,1.0,-0.0,0.41725827787760017,0.4936754571630907,0.0005614941392156798,0.4166967837383846,0.12378336607181674,0.4139911908756413,0.12378336607181674,0.08370553301173003,0.5599032308476924,0.08370553301173003,0.044378891985792764,0.7421219395617519,0.044378891985792764
12,0.9,115,2.0,128,200,600,matched,iqp-mse,11011,122,337,21e3187a25ce542a7fda12331f6df5573b7aa9cfb19c4d6a1242f48e9ab77257,10de45ff5dee8af2fee6968d9ecef5f4533cbcab28643f062d8d736ec6acb4b1,51,299,0.4858993749367073,0.5457492724361883,1.0,-0.0,0.5457492724361883,0.46815466090916624,0.00015436474853215698,0.5455949076876563,0.11290183306671818,0.3775981039020675,0.11290183306671818,0.07759321173251336,0.5190181386790191,0.07759321173251336,0.0416755203775889,0.6969150564814197,0.0416755203775889
12,0.9,115,2.0,256,200,600,matched,iqp-parity,11907,122,337,21e3187a25ce542a7fda12331f6df5573b7aa9cfb19c4d6a1242f48e9ab77257,a24913e3750f00b6e53afff042d8c206716ba27c8c5f832b33c0309e37ebd43c,74,299,0.6811219590017572,0.387392937071494,1.0,-0.0,0.387392937071494,0.5114571872137672,0.002385545239783314,0.3850073918317108,0.1268338470533348,0.424193468405802,0.1268338470533348,0.08633477591687228,0.5774901399121891,0.08633477591687228,0.04599163814726111,0.7690909389174099,0.04599163814726111
12,0.9,115,2.0,256,200,600,matched,iqp-mse,11907,122,337,21e3187a25ce542a7fda12331f6df5573b7aa9cfb19c4d6a1242f48e9ab77257,a24913e3750f00b6e53afff042d8c206716ba27c8c5f832b33c0309e37ebd43c,74,299,0.4185449170181528,0.511160106897565,1.0000000000000002,-2.2204460492503128e-16,0.5111601068975652,0.46601470041183446,0.000238965882110238,0.510921141015455,0.1162681205648988,0.38885659051805616,0.11626812056489878,0.08042181760051964,0.53793857926769,0.08042181760051963,0.043723692446656484,0.7311654255293727,0.043723692446656484
12,0.9,115,2.0,512,200,600,matched,iqp-parity,13699,122,337,21e3187a25ce542a7fda12331f6df5573b7aa9cfb19c4d6a1242f48e9ab77257,1fa2303165fb9f092630d1b0199b8b1ceef402fc45bd96481c26f4dc4640000c,100,299,0.6324819580186158,0.5607826819742833,1.0,-0.0,0.5607826819742833,0.4981949970334827,0.0009051840431998186,0.5598774979310835,0.1122559588665926,0.3754379895203766,0.1122559588665926,0.07554225929404586,0.5052993932712098,0.07554225929404586,0.040595585809498846,0.6788559499916195,0.040595585809498846
12,0.9,115,2.0,512,200,600,matched,iqp-mse,13699,122,337,21e3187a25ce542a7fda12331f6df5573b7aa9cfb19c4d6a1242f48e9ab77257,1fa2303165fb9f092630d1b0199b8b1ceef402fc45bd96481c26f4dc4640000c,100,299,0.4324861669447273,0.5457359570313345,1.0,-0.0,0.5457359570313345,0.4705138289077052,8.245947049622445e-05,0.5456534975608383,0.11681162819419785,0.39067434178661486,0.11681162819419785,0.0802693467163896,0.5369187071330408,0.0802693467163896,0.042875746117381854,0.7169857210264524,0.042875746117381854
12,0.9,115,3.0,128,200,600,matched,iqp-parity,11011,122,337,21e3187a25ce542a7fda12331f6df5573b7aa9cfb19c4d6a1242f48e9ab77257,74d79ae09be5a1e035971b74b6d2c9d74977b0df5bea44da9f9781fd2cfb16b2,32,299,0.7059620830696076,0.6531631411714149,1.0,-0.0,0.6531631411714149,0.5080554324573738,0.0019386391366696294,0.6512245020347455,0.11768493716370713,0.39359510757092686,0.11768493716370713,0.07796805797565534,0.5215254714090658,0.07796805797565534,0.04047156465641743,0.6767820176658432,0.04047156465641743
12,0.9,115,3.0,128,200,600,matched,iqp-mse,11011,122,337,21e3187a25ce542a7fda12331f6df5573b7aa9cfb19c4d6a1242f48e9ab77257,74d79ae09be5a1e035971b74b6d2c9d74977b0df5bea44da9f9781fd2cfb16b2,32,299,0.5641717090038583,0.5457492724361883,1.0,-0.0,0.5457492724361883,0.46815466090916624,0.00015436474853215698,0.5455949076876563,0.11290183306671818,0.3775981039020675,0.11290183306671818,0.07759321173251336,0.5190181386790191,0.07759321173251336,0.0416755203775889,0.6969150564814197,0.0416755203775889
12,0.9,115,3.0,256,200,600,matched,iqp-parity,11907,122,337,21e3187a25ce542a7fda12331f6df5573b7aa9cfb19c4d6a1242f48e9ab77257,61f10a984a725ecb57df15dba354c7162864be813f3b0f2363dcadbfc0137a50,44,299,0.6822944580344483,0.4472266190594777,1.0,-0.0,0.4472266190594777,0.5492879928327197,0.010511700652919134,0.4367149184065586,0.12528062051583175,0.4189987308221798,0.12528062051583175,0.08502521581429018,0.5687305405638139,0.08502521581429018,0.04508860098194168,0.7539899829756134,0.04508860098194168
12,0.9,115,3.0,256,200,600,matched,iqp-mse,11907,122,337,21e3187a25ce542a7fda12331f6df5573b7aa9cfb19c4d6a1242f48e9ab77257,61f10a984a725ecb57df15dba354c7162864be813f3b0f2363dcadbfc0137a50,44,299,0.44997974997386336,0.511160106897565,1.0000000000000002,-2.2204460492503128e-16,0.5111601068975652,0.46601470041183446,0.000238965882110238,0.510921141015455,0.1162681205648988,0.38885659051805616,0.11626812056489878,0.08042181760051964,0.53793857926769,0.08042181760051963,0.043723692446656484,0.7311654255293727,0.043723692446656484
12,0.9,115,3.0,512,200,600,matched,iqp-parity,13699,122,337,21e3187a25ce542a7fda12331f6df5573b7aa9cfb19c4d6a1242f48e9ab77257,7e555228b9625d12db136d0f28553cd8daaf2792e4ab0db3a8ba814b6cf756f2,61,299,0.6854518749751151,0.7382066692887537,1.0,-0.0,0.7382066692887537,0.49395243641840836,0.0005802083062440254,0.73762646098251,0.11596962610031383,0.3878582812719526,0.11596962610031383,0.07503546483206903,0.5019094637596592,0.07503546483206903,0.0380483217101457,0.6362595603703294,0.0380483217101457
12,0.9,115,3.0,512,200,600,matched,iqp-mse,13699,122,337,21e3187a25ce542a7fda12331f6df5573b7aa9cfb19c4d6a1242f48e9ab77257,7e555228b9625d12db136d0f28553cd8daaf2792e4ab0db3a8ba814b6cf756f2,61,299,0.5758285829797387,0.5457359570313345,1.0,-0.0,0.5457359570313345,0.4705138289077052,8.245947049622445e-05,0.5456534975608383,0.11681162819419785,0.39067434178661486,0.11681162819419785,0.0802693467163896,0.5369187071330408,0.0802693467163896,0.042875746117381854,0.7169857210264524,0.042875746117381854
12,0.9,116,0.5,128,200,600,matched,iqp-parity,11012,123,338,b240340bda42b13e461b839e854e8931eb9b197c11fad589d1f07877b5a6c105,f32e1d595a0b88de840e4794a6d444b1cd136c25e431c182ef5dee2775d01b5b,123,305,0.6726200840203092,0.7750537789653416,1.0,-0.0,0.7750537789653416,0.4802557502590831,0.002657504029781252,0.7723962749355604,0.09639935726039717,0.3160634664275317,0.09639935726039717,0.06557252863292481,0.4299837943142611,0.06557252863292481,0.03607631550833007,0.5914150083332799,0.03607631550833007
12,0.9,116,0.5,128,200,600,matched,iqp-mse,11012,123,338,b240340bda42b13e461b839e854e8931eb9b197c11fad589d1f07877b5a6c105,f32e1d595a0b88de840e4794a6d444b1cd136c25e431c182ef5dee2775d01b5b,123,305,0.4577477079583332,0.4633883340743482,1.0,-0.0,0.4633883340743482,0.4593587508494283,0.006592693674952667,0.4567956403993956,0.11337602174945792,0.37172466147363253,0.11337602174945792,0.07829040678698157,0.5133797166359447,0.07829040678698157,0.04264931907242767,0.6991691651217651,0.04264931907242767
12,0.9,116,0.5,256,200,600,matched,iqp-parity,11908,123,338,b240340bda42b13e461b839e854e8931eb9b197c11fad589d1f07877b5a6c105,15001d513c5fb807476078950d36b57d460430a2f538d3d6fb071110aecbe82b,240,305,0.6836924579693004,0.4502506714264949,1.0,-0.0,0.4502506714264949,0.46430214963245886,0.005501379543347805,0.44474929188314694,0.11623576457577463,0.38110086746155614,0.11623576457577463,0.08106686359236434,0.5315859907696022,0.08106686359236434,0.04438145673489504,0.7275648645064761,0.04438145673489504
12,0.9,116,0.5,256,200,600,matched,iqp-mse,11908,123,338,b240340bda42b13e461b839e854e8931eb9b197c11fad589d1f07877b5a6c105,15001d513c5fb807476078950d36b57d460430a2f538d3d6fb071110aecbe82b,240,305,0.4966359999962151,0.3967808207472693,1.0,-0.0,0.3967808207472693,0.45563480995366423,0.007480973081006183,0.389299847666263,0.11946776177283894,0.3916975795830785,0.11946776177283894,0.08272694392427797,0.5424717634378884,0.08272694392427797,0.044686084796616045,0.7325587671576401,0.044686084796616045
12,0.9,116,0.5,512,200,600,matched,iqp-parity,13700,123,338,b240340bda42b13e461b839e854e8931eb9b197c11fad589d1f07877b5a6c105,0cb0b130f7d8d206838110801074a43641ea91b07626fd277062c8482766186b,464,305,0.6091510840924457,0.46056624001436236,1.0,-0.0,0.46056624001436236,0.46480698742739457,0.005395551357744201,0.45517068865661814,0.11525631862067504,0.37788956924811484,0.11525631862067504,0.08034317668017947,0.5268405028208489,0.08034317668017947,0.044043306906047915,0.7220214246893101,0.044043306906047915
12,0.9,116,0.5,512,200,600,matched,iqp-mse,13700,123,338,b240340bda42b13e461b839e854e8931eb9b197c11fad589d1f07877b5a6c105,0cb0b130f7d8d206838110801074a43641ea91b07626fd277062c8482766186b,464,305,0.44244720798451453,0.44880164819915075,1.0,-0.0,0.44880164819915075,0.45344538107982735,0.00802987580507894,0.44077177239407184,0.11797795575443205,0.3868129696866625,0.11797795575443205,0.08139605471781974,0.5337446211004573,0.08139605471781974,0.04398826706694886,0.7211191322450633,0.04398826706694886
12,0.9,116,1.0,128,200,600,matched,iqp-parity,11012,123,338,b240340bda42b13e461b839e854e8931eb9b197c11fad589d1f07877b5a6c105,b94306ecae309a7ce6df11acffe3505428f7a82c591d4f8985be70e62e13d83e,105,305,0.594770250027068,0.6392138599635145,1.0,-0.0,0.6392138599635145,0.4527451482909966,0.008209605004754775,0.6310042549587598,0.10442900828613083,0.3423901911020683,0.10442900828613083,0.07081879226675875,0.4643855230607131,0.07081879226675875,0.03848197682506619,0.6308520790994457,0.03848197682506619
12,0.9,116,1.0,128,200,600,matched,iqp-mse,11012,123,338,b240340bda42b13e461b839e854e8931eb9b197c11fad589d1f07877b5a6c105,b94306ecae309a7ce6df11acffe3505428f7a82c591d4f8985be70e62e13d83e,105,305,0.497227624990046,0.4633883340743482,1.0,-0.0,0.4633883340743482,0.4593587508494283,0.006592693674952667,0.4567956403993956,0.11337602174945792,0.37172466147363253,0.11337602174945792,0.07829040678698157,0.5133797166359447,0.07829040678698157,0.04264931907242767,0.6991691651217651,0.04264931907242767
12,0.9,116,1.0,256,200,600,matched,iqp-parity,11908,123,338,b240340bda42b13e461b839e854e8931eb9b197c11fad589d1f07877b5a6c105,99b03bfd718b891712d186f8264a593e37a96add4fad49b27e739d43b36bbbf0,175,305,0.6387919589178637,0.5379478838355505,0.9999999999999998,2.2204460492503136e-16,0.5379478838355503,0.4516692526585988,0.008489706837534583,0.5294581769980157,0.10758152543781853,0.3527263129108804,0.10758152543781854,0.07378475265800868,0.48383444365907335,0.07378475265800868,0.04045409163966035,0.6631818301583664,0.04045409163966035
12,0.9,116,1.0,256,200,600,matched,iqp-mse,11908,123,338,b240340bda42b13e461b839e854e8931eb9b197c11fad589d1f07877b5a6c105,99b03bfd718b891712d186f8264a593e37a96add4fad49b27e739d43b36bbbf0,175,305,0.4684232090367004,0.3967808207472693,1.0,-0.0,0.3967808207472693,0.45563480995366423,0.007480973081006183,0.389299847666263,0.11946776177283894,0.3916975795830785,0.11946776177283894,0.08272694392427797,0.5424717634378884,0.08272694392427797,0.044686084796616045,0.7325587671576401,0.044686084796616045
12,0.9,116,1.0,512,200,600,matched,iqp-parity,13700,123,338,b240340bda42b13e461b839e854e8931eb9b197c11fad589d1f07877b5a6c105,67eaeaae05cc33550f061649f99bb92951375c55491458d36e2f1c224114a8b1,273,305,0.665457500028424,0.4098380853949779,1.0,-0.0,0.4098380853949779,0.4691261588681321,0.004532574164562944,0.4053055112304149,0.11746234045242201,0.38512242771285904,0.11746234045242201,0.08132104926775054,0.53325278208361,0.08132104926775054,0.044179787976822954,0.7242588192921796,0.044179787976822954
12,0.9,116,1.0,512,200,600,matched,iqp-mse,13700,123,338,b240340bda42b13e461b839e854e8931eb9b197c11fad589d1f07877b5a6c105,67eaeaae05cc33550f061649f99bb92951375c55491458d36e2f1c224114a8b1,273,305,0.49715691700112075,0.44880164819915075,1.0,-0.0,0.44880164819915075,0.45344538107982735,0.00802987580507894,0.44077177239407184,0.11797795575443205,0.3868129696866625,0.11797795575443205,0.08139605471781974,0.5337446211004573,0.08139605471781974,0.04398826706694886,0.7211191322450633,0.04398826706694886
12,0.9,116,2.0,128,200,600,matched,iqp-parity,11012,123,338,b240340bda42b13e461b839e854e8931eb9b197c11fad589d1f07877b5a6c105,d28d6419b329c5d354e0a3fd7d6a45b3e73424c70f2f7a617ac1ee73b2fbe8d4,41,305,0.6084736669436097,1.125837377851098,1.0,-0.0,1.125837377851098,0.4596811794067319,0.006518463529227338,1.1193189143218705,0.09001076575146316,0.29511726475889566,0.09001076575146316,0.05742070931714728,0.3765292414239166,0.05742070931714728,0.02953666640357057,0.4842076459601733,0.02953666640357057
12,0.9,116,2.0,128,200,600,matched,iqp-mse,11012,123,338,b240340bda42b13e461b839e854e8931eb9b197c11fad589d1f07877b5a6c105,d28d6419b329c5d354e0a3fd7d6a45b3e73424c70f2f7a617ac1ee73b2fbe8d4,41,305,0.47242591599933803,0.4633883340743482,1.0,-0.0,0.4633883340743482,0.4593587508494283,0.006592693674952667,0.4567956403993956,0.11337602174945792,0.37172466147363253,0.11337602174945792,0.07829040678698157,0.5133797166359447,0.07829040678698157,0.04264931907242767,0.6991691651217651,0.04264931907242767
12,0.9,116,2.0,256,200,600,matched,iqp-parity,11908,123,338,b240340bda42b13e461b839e854e8931eb9b197c11fad589d1f07877b5a6c105,d48d00dab22d9dcc2f77fdea6b756ba892fea2b82a18211a499d526b02e0565e,59,305,0.6729726250050589,0.9723537546983283,1.0,-0.0,0.9723537546983283,0.45754505413230917,0.007018197458245917,0.9653355572400821,0.09794114307729189,0.32111850189276026,0.09794114307729189,0.06333617752878015,0.4153191969100338,0.06333617752878015,0.03265482507918631,0.5353250012981362,0.03265482507918631
12,0.9,116,2.0,256,200,600,matched,iqp-mse,11908,123,338,b240340bda42b13e461b839e854e8931eb9b197c11fad589d1f07877b5a6c105,d48d00dab22d9dcc2f77fdea6b756ba892fea2b82a18211a499d526b02e0565e,59,305,0.4786512090358883,0.3967808207472693,1.0,-0.0,0.3967808207472693,0.45563480995366423,0.007480973081006183,0.389299847666263,0.11946776177283894,0.3916975795830785,0.11946776177283894,0.08272694392427797,0.5424717634378884,0.08272694392427797,0.044686084796616045,0.7325587671576401,0.044686084796616045
12,0.9,116,2.0,512,200,600,matched,iqp-parity,13700,123,338,b240340bda42b13e461b839e854e8931eb9b197c11fad589d1f07877b5a6c105,4b774c30d2dadd0ba79d44923c3465d50bf5beb8544ebb6fa76e4e48a8e30ffa,84,305,0.5969835829455405,0.5389866561077545,1.0,-0.0,0.5389866561077545,0.5098568519205164,9.366451921942118e-05,0.5388929915885351,0.11624978926011113,0.38114685003315124,0.11624978926011113,0.07835938225406545,0.513832014780757,0.07835938225406545,0.04179339824411043,0.6851376761329578,0.04179339824411043
12,0.9,116,2.0,512,200,600,matched,iqp-mse,13700,123,338,b240340bda42b13e461b839e854e8931eb9b197c11fad589d1f07877b5a6c105,4b774c30d2dadd0ba79d44923c3465d50bf5beb8544ebb6fa76e4e48a8e30ffa,84,305,0.4338844580342993,0.44880164819915075,1.0,-0.0,0.44880164819915075,0.45344538107982735,0.00802987580507894,0.44077177239407184,0.11797795575443205,0.3868129696866625,0.11797795575443205,0.08139605471781974,0.5337446211004573,0.08139605471781974,0.04398826706694886,0.7211191322450633,0.04398826706694886
12,0.9,116,3.0,128,200,600,matched,iqp-parity,11012,123,338,b240340bda42b13e461b839e854e8931eb9b197c11fad589d1f07877b5a6c105,7c5979b1da1e0b41115cdc308b1efd4fceab03b51c320d852a52de3855422459,24,305,0.6001487079774961,1.14942280220511,1.0,-0.0,1.14942280220511,0.5784678846455998,0.0077415963419740705,1.141681205863136,0.0997574230879568,0.3270735183211699,0.0997574230879568,0.0663006628922183,0.4347584451948741,0.0663006628922183,0.034845493688389864,0.5712376014490141,0.034845493688389864
12,0.9,116,3.0,128,200,600,matched,iqp-mse,11012,123,338,b240340bda42b13e461b839e854e8931eb9b197c11fad589d1f07877b5a6c105,7c5979b1da1e0b41115cdc308b1efd4fceab03b51c320d852a52de3855422459,24,305,0.4774749999633059,0.4633883340743482,1.0,-0.0,0.4633883340743482,0.4593587508494283,0.006592693674952667,0.4567956403993956,0.11337602174945792,0.37172466147363253,0.11337602174945792,0.07829040678698157,0.5133797166359447,0.07829040678698157,0.04264931907242767,0.6991691651217651,0.04264931907242767
12,0.9,116,3.0,256,200,600,matched,iqp-parity,11908,123,338,b240340bda42b13e461b839e854e8931eb9b197c11fad589d1f07877b5a6c105,ef668fb7a02be6ef1983e3c5196f26ef69e648f119ac55db747c4cb95071410a,40,305,0.6425341250142083,0.586764022462472,1.0,-0.0,0.586764022462472,0.511543447757965,5.318086673376278e-05,0.5867108415957383,0.11045749316821288,0.36215571530561597,0.11045749316821288,0.07529721791806163,0.493752248643027,0.07529721791806163,0.040818121507916666,0.6691495329166666,0.040818121507916666
12,0.9,116,3.0,256,200,600,matched,iqp-mse,11908,123,338,b240340bda42b13e461b839e854e8931eb9b197c11fad589d1f07877b5a6c105,ef668fb7a02be6ef1983e3c5196f26ef69e648f119ac55db747c4cb95071410a,40,305,0.45146166696213186,0.3967808207472693,1.0,-0.0,0.3967808207472693,0.45563480995366423,0.007480973081006183,0.389299847666263,0.11946776177283894,0.3916975795830785,0.11946776177283894,0.08272694392427797,0.5424717634378884,0.08272694392427797,0.044686084796616045,0.7325587671576401,0.044686084796616045
12,0.9,116,3.0,512,200,600,matched,iqp-parity,13700,123,338,b240340bda42b13e461b839e854e8931eb9b197c11fad589d1f07877b5a6c105,75b5a25c10a845738329560f8e14fc8fd7f9eda5edc89f7e54c2e9f8dd31f80f,61,305,0.6753170840675011,0.6320731269143043,1.0,-0.0,0.6320731269143043,0.4884597695523627,0.0015951305864064513,0.6304779963278977,0.11270501859422766,0.36952465112861527,0.11270501859422766,0.07513153874673571,0.4926658278474473,0.07513153874673571,0.039808485214776944,0.6525981182750319,0.039808485214776944
12,0.9,116,3.0,512,200,600,matched,iqp-mse,13700,123,338,b240340bda42b13e461b839e854e8931eb9b197c11fad589d1f07877b5a6c105,75b5a25c10a845738329560f8e14fc8fd7f9eda5edc89f7e54c2e9f8dd31f80f,61,305,0.44235074997413903,0.44880164819915075,1.0,-0.0,0.44880164819915075,0.45344538107982735,0.00802987580507894,0.44077177239407184,0.11797795575443205,0.3868129696866625,0.11797795575443205,0.08139605471781974,0.5337446211004573,0.08139605471781974,0.04398826706694886,0.7211191322450633,0.04398826706694886
12,0.9,117,0.5,128,200,600,matched,iqp-parity,11013,124,339,2ff937c83d36f7b3a5406c91e8755c50ce932575e34db68925452587b0ab77d6,c263420319519c4baff8e4999b2131b55d19413ccea36673ce1bd1ef32c2a805,123,296,0.6370894591091201,0.7934265293934027,1.0,-0.0,0.7934265293934027,0.42315033011150605,0.004177092409092802,0.78924943698431,0.09652741426397535,0.32610612927018695,0.09652741426397535,0.06572361940803655,0.44407850951376043,0.06572361940803655,0.03589731932225706,0.6063736372002883,0.03589731932225706
12,0.9,117,0.5,128,200,600,matched,iqp-mse,11013,124,339,2ff937c83d36f7b3a5406c91e8755c50ce932575e34db68925452587b0ab77d6,c263420319519c4baff8e4999b2131b55d19413ccea36673ce1bd1ef32c2a805,123,296,0.4978762089740485,0.6346446492343774,1.0,-0.0,0.6346446492343774,0.42841462991746776,0.0032574885834817935,0.6313871606508958,0.1057439884105066,0.35724320408954935,0.1057439884105066,0.07330374823988754,0.4952955962154563,0.07330374823988754,0.039465034669253905,0.6666390991428025,0.039465034669253905
12,0.9,117,0.5,256,200,600,matched,iqp-parity,11909,124,339,2ff937c83d36f7b3a5406c91e8755c50ce932575e34db68925452587b0ab77d6,65ec164cb8a530d5fe6b1fbe5c47c2a2fe93464303f74b82d7d8eae5e566c536,244,296,0.5824522079201415,0.6044762960641396,1.0,-0.0,0.6044762960641396,0.417603654085785,0.005272389859727944,0.5992039062044117,0.10891671035361362,0.3679618593027487,0.10891671035361362,0.07599131871073474,0.5134548561536131,0.07599131871073474,0.04111958228915695,0.6945875386681917,0.04111958228915695
12,0.9,117,0.5,256,200,600,matched,iqp-mse,11909,124,339,2ff937c83d36f7b3a5406c91e8755c50ce932575e34db68925452587b0ab77d6,65ec164cb8a530d5fe6b1fbe5c47c2a2fe93464303f74b82d7d8eae5e566c536,244,296,0.4245992499636486,0.5457755353672442,1.0,-0.0,0.5457755353672442,0.43634797421507715,0.0020901662319871006,0.5436853691352572,0.1088304017484245,0.3676702761771098,0.1088304017484245,0.07595832971536205,0.5132319575362301,0.07595832971536205,0.04116493473082999,0.695353627209966,0.04116493473082999
12,0.9,117,0.5,512,200,600,matched,iqp-parity,13701,124,339,2ff937c83d36f7b3a5406c91e8755c50ce932575e34db68925452587b0ab77d6,51d624913dc90961639dd2f09c3a83af8ea68b059d2f2295bdd7cd2a104bf062,467,296,0.5529052499914542,0.5887849623819665,0.9999999999999999,1.1102230246251565e-16,0.5887849623819664,0.4287677359763207,0.0031999609518295405,0.585585001430137,0.10862906289119266,0.36699007733511035,0.10862906289119266,0.0758802742901616,0.5127045560146054,0.0758802742901616,0.0411034281777854,0.6943146651652939,0.04110342817778541
12,0.9,117,0.5,512,200,600,matched,iqp-mse,13701,124,339,2ff937c83d36f7b3a5406c91e8755c50ce932575e34db68925452587b0ab77d6,51d624913dc90961639dd2f09c3a83af8ea68b059d2f2295bdd7cd2a104bf062,467,296,0.4550052919657901,0.6002024550426969,1.0,-0.0,0.6002024550426969,0.44199228730720874,0.0014182185300469392,0.5987842365126501,0.10704904187753093,0.36165216850517207,0.10704904187753093,0.0739524400728475,0.49967864914086146,0.0739524400728475,0.04025171192341484,0.6799275662738993,0.04025171192341484
12,0.9,117,1.0,128,200,600,matched,iqp-parity,11013,124,339,2ff937c83d36f7b3a5406c91e8755c50ce932575e34db68925452587b0ab77d6,765657858c9443c322f080673c96eb6aa3a2878c0bf2f1dfdf5baa5e4a78a332,97,296,0.8993764580227435,0.6043083997070176,1.0,-0.0,0.6043083997070176,0.46420162384147023,3.6957302855651804e-05,0.604271442404162,0.10830821024275544,0.3659061156849846,0.10830821024275544,0.07303933784565433,0.4935090394976644,0.07303933784565433,0.03896360377967605,0.6581689827647982,0.03896360377967605
12,0.9,117,1.0,128,200,600,matched,iqp-mse,11013,124,339,2ff937c83d36f7b3a5406c91e8755c50ce932575e34db68925452587b0ab77d6,765657858c9443c322f080673c96eb6aa3a2878c0bf2f1dfdf5baa5e4a78a332,97,296,0.5149140829453245,0.6346446492343774,1.0,-0.0,0.6346446492343774,0.42841462991746776,0.0032574885834817935,0.6313871606508958,0.1057439884105066,0.35724320408954935,0.1057439884105066,0.07330374823988754,0.4952955962154563,0.07330374823988754,0.039465034669253905,0.6666390991428025,0.039465034669253905
12,0.9,117,1.0,256,200,600,matched,iqp-parity,11909,124,339,2ff937c83d36f7b3a5406c91e8755c50ce932575e34db68925452587b0ab77d6,cc6685f4608154ea0057d0a4e7da2e31111fc39c6fd22e03079193e4953d27fd,166,296,0.5910084169590846,0.47868711484916354,1.0,-0.0,0.47868711484916354,0.45058447075684593,0.0006461512670823989,0.47804096358208126,0.11717448750477719,0.39585975508370674,0.11717448750477719,0.07942098739007546,0.5366282931761855,0.07942098739007546,0.04187059539162241,0.7072735708044326,0.04187059539162241
12,0.9,117,1.0,256,200,600,matched,iqp-mse,11909,124,339,2ff937c83d36f7b3a5406c91e8755c50ce932575e34db68925452587b0ab77d6,cc6685f4608154ea0057d0a4e7da2e31111fc39c6fd22e03079193e4953d27fd,166,296,0.41221716604195535,0.5457755353672442,1.0,-0.0,0.5457755353672442,0.43634797421507715,0.0020901662319871006,0.5436853691352572,0.1088304017484245,0.3676702761771098,0.1088304017484245,0.07595832971536205,0.5132319575362301,0.07595832971536205,0.04116493473082999,0.695353627209966,0.04116493473082999
12,0.9,117,1.0,512,200,600,matched,iqp-parity,13701,124,339,2ff937c83d36f7b3a5406c91e8755c50ce932575e34db68925452587b0ab77d6,6d2e8203ab09f7481803ba6cac1d0fef11989f0d29cc5ddaeca62054fed6f238,266,296,0.5525409579277039,0.5162541482214307,1.0,-0.0,0.5162541482214307,0.464679090859007,2.9183445041274132e-05,0.5162249647763896,0.11814707355727222,0.39914551877456833,0.11814707355727222,0.08042700843628708,0.5434257326776154,0.08042700843628708,0.04231726234555438,0.714818620701932,0.04231726234555438
12,0.9,117,1.0,512,200,600,matched,iqp-mse,13701,124,339,2ff937c83d36f7b3a5406c91e8755c50ce932575e34db68925452587b0ab77d6,6d2e8203ab09f7481803ba6cac1d0fef11989f0d29cc5ddaeca62054fed6f238,266,296,0.39774108305573463,0.6002024550426969,1.0,-0.0,0.6002024550426969,0.44199228730720874,0.0014182185300469392,0.5987842365126501,0.10704904187753093,0.36165216850517207,0.10704904187753093,0.0739524400728475,0.49967864914086146,0.0739524400728475,0.04025171192341484,0.6799275662738993,0.04025171192341484
12,0.9,117,2.0,128,200,600,matched,iqp-parity,11013,124,339,2ff937c83d36f7b3a5406c91e8755c50ce932575e34db68925452587b0ab77d6,47550421c3636a28f549763e3e291f7c1975221d0542a90053759f4c0c171a5e,42,296,0.5632234999211505,0.5479740222018988,0.9999999999999999,1.1102230246251565e-16,0.5479740222018987,0.452144434128434,0.000538268221549499,0.5474357539803494,0.11479369858334147,0.3878165492680455,0.11479369858334147,0.07763896815674241,0.5245876226806919,0.07763896815674244,0.04117351600484718,0.695498581162959,0.04117351600484718
12,0.9,117,2.0,128,200,600,matched,iqp-mse,11013,124,339,2ff937c83d36f7b3a5406c91e8755c50ce932575e34db68925452587b0ab77d6,47550421c3636a28f549763e3e291f7c1975221d0542a90053759f4c0c171a5e,42,296,0.3925366660114378,0.6346446492343774,1.0,-0.0,0.6346446492343774,0.42841462991746776,0.0032574885834817935,0.6313871606508958,0.1057439884105066,0.35724320408954935,0.1057439884105066,0.07330374823988754,0.4952955962154563,0.07330374823988754,0.039465034669253905,0.6666390991428025,0.039465034669253905
12,0.9,117,2.0,256,200,600,matched,iqp-parity,11909,124,339,2ff937c83d36f7b3a5406c91e8755c50ce932575e34db68925452587b0ab77d6,dadec0da9f8dc2a6f54aa65075cd29f5ff9629971cc9b1425199cd6408648062,59,296,0.5138160419883206,0.8534500346946977,1.0,-0.0,0.8534500346946977,0.42451893239443816,0.003926821804891671,0.8495232128898063,0.11257788655450142,0.38033069781926154,0.11257788655450142,0.07398514992621642,0.4998996616636245,0.07398514992621642,0.03725050785894874,0.6292315516714314,0.03725050785894874
12,0.9,117,2.0,256,200,600,matched,iqp-mse,11909,124,339,2ff937c83d36f7b3a5406c91e8755c50ce932575e34db68925452587b0ab77d6,dadec0da9f8dc2a6f54aa65075cd29f5ff9629971cc9b1425199cd6408648062,59,296,0.39624358306173235,0.5457755353672442,1.0,-0.0,0.5457755353672442,0.43634797421507715,0.0020901662319871006,0.5436853691352572,0.1088304017484245,0.3676702761771098,0.1088304017484245,0.07595832971536205,0.5132319575362301,0.07595832971536205,0.04116493473082999,0.695353627209966,0.04116493473082999
12,0.9,117,2.0,512,200,600,matched,iqp-parity,13701,124,339,2ff937c83d36f7b3a5406c91e8755c50ce932575e34db68925452587b0ab77d6,24f95bfd52c3f3d2c98931fb18163579577384289930fa8ba980f3e9731f5494,87,296,0.5752044579712674,0.5408035830621376,1.0,-0.0,0.5408035830621376,0.45289507929541967,0.0004898794858459281,0.5403137035762918,0.11741496135388436,0.39667216673609584,0.11741496135388436,0.07856478308555655,0.5308431289564631,0.07856478308555655,0.041061379371556656,0.6936043812762949,0.041061379371556656
12,0.9,117,2.0,512,200,600,matched,iqp-mse,13701,124,339,2ff937c83d36f7b3a5406c91e8755c50ce932575e34db68925452587b0ab77d6,24f95bfd52c3f3d2c98931fb18163579577384289930fa8ba980f3e9731f5494,87,296,0.48289300000760704,0.6002024550426969,1.0,-0.0,0.6002024550426969,0.44199228730720874,0.0014182185300469392,0.5987842365126501,0.10704904187753093,0.36165216850517207,0.10704904187753093,0.0739524400728475,0.49967864914086146,0.0739524400728475,0.04025171192341484,0.6799275662738993,0.04025171192341484
12,0.9,117,3.0,128,200,600,matched,iqp-parity,11013,124,339,2ff937c83d36f7b3a5406c91e8755c50ce932575e34db68925452587b0ab77d6,cb92562c0d864890194e7bd6f7d2e8cdcec662b15a29bcc0cbef594b04fde3a3,28,296,0.6075715830083936,0.49469575192531035,1.0,-0.0,0.49469575192531035,0.5118438384113757,0.003760762993415191,0.4909349889318953,0.11614162588657957,0.392370357724931,0.11614162588657957,0.0800209640968288,0.5406821898434377,0.0800209640968288,0.04336132643438449,0.7324548384186569,0.04336132643438449
12,0.9,117,3.0,128,200,600,matched,iqp-mse,11013,124,339,2ff937c83d36f7b3a5406c91e8755c50ce932575e34db68925452587b0ab77d6,cb92562c0d864890194e7bd6f7d2e8cdcec662b15a29bcc0cbef594b04fde3a3,28,296,0.44280170800630003,0.6346446492343774,1.0,-0.0,0.6346446492343774,0.42841462991746776,0.0032574885834817935,0.6313871606508958,0.1057439884105066,0.35724320408954935,0.1057439884105066,0.07330374823988754,0.4952955962154563,0.07330374823988754,0.039465034669253905,0.6666390991428025,0.039465034669253905
12,0.9,117,3.0,256,200,600,matched,iqp-parity,11909,124,339,2ff937c83d36f7b3a5406c91e8755c50ce932575e34db68925452587b0ab77d6,0f4e46a98fff8532683c9b626d5b4b09425e0e856864e19fb002c204a202b1b8,43,296,0.5804024999961257,0.7808437541480062,1.0,-0.0,0.7808437541480062,0.4458528730528228,0.0010339942704650738,0.7798097598775414,0.1126747336479289,0.38065788394570577,0.1126747336479289,0.07428388384844926,0.5019181341111437,0.07428388384844926,0.03820754921295218,0.6453977907593273,0.03820754921295218
12,0.9,117,3.0,256,200,600,matched,iqp-mse,11909,124,339,2ff937c83d36f7b3a5406c91e8755c50ce932575e34db68925452587b0ab77d6,0f4e46a98fff8532683c9b626d5b4b09425e0e856864e19fb002c204a202b1b8,43,296,0.48764758405741304,0.5457755353672442,1.0,-0.0,0.5457755353672442,0.43634797421507715,0.0020901662319871006,0.5436853691352572,0.1088304017484245,0.3676702761771098,0.1088304017484245,0.07595832971536205,0.5132319575362301,0.07595832971536205,0.04116493473082999,0.695353627209966,0.04116493473082999
12,0.9,117,3.0,512,200,600,matched,iqp-parity,13701,124,339,2ff937c83d36f7b3a5406c91e8755c50ce932575e34db68925452587b0ab77d6,d2b20c47112a31e4a8ad6ee892133e696d1b9328e93796e1ebfbb7c0df5b3e6b,66,296,0.6436142500024289,0.466854115102668,1.0,-0.0,0.466854115102668,0.46879174257664,1.826593035232269e-07,0.46685393244336476,0.12129720532212278,0.4097878558179824,0.12129720532212278,0.08212018198281189,0.5548660944784587,0.08212018198281189,0.043304828714495,0.7315004850421453,0.043304828714495
12,0.9,117,3.0,512,200,600,matched,iqp-mse,13701,124,339,2ff937c83d36f7b3a5406c91e8755c50ce932575e34db68925452587b0ab77d6,d2b20c47112a31e4a8ad6ee892133e696d1b9328e93796e1ebfbb7c0df5b3e6b,66,296,0.5444902500603348,0.6002024550426969,1.0,-0.0,0.6002024550426969,0.44199228730720874,0.0014182185300469392,0.5987842365126501,0.10704904187753093,0.36165216850517207,0.10704904187753093,0.0739524400728475,0.49967864914086146,0.0739524400728475,0.04025171192341484,0.6799275662738993,0.04025171192341484
12,0.9,118,0.5,128,200,600,matched,iqp-parity,11014,125,340,f9372f8f74b3a18b86f9a9dd960278381003e836073cde71119d3b892dde9434,f58b02125cdb4c83d38102ac21ace6a84c727ebff4ddbce77bee599748a25a3b,127,287,0.554314290988259,0.5918219776271431,1.0,-0.0,0.5918219776271431,0.4223677559461917,0.0011529227524479137,0.5906690548746952,0.10085713031180857,0.35141857251501246,0.10085713031180857,0.06960745562956755,0.48506937720953,0.06960745562956755,0.03799303393643397,0.6618995459309053,0.03799303393643397
12,0.9,118,0.5,128,200,600,matched,iqp-mse,11014,125,340,f9372f8f74b3a18b86f9a9dd960278381003e836073cde71119d3b892dde9434,f58b02125cdb4c83d38102ac21ace6a84c727ebff4ddbce77bee599748a25a3b,127,287,0.5153012499213219,0.4410203523808923,1.0,-0.0,0.4410203523808923,0.46788084426902876,0.0009512188122661365,0.44006913356862637,0.11300424501061337,0.39374301397426265,0.11300424501061337,0.0774566889554775,0.5397678672855575,0.0774566889554775,0.04121225627775342,0.7179835588458784,0.04121225627775342
12,0.9,118,0.5,256,200,600,matched,iqp-parity,11910,125,340,f9372f8f74b3a18b86f9a9dd960278381003e836073cde71119d3b892dde9434,d669f1ad0bebd8ca196c19dd748a99ea5e85e94dd46b1831eaf952f7af7df051,249,287,0.7895585000514984,0.5257620485369674,1.0,-0.0,0.5257620485369674,0.4887964138655706,0.0036498567177731325,0.5221121918191942,0.10986680212754629,0.38281115723883724,0.10986680212754629,0.07530196954922869,0.5247524010399212,0.07530196954922869,0.040367740046614586,0.7032707325194179,0.040367740046614586
12,0.9,118,0.5,256,200,600,matched,iqp-mse,11910,125,340,f9372f8f74b3a18b86f9a9dd960278381003e836073cde71119d3b892dde9434,d669f1ad0bebd8ca196c19dd748a99ea5e85e94dd46b1831eaf952f7af7df051,249,287,0.5508936670375988,0.4004660978311093,0.9999999999999999,1.1102230246251565e-16,0.4004660978311092,0.4724791612872452,0.0013949437567208033,0.3990711540743883,0.11805418457530144,0.41133862221359385,0.11805418457530144,0.08160181888305729,0.5686537901258348,0.08160181888305729,0.04344668897044759,0.756910957673303,0.04344668897044759
12,0.9,118,0.5,512,200,600,matched,iqp-parity,13702,125,340,f9372f8f74b3a18b86f9a9dd960278381003e836073cde71119d3b892dde9434,69bb4a1fd97394a1f2acfb9449d613b0f7f3511d1c6a53ffe50cb1ea93863053,478,287,0.700682875001803,0.4939698068847598,1.0,-0.0,0.4939698068847598,0.47247245518684433,0.0013942352007863222,0.4925755716839736,0.11282928981441194,0.393133413987498,0.11282928981441194,0.07728780048783243,0.5385909441660797,0.07728780048783243,0.04102034854019159,0.7146402184702368,0.04102034854019159
12,0.9,118,0.5,512,200,600,matched,iqp-mse,13702,125,340,f9372f8f74b3a18b86f9a9dd960278381003e836073cde71119d3b892dde9434,69bb4a1fd97394a1f2acfb9449d613b0f7f3511d1c6a53ffe50cb1ea93863053,478,287,0.47860670799855143,0.4335840127222827,1.0000000000000002,-2.2204460492503128e-16,0.4335840127222829,0.4679515932985632,0.0009574065217791451,0.43262660620050397,0.11806657312978232,0.41138178790864915,0.1180665731297823,0.08060985165405248,0.5617411265090765,0.08060985165405246,0.042474092833024724,0.7399667740945074,0.04247409283302472
12,0.9,118,1.0,128,200,600,matched,iqp-parity,11014,125,340,f9372f8f74b3a18b86f9a9dd960278381003e836073cde71119d3b892dde9434,0f5197427894834f20c97af31a285f2bbf5cf64c2c1978819c19e783b64851ff,91,287,0.5760057918960229,0.49767610137127305,1.0,-0.0,0.49767610137127305,0.4675002475661801,0.0009182748899690743,0.49675782648130407,0.1156602866446932,0.4029975144414397,0.1156602866446932,0.07780434957792345,0.5421905893931949,0.07780434957792345,0.04075231995324047,0.709970730892691,0.04075231995324047
12,0.9,118,1.0,128,200,600,matched,iqp-mse,11014,125,340,f9372f8f74b3a18b86f9a9dd960278381003e836073cde71119d3b892dde9434,0f5197427894834f20c97af31a285f2bbf5cf64c2c1978819c19e783b64851ff,91,287,0.44037758302874863,0.4410203523808923,1.0,-0.0,0.4410203523808923,0.46788084426902876,0.0009512188122661365,0.44006913356862637,0.11300424501061337,0.39374301397426265,0.11300424501061337,0.0774566889554775,0.5397678672855575,0.0774566889554775,0.04121225627775342,0.7179835588458784,0.04121225627775342
12,0.9,118,1.0,256,200,600,matched,iqp-parity,11910,125,340,f9372f8f74b3a18b86f9a9dd960278381003e836073cde71119d3b892dde9434,9d173e5afd9baa0622a26e631153b8a76ba1e86791b395b29825d5b35a04c64b,153,287,0.6224927499424666,0.44614700594809475,1.0,-0.0,0.44614700594809475,0.47651108269943754,0.0018534170857677605,0.44429358886232706,0.11793174915126542,0.41091201794866,0.11793174915126542,0.0797086266354093,0.5554608127903087,0.0797086266354093,0.04205951528026374,0.7327441686457098,0.04205951528026374
12,0.9,118,1.0,256,200,600,matched,iqp-mse,11910,125,340,f9372f8f74b3a18b86f9a9dd960278381003e836073cde71119d3b892dde9434,9d173e5afd9baa0622a26e631153b8a76ba1e86791b395b29825d5b35a04c64b,153,287,0.4300018750363961,0.4004660978311093,0.9999999999999999,1.1102230246251565e-16,0.4004660978311092,0.4724791612872452,0.0013949437567208033,0.3990711540743883,0.11805418457530144,0.41133862221359385,0.11805418457530144,0.08160181888305729,0.5686537901258348,0.08160181888305729,0.04344668897044759,0.756910957673303,0.04344668897044759
12,0.9,118,1.0,512,200,600,matched,iqp-parity,13702,125,340,f9372f8f74b3a18b86f9a9dd960278381003e836073cde71119d3b892dde9434,3672d037714419789c221c8c7564a09d4bd2e60bbf08a0fa3cd13f9a40a45c57,258,287,0.6127215420128778,0.3818924107567644,1.0,-0.0,0.3818924107567644,0.48533037676815527,0.003082125120686542,0.37881028563607794,0.1226078065160224,0.4272049007526913,0.1226078065160224,0.08386958263104398,0.5844570218191218,0.08386958263104398,0.0443212648381568,0.7721474710480278,0.0443212648381568
12,0.9,118,1.0,512,200,600,matched,iqp-mse,13702,125,340,f9372f8f74b3a18b86f9a9dd960278381003e836073cde71119d3b892dde9434,3672d037714419789c221c8c7564a09d4bd2e60bbf08a0fa3cd13f9a40a45c57,258,287,0.4043938749236986,0.4335840127222827,1.0000000000000002,-2.2204460492503128e-16,0.4335840127222829,0.4679515932985632,0.0009574065217791451,0.43262660620050397,0.11806657312978232,0.41138178790864915,0.1180665731297823,0.08060985165405248,0.5617411265090765,0.08060985165405246,0.042474092833024724,0.7399667740945074,0.04247409283302472
12,0.9,118,2.0,128,200,600,matched,iqp-parity,11014,125,340,f9372f8f74b3a18b86f9a9dd960278381003e836073cde71119d3b892dde9434,af461982f8fd28c2021d0ee0d8693d910a2bc5a58176546cf5deca43924dbd4a,43,287,0.6360279578948393,0.5751178657693143,1.0,-0.0,0.5751178657693143,0.505578718906667,0.007076950942731149,0.5680409148265831,0.1113306603658103,0.3879117085916735,0.1113306603658103,0.07366109497629421,0.5133177350264405,0.07366109497629421,0.03866967967538852,0.6736877992227965,0.03866967967538852
12,0.9,118,2.0,128,200,600,matched,iqp-mse,11014,125,340,f9372f8f74b3a18b86f9a9dd960278381003e836073cde71119d3b892dde9434,af461982f8fd28c2021d0ee0d8693d910a2bc5a58176546cf5deca43924dbd4a,43,287,0.421753374976106,0.4410203523808923,1.0,-0.0,0.4410203523808923,0.46788084426902876,0.0009512188122661365,0.44006913356862637,0.11300424501061337,0.39374301397426265,0.11300424501061337,0.0774566889554775,0.5397678672855575,0.0774566889554775,0.04121225627775342,0.7179835588458784,0.04121225627775342
12,0.9,118,2.0,256,200,600,matched,iqp-parity,11910,125,340,f9372f8f74b3a18b86f9a9dd960278381003e836073cde71119d3b892dde9434,b5edb1c8d4b3174c711dcd48ab89001c8f5478b81abb4a2e83a95893d8925e21,65,287,0.6266124580288306,0.4743128585725075,1.0,-0.0,0.4743128585725075,0.5003940325198648,0.0058980006011662145,0.4684148579713413,0.11296810031377727,0.3936170742640323,0.11296810031377727,0.07623748948611385,0.531271703735985,0.07623748948611385,0.040544574934483185,0.706351479694829,0.040544574934483185
12,0.9,118,2.0,256,200,600,matched,iqp-mse,11910,125,340,f9372f8f74b3a18b86f9a9dd960278381003e836073cde71119d3b892dde9434,b5edb1c8d4b3174c711dcd48ab89001c8f5478b81abb4a2e83a95893d8925e21,65,287,0.4281232919311151,0.4004660978311093,0.9999999999999999,1.1102230246251565e-16,0.4004660978311092,0.4724791612872452,0.0013949437567208033,0.3990711540743883,0.11805418457530144,0.41133862221359385,0.11805418457530144,0.08160181888305729,0.5686537901258348,0.08160181888305729,0.04344668897044759,0.756910957673303,0.04344668897044759
12,0.9,118,2.0,512,200,600,matched,iqp-parity,13702,125,340,f9372f8f74b3a18b86f9a9dd960278381003e836073cde71119d3b892dde9434,5acbf74ae2e9e8a1a4fb070e1975a0e7985410d95eb0df75d2dc8cbbd577c6ea,90,287,0.5874612919287756,0.35348524454882246,1.0,-0.0,0.35348524454882246,0.4925559309142823,0.00431981073123671,0.34916543381758575,0.12297189656603379,0.428473507198724,0.12297189656603379,0.08461954736230402,0.5896832568801674,0.08461954736230402,0.0449903565291214,0.7838041207164007,0.0449903565291214
12,0.9,118,2.0,512,200,600,matched,iqp-mse,13702,125,340,f9372f8f74b3a18b86f9a9dd960278381003e836073cde71119d3b892dde9434,5acbf74ae2e9e8a1a4fb070e1975a0e7985410d95eb0df75d2dc8cbbd577c6ea,90,287,0.4826622079126537,0.4335840127222827,1.0000000000000002,-2.2204460492503128e-16,0.4335840127222829,0.4679515932985632,0.0009574065217791451,0.43262660620050397,0.11806657312978232,0.41138178790864915,0.1180665731297823,0.08060985165405248,0.5617411265090765,0.08060985165405246,0.042474092833024724,0.7399667740945074,0.04247409283302472
12,0.9,118,3.0,128,200,600,matched,iqp-parity,11014,125,340,f9372f8f74b3a18b86f9a9dd960278381003e836073cde71119d3b892dde9434,aa80c52f6f025b9c76124c04d75fbc01bf4d8ffbee3fcc50201ef7bb7c78cb46,27,287,0.6650413750903681,0.6246008166346707,1.0,-0.0,0.6246008166346707,0.5344404486909845,0.015622182363749099,0.6089786342709217,0.10816679195892397,0.37688777686036223,0.10816679195892397,0.07343695683002585,0.5117557967249188,0.07343695683002585,0.039250639500956315,0.6838090505393086,0.039250639500956315
12,0.9,118,3.0,128,200,600,matched,iqp-mse,11014,125,340,f9372f8f74b3a18b86f9a9dd960278381003e836073cde71119d3b892dde9434,aa80c52f6f025b9c76124c04d75fbc01bf4d8ffbee3fcc50201ef7bb7c78cb46,27,287,0.42423720902297646,0.4410203523808923,1.0,-0.0,0.4410203523808923,0.46788084426902876,0.0009512188122661365,0.44006913356862637,0.11300424501061337,0.39374301397426265,0.11300424501061337,0.0774566889554775,0.5397678672855575,0.0774566889554775,0.04121225627775342,0.7179835588458784,0.04121225627775342
12,0.9,118,3.0,256,200,600,matched,iqp-parity,11910,125,340,f9372f8f74b3a18b86f9a9dd960278381003e836073cde71119d3b892dde9434,180059678ffaaf4cd9c5cdae99cac106997e4bf7196f468d7ee3a7992035cec0,40,287,0.6223338750423864,0.4029974212262068,0.9999999999999999,1.1102230246251565e-16,0.4029974212262067,0.4973162893794992,0.005249035720963052,0.3977483855052436,0.11867423882936691,0.4134990899977941,0.11867423882936691,0.08153699103665371,0.5682020281299911,0.08153699103665371,0.04318801677392979,0.752404473413411,0.0431880167739298
12,0.9,118,3.0,256,200,600,matched,iqp-mse,11910,125,340,f9372f8f74b3a18b86f9a9dd960278381003e836073cde71119d3b892dde9434,180059678ffaaf4cd9c5cdae99cac106997e4bf7196f468d7ee3a7992035cec0,40,287,0.44410758395679295,0.4004660978311093,0.9999999999999999,1.1102230246251565e-16,0.4004660978311092,0.4724791612872452,0.0013949437567208033,0.3990711540743883,0.11805418457530144,0.41133862221359385,0.11805418457530144,0.08160181888305729,0.5686537901258348,0.08160181888305729,0.04344668897044759,0.756910957673303,0.04344668897044759
12,0.9,118,3.0,512,200,600,matched,iqp-parity,13702,125,340,f9372f8f74b3a18b86f9a9dd960278381003e836073cde71119d3b892dde9434,e3615a834b8f4db9562e311bfc9e482544006ee9b791796358484ad0255f7257,60,287,0.6182639999315143,0.38004482749320323,1.0,-0.0,0.38004482749320323,0.495938013473612,0.004970688893226549,0.37507413859997685,0.12193347609071528,0.42485531738925186,0.12193347609071528,0.08331713352121696,0.5806072022384458,0.08331713352121696,0.04419610954758396,0.7699670652889192,0.04419610954758396
12,0.9,118,3.0,512,200,600,matched,iqp-mse,13702,125,340,f9372f8f74b3a18b86f9a9dd960278381003e836073cde71119d3b892dde9434,e3615a834b8f4db9562e311bfc9e482544006ee9b791796358484ad0255f7257,60,287,0.4351988749112934,0.4335840127222827,1.0000000000000002,-2.2204460492503128e-16,0.4335840127222829,0.4679515932985632,0.0009574065217791451,0.43262660620050397,0.11806657312978232,0.41138178790864915,0.1180665731297823,0.08060985165405248,0.5617411265090765,0.08060985165405246,0.042474092833024724,0.7399667740945074,0.04247409283302472
12,0.9,119,0.5,128,200,600,matched,iqp-parity,11015,126,341,9cc5a5818d004f0f1492c246ba3ab8685b2df3f7dfd15cdf113ebebec42d8dee,435e937abb4817dd539df23189cf2f9eff169a27b3f5b9cd20f2c5a3974f47fb,125,295,0.5577978750225157,0.7104343551299559,1.0,-0.0,0.7104343551299559,0.5199877158897095,0.006337763175558911,0.7040965919543973,0.10740656439951875,0.36409004881192797,0.10740656439951875,0.0720479520288828,0.48846069172123935,0.0720479520288828,0.03817173372447055,0.6469785377028907,0.03817173372447055
12,0.9,119,0.5,128,200,600,matched,iqp-mse,11015,126,341,9cc5a5818d004f0f1492c246ba3ab8685b2df3f7dfd15cdf113ebebec42d8dee,435e937abb4817dd539df23189cf2f9eff169a27b3f5b9cd20f2c5a3974f47fb,125,295,0.4143603330012411,0.4437895675141896,1.0,-0.0,0.4437895675141896,0.4805528634931728,0.0005684987428701618,0.4432210687713195,0.12167258436929003,0.41244943853996624,0.12167258436929003,0.08342198616581316,0.565572787564835,0.08342198616581316,0.04413921906858661,0.7481223570946882,0.04413921906858661
12,0.9,119,0.5,256,200,600,matched,iqp-parity,11911,126,341,9cc5a5818d004f0f1492c246ba3ab8685b2df3f7dfd15cdf113ebebec42d8dee,6ca491e0dd1f22a1f2898f493c1121fb0046e28dae223b379b5f6ab22b0991b9,244,295,0.5589285409078002,0.5783885274003202,1.0,-0.0,0.5783885274003202,0.5198833498990432,0.006314255714601098,0.5720742716857191,0.11399634562770747,0.38642829026341513,0.11399634562770747,0.07679916806375756,0.5206723258559834,0.07679916806375756,0.04060825180760494,0.6882754543661854,0.04060825180760494
12,0.9,119,0.5,256,200,600,matched,iqp-mse,11911,126,341,9cc5a5818d004f0f1492c246ba3ab8685b2df3f7dfd15cdf113ebebec42d8dee,6ca491e0dd1f22a1f2898f493c1121fb0046e28dae223b379b5f6ab22b0991b9,244,295,0.41413874994032085,0.41438050745497984,1.0,-0.0,0.41438050745497984,0.48243157891542976,0.000702276028373628,0.4136782314266063,0.12318178762128552,0.4175653817670696,0.12318178762128552,0.08507498841443277,0.5767795824707306,0.08507498841443277,0.045254657082671006,0.7670280861469662,0.045254657082671006
12,0.9,119,0.5,512,200,600,matched,iqp-parity,13703,126,341,9cc5a5818d004f0f1492c246ba3ab8685b2df3f7dfd15cdf113ebebec42d8dee,b085178e094739b9ff85b4aa8a0b105aef4c6d9a7f16bd859cd43c8fa01cc271,475,295,0.5535528329201043,0.4986358067534141,1.0,-0.0,0.4986358067534141,0.4998691209358233,0.002616572501776597,0.49601923425163763,0.1179509295955518,0.3998336596459383,0.1179509295955518,0.0807415899226188,0.5474006096448732,0.0807415899226188,0.04324903424550238,0.7330344787373285,0.04324903424550238
12,0.9,119,0.5,512,200,600,matched,iqp-mse,13703,126,341,9cc5a5818d004f0f1492c246ba3ab8685b2df3f7dfd15cdf113ebebec42d8dee,b085178e094739b9ff85b4aa8a0b105aef4c6d9a7f16bd859cd43c8fa01cc271,475,295,0.41472116706427187,0.4932146551952068,0.9999999999999999,1.1102230246251565e-16,0.4932146551952067,0.4777744052646802,0.0003965060795607187,0.492818149115646,0.11595884295552679,0.3930808235780569,0.11595884295552679,0.07956104903054279,0.5393969425799511,0.07956104903054279,0.042539588053577826,0.7210099670097936,0.04253958805357783
12,0.9,119,1.0,128,200,600,matched,iqp-parity,11015,126,341,9cc5a5818d004f0f1492c246ba3ab8685b2df3f7dfd15cdf113ebebec42d8dee,e9bbfe354b4f21c0a038562a111cc180d95ec4d468c5effd473a83c363a9704d,101,295,0.5746122080599889,0.5943411544160028,0.9999999999999999,1.1102230246251565e-16,0.5943411544160027,0.5337497788067331,0.009824751888980673,0.584516402527022,0.11264967747091202,0.3818633134607187,0.11264967747091202,0.07690345358878076,0.5213793463646154,0.07690345358878076,0.040884596990664226,0.6929592710282072,0.040884596990664226
12,0.9,119,1.0,128,200,600,matched,iqp-mse,11015,126,341,9cc5a5818d004f0f1492c246ba3ab8685b2df3f7dfd15cdf113ebebec42d8dee,e9bbfe354b4f21c0a038562a111cc180d95ec4d468c5effd473a83c363a9704d,101,295,0.4493382079526782,0.4437895675141896,1.0,-0.0,0.4437895675141896,0.4805528634931728,0.0005684987428701618,0.4432210687713195,0.12167258436929003,0.41244943853996624,0.12167258436929003,0.08342198616581316,0.565572787564835,0.08342198616581316,0.04413921906858661,0.7481223570946882,0.04413921906858661
12,0.9,119,1.0,256,200,600,matched,iqp-parity,11911,126,341,9cc5a5818d004f0f1492c246ba3ab8685b2df3f7dfd15cdf113ebebec42d8dee,d16d55d8ee050d5d1c0a89ca475701b105371856f77d0b3701eccfcdb160b180,172,295,0.6260729579953477,0.44684992091811127,1.0,-0.0,0.44684992091811127,0.49591888960273295,0.002076498862292369,0.444773422055819,0.12153761865268868,0.4119919276362328,0.12153761865268868,0.08296977838997578,0.5625069721354291,0.08296977838997578,0.043649331548371445,0.7398191787859567,0.043649331548371445
12,0.9,119,1.0,256,200,600,matched,iqp-mse,11911,126,341,9cc5a5818d004f0f1492c246ba3ab8685b2df3f7dfd15cdf113ebebec42d8dee,d16d55d8ee050d5d1c0a89ca475701b105371856f77d0b3701eccfcdb160b180,172,295,0.43006824993062764,0.41438050745497984,1.0,-0.0,0.41438050745497984,0.48243157891542976,0.000702276028373628,0.4136782314266063,0.12318178762128552,0.4175653817670696,0.12318178762128552,0.08507498841443277,0.5767795824707306,0.08507498841443277,0.045254657082671006,0.7670280861469662,0.045254657082671006
12,0.9,119,1.0,512,200,600,matched,iqp-parity,13703,126,341,9cc5a5818d004f0f1492c246ba3ab8685b2df3f7dfd15cdf113ebebec42d8dee,a56289775eec0ce432a321db146cf9b88569ccab3daaa3aefaeb57ea0050cb73,271,295,0.5641611670143902,0.4706521308763963,1.0,-0.0,0.4706521308763963,0.49836767387619574,0.00240394574082433,0.4682481851355721,0.12045833645619426,0.4083333439193026,0.12045833645619426,0.08249461019749207,0.559285492864353,0.08249461019749207,0.043545425291786434,0.7380580557929903,0.043545425291786434
12,0.9,119,1.0,512,200,600,matched,iqp-mse,13703,126,341,9cc5a5818d004f0f1492c246ba3ab8685b2df3f7dfd15cdf113ebebec42d8dee,a56289775eec0ce432a321db146cf9b88569ccab3daaa3aefaeb57ea0050cb73,271,295,0.42327454208862036,0.4932146551952068,0.9999999999999999,1.1102230246251565e-16,0.4932146551952067,0.4777744052646802,0.0003965060795607187,0.492818149115646,0.11595884295552679,0.3930808235780569,0.11595884295552679,0.07956104903054279,0.5393969425799511,0.07956104903054279,0.042539588053577826,0.7210099670097936,0.04253958805357783
12,0.9,119,2.0,128,200,600,matched,iqp-parity,11015,126,341,9cc5a5818d004f0f1492c246ba3ab8685b2df3f7dfd15cdf113ebebec42d8dee,779b6bf15ca191cee29ee2210a211ac05a2dee3b6de67f8aa35acdae7981b44f,48,295,0.57001666596625,0.6103207711813519,1.0,-0.0,0.6103207711813519,0.574435643135411,0.024726016647048155,0.5855947545343037,0.12063999473951802,0.4089491347102306,0.12063999473951802,0.0815388899000007,0.5528060332203437,0.0815388899000007,0.042732372341144104,0.7242774973075272,0.042732372341144104
12,0.9,119,2.0,128,200,600,matched,iqp-mse,11015,126,341,9cc5a5818d004f0f1492c246ba3ab8685b2df3f7dfd15cdf113ebebec42d8dee,779b6bf15ca191cee29ee2210a211ac05a2dee3b6de67f8aa35acdae7981b44f,48,295,0.4452142500085756,0.4437895675141896,1.0,-0.0,0.4437895675141896,0.4805528634931728,0.0005684987428701618,0.4432210687713195,0.12167258436929003,0.41244943853996624,0.12167258436929003,0.08342198616581316,0.565572787564835,0.08342198616581316,0.04413921906858661,0.7481223570946882,0.04413921906858661
12,0.9,119,2.0,256,200,600,matched,iqp-parity,11911,126,341,9cc5a5818d004f0f1492c246ba3ab8685b2df3f7dfd15cdf113ebebec42d8dee,6c6c708568a41453e30e852900942130d415148cb08970b54eeac77142deaa96,70,295,0.8906035410473123,0.8154256618009146,1.0,-0.0,0.8154256618009146,0.5992195492450771,0.03731710556406735,0.7781085562368475,0.1139334323979593,0.3862150250778282,0.1139334323979593,0.07720206009853989,0.5234037972782365,0.07720206009853989,0.04103070576786393,0.6954356909807446,0.04103070576786393
12,0.9,119,2.0,256,200,600,matched,iqp-mse,11911,126,341,9cc5a5818d004f0f1492c246ba3ab8685b2df3f7dfd15cdf113ebebec42d8dee,6c6c708568a41453e30e852900942130d415148cb08970b54eeac77142deaa96,70,295,0.44274637498892844,0.41438050745497984,1.0,-0.0,0.41438050745497984,0.48243157891542976,0.000702276028373628,0.4136782314266063,0.12318178762128552,0.4175653817670696,0.12318178762128552,0.08507498841443277,0.5767795824707306,0.08507498841443277,0.045254657082671006,0.7670280861469662,0.045254657082671006
12,0.9,119,2.0,512,200,600,matched,iqp-parity,13703,126,341,9cc5a5818d004f0f1492c246ba3ab8685b2df3f7dfd15cdf113ebebec42d8dee,8851bc19fbe925ac4230a2881685bca8aa77d927173c7879a0be501620af9389,106,295,0.6456870000110939,0.5506357924989833,1.0,-0.0,0.5506357924989833,0.5281028329775022,0.008300733202790192,0.5423350592961933,0.12034001421261532,0.4079322515681876,0.12034001421261532,0.0813053682077689,0.5512228353069079,0.0813053682077689,0.04277326407799823,0.7249705775931904,0.04277326407799823
12,0.9,119,2.0,512,200,600,matched,iqp-mse,13703,126,341,9cc5a5818d004f0f1492c246ba3ab8685b2df3f7dfd15cdf113ebebec42d8dee,8851bc19fbe925ac4230a2881685bca8aa77d927173c7879a0be501620af9389,106,295,0.46108350006397814,0.4932146551952068,0.9999999999999999,1.1102230246251565e-16,0.4932146551952067,0.4777744052646802,0.0003965060795607187,0.492818149115646,0.11595884295552679,0.3930808235780569,0.11595884295552679,0.07956104903054279,0.5393969425799511,0.07956104903054279,0.042539588053577826,0.7210099670097936,0.04253958805357783
12,0.9,119,3.0,128,200,600,matched,iqp-parity,11015,126,341,9cc5a5818d004f0f1492c246ba3ab8685b2df3f7dfd15cdf113ebebec42d8dee,9c452fd1f819d9857e3e16fdd4285bd54b8d56679a9557e7d7fc8b092b92fc6f,35,295,0.5773053340381011,0.8405562223099248,0.9999999999999999,1.1102230246251565e-16,0.8405562223099247,0.5947381579788169,0.034834848889944856,0.80572137341998,0.11484080790672149,0.38929087426007286,0.1148408079067215,0.07839305336640015,0.5314783279077977,0.07839305336640018,0.04144036485965186,0.7023790654178281,0.04144036485965186
12,0.9,119,3.0,128,200,600,matched,iqp-mse,11015,126,341,9cc5a5818d004f0f1492c246ba3ab8685b2df3f7dfd15cdf113ebebec42d8dee,9c452fd1f819d9857e3e16fdd4285bd54b8d56679a9557e7d7fc8b092b92fc6f,35,295,0.4207715829834342,0.4437895675141896,1.0,-0.0,0.4437895675141896,0.4805528634931728,0.0005684987428701618,0.4432210687713195,0.12167258436929003,0.41244943853996624,0.12167258436929003,0.08342198616581316,0.565572787564835,0.08342198616581316,0.04413921906858661,0.7481223570946882,0.04413921906858661
12,0.9,119,3.0,256,200,600,matched,iqp-parity,11911,126,341,9cc5a5818d004f0f1492c246ba3ab8685b2df3f7dfd15cdf113ebebec42d8dee,8a334b65eebc5b43c378cf962c343ed26c3ee3ce021889a6d2eb0fdf3e839a19,47,295,0.5788262919522822,0.6707255108953785,1.0000000000000002,-2.2204460492503128e-16,0.6707255108953787,0.6058912448589493,0.04118519641777968,0.6295403144775993,0.12476051834096642,0.4229170113253099,0.12476051834096642,0.08550634536692749,0.5797040363859491,0.08550634536692749,0.04480581200242024,0.7594205424139023,0.04480581200242024
12,0.9,119,3.0,256,200,600,matched,iqp-mse,11911,126,341,9cc5a5818d004f0f1492c246ba3ab8685b2df3f7dfd15cdf113ebebec42d8dee,8a334b65eebc5b43c378cf962c343ed26c3ee3ce021889a6d2eb0fdf3e839a19,47,295,0.44239029102027416,0.41438050745497984,1.0,-0.0,0.41438050745497984,0.48243157891542976,0.000702276028373628,0.4136782314266063,0.12318178762128552,0.4175653817670696,0.12318178762128552,0.08507498841443277,0.5767795824707306,0.08507498841443277,0.045254657082671006,0.7670280861469662,0.045254657082671006
12,0.9,119,3.0,512,200,600,matched,iqp-parity,13703,126,341,9cc5a5818d004f0f1492c246ba3ab8685b2df3f7dfd15cdf113ebebec42d8dee,738724b81039932ef6afcc9f23ab68d7e383b349349b0b74cf895e4252ecf05b,64,295,0.6336604160023853,0.532778139908866,0.9999999999999999,1.1102230246251565e-16,0.5327781399088659,0.5347506078711245,0.010108458427588299,0.5226696814812777,0.12041216545796098,0.4081768320608847,0.12041216545796099,0.0806592897120064,0.5468426421152977,0.0806592897120064,0.042222199875034505,0.715630506356517,0.042222199875034505
12,0.9,119,3.0,512,200,600,matched,iqp-mse,13703,126,341,9cc5a5818d004f0f1492c246ba3ab8685b2df3f7dfd15cdf113ebebec42d8dee,738724b81039932ef6afcc9f23ab68d7e383b349349b0b74cf895e4252ecf05b,64,295,0.4237421250436455,0.4932146551952068,0.9999999999999999,1.1102230246251565e-16,0.4932146551952067,0.4777744052646802,0.0003965060795607187,0.492818149115646,0.11595884295552679,0.3930808235780569,0.11595884295552679,0.07956104903054279,0.5393969425799511,0.07956104903054279,0.042539588053577826,0.7210099670097936,0.04253958805357783
12,0.9,120,0.5,128,200,600,matched,iqp-parity,11016,127,342,69e5aaf107b63f46b6b057dfe99d3189e4f485b9649136f1718f398f646e43c6,c24f11c79bf334c8dbdaefeb06c93839ae6fb53a8c0570a325d82942fd89de3d,126,294,0.663556250045076,0.5129843501881235,1.0,-0.0,0.5129843501881235,0.4673013364780356,7.235575462016548e-06,0.5129771146126615,0.11391381076052083,0.38746194136231576,0.11391381076052083,0.07754525712856503,0.5275187559766328,0.07754525712856503,0.0415539488414482,0.706699810228711,0.0415539488414482
12,0.9,120,0.5,128,200,600,matched,iqp-mse,11016,127,342,69e5aaf107b63f46b6b057dfe99d3189e4f485b9649136f1718f398f646e43c6,c24f11c79bf334c8dbdaefeb06c93839ae6fb53a8c0570a325d82942fd89de3d,126,294,0.43889891693834215,0.4186184673914305,1.0,-0.0,0.4186184673914305,0.49718289781919295,0.0015673430103699988,0.4170511243810605,0.12777543366799962,0.4346103185986382,0.12777543366799962,0.08789289132545289,0.5979108253432169,0.08789289132545289,0.04641734829851466,0.7894106853488888,0.04641734829851466
12,0.9,120,0.5,256,200,600,matched,iqp-parity,11912,127,342,69e5aaf107b63f46b6b057dfe99d3189e4f485b9649136f1718f398f646e43c6,3a198151d5bd826ba0c3f77e462a662a0972394de42d9b5737cff28a66550f5b,248,294,0.56744220899418,0.6191474511529441,1.0,-0.0,0.6191474511529441,0.49201673748064173,0.0010423899837356185,0.6181050611692085,0.10961282056141032,0.37283272299799425,0.10961282056141032,0.07261094278329572,0.49395199172310006,0.07261094278329572,0.037999639493330836,0.6462523723355584,0.037999639493330836
12,0.9,120,0.5,256,200,600,matched,iqp-mse,11912,127,342,69e5aaf107b63f46b6b057dfe99d3189e4f485b9649136f1718f398f646e43c6,3a198151d5bd826ba0c3f77e462a662a0972394de42d9b5737cff28a66550f5b,248,294,0.4170856249984354,0.4387661048530245,1.0,-0.0,0.4387661048530245,0.4894639851547313,0.0008223601968803985,0.43794374465614405,0.12525131155342645,0.4260248692293417,0.12525131155342645,0.08425731610854319,0.5731790211465523,0.08425731610854319,0.043763403881882774,0.7442755762224961,0.043763403881882774
12,0.9,120,0.5,512,200,600,matched,iqp-parity,13704,127,342,69e5aaf107b63f46b6b057dfe99d3189e4f485b9649136f1718f398f646e43c6,ad2832030769fa99add7d02d9efe956020f2bfad45ea1a1c74a87289dfbf6126,470,294,0.5445518749766052,0.44808059750648543,1.0,-0.0,0.44808059750648543,0.5072648453055039,0.002899221757141926,0.4451813757493436,0.12309327188846585,0.4186845982600879,0.12309327188846585,0.0830695474025506,0.565098961922113,0.0830695474025506,0.043637972318955366,0.742142386376792,0.043637972318955366
12,0.9,120,0.5,512,200,600,matched,iqp-mse,13704,127,342,69e5aaf107b63f46b6b057dfe99d3189e4f485b9649136f1718f398f646e43c6,ad2832030769fa99add7d02d9efe956020f2bfad45ea1a1c74a87289dfbf6126,470,294,0.41127729194704443,0.4061603912167334,1.0,-0.0,0.4061603912167334,0.4951930111722059,0.001352514207953695,0.40480787700877985,0.12921568201182454,0.43950912248919904,0.12921568201182454,0.0884170476513981,0.6014765146353612,0.0884170476513981,0.04626298565676513,0.7867854703531485,0.04626298565676513
12,0.9,120,1.0,128,200,600,matched,iqp-parity,11016,127,342,69e5aaf107b63f46b6b057dfe99d3189e4f485b9649136f1718f398f646e43c6,bac5cc658c7666659a6a0812a4c1633376ef922470fa58c3576f11ece375a5af,104,294,0.5410321250092238,0.5877948618179081,1.0,-0.0,0.5877948618179081,0.4871392814112581,0.0006446354844898347,0.5871502263334183,0.12149961042477671,0.41326398103665546,0.12149961042477671,0.08035349257844816,0.5466223984928447,0.08035349257844816,0.04156701663798766,0.7069220516664568,0.04156701663798766
12,0.9,120,1.0,128,200,600,matched,iqp-mse,11016,127,342,69e5aaf107b63f46b6b057dfe99d3189e4f485b9649136f1718f398f646e43c6,bac5cc658c7666659a6a0812a4c1633376ef922470fa58c3576f11ece375a5af,104,294,0.4337238749722019,0.4186184673914305,1.0,-0.0,0.4186184673914305,0.49718289781919295,0.0015673430103699988,0.4170511243810605,0.12777543366799962,0.4346103185986382,0.12777543366799962,0.08789289132545289,0.5979108253432169,0.08789289132545289,0.04641734829851466,0.7894106853488888,0.04641734829851466
12,0.9,120,1.0,256,200,600,matched,iqp-parity,11912,127,342,69e5aaf107b63f46b6b057dfe99d3189e4f485b9649136f1718f398f646e43c6,cf2897811f48fbf9292f9e361b98307a4269333d2fc02b6fa1ec8097fd4a0ddd,178,294,0.5908115410711616,0.5365723584429234,1.0000000000000002,-2.2204460492503128e-16,0.5365723584429236,0.48136362783170794,0.00029655414815461974,0.536275804294769,0.11850699080336936,0.4030850027325488,0.11850699080336934,0.07861272556237453,0.5347804460025478,0.07861272556237452,0.04114209317719762,0.6996954621972385,0.04114209317719762
12,0.9,120,1.0,256,200,600,matched,iqp-mse,11912,127,342,69e5aaf107b63f46b6b057dfe99d3189e4f485b9649136f1718f398f646e43c6,cf2897811f48fbf9292f9e361b98307a4269333d2fc02b6fa1ec8097fd4a0ddd,178,294,0.4365147919161245,0.4387661048530245,1.0,-0.0,0.4387661048530245,0.4894639851547313,0.0008223601968803985,0.43794374465614405,0.12525131155342645,0.4260248692293417,0.12525131155342645,0.08425731610854319,0.5731790211465523,0.08425731610854319,0.043763403881882774,0.7442755762224961,0.043763403881882774
12,0.9,120,1.0,512,200,600,matched,iqp-parity,13704,127,342,69e5aaf107b63f46b6b057dfe99d3189e4f485b9649136f1718f398f646e43c6,be8ede604a893ee87034e6fb596cea91ea3be8f191d448807bebae1ef6fbfe79,283,294,0.6571153340628371,0.4377398505253307,1.0,-0.0,0.4377398505253307,0.4867023290655997,0.0006136407583113186,0.43712620976701944,0.12503826433284224,0.42530021881919133,0.12503826433284224,0.08408148763690462,0.5719829090945893,0.08408148763690462,0.043892723371588,0.7464748872719047,0.043892723371588
12,0.9,120,1.0,512,200,600,matched,iqp-mse,13704,127,342,69e5aaf107b63f46b6b057dfe99d3189e4f485b9649136f1718f398f646e43c6,be8ede604a893ee87034e6fb596cea91ea3be8f191d448807bebae1ef6fbfe79,283,294,0.41935470793396235,0.4061603912167334,1.0,-0.0,0.4061603912167334,0.4951930111722059,0.001352514207953695,0.40480787700877985,0.12921568201182454,0.43950912248919904,0.12921568201182454,0.0884170476513981,0.6014765146353612,0.0884170476513981,0.04626298565676513,0.7867854703531485,0.04626298565676513
12,0.9,120,2.0,128,200,600,matched,iqp-parity,11016,127,342,69e5aaf107b63f46b6b057dfe99d3189e4f485b9649136f1718f398f646e43c6,e41c43a0c804429239e35f7d10feaadc699917180574a3b8ecea6c29ce552bc3,45,294,0.5877056249883026,0.6636983091012585,1.0,-0.0,0.6636983091012585,0.4837530510204495,0.0004243892968834283,0.6632739198043749,0.1164043086794209,0.39593302271911873,0.1164043086794209,0.07670496606886217,0.5218024902643684,0.07670496606886217,0.039741446128324844,0.6758749341551844,0.039741446128324844
12,0.9,120,2.0,128,200,600,matched,iqp-mse,11016,127,342,69e5aaf107b63f46b6b057dfe99d3189e4f485b9649136f1718f398f646e43c6,e41c43a0c804429239e35f7d10feaadc699917180574a3b8ecea6c29ce552bc3,45,294,0.4201417500153184,0.4186184673914305,1.0,-0.0,0.4186184673914305,0.49718289781919295,0.0015673430103699988,0.4170511243810605,0.12777543366799962,0.4346103185986382,0.12777543366799962,0.08789289132545289,0.5979108253432169,0.08789289132545289,0.04641734829851466,0.7894106853488888,0.04641734829851466
12,0.9,120,2.0,256,200,600,matched,iqp-parity,11912,127,342,69e5aaf107b63f46b6b057dfe99d3189e4f485b9649136f1718f398f646e43c6,b3b1b6a7b3197002cb9e4d885a147c2863519e9468b7ab46560d2aa8b87dfdda,66,294,0.5776376670692116,0.5698692364281699,1.0,-0.0,0.5698692364281699,0.5051459191853931,0.0025855216226832248,0.5672837148054866,0.12015122705560771,0.40867764304628473,0.12015122705560771,0.07949832750514454,0.5408049490145888,0.07949832750514454,0.041152113956858395,0.6998658836200407,0.041152113956858395
12,0.9,120,2.0,256,200,600,matched,iqp-mse,11912,127,342,69e5aaf107b63f46b6b057dfe99d3189e4f485b9649136f1718f398f646e43c6,b3b1b6a7b3197002cb9e4d885a147c2863519e9468b7ab46560d2aa8b87dfdda,66,294,0.4233970839995891,0.4387661048530245,1.0,-0.0,0.4387661048530245,0.4894639851547313,0.0008223601968803985,0.43794374465614405,0.12525131155342645,0.4260248692293417,0.12525131155342645,0.08425731610854319,0.5731790211465523,0.08425731610854319,0.043763403881882774,0.7442755762224961,0.043763403881882774
12,0.9,120,2.0,512,200,600,matched,iqp-parity,13704,127,342,69e5aaf107b63f46b6b057dfe99d3189e4f485b9649136f1718f398f646e43c6,e2870c0966ac2c6eeda9be223b2b76a59dd3d8bbc502a53f1293837163c5dabc,97,294,0.6546678330050781,0.8944244403191408,1.0,-0.0,0.8944244403191408,0.46987894688165743,9.267960498006737e-07,0.8944235135230911,0.112729238366136,0.3834327835582857,0.112729238366136,0.07300529789975883,0.49663467959019614,0.07300529789975883,0.03667580485393096,0.6237381777879415,0.03667580485393096
12,0.9,120,2.0,512,200,600,matched,iqp-mse,13704,127,342,69e5aaf107b63f46b6b057dfe99d3189e4f485b9649136f1718f398f646e43c6,e2870c0966ac2c6eeda9be223b2b76a59dd3d8bbc502a53f1293837163c5dabc,97,294,0.43190462491475046,0.4061603912167334,1.0,-0.0,0.4061603912167334,0.4951930111722059,0.001352514207953695,0.40480787700877985,0.12921568201182454,0.43950912248919904,0.12921568201182454,0.0884170476513981,0.6014765146353612,0.0884170476513981,0.04626298565676513,0.7867854703531485,0.04626298565676513
12,0.9,120,3.0,128,200,600,matched,iqp-parity,11016,127,342,69e5aaf107b63f46b6b057dfe99d3189e4f485b9649136f1718f398f646e43c6,cbaf162b3849a8fa0e63da82515a90fdf59fe994cde15166cbbe1292d0fc3632,28,294,0.5389675420010462,0.6151162992933947,0.9999999999999999,1.1102230246251565e-16,0.6151162992933946,0.4815579035350352,0.00030609555409349086,0.6148102037393011,0.11572804956548051,0.3936328216512942,0.11572804956548052,0.07787950672919236,0.5297925627836215,0.07787950672919236,0.04121656098723678,0.7009619215516459,0.04121656098723678
12,0.9,120,3.0,128,200,600,matched,iqp-mse,11016,127,342,69e5aaf107b63f46b6b057dfe99d3189e4f485b9649136f1718f398f646e43c6,cbaf162b3849a8fa0e63da82515a90fdf59fe994cde15166cbbe1292d0fc3632,28,294,0.4354976249160245,0.4186184673914305,1.0,-0.0,0.4186184673914305,0.49718289781919295,0.0015673430103699988,0.4170511243810605,0.12777543366799962,0.4346103185986382,0.12777543366799962,0.08789289132545289,0.5979108253432169,0.08789289132545289,0.04641734829851466,0.7894106853488888,0.04641734829851466
12,0.9,120,3.0,256,200,600,matched,iqp-parity,11912,127,342,69e5aaf107b63f46b6b057dfe99d3189e4f485b9649136f1718f398f646e43c6,f733df199e88572ef6d1cb3592bc4455a0632e1361052ecb43178197592e3baa,45,294,0.8459584160009399,0.5632958559691554,1.0,-0.0,0.5632958559691554,0.5261113145492424,0.006483910273472747,0.5568119456956826,0.12425689404321197,0.42264249674561893,0.12425689404321197,0.08193307620864339,0.557367865364921,0.08193307620864339,0.04241481338445133,0.721340363681145,0.04241481338445133
12,0.9,120,3.0,256,200,600,matched,iqp-mse,11912,127,342,69e5aaf107b63f46b6b057dfe99d3189e4f485b9649136f1718f398f646e43c6,f733df199e88572ef6d1cb3592bc4455a0632e1361052ecb43178197592e3baa,45,294,0.5071020000614226,0.4387661048530245,1.0,-0.0,0.4387661048530245,0.4894639851547313,0.0008223601968803985,0.43794374465614405,0.12525131155342645,0.4260248692293417,0.12525131155342645,0.08425731610854319,0.5731790211465523,0.08425731610854319,0.043763403881882774,0.7442755762224961,0.043763403881882774
12,0.9,120,3.0,512,200,600,matched,iqp-parity,13704,127,342,69e5aaf107b63f46b6b057dfe99d3189e4f485b9649136f1718f398f646e43c6,1a86ef47ecea21ca8deaa8202974321192f5aed4513d8e97aaf31369adfecb2e,61,294,0.6251240420388058,0.4238828757388461,0.9999999999999999,1.1102230246251565e-16,0.423882875738846,0.5084127672392611,0.0030766852584383983,0.42080619048040757,0.12589540340457644,0.4282156578386954,0.12589540340457644,0.0851605607383803,0.5793235424379612,0.0851605607383803,0.04475194660029757,0.761087527215945,0.04475194660029757
12,0.9,120,3.0,512,200,600,matched,iqp-mse,13704,127,342,69e5aaf107b63f46b6b057dfe99d3189e4f485b9649136f1718f398f646e43c6,1a86ef47ecea21ca8deaa8202974321192f5aed4513d8e97aaf31369adfecb2e,61,294,0.4549866250017658,0.4061603912167334,1.0,-0.0,0.4061603912167334,0.4951930111722059,0.001352514207953695,0.40480787700877985,0.12921568201182454,0.43950912248919904,0.12921568201182454,0.0884170476513981,0.6014765146353612,0.0884170476513981,0.04626298565676513,0.7867854703531485,0.04626298565676513
