n,beta,seed,sigma,k,m,steps,protocol,model,init_seed,sample_seed,mask_seed,samples_sha256,masks_sha256,unique_masks,elite_size,elapsed_seconds,kl,support_mass,support_kl,conditional_kl,unseen_mass,region_mass_kl,within_region_kl,coverage_1000,recovery_1000,conditional_coverage_1000,coverage_2000,recovery_2000,conditional_coverage_2000,coverage_5000,recovery_5000,conditional_coverage_5000
12,0.1,111,1.0,512,200,600,matched,iqp-parity,13695,118,333,53ba3c479c6b7c453ec9bf1f7b8021717bc2d07bb8c4924d9872862ab3916e36,46ec6552ea8abd2c67a85ebf993bb74a1984e0f557904f8a35ae4eb6d2b596da,273,340,1.1823396669933572,0.5642997404364276,1.0,-0.0,0.5642997404364276,0.8862941082159025,0.0019584340036602407,0.5623413064327671,0.10862486019663169,0.31948488293126964,0.10862486019663169,0.08309723760491647,0.48880728002892043,0.08309723760491647,0.04869049381394768,0.7160366737345247,0.04869049381394768
12,0.1,111,1.0,512,200,600,matched,iqp-mse,13695,118,333,53ba3c479c6b7c453ec9bf1f7b8021717bc2d07bb8c4924d9872862ab3916e36,46ec6552ea8abd2c67a85ebf993bb74a1984e0f557904f8a35ae4eb6d2b596da,273,340,0.7828402919694781,0.5157097035709959,1.0,-0.0,0.5157097035709959,0.8879606089078425,0.0016502838826180574,0.5140594196883778,0.12645076401341354,0.37191401180415745,0.12645076401341354,0.09321369767282733,0.5483158686636902,0.09321369767282733,0.05128469524500986,0.7541866947795567,0.05128469524500986
12,0.1,111,1.0,512,200,600,matched,ising-parity,30112,118,333,53ba3c479c6b7c453ec9bf1f7b8021717bc2d07bb8c4924d9872862ab3916e36,46ec6552ea8abd2c67a85ebf993bb74a1984e0f557904f8a35ae4eb6d2b596da,273,340,0.6709335419582203,2.503996352884545,0.5000251037343508,0.6930969743515965,1.8108993785329486,0.4399975014417629,0.0033412925649765196,1.8075580859679719,0.06303438830973994,0.18539525973452925,0.09788040730674256,0.048935466895004096,0.28785568761767116,0.06773709941255171,0.02949978408623675,0.433820354209364,0.03703976747028736
12,0.1,111,1.0,512,200,600,matched,ising-nll,30115,118,333,53ba3c479c6b7c453ec9bf1f7b8021717bc2d07bb8c4924d9872862ab3916e36,46ec6552ea8abd2c67a85ebf993bb74a1984e0f557904f8a35ae4eb6d2b596da,273,340,0.26919416594319046,0.9133173701529292,0.4999870581225703,0.6931730646497948,0.22014430550313446,0.43356642054533845,0.007050825436343826,0.21309348006679038,0.07595098089175872,0.2233852379169374,0.130921800767041,0.0654527137455434,0.3850159632090789,0.10136036919542496,0.0453316182485935,0.6666414448322573,0.058082101985078065
12,0.1,111,1.0,512,200,600,matched,transformer,35612,118,333,53ba3c479c6b7c453ec9bf1f7b8021717bc2d07bb8c4924d9872862ab3916e36,46ec6552ea8abd2c67a85ebf993bb74a1984e0f557904f8a35ae4eb6d2b596da,273,340,13.167239541071467,1.2873130152860155,0.6618715830762318,0.41268372513084856,0.8746292901551669,0.5171492679822028,0.05440211494237211,0.8202271752127948,0.06962796553526764,0.20478813392725775,0.0949699926915255,0.0574834563055745,0.3381379782680853,0.07369646046483695,0.037759727827297286,0.5552901151073131,0.0442742155560756
12,0.1,111,1.0,512,200,600,matched,maxent,36112,118,333,53ba3c479c6b7c453ec9bf1f7b8021717bc2d07bb8c4924d9872862ab3916e36,46ec6552ea8abd2c67a85ebf993bb74a1984e0f557904f8a35ae4eb6d2b596da,273,340,1.068145165918395,1.5034729243456237,0.5050342151977789,0.6831290991350101,0.8203438252106137,0.3570623269215434,0.11733133019412531,0.7030124950164881,0.05917225909012512,0.17403605614742684,0.09773850068916477,0.04919261931784083,0.28936834892847546,0.07390729317310837,0.033195455507164774,0.48816846334065844,0.04371741326046016
12,0.1,112,1.0,512,200,600,matched,iqp-parity,13696,119,334,84366733a574a8cc2b103d5cdcefb35647fbe7a0b9412d14028cd8b0e6d2eeec,b0126d22db14df8032614d0be237f7ba7f8faae015df79310d48a47a7e019709,279,339,1.1817147079855204,0.5650955802130402,1.0,-0.0,0.5650955802130402,0.8902065850121793,0.0014120962574119857,0.5636834839556283,0.1214323664069337,0.3582075705219283,0.1214323664069337,0.08940624979329245,0.5274705002554126,0.08940624979329245,0.04976879054065313,0.7340529578267423,0.04976879054065313
12,0.1,112,1.0,512,200,600,matched,iqp-mse,13696,119,334,84366733a574a8cc2b103d5cdcefb35647fbe7a0b9412d14028cd8b0e6d2eeec,b0126d22db14df8032614d0be237f7ba7f8faae015df79310d48a47a7e019709,279,339,0.8039811250055209,0.6222340264484416,0.9999999999999999,1.1102230246251565e-16,0.6222340264484415,0.8766345581858683,0.004434277536752851,0.6177997489116888,0.12368349670598583,0.3648480728790143,0.12368349670598586,0.09111028402356822,0.537523799549075,0.09111028402356822,0.05044632699774965,0.7440461209107618,0.05044632699774965
12,0.1,112,1.0,512,200,600,matched,ising-parity,30113,119,334,84366733a574a8cc2b103d5cdcefb35647fbe7a0b9412d14028cd8b0e6d2eeec,b0126d22db14df8032614d0be237f7ba7f8faae015df79310d48a47a7e019709,279,339,0.650482082972303,1.128448972474168,0.5000061062843473,0.6931349680658235,0.43531400440834445,0.4425841115306221,0.002361616291109484,0.4329523881172349,0.08449534415773645,0.24924880282518128,0.14052055301523853,0.07025270642990926,0.4144702444242434,0.10426383231913144,0.046013047587781755,0.6786585189938312,0.05709164014188063
12,0.1,112,1.0,512,200,600,matched,ising-nll,30116,119,334,84366733a574a8cc2b103d5cdcefb35647fbe7a0b9412d14028cd8b0e6d2eeec,b0126d22db14df8032614d0be237f7ba7f8faae015df79310d48a47a7e019709,279,339,0.27283570903819054,0.9397188462659147,0.4999843164192068,0.6931785482134913,0.2465402980524234,0.4310735350634922,0.009141532343430327,0.23739876570899318,0.07828666174908677,0.23093410545453327,0.13236276550803674,0.06617266369680978,0.3903991958513851,0.10044890287973805,0.04470323885485865,0.6593398061188591,0.05694190378871725
12,0.1,112,1.0,512,200,600,matched,transformer,35613,119,334,84366733a574a8cc2b103d5cdcefb35647fbe7a0b9412d14028cd8b0e6d2eeec,b0126d22db14df8032614d0be237f7ba7f8faae015df79310d48a47a7e019709,279,339,13.229284042026848,1.09907326560493,0.5129814019558747,0.6675156879658617,0.4315575776390683,0.4173914470657636,0.03342478216404446,0.3981327954750238,0.0813403479882883,0.23994202946397727,0.13158490012159416,0.06688416846253585,0.3945968640857572,0.09724390420729606,0.04341623190734456,0.6403574027631941,0.05405261653248015
12,0.1,112,1.0,512,200,600,matched,maxent,36113,119,334,84366733a574a8cc2b103d5cdcefb35647fbe7a0b9412d14028cd8b0e6d2eeec,b0126d22db14df8032614d0be237f7ba7f8faae015df79310d48a47a7e019709,279,339,1.1060028750216588,1.7388540030336173,0.5062492424712202,0.6807261569156531,1.0581278461179642,0.3468680590118042,0.1401511476286646,0.9179766984892993,0.051520073894976946,0.15197661915922403,0.0850466681781939,0.04287676663715418,0.2529602751454524,0.06479829636855276,0.029253097725149037,0.43146161836503,0.03898279291724588
12,0.1,113,1.0,512,200,600,matched,iqp-parity,13697,120,335,056f453d6005c1b706a59c7e5fba499fb139437c8937a28d522ac04edcabb113,494a09d0cb32c8fd575150abd91ad12074451b075c550159cd5a0edda3ce9c1b,296,335,0.911771250073798,0.5863381235213123,1.0,-0.0,0.5863381235213123,0.898104938755818,0.0003117022229530801,0.5860264212983592,0.11972077951074639,0.3573754612261086,0.11972077951074639,0.08870216736512017,0.5295651782992249,0.08870216736512017,0.049575211982918733,0.7399285370584886,0.049575211982918733
12,0.1,113,1.0,512,200,600,matched,iqp-mse,13697,120,335,056f453d6005c1b706a59c7e5fba499fb139437c8937a28d522ac04edcabb113,494a09d0cb32c8fd575150abd91ad12074451b075c550159cd5a0edda3ce9c1b,296,335,0.7748904579784721,0.5558646295253026,1.0,-0.0,0.5558646295253026,0.8802695332863603,0.003245606474873309,0.5526190230504292,0.11918238879731659,0.3557683247681092,0.11918238879731659,0.08861581135634178,0.5290496200378614,0.08861581135634178,0.049759536687961875,0.7426796520591324,0.049759536687961875
12,0.1,113,1.0,512,200,600,matched,ising-parity,30114,120,335,056f453d6005c1b706a59c7e5fba499fb139437c8937a28d522ac04edcabb113,494a09d0cb32c8fd575150abd91ad12074451b075c550159cd5a0edda3ce9c1b,296,335,0.5700167089235038,0.9479416216012186,0.5000000703754754,0.6931470398090043,0.25479458179221437,0.4443133808971279,0.0015209701745391886,0.25327361161767514,0.07755220622643443,0.23149912306398335,0.13112005980023533,0.06555264502940976,0.3913590748024463,0.09910719801031387,0.044020966451751145,0.6570293500261365,0.055857823611515346
12,0.1,113,1.0,512,200,600,matched,ising-nll,30117,120,335,056f453d6005c1b706a59c7e5fba499fb139437c8937a28d522ac04edcabb113,494a09d0cb32c8fd575150abd91ad12074451b075c550159cd5a0edda3ce9c1b,296,335,0.2179990829899907,0.9193163217674984,0.5000086884459161,0.6931298038190896,0.22618651794840883,0.43310288545247155,0.007348698899772008,0.21883781904863675,0.07783102435296232,0.23233141597899204,0.13298071104453288,0.06648387419421993,0.3969186519057907,0.10176334611546596,0.045337733559956274,0.6766825904471085,0.05751393724433408
12,0.1,113,1.0,512,200,600,matched,transformer,35614,120,335,056f453d6005c1b706a59c7e5fba499fb139437c8937a28d522ac04edcabb113,494a09d0cb32c8fd575150abd91ad12074451b075c550159cd5a0edda3ce9c1b,296,335,8.262455791933462,1.0949577309821241,0.4996934824035658,0.6937604037357182,0.4011973272464059,0.41806079007341457,0.019943351387980507,0.3812539758584254,0.07457986610212802,0.22262646597650157,0.1241821864051634,0.06205886110631527,0.3705006633212852,0.09283033245920037,0.04114819601723585,0.6141521793617292,0.05208033979985295
12,0.1,113,1.0,512,200,600,matched,maxent,36114,120,335,056f453d6005c1b706a59c7e5fba499fb139437c8937a28d522ac04edcabb113,494a09d0cb32c8fd575150abd91ad12074451b075c550159cd5a0edda3ce9c1b,296,335,0.5762233749264851,1.726229962395912,0.5021153985978506,0.688925308023273,1.037304654372639,0.34439199425050016,0.138130825674498,0.8991738286981411,0.059047380353471624,0.1762608368760347,0.09555370096820133,0.04790077514363772,0.28597477697694157,0.07115629999207619,0.03180848878514521,0.4747535639573912,0.042007533655310965
12,0.1,114,1.0,512,200,600,matched,iqp-parity,13698,121,336,6616cacafe3698fec8b20b697822b85db9deb90bc766c2fbdd8a966ffcc7332b,9fc9306ab4737b5804dc59a07264243c6abc622ca16efa0cd4d6bddf38b05e36,269,346,0.9642919169273227,0.5400860617784244,1.0,-0.0,0.5400860617784244,0.8918690292556817,0.001215942778367939,0.5388701190000564,0.12966908481377357,0.3747661410802704,0.12966908481377357,0.09420120905275317,0.5445156592644692,0.09420120905275317,0.05147017884006686,0.7437887115616599,0.05147017884006686
12,0.1,114,1.0,512,200,600,matched,iqp-mse,13698,121,336,6616cacafe3698fec8b20b697822b85db9deb90bc766c2fbdd8a966ffcc7332b,9fc9306ab4737b5804dc59a07264243c6abc622ca16efa0cd4d6bddf38b05e36,269,346,0.7842102498980239,0.5269452044505488,1.0,-0.0,0.5269452044505488,0.879623699648325,0.0037612416934589554,0.5231839627570898,0.11813262558114497,0.3414237733559103,0.11813262558114497,0.0903511587897618,0.5222610334668312,0.0903511587897618,0.0520206218284313,0.7517430900062326,0.0520206218284313
12,0.1,114,1.0,512,200,600,matched,ising-parity,30115,121,336,6616cacafe3698fec8b20b697822b85db9deb90bc766c2fbdd8a966ffcc7332b,9fc9306ab4737b5804dc59a07264243c6abc622ca16efa0cd4d6bddf38b05e36,269,346,0.528864708961919,1.581929203187523,0.5000015382239715,0.6931441041167345,0.8887850990707884,0.43541962536257395,0.006303674123940117,0.8824814249468482,0.06356607774930578,0.1837169877147566,0.1065811332487584,0.05328499140600236,0.3080057306705339,0.08095682959692983,0.03621730436700019,0.5233714503901762,0.04788701204230829
12,0.1,114,1.0,512,200,600,matched,ising-nll,30118,121,336,6616cacafe3698fec8b20b697822b85db9deb90bc766c2fbdd8a966ffcc7332b,9fc9306ab4737b5804dc59a07264243c6abc622ca16efa0cd4d6bddf38b05e36,269,346,0.21198491705581546,0.9053227640851865,0.4999965523204295,0.6931540759428594,0.21216868814232714,0.4356956636052717,0.006125154156349687,0.2060435339859772,0.07520496889070104,0.2173554014182111,0.1293503367019985,0.06466793800742718,0.37380310986952126,0.09994173499639318,0.044689998496029185,0.645809226821231,0.0574492764650151
12,0.1,114,1.0,512,200,600,matched,transformer,35615,121,336,6616cacafe3698fec8b20b697822b85db9deb90bc766c2fbdd8a966ffcc7332b,9fc9306ab4737b5804dc59a07264243c6abc622ca16efa0cd4d6bddf38b05e36,269,346,8.27769116696436,1.3215879444844845,0.5033241614171178,0.6865208603574029,0.6350670841270816,0.4058869524988621,0.038314237476096774,0.5967528466509846,0.06701382582820073,0.19368157753815238,0.1122221886802241,0.05635918907783145,0.3257756594094303,0.0851822882643157,0.038131046093211385,0.5510266776475634,0.04951535790439806
12,0.1,114,1.0,512,200,600,matched,maxent,36115,121,336,6616cacafe3698fec8b20b697822b85db9deb90bc766c2fbdd8a966ffcc7332b,9fc9306ab4737b5804dc59a07264243c6abc622ca16efa0cd4d6bddf38b05e36,269,346,0.5230348749319091,1.576821356331891,0.5108945390666588,0.6715920915522685,0.9052292647796224,0.3628913406475973,0.11584982570098717,0.7893794390786352,0.06184278924992716,0.1787363851153964,0.10107530017801311,0.051265335237705496,0.2963314175589913,0.07668021945715145,0.03471870289583358,0.5017153597663812,0.04577574210316023
12,0.1,115,1.0,512,200,600,matched,iqp-parity,13699,122,337,61ac308d9cd4feb5feef4f317cacaeaebe30f888f3e35ea36c2a16bd47f830f3,fae9b80b4b9bbecd172da441f7a298732dc4ec9c5fd56650a16ee48bf4f2164a,279,338,0.6195532920537516,0.5516602146720024,1.0,-0.0,0.5516602146720024,0.9019580783053626,4.574849325949268e-05,0.5516144661787428,0.11548005648207442,0.34165697184045685,0.11548005648207442,0.08625729315172853,0.5103981843297546,0.08625729315172853,0.04907412726000315,0.7259486281065556,0.04907412726000315
12,0.1,115,1.0,512,200,600,matched,iqp-mse,13699,122,337,61ac308d9cd4feb5feef4f317cacaeaebe30f888f3e35ea36c2a16bd47f830f3,fae9b80b4b9bbecd172da441f7a298732dc4ec9c5fd56650a16ee48bf4f2164a,279,338,0.42392508406192064,0.48382469097025205,1.0,-0.0,0.48382469097025205,0.8790362635137849,0.0033336057991772104,0.48049108517107475,0.11258625875832427,0.33309544011338543,0.11258625875832427,0.08580112480629352,0.5076989633508493,0.08580112480629352,0.04950604051583541,0.7323378774531866,0.04950604051583541
12,0.1,115,1.0,512,200,600,matched,ising-parity,30116,122,337,61ac308d9cd4feb5feef4f317cacaeaebe30f888f3e35ea36c2a16bd47f830f3,fae9b80b4b9bbecd172da441f7a298732dc4ec9c5fd56650a16ee48bf4f2164a,279,338,0.3610724579775706,0.8603244899124995,0.5000003555023965,0.693146469555405,0.1671780203570945,0.4474536085835638,0.0005344377539156196,0.1666435826031787,0.08313623156008279,0.24596518213042246,0.14161302864454264,0.07079852797790415,0.41892620105268724,0.10745642807143659,0.04767053196604495,0.705185384113091,0.05951635654234815
12,0.1,115,1.0,512,200,600,matched,ising-nll,30119,122,337,61ac308d9cd4feb5feef4f317cacaeaebe30f888f3e35ea36c2a16bd47f830f3,fae9b80b4b9bbecd172da441f7a298732dc4ec9c5fd56650a16ee48bf4f2164a,279,338,0.1710953749716282,0.8990138662999234,0.5000018411550026,0.6931434982567198,0.20587036804320358,0.43483852537319956,0.0059241807774406754,0.19994618726576302,0.07977056971755862,0.2360076027146705,0.1358218098548288,0.06790353816626217,0.4017960838240365,0.10343570802659098,0.046002798944139285,0.680514777280167,0.058074264690683594
12,0.1,115,1.0,512,200,600,matched,transformer,35616,122,337,61ac308d9cd4feb5feef4f317cacaeaebe30f888f3e35ea36c2a16bd47f830f3,fae9b80b4b9bbecd172da441f7a298732dc4ec9c5fd56650a16ee48bf4f2164a,279,338,8.344568290980533,1.2455024502693783,0.5004838704024893,0.692179907714215,0.5533225425551633,0.4130816105070544,0.025374360438810258,0.5279481821163531,0.07203604461495758,0.2131243923519455,0.1215015090830758,0.06078448892534203,0.3596715321026156,0.09225778232601083,0.0411083497449776,0.6081116826180119,0.05258701030435998
12,0.1,115,1.0,512,200,600,matched,maxent,36116,122,337,61ac308d9cd4feb5feef4f317cacaeaebe30f888f3e35ea36c2a16bd47f830f3,fae9b80b4b9bbecd172da441f7a298732dc4ec9c5fd56650a16ee48bf4f2164a,279,338,0.5014017090434209,1.5274630408227643,0.5006669177964844,0.6918142337354448,0.8356488070873195,0.35329295340318834,0.11745924594964656,0.718189561137673,0.060547823079414496,0.1791355712408713,0.09999409672943663,0.05003578105371584,0.2960697103770168,0.07519171317190286,0.03358301859020331,0.4967902158314099,0.04417149871557487
12,0.1,116,1.0,512,200,600,matched,iqp-parity,13700,123,338,eab5dcbd573281cce525b147e39d593cb501cfacbfc6b8f50d56a41d61976439,67eaeaae05cc33550f061649f99bb92951375c55491458d36e2f1c224114a8b1,273,342,0.6410161249805242,0.6292179170702936,1.0,-0.0,0.6292179170702936,0.9067491533158742,2.552453695048014e-07,0.6292176618249241,0.11880540471959404,0.34738422432629834,0.11880540471959404,0.08883777140956034,0.5195191310500605,0.08883777140956034,0.050420584655498916,0.73714305051899,0.050420584655498916
12,0.1,116,1.0,512,200,600,matched,iqp-mse,13700,123,338,eab5dcbd573281cce525b147e39d593cb501cfacbfc6b8f50d56a41d61976439,67eaeaae05cc33550f061649f99bb92951375c55491458d36e2f1c224114a8b1,273,342,0.4456833340227604,0.5442134922271824,0.9999999999999999,1.1102230246251565e-16,0.5442134922271823,0.8765437588081344,0.004489255639538066,0.539724236587644,0.1341775217897022,0.3923319350576087,0.1341775217897022,0.098585140880534,0.5765212916990292,0.09858514088053401,0.05383059396202056,0.7869969877488386,0.05383059396202056
12,0.1,116,1.0,512,200,600,matched,ising-parity,30117,123,338,eab5dcbd573281cce525b147e39d593cb501cfacbfc6b8f50d56a41d61976439,67eaeaae05cc33550f061649f99bb92951375c55491458d36e2f1c224114a8b1,273,342,0.37546737503726035,3.0607450495726205,0.49999997909114907,0.693147222377648,2.3675978271949725,0.4455880230575635,0.0012714361483568953,2.3663263910466155,0.061460188466878514,0.17970815341192548,0.09812242946526463,0.04905447661704685,0.2868682843102155,0.06781297029659777,0.029099692790587835,0.42543410512555313,0.03322170311127902
12,0.1,116,1.0,512,200,600,matched,ising-nll,30120,123,338,eab5dcbd573281cce525b147e39d593cb501cfacbfc6b8f50d56a41d61976439,67eaeaae05cc33550f061649f99bb92951375c55491458d36e2f1c224114a8b1,273,342,0.29225795809179544,0.8717023563608575,0.5000016907110912,0.6931437991434798,0.17855855721737768,0.439029196031268,0.004078626763147058,0.1744799304542303,0.07639679506302426,0.2233824417047493,0.13229117772454138,0.06613870653396288,0.3867760616021221,0.1027242744073903,0.045937751261057175,0.671604550600251,0.05861600970907912
12,0.1,116,1.0,512,200,600,matched,transformer,35617,123,338,eab5dcbd573281cce525b147e39d593cb501cfacbfc6b8f50d56a41d61976439,67eaeaae05cc33550f061649f99bb92951375c55491458d36e2f1c224114a8b1,273,342,8.23861804092303,1.5963976366674757,0.5534093085584688,0.5916573911013361,1.0047402455661396,0.40918659765694565,0.08891875532102747,0.9158214902451117,0.07233158484854317,0.21149586213024318,0.11530380933978422,0.06201657940588934,0.36267005500520083,0.0901829987793847,0.04242737015215951,0.6202831893590571,0.05234311679751887
12,0.1,116,1.0,512,200,600,matched,maxent,36117,123,338,eab5dcbd573281cce525b147e39d593cb501cfacbfc6b8f50d56a41d61976439,67eaeaae05cc33550f061649f99bb92951375c55491458d36e2f1c224114a8b1,273,342,0.5693624160485342,1.5243033533933867,0.5044855130195145,0.6842161551220514,0.8400871982713354,0.3708372597954938,0.09268750956252633,0.7473996887088088,0.06308163382595164,0.18444922171330888,0.10111820718373712,0.05084035828552118,0.2973120367574338,0.07512514255602526,0.03362930650014428,0.49165652777988705,0.04412560248915483
12,0.1,117,1.0,512,200,600,matched,iqp-parity,13701,124,339,23ceea7e33ef5ba19d947d36e6920e048b6156cdc232141ea7b612f5858de2fb,6d2e8203ab09f7481803ba6cac1d0fef11989f0d29cc5ddaeca62054fed6f238,266,342,0.6099669999675825,0.6460655824612795,1.0,-0.0,0.6460655824612795,0.9025642736524208,0.00011188224194528563,0.6459537002193343,0.12471634470092581,0.3646676745641106,0.12471634470092581,0.09109089151344611,0.5326952720084568,0.09109089151344611,0.05011320662811184,0.7326492197092375,0.05011320662811184
12,0.1,117,1.0,512,200,600,matched,iqp-mse,13701,124,339,23ceea7e33ef5ba19d947d36e6920e048b6156cdc232141ea7b612f5858de2fb,6d2e8203ab09f7481803ba6cac1d0fef11989f0d29cc5ddaeca62054fed6f238,266,342,0.42433470801915973,0.465093676699959,1.0,-0.0,0.465093676699959,0.8887753603104968,0.001761693850426467,0.46333198284953253,0.12459104131851012,0.36430129040500037,0.12459104131851012,0.09313364488806704,0.5446411981758307,0.09313364488806704,0.05252639555513383,0.76792975957798,0.05252639555513383
12,0.1,117,1.0,512,200,600,matched,ising-parity,30118,124,339,23ceea7e33ef5ba19d947d36e6920e048b6156cdc232141ea7b612f5858de2fb,6d2e8203ab09f7481803ba6cac1d0fef11989f0d29cc5ddaeca62054fed6f238,266,342,0.3197922499384731,0.8912323298111406,0.4999999481618912,0.6931472842361683,0.1980850455749723,0.44815098295231504,0.0006318276107563341,0.19745321796421594,0.07484471752143738,0.21884420327905668,0.12952881769844174,0.06475757237187725,0.37869925363670903,0.1007397320990078,0.045122126159364236,0.659680207008249,0.05811959956840083
12,0.1,117,1.0,512,200,600,matched,ising-nll,30121,124,339,23ceea7e33ef5ba19d947d36e6920e048b6156cdc232141ea7b612f5858de2fb,6d2e8203ab09f7481803ba6cac1d0fef11989f0d29cc5ddaeca62054fed6f238,266,342,0.14479749999009073,0.8468345126448875,0.5000012830683386,0.6931446144265607,0.1536898982183268,0.44039534124474244,0.0034975474238238824,0.15019235079450274,0.07506901375921392,0.21950004023161965,0.12987090301012302,0.06492870247790038,0.37970001449064544,0.10092167528142083,0.04518194450539181,0.6605547442308745,0.05806558874013281
12,0.1,117,1.0,512,200,600,matched,transformer,35618,124,339,23ceea7e33ef5ba19d947d36e6920e048b6156cdc232141ea7b612f5858de2fb,6d2e8203ab09f7481803ba6cac1d0fef11989f0d29cc5ddaeca62054fed6f238,266,342,4.189767208066769,1.1711796974804318,0.501939251387006,0.6892761797863874,0.4819035176940444,0.41569380493180885,0.02535065904840414,0.45655285864564005,0.059302136578436776,0.17339806017086776,0.09995814904435306,0.05010840205761935,0.2930315909802301,0.07682084269889282,0.03453382137739206,0.504880429494036,0.045656037371529214
12,0.1,117,1.0,512,200,600,matched,maxent,36118,124,339,23ceea7e33ef5ba19d947d36e6920e048b6156cdc232141ea7b612f5858de2fb,6d2e8203ab09f7481803ba6cac1d0fef11989f0d29cc5ddaeca62054fed6f238,266,342,0.1948965829797089,1.4743459890407764,0.503325046612769,0.686519101660045,0.7878268873807314,0.36489968822014907,0.10229431674491808,0.6855325706358133,0.05445985975116197,0.15923935599754963,0.09101680777019748,0.045710737170587205,0.2673142524595743,0.0696910454063328,0.03140150523135252,0.4590863337917035,0.04200192674315846
12,0.1,118,1.0,512,200,600,matched,iqp-parity,13702,125,340,aedcc8ac3b843e782d475b6a13e5a3b66539e0a2b3ae24973918ce9096c58c2c,3672d037714419789c221c8c7564a09d4bd2e60bbf08a0fa3cd13f9a40a45c57,258,342,0.6080109579488635,0.5123153947831347,1.0,-0.0,0.5123153947831347,0.8853349370092735,0.0015054657194149418,0.5108099290637197,0.12470547912331426,0.36463590386934,0.12470547912331426,0.09295428595699969,0.5435923155380098,0.09295428595699969,0.052011767810546894,0.7604059621424984,0.052011767810546894
12,0.1,118,1.0,512,200,600,matched,iqp-mse,13702,125,340,aedcc8ac3b843e782d475b6a13e5a3b66539e0a2b3ae24973918ce9096c58c2c,3672d037714419789c221c8c7564a09d4bd2e60bbf08a0fa3cd13f9a40a45c57,258,342,0.4056410000193864,0.4931103695392295,1.0,-0.0,0.4931103695392295,0.8806678432888875,0.002382317509197679,0.4907280520300317,0.12596469515000455,0.36831782207603675,0.12596469515000455,0.09290482484051843,0.5433030692427978,0.09290482484051843,0.05160017081049143,0.7543884621416876,0.05160017081049143
12,0.1,118,1.0,512,200,600,matched,ising-parity,30119,125,340,aedcc8ac3b843e782d475b6a13e5a3b66539e0a2b3ae24973918ce9096c58c2c,3672d037714419789c221c8c7564a09d4bd2e60bbf08a0fa3cd13f9a40a45c57,258,342,0.3278681250521913,0.8035517637012402,0.5000000086054068,0.6931471633491318,0.1104046003521083,0.4406805485146907,0.0022407460916693614,0.10816385426043888,0.07912244184717748,0.2313521691437938,0.1368188766061696,0.06840217477187037,0.40001271796415416,0.10618240007698404,0.04748529783144301,0.6942295004596931,0.060485474204844035
12,0.1,118,1.0,512,200,600,matched,ising-nll,30122,125,340,aedcc8ac3b843e782d475b6a13e5a3b66539e0a2b3ae24973918ce9096c58c2c,3672d037714419789c221c8c7564a09d4bd2e60bbf08a0fa3cd13f9a40a45c57,258,342,0.1534460000693798,0.9025397301798473,0.5000091469784566,0.6931288867703645,0.2094108434094828,0.4318701724786932,0.006958218119961605,0.20245262528952115,0.07648952726941469,0.22365358850706046,0.12994041553285576,0.06496395890827691,0.3799061924460638,0.09919587540754438,0.044244437055157425,0.6468484949584419,0.056788578861031884
12,0.1,118,1.0,512,200,600,matched,transformer,35619,125,340,aedcc8ac3b843e782d475b6a13e5a3b66539e0a2b3ae24973918ce9096c58c2c,3672d037714419789c221c8c7564a09d4bd2e60bbf08a0fa3cd13f9a40a45c57,258,342,4.190137666999362,1.0436669270997916,0.6905063208398564,0.37033015217055115,0.6733367749292405,0.5496691370285408,0.0412536138392621,0.6320831610899786,0.08018655529143796,0.23446361196326893,0.10174711702814032,0.06120698033777125,0.357935557530826,0.07374684886949956,0.03698689677911674,0.5407441049578471,0.04182518269066592
12,0.1,118,1.0,512,200,600,matched,maxent,36119,125,340,aedcc8ac3b843e782d475b6a13e5a3b66539e0a2b3ae24973918ce9096c58c2c,3672d037714419789c221c8c7564a09d4bd2e60bbf08a0fa3cd13f9a40a45c57,258,342,0.16573720797896385,1.4580059261547662,0.5029999341345037,0.687165239827727,0.7708406863270392,0.36463062784210165,0.09652625787697,0.6743144284500693,0.06552491138054324,0.19159330813024342,0.10727050307751006,0.053838075888966476,0.3148425490582835,0.0798600123796435,0.03559357277669065,0.5203738710042494,0.046105196730063844
12,0.1,119,1.0,512,200,600,matched,iqp-parity,13703,126,341,1c86f061df3deda4a825de4f6a0b3cb738e99ea336d32e6e88a50ca73eb42229,a56289775eec0ce432a321db146cf9b88569ccab3daaa3aefaeb57ea0050cb73,271,331,0.5989620420150459,0.6170529321405089,1.0,-0.0,0.6170529321405089,0.9026758579816443,1.925446053724594e-05,0.6170336776799717,0.12188866393084435,0.36824369767626697,0.12188866393084435,0.08836923000509729,0.533953051390316,0.08836923000509729,0.04840818026566767,0.7312413937412034,0.04840818026566767
12,0.1,119,1.0,512,200,600,matched,iqp-mse,13703,126,341,1c86f061df3deda4a825de4f6a0b3cb738e99ea336d32e6e88a50ca73eb42229,a56289775eec0ce432a321db146cf9b88569ccab3daaa3aefaeb57ea0050cb73,271,331,0.4436550419777632,0.4938488250709509,1.0,-0.0,0.4938488250709509,0.8778285400161138,0.00355378878524968,0.4902950362857012,0.12844190561200597,0.38804201091240476,0.12844190561200597,0.09353441937441834,0.5651626548303222,0.09353441937441834,0.051131087919471366,0.7723729292971505,0.051131087919471366
12,0.1,119,1.0,512,200,600,matched,ising-parity,30120,126,341,1c86f061df3deda4a825de4f6a0b3cb738e99ea336d32e6e88a50ca73eb42229,a56289775eec0ce432a321db146cf9b88569ccab3daaa3aefaeb57ea0050cb73,271,331,0.4261457090033218,3.4182013658309707,0.5000156489336156,0.6931158831824821,2.7250854826484887,0.44077474989159693,0.002687439628156405,2.7223980430203327,0.0865092341767178,0.26135720295080905,0.12661872098930754,0.06330159870053373,0.38248700121168416,0.0806926501821701,0.03406785531295734,0.5146201708905943,0.03850467263007415
12,0.1,119,1.0,512,200,600,matched,ising-nll,30123,126,341,1c86f061df3deda4a825de4f6a0b3cb738e99ea336d32e6e88a50ca73eb42229,a56289775eec0ce432a321db146cf9b88569ccab3daaa3aefaeb57ea0050cb73,271,331,0.19820887490641326,0.8834199162134261,0.5000039281181142,0.6931393243545769,0.19028059185884916,0.4359347288920339,0.005169304656719109,0.18511128720213024,0.08202762083387014,0.2478175856008161,0.13833621953044098,0.06916055209489656,0.4178885322954475,0.10399076056754668,0.04605050711978269,0.6956269957671101,0.05750546018769014
12,0.1,119,1.0,512,200,600,matched,transformer,35620,126,341,1c86f061df3deda4a825de4f6a0b3cb738e99ea336d32e6e88a50ca73eb42229,a56289775eec0ce432a321db146cf9b88569ccab3daaa3aefaeb57ea0050cb73,271,331,4.4673888749675825,1.2645434263369126,0.5042399792159991,0.6847029749957525,0.5798404513411601,0.40941001363884555,0.03294292182656677,0.5468975295145933,0.06837754715646892,0.20657869231561607,0.11336279583639854,0.05699490113448014,0.34438006727782566,0.08490274293109679,0.03781598084455177,0.57123838133764,0.048068982835749625
12,0.1,119,1.0,512,200,600,matched,maxent,36120,126,341,1c86f061df3deda4a825de4f6a0b3cb738e99ea336d32e6e88a50ca73eb42229,a56289775eec0ce432a321db146cf9b88569ccab3daaa3aefaeb57ea0050cb73,271,331,0.28682995797134936,1.4957683679572151,0.5026544886340465,0.6878522462311656,0.8079161217260495,0.3619529084245231,0.10355587972754113,0.7043602419985084,0.05928334248931459,0.17910375374415285,0.09708938717831876,0.048709120369368065,0.2943149267031303,0.07316512311251396,0.032799085518747904,0.49545446402942456,0.043333951219376624
12,0.1,120,1.0,512,200,600,matched,iqp-parity,13704,127,342,fc5074473666793c393e3475e7c3b72df9648c72467b4a8ccaac2c8b32b8b5fe,be8ede604a893ee87034e6fb596cea91ea3be8f191d448807bebae1ef6fbfe79,283,344,0.5893569169566035,0.5442316632442941,1.0,-0.0,0.5442316632442941,0.8996927686422047,0.00021317493293781901,0.544018488311356,0.13060526262964192,0.37966646113268,0.13060526262964192,0.09493943980273002,0.5519734872251746,0.09493943980273002,0.051553062057310535,0.749317762460909,0.051553062057310535
12,0.1,120,1.0,512,200,600,matched,iqp-mse,13704,127,342,fc5074473666793c393e3475e7c3b72df9648c72467b4a8ccaac2c8b32b8b5fe,be8ede604a893ee87034e6fb596cea91ea3be8f191d448807bebae1ef6fbfe79,283,344,0.4853325829608366,0.543287308136621,1.0,-0.0,0.543287308136621,0.8823129114478506,0.002836748938102804,0.5404505591985179,0.11677145547267322,0.3394519054438175,0.11677145547267322,0.08803479762857802,0.5118302187708025,0.08803479762857802,0.04996330876133221,0.7262108831588985,0.04996330876133221
12,0.1,120,1.0,512,200,600,matched,ising-parity,30121,127,342,fc5074473666793c393e3475e7c3b72df9648c72467b4a8ccaac2c8b32b8b5fe,be8ede604a893ee87034e6fb596cea91ea3be8f191d448807bebae1ef6fbfe79,283,344,0.4449264579452574,0.7848348867759305,0.5000003369799765,0.6931465066002195,0.09168838017571102,0.4477969203624972,0.0005783426031097227,0.09111003757260099,0.08215106982108498,0.2388112494798982,0.1424388306075861,0.07121177313094691,0.4140219368078309,0.11041111786715561,0.04926676270967814,0.7160866672918335,0.06192962999278984
12,0.1,120,1.0,512,200,600,matched,ising-nll,30124,127,342,fc5074473666793c393e3475e7c3b72df9648c72467b4a8ccaac2c8b32b8b5fe,be8ede604a893ee87034e6fb596cea91ea3be8f191d448807bebae1ef6fbfe79,283,344,0.19473683298565447,0.8760466080769851,0.49999948618569307,0.6931482081890872,0.1828983998878979,0.4374860275444331,0.004707084859587887,0.17819131502830976,0.08133865878017033,0.2364495894772393,0.1386577841899006,0.06932107891293729,0.4030295285635889,0.10551639954948554,0.04688565615123097,0.6814775603376594,0.05897141178809488
12,0.1,120,1.0,512,200,600,matched,transformer,35621,127,342,fc5074473666793c393e3475e7c3b72df9648c72467b4a8ccaac2c8b32b8b5fe,be8ede604a893ee87034e6fb596cea91ea3be8f191d448807bebae1ef6fbfe79,283,344,4.471124874893576,1.1492409781761825,0.5018765756456457,0.6894010547679407,0.45983992340824187,0.41257916857978216,0.027974317844923963,0.43186560556331777,0.06619775629029676,0.19243533805318824,0.10890652761879549,0.054581328145968916,0.3173333031742379,0.08155210006777137,0.03639745935076835,0.5290328394007028,0.047459779006813335
12,0.1,120,1.0,512,200,600,matched,maxent,36121,127,342,fc5074473666793c393e3475e7c3b72df9648c72467b4a8ccaac2c8b32b8b5fe,be8ede604a893ee87034e6fb596cea91ea3be8f191d448807bebae1ef6fbfe79,283,344,0.47030450007878244,1.5947432754607642,0.49825819430549834,0.696636873851869,0.8981064016088952,0.36765036403931317,0.0893750353996794,0.8087313662092157,0.05518099883307953,0.16040988032871956,0.09189367360661348,0.045835333779196734,0.26648449871626007,0.06929367886214398,0.030914341785214232,0.44933636315718356,0.04106123657551412
12,0.2,111,1.0,512,200,600,matched,iqp-parity,13695,118,333,eb495719bf421131605c075f9162b2b4ab50c544437250a32e5580f845825040,46ec6552ea8abd2c67a85ebf993bb74a1984e0f557904f8a35ae4eb6d2b596da,273,334,0.6778546250425279,0.497657840677401,1.0,-0.0,0.497657840677401,0.8832052594904649,0.0005914663937457224,0.49706637428365547,0.1435623766967618,0.42982747514000547,0.1435623766967618,0.10248934934020396,0.613708678683856,0.10248934934020396,0.05392365681540568,0.807240371488109,0.05392365681540568
12,0.2,111,1.0,512,200,600,matched,iqp-mse,13695,118,333,eb495719bf421131605c075f9162b2b4ab50c544437250a32e5580f845825040,46ec6552ea8abd2c67a85ebf993bb74a1984e0f557904f8a35ae4eb6d2b596da,273,334,0.43540779093746096,0.5159577085804016,1.0,-0.0,0.5159577085804016,0.8869779148481411,0.00025767026818193043,0.51570003831222,0.14198422616630257,0.4251024735518041,0.14198422616630257,0.10182594588849352,0.6097362029251109,0.10182594588849352,0.05377368573000438,0.804995295359347,0.05377368573000438
12,0.2,111,1.0,512,200,600,matched,ising-parity,30112,118,333,eb495719bf421131605c075f9162b2b4ab50c544437250a32e5580f845825040,46ec6552ea8abd2c67a85ebf993bb74a1984e0f557904f8a35ae4eb6d2b596da,273,334,0.3290148340165615,0.8440755345187263,0.500000013351341,0.6931471538572636,0.15092838066146275,0.4404037194484068,0.0008700009863414574,0.15005837967512153,0.09522224705829274,0.28509654807872076,0.15847682464057827,0.07922870407457089,0.47442337769204124,0.11629064895605448,0.050959214307378514,0.7628624896314149,0.06127992375508816
12,0.2,111,1.0,512,200,600,matched,ising-nll,30115,118,333,eb495719bf421131605c075f9162b2b4ab50c544437250a32e5580f845825040,46ec6552ea8abd2c67a85ebf993bb74a1984e0f557904f8a35ae4eb6d2b596da,273,334,0.1845720410346985,0.8844857611095783,0.4999996872765401,0.6931478060070607,0.1913379551025176,0.4334797807293278,0.0033984418944527743,0.187939513208065,0.09241572329069991,0.27669378230748476,0.1544523908239213,0.07721685418445977,0.4623763723620345,0.11409883228353086,0.050127878548396725,0.7504173435388731,0.060741653666817365
12,0.2,111,1.0,512,200,600,matched,transformer,35612,118,333,eb495719bf421131605c075f9162b2b4ab50c544437250a32e5580f845825040,46ec6552ea8abd2c67a85ebf993bb74a1984e0f557904f8a35ae4eb6d2b596da,273,334,5.93514449999202,1.31917776805669,0.5834184076280099,0.5388506697185294,0.7803270983381607,0.45481088732389446,0.04492908449297274,0.7353980138451883,0.09986391813483382,0.29899376687075996,0.14257644291592877,0.07785094883064389,0.46617334629128077,0.10051919014623492,0.04584441219253782,0.6862935956966739,0.05216202507373632
12,0.2,111,1.0,512,200,600,matched,maxent,36112,118,333,eb495719bf421131605c075f9162b2b4ab50c544437250a32e5580f845825040,46ec6552ea8abd2c67a85ebf993bb74a1984e0f557904f8a35ae4eb6d2b596da,273,334,0.18468429194763303,1.6371652378811388,0.509504881915146,0.6743158445887247,0.962849393292414,0.3500391681449915,0.12079606636684734,0.8420533269255669,0.060091595818019074,0.17991495753897926,0.09614442999238439,0.048647583489327684,0.29130289514567476,0.07166143401108689,0.032271530579677736,0.4831067452047565,0.04239619869058704
12,0.2,112,1.0,512,200,600,matched,iqp-parity,13696,119,334,c247750ab9fcc5dab7005926c2dcf54d0ad9a54e6792f853cff1d9206f130015,b0126d22db14df8032614d0be237f7ba7f8faae015df79310d48a47a7e019709,279,340,0.6221233330434188,0.5622921662936029,1.0,-0.0,0.5622921662936029,0.8779909944279835,0.003016645815367265,0.5592755204782358,0.12387733829868128,0.36434511264318026,0.12387733829868128,0.09162174336233479,0.5389514315431458,0.09162174336233479,0.05080233451123831,0.7470931545770341,0.05080233451123831
12,0.2,112,1.0,512,200,600,matched,iqp-mse,13696,119,334,c247750ab9fcc5dab7005926c2dcf54d0ad9a54e6792f853cff1d9206f130015,b0126d22db14df8032614d0be237f7ba7f8faae015df79310d48a47a7e019709,279,340,0.417319625033997,0.545327683261643,1.0,-0.0,0.545327683261643,0.8864912531948425,0.0013516044990989368,0.5439760787625443,0.12800323751253845,0.37648011033099543,0.12800323751253845,0.0945396594000009,0.5561156435294171,0.0945396594000009,0.05212050390212688,0.7664779985606894,0.05212050390212688
12,0.2,112,1.0,512,200,600,matched,ising-parity,30113,119,334,c247750ab9fcc5dab7005926c2dcf54d0ad9a54e6792f853cff1d9206f130015,b0126d22db14df8032614d0be237f7ba7f8faae015df79310d48a47a7e019709,279,340,0.42327379202470183,1.791053190222768,0.5000002197255119,0.6931467411090181,1.0979064491137498,0.4371799136009177,0.003901900834093898,1.0940045482796559,0.1006631476236288,0.29606808124596706,0.1537914509375944,0.07688526634808801,0.4522662726358118,0.10237103262370163,0.04367697653951843,0.6423084785223299,0.050260502175679296
12,0.2,112,1.0,512,200,600,matched,ising-nll,30116,119,334,c247750ab9fcc5dab7005926c2dcf54d0ad9a54e6792f853cff1d9206f130015,b0126d22db14df8032614d0be237f7ba7f8faae015df79310d48a47a7e019709,279,340,0.23424004204571247,0.9627791197052483,0.500006278600837,0.6931346234371123,0.269644496268136,0.4286606991767765,0.009285680686398783,0.2603588155817372,0.08486808556199137,0.24961201635879812,0.1417416252023829,0.07086317805009655,0.41684222382409736,0.10553385529443085,0.046642271576197596,0.6859157584734941,0.058257317507099865
12,0.2,112,1.0,512,200,600,matched,transformer,35613,119,334,c247750ab9fcc5dab7005926c2dcf54d0ad9a54e6792f853cff1d9206f130015,b0126d22db14df8032614d0be237f7ba7f8faae015df79310d48a47a7e019709,279,340,5.820563292014413,1.0986259698982688,0.5166808158414571,0.6603299726123361,0.4382959972859327,0.4202742276765536,0.03061194108318835,0.4076840562027444,0.09393516495595386,0.27627989692927607,0.15059563082206112,0.07687893906096287,0.4522290532997816,0.11012074781002101,0.04896068203167624,0.7200100298775918,0.05910817825665873
12,0.2,112,1.0,512,200,600,matched,maxent,36113,119,334,c247750ab9fcc5dab7005926c2dcf54d0ad9a54e6792f853cff1d9206f130015,b0126d22db14df8032614d0be237f7ba7f8faae015df79310d48a47a7e019709,279,340,0.18901645892765373,1.833396241129856,0.5043479520720465,0.6844888680188387,1.1489073731110175,0.3332616561931128,0.1599923323606249,0.9889150407503926,0.058372210052113606,0.17168297074151062,0.09397088998855797,0.047237250184507314,0.27786617755592535,0.06941203989337487,0.030998378030442045,0.4558585004476772,0.040602920344464284
12,0.2,113,1.0,512,200,600,matched,iqp-parity,13697,120,335,2ef87844e54fa1be18a75312cb7e61f972f24687edf50b30744a6074bfc0fd54,494a09d0cb32c8fd575150abd91ad12074451b075c550159cd5a0edda3ce9c1b,296,334,0.5982955839717761,0.5355214417541825,1.0,-0.0,0.5355214417541825,0.8984817310832198,0.00038094948615398014,0.5351404922680286,0.12871247374887676,0.3853666878708885,0.12871247374887676,0.09377624964014666,0.5615344289829142,0.09377624964014666,0.05123414390865471,0.7669782022253699,0.05123414390865471
12,0.2,113,1.0,512,200,600,matched,iqp-mse,13697,120,335,2ef87844e54fa1be18a75312cb7e61f972f24687edf50b30744a6074bfc0fd54,494a09d0cb32c8fd575150abd91ad12074451b075c550159cd5a0edda3ce9c1b,296,334,0.414301999961026,0.5767673697048138,1.0,-0.0,0.5767673697048138,0.8758273741003533,0.004745452299384972,0.5720219174054291,0.1371542315901413,0.41064141194653087,0.1371542315901413,0.09998354178053799,0.5987038429972334,0.09998354178053799,0.05337404267905928,0.7990126149559772,0.05337404267905928
12,0.2,113,1.0,512,200,600,matched,ising-parity,30114,120,335,2ef87844e54fa1be18a75312cb7e61f972f24687edf50b30744a6074bfc0fd54,494a09d0cb32c8fd575150abd91ad12074451b075c550159cd5a0edda3ce9c1b,296,334,0.3663493749918416,0.8784712862108665,0.4999982232792477,0.6931507340077634,0.18532055220310306,0.4471413014647562,0.0008471978812493713,0.1844733543218537,0.08734806783664255,0.26152116118755253,0.14675557195441177,0.07336894831690552,0.4393350198617097,0.10934813367338697,0.04822067834980908,0.7218664423624114,0.05930626030807285
12,0.2,113,1.0,512,200,600,matched,ising-nll,30117,120,335,2ef87844e54fa1be18a75312cb7e61f972f24687edf50b30744a6074bfc0fd54,494a09d0cb32c8fd575150abd91ad12074451b075c550159cd5a0edda3ce9c1b,296,334,0.1752492079976946,0.9363921491956542,0.5000004150478276,0.6931463504646347,0.24324579873101948,0.4313141718967013,0.009090927867804709,0.23415487086321501,0.07998456405494443,0.23947474267947433,0.13489577019541635,0.06744037198053024,0.40383456275766616,0.10187287318073458,0.04524208004900709,0.6772766474402259,0.05715072362493255
12,0.2,113,1.0,512,200,600,matched,transformer,35614,120,335,2ef87844e54fa1be18a75312cb7e61f972f24687edf50b30744a6074bfc0fd54,494a09d0cb32c8fd575150abd91ad12074451b075c550159cd5a0edda3ce9c1b,296,334,5.32715654198546,1.1671141651457693,0.5001833445554127,0.6927805586631414,0.4743336064826279,0.4096595879909288,0.03040946726220998,0.4439241392204183,0.08423779680468928,0.2522089724691296,0.13637479338935482,0.06819509592407712,0.40835386780884503,0.09919062139428485,0.043677265189698423,0.6538512752948865,0.0545978622367395
12,0.2,113,1.0,512,200,600,matched,maxent,36114,120,335,2ef87844e54fa1be18a75312cb7e61f972f24687edf50b30744a6074bfc0fd54,494a09d0cb32c8fd575150abd91ad12074451b075c550159cd5a0edda3ce9c1b,296,334,1.0915930829942226,1.8001728591252055,0.508050144030739,0.6771751275531133,1.1229977315720923,0.3447312923432414,0.14743260489204912,0.9755651266800431,0.059054042965799865,0.1768085118736523,0.09345680271547156,0.047186210194759826,0.28255215685484925,0.06866707833363608,0.030738227879085884,0.4601531119623635,0.04003038964029653
12,0.2,114,1.0,512,200,600,matched,iqp-parity,13698,121,336,8ac054798c003853a9128dde0bf32d604d543e9e2f51dc908e90409b91b8b6cb,9fc9306ab4737b5804dc59a07264243c6abc622ca16efa0cd4d6bddf38b05e36,269,329,0.5271920419763774,0.4526310502168331,1.0000000000000002,-2.2204460492503128e-16,0.4526310502168333,0.8901642958967102,0.0002936240481398577,0.45233742616869377,0.13348614370481407,0.40573295958910055,0.13348614370481407,0.0963330803057133,0.5856114304298682,0.09633308030571329,0.051831473103529604,0.7877123571964986,0.051831473103529604
12,0.2,114,1.0,512,200,600,matched,iqp-mse,13698,121,336,8ac054798c003853a9128dde0bf32d604d543e9e2f51dc908e90409b91b8b6cb,9fc9306ab4737b5804dc59a07264243c6abc622ca16efa0cd4d6bddf38b05e36,269,329,0.4415776670211926,0.4614264195027488,1.0,-0.0,0.4614264195027488,0.8856487530904371,0.0007357895594739521,0.4606906299432753,0.12847713879605732,0.3905080206567092,0.12847713879605732,0.09471482071744529,0.5757739861242875,0.09471482071744529,0.05149227842763455,0.7825574229123792,0.05149227842763455
12,0.2,114,1.0,512,200,600,matched,ising-parity,30115,121,336,8ac054798c003853a9128dde0bf32d604d543e9e2f51dc908e90409b91b8b6cb,9fc9306ab4737b5804dc59a07264243c6abc622ca16efa0cd4d6bddf38b05e36,269,329,0.3632912909379229,1.2802055375771526,0.4999890740548466,0.6931690326890081,0.5870365048881445,0.4370037678581443,0.0026879290570436185,0.5843485758311014,0.08269599469424779,0.25135560697339754,0.13293380895295176,0.06645773466415866,0.4039983870161621,0.09457177848762009,0.04125031670211688,0.6269045091507125,0.05041046471605039
12,0.2,114,1.0,512,200,600,matched,ising-nll,30118,121,336,8ac054798c003853a9128dde0bf32d604d543e9e2f51dc908e90409b91b8b6cb,9fc9306ab4737b5804dc59a07264243c6abc622ca16efa0cd4d6bddf38b05e36,269,329,0.14266029198188335,0.9340915491649839,0.49999918067204707,0.6931488192171937,0.2409427299477902,0.4302244343715129,0.00626679782570997,0.23467593212208052,0.07941735518426316,0.2413901373381859,0.13399980971962322,0.0669922255784576,0.40724757190551736,0.10094124550405155,0.04473924650869684,0.6799277584908334,0.056034122477588696
12,0.2,114,1.0,512,200,600,matched,transformer,35615,121,336,8ac054798c003853a9128dde0bf32d604d543e9e2f51dc908e90409b91b8b6cb,9fc9306ab4737b5804dc59a07264243c6abc622ca16efa0cd4d6bddf38b05e36,269,329,5.9821507500018924,1.275493107142238,0.5039670943987207,0.6852443019336081,0.5902488052086299,0.39705065594930466,0.04252846392114873,0.5477203412874815,0.06749060809793625,0.2051386264374962,0.11129969608880878,0.0559342876852348,0.34002606495583465,0.08299578757411644,0.03690810623349885,0.5609134685942074,0.04671260421893237
12,0.2,114,1.0,512,200,600,matched,maxent,36115,121,336,8ac054798c003853a9128dde0bf32d604d543e9e2f51dc908e90409b91b8b6cb,9fc9306ab4737b5804dc59a07264243c6abc622ca16efa0cd4d6bddf38b05e36,269,329,1.141353250015527,1.604725726634542,0.5051711906006673,0.6828579158628922,0.9218678107716498,0.3406757005827258,0.13828702275741384,0.7835807880142361,0.0618294639488934,0.18793150136441764,0.09985702447222139,0.050249364636489414,0.3054672622278992,0.07376496450572652,0.0329384078982552,0.5005837066604134,0.042966594744478025
12,0.2,115,1.0,512,200,600,matched,iqp-parity,13699,122,337,af559a8cca60bb3147db95654d6dffdb2b6b1f0ee7591d394af7aa2a42ff8e01,fae9b80b4b9bbecd172da441f7a298732dc4ec9c5fd56650a16ee48bf4f2164a,279,328,0.8698117079911754,0.5608873171254521,1.0000000000000002,-2.2204460492503128e-16,0.5608873171254524,0.8741445620094643,0.002561446796521639,0.5583258703289307,0.1294095678462822,0.39454136538500667,0.1294095678462822,0.0943172778940476,0.5751053530124854,0.09431727789404759,0.05103099472591962,0.7779115049682869,0.05103099472591962
12,0.2,115,1.0,512,200,600,matched,iqp-mse,13699,122,337,af559a8cca60bb3147db95654d6dffdb2b6b1f0ee7591d394af7aa2a42ff8e01,fae9b80b4b9bbecd172da441f7a298732dc4ec9c5fd56650a16ee48bf4f2164a,279,328,0.7909665000624955,0.6044568203847172,1.0,-0.0,0.6044568203847172,0.8721264101072146,0.003000333669937613,0.6014564867147798,0.12559661328179683,0.3829165039079172,0.12559661328179683,0.09143942319310061,0.5575574584945159,0.09143942319310061,0.04968851657512844,0.7574468990111043,0.04968851657512844
12,0.2,115,1.0,512,200,600,matched,ising-parity,30116,122,337,af559a8cca60bb3147db95654d6dffdb2b6b1f0ee7591d394af7aa2a42ff8e01,fae9b80b4b9bbecd172da441f7a298732dc4ec9c5fd56650a16ee48bf4f2164a,279,328,0.545735334046185,0.8625491176490039,0.49999930724533315,0.6931485660702388,0.1694005515787651,0.44149762503107176,0.0010167558026626337,0.16838379577610244,0.08525867118973483,0.2599349731394354,0.14426332154271296,0.0721232610237964,0.43977598185241706,0.10849988588575478,0.047973926632672456,0.7313098572053728,0.05916256676092623
12,0.2,115,1.0,512,200,600,matched,ising-nll,30119,122,337,af559a8cca60bb3147db95654d6dffdb2b6b1f0ee7591d394af7aa2a42ff8e01,fae9b80b4b9bbecd172da441f7a298732dc4ec9c5fd56650a16ee48bf4f2164a,279,328,0.2108264999696985,0.8559787707088196,0.5000036731769806,0.6931398342329684,0.16283893647585113,0.43593507271594323,0.0030597094367518125,0.15977922703909922,0.09238557803641793,0.2816633476720059,0.15516666196837325,0.07757436267394911,0.4730144065484702,0.11503016800018141,0.05053264273562146,0.7703146758478882,0.06086487499446125
12,0.2,115,1.0,512,200,600,matched,transformer,35616,122,337,af559a8cca60bb3147db95654d6dffdb2b6b1f0ee7591d394af7aa2a42ff8e01,fae9b80b4b9bbecd172da441f7a298732dc4ec9c5fd56650a16ee48bf4f2164a,279,328,5.453594540944323,1.2077787565983025,0.5043334713030498,0.6845175802934222,0.5232611763048802,0.4067341556630045,0.03063078290465379,0.4926303934002263,0.09309876263381492,0.28383769095675276,0.14952092443504286,0.07514458380922831,0.45819868176358725,0.10663984765144394,0.046573403091223396,0.7099604129759663,0.05563556563470523
12,0.2,115,1.0,512,200,600,matched,maxent,36116,122,337,af559a8cca60bb3147db95654d6dffdb2b6b1f0ee7591d394af7aa2a42ff8e01,fae9b80b4b9bbecd172da441f7a298732dc4ec9c5fd56650a16ee48bf4f2164a,279,328,0.4802834999281913,1.601359171870536,0.5049380153194261,0.6833195991819164,0.9180395726886196,0.3499130845773504,0.11928398639635993,0.7987555862922598,0.060854370274019645,0.18553161668908427,0.09862794186080633,0.0496209640318821,0.30256685385293963,0.0734518934082721,0.03288248054410864,0.5012573253675097,0.04310111886151906
12,0.2,116,1.0,512,200,600,matched,iqp-parity,13700,123,338,ae55fa82512918d417be10d06d9e79b7a8f5b2af6bf2f095035bc06c0e19083a,67eaeaae05cc33550f061649f99bb92951375c55491458d36e2f1c224114a8b1,273,331,0.972677749930881,0.5001662591800482,1.0,-0.0,0.5001662591800482,0.8889805789693939,0.00038648341369180994,0.49977977576635646,0.13451672148928814,0.406394928970659,0.13451672148928814,0.09754365080176666,0.5893876181375629,0.09754365080176666,0.0525022216014582,0.7930849184510302,0.0525022216014582
12,0.2,116,1.0,512,200,600,matched,iqp-mse,13700,123,338,ae55fa82512918d417be10d06d9e79b7a8f5b2af6bf2f095035bc06c0e19083a,67eaeaae05cc33550f061649f99bb92951375c55491458d36e2f1c224114a8b1,273,331,0.6418977499706671,0.5527327659384453,1.0,-0.0,0.5527327659384453,0.8779184822790136,0.0019010124224313127,0.5508317535160141,0.13673510714268378,0.4130970004310688,0.13673510714268378,0.0989851038552204,0.5980973042611505,0.0989851038552204,0.053079965363579604,0.801812165612985,0.053079965363579604
12,0.2,116,1.0,512,200,600,matched,ising-parity,30117,123,338,ae55fa82512918d417be10d06d9e79b7a8f5b2af6bf2f095035bc06c0e19083a,67eaeaae05cc33550f061649f99bb92951375c55491458d36e2f1c224114a8b1,273,331,0.5331090829567984,2.3547862105284856,0.5000012083750506,0.6931447638127645,1.6616414467157212,0.4373356889817438,0.00253988482266743,1.6591015618930536,0.08462660607444693,0.25566950475663724,0.13136945302812722,0.06567569931910726,0.3968320200550287,0.0883347916816647,0.03768061633271974,0.569193600192141,0.04277908179397674
12,0.2,116,1.0,512,200,600,matched,ising-nll,30120,123,338,ae55fa82512918d417be10d06d9e79b7a8f5b2af6bf2f095035bc06c0e19083a,67eaeaae05cc33550f061649f99bb92951375c55491458d36e2f1c224114a8b1,273,331,0.25268054101616144,0.9145087878462064,0.5000118185571709,0.6931235437249557,0.2213852441212507,0.427762353150857,0.007857237434399394,0.21352800668685148,0.09742084045218687,0.29432278082231683,0.15985862580151872,0.07992060624411515,0.4829039652212396,0.1157319581533455,0.05055647623458692,0.7636929944801649,0.06048033799175603
12,0.2,116,1.0,512,200,600,matched,transformer,35617,123,338,ae55fa82512918d417be10d06d9e79b7a8f5b2af6bf2f095035bc06c0e19083a,67eaeaae05cc33550f061649f99bb92951375c55491458d36e2f1c224114a8b1,273,331,5.122641041991301,1.5147339839386098,0.5309505800054373,0.6330863317410583,0.8816476521975515,0.4106056086411513,0.05239647373035672,0.8292511784671948,0.08417498097552815,0.2543050784759159,0.12874610455008423,0.06670983750099274,0.40308058912986555,0.09236137776614811,0.04142857972980846,0.6258093614774691,0.05015723235254432
12,0.2,116,1.0,512,200,600,matched,maxent,36117,123,338,ae55fa82512918d417be10d06d9e79b7a8f5b2af6bf2f095035bc06c0e19083a,67eaeaae05cc33550f061649f99bb92951375c55491458d36e2f1c224114a8b1,273,331,0.15666324994526803,1.6569803965470813,0.5034042965524763,0.6863616612508446,0.9706187352962367,0.34937917447205336,0.11879938998499161,0.8518193453112451,0.064157095742874,0.1938280838153293,0.102126601596257,0.05127216124663576,0.30980157852952117,0.0749197725557062,0.03335257965447582,0.5038154026355864,0.04328748853405391
12,0.2,117,1.0,512,200,600,matched,iqp-parity,13701,124,339,bdcdeb9a277652dc18e12a42cd0f66b37968e2ccf1b9ef3e0a4728f96735a470,6d2e8203ab09f7481803ba6cac1d0fef11989f0d29cc5ddaeca62054fed6f238,266,327,0.5305622080340981,0.5037520937821156,1.0,-0.0,0.5037520937821156,0.8826492874677843,0.001502072095315235,0.5022500216868003,0.1316822317319418,0.40269795636679445,0.1316822317319418,0.09564696563051704,0.5849967316851196,0.09564696563051704,0.05152970515527831,0.7879159809675583,0.05152970515527831
12,0.2,117,1.0,512,200,600,matched,iqp-mse,13701,124,339,bdcdeb9a277652dc18e12a42cd0f66b37968e2ccf1b9ef3e0a4728f96735a470,6d2e8203ab09f7481803ba6cac1d0fef11989f0d29cc5ddaeca62054fed6f238,266,327,0.4735588749172166,0.521635981192715,1.0,-0.0,0.521635981192715,0.8765492003077773,0.002670173031305751,0.5189658081614092,0.13853910974582737,0.42366700228081766,0.13853910974582737,0.09731750753802013,0.5952141133823861,0.09731750753802013,0.05146792107321221,0.7869712702326026,0.05146792107321221
12,0.2,117,1.0,512,200,600,matched,ising-parity,30118,124,339,bdcdeb9a277652dc18e12a42cd0f66b37968e2ccf1b9ef3e0a4728f96735a470,6d2e8203ab09f7481803ba6cac1d0fef11989f0d29cc5ddaeca62054fed6f238,266,327,0.38738412503153086,3.300380581805751,0.49999966986936567,0.693147840821432,2.607232740984319,0.4434660619418363,0.0008677183138697149,2.606365022670449,0.08537894056925921,0.26109767758183244,0.1354537022664869,0.0677174275918693,0.41417386906342074,0.09283249983043135,0.03970839692154567,0.6071620324395364,0.04472273122607464
12,0.2,117,1.0,512,200,600,matched,ising-nll,30121,124,339,bdcdeb9a277652dc18e12a42cd0f66b37968e2ccf1b9ef3e0a4728f96735a470,6d2e8203ab09f7481803ba6cac1d0fef11989f0d29cc5ddaeca62054fed6f238,266,327,0.15646362502593547,0.8786905271575456,0.5000051662356009,0.6931368481421232,0.1855536790154224,0.43575619150395944,0.003855254358376959,0.18169842465704528,0.08581122509977092,0.26241964862315265,0.14311110148332415,0.07154771540089407,0.43760070581586585,0.10632636995117767,0.04691851309443736,0.7174084571014887,0.05797978494571105
12,0.2,117,1.0,512,200,600,matched,transformer,35618,124,339,bdcdeb9a277652dc18e12a42cd0f66b37968e2ccf1b9ef3e0a4728f96735a470,6d2e8203ab09f7481803ba6cac1d0fef11989f0d29cc5ddaeca62054fed6f238,266,327,4.920984958065674,1.2383732030057808,0.5043220201911761,0.6845402859882225,0.5538329170175583,0.3981598083908333,0.04337716779349342,0.5104557492240647,0.07469592207873516,0.22842789626524512,0.12156711940397445,0.06111388238661762,0.37378521337380805,0.08988864765151106,0.03993796461509464,0.610672241821019,0.050486938037433024
12,0.2,117,1.0,512,200,600,matched,maxent,36118,124,339,bdcdeb9a277652dc18e12a42cd0f66b37968e2ccf1b9ef3e0a4728f96735a470,6d2e8203ab09f7481803ba6cac1d0fef11989f0d29cc5ddaeca62054fed6f238,266,327,0.2758547500707209,1.4707778342828872,0.505260816058227,0.68268051558815,0.7880973186947372,0.36371571381749834,0.09786585696750215,0.6902314617272349,0.07131218525874045,0.21808007724385456,0.11422722878516148,0.05747872504556599,0.35155183514107635,0.08327174105347566,0.03691795137797188,0.5644946693879492,0.04668495475062023
12,0.2,118,1.0,512,200,600,matched,iqp-parity,13702,125,340,43cc0e1d072dd3ffaafdf0d94f3f5e36246b76e0f39c9eb178637ee0c4604233,3672d037714419789c221c8c7564a09d4bd2e60bbf08a0fa3cd13f9a40a45c57,258,322,0.6004145839251578,0.516923083317727,1.0,-0.0,0.516923083317727,0.8714124617293203,0.002505662646623521,0.5144174206711035,0.1412479856686233,0.4386583405857866,0.1412479856686233,0.09843498824376674,0.611397442507868,0.09843498824376674,0.05133077450480111,0.7970617159130609,0.05133077450480111
12,0.2,118,1.0,512,200,600,matched,iqp-mse,13702,125,340,43cc0e1d072dd3ffaafdf0d94f3f5e36246b76e0f39c9eb178637ee0c4604233,3672d037714419789c221c8c7564a09d4bd2e60bbf08a0fa3cd13f9a40a45c57,258,322,0.42388408293481916,0.4796326137750579,1.0,-0.0,0.4796326137750579,0.8703299757013097,0.0027328192413023852,0.47689979453375564,0.13176893979531396,0.4092203099233353,0.13176893979531396,0.09480293340367217,0.5888380956749825,0.09480293340367217,0.05077242536098043,0.78839169815187,0.05077242536098043
12,0.2,118,1.0,512,200,600,matched,ising-parity,30119,125,340,43cc0e1d072dd3ffaafdf0d94f3f5e36246b76e0f39c9eb178637ee0c4604233,3672d037714419789c221c8c7564a09d4bd2e60bbf08a0fa3cd13f9a40a45c57,258,322,0.36907183297444135,0.8663702317776547,0.49999180504227886,0.6931635706097037,0.17320666116795103,0.4285843621860892,0.006156455851689412,0.16705020531626164,0.0988307606094403,0.30692782797962825,0.16110194911364825,0.08053995934309231,0.500248194677592,0.11544772847447386,0.0502340512825867,0.7800318522140792,0.05939777640328864
12,0.2,118,1.0,512,200,600,matched,ising-nll,30122,125,340,43cc0e1d072dd3ffaafdf0d94f3f5e36246b76e0f39c9eb178637ee0c4604233,3672d037714419789c221c8c7564a09d4bd2e60bbf08a0fa3cd13f9a40a45c57,258,322,0.15905566711444408,0.951242295801899,0.5000006112586086,0.6931459580434753,0.25809633775842367,0.4180031710978119,0.013941233562632889,0.24415510419579065,0.09142838733689732,0.2839390911083768,0.1494597840470015,0.07472092453883293,0.4641051213592108,0.1084632070700645,0.047516136862885076,0.7378282121566005,0.05765413809035093
12,0.2,118,1.0,512,200,600,matched,transformer,35619,125,340,43cc0e1d072dd3ffaafdf0d94f3f5e36246b76e0f39c9eb178637ee0c4604233,3672d037714419789c221c8c7564a09d4bd2e60bbf08a0fa3cd13f9a40a45c57,258,322,4.954532417003065,1.3885244965394339,0.6196572900451629,0.4785887117616914,0.9099357847777425,0.4269383799811998,0.11939974072626673,0.7905360440514756,0.08730035100577141,0.2711191025023957,0.11779572852974321,0.06635333896544111,0.4121325401580193,0.08372624681013914,0.039796904015136476,0.6179643480611254,0.046058786939787856
12,0.2,118,1.0,512,200,600,matched,maxent,36119,125,340,43cc0e1d072dd3ffaafdf0d94f3f5e36246b76e0f39c9eb178637ee0c4604233,3672d037714419789c221c8c7564a09d4bd2e60bbf08a0fa3cd13f9a40a45c57,258,322,0.15026429202407598,1.585657591459759,0.5005814849478813,0.6919848863898235,0.8936727050699356,0.3434806463610026,0.12212328404720331,0.7715494210227323,0.07244775071519595,0.2249930146434657,0.11547771972824633,0.05777273985719125,0.358836893522927,0.08313900322213928,0.036572362106044115,0.5678938215224241,0.0459608709998309
12,0.2,119,1.0,512,200,600,matched,iqp-parity,13703,126,341,4835106c05f67a42809ecf22a659959dcd414f5b55e569247252ef4acf31c1e2,a56289775eec0ce432a321db146cf9b88569ccab3daaa3aefaeb57ea0050cb73,271,334,0.5672734159743413,0.46363908193624404,1.0000000000000002,-2.2204460492503128e-16,0.46363908193624426,0.8861761505123446,0.0010766272742908142,0.46256245466195345,0.13870207959662903,0.415275687415057,0.13870207959662903,0.10018077341140219,0.5998848707269592,0.10018077341140216,0.05348585638541577,0.8006864728355654,0.05348585638541577
12,0.2,119,1.0,512,200,600,matched,iqp-mse,13703,126,341,4835106c05f67a42809ecf22a659959dcd414f5b55e569247252ef4acf31c1e2,a56289775eec0ce432a321db146cf9b88569ccab3daaa3aefaeb57ea0050cb73,271,334,0.546351374941878,0.5344532886017682,1.0,-0.0,0.5344532886017682,0.8754530835725319,0.0030948526820888146,0.5313584359196795,0.12334142457881092,0.3692857023317692,0.12334142457881092,0.09081757939411585,0.5438178406833285,0.09081757939411585,0.05035575825090767,0.753828716330953,0.05035575825090767
12,0.2,119,1.0,512,200,600,matched,ising-parity,30120,126,341,4835106c05f67a42809ecf22a659959dcd414f5b55e569247252ef4acf31c1e2,a56289775eec0ce432a321db146cf9b88569ccab3daaa3aefaeb57ea0050cb73,271,334,0.551663332968019,0.8845265313815596,0.500002041508759,0.6931430975507628,0.1913834338307968,0.44249430845481064,0.0012535430054259923,0.19012989082537102,0.08732908868802186,0.261464337389287,0.1470328632112584,0.07350800064231316,0.4401676685168453,0.10983051667861816,0.048461840270993664,0.7254766507633783,0.05959835115023327
12,0.2,119,1.0,512,200,600,matched,ising-nll,30123,126,341,4835106c05f67a42809ecf22a659959dcd414f5b55e569247252ef4acf31c1e2,a56289775eec0ce432a321db146cf9b88569ccab3daaa3aefaeb57ea0050cb73,271,334,0.25374737509991974,0.9082639940579587,0.4999945362375079,0.6931581081446354,0.21510588591332325,0.4349413998240061,0.004493366456553526,0.21061251945676968,0.08745950509514727,0.26185480567409364,0.1466921501990279,0.07333701565812593,0.43914380633608346,0.10946201843174967,0.048314149293284536,0.7232657079833015,0.05950001333193174
12,0.2,119,1.0,512,200,600,matched,transformer,35620,126,341,4835106c05f67a42809ecf22a659959dcd414f5b55e569247252ef4acf31c1e2,a56289775eec0ce432a321db146cf9b88569ccab3daaa3aefaeb57ea0050cb73,271,334,4.7801511669531465,1.2715496324940085,0.5027614770703198,0.687639422006513,0.5839102104874956,0.4069481801218683,0.031451596340027324,0.5524586141474682,0.08536611062003838,0.25558715754502503,0.14018415992944147,0.07033307914546487,0.4211561625476938,0.10287074787252778,0.045333336949202545,0.6786427687006369,0.05564290664576629
12,0.2,119,1.0,512,200,600,matched,maxent,36120,126,341,4835106c05f67a42809ecf22a659959dcd414f5b55e569247252ef4acf31c1e2,a56289775eec0ce432a321db146cf9b88569ccab3daaa3aefaeb57ea0050cb73,271,334,0.21155266603454947,1.6576341628420264,0.5018545882180421,0.6894448661556882,0.9681892966863381,0.35498029934922254,0.11024561171726614,0.857943684969072,0.06742854595661626,0.20188187412160558,0.10906935257102969,0.05465555467371522,0.32727877050128873,0.08000483853234909,0.03545328854162477,0.5307378524195325,0.04536501869926506
12,0.2,120,1.0,512,200,600,matched,iqp-parity,13704,127,342,ac83f487109aa456c9094020d6805aa9d017a37ca87031a6a634ba13460ff6af,be8ede604a893ee87034e6fb596cea91ea3be8f191d448807bebae1ef6fbfe79,283,327,0.6109942079056054,0.4913002324913852,1.0,-0.0,0.4913002324913852,0.8875105241290185,0.00040500453605235576,0.49089522795533275,0.14217541548910362,0.43478720333059206,0.14217541548910362,0.1012717437069611,0.6193990440792728,0.1012717437069611,0.0533649816243321,0.8159783122986559,0.0533649816243321
12,0.2,120,1.0,512,200,600,matched,iqp-mse,13704,127,342,ac83f487109aa456c9094020d6805aa9d017a37ca87031a6a634ba13460ff6af,be8ede604a893ee87034e6fb596cea91ea3be8f191d448807bebae1ef6fbfe79,283,327,0.627659208024852,0.5079841603474834,1.0,-0.0,0.5079841603474834,0.876556139619012,0.0019104572610345871,0.5060737030864487,0.1418645315005302,0.4338364877692054,0.1418645315005302,0.10054298253055625,0.6149417891777141,0.10054298253055625,0.05294766978276627,0.8095973972900042,0.05294766978276627
12,0.2,120,1.0,512,200,600,matched,ising-parity,30121,127,342,ac83f487109aa456c9094020d6805aa9d017a37ca87031a6a634ba13460ff6af,be8ede604a893ee87034e6fb596cea91ea3be8f191d448807bebae1ef6fbfe79,283,327,0.5595530420541763,2.9193494891177743,0.5000010667644996,0.693145047033222,2.226204442084552,0.4416244465362229,0.0008674797623247545,2.2253369623222277,0.09476820890793493,0.28981103641570316,0.1433007716788245,0.07163984704907435,0.4381642021350113,0.09231938569505381,0.038728914788310434,0.5921852414114744,0.041808917292580905
12,0.2,120,1.0,512,200,600,matched,ising-nll,30124,127,342,ac83f487109aa456c9094020d6805aa9d017a37ca87031a6a634ba13460ff6af,be8ede604a893ee87034e6fb596cea91ea3be8f191d448807bebae1ef6fbfe79,283,327,0.18191154208034277,0.8385235048867665,0.500000420500464,0.693146339559371,0.14537716532739553,0.4366688761633243,0.0025414197587761075,0.14283574556861933,0.09222460398597118,0.282032428091655,0.15300271589594427,0.07649214473056198,0.46784186379548615,0.11228071039854129,0.04924708689083461,0.753013561021936,0.059477863491781774
12,0.2,120,1.0,512,200,600,matched,transformer,35621,127,342,ac83f487109aa456c9094020d6805aa9d017a37ca87031a6a634ba13460ff6af,be8ede604a893ee87034e6fb596cea91ea3be8f191d448807bebae1ef6fbfe79,283,327,4.737675292068161,1.0018973480833557,0.6902980597063193,0.3706318040743986,0.6312655440089572,0.5490309727560257,0.03668198920727157,0.5945835548016855,0.09470784216885428,0.2896264286509305,0.12054630140091464,0.0725911717825852,0.4439827020341603,0.08725967324114725,0.043121381103283216,0.6593483349125874,0.04792205070895859
12,0.2,120,1.0,512,200,600,matched,maxent,36121,127,342,ac83f487109aa456c9094020d6805aa9d017a37ca87031a6a634ba13460ff6af,be8ede604a893ee87034e6fb596cea91ea3be8f191d448807bebae1ef6fbfe79,283,327,0.16889316600281745,1.527071602928596,0.5066916177431136,0.6798527094768279,0.8472188934517682,0.35744305561693823,0.10648171235826756,0.7407371810935007,0.06607331940718257,0.20205908075590998,0.10540855543715931,0.05313542229811967,0.3249872923432396,0.07726961835016177,0.034438493376943706,0.5265824675373655,0.04430710676971609
12,0.3,111,1.0,512,200,600,matched,iqp-parity,13695,118,333,44b09af7675b4f494e2ce777a724e5ac2444cd0e7f9fdc08a958c019d199a6d1,46ec6552ea8abd2c67a85ebf993bb74a1984e0f557904f8a35ae4eb6d2b596da,273,316,0.6514421249739826,0.506758787405311,1.0,-0.0,0.506758787405311,0.8857955045687383,4.8327834579066364e-05,0.5067104595707319,0.13372947821045425,0.4231945512989059,0.13372947821045425,0.09419480763422038,0.596169668571015,0.09419480763422038,0.04988791013520665,0.7893656666963078,0.04988791013520665
12,0.3,111,1.0,512,200,600,matched,iqp-mse,13695,118,333,44b09af7675b4f494e2ce777a724e5ac2444cd0e7f9fdc08a958c019d199a6d1,46ec6552ea8abd2c67a85ebf993bb74a1984e0f557904f8a35ae4eb6d2b596da,273,316,0.4163685410749167,0.5502187879891003,1.0,-0.0,0.5502187879891003,0.8691987598678785,0.0008209663715442808,0.5493978216175559,0.13747886352744718,0.4350596947071113,0.13747886352744718,0.09571048087451335,0.6057625371804642,0.09571048087451335,0.04976306851262037,0.787390324566778,0.04976306851262037
12,0.3,111,1.0,512,200,600,matched,ising-parity,30112,118,333,44b09af7675b4f494e2ce777a724e5ac2444cd0e7f9fdc08a958c019d199a6d1,46ec6552ea8abd2c67a85ebf993bb74a1984e0f557904f8a35ae4eb6d2b596da,273,316,0.32586550002451986,1.2659197581378294,0.5000030603422378,0.6931410598942009,0.5727786982436285,0.440617723009729,9.749751096236074e-06,0.5727689484925321,0.09451699390478126,0.29910441109107994,0.15057795205350766,0.0752795326700613,0.4764527384181095,0.10547030681921514,0.04568690755254197,0.7228941068440186,0.054188227716339646
12,0.3,111,1.0,512,200,600,matched,ising-nll,30115,118,333,44b09af7675b4f494e2ce777a724e5ac2444cd0e7f9fdc08a958c019d199a6d1,46ec6552ea8abd2c67a85ebf993bb74a1984e0f557904f8a35ae4eb6d2b596da,273,316,0.13116595800966024,0.8576712923280001,0.5000029726008075,0.6931412353760029,0.16453005695199718,0.43390128247256354,0.00099467549405121,0.16353538145794588,0.09642896316593194,0.30515494672763277,0.1580076776266382,0.07899420023733106,0.4999632926413358,0.11387780143406279,0.049628090921028635,0.7852546031808328,0.058817876037411336
12,0.3,111,1.0,512,200,600,matched,transformer,35612,118,333,44b09af7675b4f494e2ce777a724e5ac2444cd0e7f9fdc08a958c019d199a6d1,46ec6552ea8abd2c67a85ebf993bb74a1984e0f557904f8a35ae4eb6d2b596da,273,316,3.5796210420085117,1.098108215563312,0.5052537659132379,0.6826944691621311,0.4154137464011809,0.4002742643970524,0.028362903370169,0.3870508430310117,0.09395661647191818,0.2973310647845512,0.14866427496985238,0.07478455902122726,0.47331999380523576,0.10531343893441322,0.045998981664025475,0.7278319883548334,0.05489178097787685
12,0.3,111,1.0,512,200,600,matched,maxent,36112,118,333,44b09af7675b4f494e2ce777a724e5ac2444cd0e7f9fdc08a958c019d199a6d1,46ec6552ea8abd2c67a85ebf993bb74a1984e0f557904f8a35ae4eb6d2b596da,273,316,0.1556951249949634,1.542387284546294,0.5051934602937844,0.6828138333762355,0.8595734511700586,0.3408285546051878,0.11754047646615332,0.742032974703905,0.06895286204443091,0.218205259634275,0.1097261932264649,0.055204910079729205,0.3493981650615772,0.07980392163658456,0.03540902922238635,0.560269449721303,0.0450650550468269
12,0.3,112,1.0,512,200,600,matched,iqp-parity,13696,119,334,f00fab2a4867743845d13038149254bae6df43b52ec02ce27410bcd80edc6835,b0126d22db14df8032614d0be237f7ba7f8faae015df79310d48a47a7e019709,279,314,0.672851208015345,0.5762621029962668,1.0,-0.0,0.5762621029962668,0.8863751722618176,0.00010109816416031033,0.576161004832107,0.1253006825458302,0.3990467597000962,0.1253006825458302,0.08963834600158799,0.5709448789910063,0.08963834600158799,0.04839567862756678,0.7706318252797258,0.04839567862756678
12,0.3,112,1.0,512,200,600,matched,iqp-mse,13696,119,334,f00fab2a4867743845d13038149254bae6df43b52ec02ce27410bcd80edc6835,b0126d22db14df8032614d0be237f7ba7f8faae015df79310d48a47a7e019709,279,314,0.456389750004746,0.5037069050439489,1.0,-0.0,0.5037069050439489,0.8828404363363677,4.858924759132063e-06,0.5037020461191901,0.12227413705177341,0.38940807978271785,0.12227413705177341,0.09020504454368859,0.5745544238451502,0.09020504454368859,0.049478279009338405,0.7878706848620766,0.049478279009338405
12,0.3,112,1.0,512,200,600,matched,ising-parity,30113,119,334,f00fab2a4867743845d13038149254bae6df43b52ec02ce27410bcd80edc6835,b0126d22db14df8032614d0be237f7ba7f8faae015df79310d48a47a7e019709,279,314,0.3087632079841569,1.2319144375385394,0.4999956488563345,0.6931558828851414,0.538758554653398,0.43165746840722286,0.0015118681371201204,0.5372466865162783,0.09833227339014426,0.3131601063380391,0.15219623702793952,0.0760877322635166,0.4846352373472395,0.10335579899951318,0.04439702239474536,0.7069589553303401,0.051862300711497826
12,0.3,112,1.0,512,200,600,matched,ising-nll,30116,119,334,f00fab2a4867743845d13038149254bae6df43b52ec02ce27410bcd80edc6835,b0126d22db14df8032614d0be237f7ba7f8faae015df79310d48a47a7e019709,279,314,0.13603779196273535,0.942420460784531,0.500007163243789,0.6931328541749904,0.24928760660954064,0.42575661489293054,0.003868166771673145,0.24541943983786765,0.08787877546016526,0.27986871165657723,0.1455983508894094,0.07279098975651728,0.46363687743004633,0.10663112384011231,0.04675607000579031,0.7445234077355145,0.05656606684875239
12,0.3,112,1.0,512,200,600,matched,transformer,35613,119,334,f00fab2a4867743845d13038149254bae6df43b52ec02ce27410bcd80edc6835,b0126d22db14df8032614d0be237f7ba7f8faae015df79310d48a47a7e019709,279,314,3.5836460000136867,1.1244731663395136,0.502030160402287,0.6890950806125243,0.4353780857269892,0.4051934888178823,0.020177734717116008,0.41520035100987357,0.08043362386651905,0.2561580377914619,0.13276071365615325,0.06654775526098387,0.4238710526177317,0.09779855283045655,0.043117025763525246,0.6865768433682364,0.05302934139469287
12,0.3,112,1.0,512,200,600,matched,maxent,36113,119,334,f00fab2a4867743845d13038149254bae6df43b52ec02ce27410bcd80edc6835,b0126d22db14df8032614d0be237f7ba7f8faae015df79310d48a47a7e019709,279,314,0.1276754589052871,1.634501888230328,0.5086083528553286,0.6760770028978951,0.9584248853324329,0.3458449995976817,0.1114969326084472,0.8469279527239858,0.06614968203669364,0.2106677771869224,0.10488728212311148,0.05298932940670232,0.33751165227198926,0.07634945102582003,0.03397920406337681,0.5410701283977198,0.04318871113761241
12,0.3,113,1.0,512,200,600,matched,iqp-parity,13697,120,335,bbaa162ba6e2ee87a64845fbaf6c2c48fb86b6c9addeee97aea1d7fc7a34ef07,494a09d0cb32c8fd575150abd91ad12074451b075c550159cd5a0edda3ce9c1b,296,317,0.48186633305158466,0.5052219189431466,1.0,-0.0,0.5052219189431466,0.8854307872247817,3.326261566208039e-05,0.5051886563274847,0.13770707261893045,0.434407169144891,0.13770707261893045,0.09760101885048586,0.6157792987412357,0.09760101885048586,0.051147577961787885,0.8067441318893989,0.051147577961787885
12,0.3,113,1.0,512,200,600,matched,iqp-mse,13697,120,335,bbaa162ba6e2ee87a64845fbaf6c2c48fb86b6c9addeee97aea1d7fc7a34ef07,494a09d0cb32c8fd575150abd91ad12074451b075c550159cd5a0edda3ce9c1b,296,317,0.3980578330811113,0.49143791588231717,1.0,-0.0,0.49143791588231717,0.8734941240959233,0.00040251754172087977,0.49103539834059645,0.14765350530310864,0.4657839284009736,0.14765350530310864,0.10248586218981692,0.646598499620296,0.10248586218981692,0.05259772232326737,0.8296170713449112,0.05259772232326737
12,0.3,113,1.0,512,200,600,matched,ising-parity,30114,120,335,bbaa162ba6e2ee87a64845fbaf6c2c48fb86b6c9addeee97aea1d7fc7a34ef07,494a09d0cb32c8fd575150abd91ad12074451b075c550159cd5a0edda3ce9c1b,296,317,0.3079267080174759,1.0548575451963287,0.500001226695856,0.6931447271712429,0.3617128180250858,0.4363268037180359,0.000476667191780274,0.36123615083330557,0.08458232873024978,0.26682122627839044,0.13735157715585092,0.0686675104070607,0.4332335041454934,0.098987947120615,0.0433348705395085,0.6835153081941403,0.053143503698557006
12,0.3,113,1.0,512,200,600,matched,ising-nll,30117,120,335,bbaa162ba6e2ee87a64845fbaf6c2c48fb86b6c9addeee97aea1d7fc7a34ef07,494a09d0cb32c8fd575150abd91ad12074451b075c550159cd5a0edda3ce9c1b,296,317,0.13282575004268438,0.8883904579405822,0.4999963044829364,0.6931545716213863,0.19523588631919597,0.43114804047527083,0.0018537545145990153,0.1933821318045968,0.09618751659311162,0.3034306517132858,0.1575767827095226,0.07877803209706694,0.49702228452408165,0.11333217926204758,0.04933676096317292,0.7781823495768599,0.058330288234661035
12,0.3,113,1.0,512,200,600,matched,transformer,35614,120,335,bbaa162ba6e2ee87a64845fbaf6c2c48fb86b6c9addeee97aea1d7fc7a34ef07,494a09d0cb32c8fd575150abd91ad12074451b075c550159cd5a0edda3ce9c1b,296,317,3.941213541897014,1.1921917418396406,0.5072459813841733,0.678759222665065,0.5134325191745756,0.39372358945911,0.03781277930801141,0.47561973986656425,0.0861103518058899,0.2716414883466558,0.13859358582682,0.0699102255687112,0.4410739783514902,0.09996190888979804,0.0439252103044612,0.6928266609536466,0.05285487006133643
12,0.3,113,1.0,512,200,600,matched,maxent,36114,120,335,bbaa162ba6e2ee87a64845fbaf6c2c48fb86b6c9addeee97aea1d7fc7a34ef07,494a09d0cb32c8fd575150abd91ad12074451b075c550159cd5a0edda3ce9c1b,296,317,0.17723454104270786,1.8009080140501317,0.5019033808624269,0.6893476462163676,1.1115603678337642,0.33436757862285965,0.12588074735262217,0.9856796204811422,0.06342913874913747,0.20009192034428225,0.10020028529252595,0.05020943785210659,0.31677878771045165,0.0726594245465712,0.03216748305562693,0.5073735497732954,0.04118831619816495
12,0.3,114,1.0,512,200,600,matched,iqp-parity,13698,121,336,138bd655a2f141feb4d89dcf701bfa5b3005e78f3b6effcca34917bfe5f5507d,9fc9306ab4737b5804dc59a07264243c6abc622ca16efa0cd4d6bddf38b05e36,269,322,0.5289685840252787,0.6073479164568039,1.0,-0.0,0.6073479164568039,0.8644410364952002,0.001519498944732061,0.6058284175120717,0.1298691595509306,0.403320371276182,0.1298691595509306,0.09186384264737468,0.5705828735861781,0.09186384264737468,0.048822332131575955,0.7581107473847198,0.048822332131575955
12,0.3,114,1.0,512,200,600,matched,iqp-mse,13698,121,336,138bd655a2f141feb4d89dcf701bfa5b3005e78f3b6effcca34917bfe5f5507d,9fc9306ab4737b5804dc59a07264243c6abc622ca16efa0cd4d6bddf38b05e36,269,322,0.4086906670127064,0.4718285088131358,1.0,-0.0,0.4718285088131358,0.8780105582997326,0.00011451162025082236,0.47171399719288504,0.1328119371585284,0.41245943216934283,0.1328119371585284,0.09616249916296575,0.5972826034966816,0.09616249916296575,0.0517041390647039,0.8028593022469549,0.0517041390647039
12,0.3,114,1.0,512,200,600,matched,ising-parity,30115,121,336,138bd655a2f141feb4d89dcf701bfa5b3005e78f3b6effcca34917bfe5f5507d,9fc9306ab4737b5804dc59a07264243c6abc622ca16efa0cd4d6bddf38b05e36,269,322,0.31177616596687585,1.0110404163998465,0.5000069597995533,0.6931332610577153,0.3179071553421312,0.4305341107903248,0.0020963567642527797,0.3158107985778785,0.08905321015097324,0.2765627644440163,0.14468946770556845,0.07233682069570849,0.4492970229547111,0.10493398765339146,0.04602350661680217,0.7146507238633878,0.056263506950188204
12,0.3,114,1.0,512,200,600,matched,ising-nll,30118,121,336,138bd655a2f141feb4d89dcf701bfa5b3005e78f3b6effcca34917bfe5f5507d,9fc9306ab4737b5804dc59a07264243c6abc622ca16efa0cd4d6bddf38b05e36,269,322,0.14398620801512152,0.9613520657694868,0.49999674463748,0.6931536913061802,0.26819837446330663,0.4206527355681331,0.00702372007635399,0.26117465438695264,0.09690410606300084,0.3009444287670833,0.15562548551571567,0.07780248495384166,0.4832452481605073,0.10994781547729023,0.047725806951252586,0.7410839588703818,0.05670222607181099
12,0.3,114,1.0,512,200,600,matched,transformer,35615,121,336,138bd655a2f141feb4d89dcf701bfa5b3005e78f3b6effcca34917bfe5f5507d,9fc9306ab4737b5804dc59a07264243c6abc622ca16efa0cd4d6bddf38b05e36,269,322,3.987219666945748,1.2924714967907434,0.6126431447480882,0.4899726581570161,0.8024988386337273,0.46368645984513196,0.05047081341559513,0.752028025218132,0.08526128796555192,0.26478660858867054,0.1162882075861541,0.06508334143246415,0.4042443567233798,0.08210423529424284,0.03847967162394179,0.5975104289431955,0.04423990035189892
12,0.3,114,1.0,512,200,600,matched,maxent,36115,121,336,138bd655a2f141feb4d89dcf701bfa5b3005e78f3b6effcca34917bfe5f5507d,9fc9306ab4737b5804dc59a07264243c6abc622ca16efa0cd4d6bddf38b05e36,269,322,0.27100533398333937,1.7801835728503113,0.5130591009400444,0.6673642339363202,1.112819338913991,0.3318685688201653,0.14546149101207528,0.9673578479019157,0.06721438169585292,0.20874031582563018,0.10387989843738106,0.05272722752699323,0.32749830762107596,0.074528148829242,0.03314555641125478,0.5146825529697947,0.04155608139056264
12,0.3,115,1.0,512,200,600,matched,iqp-parity,13699,122,337,38c6be6e00cbaa2ba1c06dd21a0c3138a803d5b58e365deea09242d58419300c,fae9b80b4b9bbecd172da441f7a298732dc4ec9c5fd56650a16ee48bf4f2164a,279,314,0.6446496249409392,0.5685245827332055,1.0,-0.0,0.5685245827332055,0.8878411009841876,0.00027614881828664107,0.5682484339149191,0.13679592531484372,0.43565581310459783,0.13679592531484372,0.09549861511917382,0.608271433880088,0.09549861511917382,0.04962344336920704,0.7901822192548892,0.04962344336920704
12,0.3,115,1.0,512,200,600,matched,iqp-mse,13699,122,337,38c6be6e00cbaa2ba1c06dd21a0c3138a803d5b58e365deea09242d58419300c,fae9b80b4b9bbecd172da441f7a298732dc4ec9c5fd56650a16ee48bf4f2164a,279,314,0.4754570829682052,0.544810451911698,1.0,-0.0,0.544810451911698,0.8753920443118857,0.00011418462712885647,0.5446962672845691,0.1264721005828735,0.4027773903913169,0.1264721005828735,0.09150191712405337,0.5828147587519322,0.09150191712405337,0.04952538583483497,0.7886207935483276,0.04952538583483497
12,0.3,115,1.0,512,200,600,matched,ising-parity,30116,122,337,38c6be6e00cbaa2ba1c06dd21a0c3138a803d5b58e365deea09242d58419300c,fae9b80b4b9bbecd172da441f7a298732dc4ec9c5fd56650a16ee48bf4f2164a,279,314,0.33828616596292704,0.958387700722051,0.4999920760733977,0.6931630285387285,0.2652246721833226,0.434183833470854,0.0006440390950910244,0.2645806330882316,0.09656660601404468,0.30753696182816775,0.15619737930692654,0.07808808421412833,0.49737633257406577,0.11133165916341967,0.04843490838666431,0.7712565029723616,0.05755090983963166
12,0.3,115,1.0,512,200,600,matched,ising-nll,30119,122,337,38c6be6e00cbaa2ba1c06dd21a0c3138a803d5b58e365deea09242d58419300c,fae9b80b4b9bbecd172da441f7a298732dc4ec9c5fd56650a16ee48bf4f2164a,279,314,0.13813345902599394,0.8917270456710067,0.4999978167463338,0.6931515470768109,0.19857549859419577,0.4261541743009556,0.0033051916847613196,0.1952703069094346,0.08960828002647264,0.28537668798239696,0.1470743817065145,0.07352797181881428,0.46833103069308457,0.10672914058751877,0.046683727413649345,0.743371455631359,0.05622347403000468
12,0.3,115,1.0,512,200,600,matched,transformer,35616,122,337,38c6be6e00cbaa2ba1c06dd21a0c3138a803d5b58e365deea09242d58419300c,fae9b80b4b9bbecd172da441f7a298732dc4ec9c5fd56650a16ee48bf4f2164a,279,314,4.207617417094298,1.2865183205640756,0.5105659013904384,0.6722355578570677,0.6142827627070079,0.3984640770474615,0.03341977481786071,0.5808629878891473,0.08559254633118249,0.27258772716937096,0.13639872818700635,0.06907291850982517,0.4399548949670393,0.09802471941900365,0.04311644346340192,0.6865675710732789,0.05152601708585073
12,0.3,115,1.0,512,200,600,matched,maxent,36116,122,337,38c6be6e00cbaa2ba1c06dd21a0c3138a803d5b58e365deea09242d58419300c,fae9b80b4b9bbecd172da441f7a298732dc4ec9c5fd56650a16ee48bf4f2164a,279,314,0.40056179207749665,1.525716264363355,0.49830472892751804,0.69654348361836,0.829172780744995,0.3545242181257028,0.08219561311482743,0.7469771676301675,0.07595034354187075,0.24188007497411068,0.11994920437314849,0.05984939521020182,0.38120633891848293,0.08491966532158753,0.03709209616437837,0.5906384739550696,0.046030411126370144
12,0.3,116,1.0,512,200,600,matched,iqp-parity,13700,123,338,a5e69aa09dccb118958bc9e350f0140abc56ecef5e56a8b00d01bca2baa3ed6e,67eaeaae05cc33550f061649f99bb92951375c55491458d36e2f1c224114a8b1,273,323,0.6795800420222804,0.5204996086956191,1.0,-0.0,0.5204996086956191,0.8857961767309572,0.00010748980202882931,0.5203921188935904,0.1367034842332974,0.423230601341478,0.1367034842332974,0.09739676623153261,0.6030759518980348,0.09739676623153261,0.05199372460973631,0.8048564181073732,0.05199372460973631
12,0.3,116,1.0,512,200,600,matched,iqp-mse,13700,123,338,a5e69aa09dccb118958bc9e350f0140abc56ecef5e56a8b00d01bca2baa3ed6e,67eaeaae05cc33550f061649f99bb92951375c55491458d36e2f1c224114a8b1,273,323,0.41848954197485,0.6128746061368476,1.0,-0.0,0.6128746061368476,0.8757816728801537,0.0010218827415197154,0.6118527233953279,0.1262752959176477,0.3909451885995285,0.1262752959176477,0.09144514688841804,0.5662238197425266,0.09144514688841804,0.049899593856640806,0.7724395333845325,0.049899593856640806
12,0.3,116,1.0,512,200,600,matched,ising-parity,30117,123,338,a5e69aa09dccb118958bc9e350f0140abc56ecef5e56a8b00d01bca2baa3ed6e,67eaeaae05cc33550f061649f99bb92951375c55491458d36e2f1c224114a8b1,273,323,0.31655470794066787,0.8719717636081965,0.5000003564191302,0.693146467721939,0.1788252958862575,0.4350343180655799,0.0019228255811460648,0.17690247030511164,0.09606764121917039,0.29742303783024887,0.1571285430137061,0.07855459671394525,0.48640617160337624,0.11349400265600292,0.04955514190187738,0.7671074597813836,0.05926541454668712
12,0.3,116,1.0,512,200,600,matched,ising-nll,30120,123,338,a5e69aa09dccb118958bc9e350f0140abc56ecef5e56a8b00d01bca2baa3ed6e,67eaeaae05cc33550f061649f99bb92951375c55491458d36e2f1c224114a8b1,273,323,0.1594287499319762,0.9395232486426959,0.4999759177858461,0.6931953461481964,0.24632790249449943,0.4227464607385224,0.00844074128868233,0.23788716120581718,0.09027660632722218,0.27949413723598193,0.1482085063596479,0.07409316859143249,0.45878122966831264,0.10824011397941294,0.047498406354266845,0.7352694482084651,0.0577655880917361
12,0.3,116,1.0,512,200,600,matched,transformer,35617,123,338,a5e69aa09dccb118958bc9e350f0140abc56ecef5e56a8b00d01bca2baa3ed6e,67eaeaae05cc33550f061649f99bb92951375c55491458d36e2f1c224114a8b1,273,323,4.368518540984951,1.2835064169607562,0.6157479352319949,0.48491759524412387,0.7985888217166324,0.48410942007981417,0.037600456944208785,0.7609883647724234,0.1009421609901781,0.3125144303101489,0.13885519605815597,0.07827100944850002,0.48465021330340574,0.0992214192414849,0.04661801464867231,0.7216410936326983,0.053044031195582
12,0.3,116,1.0,512,200,600,matched,maxent,36117,123,338,a5e69aa09dccb118958bc9e350f0140abc56ecef5e56a8b00d01bca2baa3ed6e,67eaeaae05cc33550f061649f99bb92951375c55491458d36e2f1c224114a8b1,273,323,0.1768600420327857,1.6092515814290498,0.5044456494447942,0.6842951765186027,0.9249564049104471,0.343760659480792,0.12122943371478727,0.8037269711956601,0.06786321487869706,0.21010283244178657,0.10726228924308491,0.05391157861985279,0.3338178242715343,0.07751715932491558,0.03430971682770913,0.5311101676115964,0.0435649074808874
12,0.3,117,1.0,512,200,600,matched,iqp-parity,13701,124,339,54029cfd39a5b3c56b599dce66468f15dc084bc1d0b8f791dc695a9a4e12f832,6d2e8203ab09f7481803ba6cac1d0fef11989f0d29cc5ddaeca62054fed6f238,266,310,0.5479699590941891,0.4954625846651622,1.0,-0.0,0.4954625846651622,0.85814201794869,0.001475915463133158,0.4939866692020291,0.1465456114187524,0.4727277787701689,0.1465456114187524,0.10030792741851521,0.6471479188291305,0.10030792741851521,0.05144667821257548,0.8297851324608948,0.05144667821257548
12,0.3,117,1.0,512,200,600,matched,iqp-mse,13701,124,339,54029cfd39a5b3c56b599dce66468f15dc084bc1d0b8f791dc695a9a4e12f832,6d2e8203ab09f7481803ba6cac1d0fef11989f0d29cc5ddaeca62054fed6f238,266,310,0.37982316594570875,0.46614700118171765,1.0,-0.0,0.46614700118171765,0.8460924543259005,0.0038248009048740504,0.46232220027684373,0.13785813777760736,0.44470367025034635,0.13785813777760736,0.0961953934816381,0.62061544181702,0.0961953934816381,0.04995144891591763,0.8056685309018972,0.04995144891591763
12,0.3,117,1.0,512,200,600,matched,ising-parity,30118,124,339,54029cfd39a5b3c56b599dce66468f15dc084bc1d0b8f791dc695a9a4e12f832,6d2e8203ab09f7481803ba6cac1d0fef11989f0d29cc5ddaeca62054fed6f238,266,310,0.32875316694844514,0.9624841247931754,0.5000021925484519,0.693142795472656,0.26934132932051935,0.4221975531186756,0.004234364719568801,0.26510696460095085,0.10005701213710465,0.32276455528098275,0.1599287264892627,0.07995425271301668,0.5158338884710753,0.11227457257170893,0.048605040829801056,0.7839522714484041,0.05707794568716979
12,0.3,117,1.0,512,200,600,matched,ising-nll,30121,124,339,54029cfd39a5b3c56b599dce66468f15dc084bc1d0b8f791dc695a9a4e12f832,6d2e8203ab09f7481803ba6cac1d0fef11989f0d29cc5ddaeca62054fed6f238,266,310,0.13597979198675603,0.9897091895733292,0.5000199388287245,0.6931073036975889,0.2966018858757403,0.4126149038460913,0.010056750858327794,0.28654513501741247,0.09744832368256495,0.3143494312340805,0.15553644265157668,0.07776024005196289,0.5016789680771799,0.10956744611284637,0.0475258731656702,0.7665463413817775,0.056149022529760964
12,0.3,117,1.0,512,200,600,matched,transformer,35618,124,339,54029cfd39a5b3c56b599dce66468f15dc084bc1d0b8f791dc695a9a4e12f832,6d2e8203ab09f7481803ba6cac1d0fef11989f0d29cc5ddaeca62054fed6f238,266,310,3.804064791998826,1.4005984094122308,0.503675798500403,0.685822474832926,0.7147759345793048,0.3761084223044782,0.05195570586062832,0.6628202287186767,0.08961763090301102,0.2890891319451968,0.13849224318360462,0.06951909468249283,0.4485102882741473,0.09592403711237917,0.04168754582429558,0.6723797713596061,0.04991455167951382
12,0.3,117,1.0,512,200,600,matched,maxent,36118,124,339,54029cfd39a5b3c56b599dce66468f15dc084bc1d0b8f791dc695a9a4e12f832,6d2e8203ab09f7481803ba6cac1d0fef11989f0d29cc5ddaeca62054fed6f238,266,310,0.17341774993110448,1.6011102834442976,0.498035475095877,0.6970839693623025,0.9040263140819951,0.33826081261887275,0.1059324312743992,0.7980938828075959,0.07708229935443464,0.24865257856269238,0.11988362918936138,0.05980267048469789,0.385823680546438,0.08404096125327211,0.036652633288998926,0.591171504661273,0.045530437461311815
12,0.3,118,1.0,512,200,600,matched,iqp-parity,13702,125,340,8ac000c2d38e068b79d078a52697cf0dfece2ec67df180ce02765a9dbe6e0281,3672d037714419789c221c8c7564a09d4bd2e60bbf08a0fa3cd13f9a40a45c57,258,323,0.5130798749160022,0.5618687202933759,1.0000000000000002,-2.2204460492503128e-16,0.5618687202933761,0.8669759901403253,0.0020248916644813007,0.5598438286288951,0.13934885187152166,0.4314205940294788,0.13934885187152163,0.0970963734878339,0.6012159349091882,0.09709637348783388,0.050779961763467586,0.7860675195583218,0.050779961763467586
12,0.3,118,1.0,512,200,600,matched,iqp-mse,13702,125,340,8ac000c2d38e068b79d078a52697cf0dfece2ec67df180ce02765a9dbe6e0281,3672d037714419789c221c8c7564a09d4bd2e60bbf08a0fa3cd13f9a40a45c57,258,323,0.41326066688634455,0.5419494663165683,1.0,-0.0,0.5419494663165683,0.8556647015465325,0.004553916809940092,0.5373955495066282,0.13579368906564862,0.4204138980360638,0.13579368906564862,0.09626491063473494,0.5960675581098139,0.09626491063473494,0.05111098072444031,0.7911916520811193,0.05111098072444031
12,0.3,118,1.0,512,200,600,matched,ising-parity,30119,125,340,8ac000c2d38e068b79d078a52697cf0dfece2ec67df180ce02765a9dbe6e0281,3672d037714419789c221c8c7564a09d4bd2e60bbf08a0fa3cd13f9a40a45c57,258,323,0.30421937501523644,0.8189734473850792,0.499998049150691,0.693151082266175,0.1258223651189042,0.4348093649324693,0.0015672755017083033,0.12425508961719578,0.0976584792182401,0.30234823287380835,0.16044591196697128,0.08021273396567409,0.4966732753292513,0.11601428173629486,0.05059544271150371,0.7832111874845775,0.05996515153779294
12,0.3,118,1.0,512,200,600,matched,ising-nll,30122,125,340,8ac000c2d38e068b79d078a52697cf0dfece2ec67df180ce02765a9dbe6e0281,3672d037714419789c221c8c7564a09d4bd2e60bbf08a0fa3cd13f9a40a45c57,258,323,0.13949454110115767,0.9059893783071409,0.49999704344564144,0.693153093686145,0.2128362846209959,0.42479948403977436,0.006262959510834568,0.20657332511016133,0.09292662101054981,0.28769851706052574,0.15175760531062935,0.07586923066088627,0.4697785180240636,0.10972501895330043,0.04798131252356237,0.7427447759065383,0.057880678813515746
12,0.3,118,1.0,512,200,600,matched,transformer,35619,125,340,8ac000c2d38e068b79d078a52697cf0dfece2ec67df180ce02765a9dbe6e0281,3672d037714419789c221c8c7564a09d4bd2e60bbf08a0fa3cd13f9a40a45c57,258,323,3.9515331669244915,1.168914362124751,0.563207018257579,0.5741080128210978,0.5948063493036533,0.4420438422128582,0.03658113123149494,0.5582252180721586,0.0889490806497657,0.27538415061846966,0.13043674467398045,0.0699522273123487,0.433140726392252,0.09356172127458862,0.04284646896426989,0.6632580335026299,0.05064953856762709
12,0.3,118,1.0,512,200,600,matched,maxent,36119,125,340,8ac000c2d38e068b79d078a52697cf0dfece2ec67df180ce02765a9dbe6e0281,3672d037714419789c221c8c7564a09d4bd2e60bbf08a0fa3cd13f9a40a45c57,258,323,0.12980916700325906,1.5552553925940014,0.500414048517211,0.6923194262087021,0.8629359663852992,0.3545926011648298,0.09340453564262427,0.7695314307426748,0.06752652626915334,0.20906045284567595,0.10720563896169683,0.05362363536076555,0.3320348938747093,0.0775364050388662,0.03425333049062098,0.5302373140963,0.04397942089180064
12,0.3,119,1.0,512,200,600,matched,iqp-parity,13703,126,341,064365d5ef7906ff4202f1e871ab2f25b8196134c676632550f52aa29d77cec6,a56289775eec0ce432a321db146cf9b88569ccab3daaa3aefaeb57ea0050cb73,271,320,0.4972505000187084,0.510905834162973,1.0,-0.0,0.510905834162973,0.8930534121000016,0.0005114535546900546,0.5103943806082831,0.13940960214173387,0.43565500669291835,0.13940960214173387,0.09832790063139592,0.6145493789462245,0.09832790063139592,0.05174192889465642,0.8084676389790065,0.05174192889465642
12,0.3,119,1.0,512,200,600,matched,iqp-mse,13703,126,341,064365d5ef7906ff4202f1e871ab2f25b8196134c676632550f52aa29d77cec6,a56289775eec0ce432a321db146cf9b88569ccab3daaa3aefaeb57ea0050cb73,271,320,0.37798991601448506,0.5572186044388304,1.0,-0.0,0.5572186044388304,0.8720115454016291,0.0005585482093547669,0.5566600562294759,0.12701160855646515,0.3969112767389536,0.12701160855646515,0.09123817367352055,0.5702385854595035,0.09123817367352055,0.049105444822381716,0.7672725753497144,0.049105444822381716
12,0.3,119,1.0,512,200,600,matched,ising-parity,30120,126,341,064365d5ef7906ff4202f1e871ab2f25b8196134c676632550f52aa29d77cec6,a56289775eec0ce432a321db146cf9b88569ccab3daaa3aefaeb57ea0050cb73,271,320,0.33957158401608467,0.9710572271025786,0.5000006243244381,0.6931459319118486,0.27791129519073,0.44287683057070104,3.618894852686072e-05,0.27787510624220313,0.09158159497456807,0.2861924842955252,0.14668697373593637,0.07333461273450446,0.4583413295906529,0.10451267647218214,0.045623067261835897,0.7128604259661858,0.055415999917032
12,0.3,119,1.0,512,200,600,matched,ising-nll,30123,126,341,064365d5ef7906ff4202f1e871ab2f25b8196134c676632550f52aa29d77cec6,a56289775eec0ce432a321db146cf9b88569ccab3daaa3aefaeb57ea0050cb73,271,320,0.15391524997539818,0.892087105629821,0.5000119899399428,0.6931232009675725,0.19896390466224845,0.4283404167393865,0.00299309492901019,0.19597080973323827,0.09890652645547184,0.30908289517334947,0.15974405547612844,0.0798631540130741,0.49914471258171317,0.1137645807707537,0.04946531054111739,0.7728954772049592,0.058598064726771204
12,0.3,119,1.0,512,200,600,matched,transformer,35620,126,341,064365d5ef7906ff4202f1e871ab2f25b8196134c676632550f52aa29d77cec6,a56289775eec0ce432a321db146cf9b88569ccab3daaa3aefaeb57ea0050cb73,271,320,3.857662625028752,1.3140227066702495,0.5155821222730207,0.662458682154749,0.6515640245155004,0.38337791499117674,0.059972729951272966,0.5915912945642275,0.07487827355878482,0.23399460487120255,0.11795222392538397,0.06008862654216146,0.37555391588850917,0.0854336981936158,0.038031947087990854,0.594249173249857,0.04698877191274324
12,0.3,119,1.0,512,200,600,matched,maxent,36120,126,341,064365d5ef7906ff4202f1e871ab2f25b8196134c676632550f52aa29d77cec6,a56289775eec0ce432a321db146cf9b88569ccab3daaa3aefaeb57ea0050cb73,271,320,0.14867024996783584,1.5172903335424177,0.5017497812970568,0.6896537271860897,0.827636606356328,0.35182361238711213,0.0939094623174987,0.7337271440388293,0.07499619071728819,0.23436309599152558,0.1192162674215576,0.05972810873606767,0.3733006796004229,0.08628865876492745,0.038058271668854324,0.5946604948258488,0.04777197002537342
12,0.3,120,1.0,512,200,600,matched,iqp-parity,13704,127,342,865e7d4da65fa821b08d48908d58756cd6b0f8427727050d8473a1e52e9c4fe0,be8ede604a893ee87034e6fb596cea91ea3be8f191d448807bebae1ef6fbfe79,283,317,0.49686087493319064,0.5248645168868695,1.0,-0.0,0.5248645168868695,0.8473405150807491,0.0032220053069773394,0.5216425115798919,0.14755132912288726,0.46546160606589043,0.14755132912288726,0.10205967310505411,0.6439096094956095,0.10205967310505411,0.0523258268067676,0.8253284985294574,0.0523258268067676
12,0.3,120,1.0,512,200,600,matched,iqp-mse,13704,127,342,865e7d4da65fa821b08d48908d58756cd6b0f8427727050d8473a1e52e9c4fe0,be8ede604a893ee87034e6fb596cea91ea3be8f191d448807bebae1ef6fbfe79,283,317,0.43104258400853723,0.5399600422827532,1.0000000000000002,-2.2204460492503128e-16,0.5399600422827534,0.8501871946226719,0.002630488303202557,0.5373295539795508,0.1325838990982021,0.4182457384801328,0.1325838990982021,0.09348498507151631,0.5898106313660335,0.0934849850715163,0.049604543761776414,0.7824060530248645,0.049604543761776414
12,0.3,120,1.0,512,200,600,matched,ising-parity,30121,127,342,865e7d4da65fa821b08d48908d58756cd6b0f8427727050d8473a1e52e9c4fe0,be8ede604a893ee87034e6fb596cea91ea3be8f191d448807bebae1ef6fbfe79,283,317,0.3443970420630649,0.8212753796103649,0.5000007289862596,0.6931457225884889,0.12812965702187595,0.4275777338136909,0.0017306036161397371,0.12639905340573593,0.10579506571338262,0.3337383776447401,0.17009148192598497,0.08503459133962168,0.536495844414017,0.11937416177039854,0.05155724250748375,0.8132057177836554,0.05972165618974909
12,0.3,120,1.0,512,200,600,matched,ising-nll,30124,127,342,865e7d4da65fa821b08d48908d58756cd6b0f8427727050d8473a1e52e9c4fe0,be8ede604a893ee87034e6fb596cea91ea3be8f191d448807bebae1ef6fbfe79,283,317,0.15485549997538328,0.9196276656190634,0.499993108979625,0.6931609626956685,0.22646670292339488,0.41437047686040657,0.008328277778439586,0.21813842514495504,0.0980851027543441,0.30941672793168484,0.15640132841750493,0.07819022862727948,0.49331374528252037,0.11028625113694782,0.047906570439600865,0.7556241394258811,0.05708963991496927
12,0.3,120,1.0,512,200,600,matched,transformer,35621,127,342,865e7d4da65fa821b08d48908d58756cd6b0f8427727050d8473a1e52e9c4fe0,be8ede604a893ee87034e6fb596cea91ea3be8f191d448807bebae1ef6fbfe79,283,317,3.6975809999275953,1.2026207367445614,0.517588444564421,0.6585748610747519,0.5440458756698094,0.3703937655451859,0.07364576395307695,0.470400111716732,0.08232131225168927,0.2596886821819851,0.1273750364163875,0.06499298927382458,0.4100504055130888,0.09091247438543763,0.040313114129446555,0.6358535351647722,0.04904543441519752
12,0.3,120,1.0,512,200,600,matched,maxent,36121,127,342,865e7d4da65fa821b08d48908d58756cd6b0f8427727050d8473a1e52e9c4fe0,be8ede604a893ee87034e6fb596cea91ea3be8f191d448807bebae1ef6fbfe79,283,317,0.1387958750128746,1.959325990983178,0.5089303639494389,0.6754440813204812,1.2838819096626968,0.29509537213902703,0.20921923150204666,1.0746626781606499,0.06431348780312757,0.2028816649940933,0.10193601750433809,0.05151322512677273,0.32500457493232005,0.0735923089915774,0.03260731443227837,0.5143109531905106,0.040918408250860114
12,0.4,111,1.0,512,200,600,matched,iqp-parity,13695,118,333,5d1861254200c99fc3018541197d8bcf89889ce34e2e0696c3016cb7d9238b46,46ec6552ea8abd2c67a85ebf993bb74a1984e0f557904f8a35ae4eb6d2b596da,273,324,0.504204332944937,0.47770007296381556,0.9999999999999999,1.1102230246251565e-16,0.47770007296381545,0.865428884083224,0.0003141757445569004,0.4773858972192586,0.15033958437303094,0.4640110628797251,0.15033958437303094,0.10465496879550079,0.646018325898153,0.10465496879550079,0.05417907132373993,0.8360967796873446,0.05417907132373993
12,0.4,111,1.0,512,200,600,matched,iqp-mse,13695,118,333,5d1861254200c99fc3018541197d8bcf89889ce34e2e0696c3016cb7d9238b46,46ec6552ea8abd2c67a85ebf993bb74a1984e0f557904f8a35ae4eb6d2b596da,273,324,0.45139891700819135,0.5428672737189412,1.0,-0.0,0.5428672737189412,0.8703397348843356,0.0007895659501012328,0.54207770776884,0.14754505036924187,0.45538595792975883,0.14754505036924187,0.10274241424689155,0.6342124336227873,0.10274241424689155,0.05300808518350024,0.8180260059182135,0.05300808518350024
12,0.4,111,1.0,512,200,600,matched,ising-parity,30112,118,333,5d1861254200c99fc3018541197d8bcf89889ce34e2e0696c3016cb7d9238b46,46ec6552ea8abd2c67a85ebf993bb74a1984e0f557904f8a35ae4eb6d2b596da,273,324,0.30147279193624854,0.8746005242885746,0.5000115598864538,0.6931240610542955,0.18147646323427913,0.4320364225457429,0.00022072782090358858,0.18125573541337567,0.10400007860703687,0.320987896935299,0.16664525394857924,0.08331311177507428,0.5142784677473721,0.11744538274413381,0.050904194986165226,0.7855585646013152,0.05986432498140947
12,0.4,111,1.0,512,200,600,matched,ising-nll,30115,118,333,5d1861254200c99fc3018541197d8bcf89889ce34e2e0696c3016cb7d9238b46,46ec6552ea8abd2c67a85ebf993bb74a1984e0f557904f8a35ae4eb6d2b596da,273,324,0.1383154580835253,1.0282637805397723,0.49996214486517976,0.693222893695753,0.33504088684401934,0.41891281197722163,0.0013602272256650824,0.33368065961835436,0.08970399714565491,0.27686418872115715,0.1444785058872528,0.07222718107796693,0.44584679677757366,0.10354355639250674,0.04527227868779072,0.698646276046153,0.05520764375161664
12,0.4,111,1.0,512,200,600,matched,transformer,35612,118,333,5d1861254200c99fc3018541197d8bcf89889ce34e2e0696c3016cb7d9238b46,46ec6552ea8abd2c67a85ebf993bb74a1984e0f557904f8a35ae4eb6d2b596da,273,324,3.302159957936965,1.4280129395327792,0.5138238729155087,0.6658747319456747,0.7621382075871045,0.3821562866218463,0.03790641274622285,0.7242317948408818,0.07665412754022057,0.2365868133957425,0.11983839195579322,0.06089191656914194,0.3758760282045799,0.08572995928550071,0.037971341452836115,0.5859774915561128,0.046636759865275004
12,0.4,111,1.0,512,200,600,matched,maxent,36112,118,333,5d1861254200c99fc3018541197d8bcf89889ce34e2e0696c3016cb7d9238b46,46ec6552ea8abd2c67a85ebf993bb74a1984e0f557904f8a35ae4eb6d2b596da,273,324,0.1502162090037018,1.6091767295017116,0.5104822592834158,0.6723993936298182,0.9367773358718935,0.3403425795149799,0.0939568414315553,0.8428204944403382,0.06672119768869088,0.2059296224959595,0.10535904502814589,0.05334511301396873,0.329290821073881,0.07652364471509199,0.03406900251312893,0.5257562116223601,0.043130916054358315
12,0.4,112,1.0,512,200,600,matched,iqp-parity,13696,119,334,4868708524b33860ce665510372ff5abe19bbd8d8802e0937a9c57853bcdf679,b0126d22db14df8032614d0be237f7ba7f8faae015df79310d48a47a7e019709,279,311,0.597982042003423,0.5653654601291962,1.0,-0.0,0.5653654601291962,0.8598680036471124,0.00018031671107255134,0.5651851434181239,0.13997739747457,0.450088094773537,0.13997739747457,0.09707240202844587,0.624259820118623,0.09707240202844587,0.05044551484129544,0.8110211389275793,0.05044551484129544
12,0.4,112,1.0,512,200,600,matched,iqp-mse,13696,119,334,4868708524b33860ce665510372ff5abe19bbd8d8802e0937a9c57853bcdf679,b0126d22db14df8032614d0be237f7ba7f8faae015df79310d48a47a7e019709,279,311,0.3775628749281168,0.6445314235722416,1.0,-0.0,0.6445314235722416,0.8371568415841464,0.003307460971973257,0.6412239626002684,0.12837340901395558,0.41277623477156133,0.12837340901395558,0.08897085307435489,0.572159826844726,0.08897085307435489,0.04701605100048342,0.7558850643164537,0.04701605100048342
12,0.4,112,1.0,512,200,600,matched,ising-parity,30113,119,334,4868708524b33860ce665510372ff5abe19bbd8d8802e0937a9c57853bcdf679,b0126d22db14df8032614d0be237f7ba7f8faae015df79310d48a47a7e019709,279,311,0.3115622920449823,1.0202909277400347,0.49998526854774933,0.6931766438984865,0.32711428384154817,0.41859069042274166,0.003296907504805064,0.323817376336743,0.10050415305359053,0.32316447927199526,0.1574313313527731,0.07870444049299745,0.5061378809839064,0.10912095977661454,0.04717675102829575,0.7584686660497709,0.055657612576366866
12,0.4,112,1.0,512,200,600,matched,ising-nll,30116,119,334,4868708524b33860ce665510372ff5abe19bbd8d8802e0937a9c57853bcdf679,b0126d22db14df8032614d0be237f7ba7f8faae015df79310d48a47a7e019709,279,311,0.13553745800163597,1.0076919981026151,0.5000051493922961,0.6931368818283852,0.31455511627422994,0.41146185953846753,0.006973855508843246,0.30758126076538667,0.09974291784027042,0.3207167776214483,0.15838000260195217,0.07918031737829086,0.5091981824970473,0.11067667334739621,0.047872196907932485,0.769649467973191,0.05621481357683042
12,0.4,112,1.0,512,200,600,matched,transformer,35613,119,334,4868708524b33860ce665510372ff5abe19bbd8d8802e0937a9c57853bcdf679,b0126d22db14df8032614d0be237f7ba7f8faae015df79310d48a47a7e019709,279,311,3.349820208037272,1.2618411258740747,0.5032180343879356,0.6867317348344348,0.5751093910396399,0.3864716790204089,0.030729216350857236,0.5443801746887826,0.08896364129712192,0.28605672442804475,0.13902638922943752,0.06976083413610913,0.4486227275634027,0.09745688959491673,0.042428655152304436,0.682132719490425,0.05070893785097634
12,0.4,112,1.0,512,200,600,matched,maxent,36113,119,334,4868708524b33860ce665510372ff5abe19bbd8d8802e0937a9c57853bcdf679,b0126d22db14df8032614d0be237f7ba7f8faae015df79310d48a47a7e019709,279,311,0.16307329200208187,1.6428105990452229,0.5045098933776675,0.6841678291177838,0.958642769927439,0.3259284112298192,0.12413532357262871,0.8345074463548103,0.06758619035869057,0.2173189400600983,0.10727238933209782,0.05392457738496685,0.3467818481348351,0.07794562397861489,0.03455739370822757,0.5555851078493179,0.04398916631052887
12,0.4,113,1.0,512,200,600,matched,iqp-parity,13697,120,335,757afacb174b65e829f033a6e2c5c7ac80bdfcb0ca4bc18a9d6b83127e137f1a,494a09d0cb32c8fd575150abd91ad12074451b075c550159cd5a0edda3ce9c1b,296,310,0.5010083330562338,0.4596893667172081,1.0,-0.0,0.4596893667172081,0.8523097824040033,6.656904101816526e-05,0.45962279767619024,0.1509006104137407,0.48677616262497003,0.1509006104137407,0.10261427661279883,0.6620275910503151,0.10261427661279883,0.051960690270834324,0.8380756495295858,0.051960690270834324
12,0.4,113,1.0,512,200,600,matched,iqp-mse,13697,120,335,757afacb174b65e829f033a6e2c5c7ac80bdfcb0ca4bc18a9d6b83127e137f1a,494a09d0cb32c8fd575150abd91ad12074451b075c550159cd5a0edda3ce9c1b,296,310,0.3629175000824034,0.5693111286694756,1.0,-0.0,0.5693111286694756,0.8350484955152129,0.0017143770694560585,0.5675967516000198,0.14161744821758043,0.4568304781212272,0.14161744821758043,0.09728484796381413,0.6276441804117041,0.09728484796381413,0.04988298029336738,0.804564198280119,0.04988298029336738
12,0.4,113,1.0,512,200,600,matched,ising-parity,30114,120,335,757afacb174b65e829f033a6e2c5c7ac80bdfcb0ca4bc18a9d6b83127e137f1a,494a09d0cb32c8fd575150abd91ad12074451b075c550159cd5a0edda3ce9c1b,296,310,0.29971100005786866,0.8457041943669338,0.5000035242804988,0.6931401320237888,0.152564062343145,0.4281564352929152,2.6683739770357495e-08,0.15256403565940538,0.10771666862095039,0.34747312458371094,0.17138949041329501,0.08568367875014037,0.5527979274202603,0.11893689304280057,0.05120254169965008,0.8258474467685496,0.058833022789063445
12,0.4,113,1.0,512,200,600,matched,ising-nll,30117,120,335,757afacb174b65e829f033a6e2c5c7ac80bdfcb0ca4bc18a9d6b83127e137f1a,494a09d0cb32c8fd575150abd91ad12074451b075c550159cd5a0edda3ce9c1b,296,310,0.129760125069879,0.9325788264502665,0.5000020802874725,0.6931430199936555,0.239435806456611,0.4211500687574977,0.0007663991135261321,0.238669407343085,0.10634417714361453,0.3430457327213372,0.16691392378069309,0.08344619740622625,0.5383625639111371,0.11482333629730875,0.04940460011057373,0.7968483888802214,0.057147172504255966
12,0.4,113,1.0,512,200,600,matched,transformer,35614,120,335,757afacb174b65e829f033a6e2c5c7ac80bdfcb0ca4bc18a9d6b83127e137f1a,494a09d0cb32c8fd575150abd91ad12074451b075c550159cd5a0edda3ce9c1b,296,310,3.661801915965043,1.1555748845465257,0.5051313684810981,0.6829367479300426,0.47263813661648313,0.3854049946994233,0.026951962844380492,0.4456861737721029,0.093757913821681,0.30244488329574515,0.14717287177841337,0.07401077681222731,0.4774888826595311,0.10268663353371334,0.044565090831886645,0.7187917876110749,0.05229989428551586
12,0.4,113,1.0,512,200,600,matched,maxent,36114,120,335,757afacb174b65e829f033a6e2c5c7ac80bdfcb0ca4bc18a9d6b83127e137f1a,494a09d0cb32c8fd575150abd91ad12074451b075c550159cd5a0edda3ce9c1b,296,310,0.19189787504728884,1.7728014549475413,0.515835056715716,0.6619682221296144,1.110833232817927,0.31790916928661994,0.14060850656710158,0.9702247262508257,0.07616634187708818,0.24569787702286508,0.1150352735182485,0.058508848083428766,0.3774764392479275,0.08038151952047531,0.035479477129230975,0.5722496311166286,0.04340438053799564
12,0.4,114,1.0,512,200,600,matched,iqp-parity,13698,121,336,fc2f5859a89d41ee18fb9ef567f7228194b94317c34b31d557bcc5e0514ee3be,9fc9306ab4737b5804dc59a07264243c6abc622ca16efa0cd4d6bddf38b05e36,269,313,0.5208471659570932,0.4535114015354615,1.0,-0.0,0.4535114015354615,0.8427715470078907,0.0011206781170262706,0.4523907234184354,0.14548821477169072,0.46481857754533773,0.14548821477169072,0.10230196247502275,0.6536866611822539,0.10230196247502275,0.05330495075633912,0.8515167852450339,0.05330495075633912
12,0.4,114,1.0,512,200,600,matched,iqp-mse,13698,121,336,fc2f5859a89d41ee18fb9ef567f7228194b94317c34b31d557bcc5e0514ee3be,9fc9306ab4737b5804dc59a07264243c6abc622ca16efa0cd4d6bddf38b05e36,269,313,0.38473941606935114,0.4925532783445063,1.0,-0.0,0.4925532783445063,0.84322650681112,0.0010631180290100288,0.4914901603154963,0.14467384543571643,0.46221675858056366,0.14467384543571643,0.10111375154882456,0.6460942590979205,0.10111375154882456,0.05273682653007639,0.8424413183718273,0.05273682653007639
12,0.4,114,1.0,512,200,600,matched,ising-parity,30115,121,336,fc2f5859a89d41ee18fb9ef567f7228194b94317c34b31d557bcc5e0514ee3be,9fc9306ab4737b5804dc59a07264243c6abc622ca16efa0cd4d6bddf38b05e36,269,313,0.28826583398040384,0.9302874530819447,0.49999958789941495,0.6931480047614551,0.2371394483204896,0.42676214247434874,0.00015652502327149955,0.23698292329721832,0.09987398674749703,0.3190862196405656,0.16100405083342265,0.08049170223951478,0.5143239759713405,0.11406921207565848,0.049478584849889075,0.7903927292314549,0.05808557585463837
12,0.4,114,1.0,512,200,600,matched,ising-nll,30118,121,336,fc2f5859a89d41ee18fb9ef567f7228194b94317c34b31d557bcc5e0514ee3be,9fc9306ab4737b5804dc59a07264243c6abc622ca16efa0cd4d6bddf38b05e36,269,313,0.13079083303455263,0.9140666013124983,0.5000197988438468,0.6931075836562194,0.2209590176562789,0.41939498199236924,0.0016896622886550285,0.21926935536762426,0.10335361428135106,0.33020324051549865,0.16444034409772793,0.08221155969676862,0.5253134804905343,0.11517349878284391,0.049834518068595755,0.7960785633960983,0.058324285258609464
12,0.4,114,1.0,512,200,600,matched,transformer,35615,121,336,fc2f5859a89d41ee18fb9ef567f7228194b94317c34b31d557bcc5e0514ee3be,9fc9306ab4737b5804dc59a07264243c6abc622ca16efa0cd4d6bddf38b05e36,269,313,3.7842872500186786,1.2321495551800115,0.5212635368880242,0.6514995361573744,0.580650019022637,0.38741978720127135,0.04038794874957642,0.5402620702730606,0.08686139056949256,0.277512429934481,0.13305727217133284,0.06814455356414575,0.43542845727888657,0.09418913446099231,0.04173249090616275,0.6666532093636223,0.050179924045306384
12,0.4,114,1.0,512,200,600,matched,maxent,36115,121,336,fc2f5859a89d41ee18fb9ef567f7228194b94317c34b31d557bcc5e0514ee3be,9fc9306ab4737b5804dc59a07264243c6abc622ca16efa0cd4d6bddf38b05e36,269,313,0.1392072499729693,1.582843507265494,0.5118501612667141,0.6697233505500513,0.9131201567154428,0.3348640607703185,0.10831385766355936,0.8048062990518836,0.07772243669679066,0.24831449423894777,0.12071044892404025,0.0611768692899267,0.3909065130346754,0.08577817540568274,0.037916118840916176,0.6056887993756578,0.04687716443224077
12,0.4,115,1.0,512,200,600,matched,iqp-parity,13699,122,337,df4986af6bdd7850afa5b9f45224b2d1483c9351ddb60fc53bb8fd762e2c533d,fae9b80b4b9bbecd172da441f7a298732dc4ec9c5fd56650a16ee48bf4f2164a,279,310,0.5537416660226882,0.4724393989533145,1.0000000000000002,-2.2204460492503128e-16,0.4724393989533147,0.8680211840251618,0.0006565628981268536,0.47178283605518784,0.1473887523571982,0.47544758824902644,0.14738875235719817,0.10125074298795299,0.6532305999222774,0.10125074298795297,0.05178706377429667,0.8352752221660753,0.05178706377429667
12,0.4,115,1.0,512,200,600,matched,iqp-mse,13699,122,337,df4986af6bdd7850afa5b9f45224b2d1483c9351ddb60fc53bb8fd762e2c533d,fae9b80b4b9bbecd172da441f7a298732dc4ec9c5fd56650a16ee48bf4f2164a,279,310,0.41196733294054866,0.5921199112576127,1.0,-0.0,0.5921199112576127,0.874091233869899,0.0014932482541580548,0.5906266630034546,0.1294159539777033,0.4174708192829139,0.1294159539777033,0.09264018013933457,0.597678581544094,0.09264018013933457,0.0494661947377692,0.7978418506091806,0.0494661947377692
12,0.4,115,1.0,512,200,600,matched,ising-parity,30116,122,337,df4986af6bdd7850afa5b9f45224b2d1483c9351ddb60fc53bb8fd762e2c533d,fae9b80b4b9bbecd172da441f7a298732dc4ec9c5fd56650a16ee48bf4f2164a,279,310,0.35707254195585847,1.288789849411852,0.49999681579463284,0.693153548990958,0.5956363004208939,0.42205352400985846,0.0005116447732657885,0.595124655647628,0.10320632139497656,0.3329236174031502,0.15826265345620927,0.0791202276429348,0.5104530815673214,0.10548152460731224,0.04491078640852121,0.724367522718084,0.05078016135741966
12,0.4,115,1.0,512,200,600,matched,ising-nll,30119,122,337,df4986af6bdd7850afa5b9f45224b2d1483c9351ddb60fc53bb8fd762e2c533d,fae9b80b4b9bbecd172da441f7a298732dc4ec9c5fd56650a16ee48bf4f2164a,279,310,0.14179983304347843,0.9386217854330401,0.4999973776794683,0.693152425214762,0.24546936021827814,0.4183458013953611,0.0013505911000035037,0.24411876911827454,0.10187599368706006,0.32863223770019373,0.16123204484688078,0.08060544810222674,0.5200351490466241,0.1123472942132777,0.04855493862024437,0.783144171294264,0.0568038564000625
12,0.4,115,1.0,512,200,600,matched,transformer,35616,122,337,df4986af6bdd7850afa5b9f45224b2d1483c9351ddb60fc53bb8fd762e2c533d,fae9b80b4b9bbecd172da441f7a298732dc4ec9c5fd56650a16ee48bf4f2164a,279,310,3.3864649169845507,1.2110063175771315,0.5005832586118193,0.6919813431888682,0.5190249743882633,0.39338889259300514,0.015845329751263154,0.5031796446370002,0.09382179424786281,0.30265094918665425,0.14694200386346035,0.07350996110306007,0.4742578135681295,0.10181013181233962,0.0440362339527727,0.7102618379479467,0.052135301577296185
12,0.4,115,1.0,512,200,600,matched,maxent,36116,122,337,df4986af6bdd7850afa5b9f45224b2d1483c9351ddb60fc53bb8fd762e2c533d,fae9b80b4b9bbecd172da441f7a298732dc4ec9c5fd56650a16ee48bf4f2164a,279,310,0.16809695900883526,1.5771211474804494,0.5103503897901485,0.6726577503626686,0.9044633971177808,0.3445028334280531,0.08568261145749827,0.8187807856602825,0.07579999716166656,0.24451611987634378,0.11643534477890151,0.05889214325739029,0.37994931133800186,0.08215512934740855,0.036228705781536676,0.5843339642183335,0.044783774588973736
12,0.4,116,1.0,512,200,600,matched,iqp-parity,13700,123,338,87566efb5471e0d8a2343139c942b075eaa67cc168cdc87db167ca530e1fa274,67eaeaae05cc33550f061649f99bb92951375c55491458d36e2f1c224114a8b1,273,312,0.5464844580274075,0.5274184531211474,1.0,-0.0,0.5274184531211474,0.8273798299919031,0.0025411806326885306,0.524877272488459,0.14915434856987078,0.47805880951881663,0.14915434856987078,0.10250695834925212,0.6570958868541802,0.10250695834925212,0.05262027893509704,0.8432737008829654,0.05262027893509704
12,0.4,116,1.0,512,200,600,matched,iqp-mse,13700,123,338,87566efb5471e0d8a2343139c942b075eaa67cc168cdc87db167ca530e1fa274,67eaeaae05cc33550f061649f99bb92951375c55491458d36e2f1c224114a8b1,273,312,0.4240176249295473,0.5707504873030294,1.0,-0.0,0.5707504873030294,0.8096113301493073,0.006747001506872345,0.5640034857961571,0.1526418783105318,0.48923678945683274,0.1526418783105318,0.10277316215225045,0.6588023214887849,0.10277316215225045,0.05199905312194454,0.8333181590055215,0.05199905312194454
12,0.4,116,1.0,512,200,600,matched,ising-parity,30117,123,338,87566efb5471e0d8a2343139c942b075eaa67cc168cdc87db167ca530e1fa274,67eaeaae05cc33550f061649f99bb92951375c55491458d36e2f1c224114a8b1,273,312,0.31584416702389717,0.9066803402289445,0.5000433194570393,0.6930605453988007,0.21361979483014382,0.4090576644596452,0.004526019536463477,0.20909377529368028,0.10673599458271674,0.34210254673947676,0.16879463802340047,0.08439039897649872,0.540964096003197,0.1168635955693261,0.05034428851047768,0.8067994953602193,0.05821585360738761
12,0.4,116,1.0,512,200,600,matched,ising-nll,30120,123,338,87566efb5471e0d8a2343139c942b075eaa67cc168cdc87db167ca530e1fa274,67eaeaae05cc33550f061649f99bb92951375c55491458d36e2f1c224114a8b1,273,312,0.14134170894976705,0.9259722070150046,0.4999786250704381,0.6931899313328703,0.23278227568213428,0.40607191962002925,0.006029573218530565,0.22675270246360374,0.10417087530976979,0.3338810106082365,0.16593194635749223,0.08295301891882531,0.5317501212745211,0.1156453398427872,0.04988458263832261,0.7994324140756828,0.057782196960197686
12,0.4,116,1.0,512,200,600,matched,transformer,35617,123,338,87566efb5471e0d8a2343139c942b075eaa67cc168cdc87db167ca530e1fa274,67eaeaae05cc33550f061649f99bb92951375c55491458d36e2f1c224114a8b1,273,312,3.586913542007096,1.6263718665582516,0.5435769126108778,0.6095840688894965,1.0167877976687552,0.32766064735453265,0.151042576273901,0.8657452213948544,0.06989971544980018,0.22403754951859034,0.10481822365879805,0.05506985083827721,0.3530118643479308,0.07551910381499262,0.03433933052686502,0.5503097840843753,0.041910787641808195
12,0.4,116,1.0,512,200,600,matched,maxent,36117,123,338,87566efb5471e0d8a2343139c942b075eaa67cc168cdc87db167ca530e1fa274,67eaeaae05cc33550f061649f99bb92951375c55491458d36e2f1c224114a8b1,273,312,0.2086911250371486,1.7305968303544135,0.512540164685462,0.6683762009223764,1.062220629432037,0.30897559416198783,0.1509945847254881,0.9112260447065493,0.07011271137047492,0.2247202287515222,0.10875253618743158,0.05516582254777293,0.35362706761392904,0.07765689070424617,0.034423378587876356,0.5516567081390442,0.04288724025842807
12,0.4,117,1.0,512,200,600,matched,iqp-parity,13701,124,339,ecfee23e5c129876617908f6c4a95abc35dd27cea54308a1303993a5599a18cb,6d2e8203ab09f7481803ba6cac1d0fef11989f0d29cc5ddaeca62054fed6f238,266,315,0.5928161249030381,0.5793141961419683,1.0,-0.0,0.5793141961419683,0.8473255408337246,0.00022267831161286444,0.5790915178303555,0.14162265817778485,0.449595740246936,0.14162265817778485,0.09755194990500791,0.619377459714336,0.09755194990500791,0.05033896199095965,0.7990311427136452,0.05033896199095965
12,0.4,117,1.0,512,200,600,matched,iqp-mse,13701,124,339,ecfee23e5c129876617908f6c4a95abc35dd27cea54308a1303993a5599a18cb,6d2e8203ab09f7481803ba6cac1d0fef11989f0d29cc5ddaeca62054fed6f238,266,315,0.4479586660163477,0.5778801531013413,1.0,-0.0,0.5778801531013413,0.8345103928913733,0.0015525685948392064,0.5763275845065022,0.13889194045140363,0.44092679508382104,0.13889194045140363,0.09579052364526544,0.6081938009223202,0.09579052364526544,0.049987798663076254,0.7934571216361309,0.049987798663076254
12,0.4,117,1.0,512,200,600,matched,ising-parity,30118,124,339,ecfee23e5c129876617908f6c4a95abc35dd27cea54308a1303993a5599a18cb,6d2e8203ab09f7481803ba6cac1d0fef11989f0d29cc5ddaeca62054fed6f238,266,315,0.3552972499746829,0.9064491880184403,0.499991037139082,0.693165106442449,0.21328408157599132,0.4256062169873514,5.2558301693813887e-05,0.2132315232742975,0.10850627169150416,0.3444643545762037,0.16929981213327885,0.08463828169902235,0.5373859155493482,0.11658887625447681,0.05024228260383531,0.7974965492672271,0.05837628561629514
12,0.4,117,1.0,512,200,600,matched,ising-nll,30121,124,339,ecfee23e5c129876617908f6c4a95abc35dd27cea54308a1303993a5599a18cb,6d2e8203ab09f7481803ba6cac1d0fef11989f0d29cc5ddaeca62054fed6f238,266,315,0.14364129095338285,0.9895155834795024,0.500083334669587,0.6929805251085626,0.29653505837093985,0.41113297735203963,0.0038593903956458085,0.2926756679752942,0.1015363707122875,0.3223376848009127,0.15932085263369247,0.07965785936842237,0.5057641864661738,0.11049538375794773,0.04775335187933685,0.7579897123704262,0.056112134307156274
12,0.4,117,1.0,512,200,600,matched,transformer,35618,124,339,ecfee23e5c129876617908f6c4a95abc35dd27cea54308a1303993a5599a18cb,6d2e8203ab09f7481803ba6cac1d0fef11989f0d29cc5ddaeca62054fed6f238,266,315,4.278611165937036,1.1857860338418877,0.5204272058523596,0.6531052549778363,0.5326807788640514,0.3826948006198697,0.041551876375911095,0.4911289024881403,0.0872934290562047,0.27712199700382445,0.13408372327370677,0.06861609094722947,0.4356577202998696,0.09516874840787105,0.04219626474546038,0.6697819800866727,0.050965647817513796
12,0.4,117,1.0,512,200,600,matched,maxent,36118,124,339,ecfee23e5c129876617908f6c4a95abc35dd27cea54308a1303993a5599a18cb,6d2e8203ab09f7481803ba6cac1d0fef11989f0d29cc5ddaeca62054fed6f238,266,315,0.17389595799613744,1.6623787968700823,0.5031342575110695,0.686898230956586,0.9754805659134963,0.31882198311769494,0.12158036405769548,0.8539002018558011,0.07541736475777784,0.23942020558024713,0.1177753242983779,0.0590918477556585,0.3751863349565619,0.08292661872688033,0.03628048823151834,0.5758807655796562,0.044636982343751776
12,0.4,118,1.0,512,200,600,matched,iqp-parity,13702,125,340,e0ab7838c1a5d6fad968349d160f6c154432c75b19a2e4395b6b09a5122d712b,3672d037714419789c221c8c7564a09d4bd2e60bbf08a0fa3cd13f9a40a45c57,258,298,0.6108921250561252,0.4235522677493314,0.9999999999999999,1.1102230246251565e-16,0.4235522677493313,0.81315563381568,0.0026115535180241504,0.4209407142313071,0.154197353920362,0.5174407849676577,0.154197353920362,0.10446220567406486,0.7010886286849991,0.10446220567406486,0.05236984910792091,0.8786887434214918,0.05236984910792091
12,0.4,118,1.0,512,200,600,matched,iqp-mse,13702,125,340,e0ab7838c1a5d6fad968349d160f6c154432c75b19a2e4395b6b09a5122d712b,3672d037714419789c221c8c7564a09d4bd2e60bbf08a0fa3cd13f9a40a45c57,258,298,0.3958535410929471,0.5471960348959315,1.0,-0.0,0.5471960348959315,0.829528408607328,0.0004543187737937396,0.5467417161221377,0.13393974902411893,0.4494622450473789,0.13393974902411893,0.09289073147025766,0.6234277279883065,0.09289073147025766,0.04840353040930487,0.8121397719682025,0.04840353040930487
12,0.4,118,1.0,512,200,600,matched,ising-parity,30119,125,340,e0ab7838c1a5d6fad968349d160f6c154432c75b19a2e4395b6b09a5122d712b,3672d037714419789c221c8c7564a09d4bd2e60bbf08a0fa3cd13f9a40a45c57,258,298,0.398655749973841,0.9288531374027915,0.499999080002831,0.6931490205559762,0.23570411684681536,0.4009216600943061,0.005029393342987,0.23067472350382845,0.10531498768404492,0.35340599893974806,0.16341241831010292,0.08169549277941299,0.5482918978484093,0.1114636492609189,0.04788624247734335,0.8034604442507273,0.055302290201341475
12,0.4,118,1.0,512,200,600,matched,ising-nll,30122,125,340,e0ab7838c1a5d6fad968349d160f6c154432c75b19a2e4395b6b09a5122d712b,3672d037714419789c221c8c7564a09d4bd2e60bbf08a0fa3cd13f9a40a45c57,258,298,0.1859852500492707,1.0022934699510235,0.499976803840707,0.6931935739546883,0.30909989599633525,0.3949637464103489,0.0083078697867471,0.3007920262095883,0.0960892004655393,0.3224469814279842,0.14906748360933933,0.0745224746969677,0.5001508368924006,0.1025220760695104,0.04428073245910024,0.7429653097164469,0.052385693872359036
12,0.4,118,1.0,512,200,600,matched,transformer,35619,125,340,e0ab7838c1a5d6fad968349d160f6c154432c75b19a2e4395b6b09a5122d712b,3672d037714419789c221c8c7564a09d4bd2e60bbf08a0fa3cd13f9a40a45c57,258,298,4.014188000001013,1.2915077359510607,0.5307015842384039,0.6335554039663785,0.6579523319846822,0.34703654804167416,0.08769209850080721,0.5702602334838751,0.08791447234506115,0.2950150078693327,0.13018020075262643,0.06719435673825076,0.4509688371694682,0.08936348415979335,0.03937935349274877,0.6607274075964559,0.04625428421095561
12,0.4,118,1.0,512,200,600,matched,maxent,36119,125,340,e0ab7838c1a5d6fad968349d160f6c154432c75b19a2e4395b6b09a5122d712b,3672d037714419789c221c8c7564a09d4bd2e60bbf08a0fa3cd13f9a40a45c57,258,298,0.14397650002501905,1.6531648978969526,0.5022500923952248,0.6886570913244924,0.9645078065724603,0.3139946173120402,0.11278131617283133,0.8517264903996292,0.07059710980352261,0.23690305303195508,0.10898068010828169,0.05462049327301992,0.36658049176523433,0.07622200075231317,0.03333195986417128,0.559261071546498,0.04133169702830733
12,0.4,119,1.0,512,200,600,matched,iqp-parity,13703,126,341,c2a06505947a90bf9a32e679d8ff056e74623d20d111a261d3b12944b763be6a,a56289775eec0ce432a321db146cf9b88569ccab3daaa3aefaeb57ea0050cb73,271,305,0.5270118339685723,0.484143548410771,1.0,-0.0,0.484143548410771,0.8394031440613542,0.00041280962311342553,0.4837307387876575,0.14939980213068446,0.4898354168219163,0.14939980213068446,0.1027633761816364,0.6738582044697469,0.1027633761816364,0.05197748539366832,0.8520899244863658,0.05197748539366832
12,0.4,119,1.0,512,200,600,matched,iqp-mse,13703,126,341,c2a06505947a90bf9a32e679d8ff056e74623d20d111a261d3b12944b763be6a,a56289775eec0ce432a321db146cf9b88569ccab3daaa3aefaeb57ea0050cb73,271,305,0.35753966600168496,0.4954371846207728,1.0,-0.0,0.4954371846207728,0.8615633399578817,0.000561321572837857,0.4948758630479349,0.13475043954022187,0.4418047198040061,0.13475043954022187,0.09465780572473532,0.6207069227851497,0.09465780572473532,0.04969131091498227,0.8146116543439716,0.04969131091498227
12,0.4,119,1.0,512,200,600,matched,ising-parity,30120,126,341,c2a06505947a90bf9a32e679d8ff056e74623d20d111a261d3b12944b763be6a,a56289775eec0ce432a321db146cf9b88569ccab3daaa3aefaeb57ea0050cb73,271,305,0.3138731250073761,1.4330751956552925,0.5000066232710799,0.6931339341055202,0.7399412615497724,0.41589026724677575,0.0012046377108749715,0.7387366238388977,0.09774564789946226,0.32047753409659757,0.15263788904596262,0.07630975672015877,0.5003918473453034,0.10514533718046588,0.04532920699955971,0.7431017540911428,0.05293950340884495
12,0.4,119,1.0,512,200,600,matched,ising-nll,30123,126,341,c2a06505947a90bf9a32e679d8ff056e74623d20d111a261d3b12944b763be6a,a56289775eec0ce432a321db146cf9b88569ccab3daaa3aefaeb57ea0050cb73,271,305,0.1420860830694437,0.9624786777277964,0.4999958102012431,0.6931555601925681,0.2693231175352283,0.4046376544064083,0.005660576231232409,0.2636625413039958,0.09894406304574997,0.32440676408442615,0.1564160123570627,0.0781977304732443,0.5127720031032412,0.10917858379231526,0.04724385102117013,0.7744893610027891,0.05555316025379533
12,0.4,119,1.0,512,200,600,matched,transformer,35620,126,341,c2a06505947a90bf9a32e679d8ff056e74623d20d111a261d3b12944b763be6a,a56289775eec0ce432a321db146cf9b88569ccab3daaa3aefaeb57ea0050cb73,271,305,3.3440649999538437,1.2721071468906349,0.5807871474847366,0.5433709447027354,0.7287362021878995,0.40269191480583655,0.06575142019935606,0.6629847819885433,0.09486169126398197,0.3110219385704327,0.13264614419490592,0.0718827340974833,0.4713621908031692,0.0920123612739269,0.04184036668693262,0.6859076506054528,0.04783411769303176
12,0.4,119,1.0,512,200,600,matched,maxent,36120,126,341,c2a06505947a90bf9a32e679d8ff056e74623d20d111a261d3b12944b763be6a,a56289775eec0ce432a321db146cf9b88569ccab3daaa3aefaeb57ea0050cb73,271,305,0.1601249580271542,1.7565128980885858,0.5063847634638381,0.6804584965514292,1.0760544015371565,0.29899755628017155,0.1588356880750128,0.9172187134621436,0.06696565510629782,0.21955952493868136,0.10629762681654989,0.05355686086227124,0.35119253024440156,0.07719967605809891,0.03423689465208138,0.5612605680669078,0.043288601798687515
12,0.4,120,1.0,512,200,600,matched,iqp-parity,13704,127,342,e0f4cbaa9edcff88e38567d2bfa29c33c9a13eed507254d0821a0f020f20b10a,be8ede604a893ee87034e6fb596cea91ea3be8f191d448807bebae1ef6fbfe79,283,313,0.4931893750326708,0.5237092231252427,1.0,-0.0,0.5237092231252427,0.8652210238475289,1.010155305830227e-05,0.5236991215721847,0.14835756090649982,0.4739858175926512,0.14835756090649982,0.10209859114845463,0.652387163887889,0.10209859114845463,0.05236756462795421,0.8365425659417606,0.05236756462795421
12,0.4,120,1.0,512,200,600,matched,iqp-mse,13704,127,342,e0f4cbaa9edcff88e38567d2bfa29c33c9a13eed507254d0821a0f020f20b10a,be8ede604a893ee87034e6fb596cea91ea3be8f191d448807bebae1ef6fbfe79,283,313,0.3893976249964908,0.4968255756660589,1.0,-0.0,0.4968255756660589,0.8656961953477875,1.734531929565913e-05,0.49680823034676336,0.14268494567476198,0.4558624462452459,0.14268494567476198,0.09890703060052075,0.6319938057541262,0.09890703060052075,0.05109436686559437,0.8162039435398462,0.05109436686559437
12,0.4,120,1.0,512,200,600,matched,ising-parity,30121,127,342,e0f4cbaa9edcff88e38567d2bfa29c33c9a13eed507254d0821a0f020f20b10a,be8ede604a893ee87034e6fb596cea91ea3be8f191d448807bebae1ef6fbfe79,283,313,0.30718441598583013,0.8165171785868597,0.5000088631299505,0.6931294544571526,0.12338772412970711,0.4277956789604593,0.00027023724711465295,0.12311748688259273,0.10918777538285113,0.3488427328525595,0.1730063606625332,0.08649278507739189,0.5526695532101717,0.12016209385802408,0.0517889109761016,0.8272988973818147,0.05964858230566872
12,0.4,120,1.0,512,200,600,matched,ising-nll,30124,127,342,e0f4cbaa9edcff88e38567d2bfa29c33c9a13eed507254d0821a0f020f20b10a,be8ede604a893ee87034e6fb596cea91ea3be8f191d448807bebae1ef6fbfe79,283,313,0.14529545907862484,0.9018482759202775,0.4999976509289462,0.6931518787130891,0.20869639720718836,0.419778128422186,0.002255298067173398,0.20644109914001496,0.10483907095424197,0.3349491084800063,0.16564566933815042,0.08281201572101321,0.5291502601981675,0.11530016565947145,0.049831125667651494,0.7960243716877236,0.05828082027494622
12,0.4,120,1.0,512,200,600,matched,transformer,35621,127,342,e0f4cbaa9edcff88e38567d2bfa29c33c9a13eed507254d0821a0f020f20b10a,be8ede604a893ee87034e6fb596cea91ea3be8f191d448807bebae1ef6fbfe79,283,313,3.4709068750962615,1.2946992119670573,0.531735835288229,0.6316084631724694,0.6630907487945878,0.4043083987794396,0.03314411431498511,0.6299466344796029,0.08889125362411975,0.28399761541252316,0.13312734911234134,0.06887432881262363,0.4400915579081382,0.09269648420767439,0.041073443848524634,0.6561253010946427,0.04849102629686552
12,0.4,120,1.0,512,200,600,matched,maxent,36121,127,342,e0f4cbaa9edcff88e38567d2bfa29c33c9a13eed507254d0821a0f020f20b10a,be8ede604a893ee87034e6fb596cea91ea3be8f191d448807bebae1ef6fbfe79,283,313,0.7604559579631314,1.582853967359,0.5029352587573547,0.6872938273902165,0.8955601399687836,0.3378720005169953,0.09722313793482011,0.7983370020339636,0.07465162851164577,0.23850360546851684,0.11559006884712782,0.0579804211149218,0.3704819240570083,0.08144807382782641,0.03571395038380426,0.57051038951764,0.044432547933893396
12,0.5,111,1.0,512,200,600,matched,iqp-parity,13695,118,333,a7f81c957541c0f37937d5feb9acc27318bf2e7f57fe3147bd091ae9478e67c1,46ec6552ea8abd2c67a85ebf993bb74a1984e0f557904f8a35ae4eb6d2b596da,273,300,0.8642198749585077,0.5080451514394658,1.0,-0.0,0.5080451514394658,0.8045694414100528,6.0148416746125775e-05,0.50798500302272,0.1440683592654985,0.4802278642183283,0.1440683592654985,0.09850548280232233,0.6567032186821488,0.09850548280232233,0.05031236718040316,0.8385394530067194,0.05031236718040316
12,0.5,111,1.0,512,200,600,matched,iqp-mse,13695,118,333,a7f81c957541c0f37937d5feb9acc27318bf2e7f57fe3147bd091ae9478e67c1,46ec6552ea8abd2c67a85ebf993bb74a1984e0f557904f8a35ae4eb6d2b596da,273,300,0.604832666926086,0.5589035567298237,1.0000000000000002,-2.2204460492503128e-16,0.558903556729824,0.7886383104416385,0.00040706059498209213,0.5584964961348424,0.14176762616585617,0.47255875388618723,0.14176762616585614,0.09559749310973722,0.6373166207315816,0.09559749310973721,0.048506116950627357,0.8084352825104559,0.048506116950627357
12,0.5,111,1.0,512,200,600,matched,ising-parity,30112,118,333,a7f81c957541c0f37937d5feb9acc27318bf2e7f57fe3147bd091ae9478e67c1,46ec6552ea8abd2c67a85ebf993bb74a1984e0f557904f8a35ae4eb6d2b596da,273,300,0.3824487910605967,0.9343179046676915,0.49999839023347714,0.6931504000981737,0.24116750456951774,0.39820291272444436,4.473110654289007e-05,0.2411227734629751,0.1097625437030743,0.3658751456769143,0.16930585221513542,0.0846416990722438,0.5642779938149587,0.11465351834977272,0.04912717427856454,0.8187862379760756,0.056251361047055096
12,0.5,111,1.0,512,200,600,matched,ising-nll,30115,118,333,a7f81c957541c0f37937d5feb9acc27318bf2e7f57fe3147bd091ae9478e67c1,46ec6552ea8abd2c67a85ebf993bb74a1984e0f557904f8a35ae4eb6d2b596da,273,300,0.164672665996477,0.9320889596694707,0.49997136072209913,0.6932044607562262,0.23888449891324448,0.3963148257672361,0.00017422605914025734,0.23871027285410468,0.11047127130614516,0.3682375710204839,0.16986577363905292,0.0849192801209083,0.5661285341393887,0.11492010008769782,0.049253631739643505,0.8208938623273917,0.05644200094165499
12,0.5,111,1.0,512,200,600,matched,transformer,35612,118,333,a7f81c957541c0f37937d5feb9acc27318bf2e7f57fe3147bd091ae9478e67c1,46ec6552ea8abd2c67a85ebf993bb74a1984e0f557904f8a35ae4eb6d2b596da,273,300,3.3762510829837993,1.0580194676971932,0.5314629209511572,0.6321218466606731,0.4258976210365202,0.36711172457094177,0.030418310240491617,0.3954793107960287,0.09844121714819214,0.3281373904939738,0.1458146158782782,0.07530574882614662,0.502038325507644,0.09941542185630012,0.04356838582757117,0.7261397637928528,0.050180597114059436
12,0.5,111,1.0,512,200,600,matched,maxent,36112,118,333,a7f81c957541c0f37937d5feb9acc27318bf2e7f57fe3147bd091ae9478e67c1,46ec6552ea8abd2c67a85ebf993bb74a1984e0f557904f8a35ae4eb6d2b596da,273,300,0.157600041013211,1.6292528663730177,0.5091636545551361,0.6749857923893213,0.9542670739836964,0.29762474766625835,0.105036115885311,0.8492309580983857,0.07205238110028196,0.24017460366760654,0.11237850682995962,0.0567849012212464,0.37856600814164265,0.08019780505370491,0.03542774099391073,0.5904623498985122,0.04393700002557297
12,0.5,112,1.0,512,200,600,matched,iqp-parity,13696,119,334,fb92cba95dc06b5e2e0a359835c232fa9b536341a4923c833f764be5eb0e19fc,b0126d22db14df8032614d0be237f7ba7f8faae015df79310d48a47a7e019709,279,296,0.6876855409936979,0.6013250543358758,1.0,-0.0,0.6013250543358758,0.8183434792140719,0.0008565062230061864,0.6004685481128698,0.13474858974260678,0.4552317221034013,0.13474858974260678,0.09190890642994907,0.6210061245266829,0.09190890642994907,0.04720043095757223,0.7973045769860174,0.04720043095757223
12,0.5,112,1.0,512,200,600,matched,iqp-mse,13696,119,334,fb92cba95dc06b5e2e0a359835c232fa9b536341a4923c833f764be5eb0e19fc,b0126d22db14df8032614d0be237f7ba7f8faae015df79310d48a47a7e019709,279,296,0.423980874940753,0.5840913622822568,1.0,-0.0,0.5840913622822568,0.7887565332824589,0.0005516536061943526,0.5835397086760625,0.13703209213655757,0.4629462572180999,0.13703209213655757,0.09169088252511091,0.6195329900345332,0.09169088252511091,0.04660559851000348,0.7872567315878967,0.04660559851000348
12,0.5,112,1.0,512,200,600,matched,ising-parity,30113,119,334,fb92cba95dc06b5e2e0a359835c232fa9b536341a4923c833f764be5eb0e19fc,b0126d22db14df8032614d0be237f7ba7f8faae015df79310d48a47a7e019709,279,296,0.31842366699129343,0.8596855033073608,0.5000398122077594,0.693067559314282,0.16661794399307883,0.4035101868672101,7.194173855004302e-05,0.1665460022545286,0.10969453571789498,0.37058964769559116,0.17007925260046408,0.0850320551025678,0.5745409128551878,0.11545913020739781,0.04944329459869249,0.8351907871400759,0.05625510302377097
12,0.5,112,1.0,512,200,600,matched,ising-nll,30116,119,334,fb92cba95dc06b5e2e0a359835c232fa9b536341a4923c833f764be5eb0e19fc,b0126d22db14df8032614d0be237f7ba7f8faae015df79310d48a47a7e019709,279,296,0.1448180420557037,0.9793232462654966,0.5000322248116409,0.6930827330134512,0.28624051325204536,0.3876492606713259,0.0021490365170247147,0.2840914767350206,0.10489233838078238,0.3543660080431837,0.16031372581771064,0.08014936757844887,0.5415497809354654,0.108318725310548,0.04648481335215678,0.7852164417594051,0.05381487283988074
12,0.5,112,1.0,512,200,600,matched,transformer,35613,119,334,fb92cba95dc06b5e2e0a359835c232fa9b536341a4923c833f764be5eb0e19fc,b0126d22db14df8032614d0be237f7ba7f8faae015df79310d48a47a7e019709,279,296,3.341343790991232,1.0306368080929875,0.5104578936164249,0.6724471254521514,0.35818968264083617,0.3730511263206463,0.013814811169729303,0.3443748714711069,0.10495383445976499,0.3545737650667736,0.15953277403148747,0.08064603701592202,0.5449056555129866,0.10841610865019088,0.04679707938644473,0.7904912058521069,0.05355240935609031
12,0.5,112,1.0,512,200,600,matched,maxent,36113,119,334,fb92cba95dc06b5e2e0a359835c232fa9b536341a4923c833f764be5eb0e19fc,b0126d22db14df8032614d0be237f7ba7f8faae015df79310d48a47a7e019709,279,296,0.13494504103437066,1.6417172262894413,0.5041590262093387,0.6848635324861877,0.9568536938032536,0.3053054025959868,0.0890541701517023,0.8677995236515512,0.06911956948893785,0.23351205908424952,0.10656823199689469,0.053527027554966224,0.36166910510112316,0.0749099114279408,0.03285114678651208,0.5549180200424338,0.04080752204312863
12,0.5,113,1.0,512,200,600,matched,iqp-parity,13697,120,335,c42a3dd3b149648f19ff81f52ade91855d1a071ff9710a6b975dce2946ae5062,494a09d0cb32c8fd575150abd91ad12074451b075c550159cd5a0edda3ce9c1b,296,311,0.4842618750408292,0.4942366202634366,1.0,-0.0,0.4942366202634366,0.8434726983167395,0.0002716895454742945,0.49396493071796266,0.14953345015462458,0.4808149522656739,0.14953345015462458,0.10194522949996025,0.6555963311894549,0.10194522949996025,0.051948183926780744,0.8351798058967965,0.051948183926780744
12,0.5,113,1.0,512,200,600,matched,iqp-mse,13697,120,335,c42a3dd3b149648f19ff81f52ade91855d1a071ff9710a6b975dce2946ae5062,494a09d0cb32c8fd575150abd91ad12074451b075c550159cd5a0edda3ce9c1b,296,311,0.3517774579813704,0.5184594710092205,1.0,-0.0,0.5184594710092205,0.8301524995157018,8.193258291763848e-05,0.5183775384263031,0.15304464409749918,0.49210496494372724,0.15304464409749918,0.10474210379574868,0.6735826610659079,0.10474210379574868,0.053720603788047744,0.8636753020586454,0.053720603788047744
12,0.5,113,1.0,512,200,600,matched,ising-parity,30114,120,335,c42a3dd3b149648f19ff81f52ade91855d1a071ff9710a6b975dce2946ae5062,494a09d0cb32c8fd575150abd91ad12074451b075c550159cd5a0edda3ce9c1b,296,311,0.2848468750016764,0.9432208132108388,0.5000147300591373,0.6931177208756114,0.25010309233522743,0.4197849939748274,7.808117503604536e-05,0.25002501116019177,0.11180844828613547,0.3595126954538118,0.17292277106409193,0.08645157843538373,0.5559587037645255,0.11770851548202771,0.050530671101655183,0.8123902106375431,0.05813912605449145
12,0.5,113,1.0,512,200,600,matched,ising-nll,30117,120,335,c42a3dd3b149648f19ff81f52ade91855d1a071ff9710a6b975dce2946ae5062,494a09d0cb32c8fd575150abd91ad12074451b075c550159cd5a0edda3ce9c1b,296,311,0.1309672079514712,1.0988727418469448,0.4999573819870885,0.6932324202185648,0.40564032162838004,0.40184225382151434,0.0032184972706376935,0.40242182435774276,0.10495149692615183,0.33746462034132424,0.15995929335652914,0.07996606536671066,0.5142512242232197,0.10823504374993789,0.04654884765554797,0.7483737565200638,0.05455459490968574
12,0.5,113,1.0,512,200,600,matched,transformer,35614,120,335,c42a3dd3b149648f19ff81f52ade91855d1a071ff9710a6b975dce2946ae5062,494a09d0cb32c8fd575150abd91ad12074451b075c550159cd5a0edda3ce9c1b,296,311,3.2525154169416055,1.2401032975310107,0.5056012993243099,0.6820068662866723,0.5580964312443384,0.3623111465062022,0.03839466025309085,0.5197017709912476,0.09587992083080422,0.30829556537236086,0.14693984223694515,0.07390759622018495,0.4752900078468485,0.10103053363274189,0.04383721952322179,0.7047784489263953,0.052018508899055294
12,0.5,113,1.0,512,200,600,matched,maxent,36114,120,335,c42a3dd3b149648f19ff81f52ade91855d1a071ff9710a6b975dce2946ae5062,494a09d0cb32c8fd575150abd91ad12074451b075c550159cd5a0edda3ce9c1b,296,311,0.19205337495077401,1.839687488105197,0.511227106349319,0.6709413523846021,1.1687461357205948,0.2939153313920416,0.155398901274508,1.013347234446087,0.06966468837959085,0.22400221343919885,0.10599828093813636,0.05364290529680234,0.3449704520694684,0.07371533365494616,0.03238675494593737,0.5206873785520477,0.03996111946291713
12,0.5,114,1.0,512,200,600,matched,iqp-parity,13698,121,336,c27150354484f36bdaa3452416a2572a2fd159b1ad5e58c89967a462d48aa1f2,9fc9306ab4737b5804dc59a07264243c6abc622ca16efa0cd4d6bddf38b05e36,269,302,0.4671844579279423,0.530058452573904,1.0,-0.0,0.530058452573904,0.7998351478451835,5.945422474309438e-05,0.5299989983491612,0.14485119814727043,0.4796397289644716,0.14485119814727043,0.09839058874506816,0.6515933029474712,0.09839058874506816,0.050111762660498674,0.829664944710243,0.050111762660498674
12,0.5,114,1.0,512,200,600,matched,iqp-mse,13698,121,336,c27150354484f36bdaa3452416a2572a2fd159b1ad5e58c89967a462d48aa1f2,9fc9306ab4737b5804dc59a07264243c6abc622ca16efa0cd4d6bddf38b05e36,269,302,0.3579647910082713,0.6204078508202102,1.0,-0.0,0.6204078508202102,0.8052747775408863,0.00030334002695099095,0.6201045107932597,0.13613967255744633,0.45079361773988846,0.13613967255744633,0.09350242124985651,0.6192213327805067,0.09350242124985651,0.04832035497804707,0.8000058771199845,0.04832035497804707
12,0.5,114,1.0,512,200,600,matched,ising-parity,30115,121,336,c27150354484f36bdaa3452416a2572a2fd159b1ad5e58c89967a462d48aa1f2,9fc9306ab4737b5804dc59a07264243c6abc622ca16efa0cd4d6bddf38b05e36,269,302,0.3196009579114616,1.0594940832085167,0.5000674826861295,0.6930122242946927,0.366481858913824,0.39368319650118533,0.00020266290012343688,0.3662791960137008,0.09914022265147447,0.3282788829519022,0.15231603790351078,0.07615401261691764,0.5043312093835606,0.10394401875244338,0.04482811700174776,0.7421873675786054,0.052870516783770326
12,0.5,114,1.0,512,200,600,matched,ising-nll,30118,121,336,c27150354484f36bdaa3452416a2572a2fd159b1ad5e58c89967a462d48aa1f2,9fc9306ab4737b5804dc59a07264243c6abc622ca16efa0cd4d6bddf38b05e36,269,302,0.13341175008099526,0.9136502861457043,0.5000006996006303,0.6931457813596635,0.22050450478604078,0.3949828351467239,9.160364876996223e-05,0.22041290113727113,0.10914340855921191,0.36140201509672815,0.16867269964941753,0.0843253325406172,0.5584459108650146,0.11435079901674922,0.0490132621708255,0.8114778505103559,0.05620779970841561
12,0.5,114,1.0,512,200,600,matched,transformer,35615,121,336,c27150354484f36bdaa3452416a2572a2fd159b1ad5e58c89967a462d48aa1f2,9fc9306ab4737b5804dc59a07264243c6abc622ca16efa0cd4d6bddf38b05e36,269,302,3.3223797499667853,1.2266905489795132,0.5762549632296596,0.5512050717284838,0.6754854772510295,0.3341640597211163,0.1042132465333637,0.571272230717666,0.08377750742898595,0.2774089649966422,0.11895513587890134,0.06446216866136917,0.42690177921436534,0.08469825618289398,0.03914620297258919,0.6481159432547878,0.04610125340943719
12,0.5,114,1.0,512,200,600,matched,maxent,36115,121,336,c27150354484f36bdaa3452416a2572a2fd159b1ad5e58c89967a462d48aa1f2,9fc9306ab4737b5804dc59a07264243c6abc622ca16efa0cd4d6bddf38b05e36,269,302,0.13430475001223385,1.5179033981746404,0.5079195473296185,0.677432215344118,0.8404711828305224,0.31330093110172785,0.07391295664898412,0.7665582261815385,0.07784099181251489,0.2577516285182612,0.11835452426975226,0.059679680828461555,0.3952296743606726,0.08225286662505252,0.03606148829007768,0.5970445081138689,0.04435077391798626
12,0.5,115,1.0,512,200,600,matched,iqp-parity,13699,122,337,653848901f381d6801402e47ab1200dd1d858a7a3837e205b5267007c5889faf,fae9b80b4b9bbecd172da441f7a298732dc4ec9c5fd56650a16ee48bf4f2164a,279,297,0.5386802080320194,0.44340904226405703,1.0,-0.0,0.44340904226405703,0.819164567367872,0.00022604466662671206,0.4431829975974305,0.15048632797086703,0.5066879729658822,0.15048632797086703,0.10210952613132389,0.6876062365745716,0.10210952613132389,0.051411936546698095,0.8655208172844797,0.051411936546698095
12,0.5,115,1.0,512,200,600,matched,iqp-mse,13699,122,337,653848901f381d6801402e47ab1200dd1d858a7a3837e205b5267007c5889faf,fae9b80b4b9bbecd172da441f7a298732dc4ec9c5fd56650a16ee48bf4f2164a,279,297,0.43086283293087035,0.5176136156886838,1.0,-0.0,0.5176136156886838,0.8188188595658321,0.00020725248111621783,0.5174063632075678,0.13991402614334392,0.471090997115636,0.13991402614334392,0.09662965368873884,0.650704738644706,0.09662965368873884,0.049580785674321906,0.8346933615205708,0.049580785674321906
12,0.5,115,1.0,512,200,600,matched,ising-parity,30116,122,337,653848901f381d6801402e47ab1200dd1d858a7a3837e205b5267007c5889faf,fae9b80b4b9bbecd172da441f7a298732dc4ec9c5fd56650a16ee48bf4f2164a,279,297,0.289933625026606,1.322754249649591,0.5000011367124009,0.6931449071377278,0.6296093425118632,0.41023355125364275,0.00030425241674020276,0.6293050900951229,0.11044032852949283,0.3718529580117604,0.1677343903085234,0.08385603697775017,0.5646871176952873,0.11129808236926167,0.047398292702786865,0.7979510556024725,0.053570963701247705
12,0.5,115,1.0,512,200,600,matched,ising-nll,30119,122,337,653848901f381d6801402e47ab1200dd1d858a7a3837e205b5267007c5889faf,fae9b80b4b9bbecd172da441f7a298732dc4ec9c5fd56650a16ee48bf4f2164a,279,297,0.1317780000390485,1.0704298882691354,0.5000348075246711,0.6930775679336182,0.37735232033551724,0.38934693494587613,0.0031399624649909585,0.37421235787052637,0.11388829264450755,0.3834622647963217,0.17117408990149358,0.0855789203316635,0.5762890258024479,0.11331282234459014,0.048293754937972534,0.813026177406945,0.05483626360351291
12,0.5,115,1.0,512,200,600,matched,transformer,35616,122,337,653848901f381d6801402e47ab1200dd1d858a7a3837e205b5267007c5889faf,fae9b80b4b9bbecd172da441f7a298732dc4ec9c5fd56650a16ee48bf4f2164a,279,297,3.274624374927953,1.3575191830181774,0.5118458104695205,0.669731850724544,0.6877873322936334,0.34823898683260834,0.043092986661467006,0.6446943456321665,0.0968198640955634,0.32599280840257033,0.14104191277880532,0.07130522042287293,0.48016983449746087,0.09297121973829359,0.04001806292312059,0.6737047630154982,0.04634792774457527
12,0.5,115,1.0,512,200,600,matched,maxent,36116,122,337,653848901f381d6801402e47ab1200dd1d858a7a3837e205b5267007c5889faf,fae9b80b4b9bbecd172da441f7a298732dc4ec9c5fd56650a16ee48bf4f2164a,279,297,0.15206512494478375,1.8317996840994644,0.5173285612094292,0.659077091415938,1.1727225926835265,0.28885584667841624,0.14222193661051546,1.0305006560730112,0.0732965333957356,0.24678967473311647,0.1093602487139216,0.05569075341848593,0.37502190854199274,0.07603172536723082,0.033560152836752004,0.564985737992458,0.04096267639052475
12,0.5,116,1.0,512,200,600,matched,iqp-parity,13700,123,338,0668f33da2aa74d743e03d2b691a7e2e9031b200c6cfa59845efff15c10baa70,67eaeaae05cc33550f061649f99bb92951375c55491458d36e2f1c224114a8b1,273,305,0.5375827921088785,0.5475963492891326,1.0,-0.0,0.5475963492891326,0.8008333307654684,3.216565203753921e-06,0.5475931327239292,0.14388879936391266,0.4717665552915169,0.14388879936391266,0.09820644898693487,0.6439767146684254,0.09820644898693487,0.050217224597654854,0.8232331901254895,0.050217224597654854
12,0.5,116,1.0,512,200,600,matched,iqp-mse,13700,123,338,0668f33da2aa74d743e03d2b691a7e2e9031b200c6cfa59845efff15c10baa70,67eaeaae05cc33550f061649f99bb92951375c55491458d36e2f1c224114a8b1,273,305,0.366613749996759,0.5398855836952492,1.0,-0.0,0.5398855836952492,0.7992014985004985,2.1855369726076455e-05,0.5398637283255233,0.15250577771791574,0.5000189433374287,0.15250577771791574,0.1029809400955094,0.6752848530853075,0.1029809400955094,0.05152041708002845,0.8445970013119418,0.05152041708002845
12,0.5,116,1.0,512,200,600,matched,ising-parity,30117,123,338,0668f33da2aa74d743e03d2b691a7e2e9031b200c6cfa59845efff15c10baa70,67eaeaae05cc33550f061649f99bb92951375c55491458d36e2f1c224114a8b1,273,305,0.2990317080402747,0.97120467421695,0.5000957256652143,0.6929557475539838,0.2782489266629662,0.4001335357474406,9.396181461392627e-06,0.27823953048150507,0.1085635749455066,0.3559461473623167,0.16623984108507955,0.08311758218160349,0.5450333257810065,0.11228896877551771,0.048199015602976555,0.7901477967701075,0.05586765707030381
12,0.5,116,1.0,512,200,600,matched,ising-nll,30120,123,338,0668f33da2aa74d743e03d2b691a7e2e9031b200c6cfa59845efff15c10baa70,67eaeaae05cc33550f061649f99bb92951375c55491458d36e2f1c224114a8b1,273,305,0.1398296250263229,0.9907474542700636,0.5000117384863194,0.6931237038628862,0.29762375040717737,0.3916365508106995,0.001040035113018565,0.2965837152941591,0.11049914438721056,0.3622922766793789,0.16910994821618736,0.08454481863564604,0.5543922533484986,0.11342816627723164,0.04849521002947613,0.7950034431061661,0.05553655457034815
12,0.5,116,1.0,512,200,600,matched,transformer,35617,123,338,0668f33da2aa74d743e03d2b691a7e2e9031b200c6cfa59845efff15c10baa70,67eaeaae05cc33550f061649f99bb92951375c55491458d36e2f1c224114a8b1,273,305,3.4439588339300826,1.3160595203189307,0.5418338506696416,0.6127958731181083,0.7032636472008224,0.36385461971282634,0.04206957290303161,0.6611940742977909,0.0800336729509175,0.2624054850849754,0.12047998788105044,0.06315280925220651,0.41411678198168206,0.08595390514714363,0.03868011015107438,0.6341001664110555,0.0460750109008289
12,0.5,116,1.0,512,200,600,matched,maxent,36117,123,338,0668f33da2aa74d743e03d2b691a7e2e9031b200c6cfa59845efff15c10baa70,67eaeaae05cc33550f061649f99bb92951375c55491458d36e2f1c224114a8b1,273,305,0.15892850002273917,1.714763985255527,0.5093307321987118,0.6746577048765233,1.0401062803790038,0.2891230630255917,0.12236574091581034,0.9177405394631932,0.0700377337967006,0.22963191408754294,0.10874780968693552,0.054950657272945146,0.36033217883898455,0.07704990920424257,0.03399340366989877,0.5572689126212912,0.04228806858780907
12,0.5,117,1.0,512,200,600,matched,iqp-parity,13701,124,339,317d19471c2362cd8428a2e555449a2be2dfa67068ce7d9ddfa65515806c31b4,6d2e8203ab09f7481803ba6cac1d0fef11989f0d29cc5ddaeca62054fed6f238,266,300,0.535398583044298,0.6343509605720347,1.0,-0.0,0.6343509605720347,0.7936075962623081,0.00019976482685813216,0.6341511957451771,0.14108916621396536,0.4702972207132179,0.14108916621396536,0.09488019539574116,0.6325346359716078,0.09488019539574116,0.048147987340061926,0.8024664556676988,0.048147987340061926
12,0.5,117,1.0,512,200,600,matched,iqp-mse,13701,124,339,317d19471c2362cd8428a2e555449a2be2dfa67068ce7d9ddfa65515806c31b4,6d2e8203ab09f7481803ba6cac1d0fef11989f0d29cc5ddaeca62054fed6f238,266,300,0.4144834999460727,0.49486573904366954,1.0,-0.0,0.49486573904366954,0.783978282079601,0.0009418946097453813,0.4939238444339244,0.14645394623482688,0.48817982078275624,0.14645394623482688,0.09949385784178628,0.6632923856119085,0.09949385784178628,0.05045192645122998,0.840865440853833,0.05045192645122998
12,0.5,117,1.0,512,200,600,matched,ising-parity,30118,124,339,317d19471c2362cd8428a2e555449a2be2dfa67068ce7d9ddfa65515806c31b4,6d2e8203ab09f7481803ba6cac1d0fef11989f0d29cc5ddaeca62054fed6f238,266,300,0.34127099998295307,0.9664836853061566,0.5000865164239043,0.6929741626805932,0.2735095226255634,0.3833079286793396,0.0035882073454097455,0.26992131528015395,0.10500962724424688,0.35003209081415626,0.16151928243053557,0.08075685659357082,0.5383790439571388,0.10982231512773628,0.04719492634154276,0.7865821056923793,0.05472805517295146
12,0.5,117,1.0,512,200,600,matched,ising-nll,30121,124,339,317d19471c2362cd8428a2e555449a2be2dfa67068ce7d9ddfa65515806c31b4,6d2e8203ab09f7481803ba6cac1d0fef11989f0d29cc5ddaeca62054fed6f238,266,300,0.17862729204352945,1.0737678362210072,0.5001276966589998,0.6928918198492674,0.38087601637173985,0.3658639712578726,0.013335447131341674,0.36754056924039813,0.10055758218561513,0.3351919406187171,0.15568671263713904,0.07784427381085969,0.5189618254057312,0.10651961717523102,0.045879070684657214,0.7646511780776203,0.05358458862413527
12,0.5,117,1.0,512,200,600,matched,transformer,35618,124,339,317d19471c2362cd8428a2e555449a2be2dfa67068ce7d9ddfa65515806c31b4,6d2e8203ab09f7481803ba6cac1d0fef11989f0d29cc5ddaeca62054fed6f238,266,300,3.7888701669871807,1.0510792150892057,0.5373000574632292,0.621198574299239,0.4298806407899667,0.35064818794385677,0.053739915505992206,0.3761407252839749,0.09047708105959168,0.30159027019863893,0.13570954584137696,0.07070788743363489,0.47138591622423265,0.09576394947301883,0.04276948815992154,0.7128248026653591,0.05053456255713844
12,0.5,117,1.0,512,200,600,matched,maxent,36118,124,339,317d19471c2362cd8428a2e555449a2be2dfa67068ce7d9ddfa65515806c31b4,6d2e8203ab09f7481803ba6cac1d0fef11989f0d29cc5ddaeca62054fed6f238,266,300,0.18526429089251906,1.587394321373738,0.5112966959756535,0.6708052389243897,0.9165890824493483,0.29106384743262576,0.12062079638410086,0.7959682860652476,0.07315610302071836,0.2438536767357279,0.11277592008681256,0.05710500535573388,0.3807000357048925,0.07962261021294856,0.03512628398652766,0.5854380664421277,0.043322818871961086
12,0.5,118,1.0,512,200,600,matched,iqp-parity,13702,125,340,ffe05934866a43dee973e37b1b777bb6c2a260033c472ee4358815b2eebc8dc9,3672d037714419789c221c8c7564a09d4bd2e60bbf08a0fa3cd13f9a40a45c57,258,291,0.5541751669952646,0.5431648680833512,1.0,-0.0,0.5431648680833512,0.8045858867829554,9.007644389725459e-05,0.5430747916394543,0.14681466169198798,0.5045177377731546,0.14681466169198798,0.09729194926702898,0.6686731908386871,0.09729194926702898,0.04856380379538066,0.8344296184773309,0.04856380379538066
12,0.5,118,1.0,512,200,600,matched,iqp-mse,13702,125,340,ffe05934866a43dee973e37b1b777bb6c2a260033c472ee4358815b2eebc8dc9,3672d037714419789c221c8c7564a09d4bd2e60bbf08a0fa3cd13f9a40a45c57,258,291,0.43393649999052286,0.6113609678141907,1.0,-0.0,0.6113609678141907,0.8522586227489947,0.006636789903859477,0.6047241779103314,0.14267997211229083,0.4903091825164634,0.14267997211229083,0.09544183305536043,0.655957615500759,0.09544183305536043,0.04772202665198174,0.8199660936766622,0.04772202665198174
12,0.5,118,1.0,512,200,600,matched,ising-parity,30119,125,340,ffe05934866a43dee973e37b1b777bb6c2a260033c472ee4358815b2eebc8dc9,3672d037714419789c221c8c7564a09d4bd2e60bbf08a0fa3cd13f9a40a45c57,258,291,0.33352708304300904,0.8835325548740494,0.5000094517105607,0.6931282773174914,0.19040427755655798,0.3981585910370127,0.000578865465917228,0.18982541209064077,0.10827057801975938,0.3720638419923003,0.16792535618359256,0.08395246006715647,0.5769928526952335,0.11405034495957696,0.048829121953805094,0.838988349721737,0.05543166522987181
12,0.5,118,1.0,512,200,600,matched,ising-nll,30122,125,340,ffe05934866a43dee973e37b1b777bb6c2a260033c472ee4358815b2eebc8dc9,3672d037714419789c221c8c7564a09d4bd2e60bbf08a0fa3cd13f9a40a45c57,258,291,0.14987637498416007,0.9630021792851258,0.5000657746798931,0.6930156398520174,0.26998653943310835,0.38258966905120223,0.005862270820102031,0.2641242686130065,0.10624206743625453,0.36509301524486093,0.16277367456680567,0.08138188786740903,0.5593256898103713,0.10972000507635397,0.04698942594938008,0.8073784527384894,0.05394378909608646
12,0.5,118,1.0,512,200,600,matched,transformer,35619,125,340,ffe05934866a43dee973e37b1b777bb6c2a260033c472ee4358815b2eebc8dc9,3672d037714419789c221c8c7564a09d4bd2e60bbf08a0fa3cd13f9a40a45c57,258,291,3.997738042031415,1.1533186283204224,0.5405374776963969,0.6151913053679524,0.53812732295247,0.3828036503972262,0.027213169066050744,0.5109141538864193,0.09951885886272083,0.3419892057138173,0.14427053300207904,0.07513671483382846,0.516403538376828,0.09858774342118826,0.04358594049573661,0.7488993212325877,0.050323508747195864
12,0.5,118,1.0,512,200,600,matched,maxent,36119,125,340,ffe05934866a43dee973e37b1b777bb6c2a260033c472ee4358815b2eebc8dc9,3672d037714419789c221c8c7564a09d4bd2e60bbf08a0fa3cd13f9a40a45c57,258,291,0.43965595797635615,1.4877118876163529,0.5031666062060369,0.6868339386636051,0.8008779489527478,0.303228522341054,0.0992286056055697,0.7016493433471783,0.08251636811674727,0.28356140246304906,0.1267701803521964,0.06359739490597047,0.4370954976355358,0.08771050966418352,0.038132847300302516,0.655203561860868,0.04596186577023519
12,0.5,119,1.0,512,200,600,matched,iqp-parity,13703,126,341,6fc55435ebcbd062320f35d528d306ccb5e434a7f6d60c85dbbe4ce811c1ddcb,a56289775eec0ce432a321db146cf9b88569ccab3daaa3aefaeb57ea0050cb73,271,298,0.5930188749916852,0.5907495928016847,1.0,-0.0,0.5907495928016847,0.7973826717589321,1.857352910831925e-05,0.5907310192725768,0.13623035856887647,0.4571488542579748,0.13623035856887647,0.0927813518454545,0.6226936365466744,0.0927813518454545,0.0481977271307602,0.8086866968248355,0.0481977271307602
12,0.5,119,1.0,512,200,600,matched,iqp-mse,13703,126,341,6fc55435ebcbd062320f35d528d306ccb5e434a7f6d60c85dbbe4ce811c1ddcb,a56289775eec0ce432a321db146cf9b88569ccab3daaa3aefaeb57ea0050cb73,271,298,0.5447531669633463,0.536274425303193,1.0,-0.0,0.536274425303193,0.7867092775918143,0.0005208186616778559,0.5357536066415155,0.13934478500960615,0.4675999496966649,0.13934478500960615,0.09540148282274569,0.640278408206347,0.09540148282274569,0.048726438620237,0.8175576949704194,0.048726438620237
12,0.5,119,1.0,512,200,600,matched,ising-parity,30120,126,341,6fc55435ebcbd062320f35d528d306ccb5e434a7f6d60c85dbbe4ce811c1ddcb,a56289775eec0ce432a321db146cf9b88569ccab3daaa3aefaeb57ea0050cb73,271,298,0.34500800003297627,0.9207266176122564,0.4999970727305122,0.6931530351160589,0.22757358249619752,0.4013429276493711,2.5761161226946303e-05,0.22754782133497103,0.10283344583255807,0.3450786772904633,0.1604372229321288,0.08020809814428391,0.538309383518684,0.11042344812953492,0.04759274025058089,0.7985359102446459,0.05538313947187152
12,0.5,119,1.0,512,200,600,matched,ising-nll,30123,126,341,6fc55435ebcbd062320f35d528d306ccb5e434a7f6d60c85dbbe4ce811c1ddcb,a56289775eec0ce432a321db146cf9b88569ccab3daaa3aefaeb57ea0050cb73,271,298,0.15966295904945582,1.0214067249868217,0.4999805686794081,0.6931860439563011,0.3282206810305206,0.3841388554767552,0.002886584430008242,0.32533409660051266,0.10507291050537801,0.35259365941402016,0.1605118060671242,0.0802441091239645,0.5385510679460705,0.10855382093331065,0.04661763173692208,0.7821750291429879,0.05408643602527186
12,0.5,119,1.0,512,200,600,matched,transformer,35620,126,341,6fc55435ebcbd062320f35d528d306ccb5e434a7f6d60c85dbbe4ce811c1ddcb,a56289775eec0ce432a321db146cf9b88569ccab3daaa3aefaeb57ea0050cb73,271,298,3.280024457955733,1.122500315311667,0.50528232060268,0.6826379552190257,0.43986236009264135,0.3565670983945489,0.023002776994556273,0.4168595830980856,0.09069621351704772,0.30434970978875076,0.14099202171986935,0.0709090873032475,0.475899914786896,0.09841314542622746,0.042834826143572785,0.7187051366371273,0.05086123337072234
12,0.5,119,1.0,512,200,600,matched,maxent,36120,126,341,6fc55435ebcbd062320f35d528d306ccb5e434a7f6d60c85dbbe4ce811c1ddcb,a56289775eec0ce432a321db146cf9b88569ccab3daaa3aefaeb57ea0050cb73,271,298,0.15440262493211776,1.6839227771860232,0.5087412312071943,0.675815778330248,1.0081069988557751,0.3079668758447795,0.08694295546123909,0.9211640433945363,0.07299211572111178,0.24493998564131467,0.1106430175852965,0.05584318329371884,0.3747864650585157,0.0773320626527021,0.034028430891903716,0.5709468270453644,0.04219679957953762
12,0.5,120,1.0,512,200,600,matched,iqp-parity,13704,127,342,174cc9c899407bb8324adca8fc8ca0c08fe6a5b04202c75e6c10c3e08dd4afa3,be8ede604a893ee87034e6fb596cea91ea3be8f191d448807bebae1ef6fbfe79,283,294,0.5675884999800473,0.535444303677729,1.0,-0.0,0.535444303677729,0.7906100966847482,4.456993560860703e-05,0.5353997337421209,0.14075214720174195,0.47874880000592507,0.14075214720174195,0.09641431353571688,0.6558796839164414,0.09641431353571688,0.049399641777984345,0.8401299622106181,0.049399641777984345
12,0.5,120,1.0,512,200,600,matched,iqp-mse,13704,127,342,174cc9c899407bb8324adca8fc8ca0c08fe6a5b04202c75e6c10c3e08dd4afa3,be8ede604a893ee87034e6fb596cea91ea3be8f191d448807bebae1ef6fbfe79,283,294,0.43040629103779793,0.5150853394947115,1.0,-0.0,0.5150853394947115,0.7978324148598794,0.0003750077299349147,0.5147103317647772,0.13897244168124018,0.4726953798681639,0.13897244168124018,0.09548507326539095,0.6495583215332718,0.09548507326539095,0.04862103428043082,0.826888338102565,0.04862103428043082
12,0.5,120,1.0,512,200,600,matched,ising-parity,30121,127,342,174cc9c899407bb8324adca8fc8ca0c08fe6a5b04202c75e6c10c3e08dd4afa3,be8ede604a893ee87034e6fb596cea91ea3be8f191d448807bebae1ef6fbfe79,283,294,0.31314095901325345,0.8499687638008128,0.5000028097229297,0.693141561129875,0.15682720267093775,0.39998705421738734,0.000536536190931431,0.15629066648000683,0.10758906681462811,0.36594920685247656,0.1678938247594042,0.08393604921921755,0.5709935321035208,0.11456455535402162,0.04909620484696586,0.8349694701864943,0.05583134408300714
12,0.5,120,1.0,512,200,600,matched,ising-nll,30124,127,342,174cc9c899407bb8324adca8fc8ca0c08fe6a5b04202c75e6c10c3e08dd4afa3,be8ede604a893ee87034e6fb596cea91ea3be8f191d448807bebae1ef6fbfe79,283,294,0.13832737493794411,0.9507485997122767,0.4999278506099102,0.6932914897521956,0.2574571099600811,0.3890353728445073,0.00021509823840062774,0.25724201172168065,0.10434954691369487,0.3549304316792342,0.16159159179031077,0.08077904091966345,0.5495172851677786,0.11019558352227753,0.04732818332081445,0.8049010768845994,0.05455289074624551
12,0.5,120,1.0,512,200,600,matched,transformer,35621,127,342,174cc9c899407bb8324adca8fc8ca0c08fe6a5b04202c75e6c10c3e08dd4afa3,be8ede604a893ee87034e6fb596cea91ea3be8f191d448807bebae1ef6fbfe79,283,294,3.1033429589588195,1.0804630539119833,0.5259615125243444,0.642527239027299,0.43793581488468425,0.3791272330743771,0.011410774676518673,0.42652504020816595,0.0847783485814507,0.2883617298688799,0.12765036905110888,0.06564468280933167,0.4465624680906916,0.089006212509148,0.039337991869641806,0.6690134671707789,0.0467319753894175
12,0.5,120,1.0,512,200,600,matched,maxent,36121,127,342,174cc9c899407bb8324adca8fc8ca0c08fe6a5b04202c75e6c10c3e08dd4afa3,be8ede604a893ee87034e6fb596cea91ea3be8f191d448807bebae1ef6fbfe79,283,294,0.12887183390557766,1.6950534202234775,0.5060350940407757,0.6811492562878648,1.0139041639356128,0.2987004889270672,0.08680230664551528,0.9271018572900981,0.07753380519266898,0.26372042582540467,0.11777564336698397,0.059260942632219996,0.4031356641647619,0.08103021004779731,0.03529772995529837,0.6003015298520131,0.04274753884193887
12,0.6,111,1.0,512,200,600,matched,iqp-parity,13695,118,333,9d5ed612856a909e006a7c6af103d614542c1ccd1ec4d27894c1c5ef189b7daf,46ec6552ea8abd2c67a85ebf993bb74a1984e0f557904f8a35ae4eb6d2b596da,273,283,0.4814534579636529,0.4571816342531785,1.0,-0.0,0.4571816342531785,0.7170632446252359,7.866547928378834e-05,0.45710296877389467,0.13897735838732528,0.49108607204001864,0.13897735838732528,0.0938971374228784,0.6635840100556778,0.0938971374228784,0.04744685479243294,0.8382836535765538,0.04744685479243294
12,0.6,111,1.0,512,200,600,matched,iqp-mse,13695,118,333,9d5ed612856a909e006a7c6af103d614542c1ccd1ec4d27894c1c5ef189b7daf,46ec6552ea8abd2c67a85ebf993bb74a1984e0f557904f8a35ae4eb6d2b596da,273,283,0.36678845901042223,0.4500989988443453,1.0,-0.0,0.4500989988443453,0.7051749199191477,9.364896691297243e-05,0.45000534987743224,0.14238363241317473,0.5031223760182852,0.14238363241317473,0.09624638770658052,0.680186485558873,0.09624638770658052,0.04841947224109248,0.8554677074397964,0.04841947224109248
12,0.6,111,1.0,512,200,600,matched,ising-parity,30112,118,333,9d5ed612856a909e006a7c6af103d614542c1ccd1ec4d27894c1c5ef189b7daf,46ec6552ea8abd2c67a85ebf993bb74a1984e0f557904f8a35ae4eb6d2b596da,273,283,0.2699736669892445,0.9418155264200738,0.5001092336302431,0.6929287371599561,0.24888678926011776,0.36523377444679306,0.0008945510882723551,0.2479922381718454,0.10541231990679001,0.37248169578371026,0.1593802746922232,0.07968890845963947,0.5631724979479821,0.10661313778555292,0.045606731531219316,0.8057726418943342,0.052283678255169934
12,0.6,111,1.0,512,200,600,matched,ising-nll,30115,118,333,9d5ed612856a909e006a7c6af103d614542c1ccd1ec4d27894c1c5ef189b7daf,46ec6552ea8abd2c67a85ebf993bb74a1984e0f557904f8a35ae4eb6d2b596da,273,283,0.11811379191931337,1.0129210709354428,0.49999490456964024,0.693157371472592,0.31976369946285077,0.35838383539488583,7.08290838278185e-05,0.3196928703790228,0.10432242073001678,0.3686304619435222,0.15742658488059555,0.07870303151177337,0.5562051696945114,0.1054784693619261,0.04519737081621994,0.7985401204279141,0.05216987579091558
12,0.6,111,1.0,512,200,600,matched,transformer,35612,118,333,9d5ed612856a909e006a7c6af103d614542c1ccd1ec4d27894c1c5ef189b7daf,46ec6552ea8abd2c67a85ebf993bb74a1984e0f557904f8a35ae4eb6d2b596da,273,283,3.115266541019082,1.0518588067688521,0.5260738282399952,0.6423137182229584,0.4095450885458938,0.32439303776729234,0.019756073670361723,0.3897890148755322,0.0985327732854885,0.348172343764977,0.14346097867363017,0.07358562989473018,0.5200397872419094,0.0965326988452987,0.04211273338437128,0.744041225872284,0.048616989124127444
12,0.6,111,1.0,512,200,600,matched,maxent,36112,118,333,9d5ed612856a909e006a7c6af103d614542c1ccd1ec4d27894c1c5ef189b7daf,46ec6552ea8abd2c67a85ebf993bb74a1984e0f557904f8a35ae4eb6d2b596da,273,283,0.1522750420263037,1.56573722769916,0.5091500532170159,0.675012505843176,0.890724721855984,0.2860526640489771,0.04741147380120597,0.8433132480547777,0.07903906055668505,0.279289966631396,0.11932982478675148,0.06024377247177539,0.4257510422033597,0.08249431904988178,0.036088817541200253,0.6376116173356935,0.04379394320163233
12,0.6,112,1.0,512,200,600,matched,iqp-parity,13696,119,334,34df0a684935a36b9340d1d05c65af6cd145367a69a61e3297413e32891d1447,b0126d22db14df8032614d0be237f7ba7f8faae015df79310d48a47a7e019709,279,296,0.43824291706550866,0.4754945323449099,1.0,-0.0,0.4754945323449099,0.6793653565798916,0.004233203238835519,0.47126132910607454,0.14428917447576883,0.48746342728300285,0.14428917447576883,0.09601091935685621,0.6487224280868663,0.09601091935685621,0.04847772842278079,0.8188805476821078,0.04847772842278079
12,0.6,112,1.0,512,200,600,matched,iqp-mse,13696,119,334,34df0a684935a36b9340d1d05c65af6cd145367a69a61e3297413e32891d1447,b0126d22db14df8032614d0be237f7ba7f8faae015df79310d48a47a7e019709,279,296,0.35076479194685817,0.4985817814525968,1.0,-0.0,0.4985817814525968,0.710469312599197,0.0003128526315094547,0.49826892882108753,0.13907893615453767,0.469861270792357,0.13907893615453767,0.09503004112124325,0.6420948724408327,0.09503004112124325,0.04877462559988107,0.8238957027006938,0.04877462559988107
12,0.6,112,1.0,512,200,600,matched,ising-parity,30113,119,334,34df0a684935a36b9340d1d05c65af6cd145367a69a61e3297413e32891d1447,b0126d22db14df8032614d0be237f7ba7f8faae015df79310d48a47a7e019709,279,296,0.27523270796518773,1.026756536373274,0.500603617465931,0.6919406737502231,0.33481586262305096,0.34805299558854885,0.0016862934134787878,0.33312956920957215,0.09846112990310904,0.3326389523753684,0.15056201591934643,0.075320244199449,0.5089205689151959,0.10275741015422764,0.04433661143286904,0.7489292471768418,0.0521902389044149
12,0.6,112,1.0,512,200,600,matched,ising-nll,30116,119,334,34df0a684935a36b9340d1d05c65af6cd145367a69a61e3297413e32891d1447,b0126d22db14df8032614d0be237f7ba7f8faae015df79310d48a47a7e019709,279,296,0.12381433392874897,0.9968929075877682,0.5001692999177234,0.692808638036486,0.3040842695512822,0.3498306793305537,0.0012051716059589893,0.3028790979453234,0.09828327007638185,0.3320380745823711,0.15193883891752613,0.07597411071346193,0.5133385859017697,0.10444545036685061,0.04507959839976702,0.7614797026987672,0.05295757470911701
12,0.6,112,1.0,512,200,600,matched,transformer,35613,119,334,34df0a684935a36b9340d1d05c65af6cd145367a69a61e3297413e32891d1447,b0126d22db14df8032614d0be237f7ba7f8faae015df79310d48a47a7e019709,279,296,3.1854854580014944,0.8208281914980065,0.5758188915138513,0.551962092183098,0.26886609931490846,0.350882364239057,0.02777836737697348,0.24108773193793487,0.10194620794848235,0.3444128646908187,0.14474989223063578,0.07826914489579906,0.528845573620264,0.101375207313366,0.04607711575672745,0.7783296580528286,0.05256427430422509
12,0.6,112,1.0,512,200,600,matched,maxent,36113,119,334,34df0a684935a36b9340d1d05c65af6cd145367a69a61e3297413e32891d1447,b0126d22db14df8032614d0be237f7ba7f8faae015df79310d48a47a7e019709,279,296,0.13606020901352167,1.7970909472459633,0.5023254791408817,0.6885070045655975,1.1085839426803656,0.2633408436677308,0.08152723669105919,1.0270567059893063,0.06631229676644089,0.22402802961635437,0.10200871296591149,0.05112915935608449,0.3454672929465168,0.07105033765667909,0.031035977568175135,0.5242563778407962,0.03852635060883627
12,0.6,113,1.0,512,200,600,matched,iqp-parity,13697,120,335,9706f75bc633bfa550fa14b97def97141576ab758fc1fc8b114ea7f890b2384a,494a09d0cb32c8fd575150abd91ad12074451b075c550159cd5a0edda3ce9c1b,296,301,0.48293020797427744,0.42210488455562156,1.0,-0.0,0.42210488455562156,0.7512060434290946,1.9599389425637272e-07,0.42210468856172717,0.1492886287501538,0.4959755107978532,0.1492886287501538,0.10095301593477346,0.6707841590350396,0.10095301593477346,0.05079082431970507,0.8437014006595528,0.05079082431970507
12,0.6,113,1.0,512,200,600,matched,iqp-mse,13697,120,335,9706f75bc633bfa550fa14b97def97141576ab758fc1fc8b114ea7f890b2384a,494a09d0cb32c8fd575150abd91ad12074451b075c550159cd5a0edda3ce9c1b,296,301,0.3606797910761088,0.5482082523963036,1.0,-0.0,0.5482082523963036,0.7317983716216936,0.0010024831865320244,0.5472057692097715,0.15025908116828038,0.4991996052102338,0.15025908116828038,0.09965410857978475,0.6621535453806295,0.09965410857978475,0.04969354818092393,0.825474222274484,0.04969354818092393
12,0.6,113,1.0,512,200,600,matched,ising-parity,30114,120,335,9706f75bc633bfa550fa14b97def97141576ab758fc1fc8b114ea7f890b2384a,494a09d0cb32c8fd575150abd91ad12074451b075c550159cd5a0edda3ce9c1b,296,301,0.3819742080522701,0.9703961796565957,0.500829513843963,0.6914895275382578,0.278906652118338,0.37255969497419106,0.00015224012234850773,0.2787544119959893,0.10689271906653212,0.35512531251339574,0.16279380385845874,0.08145733475035673,0.5412447491718054,0.11003777125899261,0.04728912154707923,0.7855335805162663,0.05492623609327818
12,0.6,113,1.0,512,200,600,matched,ising-nll,30117,120,335,9706f75bc633bfa550fa14b97def97141576ab758fc1fc8b114ea7f890b2384a,494a09d0cb32c8fd575150abd91ad12074451b075c550159cd5a0edda3ce9c1b,296,301,0.18131770903710276,1.0718427582365844,0.5001309855151864,0.6928852438379911,0.37895751439859326,0.36487134907341134,0.0012399717628665471,0.3777175426357264,0.11060799886014498,0.36746843475131225,0.1671394528335567,0.08356999312366675,0.5552823463366562,0.11127211771906355,0.0475159049488908,0.7893007466593155,0.054348191974207566
12,0.6,113,1.0,512,200,600,matched,transformer,35614,120,335,9706f75bc633bfa550fa14b97def97141576ab758fc1fc8b114ea7f890b2384a,494a09d0cb32c8fd575150abd91ad12074451b075c550159cd5a0edda3ce9c1b,296,301,4.289497875026427,1.214396487235151,0.5536323356629249,0.591254466588717,0.6231420206464339,0.31542225914943883,0.07165677123563108,0.5514852494108028,0.08907436164022507,0.2959281117615451,0.1319424918650791,0.07002287243803249,0.4652682554022092,0.09409728501883359,0.04262844304072719,0.7081136717728769,0.05011422676325156
12,0.6,113,1.0,512,200,600,matched,maxent,36114,120,335,9706f75bc633bfa550fa14b97def97141576ab758fc1fc8b114ea7f890b2384a,494a09d0cb32c8fd575150abd91ad12074451b075c550159cd5a0edda3ce9c1b,296,301,0.16824475000612438,1.990869890435877,0.5297422840142508,0.6353646472739224,1.3555052431619545,0.24540930731618427,0.17216890527489973,1.183336337887055,0.06771559126250298,0.22496874173589032,0.10113947681166467,0.052217160964177736,0.34695788016064943,0.07091628497998806,0.031637118552308434,0.5255335307692431,0.038588101017775954
12,0.6,114,1.0,512,200,600,matched,iqp-parity,13698,121,336,7a2e48fd6f1648da6a932786ccb09f8a9ca1547508d2ad8a8ea47c9d8ff201fe,9fc9306ab4737b5804dc59a07264243c6abc622ca16efa0cd4d6bddf38b05e36,269,295,0.6625897920457646,0.4123339573945046,1.0,-0.0,0.4123339573945046,0.7837322324504207,0.007109703431892898,0.4052242539626119,0.15131175693875418,0.5129212099618785,0.15131175693875418,0.1024698043825355,0.6947105381866814,0.1024698043825355,0.051271487734047654,0.8690082666787737,0.051271487734047654
12,0.6,114,1.0,512,200,600,matched,iqp-mse,13698,121,336,7a2e48fd6f1648da6a932786ccb09f8a9ca1547508d2ad8a8ea47c9d8ff201fe,9fc9306ab4737b5804dc59a07264243c6abc622ca16efa0cd4d6bddf38b05e36,269,295,0.4151009999914095,0.46094010134356167,1.0,-0.0,0.46094010134356167,0.7480845323636649,0.000567404813982356,0.4603726965295794,0.1532244284017626,0.5194048420398732,0.1532244284017626,0.10204971351956607,0.691862464539431,0.10204971351956607,0.05078100415753063,0.8606949857208581,0.05078100415753063
12,0.6,114,1.0,512,200,600,matched,ising-parity,30115,121,336,7a2e48fd6f1648da6a932786ccb09f8a9ca1547508d2ad8a8ea47c9d8ff201fe,9fc9306ab4737b5804dc59a07264243c6abc622ca16efa0cd4d6bddf38b05e36,269,295,0.33026366704143584,1.0080795400037181,0.5001344918700759,0.692878232989434,0.31520130701428417,0.37986471357355917,0.001829259416565407,0.31337204759771886,0.10544358440353932,0.3574358793340316,0.16100701852286517,0.0805045305226449,0.5457934272721688,0.10853289681490404,0.046522712095812206,0.788520543996817,0.05358528625385122
12,0.6,114,1.0,512,200,600,matched,ising-nll,30118,121,336,7a2e48fd6f1648da6a932786ccb09f8a9ca1547508d2ad8a8ea47c9d8ff201fe,9fc9306ab4737b5804dc59a07264243c6abc622ca16efa0cd4d6bddf38b05e36,269,295,0.14437629200983793,0.9928291325467165,0.50009991372653,0.6929473730697315,0.2998817594769849,0.36772544449535227,9.609052365169976e-06,0.2998721504246197,0.10821490266031893,0.3668301785095557,0.16483574425790115,0.08241575507819209,0.558750881886048,0.11065783993705725,0.04737877017518666,0.8030300029692654,0.05447357031980248
12,0.6,114,1.0,512,200,600,matched,transformer,35615,121,336,7a2e48fd6f1648da6a932786ccb09f8a9ca1547508d2ad8a8ea47c9d8ff201fe,9fc9306ab4737b5804dc59a07264243c6abc622ca16efa0cd4d6bddf38b05e36,269,295,4.790255791042,1.0856991710060988,0.530165341320044,0.6345663563320557,0.4511328146740431,0.33590857407379876,0.022493198283734903,0.42863961639030823,0.0905965378563682,0.3071069079876888,0.136640751315411,0.07060688079390329,0.47869071724680196,0.09531052693293889,0.04210530386221942,0.7136492180037189,0.04925458036175925
12,0.6,114,1.0,512,200,600,matched,maxent,36115,121,336,7a2e48fd6f1648da6a932786ccb09f8a9ca1547508d2ad8a8ea47c9d8ff201fe,9fc9306ab4737b5804dc59a07264243c6abc622ca16efa0cd4d6bddf38b05e36,269,295,0.29815541696734726,1.5721276939975803,0.5140467665379533,0.6654410321835004,0.90668666181408,0.29420812969863447,0.05584187931039494,0.8508447825036853,0.06897507490435063,0.2338138132350869,0.10578174171220119,0.05373209824638945,0.36428541183992846,0.07512255271347557,0.0333229785517275,0.5647962466394492,0.04143473439313371
12,0.6,115,1.0,512,200,600,matched,iqp-parity,13699,122,337,29fbf6ad44d3fa8608af8d77e8610c8fb8510656c321fc18d658623b943578dc,fae9b80b4b9bbecd172da441f7a298732dc4ec9c5fd56650a16ee48bf4f2164a,279,295,0.6357028749771416,0.4448136897228312,1.0,-0.0,0.4448136897228312,0.708222655375621,0.00181354004223188,0.4430001496805994,0.1449743162524661,0.49143836017785114,0.1449743162524661,0.09685447108290475,0.6566404819179983,0.09685447108290475,0.04901859520445408,0.83082364753312,0.04901859520445408
12,0.6,115,1.0,512,200,600,matched,iqp-mse,13699,122,337,29fbf6ad44d3fa8608af8d77e8610c8fb8510656c321fc18d658623b943578dc,fae9b80b4b9bbecd172da441f7a298732dc4ec9c5fd56650a16ee48bf4f2164a,279,295,0.47483016597107053,0.45841028046497345,1.0,-0.0,0.45841028046497345,0.6982017785005152,0.003355402513546338,0.45505487795142724,0.15211460769610707,0.5156427379529054,0.15211460769610707,0.10222039122911379,0.6930196015533138,0.10222039122911379,0.05145899315467458,0.8721863246555014,0.05145899315467458
12,0.6,115,1.0,512,200,600,matched,ising-parity,30116,122,337,29fbf6ad44d3fa8608af8d77e8610c8fb8510656c321fc18d658623b943578dc,fae9b80b4b9bbecd172da441f7a298732dc4ec9c5fd56650a16ee48bf4f2164a,279,295,0.34395658306311816,0.9284758953934633,0.500229091658674,0.692689102176522,0.2357867932169413,0.3631144028720403,0.0002256842366433441,0.23556110898029772,0.10297955243637014,0.3490832285978649,0.15847656151791795,0.07924818660798105,0.537275841410041,0.1084949744162501,0.04674166523135233,0.7922316140907174,0.05440798599676189
12,0.6,115,1.0,512,200,600,matched,ising-nll,30119,122,337,29fbf6ad44d3fa8608af8d77e8610c8fb8510656c321fc18d658623b943578dc,fae9b80b4b9bbecd172da441f7a298732dc4ec9c5fd56650a16ee48bf4f2164a,279,295,0.1586247079540044,1.0514336901977992,0.4998586961180395,0.6934298282649657,0.3580038619328335,0.34340839754636365,0.005600733824304441,0.35240312810852903,0.09830122010930614,0.33322447494680046,0.15057404853920436,0.07526649138456336,0.5102812975224634,0.10312592078839401,0.04452437739015404,0.754650464239899,0.05260481451066402
12,0.6,115,1.0,512,200,600,matched,transformer,35616,122,337,29fbf6ad44d3fa8608af8d77e8610c8fb8510656c321fc18d658623b943578dc,fae9b80b4b9bbecd172da441f7a298732dc4ec9c5fd56650a16ee48bf4f2164a,279,295,5.678525625029579,1.0463121547675274,0.5340822158515317,0.6272054896041299,0.41910666516339745,0.31525041492669614,0.04592445867117556,0.3731822064922217,0.09042651233902083,0.3065305503017655,0.13583563913066307,0.07053239962496305,0.478185760169241,0.09602840022255282,0.04284813944891449,0.7262396516765168,0.05070782199373041
12,0.6,115,1.0,512,200,600,matched,maxent,36116,122,337,29fbf6ad44d3fa8608af8d77e8610c8fb8510656c321fc18d658623b943578dc,fae9b80b4b9bbecd172da441f7a298732dc4ec9c5fd56650a16ee48bf4f2164a,279,295,0.4921945830574259,1.7235168531597147,0.5263506200568849,0.6417877102539878,1.081729142905727,0.25842459954923175,0.1239311215912593,0.9577980213144676,0.06859903457342675,0.23253910024890423,0.10328553989640667,0.05316931926426111,0.36046996111363466,0.07327094559887723,0.03278257820861625,0.5556369187901059,0.04037249743305297
12,0.6,116,1.0,512,200,600,matched,iqp-parity,13700,123,338,fe2340b2eefb80161a75e3ba876dd0d4d05aa1895f6480abb4f4956fa52f1d22,67eaeaae05cc33550f061649f99bb92951375c55491458d36e2f1c224114a8b1,273,291,0.6863027920480818,0.4974993636914184,1.0,-0.0,0.4974993636914184,0.7666393105840832,0.0008341917842642037,0.49666517190715415,0.1476646167822497,0.5074385456434698,0.1476646167822497,0.0988408322821464,0.6793184349288413,0.0988408322821464,0.0494436318440457,0.849546938901129,0.0494436318440457
12,0.6,116,1.0,512,200,600,matched,iqp-mse,13700,123,338,fe2340b2eefb80161a75e3ba876dd0d4d05aa1895f6480abb4f4956fa52f1d22,67eaeaae05cc33550f061649f99bb92951375c55491458d36e2f1c224114a8b1,273,291,0.4914470830699429,0.47065463314287953,1.0,-0.0,0.47065463314287953,0.7227236086947195,0.001787890384871156,0.46886674275800844,0.1487270812760641,0.5110896263782272,0.1487270812760641,0.09850641768949539,0.6770200528487655,0.09850641768949539,0.0488074973908939,0.8386167936579708,0.0488074973908939
12,0.6,116,1.0,512,200,600,matched,ising-parity,30117,123,338,fe2340b2eefb80161a75e3ba876dd0d4d05aa1895f6480abb4f4956fa52f1d22,67eaeaae05cc33550f061649f99bb92951375c55491458d36e2f1c224114a8b1,273,291,0.39244808396324515,0.9560377737171509,0.5001209917179699,0.6929052263972749,0.263132547319876,0.3698770616109075,0.0002433345783840815,0.26288921274149185,0.10840594961971388,0.37252903649386215,0.16272595551511052,0.08136277643032121,0.5591943397272935,0.10859871041341411,0.046469804725783354,0.7984502530203326,0.053439170011632765
12,0.6,116,1.0,512,200,600,matched,ising-nll,30120,123,338,fe2340b2eefb80161a75e3ba876dd0d4d05aa1895f6480abb4f4956fa52f1d22,67eaeaae05cc33550f061649f99bb92951375c55491458d36e2f1c224114a8b1,273,291,0.16759270802140236,1.0114204110687364,0.5001271333753954,0.6928929461294663,0.3185274649392701,0.36352420860238327,0.001281028150777016,0.31724643678849307,0.10270390415292707,0.3529343785323954,0.15556063077377022,0.07778082567534185,0.5345761214800127,0.10472993246186063,0.04495824004868077,0.7724783513519033,0.05228541948212814
12,0.6,116,1.0,512,200,600,matched,transformer,35617,123,338,fe2340b2eefb80161a75e3ba876dd0d4d05aa1895f6480abb4f4956fa52f1d22,67eaeaae05cc33550f061649f99bb92951375c55491458d36e2f1c224114a8b1,273,291,5.930937250028364,1.2259650823666535,0.5367623992698659,0.6221997418475549,0.6037653405190986,0.28306854529852177,0.10414919158695729,0.49961614893214124,0.08160362782322782,0.2804248378805079,0.12057955030667654,0.06268633235317321,0.4308338993345238,0.08403540550365006,0.03743509097712711,0.6432146216001222,0.04435955327559473
12,0.6,116,1.0,512,200,600,matched,maxent,36117,123,338,fe2340b2eefb80161a75e3ba876dd0d4d05aa1895f6480abb4f4956fa52f1d22,67eaeaae05cc33550f061649f99bb92951375c55491458d36e2f1c224114a8b1,273,291,0.15177541610319167,1.6084435872823897,0.5131204604837192,0.6672446456185354,0.9411989416638543,0.27449216335002724,0.09750817963013578,0.8436907620337185,0.07270898911050482,0.24985906910826397,0.10921917236977731,0.05536957799246697,0.38054692778327814,0.07569323383100528,0.03329692179112861,0.5721120582668145,0.040819746806990895
12,0.6,117,1.0,512,200,600,matched,iqp-parity,13701,124,339,6d55c4217e5ea87b6f49c285413f08028202fa27ca5ef5d5e0a36fc8a770078b,6d2e8203ab09f7481803ba6cac1d0fef11989f0d29cc5ddaeca62054fed6f238,266,290,0.8199694589711726,0.48803269292191687,1.0,-0.0,0.48803269292191687,0.654514157470714,0.009901957537916603,0.4781307353840003,0.14019305321338713,0.4834243214254728,0.14019305321338713,0.09492237508347691,0.65463706954122,0.09492237508347691,0.048513628677561704,0.8364418737510638,0.048513628677561704
12,0.6,117,1.0,512,200,600,matched,iqp-mse,13701,124,339,6d55c4217e5ea87b6f49c285413f08028202fa27ca5ef5d5e0a36fc8a770078b,6d2e8203ab09f7481803ba6cac1d0fef11989f0d29cc5ddaeca62054fed6f238,266,290,0.48108729103114456,0.6769708802909329,1.0,-0.0,0.6769708802909329,0.6704026764307767,0.005794133014768048,0.671176747276165,0.12250316900634833,0.42242472071154596,0.12250316900634833,0.08359414626739455,0.5765113535682382,0.08359414626739455,0.04433968551412853,0.7644773364504919,0.04433968551412853
12,0.6,117,1.0,512,200,600,matched,ising-parity,30118,124,339,6d55c4217e5ea87b6f49c285413f08028202fa27ca5ef5d5e0a36fc8a770078b,6d2e8203ab09f7481803ba6cac1d0fef11989f0d29cc5ddaeca62054fed6f238,266,290,0.3440856250235811,1.0320445724427927,0.5003130984187144,0.6925211797019459,0.33952339274084675,0.33899207423933275,0.004285832164038619,0.33523756057680826,0.09919652332244192,0.34205697697393767,0.1512431834246536,0.07563703047212343,0.521634692911196,0.10237639847552252,0.04399201486136933,0.7584830148511954,0.05123066944923776
12,0.6,117,1.0,512,200,600,matched,ising-nll,30121,124,339,6d55c4217e5ea87b6f49c285413f08028202fa27ca5ef5d5e0a36fc8a770078b,6d2e8203ab09f7481803ba6cac1d0fef11989f0d29cc5ddaeca62054fed6f238,266,290,0.15196570800617337,1.169363180355578,0.5005257955858378,0.6920961419229394,0.4772670384326385,0.3283728321928012,0.009458302916586683,0.4678087355160518,0.09594467954701977,0.33084372257593025,0.14562202443074715,0.07284153651572112,0.5023554242463525,0.09818011261918588,0.04220651730570494,0.727698574236292,0.049517730849311624
12,0.6,117,1.0,512,200,600,matched,transformer,35618,124,339,6d55c4217e5ea87b6f49c285413f08028202fa27ca5ef5d5e0a36fc8a770078b,6d2e8203ab09f7481803ba6cac1d0fef11989f0d29cc5ddaeca62054fed6f238,266,290,5.903824666980654,1.152595299297078,0.5539799226390454,0.5906268336153089,0.5619684656817692,0.2801189599249577,0.0955568916964287,0.46641157398534056,0.07865389402550627,0.27122032422588366,0.11604263133414361,0.061594197662345904,0.4247875700851442,0.08298645581666438,0.037796534783311596,0.6516643928157172,0.0451072246899268
12,0.6,117,1.0,512,200,600,matched,maxent,36118,124,339,6d55c4217e5ea87b6f49c285413f08028202fa27ca5ef5d5e0a36fc8a770078b,6d2e8203ab09f7481803ba6cac1d0fef11989f0d29cc5ddaeca62054fed6f238,266,290,0.28525904193520546,2.266905667544738,0.5305560144321549,0.6338297385055973,1.6330759290391408,0.23166318013382073,0.16469455200579636,1.4683813770333445,0.06085032139246229,0.20982869445676652,0.08977664039558912,0.046360391791276746,0.31972683993983964,0.0628848163171157,0.028165853222456575,0.485618159007872,0.03470702806032174
12,0.6,118,1.0,512,200,600,matched,iqp-parity,13702,125,340,1d16f86b48d9024e139544f88a63b2fffc9129cde732fd5fe00fe1ed26e8a384,3672d037714419789c221c8c7564a09d4bd2e60bbf08a0fa3cd13f9a40a45c57,258,286,0.8169010829878971,0.5151543408603855,1.0,-0.0,0.5151543408603855,0.7644959423921143,0.004966545066545577,0.5101877957938399,0.14552638102510917,0.5088335000877943,0.14552638102510917,0.09795537222790258,0.6850026029923257,0.09795537222790258,0.0488348006872853,0.8537552567707221,0.0488348006872853
12,0.6,118,1.0,512,200,600,matched,iqp-mse,13702,125,340,1d16f86b48d9024e139544f88a63b2fffc9129cde732fd5fe00fe1ed26e8a384,3672d037714419789c221c8c7564a09d4bd2e60bbf08a0fa3cd13f9a40a45c57,258,286,0.7536206670338288,0.6060074383556098,1.0,-0.0,0.6060074383556098,0.7483379121877948,0.0018872254671837875,0.6041202128884261,0.12933612692306576,0.45222422001071944,0.12933612692306576,0.08738927615428568,0.611113819260739,0.08738927615428568,0.04513862327276614,0.7891367705029045,0.04513862327276614
12,0.6,118,1.0,512,200,600,matched,ising-parity,30119,125,340,1d16f86b48d9024e139544f88a63b2fffc9129cde732fd5fe00fe1ed26e8a384,3672d037714419789c221c8c7564a09d4bd2e60bbf08a0fa3cd13f9a40a45c57,258,286,0.5799811669858173,0.9096946950212095,0.5000176920444457,0.6931117970970561,0.21658289792415342,0.37496136559175364,0.0021172579658524267,0.21446563995830087,0.10265705809229841,0.35894076256048396,0.15912998686272142,0.07955602401106662,0.5563358322452212,0.1080656765109609,0.04629274098533208,0.8093136535897216,0.05286141908550135
12,0.6,118,1.0,512,200,600,matched,ising-nll,30122,125,340,1d16f86b48d9024e139544f88a63b2fffc9129cde732fd5fe00fe1ed26e8a384,3672d037714419789c221c8c7564a09d4bd2e60bbf08a0fa3cd13f9a40a45c57,258,286,0.21361662494018674,0.9638275858416702,0.5000230161247854,0.693101149369826,0.27072643647184413,0.36570925896304485,0.0002530939025730504,0.2704733425692708,0.10227910072586378,0.357619233307216,0.1564631475006648,0.07822337688667255,0.5470166215851228,0.10551949122352147,0.045236373759328784,0.7908456950931606,0.052158247075683575
12,0.6,118,1.0,512,200,600,matched,transformer,35619,125,340,1d16f86b48d9024e139544f88a63b2fffc9129cde732fd5fe00fe1ed26e8a384,3672d037714419789c221c8c7564a09d4bd2e60bbf08a0fa3cd13f9a40a45c57,258,286,5.828101332997903,1.082935077573297,0.5313490099273172,0.6323362044806536,0.45059887309264346,0.3361579559332764,0.017648729412064496,0.4329501436805788,0.09360904900982833,0.3273043671672319,0.13624889697552578,0.07026800194128094,0.4913846289600066,0.09217292409196243,0.040434655311258845,0.7068995683786512,0.04697520875101986
12,0.6,118,1.0,512,200,600,matched,maxent,36119,125,340,1d16f86b48d9024e139544f88a63b2fffc9129cde732fd5fe00fe1ed26e8a384,3672d037714419789c221c8c7564a09d4bd2e60bbf08a0fa3cd13f9a40a45c57,258,286,0.3553195840213448,1.6618514420281851,0.5067674094157029,0.679703139201761,0.9821483028264242,0.2725741971119082,0.07077587124844176,0.9113724315779823,0.06693105788014242,0.23402467790259587,0.10304619597160353,0.05191012741835789,0.36300788404446077,0.0727303552539271,0.032044121589449755,0.5602119158994712,0.04005136329436904
12,0.6,119,1.0,512,200,600,matched,iqp-parity,13703,126,341,23928b944b127821490ddb3eb34423993443e03df78f5ac9073dc47e77892713,a56289775eec0ce432a321db146cf9b88569ccab3daaa3aefaeb57ea0050cb73,271,297,0.7406176249496639,0.5297345058241474,1.0,-0.0,0.5297345058241474,0.7654319580904869,0.0007564282167146739,0.5289780776074325,0.1494799938421813,0.503299642566267,0.1494799938421813,0.1000536525875973,0.6737619702868505,0.1000536525875973,0.04951410712714453,0.8335708270563053,0.04951410712714453
12,0.6,119,1.0,512,200,600,matched,iqp-mse,13703,126,341,23928b944b127821490ddb3eb34423993443e03df78f5ac9073dc47e77892713,a56289775eec0ce432a321db146cf9b88569ccab3daaa3aefaeb57ea0050cb73,271,297,0.5836824590805918,0.5486791147517938,1.0,-0.0,0.5486791147517938,0.7728880318802906,0.0016112425421999227,0.5470678722095939,0.14321289018452907,0.4821982834495928,0.14321289018452907,0.09585836218260328,0.645510856448507,0.09585836218260328,0.048254503761058505,0.812365383182803,0.048254503761058505
12,0.6,119,1.0,512,200,600,matched,ising-parity,30120,126,341,23928b944b127821490ddb3eb34423993443e03df78f5ac9073dc47e77892713,a56289775eec0ce432a321db146cf9b88569ccab3daaa3aefaeb57ea0050cb73,271,297,0.38804599991999567,1.0136107418152058,0.5001969603701428,0.6927533373860651,0.3208574044291407,0.3728587474399009,3.0471548758630347e-05,0.3208269328803821,0.10603104846487517,0.3570068971881319,0.1593358793845211,0.07967410877074262,0.5365259849881658,0.10692465250231345,0.04593006119226443,0.7732333534051251,0.05363144362390042
12,0.6,119,1.0,512,200,600,matched,ising-nll,30123,126,341,23928b944b127821490ddb3eb34423993443e03df78f5ac9073dc47e77892713,a56289775eec0ce432a321db146cf9b88569ccab3daaa3aefaeb57ea0050cb73,271,297,0.17389608302619308,0.9868441041676969,0.5001934825525695,0.6927602903064933,0.2940838138612035,0.37815441843972464,0.00013947353673693895,0.2939443403244665,0.11035328830805988,0.3715598932931309,0.1672955353368601,0.08365367703633945,0.5633244244871344,0.1120112705281841,0.047918281391642316,0.8067050739333723,0.054871987114794296
12,0.6,119,1.0,512,200,600,matched,transformer,35620,126,341,23928b944b127821490ddb3eb34423993443e03df78f5ac9073dc47e77892713,a56289775eec0ce432a321db146cf9b88569ccab3daaa3aefaeb57ea0050cb73,271,297,5.7092874579830095,1.2972870764944529,0.5194352182766381,0.6550131763597804,0.6422739001346724,0.34181279039833967,0.019274135276323004,0.6229997648583493,0.09036866029040004,0.3042715834693604,0.13786149894505786,0.07040138101368676,0.47408337382954047,0.09513335587203252,0.04148159685735155,0.6983433814368948,0.04778785179947252
12,0.6,119,1.0,512,200,600,matched,maxent,36120,126,341,23928b944b127821490ddb3eb34423993443e03df78f5ac9073dc47e77892713,a56289775eec0ce432a321db146cf9b88569ccab3daaa3aefaeb57ea0050cb73,271,297,0.32562758307904005,1.7301046345044084,0.5127391462606735,0.6679880499559318,1.0621165845484768,0.2788834184082325,0.08957536261943694,0.9725412219290397,0.07332619205908009,0.2468895355524582,0.11153992553802525,0.0565418306344067,0.380753068245163,0.07754424109022795,0.03403489412058869,0.5729780154981261,0.041343968055649674
12,0.6,120,1.0,512,200,600,matched,iqp-parity,13704,127,342,8cd940fe3a77ef6c9b9dd220bd59097376228072c6df837dce8d869641ae5f81,be8ede604a893ee87034e6fb596cea91ea3be8f191d448807bebae1ef6fbfe79,283,297,0.7129113340051845,0.5139391090391225,1.0,-0.0,0.5139391090391225,0.7725426290470347,0.004081593996683688,0.5098575150424388,0.13817139788038676,0.4652235618868241,0.13817139788038676,0.09500326733196304,0.6397526419660811,0.09500326733196304,0.048797403855676866,0.8215051154154355,0.048797403855676866
12,0.6,120,1.0,512,200,600,matched,iqp-mse,13704,127,342,8cd940fe3a77ef6c9b9dd220bd59097376228072c6df837dce8d869641ae5f81,be8ede604a893ee87034e6fb596cea91ea3be8f191d448807bebae1ef6fbfe79,283,297,0.49235941702499986,0.5213417129629718,1.0,-0.0,0.5213417129629718,0.7398659026400958,9.019659417585941e-05,0.521251516368796,0.14894709472555093,0.5015053694462994,0.14894709472555093,0.10022261219160382,0.6748997453980055,0.10022261219160382,0.049783139858185346,0.8380999976125479,0.049783139858185346
12,0.6,120,1.0,512,200,600,matched,ising-parity,30121,127,342,8cd940fe3a77ef6c9b9dd220bd59097376228072c6df837dce8d869641ae5f81,be8ede604a893ee87034e6fb596cea91ea3be8f191d448807bebae1ef6fbfe79,283,297,0.40132883400656283,0.9020979513717794,0.500082776148029,0.6929816419661564,0.20911630940562298,0.37977893635104343,0.0017354492573397398,0.20738086014828302,0.10960862204703076,0.36905259948495206,0.1682193210137115,0.08410618183041928,0.5663715948176382,0.11371775858266761,0.048718253054337995,0.8201726103423904,0.05577261174153441
12,0.6,120,1.0,512,200,600,matched,ising-nll,30124,127,342,8cd940fe3a77ef6c9b9dd220bd59097376228072c6df837dce8d869641ae5f81,be8ede604a893ee87034e6fb596cea91ea3be8f191d448807bebae1ef6fbfe79,283,297,0.16156466596294194,1.0533158726876226,0.5002284780502515,0.6926903288320866,0.360625543855536,0.3716541713038049,0.0002109390515008993,0.36041460480403487,0.10417291400536534,0.3507505522066173,0.15945811427215126,0.07973837100325894,0.536958727294673,0.10819467029642262,0.046486967596926526,0.7826088821031402,0.05390755096166977
12,0.6,120,1.0,512,200,600,matched,transformer,35621,127,342,8cd940fe3a77ef6c9b9dd220bd59097376228072c6df837dce8d869641ae5f81,be8ede604a893ee87034e6fb596cea91ea3be8f191d448807bebae1ef6fbfe79,283,297,9.432373250019737,0.9670547869619268,0.541852326456369,0.6127617750791756,0.3542930118827512,0.32047394634609727,0.044327370484057035,0.30996564139869404,0.10250939665197845,0.3451494836766951,0.15100424100081777,0.07888120070680077,0.5311865367461331,0.10404101948441025,0.045955469553630876,0.7736611035964794,0.05251907156432439
12,0.6,120,1.0,512,200,600,matched,maxent,36121,127,342,8cd940fe3a77ef6c9b9dd220bd59097376228072c6df837dce8d869641ae5f81,be8ede604a893ee87034e6fb596cea91ea3be8f191d448807bebae1ef6fbfe79,283,297,0.7732199170859531,1.9217699359743325,0.510588859513627,0.6721905928349743,1.2495793431393583,0.25480309833422543,0.11476861392102258,1.1348107292183354,0.0677401478824257,0.22808130600143334,0.10224693772535166,0.05169956517523542,0.34814522003525533,0.07091142680632086,0.03114559295521281,0.5243365817375895,0.03840231643864376
12,0.7,111,1.0,512,200,600,matched,iqp-parity,13695,118,333,b3760623ff7470de3045062bc4ff6e62b30c4961a4483a0ca037080de8508265,46ec6552ea8abd2c67a85ebf993bb74a1984e0f557904f8a35ae4eb6d2b596da,273,292,1.1397529999958351,0.46426496605302536,1.0000000000000002,-2.2204460492503128e-16,0.4642649660530256,0.6454040327442017,1.76463663372514e-07,0.4642647895893621,0.1360215945692845,0.46582737866193324,0.13602159456928448,0.0924116845092247,0.6329567432138679,0.0924116845092247,0.04790682093965452,0.8203222763639472,0.04790682093965452
12,0.7,111,1.0,512,200,600,matched,iqp-mse,13695,118,333,b3760623ff7470de3045062bc4ff6e62b30c4961a4483a0ca037080de8508265,46ec6552ea8abd2c67a85ebf993bb74a1984e0f557904f8a35ae4eb6d2b596da,273,292,1.0053016670281067,0.48850545320740585,0.9999999999999999,1.1102230246251565e-16,0.48850545320740574,0.6703330087479074,0.0014207120344936937,0.487084741172912,0.13799984427099604,0.4726022064075207,0.13799984427099604,0.09287294484584376,0.636116060587971,0.0928729448458438,0.047150677662881724,0.807374617515098,0.047150677662881724
12,0.7,111,1.0,512,200,600,matched,ising-parity,30112,118,333,b3760623ff7470de3045062bc4ff6e62b30c4961a4483a0ca037080de8508265,46ec6552ea8abd2c67a85ebf993bb74a1984e0f557904f8a35ae4eb6d2b596da,273,292,0.4699425830040127,0.9441086251470299,0.5009099416772564,0.6913289511867464,0.25277967396028345,0.33184847405599344,0.0006693438157077437,0.2521103301445755,0.10209239349670866,0.3496314845777694,0.15537514243520228,0.07775273204929628,0.5325529592417554,0.1056393782546307,0.045506548758145075,0.7792217253107034,0.053124752524939596
12,0.7,111,1.0,512,200,600,matched,ising-nll,30115,118,333,b3760623ff7470de3045062bc4ff6e62b30c4961a4483a0ca037080de8508265,46ec6552ea8abd2c67a85ebf993bb74a1984e0f557904f8a35ae4eb6d2b596da,273,292,0.4453714999835938,1.045035469654687,0.5006660514858283,0.6918159640503004,0.35321950560438664,0.32052518093761667,5.269848426665315e-05,0.35316680712012005,0.09659865197541298,0.3308173012856609,0.14775202307033317,0.0739190665574129,0.5062949764206364,0.10050717773686464,0.04330377701658376,0.7415030311058862,0.05087357195840288
12,0.7,111,1.0,512,200,600,matched,transformer,35612,118,333,b3760623ff7470de3045062bc4ff6e62b30c4961a4483a0ca037080de8508265,46ec6552ea8abd2c67a85ebf993bb74a1984e0f557904f8a35ae4eb6d2b596da,273,292,9.186953500029631,0.9819032711608567,0.6012553250669619,0.5087356009411584,0.4731676702196983,0.30275738958138687,0.040700672061742396,0.43246699815795586,0.08886507430069139,0.30433244623524447,0.12287003470917209,0.06816804710728343,0.46690443224166733,0.08731774785981006,0.04077382092717513,0.698181865191355,0.04690792663005591
12,0.7,111,1.0,512,200,600,matched,maxent,36112,118,333,b3760623ff7470de3045062bc4ff6e62b30c4961a4483a0ca037080de8508265,46ec6552ea8abd2c67a85ebf993bb74a1984e0f557904f8a35ae4eb6d2b596da,273,292,0.6299516659928486,1.7990836104486576,0.5256449781895736,0.6431292405309518,1.1559543699177057,0.2186338190323714,0.10633554218722677,1.0496188277304792,0.059858006138763374,0.20499317170809375,0.09217116489244548,0.04748447715862676,0.32523614492210107,0.06656362678564957,0.029915624471246217,0.5122538436857229,0.03717053535572157
12,0.7,112,1.0,512,200,600,matched,iqp-parity,13696,119,334,af1101e74f73120c61af142054dd0d3aa4c492be6b3bd551629c461f4aa4c11e,b0126d22db14df8032614d0be237f7ba7f8faae015df79310d48a47a7e019709,279,301,0.9498316670069471,0.4796799317495414,1.0,-0.0,0.4796799317495414,0.6442952670588449,0.0005080993672809831,0.47917183238226035,0.1369260845966849,0.4549039355371591,0.1369260845966849,0.09067821321766958,0.6025130446356782,0.09067821321766958,0.046205948883279314,0.7675406791242411,0.046205948883279314
12,0.7,112,1.0,512,200,600,matched,iqp-mse,13696,119,334,af1101e74f73120c61af142054dd0d3aa4c492be6b3bd551629c461f4aa4c11e,b0126d22db14df8032614d0be237f7ba7f8faae015df79310d48a47a7e019709,279,301,0.8361158339539543,0.7379889562832385,1.0,-0.0,0.7379889562832385,0.6267136351398006,0.0023278069044482125,0.7356611493787903,0.1181041620134121,0.3923726312737944,0.1181041620134121,0.07985391598133387,0.5305908038626835,0.07985391598133387,0.04208767520722889,0.6991308173958288,0.04208767520722889
12,0.7,112,1.0,512,200,600,matched,ising-parity,30113,119,334,af1101e74f73120c61af142054dd0d3aa4c492be6b3bd551629c461f4aa4c11e,b0126d22db14df8032614d0be237f7ba7f8faae015df79310d48a47a7e019709,279,301,0.5098507499787956,0.9454905459927151,0.501211585948826,0.6907269398091559,0.2547636061835592,0.3429475919498819,0.0013966084530623903,0.2533669977304967,0.10867013291066253,0.3610303418958888,0.1635098344762964,0.08184517494526101,0.5438217604336281,0.10954264537057255,0.04702184533574511,0.7810937763412809,0.054612344822274096
12,0.7,112,1.0,512,200,600,matched,ising-nll,30116,119,334,af1101e74f73120c61af142054dd0d3aa4c492be6b3bd551629c461f4aa4c11e,b0126d22db14df8032614d0be237f7ba7f8faae015df79310d48a47a7e019709,279,301,0.20854700007475913,1.0196201654521821,0.5013097000915353,0.6905312050264859,0.32908896042569624,0.33705646841181613,0.00037210326046683423,0.3287168571652293,0.10322993352134369,0.3429565897719059,0.15553104948195517,0.07786083618971426,0.5173477487688656,0.10489881903448253,0.045135714771735384,0.749762703849425,0.052849080602076104
12,0.7,112,1.0,512,200,600,matched,transformer,35613,119,334,af1101e74f73120c61af142054dd0d3aa4c492be6b3bd551629c461f4aa4c11e,b0126d22db14df8032614d0be237f7ba7f8faae015df79310d48a47a7e019709,279,301,7.673052291967906,0.8691787995582843,0.543871264814489,0.6090427056927747,0.2601360938655095,0.31251258209753413,0.015083363533571884,0.2450527303319377,0.0954290496439231,0.3170400320396116,0.14235567864625898,0.07468029128184953,0.4962145600122892,0.10018914617073191,0.04482344024305121,0.7445754193197875,0.05244383681600671
12,0.7,112,1.0,512,200,600,matched,maxent,36113,119,334,af1101e74f73120c61af142054dd0d3aa4c492be6b3bd551629c461f4aa4c11e,b0126d22db14df8032614d0be237f7ba7f8faae015df79310d48a47a7e019709,279,301,0.6896303750108927,1.8537061034874134,0.5282001560598906,0.6382799836630895,1.215426119824324,0.24955845135728247,0.07088549613481343,1.1445406236895106,0.06462408294907028,0.21469794999691125,0.09596591670179917,0.04947062524229822,0.32870847337075226,0.06797483721092445,0.030534083618339706,0.5072106913345467,0.03787229211500709
12,0.7,113,1.0,512,200,600,matched,iqp-parity,13697,120,335,badd5126b3284ea12888b75a115e96f49a2f93e887b94f27de47557d040c8a74,494a09d0cb32c8fd575150abd91ad12074451b075c550159cd5a0edda3ce9c1b,296,295,0.8451082500396296,0.38064775354707037,1.0,-0.0,0.38064775354707037,0.7056989717081822,0.0018145300278749506,0.3788332235191955,0.14255880373927557,0.4832501821670358,0.14255880373927557,0.09645732881473998,0.6539479919643388,0.09645732881473998,0.04929181383183463,0.8354544717260107,0.04929181383183463
12,0.7,113,1.0,512,200,600,matched,iqp-mse,13697,120,335,badd5126b3284ea12888b75a115e96f49a2f93e887b94f27de47557d040c8a74,494a09d0cb32c8fd575150abd91ad12074451b075c550159cd5a0edda3ce9c1b,296,295,0.5270569999702275,0.5623413273761578,1.0,-0.0,0.5623413273761578,0.6887953370816515,0.0002698706116965252,0.5620714567644614,0.14529556415204098,0.4925273361086135,0.14529556415204098,0.09634712498953653,0.6532008473866883,0.09634712498953653,0.04889807297473173,0.8287808978768089,0.04889807297473173
12,0.7,113,1.0,512,200,600,matched,ising-parity,30114,120,335,badd5126b3284ea12888b75a115e96f49a2f93e887b94f27de47557d040c8a74,494a09d0cb32c8fd575150abd91ad12074451b075c550159cd5a0edda3ce9c1b,296,295,0.4446423340123147,0.963776049030386,0.5009980857715529,0.6911529987198353,0.2726230503105508,0.35258787137039854,0.001566853590265472,0.2710561967202854,0.10487842452332861,0.3555200831299275,0.15888079327349822,0.07951297036603476,0.539070985532439,0.10726111552046112,0.0460842729736519,0.7810893724347779,0.053422541411560664
12,0.7,113,1.0,512,200,600,matched,ising-nll,30117,120,335,badd5126b3284ea12888b75a115e96f49a2f93e887b94f27de47557d040c8a74,494a09d0cb32c8fd575150abd91ad12074451b075c550159cd5a0edda3ce9c1b,296,295,0.19010254100430757,0.9918353880389577,0.5008263051490547,0.6914959343196042,0.30033945371935344,0.35102194884420723,0.0012311562051589876,0.29910829751419465,0.11006890127350047,0.37311491957118803,0.16554801396140184,0.08283200047035569,0.5615728845447844,0.11007640156610568,0.04705364712860406,0.797519442857696,0.05391270757677914
12,0.7,113,1.0,512,200,600,matched,transformer,35614,120,335,badd5126b3284ea12888b75a115e96f49a2f93e887b94f27de47557d040c8a74,494a09d0cb32c8fd575150abd91ad12074451b075c550159cd5a0edda3ce9c1b,296,295,7.7481032910291106,0.9461850757968416,0.5492140910158054,0.5992669480689484,0.3469181277278932,0.31603353648090304,0.022174022943716218,0.32474410478417715,0.09427198970068448,0.3195660667819813,0.13796542787451485,0.07265751587629705,0.4925933279748953,0.09625765342926888,0.043139414650133656,0.7311765194937907,0.05032981933318025
12,0.7,113,1.0,512,200,600,matched,maxent,36114,120,335,badd5126b3284ea12888b75a115e96f49a2f93e887b94f27de47557d040c8a74,494a09d0cb32c8fd575150abd91ad12074451b075c550159cd5a0edda3ce9c1b,296,295,0.7045409580459818,1.8562275452942412,0.5186189255767735,0.6565859129515207,1.1996416323427206,0.23094968527325552,0.10989222884675554,1.089749403495965,0.06597247554536724,0.2236355103232788,0.09857191437271963,0.050265101310952416,0.34078034787086386,0.06858886089858265,0.030348377186923386,0.5143792743546337,0.03727918018186117
12,0.7,114,1.0,512,200,600,matched,iqp-parity,13698,121,336,d6954bfe4b6c1db2334dcba8d2f6698d7a93f4d46c5db6a75abe724e3ac4f84b,9fc9306ab4737b5804dc59a07264243c6abc622ca16efa0cd4d6bddf38b05e36,269,295,1.1370017499430105,0.44004516323492104,0.9999999999999999,1.1102230246251565e-16,0.44004516323492093,0.6572557256855149,0.00015271286113955826,0.43989245037378116,0.14538130387591572,0.4928179792403922,0.14538130387591572,0.09686462642654775,0.6567093317054085,0.09686462642654775,0.049143886594292925,0.8329472304117445,0.049143886594292925
12,0.7,114,1.0,512,200,600,matched,iqp-mse,13698,121,336,d6954bfe4b6c1db2334dcba8d2f6698d7a93f4d46c5db6a75abe724e3ac4f84b,9fc9306ab4737b5804dc59a07264243c6abc622ca16efa0cd4d6bddf38b05e36,269,295,0.7732413338962942,0.563098047634562,1.0,-0.0,0.563098047634562,0.632873111733228,0.0023265957388710623,0.5607714518956907,0.14247244287081431,0.4829574334603875,0.14247244287081431,0.09486694494179855,0.6431657284189732,0.09486694494179855,0.0476925627467846,0.8083485211319423,0.0476925627467846
12,0.7,114,1.0,512,200,600,matched,ising-parity,30115,121,336,d6954bfe4b6c1db2334dcba8d2f6698d7a93f4d46c5db6a75abe724e3ac4f84b,9fc9306ab4737b5804dc59a07264243c6abc622ca16efa0cd4d6bddf38b05e36,269,295,0.4250099170021713,1.6069886136483982,0.5003515624698395,0.6924443026967965,0.9145443109516017,0.32208354261761163,0.0010479229866219332,0.9134963879649793,0.08682132810414453,0.2943095867937103,0.1254554926301819,0.06273986649126896,0.4253550270594506,0.08100117186774082,0.034453497613961534,0.5839575866773142,0.039741350074367174
12,0.7,114,1.0,512,200,600,matched,ising-nll,30118,121,336,d6954bfe4b6c1db2334dcba8d2f6698d7a93f4d46c5db6a75abe724e3ac4f84b,9fc9306ab4737b5804dc59a07264243c6abc622ca16efa0cd4d6bddf38b05e36,269,295,0.23614116699900478,1.0415605310059526,0.500191808617715,0.6927636368867945,0.34879689411915804,0.3235481865654538,0.0007706549829209972,0.34802623913623687,0.09933255436435812,0.3367205232690106,0.15166895653519874,0.07584063209071254,0.5141737768861867,0.10327076055397506,0.04448899793000285,0.7540508123729296,0.052157665790373765
12,0.7,114,1.0,512,200,600,matched,transformer,35615,121,336,d6954bfe4b6c1db2334dcba8d2f6698d7a93f4d46c5db6a75abe724e3ac4f84b,9fc9306ab4737b5804dc59a07264243c6abc622ca16efa0cd4d6bddf38b05e36,269,295,6.88582966697868,1.1184760019546478,0.555401847170592,0.5880633782766681,0.5304126236779797,0.2788426396577037,0.05449829696685876,0.47591432671112066,0.08078770767345586,0.2738566361812063,0.1179442983751359,0.06261278322149787,0.42449344556947705,0.08369067860263422,0.03803756798712408,0.6447045421546453,0.04515779698843194
12,0.7,114,1.0,512,200,600,matched,maxent,36115,121,336,d6954bfe4b6c1db2334dcba8d2f6698d7a93f4d46c5db6a75abe724e3ac4f84b,9fc9306ab4737b5804dc59a07264243c6abc622ca16efa0cd4d6bddf38b05e36,269,295,0.1748931249603629,1.733242781357005,0.5125607182299536,0.6683361003921029,1.0649066809649022,0.22862702243857266,0.09756942962268922,0.9673372513422124,0.0646322215187283,0.2190922763346722,0.0973307439186189,0.04932195802999477,0.3343861561355577,0.0678653819309898,0.029919393310930718,0.5071083612022156,0.03703031863005999
12,0.7,115,1.0,512,200,600,matched,iqp-parity,13699,122,337,9bc1da9c68861837996f1f55793df997f84642eefcc4066bddc471e8cf0951f5,fae9b80b4b9bbecd172da441f7a298732dc4ec9c5fd56650a16ee48bf4f2164a,279,297,0.6850042500300333,0.6498655652190183,1.0,-0.0,0.6498655652190183,0.6009963290956624,0.0117459496403165,0.6381196155787019,0.12886014154273379,0.43387253044691515,0.12886014154273379,0.08470855409352757,0.5704279736937883,0.08470855409352757,0.04364237272297191,0.7347200795113117,0.04364237272297191
12,0.7,115,1.0,512,200,600,matched,iqp-mse,13699,122,337,9bc1da9c68861837996f1f55793df997f84642eefcc4066bddc471e8cf0951f5,fae9b80b4b9bbecd172da441f7a298732dc4ec9c5fd56650a16ee48bf4f2164a,279,297,0.5288292500190437,0.4036387362177895,1.0,-0.0,0.4036387362177895,0.6016771764472715,0.011536436775714115,0.39210229944207536,0.14854039335377206,0.5001360045581551,0.14854039335377206,0.10022793713700695,0.6749356036162084,0.10022793713700695,0.051120309314418404,0.8606112679195017,0.051120309314418404
12,0.7,115,1.0,512,200,600,matched,ising-parity,30116,122,337,9bc1da9c68861837996f1f55793df997f84642eefcc4066bddc471e8cf0951f5,fae9b80b4b9bbecd172da441f7a298732dc4ec9c5fd56650a16ee48bf4f2164a,279,297,0.3717859999742359,1.07739548569283,0.5014967947785932,0.6901580628695776,0.38723742282325246,0.3232519240644405,0.0020627897951548714,0.3851746330280977,0.10310036588267635,0.3471392790662503,0.153019786981132,0.07661450647957244,0.5159226025560434,0.10223296104750777,0.04391564048948543,0.7393205469610341,0.05134385205914576
12,0.7,115,1.0,512,200,600,matched,ising-nll,30119,122,337,9bc1da9c68861837996f1f55793df997f84642eefcc4066bddc471e8cf0951f5,fae9b80b4b9bbecd172da441f7a298732dc4ec9c5fd56650a16ee48bf4f2164a,279,297,0.17640608397778124,1.1228635647555272,0.5018699953314931,0.6894141662730615,0.43344939848246566,0.317145748533649,0.004080779818597655,0.42936861866386794,0.09996310188463153,0.336576100621655,0.1491703515786744,0.07471694904827988,0.5031444380355548,0.10019160958939208,0.04312027587841038,0.7259305703436091,0.050606211224372304
12,0.7,115,1.0,512,200,600,matched,transformer,35616,122,337,9bc1da9c68861837996f1f55793df997f84642eefcc4066bddc471e8cf0951f5,fae9b80b4b9bbecd172da441f7a298732dc4ec9c5fd56650a16ee48bf4f2164a,279,297,4.801478000008501,0.9449598875322394,0.5695468433269371,0.5629142460500703,0.382045641482169,0.29149461298922547,0.05465617458397132,0.32738946689819765,0.10129726465648221,0.3410682311666068,0.141921749513863,0.07590545444279966,0.5111478413656543,0.09692836915042484,0.04350832956756486,0.7324634607334152,0.049550089698690764
12,0.7,115,1.0,512,200,600,matched,maxent,36116,122,337,9bc1da9c68861837996f1f55793df997f84642eefcc4066bddc471e8cf0951f5,fae9b80b4b9bbecd172da441f7a298732dc4ec9c5fd56650a16ee48bf4f2164a,279,297,0.2086857499089092,2.363943774401416,0.5210562304133639,0.6518973151958177,1.712046459205598,0.24767541604362472,0.08115451401693055,1.6308919451886676,0.05249957514822078,0.17676624629030568,0.07733022152248457,0.039550857407629994,0.26633574011872047,0.05509237969597428,0.024829090517511726,0.41799815686046676,0.03210329948110149
12,0.7,116,1.0,512,200,600,matched,iqp-parity,13700,123,338,f4549fdf332604c53caa132a2c4d021093de2a215710bbbb361e90ccc8a16a40,67eaeaae05cc33550f061649f99bb92951375c55491458d36e2f1c224114a8b1,273,295,0.5645159999839962,0.4742166357083001,1.0,-0.0,0.4742166357083001,0.6107669808453459,0.006658010318929909,0.4675586253893699,0.13587970518552547,0.4606091701204253,0.13587970518552547,0.09146623107488594,0.6201100411856674,0.09146623107488594,0.04703500895942025,0.7972035416850889,0.04703500895942025
12,0.7,116,1.0,512,200,600,matched,iqp-mse,13700,123,338,f4549fdf332604c53caa132a2c4d021093de2a215710bbbb361e90ccc8a16a40,67eaeaae05cc33550f061649f99bb92951375c55491458d36e2f1c224114a8b1,273,295,0.4248638330027461,0.6868767735319434,1.0,-0.0,0.6868767735319434,0.6031212479143274,0.008565792294847475,0.6783109812370958,0.12742300391913386,0.4319423861665554,0.12742300391913386,0.08513809642933572,0.5772074334192252,0.08513809642933572,0.04399526354569974,0.7456824329779618,0.04399526354569974
12,0.7,116,1.0,512,200,600,matched,ising-parity,30117,123,338,f4549fdf332604c53caa132a2c4d021093de2a215710bbbb361e90ccc8a16a40,67eaeaae05cc33550f061649f99bb92951375c55491458d36e2f1c224114a8b1,273,295,0.33672741695772856,1.0251160115276106,0.5031249643632772,0.686916701640065,0.33819930988754554,0.33257193056913736,6.672863734825344e-05,0.3381325812501971,0.10263048477011114,0.3478999483732581,0.15270015921897004,0.07657903992389381,0.5191799316874157,0.1020605431487227,0.04385860429044442,0.7433661744143123,0.05108761858676954
12,0.7,116,1.0,512,200,600,matched,ising-nll,30120,123,338,f4549fdf332604c53caa132a2c4d021093de2a215710bbbb361e90ccc8a16a40,67eaeaae05cc33550f061649f99bb92951375c55491458d36e2f1c224114a8b1,273,295,0.16463954106438905,1.0394690276436227,0.5011830263856764,0.6907839224840545,0.3486851051595682,0.33130432582928493,6.595084743522567e-05,0.34861915431213275,0.09747606178349114,0.33042732807963093,0.14625215867630215,0.07320658351021872,0.4963158204082625,0.09920868828955899,0.04285886563321994,0.7264214514105074,0.050864544048257805
12,0.7,116,1.0,512,200,600,matched,transformer,35617,123,338,f4549fdf332604c53caa132a2c4d021093de2a215710bbbb361e90ccc8a16a40,67eaeaae05cc33550f061649f99bb92951375c55491458d36e2f1c224114a8b1,273,295,5.2082542499993,1.0337939578243693,0.604485865282145,0.5033769916950482,0.5304169661293211,0.2706147951197087,0.09697415236978485,0.43344281375953586,0.08764003054321048,0.29708484929901857,0.12102921217276279,0.0674067611777494,0.45699499103558905,0.08628246041359024,0.04040973224539915,0.6849107160237144,0.04646913144460716
12,0.7,116,1.0,512,200,600,matched,maxent,36117,123,338,f4549fdf332604c53caa132a2c4d021093de2a215710bbbb361e90ccc8a16a40,67eaeaae05cc33550f061649f99bb92951375c55491458d36e2f1c224114a8b1,273,295,0.6823832918889821,1.8850887910100882,0.5439276386303269,0.6089390581974338,1.2761497328126543,0.20423907467217584,0.17319982281674437,1.1029499099959101,0.05577932473395766,0.1890824567252802,0.08201034367488463,0.04302483111078034,0.2916937702425786,0.05876509632751086,0.026877562436007012,0.4555519056950341,0.03362037110442875
12,0.7,117,1.0,512,200,600,matched,iqp-parity,13701,124,339,cd12ef8216c7c909c461229003d73ef0e73bac09f08b18a2194967a0c69ee459,6d2e8203ab09f7481803ba6cac1d0fef11989f0d29cc5ddaeca62054fed6f238,266,299,0.5690557499183342,0.5989749161930695,1.0,-0.0,0.5989749161930695,0.622028076015006,0.005591893997888432,0.5933830221951812,0.14288259779910634,0.47786822006390084,0.14288259779910634,0.0940009140752319,0.628768656021618,0.0940009140752319,0.04703178648230604,0.786484723784382,0.04703178648230604
12,0.7,117,1.0,512,200,600,matched,iqp-mse,13701,124,339,cd12ef8216c7c909c461229003d73ef0e73bac09f08b18a2194967a0c69ee459,6d2e8203ab09f7481803ba6cac1d0fef11989f0d29cc5ddaeca62054fed6f238,266,299,0.4682703750440851,0.5380123775979769,1.0000000000000002,-2.2204460492503128e-16,0.5380123775979772,0.6213808228701734,0.00573251373819697,0.5322798638597803,0.13523747533492492,0.452299248611789,0.1352374753349249,0.09102772197519642,0.6088810834461299,0.09102772197519642,0.047228022901830924,0.7897662692613867,0.047228022901830924
12,0.7,117,1.0,512,200,600,matched,ising-parity,30118,124,339,cd12ef8216c7c909c461229003d73ef0e73bac09f08b18a2194967a0c69ee459,6d2e8203ab09f7481803ba6cac1d0fef11989f0d29cc5ddaeca62054fed6f238,266,299,0.4792115830350667,0.9827494192927146,0.5015321457731337,0.6900875743858942,0.29266184490682046,0.32388480369441314,0.0016141426754244445,0.2910477022313963,0.10247853708519815,0.342737582224743,0.15440336788721704,0.0773147956080936,0.5171558234655089,0.10460841445056011,0.045118190252113846,0.7544847868246463,0.05311403167161023
12,0.7,117,1.0,512,200,600,matched,ising-nll,30121,124,339,cd12ef8216c7c909c461229003d73ef0e73bac09f08b18a2194967a0c69ee459,6d2e8203ab09f7481803ba6cac1d0fef11989f0d29cc5ddaeca62054fed6f238,266,299,0.17677733302116394,1.0466814974761156,0.5023879260514749,0.6883826966577884,0.3582988008183272,0.32051030179668394,0.0026653735877123844,0.35563342723061486,0.09644794636527848,0.3225683824925702,0.14574191939434547,0.0730448618435944,0.4885943936026382,0.09938995510358889,0.04300660497539145,0.7191739962440042,0.051090097305866944
12,0.7,117,1.0,512,200,600,matched,transformer,35618,124,339,cd12ef8216c7c909c461229003d73ef0e73bac09f08b18a2194967a0c69ee459,6d2e8203ab09f7481803ba6cac1d0fef11989f0d29cc5ddaeca62054fed6f238,266,299,6.96340612496715,0.8907438742728984,0.5568721444005149,0.5854196086705209,0.30532426560237746,0.2903961406984208,0.047038748568139166,0.2582855170342385,0.09739488872774452,0.32573541380516563,0.1420807228161494,0.07548460551030109,0.5049137492327832,0.09972759313145658,0.04489188263176163,0.7507003784575523,0.051923599389552544
12,0.7,117,1.0,512,200,600,matched,maxent,36118,124,339,cd12ef8216c7c909c461229003d73ef0e73bac09f08b18a2194967a0c69ee459,6d2e8203ab09f7481803ba6cac1d0fef11989f0d29cc5ddaeca62054fed6f238,266,299,0.17999833298381418,2.833229467889259,0.5249753867539302,0.6444038998629924,2.1888255680262665,0.13805037715625168,0.3663393466250251,1.8224862214012416,0.04124689511404987,0.13794948198678886,0.05935343701605665,0.030453590354586398,0.20370294551562806,0.041957919418124406,0.01896268269316619,0.3171017172770266,0.024566031231266525
12,0.7,118,1.0,512,200,600,matched,iqp-parity,13702,125,340,a9e407173b7627bf6cb1f4ceb82d687f16ba55f8292818d5cfa74dd22f752338,3672d037714419789c221c8c7564a09d4bd2e60bbf08a0fa3cd13f9a40a45c57,258,296,0.8730751669500023,0.5776231946202515,1.0,-0.0,0.5776231946202515,0.728519368181892,0.01107248271931889,0.5665507119009324,0.13717266681183354,0.46342117166159985,0.13717266681183354,0.09306327809426515,0.6288059330693591,0.09306327809426515,0.0477823390522263,0.8071341056119307,0.0477823390522263
12,0.7,118,1.0,512,200,600,matched,iqp-mse,13702,125,340,a9e407173b7627bf6cb1f4ceb82d687f16ba55f8292818d5cfa74dd22f752338,3672d037714419789c221c8c7564a09d4bd2e60bbf08a0fa3cd13f9a40a45c57,258,296,0.5178650000598282,0.5475830826306157,1.0,-0.0,0.5475830826306157,0.690882331497363,0.002084200063282988,0.5454988825673326,0.13656783936281836,0.46137783568519714,0.13656783936281836,0.09224297061498646,0.6232633149661247,0.09224297061498646,0.0474277294037186,0.801144077765517,0.0474277294037186
12,0.7,118,1.0,512,200,600,matched,ising-parity,30119,125,340,a9e407173b7627bf6cb1f4ceb82d687f16ba55f8292818d5cfa74dd22f752338,3672d037714419789c221c8c7564a09d4bd2e60bbf08a0fa3cd13f9a40a45c57,258,296,0.3994470000034198,0.9713113633678888,0.5001945996299801,0.6927580570183712,0.2785533063495176,0.34478075567502803,0.0018665203699477564,0.27668678597956964,0.10205915730746495,0.3447944503630573,0.1553518573331375,0.07768245347222412,0.5248814423798928,0.10569398145978724,0.045551459216312415,0.7694503245998718,0.05345456604255961
12,0.7,118,1.0,512,200,600,matched,ising-nll,30122,125,340,a9e407173b7627bf6cb1f4ceb82d687f16ba55f8292818d5cfa74dd22f752338,3672d037714419789c221c8c7564a09d4bd2e60bbf08a0fa3cd13f9a40a45c57,258,296,0.19413395796436816,1.0649875209614277,0.5002173794847337,0.6927125160707757,0.372275004890652,0.3350282548700344,0.0001812068466012992,0.3720937980440506,0.0958299552133208,0.32374984869365137,0.14595352220735636,0.0729847530308581,0.49314022318147355,0.09952936845999531,0.04296626227803353,0.7257814573992151,0.05093390680782612
12,0.7,118,1.0,512,200,600,matched,transformer,35619,125,340,a9e407173b7627bf6cb1f4ceb82d687f16ba55f8292818d5cfa74dd22f752338,3672d037714419789c221c8c7564a09d4bd2e60bbf08a0fa3cd13f9a40a45c57,258,296,6.956693459069356,1.4147858167406087,0.5559635839868441,0.5870524833030787,0.82773333343753,0.26862318461617907,0.06403606622392505,0.7636972672136046,0.07551530300100778,0.25511926689529657,0.11029742146385095,0.05858776007303174,0.395863243736701,0.07828911429020236,0.03565776213651505,0.6023270631168083,0.04269041294965385
12,0.7,118,1.0,512,200,600,matched,maxent,36119,125,340,a9e407173b7627bf6cb1f4ceb82d687f16ba55f8292818d5cfa74dd22f752338,3672d037714419789c221c8c7564a09d4bd2e60bbf08a0fa3cd13f9a40a45c57,258,296,0.8619249999755993,1.6887664427529598,0.518816701701599,0.6562046341096897,1.0325618086432702,0.23142585183025732,0.09331545311250114,0.9392463555307689,0.06160208782812115,0.20811516158149038,0.09376926320612984,0.04788199692569588,0.3235270062547019,0.06662869471922903,0.029683436947818102,0.5014094079023328,0.03697849884106996
12,0.7,119,1.0,512,200,600,matched,iqp-parity,13703,126,341,c5b4b024c77202015d76c314b04cf630025daa1a015425a9f75532a6d6ad47dd,a56289775eec0ce432a321db146cf9b88569ccab3daaa3aefaeb57ea0050cb73,271,307,0.7323364999610931,0.39216523681995885,1.0000000000000002,-2.2204460492503128e-16,0.3921652368199591,0.7127049773722156,0.0011401689340944376,0.3910250678858648,0.1568233915088029,0.5108253795075013,0.15682339150880284,0.10480971663508902,0.6827994569061174,0.10480971663508899,0.05250087888763383,0.8550631740656975,0.05250087888763383
12,0.7,119,1.0,512,200,600,matched,iqp-mse,13703,126,341,c5b4b024c77202015d76c314b04cf630025daa1a015425a9f75532a6d6ad47dd,a56289775eec0ce432a321db146cf9b88569ccab3daaa3aefaeb57ea0050cb73,271,307,0.5184083330677822,0.39275048078820607,1.0,-0.0,0.39275048078820607,0.6856976559569732,6.394747922427828e-05,0.3926865333089819,0.15383839469022054,0.5011022628345946,0.15383839469022054,0.1042441917520191,0.6791152557134795,0.1042441917520191,0.05294422089005554,0.8622837278510675,0.05294422089005554
12,0.7,119,1.0,512,200,600,matched,ising-parity,30120,126,341,c5b4b024c77202015d76c314b04cf630025daa1a015425a9f75532a6d6ad47dd,a56289775eec0ce432a321db146cf9b88569ccab3daaa3aefaeb57ea0050cb73,271,307,0.4546533750835806,1.142243951129133,0.5015209968629399,0.6901098043350768,0.45213414679405606,0.3398255376258405,0.0004109384795502654,0.45172320831450585,0.10043143341073897,0.32713821957895434,0.14897827693512705,0.07459287927027707,0.48594709622330334,0.09986959173164583,0.043031694495561205,0.7008419298951337,0.050979179829377844
12,0.7,119,1.0,512,200,600,matched,ising-nll,30123,126,341,c5b4b024c77202015d76c314b04cf630025daa1a015425a9f75532a6d6ad47dd,a56289775eec0ce432a321db146cf9b88569ccab3daaa3aefaeb57ea0050cb73,271,307,0.22304254199843854,0.9968786139228757,0.5004563411955643,0.6922349144101455,0.3046436995127302,0.35383436391074785,0.0006179547785506792,0.30402574473417965,0.10338394768104049,0.33675552990566937,0.15863508858527375,0.07934713094129893,0.5169194198130224,0.10885988842330174,0.04701402440575971,0.7657007232208421,0.05530289562822064
12,0.7,119,1.0,512,200,600,matched,transformer,35620,126,341,c5b4b024c77202015d76c314b04cf630025daa1a015425a9f75532a6d6ad47dd,a56289775eec0ce432a321db146cf9b88569ccab3daaa3aefaeb57ea0050cb73,271,307,6.911940500023775,1.099643057351647,0.5681037908286365,0.5654511466220328,0.5341919107296141,0.30074370522811517,0.05406369324624005,0.4801282174833743,0.09511536622715196,0.3098220398278565,0.1374403748166571,0.07389009695985412,0.4813687098361832,0.09695655666293121,0.04404326315239736,0.7173169894527257,0.050838185619368335
12,0.7,119,1.0,512,200,600,matched,maxent,36120,126,341,c5b4b024c77202015d76c314b04cf630025daa1a015425a9f75532a6d6ad47dd,a56289775eec0ce432a321db146cf9b88569ccab3daaa3aefaeb57ea0050cb73,271,307,0.37497216602787375,1.5811416547549846,0.517389490885049,0.6589593208298986,0.922182333925086,0.2740392585361065,0.05388489699623522,0.8682974369288505,0.07346436945551045,0.23929762037625554,0.11199257441848104,0.057086057854163874,0.3718961423724031,0.07906862304524666,0.035073490215341806,0.5712294823345571,0.04327731759765565
12,0.7,120,1.0,512,200,600,matched,iqp-parity,13704,127,342,928384059a57b9560ccca2a03972279189b81422ed52373b0219269ec010073d,be8ede604a893ee87034e6fb596cea91ea3be8f191d448807bebae1ef6fbfe79,283,279,0.7528672500047833,0.5183760695809437,1.0,-0.0,0.5183760695809437,0.6334976586681818,0.00031157147004714364,0.5180644981108964,0.13353728267537232,0.4786282533167467,0.13353728267537232,0.08793957218950635,0.6303911984910849,0.08793957218950635,0.04436430935235067,0.7950593073897969,0.04436430935235067
12,0.7,120,1.0,512,200,600,matched,iqp-mse,13704,127,342,928384059a57b9560ccca2a03972279189b81422ed52373b0219269ec010073d,be8ede604a893ee87034e6fb596cea91ea3be8f191d448807bebae1ef6fbfe79,283,279,0.6789466249756515,0.5356182701533169,1.0,-0.0,0.5356182701533169,0.649207169189248,3.0163971864379923e-05,0.5355881061814524,0.13500915653389456,0.4839037868598371,0.13500915653389456,0.09020633228445521,0.6466403747989621,0.09020633228445521,0.04540150664647496,0.8136470725174724,0.04540150664647496
12,0.7,120,1.0,512,200,600,matched,ising-parity,30121,127,342,928384059a57b9560ccca2a03972279189b81422ed52373b0219269ec010073d,be8ede604a893ee87034e6fb596cea91ea3be8f191d448807bebae1ef6fbfe79,283,279,0.37330012500751764,0.9682234642138242,0.5005939425297736,0.6919600004776227,0.2762634637362015,0.3397409141015737,0.00248132517954424,0.2737821385566571,0.10538697673737694,0.37773109941712163,0.15581941986640857,0.07794502851614614,0.5587457241300798,0.10298637633716087,0.04404070158138274,0.7892598849710168,0.05079934118401364
12,0.7,120,1.0,512,200,600,matched,ising-nll,30124,127,342,928384059a57b9560ccca2a03972279189b81422ed52373b0219269ec010073d,be8ede604a893ee87034e6fb596cea91ea3be8f191d448807bebae1ef6fbfe79,283,279,0.20359470904804766,1.1049237319533138,0.5002412598195427,0.6926647772960269,0.4122589546572869,0.3211887785076957,2.5630305605960253e-05,0.41223332435168086,0.09843840361518577,0.352825819409268,0.1479465842055704,0.07398208634831224,0.5303375365470411,0.09881248260089529,0.04229960910358827,0.7580575108169941,0.048743633297396435
12,0.7,120,1.0,512,200,600,matched,transformer,35621,127,342,928384059a57b9560ccca2a03972279189b81422ed52373b0219269ec010073d,be8ede604a893ee87034e6fb596cea91ea3be8f191d448807bebae1ef6fbfe79,283,279,7.000919208978303,1.0230124730859917,0.5644330135525719,0.571933567530984,0.45107890555500774,0.28584031857615927,0.03930354205658193,0.41177536349842575,0.09622771073321927,0.3449021890079544,0.13721918366423103,0.07321857174660812,0.5248643135957571,0.09453711485372895,0.042288579057716054,0.7578598397440153,0.04781348521948737
12,0.7,120,1.0,512,200,600,matched,maxent,36121,127,342,928384059a57b9560ccca2a03972279189b81422ed52373b0219269ec010073d,be8ede604a893ee87034e6fb596cea91ea3be8f191d448807bebae1ef6fbfe79,283,279,0.35543087497353554,1.8981580041442767,0.5350504190574428,0.6253942952976912,1.2727637088465855,0.2222183050485611,0.1072692834077234,1.1654944254388617,0.07004871813478838,0.25107067431823793,0.10390015636442644,0.05394568924288097,0.3867074497697561,0.0729903416454027,0.03267249024126404,0.5855284989473842,0.03943246496672474
12,0.8,111,1.0,512,200,600,matched,iqp-parity,13695,118,333,92416f236cde512d8f2324999989b8c2df0ddc736a1a57f74ac88da0606e4383,46ec6552ea8abd2c67a85ebf993bb74a1984e0f557904f8a35ae4eb6d2b596da,273,286,0.7356674580369145,0.5980460235578229,1.0,-0.0,0.5980460235578229,0.5363961651686988,7.064908074614316e-05,0.5979753744770768,0.11611766562288615,0.4060058238562453,0.11611766562288615,0.07676148856311846,0.5367936263155137,0.07676148856311846,0.039694370560590976,0.693957527283059,0.039694370560590976
12,0.8,111,1.0,512,200,600,matched,iqp-mse,13695,118,333,92416f236cde512d8f2324999989b8c2df0ddc736a1a57f74ac88da0606e4383,46ec6552ea8abd2c67a85ebf993bb74a1984e0f557904f8a35ae4eb6d2b596da,273,286,0.5426668749423698,0.37499075474472765,1.0,-0.0,0.37499075474472765,0.556233063390716,0.0013401693408351852,0.3736505854038924,0.1327961751176523,0.46432229062116187,0.1327961751176523,0.08953076304701509,0.6260892520770286,0.08953076304701509,0.04557033230463644,0.7966841311999378,0.04557033230463644
12,0.8,111,1.0,512,200,600,matched,ising-parity,30112,118,333,92416f236cde512d8f2324999989b8c2df0ddc736a1a57f74ac88da0606e4383,46ec6552ea8abd2c67a85ebf993bb74a1984e0f557904f8a35ae4eb6d2b596da,273,286,0.4164356660330668,1.074610540484147,0.5020288197693601,0.6890977510391694,0.3855127894449777,0.28913477790830316,0.004198342059717058,0.38131444738526077,0.08674514771212521,0.3033047122801581,0.13092966469902045,0.06559607439650948,0.45871380696859776,0.0893623087005871,0.03872551739826448,0.6770195349346937,0.04655129245425097
12,0.8,111,1.0,512,200,600,matched,ising-nll,30115,118,333,92416f236cde512d8f2324999989b8c2df0ddc736a1a57f74ac88da0606e4383,46ec6552ea8abd2c67a85ebf993bb74a1984e0f557904f8a35ae4eb6d2b596da,273,286,0.18973366706632078,1.0193792746425645,0.5011995919222502,0.6907508701619716,0.32862840448059294,0.2858245243274915,0.0032132687888117434,0.32541513569178127,0.09142313195291102,0.3196613005346539,0.13907538708472383,0.06961734389456808,0.48683457268928726,0.09485465061845995,0.041006607770172135,0.7168987372407717,0.04875014869041492
12,0.8,111,1.0,512,200,600,matched,transformer,35612,118,333,92416f236cde512d8f2324999989b8c2df0ddc736a1a57f74ac88da0606e4383,46ec6552ea8abd2c67a85ebf993bb74a1984e0f557904f8a35ae4eb6d2b596da,273,286,7.534336625016294,0.9279908722966731,0.5895304852894505,0.5284288465344442,0.3995620257622289,0.23068371284223718,0.039527048807831075,0.3600349769543977,0.08485879915643968,0.2967090879595793,0.11944635313090612,0.06561152784077116,0.45882187301238575,0.0850733041264828,0.03950509854152968,0.6906485759008685,0.0458914234677294
12,0.8,111,1.0,512,200,600,matched,maxent,36112,118,333,92416f236cde512d8f2324999989b8c2df0ddc736a1a57f74ac88da0606e4383,46ec6552ea8abd2c67a85ebf993bb74a1984e0f557904f8a35ae4eb6d2b596da,273,286,0.6479746249970049,1.753815105877711,0.5309808485012936,0.6330293252431772,1.1207857806345336,0.20053025824130838,0.04794317636668191,1.0728426042678516,0.05565221183775499,0.1945881532788636,0.08249777586544917,0.04264654863507505,0.29822761283269267,0.058126864286959484,0.026073932860318564,0.45583798706850637,0.03218745912022956
12,0.8,112,1.0,512,200,600,matched,iqp-parity,13696,119,334,fee19da3ec2cc79df080f9c47e17060b77355d4dab51c53b849d40545b500c63,b0126d22db14df8032614d0be237f7ba7f8faae015df79310d48a47a7e019709,279,296,0.6410890829283744,0.5306035369221069,0.9999999999999999,1.1102230246251565e-16,0.5306035369221068,0.543623407057417,0.00022490056693803655,0.5303786363551688,0.12075792622854095,0.40796596698831405,0.12075792622854097,0.08231138211627516,0.5561579872721294,0.08231138211627516,0.04377090577166798,0.7393734083052024,0.04377090577166798
12,0.8,112,1.0,512,200,600,matched,iqp-mse,13696,119,334,fee19da3ec2cc79df080f9c47e17060b77355d4dab51c53b849d40545b500c63,b0126d22db14df8032614d0be237f7ba7f8faae015df79310d48a47a7e019709,279,296,0.5205785830039531,0.5172337653997126,1.0,-0.0,0.5172337653997126,0.5099359911440815,0.003926415146593164,0.5133073502531194,0.12224022872381339,0.41297374568855877,0.12224022872381339,0.08369463100379204,0.5655042635391354,0.08369463100379204,0.044451077766156574,0.7508628001039962,0.044451077766156574
12,0.8,112,1.0,512,200,600,matched,ising-parity,30113,119,334,fee19da3ec2cc79df080f9c47e17060b77355d4dab51c53b849d40545b500c63,b0126d22db14df8032614d0be237f7ba7f8faae015df79310d48a47a7e019709,279,296,0.46219358302187175,1.0009038549787996,0.5044302297510791,0.6843257445875481,0.3165781103912515,0.2901531218930183,0.0009013298653892908,0.31567678052586234,0.0963388121153028,0.32546895984899593,0.14449056086875112,0.072567143947132,0.49031854018332427,0.09806233560021385,0.042440578765332825,0.7169016683333248,0.05035581997052017
12,0.8,112,1.0,512,200,600,matched,ising-nll,30116,119,334,fee19da3ec2cc79df080f9c47e17060b77355d4dab51c53b849d40545b500c63,b0126d22db14df8032614d0be237f7ba7f8faae015df79310d48a47a7e019709,279,296,0.18862129107583314,1.0653271845186243,0.5021596491661696,0.6888371836225997,0.3764900008960246,0.28780723223571036,0.0007319938261389769,0.3757580070698855,0.09227903052117457,0.3117534814904547,0.1383237213945914,0.06930816972191953,0.4682984440670238,0.09414764369353987,0.04078104224106654,0.6888689567747727,0.04891520848463867
12,0.8,112,1.0,512,200,600,matched,transformer,35613,119,334,fee19da3ec2cc79df080f9c47e17060b77355d4dab51c53b849d40545b500c63,b0126d22db14df8032614d0be237f7ba7f8faae015df79310d48a47a7e019709,279,296,7.418621500022709,0.875532628875923,0.5502502338305285,0.5973821336224013,0.27815049525352165,0.2787864346829848,0.004528979215101203,0.2736215160384202,0.09296443149664045,0.31406902532648806,0.1358313178516206,0.07161451893365568,0.4838818846868628,0.09483890467431165,0.042523382438771094,0.7183003790332956,0.04955456856817377
12,0.8,112,1.0,512,200,600,matched,maxent,36113,119,334,fee19da3ec2cc79df080f9c47e17060b77355d4dab51c53b849d40545b500c63,b0126d22db14df8032614d0be237f7ba7f8faae015df79310d48a47a7e019709,279,296,0.16558925004210323,2.2083224424727117,0.5469144381867171,0.6034629089290332,1.6048595335436784,0.18744083721201024,0.0932567236154759,1.5116028099282028,0.05194695699822837,0.17549647634536614,0.07509516479376085,0.03942030127583584,0.26635338699889083,0.05260664198705639,0.023827405896983823,0.4024899644760781,0.029088172932710994
12,0.8,113,1.0,512,200,600,matched,iqp-parity,13697,120,335,d024cf084f84df2177f4c0e2553ec9bd611f6f3b62b17e09c718f2f0baa84bf0,494a09d0cb32c8fd575150abd91ad12074451b075c550159cd5a0edda3ce9c1b,296,287,0.6202872500289232,0.44722666757074614,1.0,-0.0,0.44722666757074614,0.5221644632513482,0.0011072672425619552,0.44611940032818403,0.126831573682794,0.4419218595219303,0.126831573682794,0.08504533115294123,0.592650391309695,0.08504533115294123,0.0437644051583034,0.7624460828972717,0.0437644051583034
12,0.8,113,1.0,512,200,600,matched,iqp-mse,13697,120,335,d024cf084f84df2177f4c0e2553ec9bd611f6f3b62b17e09c718f2f0baa84bf0,494a09d0cb32c8fd575150abd91ad12074451b075c550159cd5a0edda3ce9c1b,296,287,0.46046974998898804,0.5281977859733462,1.0,-0.0,0.5281977859733462,0.5041104793054549,0.003456864874315825,0.5247409210990301,0.12232481792526759,0.4262188777883888,0.12232481792526759,0.08235886534708567,0.5739293752410151,0.08235886534708567,0.04287299437005119,0.7469162782238884,0.04287299437005119
12,0.8,113,1.0,512,200,600,matched,ising-parity,30114,120,335,d024cf084f84df2177f4c0e2553ec9bd611f6f3b62b17e09c718f2f0baa84bf0,494a09d0cb32c8fd575150abd91ad12074451b075c550159cd5a0edda3ce9c1b,296,287,0.3361398749984801,1.0750831008678936,0.5032478482714484,0.6866724901366558,0.38841061073123784,0.2780878611239708,9.720683330605943e-05,0.38831340389793156,0.08716852842908906,0.3037230955717389,0.13242574680175115,0.0664347637527128,0.4629600261513087,0.09106496052403873,0.039562983769352335,0.6892505883162428,0.04750802186955576
12,0.8,113,1.0,512,200,600,matched,ising-nll,30117,120,335,d024cf084f84df2177f4c0e2553ec9bd611f6f3b62b17e09c718f2f0baa84bf0,494a09d0cb32c8fd575150abd91ad12074451b075c550159cd5a0edda3ce9c1b,296,287,0.16053504194132984,1.067519511786701,0.5021528648368498,0.6888506940174725,0.37866881776922845,0.28755416290445274,0.0014814635899776697,0.37718735417925076,0.09188057965945275,0.3201413925416472,0.1380616772912254,0.06917683373339545,0.48206852775885334,0.09397280536263253,0.04067244049694284,0.7085791027341958,0.04843891809962412
12,0.8,113,1.0,512,200,600,matched,transformer,35614,120,335,d024cf084f84df2177f4c0e2553ec9bd611f6f3b62b17e09c718f2f0baa84bf0,494a09d0cb32c8fd575150abd91ad12074451b075c550159cd5a0edda3ce9c1b,296,287,5.63271391694434,0.9662371614645031,0.6121134248896765,0.49083767885512786,0.47539948260937526,0.2164180988828955,0.07656243813660008,0.39883704447277496,0.08003756528575318,0.27887653409670093,0.11017429416609847,0.061873224715320065,0.4311722976677356,0.0788778209155374,0.037253723352161164,0.6490195705951423,0.04305503886698797
12,0.8,113,1.0,512,200,600,matched,maxent,36114,120,335,d024cf084f84df2177f4c0e2553ec9bd611f6f3b62b17e09c718f2f0baa84bf0,494a09d0cb32c8fd575150abd91ad12074451b075c550159cd5a0edda3ce9c1b,296,287,0.18751620792318135,2.1913723258536226,0.5758954313387008,0.5518291775818929,1.6395431482717298,0.15174147267786892,0.17773973067093182,1.4618034176007975,0.04520471121488211,0.15750770458147076,0.06457577594690629,0.035018872144347145,0.24403395222541563,0.04627350917843245,0.02155452977478581,0.37551445600672145,0.026081583963044636
12,0.8,114,1.0,512,200,600,matched,iqp-parity,13698,121,336,ff10f1b77dcdf0d68da6e8bd7b4d733a3d032e112f1b7c7324eff2a402825eeb,9fc9306ab4737b5804dc59a07264243c6abc622ca16efa0cd4d6bddf38b05e36,269,293,0.6182742919772863,0.33550512659682075,0.9999999999999999,1.1102230246251565e-16,0.33550512659682064,0.5568950573011935,0.00022586467522525515,0.3352792619215951,0.13927198288050455,0.4753309995921657,0.13927198288050455,0.09447672931756351,0.6448923502905359,0.09447672931756353,0.04859738050109348,0.8293068344896499,0.04859738050109348
12,0.8,114,1.0,512,200,600,matched,iqp-mse,13698,121,336,ff10f1b77dcdf0d68da6e8bd7b4d733a3d032e112f1b7c7324eff2a402825eeb,9fc9306ab4737b5804dc59a07264243c6abc622ca16efa0cd4d6bddf38b05e36,269,293,0.45325404207687825,0.391632905466027,1.0000000000000002,-2.2204460492503128e-16,0.39163290546602725,0.5488979218230348,1.3322221020620716e-05,0.39161958324500645,0.1325709320225753,0.4524605188483799,0.13257093202257528,0.09048530631407524,0.6176471420755989,0.09048530631407524,0.04713286843518701,0.8043151610100173,0.04713286843518701
12,0.8,114,1.0,512,200,600,matched,ising-parity,30115,121,336,ff10f1b77dcdf0d68da6e8bd7b4d733a3d032e112f1b7c7324eff2a402825eeb,9fc9306ab4737b5804dc59a07264243c6abc622ca16efa0cd4d6bddf38b05e36,269,293,0.36241995892487466,0.9931354822964895,0.5016722479332246,0.6898082650808697,0.30332721721561984,0.2831947202564074,0.0006696821244889586,0.30265753509113075,0.08786134248237042,0.2998680630797625,0.13560670748461287,0.06792204158225107,0.4636316831552974,0.09469706309050485,0.04127020255200734,0.7042696681229922,0.050047324618907846
12,0.8,114,1.0,512,200,600,matched,ising-nll,30118,121,336,ff10f1b77dcdf0d68da6e8bd7b4d733a3d032e112f1b7c7324eff2a402825eeb,9fc9306ab4737b5804dc59a07264243c6abc622ca16efa0cd4d6bddf38b05e36,269,293,0.14871320803649724,1.04864049472342,0.5018485052383348,0.6894569872296332,0.3591835074937868,0.2893811688511728,0.0018698847630002867,0.35731362273078626,0.09130130842165327,0.31160856116605207,0.13898747222454125,0.06962238237518048,0.4752381049500374,0.09527651088220782,0.0412872527818735,0.7045606276770221,0.04940570052736897
12,0.8,114,1.0,512,200,600,matched,transformer,35615,121,336,ff10f1b77dcdf0d68da6e8bd7b4d733a3d032e112f1b7c7324eff2a402825eeb,9fc9306ab4737b5804dc59a07264243c6abc622ca16efa0cd4d6bddf38b05e36,269,293,6.203836957924068,0.7930015378164608,0.6248764813187575,0.4702012786670836,0.32280025914937716,0.2518523106881974,0.04166072413063153,0.2811395350187454,0.08128030948619613,0.2774071996115909,0.1119096512457441,0.06410612042645915,0.43758443977105216,0.08238775530172557,0.0398378251758492,0.6798263681885528,0.046211971555857656
12,0.8,114,1.0,512,200,600,matched,maxent,36115,121,336,ff10f1b77dcdf0d68da6e8bd7b4d733a3d032e112f1b7c7324eff2a402825eeb,9fc9306ab4737b5804dc59a07264243c6abc622ca16efa0cd4d6bddf38b05e36,269,293,0.3842158339684829,1.6707849989653778,0.5186275091385391,0.6565693622814418,1.0142156366839359,0.24930383452430802,0.008623023324609978,1.005592613359326,0.06110297745444833,0.20854258516876562,0.0940953323537096,0.04807592410950192,0.3281633045017196,0.06795948353775529,0.03045237543585755,0.5196651098269206,0.03831969628810026
12,0.8,115,1.0,512,200,600,matched,iqp-parity,13699,122,337,b491016a6b5d5a69d13df959a3fa658040b1ec55dc3cf88a517850fc15a2bc0d,fae9b80b4b9bbecd172da441f7a298732dc4ec9c5fd56650a16ee48bf4f2164a,279,295,0.7064820000668988,0.5233373191094551,1.0000000000000002,-2.2204460492503128e-16,0.5233373191094554,0.522573532311599,0.0032859672040941937,0.5200513519053611,0.12270847535401065,0.41596093340342594,0.12270847535401065,0.08366082400669515,0.5671920271640349,0.08366082400669513,0.04448893109199461,0.7540496795253323,0.04448893109199461
12,0.8,115,1.0,512,200,600,matched,iqp-mse,13699,122,337,b491016a6b5d5a69d13df959a3fa658040b1ec55dc3cf88a517850fc15a2bc0d,fae9b80b4b9bbecd172da441f7a298732dc4ec9c5fd56650a16ee48bf4f2164a,279,295,0.5818381659919396,0.5350396374963644,1.0,-0.0,0.5350396374963644,0.4960575877381033,0.008982180632415682,0.5260574568639487,0.12350310312664245,0.41865458686997437,0.12350310312664245,0.08370377377277925,0.5674832120188424,0.08370377377277925,0.04383849180539338,0.7430252848371759,0.04383849180539338
12,0.8,115,1.0,512,200,600,matched,ising-parity,30116,122,337,b491016a6b5d5a69d13df959a3fa658040b1ec55dc3cf88a517850fc15a2bc0d,fae9b80b4b9bbecd172da441f7a298732dc4ec9c5fd56650a16ee48bf4f2164a,279,295,0.37999674992170185,1.034185965762419,0.5053879209777661,0.6824289842389258,0.3517569815234932,0.26936784954634796,0.0018140235512638554,0.3499429579722293,0.0887675581973618,0.3009069769402095,0.13465591674581145,0.06770948832352901,0.4590473784646034,0.0926556084988854,0.040272430507769276,0.6825835679282928,0.04816349791196395
12,0.8,115,1.0,512,200,600,matched,ising-nll,30119,122,337,b491016a6b5d5a69d13df959a3fa658040b1ec55dc3cf88a517850fc15a2bc0d,fae9b80b4b9bbecd172da441f7a298732dc4ec9c5fd56650a16ee48bf4f2164a,279,295,0.17224229197017848,1.097783289459234,0.5037625714735114,0.6856502102539518,0.4121330792052823,0.2610481558315221,0.004033162138436644,0.40809991706684545,0.08232667322389635,0.27907346855558085,0.12549808887554675,0.06299993934095961,0.42711823282006517,0.08728936432473279,0.038116541484622596,0.6460430760105526,0.04656845899409639
12,0.8,115,1.0,512,200,600,matched,transformer,35616,122,337,b491016a6b5d5a69d13df959a3fa658040b1ec55dc3cf88a517850fc15a2bc0d,fae9b80b4b9bbecd172da441f7a298732dc4ec9c5fd56650a16ee48bf4f2164a,279,295,6.317977916100062,0.9721490985764799,0.6213427455045037,0.47587242417528686,0.49627667440119305,0.23287282280250185,0.07257485112270443,0.42370182327848854,0.0860932533351473,0.29184153672931284,0.11727440250286267,0.06650712087387949,0.450895734738166,0.0846085747196386,0.04039050056351383,0.6845847553137937,0.04648991003239589
12,0.8,115,1.0,512,200,600,matched,maxent,36116,122,337,b491016a6b5d5a69d13df959a3fa658040b1ec55dc3cf88a517850fc15a2bc0d,fae9b80b4b9bbecd172da441f7a298732dc4ec9c5fd56650a16ee48bf4f2164a,279,295,0.29078129201661795,2.1969185529849207,0.5664213660613489,0.5684170147481644,1.6285015382367563,0.15708535716387062,0.17881845248713688,1.4496830857496195,0.049292655219559264,0.16709374650698056,0.07077266842625025,0.03800978293022986,0.2576934435947787,0.050856151637258706,0.023662978579322248,0.4010674335478347,0.02916208741250565
12,0.8,116,1.0,512,200,600,matched,iqp-parity,13700,123,338,166af14f7764fa87037ffe9d726a1f64025d2215d559b25c38150fce717a3210,67eaeaae05cc33550f061649f99bb92951375c55491458d36e2f1c224114a8b1,273,304,0.9020902499323711,0.5783483269204879,1.0,-0.0,0.5783483269204879,0.5337885823929122,0.0029496010794336364,0.5753987258410539,0.13035430587365004,0.4287970587949015,0.13035430587365004,0.08733961935400832,0.5746027589079494,0.08733961935400832,0.04494383930509287,0.7392078833074485,0.04494383930509287
12,0.8,116,1.0,512,200,600,matched,iqp-mse,13700,123,338,166af14f7764fa87037ffe9d726a1f64025d2215d559b25c38150fce717a3210,67eaeaae05cc33550f061649f99bb92951375c55491458d36e2f1c224114a8b1,273,304,0.6413724170997739,0.4850341277469764,1.0,-0.0,0.4850341277469764,0.5027895531747328,0.009621466784844795,0.4754126609621314,0.12966169491159102,0.42651873326181255,0.12966169491159102,0.08890611886889938,0.5849086767690748,0.08890611886889938,0.046769817384188825,0.7692404175031057,0.046769817384188825
12,0.8,116,1.0,512,200,600,matched,ising-parity,30117,123,338,166af14f7764fa87037ffe9d726a1f64025d2215d559b25c38150fce717a3210,67eaeaae05cc33550f061649f99bb92951375c55491458d36e2f1c224114a8b1,273,304,0.428178415982984,1.0347286066935193,0.5071379130687983,0.6789722944939354,0.3557563121995839,0.29544182940198416,0.00022825309192256622,0.35552805910766133,0.09203788762646552,0.30275620929758396,0.1383750758572242,0.0696990794495606,0.4585465753260566,0.0948909784911406,0.041346633236428454,0.6800433098096785,0.04990026921929495
12,0.8,116,1.0,512,200,600,matched,ising-nll,30120,123,338,166af14f7764fa87037ffe9d726a1f64025d2215d559b25c38150fce717a3210,67eaeaae05cc33550f061649f99bb92951375c55491458d36e2f1c224114a8b1,273,304,0.21236979204695672,1.1426600068515178,0.5053083805930709,0.6825863814407079,0.46007362541080987,0.2798997518605165,0.0006648191610627123,0.4594088062497469,0.08106307152839187,0.26665484055392064,0.12300494580932667,0.06184896658011796,0.40690109592182866,0.08552355549933227,0.037447588817258876,0.6159142897575474,0.046063894558864345
12,0.8,116,1.0,512,200,600,matched,transformer,35617,123,338,166af14f7764fa87037ffe9d726a1f64025d2215d559b25c38150fce717a3210,67eaeaae05cc33550f061649f99bb92951375c55491458d36e2f1c224114a8b1,273,304,6.033461916027591,1.0090170896630277,0.6428630129100255,0.4418236211273554,0.5671934685356723,0.24192772279513303,0.07835541743621613,0.4888380510994559,0.07924887243391035,0.2606870803747051,0.10562483645455814,0.061147089540917875,0.4022834838218281,0.07669307839943411,0.037388545924194556,0.6149431895426737,0.043118786153097936
12,0.8,116,1.0,512,200,600,matched,maxent,36117,123,338,166af14f7764fa87037ffe9d726a1f64025d2215d559b25c38150fce717a3210,67eaeaae05cc33550f061649f99bb92951375c55491458d36e2f1c224114a8b1,273,304,0.17977862490806729,4.06429130092217,0.5199037180276236,0.6541116421896414,3.4101796587325284,0.22518268037435707,0.038816770468995676,3.3713628882635316,0.02966874727805246,0.09759456341464624,0.04053862386415092,0.020628054332209336,0.1357108837645351,0.027277697318020436,0.012104953054568194,0.1990946226080295,0.01537407499879685
12,0.8,117,1.0,512,200,600,matched,iqp-parity,13701,124,339,a288a5984057e0cf3bc178bb71b9c60a383c6f46188abbb63018b382b865818a,6d2e8203ab09f7481803ba6cac1d0fef11989f0d29cc5ddaeca62054fed6f238,266,300,0.6635311669670045,0.4162824185196883,1.0,-0.0,0.4162824185196883,0.5449829520760687,0.003448214393143245,0.4128342041265449,0.1334415599464699,0.44480519982156624,0.1334415599464699,0.09098255814861929,0.6065503876574619,0.09098255814861929,0.047480111310759084,0.7913351885126514,0.047480111310759084
12,0.8,117,1.0,512,200,600,matched,iqp-mse,13701,124,339,a288a5984057e0cf3bc178bb71b9c60a383c6f46188abbb63018b382b865818a,6d2e8203ab09f7481803ba6cac1d0fef11989f0d29cc5ddaeca62054fed6f238,266,300,0.5281690000556409,0.4662208587577509,1.0,-0.0,0.4662208587577509,0.515967193032796,0.009940902381227384,0.4562799563765233,0.12695917130458415,0.42319723768194717,0.12695917130458415,0.08754731147030273,0.5836487431353515,0.08754731147030273,0.04659727667673184,0.7766212779455306,0.04659727667673184
12,0.8,117,1.0,512,200,600,matched,ising-parity,30118,124,339,a288a5984057e0cf3bc178bb71b9c60a383c6f46188abbb63018b382b865818a,6d2e8203ab09f7481803ba6cac1d0fef11989f0d29cc5ddaeca62054fed6f238,266,300,0.35640716599300504,1.089866450425228,0.5057401293293463,0.6817323200217313,0.40813413040349666,0.28189040195221016,0.0016927895665707522,0.4064413408369256,0.08779788083905085,0.29265960279683617,0.13260453882756973,0.06670107962202215,0.4446738641468143,0.09149976181113453,0.03992650880596774,0.6654418134327957,0.048548339321333595
12,0.8,117,1.0,512,200,600,matched,ising-nll,30121,124,339,a288a5984057e0cf3bc178bb71b9c60a383c6f46188abbb63018b382b865818a,6d2e8203ab09f7481803ba6cac1d0fef11989f0d29cc5ddaeca62054fed6f238,266,300,0.17275999998673797,1.1784064435021668,0.507029378146375,0.6791863320078204,0.4992201114943464,0.269903274885992,0.005870923829116255,0.49334918766522984,0.08540499542202568,0.2846833180734189,0.12692378165189902,0.06391336106450689,0.4260890737633793,0.08671229333106849,0.03780742353841257,0.6301237256402095,0.04584334574726147
12,0.8,117,1.0,512,200,600,matched,transformer,35618,124,339,a288a5984057e0cf3bc178bb71b9c60a383c6f46188abbb63018b382b865818a,6d2e8203ab09f7481803ba6cac1d0fef11989f0d29cc5ddaeca62054fed6f238,266,300,5.459967874921858,0.9222145389596438,0.5837518339226708,0.5382793283805459,0.38393521057909785,0.24899933267799407,0.0513596050696411,0.3325756055094566,0.0867905068251655,0.2893016894172183,0.12434420018409086,0.06819155364769634,0.4546103576513089,0.09002956141159883,0.04189927371013956,0.698321228502326,0.04888093376197578
12,0.8,117,1.0,512,200,600,matched,maxent,36118,124,339,a288a5984057e0cf3bc178bb71b9c60a383c6f46188abbb63018b382b865818a,6d2e8203ab09f7481803ba6cac1d0fef11989f0d29cc5ddaeca62054fed6f238,266,300,0.21341858303640038,2.344857556127481,0.5135436158742097,0.6664203148092728,1.6784372413182083,0.21584758222813716,0.055520168149394034,1.6229170731688138,0.059159949025416186,0.19719983008472064,0.08812295206298468,0.04469227493192035,0.29794849954613567,0.061350351161007184,0.02711388673726605,0.4518981122877675,0.03384959750380752
12,0.8,118,1.0,512,200,600,matched,iqp-parity,13702,125,340,e2cf6c47a130d74f575cdbda4d7bc2a4d189174394a504c6a858eb5e40b01aee,3672d037714419789c221c8c7564a09d4bd2e60bbf08a0fa3cd13f9a40a45c57,258,288,0.7629355839453638,0.3972325252003082,1.0,-0.0,0.3972325252003082,0.5671951492933296,0.002186567452394733,0.3950459577479133,0.1339166193954537,0.4649882617897699,0.1339166193954537,0.0894759491252863,0.6213607578144882,0.0894759491252863,0.0455234690756112,0.7903380047849167,0.0455234690756112
12,0.8,118,1.0,512,200,600,matched,iqp-mse,13702,125,340,e2cf6c47a130d74f575cdbda4d7bc2a4d189174394a504c6a858eb5e40b01aee,3672d037714419789c221c8c7564a09d4bd2e60bbf08a0fa3cd13f9a40a45c57,258,288,0.5678749580401927,0.3906941266309577,1.0,-0.0,0.3906941266309577,0.5769198482254781,0.003684914431130566,0.38700921219982704,0.13404641443016713,0.4654389389936358,0.13404641443016713,0.09125196164088135,0.633694178061676,0.09125196164088135,0.046982420924586224,0.815667029940733,0.046982420924586224
12,0.8,118,1.0,512,200,600,matched,ising-parity,30119,125,340,e2cf6c47a130d74f575cdbda4d7bc2a4d189174394a504c6a858eb5e40b01aee,3672d037714419789c221c8c7564a09d4bd2e60bbf08a0fa3cd13f9a40a45c57,258,288,0.3570135839981958,0.9409637797519208,0.5022670821611895,0.6886232645938068,0.25234051515811395,0.29064473293697657,0.00399586104147668,0.24834465411663714,0.09710178573708843,0.3371589782537793,0.1475066199201982,0.0739200128555975,0.513333422608316,0.1002885393341038,0.043302993228813896,0.7517880768891302,0.05109515275102647
12,0.8,118,1.0,512,200,600,matched,ising-nll,30122,125,340,e2cf6c47a130d74f575cdbda4d7bc2a4d189174394a504c6a858eb5e40b01aee,3672d037714419789c221c8c7564a09d4bd2e60bbf08a0fa3cd13f9a40a45c57,258,288,0.18828087497968227,1.0024431240600644,0.5016833087032619,0.6897862175226246,0.3126569065374398,0.2906640574700047,0.004126338150307746,0.3085305683871322,0.09473807396938995,0.32895164572704844,0.1443204384761844,0.07227979497127776,0.5019430206338734,0.09827866823723432,0.04243358958467424,0.7366942636228166,0.05011484154362155
12,0.8,118,1.0,512,200,600,matched,transformer,35619,125,340,e2cf6c47a130d74f575cdbda4d7bc2a4d189174394a504c6a858eb5e40b01aee,3672d037714419789c221c8c7564a09d4bd2e60bbf08a0fa3cd13f9a40a45c57,258,288,5.004108041990548,1.1344152033858703,0.5615490165880583,0.5770562128201808,0.5573589905656895,0.22406373651200473,0.0372537419052371,0.5201052486604524,0.07716308045868635,0.26792736270377204,0.11111746705009835,0.0592592289663142,0.4115224233771819,0.07809939085710946,0.035498643534048725,0.6162958946883459,0.041834097367204136
12,0.8,118,1.0,512,200,600,matched,maxent,36119,125,340,e2cf6c47a130d74f575cdbda4d7bc2a4d189174394a504c6a858eb5e40b01aee,3672d037714419789c221c8c7564a09d4bd2e60bbf08a0fa3cd13f9a40a45c57,258,288,0.19533987494651228,1.8065447908327052,0.5631701996023779,0.5741733881760507,1.2323714026566546,0.17686541928827593,0.10361886517023958,1.128752537486415,0.051428879823342454,0.17857249938660574,0.07624714257277604,0.041021122042331395,0.28486890307174584,0.05606663962264949,0.026157432491309043,0.45412209186300423,0.03227044267438873
12,0.8,119,1.0,512,200,600,matched,iqp-parity,13703,126,341,45bd384cb441bbefce6964300dde4311ec5e0903a61d451226ef224f832a11bd,a56289775eec0ce432a321db146cf9b88569ccab3daaa3aefaeb57ea0050cb73,271,303,0.635669165989384,0.39589011789520545,1.0,-0.0,0.39589011789520545,0.615315561673518,0.005070054526212918,0.3908200633689924,0.13900180611334914,0.45875183535758796,0.13900180611334914,0.09470571179264,0.6251202098524091,0.09470571179264,0.04965232095663788,0.8193452303075558,0.04965232095663788
12,0.8,119,1.0,512,200,600,matched,iqp-mse,13703,126,341,45bd384cb441bbefce6964300dde4311ec5e0903a61d451226ef224f832a11bd,a56289775eec0ce432a321db146cf9b88569ccab3daaa3aefaeb57ea0050cb73,271,303,0.5170834579039365,0.4211761466686439,1.0,-0.0,0.4211761466686439,0.5756250199651485,0.00019017391672360856,0.42098597275192,0.13669130612760272,0.45112642286337534,0.13669130612760272,0.09271457867354238,0.6119774169870784,0.09271457867354238,0.04850180598019512,0.8003598346566851,0.04850180598019512
12,0.8,119,1.0,512,200,600,matched,ising-parity,30120,126,341,45bd384cb441bbefce6964300dde4311ec5e0903a61d451226ef224f832a11bd,a56289775eec0ce432a321db146cf9b88569ccab3daaa3aefaeb57ea0050cb73,271,303,0.3528847919078544,1.1773314757901074,0.505498158653503,0.6822108831523739,0.49512059263773356,0.287826105145451,2.3758143954208822e-05,0.49509683449377934,0.09174122460250457,0.3027763188201471,0.13563743267492362,0.06818410512701142,0.4500600998482602,0.09163825845420681,0.03976145149740336,0.6561295626634217,0.0478559054579632
12,0.8,119,1.0,512,200,600,matched,ising-nll,30123,126,341,45bd384cb441bbefce6964300dde4311ec5e0903a61d451226ef224f832a11bd,a56289775eec0ce432a321db146cf9b88569ccab3daaa3aefaeb57ea0050cb73,271,303,0.17241387499962002,1.0328087618964066,0.5018674615705792,0.6894192149257675,0.34338954697063906,0.3071759143653779,0.004415989271841815,0.33897355769879717,0.10111294068578167,0.3337060748705666,0.15230656042127869,0.07629047440901902,0.5035674878483104,0.10306301623887709,0.044484521750425714,0.7340680156835926,0.05261875127032547
12,0.8,119,1.0,512,200,600,matched,transformer,35620,126,341,45bd384cb441bbefce6964300dde4311ec5e0903a61d451226ef224f832a11bd,a56289775eec0ce432a321db146cf9b88569ccab3daaa3aefaeb57ea0050cb73,271,303,4.9144295420264825,0.857619561879402,0.5611298820081815,0.577802881524605,0.279816680354797,0.2776102002548683,0.010176446290888347,0.26964023406390847,0.08931102143923587,0.2947558463341118,0.13064289071363366,0.06985606982650744,0.4610961704719963,0.09326732505459637,0.04253971206979491,0.7019754466962856,0.05002271412162274
12,0.8,119,1.0,512,200,600,matched,maxent,36120,126,341,45bd384cb441bbefce6964300dde4311ec5e0903a61d451226ef224f832a11bd,a56289775eec0ce432a321db146cf9b88569ccab3daaa3aefaeb57ea0050cb73,271,303,0.2083071250235662,1.7052515725140094,0.542652221033202,0.6112866411597588,1.0939649313542505,0.21818837321354195,0.05446684153532311,1.0394980898189274,0.057081656499875774,0.18838830528011807,0.08493534707675056,0.044539765939701,0.29399185438746533,0.06098635399417615,0.027788890635185453,0.45856255173573357,0.03450428017300586
12,0.8,120,1.0,512,200,600,matched,iqp-parity,13704,127,342,e88c9b2bd7a7dbda5d93d1fcb3ad897c7b7c1dc7d6a57e4fb151d3dff0f19293,be8ede604a893ee87034e6fb596cea91ea3be8f191d448807bebae1ef6fbfe79,283,295,0.6824164580320939,0.46243025071871385,1.0,-0.0,0.46243025071871385,0.6093469629149285,0.0027137696445442977,0.45971648107416935,0.13665198461327116,0.463227066485665,0.13665198461327116,0.09105882598712205,0.6173479727940477,0.09105882598712205,0.04662867661457346,0.7903165527893807,0.04662867661457346
12,0.8,120,1.0,512,200,600,matched,iqp-mse,13704,127,342,e88c9b2bd7a7dbda5d93d1fcb3ad897c7b7c1dc7d6a57e4fb151d3dff0f19293,be8ede604a893ee87034e6fb596cea91ea3be8f191d448807bebae1ef6fbfe79,283,295,0.5639154158998281,0.42743662766911794,1.0,-0.0,0.42743662766911794,0.5885146651869569,0.0004811772146029354,0.4269554504545149,0.1354814428742544,0.4592591283873031,0.1354814428742544,0.09133242543812653,0.6192028843262816,0.09133242543812653,0.04709113983841309,0.7981549125154761,0.04709113983841309
12,0.8,120,1.0,512,200,600,matched,ising-parity,30121,127,342,e88c9b2bd7a7dbda5d93d1fcb3ad897c7b7c1dc7d6a57e4fb151d3dff0f19293,be8ede604a893ee87034e6fb596cea91ea3be8f191d448807bebae1ef6fbfe79,283,295,0.3575487920315936,0.9678234576664402,0.502728511828656,0.6877049925085361,0.28011846515790406,0.30668542767751766,0.0028202727947816975,0.27729819236312214,0.09987024943236775,0.3385432184148059,0.14950840113735275,0.07495328951413366,0.5081578950110757,0.10083341335479647,0.043474136578948684,0.736849772524554,0.051179107476524134
12,0.8,120,1.0,512,200,600,matched,ising-nll,30124,127,342,e88c9b2bd7a7dbda5d93d1fcb3ad897c7b7c1dc7d6a57e4fb151d3dff0f19293,be8ede604a893ee87034e6fb596cea91ea3be8f191d448807bebae1ef6fbfe79,283,295,0.16353429108858109,1.0999177371227287,0.5010818765925402,0.690985764917485,0.4089319722052437,0.2886372908333526,1.6117726284365936e-05,0.4089158544789593,0.09031855922178554,0.3061646075314764,0.13632080306512034,0.06822972623509711,0.4625744151532008,0.0931471560615511,0.0403645303330063,0.684144581915361,0.04859070265746616
12,0.8,120,1.0,512,200,600,matched,transformer,35621,127,342,e88c9b2bd7a7dbda5d93d1fcb3ad897c7b7c1dc7d6a57e4fb151d3dff0f19293,be8ede604a893ee87034e6fb596cea91ea3be8f191d448807bebae1ef6fbfe79,283,295,5.769286833005026,0.9695722992416573,0.5594257742816604,0.580844424406796,0.3887278748348614,0.24244291763907105,0.039347487531445555,0.34938038730341575,0.08517140699934532,0.2887166338960858,0.12241905317051592,0.0651320957732614,0.441573530666179,0.08613022782838133,0.03919825772960897,0.6643772496543893,0.04642782849937408
12,0.8,120,1.0,512,200,600,matched,maxent,36121,127,342,e88c9b2bd7a7dbda5d93d1fcb3ad897c7b7c1dc7d6a57e4fb151d3dff0f19293,be8ede604a893ee87034e6fb596cea91ea3be8f191d448807bebae1ef6fbfe79,283,295,0.1993324999930337,3.2125855623647652,0.5340820781004318,0.6272057475253142,2.585379814839451,0.20406858764900804,0.0745649287926701,2.5108148860467807,0.04642764164737228,0.15738183609278739,0.06795211986629676,0.03520662187395821,0.2386889618573438,0.047585280990733746,0.021419109544841112,0.363035754997307,0.026703952660198378
12,0.9,111,1.0,512,200,600,matched,iqp-parity,13695,118,333,6f4599f803588363f7f3f06a30082972087391773f80fd6d7eb3eadc6484859e,46ec6552ea8abd2c67a85ebf993bb74a1984e0f557904f8a35ae4eb6d2b596da,273,289,0.6416018330492079,0.49765866045495477,1.0,-0.0,0.49765866045495477,0.47274106854227094,0.0006269365232211208,0.49703172393173384,0.12115673737402352,0.4192274649620191,0.12115673737402352,0.08167967674409132,0.5652572785058223,0.08167967674409132,0.04270812666237907,0.7388949249546551,0.04270812666237907
12,0.9,111,1.0,512,200,600,matched,iqp-mse,13695,118,333,6f4599f803588363f7f3f06a30082972087391773f80fd6d7eb3eadc6484859e,46ec6552ea8abd2c67a85ebf993bb74a1984e0f557904f8a35ae4eb6d2b596da,273,289,0.5039957920089364,0.4287738792810607,1.0,-0.0,0.4287738792810607,0.46614226981562434,0.0002463378658553346,0.4285275414152056,0.12039063538035075,0.4165765930115943,0.12039063538035075,0.08282226474405505,0.5731644618965748,0.08282226474405505,0.04353972620649519,0.753282460319986,0.04353972620649519
12,0.9,111,1.0,512,200,600,matched,ising-parity,30112,118,333,6f4599f803588363f7f3f06a30082972087391773f80fd6d7eb3eadc6484859e,46ec6552ea8abd2c67a85ebf993bb74a1984e0f557904f8a35ae4eb6d2b596da,273,289,0.3733964590355754,1.032619956396818,0.508546816751903,0.6761979993895598,0.3564219570072581,0.24494417829166237,0.0014173622192614303,0.35500459478799695,0.08616538166109203,0.29815010955395166,0.1306254113665494,0.06590544947711492,0.45609307596619325,0.09011672466871933,0.039328238192102585,0.6804193458841278,0.0472773377475739
12,0.9,111,1.0,512,200,600,matched,ising-nll,30115,118,333,6f4599f803588363f7f3f06a30082972087391773f80fd6d7eb3eadc6484859e,46ec6552ea8abd2c67a85ebf993bb74a1984e0f557904f8a35ae4eb6d2b596da,273,289,0.15940616698935628,1.0819457491837525,0.5038246853517914,0.6855269179476272,0.3964188312361253,0.25256377057174095,0.004277536815931127,0.39214129442019435,0.08398244512388607,0.2905966959304016,0.12988741767036913,0.06521404166061223,0.45130824678624387,0.09056176423730675,0.0394642905025663,0.6827731920859222,0.04761427702224174
12,0.9,111,1.0,512,200,600,matched,transformer,35612,118,333,6f4599f803588363f7f3f06a30082972087391773f80fd6d7eb3eadc6484859e,46ec6552ea8abd2c67a85ebf993bb74a1984e0f557904f8a35ae4eb6d2b596da,273,289,5.897086624987423,0.9051061776933014,0.6244557002971505,0.47087488820617923,0.43423128948712214,0.19952708183953943,0.039877927485710465,0.39435336200141197,0.07624991949496203,0.2638405518856818,0.10630009215227353,0.061145987000298274,0.42315561937922685,0.07912028126320635,0.03832933245932735,0.66313723978075,0.04443482175230431
12,0.9,111,1.0,512,200,600,matched,maxent,36112,118,333,6f4599f803588363f7f3f06a30082972087391773f80fd6d7eb3eadc6484859e,46ec6552ea8abd2c67a85ebf993bb74a1984e0f557904f8a35ae4eb6d2b596da,273,289,0.43103962508030236,1.6884837523466985,0.5548212832321511,0.5891092292870843,1.0993745230596141,0.15918595310955944,0.06335769286185519,1.0360168301977593,0.052160081713756405,0.1804847118123059,0.0775807441613922,0.04130499364175152,0.2858477068633323,0.05657317121172401,0.026165550100894785,0.4526911782161728,0.032451802115349794
12,0.9,112,1.0,512,200,600,matched,iqp-parity,13696,119,334,23158049f8a287709543a55b89f8943218b08cba397a67e034633640e70c99f6,b0126d22db14df8032614d0be237f7ba7f8faae015df79310d48a47a7e019709,279,294,0.6952469160314649,0.4083912913460821,1.0,-0.0,0.4083912913460821,0.466300525958114,1.1158258730109647e-05,0.40838013308735216,0.12362147499688937,0.42048120747241285,0.12362147499688937,0.08326750181611489,0.5664455905858156,0.08326750181611489,0.04371662672301715,0.7434800463098155,0.04371662672301715
12,0.9,112,1.0,512,200,600,matched,iqp-mse,13696,119,334,23158049f8a287709543a55b89f8943218b08cba397a67e034633640e70c99f6,b0126d22db14df8032614d0be237f7ba7f8faae015df79310d48a47a7e019709,279,294,0.5761744999326766,0.499749619211589,0.9999999999999999,1.1102230246251565e-16,0.4997496192115889,0.4443972768290836,0.0011879986270528116,0.4985616205845361,0.10888876622029173,0.37036995313024396,0.10888876622029176,0.07460356100143868,0.5075072176968618,0.0746035610014387,0.0408132824429803,0.6941034429078282,0.0408132824429803
12,0.9,112,1.0,512,200,600,matched,ising-parity,30113,119,334,23158049f8a287709543a55b89f8943218b08cba397a67e034633640e70c99f6,b0126d22db14df8032614d0be237f7ba7f8faae015df79310d48a47a7e019709,279,294,0.3559503749711439,1.0399021087008842,0.5149218672317326,0.6637401039412917,0.3761620047595925,0.24381978375660268,4.721176129312589e-05,0.3761147929982995,0.08358191077720008,0.2842922135278914,0.1244311921128507,0.06319753736505206,0.42991522017042216,0.08631368339081177,0.03801340319620745,0.6464864489150927,0.04627212917163955
12,0.9,112,1.0,512,200,600,matched,ising-nll,30116,119,334,23158049f8a287709543a55b89f8943218b08cba397a67e034633640e70c99f6,b0126d22db14df8032614d0be237f7ba7f8faae015df79310d48a47a7e019709,279,294,0.2245544589823112,1.138894020752629,0.5133986947115405,0.6667025529878683,0.47219146776476073,0.23880207445582863,2.4862738636955914e-05,0.472166605026124,0.07941163411569897,0.2701075990329897,0.11835788294661662,0.060013992047424455,0.40825844930220717,0.0817981392247128,0.03591130627940683,0.6107365013504563,0.04363119468956055
12,0.9,112,1.0,512,200,600,matched,transformer,35613,119,334,23158049f8a287709543a55b89f8943218b08cba397a67e034633640e70c99f6,b0126d22db14df8032614d0be237f7ba7f8faae015df79310d48a47a7e019709,279,294,5.269239417044446,0.7970929070040873,0.5878686372056232,0.5312517621552588,0.2658411448488285,0.22218407925262798,0.017066771522198182,0.24877437332663033,0.08500905941105458,0.2891464605818183,0.12064048751959677,0.06632281911560603,0.45117564024221785,0.08690239058314453,0.04058851673208641,0.6902808968041906,0.047584514872714215
12,0.9,112,1.0,512,200,600,matched,maxent,36113,119,334,23158049f8a287709543a55b89f8943218b08cba397a67e034633640e70c99f6,b0126d22db14df8032614d0be237f7ba7f8faae015df79310d48a47a7e019709,279,294,0.2287431670119986,2.180112620054742,0.5768231225590429,0.5502196061605124,1.6298930138942298,0.14180872049096815,0.11629347143519461,1.5135995424590356,0.04179325331329333,0.14215392283433106,0.05942702979540816,0.03226277595129934,0.21947466633536966,0.04280129713340337,0.020080624060375682,0.341507211911151,0.024609579750883785
12,0.9,113,1.0,512,200,600,matched,iqp-parity,13697,120,335,1130bcd06d370ab57f1bc3a67409c755b267648b80a0f46e840060bb010d3ab8,494a09d0cb32c8fd575150abd91ad12074451b075c550159cd5a0edda3ce9c1b,296,304,0.7041326669277623,0.5001729896803988,1.0,-0.0,0.5001729896803988,0.5035555165241596,0.00018500018215889154,0.49998798949824014,0.12336390384580122,0.40580231528224087,0.12336390384580122,0.08311121123149054,0.546784284417701,0.08311121123149054,0.04385134056528342,0.7212391540342667,0.04385134056528342
12,0.9,113,1.0,512,200,600,matched,iqp-mse,13697,120,335,1130bcd06d370ab57f1bc3a67409c755b267648b80a0f46e840060bb010d3ab8,494a09d0cb32c8fd575150abd91ad12074451b075c550159cd5a0edda3ce9c1b,296,304,0.5111230000620708,0.4129812432908444,1.0,-0.0,0.4129812432908444,0.46641443399127025,0.0015189631157015403,0.4114622801751431,0.12355131590706446,0.40641880232586997,0.12355131590706446,0.08429981640353922,0.5546040552864422,0.08429981640353922,0.0451482189267193,0.7425693902420938,0.0451482189267193
12,0.9,113,1.0,512,200,600,matched,ising-parity,30114,120,335,1130bcd06d370ab57f1bc3a67409c755b267648b80a0f46e840060bb010d3ab8,494a09d0cb32c8fd575150abd91ad12074451b075c550159cd5a0edda3ce9c1b,296,304,0.3514560420298949,1.0631753841500116,0.5110534920665218,0.6712810131093294,0.39189437104068214,0.24661510922794647,0.0002590133979561218,0.39163535764272617,0.08797781146476376,0.28940069560777554,0.13177938825061514,0.06664818943332554,0.4384749304824049,0.09046392939163164,0.03953298239607586,0.6502135262512477,0.04762707693812702
12,0.9,113,1.0,512,200,600,matched,ising-nll,30117,120,335,1130bcd06d370ab57f1bc3a67409c755b267648b80a0f46e840060bb010d3ab8,494a09d0cb32c8fd575150abd91ad12074451b075c550159cd5a0edda3ce9c1b,296,304,0.15689020906575024,1.0568346319310722,0.5071149095745554,0.6790176549676423,0.37781697696342986,0.2594291702468029,0.0006225158762603773,0.3771944610871698,0.090157179361781,0.296569668953227,0.13498932028516014,0.06798747561397424,0.4472860237761463,0.092425335035063,0.04027499261070868,0.662417641623498,0.048557673961921156
12,0.9,113,1.0,512,200,600,matched,transformer,35614,120,335,1130bcd06d370ab57f1bc3a67409c755b267648b80a0f46e840060bb010d3ab8,494a09d0cb32c8fd575150abd91ad12074451b075c550159cd5a0edda3ce9c1b,296,304,5.211704166023992,0.8426352108768177,0.6104260862682954,0.49359806357464314,0.34903714730217456,0.22034984115872455,0.036841979452195944,0.31219516784997875,0.08019464643061176,0.263798179048065,0.11186052978706926,0.06314581045294149,0.415432963506194,0.08218004239227278,0.039360359034369095,0.6473743262231759,0.046044746620814626
12,0.9,113,1.0,512,200,600,matched,maxent,36114,120,335,1130bcd06d370ab57f1bc3a67409c755b267648b80a0f46e840060bb010d3ab8,494a09d0cb32c8fd575150abd91ad12074451b075c550159cd5a0edda3ce9c1b,296,304,0.2939674590015784,2.2161398075508623,0.5992696996800845,0.5120435323154714,1.7040962752353908,0.14561819778286522,0.1465907759851216,1.5575054992502695,0.04595933127332523,0.1511820107675172,0.06363821315205587,0.035308059476088276,0.23228986497426496,0.04598652259208781,0.021967847128066036,0.36131327513266503,0.026497359260365
12,0.9,114,1.0,512,200,600,matched,iqp-parity,13698,121,336,c8a7a565f4c34afcedf377bd8a33aee023bbafec99430b278d5183f906311b3e,9fc9306ab4737b5804dc59a07264243c6abc622ca16efa0cd4d6bddf38b05e36,269,295,0.6284866249188781,0.4560047696009877,1.0,-0.0,0.4560047696009877,0.4398952251433071,0.0002089244191437606,0.455795845181844,0.11934452065000482,0.4045576971186604,0.11934452065000482,0.08079772035689226,0.5477811549619814,0.08079772035689226,0.04259055100544614,0.7218737458550193,0.04259055100544614
12,0.9,114,1.0,512,200,600,matched,iqp-mse,13698,121,336,c8a7a565f4c34afcedf377bd8a33aee023bbafec99430b278d5183f906311b3e,9fc9306ab4737b5804dc59a07264243c6abc622ca16efa0cd4d6bddf38b05e36,269,295,0.45702483295463026,0.4997495025589507,1.0,-0.0,0.4997495025589507,0.46411079743793254,0.00039806274086503016,0.4993514398180856,0.11926108789540081,0.40427487422169767,0.11926108789540081,0.0807989676036739,0.5477896108723654,0.0807989676036739,0.042648549878786045,0.7228567776065431,0.042648549878786045
12,0.9,114,1.0,512,200,600,matched,ising-parity,30115,121,336,c8a7a565f4c34afcedf377bd8a33aee023bbafec99430b278d5183f906311b3e,9fc9306ab4737b5804dc59a07264243c6abc622ca16efa0cd4d6bddf38b05e36,269,295,0.34859341697301716,1.007290690303635,0.5083450712363827,0.6765947879185084,0.3306959023851266,0.24592714703941898,0.0022829172869062095,0.3284129850982207,0.0834672271360542,0.2829397530035736,0.12679398477477088,0.06396593805646265,0.433667376653984,0.08811068959166479,0.03858550676988935,0.6539916401676161,0.04701174462182048
12,0.9,114,1.0,512,200,600,matched,ising-nll,30118,121,336,c8a7a565f4c34afcedf377bd8a33aee023bbafec99430b278d5183f906311b3e,9fc9306ab4737b5804dc59a07264243c6abc622ca16efa0cd4d6bddf38b05e36,269,295,0.1616021249210462,1.0918632993862212,0.507604733799037,0.6780522173401633,0.4138110820460579,0.24631657943812674,0.0024861594013661364,0.411324922644692,0.08178431725781041,0.2772349737552895,0.12291900478365464,0.06194538314452879,0.41996869928494096,0.08459484463861906,0.03697078723753166,0.6266235125005366,0.045102899639713416
12,0.9,114,1.0,512,200,600,matched,transformer,35615,121,336,c8a7a565f4c34afcedf377bd8a33aee023bbafec99430b278d5183f906311b3e,9fc9306ab4737b5804dc59a07264243c6abc622ca16efa0cd4d6bddf38b05e36,269,295,5.929524417035282,0.8048709497899362,0.6153220089117505,0.4856095564755151,0.3192613933144211,0.1956384754499826,0.037988616096917185,0.28127277721750393,0.07711021688962745,0.2613905657275507,0.10731539128496545,0.060863112951188326,0.41263127424534457,0.0786447939071944,0.037696613517231095,0.6389256528344254,0.04403756720903588
12,0.9,114,1.0,512,200,600,matched,maxent,36115,121,336,c8a7a565f4c34afcedf377bd8a33aee023bbafec99430b278d5183f906311b3e,9fc9306ab4737b5804dc59a07264243c6abc622ca16efa0cd4d6bddf38b05e36,269,295,0.22130650002509356,2.387557733815541,0.5682171527831759,0.5652516220853203,1.8223061117302206,0.12413124809176856,0.13200566622556992,1.6903004455046506,0.03620264267310209,0.12272082262068505,0.052727986236592465,0.028465710833480352,0.1929878700574939,0.038566558293303986,0.018119115240086466,0.30710364813705876,0.022555881541405986
12,0.9,115,1.0,512,200,600,matched,iqp-parity,13699,122,337,21e3187a25ce542a7fda12331f6df5573b7aa9cfb19c4d6a1242f48e9ab77257,fae9b80b4b9bbecd172da441f7a298732dc4ec9c5fd56650a16ee48bf4f2164a,279,299,0.7070272500859573,0.43689530132280074,1.0,-0.0,0.43689530132280074,0.48272342289986925,6.733809435642297e-05,0.4368279632284444,0.11851451371618736,0.39636961109092766,0.11851451371618736,0.08168515143392724,0.5463889728021889,0.08168515143392724,0.04386929332630291,0.7336002228478747,0.04386929332630291
12,0.9,115,1.0,512,200,600,matched,iqp-mse,13699,122,337,21e3187a25ce542a7fda12331f6df5573b7aa9cfb19c4d6a1242f48e9ab77257,fae9b80b4b9bbecd172da441f7a298732dc4ec9c5fd56650a16ee48bf4f2164a,279,299,0.5145883751101792,0.5457359570313345,1.0,-0.0,0.5457359570313345,0.4705138289077052,8.245947049622445e-05,0.5456534975608383,0.11681162819419785,0.39067434178661486,0.11681162819419785,0.0802693467163896,0.5369187071330408,0.0802693467163896,0.042875746117381854,0.7169857210264524,0.042875746117381854
12,0.9,115,1.0,512,200,600,matched,ising-parity,30116,122,337,21e3187a25ce542a7fda12331f6df5573b7aa9cfb19c4d6a1242f48e9ab77257,fae9b80b4b9bbecd172da441f7a298732dc4ec9c5fd56650a16ee48bf4f2164a,279,299,0.34978658298496157,1.1608875760762605,0.5131641675534095,0.6671594702811625,0.49372810579509796,0.2384782408148024,0.00029905431312762104,0.4934290514819706,0.0818204908014855,0.2736471264263729,0.1214991813875252,0.06157200208194783,0.411852856735437,0.08311899192407071,0.036334947068738695,0.607607810514025,0.04362770840838779
12,0.9,115,1.0,512,200,600,matched,ising-nll,30119,122,337,21e3187a25ce542a7fda12331f6df5573b7aa9cfb19c4d6a1242f48e9ab77257,fae9b80b4b9bbecd172da441f7a298732dc4ec9c5fd56650a16ee48bf4f2164a,279,299,0.15327087498735636,1.0751199873616242,0.5080700778881395,0.6771358923189883,0.3979840950426359,0.2559365763298491,0.0014387360048480312,0.39654535903778804,0.08941587156730216,0.2990497376832848,0.13420333134436613,0.06765880117285829,0.4525672319254735,0.09148089407876417,0.03974146054106286,0.6645729187468706,0.04741389219332371
12,0.9,115,1.0,512,200,600,matched,transformer,35616,122,337,21e3187a25ce542a7fda12331f6df5573b7aa9cfb19c4d6a1242f48e9ab77257,fae9b80b4b9bbecd172da441f7a298732dc4ec9c5fd56650a16ee48bf4f2164a,279,299,5.838834166992456,0.8845564820281246,0.7168994096339099,0.3328197416221712,0.5517367404059534,0.19927183149532968,0.0888638138506185,0.46287292655533485,0.07964943221528059,0.2663860609206709,0.10007841779318119,0.06236101626517697,0.4171305435797791,0.07441132545025982,0.03807138421952443,0.6366452210622814,0.04232731280608551
12,0.9,115,1.0,512,200,600,matched,maxent,36116,122,337,21e3187a25ce542a7fda12331f6df5573b7aa9cfb19c4d6a1242f48e9ab77257,fae9b80b4b9bbecd172da441f7a298732dc4ec9c5fd56650a16ee48bf4f2164a,279,299,0.166762207983993,2.4934394037528387,0.6119959317673656,0.49102964393085047,2.002409759821988,0.13064933618915914,0.17000033860858638,1.8324094212134023,0.03882905086742906,0.1298630463793614,0.052457812372603246,0.029347258737752135,0.19630273403178686,0.03750520573292556,0.0179816182888943,0.3006959580082659,0.02145865678445473
12,0.9,116,1.0,512,200,600,matched,iqp-parity,13700,123,338,b240340bda42b13e461b839e854e8931eb9b197c11fad589d1f07877b5a6c105,67eaeaae05cc33550f061649f99bb92951375c55491458d36e2f1c224114a8b1,273,305,0.8374136660713702,0.4098380853949779,1.0,-0.0,0.4098380853949779,0.4691261588681321,0.004532574164562944,0.4053055112304149,0.11746234045242201,0.38512242771285904,0.11746234045242201,0.08132104926775054,0.53325278208361,0.08132104926775054,0.044179787976822954,0.7242588192921796,0.044179787976822954
12,0.9,116,1.0,512,200,600,matched,iqp-mse,13700,123,338,b240340bda42b13e461b839e854e8931eb9b197c11fad589d1f07877b5a6c105,67eaeaae05cc33550f061649f99bb92951375c55491458d36e2f1c224114a8b1,273,305,0.48590800003148615,0.44880164819915075,1.0,-0.0,0.44880164819915075,0.45344538107982735,0.00802987580507894,0.44077177239407184,0.11797795575443205,0.3868129696866625,0.11797795575443205,0.08139605471781974,0.5337446211004573,0.08139605471781974,0.04398826706694886,0.7211191322450633,0.04398826706694886
12,0.9,116,1.0,512,200,600,matched,ising-parity,30117,123,338,b240340bda42b13e461b839e854e8931eb9b197c11fad589d1f07877b5a6c105,67eaeaae05cc33550f061649f99bb92951375c55491458d36e2f1c224114a8b1,273,305,0.3090714169666171,1.219311019438023,0.5194294109298672,0.6550243565397725,0.5642866628982505,0.24498646701589022,0.004064249054309237,0.5602224138439414,0.08065291910736602,0.26443580035201975,0.11797745156209533,0.06014961461111132,0.39442370236794305,0.08064916077630474,0.035479275788234794,0.5816274719382752,0.04293491092393959
12,0.9,116,1.0,512,200,600,matched,ising-nll,30120,123,338,b240340bda42b13e461b839e854e8931eb9b197c11fad589d1f07877b5a6c105,67eaeaae05cc33550f061649f99bb92951375c55491458d36e2f1c224114a8b1,273,305,0.15784549992531538,1.2015723592163188,0.5108559890355524,0.6716675503459064,0.5299048088704124,0.23001446741304923,0.008865712220188574,0.5210390966502239,0.07923297158590008,0.2597802347078691,0.11748121571148377,0.059390775430708115,0.3894477077423483,0.08032991045965814,0.035123075150031456,0.5757881172136304,0.042668450941807025
12,0.9,116,1.0,512,200,600,matched,transformer,35617,123,338,b240340bda42b13e461b839e854e8931eb9b197c11fad589d1f07877b5a6c105,67eaeaae05cc33550f061649f99bb92951375c55491458d36e2f1c224114a8b1,273,305,5.837094916030765,1.0485830553255493,0.7105629301087387,0.3416977637855959,0.7068852915399534,0.19345605001485644,0.13323579586121193,0.5736494956787415,0.07123065072195592,0.23354311712116696,0.0880741995620447,0.05361124532381692,0.35154914966437323,0.06359143953221931,0.032415527705574536,0.5314020935340088,0.03649906565020994
12,0.9,116,1.0,512,200,600,matched,maxent,36117,123,338,b240340bda42b13e461b839e854e8931eb9b197c11fad589d1f07877b5a6c105,67eaeaae05cc33550f061649f99bb92951375c55491458d36e2f1c224114a8b1,273,305,0.2647785829612985,3.3581189217088543,0.6471103033687906,0.43523851467078745,2.922880407038067,0.09980124908058319,0.3542477407415379,2.568632666296529,0.02785640823158768,0.09133248600520551,0.03632246021144364,0.020980382979647084,0.13757628183375137,0.026219277397419652,0.013044963922914179,0.21385186758875702,0.015538982707869227
12,0.9,117,1.0,512,200,600,matched,iqp-parity,13701,124,339,2ff937c83d36f7b3a5406c91e8755c50ce932575e34db68925452587b0ab77d6,6d2e8203ab09f7481803ba6cac1d0fef11989f0d29cc5ddaeca62054fed6f238,266,296,0.5472905409988016,0.5162541482214307,1.0,-0.0,0.5162541482214307,0.464679090859007,2.9183445041274132e-05,0.5162249647763896,0.11814707355727222,0.39914551877456833,0.11814707355727222,0.08042700843628708,0.5434257326776154,0.08042700843628708,0.04231726234555438,0.714818620701932,0.04231726234555438
12,0.9,117,1.0,512,200,600,matched,iqp-mse,13701,124,339,2ff937c83d36f7b3a5406c91e8755c50ce932575e34db68925452587b0ab77d6,6d2e8203ab09f7481803ba6cac1d0fef11989f0d29cc5ddaeca62054fed6f238,266,296,0.5110368750756606,0.6002024550426969,1.0,-0.0,0.6002024550426969,0.44199228730720874,0.0014182185300469392,0.5987842365126501,0.10704904187753093,0.36165216850517207,0.10704904187753093,0.0739524400728475,0.49967864914086146,0.0739524400728475,0.04025171192341484,0.6799275662738993,0.04025171192341484
12,0.9,117,1.0,512,200,600,matched,ising-parity,30118,124,339,2ff937c83d36f7b3a5406c91e8755c50ce932575e34db68925452587b0ab77d6,6d2e8203ab09f7481803ba6cac1d0fef11989f0d29cc5ddaeca62054fed6f238,266,296,0.357091624988243,1.1560577485626604,0.5114568984347665,0.670491962175623,0.4855657863870374,0.24598066567474708,0.00031073593617051906,0.48525505045086714,0.08736213613041001,0.2951423517919257,0.1280794983051965,0.06476619484891837,0.4376094246548538,0.08662957383255912,0.03769690244196833,0.6367720007089244,0.04483063812383175
12,0.9,117,1.0,512,200,600,matched,ising-nll,30121,124,339,2ff937c83d36f7b3a5406c91e8755c50ce932575e34db68925452587b0ab77d6,6d2e8203ab09f7481803ba6cac1d0fef11989f0d29cc5ddaeca62054fed6f238,266,296,0.14669249998405576,1.0682955053914354,0.5103436083673868,0.6726710382291086,0.3956244671623268,0.24881751847658168,0.0007275697671821103,0.39489689739514505,0.08585555455771436,0.29005254918146745,0.12773311466913498,0.06454805088253038,0.43613547893601606,0.08784041170228452,0.038469152299191026,0.6498167618106593,0.04672638593250597
12,0.9,117,1.0,512,200,600,matched,transformer,35618,124,339,2ff937c83d36f7b3a5406c91e8755c50ce932575e34db68925452587b0ab77d6,6d2e8203ab09f7481803ba6cac1d0fef11989f0d29cc5ddaeca62054fed6f238,266,296,6.550544666941278,0.8694012410751975,0.6058215256909227,0.5011698483512003,0.3682313927239972,0.2031508773327904,0.03783324057182612,0.33039815215217133,0.0798842257559905,0.26987914106753547,0.11196849325099682,0.0628500374521569,0.42466241521727643,0.08181609413895395,0.038962870314897396,0.6581565931570506,0.04563482372877183
12,0.9,117,1.0,512,200,600,matched,maxent,36118,124,339,2ff937c83d36f7b3a5406c91e8755c50ce932575e34db68925452587b0ab77d6,6d2e8203ab09f7481803ba6cac1d0fef11989f0d29cc5ddaeca62054fed6f238,266,296,0.28023133298847824,2.3297803835548234,0.5611255725198978,0.5778105615733253,1.751969821981498,0.1322916253528183,0.1286877937317961,1.623282028249702,0.04375895027515958,0.14783429147013372,0.06284184338367699,0.033517199906275934,0.22646756693429684,0.04464627827640785,0.020553423218654412,0.347186203017811,0.025089854444639362
12,0.9,118,1.0,512,200,600,matched,iqp-parity,13702,125,340,f9372f8f74b3a18b86f9a9dd960278381003e836073cde71119d3b892dde9434,3672d037714419789c221c8c7564a09d4bd2e60bbf08a0fa3cd13f9a40a45c57,258,287,0.7924322080798447,0.3818924107567644,1.0,-0.0,0.3818924107567644,0.48533037676815527,0.003082125120686542,0.37881028563607794,0.1226078065160224,0.4272049007526913,0.1226078065160224,0.08386958263104398,0.5844570218191218,0.08386958263104398,0.0443212648381568,0.7721474710480278,0.0443212648381568
12,0.9,118,1.0,512,200,600,matched,iqp-mse,13702,125,340,f9372f8f74b3a18b86f9a9dd960278381003e836073cde71119d3b892dde9434,3672d037714419789c221c8c7564a09d4bd2e60bbf08a0fa3cd13f9a40a45c57,258,287,0.5708162089576945,0.4335840127222827,1.0000000000000002,-2.2204460492503128e-16,0.4335840127222829,0.4679515932985632,0.0009574065217791451,0.43262660620050397,0.11806657312978232,0.41138178790864915,0.1180665731297823,0.08060985165405248,0.5617411265090765,0.08060985165405246,0.042474092833024724,0.7399667740945074,0.04247409283302472
12,0.9,118,1.0,512,200,600,matched,ising-parity,30119,125,340,f9372f8f74b3a18b86f9a9dd960278381003e836073cde71119d3b892dde9434,3672d037714419789c221c8c7564a09d4bd2e60bbf08a0fa3cd13f9a40a45c57,258,287,0.3109794589690864,0.9657337527179406,0.5066326844182647,0.679969026286342,0.28576472643159856,0.24883375255278356,0.004063066730548279,0.28170165970105027,0.08822521102944579,0.30740491647890517,0.13218675339269909,0.06654409039800117,0.46372188430662836,0.09056324322040646,0.039440850548326474,0.6871228318523775,0.0474745733793764
12,0.9,118,1.0,512,200,600,matched,ising-nll,30122,125,340,f9372f8f74b3a18b86f9a9dd960278381003e836073cde71119d3b892dde9434,3672d037714419789c221c8c7564a09d4bd2e60bbf08a0fa3cd13f9a40a45c57,258,287,0.1617547090863809,1.070906712455146,0.5070490394119214,0.679147555390138,0.39175915706500786,0.24142703764251222,0.001808680882480762,0.3899504761825274,0.08557990954511013,0.2981878381362722,0.1284015114144653,0.06466836547985975,0.4506506305216708,0.08806112323429813,0.03836824263499542,0.6684362828396415,0.04618708319130744
12,0.9,118,1.0,512,200,600,matched,transformer,35619,125,340,f9372f8f74b3a18b86f9a9dd960278381003e836073cde71119d3b892dde9434,3672d037714419789c221c8c7564a09d4bd2e60bbf08a0fa3cd13f9a40a45c57,258,287,6.389330333098769,0.6817119618945409,0.7058578866042103,0.34834135551294515,0.3333706063815957,0.22345026106514504,0.036640669111164495,0.29672993727043134,0.08210620229383672,0.2860843285499537,0.10288463845866407,0.06284174839092972,0.4379215915744232,0.07502494601319222,0.03784168305090927,0.6592627709217643,0.04214278751009172
12,0.9,118,1.0,512,200,600,matched,maxent,36119,125,340,f9372f8f74b3a18b86f9a9dd960278381003e836073cde71119d3b892dde9434,3672d037714419789c221c8c7564a09d4bd2e60bbf08a0fa3cd13f9a40a45c57,258,287,0.15046670904848725,1.9661309236334374,0.5693813448152183,0.5632048675565124,1.402926056076925,0.1195764058562957,0.13947602733215186,1.2634500287447734,0.04133628445242762,0.1440288656879011,0.06079896150495834,0.032965439931024965,0.22972432007682905,0.04525829071211973,0.021447406199927202,0.37364819163636237,0.026826743393253298
12,0.9,119,1.0,512,200,600,matched,iqp-parity,13703,126,341,9cc5a5818d004f0f1492c246ba3ab8685b2df3f7dfd15cdf113ebebec42d8dee,a56289775eec0ce432a321db146cf9b88569ccab3daaa3aefaeb57ea0050cb73,271,295,0.9757751249708235,0.4706521308763963,1.0,-0.0,0.4706521308763963,0.49836767387619574,0.00240394574082433,0.4682481851355721,0.12045833645619426,0.4083333439193026,0.12045833645619426,0.08249461019749207,0.559285492864353,0.08249461019749207,0.043545425291786434,0.7380580557929903,0.043545425291786434
12,0.9,119,1.0,512,200,600,matched,iqp-mse,13703,126,341,9cc5a5818d004f0f1492c246ba3ab8685b2df3f7dfd15cdf113ebebec42d8dee,a56289775eec0ce432a321db146cf9b88569ccab3daaa3aefaeb57ea0050cb73,271,295,0.6710464579518884,0.4932146551952068,0.9999999999999999,1.1102230246251565e-16,0.4932146551952067,0.4777744052646802,0.0003965060795607187,0.492818149115646,0.11595884295552679,0.3930808235780569,0.11595884295552679,0.07956104903054279,0.5393969425799511,0.07956104903054279,0.042539588053577826,0.7210099670097936,0.04253958805357783
12,0.9,119,1.0,512,200,600,matched,ising-parity,30120,126,341,9cc5a5818d004f0f1492c246ba3ab8685b2df3f7dfd15cdf113ebebec42d8dee,a56289775eec0ce432a321db146cf9b88569ccab3daaa3aefaeb57ea0050cb73,271,295,0.3488629999337718,1.2251995387123544,0.5083934542083441,0.6764996150283559,0.5486999236839986,0.23908323418914715,8.634532671740122e-05,0.5486135783572812,0.0846568133065517,0.28697224849678543,0.12398736445855693,0.06250018632423472,0.42373007677447266,0.08340915276387913,0.036177063844728095,0.6131705736394591,0.04312191979794734
12,0.9,119,1.0,512,200,600,matched,ising-nll,30123,126,341,9cc5a5818d004f0f1492c246ba3ab8685b2df3f7dfd15cdf113ebebec42d8dee,a56289775eec0ce432a321db146cf9b88569ccab3daaa3aefaeb57ea0050cb73,271,295,0.146484375,1.0927328867095145,0.5075521188629988,0.6781558760722053,0.41457701063730923,0.23049865412883994,0.00018478719791054608,0.4143922234393989,0.08227501377236318,0.27889835177072264,0.12448202471255689,0.06273612175588367,0.42532963902294013,0.08579868146096825,0.03745657935782757,0.6348572772513148,0.045468708259433846
12,0.9,119,1.0,512,200,600,matched,transformer,35620,126,341,9cc5a5818d004f0f1492c246ba3ab8685b2df3f7dfd15cdf113ebebec42d8dee,a56289775eec0ce432a321db146cf9b88569ccab3daaa3aefaeb57ea0050cb73,271,295,4.9466273749712855,0.7977152744512133,0.5937121534380683,0.5213606672428571,0.27635460720835614,0.19079231328475138,0.04379640243432692,0.23255820477402922,0.08237263678261726,0.27922927722921104,0.11709174248130484,0.06490964652164012,0.44006540014671275,0.085186962515263,0.04010436108652822,0.6797349336699698,0.0470651031864514
12,0.9,119,1.0,512,200,600,matched,maxent,36120,126,341,9cc5a5818d004f0f1492c246ba3ab8685b2df3f7dfd15cdf113ebebec42d8dee,a56289775eec0ce432a321db146cf9b88569ccab3daaa3aefaeb57ea0050cb73,271,295,0.1319586670724675,2.1689568785130455,0.558070812851012,0.5832694199016353,1.5856874586114102,0.13672989272154512,0.11241284419153427,1.4732746144198763,0.042817820576370125,0.1451451544961699,0.06257924908515108,0.03336965649699534,0.22623495930166332,0.045221397032326076,0.020915846908903517,0.354505879811924,0.025774906210602227
12,0.9,120,1.0,512,200,600,matched,iqp-parity,13704,127,342,69e5aaf107b63f46b6b057dfe99d3189e4f485b9649136f1718f398f646e43c6,be8ede604a893ee87034e6fb596cea91ea3be8f191d448807bebae1ef6fbfe79,283,294,0.5247310840059072,0.4377398505253307,1.0,-0.0,0.4377398505253307,0.4867023290655997,0.0006136407583113186,0.43712620976701944,0.12503826433284224,0.42530021881919133,0.12503826433284224,0.08408148763690462,0.5719829090945893,0.08408148763690462,0.043892723371588,0.7464748872719047,0.043892723371588
12,0.9,120,1.0,512,200,600,matched,iqp-mse,13704,127,342,69e5aaf107b63f46b6b057dfe99d3189e4f485b9649136f1718f398f646e43c6,be8ede604a893ee87034e6fb596cea91ea3be8f191d448807bebae1ef6fbfe79,283,294,0.4152613329933956,0.4061603912167334,1.0,-0.0,0.4061603912167334,0.4951930111722059,0.001352514207953695,0.40480787700877985,0.12921568201182454,0.43950912248919904,0.12921568201182454,0.0884170476513981,0.6014765146353612,0.0884170476513981,0.04626298565676513,0.7867854703531485,0.04626298565676513
12,0.9,120,1.0,512,200,600,matched,ising-parity,30121,127,342,69e5aaf107b63f46b6b057dfe99d3189e4f485b9649136f1718f398f646e43c6,be8ede604a893ee87034e6fb596cea91ea3be8f191d448807bebae1ef6fbfe79,283,294,0.2813068749383092,0.9526835493883661,0.5056476689678914,0.6819151586161224,0.2707683907722437,0.2632245747617371,0.005281037000694988,0.2654873537715487,0.09391124396006757,0.3194259998641754,0.14138863282110162,0.07110530277256448,0.4837095426705067,0.0967352415014904,0.04203991102380591,0.7149644731939779,0.050309094208753416
12,0.9,120,1.0,512,200,600,matched,ising-nll,30124,127,342,69e5aaf107b63f46b6b057dfe99d3189e4f485b9649136f1718f398f646e43c6,be8ede604a893ee87034e6fb596cea91ea3be8f191d448807bebae1ef6fbfe79,283,294,0.14259150007274002,1.003856114210375,0.5039748154655468,0.6852289814736675,0.3186271327367075,0.26792995019585886,0.007806474426236748,0.3108206583104708,0.09283738507428073,0.31577341862000247,0.14079071612216854,0.07068464521390064,0.4808479266251744,0.09646126623956366,0.04183594199790256,0.7114956122092272,0.04990515564766286
12,0.9,120,1.0,512,200,600,matched,transformer,35621,127,342,69e5aaf107b63f46b6b057dfe99d3189e4f485b9649136f1718f398f646e43c6,be8ede604a893ee87034e6fb596cea91ea3be8f191d448807bebae1ef6fbfe79,283,294,4.918239917024039,0.7455945514383331,0.6232986721922024,0.47272946545645766,0.2728650859818754,0.23579893893101972,0.01713013319762792,0.2557349527842475,0.09040046178359273,0.3074845638897712,0.12322612789913737,0.0701107437240266,0.47694383485732383,0.08924489993344228,0.04265838064190242,0.7254826639779324,0.04893777538422859
12,0.9,120,1.0,512,200,600,matched,maxent,36121,127,342,69e5aaf107b63f46b6b057dfe99d3189e4f485b9649136f1718f398f646e43c6,be8ede604a893ee87034e6fb596cea91ea3be8f191d448807bebae1ef6fbfe79,283,294,0.1663009999319911,1.692594574642322,0.5528279483113768,0.5927084500798725,1.0998861245624496,0.1682932085981684,0.059475962360344053,1.0404101622021058,0.06187572907250172,0.21046166351191062,0.08924239906071771,0.04713503071612769,0.320646467456651,0.06252112653830602,0.02836604482856037,0.4824157283768771,0.034186888729292854
12,1.1,111,1.0,512,200,600,matched,iqp-parity,13695,118,333,53b41b7c273624721acf2e7fb0245c9d86c797309edbe4956a886492458d064f,46ec6552ea8abd2c67a85ebf993bb74a1984e0f557904f8a35ae4eb6d2b596da,273,313,0.4314607920823619,0.4418513683504307,1.0000000000000002,-2.2204460492503128e-16,0.44185136835043093,0.28387577426423743,0.0011341256124861136,0.4407172427379446,0.0879203307048537,0.2808956252551236,0.0879203307048537,0.06124624588383523,0.3913498139542187,0.06124624588383523,0.034022224045580876,0.5434860071179053,0.03402222404558087
12,1.1,111,1.0,512,200,600,matched,iqp-mse,13695,118,333,53b41b7c273624721acf2e7fb0245c9d86c797309edbe4956a886492458d064f,46ec6552ea8abd2c67a85ebf993bb74a1984e0f557904f8a35ae4eb6d2b596da,273,313,0.333440333022736,0.37857074503243315,1.0,-0.0,0.37857074503243315,0.28031654822873964,0.0015456314412807363,0.3770251135911523,0.08927093525064,0.2852106557528435,0.08927093525064,0.06253664560341873,0.39959517957456053,0.06253664560341873,0.035158225521078654,0.5616329955443875,0.035158225521078654
12,1.1,111,1.0,512,200,600,matched,ising-parity,30112,118,333,53b41b7c273624721acf2e7fb0245c9d86c797309edbe4956a886492458d064f,46ec6552ea8abd2c67a85ebf993bb74a1984e0f557904f8a35ae4eb6d2b596da,273,313,0.2630334160057828,0.998762506904484,0.5393662773196539,0.617360389104357,0.381402117800127,0.1626791000831937,3.595256278414276e-05,0.3813661652373426,0.06180682121538976,0.19746588247728358,0.09091557033358723,0.04744587551284974,0.3031685336284328,0.06483044459358359,0.029466019915834772,0.47070319354368645,0.036785035004370185
12,1.1,111,1.0,512,200,600,matched,ising-nll,30115,118,333,53b41b7c273624721acf2e7fb0245c9d86c797309edbe4956a886492458d064f,46ec6552ea8abd2c67a85ebf993bb74a1984e0f557904f8a35ae4eb6d2b596da,273,313,0.1217552499147132,1.0915027379521116,0.5397363533774571,0.6166744931352726,0.47482824481683905,0.15010065673050255,0.0018353106352156194,0.4729929341816233,0.056848726053561824,0.18162532285483013,0.08323657373361033,0.04343224813411092,0.27752235229463845,0.05917752310113697,0.026917860115734955,0.4299977654270759,0.03369164870668933
12,1.1,111,1.0,512,200,600,matched,transformer,35612,118,333,53b41b7c273624721acf2e7fb0245c9d86c797309edbe4956a886492458d064f,46ec6552ea8abd2c67a85ebf993bb74a1984e0f557904f8a35ae4eb6d2b596da,273,313,3.676533875055611,0.6652980403532962,0.7194092658041502,0.3293248678978732,0.335973172455423,0.12241070376007795,0.05514402054797808,0.28082915190744473,0.05672941178964713,0.18124412712347326,0.07184153902314387,0.04575799701600097,0.2923833675143832,0.055901359962506274,0.030401216321097446,0.4856424332443681,0.035059344979902846
12,1.1,111,1.0,512,200,600,matched,maxent,36112,118,333,53b41b7c273624721acf2e7fb0245c9d86c797309edbe4956a886492458d064f,46ec6552ea8abd2c67a85ebf993bb74a1984e0f557904f8a35ae4eb6d2b596da,273,313,0.11128158296924084,3.553201622280831,0.7204405171334136,0.3278924247113426,3.225309197569488,0.035654281881260824,0.33814579562454966,2.887163401944939,0.014893958480598548,0.04758453188689632,0.0189523624554235,0.01210225967128725,0.07733073272388019,0.014742619392306712,0.007970276937161104,0.12732071784602403,0.00916652676127156
12,1.1,112,1.0,512,200,600,matched,iqp-parity,13696,119,334,ec1b7139e93ae45956d3642aa84ff336454546ae12057e7acffc460eb1e85165,b0126d22db14df8032614d0be237f7ba7f8faae015df79310d48a47a7e019709,279,324,0.5182474170578644,0.40228873859375947,1.0,-0.0,0.40228873859375947,0.2604983805801825,0.005814949729459486,0.3964737888642999,0.0812016700307522,0.25062243836651915,0.0812016700307522,0.058438356894906576,0.36073059811670727,0.058438356894906576,0.03418016248143734,0.5274716432320578,0.03418016248143734
12,1.1,112,1.0,512,200,600,matched,iqp-mse,13696,119,334,ec1b7139e93ae45956d3642aa84ff336454546ae12057e7acffc460eb1e85165,b0126d22db14df8032614d0be237f7ba7f8faae015df79310d48a47a7e019709,279,324,0.35432037501595914,0.5118830336698872,1.0,-0.0,0.5118830336698872,0.24221252572797702,0.011396988761131988,0.5004860449087551,0.07108524775618086,0.2193989128277187,0.07108524775618086,0.05133804498720561,0.31690151226670127,0.05133804498720561,0.030254372951812877,0.4668884714785938,0.030254372951812877
12,1.1,112,1.0,512,200,600,matched,ising-parity,30113,119,334,ec1b7139e93ae45956d3642aa84ff336454546ae12057e7acffc460eb1e85165,b0126d22db14df8032614d0be237f7ba7f8faae015df79310d48a47a7e019709,279,324,0.24533770803827792,1.103702226201909,0.555302169990342,0.5882428629620164,0.5154593632398925,0.1446689641989058,0.0058088009333491925,0.5096505623065432,0.05605667100098622,0.17301441666971057,0.08277359274753264,0.04409639594979597,0.27219997499874055,0.0607218961877813,0.028251182106576574,0.43597503250889774,0.03542243248824058
12,1.1,112,1.0,512,200,600,matched,ising-nll,30116,119,334,ec1b7139e93ae45956d3642aa84ff336454546ae12057e7acffc460eb1e85165,b0126d22db14df8032614d0be237f7ba7f8faae015df79310d48a47a7e019709,279,324,0.12341054202988744,1.1595034422179884,0.541421794025785,0.6135566476698007,0.5459467945481877,0.1431874417350103,0.004867588391889215,0.5410792061562983,0.05219490577593304,0.1610953881973242,0.07758760504915627,0.04064476882663549,0.2508936347323178,0.0563544992991408,0.025940760530490034,0.400320378556945,0.033086999959484074
12,1.1,112,1.0,512,200,600,matched,transformer,35613,119,334,ec1b7139e93ae45956d3642aa84ff336454546ae12057e7acffc460eb1e85165,b0126d22db14df8032614d0be237f7ba7f8faae015df79310d48a47a7e019709,279,324,3.1590146250091493,0.7180107525384041,0.7150154379302704,0.33545114501035495,0.38255960752804913,0.1382243867557834,0.03778038825966322,0.3447792192683858,0.0555120950053805,0.17133362655981638,0.0705470020965921,0.044592631944338726,0.27526316015023905,0.05445307340661331,0.029411404017560643,0.45387969162902225,0.034107038697642346
12,1.1,112,1.0,512,200,600,matched,maxent,36113,119,334,ec1b7139e93ae45956d3642aa84ff336454546ae12057e7acffc460eb1e85165,b0126d22db14df8032614d0be237f7ba7f8faae015df79310d48a47a7e019709,279,324,0.11131658300291747,3.7848416021948372,0.7121692590784331,0.33943967239713174,3.4454019297977054,0.04796649114541783,0.2629716934573148,3.18243023634039,0.01058840816953193,0.03268027212818497,0.013330937204254649,0.008357317579401183,0.05158838011976039,0.010232233184434876,0.0055621347089853555,0.08583541217569994,0.006516330634695058
12,1.1,113,1.0,512,200,600,matched,iqp-parity,13697,120,335,26de837fe5e7d1b1cfb95f2ade7f932896fd4cf7405b2584044a7f3cc64fe358,494a09d0cb32c8fd575150abd91ad12074451b075c550159cd5a0edda3ce9c1b,296,318,0.4723269590176642,0.4740308441135345,1.0,-0.0,0.4740308441135345,0.3224254984121847,0.00016242775735408888,0.4738684163561804,0.09431351478685093,0.29658337983286454,0.09431351478685093,0.06649822337412314,0.41822781996303865,0.06649822337412314,0.037443225583697816,0.5887299620078273,0.037443225583697816
12,1.1,113,1.0,512,200,600,matched,iqp-mse,13697,120,335,26de837fe5e7d1b1cfb95f2ade7f932896fd4cf7405b2584044a7f3cc64fe358,494a09d0cb32c8fd575150abd91ad12074451b075c550159cd5a0edda3ce9c1b,296,318,0.36164829100016505,0.4430960451944779,0.9999999999999999,1.1102230246251565e-16,0.4430960451944778,0.29589491698505305,0.0007794937964780285,0.44231655139799964,0.08814875147986188,0.2771973316976789,0.08814875147986188,0.0628911201692268,0.3955416362844453,0.06289112016922681,0.03599733905911923,0.5659958971559627,0.03599733905911923
12,1.1,113,1.0,512,200,600,matched,ising-parity,30114,120,335,26de837fe5e7d1b1cfb95f2ade7f932896fd4cf7405b2584044a7f3cc64fe358,494a09d0cb32c8fd575150abd91ad12074451b075c550159cd5a0edda3ce9c1b,296,318,0.2531322919530794,1.2259007546485274,0.5703034520794845,0.5615866877440053,0.6643140669045221,0.15333526558815852,0.005019644389982737,0.6592944225145394,0.05736087891605608,0.18038012237753484,0.08339732108216281,0.04512152171317066,0.28378315542874627,0.06075663922574067,0.02836378342881408,0.4459714375599699,0.034501032183149045
12,1.1,113,1.0,512,200,600,matched,ising-nll,30117,120,335,26de837fe5e7d1b1cfb95f2ade7f932896fd4cf7405b2584044a7f3cc64fe358,494a09d0cb32c8fd575150abd91ad12074451b075c550159cd5a0edda3ce9c1b,296,318,0.11475616693496704,1.1229769554018796,0.5451185253310615,0.6067520302920612,0.5162249251098184,0.16957941492424994,2.0040491733270237e-05,0.5162048846180851,0.06259409551842314,0.19683677835982122,0.09159667533758843,0.04810934712694046,0.30257451023232995,0.06574626921292642,0.03014006701380679,0.47390042474538974,0.03765396008406774
12,1.1,113,1.0,512,200,600,matched,transformer,35614,120,335,26de837fe5e7d1b1cfb95f2ade7f932896fd4cf7405b2584044a7f3cc64fe358,494a09d0cb32c8fd575150abd91ad12074451b075c550159cd5a0edda3ce9c1b,296,318,3.143419250031002,0.8370794467259641,0.6434293248398683,0.4409430872863099,0.39613635943965425,0.1509861977798202,0.01638547091977005,0.37975088851988403,0.06115116692254706,0.1922992670520348,0.08328047827038922,0.04899427259028684,0.30814007918419395,0.06340847064038638,0.03215798515885454,0.5056286974662664,0.038567054415260524
12,1.1,113,1.0,512,200,600,matched,maxent,36114,120,335,26de837fe5e7d1b1cfb95f2ade7f932896fd4cf7405b2584044a7f3cc64fe358,494a09d0cb32c8fd575150abd91ad12074451b075c550159cd5a0edda3ce9c1b,296,318,0.12909612501971424,3.4250907967292163,0.7768436638957741,0.25251615362622787,3.1725746431029886,0.04388967798171159,0.31997103160651486,2.8526036114964737,0.01901370590478611,0.05979152800247205,0.02259557467986747,0.014767681839104093,0.09287850213273015,0.016886896193677215,0.009033236638093729,0.1420320226115366,0.009893420780789244
12,1.1,114,1.0,512,200,600,matched,iqp-parity,13698,121,336,5618e1ec64183e8ad9a18cd55751a1d24fed7f2bca58a124f3827b8e0254d728,9fc9306ab4737b5804dc59a07264243c6abc622ca16efa0cd4d6bddf38b05e36,269,309,0.40298308397177607,0.38275767148322154,1.0,-0.0,0.38275767148322154,0.2839286754618681,6.375251431025176e-05,0.38269391896891136,0.08946541025262292,0.2895320720149609,0.08946541025262292,0.06321398358290388,0.40915199730034874,0.06321398358290388,0.035658530351754425,0.576998873005735,0.035658530351754425
12,1.1,114,1.0,512,200,600,matched,iqp-mse,13698,121,336,5618e1ec64183e8ad9a18cd55751a1d24fed7f2bca58a124f3827b8e0254d728,9fc9306ab4737b5804dc59a07264243c6abc622ca16efa0cd4d6bddf38b05e36,269,309,0.3242725000018254,0.40190554356732805,1.0,-0.0,0.40190554356732805,0.2728714894892447,0.0006500815505805259,0.4012554620167475,0.08569585982390115,0.2773328796890005,0.08569585982390115,0.06140126159401919,0.39741916889332807,0.06140126159401919,0.03534285118116452,0.5718907958117236,0.03534285118116452
12,1.1,114,1.0,512,200,600,matched,ising-parity,30115,121,336,5618e1ec64183e8ad9a18cd55751a1d24fed7f2bca58a124f3827b8e0254d728,9fc9306ab4737b5804dc59a07264243c6abc622ca16efa0cd4d6bddf38b05e36,269,309,0.2973877500044182,0.9864719789776932,0.5370880665013207,0.6215932007101813,0.3648787782675119,0.157328071507812,3.678708786532562e-05,0.36484199117964655,0.059336739362306976,0.19202828272591255,0.08886870118443838,0.04634691277428209,0.29998001795651835,0.06452824510403792,0.029538541590809052,0.47796992865386817,0.037536191782204076
12,1.1,114,1.0,512,200,600,matched,ising-nll,30118,121,336,5618e1ec64183e8ad9a18cd55751a1d24fed7f2bca58a124f3827b8e0254d728,9fc9306ab4737b5804dc59a07264243c6abc622ca16efa0cd4d6bddf38b05e36,269,309,0.13209908292628825,1.0272383120790707,0.5327281986884534,0.6297439310585728,0.39749438102049783,0.16523331412700118,0.001057535585940756,0.39643684543455726,0.056666221834507556,0.18338583117963608,0.08408197879707642,0.04359265783720659,0.2821531251599132,0.06052787790150033,0.027570939474405174,0.44613170670558533,0.03515740940503406
12,1.1,114,1.0,512,200,600,matched,transformer,35615,121,336,5618e1ec64183e8ad9a18cd55751a1d24fed7f2bca58a124f3827b8e0254d728,9fc9306ab4737b5804dc59a07264243c6abc622ca16efa0cd4d6bddf38b05e36,269,309,4.3822898749494925,0.6824150707708909,0.6738695675014077,0.3947187068248317,0.28769636394605924,0.13817544455702696,0.019839006013206484,0.2678573579328527,0.06684993696123286,0.21634283806224225,0.08836828624194121,0.053509493747345475,0.3463397653549869,0.06708951242518509,0.034446913720853005,0.5573934259037703,0.040084415492921764
12,1.1,114,1.0,512,200,600,matched,maxent,36115,121,336,5618e1ec64183e8ad9a18cd55751a1d24fed7f2bca58a124f3827b8e0254d728,9fc9306ab4737b5804dc59a07264243c6abc622ca16efa0cd4d6bddf38b05e36,269,309,0.1937603340484202,2.778750925980928,0.6532690938110369,0.42576614605941543,2.3529847799215124,0.07630216077765502,0.1076544033508143,2.2453303765706982,0.02839197941017664,0.09188342851189851,0.03553440512866021,0.020244216150650952,0.13103052524693173,0.024548118078953834,0.011958533087558365,0.19350377164333923,0.013861093107064312
12,1.1,115,1.0,512,200,600,matched,iqp-parity,13699,122,337,36626869109756cd43a666bcb3eb26757ec4ffe79f86ba4224f38c2db50f266c,fae9b80b4b9bbecd172da441f7a298732dc4ec9c5fd56650a16ee48bf4f2164a,279,320,0.5282478339504451,0.5345029693245533,1.0000000000000002,-2.2204460492503128e-16,0.5345029693245535,0.33757559377963847,0.00045125896304553173,0.5340517103615079,0.08595805857563517,0.26861893304885986,0.08595805857563517,0.05897671621520493,0.3686044763450308,0.05897671621520492,0.032959841795340804,0.5149975280522001,0.0329598417953408
12,1.1,115,1.0,512,200,600,matched,iqp-mse,13699,122,337,36626869109756cd43a666bcb3eb26757ec4ffe79f86ba4224f38c2db50f266c,fae9b80b4b9bbecd172da441f7a298732dc4ec9c5fd56650a16ee48bf4f2164a,279,320,0.3834988330490887,0.4772458443338935,1.0,-0.0,0.4772458443338935,0.3242130724096587,1.4385077203646476e-06,0.4772444058261731,0.09149660965996603,0.28592690518739383,0.09149660965996603,0.06418574527444654,0.4011609079652908,0.06418574527444654,0.03628713271935642,0.5669864487399441,0.03628713271935642
12,1.1,115,1.0,512,200,600,matched,ising-parity,30116,122,337,36626869109756cd43a666bcb3eb26757ec4ffe79f86ba4224f38c2db50f266c,fae9b80b4b9bbecd172da441f7a298732dc4ec9c5fd56650a16ee48bf4f2164a,279,320,0.29647008306346834,1.0485671562045582,0.5550732306706061,0.5886552267857175,0.45991192941884074,0.15698381484332397,0.003956026643826702,0.455955902775014,0.0629705439021056,0.19678294969408,0.09135247293151415,0.048493547238981194,0.30308467024363245,0.06563189209457279,0.03027414356197914,0.473033493155924,0.037431693714309516
12,1.1,115,1.0,512,200,600,matched,ising-nll,30119,122,337,36626869109756cd43a666bcb3eb26757ec4ffe79f86ba4224f38c2db50f266c,fae9b80b4b9bbecd172da441f7a298732dc4ec9c5fd56650a16ee48bf4f2164a,279,320,0.14023454196285456,1.225716014574354,0.5599344369672987,0.5799355789510803,0.6457804356232737,0.15672749301104133,0.004562016856114411,0.641218418767159,0.05550455107417578,0.17345172210679932,0.0789863514122404,0.04203131612385166,0.26269572577407285,0.05607949283367368,0.025920767658036203,0.4050119946568157,0.03210694093765524
12,1.1,115,1.0,512,200,600,matched,transformer,35616,122,337,36626869109756cd43a666bcb3eb26757ec4ffe79f86ba4224f38c2db50f266c,fae9b80b4b9bbecd172da441f7a298732dc4ec9c5fd56650a16ee48bf4f2164a,279,320,4.580392582924105,0.6924479537609234,0.6482611970296562,0.4334615820096327,0.2589863717512907,0.17318832210331594,0.007764210280572864,0.25122216147071774,0.07194486307863256,0.22482769712072673,0.09674683332028484,0.05692314285628487,0.3557696428517804,0.07278714815638068,0.036742572814217105,0.5741027002221423,0.043530854558219916
12,1.1,115,1.0,512,200,600,matched,maxent,36116,122,337,36626869109756cd43a666bcb3eb26757ec4ffe79f86ba4224f38c2db50f266c,fae9b80b4b9bbecd172da441f7a298732dc4ec9c5fd56650a16ee48bf4f2164a,279,320,0.1635810409206897,4.1739901906792305,0.7922798917062686,0.23284055097926906,3.9411496396999612,0.037562515179398126,0.3895181616867626,3.551631478013198,0.012060313265603285,0.03768847895501027,0.01405020272645786,0.009235714215708525,0.05772321384817828,0.010468179689179681,0.00578398303492348,0.09037473492067938,0.00636535874180406
12,1.1,116,1.0,512,200,600,matched,iqp-parity,13700,123,338,1266eccee40720d289ef89746e59a630906f5f7e3f7072c621a86453b97efbaf,67eaeaae05cc33550f061649f99bb92951375c55491458d36e2f1c224114a8b1,273,314,0.6245971670141444,0.4002551588695887,1.0,-0.0,0.4002551588695887,0.34951361954957244,0.0034582730706886125,0.3967968857988999,0.09836589452118935,0.3132671800037877,0.09836589452118935,0.06869412200227042,0.4375421783584103,0.06869412200227042,0.03827562298824952,0.6094844424880497,0.03827562298824952
12,1.1,116,1.0,512,200,600,matched,iqp-mse,13700,123,338,1266eccee40720d289ef89746e59a630906f5f7e3f7072c621a86453b97efbaf,67eaeaae05cc33550f061649f99bb92951375c55491458d36e2f1c224114a8b1,273,314,0.43889979098457843,0.39918142628730724,0.9999999999999998,2.2204460492503136e-16,0.399181426287307,0.32470058818087977,0.00048126417278205116,0.3987001621145249,0.09538500951329536,0.30377391564743744,0.09538500951329536,0.06648441124415877,0.4234675875424125,0.06648441124415877,0.036922696672507,0.5879410298169904,0.036922696672507
12,1.1,116,1.0,512,200,600,matched,ising-parity,30117,123,338,1266eccee40720d289ef89746e59a630906f5f7e3f7072c621a86453b97efbaf,67eaeaae05cc33550f061649f99bb92951375c55491458d36e2f1c224114a8b1,273,314,0.29932600003667176,1.0853119564304095,0.5521745499906995,0.5938910689388058,0.4914208874916036,0.17404475238710598,5.734455034070787e-05,0.4913635429412625,0.06816519076303082,0.21708659478672238,0.09862980279443954,0.0521175210046074,0.3319587325134229,0.0697159963364937,0.031729979182187444,0.5052544455762332,0.038463553878984015
12,1.1,116,1.0,512,200,600,matched,ising-nll,30120,123,338,1266eccee40720d289ef89746e59a630906f5f7e3f7072c621a86453b97efbaf,67eaeaae05cc33550f061649f99bb92951375c55491458d36e2f1c224114a8b1,273,314,0.1311690000584349,1.1109308564205023,0.5371164729040303,0.6215403124534775,0.48939054396702475,0.18162062246515392,0.0017652366997813473,0.4876253072672434,0.0681021260795262,0.21688575184562484,0.10013200369878542,0.05211813570293102,0.33196264778936957,0.07118182189859361,0.03221810663462245,0.5130271757105486,0.03983340526954209
12,1.1,116,1.0,512,200,600,matched,transformer,35617,123,338,1266eccee40720d289ef89746e59a630906f5f7e3f7072c621a86453b97efbaf,67eaeaae05cc33550f061649f99bb92951375c55491458d36e2f1c224114a8b1,273,314,4.359314707922749,0.6810392337936124,0.6898092347038984,0.37134019105973265,0.30969904273387977,0.16843392645940147,0.011197645206774423,0.29850139752710514,0.07013815059769263,0.22336990636207843,0.0899535820199184,0.05479725962733478,0.349027131384298,0.06733553428665962,0.034824595514179116,0.5545317757034891,0.04013169960242466
12,1.1,116,1.0,512,200,600,matched,maxent,36117,123,338,1266eccee40720d289ef89746e59a630906f5f7e3f7072c621a86453b97efbaf,67eaeaae05cc33550f061649f99bb92951375c55491458d36e2f1c224114a8b1,273,314,0.17143104097340256,2.5808967488465377,0.649108662416446,0.43215514575915936,2.1487416030873785,0.08405533938963185,0.11052204652300873,2.0382195565643695,0.03016387231116734,0.09606328761518261,0.03894307522292036,0.022366566165226285,0.14246220487405276,0.027460504220283944,0.013376829654694325,0.21300684163525996,0.015575139352159054
12,1.1,117,1.0,512,200,600,matched,iqp-parity,13701,124,339,2dfba75cd1eb1851404619edeee4e5d696fb2740bb6d8f95c6823b637ad8856d,6d2e8203ab09f7481803ba6cac1d0fef11989f0d29cc5ddaeca62054fed6f238,266,316,0.539658083114773,0.48708760943912754,1.0,-0.0,0.48708760943912754,0.28250154672542316,0.0015531355784110315,0.48553447386071635,0.08113903044622871,0.25676908369059714,0.08113903044622871,0.05754530068793251,0.3642107638476741,0.05754530068793251,0.03301195747157263,0.5223410992337442,0.03301195747157263
12,1.1,117,1.0,512,200,600,matched,iqp-mse,13701,124,339,2dfba75cd1eb1851404619edeee4e5d696fb2740bb6d8f95c6823b637ad8856d,6d2e8203ab09f7481803ba6cac1d0fef11989f0d29cc5ddaeca62054fed6f238,266,316,0.5181090000551194,0.35814067190373194,1.0,-0.0,0.35814067190373194,0.2842066663884861,0.0013477625521515456,0.35679290935158026,0.086126177842159,0.2725511957030348,0.086126177842159,0.06265700189628359,0.39656330314103544,0.06265700189628359,0.03669723974137203,0.580652527553355,0.03669723974137203
12,1.1,117,1.0,512,200,600,matched,ising-parity,30118,124,339,2dfba75cd1eb1851404619edeee4e5d696fb2740bb6d8f95c6823b637ad8856d,6d2e8203ab09f7481803ba6cac1d0fef11989f0d29cc5ddaeca62054fed6f238,266,316,0.3070331249618903,1.0037237405071742,0.5410698372548575,0.6142069192712788,0.38951682123589537,0.15971276695495895,0.00038039623576843935,0.3891364250001268,0.06280159125933195,0.19873921284598717,0.09350657572821616,0.048965342666228893,0.3099072320647398,0.06755870865110576,0.030889715089302296,0.48876131470415024,0.03874473785784552
12,1.1,117,1.0,512,200,600,matched,ising-nll,30121,124,339,2dfba75cd1eb1851404619edeee4e5d696fb2740bb6d8f95c6823b637ad8856d,6d2e8203ab09f7481803ba6cac1d0fef11989f0d29cc5ddaeca62054fed6f238,266,316,0.1373097919858992,1.0479386631618324,0.5324774424716565,0.6302147438514075,0.41772391931042485,0.153070515730917,0.0009966054644881192,0.4167273138459364,0.05855865487718132,0.1853121989784219,0.08847306429387769,0.045922044146973616,0.2906458490314786,0.06437631856816155,0.029344817718188393,0.4643167360472847,0.03727488502816505
12,1.1,117,1.0,512,200,600,matched,transformer,35618,124,339,2dfba75cd1eb1851404619edeee4e5d696fb2740bb6d8f95c6823b637ad8856d,6d2e8203ab09f7481803ba6cac1d0fef11989f0d29cc5ddaeca62054fed6f238,266,316,4.260360040934756,0.7524080222155747,0.7355511540010885,0.30713519139164225,0.44527283082393243,0.11087028492907891,0.07821004966911538,0.3670627811548169,0.05754788250676648,0.18211355223660278,0.07150254613811804,0.045849659703369613,0.2901877196415798,0.054784493496927905,0.029574300259509266,0.46794778891628586,0.03350935677171205
12,1.1,117,1.0,512,200,600,matched,maxent,36118,124,339,2dfba75cd1eb1851404619edeee4e5d696fb2740bb6d8f95c6823b637ad8856d,6d2e8203ab09f7481803ba6cac1d0fef11989f0d29cc5ddaeca62054fed6f238,266,316,0.12176612496841699,4.4287929211865045,0.6182360287410336,0.48088497090949234,3.947907950277012,0.09411919255438689,0.07637673543831405,3.8715312148386984,0.02816405949168132,0.0891267705432953,0.036541724848646866,0.020233725333297137,0.12806155274238695,0.02482154251670704,0.011582132510163391,0.18326159035068657,0.013294654556202974
12,1.1,118,1.0,512,200,600,matched,iqp-parity,13702,125,340,33454634e99fdae6501479ad187bbb9d1757b855efd57d4a4d852e85f891d295,3672d037714419789c221c8c7564a09d4bd2e60bbf08a0fa3cd13f9a40a45c57,258,302,0.5805574159603566,0.311854662965949,1.0,-0.0,0.311854662965949,0.3214696354182692,0.004343002333551074,0.3075116606323978,0.0991964565802252,0.3284650880139907,0.0991964565802252,0.07011580436043645,0.46434307523467844,0.07011580436043645,0.03943478003678422,0.6528937092182817,0.03943478003678422
12,1.1,118,1.0,512,200,600,matched,iqp-mse,13702,125,340,33454634e99fdae6501479ad187bbb9d1757b855efd57d4a4d852e85f891d295,3672d037714419789c221c8c7564a09d4bd2e60bbf08a0fa3cd13f9a40a45c57,258,302,0.4054762090090662,0.3904497303216498,1.0,-0.0,0.3904497303216498,0.31748699437188616,0.003592269143187332,0.3868574611784624,0.09378947651645149,0.31056118051805126,0.09378947651645149,0.06591230323850567,0.43650531946030247,0.06591230323850567,0.03676082482496069,0.6086229275655742,0.03676082482496069
12,1.1,118,1.0,512,200,600,matched,ising-parity,30119,125,340,33454634e99fdae6501479ad187bbb9d1757b855efd57d4a4d852e85f891d295,3672d037714419789c221c8c7564a09d4bd2e60bbf08a0fa3cd13f9a40a45c57,258,302,0.2884071250446141,0.962272215831715,0.5385566335605871,0.6188626188151356,0.34340959701657936,0.1659400652128155,0.002097670491127364,0.34131192652545184,0.06585474351800331,0.21806206462915007,0.09806174346492466,0.051193710657872815,0.3390311964097537,0.07056077118280756,0.032115937466295694,0.5317208189784055,0.04001196923584212
12,1.1,118,1.0,512,200,600,matched,ising-nll,30122,125,340,33454634e99fdae6501479ad187bbb9d1757b855efd57d4a4d852e85f891d295,3672d037714419789c221c8c7564a09d4bd2e60bbf08a0fa3cd13f9a40a45c57,258,302,0.1322381249628961,1.0233625113952718,0.5300331722335911,0.6348156852746035,0.38854682612066826,0.1578656432073725,0.0009065548569478533,0.38764027126372036,0.06277480735488637,0.20786360051286878,0.09497815861064697,0.049139102489179035,0.32542451979588766,0.06840578278463966,0.030928267916301967,0.5120574158328141,0.03875455520573793
12,1.1,118,1.0,512,200,600,matched,transformer,35619,125,340,33454634e99fdae6501479ad187bbb9d1757b855efd57d4a4d852e85f891d295,3672d037714419789c221c8c7564a09d4bd2e60bbf08a0fa3cd13f9a40a45c57,258,302,4.162855584057979,0.5444293876912609,0.8193401557331902,0.1992559507893772,0.34517343690188373,0.16843216929258067,0.015083728439743427,0.33008970846214025,0.06451820440725128,0.21363643843460692,0.07351585656675166,0.04957713248461706,0.32832538069282824,0.055379769899784166,0.03134741545588895,0.518996944633923,0.03401450037625353
12,1.1,118,1.0,512,200,600,matched,maxent,36119,125,340,33454634e99fdae6501479ad187bbb9d1757b855efd57d4a4d852e85f891d295,3672d037714419789c221c8c7564a09d4bd2e60bbf08a0fa3cd13f9a40a45c57,258,302,0.13699241692665964,2.318933235154388,0.6640420848087244,0.40940975077814645,1.9095234843762414,0.06290296522098829,0.13661978678232312,1.7729036975939185,0.02310412072908276,0.07650371102345284,0.03023546570568061,0.01794964970113989,0.11887185232542974,0.02252711034793954,0.01155988745084158,0.19138886508015862,0.013817627891438445
12,1.1,119,1.0,512,200,600,matched,iqp-parity,13703,126,341,4adcfb97dea75d6306609aa9ac069cbd745aae3f7f480b928ef58fdd7c9527fc,a56289775eec0ce432a321db146cf9b88569ccab3daaa3aefaeb57ea0050cb73,271,314,0.5362920830957592,0.34534754421701086,1.0,-0.0,0.34534754421701086,0.2912047848104437,8.871121159010741e-05,0.3452588330054206,0.08742147249428103,0.2784123327843345,0.08742147249428103,0.06291162884666456,0.40071101176219465,0.06291162884666456,0.036338331998775064,0.5786358598531061,0.036338331998775064
12,1.1,119,1.0,512,200,600,matched,iqp-mse,13703,126,341,4adcfb97dea75d6306609aa9ac069cbd745aae3f7f480b928ef58fdd7c9527fc,a56289775eec0ce432a321db146cf9b88569ccab3daaa3aefaeb57ea0050cb73,271,314,0.37559604190755635,0.4146951351062603,1.0,-0.0,0.4146951351062603,0.2796298503565667,7.576480570986414e-05,0.4146193703005503,0.09252406853097435,0.29466263863367625,0.09252406853097435,0.06550528203037742,0.417231095734888,0.06550528203037742,0.03698116097428883,0.5888719900364463,0.03698116097428883
12,1.1,119,1.0,512,200,600,matched,ising-parity,30120,126,341,4adcfb97dea75d6306609aa9ac069cbd745aae3f7f480b928ef58fdd7c9527fc,a56289775eec0ce432a321db146cf9b88569ccab3daaa3aefaeb57ea0050cb73,271,314,0.2716113340575248,1.0121456055396953,0.5489321328835801,0.5997804646340196,0.4123651409056758,0.14343345999453222,0.0014484470091983385,0.4109166938964772,0.057551222896191814,0.18328414935092935,0.08515660538880057,0.04500004255349701,0.28662447486303827,0.06198415253924835,0.02865503130863084,0.4562903074622745,0.03611048498355548
12,1.1,119,1.0,512,200,600,matched,ising-nll,30123,126,341,4adcfb97dea75d6306609aa9ac069cbd745aae3f7f480b928ef58fdd7c9527fc,a56289775eec0ce432a321db146cf9b88569ccab3daaa3aefaeb57ea0050cb73,271,314,0.12196970894001424,1.0865297037231847,0.5370367062744228,0.621688832480789,0.4648408712423957,0.14222298541926864,0.0010454895011782449,0.4637953817412171,0.053341987989438865,0.16987894264152503,0.0804991560983611,0.042023219862910424,0.26766382078286893,0.0588548510975232,0.026918142521426457,0.4286328426978735,0.03394767202986642
12,1.1,119,1.0,512,200,600,matched,transformer,35620,126,341,4adcfb97dea75d6306609aa9ac069cbd745aae3f7f480b928ef58fdd7c9527fc,a56289775eec0ce432a321db146cf9b88569ccab3daaa3aefaeb57ea0050cb73,271,314,4.129752917098813,0.6210526289763402,0.7303721134188974,0.31420113030579955,0.3068514986705406,0.13238434504991434,0.032207885887082024,0.27464361278345845,0.060712871472862015,0.19335309386261787,0.07596241691909106,0.04866610412217373,0.3099751854915524,0.058596550692618,0.03172583743055389,0.5051884941171001,0.03614463395228769
12,1.1,119,1.0,512,200,600,matched,maxent,36120,126,341,4adcfb97dea75d6306609aa9ac069cbd745aae3f7f480b928ef58fdd7c9527fc,a56289775eec0ce432a321db146cf9b88569ccab3daaa3aefaeb57ea0050cb73,271,314,0.10941945796366781,3.777176575366246,0.7432957038092567,0.29666132715558335,3.4805152482106627,0.029035596489294508,0.35538784318125854,3.1251274050294042,0.010819319694979684,0.03445643214961683,0.01347772406200359,0.008831725985406604,0.056253031754182184,0.010625899273760212,0.005967678011642144,0.09502671993060739,0.006871566192392933
12,1.1,120,1.0,512,200,600,matched,iqp-parity,13704,127,342,e2829403d0c5397b1fb31c9709677803436b19632f3dcc7ebb84645c52cfa7ca,be8ede604a893ee87034e6fb596cea91ea3be8f191d448807bebae1ef6fbfe79,283,312,0.4767676250776276,0.49015154507015485,1.0,-0.0,0.49015154507015485,0.3022707724979612,0.0007379170958236869,0.48941362797433097,0.09013395104721997,0.28889086874108966,0.09013395104721997,0.061790715312084465,0.39609432892361834,0.061790715312084465,0.03408116433041547,0.5461725052951197,0.03408116433041547
12,1.1,120,1.0,512,200,600,matched,iqp-mse,13704,127,342,e2829403d0c5397b1fb31c9709677803436b19632f3dcc7ebb84645c52cfa7ca,be8ede604a893ee87034e6fb596cea91ea3be8f191d448807bebae1ef6fbfe79,283,312,0.35717887501232326,0.4305319708340347,1.0,-0.0,0.4305319708340347,0.30990834596967154,0.0015057612064775135,0.4290262096275571,0.09559865675693999,0.3064059511440384,0.09559865675693999,0.06689103403901944,0.4287886797373041,0.06689103403901944,0.03764183238552292,0.603234493357739,0.03764183238552292
12,1.1,120,1.0,512,200,600,matched,ising-parity,30121,127,342,e2829403d0c5397b1fb31c9709677803436b19632f3dcc7ebb84645c52cfa7ca,be8ede604a893ee87034e6fb596cea91ea3be8f191d448807bebae1ef6fbfe79,283,312,0.2596268749330193,1.0086074849397872,0.5478153919566819,0.6018169247810413,0.40679056015874593,0.15152537764625962,0.00016413012298242304,0.4066264300357631,0.06258283013935492,0.200585994036394,0.0920712770932102,0.04851400992785335,0.310987243127265,0.06592076419004415,0.03014487839699167,0.48309099995178956,0.03721856794479163
12,1.1,120,1.0,512,200,600,matched,ising-nll,30124,127,342,e2829403d0c5397b1fb31c9709677803436b19632f3dcc7ebb84645c52cfa7ca,be8ede604a893ee87034e6fb596cea91ea3be8f191d448807bebae1ef6fbfe79,283,312,0.13275141699705273,1.06091327512652,0.527892785240557,0.6388620741515154,0.4220512009750046,0.1694625527720961,0.0030860259085848524,0.4189651750664195,0.061705772153191986,0.19777491074741022,0.09189750530917622,0.04735812161464572,0.3035777026579854,0.06499338718977722,0.029188006208537513,0.46775650975220373,0.036492919199224115
12,1.1,120,1.0,512,200,600,matched,transformer,35621,127,342,e2829403d0c5397b1fb31c9709677803436b19632f3dcc7ebb84645c52cfa7ca,be8ede604a893ee87034e6fb596cea91ea3be8f191d448807bebae1ef6fbfe79,283,312,4.86878500005696,0.6063925898983258,0.7139790498208942,0.33690165906058034,0.26949093083774545,0.14526121588383,0.018716963363027375,0.2507739674747179,0.06735767211027628,0.215889974712424,0.08517688145011948,0.05329339173644308,0.3416243060028403,0.06434642105334064,0.03374057691756487,0.5407143736789243,0.03835082723989713
12,1.1,120,1.0,512,200,600,matched,maxent,36121,127,342,e2829403d0c5397b1fb31c9709677803436b19632f3dcc7ebb84645c52cfa7ca,be8ede604a893ee87034e6fb596cea91ea3be8f191d448807bebae1ef6fbfe79,283,312,0.13347025006078184,3.259137494449475,0.7316029725686295,0.3125172993672982,2.946620195082177,0.03369073336255675,0.31275482645537345,2.633865368626803,0.013550386326755707,0.04343072540626829,0.01726002261802931,0.011316254144877958,0.0725400906722946,0.01384223891623552,0.007738466187203551,0.12401388120518511,0.008961868508841593
12,1.2,111,1.0,512,200,600,matched,iqp-parity,13695,118,333,4cb01d4b67419c02fedce348769f0f36cbe2f7b6eb4e67b0f2c0899dc6f7890c,46ec6552ea8abd2c67a85ebf993bb74a1984e0f557904f8a35ae4eb6d2b596da,273,319,0.4615431670099497,0.4113960527818663,1.0,-0.0,0.4113960527818663,0.21231504364008918,0.0008905684933563016,0.41050548428850997,0.06926242473104802,0.21712358849858313,0.06926242473104802,0.048738556113182174,0.30557088472214533,0.048738556113182174,0.027996692919723908,0.43881963824018666,0.027996692919723908
12,1.2,111,1.0,512,200,600,matched,iqp-mse,13695,118,333,4cb01d4b67419c02fedce348769f0f36cbe2f7b6eb4e67b0f2c0899dc6f7890c,46ec6552ea8abd2c67a85ebf993bb74a1984e0f557904f8a35ae4eb6d2b596da,273,319,0.44030133401975036,0.34770525096796484,1.0,-0.0,0.34770525096796484,0.22623770532409332,3.493746276898987e-05,0.3476703135051958,0.0720868399810979,0.22597755479967993,0.0720868399810979,0.051797855667112785,0.32475144618879487,0.051797855667112785,0.030510729250007376,0.47822459639509995,0.030510729250007376
12,1.2,111,1.0,512,200,600,matched,ising-parity,30112,118,333,4cb01d4b67419c02fedce348769f0f36cbe2f7b6eb4e67b0f2c0899dc6f7890c,46ec6552ea8abd2c67a85ebf993bb74a1984e0f557904f8a35ae4eb6d2b596da,273,319,0.29610591602977365,0.9630596399276111,0.5719691435470134,0.5586702339052934,0.40438940602231777,0.11453178844965639,0.0026244538753900926,0.40176495214692753,0.04949483982808856,0.15515623770560677,0.07183392086433041,0.038973157421270464,0.24434581455341983,0.052921741652230014,0.025028036199455313,0.39228896864350016,0.031217437726498463
12,1.2,111,1.0,512,200,600,matched,ising-nll,30115,118,333,4cb01d4b67419c02fedce348769f0f36cbe2f7b6eb4e67b0f2c0899dc6f7890c,46ec6552ea8abd2c67a85ebf993bb74a1984e0f557904f8a35ae4eb6d2b596da,273,319,0.1501493330579251,1.0164747398194747,0.5537138610037057,0.591107222048259,0.4253675177712156,0.11862304556348044,0.0007024415914090344,0.4246650761798063,0.05015401052559871,0.1572226035285226,0.07413381379173,0.03943010571232235,0.24721069412114322,0.0545487893249541,0.02542912937125982,0.39857569547429184,0.032098399615436646
12,1.2,111,1.0,512,200,600,matched,transformer,35612,118,333,4cb01d4b67419c02fedce348769f0f36cbe2f7b6eb4e67b0f2c0899dc6f7890c,46ec6552ea8abd2c67a85ebf993bb74a1984e0f557904f8a35ae4eb6d2b596da,273,319,4.640612666029483,0.39298938697778707,0.8133236283311471,0.20662618181392772,0.18636320516385935,0.11166006678134784,0.030974945135110996,0.15538826002874837,0.056598748423825555,0.17742554364835597,0.06565126254693644,0.04547947624133052,0.28513778207730733,0.05166554498867065,0.030219237079081206,0.4736557535906145,0.03313957062322328
12,1.2,111,1.0,512,200,600,matched,maxent,36112,118,333,4cb01d4b67419c02fedce348769f0f36cbe2f7b6eb4e67b0f2c0899dc6f7890c,46ec6552ea8abd2c67a85ebf993bb74a1984e0f557904f8a35ae4eb6d2b596da,273,319,0.1336502080084756,3.1441000794460545,0.7643847319775324,0.26868404068057994,2.875416038765475,0.016421922294876188,0.36007625295744494,2.5153397858080297,0.005670145966262013,0.01777475224533546,0.007094586331090834,0.00494117045751308,0.030979125125473857,0.005993474393110665,0.003590006894457287,0.05626970054008287,0.0041331423151629975
12,1.2,112,1.0,512,200,600,matched,iqp-parity,13696,119,334,e185801744a1fc86d6c5850591391a40f5976f0bdb867aff3ce5e5b928526799,b0126d22db14df8032614d0be237f7ba7f8faae015df79310d48a47a7e019709,279,325,0.4742404160788283,0.38479502385360564,1.0,-0.0,0.38479502385360564,0.22959122637771945,0.001174634810869938,0.38362038904273577,0.07154534155019983,0.2201395124621533,0.07154534155019983,0.050625937259224936,0.31154422928753805,0.050625937259224936,0.029145435579304636,0.44839131660468673,0.029145435579304636
12,1.2,112,1.0,512,200,600,matched,iqp-mse,13696,119,334,e185801744a1fc86d6c5850591391a40f5976f0bdb867aff3ce5e5b928526799,b0126d22db14df8032614d0be237f7ba7f8faae015df79310d48a47a7e019709,279,325,0.3966241660527885,0.42308091228799155,1.0,-0.0,0.42308091228799155,0.22456415365060814,0.0018366190550038741,0.42124429323298773,0.06740904156578122,0.20741243558701913,0.06740904156578122,0.047761737722968337,0.2939183859874974,0.047761737722968337,0.027915248632355578,0.42946536357470116,0.027915248632355578
12,1.2,112,1.0,512,200,600,matched,ising-parity,30113,119,334,e185801744a1fc86d6c5850591391a40f5976f0bdb867aff3ce5e5b928526799,b0126d22db14df8032614d0be237f7ba7f8faae015df79310d48a47a7e019709,279,325,0.252577209030278,1.064593976849447,0.5864998671738441,0.5335828373611917,0.5310111394882553,0.11608125796448152,0.008102490708555891,0.5229086487796992,0.0483830400140956,0.14887089235106338,0.06830311639128472,0.03755676689576038,0.2311185655123716,0.05021442416651999,0.024057118116089765,0.37010950947830407,0.029743326456073926
12,1.2,112,1.0,512,200,600,matched,ising-nll,30116,119,334,e185801744a1fc86d6c5850591391a40f5976f0bdb867aff3ce5e5b928526799,b0126d22db14df8032614d0be237f7ba7f8faae015df79310d48a47a7e019709,279,325,0.11160766694229096,1.1337411185016237,0.5762803619562495,0.5511609971981175,0.5825801213035062,0.11995427948828588,0.005119206230250382,0.5774609150732555,0.04120545507198527,0.12678601560610853,0.05807513606528373,0.03148729165666478,0.19376794865639865,0.041983024133361066,0.019865467594127818,0.3056225783711972,0.02484584408219618
12,1.2,112,1.0,512,200,600,matched,transformer,35613,119,334,e185801744a1fc86d6c5850591391a40f5976f0bdb867aff3ce5e5b928526799,b0126d22db14df8032614d0be237f7ba7f8faae015df79310d48a47a7e019709,279,325,3.6707079999614507,0.6008778089769886,0.6768360993829738,0.3903261337807446,0.21055167519624401,0.12815455707806733,0.01121115385593209,0.19934052134031202,0.061543893704358636,0.18936582678264197,0.08207474847594406,0.05037042247175674,0.3099718305954261,0.06390941632027985,0.03351948558005133,0.5156843935392512,0.039480635073478015
12,1.2,112,1.0,512,200,600,matched,maxent,36113,119,334,e185801744a1fc86d6c5850591391a40f5976f0bdb867aff3ce5e5b928526799,b0126d22db14df8032614d0be237f7ba7f8faae015df79310d48a47a7e019709,279,325,0.2524201669730246,2.9316057867967773,0.739492945938846,0.3017905358370952,2.629815250959682,0.03702558676847219,0.2251151000700639,2.404700150889618,0.01112038053875162,0.03421655550385114,0.013560217354445526,0.008614655738249542,0.05301326608153564,0.010208019535471973,0.0055159271423353235,0.08486041757438958,0.006257177424297581
12,1.2,113,1.0,512,200,600,matched,iqp-parity,13697,120,335,493be07e98eb502062a8279e655249fcc70886546adadf90c64d13dfd268e54b,494a09d0cb32c8fd575150abd91ad12074451b075c550159cd5a0edda3ce9c1b,296,325,0.46752562501933426,0.42219816176899566,1.0,-0.0,0.42219816176899566,0.2223292893632516,6.968963330402072e-05,0.42212847213569155,0.06440461335352157,0.19816804108775868,0.06440461335352157,0.0466062170454046,0.2868074895101822,0.0466062170454046,0.027702309886417396,0.42618938286795993,0.027702309886417396
12,1.2,113,1.0,512,200,600,matched,iqp-mse,13697,120,335,493be07e98eb502062a8279e655249fcc70886546adadf90c64d13dfd268e54b,494a09d0cb32c8fd575150abd91ad12074451b075c550159cd5a0edda3ce9c1b,296,325,0.36974029103294015,0.5387003184354957,1.0000000000000004,-4.440892098500625e-16,0.5387003184354962,0.2361363542909564,0.00022077792705312536,0.5384795405084432,0.0636934071888144,0.19597971442712125,0.06369340718881437,0.04519200643048631,0.2781046549568389,0.0451920064304863,0.02630634497575788,0.40471299962704427,0.026306344975757873
12,1.2,113,1.0,512,200,600,matched,ising-parity,30114,120,335,493be07e98eb502062a8279e655249fcc70886546adadf90c64d13dfd268e54b,494a09d0cb32c8fd575150abd91ad12074451b075c550159cd5a0edda3ce9c1b,296,325,0.2559060420608148,1.2741248518246013,0.6376892272823071,0.4499042188845054,0.824220632940096,0.08244097790244861,0.03594581008794624,0.7882748228521497,0.03923938814336768,0.12073657890266977,0.054635961135531985,0.032235477174576276,0.1983721672281617,0.042523186765281586,0.02170138863557518,0.3338675174703874,0.02632734505937184
12,1.2,113,1.0,512,200,600,matched,ising-nll,30117,120,335,493be07e98eb502062a8279e655249fcc70886546adadf90c64d13dfd268e54b,494a09d0cb32c8fd575150abd91ad12074451b075c550159cd5a0edda3ce9c1b,296,325,0.12020445801317692,1.1613415852446163,0.6283278107958361,0.4646932569911064,0.6966483282535099,0.08682186588126838,0.028756707299182213,0.6678916209543275,0.03838189319296798,0.11809813290143993,0.05262787163748986,0.030430651775661125,0.18726554938868384,0.04007445231763826,0.02034874238944763,0.31305757522227123,0.02516895191520957
12,1.2,113,1.0,512,200,600,matched,transformer,35614,120,335,493be07e98eb502062a8279e655249fcc70886546adadf90c64d13dfd268e54b,494a09d0cb32c8fd575150abd91ad12074451b075c550159cd5a0edda3ce9c1b,296,325,4.104325666907243,0.6500746423998833,0.6995356138127895,0.35733857293062127,0.29273606946926206,0.08778154069126516,0.0393562213159738,0.2533798481532881,0.04809785612097612,0.1479934034491573,0.06309925466875245,0.04003420236597939,0.24636432225218086,0.05059349953110417,0.02792726019342904,0.4296501568219852,0.03328535858183106
12,1.2,113,1.0,512,200,600,matched,maxent,36114,120,335,493be07e98eb502062a8279e655249fcc70886546adadf90c64d13dfd268e54b,494a09d0cb32c8fd575150abd91ad12074451b075c550159cd5a0edda3ce9c1b,296,325,0.1314671249128878,4.801154285936753,0.9268938561553034,0.07591622250153526,4.725238063435218,0.0021882038900510963,0.8404801439757686,3.8847579194594486,0.0011638158333650518,0.00358097179496939,0.0012313870942511638,0.0009424046230991153,0.005799413065225324,0.0009896267912705022,0.000669618383516682,0.010301821284872031,0.000702600707291516
12,1.2,114,1.0,512,200,600,matched,iqp-parity,13698,121,336,89fdf57c802f4350d43a8da9bb17f3e93cd2a03dccef790f6bfcb538770f727f,9fc9306ab4737b5804dc59a07264243c6abc622ca16efa0cd4d6bddf38b05e36,269,321,0.5274203330045566,0.3688834513671747,1.0,-0.0,0.3688834513671747,0.2588603642803029,0.0011711099349571118,0.3677123414322177,0.07794587366226642,0.24282203633104804,0.07794587366226642,0.05474872564272739,0.3411135554064012,0.05474872564272739,0.031028184787624764,0.48330505899727044,0.031028184787624764
12,1.2,114,1.0,512,200,600,matched,iqp-mse,13698,121,336,89fdf57c802f4350d43a8da9bb17f3e93cd2a03dccef790f6bfcb538770f727f,9fc9306ab4737b5804dc59a07264243c6abc622ca16efa0cd4d6bddf38b05e36,269,321,0.562570667010732,0.40094336976064293,0.9999999999999998,2.2204460492503136e-16,0.4009433697606427,0.2468126594978351,0.00021758334296645247,0.4007257864176763,0.07772888678603848,0.24214606475401398,0.0777288867860385,0.054769812900374755,0.3412449401892508,0.054769812900374755,0.031349313231160365,0.48830705967539506,0.031349313231160365
12,1.2,114,1.0,512,200,600,matched,ising-parity,30115,121,336,89fdf57c802f4350d43a8da9bb17f3e93cd2a03dccef790f6bfcb538770f727f,9fc9306ab4737b5804dc59a07264243c6abc622ca16efa0cd4d6bddf38b05e36,269,321,0.2978906659409404,0.992077631869989,0.5601646151331694,0.5795245828544776,0.4125530490155114,0.15163140944119066,0.002805586466207894,0.4097474625493033,0.048920417066005896,0.1524000531651274,0.07058934271427242,0.037743261268564546,0.23516050634619654,0.05178313108218074,0.024358651548588545,0.37941824842038235,0.030962882522466383
12,1.2,114,1.0,512,200,600,matched,ising-nll,30118,121,336,89fdf57c802f4350d43a8da9bb17f3e93cd2a03dccef790f6bfcb538770f727f,9fc9306ab4737b5804dc59a07264243c6abc622ca16efa0cd4d6bddf38b05e36,269,321,0.13609137502498925,0.9953757086315672,0.5552328413189795,0.5883677193073752,0.407007989324192,0.14875912508240724,0.002363083975002865,0.4046449053491893,0.05154832725573257,0.16058668927019493,0.07446357640514845,0.03954042329323221,0.24635777752792654,0.05379294463063967,0.024961898916590213,0.3888146248690064,0.03130118929607053
12,1.2,114,1.0,512,200,600,matched,transformer,35615,121,336,89fdf57c802f4350d43a8da9bb17f3e93cd2a03dccef790f6bfcb538770f727f,9fc9306ab4737b5804dc59a07264243c6abc622ca16efa0cd4d6bddf38b05e36,269,321,4.023557082982734,0.5586621778347957,0.7710230520797664,0.26003700692962867,0.298625170905167,0.11022003312238787,0.03166091480530339,0.2669642560998636,0.055730802974333034,0.17361620864278202,0.06765192077705473,0.0455353110720504,0.2837091032526505,0.053558015267873016,0.03047161442513203,0.47463573870922166,0.03422970132674351
12,1.2,114,1.0,512,200,600,matched,maxent,36115,121,336,89fdf57c802f4350d43a8da9bb17f3e93cd2a03dccef790f6bfcb538770f727f,9fc9306ab4737b5804dc59a07264243c6abc622ca16efa0cd4d6bddf38b05e36,269,321,0.30251991702243686,2.753130501091556,0.7462481204649503,0.29269713291842964,2.4604333681731263,0.03822448393052761,0.19828592784357393,2.262147440329552,0.014326140331307736,0.04462972065827955,0.017356221828244967,0.010948909619480175,0.06821750541732197,0.012711841474754642,0.006665792634557002,0.10382854570961061,0.007439374238999298
12,1.2,115,1.0,512,200,600,matched,iqp-parity,13699,122,337,ba26711a8e890c8bf6d35ea246a6ddce7b5513c0e2dec931c9be0a785641ab6e,fae9b80b4b9bbecd172da441f7a298732dc4ec9c5fd56650a16ee48bf4f2164a,279,322,0.5088016249937937,0.37755747542510465,1.0000000000000002,-2.2204460492503128e-16,0.37755747542510487,0.2454400108184761,1.1987085642733118e-05,0.3775454883394622,0.07975121317368626,0.24767457507355983,0.07975121317368626,0.05604225077710441,0.34808851414350567,0.0560422507771044,0.031677278936990946,0.4918832133073128,0.031677278936990946
12,1.2,115,1.0,512,200,600,matched,iqp-mse,13699,122,337,ba26711a8e890c8bf6d35ea246a6ddce7b5513c0e2dec931c9be0a785641ab6e,fae9b80b4b9bbecd172da441f7a298732dc4ec9c5fd56650a16ee48bf4f2164a,279,322,0.3722540410235524,0.40634897545024684,0.9999999999999999,1.1102230246251565e-16,0.40634897545024673,0.2359236664259787,0.0003707337798868615,0.4059782416703598,0.07536394288937066,0.23404951207879088,0.07536394288937066,0.05393391963654074,0.33499328966795494,0.05393391963654075,0.03121153174477123,0.4846511140492427,0.03121153174477123
12,1.2,115,1.0,512,200,600,matched,ising-parity,30116,122,337,ba26711a8e890c8bf6d35ea246a6ddce7b5513c0e2dec931c9be0a785641ab6e,fae9b80b4b9bbecd172da441f7a298732dc4ec9c5fd56650a16ee48bf4f2164a,279,322,0.2625862080603838,1.138975587328015,0.620501440907238,0.47722735216895784,0.6617482351590571,0.10445823090502927,0.020146684561841238,0.6416015505972159,0.04953093549828306,0.1538227810505685,0.0685294938449816,0.03920779982344492,0.24352670697791873,0.0513225154503004,0.025360550911357953,0.3937973743999682,0.030686772795741876
12,1.2,115,1.0,512,200,600,matched,ising-nll,30119,122,337,ba26711a8e890c8bf6d35ea246a6ddce7b5513c0e2dec931c9be0a785641ab6e,fae9b80b4b9bbecd172da441f7a298732dc4ec9c5fd56650a16ee48bf4f2164a,279,322,0.13001283293124288,1.1524652847474126,0.597829971745087,0.5144488936459006,0.638016391101512,0.09850655828232849,0.022230498865634565,0.615785892235877,0.04747175765989219,0.14742781881954098,0.06647269304661155,0.036993083088154535,0.22977070241089773,0.048958965641691846,0.02365667945840522,0.36733974314293816,0.028976969577643466
12,1.2,115,1.0,512,200,600,matched,transformer,35616,122,337,ba26711a8e890c8bf6d35ea246a6ddce7b5513c0e2dec931c9be0a785641ab6e,fae9b80b4b9bbecd172da441f7a298732dc4ec9c5fd56650a16ee48bf4f2164a,279,322,4.8076250000158325,0.7860858712229424,0.7340991940934947,0.3091111176817039,0.47697475354123847,0.10240155772237357,0.04102465094105856,0.4359501026001797,0.05415486903860807,0.1681828231012673,0.0668766260284024,0.042384557314994555,0.26325811996891024,0.05022601111294858,0.026551420752253637,0.4122891421157397,0.029824985348649805
12,1.2,115,1.0,512,200,600,matched,maxent,36116,122,337,ba26711a8e890c8bf6d35ea246a6ddce7b5513c0e2dec931c9be0a785641ab6e,fae9b80b4b9bbecd172da441f7a298732dc4ec9c5fd56650a16ee48bf4f2164a,279,322,0.28207283292431384,3.5506285942588693,0.8841372175231531,0.12314300494792475,3.4274855893109444,0.007336243484476495,0.6328455125018349,2.79464007680911,0.004177382327865696,0.012973237043061168,0.004636960748027017,0.0036646499684907163,0.022761801046526187,0.004021700633282467,0.0027725521746563226,0.04305205240149569,0.0029910075050117754
12,1.2,116,1.0,512,200,600,matched,iqp-parity,13700,123,338,124e7ed589b1ca9e46cff37b03944d0f0edeb2ac1fc2bee4d7f5cc0ad113b79c,67eaeaae05cc33550f061649f99bb92951375c55491458d36e2f1c224114a8b1,273,316,0.9177085000555962,0.36797018938681386,1.0000000000000002,-2.2204460492503128e-16,0.3679701893868141,0.27958973507079715,0.003315428758776426,0.36465476062803753,0.07560940579798875,0.2392702715126226,0.07560940579798872,0.05323614234620902,0.3369376097861331,0.053236142346209006,0.03051665783387769,0.4828585100297103,0.030516657833877685
12,1.2,116,1.0,512,200,600,matched,iqp-mse,13700,123,338,124e7ed589b1ca9e46cff37b03944d0f0edeb2ac1fc2bee4d7f5cc0ad113b79c,67eaeaae05cc33550f061649f99bb92951375c55491458d36e2f1c224114a8b1,273,316,0.5812674590852112,0.4123712850461345,0.9999999999999999,1.1102230246251565e-16,0.4123712850461344,0.2690559168303024,0.0016883073455872186,0.4106829777005471,0.07716178542219136,0.24418286526009922,0.07716178542219138,0.05451720763706003,0.34504561795607613,0.054517207637060035,0.03125334482405406,0.49451494974769084,0.03125334482405407
12,1.2,116,1.0,512,200,600,matched,ising-parity,30117,123,338,124e7ed589b1ca9e46cff37b03944d0f0edeb2ac1fc2bee4d7f5cc0ad113b79c,67eaeaae05cc33550f061649f99bb92951375c55491458d36e2f1c224114a8b1,273,316,0.35577950009610504,1.0422680302723286,0.5744015419692753,0.554426576764826,0.48784145350750263,0.10583016147603826,0.010871137602177797,0.4769703159053247,0.050007250375821884,0.15825079232855027,0.07203604273808363,0.03912731421593331,0.24764122921476778,0.052705007438728003,0.024902939677121122,0.3940338556506507,0.03088826357029699
12,1.2,116,1.0,512,200,600,matched,ising-nll,30120,123,338,124e7ed589b1ca9e46cff37b03944d0f0edeb2ac1fc2bee4d7f5cc0ad113b79c,67eaeaae05cc33550f061649f99bb92951375c55491458d36e2f1c224114a8b1,273,316,0.1978698750026524,0.9474046081453205,0.5571338664981598,0.5849497331045013,0.3624548750408192,0.11603324975795304,0.0036318194249847432,0.35882305561583433,0.046711622981753076,0.14782159171440845,0.06906156625197801,0.036913223088392344,0.2336279942303313,0.05127410519105132,0.024094654814557706,0.38124453820502696,0.030692372798429415
12,1.2,116,1.0,512,200,600,matched,transformer,35617,123,338,124e7ed589b1ca9e46cff37b03944d0f0edeb2ac1fc2bee4d7f5cc0ad113b79c,67eaeaae05cc33550f061649f99bb92951375c55491458d36e2f1c224114a8b1,273,316,5.503779167076573,0.5792755126678963,0.7083604799709227,0.34480216236126876,0.23447335030662758,0.1178576601063224,0.019323696917267444,0.21514965338935998,0.0596753959226123,0.18884618962851993,0.07507005972947711,0.04649156333438765,0.29425040085055476,0.05643608536135342,0.029875974788923607,0.4727211200779051,0.034504347114529356
12,1.2,116,1.0,512,200,600,matched,maxent,36117,123,338,124e7ed589b1ca9e46cff37b03944d0f0edeb2ac1fc2bee4d7f5cc0ad113b79c,67eaeaae05cc33550f061649f99bb92951375c55491458d36e2f1c224114a8b1,273,316,0.4371440000832081,2.8271501804863677,0.7502552231327716,0.28734183282948417,2.5398083476568836,0.029735106203626852,0.2616640945444575,2.278144253112426,0.015346345016270486,0.048564382962881285,0.018447041469581024,0.011595657208001259,0.07339023549367886,0.0133442083424223,0.006871858413223706,0.1087319369180966,0.0075660317890781726
12,1.2,117,1.0,512,200,600,matched,iqp-parity,13701,124,339,9b9f8007685a265267beb299ad7319e47e5b8b25bc0aff8582c86b0bce5473be,6d2e8203ab09f7481803ba6cac1d0fef11989f0d29cc5ddaeca62054fed6f238,266,313,0.7006609580712393,0.3779303663247452,1.0000000000000002,-2.2204460492503128e-16,0.3779303663247454,0.2486288270552128,0.0022344246484560792,0.3756959416762895,0.07500217825099813,0.23962357268689496,0.0750021782509981,0.053840213179453714,0.3440269212744646,0.053840213179453714,0.031378631539525435,0.501256094880598,0.03137863153952543
12,1.2,117,1.0,512,200,600,matched,iqp-mse,13701,124,339,9b9f8007685a265267beb299ad7319e47e5b8b25bc0aff8582c86b0bce5473be,6d2e8203ab09f7481803ba6cac1d0fef11989f0d29cc5ddaeca62054fed6f238,266,313,0.5706297920551151,0.5350454744259305,1.0,-0.0,0.5350454744259305,0.2630072225176606,0.004927549084919727,0.5301179253410109,0.06744161854475987,0.21546842985546286,0.06744161854475987,0.0479452711076699,0.3063595597934179,0.0479452711076699,0.02771268218315422,0.4426946035647639,0.02771268218315422
12,1.2,117,1.0,512,200,600,matched,ising-parity,30118,124,339,9b9f8007685a265267beb299ad7319e47e5b8b25bc0aff8582c86b0bce5473be,6d2e8203ab09f7481803ba6cac1d0fef11989f0d29cc5ddaeca62054fed6f238,266,313,0.40560254198499024,0.9702404059157612,0.5640097641439807,0.5726837153219119,0.39755669059384935,0.1371314398155593,0.0014716168104695546,0.39608507378337965,0.05601020937748481,0.17894635583860963,0.08206134782708845,0.04410766914805808,0.2818381415211379,0.059863214161712835,0.027924087188316474,0.4460716803245443,0.03461577601881826
12,1.2,117,1.0,512,200,600,matched,ising-nll,30121,124,339,9b9f8007685a265267beb299ad7319e47e5b8b25bc0aff8582c86b0bce5473be,6d2e8203ab09f7481803ba6cac1d0fef11989f0d29cc5ddaeca62054fed6f238,266,313,0.17383629200048745,1.0502001061771793,0.5525854769386784,0.5931471481652196,0.45705295801195966,0.14015867251642836,0.003060905311699596,0.4539920527002597,0.050258439436034114,0.16057009404483744,0.07311453339347564,0.03875579902124361,0.24764088831465567,0.0533403565917942,0.024880831060088975,0.39745736517714014,0.03174386187382355
12,1.2,117,1.0,512,200,600,matched,transformer,35618,124,339,9b9f8007685a265267beb299ad7319e47e5b8b25bc0aff8582c86b0bce5473be,6d2e8203ab09f7481803ba6cac1d0fef11989f0d29cc5ddaeca62054fed6f238,266,313,5.225626875064336,0.6127919799229118,0.7230134100944089,0.32432750914695985,0.28846447077595194,0.09876038666832142,0.025684303473849562,0.2627801673021023,0.052222058744906506,0.16684363816264058,0.06732578099878402,0.04392431517163932,0.2806665506175037,0.0542598372840155,0.030049287425870305,0.48002056590847136,0.03472308147085777
12,1.2,117,1.0,512,200,600,matched,maxent,36118,124,339,9b9f8007685a265267beb299ad7319e47e5b8b25bc0aff8582c86b0bce5473be,6d2e8203ab09f7481803ba6cac1d0fef11989f0d29cc5ddaeca62054fed6f238,266,313,0.12702783395070583,2.4098316888027074,0.6874129078987946,0.37482013688586124,2.0350115519168464,0.035000969214174914,0.1691215202668674,1.865890031649979,0.013747983254639209,0.04392326918415083,0.017900288557250725,0.010997029606208616,0.07026855978408061,0.013706843019499839,0.007226737569326611,0.11544309216176694,0.008517850164274676
12,1.2,118,1.0,512,200,600,matched,iqp-parity,13702,125,340,e2a2bbe1615a522d75bb77851469aac6a6bbb6eba85721355c06ea63864b9723,3672d037714419789c221c8c7564a09d4bd2e60bbf08a0fa3cd13f9a40a45c57,258,315,0.578891749959439,0.46603949715463566,1.0,-0.0,0.46603949715463566,0.21324339340633672,3.3834020385349606e-05,0.46600566313425035,0.07426931389885594,0.23577559967890774,0.07426931389885594,0.05246625764657695,0.3331190961687425,0.05246625764657695,0.02977573774703394,0.47263075788942766,0.02977573774703394
12,1.2,118,1.0,512,200,600,matched,iqp-mse,13702,125,340,e2a2bbe1615a522d75bb77851469aac6a6bbb6eba85721355c06ea63864b9723,3672d037714419789c221c8c7564a09d4bd2e60bbf08a0fa3cd13f9a40a45c57,258,315,0.4065891250502318,0.36024637143562477,1.0,-0.0,0.36024637143562477,0.2249595394226562,0.00020127036675118837,0.3600451010688736,0.07617757214583736,0.24183356236773765,0.07617757214583736,0.05402190163358902,0.3429962008481842,0.05402190163358902,0.030918907074388984,0.4907763027680791,0.030918907074388984
12,1.2,118,1.0,512,200,600,matched,ising-parity,30119,125,340,e2a2bbe1615a522d75bb77851469aac6a6bbb6eba85721355c06ea63864b9723,3672d037714419789c221c8c7564a09d4bd2e60bbf08a0fa3cd13f9a40a45c57,258,315,0.29644616693258286,0.930091835107013,0.562060271438397,0.576146190286424,0.353945644820589,0.1124565963105241,0.0008377482622002122,0.35310789655838865,0.049254203470196795,0.15636255069903743,0.07301727203528734,0.03927221764458245,0.24934741361639648,0.05433331835066172,0.025612353960890993,0.4065453009665237,0.032397350902937175
12,1.2,118,1.0,512,200,600,matched,ising-nll,30122,125,340,e2a2bbe1615a522d75bb77851469aac6a6bbb6eba85721355c06ea63864b9723,3672d037714419789c221c8c7564a09d4bd2e60bbf08a0fa3cd13f9a40a45c57,258,315,0.1336777500109747,0.9664232506693204,0.5494526324806589,0.5988327099810911,0.3675905406882294,0.1199198965540984,7.8400904402491e-06,0.367582700597789,0.04672718186695136,0.14834025989508368,0.0698892726293382,0.037051294589264275,0.23524631485247158,0.052012231895083846,0.024325494963131397,0.3861189676687523,0.03131546440090316
12,1.2,118,1.0,512,200,600,matched,transformer,35619,125,340,e2a2bbe1615a522d75bb77851469aac6a6bbb6eba85721355c06ea63864b9723,3672d037714419789c221c8c7564a09d4bd2e60bbf08a0fa3cd13f9a40a45c57,258,315,4.231195625034161,0.5947526588092091,0.7273696140645353,0.3183205206527067,0.2764321381565024,0.09079716430921016,0.032600394774173605,0.2438317433823288,0.04716027957776167,0.14971517326273545,0.059705168934242235,0.03870324542438125,0.24573489158337303,0.04745870839889093,0.026577868494897725,0.42187092849044006,0.030945161225172366
12,1.2,118,1.0,512,200,600,matched,maxent,36119,125,340,e2a2bbe1615a522d75bb77851469aac6a6bbb6eba85721355c06ea63864b9723,3672d037714419789c221c8c7564a09d4bd2e60bbf08a0fa3cd13f9a40a45c57,258,315,0.44839845900423825,2.5885085648638997,0.7038726260181645,0.35115786814518285,2.2373506967187167,0.03892467643864843,0.14907579547156347,2.0882749012471526,0.01917301645355296,0.06086671890016813,0.024196794525895945,0.014817247021100356,0.09407775886412925,0.017815162219332357,0.009144833767193078,0.14515609154274725,0.010410684488291298
12,1.2,119,1.0,512,200,600,matched,iqp-parity,13703,126,341,22f98490cf4c750aa19fced8720bf10c0740266321bdec5f88a9987191137a24,a56289775eec0ce432a321db146cf9b88569ccab3daaa3aefaeb57ea0050cb73,271,320,0.5174120420124382,0.33294942383462656,1.0,-0.0,0.33294942383462656,0.2707014648488672,0.002101643382404112,0.33084778045222246,0.0815470429373211,0.2548345091791284,0.0815470429373211,0.057627835620524565,0.36017397262827855,0.057627835620524565,0.03307307857971514,0.5167668528080491,0.03307307857971514
12,1.2,119,1.0,512,200,600,matched,iqp-mse,13703,126,341,22f98490cf4c750aa19fced8720bf10c0740266321bdec5f88a9987191137a24,a56289775eec0ce432a321db146cf9b88569ccab3daaa3aefaeb57ea0050cb73,271,320,0.3798196669667959,0.3647884328022269,0.9999999999999999,1.1102230246251565e-16,0.3647884328022268,0.2545187733244537,0.00040241424812731234,0.36438601855409947,0.07817988304376036,0.2443121345117511,0.07817988304376038,0.055299694071710696,0.34562308794819185,0.0552996940717107,0.03198202265475943,0.4997191039806161,0.03198202265475943
12,1.2,119,1.0,512,200,600,matched,ising-parity,30120,126,341,22f98490cf4c750aa19fced8720bf10c0740266321bdec5f88a9987191137a24,a56289775eec0ce432a321db146cf9b88569ccab3daaa3aefaeb57ea0050cb73,271,320,0.29646962496917695,0.9068013994412969,0.568461628707004,0.5648214637475754,0.34197993569372154,0.13816515505909915,1.841393153707003e-06,0.34197809430056764,0.05548754252769518,0.17339857039904744,0.07909372494765052,0.04258549769000583,0.2661593605625364,0.05739040399289548,0.02701829675475767,0.4221608867930886,0.03389311972246083
12,1.2,119,1.0,512,200,600,matched,ising-nll,30123,126,341,22f98490cf4c750aa19fced8720bf10c0740266321bdec5f88a9987191137a24,a56289775eec0ce432a321db146cf9b88569ccab3daaa3aefaeb57ea0050cb73,271,320,0.13217095797881484,1.0436898183252143,0.5613290503198991,0.5774480029485225,0.46624181537669185,0.12484261877422861,0.0011130946714495715,0.46512872070524236,0.0472306058506052,0.14759564328314126,0.06827068549838797,0.036512039643724084,0.22820024777327555,0.0494420508137996,0.023022117744447013,0.35972058975698457,0.0286671597995815
12,1.2,119,1.0,512,200,600,matched,transformer,35620,126,341,22f98490cf4c750aa19fced8720bf10c0740266321bdec5f88a9987191137a24,a56289775eec0ce432a321db146cf9b88569ccab3daaa3aefaeb57ea0050cb73,271,320,4.520060042035766,0.46816233749615177,0.7782776446036711,0.25067194879605215,0.21749038870009962,0.10924201256210209,0.0365945237776486,0.18089586492245102,0.051915351718858645,0.16223547412143327,0.06237146754991288,0.042217938159787916,0.26386211349867444,0.04946723356468425,0.028624404325998512,0.44725631759372675,0.032234995616735124
12,1.2,119,1.0,512,200,600,matched,maxent,36120,126,341,22f98490cf4c750aa19fced8720bf10c0740266321bdec5f88a9987191137a24,a56289775eec0ce432a321db146cf9b88569ccab3daaa3aefaeb57ea0050cb73,271,320,0.1303132080938667,2.9768861671413984,0.7745915235252064,0.25541945499620905,2.7214667121451894,0.012308220943003358,0.4618285589752433,2.259638153169946,0.005643516959515726,0.01763599049848664,0.006977915885926904,0.004901402346259671,0.03063376466412294,0.005881992320734308,0.0035523157894120807,0.05550493420956376,0.004075450368315753
12,1.2,120,1.0,512,200,600,matched,iqp-parity,13704,127,342,56971207885127514067804038e5889c70c9a442de5e4adb2d01d9b710493993,be8ede604a893ee87034e6fb596cea91ea3be8f191d448807bebae1ef6fbfe79,283,314,0.5279187919804826,0.39299194218997596,1.0,-0.0,0.39299194218997596,0.19326049733676612,0.00014804111029762933,0.3928439010796784,0.07134976335102139,0.22722854570388978,0.07134976335102139,0.05021223566388511,0.31982315709480963,0.05021223566388511,0.028618890047085604,0.4557148096669682,0.028618890047085604
12,1.2,120,1.0,512,200,600,matched,iqp-mse,13704,127,342,56971207885127514067804038e5889c70c9a442de5e4adb2d01d9b710493993,be8ede604a893ee87034e6fb596cea91ea3be8f191d448807bebae1ef6fbfe79,283,314,0.39741779095493257,0.40665667120213556,1.0,-0.0,0.40665667120213556,0.23010255272236596,0.0026268555371209076,0.4040298156650146,0.07141363532054144,0.22743195961955875,0.07141363532054144,0.05077481768630663,0.3234064820783862,0.05077481768630663,0.029539706175224965,0.4703774868666396,0.029539706175224965
12,1.2,120,1.0,512,200,600,matched,ising-parity,30121,127,342,56971207885127514067804038e5889c70c9a442de5e4adb2d01d9b710493993,be8ede604a893ee87034e6fb596cea91ea3be8f191d448807bebae1ef6fbfe79,283,314,0.26284704206045717,0.9144092662878889,0.5605977047022781,0.5787517346189497,0.3356575316689392,0.11512559425637049,8.588332526530615e-05,0.3355716483436738,0.04762581155916018,0.15167455910560568,0.07110996725089097,0.038239760658047815,0.2435653545098587,0.05343246777147455,0.02528897945961718,0.40269075572638824,0.03230050679303228
12,1.2,120,1.0,512,200,600,matched,ising-nll,30124,127,342,56971207885127514067804038e5889c70c9a442de5e4adb2d01d9b710493993,be8ede604a893ee87034e6fb596cea91ea3be8f191d448807bebae1ef6fbfe79,283,314,0.11303216591477394,1.0162034263448567,0.5528922384369093,0.5925921636515783,0.4236112626932784,0.1187214626191645,0.0006467309279192934,0.42296453176535903,0.04780789445001406,0.15225444092361165,0.07035373804059669,0.03734104290373656,0.2378410376034176,0.05134447002361534,0.023865008727985457,0.3800160625475391,0.030182068894542807
12,1.2,120,1.0,512,200,600,matched,transformer,35621,127,342,56971207885127514067804038e5889c70c9a442de5e4adb2d01d9b710493993,be8ede604a893ee87034e6fb596cea91ea3be8f191d448807bebae1ef6fbfe79,283,314,3.651730583049357,0.528897404708017,0.7241098165328589,0.3228122178047094,0.20608518690330763,0.10610959517007243,0.010486985349636394,0.19559820155367114,0.055124461554526105,0.1755556100462615,0.07022036812702279,0.04539864917641254,0.2891633705503983,0.05568567732064838,0.030739882544227645,0.4894885755450262,0.03552572554631048
12,1.2,120,1.0,512,200,600,matched,maxent,36121,127,342,56971207885127514067804038e5889c70c9a442de5e4adb2d01d9b710493993,be8ede604a893ee87034e6fb596cea91ea3be8f191d448807bebae1ef6fbfe79,283,314,0.13263620901852846,2.9793633696555704,0.8371453682942489,0.17775754580199304,2.8016058238535773,0.00814234929935268,0.43427513171479293,2.367330692138785,0.003922268860640531,0.012491302103950733,0.004558895541514895,0.0034459096211976984,0.021948468924826107,0.003939670181540595,0.002610809305004711,0.04157339657650814,0.0029107924354926686
12,1.3,111,1.0,512,200,600,matched,iqp-parity,13695,118,333,288786c3f6bda16b85791b2de6fbf71f6950a9e378416b6e1ca6c0d3978cea71,46ec6552ea8abd2c67a85ebf993bb74a1984e0f557904f8a35ae4eb6d2b596da,273,328,0.5342284170910716,0.4321677964590974,1.0,-0.0,0.4321677964590974,0.13494073837854748,0.0034554210642992085,0.4287123753947981,0.05216178839335342,0.15902984266266287,0.05216178839335342,0.03730763780425187,0.22748559636738944,0.03730763780425187,0.021980312263132618,0.335065735718485,0.021980312263132618
12,1.3,111,1.0,512,200,600,matched,iqp-mse,13695,118,333,288786c3f6bda16b85791b2de6fbf71f6950a9e378416b6e1ca6c0d3978cea71,46ec6552ea8abd2c67a85ebf993bb74a1984e0f557904f8a35ae4eb6d2b596da,273,328,0.36323212506249547,0.3768106073678737,1.0,-0.0,0.3768106073678737,0.15732419760433858,0.00017403753042285162,0.3766365698374507,0.05561017260041848,0.1695432091476173,0.05561017260041848,0.040043451166770286,0.24416738516323347,0.040043451166770286,0.023752148790471193,0.36207543887913407,0.023752148790471193
12,1.3,111,1.0,512,200,600,matched,ising-parity,30112,118,333,288786c3f6bda16b85791b2de6fbf71f6950a9e378416b6e1ca6c0d3978cea71,46ec6552ea8abd2c67a85ebf993bb74a1984e0f557904f8a35ae4eb6d2b596da,273,328,0.2727988329716027,0.9408978040796987,0.6387246757504625,0.4482817848247874,0.4926160192549113,0.07227066590648627,0.011573758083291794,0.4810422611716193,0.03669981254164243,0.1118896723830562,0.051045017436159676,0.03021084303683861,0.18421245754169885,0.040153769796981445,0.0208005272328449,0.3170812078177576,0.02561273514882384
12,1.3,111,1.0,512,200,600,matched,ising-nll,30115,118,333,288786c3f6bda16b85791b2de6fbf71f6950a9e378416b6e1ca6c0d3978cea71,46ec6552ea8abd2c67a85ebf993bb74a1984e0f557904f8a35ae4eb6d2b596da,273,328,0.12328470789361745,1.0903973257824267,0.6410461657163163,0.444653803256574,0.6457435225258527,0.069148982366044,0.01445662789148211,0.6312868946343704,0.02725525244901411,0.08309528185675034,0.03654925674539524,0.021283271079199206,0.12977604316584881,0.02743969182181269,0.014017728880883817,0.21368489147688746,0.0172615438590499
12,1.3,111,1.0,512,200,600,matched,transformer,35612,118,333,288786c3f6bda16b85791b2de6fbf71f6950a9e378416b6e1ca6c0d3978cea71,46ec6552ea8abd2c67a85ebf993bb74a1984e0f557904f8a35ae4eb6d2b596da,273,328,3.6376709170872346,0.4653536240210533,0.8031774927872455,0.21917955236552408,0.2461740716555292,0.0755146188217638,0.024137969638386547,0.22203610201714247,0.04366360833279197,0.13312075711217064,0.051093338131674625,0.03488607710565174,0.21271998235153497,0.03975098859397029,0.02278347937154572,0.3473091367613677,0.02511742882630042
12,1.3,111,1.0,512,200,600,matched,maxent,36112,118,333,288786c3f6bda16b85791b2de6fbf71f6950a9e378416b6e1ca6c0d3978cea71,46ec6552ea8abd2c67a85ebf993bb74a1984e0f557904f8a35ae4eb6d2b596da,273,328,0.1118426249595359,2.4039741825342595,0.8695171497156985,0.13981722172998082,2.2641569608042786,0.009912815108031008,0.2975399056289118,1.966617055175367,0.005884667554392424,0.017941059617050073,0.006547728534912546,0.004827668973263388,0.02943700593453285,0.005277290231011584,0.003230404440693214,0.04924397013251851,0.0034450024690783005
12,1.3,112,1.0,512,200,600,matched,iqp-parity,13696,119,334,2a135b8445552a0a6b0c3bdb24689fa71cce9e83336437e1bd5694ceabfc9172,b0126d22db14df8032614d0be237f7ba7f8faae015df79310d48a47a7e019709,279,336,0.4449257090454921,0.42051442656723187,1.0,-0.0,0.42051442656723187,0.11922731955214778,0.013835801515679043,0.4066786250515527,0.05053215474982127,0.1503933177078014,0.05053215474982127,0.036429748301127426,0.21684373988766326,0.036429748301127426,0.021561479231416193,0.32085534570559815,0.021561479231416193
12,1.3,112,1.0,512,200,600,matched,iqp-mse,13696,119,334,2a135b8445552a0a6b0c3bdb24689fa71cce9e83336437e1bd5694ceabfc9172,b0126d22db14df8032614d0be237f7ba7f8faae015df79310d48a47a7e019709,279,336,0.3152081250445917,0.3261024747886579,0.9999999999999998,2.2204460492503136e-16,0.32610247478865767,0.14194556568994715,0.004586850802338671,0.32151562398631894,0.05449137945382288,0.16217672456494905,0.05449137945382289,0.040143925371573325,0.2389519367355555,0.040143925371573325,0.024266383749732702,0.361106901037689,0.024266383749732702
12,1.3,112,1.0,512,200,600,matched,ising-parity,30113,119,334,2a135b8445552a0a6b0c3bdb24689fa71cce9e83336437e1bd5694ceabfc9172,b0126d22db14df8032614d0be237f7ba7f8faae015df79310d48a47a7e019709,279,336,0.25474108394701034,0.8885889231918457,0.6033940347467966,0.5051848383736662,0.38340408481817945,0.0736389107885731,0.012355745279062129,0.3710483395391171,0.03377281355921427,0.1005143260690901,0.04888786016752589,0.027788481281147328,0.16540762667349598,0.038259239353156574,0.019317380772852572,0.28746102340554425,0.024852340139301963
12,1.3,112,1.0,512,200,600,matched,ising-nll,30116,119,334,2a135b8445552a0a6b0c3bdb24689fa71cce9e83336437e1bd5694ceabfc9172,b0126d22db14df8032614d0be237f7ba7f8faae015df79310d48a47a7e019709,279,336,0.12081087497062981,1.4138962482478001,0.6113801987927323,0.4920362567153312,0.921859991532469,0.06320428071008952,0.024311447454337762,0.897548544078131,0.024389397730156217,0.07258749324451255,0.03367168835616111,0.01899700225921322,0.11307739440007868,0.02486598540649261,0.012191361293055496,0.1814190668609449,0.014989703811609042
12,1.3,112,1.0,512,200,600,matched,transformer,35613,119,334,2a135b8445552a0a6b0c3bdb24689fa71cce9e83336437e1bd5694ceabfc9172,b0126d22db14df8032614d0be237f7ba7f8faae015df79310d48a47a7e019709,279,336,3.996176749933511,0.5471640720006898,0.7361674018527752,0.30629773794614273,0.2408663340545471,0.0703903178374006,0.030982964339409252,0.20988336971513782,0.04079615672538877,0.1214171331112761,0.05164196155485256,0.034060194381959556,0.2027392522735688,0.04169827355867935,0.02385873001252638,0.3550406251864045,0.027921149456080263
12,1.3,112,1.0,512,200,600,matched,maxent,36113,119,334,2a135b8445552a0a6b0c3bdb24689fa71cce9e83336437e1bd5694ceabfc9172,b0126d22db14df8032614d0be237f7ba7f8faae015df79310d48a47a7e019709,279,336,0.17670420894864947,2.6123678184850516,0.7648949211925058,0.26801681250835707,2.3443510059766943,0.005346769884755573,0.4154895912864881,1.9288614146902066,0.0012058983399158706,0.0035889831545115195,0.001537474090704325,0.0011164064688140895,0.006645276600083867,0.0014004040646680247,0.0009420270088130132,0.014018259059717457,0.0011555734452541864
12,1.3,113,1.0,512,200,600,matched,iqp-parity,13697,120,335,b149bec6061de736f1f70eeff0828ea24c9600e22a106ef115d749b1eeeb7f39,494a09d0cb32c8fd575150abd91ad12074451b075c550159cd5a0edda3ce9c1b,296,336,0.4279536249814555,0.3711830737456603,1.0,-0.0,0.3711830737456603,0.19593806685568946,8.085638421023418e-06,0.3711749881072392,0.058818236627931855,0.17505427567836862,0.058818236627931855,0.041552479456673536,0.2473361872421044,0.041552479456673536,0.024332906695338934,0.36209682582349606,0.024332906695338934
12,1.3,113,1.0,512,200,600,matched,iqp-mse,13697,120,335,b149bec6061de736f1f70eeff0828ea24c9600e22a106ef115d749b1eeeb7f39,494a09d0cb32c8fd575150abd91ad12074451b075c550159cd5a0edda3ce9c1b,296,336,0.3563341670669615,0.29665937644084417,1.0,-0.0,0.29665937644084417,0.188743753542895,0.0002494864280125908,0.29640989001283163,0.06101356785108163,0.18158799955679056,0.06101356785108163,0.04375389985038298,0.26043988006180346,0.04375389985038298,0.02616918599591284,0.3894224106534649,0.02616918599591284
12,1.3,113,1.0,512,200,600,matched,ising-parity,30114,120,335,b149bec6061de736f1f70eeff0828ea24c9600e22a106ef115d749b1eeeb7f39,494a09d0cb32c8fd575150abd91ad12074451b075c550159cd5a0edda3ce9c1b,296,336,0.26485437504015863,1.0829173302917239,0.6784421986589086,0.38795599322714863,0.6949613370645753,0.07449318276057677,0.03274166305926085,0.6622196740053143,0.03482150522148733,0.10363543220680753,0.04565701262331644,0.027879035934179477,0.16594664246535404,0.03528463668948664,0.018735576140616793,0.2788032163782261,0.022401250329234963
12,1.3,113,1.0,512,200,600,matched,ising-nll,30117,120,335,b149bec6061de736f1f70eeff0828ea24c9600e22a106ef115d749b1eeeb7f39,494a09d0cb32c8fd575150abd91ad12074451b075c550159cd5a0edda3ce9c1b,296,336,0.12437479197978973,1.2358958827255235,0.6760875805482035,0.3914326543069897,0.8444632284185338,0.0675211839360986,0.04256434852776404,0.8018988798907698,0.03131450210526496,0.0931979229323362,0.04044850631332031,0.02416566737927478,0.14384325820996893,0.029677789982020104,0.014975258125318077,0.22284610305532854,0.017332500681018503
12,1.3,113,1.0,512,200,600,matched,transformer,35614,120,335,b149bec6061de736f1f70eeff0828ea24c9600e22a106ef115d749b1eeeb7f39,494a09d0cb32c8fd575150abd91ad12074451b075c550159cd5a0edda3ce9c1b,296,336,4.082406583009288,0.5648943361479705,0.7518836540330625,0.28517368238352236,0.2797206537644481,0.07933020857864273,0.03675816082423368,0.2429624929402144,0.04402944518866658,0.13104001544246008,0.05419498125800749,0.035784884523930076,0.2130052650233933,0.04287204425194436,0.024538887276421995,0.365162013041994,0.02830695165743397
12,1.3,113,1.0,512,200,600,matched,maxent,36114,120,335,b149bec6061de736f1f70eeff0828ea24c9600e22a106ef115d749b1eeeb7f39,494a09d0cb32c8fd575150abd91ad12074451b075c550159cd5a0edda3ce9c1b,296,336,0.12049674999434501,2.8454156075995405,0.9365750238263498,0.065525649440334,2.7798899581592065,0.004461562789173831,0.5630354885162034,2.2168544696430033,0.002904944340565428,0.00864566768025425,0.003078279467995373,0.0026115292502230207,0.015544816965613217,0.002750791628585694,0.0020093825949768006,0.029901526710964292,0.0020919434759718637
12,1.3,114,1.0,512,200,600,matched,iqp-parity,13698,121,336,03ea9cfad74f81b49f253287319abe5d6d18dbb1b691254457de9d78d8d9e3c3,9fc9306ab4737b5804dc59a07264243c6abc622ca16efa0cd4d6bddf38b05e36,269,326,0.5541203750763088,0.38333527824269553,0.9999999999999999,1.1102230246251565e-16,0.3833352782426954,0.17377801620053412,4.321704302018671e-06,0.3833309565383933,0.058782021329652406,0.18031294886396446,0.058782021329652406,0.04174605068719865,0.2561107404122617,0.04174605068719865,0.024416580916690828,0.3744874373725587,0.024416580916690828
12,1.3,114,1.0,512,200,600,matched,iqp-mse,13698,121,336,03ea9cfad74f81b49f253287319abe5d6d18dbb1b691254457de9d78d8d9e3c3,9fc9306ab4737b5804dc59a07264243c6abc622ca16efa0cd4d6bddf38b05e36,269,326,0.3514498749282211,0.3116928899127711,0.9999999999999999,1.1102230246251565e-16,0.311692889912771,0.17501141517787372,4.859814905114703e-08,0.3116928413146217,0.06283863191046749,0.19275653960266098,0.06283863191046749,0.04501425996190909,0.276161104060792,0.04501425996190909,0.02658578312904146,0.4077574099546236,0.02658578312904146
12,1.3,114,1.0,512,200,600,matched,ising-parity,30115,121,336,03ea9cfad74f81b49f253287319abe5d6d18dbb1b691254457de9d78d8d9e3c3,9fc9306ab4737b5804dc59a07264243c6abc622ca16efa0cd4d6bddf38b05e36,269,326,0.25241970794741064,0.8616404883635418,0.5953873451694205,0.5185430849605323,0.34309740340300954,0.10640501179550127,5.005940214435891e-05,0.343047344000865,0.04415175498215333,0.1354348312335992,0.06267415376778689,0.034948054792336467,0.21440524412476358,0.04703016994226056,0.022972004867455313,0.3523313629977809,0.02878805252914095
12,1.3,114,1.0,512,200,600,matched,ising-nll,30118,121,336,03ea9cfad74f81b49f253287319abe5d6d18dbb1b691254457de9d78d8d9e3c3,9fc9306ab4737b5804dc59a07264243c6abc622ca16efa0cd4d6bddf38b05e36,269,326,0.1319671249948442,0.9768518900671399,0.5991898236597248,0.5121768301347508,0.4646750599323891,0.09965898983513594,0.0002612969385355629,0.4644137629938532,0.034088610634554185,0.10456629029004351,0.04660999364371961,0.02588334155617212,0.15879350647958357,0.034294360041087005,0.016788670081675578,0.25749493990299965,0.021005706749933226
12,1.3,114,1.0,512,200,600,matched,transformer,35615,121,336,03ea9cfad74f81b49f253287319abe5d6d18dbb1b691254457de9d78d8d9e3c3,9fc9306ab4737b5804dc59a07264243c6abc622ca16efa0cd4d6bddf38b05e36,269,326,4.0132654159097,0.4409225462258999,0.7631131778263974,0.27034892602894756,0.17057362019695232,0.09921717158148619,0.008159470027053556,0.16241415016989857,0.05465470349183295,0.16765246469887407,0.06582146223782041,0.04303953189191334,0.2640462079258487,0.050358505413856135,0.027965994016035205,0.428926288589497,0.03146245295923265
12,1.3,114,1.0,512,200,600,matched,maxent,36115,121,336,03ea9cfad74f81b49f253287319abe5d6d18dbb1b691254457de9d78d8d9e3c3,9fc9306ab4737b5804dc59a07264243c6abc622ca16efa0cd4d6bddf38b05e36,269,326,0.21808254101779312,2.649982184165925,0.8900827532896292,0.1164408393541352,2.5335413448117894,0.0053973257453726175,0.43435855436707904,2.0991827904447105,0.003156816253590495,0.009683485440461641,0.003506366209232503,0.0028859625734762476,0.01770529186181747,0.00317445226916768,0.002284161519483061,0.03503315213931075,0.0024595435742816377
12,1.3,115,1.0,512,200,600,matched,iqp-parity,13699,122,337,84d423ff1213c776af0a31057e63fa6db302fb0dc64fc671634680d0bcc27946,fae9b80b4b9bbecd172da441f7a298732dc4ec9c5fd56650a16ee48bf4f2164a,279,334,0.4395745419897139,0.3084650019970459,1.0,-0.0,0.3084650019970459,0.1774037552010349,0.0004963197508121246,0.3079686822462337,0.058531607862854045,0.17524433491872468,0.058531607862854045,0.04271009818114225,0.2557490909050434,0.04271009818114225,0.02566676024601167,0.384232937814546,0.02566676024601167
12,1.3,115,1.0,512,200,600,matched,iqp-mse,13699,122,337,84d423ff1213c776af0a31057e63fa6db302fb0dc64fc671634680d0bcc27946,fae9b80b4b9bbecd172da441f7a298732dc4ec9c5fd56650a16ee48bf4f2164a,279,334,0.4920389170292765,0.33765296488959273,1.0,-0.0,0.33765296488959273,0.1693479285263655,0.0014066946615217436,0.33624627022807085,0.05592338189209812,0.16743527512604228,0.05592338189209812,0.04075631590587621,0.2440497958435701,0.04075631590587621,0.02476323247183539,0.37070707293166755,0.02476323247183539
12,1.3,115,1.0,512,200,600,matched,ising-parity,30116,122,337,84d423ff1213c776af0a31057e63fa6db302fb0dc64fc671634680d0bcc27946,fae9b80b4b9bbecd172da441f7a298732dc4ec9c5fd56650a16ee48bf4f2164a,279,334,0.37472020799759775,1.0443070929702276,0.6769648200507863,0.3901359718945285,0.6541711210756991,0.07906879925292827,0.022107957721457988,0.6320631633542411,0.03733821574684911,0.11179106511032667,0.04858480501218959,0.029412417888289705,0.17612226280413,0.03696967934500519,0.019456292977102628,0.29126187091471,0.02321617921864448
12,1.3,115,1.0,512,200,600,matched,ising-nll,30119,122,337,84d423ff1213c776af0a31057e63fa6db302fb0dc64fc671634680d0bcc27946,fae9b80b4b9bbecd172da441f7a298732dc4ec9c5fd56650a16ee48bf4f2164a,279,334,0.1632310829591006,1.326539138351519,0.6784532112723916,0.3879397611529555,0.9385993771985636,0.061324424705978806,0.04681536996125181,0.8917840072373115,0.02898693737876254,0.08678723766096569,0.03792772260757572,0.023042178394365294,0.1379771161339239,0.028843020434954462,0.014998769419310682,0.22453247633698625,0.01764640892923686
12,1.3,115,1.0,512,200,600,matched,transformer,35616,122,337,84d423ff1213c776af0a31057e63fa6db302fb0dc64fc671634680d0bcc27946,fae9b80b4b9bbecd172da441f7a298732dc4ec9c5fd56650a16ee48bf4f2164a,279,334,3.708125084056519,0.5575513451268198,0.7791288395590668,0.24957885582539124,0.30797248930142856,0.08383527577359598,0.02925826068727476,0.2787142286141536,0.04663048519334443,0.1396122311177977,0.05650078152887881,0.038816630949592784,0.23243491586582507,0.04573440839125356,0.026773866065809376,0.40080637823067927,0.030211385070174644
12,1.3,115,1.0,512,200,600,matched,maxent,36116,122,337,84d423ff1213c776af0a31057e63fa6db302fb0dc64fc671634680d0bcc27946,fae9b80b4b9bbecd172da441f7a298732dc4ec9c5fd56650a16ee48bf4f2164a,279,334,0.10773245804011822,2.614166756188413,0.9175544421337971,0.08604336333828189,2.5281233928501314,0.003716801812611329,0.561900626849086,1.966222766001045,0.002540178798134362,0.0076053257429172525,0.002754599323960876,0.0024048996957859625,0.014400596980754266,0.002595965190707867,0.002067067190127147,0.03094411961268184,0.0022056819391461156
12,1.3,116,1.0,512,200,600,matched,iqp-parity,13700,123,338,dc698e1bab931425a5f20b7f18aab70dd2ceb8c25c5963d36db2eec145ec41d4,67eaeaae05cc33550f061649f99bb92951375c55491458d36e2f1c224114a8b1,273,327,0.46497437497600913,0.33952398943475925,1.0000000000000002,-2.2204460492503128e-16,0.3395239894347595,0.20607579554560096,0.0008092620106367222,0.3387147274241228,0.06284541580313628,0.19218781591173173,0.06284541580313627,0.04476776543936035,0.27380896293186757,0.044767765439360334,0.02615936281034326,0.39999025703888774,0.026159362810343253
12,1.3,116,1.0,512,200,600,matched,iqp-mse,13700,123,338,dc698e1bab931425a5f20b7f18aab70dd2ceb8c25c5963d36db2eec145ec41d4,67eaeaae05cc33550f061649f99bb92951375c55491458d36e2f1c224114a8b1,273,327,0.33961295906919986,0.33044502512491736,1.0000000000000002,-2.2204460492503128e-16,0.3304450251249176,0.19800101547808713,0.0002054747312437502,0.3302395503936739,0.0641262447485141,0.19610472400157217,0.0641262447485141,0.046011149466428154,0.2814137582044535,0.04601114946642813,0.027138802111641387,0.41496639314436373,0.027138802111641387
12,1.3,116,1.0,512,200,600,matched,ising-parity,30117,123,338,dc698e1bab931425a5f20b7f18aab70dd2ceb8c25c5963d36db2eec145ec41d4,67eaeaae05cc33550f061649f99bb92951375c55491458d36e2f1c224114a8b1,273,327,0.28037916705943644,0.9772117731054427,0.6317458787381898,0.45926805629951284,0.5179437168059299,0.09124263229882007,0.007757857037584609,0.5101858597683452,0.04233999148549962,0.12948009628593155,0.0582646325213222,0.03387947322306248,0.20721390350496927,0.04450817727473151,0.022577506849349827,0.345221817268346,0.027636116807250734
12,1.3,116,1.0,512,200,600,matched,ising-nll,30120,123,338,dc698e1bab931425a5f20b7f18aab70dd2ceb8c25c5963d36db2eec145ec41d4,67eaeaae05cc33550f061649f99bb92951375c55491458d36e2f1c224114a8b1,273,327,0.12114837497938424,1.0368711869890914,0.5982632295527472,0.5137244386851347,0.5231467483039567,0.09272629641650676,0.004412174670064543,0.5187345736338921,0.036887319675227584,0.11280525894565012,0.05080309022230412,0.028143605748247914,0.1721321452492227,0.03681428454563759,0.017729358717395526,0.2710911118867817,0.021817413486286723
12,1.3,116,1.0,512,200,600,matched,transformer,35617,123,338,dc698e1bab931425a5f20b7f18aab70dd2ceb8c25c5963d36db2eec145ec41d4,67eaeaae05cc33550f061649f99bb92951375c55491458d36e2f1c224114a8b1,273,327,3.8549701659940183,0.6022246534550255,0.7446380067551736,0.29485707566168645,0.30736757779333906,0.09852848691354057,0.013009388417741845,0.2943581893755972,0.05027579339979824,0.15374860366910775,0.060375017958056956,0.03781814439222003,0.23130363542642224,0.044026054944343786,0.023356436702374993,0.3571320596693424,0.026257508379916153
12,1.3,116,1.0,512,200,600,matched,maxent,36117,123,338,dc698e1bab931425a5f20b7f18aab70dd2ceb8c25c5963d36db2eec145ec41d4,67eaeaae05cc33550f061649f99bb92951375c55491458d36e2f1c224114a8b1,273,327,0.1595344579545781,2.404856680011627,0.87678605820821,0.13149226368098835,2.273364416330639,0.014763591556745633,0.3034182550684186,1.9699461612622204,0.009462869113032945,0.028938437654534997,0.010382552557371551,0.007447074675694613,0.045547857343697935,0.008039698349530064,0.004821180842203095,0.07371836150157637,0.005120931441856542
12,1.3,117,1.0,512,200,600,matched,iqp-parity,13701,124,339,5e9b720da178616562bf1523a7afa3df8b6c2c272b38aefa992a83dc7b3b6608,6d2e8203ab09f7481803ba6cac1d0fef11989f0d29cc5ddaeca62054fed6f238,266,334,0.4404510840540752,0.37079205730290843,1.0,-0.0,0.37079205730290843,0.19474927231152606,0.0013313596874690962,0.36946069761543915,0.0636187991145239,0.19047544645067035,0.0636187991145239,0.044788820692856716,0.2681965310949504,0.044788820692856716,0.025729121455437515,0.38516648885385496,0.025729121455437515
12,1.3,117,1.0,512,200,600,matched,iqp-mse,13701,124,339,5e9b720da178616562bf1523a7afa3df8b6c2c272b38aefa992a83dc7b3b6608,6d2e8203ab09f7481803ba6cac1d0fef11989f0d29cc5ddaeca62054fed6f238,266,334,0.365949459024705,0.3699504109205013,0.9999999999999999,1.1102230246251565e-16,0.3699504109205012,0.19396090369059843,0.001231855919157518,0.36871855500134354,0.06481589854299016,0.19405957647601846,0.06481589854299016,0.046225218197701465,0.2767977137586914,0.046225218197701465,0.027192824330762682,0.4070782085443515,0.027192824330762685
12,1.3,117,1.0,512,200,600,matched,ising-parity,30118,124,339,5e9b720da178616562bf1523a7afa3df8b6c2c272b38aefa992a83dc7b3b6608,6d2e8203ab09f7481803ba6cac1d0fef11989f0d29cc5ddaeca62054fed6f238,266,334,0.2611554589821026,0.888420296502328,0.5955868401941877,0.5182080734563624,0.37021222304596557,0.10003842312722627,0.00015545668259530666,0.37005676636337015,0.044177513013065585,0.1322680030331305,0.06256496325420785,0.03485816718392209,0.20873154002348557,0.046834161147287515,0.022915324326700563,0.3430437773458168,0.028782057284881854
12,1.3,117,1.0,512,200,600,matched,ising-nll,30121,124,339,5e9b720da178616562bf1523a7afa3df8b6c2c272b38aefa992a83dc7b3b6608,6d2e8203ab09f7481803ba6cac1d0fef11989f0d29cc5ddaeca62054fed6f238,266,334,0.11447608296293765,1.1352209951369807,0.5906356868235076,0.5265558868051147,0.608665108331866,0.08266181117024174,0.004678023579505322,0.6039870847523608,0.03354011475785316,0.10041950526303342,0.04804472931285482,0.026625928234055674,0.15943669601230942,0.03564272643518873,0.017142235205427757,0.25662028750640353,0.021188799681845057
12,1.3,117,1.0,512,200,600,matched,transformer,35618,124,339,5e9b720da178616562bf1523a7afa3df8b6c2c272b38aefa992a83dc7b3b6608,6d2e8203ab09f7481803ba6cac1d0fef11989f0d29cc5ddaeca62054fed6f238,266,334,4.074946834007278,0.5820119532177779,0.7322059091448287,0.3116935079313682,0.2703184452864097,0.07433751201897486,0.024642188283874933,0.24567625700253454,0.042001877398229484,0.12575412394679486,0.052722539562058274,0.03414862956962847,0.20448281179418246,0.04152653038126477,0.023261076394900312,0.34821970651048373,0.027036536757143063
12,1.3,117,1.0,512,200,600,matched,maxent,36118,124,339,5e9b720da178616562bf1523a7afa3df8b6c2c272b38aefa992a83dc7b3b6608,6d2e8203ab09f7481803ba6cac1d0fef11989f0d29cc5ddaeca62054fed6f238,266,334,0.16283104207832366,2.5338845077972327,0.7856176145707395,0.24128510038731468,2.292599407409918,0.0014617213711543699,0.636078857028787,1.6565205503811309,0.0007857740091658956,0.002352616793909867,0.000992125526444334,0.0007629810004926648,0.0045687485059441,0.0009560364855236188,0.0007017676258264553,0.010505503380635557,0.0008618399270311448
12,1.3,118,1.0,512,200,600,matched,iqp-parity,13702,125,340,e8b8f673100d6af01c0211296744c2121ef6185c017f0ad8334d25d01fd62d56,3672d037714419789c221c8c7564a09d4bd2e60bbf08a0fa3cd13f9a40a45c57,258,328,0.5915001250104979,0.5092382295547571,1.0,-0.0,0.5092382295547571,0.17707834373636908,1.2130858717524342e-06,0.5092370164688851,0.060340163351828374,0.18396391265801335,0.060340163351828374,0.04226978775422285,0.2577426082574564,0.04226978775422285,0.02399131819903064,0.36572131400961344,0.02399131819903064
12,1.3,118,1.0,512,200,600,matched,iqp-mse,13702,125,340,e8b8f673100d6af01c0211296744c2121ef6185c017f0ad8334d25d01fd62d56,3672d037714419789c221c8c7564a09d4bd2e60bbf08a0fa3cd13f9a40a45c57,258,328,0.39207320800051093,0.39431185509627686,1.0,-0.0,0.39431185509627686,0.193431541428069,0.0008130188432631021,0.3934988362530136,0.06665571117278282,0.20321863162433784,0.06665571117278282,0.04739501137483629,0.28899397179778225,0.04739501137483629,0.027408641369349347,0.4178146550205693,0.027408641369349347
12,1.3,118,1.0,512,200,600,matched,ising-parity,30119,125,340,e8b8f673100d6af01c0211296744c2121ef6185c017f0ad8334d25d01fd62d56,3672d037714419789c221c8c7564a09d4bd2e60bbf08a0fa3cd13f9a40a45c57,258,328,0.2890967910643667,0.8628482990587152,0.5918621152252613,0.5244815846975287,0.3383667143611865,0.10558273003682825,1.7583208475191589e-06,0.3383649560403388,0.04493478118949308,0.13699628411430817,0.06320371206966263,0.03495837249496771,0.21316080789614456,0.046579280339619826,0.022496841739562727,0.342939660664066,0.028088579293743202
12,1.3,118,1.0,512,200,600,matched,ising-nll,30122,125,340,e8b8f673100d6af01c0211296744c2121ef6185c017f0ad8334d25d01fd62d56,3672d037714419789c221c8c7564a09d4bd2e60bbf08a0fa3cd13f9a40a45c57,258,328,0.13407020806334913,1.048740111945933,0.5854099967366293,0.5354428281078939,0.5132972838380391,0.09380264285178838,0.0010986675203056365,0.512198616317733,0.044726599201725094,0.1363615829320887,0.06356527665320326,0.03488175089027211,0.21269360298946408,0.046223080543897656,0.02189328241637638,0.3337390612252497,0.02668514011622866
12,1.3,118,1.0,512,200,600,matched,transformer,35619,125,340,e8b8f673100d6af01c0211296744c2121ef6185c017f0ad8334d25d01fd62d56,3672d037714419789c221c8c7564a09d4bd2e60bbf08a0fa3cd13f9a40a45c57,258,328,4.722326833056286,0.42858932061323485,0.818970894880412,0.1997067331470899,0.22888258746614495,0.08566282175626552,0.024126272125641515,0.20475631534050331,0.04849302166924275,0.14784457825988642,0.05583468090081567,0.038373963061395,0.2339875796426524,0.04312996070480494,0.02489980140743568,0.37957014340603173,0.027204867267551332
12,1.3,118,1.0,512,200,600,matched,maxent,36119,125,340,e8b8f673100d6af01c0211296744c2121ef6185c017f0ad8334d25d01fd62d56,3672d037714419789c221c8c7564a09d4bd2e60bbf08a0fa3cd13f9a40a45c57,258,328,1.1317882909206674,2.2232248061010518,0.8029056345623501,0.21951808805257836,2.0037067180484733,0.009662922319016819,0.3274149215651353,1.6762917964833381,0.005868544326667092,0.017891903434960645,0.006940976166295924,0.004873590956524948,0.02971701802759115,0.0056477833147964935,0.00346917467333276,0.0528837602642189,0.003922045749088612
12,1.3,119,1.0,512,200,600,matched,iqp-parity,13703,126,341,6db5725dfab9541bfe4fa0639ad2e42072cec31e8b15ac852670537877377c32,a56289775eec0ce432a321db146cf9b88569ccab3daaa3aefaeb57ea0050cb73,271,332,0.5293556249234825,0.304022201899999,1.0,-0.0,0.304022201899999,0.16726640727631759,0.00027602871925701787,0.30374617318074193,0.06190030996677454,0.1864467167673932,0.06190030996677454,0.045742915526543484,0.27555973208761136,0.045742915526543484,0.02755248372053372,0.41494704398394155,0.02755248372053372
12,1.3,119,1.0,512,200,600,matched,iqp-mse,13703,126,341,6db5725dfab9541bfe4fa0639ad2e42072cec31e8b15ac852670537877377c32,a56289775eec0ce432a321db146cf9b88569ccab3daaa3aefaeb57ea0050cb73,271,332,0.39010462490841746,0.34573589467329113,0.9999999999999998,2.2204460492503136e-16,0.3457358946732909,0.16664943828306789,0.00031656580367887127,0.345419328869612,0.06173907439072564,0.1859610674419447,0.06173907439072566,0.045085464469855535,0.2715991835533466,0.045085464469855535,0.026884938083693372,0.40489364583875564,0.026884938083693372
12,1.3,119,1.0,512,200,600,matched,ising-parity,30120,126,341,6db5725dfab9541bfe4fa0639ad2e42072cec31e8b15ac852670537877377c32,a56289775eec0ce432a321db146cf9b88569ccab3daaa3aefaeb57ea0050cb73,271,332,0.3189692090963945,0.9178605857716144,0.6307145452890013,0.46090190344273424,0.4569586823288802,0.08579232536806719,0.006339624842173999,0.45061905748670605,0.043692033956417416,0.13160251191691993,0.06043391083788839,0.03511713327957236,0.21154899566007443,0.04606346076615432,0.023232425253303466,0.34988592248951006,0.028321573657936135
12,1.3,119,1.0,512,200,600,matched,ising-nll,30123,126,341,6db5725dfab9541bfe4fa0639ad2e42072cec31e8b15ac852670537877377c32,a56289775eec0ce432a321db146cf9b88569ccab3daaa3aefaeb57ea0050cb73,271,332,0.14150920906104147,0.9953455969411067,0.6146509439225266,0.4867007431626098,0.5086448537784969,0.08998594558554301,0.0033488327498630913,0.5052960210286338,0.04065113083674461,0.12244316517091751,0.055999806894485776,0.031694663032662496,0.19093170501603915,0.04133278035905499,0.020282389734281002,0.3054576767210994,0.024770604035676203
12,1.3,119,1.0,512,200,600,matched,transformer,35620,126,341,6db5725dfab9541bfe4fa0639ad2e42072cec31e8b15ac852670537877377c32,a56289775eec0ce432a321db146cf9b88569ccab3daaa3aefaeb57ea0050cb73,271,332,5.954003083053976,0.5836243635587137,0.7870852936454215,0.23941865823465835,0.34420570532405537,0.095308998571179,0.01269889915274211,0.33150680617131334,0.04764872758275753,0.14352026380348654,0.05591139642393428,0.036948156778433786,0.22257925770140835,0.04222686281971408,0.023378863459602064,0.3520913171626817,0.025783056793732523
12,1.3,119,1.0,512,200,600,matched,maxent,36120,126,341,6db5725dfab9541bfe4fa0639ad2e42072cec31e8b15ac852670537877377c32,a56289775eec0ce432a321db146cf9b88569ccab3daaa3aefaeb57ea0050cb73,271,332,0.6029245830141008,2.7416994961137737,0.8209774127206203,0.19725968181971493,2.544439814294059,0.013090171703595579,0.2766178637180906,2.2678219505759687,0.004574012074438229,0.013777144802524784,0.005192655833692541,0.0035197697826576013,0.021203432425648202,0.00394579528497934,0.0022958936954111334,0.034576712280288156,0.002514544643124418
12,1.3,120,1.0,512,200,600,matched,iqp-parity,13704,127,342,af2a47a2910828d1cbe201f64f378858c980d1170bd38147c1b6d6baa60add20,be8ede604a893ee87034e6fb596cea91ea3be8f191d448807bebae1ef6fbfe79,283,328,1.1264668749645352,0.3417610348467687,1.0,-0.0,0.3417610348467687,0.1663385197814004,0.0002562009034161837,0.3415048339433525,0.06173797508966642,0.1882255338099586,0.06173797508966642,0.04405030037348786,0.2685993925212674,0.04405030037348786,0.02580523483456569,0.3933724822342331,0.02580523483456569
12,1.3,120,1.0,512,200,600,matched,iqp-mse,13704,127,342,af2a47a2910828d1cbe201f64f378858c980d1170bd38147c1b6d6baa60add20,be8ede604a893ee87034e6fb596cea91ea3be8f191d448807bebae1ef6fbfe79,283,328,0.6623921249993145,0.31857791204552005,1.0000000000000002,-2.2204460492503128e-16,0.3185779120455203,0.2097398410047946,0.008652239599743997,0.30992567244577623,0.06754851668421702,0.20594059964700312,0.06754851668421702,0.048429190888642615,0.2952999444429428,0.048429190888642615,0.028751020526046445,0.4382777519214397,0.028751020526046438
12,1.3,120,1.0,512,200,600,matched,ising-parity,30121,127,342,af2a47a2910828d1cbe201f64f378858c980d1170bd38147c1b6d6baa60add20,be8ede604a893ee87034e6fb596cea91ea3be8f191d448807bebae1ef6fbfe79,283,328,0.35539229202549905,0.8798950296997974,0.6095449860682656,0.4950425246331193,0.38485250506667806,0.08831148842508392,0.0006745581089535706,0.38417794695772434,0.0406224427808721,0.12384891091729298,0.05746564816660116,0.032667597511995855,0.1991926677560723,0.04386277107598504,0.021879019171550065,0.3335216337126535,0.027361661375647897
12,1.3,120,1.0,512,200,600,matched,ising-nll,30124,127,342,af2a47a2910828d1cbe201f64f378858c980d1170bd38147c1b6d6baa60add20,be8ede604a893ee87034e6fb596cea91ea3be8f191d448807bebae1ef6fbfe79,283,328,0.18042733299080282,0.9880711891118956,0.5922866771209102,0.5237645094168115,0.4643066796950841,0.07855954496360161,0.0026511976351546278,0.46165548205992935,0.03338323166403795,0.10177814531718887,0.048085997514846025,0.02678845179187851,0.16334421824316164,0.03631581683075579,0.017722097706934923,0.2701539284593738,0.022314192419355845
12,1.3,120,1.0,512,200,600,matched,transformer,35621,127,342,af2a47a2910828d1cbe201f64f378858c980d1170bd38147c1b6d6baa60add20,be8ede604a893ee87034e6fb596cea91ea3be8f191d448807bebae1ef6fbfe79,283,328,4.902517791953869,0.47758798707381944,0.7540770752380057,0.2822606943974047,0.19532729267641474,0.08188274480544208,0.01122516756273459,0.18410212511368013,0.045934390069637926,0.14004387216353026,0.057192931918377016,0.038499615189390234,0.2347537511548185,0.04647166404759115,0.026914900855701314,0.4102881228003249,0.030962225473645095
12,1.3,120,1.0,512,200,600,matched,maxent,36121,127,342,af2a47a2910828d1cbe201f64f378858c980d1170bd38147c1b6d6baa60add20,be8ede604a893ee87034e6fb596cea91ea3be8f191d448807bebae1ef6fbfe79,283,328,0.2722323329653591,2.549698331049412,0.830672524965782,0.18551963524074702,2.3641786958086652,0.006855974579339488,0.3284801626981336,2.0356985331105317,0.0029007651816565093,0.008843796285538138,0.0034343355445447194,0.0026793115989604825,0.016337265847320013,0.0031280313679065146,0.002180748049160093,0.03324311050548922,0.0024706929892193146
12,1.4,111,1.0,512,200,600,matched,iqp-parity,13695,118,333,e058639a6684d2d35061c4f2a95d09ec82c384f8ba2d60290f18cf11260d5a13,46ec6552ea8abd2c67a85ebf993bb74a1984e0f557904f8a35ae4eb6d2b596da,273,334,0.7761718750698492,0.3629754375136434,1.0,-0.0,0.3629754375136434,0.1405378467988616,9.119976180085258e-06,0.36296631753746333,0.045056706778615785,0.13490031969645444,0.045056706778615785,0.03159973031703708,0.1892199420181861,0.03159973031703708,0.018621646587118984,0.2787671644778291,0.018621646587118984
12,1.4,111,1.0,512,200,600,matched,iqp-mse,13695,118,333,e058639a6684d2d35061c4f2a95d09ec82c384f8ba2d60290f18cf11260d5a13,46ec6552ea8abd2c67a85ebf993bb74a1984e0f557904f8a35ae4eb6d2b596da,273,334,0.5126143749803305,0.32230516702601664,0.9999999999999998,2.2204460492503136e-16,0.3223051670260164,0.1585934729479504,0.0010594395147540611,0.3212457275112623,0.05010078804733803,0.15000235942316775,0.05010078804733804,0.03560610968127998,0.21321023761245497,0.03560610968127999,0.021340334479026175,0.31946608501536194,0.02134033447902618
12,1.4,111,1.0,512,200,600,matched,ising-parity,30112,118,333,e058639a6684d2d35061c4f2a95d09ec82c384f8ba2d60290f18cf11260d5a13,46ec6552ea8abd2c67a85ebf993bb74a1984e0f557904f8a35ae4eb6d2b596da,273,334,0.3613885419908911,0.781102087395069,0.6592666376621754,0.41662721680943954,0.3644748705856295,0.06315667941999223,0.01089878015346566,0.35357609043216376,0.029894561256985707,0.08950467442211289,0.039691191778952015,0.023714453718189636,0.14200271687538704,0.03057033692499878,0.0161806419137764,0.2422251783499461,0.01998562837613066
12,1.4,111,1.0,512,200,600,matched,ising-nll,30115,118,333,e058639a6684d2d35061c4f2a95d09ec82c384f8ba2d60290f18cf11260d5a13,46ec6552ea8abd2c67a85ebf993bb74a1984e0f557904f8a35ae4eb6d2b596da,273,334,0.14716033299919218,0.9077842725062786,0.6601850666743656,0.41523507921546543,0.49254919329081315,0.06311598160384846,0.01100311375004448,0.4815460795407686,0.02962281432407623,0.08869106085052762,0.03830235468908984,0.02240047091271945,0.13413455636358954,0.027715612130846928,0.01386842712242385,0.2076111844674229,0.01627183460500062
12,1.4,111,1.0,512,200,600,matched,transformer,35612,118,333,e058639a6684d2d35061c4f2a95d09ec82c384f8ba2d60290f18cf11260d5a13,46ec6552ea8abd2c67a85ebf993bb74a1984e0f557904f8a35ae4eb6d2b596da,273,334,4.687053333967924,0.3446631655745315,0.841897677932434,0.17209679476985063,0.1725663708046809,0.06283623149687242,0.026501780436646416,0.14606459036803443,0.0370926096848265,0.11105571761924102,0.04205554183026071,0.029991279872723445,0.17958850223187692,0.033436520304175404,0.020379741421815017,0.3050859494283685,0.022222096271056098
12,1.4,111,1.0,512,200,600,matched,maxent,36112,118,333,e058639a6684d2d35061c4f2a95d09ec82c384f8ba2d60290f18cf11260d5a13,46ec6552ea8abd2c67a85ebf993bb74a1984e0f557904f8a35ae4eb6d2b596da,273,334,0.19749487505760044,2.084599378459182,0.9334984088948683,0.06881602045294426,2.015783358006238,0.003601287475578921,0.3840162608465467,1.6317670971596911,0.002188379594025783,0.006552034712652044,0.002325627946987899,0.001969644478957669,0.01179427831711179,0.002080896735473698,0.0015396690676493616,0.0230489381384635,0.001610134390671532
12,1.4,112,1.0,512,200,600,matched,iqp-parity,13696,119,334,7f9acecdbe266e551edc48eff90d53fa03054b9960f46fdc2a87a6a6d2eddd96,b0126d22db14df8032614d0be237f7ba7f8faae015df79310d48a47a7e019709,279,336,0.64811795798596,0.316004311103986,0.9999999999999999,1.1102230246251565e-16,0.3160043111039859,0.14619267214995257,0.0002782221597579168,0.31572608894422793,0.05118833391834384,0.15234623189983287,0.05118833391834384,0.0363906527115453,0.2166110280449125,0.0363906527115453,0.02156388774903615,0.3208911867416094,0.02156388774903615
12,1.4,112,1.0,512,200,600,matched,iqp-mse,13696,119,334,7f9acecdbe266e551edc48eff90d53fa03054b9960f46fdc2a87a6a6d2eddd96,b0126d22db14df8032614d0be237f7ba7f8faae015df79310d48a47a7e019709,279,336,0.4887752919457853,0.2624144904457964,1.0,-0.0,0.2624144904457964,0.1383660514122544,0.0010699476825151606,0.26134454276328123,0.05096103760260124,0.15166975476964653,0.05096103760260124,0.03699000190672822,0.2201785827781442,0.03699000190672822,0.022518654421799955,0.3350990241339279,0.022518654421799955
12,1.4,112,1.0,512,200,600,matched,ising-parity,30113,119,334,7f9acecdbe266e551edc48eff90d53fa03054b9960f46fdc2a87a6a6d2eddd96,b0126d22db14df8032614d0be237f7ba7f8faae015df79310d48a47a7e019709,279,336,0.3255187909817323,0.839569892152431,0.6421012511667417,0.4430092756296929,0.39656061652273816,0.07959099452961324,0.004050137464340294,0.39251047905839787,0.034559339990711105,0.10285517854378304,0.04702660265085224,0.027643750851320634,0.16454613601976567,0.03599120937242361,0.01846286398982182,0.274744999848539,0.022605731581253712
12,1.4,112,1.0,512,200,600,matched,ising-nll,30116,119,334,7f9acecdbe266e551edc48eff90d53fa03054b9960f46fdc2a87a6a6d2eddd96,b0126d22db14df8032614d0be237f7ba7f8faae015df79310d48a47a7e019709,279,336,0.15086404199246317,0.9757025874942304,0.629376223594732,0.46302607136862695,0.5126765161256035,0.08509227380729768,0.0015474689976631428,0.5111290471279405,0.030474866577615303,0.09069900767147411,0.0407488229935491,0.02331639191862079,0.13878804713464754,0.03001168400785707,0.014971471902496515,0.22278976045381718,0.018247389188169875
12,1.4,112,1.0,512,200,600,matched,transformer,35613,119,334,7f9acecdbe266e551edc48eff90d53fa03054b9960f46fdc2a87a6a6d2eddd96,b0126d22db14df8032614d0be237f7ba7f8faae015df79310d48a47a7e019709,279,336,4.257282207952812,0.5524707495587641,0.7753375270750711,0.25445682563303523,0.29801392392572884,0.08716191233161061,0.008091735034797876,0.289922188890931,0.044633510468660646,0.13283782877577574,0.05351943662280148,0.03578484120364062,0.21300500716452753,0.04179531067785653,0.023901070396594264,0.35567069042550986,0.026948562355566277
12,1.4,112,1.0,512,200,600,matched,maxent,36113,119,334,7f9acecdbe266e551edc48eff90d53fa03054b9960f46fdc2a87a6a6d2eddd96,b0126d22db14df8032614d0be237f7ba7f8faae015df79310d48a47a7e019709,279,336,0.11951437499374151,2.1121367948877556,0.7680626279762394,0.26388400231516634,1.8482527925725893,0.009437967809854772,0.2599298602570333,1.5883229323155559,0.00438883242261939,0.013062001257795804,0.005353657149732429,0.0036272645116930393,0.021590860188649044,0.004320170449522325,0.0025510100932554423,0.03796145972106313,0.0029313157868335205
12,1.4,113,1.0,512,200,600,matched,iqp-parity,13697,120,335,f45d030b07c684a8aff656a3a3fbc3060bd135c0a787912cd5e2469660bcf415,494a09d0cb32c8fd575150abd91ad12074451b075c550159cd5a0edda3ce9c1b,296,344,0.6437249160371721,0.30407012996560473,1.0,-0.0,0.30407012996560473,0.1284767513518996,0.0015404972144697111,0.3025296327511349,0.04408001824669111,0.12813958792642766,0.04408001824669111,0.03159342450259056,0.18368270059645672,0.03159342450259056,0.018921592587468637,0.27502314807367206,0.018921592587468637
12,1.4,113,1.0,512,200,600,matched,iqp-mse,13697,120,335,f45d030b07c684a8aff656a3a3fbc3060bd135c0a787912cd5e2469660bcf415,494a09d0cb32c8fd575150abd91ad12074451b075c550159cd5a0edda3ce9c1b,296,344,0.4468424579827115,0.3248387908767749,1.0,-0.0,0.3248387908767749,0.1195463746393352,0.0034696402313514098,0.3213691506454235,0.04233302590062418,0.12306112180414007,0.04233302590062418,0.031148403686340486,0.18109537026942144,0.031148403686340486,0.01919552546611876,0.2790047306121913,0.01919552546611876
12,1.4,113,1.0,512,200,600,matched,ising-parity,30114,120,335,f45d030b07c684a8aff656a3a3fbc3060bd135c0a787912cd5e2469660bcf415,494a09d0cb32c8fd575150abd91ad12074451b075c550159cd5a0edda3ce9c1b,296,344,0.35497104097157717,0.9393000136949805,0.7067283095661198,0.34710897327045503,0.5921910404245254,0.05094632938412414,0.03327943668325274,0.5589116037412727,0.02887139736556471,0.08392848071385091,0.03755278918867218,0.023974394254608695,0.13938601310819007,0.03006863896168975,0.016709773430102017,0.24287461380962236,0.019888344705415385
12,1.4,113,1.0,512,200,600,matched,ising-nll,30117,120,335,f45d030b07c684a8aff656a3a3fbc3060bd135c0a787912cd5e2469660bcf415,494a09d0cb32c8fd575150abd91ad12074451b075c550159cd5a0edda3ce9c1b,296,344,0.16440562496427447,1.0810473638638356,0.6899973149355998,0.37106757279608493,0.7099797910677507,0.0459593770074821,0.039914340431302486,0.6700654506364483,0.0196662891614492,0.05716944523677093,0.025536763446638286,0.015731228277864856,0.09146062952247008,0.019592918705320428,0.010413486453453077,0.15135881473042262,0.012358858901137597
12,1.4,113,1.0,512,200,600,matched,transformer,35614,120,335,f45d030b07c684a8aff656a3a3fbc3060bd135c0a787912cd5e2469660bcf415,494a09d0cb32c8fd575150abd91ad12074451b075c550159cd5a0edda3ce9c1b,296,344,4.071504791034386,0.6056051830804061,0.7508997649986555,0.28648310483592226,0.31912207824448385,0.05725849691567139,0.02883358331737057,0.2902884949271133,0.030735259586123366,0.08934668484338187,0.038220359578726416,0.025487223768974075,0.14818153354054694,0.030738707228271153,0.017743778826769887,0.25790376201700416,0.020565731472495293
12,1.4,113,1.0,512,200,600,matched,maxent,36114,120,335,f45d030b07c684a8aff656a3a3fbc3060bd135c0a787912cd5e2469660bcf415,494a09d0cb32c8fd575150abd91ad12074451b075c550159cd5a0edda3ce9c1b,296,344,0.11324899992905557,2.6891208780800264,0.98051327806489,0.01967909130087724,2.6694417867791493,0.0003537303983826092,0.7507636772416748,1.9186781095374745,0.00018508708049599817,0.0005380438386511575,0.0001886980800382122,0.0001818141808852825,0.001057059191193503,0.00018529734484276354,0.00017265141633775638,0.0025094682607232034,0.0001757893983690788
12,1.4,114,1.0,512,200,600,matched,iqp-parity,13698,121,336,f5cdc908a83efd9ad0b833fe008cb8594dd0a17ba3ef70675f132cc88c785a01,9fc9306ab4737b5804dc59a07264243c6abc622ca16efa0cd4d6bddf38b05e36,269,335,0.42482316703535616,0.28122693735041593,0.9999999999999999,1.1102230246251565e-16,0.2812269373504158,0.14123425380410637,0.00044038974420322965,0.2807865476062126,0.04796266029836116,0.1431721202936154,0.04796266029836116,0.03421831940801203,0.20428847407768375,0.03421831940801204,0.020225112620318602,0.30186735254206865,0.020225112620318602
12,1.4,114,1.0,512,200,600,matched,iqp-mse,13698,121,336,f5cdc908a83efd9ad0b833fe008cb8594dd0a17ba3ef70675f132cc88c785a01,9fc9306ab4737b5804dc59a07264243c6abc622ca16efa0cd4d6bddf38b05e36,269,335,0.32219270803034306,0.242133552441033,1.0,-0.0,0.242133552441033,0.1428647063535876,0.0005881296003128565,0.24154542284072011,0.05402568009894384,0.1612706868625189,0.05402568009894384,0.039000036340821005,0.2328360378556478,0.039000036340821005,0.02339796754771432,0.34922339623454207,0.02339796754771432
12,1.4,114,1.0,512,200,600,matched,ising-parity,30115,121,336,f5cdc908a83efd9ad0b833fe008cb8594dd0a17ba3ef70675f132cc88c785a01,9fc9306ab4737b5804dc59a07264243c6abc622ca16efa0cd4d6bddf38b05e36,269,335,0.24527012498583645,0.7675184479452635,0.6209004264997287,0.47658455370585884,0.29093389423940463,0.07568810653300123,0.0003792095017047959,0.2905546847376999,0.03071921220667279,0.09169914091544117,0.04351612228841264,0.025259570449020507,0.1508034056657941,0.03432664002105376,0.01770084668077804,0.26419174150414987,0.022544269820739597
12,1.4,114,1.0,512,200,600,matched,ising-nll,30118,121,336,f5cdc908a83efd9ad0b833fe008cb8594dd0a17ba3ef70675f132cc88c785a01,9fc9306ab4737b5804dc59a07264243c6abc622ca16efa0cd4d6bddf38b05e36,269,335,0.11063812498468906,1.0970949866410673,0.6205318822960937,0.4771782940360413,0.619916692605026,0.05813159535890926,0.00738692548039277,0.612529767124633,0.023627366951831482,0.07052945358755666,0.03220299665876668,0.018289877877707757,0.10919330076243436,0.02357481520752048,0.011536660876206471,0.1721889683015891,0.013931510617069974
12,1.4,114,1.0,512,200,600,matched,transformer,35615,121,336,f5cdc908a83efd9ad0b833fe008cb8594dd0a17ba3ef70675f132cc88c785a01,9fc9306ab4737b5804dc59a07264243c6abc622ca16efa0cd4d6bddf38b05e36,269,335,4.158410165924579,0.3498373905033984,0.8508625869107431,0.16150463593716263,0.18833275456623577,0.06298824551613937,0.01958921171532267,0.16874354285091314,0.035711722749536025,0.10660215746130156,0.039889218115363376,0.028075429831915556,0.16761450645919734,0.030949327819514073,0.018774459926212676,0.28021581979421906,0.0203516120598867
12,1.4,114,1.0,512,200,600,matched,maxent,36115,121,336,f5cdc908a83efd9ad0b833fe008cb8594dd0a17ba3ef70675f132cc88c785a01,9fc9306ab4737b5804dc59a07264243c6abc622ca16efa0cd4d6bddf38b05e36,269,335,0.14937029196880758,1.7307412469462442,0.879020936563053,0.12894656296508633,1.6017946839811579,0.00231938967606142,0.3918467463432273,1.2099479376379305,0.0017542570239655617,0.005236588131240482,0.0019638677742499664,0.0015787196342776724,0.009425191846433865,0.001751800981679767,0.0012785108460687078,0.019082251433861313,0.001403671350588306
12,1.4,115,1.0,512,200,600,matched,iqp-parity,13699,122,337,4b8773838260096294eb1a2293568114ba7a67194df0742c9ed0f96a75097ffa,fae9b80b4b9bbecd172da441f7a298732dc4ec9c5fd56650a16ee48bf4f2164a,279,348,0.39737104100640863,0.3373450616665016,1.0,-0.0,0.3373450616665016,0.12517996581233648,0.004980122061598917,0.3323649396049026,0.040758007337908596,0.11712071074111666,0.040758007337908596,0.02985773332838889,0.17159616855395912,0.02985773332838889,0.018316326074641974,0.26316560452071797,0.018316326074641974
12,1.4,115,1.0,512,200,600,matched,iqp-mse,13699,122,337,4b8773838260096294eb1a2293568114ba7a67194df0742c9ed0f96a75097ffa,fae9b80b4b9bbecd172da441f7a298732dc4ec9c5fd56650a16ee48bf4f2164a,279,348,0.31341870804317296,0.3360363442104055,1.0,-0.0,0.3360363442104055,0.11871646393064142,0.007242926820785631,0.32879341738961976,0.03562747733023992,0.10237780842022967,0.03562747733023992,0.026620909021687532,0.15299373000969846,0.026620909021687532,0.01663912250046846,0.239067852018225,0.01663912250046846
12,1.4,115,1.0,512,200,600,matched,ising-parity,30116,122,337,4b8773838260096294eb1a2293568114ba7a67194df0742c9ed0f96a75097ffa,fae9b80b4b9bbecd172da441f7a298732dc4ec9c5fd56650a16ee48bf4f2164a,279,348,0.24327862495556474,0.9403501957643079,0.7134375485095448,0.33766037426391904,0.6026898215003889,0.049081140929821354,0.04789660792403748,0.5547932135763516,0.028516125624385873,0.08194288972524676,0.03673806731132463,0.02355643742817338,0.13538182429984702,0.029306816923312204,0.016362016981626176,0.23508645088543356,0.019423375273031188
12,1.4,115,1.0,512,200,600,matched,ising-nll,30119,122,337,4b8773838260096294eb1a2293568114ba7a67194df0742c9ed0f96a75097ffa,fae9b80b4b9bbecd172da441f7a298732dc4ec9c5fd56650a16ee48bf4f2164a,279,348,0.11682462494354695,1.2185285464154134,0.7101447651314798,0.3422864351790649,0.8762421112363485,0.03064493832424919,0.09940467595350591,0.7768374352828428,0.01489390099676279,0.042798566082651694,0.01909786696195315,0.012144636775264032,0.06979676307623008,0.015114902131287312,0.0083643715747428,0.1201777525106724,0.009874194627322783
12,1.4,115,1.0,512,200,600,matched,transformer,35616,122,337,4b8773838260096294eb1a2293568114ba7a67194df0742c9ed0f96a75097ffa,fae9b80b4b9bbecd172da441f7a298732dc4ec9c5fd56650a16ee48bf4f2164a,279,348,4.121282750042155,0.46664130322689357,0.8382373538874985,0.17645398007527913,0.29018732315161444,0.04694982715258246,0.06920742377721144,0.22097989937440293,0.03170949887795451,0.09111924964929458,0.03627154982162408,0.02620475624998811,0.15060204741372477,0.02944985739491694,0.018284806664125124,0.2627127394270851,0.020077369450212518
12,1.4,115,1.0,512,200,600,matched,maxent,36116,122,337,4b8773838260096294eb1a2293568114ba7a67194df0742c9ed0f96a75097ffa,fae9b80b4b9bbecd172da441f7a298732dc4ec9c5fd56650a16ee48bf4f2164a,279,348,0.11404024995863438,2.2205956355446648,0.9205215913122604,0.08281482251428347,2.1377808130303815,0.0004823303001250763,0.7658992518373962,1.371881561192985,0.00039625066009969724,0.0011386513221255667,0.0004289127628907982,0.0003804261417299013,0.0021863571363787433,0.0004104711120350204,0.00034106572891988283,0.004900369668389121,0.0003652711540717692
12,1.4,116,1.0,512,200,600,matched,iqp-parity,13700,123,338,c4217c65385cb53e055b514a721daa044f33d815d4b24c8f23167f8bcd052c43,67eaeaae05cc33550f061649f99bb92951375c55491458d36e2f1c224114a8b1,273,345,0.4422758329892531,0.22759152082400452,1.0,-0.0,0.22759152082400452,0.1644014627016175,0.0018695399768638155,0.22572198084714065,0.055939507792174055,0.1621435008468813,0.055939507792174055,0.04027015343356236,0.2334501648322456,0.04027015343356236,0.024042042465988085,0.34843539805779833,0.024042042465988085
12,1.4,116,1.0,512,200,600,matched,iqp-mse,13700,123,338,c4217c65385cb53e055b514a721daa044f33d815d4b24c8f23167f8bcd052c43,67eaeaae05cc33550f061649f99bb92951375c55491458d36e2f1c224114a8b1,273,345,0.3300714580109343,0.2374326352812351,1.0,-0.0,0.2374326352812351,0.16414468436059557,0.0018281936224641242,0.23560444165877104,0.055736873991342424,0.1615561564966447,0.055736873991342424,0.040118307779450316,0.23256990017072648,0.040118307779450316,0.024224581469409465,0.3510808908610067,0.024224581469409465
12,1.4,116,1.0,512,200,600,matched,ising-parity,30117,123,338,c4217c65385cb53e055b514a721daa044f33d815d4b24c8f23167f8bcd052c43,67eaeaae05cc33550f061649f99bb92951375c55491458d36e2f1c224114a8b1,273,345,0.2605651249177754,0.8775668304312004,0.677385159676825,0.3895152466081152,0.4880515838230852,0.06735167443079218,0.009125637005444831,0.4789259468176403,0.031097268814154748,0.09013701105552101,0.04101161314731046,0.02503264287858734,0.14511677031065123,0.03166691644268419,0.01682338710986941,0.24381720449086106,0.020301873105852082
12,1.4,116,1.0,512,200,600,matched,ising-nll,30120,123,338,c4217c65385cb53e055b514a721daa044f33d815d4b24c8f23167f8bcd052c43,67eaeaae05cc33550f061649f99bb92951375c55491458d36e2f1c224114a8b1,273,345,0.11555595800746232,0.9906335034246536,0.6665227515671394,0.4056810040613095,0.5849524993633441,0.05717013004778249,0.017218493645165554,0.5677340057181787,0.024710206462218786,0.07162378684701097,0.0328944760142086,0.01980485227491029,0.11481073782556689,0.025131796669904376,0.013070112056576988,0.18942191386343463,0.015696558515718474
12,1.4,116,1.0,512,200,600,matched,transformer,35617,123,338,c4217c65385cb53e055b514a721daa044f33d815d4b24c8f23167f8bcd052c43,67eaeaae05cc33550f061649f99bb92951375c55491458d36e2f1c224114a8b1,273,345,3.58609624998644,0.5100945330882376,0.7852840434311947,0.24170978788173444,0.26838474520650313,0.06461227518912388,0.01985938887941662,0.2485253563270866,0.03693796485252883,0.10706656478993863,0.044131135856535775,0.030109143329994457,0.17454575843475048,0.03513563996430736,0.020623382812909277,0.2988896059841924,0.023249043028970264
12,1.4,116,1.0,512,200,600,matched,maxent,36117,123,338,c4217c65385cb53e055b514a721daa044f33d815d4b24c8f23167f8bcd052c43,67eaeaae05cc33550f061649f99bb92951375c55491458d36e2f1c224114a8b1,273,345,0.18959279195405543,1.9053192172526947,0.8990928317051824,0.10636898876795665,1.798950228484738,0.0017672853367781934,0.4787868363949064,1.3201633920898317,0.0008856088528097297,0.0025669821820571877,0.0009817260581661926,0.0008601035298388466,0.004986107419355633,0.000950525729326118,0.0007928180965207712,0.011490117340880743,0.0008692871635448015
12,1.4,117,1.0,512,200,600,matched,iqp-parity,13701,124,339,a8aa35bff82fac80aa78605fc9471b9dab0917f01cb2d8e8fdb4e4013e0149b4,6d2e8203ab09f7481803ba6cac1d0fef11989f0d29cc5ddaeca62054fed6f238,266,335,0.479690125095658,0.2874092963827132,0.9999999999999999,1.1102230246251565e-16,0.28740929638271306,0.1644541545861504,0.00026503129930184784,0.2871442650834112,0.048880527974114456,0.14591202380332674,0.04888052797411446,0.03482379155441701,0.2079032331606986,0.03482379155441701,0.020767233267709455,0.3099587054882008,0.02076723326770946
12,1.4,117,1.0,512,200,600,matched,iqp-mse,13701,124,339,a8aa35bff82fac80aa78605fc9471b9dab0917f01cb2d8e8fdb4e4013e0149b4,6d2e8203ab09f7481803ba6cac1d0fef11989f0d29cc5ddaeca62054fed6f238,266,335,0.3593640420585871,0.28909673459989726,1.0,-0.0,0.28909673459989726,0.16179793722976726,0.00012603666000616381,0.28897069793989105,0.04833474751785712,0.1442828284115138,0.04833474751785712,0.034876793243218726,0.20821966115354465,0.034876793243218726,0.021232041676135974,0.3168961444199399,0.021232041676135974
12,1.4,117,1.0,512,200,600,matched,ising-parity,30118,124,339,a8aa35bff82fac80aa78605fc9471b9dab0917f01cb2d8e8fdb4e4013e0149b4,6d2e8203ab09f7481803ba6cac1d0fef11989f0d29cc5ddaeca62054fed6f238,266,335,0.2574590420117602,0.8326968327670616,0.6322769874523794,0.458427709562677,0.37426912320438466,0.08782124936537383,0.0011804881254569854,0.37308863507892776,0.03715280445496667,0.11090389389542289,0.04999067026663326,0.028805483537878984,0.1719730360470387,0.03732524048831143,0.018888433269029444,0.28191691446312606,0.02332601494896623
12,1.4,117,1.0,512,200,600,matched,ising-nll,30121,124,339,a8aa35bff82fac80aa78605fc9471b9dab0917f01cb2d8e8fdb4e4013e0149b4,6d2e8203ab09f7481803ba6cac1d0fef11989f0d29cc5ddaeca62054fed6f238,266,335,0.13026116602122784,0.9360717860344195,0.6118722976433868,0.4912316822245626,0.44484010380985695,0.07973447378519179,0.0027590464592357304,0.4420810573506213,0.034323494458755814,0.10245819241419647,0.04724001963490519,0.026638124356042816,0.15903357824503173,0.03481949310132648,0.017099890539158218,0.25522224685310774,0.02104433390301979
12,1.4,117,1.0,512,200,600,matched,transformer,35618,124,339,a8aa35bff82fac80aa78605fc9471b9dab0917f01cb2d8e8fdb4e4013e0149b4,6d2e8203ab09f7481803ba6cac1d0fef11989f0d29cc5ddaeca62054fed6f238,266,335,3.4853224160615355,0.5154668011304883,0.7344952464692309,0.3085717551805278,0.20689504594996044,0.08668411139793034,0.006367984567601008,0.20052706138235937,0.042622687792885444,0.12723190385935954,0.05286858970629681,0.033937099273557536,0.20260954790183602,0.04083394316322148,0.0225747363384261,0.3369363632600911,0.026057863669207613
12,1.4,117,1.0,512,200,600,matched,maxent,36118,124,339,a8aa35bff82fac80aa78605fc9471b9dab0917f01cb2d8e8fdb4e4013e0149b4,6d2e8203ab09f7481803ba6cac1d0fef11989f0d29cc5ddaeca62054fed6f238,266,335,0.18463129200972617,2.2883794922859764,0.9402600843395803,0.06159875652081378,2.2267807357651628,0.002820793345066892,0.4757006333024626,1.7510801024627,0.002120403545221835,0.006329562821557716,0.00224066379652741,0.0019246797595492522,0.011490625430144789,0.0020232766661323854,0.0015130309828984595,0.022582551983559098,0.001574472253487768
12,1.4,118,1.0,512,200,600,matched,iqp-parity,13702,125,340,6d38dd42fabc98e2df25f0e6cc5ca60800a6ea1b9017a0525073bb1939368b7d,3672d037714419789c221c8c7564a09d4bd2e60bbf08a0fa3cd13f9a40a45c57,258,340,0.4410633749794215,0.5354667797963983,1.0,-0.0,0.5354667797963983,0.11651046188901935,0.0010050593654184169,0.53446172043098,0.03716762005551132,0.1093165295750333,0.03716762005551132,0.025844159713197454,0.1520244689011615,0.025844159713197454,0.014900936539214439,0.21913141969432998,0.014900936539214439
12,1.4,118,1.0,512,200,600,matched,iqp-mse,13702,125,340,6d38dd42fabc98e2df25f0e6cc5ca60800a6ea1b9017a0525073bb1939368b7d,3672d037714419789c221c8c7564a09d4bd2e60bbf08a0fa3cd13f9a40a45c57,258,340,0.309899750049226,0.24920025496878634,0.9999999999999999,1.1102230246251565e-16,0.24920025496878623,0.12455792362475032,0.000196162354575289,0.2490040926142108,0.04921595462657684,0.144752807725226,0.049215954626576845,0.03606359411093674,0.2121387888878632,0.03606359411093674,0.021881575423563643,0.32178787387593594,0.021881575423563646
12,1.4,118,1.0,512,200,600,matched,ising-parity,30119,125,340,6d38dd42fabc98e2df25f0e6cc5ca60800a6ea1b9017a0525073bb1939368b7d,3672d037714419789c221c8c7564a09d4bd2e60bbf08a0fa3cd13f9a40a45c57,258,340,0.244700042065233,0.7885065967501781,0.6272826711096269,0.46635800882719824,0.32214858792297985,0.06334783103194776,0.004623770385304232,0.3175248175376755,0.031681819515177026,0.09318182210346183,0.043820623329662065,0.025386867359125303,0.14933451387720767,0.03366148677303603,0.017201635984859586,0.2529652350714645,0.021554628506256723
12,1.4,118,1.0,512,200,600,matched,ising-nll,30122,125,340,6d38dd42fabc98e2df25f0e6cc5ca60800a6ea1b9017a0525073bb1939368b7d,3672d037714419789c221c8c7564a09d4bd2e60bbf08a0fa3cd13f9a40a45c57,258,340,0.10667383298277855,1.1176487207221255,0.6135417409244359,0.48850697977896385,0.6291417409431617,0.044743353346610615,0.020613296035627088,0.6085284449075344,0.02253563877355797,0.06628129051046462,0.03139410334528188,0.01776971768853401,0.10452775110902358,0.023091743013555144,0.011213517540151966,0.16490466970811715,0.013539857490501229
12,1.4,118,1.0,512,200,600,matched,transformer,35619,125,340,6d38dd42fabc98e2df25f0e6cc5ca60800a6ea1b9017a0525073bb1939368b7d,3672d037714419789c221c8c7564a09d4bd2e60bbf08a0fa3cd13f9a40a45c57,258,340,3.7608952909940854,0.5408977835417316,0.8230335328951226,0.1947583344265774,0.34613944911515415,0.042737987586357974,0.045690744831224525,0.30044870428392945,0.024392879097881463,0.07174376205259253,0.028049269874084046,0.019694713506080107,0.11585125591811828,0.02233126970339661,0.013710769903143434,0.20162896916387404,0.015234082680529929
12,1.4,118,1.0,512,200,600,matched,maxent,36119,125,340,6d38dd42fabc98e2df25f0e6cc5ca60800a6ea1b9017a0525073bb1939368b7d,3672d037714419789c221c8c7564a09d4bd2e60bbf08a0fa3cd13f9a40a45c57,258,340,0.3437865419546142,1.9181753087343536,0.9204123822551836,0.08293346778757729,1.8352418409467763,0.003090780603217593,0.36142790495971616,1.4738139359870603,0.0026122800040306246,0.007683176482443013,0.0028103282989354133,0.0023420020467892337,0.013776482628171964,0.0024994756079155015,0.0017794999763412235,0.026169117299135642,0.0018681881942365975
12,1.4,119,1.0,512,200,600,matched,iqp-parity,13703,126,341,b409b47611719e9d5ca67e45b2eccb14be00a02697bfaaac0aad17fa8f8672f8,a56289775eec0ce432a321db146cf9b88569ccab3daaa3aefaeb57ea0050cb73,271,338,0.4620767089072615,0.2795180488495014,0.9999999999999999,1.1102230246251565e-16,0.27951804884950127,0.16180667260611425,0.0005437251266226326,0.27897432372287856,0.0524376077259473,0.1551408512601991,0.052437607725947306,0.03715019930048401,0.21982366449990534,0.037150199300484014,0.02203522840138251,0.32596491718021464,0.02203522840138251
12,1.4,119,1.0,512,200,600,matched,iqp-mse,13703,126,341,b409b47611719e9d5ca67e45b2eccb14be00a02697bfaaac0aad17fa8f8672f8,a56289775eec0ce432a321db146cf9b88569ccab3daaa3aefaeb57ea0050cb73,271,338,0.3175059170462191,0.2483492959306599,1.0,-0.0,0.2483492959306599,0.16784299796177243,0.0012025680136814633,0.24714672791697834,0.05569602594368011,0.16478114184520742,0.05569602594368011,0.03975469316798926,0.2352348708165045,0.03975469316798926,0.023817787583369974,0.35233413584866824,0.023817787583369974
12,1.4,119,1.0,512,200,600,matched,ising-parity,30120,126,341,b409b47611719e9d5ca67e45b2eccb14be00a02697bfaaac0aad17fa8f8672f8,a56289775eec0ce432a321db146cf9b88569ccab3daaa3aefaeb57ea0050cb73,271,338,0.2400120000820607,0.8236846335665544,0.657520821358402,0.41927884796637094,0.4044057856001835,0.07695187246317906,0.004822138096934957,0.3995836475032485,0.04045892131429425,0.11970095063400667,0.05389138981598002,0.031978221239881345,0.18922024402296655,0.04057783671423122,0.020767182909699988,0.30720684777662705,0.024853098061863768
12,1.4,119,1.0,512,200,600,matched,ising-nll,30123,126,341,b409b47611719e9d5ca67e45b2eccb14be00a02697bfaaac0aad17fa8f8672f8,a56289775eec0ce432a321db146cf9b88569ccab3daaa3aefaeb57ea0050cb73,271,338,0.11091187503188848,1.0060842716142466,0.6862957669608558,0.37644659700022876,0.6296376746140179,0.06734704839443063,0.013198675754474413,0.6164389988595436,0.0278754945969476,0.08247187750576213,0.03571217694689858,0.021640593492005467,0.12805084906512113,0.026670278809106048,0.013878072387171193,0.20529692880430758,0.016289608346571463
12,1.4,119,1.0,512,200,600,matched,transformer,35620,126,341,b409b47611719e9d5ca67e45b2eccb14be00a02697bfaaac0aad17fa8f8672f8,a56289775eec0ce432a321db146cf9b88569ccab3daaa3aefaeb57ea0050cb73,271,338,3.6926609160145745,0.5171782661272163,0.7306196210277489,0.3138623089348312,0.2033159571923851,0.10319958841874013,0.0002955297142369865,0.20302042747814808,0.055568149862639686,0.1644028102444961,0.06883714250509229,0.043725879377684275,0.2587330140691377,0.05245199920364011,0.028487123066013562,0.42140714594694617,0.03262513322126209
12,1.4,119,1.0,512,200,600,matched,maxent,36120,126,341,b409b47611719e9d5ca67e45b2eccb14be00a02697bfaaac0aad17fa8f8672f8,a56289775eec0ce432a321db146cf9b88569ccab3daaa3aefaeb57ea0050cb73,271,338,0.3402305420022458,2.477411922219596,0.9571129833564084,0.04383383456415721,2.4335780876554387,0.002414000404809817,0.47592722131618215,1.9576508663392564,0.0015241534100761173,0.004509329615609814,0.0015845779911544255,0.0013729726633912832,0.00812409859994842,0.0014219976930951227,0.0010721769613071253,0.015860605936495936,0.001103309664017143
12,1.4,120,1.0,512,200,600,matched,iqp-parity,13704,127,342,cba7c0b118244aa4882a0db390e697c266d9a13653961f7fd298e1efc75e830a,be8ede604a893ee87034e6fb596cea91ea3be8f191d448807bebae1ef6fbfe79,283,336,0.41088674997445196,0.3857233226461234,1.0,-0.0,0.3857233226461234,0.11141818916641842,0.0018656811939016527,0.38385764145222184,0.04288286830071646,0.1276275842283228,0.04288286830071646,0.030929688647890956,0.18410528957077948,0.030929688647890956,0.01826292785645692,0.27176975976870416,0.01826292785645692
12,1.4,120,1.0,512,200,600,matched,iqp-mse,13704,127,342,cba7c0b118244aa4882a0db390e697c266d9a13653961f7fd298e1efc75e830a,be8ede604a893ee87034e6fb596cea91ea3be8f191d448807bebae1ef6fbfe79,283,336,0.3250004999572411,0.2990812629376007,0.9999999999999998,2.2204460492503136e-16,0.29908126293760046,0.14822798374876942,0.0011996846726385312,0.297881578264962,0.05074737815043082,0.1510338635429489,0.05074737815043084,0.03674193812843913,0.21870201266928055,0.03674193812843913,0.022137965246132384,0.3294340066388748,0.02213796524613239
12,1.4,120,1.0,512,200,600,matched,ising-parity,30121,127,342,cba7c0b118244aa4882a0db390e697c266d9a13653961f7fd298e1efc75e830a,be8ede604a893ee87034e6fb596cea91ea3be8f191d448807bebae1ef6fbfe79,283,336,0.247111750068143,0.7749323681420327,0.6464361422475493,0.43628086020784135,0.33865150793419135,0.069434437819288,0.002758374270894086,0.3358931336632973,0.0289536611269393,0.08617161049684316,0.039762288229643464,0.023686562087114695,0.14099144099473032,0.03125016131337792,0.01645958163918467,0.24493425058310522,0.020580775311169
12,1.4,120,1.0,512,200,600,matched,ising-nll,30124,127,342,cba7c0b118244aa4882a0db390e697c266d9a13653961f7fd298e1efc75e830a,be8ede604a893ee87034e6fb596cea91ea3be8f191d448807bebae1ef6fbfe79,283,336,0.12085058295633644,0.9761926560876671,0.638630032537285,0.44842997109244925,0.527762684995218,0.06824864538161822,0.0028946598737725586,0.5248680251214453,0.026683910241385743,0.07941639952793375,0.03517341012272258,0.02023059199689477,0.12042019045770697,0.025663329346911345,0.012798625920805417,0.19045574286912825,0.015379507063838742
12,1.4,120,1.0,512,200,600,matched,transformer,35621,127,342,cba7c0b118244aa4882a0db390e697c266d9a13653961f7fd298e1efc75e830a,be8ede604a893ee87034e6fb596cea91ea3be8f191d448807bebae1ef6fbfe79,283,336,4.158116625039838,0.3799883149126808,0.8367191025445946,0.17826686512419046,0.20172144978849035,0.055483292077144725,0.026879246992222612,0.1748422027962678,0.03201711815301987,0.09528904212208296,0.03639922796117429,0.025786296222051506,0.1534898584645923,0.02888026465685486,0.017743958669814975,0.2640470040151038,0.0194875108756356
12,1.4,120,1.0,512,200,600,matched,maxent,36121,127,342,cba7c0b118244aa4882a0db390e697c266d9a13653961f7fd298e1efc75e830a,be8ede604a893ee87034e6fb596cea91ea3be8f191d448807bebae1ef6fbfe79,283,336,0.30556825001258403,2.258424834287827,0.9417125934425709,0.06005515346159049,2.1983696808262367,0.002096792572724526,0.4141731101433557,1.7841965706828808,0.0012478289772175698,0.0037137767179094335,0.0013161313701077493,0.0011269103705389225,0.006707799824636444,0.0011828695253681052,0.0008920178707767654,0.01327407545798758,0.0009287498421945045
12,1.5,111,1.0,512,200,600,matched,iqp-parity,13695,118,333,a6e6db19dd07481c438f14ffe26667962e79cd0284b3f932945575aea8a67cc6,46ec6552ea8abd2c67a85ebf993bb74a1984e0f557904f8a35ae4eb6d2b596da,273,344,0.4302994169993326,0.2165568895586472,1.0,-0.0,0.2165568895586472,0.09509210759677947,6.729599737959405e-07,0.21655621659867338,0.04085419516950695,0.11876219526019463,0.04085419516950695,0.030248442270794037,0.17586303645810486,0.030248442270794037,0.018551084515361367,0.26963785632792686,0.018551084515361367
12,1.5,111,1.0,512,200,600,matched,iqp-mse,13695,118,333,a6e6db19dd07481c438f14ffe26667962e79cd0284b3f932945575aea8a67cc6,46ec6552ea8abd2c67a85ebf993bb74a1984e0f557904f8a35ae4eb6d2b596da,273,344,0.3385525420308113,0.21974235876650128,1.0,-0.0,0.21974235876650128,0.10652748056290232,0.0007534902992459621,0.2189888684672554,0.04328897332652678,0.12584003873990343,0.04328897332652678,0.031958997413927964,0.1858081244995812,0.031958997413927964,0.01984241165942251,0.2884071462125365,0.01984241165942251
12,1.5,111,1.0,512,200,600,matched,ising-parity,30112,118,333,a6e6db19dd07481c438f14ffe26667962e79cd0284b3f932945575aea8a67cc6,46ec6552ea8abd2c67a85ebf993bb74a1984e0f557904f8a35ae4eb6d2b596da,273,344,0.24899670796003193,0.71374452105157,0.7188372200801814,0.3301203445560792,0.38362417649549085,0.04098794424770685,0.011154139234172529,0.37247003726131833,0.02370608950908583,0.06891305089850532,0.030843213938181215,0.020255703957429292,0.11776572068272845,0.02554426098471273,0.014810710514699428,0.21527195515551495,0.01780446451504964
12,1.5,111,1.0,512,200,600,matched,ising-nll,30115,118,333,a6e6db19dd07481c438f14ffe26667962e79cd0284b3f932945575aea8a67cc6,46ec6552ea8abd2c67a85ebf993bb74a1984e0f557904f8a35ae4eb6d2b596da,273,344,0.12059870909433812,0.9395868072020623,0.7281583743459045,0.3172367072669669,0.6223500999350955,0.03161937524289918,0.02400497671371722,0.5983451232213782,0.016736244013536034,0.04865187213237219,0.020914370574728232,0.013352862112587786,0.07763291925923131,0.01615343717265741,0.008923413331354019,0.12970077516502934,0.010410804861400226
12,1.5,111,1.0,512,200,600,matched,transformer,35612,118,333,a6e6db19dd07481c438f14ffe26667962e79cd0284b3f932945575aea8a67cc6,46ec6552ea8abd2c67a85ebf993bb74a1984e0f557904f8a35ae4eb6d2b596da,273,344,4.026869166991673,0.34398826272093536,0.8349714393890807,0.18035775904071707,0.16363050368021828,0.04541699790839919,0.013104367925224916,0.15052613575499335,0.02921330975395088,0.0849224120754386,0.03354254865841878,0.02425644229180111,0.14102582727791343,0.027386779076766163,0.01715424099192606,0.24933489813846016,0.018920525835707774
12,1.5,111,1.0,512,200,600,matched,maxent,36112,118,333,a6e6db19dd07481c438f14ffe26667962e79cd0284b3f932945575aea8a67cc6,46ec6552ea8abd2c67a85ebf993bb74a1984e0f557904f8a35ae4eb6d2b596da,273,344,0.3329014170449227,1.498602645215477,0.9561852739109318,0.04480358354569248,1.4537990616697845,0.002254750437039048,0.2619818654201322,1.1918171962496522,0.001351433457036415,0.003928585630919811,0.001404294287500762,0.0011858072130721093,0.00689422798297738,0.00122657540255763,0.0008858725631219646,0.012876054696540185,0.0009104318361856197
12,1.5,112,1.0,512,200,600,matched,iqp-parity,13696,119,334,dca455a6820f72222afb9428122125277f3d3945e5c9d60d3056f3c01628d9d5,b0126d22db14df8032614d0be237f7ba7f8faae015df79310d48a47a7e019709,279,344,0.5243569579906762,0.27193454147929996,1.0,-0.0,0.27193454147929996,0.11231012242800606,0.0001566500567106383,0.2717778914225894,0.0422488468849422,0.12281641536320408,0.0422488468849422,0.03002594287333287,0.17456943531007482,0.03002594287333287,0.017765037285933788,0.2582127512490376,0.017765037285933788
12,1.5,112,1.0,512,200,600,matched,iqp-mse,13696,119,334,dca455a6820f72222afb9428122125277f3d3945e5c9d60d3056f3c01628d9d5,b0126d22db14df8032614d0be237f7ba7f8faae015df79310d48a47a7e019709,279,344,0.4044539169408381,0.23816263311277291,1.0000000000000002,-2.2204460492503128e-16,0.23816263311277314,0.12296929516607745,0.001267166572237858,0.23689546654053534,0.04661611529672355,0.13551196307187077,0.04661611529672354,0.033536852575397326,0.1949817010197519,0.03353685257539732,0.020453529538266648,0.2972896735213176,0.020453529538266645
12,1.5,112,1.0,512,200,600,matched,ising-parity,30113,119,334,dca455a6820f72222afb9428122125277f3d3945e5c9d60d3056f3c01628d9d5,b0126d22db14df8032614d0be237f7ba7f8faae015df79310d48a47a7e019709,279,344,0.41581595793832093,0.72452672891501,0.6692199064498959,0.40164256367426965,0.3228841652407404,0.06382717579012284,0.000726128447182367,0.32215803679355814,0.029942588991880726,0.0870424098601184,0.03944407706153906,0.023771945490681973,0.1382089854109417,0.030234033921031585,0.01600205144491206,0.2325879570481404,0.019472246112276256
12,1.5,112,1.0,512,200,600,matched,ising-nll,30116,119,334,dca455a6820f72222afb9428122125277f3d3945e5c9d60d3056f3c01628d9d5,b0126d22db14df8032614d0be237f7ba7f8faae015df79310d48a47a7e019709,279,344,0.13697595801204443,0.9989391245765874,0.6827051806452329,0.38169216612143486,0.6172469584551525,0.04091847708391238,0.015996664065735307,0.6012502943894172,0.017449106715115667,0.05072414742766183,0.021749063924795264,0.01274165286062821,0.07407937709667564,0.015139762013125427,0.007486919830875672,0.10882150916970454,0.00858830459724397
12,1.5,112,1.0,512,200,600,matched,transformer,35613,119,334,dca455a6820f72222afb9428122125277f3d3945e5c9d60d3056f3c01628d9d5,b0126d22db14df8032614d0be237f7ba7f8faae015df79310d48a47a7e019709,279,344,3.8738704579882324,0.40568074726968406,0.8087567249942668,0.21225711790729657,0.1934236293623875,0.0565324097024382,0.009095720629434943,0.18432790873295254,0.030648078919883522,0.08909325267408001,0.03574780235209154,0.02486634198267355,0.14457175571321831,0.028535866569166013,0.017366017433458444,0.25241304409096577,0.01948319551901737
12,1.5,112,1.0,512,200,600,matched,maxent,36113,119,334,dca455a6820f72222afb9428122125277f3d3945e5c9d60d3056f3c01628d9d5,b0126d22db14df8032614d0be237f7ba7f8faae015df79310d48a47a7e019709,279,344,0.1539160000393167,1.9268905776535008,0.8350612282061903,0.18025022962654647,1.7466403480269543,0.0028087013323978664,0.27130463872898103,1.4753357092979735,0.0012850208667270248,0.0037355257753692583,0.0015130309323410042,0.0011829771014515327,0.006877773845648446,0.0013737651990631708,0.0009593162480756037,0.01394355011737796,0.001083557821941957
12,1.5,113,1.0,512,200,600,matched,iqp-parity,13697,120,335,e73b56bbd21d24d0f67131e52502a7b23750af01b0bda15c33680c354ddff5b1,494a09d0cb32c8fd575150abd91ad12074451b075c550159cd5a0edda3ce9c1b,296,353,0.5068095000460744,0.24665907550102495,0.9999999999999998,2.2204460492503136e-16,0.24665907550102473,0.09531092781444611,0.0029513261749638253,0.2437077493260609,0.03502805134515248,0.0992296072100637,0.035028051345152494,0.02571760002617156,0.1457087820179692,0.02571760002617156,0.015782142100260483,0.22354308923881705,0.015782142100260483
12,1.5,113,1.0,512,200,600,matched,iqp-mse,13697,120,335,e73b56bbd21d24d0f67131e52502a7b23750af01b0bda15c33680c354ddff5b1,494a09d0cb32c8fd575150abd91ad12074451b075c550159cd5a0edda3ce9c1b,296,353,0.38435204105917364,0.22346385625362142,1.0,-0.0,0.22346385625362142,0.09077682511107182,0.004327929262994905,0.21913592699062656,0.03271741344834971,0.0926838907885261,0.03271741344834971,0.024636886589647033,0.13958575971471407,0.024636886589647033,0.015441694656660598,0.21872088748811047,0.015441694656660598
12,1.5,113,1.0,512,200,600,matched,ising-parity,30114,120,335,e73b56bbd21d24d0f67131e52502a7b23750af01b0bda15c33680c354ddff5b1,494a09d0cb32c8fd575150abd91ad12074451b075c550159cd5a0edda3ce9c1b,296,353,0.41486270900350064,0.8342611003888163,0.7523779826762174,0.28451644477420523,0.549744655614611,0.03605080470803963,0.0395383533882365,0.5102063022263746,0.021494585907944345,0.06089117820947406,0.026798570930350003,0.018088389042799927,0.10248379061076447,0.02201145412779559,0.01307125681238251,0.18514528062864744,0.015328824344227434
12,1.5,113,1.0,512,200,600,matched,ising-nll,30117,120,335,e73b56bbd21d24d0f67131e52502a7b23750af01b0bda15c33680c354ddff5b1,494a09d0cb32c8fd575150abd91ad12074451b075c550159cd5a0edda3ce9c1b,296,353,0.1368327080272138,1.0521280892120428,0.743839025534111,0.29593063108843115,0.7561974581236117,0.033577270268068796,0.04405189019505129,0.7121455679285602,0.014609957470652909,0.04138798150326603,0.017936179037228654,0.011687533585180428,0.06621832059592311,0.014118878346271789,0.008150076876890497,0.11544018239221668,0.009551753351818015
12,1.5,113,1.0,512,200,600,matched,transformer,35614,120,335,e73b56bbd21d24d0f67131e52502a7b23750af01b0bda15c33680c354ddff5b1,494a09d0cb32c8fd575150abd91ad12074451b075c550159cd5a0edda3ce9c1b,296,353,4.115437834057957,0.4587756325270357,0.8118041461320797,0.2084961672584287,0.250279465268607,0.05790413472661844,0.014280926476270661,0.2359985387923363,0.028013217051756877,0.07935755538741325,0.03243992885175412,0.02250001809890918,0.12747885608447126,0.025734476032388702,0.015708462797202737,0.2224994730481974,0.017604646092991793
12,1.5,113,1.0,512,200,600,matched,maxent,36114,120,335,e73b56bbd21d24d0f67131e52502a7b23750af01b0bda15c33680c354ddff5b1,494a09d0cb32c8fd575150abd91ad12074451b075c550159cd5a0edda3ce9c1b,296,353,0.10788904200308025,1.7036703262132467,0.9847964413489736,0.015320317695825213,1.6883500085174215,0.000572472031477838,0.5202197576798075,1.168130250837614,0.00045131580743504963,0.0012785150352267695,0.00045808830432447246,0.00043917292782761854,0.002488231885708887,0.00044558243575524306,0.0004062234138469716,0.0057538727173792005,0.0004116980880773978
12,1.5,114,1.0,512,200,600,matched,iqp-parity,13698,121,336,0047a7feb701936992557a9f834a44ee1b7d5ac8264262b23b801f9172f51b49,9fc9306ab4737b5804dc59a07264243c6abc622ca16efa0cd4d6bddf38b05e36,269,343,0.4493241250747815,0.235736116585558,1.0,-0.0,0.235736116585558,0.11196733986249105,0.0015330672070755016,0.23420304937848263,0.03682689858650676,0.10736705127261445,0.03682689858650676,0.02700992890058452,0.1574922967964112,0.02700992890058452,0.016359504279635294,0.2384767387701938,0.016359504279635294
12,1.5,114,1.0,512,200,600,matched,iqp-mse,13698,121,336,0047a7feb701936992557a9f834a44ee1b7d5ac8264262b23b801f9172f51b49,9fc9306ab4737b5804dc59a07264243c6abc622ca16efa0cd4d6bddf38b05e36,269,343,0.3394519160501659,0.19306267192771132,1.0,-0.0,0.19306267192771132,0.10634381006402964,0.0007104514146854465,0.192352220513026,0.0415146251616268,0.12103389259949505,0.0415146251616268,0.030974254965688904,0.18060790067457086,0.030974254965688904,0.019504239602304702,0.28431836154963125,0.019504239602304702
12,1.5,114,1.0,512,200,600,matched,ising-parity,30115,121,336,0047a7feb701936992557a9f834a44ee1b7d5ac8264262b23b801f9172f51b49,9fc9306ab4737b5804dc59a07264243c6abc622ca16efa0cd4d6bddf38b05e36,269,343,0.2729519580025226,0.7064990331906528,0.6765374815863905,0.3907674277525326,0.3157316054381202,0.054119889136363834,0.0014332713545602248,0.31429833408356006,0.02513293287651042,0.07327385678282922,0.03337466758115644,0.02047525191268208,0.11938922398065352,0.026198603695046556,0.014183365151597594,0.20675459404661214,0.01742268204088991
12,1.5,114,1.0,512,200,600,matched,ising-nll,30118,121,336,0047a7feb701936992557a9f834a44ee1b7d5ac8264262b23b801f9172f51b49,9fc9306ab4737b5804dc59a07264243c6abc622ca16efa0cd4d6bddf38b05e36,269,343,0.12699991604313254,0.8825473500529805,0.6564221192160955,0.4209512225641602,0.4615961274888203,0.052755234638242415,0.001358879265186342,0.4602372482236342,0.024675101744364204,0.07193907214100351,0.0322941027125986,0.01890390159022988,0.11022683142991183,0.023581503401391563,0.011855313039036025,0.1728179743299712,0.014057383297582987
12,1.5,114,1.0,512,200,600,matched,transformer,35615,121,336,0047a7feb701936992557a9f834a44ee1b7d5ac8264262b23b801f9172f51b49,9fc9306ab4737b5804dc59a07264243c6abc622ca16efa0cd4d6bddf38b05e36,269,343,3.971760291955434,0.3245207719307922,0.8462009385978098,0.16699843150532948,0.15752234042546273,0.06152259532616452,0.0033592860715735313,0.15416305435388933,0.03280408008453044,0.09563871744761061,0.03720157490979474,0.026889772993655747,0.15679167926329882,0.029949323478859844,0.018367380208210608,0.26774606717508176,0.01995587903303691
12,1.5,114,1.0,512,200,600,matched,maxent,36115,121,336,0047a7feb701936992557a9f834a44ee1b7d5ac8264262b23b801f9172f51b49,9fc9306ab4737b5804dc59a07264243c6abc622ca16efa0cd4d6bddf38b05e36,269,343,0.14108058298006654,1.0344808195119364,0.8567754912168348,0.1545793652800978,0.8799014542318386,0.002894630056242506,0.22938761789290935,0.6505138363389292,0.0017702875832170076,0.005161188289262412,0.0020442663496119356,0.0016632457617036893,0.009698226015764953,0.0019028134304118615,0.0014084341942238571,0.02053111070297168,0.0015771743072526053
12,1.5,115,1.0,512,200,600,matched,iqp-parity,13699,122,337,28b2b6fab616209462c2c29c3a53fe2b2e02f652f07b1b4241f42663556fab1d,fae9b80b4b9bbecd172da441f7a298732dc4ec9c5fd56650a16ee48bf4f2164a,279,355,0.48137183394283056,0.3200753627949263,1.0,-0.0,0.3200753627949263,0.0872401341386117,0.008838124885180473,0.31123723790974583,0.031288418146297466,0.08813638914449991,0.031288418146297466,0.022511977640152,0.12682804304310985,0.022511977640152,0.013635328975191664,0.19204688697453048,0.013635328975191664
12,1.5,115,1.0,512,200,600,matched,iqp-mse,13699,122,337,28b2b6fab616209462c2c29c3a53fe2b2e02f652f07b1b4241f42663556fab1d,fae9b80b4b9bbecd172da441f7a298732dc4ec9c5fd56650a16ee48bf4f2164a,279,355,0.36930920905433595,0.27887323669203257,1.0,-0.0,0.27887323669203257,0.08009847394835262,0.012887076564105808,0.2659861601279267,0.03194647090407499,0.0899900588847183,0.03194647090407499,0.023677963705646413,0.13339697862336006,0.023677963705646413,0.014610385866890969,0.20578008263226716,0.014610385866890969
12,1.5,115,1.0,512,200,600,matched,ising-parity,30116,122,337,28b2b6fab616209462c2c29c3a53fe2b2e02f652f07b1b4241f42663556fab1d,fae9b80b4b9bbecd172da441f7a298732dc4ec9c5fd56650a16ee48bf4f2164a,279,355,0.2945477500325069,0.7466503589679578,0.7142962504164851,0.3364574861469225,0.41019287282103534,0.04083060181108715,0.03425656794121697,0.3759363048798184,0.020948606226179396,0.05901015838360393,0.026732696461357085,0.017089513802419493,0.09627895099954643,0.021300635823698854,0.01212411392282178,0.1707621679270673,0.014625024494266885
12,1.5,115,1.0,512,200,600,matched,ising-nll,30119,122,337,28b2b6fab616209462c2c29c3a53fe2b2e02f652f07b1b4241f42663556fab1d,fae9b80b4b9bbecd172da441f7a298732dc4ec9c5fd56650a16ee48bf4f2164a,279,355,0.12698316702153534,1.4016920611334656,0.7521139647977234,0.2848674175815339,1.1168246435519316,0.03488190182380535,0.050892879253882056,1.0659317642980497,0.01310608772010267,0.03691855695803569,0.015192761589062116,0.009199547671405085,0.05182843758538076,0.010391614601935533,0.005272869013050683,0.07426576074719272,0.005793172296140062
12,1.5,115,1.0,512,200,600,matched,transformer,35616,122,337,28b2b6fab616209462c2c29c3a53fe2b2e02f652f07b1b4241f42663556fab1d,fae9b80b4b9bbecd172da441f7a298732dc4ec9c5fd56650a16ee48bf4f2164a,279,355,4.0826791250146925,0.4081084890461499,0.9347791299301994,0.0674450022724765,0.34066348677367336,0.03516557820371048,0.06950911510502569,0.2711543716686477,0.021155718109107068,0.05959357213832977,0.02221138715161576,0.01696365965999734,0.0955699135774498,0.017703470505725436,0.011544243228975223,0.16259497505598905,0.011956499643089277
12,1.5,115,1.0,512,200,600,matched,maxent,36116,122,337,28b2b6fab616209462c2c29c3a53fe2b2e02f652f07b1b4241f42663556fab1d,fae9b80b4b9bbecd172da441f7a298732dc4ec9c5fd56650a16ee48bf4f2164a,279,355,0.13058808294590563,1.953515835280572,0.9925589022979385,0.007468920778314538,1.9460469145022574,0.000550992600649952,0.5722418213258132,1.373805093176444,0.00042428864033703946,0.0011951792685550406,0.0004273848903122454,0.00041337261009050244,0.00232885977515776,0.0004163112382372957,0.0003838788656706125,0.005406744586910035,0.0003864139030918985
12,1.5,116,1.0,512,200,600,matched,iqp-parity,13700,123,338,20e090f89662780657fd4c55a99c1e1276d00a546ef67541b84cef2460cb4d21,67eaeaae05cc33550f061649f99bb92951375c55491458d36e2f1c224114a8b1,273,349,0.4765957079362124,0.2488718623544145,1.0,-0.0,0.2488718623544145,0.10615662023845332,3.1966075343751446e-06,0.2488686657468801,0.03453789833940714,0.09896245942523535,0.03453789833940714,0.02526308954549149,0.14477415212316042,0.02526308954549149,0.015434998178808657,0.22113177906602663,0.015434998178808657
12,1.5,116,1.0,512,200,600,matched,iqp-mse,13700,123,338,20e090f89662780657fd4c55a99c1e1276d00a546ef67541b84cef2460cb4d21,67eaeaae05cc33550f061649f99bb92951375c55491458d36e2f1c224114a8b1,273,349,0.35603475000243634,0.22844719799898452,1.0,-0.0,0.22844719799898452,0.10665516736700614,4.145132985600283e-07,0.22844678348568598,0.035272563653405385,0.10106751763153406,0.035272563653405385,0.026502190484408408,0.151875017102627,0.026502190484408408,0.016732470123370872,0.23972020234055688,0.016732470123370872
12,1.5,116,1.0,512,200,600,matched,ising-parity,30117,123,338,20e090f89662780657fd4c55a99c1e1276d00a546ef67541b84cef2460cb4d21,67eaeaae05cc33550f061649f99bb92951375c55491458d36e2f1c224114a8b1,273,349,0.2851230000378564,0.8202114204800977,0.746753077516624,0.292020700680317,0.5281907197997806,0.03857448707352433,0.024172574795423632,0.504018145004357,0.02229300090463289,0.06387679342301687,0.027856087322124898,0.018622714963340493,0.10672042958934379,0.02274351761614282,0.013447766902677648,0.19266141694380584,0.01583648035570466
12,1.5,116,1.0,512,200,600,matched,ising-nll,30120,123,338,20e090f89662780657fd4c55a99c1e1276d00a546ef67541b84cef2460cb4d21,67eaeaae05cc33550f061649f99bb92951375c55491458d36e2f1c224114a8b1,273,349,0.13092870893888175,1.146991943194573,0.7613887381579795,0.2726112261097949,0.8743807170847782,0.02786566363727356,0.04695472866132318,0.8274259884234548,0.012405666962320426,0.03554632367427056,0.014499575257890479,0.008984876071282637,0.05148926115348216,0.010181851719065452,0.005315076912411547,0.07614723370217116,0.00589957760203557
12,1.5,116,1.0,512,200,600,matched,transformer,35617,123,338,20e090f89662780657fd4c55a99c1e1276d00a546ef67541b84cef2460cb4d21,67eaeaae05cc33550f061649f99bb92951375c55491458d36e2f1c224114a8b1,273,349,4.043708791024983,0.4330196835777157,0.8880618096467867,0.11871393295422134,0.31430575062349436,0.03734946139726695,0.037162452591359973,0.27714329803213444,0.025230238586196385,0.07229294723838506,0.027529148459609253,0.020280194142075225,0.1162188776050156,0.021813869590773048,0.013406830681770315,0.19207493813424523,0.014175894602524145
12,1.5,116,1.0,512,200,600,matched,maxent,36117,123,338,20e090f89662780657fd4c55a99c1e1276d00a546ef67541b84cef2460cb4d21,67eaeaae05cc33550f061649f99bb92951375c55491458d36e2f1c224114a8b1,273,349,0.180788416066207,1.520392989766742,0.981361830902794,0.0188140485803293,1.5015789411864129,0.0011498837720703104,0.3827286299376481,1.1188503112487644,0.0008641964324865441,0.002476207542941387,0.0008800670632392315,0.0008370660160674441,0.0047969399201572725,0.0008519505352520263,0.0007656488335773418,0.010969180996810053,0.0007781066504688216
12,1.5,117,1.0,512,200,600,matched,iqp-parity,13701,124,339,f7c562b2409377381ede7158a1e8439751fa698704196cdbaff9ac54e39e600e,6d2e8203ab09f7481803ba6cac1d0fef11989f0d29cc5ddaeca62054fed6f238,266,340,0.47705837502144277,0.2634143612592498,0.9999999999999999,1.1102230246251565e-16,0.26341436125924966,0.09171093322462795,0.00022100065499861682,0.263193360604251,0.038159655772726585,0.11223428168448997,0.038159655772726585,0.02790209000801439,0.16412994122361407,0.027902090008014392,0.01675028979340787,0.2463277910795275,0.01675028979340787
12,1.5,117,1.0,512,200,600,matched,iqp-mse,13701,124,339,f7c562b2409377381ede7158a1e8439751fa698704196cdbaff9ac54e39e600e,6d2e8203ab09f7481803ba6cac1d0fef11989f0d29cc5ddaeca62054fed6f238,266,340,0.363262000028044,0.28822455140628195,1.0,-0.0,0.28822455140628195,0.12152359340000399,0.006611617696267447,0.2816129337100146,0.043346457188887286,0.12748957996731555,0.043346457188887286,0.03151328690880426,0.18537227593414274,0.03151328690880426,0.019227049730599906,0.28275073133235157,0.019227049730599906
12,1.5,117,1.0,512,200,600,matched,ising-parity,30118,124,339,f7c562b2409377381ede7158a1e8439751fa698704196cdbaff9ac54e39e600e,6d2e8203ab09f7481803ba6cac1d0fef11989f0d29cc5ddaeca62054fed6f238,266,340,0.2921717920107767,0.7038319862881806,0.6899535446473096,0.3711310102554711,0.33270097603270943,0.05089815963106062,0.0009941926805841616,0.3317067833521252,0.02437887004520307,0.07170255895647963,0.032204896780635435,0.020184496549603716,0.11873233264472774,0.025704791512626394,0.014136347292088772,0.20788746017777604,0.017138310739964198
12,1.5,117,1.0,512,200,600,matched,ising-nll,30121,124,339,f7c562b2409377381ede7158a1e8439751fa698704196cdbaff9ac54e39e600e,6d2e8203ab09f7481803ba6cac1d0fef11989f0d29cc5ddaeca62054fed6f238,266,340,0.1455301659880206,0.9873697874072322,0.7173619732869376,0.33217472157969713,0.6551950658275352,0.03802146152694665,0.009056036331559512,0.6461390294959757,0.01912548763760579,0.05625143422825232,0.023909490134525462,0.014927766286103827,0.0878103899182578,0.01799689684158181,0.0096428005279477,0.14180589011687794,0.011172327698111165
12,1.5,117,1.0,512,200,600,matched,transformer,35618,124,339,f7c562b2409377381ede7158a1e8439751fa698704196cdbaff9ac54e39e600e,6d2e8203ab09f7481803ba6cac1d0fef11989f0d29cc5ddaeca62054fed6f238,266,340,4.328999124933034,0.3779310889421604,0.8434687252978006,0.17023245498307849,0.2076986339590819,0.04512509605159019,0.00873568288635241,0.19896295107272952,0.03035253597148981,0.08927216462202885,0.03457623771001176,0.025059505361008476,0.14740885506475573,0.02800888985951444,0.017291842990828893,0.2542918086886602,0.018871019829005894
12,1.5,117,1.0,512,200,600,matched,maxent,36118,124,339,f7c562b2409377381ede7158a1e8439751fa698704196cdbaff9ac54e39e600e,6d2e8203ab09f7481803ba6cac1d0fef11989f0d29cc5ddaeca62054fed6f238,266,340,0.1310379160568118,1.1656356096942224,0.8179938076638156,0.2009005125011783,0.9647350971930442,0.005410361230441096,0.14369154874727716,0.8210435484457671,0.0030827929383844084,0.00906703805407179,0.0035474293574735256,0.0024167342320220555,0.014216083717776795,0.0027068473921989643,0.0015631515194052925,0.022987522344195477,0.0017253198760233766
12,1.5,118,1.0,512,200,600,matched,iqp-parity,13702,125,340,ad530bd79e4df5ee12f691ae2cf2e7829e95d66e739f6600caff95bd863fc565,3672d037714419789c221c8c7564a09d4bd2e60bbf08a0fa3cd13f9a40a45c57,258,348,0.5968526659999043,0.42889382216245625,1.0,-0.0,0.42889382216245625,0.09288967499002067,0.006110238948251898,0.4227835832142044,0.03213357424313821,0.09233785702051209,0.03213357424313821,0.022687721360959773,0.13038920322390674,0.022687721360959773,0.013531971717771844,0.19442488100246902,0.013531971717771844
12,1.5,118,1.0,512,200,600,matched,iqp-mse,13702,125,340,ad530bd79e4df5ee12f691ae2cf2e7829e95d66e739f6600caff95bd863fc565,3672d037714419789c221c8c7564a09d4bd2e60bbf08a0fa3cd13f9a40a45c57,258,348,0.39179383299779147,0.3824217322013891,1.0000000000000002,-2.2204460492503128e-16,0.3824217322013893,0.09414053907797387,0.005622507550123168,0.37679922465126614,0.03489990665209768,0.10028708808074047,0.034899906652097676,0.025714580721694837,0.1477849466764071,0.025714580721694833,0.015832913504391,0.22748438943090518,0.015832913504391
12,1.5,118,1.0,512,200,600,matched,ising-parity,30119,125,340,ad530bd79e4df5ee12f691ae2cf2e7829e95d66e739f6600caff95bd863fc565,3672d037714419789c221c8c7564a09d4bd2e60bbf08a0fa3cd13f9a40a45c57,258,348,0.29634762497153133,0.7435160359509535,0.7219349364054585,0.32582025993189534,0.41769577601905816,0.04303681862283821,0.03077969418239425,0.3869160818366639,0.024241001608939466,0.06965805060040077,0.030601581574556305,0.019536387117171535,0.11227808688029618,0.023896476856741025,0.013332949160061981,0.1915653614951434,0.015768920218980288
12,1.5,118,1.0,512,200,600,matched,ising-nll,30122,125,340,ad530bd79e4df5ee12f691ae2cf2e7829e95d66e739f6600caff95bd863fc565,3672d037714419789c221c8c7564a09d4bd2e60bbf08a0fa3cd13f9a40a45c57,258,348,0.12841133400797844,1.1703593000372488,0.6981549494498901,0.35931421024014704,0.8110450897971018,0.041457282321093046,0.031057704648211032,0.7799873851488907,0.01962490629370797,0.05639340888996543,0.024999147416816664,0.015364124403297165,0.0882995655361906,0.018822405072999083,0.009925161828454463,0.14260289983411586,0.011569673736188403
12,1.5,118,1.0,512,200,600,matched,transformer,35619,125,340,ad530bd79e4df5ee12f691ae2cf2e7829e95d66e739f6600caff95bd863fc565,3672d037714419789c221c8c7564a09d4bd2e60bbf08a0fa3cd13f9a40a45c57,258,348,4.041971249971539,0.46622261348646254,0.8981713813495154,0.10739438106109933,0.3588282324253632,0.036569516484497654,0.061657201025378305,0.29717103139998485,0.021999722444076424,0.06321759323010467,0.02381069157304171,0.017893107982693144,0.10283395392352382,0.019199435313549357,0.012527991935648651,0.17999988413288293,0.01329318734785933
12,1.5,118,1.0,512,200,600,matched,maxent,36119,125,340,ad530bd79e4df5ee12f691ae2cf2e7829e95d66e739f6600caff95bd863fc565,3672d037714419789c221c8c7564a09d4bd2e60bbf08a0fa3cd13f9a40a45c57,258,348,0.16132337495218962,1.6643715673882693,0.9456557010403475,0.05587672856564268,1.6084948388226266,0.0019165824628483478,0.4068462884704687,1.2016485503521581,0.0005631958103525244,0.0016183787653808173,0.0005947010907917298,0.0005493986084485578,0.0031574632669457347,0.000579346608597687,0.000512264206524837,0.007360117909839611,0.00053825974515217
12,1.5,119,1.0,512,200,600,matched,iqp-parity,13703,126,341,97f608ad31bb054f25f1da75a7030b1d1eb8aa5ef5d59a6e9f2ae921b02da383,a56289775eec0ce432a321db146cf9b88569ccab3daaa3aefaeb57ea0050cb73,271,348,0.5194430419942364,0.2747166773708357,1.0,-0.0,0.2747166773708357,0.08920050705146716,0.001209654936444168,0.2735070224343917,0.03407711830755269,0.0979227537573353,0.03407711830755269,0.024827736452366085,0.14268814053083959,0.024827736452366085,0.015105749102515477,0.2170366250361419,0.015105749102515477
12,1.5,119,1.0,512,200,600,matched,iqp-mse,13703,126,341,97f608ad31bb054f25f1da75a7030b1d1eb8aa5ef5d59a6e9f2ae921b02da383,a56289775eec0ce432a321db146cf9b88569ccab3daaa3aefaeb57ea0050cb73,271,348,0.37839304201770574,0.28251786131757206,1.0,-0.0,0.28251786131757206,0.09930558199777237,9.922513583768278e-05,0.2824186361817343,0.039507429542633025,0.11352709638687651,0.039507429542633025,0.02839887340606349,0.16321191612680166,0.02839887340606349,0.016988880429346296,0.24409310961704447,0.016988880429346296
12,1.5,119,1.0,512,200,600,matched,ising-parity,30120,126,341,97f608ad31bb054f25f1da75a7030b1d1eb8aa5ef5d59a6e9f2ae921b02da383,a56289775eec0ce432a321db146cf9b88569ccab3daaa3aefaeb57ea0050cb73,271,348,0.3016231249785051,0.7292706773001085,0.7158756891666362,0.33424874557727646,0.39502193172283206,0.04287747035437863,0.014061237350268777,0.3809606943725633,0.02245717193008771,0.06453210324737847,0.028761847593136883,0.01850550887611149,0.10635349928799706,0.023108576849211616,0.013183039227892391,0.18941148315937342,0.015840831058337602
12,1.5,119,1.0,512,200,600,matched,ising-nll,30123,126,341,97f608ad31bb054f25f1da75a7030b1d1eb8aa5ef5d59a6e9f2ae921b02da383,a56289775eec0ce432a321db146cf9b88569ccab3daaa3aefaeb57ea0050cb73,271,348,0.13509200001135468,1.0596950120521629,0.7374096726508681,0.30461167603071043,0.7550833360214524,0.021299358785614356,0.060483342746402616,0.6945999932750501,0.01222585055193493,0.03513175445958313,0.015112520551922717,0.009602516421941246,0.05518687598816808,0.011303211624220847,0.005910068038005607,0.08491477066100009,0.006601205397395753
12,1.5,119,1.0,512,200,600,matched,transformer,35620,126,341,97f608ad31bb054f25f1da75a7030b1d1eb8aa5ef5d59a6e9f2ae921b02da383,a56289775eec0ce432a321db146cf9b88569ccab3daaa3aefaeb57ea0050cb73,271,348,4.14134037506301,0.3904739188734311,0.9019768223024235,0.10316645514497622,0.28730746372845484,0.03814809994622302,0.033461202472034074,0.25384626125642074,0.020168509083254123,0.05795548587141989,0.02176862197110178,0.016353594933746798,0.09398617778015401,0.01747154588578343,0.011206258880524279,0.1610094666741994,0.011828725668632674
12,1.5,119,1.0,512,200,600,matched,maxent,36120,126,341,97f608ad31bb054f25f1da75a7030b1d1eb8aa5ef5d59a6e9f2ae921b02da383,a56289775eec0ce432a321db146cf9b88569ccab3daaa3aefaeb57ea0050cb73,271,348,0.14770737499929965,1.6624150199140253,0.95440628788604,0.04666581990701536,1.61574920000701,0.0016815444784002973,0.3253957899182256,1.2903534100887846,0.00029224938226174045,0.0008397970754647715,0.000305936046329407,0.0002868623754114703,0.0016486343414452316,0.00030003911793855464,0.0002719313321915507,0.003907059370568257,0.00028375354361072824
12,1.5,120,1.0,512,200,600,matched,iqp-parity,13704,127,342,7650acffff96ead63ae5457c2869bcbe533091e2f001626b27837802ebc500ac,be8ede604a893ee87034e6fb596cea91ea3be8f191d448807bebae1ef6fbfe79,283,347,0.44248591701034456,0.20463907195161435,0.9999999999999999,1.1102230246251565e-16,0.20463907195161424,0.11344626981410849,1.6025452880839624e-06,0.20463746940632618,0.040591336202809754,0.11697791412913475,0.040591336202809754,0.029297586084558305,0.1688621676343418,0.029297586084558312,0.017675413582236454,0.25468895651637546,0.017675413582236454
12,1.5,120,1.0,512,200,600,matched,iqp-mse,13704,127,342,7650acffff96ead63ae5457c2869bcbe533091e2f001626b27837802ebc500ac,be8ede604a893ee87034e6fb596cea91ea3be8f191d448807bebae1ef6fbfe79,283,347,0.35660375002771616,0.20457034414381225,1.0,-0.0,0.20457034414381225,0.12303980235745833,0.0003857077903847723,0.20418463635342754,0.043975415430018386,0.126730303832906,0.043975415430018386,0.03176739239704708,0.18309736251900335,0.03176739239704708,0.019199907115493464,0.27665572212526607,0.019199907115493464
12,1.5,120,1.0,512,200,600,matched,ising-parity,30121,127,342,7650acffff96ead63ae5457c2869bcbe533091e2f001626b27837802ebc500ac,be8ede604a893ee87034e6fb596cea91ea3be8f191d448807bebae1ef6fbfe79,283,347,0.25979391706641763,0.721627707584081,0.7022730274636234,0.3534330225583605,0.3681946850257205,0.04981804637349359,0.012039808871964451,0.3561548761537563,0.026211725515585333,0.07553811387776753,0.034217219798661797,0.02173852146764891,0.1252940718596479,0.027402129247038876,0.01526124708059104,0.21990269568574985,0.01834830708461779
12,1.5,120,1.0,512,200,600,matched,ising-nll,30124,127,342,7650acffff96ead63ae5457c2869bcbe533091e2f001626b27837802ebc500ac,be8ede604a893ee87034e6fb596cea91ea3be8f191d448807bebae1ef6fbfe79,283,347,0.12774625001475215,0.9716037169515354,0.7153683060546836,0.33495775555028123,0.6366459614012541,0.04787303188490904,0.01486393679581613,0.6217820246054381,0.020587804641847833,0.0593308491119534,0.024956363110865517,0.014955982684573623,0.08620162930589985,0.01735851951970065,0.008669823936612897,0.12492541695407633,0.009706780129472405
12,1.5,120,1.0,512,200,600,matched,transformer,35621,127,342,7650acffff96ead63ae5457c2869bcbe533091e2f001626b27837802ebc500ac,be8ede604a893ee87034e6fb596cea91ea3be8f191d448807bebae1ef6fbfe79,283,347,4.502420583972707,0.33982745133013675,0.8840506272484779,0.1232409473413197,0.21658650398881707,0.04763896245801813,0.027271328412119766,0.18931517557669741,0.028931889339443347,0.08337720270732954,0.03187210132618489,0.02428092762539923,0.1399477096564797,0.026432052202525518,0.017215594604817024,0.24806332283598015,0.018396901337056782
12,1.5,120,1.0,512,200,600,matched,maxent,36121,127,342,7650acffff96ead63ae5457c2869bcbe533091e2f001626b27837802ebc500ac,be8ede604a893ee87034e6fb596cea91ea3be8f191d448807bebae1ef6fbfe79,283,347,0.1372118330327794,1.606963314612094,0.9685326143009633,0.031973121636551395,1.5749901929755428,0.0010377602846371676,0.42583533432839055,1.1491548586471523,0.0008697134964679484,0.0025063789523572,0.000897154177203475,0.0008459315335282818,0.004875686072209118,0.0008718620157961962,0.0007811022729574372,0.011255075979213793,0.0008031204394485228
12,1.6,111,1.0,512,200,600,matched,iqp-parity,13695,118,333,0b105c37f2ca171dbdc14bf28fc80e03e6a822264a19e6f99873de89a98a0cf8,46ec6552ea8abd2c67a85ebf993bb74a1984e0f557904f8a35ae4eb6d2b596da,273,352,0.43200825003441423,0.21402865698827994,0.9999999999999999,1.1102230246251565e-16,0.21402865698827983,0.08411009663699373,5.1506278819683695e-05,0.21397715070946005,0.030861197164894834,0.0876738555820876,0.03086119716489484,0.02288842572979859,0.13004787346476473,0.022888425729798594,0.014122897052936317,0.20060933313829998,0.014122897052936317
12,1.6,111,1.0,512,200,600,matched,iqp-mse,13695,118,333,0b105c37f2ca171dbdc14bf28fc80e03e6a822264a19e6f99873de89a98a0cf8,46ec6552ea8abd2c67a85ebf993bb74a1984e0f557904f8a35ae4eb6d2b596da,273,352,0.344351707957685,0.17594130573404784,1.0000000000000002,-2.2204460492503128e-16,0.17594130573404806,0.08025691135440413,0.0002952939572209755,0.17564601177682712,0.030997816186934528,0.08806197780379127,0.03099781618693452,0.02338412772560951,0.13286436207732677,0.02338412772560951,0.014595181766885354,0.20731792282507608,0.014595181766885354
12,1.6,111,1.0,512,200,600,matched,ising-parity,30112,118,333,0b105c37f2ca171dbdc14bf28fc80e03e6a822264a19e6f99873de89a98a0cf8,46ec6552ea8abd2c67a85ebf993bb74a1984e0f557904f8a35ae4eb6d2b596da,273,352,0.4187043330166489,0.6727771183672806,0.7456037128100675,0.29356103599591743,0.3792160823713632,0.036908623506560725,0.01227530985611644,0.3669407725152466,0.02164460814161271,0.061490364038672474,0.027217426357718823,0.0182357828296484,0.1036124024411841,0.02228486290904855,0.013079728283865649,0.18579159494127342,0.015363351350771305
12,1.6,111,1.0,512,200,600,matched,ising-nll,30115,118,333,0b105c37f2ca171dbdc14bf28fc80e03e6a822264a19e6f99873de89a98a0cf8,46ec6552ea8abd2c67a85ebf993bb74a1984e0f557904f8a35ae4eb6d2b596da,273,352,0.26610516698565334,0.877196361111608,0.766289426066308,0.26619533978777743,0.6110010213238306,0.030038366086977387,0.02271894497834495,0.5882820763454856,0.010407841420044963,0.02956773130694592,0.012323251031165697,0.007943908765619305,0.0451358452592006,0.009215197918597713,0.005130404152029071,0.07287505897768566,0.005792875107000667
12,1.6,111,1.0,512,200,600,matched,transformer,35612,118,333,0b105c37f2ca171dbdc14bf28fc80e03e6a822264a19e6f99873de89a98a0cf8,46ec6552ea8abd2c67a85ebf993bb74a1984e0f557904f8a35ae4eb6d2b596da,273,352,4.248149374965578,0.2580241858575263,0.883733400466953,0.12359984501202664,0.13442434084549965,0.04579803369191411,0.010523350177075924,0.12390099066842361,0.027142113707574973,0.07710827757833799,0.029893973008163172,0.022808738568305557,0.1295951055017361,0.024874271037428362,0.016584703352881633,0.23557817262615954,0.017831292535133575
12,1.6,111,1.0,512,200,600,matched,maxent,36112,118,333,0b105c37f2ca171dbdc14bf28fc80e03e6a822264a19e6f99873de89a98a0cf8,46ec6552ea8abd2c67a85ebf993bb74a1984e0f557904f8a35ae4eb6d2b596da,273,352,0.11282833304721862,1.4113704761159342,0.9841109401732491,0.01601664420651443,1.3953538319094199,0.0005734900827605778,0.35264641096826377,1.042707420941156,0.00028606214215898344,0.0008126765402243848,0.0002905852409902364,0.00028034412644882377,0.0015928643548228623,0.00028468668757493696,0.00026446385039673767,0.0037565887840445692,0.0002683247115839624
12,1.6,112,1.0,512,200,600,matched,iqp-parity,13696,119,334,31a2ddaba09744718e77cbe4edbf45d68d5b56e1150c74b30ad4e9e16294c856,b0126d22db14df8032614d0be237f7ba7f8faae015df79310d48a47a7e019709,279,355,0.4898394589545205,0.2273547507243157,0.9999999999999999,1.1102230246251565e-16,0.2273547507243156,0.11742644394433788,0.0006631311161112308,0.2266916196082043,0.03874581652718455,0.10914314514699874,0.038745816527184555,0.027064117320425084,0.15247390039676104,0.027064117320425084,0.015800597820985855,0.2225436312814909,0.015800597820985855
12,1.6,112,1.0,512,200,600,matched,iqp-mse,13696,119,334,31a2ddaba09744718e77cbe4edbf45d68d5b56e1150c74b30ad4e9e16294c856,b0126d22db14df8032614d0be237f7ba7f8faae015df79310d48a47a7e019709,279,355,0.38108583295252174,0.17317988588383687,1.0,-0.0,0.17317988588383687,0.11266459373822262,0.00023478597964648584,0.17294509990419046,0.03821345209907661,0.10764352703965242,0.03821345209907661,0.027674845757727027,0.15591462398719452,0.027674845757727027,0.01666043687352713,0.23465404047221308,0.01666043687352713
12,1.6,112,1.0,512,200,600,matched,ising-parity,30113,119,334,31a2ddaba09744718e77cbe4edbf45d68d5b56e1150c74b30ad4e9e16294c856,b0126d22db14df8032614d0be237f7ba7f8faae015df79310d48a47a7e019709,279,355,0.24425445904489607,0.651530378486902,0.7007077620883939,0.3556643660469197,0.2958660124399823,0.055282308116404374,0.004561022179770089,0.29130499026021206,0.028048211288524087,0.07900904588316644,0.03597387461865126,0.022428820205389204,0.12635955045289693,0.02783974339004146,0.015134260824635282,0.21315860316387722,0.018025439051510887
12,1.6,112,1.0,512,200,600,matched,ising-nll,30116,119,334,31a2ddaba09744718e77cbe4edbf45d68d5b56e1150c74b30ad4e9e16294c856,b0126d22db14df8032614d0be237f7ba7f8faae015df79310d48a47a7e019709,279,355,0.11387004097923636,0.9136625662083563,0.7400110017107304,0.3010902257177743,0.6125723404905821,0.04800502043895274,0.011771976862742402,0.6008003636278396,0.019354103481650134,0.05451860135676095,0.022808129635762443,0.01379169247451476,0.07769967591275921,0.01573007975517044,0.00799360713592103,0.11258601599888775,0.008886851855770232
12,1.6,112,1.0,512,200,600,matched,transformer,35613,119,334,31a2ddaba09744718e77cbe4edbf45d68d5b56e1150c74b30ad4e9e16294c856,b0126d22db14df8032614d0be237f7ba7f8faae015df79310d48a47a7e019709,279,355,3.83838229207322,0.40961347384720503,0.8463664199816736,0.1668028925998291,0.24281058124737592,0.04882004597408004,0.01735984728645515,0.22545073396092064,0.026899263796802537,0.0757725740755001,0.030458273167422504,0.022010716154097772,0.12400403467097336,0.02455518986429442,0.015380051913530651,0.21662044948634718,0.016830560083244295
12,1.6,112,1.0,512,200,600,matched,maxent,36113,119,334,31a2ddaba09744718e77cbe4edbf45d68d5b56e1150c74b30ad4e9e16294c856,b0126d22db14df8032614d0be237f7ba7f8faae015df79310d48a47a7e019709,279,355,0.11852737492881715,1.7320526272049168,0.8884593235199283,0.11826641350471466,1.6137862137002021,0.0008590136915336865,0.3979849870038032,1.2158012266963985,0.0004522714325065487,0.0012740040352297148,0.000506458371817865,0.00043461630839493966,0.0024485425825067023,0.0004844680757240005,0.0003901057112695164,0.005494446637598823,0.0004301134030718897
12,1.6,113,1.0,512,200,600,matched,iqp-parity,13697,120,335,aad2bed9eda8d570b066000a8f2e221eea8238498c2fc6b85749d8f824002260,494a09d0cb32c8fd575150abd91ad12074451b075c550159cd5a0edda3ce9c1b,296,357,0.4380402499809861,0.2318767566196116,1.0000000000000004,-4.440892098500625e-16,0.23187675661961205,0.06982068722274823,0.004518620738115476,0.22735813588149664,0.028138611001000364,0.07881963865826433,0.028138611001000357,0.020350344508814688,0.11400753226226715,0.020350344508814684,0.012413668155973613,0.17386089854304781,0.01241366815597361
12,1.6,113,1.0,512,200,600,matched,iqp-mse,13697,120,335,aad2bed9eda8d570b066000a8f2e221eea8238498c2fc6b85749d8f824002260,494a09d0cb32c8fd575150abd91ad12074451b075c550159cd5a0edda3ce9c1b,296,357,0.33643337502144277,0.1692130128188052,1.0,-0.0,0.1692130128188052,0.07022901372381919,0.00436017569076988,0.1648528371280354,0.02900497511292527,0.08124642888774586,0.02900497511292527,0.0217701595266725,0.12196167802057424,0.0217701595266725,0.013753094447646634,0.19262037041521898,0.013753094447646634
12,1.6,113,1.0,512,200,600,matched,ising-parity,30114,120,335,aad2bed9eda8d570b066000a8f2e221eea8238498c2fc6b85749d8f824002260,494a09d0cb32c8fd575150abd91ad12074451b075c550159cd5a0edda3ce9c1b,296,357,0.2814763749483973,0.7444027971358343,0.7924131273764897,0.23267239769162193,0.5117303994442124,0.024209832792080214,0.04586993655875314,0.4658604628854591,0.016223279021030053,0.045443358602325075,0.01960326489602187,0.013933102247564423,0.07805659522445055,0.016440128952681776,0.010192153723783884,0.14274725103338773,0.011653966705250809
12,1.6,113,1.0,512,200,600,matched,ising-nll,30117,120,335,aad2bed9eda8d570b066000a8f2e221eea8238498c2fc6b85749d8f824002260,494a09d0cb32c8fd575150abd91ad12074451b075c550159cd5a0edda3ce9c1b,296,357,0.1366389160975814,0.8155537402573616,0.7631268952791976,0.2703309505439078,0.5452227897134538,0.026890770623363792,0.03665638973710052,0.5085663999763531,0.011756570543547012,0.03293157014999163,0.013702865238128822,0.008408419289704016,0.047105990418509894,0.009396256912334654,0.0046887199147449595,0.06566834614488738,0.005090466042759968
12,1.6,113,1.0,512,200,600,matched,transformer,35614,120,335,aad2bed9eda8d570b066000a8f2e221eea8238498c2fc6b85749d8f824002260,494a09d0cb32c8fd575150abd91ad12074451b075c550159cd5a0edda3ce9c1b,296,357,3.881774083012715,0.34478225983963073,0.908672875312051,0.09577012271859621,0.24901213712103454,0.024639733605535986,0.05403785118991623,0.1949742859311182,0.016469864940357782,0.04613407546318706,0.017678040735731208,0.013441857830235581,0.0753045256595831,0.014330378845399625,0.009613614134255466,0.13464445566184124,0.010174944254218592
12,1.6,113,1.0,512,200,600,matched,maxent,36114,120,335,aad2bed9eda8d570b066000a8f2e221eea8238498c2fc6b85749d8f824002260,494a09d0cb32c8fd575150abd91ad12074451b075c550159cd5a0edda3ce9c1b,296,357,0.10160024999640882,1.4070588134516377,0.990979766170707,0.009061162448172028,1.3979976510034657,0.0001795997229030386,0.5065721365443856,0.8914255144590804,0.00017045947575914462,0.00047747752313485886,0.00017199210271570374,0.00016841683469092712,0.0009435116789407681,0.00016991274250078144,0.00016255476643373465,0.0022766774010326983,0.00016394764863298227
12,1.6,114,1.0,512,200,600,matched,iqp-parity,13698,121,336,f2d560f9aa41cfadfc1f2d9428bdb09fe130859be76995bf19811dab31d697c9,9fc9306ab4737b5804dc59a07264243c6abc622ca16efa0cd4d6bddf38b05e36,269,353,0.4683990840567276,0.19226848131145474,1.0000000000000002,-2.2204460492503128e-16,0.19226848131145496,0.08418039582683323,0.00013662849028537975,0.19213185282116957,0.02818008921246146,0.07983028105513161,0.02818008921246146,0.021511166428590925,0.12187629704584094,0.021511166428590925,0.013672211533355025,0.19365738715800318,0.013672211533355022
12,1.6,114,1.0,512,200,600,matched,iqp-mse,13698,121,336,f2d560f9aa41cfadfc1f2d9428bdb09fe130859be76995bf19811dab31d697c9,9fc9306ab4737b5804dc59a07264243c6abc622ca16efa0cd4d6bddf38b05e36,269,353,0.36389112495817244,0.21147682290289527,1.0,-0.0,0.21147682290289527,0.07608873899866152,0.0010962938401262341,0.210380529062769,0.025771097019354452,0.0730059405647435,0.025771097019354452,0.02012898456023679,0.11404523830162488,0.02012898456023679,0.012890105992549885,0.18257940499362443,0.012890105992549885
12,1.6,114,1.0,512,200,600,matched,ising-parity,30115,121,336,f2d560f9aa41cfadfc1f2d9428bdb09fe130859be76995bf19811dab31d697c9,9fc9306ab4737b5804dc59a07264243c6abc622ca16efa0cd4d6bddf38b05e36,269,353,0.25253774994052947,0.6086305526619199,0.7199977679222871,0.328507167084776,0.2801233855771439,0.04017352894741065,0.008847094555353444,0.2712762910217904,0.0202310647215044,0.05731179807791616,0.025742937424139932,0.01660771626032153,0.09409470969020697,0.020673290146364685,0.01192207662598519,0.16886794087797719,0.014387343209340401
12,1.6,114,1.0,512,200,600,matched,ising-nll,30118,121,336,f2d560f9aa41cfadfc1f2d9428bdb09fe130859be76995bf19811dab31d697c9,9fc9306ab4737b5804dc59a07264243c6abc622ca16efa0cd4d6bddf38b05e36,269,353,0.13296670804265887,1.0046109091108717,0.74181003830128,0.29866208166274844,0.7059488274481233,0.023682834518152396,0.03567872196027988,0.6702701054878434,0.008972865733622878,0.02541888309808181,0.010974485420216201,0.007035252911369657,0.03985978986611704,0.008385020529963698,0.0046496953282608115,0.06585970719916164,0.0053448765604935215
12,1.6,114,1.0,512,200,600,matched,transformer,35615,121,336,f2d560f9aa41cfadfc1f2d9428bdb09fe130859be76995bf19811dab31d697c9,9fc9306ab4737b5804dc59a07264243c6abc622ca16efa0cd4d6bddf38b05e36,269,353,3.5135485000209883,0.511437875437483,0.9054425008769071,0.09933150353471898,0.412106371902764,0.019248306637169997,0.061807555423824295,0.3502988164789397,0.013079109660798402,0.03705130215523626,0.014259665749833656,0.01169071164660571,0.06623632660966408,0.012648200413898407,0.009226872425130333,0.13069224398201604,0.009870543041608042
12,1.6,114,1.0,512,200,600,matched,maxent,36115,121,336,f2d560f9aa41cfadfc1f2d9428bdb09fe130859be76995bf19811dab31d697c9,9fc9306ab4737b5804dc59a07264243c6abc622ca16efa0cd4d6bddf38b05e36,269,353,0.12140341696795076,1.140223958290608,0.9561475709851336,0.04484301488831016,1.0953809434022979,0.0004649300020036067,0.37816781199261285,0.7172131314096847,0.00014799751525876575,0.00041925641716364235,0.0001547376683195448,0.00014701099037076127,0.000832923458191282,0.0001536594980433537,0.00014412367142839643,0.002041411776606182,0.00015050748631462483
12,1.6,115,1.0,512,200,600,matched,iqp-parity,13699,122,337,b0d2cc1d3336ac4bfe7e086de7ff7f2a03227e3fa544553a1c45bf34e8cac378,fae9b80b4b9bbecd172da441f7a298732dc4ec9c5fd56650a16ee48bf4f2164a,279,353,0.41693216701969504,0.2447952764944234,1.0,-0.0,0.2447952764944234,0.08482875061865686,0.0013579642144532656,0.24343731227997006,0.0272442519422048,0.07717918397225156,0.0272442519422048,0.019923970893054012,0.11288368777934284,0.019923970893054012,0.01232924326302919,0.17463517369729734,0.01232924326302919
12,1.6,115,1.0,512,200,600,matched,iqp-mse,13699,122,337,b0d2cc1d3336ac4bfe7e086de7ff7f2a03227e3fa544553a1c45bf34e8cac378,fae9b80b4b9bbecd172da441f7a298732dc4ec9c5fd56650a16ee48bf4f2164a,279,353,0.3914410410216078,0.2338662984743909,1.0000000000000004,-4.440892098500625e-16,0.23386629847439133,0.07923017981073883,0.0026756706739247335,0.23119062780046665,0.031240710550569397,0.08850059646053654,0.031240710550569387,0.0228173259631062,0.12927663435187647,0.022817325963106195,0.01398737634960301,0.1981214780397027,0.01398737634960301
12,1.6,115,1.0,512,200,600,matched,ising-parity,30116,122,337,b0d2cc1d3336ac4bfe7e086de7ff7f2a03227e3fa544553a1c45bf34e8cac378,fae9b80b4b9bbecd172da441f7a298732dc4ec9c5fd56650a16ee48bf4f2164a,279,353,0.27015587501227856,0.6676975834690805,0.75473611877988,0.2813871023763375,0.38631048109274296,0.03885061698426365,0.018942427662136038,0.3673680534306067,0.02153612979525906,0.06100886627552142,0.026428066737145296,0.017544784259499995,0.09940387682436258,0.021050959968445665,0.01222617658627506,0.17317530575460424,0.01417147812643494
12,1.6,115,1.0,512,200,600,matched,ising-nll,30119,122,337,b0d2cc1d3336ac4bfe7e086de7ff7f2a03227e3fa544553a1c45bf34e8cac378,fae9b80b4b9bbecd172da441f7a298732dc4ec9c5fd56650a16ee48bf4f2164a,279,353,0.11438183393329382,0.8517814618449094,0.7629929806085386,0.2705064474666838,0.5812750143782257,0.030064351069511223,0.03420704220947617,0.5470679721687494,0.014804198444140576,0.041938239218528545,0.017669896259439367,0.01130499172951221,0.06405094464312867,0.01301868816818321,0.007046613566609797,0.09981039046189515,0.00792675889009873
12,1.6,115,1.0,512,200,600,matched,transformer,35616,122,337,b0d2cc1d3336ac4bfe7e086de7ff7f2a03227e3fa544553a1c45bf34e8cac378,fae9b80b4b9bbecd172da441f7a298732dc4ec9c5fd56650a16ee48bf4f2164a,279,353,3.5232759590726346,0.3636437381946785,0.9414618740387879,0.060321426618532396,0.3033223115761461,0.03352833488930673,0.04074670999017524,0.2625756015859707,0.02012251274266184,0.057004285389976886,0.021012573936902437,0.016052325169457864,0.09094801795726834,0.016668114736925508,0.010874630701243329,0.15403159633489136,0.011224278488145428
12,1.6,115,1.0,512,200,600,matched,maxent,36116,122,337,b0d2cc1d3336ac4bfe7e086de7ff7f2a03227e3fa544553a1c45bf34e8cac378,fae9b80b4b9bbecd172da441f7a298732dc4ec9c5fd56650a16ee48bf4f2164a,279,353,0.10754445800557733,1.3394937040380333,0.9937803681819525,0.006239054303710002,1.3332546497343232,0.0006180247768058438,0.4122856350492465,0.9209690146850767,0.0005534570810220235,0.0015678670850482253,0.0005568353470683398,0.0005401792127301039,0.0030605054545614955,0.0005433968562875991,0.0005039281703269828,0.0071377927808354506,0.0005067276548025106
12,1.6,116,1.0,512,200,600,matched,iqp-parity,13700,123,338,6a80a99d115f1c6ef57ec3e263f89323e9f3a7053346b27e129dabb1b1473c81,67eaeaae05cc33550f061649f99bb92951375c55491458d36e2f1c224114a8b1,273,353,0.43443783302791417,0.20317470814563293,0.9999999999999998,2.2204460492503136e-16,0.2031747081456327,0.08388673688106693,0.00034620737559160845,0.202828500770041,0.029756349851492676,0.08429560864445518,0.02975634985149268,0.021693995699078258,0.12291215693528758,0.021693995699078265,0.013281931131231101,0.18812933613641786,0.013281931131231101
12,1.6,116,1.0,512,200,600,matched,iqp-mse,13700,123,338,6a80a99d115f1c6ef57ec3e263f89323e9f3a7053346b27e129dabb1b1473c81,67eaeaae05cc33550f061649f99bb92951375c55491458d36e2f1c224114a8b1,273,353,0.32289845892228186,0.23321089961013963,1.0,-0.0,0.23321089961013963,0.08690563021820877,0.00011858986758918593,0.23309230974255035,0.03408556865050314,0.09655968456233184,0.03408556865050314,0.024741900623856936,0.14018074007850956,0.024741900623856936,0.015085522919886801,0.2136759620380567,0.015085522919886801
12,1.6,116,1.0,512,200,600,matched,ising-parity,30117,123,338,6a80a99d115f1c6ef57ec3e263f89323e9f3a7053346b27e129dabb1b1473c81,67eaeaae05cc33550f061649f99bb92951375c55491458d36e2f1c224114a8b1,273,353,0.23592687491327524,0.730704203693996,0.7885300412496201,0.2375847740662218,0.4931194296277742,0.030101159270148996,0.027960645324885895,0.46515878430288826,0.016268713934339325,0.04608700831257599,0.01936542342575764,0.013355062037233105,0.07566607386534337,0.01568755342546937,0.009654637141078715,0.13675123429289965,0.011103627702932281
12,1.6,116,1.0,512,200,600,matched,ising-nll,30120,123,338,6a80a99d115f1c6ef57ec3e263f89323e9f3a7053346b27e129dabb1b1473c81,67eaeaae05cc33550f061649f99bb92951375c55491458d36e2f1c224114a8b1,273,353,0.10879787500016391,0.9185771426617584,0.7868586268258966,0.23970668224637026,0.6788704604153881,0.025044920450767023,0.038577237309515636,0.6402932231058724,0.012911071145575907,0.03657527236707056,0.014957796028764927,0.009528030327594415,0.05398317466059158,0.010635975834477644,0.005493576769440378,0.07781270211671923,0.005925915908167797
12,1.6,116,1.0,512,200,600,matched,transformer,35617,123,338,6a80a99d115f1c6ef57ec3e263f89323e9f3a7053346b27e129dabb1b1473c81,67eaeaae05cc33550f061649f99bb92951375c55491458d36e2f1c224114a8b1,273,353,3.8386333329835907,0.5129946826843688,0.8312642024007241,0.18480760156317425,0.32818708112119455,0.0363772904159981,0.020786482028733982,0.30740059909246037,0.021302773271664466,0.06034779963644325,0.024403895672031415,0.0174055416540843,0.09861496687866458,0.019664557093444536,0.012231012729835497,0.1732438063716076,0.013523010098440862
12,1.6,116,1.0,512,200,600,matched,maxent,36117,123,338,6a80a99d115f1c6ef57ec3e263f89323e9f3a7053346b27e129dabb1b1473c81,67eaeaae05cc33550f061649f99bb92951375c55491458d36e2f1c224114a8b1,273,353,0.14398491696920246,1.2455579783586037,0.9884639443431652,0.011603112157421958,1.2339548662011817,0.0003810355713850436,0.4123944059811401,0.8215604602200415,0.00032132332066965884,0.0009102643645032828,0.0003249844745789986,0.00031393882205227634,0.0017786902099279113,0.0003174320934810523,0.0002935249997536386,0.004157577900193181,0.00029657341916091367
12,1.6,117,1.0,512,200,600,matched,iqp-parity,13701,124,339,6dd8261f1bab67ebe5aec15e94a76ab0d4c9238bf0662104b47c1b5c65f9613e,6d2e8203ab09f7481803ba6cac1d0fef11989f0d29cc5ddaeca62054fed6f238,266,351,0.4079119999660179,0.2029678056119223,0.9999999999999998,2.2204460492503136e-16,0.20296780561192207,0.1117479531149182,0.0021293161289365863,0.20083848948298555,0.03473998514954241,0.09897431666536298,0.03473998514954241,0.025138467608965626,0.1432391316750178,0.02513846760896563,0.01534143399675896,0.2185389458227772,0.015341433996758963
12,1.6,117,1.0,512,200,600,matched,iqp-mse,13701,124,339,6dd8261f1bab67ebe5aec15e94a76ab0d4c9238bf0662104b47c1b5c65f9613e,6d2e8203ab09f7481803ba6cac1d0fef11989f0d29cc5ddaeca62054fed6f238,266,351,0.35616737499367446,0.24368110279899163,0.9999999999999998,2.2204460492503136e-16,0.2436811027989914,0.10902374587150057,0.001612569744815072,0.24206853305417633,0.03849302365559268,0.10966673406151761,0.03849302365559268,0.02743168985440999,0.15630592509635322,0.02743168985440999,0.016519674013439435,0.2353229916444364,0.01651967401343944
12,1.6,117,1.0,512,200,600,matched,ising-parity,30118,124,339,6dd8261f1bab67ebe5aec15e94a76ab0d4c9238bf0662104b47c1b5c65f9613e,6d2e8203ab09f7481803ba6cac1d0fef11989f0d29cc5ddaeca62054fed6f238,266,351,0.26989316707476974,0.6163944349152857,0.7177671548256817,0.3316100594296888,0.2847843754855969,0.04711421631734666,0.004985304597148469,0.27979907088844835,0.024506382057859,0.0698187523015926,0.031037396869245892,0.019777899606758503,0.1126945846538946,0.02440600813260653,0.01376532013865871,0.1960871814623748,0.016454640013369867
12,1.6,117,1.0,512,200,600,matched,ising-nll,30121,124,339,6dd8261f1bab67ebe5aec15e94a76ab0d4c9238bf0662104b47c1b5c65f9613e,6d2e8203ab09f7481803ba6cac1d0fef11989f0d29cc5ddaeca62054fed6f238,266,351,0.11646970792207867,0.8864410578640567,0.7353115210657744,0.3074610313786056,0.5789800264854511,0.04503232677965292,0.007083322051074217,0.5718967044343769,0.016419732247290073,0.04677986395239338,0.01963872617301847,0.012055203505699226,0.06869061826609245,0.014007932889828462,0.007324867695597544,0.10434284466663168,0.008275867403650224
12,1.6,117,1.0,512,200,600,matched,transformer,35618,124,339,6dd8261f1bab67ebe5aec15e94a76ab0d4c9238bf0662104b47c1b5c65f9613e,6d2e8203ab09f7481803ba6cac1d0fef11989f0d29cc5ddaeca62054fed6f238,266,351,3.9440732080256566,0.3073706319326733,0.8693849554727269,0.13996926507138785,0.16740136686128543,0.03908518037906287,0.019826436054615183,0.14757493080667033,0.026676050697003403,0.07600014443590714,0.02977920022726643,0.022450016299350558,0.12792032079402027,0.0247460963675426,0.016088241160146892,0.229177224503517,0.017375610185032822
12,1.6,117,1.0,512,200,600,matched,maxent,36118,124,339,6dd8261f1bab67ebe5aec15e94a76ab0d4c9238bf0662104b47c1b5c65f9613e,6d2e8203ab09f7481803ba6cac1d0fef11989f0d29cc5ddaeca62054fed6f238,266,351,0.13107308303005993,1.4278012014884807,0.9601436863573852,0.040672332431241354,1.3871288690572392,0.0005240495226508701,0.38329149518041083,1.0038373738768287,0.0003525924995237355,0.001004537035680158,0.0003669671486172894,0.000346640486514266,0.001975159467317755,0.00036052574822780864,0.0003300479260204757,0.004701537407699085,0.0003426209809681948
12,1.6,118,1.0,512,200,600,matched,iqp-parity,13702,125,340,a982e397d66f631139a536d4424bd7a09f4da582d63b9c2fc38cae2cacd7935e,3672d037714419789c221c8c7564a09d4bd2e60bbf08a0fa3cd13f9a40a45c57,258,359,0.5128695840248838,0.3686008584099538,1.0000000000000002,-2.2204460492503128e-16,0.36860085840995405,0.07454271136474998,0.006798332939495139,0.3618025254704589,0.02958513849795988,0.08240985654027821,0.02958513849795987,0.02098167177986675,0.11688953637808774,0.020981671779866744,0.012239119710014361,0.17046127729825017,0.01223911971001436
12,1.6,118,1.0,512,200,600,matched,iqp-mse,13702,125,340,a982e397d66f631139a536d4424bd7a09f4da582d63b9c2fc38cae2cacd7935e,3672d037714419789c221c8c7564a09d4bd2e60bbf08a0fa3cd13f9a40a45c57,258,359,0.38574883399996907,0.3324567690302868,0.9999999999999998,2.2204460492503136e-16,0.3324567690302866,0.07064454289720257,0.008792458028074927,0.32366431100221166,0.02841396461801224,0.07914753375490874,0.028413964618012245,0.020825263016599593,0.11601817836545734,0.020825263016599593,0.012669164157716057,0.17645075428573895,0.012669164157716057
12,1.6,118,1.0,512,200,600,matched,ising-parity,30119,125,340,a982e397d66f631139a536d4424bd7a09f4da582d63b9c2fc38cae2cacd7935e,3672d037714419789c221c8c7564a09d4bd2e60bbf08a0fa3cd13f9a40a45c57,258,359,0.24926925008185208,0.6844023960931037,0.7697456269356039,0.2616951733426045,0.4227072227504992,0.033277398381880326,0.03538431793239608,0.38732290481810316,0.020175939819945546,0.05620038947060041,0.024620060204098466,0.01678235693855397,0.09349502472732017,0.020021144910751847,0.011947375364907205,0.1663979855836658,0.013780595266369289
12,1.6,118,1.0,512,200,600,matched,ising-nll,30122,125,340,a982e397d66f631139a536d4424bd7a09f4da582d63b9c2fc38cae2cacd7935e,3672d037714419789c221c8c7564a09d4bd2e60bbf08a0fa3cd13f9a40a45c57,258,359,0.11329104099422693,1.0581915296349886,0.7790464518517721,0.2496846047842222,0.8085069248507665,0.022518227251926138,0.06518986716507641,0.7433170576856898,0.00997441037145562,0.027783872900990582,0.011815942484783917,0.00780622316273465,0.043488708427491085,0.009030942863468755,0.0051467335160387965,0.07168152529301944,0.0058037957086734095
12,1.6,118,1.0,512,200,600,matched,transformer,35619,125,340,a982e397d66f631139a536d4424bd7a09f4da582d63b9c2fc38cae2cacd7935e,3672d037714419789c221c8c7564a09d4bd2e60bbf08a0fa3cd13f9a40a45c57,258,359,3.729684416903183,0.4847799356453146,0.9045679590040885,0.10029784263635147,0.3844820930089631,0.025571998472827394,0.06698322272580495,0.3174988702831581,0.016423356481436863,0.045747511090353375,0.01784496467416819,0.014194420146293015,0.07907754956152098,0.01527851560106643,0.010448544595507267,0.14552290522990624,0.011070482324666942
12,1.6,118,1.0,512,200,600,matched,maxent,36119,125,340,a982e397d66f631139a536d4424bd7a09f4da582d63b9c2fc38cae2cacd7935e,3672d037714419789c221c8c7564a09d4bd2e60bbf08a0fa3cd13f9a40a45c57,258,359,0.14661979209631681,1.3035687858736549,0.9943740255859325,0.005641859816718007,1.2979269260569368,0.00036403569778319534,0.506836049076378,0.791090876980559,0.00028997086621495715,0.0008077182902923597,0.00029159634607742093,0.00028733368632731185,0.0016007447706256927,0.00028892962871343694,0.0002796874070344252,0.0038953677859947795,0.00028119917723229345
12,1.6,119,1.0,512,200,600,matched,iqp-parity,13703,126,341,e733102f3962c4a23de75b48470c3509bbdbda781cee081adb8b660f74d7a9cb,a56289775eec0ce432a321db146cf9b88569ccab3daaa3aefaeb57ea0050cb73,271,356,0.4546990829985589,0.21711095213579723,1.0000000000000002,-2.2204460492503128e-16,0.21711095213579745,0.08936658459848103,0.0010331919865328287,0.21607776014926455,0.03235777854860461,0.09089263637248485,0.0323577785486046,0.02339962082269933,0.13145854394774906,0.02339962082269933,0.014243245931056879,0.20004558891933819,0.014243245931056876
12,1.6,119,1.0,512,200,600,matched,iqp-mse,13703,126,341,e733102f3962c4a23de75b48470c3509bbdbda781cee081adb8b660f74d7a9cb,a56289775eec0ce432a321db146cf9b88569ccab3daaa3aefaeb57ea0050cb73,271,356,0.4089640419697389,0.19660356379373362,0.9999999999999998,2.2204460492503136e-16,0.1966035637937334,0.0848723266205326,0.0019098497551064027,0.19469371403862695,0.03190291052427062,0.08961491720300736,0.031902910524270627,0.023445752814227266,0.13171771243947902,0.02344575281422727,0.01430023910003242,0.20084605477573622,0.014300239100032423
12,1.6,119,1.0,512,200,600,matched,ising-parity,30120,126,341,e733102f3962c4a23de75b48470c3509bbdbda781cee081adb8b660f74d7a9cb,a56289775eec0ce432a321db146cf9b88569ccab3daaa3aefaeb57ea0050cb73,271,356,0.25625212502200156,0.6429480722472134,0.7361678951340125,0.30629706787970024,0.33665100436751316,0.04205676047867545,0.015725860150802518,0.3209251442167106,0.02531199858238694,0.07110111961344645,0.03166272251720359,0.02062460276588411,0.11586855486451747,0.02507642605203541,0.01426586144597378,0.20036322255581152,0.016696668411767437
12,1.6,119,1.0,512,200,600,matched,ising-nll,30123,126,341,e733102f3962c4a23de75b48470c3509bbdbda781cee081adb8b660f74d7a9cb,a56289775eec0ce432a321db146cf9b88569ccab3daaa3aefaeb57ea0050cb73,271,356,0.11400212498847395,0.968851238180306,0.7507066132324367,0.28674036502086053,0.6821108731594455,0.027287695466233792,0.04255818590360036,0.639552687255845,0.009977261263713035,0.028026014785710776,0.012329939966328293,0.00812651747217514,0.045654592540309784,0.009706964850602814,0.005452932626662627,0.076586132396947,0.006223713461706046
12,1.6,119,1.0,512,200,600,matched,transformer,35620,126,341,e733102f3962c4a23de75b48470c3509bbdbda781cee081adb8b660f74d7a9cb,a56289775eec0ce432a321db146cf9b88569ccab3daaa3aefaeb57ea0050cb73,271,356,3.8378332500578836,0.2935371330857004,0.9004755962417068,0.10483221496465256,0.18870491812104784,0.03895055059610216,0.031163396415987622,0.15754152170506006,0.024521960529726272,0.0688819116003547,0.026556157511837247,0.02003441399557035,0.11255288761556377,0.021417992712982625,0.013530427129470661,0.19003408889705983,0.01426050497253924
12,1.6,119,1.0,512,200,600,matched,maxent,36120,126,341,e733102f3962c4a23de75b48470c3509bbdbda781cee081adb8b660f74d7a9cb,a56289775eec0ce432a321db146cf9b88569ccab3daaa3aefaeb57ea0050cb73,271,356,0.1171351249795407,1.8152919641550698,0.9875961861916531,0.012481383211913315,1.8028105809431565,0.000406960688436493,0.46937549333386086,1.3334350876092955,0.00015066383080097984,0.0004232130078679209,0.00015251410595553067,0.0001474191770507664,0.0008281976238807099,0.00014918981112711907,0.0001383886196262769,0.001943660388009507,0.00013994610131010083
12,1.6,120,1.0,512,200,600,matched,iqp-parity,13704,127,342,cda027c886cac50ab86fa0e89616269a127789d85d3f4609859453529cb71ecf,be8ede604a893ee87034e6fb596cea91ea3be8f191d448807bebae1ef6fbfe79,283,351,0.529551292071119,0.21368630450292098,0.9999999999999999,1.1102230246251565e-16,0.21368630450292087,0.08027124038598607,6.19399306260864e-06,0.2136801105098582,0.03019840364859111,0.0860353380301741,0.030198403648591114,0.02157809734348067,0.12295212161527445,0.021578097343480672,0.012986093358934355,0.18498708488510476,0.012986093358934355
12,1.6,120,1.0,512,200,600,matched,iqp-mse,13704,127,342,cda027c886cac50ab86fa0e89616269a127789d85d3f4609859453529cb71ecf,be8ede604a893ee87034e6fb596cea91ea3be8f191d448807bebae1ef6fbfe79,283,351,0.39449816592969,0.18658012361536516,1.0,-0.0,0.18658012361536516,0.08406583404822446,5.2789842379406815e-05,0.18652733377298575,0.03384290356920195,0.09641852868718505,0.03384290356920195,0.02467181019978038,0.1405801150984637,0.02467181019978038,0.015265229507580283,0.21745341178889294,0.015265229507580283
12,1.6,120,1.0,512,200,600,matched,ising-parity,30121,127,342,cda027c886cac50ab86fa0e89616269a127789d85d3f4609859453529cb71ecf,be8ede604a893ee87034e6fb596cea91ea3be8f191d448807bebae1ef6fbfe79,283,351,0.2400824159849435,0.6070075092770554,0.7592269646507868,0.2754545151269566,0.33155299415009876,0.033456568185763126,0.013246915923720508,0.3183060782263781,0.017994208106503762,0.05126555016097938,0.022304185169020756,0.015222499951466751,0.08673789146134901,0.01848672757216132,0.01119775139181009,0.15951212808846282,0.013164118660194771
12,1.6,120,1.0,512,200,600,matched,ising-nll,30124,127,342,cda027c886cac50ab86fa0e89616269a127789d85d3f4609859453529cb71ecf,be8ede604a893ee87034e6fb596cea91ea3be8f191d448807bebae1ef6fbfe79,283,351,0.1127572909463197,0.9293384471225341,0.7957453954794683,0.22847599922754214,0.700862447894992,0.018213919666367085,0.046323387854150334,0.6545390600408415,0.008868424353812042,0.025266166250176757,0.010206143726262155,0.006604644584789546,0.03763330247743331,0.0074040364401069605,0.004020624018067043,0.05727384641121144,0.004409711805709046
12,1.6,120,1.0,512,200,600,matched,transformer,35621,127,342,cda027c886cac50ab86fa0e89616269a127789d85d3f4609859453529cb71ecf,be8ede604a893ee87034e6fb596cea91ea3be8f191d448807bebae1ef6fbfe79,283,351,3.6156113329343498,0.2714289799672787,0.945653257821678,0.0558793121928793,0.2155496677743994,0.08322841412985038,0.00029346365783954834,0.21525620411655977,0.02363920288791283,0.06734815637582003,0.024638179378949902,0.019071146945994467,0.10866750396578044,0.019756696726361142,0.012884300389722938,0.18353704258864584,0.013256041774446581
12,1.6,120,1.0,512,200,600,matched,maxent,36121,127,342,cda027c886cac50ab86fa0e89616269a127789d85d3f4609859453529cb71ecf,be8ede604a893ee87034e6fb596cea91ea3be8f191d448807bebae1ef6fbfe79,283,351,0.1457577080000192,1.3340077022231485,0.973158951577281,0.027207847777280608,1.3067998544458679,0.0005666746367195147,0.32381151649726414,0.9829883379486039,0.0004227412383273232,0.0012043909923855362,0.0004341049835429464,0.0004125152250805225,0.0023505141030229202,0.0004233274005001165,0.0003844655957653757,0.005476717888395665,0.0003938350764109117
12,1.7,111,1.0,512,200,600,matched,iqp-parity,13695,118,333,4fa26efc38f2f842d84fe528dcb7696535e284e77b0fd08b530f44c26a4cf1c8,46ec6552ea8abd2c67a85ebf993bb74a1984e0f557904f8a35ae4eb6d2b596da,273,358,0.4221336249029264,0.23897404208491996,1.0,-0.0,0.23897404208491996,0.060020668511107086,0.0003372381920272241,0.23863680389289282,0.02196163169103947,0.061345339919104666,0.02196163169103947,0.01614741587544507,0.09020902723712329,0.01614741587544507,0.00995325580396721,0.13901195256937443,0.00995325580396721
12,1.7,111,1.0,512,200,600,matched,iqp-mse,13695,118,333,4fa26efc38f2f842d84fe528dcb7696535e284e77b0fd08b530f44c26a4cf1c8,46ec6552ea8abd2c67a85ebf993bb74a1984e0f557904f8a35ae4eb6d2b596da,273,358,0.36872420797590166,0.12684669973147988,1.0000000000000002,-2.2204460492503128e-16,0.1268466997314801,0.06501362099801379,1.3260693551187365e-05,0.126833439037929,0.026767706385362796,0.0747701295680525,0.026767706385362793,0.019969301248289627,0.11156034216921579,0.01996930124828962,0.012446552511325273,0.17383453228107926,0.012446552511325272
12,1.7,111,1.0,512,200,600,matched,ising-parity,30112,118,333,4fa26efc38f2f842d84fe528dcb7696535e284e77b0fd08b530f44c26a4cf1c8,46ec6552ea8abd2c67a85ebf993bb74a1984e0f557904f8a35ae4eb6d2b596da,273,358,0.25893466593697667,0.518729707931744,0.7683878923520843,0.2634606051716847,0.2552691027600593,0.02570665247635967,0.01305841140938159,0.2422106913506779,0.015068816585288499,0.042091666439353345,0.018614033376716313,0.012921892536641782,0.07218934378012168,0.015624852134579155,0.009591767238736032,0.13396322959128537,0.011199721054977406
12,1.7,111,1.0,512,200,600,matched,ising-nll,30115,118,333,4fa26efc38f2f842d84fe528dcb7696535e284e77b0fd08b530f44c26a4cf1c8,46ec6552ea8abd2c67a85ebf993bb74a1984e0f557904f8a35ae4eb6d2b596da,273,358,0.1173252499429509,0.7180649839104796,0.7939424586711173,0.23074429054860188,0.48732069336187767,0.01682607075510595,0.03154972163304784,0.4557709717288301,0.0068262162725365545,0.01906764321937585,0.0076987345158522034,0.004759500646398667,0.026589389086026073,0.0052353513693592715,0.00272196200432873,0.03801622911073645,0.0029655656574135597
12,1.7,111,1.0,512,200,600,matched,transformer,35612,118,333,4fa26efc38f2f842d84fe528dcb7696535e284e77b0fd08b530f44c26a4cf1c8,46ec6552ea8abd2c67a85ebf993bb74a1984e0f557904f8a35ae4eb6d2b596da,273,358,3.783952165977098,0.21989842756679395,0.9343680405921502,0.06788487062651588,0.15201355694027807,0.01871339239631961,0.034187369051949086,0.11782618788832912,0.01356622057137381,0.03789447086975924,0.01432579140911845,0.011444609982722351,0.06393636861856063,0.011996642926583125,0.008134736556423468,0.11361363905619369,0.008447796072681042
12,1.7,111,1.0,512,200,600,matched,maxent,36112,118,333,4fa26efc38f2f842d84fe528dcb7696535e284e77b0fd08b530f44c26a4cf1c8,46ec6552ea8abd2c67a85ebf993bb74a1984e0f557904f8a35ae4eb6d2b596da,273,358,0.12866083404514939,1.0374183392479488,0.9886089842081998,0.011456390341347097,1.0259619489066016,0.0003238194134444724,0.2882580113218294,0.7377039375847726,0.0001987908051590737,0.0005552815786566305,0.00020104592561565054,0.00019580084841868404,0.0010938594883725364,0.00019798845120871198,0.00018740688916192916,0.0026174146530995694,0.00018941126037224187
12,1.7,112,1.0,512,200,600,matched,iqp-parity,13696,119,334,6289e5f0508431cfddb371f3b3fdf098bd2cfdfdacf5fdb092ef523986bc7a3a,b0126d22db14df8032614d0be237f7ba7f8faae015df79310d48a47a7e019709,279,358,0.5389740419341251,0.17046438757219254,1.0,-0.0,0.17046438757219254,0.0786467822490103,0.0003118919786996065,0.17015249559349283,0.023965255933995802,0.06694205568155252,0.023965255933995802,0.01725165509919562,0.09637796144802023,0.01725165509919562,0.010451741436087673,0.14597404240345913,0.010451741436087673
12,1.7,112,1.0,512,200,600,matched,iqp-mse,13696,119,334,6289e5f0508431cfddb371f3b3fdf098bd2cfdfdacf5fdb092ef523986bc7a3a,b0126d22db14df8032614d0be237f7ba7f8faae015df79310d48a47a7e019709,279,358,0.4007963329786435,0.1401654052439723,1.0,-0.0,0.1401654052439723,0.08656086445040634,0.0014127849162894023,0.1387526203276828,0.03157089824973937,0.0881868666193837,0.03157089824973937,0.023150617513611298,0.12933305873525866,0.023150617513611298,0.014294211396707385,0.19963982397636013,0.014294211396707385
12,1.7,112,1.0,512,200,600,matched,ising-parity,30113,119,334,6289e5f0508431cfddb371f3b3fdf098bd2cfdfdacf5fdb092ef523986bc7a3a,b0126d22db14df8032614d0be237f7ba7f8faae015df79310d48a47a7e019709,279,358,0.2798240000847727,0.559272620059776,0.7445876501377569,0.29492470358254963,0.26434791647722633,0.02705158012552792,0.014255905111393068,0.2500920113658332,0.014866758804628713,0.04152725923080646,0.018704886562023355,0.012536528629015433,0.07003647278779572,0.015395649789465558,0.009226866555278396,0.12886685133070386,0.0110278349873167
12,1.7,112,1.0,512,200,600,matched,ising-nll,30116,119,334,6289e5f0508431cfddb371f3b3fdf098bd2cfdfdacf5fdb092ef523986bc7a3a,b0126d22db14df8032614d0be237f7ba7f8faae015df79310d48a47a7e019709,279,358,0.12922120897565037,0.8743734818530519,0.8569454560829094,0.15438100758726614,0.7199924742657857,0.012309381052132456,0.06016215537778411,0.6598303188880016,0.0054372495836552915,0.015187847999037128,0.006106736663835021,0.004408711101148881,0.024629670956138997,0.004842523384233095,0.0028788991529574842,0.040208088728456486,0.003087621289166336
12,1.7,112,1.0,512,200,600,matched,transformer,35613,119,334,6289e5f0508431cfddb371f3b3fdf098bd2cfdfdacf5fdb092ef523986bc7a3a,b0126d22db14df8032614d0be237f7ba7f8faae015df79310d48a47a7e019709,279,358,3.6649767080089077,0.331244723203774,0.8897221853893447,0.11684601623322054,0.21439870697055347,0.02074965671890962,0.03373456568939204,0.18066414128116137,0.012279844838563475,0.03430124256581976,0.013444975186010365,0.010274221696685707,0.05739788657366317,0.011144993717167982,0.0074547320712417785,0.1041163697100807,0.007988003836314853
12,1.7,112,1.0,512,200,600,matched,maxent,36113,119,334,6289e5f0508431cfddb371f3b3fdf098bd2cfdfdacf5fdb092ef523986bc7a3a,b0126d22db14df8032614d0be237f7ba7f8faae015df79310d48a47a7e019709,279,358,0.10950987506657839,1.1959945508704382,0.9315381102299669,0.07091817702381012,1.125076373846628,0.0003978045138895087,0.3002995284948008,0.8247768453518272,0.00020913566384570196,0.0005841778319712345,0.00022429304212784858,0.0002064691470131945,0.0011534589218614218,0.00022122894809785824,0.00019887058767743045,0.0027775221742657886,0.0002125296793351677
12,1.7,113,1.0,512,200,600,matched,iqp-parity,13697,120,335,7a3384a20592361206a9e5abecf8cc3bb988c3f98b3c2064efa2904bb5fc818e,494a09d0cb32c8fd575150abd91ad12074451b075c550159cd5a0edda3ce9c1b,296,359,0.46972066699527204,0.1717855614179271,1.0,-0.0,0.1717855614179271,0.07927544578662923,4.219797654242668e-05,0.17174336344138463,0.02967240667756721,0.08265294339155212,0.02967240667756721,0.02164517100303552,0.12058591088042073,0.02164517100303552,0.01321735362492428,0.18408570508251088,0.01321735362492428
12,1.7,113,1.0,512,200,600,matched,iqp-mse,13697,120,335,7a3384a20592361206a9e5abecf8cc3bb988c3f98b3c2064efa2904bb5fc818e,494a09d0cb32c8fd575150abd91ad12074451b075c550159cd5a0edda3ce9c1b,296,359,0.3645037499954924,0.18570800360069964,1.0000000000000002,-2.2204460492503128e-16,0.18570800360069986,0.06663968037477144,0.0017237851002094538,0.18398421850049035,0.026348419285718336,0.07339392558695915,0.02634841928571833,0.019619491612911922,0.10930078892987143,0.019619491612911922,0.012134917468121236,0.16900999259221777,0.012134917468121236
12,1.7,113,1.0,512,200,600,matched,ising-parity,30114,120,335,7a3384a20592361206a9e5abecf8cc3bb988c3f98b3c2064efa2904bb5fc818e,494a09d0cb32c8fd575150abd91ad12074451b075c550159cd5a0edda3ce9c1b,296,359,0.3052975839236751,0.6810246802890733,0.8176627108710492,0.2013053613108602,0.47971931897821307,0.024040360110208343,0.03270950537374772,0.44700981360446534,0.015512210434891007,0.0432094998186379,0.018208240028267746,0.013246110347169932,0.07379448661376006,0.015338705861334232,0.009964278601722958,0.1387782535058908,0.011289435779996838
12,1.7,113,1.0,512,200,600,matched,ising-nll,30117,120,335,7a3384a20592361206a9e5abecf8cc3bb988c3f98b3c2064efa2904bb5fc818e,494a09d0cb32c8fd575150abd91ad12074451b075c550159cd5a0edda3ce9c1b,296,359,0.1492773749632761,0.9538640859629718,0.8028731638034867,0.21955853043343534,0.7343055555295365,0.014696225701902287,0.061020629523305114,0.6732849260062312,0.006085078005685226,0.016950078010265254,0.006961174198000682,0.004511934952955718,0.0251361278716196,0.005031470968718822,0.002773824809692235,0.03863265751660494,0.0030596080685043
12,1.7,113,1.0,512,200,600,matched,transformer,35614,120,335,7a3384a20592361206a9e5abecf8cc3bb988c3f98b3c2064efa2904bb5fc818e,494a09d0cb32c8fd575150abd91ad12074451b075c550159cd5a0edda3ce9c1b,296,359,3.675224209087901,0.32057810973403417,0.8545457278292611,0.15718526372226432,0.16339284601176984,0.045830229643140354,0.00677233670138256,0.15662050931038718,0.028291460707827985,0.07880629723628965,0.03206311922263913,0.024012810964100354,0.13377610564958414,0.026834286879734427,0.017415150248283027,0.24255083911257697,0.019040128260747288
12,1.7,113,1.0,512,200,600,matched,maxent,36114,120,335,7a3384a20592361206a9e5abecf8cc3bb988c3f98b3c2064efa2904bb5fc818e,494a09d0cb32c8fd575150abd91ad12074451b075c550159cd5a0edda3ce9c1b,296,359,0.1093315000180155,1.1004981672160776,0.9949272620007641,0.00508564801255661,1.0954125192035211,7.707088080169988e-05,0.4910045319132554,0.6044079872902657,7.056979083723808e-05,0.00019657323352991108,7.092793968570497e-05,7.024709866465484e-05,0.00039134873907885706,7.060196791911085e-05,6.929391195167081e-05,0.0009650962667363622,6.963916942965099e-05
12,1.7,114,1.0,512,200,600,matched,iqp-parity,13698,121,336,15c446ffaed7c4333c7242c86612543464d0f193cc8718e1f82de58d01e947e1,9fc9306ab4737b5804dc59a07264243c6abc622ca16efa0cd4d6bddf38b05e36,269,354,0.4463320830836892,0.15612657375259253,1.0,-0.0,0.15612657375259253,0.0917090831408325,0.006688824783775273,0.14943774896881717,0.024030511240745532,0.06788280011510038,0.024030511240745532,0.017607640483760373,0.09947819482350494,0.017607640483760373,0.0110307875803816,0.15580208446866667,0.0110307875803816
12,1.7,114,1.0,512,200,600,matched,iqp-mse,13698,121,336,15c446ffaed7c4333c7242c86612543464d0f193cc8718e1f82de58d01e947e1,9fc9306ab4737b5804dc59a07264243c6abc622ca16efa0cd4d6bddf38b05e36,269,354,0.333057958050631,0.14656218691735884,0.9999999999999999,1.1102230246251565e-16,0.14656218691735873,0.08821333541897401,0.00542014618061196,0.1411420407367468,0.030016118889307643,0.08479129629747921,0.030016118889307643,0.02189961725277593,0.12372665114562671,0.021899617252775932,0.01373311840061442,0.19397059887873477,0.01373311840061442
12,1.7,114,1.0,512,200,600,matched,ising-parity,30115,121,336,15c446ffaed7c4333c7242c86612543464d0f193cc8718e1f82de58d01e947e1,9fc9306ab4737b5804dc59a07264243c6abc622ca16efa0cd4d6bddf38b05e36,269,354,0.2346294589806348,0.5263623302927128,0.7442374673154925,0.29539511857571027,0.23096721171700257,0.035616238035482695,0.0015611952197447584,0.2294060164972578,0.016611390929380358,0.04692483313384281,0.020619529266992204,0.01364265020384495,0.07707711979573419,0.01664429161533524,0.009797286700867193,0.138379755661966,0.011583503334492531
12,1.7,114,1.0,512,200,600,matched,ising-nll,30118,121,336,15c446ffaed7c4333c7242c86612543464d0f193cc8718e1f82de58d01e947e1,9fc9306ab4737b5804dc59a07264243c6abc622ca16efa0cd4d6bddf38b05e36,269,354,0.12005320796743035,0.6472439375816726,0.7689877470445724,0.2626802432255771,0.38456369435609555,0.02013267980673966,0.016744550340937088,0.3678191440151585,0.01032962638521501,0.029179735551454835,0.012468369481434472,0.008219767929266063,0.04643936683201165,0.00953358498945832,0.005167662017114614,0.07298957651291829,0.005707026974341301
12,1.7,114,1.0,512,200,600,matched,transformer,35615,121,336,15c446ffaed7c4333c7242c86612543464d0f193cc8718e1f82de58d01e947e1,9fc9306ab4737b5804dc59a07264243c6abc622ca16efa0cd4d6bddf38b05e36,269,354,3.25166954100132,0.2818233145060361,0.8860523278532654,0.12097926933860889,0.1608440451674272,0.019020325670088045,0.02416646649006509,0.13667757867736224,0.013759346296771263,0.038868209877884925,0.015181942249801305,0.011789279661636442,0.06660609978325674,0.012871799281813503,0.008811305213168537,0.12445346346283244,0.009508854171409504
12,1.7,114,1.0,512,200,600,matched,maxent,36115,121,336,15c446ffaed7c4333c7242c86612543464d0f193cc8718e1f82de58d01e947e1,9fc9306ab4737b5804dc59a07264243c6abc622ca16efa0cd4d6bddf38b05e36,269,354,0.14359995897393674,0.8182203434458797,0.9708196666663782,0.029614547128892218,0.7886057963169875,0.0004703220204206724,0.23262201697928545,0.5559837793377023,0.0003495585302819485,0.0009874534753727359,0.0003597139885141632,0.00033862082099160156,0.0019131119830033986,0.00034814949110536185,0.0003103946049727007,0.004384104590009897,0.0003184303229148558
12,1.7,115,1.0,512,200,600,matched,iqp-parity,13699,122,337,4f0e7b61865e0fff665d63f42280a4b78e22c7770ea6c2e430aa78350c144df4,fae9b80b4b9bbecd172da441f7a298732dc4ec9c5fd56650a16ee48bf4f2164a,279,358,0.4017943328944966,0.36435435944461647,1.0000000000000002,-2.2204460492503128e-16,0.3643543594446167,0.04620692534105919,0.0038200558195079226,0.3605343036251087,0.021117420695457818,0.05898720864653022,0.02111742069545781,0.015390107828319784,0.08597825602413288,0.015390107828319784,0.009350181652484104,0.13058912922463833,0.009350181652484104
12,1.7,115,1.0,512,200,600,matched,iqp-mse,13699,122,337,4f0e7b61865e0fff665d63f42280a4b78e22c7770ea6c2e430aa78350c144df4,fae9b80b4b9bbecd172da441f7a298732dc4ec9c5fd56650a16ee48bf4f2164a,279,358,0.30888929194770753,0.28599504931307357,1.0000000000000002,-2.2204460492503128e-16,0.2859950493130738,0.04943222679447021,0.0025540735997396508,0.28344097571333426,0.023604694921181314,0.06593490201447294,0.02360469492118131,0.017787892100456126,0.09937369888522976,0.017787892100456122,0.011229770985121752,0.1568403768871753,0.011229770985121752
12,1.7,115,1.0,512,200,600,matched,ising-parity,30116,122,337,4f0e7b61865e0fff665d63f42280a4b78e22c7770ea6c2e430aa78350c144df4,fae9b80b4b9bbecd172da441f7a298732dc4ec9c5fd56650a16ee48bf4f2164a,279,358,0.24489020905457437,0.5704953790035355,0.807787823820717,0.21345584922624777,0.35703952977728776,0.01918268974913557,0.025786744796531508,0.33125278498075617,0.010854936695729372,0.030321052222707746,0.012914077212776202,0.009432012392230831,0.052692806660507435,0.011088038138464283,0.007243017519929347,0.10115946256884563,0.008285501609434217
12,1.7,115,1.0,512,200,600,matched,ising-nll,30119,122,337,4f0e7b61865e0fff665d63f42280a4b78e22c7770ea6c2e430aa78350c144df4,fae9b80b4b9bbecd172da441f7a298732dc4ec9c5fd56650a16ee48bf4f2164a,279,358,0.1103894169209525,0.7689916680516893,0.8252418279373112,0.19207881082763037,0.5769128572240589,0.017602635116937743,0.03052509125030755,0.5463877659737512,0.007032315263630984,0.019643338725226212,0.007938406292811066,0.005298041951924494,0.029597999731421756,0.005857177449181568,0.00327311128213497,0.04571384472255544,0.003546020719319599
12,1.7,115,1.0,512,200,600,matched,transformer,35616,122,337,4f0e7b61865e0fff665d63f42280a4b78e22c7770ea6c2e430aa78350c144df4,fae9b80b4b9bbecd172da441f7a298732dc4ec9c5fd56650a16ee48bf4f2164a,279,358,3.6911844999995083,0.3036031152807177,0.8872288895879965,0.11965228082058993,0.18395083446012778,0.020573126630058572,0.026816413230585652,0.15713442122954213,0.014666279399433407,0.04096726089227209,0.016099586211569976,0.012266674835349515,0.06852890969469003,0.013323737316017638,0.008852740098787502,0.12364162149144554,0.00949578110551723
12,1.7,115,1.0,512,200,600,matched,maxent,36116,122,337,4f0e7b61865e0fff665d63f42280a4b78e22c7770ea6c2e430aa78350c144df4,fae9b80b4b9bbecd172da441f7a298732dc4ec9c5fd56650a16ee48bf4f2164a,279,358,0.10381266695912927,1.0082541162895042,0.991072746074346,0.008967340611330907,0.9992867756781734,0.0002056677316675419,0.3147921815006326,0.6844945941775405,0.00010198640608952633,0.00028487822930035287,0.00010289897306458662,0.00010131966857203996,0.0005660316680002232,0.00010222028817657496,9.937015386295491e-05,0.0013878513109351245,0.00010023629338126394
12,1.7,116,1.0,512,200,600,matched,iqp-parity,13700,123,338,b86fdcacddf4fd181f0fc5673b5ee6ed0c5f966e10836066316d656098b78fde,67eaeaae05cc33550f061649f99bb92951375c55491458d36e2f1c224114a8b1,273,357,0.6354822079883888,0.1553084305855759,1.0,-0.0,0.1553084305855759,0.0996989591371733,0.0039580634947377485,0.15135036709083816,0.029925439088773743,0.0838247593523074,0.029925439088773743,0.021449756891089695,0.12016670527221118,0.021449756891089695,0.012898914786547163,0.18065706983959612,0.012898914786547163
12,1.7,116,1.0,512,200,600,matched,iqp-mse,13700,123,338,b86fdcacddf4fd181f0fc5673b5ee6ed0c5f966e10836066316d656098b78fde,67eaeaae05cc33550f061649f99bb92951375c55491458d36e2f1c224114a8b1,273,357,0.36320575000718236,0.15220901919877458,0.9999999999999998,2.2204460492503136e-16,0.15220901919877436,0.09368435052167684,0.002406575445326499,0.1498024437534478,0.03185890465230564,0.08924062927816706,0.03185890465230565,0.023089447227193065,0.12935264553049336,0.02308944722719307,0.014092218330603916,0.19737000463030693,0.014092218330603916
12,1.7,116,1.0,512,200,600,matched,ising-parity,30117,123,338,b86fdcacddf4fd181f0fc5673b5ee6ed0c5f966e10836066316d656098b78fde,67eaeaae05cc33550f061649f99bb92951375c55491458d36e2f1c224114a8b1,273,357,0.24949208297766745,0.5860209405757998,0.7882190221477178,0.2379792808563714,0.34804165971942835,0.02952147601984556,0.01464876251772411,0.3333928972017043,0.017346061798592636,0.04858840839941915,0.020844770876542292,0.014559041199265462,0.08156325601829391,0.01718503335609748,0.010633316551277158,0.14892600211872772,0.012222398970903582
12,1.7,116,1.0,512,200,600,matched,ising-nll,30120,123,338,b86fdcacddf4fd181f0fc5673b5ee6ed0c5f966e10836066316d656098b78fde,67eaeaae05cc33550f061649f99bb92951375c55491458d36e2f1c224114a8b1,273,357,0.1119820000603795,0.7322357547685289,0.8046443639983203,0.2173548830318293,0.5148808717366996,0.01702816075348978,0.04143442876186763,0.4734464429748319,0.008279882921445034,0.023192949359790008,0.009611433459249374,0.006515652421856227,0.036502254464180546,0.007404281300086988,0.004238602149445698,0.059364175762544796,0.0046628792739083075
12,1.7,116,1.0,512,200,600,matched,transformer,35617,123,338,b86fdcacddf4fd181f0fc5673b5ee6ed0c5f966e10836066316d656098b78fde,67eaeaae05cc33550f061649f99bb92951375c55491458d36e2f1c224114a8b1,273,357,3.2624154159566388,0.3040731796437664,0.8433684664681385,0.17035132695278557,0.13372185269098083,0.041814522078800355,0.005591498231228707,0.12813035445975196,0.027032150453458685,0.0757203093934417,0.030928352174033315,0.02278998212072372,0.12767496986399843,0.025637322235839796,0.016335227536232743,0.22878469938701324,0.017973512666884274
12,1.7,116,1.0,512,200,600,matched,maxent,36117,123,338,b86fdcacddf4fd181f0fc5673b5ee6ed0c5f966e10836066316d656098b78fde,67eaeaae05cc33550f061649f99bb92951375c55491458d36e2f1c224114a8b1,273,357,0.14087033295072615,0.9553055987846173,0.9931917720015357,0.006831509714362096,0.9484740890702552,0.0003779656443055618,0.3199036940867267,0.6285703949835285,0.0002692761693152082,0.0007542749840762134,0.0002710968730752322,0.0002656759864709782,0.001488380876588113,0.00026744816918423486,0.00025543376603674294,0.0035775037260048033,0.0002570715955103341
12,1.7,117,1.0,512,200,600,matched,iqp-parity,13701,124,339,0551497435d5c6e05f479f1f08e4e0521c2fd2d318a238f13303ad4fe72f6565,6d2e8203ab09f7481803ba6cac1d0fef11989f0d29cc5ddaeca62054fed6f238,266,356,0.4252550840610638,0.1962420278316529,1.0,-0.0,0.1962420278316529,0.048505098648496406,0.0004881803284505406,0.19575384750320232,0.019711661237942765,0.05536983493804147,0.019711661237942765,0.01489507022189353,0.0836801697859187,0.01489507022189353,0.009288394120840157,0.1304549736073056,0.009288394120840157
12,1.7,117,1.0,512,200,600,matched,iqp-mse,13701,124,339,0551497435d5c6e05f479f1f08e4e0521c2fd2d318a238f13303ad4fe72f6565,6d2e8203ab09f7481803ba6cac1d0fef11989f0d29cc5ddaeca62054fed6f238,266,356,0.358602459076792,0.14087681644458194,1.0,-0.0,0.14087681644458194,0.059489856933109146,0.00015563310952358082,0.14072118333505834,0.025106656907918384,0.07052431715707412,0.025106656907918384,0.019475460403667023,0.10941269889700576,0.019475460403667023,0.01267161571477893,0.17797213082554675,0.01267161571477893
12,1.7,117,1.0,512,200,600,matched,ising-parity,30118,124,339,0551497435d5c6e05f479f1f08e4e0521c2fd2d318a238f13303ad4fe72f6565,6d2e8203ab09f7481803ba6cac1d0fef11989f0d29cc5ddaeca62054fed6f238,266,356,0.2608088330598548,0.5245212177358058,0.7433678941913965,0.29656420984902704,0.2279570078867788,0.025161216582248208,0.005966823954012355,0.22199018393276637,0.014771125450224087,0.04149192542197777,0.018757112575606326,0.012662212932792623,0.07113602771231811,0.015608774344047824,0.009263342867544645,0.1301031301621439,0.010978950507993255
12,1.7,117,1.0,512,200,600,matched,ising-nll,30121,124,339,0551497435d5c6e05f479f1f08e4e0521c2fd2d318a238f13303ad4fe72f6565,6d2e8203ab09f7481803ba6cac1d0fef11989f0d29cc5ddaeca62054fed6f238,266,356,0.11974945792462677,0.6811487548536668,0.787358104953398,0.23907210870363094,0.44207664615003583,0.023412972989860857,0.00912521599209382,0.4329514301579419,0.009840775074347512,0.02764262661333571,0.01117922503476265,0.006914165500337823,0.038843626406392266,0.007644831936891111,0.003980758303721933,0.0559095267376676,0.004356068747680642
12,1.7,117,1.0,512,200,600,matched,transformer,35618,124,339,0551497435d5c6e05f479f1f08e4e0521c2fd2d318a238f13303ad4fe72f6565,6d2e8203ab09f7481803ba6cac1d0fef11989f0d29cc5ddaeca62054fed6f238,266,356,3.3749061670387164,0.27843997936247233,0.9208345609304383,0.0824748886879996,0.19596509067447274,0.022649064610672107,0.014640423255621097,0.18132466741885156,0.014226739250891874,0.03996275070475245,0.015123239746753843,0.011494136712588763,0.06457380175611664,0.012106311621130303,0.0077105837082065195,0.10829471500290055,0.008031504450557619
12,1.7,117,1.0,512,200,600,matched,maxent,36118,124,339,0551497435d5c6e05f479f1f08e4e0521c2fd2d318a238f13303ad4fe72f6565,6d2e8203ab09f7481803ba6cac1d0fef11989f0d29cc5ddaeca62054fed6f238,266,356,0.10111854202114046,3.4537945340719705,0.9962813737532588,0.0037255575258824947,3.450068976546088,4.296111262234604e-06,0.46994686227720706,2.9801221142688807,7.967423975674902e-07,2.2380404426053096e-06,7.997157858333757e-07,7.966201636394117e-07,4.475394177749505e-06,7.995926379143761e-07,7.962536638147165e-07,1.1183337974925793e-05,7.99223398386138e-07
12,1.7,118,1.0,512,200,600,matched,iqp-parity,13702,125,340,5b4f801a5b216723c08c47bbf93775ccdc786ab55148809649c49c4f5791c83a,3672d037714419789c221c8c7564a09d4bd2e60bbf08a0fa3cd13f9a40a45c57,258,358,0.42169770889449865,0.3085859097454476,1.0,-0.0,0.3085859097454476,0.0381035958986658,0.005079581826935367,0.3035063279185123,0.016554033586741453,0.04624031728140071,0.016554033586741453,0.012397566730131336,0.06926014933034266,0.012397566730131336,0.007770395209639421,0.10852507276032711,0.007770395209639421
12,1.7,118,1.0,512,200,600,matched,iqp-mse,13702,125,340,5b4f801a5b216723c08c47bbf93775ccdc786ab55148809649c49c4f5791c83a,3672d037714419789c221c8c7564a09d4bd2e60bbf08a0fa3cd13f9a40a45c57,258,358,0.31277858407702297,0.29540253326600474,1.0,-0.0,0.29540253326600474,0.046759823928441455,0.001530795667283284,0.29387173759872154,0.022087252995234563,0.06169623741685633,0.022087252995234563,0.016802009955302902,0.09386597740392684,0.016802009955302902,0.010561049670512185,0.1475006937222372,0.010561049670512185
12,1.7,118,1.0,512,200,600,matched,ising-parity,30119,125,340,5b4f801a5b216723c08c47bbf93775ccdc786ab55148809649c49c4f5791c83a,3672d037714419789c221c8c7564a09d4bd2e60bbf08a0fa3cd13f9a40a45c57,258,358,0.25027900002896786,0.5524257827519745,0.7938688932587544,0.23083695320947295,0.32158882954250156,0.018044651596208335,0.02058250179750936,0.30100632774499225,0.01158422388313796,0.03235816727133508,0.013971548053877299,0.009965349916841566,0.05567234590414283,0.011775241369048355,0.007407203721970285,0.10345256594930566,0.008507024388017578
12,1.7,118,1.0,512,200,600,matched,ising-nll,30122,125,340,5b4f801a5b216723c08c47bbf93775ccdc786ab55148809649c49c4f5791c83a,3672d037714419789c221c8c7564a09d4bd2e60bbf08a0fa3cd13f9a40a45c57,258,358,0.11726824997458607,0.7829905475166773,0.7970760265873721,0.22680521379107074,0.5561853337256065,0.00985392857252576,0.04651761531622283,0.5096677184093837,0.004687171591744704,0.013092658077499174,0.005538158009019901,0.0037694976469336426,0.021058646072254987,0.004303019836392725,0.0024141939968253074,0.0337177932517501,0.0026540152057281307
12,1.7,118,1.0,512,200,600,matched,transformer,35619,125,340,5b4f801a5b216723c08c47bbf93775ccdc786ab55148809649c49c4f5791c83a,3672d037714419789c221c8c7564a09d4bd2e60bbf08a0fa3cd13f9a40a45c57,258,358,4.395547833992168,0.2743080092170741,0.9241963037643355,0.07883077994334811,0.195477229273726,0.021699739579468948,0.019393845442649646,0.17608338383107636,0.011817391929073918,0.03300947466221765,0.012553496299511288,0.009927869730007042,0.055462959385514196,0.010509686880918665,0.007386969095917139,0.1031699594401835,0.007753868711611922
12,1.7,118,1.0,512,200,600,matched,maxent,36119,125,340,5b4f801a5b216723c08c47bbf93775ccdc786ab55148809649c49c4f5791c83a,3672d037714419789c221c8c7564a09d4bd2e60bbf08a0fa3cd13f9a40a45c57,258,358,0.18845566594973207,0.8876896333513771,0.9918475059725719,0.008185907331953289,0.8795037260194238,0.0002394207641852464,0.26684087941683565,0.6126628466025881,0.0001935733502706946,0.0005407076823203761,0.0001951305622899791,0.00018957651979744145,0.0010590867027790024,0.00019107009008603645,0.00017863339378625426,0.0024948798014839983,0.00017996070012598375
12,1.7,119,1.0,512,200,600,matched,iqp-parity,13703,126,341,404cd42deea24fc4b50a0af29d475ea242d2e8bab4d66c121dde981c03a0d112,a56289775eec0ce432a321db146cf9b88569ccab3daaa3aefaeb57ea0050cb73,271,356,0.45205654203891754,0.16011707015352603,1.0,-0.0,0.16011707015352603,0.061080386669800216,9.925599496164554e-05,0.1600178141585644,0.023757617795628697,0.06673488144839522,0.023757617795628697,0.017194001345759775,0.09659551317842571,0.017194001345759775,0.010512638996874532,0.14764942411340634,0.010512638996874532
12,1.7,119,1.0,512,200,600,matched,iqp-mse,13703,126,341,404cd42deea24fc4b50a0af29d475ea242d2e8bab4d66c121dde981c03a0d112,a56289775eec0ce432a321db146cf9b88569ccab3daaa3aefaeb57ea0050cb73,271,356,0.40537437493912876,0.16143426905670125,1.0,-0.0,0.16143426905670125,0.06703745762340829,5.2778023555950446e-05,0.1613814910331454,0.028265184687630382,0.07939658620120893,0.028265184687630382,0.020852490322474337,0.11714882203637268,0.020852490322474337,0.012893754939619757,0.18109206375870446,0.012893754939619757
12,1.7,119,1.0,512,200,600,matched,ising-parity,30120,126,341,404cd42deea24fc4b50a0af29d475ea242d2e8bab4d66c121dde981c03a0d112,a56289775eec0ce432a321db146cf9b88569ccab3daaa3aefaeb57ea0050cb73,271,356,0.3103643750073388,0.5627458804490695,0.782176272178793,0.24567515184495073,0.3170707286041188,0.026678004296717038,0.01117574877032865,0.30589497983378994,0.01439155919328894,0.040425728071036345,0.01744944977547379,0.012216842044809575,0.0686339440719639,0.014561985672931396,0.009047687271153048,0.12707425942630685,0.010472959039864248
12,1.7,119,1.0,512,200,600,matched,ising-nll,30123,126,341,404cd42deea24fc4b50a0af29d475ea242d2e8bab4d66c121dde981c03a0d112,a56289775eec0ce432a321db146cf9b88569ccab3daaa3aefaeb57ea0050cb73,271,356,0.14747862506192178,0.6706133494111762,0.8105914434923673,0.20999112061422207,0.46062222879695414,0.02076474402649396,0.02144752610673438,0.43917470269021985,0.008734771759336105,0.024535875728472205,0.009760967435322333,0.006159382616303994,0.034603273125303334,0.00675683722918671,0.0035706872590127205,0.05015010195242585,0.0038439811897437366
12,1.7,119,1.0,512,200,600,matched,transformer,35620,126,341,404cd42deea24fc4b50a0af29d475ea242d2e8bab4d66c121dde981c03a0d112,a56289775eec0ce432a321db146cf9b88569ccab3daaa3aefaeb57ea0050cb73,271,356,4.860671208007261,0.2497019563232732,0.9393837677258166,0.0625311849447321,0.1871707713785411,0.03144513162995798,0.011771035357035536,0.17539973602150555,0.014797278983046802,0.04156539040181686,0.015454176167460006,0.011695626566779164,0.06570576722909643,0.012160327166466717,0.008012223108929599,0.11253122344002245,0.008291131766331944
12,1.7,119,1.0,512,200,600,matched,maxent,36120,126,341,404cd42deea24fc4b50a0af29d475ea242d2e8bab4d66c121dde981c03a0d112,a56289775eec0ce432a321db146cf9b88569ccab3daaa3aefaeb57ea0050cb73,271,356,0.15206912509165704,1.058914174620456,0.9869625167896465,0.01312321717998247,1.0457909574404736,0.00032942098808355863,0.27737539653151294,0.7684155609089606,0.00029766633119451716,0.0008361413797598796,0.0003015173581507431,0.0002917195373469251,0.001638873805319804,0.00029541711361381206,0.0002751944878177634,0.003865091121036002,0.0002784822135974223
12,1.7,120,1.0,512,200,600,matched,iqp-parity,13704,127,342,3965b14706fc2d876a495d3c9e317bd119d73f720dc4436f794c4f53654a0459,be8ede604a893ee87034e6fb596cea91ea3be8f191d448807bebae1ef6fbfe79,283,358,0.6116328330244869,0.18496870406905075,1.0,-0.0,0.18496870406905075,0.05923203572839372,0.0007408592803835271,0.18422784478866722,0.019719240546699646,0.055081677504747614,0.019719240546699646,0.014657378341827353,0.08188479520573941,0.014657378341827353,0.009122265461286019,0.12740594219673212,0.009122265461286019
12,1.7,120,1.0,512,200,600,matched,iqp-mse,13704,127,342,3965b14706fc2d876a495d3c9e317bd119d73f720dc4436f794c4f53654a0459,be8ede604a893ee87034e6fb596cea91ea3be8f191d448807bebae1ef6fbfe79,283,358,0.6173304169205949,0.15778268014847902,1.0,-0.0,0.15778268014847902,0.05792027036458525,0.0009777665041985038,0.15680491364428062,0.023690998317350397,0.06617597295349273,0.023690998317350397,0.017923005628036795,0.10012852306165806,0.017923005628036795,0.011189959264969242,0.15628434727610674,0.011189959264969242
12,1.7,120,1.0,512,200,600,matched,ising-parity,30121,127,342,3965b14706fc2d876a495d3c9e317bd119d73f720dc4436f794c4f53654a0459,be8ede604a893ee87034e6fb596cea91ea3be8f191d448807bebae1ef6fbfe79,283,358,0.3414754170225933,0.5455237866499267,0.7836679497783657,0.2437698817933138,0.3017539048566129,0.020156816543326773,0.025305118759560076,0.2764487860970528,0.01231706580218575,0.034405211737949026,0.014993217538827762,0.0105395983355993,0.05888043762904637,0.012530056183057461,0.007776751555282303,0.10861384853746232,0.009014352705932283
12,1.7,120,1.0,512,200,600,matched,ising-nll,30124,127,342,3965b14706fc2d876a495d3c9e317bd119d73f720dc4436f794c4f53654a0459,be8ede604a893ee87034e6fb596cea91ea3be8f191d448807bebae1ef6fbfe79,283,358,0.14842966699507087,0.8766011667825594,0.7935259894706032,0.23126898659601802,0.6453321801865414,0.012344261656221921,0.05009906516351005,0.5952331150230313,0.005349217629089168,0.014941948684606614,0.006123192198813927,0.003912317649781023,0.021856523183134205,0.004380232399774267,0.0023797450674018813,0.03323666295254024,0.002617662500535252
12,1.7,120,1.0,512,200,600,matched,transformer,35621,127,342,3965b14706fc2d876a495d3c9e317bd119d73f720dc4436f794c4f53654a0459,be8ede604a893ee87034e6fb596cea91ea3be8f191d448807bebae1ef6fbfe79,283,358,3.939317416981794,0.2939757164240331,0.8659195832029745,0.14396323477421727,0.15001248164981582,0.027313226832414144,0.016905161978211437,0.13310731967160447,0.017832932738702054,0.049812661281290645,0.01991317259462938,0.014811376037345912,0.08274511752707213,0.016334420350216722,0.010600493117336386,0.14805157985106684,0.01152007476849434
12,1.7,120,1.0,512,200,600,matched,maxent,36121,127,342,3965b14706fc2d876a495d3c9e317bd119d73f720dc4436f794c4f53654a0459,be8ede604a893ee87034e6fb596cea91ea3be8f191d448807bebae1ef6fbfe79,283,358,0.14512345800176263,1.0441106790610903,0.9855352054708216,0.014570429566423576,1.0295402494946668,0.00030469763479771525,0.30431670379997056,0.7252235456946959,0.00027731084550265304,0.0007746113002867404,0.00028118593118648733,0.00026475546541103445,0.0014790808123521478,0.0002682840962212217,0.00023294807010584875,0.003253464666282804,0.0002356742534858758
12,1.8,111,1.0,512,200,600,matched,iqp-parity,13695,118,333,09386fc69c909fc23c546adde9e2655c9fe88aacac91248e8940bbaed96c0386,46ec6552ea8abd2c67a85ebf993bb74a1984e0f557904f8a35ae4eb6d2b596da,273,358,0.568909041932784,0.1286343822195257,1.0000000000000002,-2.2204460492503128e-16,0.12863438221952592,0.05224391585749592,0.000275290680448779,0.1283590915390773,0.01912300507101884,0.05341621528217552,0.019123005071018835,0.014182917764648233,0.07923417745613538,0.01418291776464823,0.008912635919924014,0.12447815530620132,0.008912635919924014
12,1.8,111,1.0,512,200,600,matched,iqp-mse,13695,118,333,09386fc69c909fc23c546adde9e2655c9fe88aacac91248e8940bbaed96c0386,46ec6552ea8abd2c67a85ebf993bb74a1984e0f557904f8a35ae4eb6d2b596da,273,358,0.4435550830094144,0.1512001702834847,1.0,-0.0,0.1512001702834847,0.057241209268500126,0.0010098318737636822,0.15019033840972096,0.023103312327840554,0.06453439197720826,0.023103312327840554,0.017062447309400177,0.09532093468938646,0.017062447309400177,0.01055218964500546,0.14737695034923828,0.01055218964500546
12,1.8,111,1.0,512,200,600,matched,ising-parity,30112,118,333,09386fc69c909fc23c546adde9e2655c9fe88aacac91248e8940bbaed96c0386,46ec6552ea8abd2c67a85ebf993bb74a1984e0f557904f8a35ae4eb6d2b596da,273,358,0.29479104198981076,0.46972529765536675,0.8040177299669162,0.21813395784865983,0.2515913398067069,0.019406715368898375,0.008800731597984932,0.24279060820872192,0.01180241290123369,0.03296763380232875,0.014075171539267106,0.010124654564583505,0.056562316003259804,0.011853775170638035,0.007540458086692176,0.10531366042866168,0.008606989690585178
12,1.8,111,1.0,512,200,600,matched,ising-nll,30115,118,333,09386fc69c909fc23c546adde9e2655c9fe88aacac91248e8940bbaed96c0386,46ec6552ea8abd2c67a85ebf993bb74a1984e0f557904f8a35ae4eb6d2b596da,273,358,0.135231125052087,0.6425987564286956,0.8557799016589595,0.15574206013268488,0.4868566962960107,0.0072655415524112135,0.04286227519508274,0.4439944211009279,0.003301441975949328,0.009221904960752312,0.003689135566984257,0.0026256014732252667,0.014668164654889758,0.0028854747969752027,0.0017640664879682681,0.02463780011128866,0.001915352470916453
12,1.8,111,1.0,512,200,600,matched,transformer,35612,118,333,09386fc69c909fc23c546adde9e2655c9fe88aacac91248e8940bbaed96c0386,46ec6552ea8abd2c67a85ebf993bb74a1984e0f557904f8a35ae4eb6d2b596da,273,358,3.9468266249168664,0.19135811566521363,0.9489715963361183,0.05237641091905054,0.1389817047461631,0.017810455577326193,0.015423837672988376,0.12355786707317473,0.011337510274989231,0.03166902311449506,0.01182170733510787,0.009645890424037684,0.053887656000210525,0.010019900840146674,0.0071154113189685,0.09937725305821928,0.007342148922197913
12,1.8,111,1.0,512,200,600,matched,maxent,36112,118,333,09386fc69c909fc23c546adde9e2655c9fe88aacac91248e8940bbaed96c0386,46ec6552ea8abd2c67a85ebf993bb74a1984e0f557904f8a35ae4eb6d2b596da,273,358,0.12349216698203236,0.6883607163086496,0.9840829169095135,0.016045120328047446,0.6723155959806022,0.0002524862080254722,0.19981635957574428,0.4724992364048579,0.00022742465406873583,0.0006352643968400442,0.00023102508752544248,0.0002227642243583082,0.0012444928735101017,0.00022621736591504034,0.00020984889943583175,0.0029308505507797734,0.0002129104171923023
12,1.8,112,1.0,512,200,600,matched,iqp-parity,13696,119,334,aa57aa3846fdf3ca66c60a12a7e2136b7333edf42d72584a62281b6efff07253,b0126d22db14df8032614d0be237f7ba7f8faae015df79310d48a47a7e019709,279,356,0.5207880410598591,0.14686842686102575,1.0000000000000002,-2.2204460492503128e-16,0.14686842686102597,0.09992983195892395,0.013036818314785134,0.13383160854624093,0.024349586652804952,0.06839771531686784,0.024349586652804952,0.01750369850589555,0.09833538486458174,0.017503698505895542,0.010562568813926318,0.14835068558885278,0.010562568813926318
12,1.8,112,1.0,512,200,600,matched,iqp-mse,13696,119,334,aa57aa3846fdf3ca66c60a12a7e2136b7333edf42d72584a62281b6efff07253,b0126d22db14df8032614d0be237f7ba7f8faae015df79310d48a47a7e019709,279,356,0.3768804999999702,0.12621164629567627,1.0,-0.0,0.12621164629567627,0.10008999505254598,0.01311648521111037,0.11309516108456602,0.029916746082391664,0.08403580360222378,0.029916746082391664,0.02162396897762435,0.12148297178440647,0.02162396897762435,0.013376961272791104,0.18787866956167282,0.013376961272791104
12,1.8,112,1.0,512,200,600,matched,ising-parity,30113,119,334,aa57aa3846fdf3ca66c60a12a7e2136b7333edf42d72584a62281b6efff07253,b0126d22db14df8032614d0be237f7ba7f8faae015df79310d48a47a7e019709,279,356,0.28838708298280835,0.4687025960244279,0.7523980593967927,0.2844897607760351,0.18421283524839277,0.03357898942049393,0.0012307241744304153,0.18298211107396226,0.017204846301188022,0.04832821994715736,0.02114431731797703,0.014040963895865028,0.07888181963969117,0.01696028811550599,0.01002603832627912,0.1408151450320101,0.011779082400343324
12,1.8,112,1.0,512,200,600,matched,ising-nll,30116,119,334,aa57aa3846fdf3ca66c60a12a7e2136b7333edf42d72584a62281b6efff07253,b0126d22db14df8032614d0be237f7ba7f8faae015df79310d48a47a7e019709,279,356,0.13315162505023181,0.6633460948554274,0.8349937717272644,0.1803310131683643,0.4830150816870631,0.021721304952116372,0.012815052382935191,0.47020002930412785,0.009496758575266318,0.026676288132770554,0.010751516001093638,0.007421117151342186,0.04169166938956284,0.008229583765005363,0.004782886878611242,0.06717537750858486,0.00518027455363332
12,1.8,112,1.0,512,200,600,matched,transformer,35613,119,334,aa57aa3846fdf3ca66c60a12a7e2136b7333edf42d72584a62281b6efff07253,b0126d22db14df8032614d0be237f7ba7f8faae015df79310d48a47a7e019709,279,356,4.456552792107686,0.33905951236070553,0.8579457365392026,0.1532144256209724,0.18584508673973313,0.03067797220772223,0.004740586499142718,0.1811045002405904,0.020262955743766704,0.05691841501058063,0.02284346582867505,0.017012811219393735,0.09557759112018953,0.018916642346304413,0.012235705675566337,0.17184979881413395,0.013347976286419717
12,1.8,112,1.0,512,200,600,matched,maxent,36113,119,334,aa57aa3846fdf3ca66c60a12a7e2136b7333edf42d72584a62281b6efff07253,b0126d22db14df8032614d0be237f7ba7f8faae015df79310d48a47a7e019709,279,356,0.15403383295051754,0.9049937145793737,0.9265320508344115,0.07630664040183889,0.8286870741775348,0.0009101758507687712,0.1698283990258039,0.658858675151731,0.00032780692526159915,0.0009208059698359527,0.0003533050020095706,0.00032210941783724555,0.0018096034709957616,0.00034669509507295987,0.0003061357993836647,0.004299660103703156,0.0003282597141803498
12,1.8,113,1.0,512,200,600,matched,iqp-parity,13697,120,335,b695020e8ad2e743a32fa190dd08180729e96350a8944b9203595e33665ef677,494a09d0cb32c8fd575150abd91ad12074451b075c550159cd5a0edda3ce9c1b,296,361,0.473962957970798,0.1614872081313115,0.9999999999999998,2.2204460492503136e-16,0.1614872081313113,0.038375137226172695,0.011184221984301912,0.15030298614700938,0.01682724549675216,0.04661286841205585,0.016827245496752165,0.01240986691235775,0.06875272527622023,0.01240986691235775,0.00773081491802207,0.1070749988645716,0.007730814918022071
12,1.8,113,1.0,512,200,600,matched,iqp-mse,13697,120,335,b695020e8ad2e743a32fa190dd08180729e96350a8944b9203595e33665ef677,494a09d0cb32c8fd575150abd91ad12074451b075c550159cd5a0edda3ce9c1b,296,361,0.3673587499652058,0.1484026860638476,1.0000000000000002,-2.2204460492503128e-16,0.14840268606384782,0.04200252429160201,0.008345933594006597,0.1400567524698413,0.021562744011907182,0.059730592830767815,0.02156274401190718,0.01608627614623998,0.08912064346947356,0.016086276146239975,0.009894157811664866,0.13703819683746352,0.009894157811664863
12,1.8,113,1.0,512,200,600,matched,ising-parity,30114,120,335,b695020e8ad2e743a32fa190dd08180729e96350a8944b9203595e33665ef677,494a09d0cb32c8fd575150abd91ad12074451b075c550159cd5a0edda3ce9c1b,296,361,0.29398670804221183,0.504345514547476,0.830480905806286,0.18575034139563473,0.31859517315184127,0.01464251713247115,0.04603708784942719,0.2725580853024142,0.009770800408468639,0.027065929109331407,0.011491637665731627,0.008763171422587583,0.04854942616392013,0.01013675355037984,0.00681043311453692,0.09432732845619003,0.007661298360600014
12,1.8,113,1.0,512,200,600,matched,ising-nll,30117,120,335,b695020e8ad2e743a32fa190dd08180729e96350a8944b9203595e33665ef677,494a09d0cb32c8fd575150abd91ad12074451b075c550159cd5a0edda3ce9c1b,296,361,0.1316996249370277,0.6937320313984682,0.8715765498945145,0.13745158093800286,0.5562804504604653,0.011547470646350274,0.061995267986433095,0.49428518247403225,0.0054035011677487236,0.014968147279082336,0.0059294118125087746,0.0042282130510765846,0.023425003053055872,0.004591280266044135,0.0027973132836507384,0.03874395129710164,0.0029887894489562463
12,1.8,113,1.0,512,200,600,matched,transformer,35614,120,335,b695020e8ad2e743a32fa190dd08180729e96350a8944b9203595e33665ef677,494a09d0cb32c8fd575150abd91ad12074451b075c550159cd5a0edda3ce9c1b,296,361,4.659917708020657,0.3503981569572536,0.8913766328040217,0.1149882328540859,0.23540992410316774,0.011744587361467686,0.06231575366498724,0.17309417043818054,0.0076188991223621015,0.021104983718454574,0.008332476814011728,0.006483676508695697,0.03592064547753849,0.007066086346763612,0.005000981914554831,0.06926567748690901,0.0053996589871698605
12,1.8,113,1.0,512,200,600,matched,maxent,36114,120,335,b695020e8ad2e743a32fa190dd08180729e96350a8944b9203595e33665ef677,494a09d0cb32c8fd575150abd91ad12074451b075c550159cd5a0edda3ce9c1b,296,361,0.15398674993775785,5.113821259605327,0.998813082106468,0.0011876228384379963,5.112633636766889,3.173468120827068e-08,0.9596648239848056,4.152968812782083,1.4609122951007088e-08,4.0468484628828496e-08,1.4626483301660878e-08,1.460905211178204e-08,8.09365767965764e-08,1.4626412293976235e-08,1.4608839597334188e-08,2.0233849857803583e-07,1.4626199274161131e-08
12,1.8,114,1.0,512,200,600,matched,iqp-parity,13698,121,336,b5d9b18b1d3cab6a175bc0525ad42e8baa6b2ab8e02f68263a223cbd03c0a9a5,9fc9306ab4737b5804dc59a07264243c6abc622ca16efa0cd4d6bddf38b05e36,269,354,0.549204167095013,0.18791495008788997,0.9999999999999998,2.2204460492503136e-16,0.18791495008788975,0.056343752070416156,0.0005670978787393408,0.18734785220915048,0.023930602334600173,0.06760057156666716,0.023930602334600173,0.01732347665390383,0.0978727494570838,0.017323476653903835,0.010473006100699428,0.14792381498163035,0.01047300610069943
12,1.8,114,1.0,512,200,600,matched,iqp-mse,13698,121,336,b5d9b18b1d3cab6a175bc0525ad42e8baa6b2ab8e02f68263a223cbd03c0a9a5,9fc9306ab4737b5804dc59a07264243c6abc622ca16efa0cd4d6bddf38b05e36,269,354,0.41264904104173183,0.1298182271088634,0.9999999999999999,1.1102230246251565e-16,0.1298182271088633,0.05914857064171264,0.001030445927609638,0.12878778118125359,0.027153539487691353,0.07670491380703773,0.027153539487691353,0.02004221172918525,0.11323283462816526,0.02004221172918525,0.012385570876564334,0.17493744175938325,0.012385570876564335
12,1.8,114,1.0,512,200,600,matched,ising-parity,30115,121,336,b5d9b18b1d3cab6a175bc0525ad42e8baa6b2ab8e02f68263a223cbd03c0a9a5,9fc9306ab4737b5804dc59a07264243c6abc622ca16efa0cd4d6bddf38b05e36,269,354,0.29658775008283556,0.45627212154980734,0.7830112642788328,0.244608197042663,0.21166392450714433,0.02143584501210715,0.006992209680711046,0.20467171482643332,0.012979854707864015,0.036666256236904,0.015871212252474207,0.011303195829200122,0.0638598634418086,0.013576246747349639,0.008598006848420398,0.12144077469520337,0.00999059849723765
12,1.8,114,1.0,512,200,600,matched,ising-nll,30118,121,336,b5d9b18b1d3cab6a175bc0525ad42e8baa6b2ab8e02f68263a223cbd03c0a9a5,9fc9306ab4737b5804dc59a07264243c6abc622ca16efa0cd4d6bddf38b05e36,269,354,0.14542412501759827,0.5778325352692364,0.8073580392367126,0.21398804214328232,0.36384449312595407,0.009884326290856036,0.031534976537728326,0.3323095165882258,0.006764936577190329,0.01910999033104613,0.008000673214734992,0.005636940478918049,0.031847121349819485,0.00646327677932541,0.0037655229637790443,0.05318535259574921,0.004144002168577292
12,1.8,114,1.0,512,200,600,matched,transformer,35615,121,336,b5d9b18b1d3cab6a175bc0525ad42e8baa6b2ab8e02f68263a223cbd03c0a9a5,9fc9306ab4737b5804dc59a07264243c6abc622ca16efa0cd4d6bddf38b05e36,269,354,3.4672165839001536,0.29082680195999266,0.8643882334187527,0.14573326686830235,0.14509353509169032,0.03430601198245138,0.0010062755773121296,0.14408725951437826,0.02364049542443831,0.06678106052101218,0.026481286036851025,0.019735119758333874,0.11149785174199928,0.02178662563283732,0.013966651811809092,0.19726909338713408,0.015126717158465823
12,1.8,114,1.0,512,200,600,matched,maxent,36115,121,336,b5d9b18b1d3cab6a175bc0525ad42e8baa6b2ab8e02f68263a223cbd03c0a9a5,9fc9306ab4737b5804dc59a07264243c6abc622ca16efa0cd4d6bddf38b05e36,269,354,0.13537200004793704,0.6083142122562821,0.9573865190245909,0.04354808294113131,0.5647661293151508,0.0003370927362201506,0.193150300099619,0.37161582921553177,0.00027741213768587165,0.0007836501064572645,0.000289401262584258,0.000269924436960735,0.0015249968189872036,0.000281266805146526,0.0002500831231375618,0.0035322475019429634,0.0002598232056633457
12,1.8,115,1.0,512,200,600,matched,iqp-parity,13699,122,337,e5690829450ff556f085ff14daea8a4062f2c32a91d53c2a23c55dec0773e825,fae9b80b4b9bbecd172da441f7a298732dc4ec9c5fd56650a16ee48bf4f2164a,279,367,0.48326199990697205,0.20079622809305242,0.9999999999999999,1.1102230246251565e-16,0.2007962280930523,0.03458740673077336,0.011519691540562545,0.18927653655248977,0.014158294768332877,0.038578459859217644,0.014158294768332877,0.010334274704512685,0.05631757332159502,0.010334274704512687,0.006349798985233581,0.08650952295958557,0.006349798985233582
12,1.8,115,1.0,512,200,600,matched,iqp-mse,13699,122,337,e5690829450ff556f085ff14daea8a4062f2c32a91d53c2a23c55dec0773e825,fae9b80b4b9bbecd172da441f7a298732dc4ec9c5fd56650a16ee48bf4f2164a,279,367,0.377159042051062,0.17721196951304213,1.0,-0.0,0.17721196951304213,0.03499006459093851,0.011149511924037032,0.1660624575890051,0.014805695736323312,0.04034249519434145,0.014805695736323312,0.011413301592786272,0.06219782884352192,0.011413301592786272,0.00752333694690091,0.10249777856813229,0.00752333694690091
12,1.8,115,1.0,512,200,600,matched,ising-parity,30116,122,337,e5690829450ff556f085ff14daea8a4062f2c32a91d53c2a23c55dec0773e825,fae9b80b4b9bbecd172da441f7a298732dc4ec9c5fd56650a16ee48bf4f2164a,279,367,0.29732920799870044,0.515486848947306,0.83647608557313,0.17855734763920028,0.3369295013081057,0.01144383478673875,0.052398741821101984,0.2845307594870038,0.008334841048823727,0.022710738552653206,0.009700783629366367,0.007340419168830504,0.040002284298803835,0.00840075300411232,0.0055696563440514385,0.0758808766219542,0.006217080587962598
12,1.8,115,1.0,512,200,600,matched,ising-nll,30119,122,337,e5690829450ff556f085ff14daea8a4062f2c32a91d53c2a23c55dec0773e825,fae9b80b4b9bbecd172da441f7a298732dc4ec9c5fd56650a16ee48bf4f2164a,279,367,0.136586333042942,0.8731777585436733,0.856200028014211,0.1552512525520545,0.7179265059916188,0.0057263060215903775,0.09278827733047518,0.6251382286611438,0.002286252005680189,0.006229569497766182,0.002558275704210873,0.0018323231485787314,0.00998541225383505,0.0020162254480543926,0.0012326256310750303,0.016793264728542645,0.0013328317109941616
12,1.8,115,1.0,512,200,600,matched,transformer,35616,122,337,e5690829450ff556f085ff14daea8a4062f2c32a91d53c2a23c55dec0773e825,fae9b80b4b9bbecd172da441f7a298732dc4ec9c5fd56650a16ee48bf4f2164a,279,367,3.722552040941082,0.3919062786860716,0.892979945618511,0.11319115567190466,0.2787151230141669,0.018380797252868793,0.03214001511588068,0.24657510789828632,0.01058008395372514,0.02882856663140365,0.011511414137776935,0.008639237417707989,0.04708031290304081,0.009300935313092189,0.005948441328385129,0.081041434991623,0.0063099613074789574
12,1.8,115,1.0,512,200,600,matched,maxent,36116,122,337,e5690829450ff556f085ff14daea8a4062f2c32a91d53c2a23c55dec0773e825,fae9b80b4b9bbecd172da441f7a298732dc4ec9c5fd56650a16ee48bf4f2164a,279,367,0.14948625001125038,0.8672311305015875,0.998129528571918,0.0018722229442117236,0.8653589075573758,7.851927497995012e-05,0.37830157828925215,0.4870573292681238,7.650816302901353e-05,0.00020846910907088156,7.665086259078695e-05,7.615015825707164e-05,0.00041498723845815607,7.629152518661787e-05,7.50979613121131e-05,0.0010231329879034482,7.52354516959294e-05
12,1.8,116,1.0,512,200,600,matched,iqp-parity,13700,123,338,70494faa8d06b204f610a088224733dd8df370a17048b5f871f40c66e8d7fbdd,67eaeaae05cc33550f061649f99bb92951375c55491458d36e2f1c224114a8b1,273,363,0.5689830000046641,0.15287711401589069,1.0000000000000002,-2.2204460492503128e-16,0.1528771140158909,0.052654576616780836,1.8493819089937004e-05,0.1528586201968011,0.014893156428044223,0.0410279791406177,0.01489315642804422,0.011473407585288087,0.06321436686109139,0.011473407585288087,0.0073906022451453186,0.10179892899649198,0.0073906022451453186
12,1.8,116,1.0,512,200,600,matched,iqp-mse,13700,123,338,70494faa8d06b204f610a088224733dd8df370a17048b5f871f40c66e8d7fbdd,67eaeaae05cc33550f061649f99bb92951375c55491458d36e2f1c224114a8b1,273,363,0.418588750064373,0.11823198355864359,1.0000000000000002,-2.2204460492503128e-16,0.11823198355864381,0.0496016956516504,3.0329597436021174e-05,0.11820165396120787,0.016030028488050015,0.04415985809380169,0.016030028488050015,0.012578523065060306,0.06930315738325238,0.012578523065060302,0.008358395003430394,0.11512940776074923,0.008358395003430392
12,1.8,116,1.0,512,200,600,matched,ising-parity,30117,123,338,70494faa8d06b204f610a088224733dd8df370a17048b5f871f40c66e8d7fbdd,67eaeaae05cc33550f061649f99bb92951375c55491458d36e2f1c224114a8b1,273,363,0.2902974170865491,0.487985941172294,0.8243663530607375,0.19314024465034524,0.29484569652194875,0.01983848123502107,0.01198048712096245,0.28286520940098636,0.010655482187836185,0.029353945421036323,0.012265621604448182,0.008643924343462733,0.04762492751219136,0.009791797752769917,0.006022527033894971,0.08295491782224478,0.006697582034249635
12,1.8,116,1.0,512,200,600,matched,ising-nll,30120,123,338,70494faa8d06b204f610a088224733dd8df370a17048b5f871f40c66e8d7fbdd,67eaeaae05cc33550f061649f99bb92951375c55491458d36e2f1c224114a8b1,273,363,0.1320462500443682,0.6345017734463994,0.8450081586529126,0.16840899646102703,0.4660927769853723,0.00971749729821341,0.03772649594577642,0.42836628103959584,0.0031951512763737006,0.008802069631883472,0.00362660612864673,0.002587503825909095,0.014256219426496393,0.0028609239865242378,0.0016520218969680695,0.02275512254776955,0.0017679153794651363
12,1.8,116,1.0,512,200,600,matched,transformer,35617,123,338,70494faa8d06b204f610a088224733dd8df370a17048b5f871f40c66e8d7fbdd,67eaeaae05cc33550f061649f99bb92951375c55491458d36e2f1c224114a8b1,273,363,4.29696091695223,0.31678872850146195,0.8463844192517498,0.16678162630397544,0.1500071021974865,0.011920428274476693,0.02981097499196452,0.12019612720552207,0.008965987146682583,0.02469968910931841,0.010270604776500627,0.007707459285535487,0.04246534041617348,0.008701475029480025,0.005749178068914002,0.07918978056355375,0.0063694448915041
12,1.8,116,1.0,512,200,600,matched,maxent,36117,123,338,70494faa8d06b204f610a088224733dd8df370a17048b5f871f40c66e8d7fbdd,67eaeaae05cc33550f061649f99bb92951375c55491458d36e2f1c224114a8b1,273,363,0.2548827080754563,0.7103611061825237,0.9961101320776287,0.003897453135305241,0.7064636530472185,7.404231441537523e-05,0.2854648501638003,0.4209988028834182,6.986132331000038e-05,0.00019245543611570351,7.013256322468951e-05,6.946242679983546e-05,0.0003827130953158978,6.973057642581296e-05,6.829689752211739e-05,0.0009407286160071265,6.855613707448421e-05
12,1.8,117,1.0,512,200,600,matched,iqp-parity,13701,124,339,c1b09f9c32d9e165292256f82a56a50aed8342700c1b90ac30c7eaa4341275a3,6d2e8203ab09f7481803ba6cac1d0fef11989f0d29cc5ddaeca62054fed6f238,266,357,0.47606166708283126,0.18134839045852177,1.0,-0.0,0.18134839045852177,0.05359234838985213,0.00044205572945128346,0.1809063347290707,0.021134674575144972,0.05920076911805315,0.021134674575144972,0.01519788244779884,0.08514219858710835,0.01519788244779884,0.009276247221391342,0.1299194288710272,0.009276247221391342
12,1.8,117,1.0,512,200,600,matched,iqp-mse,13701,124,339,c1b09f9c32d9e165292256f82a56a50aed8342700c1b90ac30c7eaa4341275a3,6d2e8203ab09f7481803ba6cac1d0fef11989f0d29cc5ddaeca62054fed6f238,266,357,0.41497070901095867,0.2196127200741224,1.0,-0.0,0.2196127200741224,0.06674167817205312,0.0034560882234844457,0.21615663185063805,0.029479617162910754,0.08257595843952592,0.029479617162910754,0.020985969851341674,0.11756845855093376,0.020985969851341674,0.012869421630380361,0.18024400042549527,0.012869421630380361
12,1.8,117,1.0,512,200,600,matched,ising-parity,30118,124,339,c1b09f9c32d9e165292256f82a56a50aed8342700c1b90ac30c7eaa4341275a3,6d2e8203ab09f7481803ba6cac1d0fef11989f0d29cc5ddaeca62054fed6f238,266,357,0.30177533393725753,0.48440367760536174,0.7910730192902441,0.2343650028451404,0.25003867476022135,0.018812007897370628,0.009099906796434267,0.24093876796378716,0.01185981281078875,0.03322076417587885,0.014435451586708283,0.01039237218714882,0.058220572477024196,0.01238265125650098,0.007903820365599641,0.11069776422408462,0.009154242153647447
12,1.8,117,1.0,512,200,600,matched,ising-nll,30121,124,339,c1b09f9c32d9e165292256f82a56a50aed8342700c1b90ac30c7eaa4341275a3,6d2e8203ab09f7481803ba6cac1d0fef11989f0d29cc5ddaeca62054fed6f238,266,357,0.13543675001710653,0.7874453863185202,0.8957127783213246,0.11013547730675301,0.6773099090117672,0.01685546071167353,0.015275141217692308,0.6620347677940751,0.007153074477759962,0.020036623187002695,0.007510699402961796,0.004651945199454964,0.0260613176440054,0.004816351212271318,0.002460948758929326,0.03446706945279168,0.0025469520934118693
12,1.8,117,1.0,512,200,600,matched,transformer,35618,124,339,c1b09f9c32d9e165292256f82a56a50aed8342700c1b90ac30c7eaa4341275a3,6d2e8203ab09f7481803ba6cac1d0fef11989f0d29cc5ddaeca62054fed6f238,266,357,4.834451082977466,0.3165654456571681,0.9042605334623568,0.10063775937911859,0.2159276862780495,0.02339486510194591,0.007179454165041888,0.2087482321130077,0.015344933805403275,0.042983007858272484,0.016557043565310594,0.012563728152147416,0.0703850316646914,0.013415482800105634,0.008647080370217672,0.12110756821033154,0.0091153586506038
12,1.8,117,1.0,512,200,600,matched,maxent,36118,124,339,c1b09f9c32d9e165292256f82a56a50aed8342700c1b90ac30c7eaa4341275a3,6d2e8203ab09f7481803ba6cac1d0fef11989f0d29cc5ddaeca62054fed6f238,266,357,0.14788929198402911,0.7765424344285614,0.9622222037685451,0.03850987394006221,0.7380325604884992,0.0005946420341771642,0.1584170574040495,0.5796155030844496,0.0004744020145056126,0.001328857183489111,0.0004908333425378291,0.00042596826225104704,0.002386376819333597,0.00043919180680630776,0.000329475215138143,0.004614498811458585,0.000337700194400853
12,1.8,118,1.0,512,200,600,matched,iqp-parity,13702,125,340,7d96c1ade61dcbfc8ba8ca84074dd48786554f82101b73e153afee44fcbb7ff6,3672d037714419789c221c8c7564a09d4bd2e60bbf08a0fa3cd13f9a40a45c57,258,361,0.6805012500844896,0.12570488088302373,1.0,-0.0,0.12570488088302373,0.0715550850468878,0.002657890569647407,0.1230469903133763,0.02025614353095264,0.05611120091676632,0.02025614353095264,0.01524845803834667,0.08447899190219763,0.01524845803834667,0.009588930820320465,0.1328106761817239,0.009588930820320465
12,1.8,118,1.0,512,200,600,matched,iqp-mse,13702,125,340,7d96c1ade61dcbfc8ba8ca84074dd48786554f82101b73e153afee44fcbb7ff6,3672d037714419789c221c8c7564a09d4bd2e60bbf08a0fa3cd13f9a40a45c57,258,361,0.4485174169531092,0.10600456469466596,1.0000000000000004,-4.440892098500625e-16,0.1060045646946664,0.059933237444441956,0.00037465211270965634,0.10562991258195689,0.01702060499320805,0.04714849028589487,0.017020604993208042,0.01321848628124005,0.07323261097639917,0.013218486281240047,0.008656307494172821,0.11989345559796152,0.00865630749417282
12,1.8,118,1.0,512,200,600,matched,ising-parity,30119,125,340,7d96c1ade61dcbfc8ba8ca84074dd48786554f82101b73e153afee44fcbb7ff6,3672d037714419789c221c8c7564a09d4bd2e60bbf08a0fa3cd13f9a40a45c57,258,361,0.3234881670214236,0.46447279716550804,0.7992509097324034,0.22408035281023667,0.24039244435527138,0.02239090745056639,0.009495292816482481,0.23089715153878898,0.01356912887110438,0.037587614601397173,0.01615980340059649,0.011380945967321945,0.06305233222893043,0.013252437430019732,0.00811158779324108,0.11234886140223102,0.009191765516159077
12,1.8,118,1.0,512,200,600,matched,ising-nll,30122,125,340,7d96c1ade61dcbfc8ba8ca84074dd48786554f82101b73e153afee44fcbb7ff6,3672d037714419789c221c8c7564a09d4bd2e60bbf08a0fa3cd13f9a40a45c57,258,361,0.15496520791202784,0.6651311178946911,0.8061262990784723,0.21551485014292684,0.44961626775176433,0.016836480627826472,0.0183039963069712,0.4313122714447931,0.006365936397046936,0.017634172845005364,0.0073422553602985,0.004898417091863549,0.027138044830268968,0.005516680638254655,0.003109826586016144,0.04307239038803524,0.0034117560367944192
12,1.8,118,1.0,512,200,600,matched,transformer,35619,125,340,7d96c1ade61dcbfc8ba8ca84074dd48786554f82101b73e153afee44fcbb7ff6,3672d037714419789c221c8c7564a09d4bd2e60bbf08a0fa3cd13f9a40a45c57,258,361,3.5858066249638796,0.21261472118093028,0.9301984241722487,0.07235735626770055,0.1402573649132297,0.020181606761623207,0.017049320052453652,0.12320804486077615,0.013968798409409079,0.03869473243603623,0.014826453266948805,0.012036009980352546,0.06668149573602518,0.012693631164061081,0.008934587893177524,0.1237477547531513,0.009333135077678488
12,1.8,118,1.0,512,200,600,matched,maxent,36119,125,340,7d96c1ade61dcbfc8ba8ca84074dd48786554f82101b73e153afee44fcbb7ff6,3672d037714419789c221c8c7564a09d4bd2e60bbf08a0fa3cd13f9a40a45c57,258,361,0.13505662500392646,0.6803881856880987,0.981387002180401,0.018788399575032203,0.6615997861130665,0.0002144155877930953,0.24271493649601594,0.4188848496170504,0.00018480971627085299,0.0005119382722184293,0.00018823642798075567,0.00018084453779768162,0.001001908796663056,0.00018412505947674912,0.00017002476794907172,0.0023549136835051485,0.00017292572368487853
12,1.8,119,1.0,512,200,600,matched,iqp-parity,13703,126,341,4d430984e92e2b0d02bff481dfaebb00fc5fe28821556267ec061bb5f8806796,a56289775eec0ce432a321db146cf9b88569ccab3daaa3aefaeb57ea0050cb73,271,362,0.5051392079330981,0.19344580827229368,1.0000000000000002,-2.2204460492503128e-16,0.1934458082722939,0.04754962197395626,0.0011778983599382148,0.19226790991235573,0.02091038070635623,0.05776348261424372,0.02091038070635623,0.014651315534037278,0.08094649466318937,0.014651315534037278,0.008598120892905408,0.11875857586885924,0.008598120892905408
12,1.8,119,1.0,512,200,600,matched,iqp-mse,13703,126,341,4d430984e92e2b0d02bff481dfaebb00fc5fe28821556267ec061bb5f8806796,a56289775eec0ce432a321db146cf9b88569ccab3daaa3aefaeb57ea0050cb73,271,362,0.3832333339378238,0.14872794533082176,1.0,-0.0,0.14872794533082176,0.05806623329582405,2.340023939121879e-07,0.1487277113284279,0.026248474072508764,0.07250959688538332,0.026248474072508764,0.018802765234618362,0.1038826808542451,0.018802765234618362,0.011297320858754333,0.15604034335296038,0.011297320858754333
12,1.8,119,1.0,512,200,600,matched,ising-parity,30120,126,341,4d430984e92e2b0d02bff481dfaebb00fc5fe28821556267ec061bb5f8806796,a56289775eec0ce432a321db146cf9b88569ccab3daaa3aefaeb57ea0050cb73,271,362,0.29452266707085073,0.47824918712636477,0.8011978769711527,0.2216473250053267,0.2566018621210381,0.020802280892823724,0.015303111450414533,0.2412987506706236,0.01118916020184711,0.030909282325544504,0.013256321944609326,0.009356944952901404,0.05169582846906853,0.01090366592942604,0.006752546866999752,0.09326722191988608,0.0076674702018673414
12,1.8,119,1.0,512,200,600,matched,ising-nll,30123,126,341,4d430984e92e2b0d02bff481dfaebb00fc5fe28821556267ec061bb5f8806796,a56289775eec0ce432a321db146cf9b88569ccab3daaa3aefaeb57ea0050cb73,271,362,0.17586049996316433,0.8627334824137475,0.8442892072861066,0.16926018042035784,0.6934733019933896,0.008804470901436807,0.05351396440014838,0.6399593375932412,0.0033558916871561104,0.009270419025293122,0.0036406420979851104,0.0022755070342661598,0.012571862067768839,0.002434285895604033,0.0013256740998315363,0.018310415743529505,0.0014284630912821763
12,1.8,119,1.0,512,200,600,matched,transformer,35620,126,341,4d430984e92e2b0d02bff481dfaebb00fc5fe28821556267ec061bb5f8806796,a56289775eec0ce432a321db146cf9b88569ccab3daaa3aefaeb57ea0050cb73,271,362,3.601560667040758,0.2128345856606,0.934406373838909,0.06784384561411395,0.14499074004648604,0.036740758770432015,0.0041408920575346335,0.14084984798895153,0.019733648905077724,0.054512842279220236,0.02078064122486654,0.016184448946138203,0.08941684500628842,0.01691781470053714,0.01105235419434148,0.1526568258886945,0.011438353911779829
12,1.8,119,1.0,512,200,600,matched,maxent,36120,126,341,4d430984e92e2b0d02bff481dfaebb00fc5fe28821556267ec061bb5f8806796,a56289775eec0ce432a321db146cf9b88569ccab3daaa3aefaeb57ea0050cb73,271,362,0.13933383394032717,0.8619156597480033,0.9908818465539148,0.009159978244636591,0.8527556815033668,0.00019756050768566052,0.274234653916605,0.5785210275867616,0.0001783639310644113,0.0004927180416143958,0.0001799889695046171,0.00017662399537545108,0.0009758231788698956,0.0001782172742512142,0.00017157537055317168,0.0023698255601266806,0.00017307805273542392
12,1.8,120,1.0,512,200,600,matched,iqp-parity,13704,127,342,d8b6d7254fb8d5d71a46726d271574f4f8cf29da173aa8ffb2b5c8ee97c82dcb,be8ede604a893ee87034e6fb596cea91ea3be8f191d448807bebae1ef6fbfe79,283,364,0.4723925000289455,0.25460083330403527,1.0,-0.0,0.25460083330403527,0.05012382370224928,0.0008114270022435716,0.2537894063017917,0.013436647112639189,0.036913865694063706,0.013436647112639189,0.009896521552959666,0.05437649204922893,0.009896521552959666,0.006047382903969142,0.08306844648309261,0.006047382903969142
12,1.8,120,1.0,512,200,600,matched,iqp-mse,13704,127,342,d8b6d7254fb8d5d71a46726d271574f4f8cf29da173aa8ffb2b5c8ee97c82dcb,be8ede604a893ee87034e6fb596cea91ea3be8f191d448807bebae1ef6fbfe79,283,364,0.3509709589416161,0.13603449717139413,1.0,-0.0,0.13603449717139413,0.04872054129267189,0.001102197361264207,0.13493229981012994,0.014589532084786807,0.04008113210106266,0.014589532084786807,0.011296496182182874,0.062068660341664146,0.011296496182182874,0.007410522823784723,0.10179289593110884,0.007410522823784723
12,1.8,120,1.0,512,200,600,matched,ising-parity,30121,127,342,d8b6d7254fb8d5d71a46726d271574f4f8cf29da173aa8ffb2b5c8ee97c82dcb,be8ede604a893ee87034e6fb596cea91ea3be8f191d448807bebae1ef6fbfe79,283,364,0.28486762498505414,0.45168565800988636,0.7795941985361804,0.24898175296674793,0.20270390504313843,0.02114673914734376,0.01462455050265763,0.18807935454048075,0.011828654970452034,0.032496304863879215,0.014186574587532657,0.009579177866902617,0.05263284542254185,0.011203546654425975,0.006624737729215471,0.09099914463208064,0.007608851518294024
12,1.8,120,1.0,512,200,600,matched,ising-nll,30124,127,342,d8b6d7254fb8d5d71a46726d271574f4f8cf29da173aa8ffb2b5c8ee97c82dcb,be8ede604a893ee87034e6fb596cea91ea3be8f191d448807bebae1ef6fbfe79,283,364,0.11926950002089143,0.7038949410716677,0.8004987982828473,0.22252024775468024,0.48137469331698746,0.01334103245845518,0.033377010892001284,0.4479976824249862,0.004428680950208506,0.012166705907166224,0.004903686313215339,0.0029536405524132688,0.01622879424402895,0.0031952946970403863,0.0016141066176098007,0.022171794197936825,0.0017431361578925325
12,1.8,120,1.0,512,200,600,matched,transformer,35621,127,342,d8b6d7254fb8d5d71a46726d271574f4f8cf29da173aa8ffb2b5c8ee97c82dcb,be8ede604a893ee87034e6fb596cea91ea3be8f191d448807bebae1ef6fbfe79,283,364,3.7690882500028238,0.16249686117620435,0.9581917561005466,0.04270735809700267,0.11978950307920168,0.0332708435049923,0.007394376602430006,0.11239512647677163,0.014324910374974027,0.03935414938179678,0.014787849338243331,0.0115862176567385,0.06366053657548626,0.011906790004675498,0.007935269732248028,0.10900095786054984,0.008119465313307359
12,1.8,120,1.0,512,200,600,matched,maxent,36121,127,342,d8b6d7254fb8d5d71a46726d271574f4f8cf29da173aa8ffb2b5c8ee97c82dcb,be8ede604a893ee87034e6fb596cea91ea3be8f191d448807bebae1ef6fbfe79,283,364,0.13589908299036324,0.8147034047522153,0.9962758904597636,0.0037310613009494814,0.8109723434512658,0.00017803086419008844,0.2860170710572488,0.524955272394017,0.0001619662076642967,0.00044496210896784806,0.00016256365472604184,0.00015985972534602962,0.0008783501392638991,0.0001604416705151359,0.00015382417650968943,0.002112969457550679,0.00015436272894946775
12,1.9,111,1.0,512,200,600,matched,iqp-parity,13695,118,333,f72f20f3e9b8247f7ab4195f4716e1d23143d65b4fbbe77609c73cd80ef8b3a1,46ec6552ea8abd2c67a85ebf993bb74a1984e0f557904f8a35ae4eb6d2b596da,273,366,0.5161849160213023,0.3203156173085212,1.0,-0.0,0.3203156173085212,0.030213898781450713,0.007021848952186906,0.3132937683563344,0.009953365134498302,0.027194986706279515,0.009953365134498302,0.006963850572879769,0.03805382826710257,0.006963850572879769,0.004097318806392347,0.05597430063377524,0.004097318806392347
12,1.9,111,1.0,512,200,600,matched,iqp-mse,13695,118,333,f72f20f3e9b8247f7ab4195f4716e1d23143d65b4fbbe77609c73cd80ef8b3a1,46ec6552ea8abd2c67a85ebf993bb74a1984e0f557904f8a35ae4eb6d2b596da,273,366,0.373676749994047,0.10319395451949256,1.0,-0.0,0.10319395451949256,0.03475909820113981,0.0041049049926059795,0.0990890495268866,0.012869675144964803,0.03516304684416613,0.012869675144964803,0.009873481422771871,0.053953450397660495,0.009873481422771871,0.006436044386367087,0.08792410363889462,0.006436044386367087
12,1.9,111,1.0,512,200,600,matched,ising-parity,30112,118,333,f72f20f3e9b8247f7ab4195f4716e1d23143d65b4fbbe77609c73cd80ef8b3a1,46ec6552ea8abd2c67a85ebf993bb74a1984e0f557904f8a35ae4eb6d2b596da,273,366,0.31207258405629545,0.4049138016364823,0.8244639245334319,0.19302189229578917,0.2118919093406931,0.00899920416353522,0.041881894188273726,0.17001001515241954,0.006101472744190302,0.016670690557897,0.007208907739883697,0.005434645577376332,0.029697516816264105,0.006308437538189226,0.004193626368591154,0.057289977712993906,0.0047407603714917914
12,1.9,111,1.0,512,200,600,matched,ising-nll,30115,118,333,f72f20f3e9b8247f7ab4195f4716e1d23143d65b4fbbe77609c73cd80ef8b3a1,46ec6552ea8abd2c67a85ebf993bb74a1984e0f557904f8a35ae4eb6d2b596da,273,366,0.14289183309301734,0.7745450837781913,0.877130970100302,0.1310989589910044,0.6434461247871869,0.00046133689821126596,0.1914246414740303,0.4520214833131568,0.00037616377168784887,0.0010277698679995871,0.00042745066725303793,0.0003674958368347493,0.0020081739717745864,0.0004162760953650073,0.00034342219921935864,0.004691560098625118,0.000385564516949138
12,1.9,111,1.0,512,200,600,matched,transformer,35612,118,333,f72f20f3e9b8247f7ab4195f4716e1d23143d65b4fbbe77609c73cd80ef8b3a1,46ec6552ea8abd2c67a85ebf993bb74a1984e0f557904f8a35ae4eb6d2b596da,273,366,3.6011401670984924,0.20815942596296325,0.947497386377966,0.05393110046950158,0.15422832549346166,0.010432204762741476,0.041517089919034425,0.11271123557442723,0.0070841738901301085,0.019355666366475704,0.0073915160834328,0.005933856666546976,0.03242544626528402,0.006160520891784696,0.004279798649974868,0.058467194671787806,0.004417463029923407
12,1.9,111,1.0,512,200,600,matched,maxent,36112,118,333,f72f20f3e9b8247f7ab4195f4716e1d23143d65b4fbbe77609c73cd80ef8b3a1,46ec6552ea8abd2c67a85ebf993bb74a1984e0f557904f8a35ae4eb6d2b596da,273,366,0.13967274990864098,0.8403228719197375,0.9857347573846178,0.014367969306552571,0.8259549026131849,0.0002758652198669534,0.22436323343724632,0.6015916691759389,0.00019577974004915855,0.0005349173225386846,0.00019841997728455856,0.00018330741072881683,0.0010016798400481793,0.00018561432607785107,0.0001530195682147526,0.00209043125976438,0.0001546060649218785
12,1.9,112,1.0,512,200,600,matched,iqp-parity,13696,119,334,a92e1d1682b9daf9f04c242ac677cdeae078ff64722c9c9a38932f8efc92a9c3,b0126d22db14df8032614d0be237f7ba7f8faae015df79310d48a47a7e019709,279,361,0.48522599996067584,0.16689911603604218,0.9999999999999998,2.2204460492503136e-16,0.16689911603604196,0.08532730707234415,0.008449442306583194,0.15844967372945878,0.017093308809932553,0.04734988590009017,0.017093308809932557,0.012458459904291907,0.069021938527933,0.012458459904291909,0.007615174815421994,0.10547333539365643,0.007615174815421994
12,1.9,112,1.0,512,200,600,matched,iqp-mse,13696,119,334,a92e1d1682b9daf9f04c242ac677cdeae078ff64722c9c9a38932f8efc92a9c3,b0126d22db14df8032614d0be237f7ba7f8faae015df79310d48a47a7e019709,279,361,0.39074300008360296,0.13725528615861543,1.0,-0.0,0.13725528615861543,0.07996755585438665,0.006247739462544491,0.13100754669607098,0.02234840184481715,0.06190693031805305,0.02234840184481715,0.016888758779923817,0.09356653063669704,0.016888758779923817,0.010566801264989342,0.14635458815774713,0.010566801264989342
12,1.9,112,1.0,512,200,600,matched,ising-parity,30113,119,334,a92e1d1682b9daf9f04c242ac677cdeae078ff64722c9c9a38932f8efc92a9c3,b0126d22db14df8032614d0be237f7ba7f8faae015df79310d48a47a7e019709,279,361,0.2876699159387499,0.42117790705407304,0.7841316489415238,0.24317835316037173,0.1779995538937013,0.023421693416008672,0.006659158539966015,0.17134039535373535,0.01316078531068857,0.03645646900467748,0.01586146755063219,0.010981223553482156,0.060837803620399755,0.012951758775742289,0.007858595743069435,0.10884481638600325,0.009008316868313458
12,1.9,112,1.0,512,200,600,matched,ising-nll,30116,119,334,a92e1d1682b9daf9f04c242ac677cdeae078ff64722c9c9a38932f8efc92a9c3,b0126d22db14df8032614d0be237f7ba7f8faae015df79310d48a47a7e019709,279,361,0.1309869160177186,0.5584806804016725,0.8693254637382511,0.14003769709300756,0.418442983308665,0.016997187422168984,0.018442658347504907,0.4000003249611601,0.00612290091551985,0.016960944364320912,0.0066493656865869305,0.004467137544327604,0.024748684456108613,0.004776268164607127,0.002620830091945142,0.036299585761013047,0.002751056103626931
12,1.9,112,1.0,512,200,600,matched,transformer,35613,119,334,a92e1d1682b9daf9f04c242ac677cdeae078ff64722c9c9a38932f8efc92a9c3,b0126d22db14df8032614d0be237f7ba7f8faae015df79310d48a47a7e019709,279,361,3.3953030420234427,0.2888946618151908,0.8736604437523915,0.13506348710795918,0.15383117470723162,0.018407270423159313,0.01606409053247107,0.13776708417476047,0.012064432538319814,0.03341948071556735,0.013380264943111687,0.010043035157881129,0.05564008397718077,0.011026691812862692,0.007314440826663425,0.10130804469062916,0.007935709507203584
12,1.9,112,1.0,512,200,600,matched,maxent,36113,119,334,a92e1d1682b9daf9f04c242ac677cdeae078ff64722c9c9a38932f8efc92a9c3,b0126d22db14df8032614d0be237f7ba7f8faae015df79310d48a47a7e019709,279,361,0.16978104203008115,0.9095427969333156,0.9714151455123764,0.029001357764843493,0.8805414391684722,0.00027427899521676,0.2181662301271735,0.6623752090412987,0.00019861222430828492,0.0005501723665049444,0.00020412295273966247,0.0001881064807316064,0.0010421411674881242,0.00019303844873607676,0.0001621256858645813,0.002245508114467885,0.00016577272409528
12,1.9,113,1.0,512,200,600,matched,iqp-parity,13697,120,335,b901f4898c1cd64df33091781ddf4e04b5cd30a5566b76a664e30087e7356dda,494a09d0cb32c8fd575150abd91ad12074451b075c550159cd5a0edda3ce9c1b,296,366,0.4897996250074357,0.14425695315647236,1.0,-0.0,0.14425695315647236,0.024717285961705606,0.0061575982707564,0.1380993548857161,0.011441664366098024,0.03126137804944815,0.011441664366098024,0.008908664849982813,0.048681228688430674,0.008908664849982813,0.005757472655005525,0.07865399801920117,0.005757472655005525
12,1.9,113,1.0,512,200,600,matched,iqp-mse,13697,120,335,b901f4898c1cd64df33091781ddf4e04b5cd30a5566b76a664e30087e7356dda,494a09d0cb32c8fd575150abd91ad12074451b075c550159cd5a0edda3ce9c1b,296,366,0.37303845793940127,0.13097642566035134,1.0000000000000002,-2.2204460492503128e-16,0.13097642566035156,0.024891138454919068,0.006021153588578104,0.12495527207177362,0.012992301210556658,0.03549809073922584,0.012992301210556655,0.01043395559724458,0.05701615080461519,0.010433955597244577,0.0069075492280035984,0.09436542661207102,0.006907549228003598
12,1.9,113,1.0,512,200,600,matched,ising-parity,30114,120,335,b901f4898c1cd64df33091781ddf4e04b5cd30a5566b76a664e30087e7356dda,494a09d0cb32c8fd575150abd91ad12074451b075c550159cd5a0edda3ce9c1b,296,366,0.28066958393901587,0.43567860633152,0.8719714992792996,0.136998539920031,0.29868006641148903,0.008294800909897735,0.03317766923475268,0.2655023971767363,0.005912774771220912,0.016155122325740196,0.006691266159749864,0.005426674979192015,0.029653961634929043,0.0060810164312892195,0.004427381502867478,0.060483353864309815,0.004874152655293597
12,1.9,113,1.0,512,200,600,matched,ising-nll,30117,120,335,b901f4898c1cd64df33091781ddf4e04b5cd30a5566b76a664e30087e7356dda,494a09d0cb32c8fd575150abd91ad12074451b075c550159cd5a0edda3ce9c1b,296,366,0.1290442500030622,0.6606961630339001,0.9231564769513816,0.07995652802311246,0.5807396350107876,0.001375048224037475,0.10665474146518637,0.4740848935456017,0.0010042537426720188,0.0027438626848962262,0.00107282660654224,0.0008612506325067957,0.004706287609326752,0.0009118075345780798,0.0006206438505657571,0.008478741127947501,0.000649507824022798
12,1.9,113,1.0,512,200,600,matched,transformer,35614,120,335,b901f4898c1cd64df33091781ddf4e04b5cd30a5566b76a664e30087e7356dda,494a09d0cb32c8fd575150abd91ad12074451b075c550159cd5a0edda3ce9c1b,296,366,4.142498333007097,0.2904758891978435,0.9009868323603368,0.10426463595302574,0.18621125324481777,0.014109566269364415,0.017302838582145767,0.1689084146626722,0.0078907570524916,0.02155944549861093,0.008505083567191103,0.006377212795587225,0.03484815735293565,0.006835049334448989,0.004619210314769286,0.06310396604876073,0.004931551193355838
12,1.9,113,1.0,512,200,600,matched,maxent,36114,120,335,b901f4898c1cd64df33091781ddf4e04b5cd30a5566b76a664e30087e7356dda,494a09d0cb32c8fd575150abd91ad12074451b075c550159cd5a0edda3ce9c1b,296,366,0.17146154190413654,0.5882709370207434,0.9984162060723637,0.0015850494550785155,0.5866858875656649,0.00010656090509038329,0.22075289678516535,0.3659329907804996,0.00010436135892666317,0.00028514032493623815,0.00010452528272199022,0.00010334530064002791,0.0005647284187979667,0.00010350603593698407,0.00010038982862107187,0.0013714457461895062,0.0001005414329213137
12,1.9,114,1.0,512,200,600,matched,iqp-parity,13698,121,336,41290c5e5fda261929019afa8471e9ffeff9a12ef90a0dac67935303dde83f98,9fc9306ab4737b5804dc59a07264243c6abc622ca16efa0cd4d6bddf38b05e36,269,367,0.531929959077388,0.2414391955345927,1.0,-0.0,0.2414391955345927,0.06035900632798874,4.385847112765764e-05,0.24139533706346514,0.016029930051017,0.043678283517757495,0.016029930051017,0.010903618702332888,0.059420265407808655,0.010903618702332888,0.006322482327286306,0.08613736140717038,0.006322482327286306
12,1.9,114,1.0,512,200,600,matched,iqp-mse,13698,121,336,41290c5e5fda261929019afa8471e9ffeff9a12ef90a0dac67935303dde83f98,9fc9306ab4737b5804dc59a07264243c6abc622ca16efa0cd4d6bddf38b05e36,269,367,0.42423445801250637,0.11348154455691059,1.0,-0.0,0.11348154455691059,0.06652524260044104,0.00012624344430618804,0.11335530111260445,0.021204700056579606,0.05777847426860928,0.021204700056579606,0.015267160144782233,0.08319978280535277,0.015267160144782233,0.009157227442234336,0.12475786706041331,0.009157227442234336
12,1.9,114,1.0,512,200,600,matched,ising-parity,30115,121,336,41290c5e5fda261929019afa8471e9ffeff9a12ef90a0dac67935303dde83f98,9fc9306ab4737b5804dc59a07264243c6abc622ca16efa0cd4d6bddf38b05e36,269,367,0.32704883406404406,0.40308170126067794,0.8079288264960782,0.21328131036054812,0.18980039090012982,0.017764743856446993,0.025741985477734305,0.16405840542239553,0.010135822405152695,0.02761804470068854,0.011818804506958139,0.008182263327351485,0.04458999088474924,0.009379320030321488,0.005705487614277205,0.07773143888661042,0.006425233860779852
12,1.9,114,1.0,512,200,600,matched,ising-nll,30118,121,336,41290c5e5fda261929019afa8471e9ffeff9a12ef90a0dac67935303dde83f98,9fc9306ab4737b5804dc59a07264243c6abc622ca16efa0cd4d6bddf38b05e36,269,367,0.14649974997155368,0.9195384122478838,0.8830288579111621,0.12439739724611576,0.795141015001768,0.0038834078839737156,0.10978335053608133,0.6853576644656866,0.0016339056972518096,0.004452059120577138,0.0017619348317340067,0.001218453191063777,0.006640071885906142,0.001305616006371213,0.0008186394134716658,0.011153125524137135,0.0008799127360248508
12,1.9,114,1.0,512,200,600,matched,transformer,35615,121,336,41290c5e5fda261929019afa8471e9ffeff9a12ef90a0dac67935303dde83f98,9fc9306ab4737b5804dc59a07264243c6abc622ca16efa0cd4d6bddf38b05e36,269,367,3.959362499997951,0.2707957721695052,0.8713591379298963,0.13770105883585604,0.13309471333364914,0.026624425578175796,0.013391231980789398,0.11970348135285983,0.012878247617644273,0.03509059296360838,0.014245776735796736,0.010529859369758894,0.05738342980795037,0.011556709040418995,0.007600592706744283,0.10355030935618914,0.008258555710370239
12,1.9,114,1.0,512,200,600,matched,maxent,36115,121,336,41290c5e5fda261929019afa8471e9ffeff9a12ef90a0dac67935303dde83f98,9fc9306ab4737b5804dc59a07264243c6abc622ca16efa0cd4d6bddf38b05e36,269,367,0.13876495801378042,0.752048353803913,0.9938204090176631,0.00619876368179501,0.7458495901221179,0.00010546095360772159,0.33890248066237066,0.40694710945974755,0.00010164138550285418,0.0002769520040949705,0.000102265648445941,0.00010041777485973799,0.0005472358302982997,0.00010102706500399013,9.692589865711142e-05,0.0013205163304783572,9.749353431775021e-05
12,1.9,115,1.0,512,200,600,matched,iqp-parity,13699,122,337,9bba110323b317b71081675590f81c393cfb210dc55ea9cd4f3c8bb176e0aa2f,fae9b80b4b9bbecd172da441f7a298732dc4ec9c5fd56650a16ee48bf4f2164a,279,367,0.5598426669603214,0.1547028893992978,0.9999999999999999,1.1102230246251565e-16,0.1547028893992977,0.035012909465135425,0.0029692707114537774,0.15173361868784402,0.01597961005368986,0.04354117180841923,0.01597961005368986,0.011724107346972275,0.06389159317151104,0.011724107346972275,0.007146810391812863,0.09736798898927607,0.007146810391812863
12,1.9,115,1.0,512,200,600,matched,iqp-mse,13699,122,337,9bba110323b317b71081675590f81c393cfb210dc55ea9cd4f3c8bb176e0aa2f,fae9b80b4b9bbecd172da441f7a298732dc4ec9c5fd56650a16ee48bf4f2164a,279,367,0.4359003329882398,0.12115967736344345,1.0,-0.0,0.12115967736344345,0.03144160296452192,0.004846349945892146,0.11631332741755133,0.016706087344856516,0.04552067396418669,0.016706087344856516,0.012965401774018588,0.07065614045786696,0.012965401774018588,0.008147733898629531,0.11100454902765028,0.008147733898629531
12,1.9,115,1.0,512,200,600,matched,ising-parity,30116,122,337,9bba110323b317b71081675590f81c393cfb210dc55ea9cd4f3c8bb176e0aa2f,fae9b80b4b9bbecd172da441f7a298732dc4ec9c5fd56650a16ee48bf4f2164a,279,367,0.3277388330316171,0.4447985220769595,0.8833414234427078,0.12404349009753249,0.320755031979427,0.00904179231566843,0.0404568078989408,0.2802982240804863,0.007041330407157768,0.019186186395525252,0.007847391485482087,0.006323543556481635,0.034460727828237794,0.006984022445249022,0.005053614434208006,0.06885033289111725,0.0055087714728145444
12,1.9,115,1.0,512,200,600,matched,ising-nll,30119,122,337,9bba110323b317b71081675590f81c393cfb210dc55ea9cd4f3c8bb176e0aa2f,fae9b80b4b9bbecd172da441f7a298732dc4ec9c5fd56650a16ee48bf4f2164a,279,367,0.14905058301519603,0.6900087674752196,0.9162616942550594,0.08745326269212744,0.6025555047830922,0.0035451438254038765,0.08307209260322897,0.5194834121798633,0.0016299402926039032,0.00444125420328039,0.0017598771417232017,0.001459002698081846,0.007950968381917417,0.001562880123263153,0.0011280971600159898,0.015369171117384057,0.0011929830773770573
12,1.9,115,1.0,512,200,600,matched,transformer,35616,122,337,9bba110323b317b71081675590f81c393cfb210dc55ea9cd4f3c8bb176e0aa2f,fae9b80b4b9bbecd172da441f7a298732dc4ec9c5fd56650a16ee48bf4f2164a,279,367,3.4586157499579713,0.19958384452348588,0.9533638597802343,0.04775864360050417,0.1518252009229817,0.014347685687616196,0.025790804944508472,0.1260343959784733,0.010141111737911513,0.027632457051530005,0.010569123070382989,0.009005763281026742,0.049077729051916846,0.00934883990426378,0.006984377257375368,0.0951550035064764,0.007206050467959935
12,1.9,115,1.0,512,200,600,matched,maxent,36116,122,337,9bba110323b317b71081675590f81c393cfb210dc55ea9cd4f3c8bb176e0aa2f,fae9b80b4b9bbecd172da441f7a298732dc4ec9c5fd56650a16ee48bf4f2164a,279,367,0.13181308307684958,0.6360768485702412,0.9982214403300518,0.0017801431850606284,0.6342967053851806,0.00016353914384496305,0.23784710321680197,0.3964496021683786,0.00012651648318026188,0.0003447315617990787,0.0001267404581841531,0.0001257120113638684,0.0006850790810020076,0.00012593314277505274,0.00012335508321536904,0.0016805869647870443,0.00012356798216248078
12,1.9,116,1.0,512,200,600,matched,iqp-parity,13700,123,338,79f843a21bae20f434c41830c7a9525d3e5ab85c9b74135286a5f8afd69708ac,67eaeaae05cc33550f061649f99bb92951375c55491458d36e2f1c224114a8b1,273,363,0.47637620894238353,0.10538031547908881,1.0,-0.0,0.10538031547908881,0.05519372501846088,0.0009927756024867406,0.10438753987660222,0.019463276810480743,0.053617842453114996,0.019463276810480743,0.014278920850801501,0.07867174022480167,0.014278920850801501,0.00882622063839712,0.12157328703026336,0.00882622063839712
12,1.9,116,1.0,512,200,600,matched,iqp-mse,13700,123,338,79f843a21bae20f434c41830c7a9525d3e5ab85c9b74135286a5f8afd69708ac,67eaeaae05cc33550f061649f99bb92951375c55491458d36e2f1c224114a8b1,273,363,0.3568073749775067,0.1158045457872389,1.0,-0.0,0.1158045457872389,0.04844452324723034,0.00010820730843721753,0.11569633847880162,0.02202306013538167,0.06066958714981177,0.02202306013538167,0.016438221629088746,0.09056871420985534,0.016438221629088746,0.009989053097980434,0.13759026305758174,0.009989053097980434
12,1.9,116,1.0,512,200,600,matched,ising-parity,30117,123,338,79f843a21bae20f434c41830c7a9525d3e5ab85c9b74135286a5f8afd69708ac,67eaeaae05cc33550f061649f99bb92951375c55491458d36e2f1c224114a8b1,273,363,0.2802552920766175,0.4295796187577805,0.8217066949650988,0.19637176637817644,0.23320785237960406,0.018023899461589873,0.009783373830011911,0.2234244785495922,0.009967490790353046,0.027458652315022168,0.011626793279859406,0.008476059718740441,0.04670005354677929,0.009779835465131271,0.006380371642622638,0.08788390692317684,0.007219584698357497
12,1.9,116,1.0,512,200,600,matched,ising-nll,30120,123,338,79f843a21bae20f434c41830c7a9525d3e5ab85c9b74135286a5f8afd69708ac,67eaeaae05cc33550f061649f99bb92951375c55491458d36e2f1c224114a8b1,273,363,0.12851858395151794,0.6554097071006416,0.8374801801359361,0.17735768107227823,0.4780520260283634,0.010587240325491454,0.02572897277678128,0.4523230532515822,0.005380140945871085,0.014821324919755054,0.006050555094408672,0.004105992881889998,0.022622550313443516,0.004510516192192468,0.0025643521360500634,0.0353216547665298,0.0027736679283413388
12,1.9,116,1.0,512,200,600,matched,transformer,35617,123,338,79f843a21bae20f434c41830c7a9525d3e5ab85c9b74135286a5f8afd69708ac,67eaeaae05cc33550f061649f99bb92951375c55491458d36e2f1c224114a8b1,273,363,3.488536374992691,0.23678449968652887,0.9082330984277633,0.0962542169967066,0.14053028268982226,0.035721650623576295,0.0004529923948358005,0.14007729029498656,0.017554998471383698,0.04836087733163553,0.01889178758666553,0.01443495690222042,0.07953144298744033,0.015375010160575677,0.00988855596120689,0.13620600497530153,0.010382418475520667
12,1.9,116,1.0,512,200,600,matched,maxent,36117,123,338,79f843a21bae20f434c41830c7a9525d3e5ab85c9b74135286a5f8afd69708ac,67eaeaae05cc33550f061649f99bb92951375c55491458d36e2f1c224114a8b1,273,363,0.146692999987863,0.6320814373697308,0.992308690598297,0.0077210400651248415,0.6243603973046059,0.00019318641703469582,0.2029019392870231,0.42145845801758286,0.00010281785094924548,0.0002832447684552217,0.00010360925984597325,0.00010211495152971897,0.0005626168128359172,0.00010289554201450848,0.00010006607943681729,0.0013783206533996872,0.00010081559313033157
12,1.9,117,1.0,512,200,600,matched,iqp-parity,13701,124,339,74ad048f48ee8e1f5e13760a1d904dfc827e010c4318a73c29ba6e21b9152cd0,6d2e8203ab09f7481803ba6cac1d0fef11989f0d29cc5ddaeca62054fed6f238,266,365,0.4697278749663383,0.1518155720792802,1.0,-0.0,0.1518155720792802,0.04806425386077751,8.045452987677786e-06,0.1518075266262926,0.016035723929377497,0.043933490217472594,0.016035723929377497,0.01163390850996098,0.06374744389019715,0.01163390850996098,0.007130698871550433,0.09768080645959497,0.007130698871550433
12,1.9,117,1.0,512,200,600,matched,iqp-mse,13701,124,339,74ad048f48ee8e1f5e13760a1d904dfc827e010c4318a73c29ba6e21b9152cd0,6d2e8203ab09f7481803ba6cac1d0fef11989f0d29cc5ddaeca62054fed6f238,266,365,0.37993908300995827,0.10908736360792659,0.9999999999999996,4.440892098500627e-16,0.10908736360792615,0.047338495565358324,1.8709749547880252e-07,0.10908717651043069,0.01769573538459494,0.04848146680710942,0.017695735384594947,0.013779981208111679,0.07550674634581742,0.01377998120811168,0.00882130504581953,0.12083979514821273,0.008821305045819532
12,1.9,117,1.0,512,200,600,matched,ising-parity,30118,124,339,74ad048f48ee8e1f5e13760a1d904dfc827e010c4318a73c29ba6e21b9152cd0,6d2e8203ab09f7481803ba6cac1d0fef11989f0d29cc5ddaeca62054fed6f238,266,365,0.2829893339658156,0.4084924740361803,0.8172227803736017,0.20184354029699933,0.20664893373918095,0.015176039653780388,0.015829984155109153,0.19081894958407175,0.009931617407670094,0.027209910705945462,0.011715254884456306,0.00855715735916218,0.046888533474861264,0.009901400010720271,0.006348780136780077,0.08696959091479557,0.00716979521224826
12,1.9,117,1.0,512,200,600,matched,ising-nll,30121,124,339,74ad048f48ee8e1f5e13760a1d904dfc827e010c4318a73c29ba6e21b9152cd0,6d2e8203ab09f7481803ba6cac1d0fef11989f0d29cc5ddaeca62054fed6f238,266,365,0.12807266705203801,0.7101833480677269,0.8834071104855533,0.12396913085328881,0.586214217214438,0.0020081270654730013,0.09929492479730748,0.4869192924171307,0.0006003783393048141,0.0016448721624789428,0.0006768864133286068,0.0005825543134260955,0.0031920784297320304,0.0006543153040636232,0.0005349696039514391,0.00732835073906081,0.0005949199378314897
12,1.9,117,1.0,512,200,600,matched,transformer,35618,124,339,74ad048f48ee8e1f5e13760a1d904dfc827e010c4318a73c29ba6e21b9152cd0,6d2e8203ab09f7481803ba6cac1d0fef11989f0d29cc5ddaeca62054fed6f238,266,365,3.6557353750104085,0.2591913909993039,0.8757620220914325,0.132660889232357,0.12653050176694688,0.018875755907322107,0.011697561677045804,0.11483294008990119,0.011788400026977588,0.03229698637528106,0.01297980110443907,0.009577682055761311,0.05248044962060992,0.010463358626913749,0.006836835868204581,0.09365528586581617,0.007381679823138776
12,1.9,117,1.0,512,200,600,matched,maxent,36118,124,339,74ad048f48ee8e1f5e13760a1d904dfc827e010c4318a73c29ba6e21b9152cd0,6d2e8203ab09f7481803ba6cac1d0fef11989f0d29cc5ddaeca62054fed6f238,266,365,0.13522691593971103,4.977997374526623,0.9781326899671434,0.02210994333728468,4.955887431189338,4.6620095168635894e-07,0.49698220338395394,4.458905227805385,4.6550105998314993e-07,1.2753453698168492e-06,4.759054175218341e-07,4.6539299937744454e-07,2.5500986267257237e-06,4.757924724358303e-07,4.650690184577382e-07,6.37080847202381e-06,4.7545385184813444e-07
12,1.9,118,1.0,512,200,600,matched,iqp-parity,13702,125,340,6f9b34ce8a78102eba05c5856ec3d95b2e9fb542f5e819ce675784342c20eabe,3672d037714419789c221c8c7564a09d4bd2e60bbf08a0fa3cd13f9a40a45c57,258,364,0.49784912494942546,0.12187335419621619,1.0,-0.0,0.12187335419621619,0.05236511413827366,0.0012684244492138074,0.12060492974700229,0.01453527830338487,0.039932083251057335,0.01453527830338487,0.011057925143424168,0.060757830458374545,0.011057925143424168,0.007036846785594174,0.0966599833186013,0.007036846785594174
12,1.9,118,1.0,512,200,600,matched,iqp-mse,13702,125,340,6f9b34ce8a78102eba05c5856ec3d95b2e9fb542f5e819ce675784342c20eabe,3672d037714419789c221c8c7564a09d4bd2e60bbf08a0fa3cd13f9a40a45c57,258,364,0.4012985830195248,0.09629587564500762,0.9999999999999998,2.2204460492503136e-16,0.0962958756450074,0.0508296768701946,0.000952724093384939,0.09534315155162237,0.017644461927172814,0.04847379650322201,0.017644461927172818,0.013757356862058732,0.07558987286845457,0.013757356862058735,0.008832459960579506,0.12132499945850969,0.008832459960579506
12,1.9,118,1.0,512,200,600,matched,ising-parity,30119,125,340,6f9b34ce8a78102eba05c5856ec3d95b2e9fb542f5e819ce675784342c20eabe,3672d037714419789c221c8c7564a09d4bd2e60bbf08a0fa3cd13f9a40a45c57,258,364,0.2945162079995498,0.4136398179489468,0.8492721899917011,0.16337554335527268,0.25026427459367406,0.013122079020600384,0.015335032785491899,0.23492924180818214,0.00935626849609516,0.025704034329931763,0.010756245595136982,0.008276951742153907,0.04547775682502147,0.009389014267581895,0.006430096513184438,0.08832550155473129,0.0071595069512263255
12,1.9,118,1.0,512,200,600,matched,ising-nll,30122,125,340,6f9b34ce8a78102eba05c5856ec3d95b2e9fb542f5e819ce675784342c20eabe,3672d037714419789c221c8c7564a09d4bd2e60bbf08a0fa3cd13f9a40a45c57,258,364,0.13093266694340855,0.5391160157985452,0.8849554921879728,0.12221792655188315,0.41689808924666205,0.010570934437576354,0.02261648993282283,0.39428159931383927,0.004446147634218703,0.012214691302798635,0.0048074299664807715,0.003319258035462907,0.018237681513532458,0.003526299403171162,0.00195891983425983,0.026908239481591073,0.002041992800090204
12,1.9,118,1.0,512,200,600,matched,transformer,35619,125,340,6f9b34ce8a78102eba05c5856ec3d95b2e9fb542f5e819ce675784342c20eabe,3672d037714419789c221c8c7564a09d4bd2e60bbf08a0fa3cd13f9a40a45c57,258,364,3.949834125000052,0.17093017006543884,0.9522739163960899,0.04890255826951781,0.12202761179592103,0.029604802409118374,0.0016420254836924542,0.12038558631222855,0.014739834273623395,0.04049405020226207,0.015310306772784277,0.012381733618357128,0.06803150339756664,0.012820397458858742,0.009056226288443015,0.12439871275333812,0.009322822768070392
12,1.9,118,1.0,512,200,600,matched,maxent,36119,125,340,6f9b34ce8a78102eba05c5856ec3d95b2e9fb542f5e819ce675784342c20eabe,3672d037714419789c221c8c7564a09d4bd2e60bbf08a0fa3cd13f9a40a45c57,258,364,0.1533335839631036,0.5236468308040279,0.9965574188861317,0.0034485204312032394,0.5201983103728246,0.00015655157656460468,0.1911387133446987,0.32905959702812604,0.00011255487772629135,0.000309216697050251,0.00011294134430113745,0.00011187978386073674,0.0006147240871469052,0.00011226161863981898,0.00010990029556444667,0.0015096194445665752,0.00011026870480070235
12,1.9,119,1.0,512,200,600,matched,iqp-parity,13703,126,341,20170412ca8f22a1be8538a065f65ad3093712b312e8c19730521fc7963b4cda,a56289775eec0ce432a321db146cf9b88569ccab3daaa3aefaeb57ea0050cb73,271,363,0.629111708025448,0.1144660683428885,0.9999999999999999,1.1102230246251565e-16,0.11446606834288839,0.05150907207302703,0.00045854691573251304,0.11400752142715599,0.018558230477330625,0.05112460186592459,0.01855823047733063,0.013383279639902873,0.07373707790580096,0.013383279639902873,0.008150423553963112,0.11226478724467095,0.008150423553963112
12,1.9,119,1.0,512,200,600,matched,iqp-mse,13703,126,341,20170412ca8f22a1be8538a065f65ad3093712b312e8c19730521fc7963b4cda,a56289775eec0ce432a321db146cf9b88569ccab3daaa3aefaeb57ea0050cb73,271,363,0.39107595896348357,0.10561687122649434,1.0,-0.0,0.10561687122649434,0.0496712249390601,0.0002430825566597369,0.10537378866983488,0.019218520947858295,0.0529435838783975,0.019218520947858295,0.014620915458562785,0.08055600803615859,0.014620915458562785,0.009275926145079482,0.1277675777559157,0.009275926145079482
12,1.9,119,1.0,512,200,600,matched,ising-parity,30120,126,341,20170412ca8f22a1be8538a065f65ad3093712b312e8c19730521fc7963b4cda,a56289775eec0ce432a321db146cf9b88569ccab3daaa3aefaeb57ea0050cb73,271,363,0.2893252500798553,0.41398671311945134,0.8239077845108945,0.19369666733662222,0.22029004578282912,0.021872936600064556,0.005446128457349455,0.2148439173254798,0.011826217696314674,0.03257911211105971,0.013642772276520325,0.009746520651063606,0.0536998382978711,0.011131634655284798,0.007048070716179103,0.0970808638592163,0.007884177954213544
12,1.9,119,1.0,512,200,600,matched,ising-nll,30123,126,341,20170412ca8f22a1be8538a065f65ad3093712b312e8c19730521fc7963b4cda,a56289775eec0ce432a321db146cf9b88569ccab3daaa3aefaeb57ea0050cb73,271,363,0.13283412507735193,0.5582773264953277,0.8823300884996057,0.12518904298985592,0.4330882835054718,0.01556711798027902,0.015117864872360772,0.4179704186331112,0.005978753558518942,0.016470395478013614,0.006482221934702668,0.004554039488321927,0.025091126657421088,0.004875404493843994,0.002809424773601243,0.038697310931146596,0.0029473946774360633
12,1.9,119,1.0,512,200,600,matched,transformer,35620,126,341,20170412ca8f22a1be8538a065f65ad3093712b312e8c19730521fc7963b4cda,a56289775eec0ce432a321db146cf9b88569ccab3daaa3aefaeb57ea0050cb73,271,363,4.042910207994282,0.1498316509704226,0.9592832984897582,0.041568837411160145,0.10826281355926244,0.028380712415608838,0.0035608843060664953,0.1047019292531961,0.013864252191365709,0.03819353220761903,0.014276958047367859,0.010871235467658768,0.05989661414688026,0.011140575353618938,0.007068853975232983,0.09736713464508241,0.007209332502500707
12,1.9,119,1.0,512,200,600,matched,maxent,36120,126,341,20170412ca8f22a1be8538a065f65ad3093712b312e8c19730521fc7963b4cda,a56289775eec0ce432a321db146cf9b88569ccab3daaa3aefaeb57ea0050cb73,271,363,0.1488745000679046,0.6496283177590477,0.9937773127876779,0.00624212882507242,0.6433861889339753,0.00011230785352011832,0.22527322709142097,0.41811296184255453,9.960950956943961e-05,0.00027440636245024683,0.00010022558579696272,9.841119341761449e-05,0.0005422104320529724,9.901251981181109e-05,9.500135913436731e-05,0.0013085586657626352,9.556183152118051e-05
12,1.9,120,1.0,512,200,600,matched,iqp-parity,13704,127,342,175b2ce1aec5ad07ff08cc3081c5745cbf027269782f684d1eb6d2ea700f2d60,be8ede604a893ee87034e6fb596cea91ea3be8f191d448807bebae1ef6fbfe79,283,362,0.5075522920815274,0.20039160469922954,0.9999999999999999,1.1102230246251565e-16,0.20039160469922943,0.042454541166118145,9.925705094712429e-05,0.20029234764828238,0.01351351155870602,0.037330142427364696,0.013513511558706021,0.00970066926990074,0.05359485784475547,0.00970066926990074,0.005798997967480016,0.0800966570093925,0.005798997967480017
12,1.9,120,1.0,512,200,600,matched,iqp-mse,13704,127,342,175b2ce1aec5ad07ff08cc3081c5745cbf027269782f684d1eb6d2ea700f2d60,be8ede604a893ee87034e6fb596cea91ea3be8f191d448807bebae1ef6fbfe79,283,362,0.38277287501841784,0.09718289120016674,0.9999999999999999,1.1102230246251565e-16,0.09718289120016663,0.05037843106926803,0.00129517678371582,0.09588771441645083,0.02167280998349478,0.05986964083838337,0.02167280998349478,0.016290569431478687,0.09000314603026899,0.01629056943147869,0.010048712778470916,0.13879437539324468,0.010048712778470918
12,1.9,120,1.0,512,200,600,matched,ising-parity,30121,127,342,175b2ce1aec5ad07ff08cc3081c5745cbf027269782f684d1eb6d2ea700f2d60,be8ede604a893ee87034e6fb596cea91ea3be8f191d448807bebae1ef6fbfe79,283,362,0.32754383399151266,0.40306114010930455,0.8250011379644558,0.1923705132975518,0.21069062681175274,0.01266986738662788,0.013611743226415715,0.19707888358533704,0.007840553523658022,0.021658987634414425,0.009231837608131958,0.006907794148586713,0.0381646085557277,0.007991329352155506,0.005289622936146266,0.07306109027826334,0.005986239445255312
12,1.9,120,1.0,512,200,600,matched,ising-nll,30124,127,342,175b2ce1aec5ad07ff08cc3081c5745cbf027269782f684d1eb6d2ea700f2d60,be8ede604a893ee87034e6fb596cea91ea3be8f191d448807bebae1ef6fbfe79,283,362,0.1486349159386009,0.6161052235651954,0.859205451485872,0.1517472104084287,0.46435801315676667,0.0076288746708522166,0.02903528773889762,0.435322725417869,0.003424819445961379,0.00946082719878834,0.0037753952112631215,0.002547041899202455,0.01407205469172627,0.0027335190483868807,0.001455493668122342,0.020103503703347264,0.001526359970553517
12,1.9,120,1.0,512,200,600,matched,transformer,35621,127,342,175b2ce1aec5ad07ff08cc3081c5745cbf027269782f684d1eb6d2ea700f2d60,be8ede604a893ee87034e6fb596cea91ea3be8f191d448807bebae1ef6fbfe79,283,362,3.788288457901217,0.18403788303599977,0.9304886311393035,0.07204542098704228,0.11199246204895749,0.018583518351536932,0.007707421045697643,0.10428504100325992,0.012840880235725181,0.035472044850069565,0.013605807615182904,0.01090578026008715,0.06025292961374116,0.011483197566553239,0.00800053904448511,0.1105046829348772,0.00835271951398305
12,1.9,120,1.0,512,200,600,matched,maxent,36121,127,342,175b2ce1aec5ad07ff08cc3081c5745cbf027269782f684d1eb6d2ea700f2d60,be8ede604a893ee87034e6fb596cea91ea3be8f191d448807bebae1ef6fbfe79,283,362,0.200328457984142,3.880493764100751,0.9800478360149593,0.020153896248636543,3.8603398678521144,4.878149522308817e-07,0.4085525485952802,3.4517873192568347,4.792025085647371e-07,1.3237638358141909e-06,4.889573017674361e-07,4.791551591362046e-07,2.647266072575716e-06,4.889080050279927e-07,4.790131536910003e-07,6.616203780262435e-06,4.887601603197144e-07
12,1.0,111,1.0,512,200,600,matched,iqp-parity,13695,118,333,95006848098f896272745b2050e41cef31afdf05d5caf8d3fcd3fa30e1d9d571,46ec6552ea8abd2c67a85ebf993bb74a1984e0f557904f8a35ae4eb6d2b596da,273,298,0.6020726250717416,0.3338821761535955,0.9999999999999999,1.1102230246251565e-16,0.3338821761535954,0.39591465525642733,0.0017096153485396531,0.33217256080505553,0.11498772722991868,0.38586485647623714,0.11498772722991871,0.07968092295467305,0.5347712949978057,0.07968092295467305,0.0433114078246557,0.7267014735680487,0.043311407824655715
12,1.0,111,1.0,512,200,600,matched,iqp-mse,13695,118,333,95006848098f896272745b2050e41cef31afdf05d5caf8d3fcd3fa30e1d9d571,46ec6552ea8abd2c67a85ebf993bb74a1984e0f557904f8a35ae4eb6d2b596da,273,298,0.5692723749671131,0.3769201414229346,1.0000000000000002,-2.2204460492503128e-16,0.37692014142293484,0.37974905818017035,0.0003227497632384037,0.3765973916596963,0.11100656346184966,0.372505246516274,0.11100656346184962,0.07662545477887522,0.5142647971736592,0.07662545477887521,0.04150262709474278,0.6963528036030668,0.04150262709474278
12,1.0,111,1.0,512,200,600,matched,ising-parity,30112,118,333,95006848098f896272745b2050e41cef31afdf05d5caf8d3fcd3fa30e1d9d571,46ec6552ea8abd2c67a85ebf993bb74a1984e0f557904f8a35ae4eb6d2b596da,273,298,0.3875912911025807,1.0233749598452204,0.5154295722960649,0.6627546050407309,0.3606203548044895,0.21987674948844896,0.00725424547063689,0.3533661093338524,0.0742500077676967,0.24916109989159968,0.11110726451916614,0.056480269563474635,0.37906221183540023,0.0779322730280209,0.03453105746348161,0.5793801587832486,0.04284377120303313
12,1.0,111,1.0,512,200,600,matched,ising-nll,30115,118,333,95006848098f896272745b2050e41cef31afdf05d5caf8d3fcd3fa30e1d9d571,46ec6552ea8abd2c67a85ebf993bb74a1984e0f557904f8a35ae4eb6d2b596da,273,298,0.14783995796460658,1.0693232579357732,0.5087647607868971,0.6757695288144865,0.3935537291212867,0.2261133786377968,0.01219511949816221,0.3813586096231242,0.0727470976143336,0.2441177772293074,0.10946424218371484,0.05525191334232602,0.37081821035118134,0.07695407925954506,0.03395958625066301,0.5697917156151512,0.04239904967063121
12,1.0,111,1.0,512,200,600,matched,transformer,35612,118,333,95006848098f896272745b2050e41cef31afdf05d5caf8d3fcd3fa30e1d9d571,46ec6552ea8abd2c67a85ebf993bb74a1984e0f557904f8a35ae4eb6d2b596da,273,298,4.5025594579055905,0.7719919477882937,0.6166863878151283,0.4833946698484846,0.2885972779398091,0.17696379350961522,0.01508278709360815,0.27351449084620083,0.07195280411981242,0.24145236281816246,0.10023182071329811,0.057080933431458473,0.3830935129628086,0.0743960155416064,0.03608785165545695,0.6055008667022979,0.04261013518961735
12,1.0,111,1.0,512,200,600,matched,maxent,36112,118,333,95006848098f896272745b2050e41cef31afdf05d5caf8d3fcd3fa30e1d9d571,46ec6552ea8abd2c67a85ebf993bb74a1984e0f557904f8a35ae4eb6d2b596da,273,298,0.13217762496788055,1.646439334699253,0.5903867600277722,0.526977431374543,1.11946190332471,0.12260831306832802,0.06721016824869461,1.0522517350760152,0.04275536832145069,0.14347439034043855,0.06060767867116918,0.03343917597652803,0.22442399984246997,0.044092819560494136,0.020935848638605765,0.35127262816452626,0.0254445223966678
12,1.0,112,1.0,512,200,600,matched,iqp-parity,13696,119,334,336fa5afe747086e01443c1e3c5e63e2c9d05217f7b395174a39b163d1c50eae,b0126d22db14df8032614d0be237f7ba7f8faae015df79310d48a47a7e019709,279,305,0.5709406250389293,0.6583659125685354,1.0,-0.0,0.6583659125685354,0.3019585505223345,0.019929209030960696,0.6384367035375746,0.08999435960360336,0.2950634741101749,0.08999435960360336,0.06185030578127997,0.4055757756149506,0.06185030578127997,0.033556967539954616,0.5501142219664691,0.033556967539954616
12,1.0,112,1.0,512,200,600,matched,iqp-mse,13696,119,334,336fa5afe747086e01443c1e3c5e63e2c9d05217f7b395174a39b163d1c50eae,b0126d22db14df8032614d0be237f7ba7f8faae015df79310d48a47a7e019709,279,305,0.4130525829968974,0.5942104539664852,1.0000000000000002,-2.2204460492503128e-16,0.5942104539664854,0.3187356742798525,0.013217261737515418,0.5809931922289698,0.08844527357698052,0.2899845035310837,0.08844527357698052,0.06131341285691367,0.4020551662748438,0.06131341285691366,0.033966951877146906,0.5568352766745394,0.033966951877146906
12,1.0,112,1.0,512,200,600,matched,ising-parity,30113,119,334,336fa5afe747086e01443c1e3c5e63e2c9d05217f7b395174a39b163d1c50eae,b0126d22db14df8032614d0be237f7ba7f8faae015df79310d48a47a7e019709,279,305,0.29373433301225305,1.1484662732257667,0.5287982795300858,0.6371482439860996,0.5113180292396671,0.18799517178870545,0.0035071848450416512,0.5078108443946254,0.06905509488480922,0.22641014716330893,0.10262635746845043,0.052946245185828966,0.34718849302182925,0.07247504565301595,0.03242153123225103,0.5315005120041152,0.0397214463862
12,1.0,112,1.0,512,200,600,matched,ising-nll,30116,119,334,336fa5afe747086e01443c1e3c5e63e2c9d05217f7b395174a39b163d1c50eae,b0126d22db14df8032614d0be237f7ba7f8faae015df79310d48a47a7e019709,279,305,0.13075574999675155,1.1350225208450826,0.5222245002185756,0.6496577065090439,0.48536481433603873,0.18565280023007802,0.0035089751023123575,0.4818558392337261,0.06369410846207507,0.2088331424986068,0.0936998828684609,0.04795165792809864,0.31443710116785994,0.06563381402206761,0.029342161375047,0.4810190389351967,0.037011544591174304
12,1.0,112,1.0,512,200,600,matched,transformer,35613,119,334,336fa5afe747086e01443c1e3c5e63e2c9d05217f7b395174a39b163d1c50eae,b0126d22db14df8032614d0be237f7ba7f8faae015df79310d48a47a7e019709,279,305,4.278392834006809,0.7652828028191205,0.6356668305786315,0.4530807041914999,0.31220209862762066,0.1828231217187209,0.02691369421584068,0.28528840441177983,0.07599134148359345,0.2491519392904703,0.10214616924088842,0.05886482090187073,0.38599882558603754,0.0747560706965666,0.036607563058052496,0.6001239845582376,0.04273725951777681
12,1.0,112,1.0,512,200,600,matched,maxent,36113,119,334,336fa5afe747086e01443c1e3c5e63e2c9d05217f7b395174a39b163d1c50eae,b0126d22db14df8032614d0be237f7ba7f8faae015df79310d48a47a7e019709,279,305,0.15569525002501905,2.9665062956750687,0.5941736992312125,0.5205835794185798,2.445922716256489,0.09312096707917847,0.16539227418314234,2.280530442073346,0.027449690813278728,0.089998986273045,0.037995905569858504,0.02094653795192392,0.13735434722573062,0.027363648212767565,0.013071414224803684,0.21428547909514237,0.016017801234731774
12,1.0,113,1.0,512,200,600,matched,iqp-parity,13697,120,335,286ec525a1d3374ab3760305350d177d4c5ef5e7dd439f948c247614a06da048,494a09d0cb32c8fd575150abd91ad12074451b075c550159cd5a0edda3ce9c1b,296,310,0.5631067500216886,0.40970332871129367,1.0,-0.0,0.40970332871129367,0.4530708278316439,0.008045106299958665,0.40165822241133475,0.11429278018748854,0.3686863877015759,0.11429278018748854,0.07854034965440843,0.5067119332542479,0.07854034965440843,0.04269397174054917,0.6886124474282125,0.04269397174054917
12,1.0,113,1.0,512,200,600,matched,iqp-mse,13697,120,335,286ec525a1d3374ab3760305350d177d4c5ef5e7dd439f948c247614a06da048,494a09d0cb32c8fd575150abd91ad12074451b075c550159cd5a0edda3ce9c1b,296,310,0.5233475000131875,0.49376979787907727,0.9999999999999999,1.1102230246251565e-16,0.49376979787907715,0.4035973467286276,0.0003706162229397403,0.49339918165613716,0.10402888268563557,0.33557704092140506,0.10402888268563558,0.07100551652263291,0.45810010659763173,0.07100551652263291,0.03870995158219414,0.6243540577773248,0.03870995158219415
12,1.0,113,1.0,512,200,600,matched,ising-parity,30114,120,335,286ec525a1d3374ab3760305350d177d4c5ef5e7dd439f948c247614a06da048,494a09d0cb32c8fd575150abd91ad12074451b075c550159cd5a0edda3ce9c1b,296,310,0.3047554169315845,1.0684739886035068,0.5256127131564375,0.6431906242114932,0.42528336439201364,0.21202555053698874,0.00035907838159328007,0.4249242860104203,0.07756002292872904,0.25019362235073883,0.11577477691511363,0.05949738565915483,0.38385410102680534,0.08095668391838906,0.035985334735200276,0.5804086247612947,0.04383259598733586
12,1.0,113,1.0,512,200,600,matched,ising-nll,30117,120,335,286ec525a1d3374ab3760305350d177d4c5ef5e7dd439f948c247614a06da048,494a09d0cb32c8fd575150abd91ad12074451b075c550159cd5a0edda3ce9c1b,296,310,0.13892358297016472,1.0829009570737345,0.5176201698374953,0.6585135685533359,0.4243873885203986,0.21689740387965176,0.0017111680963369721,0.42267622042406144,0.07565378922154758,0.24404448135983092,0.1137303072837531,0.057950325465666655,0.37387306752043004,0.07944286361640715,0.03515393104524486,0.5669988878265301,0.0433696321818829
12,1.0,113,1.0,512,200,600,matched,transformer,35614,120,335,286ec525a1d3374ab3760305350d177d4c5ef5e7dd439f948c247614a06da048,494a09d0cb32c8fd575150abd91ad12074451b075c550159cd5a0edda3ce9c1b,296,310,4.002076792065054,0.7759486693330534,0.6444880415896171,0.43929901132954463,0.33664965800350877,0.1868102077976596,0.023129785395817268,0.3135198726076914,0.07154332180066764,0.23078490903441173,0.09808748109087628,0.057857414164236357,0.37327363976926686,0.07456648558003912,0.03741486586896073,0.6034655785316246,0.044078888847368866
12,1.0,113,1.0,512,200,600,matched,maxent,36114,120,335,286ec525a1d3374ab3760305350d177d4c5ef5e7dd439f948c247614a06da048,494a09d0cb32c8fd575150abd91ad12074451b075c550159cd5a0edda3ce9c1b,296,310,0.16387187491636723,2.6053753931498034,0.6531201096865172,0.4259942314183065,2.179381161731497,0.1065914247380046,0.1472281649303376,2.0321529968011594,0.0328192255317781,0.10586846945734872,0.04352648192942272,0.02556787400642993,0.16495402584793503,0.03223012648824171,0.016209842991036425,0.2614490805005875,0.019193077868196504
12,1.0,114,1.0,512,200,600,matched,iqp-parity,13698,121,336,28bf39fc49e399f40c0a94c3d41f184d06fed14ebb96bfaf55b2fe8db87a20ee,9fc9306ab4737b5804dc59a07264243c6abc622ca16efa0cd4d6bddf38b05e36,269,295,0.5343784589786083,0.4338124842576123,1.0000000000000002,-2.2204460492503128e-16,0.43381248425761254,0.3599393110627338,5.813624489859476e-05,0.43375434801271373,0.10428650104781782,0.35351356287395874,0.10428650104781782,0.07138270372333085,0.4839505337174973,0.07138270372333085,0.03838843937272306,0.6506515147919163,0.03838843937272306
12,1.0,114,1.0,512,200,600,matched,iqp-mse,13698,121,336,28bf39fc49e399f40c0a94c3d41f184d06fed14ebb96bfaf55b2fe8db87a20ee,9fc9306ab4737b5804dc59a07264243c6abc622ca16efa0cd4d6bddf38b05e36,269,295,0.41606416704598814,0.4328993410518681,1.0,-0.0,0.4328993410518681,0.3655622407725461,0.0002522124427656279,0.4326471286091024,0.1022377153514189,0.34656852661497933,0.1022377153514189,0.0716655765921839,0.48586831587921286,0.0716655765921839,0.039302815804668746,0.6661494204181143,0.039302815804668746
12,1.0,114,1.0,512,200,600,matched,ising-parity,30115,121,336,28bf39fc49e399f40c0a94c3d41f184d06fed14ebb96bfaf55b2fe8db87a20ee,9fc9306ab4737b5804dc59a07264243c6abc622ca16efa0cd4d6bddf38b05e36,269,295,0.31654712499585,0.9961551994995664,0.5157893462378915,0.6620568405797469,0.33409835891981954,0.19899150857263342,0.0020538093061776876,0.3320445496136416,0.0766601221882842,0.25986482097723457,0.11592058155710766,0.058969647654860166,0.3997942213888825,0.0816037720038399,0.03614061844068794,0.6125528549269142,0.04452506005793083
12,1.0,114,1.0,512,200,600,matched,ising-nll,30118,121,336,28bf39fc49e399f40c0a94c3d41f184d06fed14ebb96bfaf55b2fe8db87a20ee,9fc9306ab4737b5804dc59a07264243c6abc622ca16efa0cd4d6bddf38b05e36,269,295,0.13138762500602752,1.1118164936748003,0.5144721623233353,0.6646138314432871,0.44720266223151317,0.1919295224452541,0.0007202460906698335,0.44648241614084316,0.07210305491355677,0.24441713530019246,0.10975628827117495,0.05576706139922958,0.3780817721981667,0.07771456103875311,0.0344579176002898,0.5840325016998271,0.042699880147234116
12,1.0,114,1.0,512,200,600,matched,transformer,35615,121,336,28bf39fc49e399f40c0a94c3d41f184d06fed14ebb96bfaf55b2fe8db87a20ee,9fc9306ab4737b5804dc59a07264243c6abc622ca16efa0cd4d6bddf38b05e36,269,295,4.5565249170176685,0.7441033730365532,0.6189826816977048,0.47967798456016514,0.264425388476388,0.16062691059967826,0.022079787149574828,0.24234560132681293,0.07065133662771654,0.23949605636514085,0.09729107809192826,0.055339222572163144,0.37518116998076706,0.071530879650186,0.03467057651139057,0.5876368900235689,0.04096902231723285
12,1.0,114,1.0,512,200,600,matched,maxent,36115,121,336,28bf39fc49e399f40c0a94c3d41f184d06fed14ebb96bfaf55b2fe8db87a20ee,9fc9306ab4737b5804dc59a07264243c6abc622ca16efa0cd4d6bddf38b05e36,269,295,0.2209147090325132,3.1690236221427788,0.6323513133308064,0.45831016375341965,2.710713458389359,0.07395455028522913,0.19123439214261234,2.5194790662467463,0.029913203943538812,0.10140069133402986,0.04048457918121237,0.02322568267158544,0.15746225540057926,0.029377393133163166,0.014276651599083656,0.2419771457471806,0.016798386874486412
12,1.0,115,1.0,512,200,600,matched,iqp-parity,13699,122,337,f5294b948f1e44ce7b6fc077d480f306644794e07010feb0dad42fd86f993d66,fae9b80b4b9bbecd172da441f7a298732dc4ec9c5fd56650a16ee48bf4f2164a,279,310,0.5167408749694005,0.506642795910305,1.0,-0.0,0.506642795910305,0.35788013787335227,0.0013835333606852553,0.5052592625496196,0.09611163220344493,0.31003752323691913,0.09611163220344493,0.0662524305888644,0.4274350360571897,0.0662524305888644,0.03703887719786645,0.5974012451268783,0.03703887719786645
12,1.0,115,1.0,512,200,600,matched,iqp-mse,13699,122,337,f5294b948f1e44ce7b6fc077d480f306644794e07010feb0dad42fd86f993d66,fae9b80b4b9bbecd172da441f7a298732dc4ec9c5fd56650a16ee48bf4f2164a,279,310,0.39942054206039757,0.5430917840927656,1.0,-0.0,0.5430917840927656,0.36538561742932474,0.0006814411045069739,0.5424103429882586,0.09964736772124243,0.3214431216814272,0.09964736772124243,0.06977654328928642,0.4501712470276543,0.06977654328928642,0.03860152830014877,0.6226052951636899,0.03860152830014877
12,1.0,115,1.0,512,200,600,matched,ising-parity,30116,122,337,f5294b948f1e44ce7b6fc077d480f306644794e07010feb0dad42fd86f993d66,fae9b80b4b9bbecd172da441f7a298732dc4ec9c5fd56650a16ee48bf4f2164a,279,310,0.29351450002286583,1.1365302612562216,0.5258649790354092,0.6427107930449643,0.49381946821125733,0.17546512274766565,0.005399648034190664,0.4884198201770664,0.06494561880626115,0.2095019961492295,0.09742096910535253,0.05012124373267682,0.3233628627914633,0.06936002925548479,0.03114878853610199,0.5023998150984191,0.0388743839575245
12,1.0,115,1.0,512,200,600,matched,ising-nll,30119,122,337,f5294b948f1e44ce7b6fc077d480f306644794e07010feb0dad42fd86f993d66,fae9b80b4b9bbecd172da441f7a298732dc4ec9c5fd56650a16ee48bf4f2164a,279,310,0.13010491605382413,1.1420261940529388,0.5188627938803925,0.6561157970862734,0.4859103969666654,0.18818350487406105,0.0009053029232008597,0.48500509404346415,0.07049142885645054,0.22739170598855013,0.10530341530850129,0.05372446273431127,0.34660943699555663,0.07369377557347971,0.03268295368986935,0.5271444143527314,0.040386699124741465
12,1.0,115,1.0,512,200,600,matched,transformer,35616,122,337,f5294b948f1e44ce7b6fc077d480f306644794e07010feb0dad42fd86f993d66,fae9b80b4b9bbecd172da441f7a298732dc4ec9c5fd56650a16ee48bf4f2164a,279,310,4.739897917024791,0.7794101437964349,0.7264298620478071,0.3196133428927203,0.4597968009037146,0.16470360232027786,0.06167010697564884,0.39812669392806554,0.06366316723392,0.20536505559329035,0.07903573834235748,0.049929390344453685,0.3221250989964754,0.059887448943874065,0.031964839434445474,0.5155619263620238,0.03625843641864254
12,1.0,115,1.0,512,200,600,matched,maxent,36116,122,337,f5294b948f1e44ce7b6fc077d480f306644794e07010feb0dad42fd86f993d66,fae9b80b4b9bbecd172da441f7a298732dc4ec9c5fd56650a16ee48bf4f2164a,279,310,0.17371366603765637,4.334657414901492,0.6986477290466055,0.3586086279488961,3.9760487869525956,0.03765705969696793,0.4878018589318409,3.4882469280207546,0.015110077316499075,0.0487421848919325,0.019676660211327655,0.012359446219023691,0.07973836270337865,0.015427004260678733,0.008268527879801079,0.13336335290001738,0.009665101209434656
12,1.0,116,1.0,512,200,600,matched,iqp-parity,13700,123,338,9ddc09144857bfad402fe41e13d735e1ea650d91131e9dc0b8b3d2fc51e2a4d8,67eaeaae05cc33550f061649f99bb92951375c55491458d36e2f1c224114a8b1,273,300,0.5980790000176057,0.4457664684749726,1.0,-0.0,0.4457664684749726,0.32928346222329596,0.002008609164001012,0.44375785931097167,0.09617940649421464,0.3205980216473821,0.09617940649421464,0.06671739904085482,0.44478266027236546,0.06671739904085482,0.03689658285699377,0.6149430476165629,0.03689658285699377
12,1.0,116,1.0,512,200,600,matched,iqp-mse,13700,123,338,9ddc09144857bfad402fe41e13d735e1ea650d91131e9dc0b8b3d2fc51e2a4d8,67eaeaae05cc33550f061649f99bb92951375c55491458d36e2f1c224114a8b1,273,300,0.47252529102843255,0.39188312876641085,1.0,-0.0,0.39188312876641085,0.3390919431149447,0.0009015713212769394,0.3909815574451339,0.1007968572526471,0.33598952417549033,0.1007968572526471,0.07015383344067058,0.4676922229378039,0.07015383344067058,0.03883151433732262,0.6471919056220437,0.03883151433732262
12,1.0,116,1.0,512,200,600,matched,ising-parity,30117,123,338,9ddc09144857bfad402fe41e13d735e1ea650d91131e9dc0b8b3d2fc51e2a4d8,67eaeaae05cc33550f061649f99bb92951375c55491458d36e2f1c224114a8b1,273,300,0.30703279201406986,1.1536100435068428,0.5288656817012978,0.6370207891918099,0.5165892543150329,0.16064178485390834,0.007070304995314962,0.5095189493197179,0.06315876892859468,0.21052922976198227,0.0948748777468791,0.04897268775512872,0.3264845850341915,0.06729626023353685,0.030187028620279728,0.5031171436713288,0.0373512018015515
12,1.0,116,1.0,512,200,600,matched,ising-nll,30120,123,338,9ddc09144857bfad402fe41e13d735e1ea650d91131e9dc0b8b3d2fc51e2a4d8,67eaeaae05cc33550f061649f99bb92951375c55491458d36e2f1c224114a8b1,273,300,0.13072799996007234,1.2535522196203348,0.5174989760507762,0.6587477324904135,0.5948044871299213,0.17617797962581055,0.000784154592885767,0.5940203325370356,0.06892625803145001,0.22975419343816672,0.10299480663354503,0.05246110052952125,0.3497406701968083,0.07176115202384883,0.031747638403272944,0.5291273067212158,0.039130936795393374
12,1.0,116,1.0,512,200,600,matched,transformer,35617,123,338,9ddc09144857bfad402fe41e13d735e1ea650d91131e9dc0b8b3d2fc51e2a4d8,67eaeaae05cc33550f061649f99bb92951375c55491458d36e2f1c224114a8b1,273,300,3.9712224169634283,0.8212793811901916,0.5864246173963563,0.5337111487377225,0.2875682324524691,0.17452984754927509,0.008779287109284002,0.2787889453431852,0.08700845478249443,0.29002818260831476,0.12106222098215629,0.06607063232224969,0.4404708821483313,0.08523657004770814,0.03942161014917979,0.6570268358196631,0.04589955034478228
12,1.0,116,1.0,512,200,600,matched,maxent,36117,123,338,9ddc09144857bfad402fe41e13d735e1ea650d91131e9dc0b8b3d2fc51e2a4d8,67eaeaae05cc33550f061649f99bb92951375c55491458d36e2f1c224114a8b1,273,300,0.11894962494261563,4.538019273381184,0.6918795872126523,0.36834334542356023,4.169675927957623,0.04643956186886393,0.36203867321503747,3.8076372547425863,0.018666087478093795,0.06222029159364599,0.023849434304903397,0.014514385220008233,0.09676256813338822,0.017734095044872673,0.00914516874821098,0.15241947913684964,0.010555632350116946
12,1.0,117,1.0,512,200,600,matched,iqp-parity,13701,124,339,158d7bff9b217438598327521892f7cdb70869182542a908e1c4a9c2df923705,6d2e8203ab09f7481803ba6cac1d0fef11989f0d29cc5ddaeca62054fed6f238,266,309,0.5073215840384364,0.4941009367077369,0.9999999999999999,1.1102230246251565e-16,0.4941009367077368,0.32069339388111784,0.003359112786489385,0.4907418239212473,0.09709840567594477,0.3142343225758731,0.0970984056759448,0.0675928997513925,0.437494496772767,0.0675928997513925,0.037904758913250944,0.613345613483025,0.037904758913250944
12,1.0,117,1.0,512,200,600,matched,iqp-mse,13701,124,339,158d7bff9b217438598327521892f7cdb70869182542a908e1c4a9c2df923705,6d2e8203ab09f7481803ba6cac1d0fef11989f0d29cc5ddaeca62054fed6f238,266,309,0.4109096659813076,0.4593351464835348,0.9999999999999999,1.1102230246251565e-16,0.4593351464835347,0.34821265369014376,0.0002708803579039784,0.45906426612563056,0.10183623015671227,0.3295670878858002,0.10183623015671228,0.07214113210114899,0.46693289385856945,0.072141132101149,0.04059191922439853,0.6568271719158338,0.04059191922439853
12,1.0,117,1.0,512,200,600,matched,ising-parity,30118,124,339,158d7bff9b217438598327521892f7cdb70869182542a908e1c4a9c2df923705,6d2e8203ab09f7481803ba6cac1d0fef11989f0d29cc5ddaeca62054fed6f238,266,309,0.3048896669643,1.1335398789214477,0.5262906761453343,0.6419016026346719,0.4916382762867758,0.18430028928003056,0.00018287449836443953,0.4914554017884111,0.06780643333383134,0.2194382955787422,0.10249368793678142,0.05279096756273236,0.34168911043839717,0.0736113825189085,0.03316736419631253,0.5366887410406559,0.04159623576250685
12,1.0,117,1.0,512,200,600,matched,ising-nll,30121,124,339,158d7bff9b217438598327521892f7cdb70869182542a908e1c4a9c2df923705,6d2e8203ab09f7481803ba6cac1d0fef11989f0d29cc5ddaeca62054fed6f238,266,309,0.1263590829912573,1.1721549184802247,0.5196654003731909,0.6545701353372142,0.5175847831430105,0.17631117698610824,0.0008884330825124041,0.516696350060498,0.0600155841426616,0.19422519140019937,0.09002433880182925,0.04599620398853387,0.2977100581782128,0.06422840592490425,0.028831902146440224,0.46653563343754406,0.03677737541264371
12,1.0,117,1.0,512,200,600,matched,transformer,35618,124,339,158d7bff9b217438598327521892f7cdb70869182542a908e1c4a9c2df923705,6d2e8203ab09f7481803ba6cac1d0fef11989f0d29cc5ddaeca62054fed6f238,266,309,3.736569582950324,0.767001307698899,0.6564424726769192,0.4209202163797432,0.34608109131915576,0.14817647610867357,0.045707727463619924,0.3003733638555357,0.06327241611974901,0.20476510071116186,0.08498473464023171,0.05065330507445185,0.3278531072780055,0.0648639297630157,0.03332486511371531,0.5392372995746814,0.039738717000173514
12,1.0,117,1.0,512,200,600,matched,maxent,36118,124,339,158d7bff9b217438598327521892f7cdb70869182542a908e1c4a9c2df923705,6d2e8203ab09f7481803ba6cac1d0fef11989f0d29cc5ddaeca62054fed6f238,266,309,0.11715470906347036,3.739765494860865,0.6243003800800317,0.471123648104706,3.268641846756159,0.04564040381716986,0.3355513628853014,2.933090483870857,0.017343759935785272,0.05612867293134392,0.024519696845793384,0.014238038323913208,0.09215558785704342,0.0189649558315492,0.009559534494003877,0.15468502417482002,0.011734709358378373
12,1.0,118,1.0,512,200,600,matched,iqp-parity,13702,125,340,d46acc31a3dbf44472d58c271d5d81939bfc279cde01de91631d75c710619bfa,3672d037714419789c221c8c7564a09d4bd2e60bbf08a0fa3cd13f9a40a45c57,258,292,0.5000748330494389,0.41174684763708025,0.9999999999999999,1.1102230246251565e-16,0.41174684763708014,0.3410451377385306,1.8158744957085763e-09,0.41174684582120546,0.0996167859101725,0.3411533764047004,0.09961678591017252,0.06896255584468793,0.4723462729088214,0.06896255584468794,0.0380457081487389,0.6514676052866251,0.0380457081487389
12,1.0,118,1.0,512,200,600,matched,iqp-mse,13702,125,340,d46acc31a3dbf44472d58c271d5d81939bfc279cde01de91631d75c710619bfa,3672d037714419789c221c8c7564a09d4bd2e60bbf08a0fa3cd13f9a40a45c57,258,292,0.3562204160261899,0.4361578782559952,1.0,-0.0,0.4361578782559952,0.3542985358232573,0.00038780500213786255,0.4357700732538572,0.10092621227802291,0.34563771328090037,0.10092621227802291,0.07041903425870902,0.48232215245691107,0.07041903425870902,0.038805710790946885,0.6644813491600493,0.038805710790946885
12,1.0,118,1.0,512,200,600,matched,ising-parity,30119,125,340,d46acc31a3dbf44472d58c271d5d81939bfc279cde01de91631d75c710619bfa,3672d037714419789c221c8c7564a09d4bd2e60bbf08a0fa3cd13f9a40a45c57,258,292,0.25425237498711795,0.9749590862471985,0.5214142831846628,0.6512103839479636,0.3237487022992349,0.180623409627083,6.441163846947554e-05,0.32368429066076526,0.07261274277987143,0.2486737766433953,0.10908140876456066,0.05581941747761874,0.38232477724396396,0.07667758808619515,0.03412072509620662,0.584258991373401,0.04217700125747296
12,1.0,118,1.0,512,200,600,matched,ising-nll,30122,125,340,d46acc31a3dbf44472d58c271d5d81939bfc279cde01de91631d75c710619bfa,3672d037714419789c221c8c7564a09d4bd2e60bbf08a0fa3cd13f9a40a45c57,258,292,0.12146229110658169,1.1283041077502232,0.5196150879244608,0.6546669570313304,0.4736371507188928,0.15402030857176535,0.004644036836726387,0.46899311388216647,0.06513930253590135,0.22307980320514162,0.09992766382897561,0.05108940169142466,0.3499274088453744,0.07118953344826441,0.03170001354238106,0.5428084510681689,0.039255393718257904
12,1.0,118,1.0,512,200,600,matched,transformer,35619,125,340,d46acc31a3dbf44472d58c271d5d81939bfc279cde01de91631d75c710619bfa,3672d037714419789c221c8c7564a09d4bd2e60bbf08a0fa3cd13f9a40a45c57,258,292,3.730952375102788,0.7293116012187564,0.7157936502843284,0.3343633514854104,0.39494824973334597,0.15677597335969762,0.03905929846280412,0.3558889512705415,0.06715478687349005,0.22998214682702073,0.08441605988615264,0.05265694705798047,0.3606640209450717,0.06322410298208757,0.03294047869210231,0.5640492926729846,0.03720327741349869
12,1.0,118,1.0,512,200,600,matched,maxent,36119,125,340,d46acc31a3dbf44472d58c271d5d81939bfc279cde01de91631d75c710619bfa,3672d037714419789c221c8c7564a09d4bd2e60bbf08a0fa3cd13f9a40a45c57,258,292,0.12797658401541412,2.5300287187938157,0.6077258087354118,0.4980314712092908,2.031997247584525,0.0824404971308683,0.13559135492076885,1.896405892663756,0.031240213891065887,0.10698703387351331,0.04320977824072229,0.02422790390367831,0.16594454728546787,0.0315047691054124,0.015234397402267095,0.26086296921690233,0.018473952828497075
12,1.0,119,1.0,512,200,600,matched,iqp-parity,13703,126,341,0b4d644403bc7e073f9235d84c179932e81ea7deb5cae59a5ab261fbe3801568,a56289775eec0ce432a321db146cf9b88569ccab3daaa3aefaeb57ea0050cb73,271,300,0.45726479205768555,0.44880249222899427,1.0,-0.0,0.44880249222899427,0.37158348461078183,0.00023636119719242128,0.44856613103180165,0.09923207756065826,0.33077359186886085,0.09923207756065826,0.06856566802940012,0.4571044535293341,0.06856566802940012,0.037809402412012645,0.6301567068668774,0.037809402412012645
12,1.0,119,1.0,512,200,600,matched,iqp-mse,13703,126,341,0b4d644403bc7e073f9235d84c179932e81ea7deb5cae59a5ab261fbe3801568,a56289775eec0ce432a321db146cf9b88569ccab3daaa3aefaeb57ea0050cb73,271,300,0.36604287498630583,0.48791628126335773,1.0,-0.0,0.48791628126335773,0.38173923633305396,0.0009092075617276214,0.4870070737016298,0.09842307133135793,0.32807690443785975,0.09842307133135793,0.06824291622243671,0.4549527748162447,0.06824291622243671,0.037684334781805745,0.6280722463634291,0.037684334781805745
12,1.0,119,1.0,512,200,600,matched,ising-parity,30120,126,341,0b4d644403bc7e073f9235d84c179932e81ea7deb5cae59a5ab261fbe3801568,a56289775eec0ce432a321db146cf9b88569ccab3daaa3aefaeb57ea0050cb73,271,300,0.28312641696538776,1.1432362410127261,0.527756904710542,0.6391195090412499,0.5041167319714762,0.16923834842898147,0.003674256748422554,0.5004424752230534,0.06558783362410253,0.21862611208034177,0.09709153058336564,0.050019169922313055,0.33346113281542034,0.06858109860118777,0.0307422139964968,0.5123702332749467,0.038056199000108884
12,1.0,119,1.0,512,200,600,matched,ising-nll,30123,126,341,0b4d644403bc7e073f9235d84c179932e81ea7deb5cae59a5ab261fbe3801568,a56289775eec0ce432a321db146cf9b88569ccab3daaa3aefaeb57ea0050cb73,271,300,0.11540895898360759,1.1686431771321804,0.5220682581571591,0.6499569368950237,0.5186862402371567,0.16812772983577134,0.003425190309177789,0.5152610499279788,0.061008719906030184,0.20336239968676728,0.0900422942151066,0.046071233663968814,0.30714155775979207,0.06274359765139212,0.02790435783908605,0.46507263065143417,0.03466002839885241
12,1.0,119,1.0,512,200,600,matched,transformer,35620,126,341,0b4d644403bc7e073f9235d84c179932e81ea7deb5cae59a5ab261fbe3801568,a56289775eec0ce432a321db146cf9b88569ccab3daaa3aefaeb57ea0050cb73,271,300,3.6522628749953583,0.7564439586501808,0.6577815948672312,0.41888232544952747,0.3375616332006533,0.13851890992829938,0.05957152228540691,0.27799011091524617,0.06693497261434402,0.22311657538114674,0.08880102857888289,0.052475706676614026,0.34983804451076017,0.06585182447128657,0.03301635679811532,0.550272613301922,0.03855913906455148
12,1.0,119,1.0,512,200,600,matched,maxent,36120,126,341,0b4d644403bc7e073f9235d84c179932e81ea7deb5cae59a5ab261fbe3801568,a56289775eec0ce432a321db146cf9b88569ccab3daaa3aefaeb57ea0050cb73,271,300,0.12409200007095933,4.252496969757798,0.6430599824104762,0.4415172738535171,3.8109796959042814,0.052499145699503966,0.30507424923402304,3.5059054466702575,0.018911759375688262,0.06303919791896087,0.024776050413036814,0.014219726076662699,0.094798173844418,0.01763136846500514,0.0086050602501127,0.14341767083521167,0.010130316353635671
12,1.0,120,1.0,512,200,600,matched,iqp-parity,13704,127,342,cf8eb0a7101869ead3f1343787f5f4ac5bdec1bdeb103418e10c0d43d5d9cf4b,be8ede604a893ee87034e6fb596cea91ea3be8f191d448807bebae1ef6fbfe79,283,299,0.4370571249164641,0.44111675133644945,1.0,-0.0,0.44111675133644945,0.36816183085566345,3.389498409361955e-05,0.4410828563523557,0.10649884068093021,0.356183413648596,0.10649884068093021,0.07270371479841536,0.48631247356799573,0.07270371479841536,0.03925049462991726,0.6563627864534659,0.03925049462991726
12,1.0,120,1.0,512,200,600,matched,iqp-mse,13704,127,342,cf8eb0a7101869ead3f1343787f5f4ac5bdec1bdeb103418e10c0d43d5d9cf4b,be8ede604a893ee87034e6fb596cea91ea3be8f191d448807bebae1ef6fbfe79,283,299,0.3353417080361396,0.4406229055940622,1.0,-0.0,0.4406229055940622,0.3771787792081059,5.4225123607775684e-05,0.4405686804704543,0.1038703891604884,0.3473926058879211,0.1038703891604884,0.07212317329747703,0.4824292528259333,0.07212317329747703,0.039624215503166325,0.6626122993840523,0.039624215503166325
12,1.0,120,1.0,512,200,600,matched,ising-parity,30121,127,342,cf8eb0a7101869ead3f1343787f5f4ac5bdec1bdeb103418e10c0d43d5d9cf4b,be8ede604a893ee87034e6fb596cea91ea3be8f191d448807bebae1ef6fbfe79,283,299,0.24216729192994535,1.0740510575076188,0.5226521721410977,0.6488390989973288,0.4252119585102899,0.20296536868511528,0.0005554675139603747,0.42465649099632935,0.07665731971429436,0.2563789956999811,0.11248348780422933,0.0575610384852273,0.38502366879750705,0.07760925868972417,0.0343327832563785,0.5741268103073328,0.04174713592800431
12,1.0,120,1.0,512,200,600,matched,ising-nll,30124,127,342,cf8eb0a7101869ead3f1343787f5f4ac5bdec1bdeb103418e10c0d43d5d9cf4b,be8ede604a893ee87034e6fb596cea91ea3be8f191d448807bebae1ef6fbfe79,283,299,0.10957916604820639,1.0667582594329414,0.5187438733062917,0.656345018000869,0.4104132414320725,0.19681601573313406,0.00011261169647114669,0.410300629735601,0.07019165400730473,0.23475469567660445,0.1049809708318356,0.05356057563926017,0.35826471999505133,0.07386329653159215,0.03286285568166087,0.5495460816331249,0.04089022513869277
12,1.0,120,1.0,512,200,600,matched,transformer,35621,127,342,cf8eb0a7101869ead3f1343787f5f4ac5bdec1bdeb103418e10c0d43d5d9cf4b,be8ede604a893ee87034e6fb596cea91ea3be8f191d448807bebae1ef6fbfe79,283,299,3.5276519579347223,0.7114719648062882,0.6608446070315986,0.41423655446593055,0.2972354103403576,0.17491507168813894,0.02760712298259345,0.2696282873577639,0.07469935870685157,0.24983063112659387,0.09887993245300478,0.058697144699354,0.3926230414672508,0.07361240836297205,0.03685440339351701,0.616294371129047,0.04255155622914833
12,1.0,120,1.0,512,200,600,matched,maxent,36121,127,342,cf8eb0a7101869ead3f1343787f5f4ac5bdec1bdeb103418e10c0d43d5d9cf4b,be8ede604a893ee87034e6fb596cea91ea3be8f191d448807bebae1ef6fbfe79,283,299,0.14840850001201034,2.4141842099079365,0.6461696651666959,0.43669317010634245,1.9774910398015941,0.09154198248965642,0.16308489611821356,1.8144061436833803,0.030464888235934802,0.10188925831416322,0.04045589396007098,0.023475659746181637,0.15702782438917484,0.029413071828451567,0.014533346160622747,0.2430325444920192,0.017136649414652795
12,2.0,111,1.0,512,200,600,matched,iqp-parity,13695,118,333,9463b72cd4a383614e100ba9ef34fd654f53cf0688d63b9fa4e68e5f2c7dbe57,46ec6552ea8abd2c67a85ebf993bb74a1984e0f557904f8a35ae4eb6d2b596da,273,366,0.5226977079873905,0.12977889859035963,1.0,-0.0,0.12977889859035963,0.02886143500180146,5.2840913966347445e-05,0.12972605767639328,0.011249259325630643,0.030735681217570063,0.011249259325630643,0.00862373477098392,0.0471242337212236,0.00862373477098392,0.005468666215393703,0.07470855485510523,0.005468666215393703
12,2.0,111,1.0,512,200,600,matched,iqp-mse,13695,118,333,9463b72cd4a383614e100ba9ef34fd654f53cf0688d63b9fa4e68e5f2c7dbe57,46ec6552ea8abd2c67a85ebf993bb74a1984e0f557904f8a35ae4eb6d2b596da,273,366,0.40436708403285593,0.07911345986813986,0.9999999999999999,1.1102230246251565e-16,0.07911345986813975,0.028546946521635717,7.421779957670358e-05,0.07903924206856303,0.011784801690727435,0.032198911723299,0.011784801690727435,0.009650033159624755,0.05273242163729374,0.009650033159624758,0.006557360103228527,0.0895814221752531,0.006557360103228528
12,2.0,111,1.0,512,200,600,matched,ising-parity,30112,118,333,9463b72cd4a383614e100ba9ef34fd654f53cf0688d63b9fa4e68e5f2c7dbe57,46ec6552ea8abd2c67a85ebf993bb74a1984e0f557904f8a35ae4eb6d2b596da,273,366,0.2965238749748096,0.33455677120733696,0.8393950622711828,0.17507381055029042,0.15948296065704654,0.010029778015589462,0.010300277407949292,0.14918268324909728,0.0063790327217032,0.01742905115219454,0.007426167375362247,0.0056991411872600005,0.03114284801781421,0.006534189212700112,0.0044427519308132615,0.06069333238815931,0.004981872938184844
12,2.0,111,1.0,512,200,600,matched,ising-nll,30115,118,333,9463b72cd4a383614e100ba9ef34fd654f53cf0688d63b9fa4e68e5f2c7dbe57,46ec6552ea8abd2c67a85ebf993bb74a1984e0f557904f8a35ae4eb6d2b596da,273,366,0.13447641709353775,0.4513501875036562,0.8702972393257944,0.1389204712866164,0.3124297162170398,0.005337270387847124,0.025020135147604934,0.287409581069435,0.0018229375767227522,0.004980703761537575,0.0019757416900436403,0.0012953856779201506,0.007078610261858747,0.0013715868866143988,0.0007311488177225485,0.009988371826810772,0.0007698450415652295
12,2.0,111,1.0,512,200,600,matched,transformer,35612,118,333,9463b72cd4a383614e100ba9ef34fd654f53cf0688d63b9fa4e68e5f2c7dbe57,46ec6552ea8abd2c67a85ebf993bb74a1984e0f557904f8a35ae4eb6d2b596da,273,366,3.81796116696205,0.11839774331708869,0.9537051906185592,0.04740067980061104,0.07099706351647765,0.01458092584765526,0.006040557154920313,0.06495650636155728,0.009791684873480148,0.026753237359235373,0.010177356152612196,0.008335610556281885,0.04554978446055675,0.008621471828702603,0.00604029601091726,0.08251770506717568,0.006210519546242819
12,2.0,111,1.0,512,200,600,matched,maxent,36112,118,333,9463b72cd4a383614e100ba9ef34fd654f53cf0688d63b9fa4e68e5f2c7dbe57,46ec6552ea8abd2c67a85ebf993bb74a1984e0f557904f8a35ae4eb6d2b596da,273,366,0.13926666707266122,0.5762959114914807,0.9904852854139898,0.00956026866918423,0.5667356428222965,0.00020826700155482475,0.12247138528410562,0.44426425753819093,6.848550679535499e-06,1.871188710255601e-05,6.9142777605676195e-06,6.84227288588358e-06,3.73894693217682e-05,6.907878942242336e-06,6.823506820850429e-06,9.321730629577089e-05,6.888751757809178e-06
12,2.0,112,1.0,512,200,600,matched,iqp-parity,13696,119,334,ec75caea145e4c768bd8883e960b312335d2746dbf70ceac4c6afee628a85638,b0126d22db14df8032614d0be237f7ba7f8faae015df79310d48a47a7e019709,279,357,0.5452442499808967,0.08716463912430046,0.9999999999999998,2.2204460492503136e-16,0.08716463912430024,0.05503885298725329,0.009042798169043954,0.07812184095525618,0.019622768797399288,0.05496573892828932,0.01962276879739929,0.014334210257500101,0.0803036989215692,0.014334210257500101,0.00882899018625259,0.12365532473743122,0.008828990186252592
12,2.0,112,1.0,512,200,600,matched,iqp-mse,13696,119,334,ec75caea145e4c768bd8883e960b312335d2746dbf70ceac4c6afee628a85638,b0126d22db14df8032614d0be237f7ba7f8faae015df79310d48a47a7e019709,279,357,0.4043986250180751,0.10675286203578621,1.0,-0.0,0.10675286203578621,0.06519982014308502,0.01494398503299224,0.091808877002794,0.024591257789849302,0.06888307504159469,0.024591257789849302,0.01769471142456946,0.09913003599198578,0.01769471142456946,0.010833189127350314,0.15172533791807163,0.010833189127350314
12,2.0,112,1.0,512,200,600,matched,ising-parity,30113,119,334,ec75caea145e4c768bd8883e960b312335d2746dbf70ceac4c6afee628a85638,b0126d22db14df8032614d0be237f7ba7f8faae015df79310d48a47a7e019709,279,357,0.31363424996379763,0.36546026880918303,0.7970617950189747,0.2268230686693691,0.13863720013981393,0.017866746734197476,0.0004978178234641027,0.1381393823163498,0.009956042847540729,0.02788807520319532,0.011927722191478354,0.008547508597730855,0.047885202228184064,0.010117724366144604,0.00653998134793284,0.09159637742202857,0.007566665013594337
12,2.0,112,1.0,512,200,600,matched,ising-nll,30116,119,334,ec75caea145e4c768bd8883e960b312335d2746dbf70ceac4c6afee628a85638,b0126d22db14df8032614d0be237f7ba7f8faae015df79310d48a47a7e019709,279,357,0.13433820800855756,0.5106163459687192,0.8517875052049368,0.16041819029638768,0.3501981556723315,0.00626657545422444,0.01597866888158496,0.33421948679074653,0.003366416170991748,0.009429737173646353,0.0038110511034424644,0.0027800275160546465,0.015574383843443399,0.0030807761635225656,0.0018685186630404797,0.02616972917423641,0.0020149882869661953
12,2.0,112,1.0,512,200,600,matched,transformer,35613,119,334,ec75caea145e4c768bd8883e960b312335d2746dbf70ceac4c6afee628a85638,b0126d22db14df8032614d0be237f7ba7f8faae015df79310d48a47a7e019709,279,357,3.788064165972173,0.2627856997060537,0.8201174110115363,0.19830776481330156,0.06447793489275214,0.022330126392029692,3.864728205390277e-09,0.06447793102802388,0.015038819199015157,0.04212554397483237,0.017589717271986403,0.012780501268574484,0.07159944688277022,0.014731681961189999,0.009439377856026351,0.13220417165303014,0.010616932060208627
12,2.0,112,1.0,512,200,600,matched,maxent,36113,119,334,ec75caea145e4c768bd8883e960b312335d2746dbf70ceac4c6afee628a85638,b0126d22db14df8032614d0be237f7ba7f8faae015df79310d48a47a7e019709,279,357,0.1484121250687167,0.5042411059623064,0.9390089373145157,0.06293028191233661,0.4413108240499698,0.0006566083138933893,0.07358767928133828,0.36772314476863155,0.0003047950915134428,0.0008537677633429769,0.0003239251666002772,0.0002954058819984211,0.0016549349131564208,0.00031333807205349796,0.0002703306589893376,0.003786143683324056,0.0002852654503470863
12,2.0,113,1.0,512,200,600,matched,iqp-parity,13697,120,335,8d3b7384b70885061d684aae41641e44d463c01b2468541a19fbf87f35dac017,494a09d0cb32c8fd575150abd91ad12074451b075c550159cd5a0edda3ce9c1b,296,370,0.48475025000516325,0.16198317588833291,1.0000000000000002,-2.2204460492503128e-16,0.16198317588833314,0.022757216865096335,0.011286119843778981,0.15069705604455416,0.007216135847099735,0.019503069857026312,0.007216135847099735,0.005326858748199515,0.028793831071348728,0.005326858748199515,0.0032190125434219687,0.043500169505702284,0.0032190125434219683
12,2.0,113,1.0,512,200,600,matched,iqp-mse,13697,120,335,8d3b7384b70885061d684aae41641e44d463c01b2468541a19fbf87f35dac017,494a09d0cb32c8fd575150abd91ad12074451b075c550159cd5a0edda3ce9c1b,296,370,0.3866849170299247,0.12754959599989835,0.9999999999999999,1.1102230246251565e-16,0.12754959599989824,0.021964368507292237,0.012233752070722245,0.11531584392917599,0.007931513607642283,0.021436523263898066,0.007931513607642285,0.006257977653681502,0.03382690623611623,0.0062579776536815035,0.004292482520536936,0.05800652054779643,0.004292482520536936
12,2.0,113,1.0,512,200,600,matched,ising-parity,30114,120,335,8d3b7384b70885061d684aae41641e44d463c01b2468541a19fbf87f35dac017,494a09d0cb32c8fd575150abd91ad12074451b075c550159cd5a0edda3ce9c1b,296,370,0.28618716599885374,0.39153799745970075,0.9124328611137056,0.09164077309409306,0.2998972243656077,0.0041556247032621,0.0717262574399074,0.22817096692570035,0.0030642767147877506,0.008281828958885813,0.003337573820026818,0.002880440441758874,0.015569948333831752,0.00312177229337885,0.0024686038964856966,0.03335951211467158,0.002648660453427703
12,2.0,113,1.0,512,200,600,matched,ising-nll,30117,120,335,8d3b7384b70885061d684aae41641e44d463c01b2468541a19fbf87f35dac017,494a09d0cb32c8fd575150abd91ad12074451b075c550159cd5a0edda3ce9c1b,296,370,0.13739104208070785,0.7225190256107836,0.9755696304435315,0.0247337422315638,0.6977852833792199,0.007508502519007895,0.049296309425098696,0.6484889739541211,0.003237929353495312,0.008751160414852195,0.0032696081022726468,0.0020145924523183043,0.010889688931450292,0.002027492572663517,0.0010144604780694044,0.013708925379316275,0.0010209075545813313
12,2.0,113,1.0,512,200,600,matched,transformer,35614,120,335,8d3b7384b70885061d684aae41641e44d463c01b2468541a19fbf87f35dac017,494a09d0cb32c8fd575150abd91ad12074451b075c550159cd5a0edda3ce9c1b,296,370,3.674357666983269,0.29639465308613383,0.9516175871380567,0.0495920190742056,0.24680263401192823,0.025862731886599273,0.006993350461263783,0.23980928355066444,0.005256197959410493,0.014205940430839168,0.005454340043254356,0.004250976313573432,0.02297825034364017,0.004386758124766683,0.002882648061078395,0.038954703528086415,0.0029590054291899807
12,2.0,113,1.0,512,200,600,matched,maxent,36114,120,335,8d3b7384b70885061d684aae41641e44d463c01b2468541a19fbf87f35dac017,494a09d0cb32c8fd575150abd91ad12074451b075c550159cd5a0edda3ce9c1b,296,370,0.16367216710932553,0.7333726510141628,0.9991785528134242,0.000821784759194053,0.7325508662549688,4.979971149150649e-05,0.28633852174420105,0.4462123445107676,4.6063083260152403e-05,0.00012449481962203352,4.6100729855054115e-05,4.579338498650894e-05,0.00024753181073788617,4.583059159329019e-05,4.5001744815686176e-05,0.0006081316866984618,4.503767402405251e-05
12,2.0,114,1.0,512,200,600,matched,iqp-parity,13698,121,336,b95a1e460817942d43f19cb4dd8ccc85fbf74eddec3c486829aaac6928157660,9fc9306ab4737b5804dc59a07264243c6abc622ca16efa0cd4d6bddf38b05e36,269,368,0.5237793329870328,0.10965408163922277,1.0,-0.0,0.10965408163922277,0.03929637619271247,0.0013281566354978337,0.10832592500372484,0.012649983330067819,0.03437495470127125,0.012649983330067819,0.009177987202569713,0.04988036523135714,0.009177987202569713,0.005551889641937969,0.075433283178505,0.005551889641937969
12,2.0,114,1.0,512,200,600,matched,iqp-mse,13698,121,336,b95a1e460817942d43f19cb4dd8ccc85fbf74eddec3c486829aaac6928157660,9fc9306ab4737b5804dc59a07264243c6abc622ca16efa0cd4d6bddf38b05e36,269,368,0.4147282079793513,0.10634457068149088,1.0000000000000002,-2.2204460492503128e-16,0.1063445706814911,0.0435678902790397,0.0004334772158328549,0.10591109346565813,0.015715917097307793,0.042706296460075524,0.01571591709730779,0.012020891614310383,0.06533093268646947,0.01202089161431038,0.007486108761113684,0.101713434254262,0.007486108761113684
12,2.0,114,1.0,512,200,600,matched,ising-parity,30115,121,336,b95a1e460817942d43f19cb4dd8ccc85fbf74eddec3c486829aaac6928157660,9fc9306ab4737b5804dc59a07264243c6abc622ca16efa0cd4d6bddf38b05e36,269,368,0.2954023330239579,0.36056504448686205,0.8319699388912588,0.18395896995398778,0.17660607453287427,0.012913910664143735,0.024270392633294988,0.1523356818995792,0.008027908772781126,0.02181496949125306,0.009252340190230418,0.00669411975101484,0.03638108560334152,0.00758501635426959,0.00477274843761661,0.06484712551109524,0.005293308505782053
12,2.0,114,1.0,512,200,600,matched,ising-nll,30118,121,336,b95a1e460817942d43f19cb4dd8ccc85fbf74eddec3c486829aaac6928157660,9fc9306ab4737b5804dc59a07264243c6abc622ca16efa0cd4d6bddf38b05e36,269,368,0.14477075007744133,0.5495579465460498,0.8449045687646284,0.16853159437597645,0.3810263521700734,0.01626872484244698,0.0171678567910462,0.3638584953790272,0.0064502025045990756,0.017527724197280097,0.00711861427556839,0.004611685202554702,0.025063506535623382,0.004942192979224343,0.0025450520188765894,0.03457951112604062,0.002673561223868964
12,2.0,114,1.0,512,200,600,matched,transformer,35615,121,336,b95a1e460817942d43f19cb4dd8ccc85fbf74eddec3c486829aaac6928157660,9fc9306ab4737b5804dc59a07264243c6abc622ca16efa0cd4d6bddf38b05e36,269,368,5.068280957988463,0.2688188709517453,0.9042427324403426,0.10065744529547871,0.16816142565626657,0.02465469562154643,0.007670446852150212,0.16049097880411628,0.012313053407235751,0.0334593842587928,0.013274198475231494,0.010122534857941236,0.05501377640185454,0.010840846507134962,0.007306623838239545,0.09927478041086339,0.007757096359219269
12,2.0,114,1.0,512,200,600,matched,maxent,36115,121,336,b95a1e460817942d43f19cb4dd8ccc85fbf74eddec3c486829aaac6928157660,9fc9306ab4737b5804dc59a07264243c6abc622ca16efa0cd4d6bddf38b05e36,269,368,0.28089799999725074,1.210667500076668,0.9887027593725624,0.011361539173100774,1.1993059609035672,0.0003340737250783595,0.19997427435671802,0.999331686546849,0.0002858466503392836,0.0007767572020089228,0.00028861365312364985,0.0002468093944655275,0.0013413554047039537,0.0002488200736106514,0.00016755455506167882,0.0022765564546423753,0.0001683480381044736
12,2.0,115,1.0,512,200,600,matched,iqp-parity,13699,122,337,191c7018d60fa513f0d426386bdd77a70aab817326245ef1127ff9f3a0d1fec5,fae9b80b4b9bbecd172da441f7a298732dc4ec9c5fd56650a16ee48bf4f2164a,279,368,0.5158115000231192,0.13169884284549438,1.0,-0.0,0.13169884284549438,0.027932074415179614,0.013565568321865087,0.11813327452362926,0.013492213486232424,0.036663623603892456,0.013492213486232424,0.009983206810749427,0.054256558754072974,0.009983206810749427,0.006081129455421821,0.08262404151388344,0.006081129455421821
12,2.0,115,1.0,512,200,600,matched,iqp-mse,13699,122,337,191c7018d60fa513f0d426386bdd77a70aab817326245ef1127ff9f3a0d1fec5,fae9b80b4b9bbecd172da441f7a298732dc4ec9c5fd56650a16ee48bf4f2164a,279,368,0.40201691596303135,0.17208887465981296,1.0,-0.0,0.17208887465981296,0.024712585871391107,0.017681650013861107,0.15440722464595175,0.015830664330444007,0.04301810959359784,0.015830664330444007,0.012266640553647415,0.06666652474808378,0.012266640553647415,0.007527776855219289,0.10227957683721861,0.007527776855219289
12,2.0,115,1.0,512,200,600,matched,ising-parity,30116,122,337,191c7018d60fa513f0d426386bdd77a70aab817326245ef1127ff9f3a0d1fec5,fae9b80b4b9bbecd172da441f7a298732dc4ec9c5fd56650a16ee48bf4f2164a,279,368,0.3057004170259461,0.3902138073141582,0.9046087737217502,0.10025272297840945,0.28996108433574874,0.006705392478796304,0.07220223332868533,0.21775885100706338,0.005141449210917142,0.013971329377492231,0.005617868816968284,0.004645650481905321,0.025248100445137613,0.005038643926762532,0.003737805447612007,0.05078540010342401,0.004012425248653642
12,2.0,115,1.0,512,200,600,matched,ising-nll,30119,122,337,191c7018d60fa513f0d426386bdd77a70aab817326245ef1127ff9f3a0d1fec5,fae9b80b4b9bbecd172da441f7a298732dc4ec9c5fd56650a16ee48bf4f2164a,279,368,0.13343358295969665,0.6935277611007578,0.9559278083778253,0.04507288303121692,0.6484548780695408,0.00785579894304703,0.06687791463948237,0.5815769634300584,0.004535826849755168,0.012325616439552087,0.004645602078523043,0.003046539328346808,0.016557278958406564,0.0030893801260255017,0.0014738731232073882,0.020025450043578644,0.0014823870158172468
12,2.0,115,1.0,512,200,600,matched,transformer,35616,122,337,191c7018d60fa513f0d426386bdd77a70aab817326245ef1127ff9f3a0d1fec5,fae9b80b4b9bbecd172da441f7a298732dc4ec9c5fd56650a16ee48bf4f2164a,279,368,5.335811499971896,0.25577066547531047,0.9117633885809457,0.09237476491424738,0.16339590056106307,0.01433059327172863,0.035750563318439066,0.12764533724262392,0.007828843810058385,0.021274032092549962,0.00838233336379651,0.00647608848746471,0.035196133084047336,0.006915802190193857,0.004843724679574949,0.06581147662465962,0.005136595600520198
12,2.0,115,1.0,512,200,600,matched,maxent,36116,122,337,191c7018d60fa513f0d426386bdd77a70aab817326245ef1127ff9f3a0d1fec5,fae9b80b4b9bbecd172da441f7a298732dc4ec9c5fd56650a16ee48bf4f2164a,279,368,0.16457725001964718,1.0034878359934176,0.9837490300862091,0.016384465186248667,0.9871033708071689,0.006041276513457053,0.08210273858227685,0.9050006322248921,0.0026021790187679443,0.00707113863795637,0.002620923220473314,0.0016886739846981146,0.009177576003794102,0.0016977474992481204,0.0008951093887835907,0.012161812347603133,0.0008996208803747304
12,2.0,116,1.0,512,200,600,matched,iqp-parity,13700,123,338,4af54093854d7eb42e12ae0b72f7122fe2ccc6fffd761c6f6a6627d26494b423,67eaeaae05cc33550f061649f99bb92951375c55491458d36e2f1c224114a8b1,273,366,0.559463958023116,0.12852934779782133,1.0,-0.0,0.12852934779782133,0.027333922873145663,0.004828511596372494,0.12370083620144887,0.013599921227209247,0.03715825471915095,0.013599921227209247,0.010033718940316409,0.05482906524763065,0.010033718940316409,0.006068716469406996,0.0829059626968169,0.006068716469406996
12,2.0,116,1.0,512,200,600,matched,iqp-mse,13700,123,338,4af54093854d7eb42e12ae0b72f7122fe2ccc6fffd761c6f6a6627d26494b423,67eaeaae05cc33550f061649f99bb92951375c55491458d36e2f1c224114a8b1,273,366,0.42917737492825836,0.17775878059135974,1.0,-0.0,0.17775878059135974,0.02967856093497617,0.003446607840429647,0.17431217275093014,0.017080738170175847,0.04666868352507063,0.017080738170175847,0.012838289393014448,0.07015458684707349,0.012838289393014448,0.007748969744226639,0.10586024240746775,0.007748969744226639
12,2.0,116,1.0,512,200,600,matched,ising-parity,30117,123,338,4af54093854d7eb42e12ae0b72f7122fe2ccc6fffd761c6f6a6627d26494b423,67eaeaae05cc33550f061649f99bb92951375c55491458d36e2f1c224114a8b1,273,366,0.29870299994945526,0.37500060627814846,0.8767132488771037,0.13157530828882363,0.24342529798932483,0.007780374418583638,0.03727271174210551,0.20615258624721933,0.005419743953426863,0.014808043588597986,0.006082721017652242,0.0048776011212004885,0.02665355803934693,0.005420428385376144,0.0038959646768933227,0.053223561159744845,0.004267395201343838
12,2.0,116,1.0,512,200,600,matched,ising-nll,30120,123,338,4af54093854d7eb42e12ae0b72f7122fe2ccc6fffd761c6f6a6627d26494b423,67eaeaae05cc33550f061649f99bb92951375c55491458d36e2f1c224114a8b1,273,366,0.13401458400767297,0.5676188160518161,0.909403878012866,0.09496597323605045,0.47265284281576564,0.003526908768011349,0.06955811627377956,0.4030947265419862,0.0024790164302678115,0.006773268935157955,0.002668701479469005,0.00203244359895844,0.011106249174636283,0.0021559548833842744,0.0012994838851011334,0.017752512091545537,0.0013474412652897442
12,2.0,116,1.0,512,200,600,matched,transformer,35617,123,338,4af54093854d7eb42e12ae0b72f7122fe2ccc6fffd761c6f6a6627d26494b423,67eaeaae05cc33550f061649f99bb92951375c55491458d36e2f1c224114a8b1,273,366,4.0361622920027,0.24185783086460197,0.9154253217115478,0.08836648923612517,0.1534913416284768,0.011929078298890436,0.024074991140131827,0.12941635048834496,0.006010634931335599,0.016422499812392344,0.00648669501436272,0.005329365485678613,0.02912221576873559,0.005707231332009854,0.0040932962739719005,0.0559193480050806,0.004328696001784635
12,2.0,116,1.0,512,200,600,matched,maxent,36117,123,338,4af54093854d7eb42e12ae0b72f7122fe2ccc6fffd761c6f6a6627d26494b423,67eaeaae05cc33550f061649f99bb92951375c55491458d36e2f1c224114a8b1,273,366,0.16180679202079773,1.2108289369104748,0.9936313064908404,0.0063890601563385135,1.2044398767541362,0.0006610278809514575,0.14546967537840172,1.0589702013757347,0.0005736081404758008,0.001567235356491259,0.0005768263010141636,0.0005089107325673515,0.0027809329648489155,0.0005114165644452672,0.00037338113575816377,0.0051008351879530565,0.0003746714843842277
12,2.0,117,1.0,512,200,600,matched,iqp-parity,13701,124,339,bd9920b705456a9a04f4e7d5340260c82cc50ab3cd8aa77a43c77252621eb315,6d2e8203ab09f7481803ba6cac1d0fef11989f0d29cc5ddaeca62054fed6f238,266,367,0.5643863340374082,0.10140020644710165,1.0000000000000002,-2.2204460492503128e-16,0.10140020644710188,0.040510680130596,6.546897008670102e-05,0.1013347374770151,0.015311861390860292,0.04172169316310706,0.01531186139086029,0.011266351526428962,0.061397011043209604,0.011266351526428962,0.007067533188668298,0.09628791810174793,0.007067533188668295
12,2.0,117,1.0,512,200,600,matched,iqp-mse,13701,124,339,bd9920b705456a9a04f4e7d5340260c82cc50ab3cd8aa77a43c77252621eb315,6d2e8203ab09f7481803ba6cac1d0fef11989f0d29cc5ddaeca62054fed6f238,266,367,0.5177225840743631,0.08791624087800247,1.0,-0.0,0.08791624087800247,0.035679590801582145,9.567415863671316e-05,0.08782056671936567,0.014563960824809166,0.03968381696133288,0.014563960824809166,0.011582265231589383,0.06311861161629091,0.011582265231589383,0.007574408504101031,0.10319357635015028,0.007574408504101031
12,2.0,117,1.0,512,200,600,matched,ising-parity,30118,124,339,bd9920b705456a9a04f4e7d5340260c82cc50ab3cd8aa77a43c77252621eb315,6d2e8203ab09f7481803ba6cac1d0fef11989f0d29cc5ddaeca62054fed6f238,266,367,0.2940627500647679,0.3374432443405499,0.8234928630072641,0.1942003960598434,0.1432428482807065,0.013825591389832788,0.010291817710851168,0.13295103056985524,0.009485643686828527,0.025846440563565467,0.01114750864293419,0.008231310774946064,0.04485727942749898,0.00947935159523982,0.006078177921862823,0.08280896351311748,0.006812111052635185
12,2.0,117,1.0,512,200,600,matched,ising-nll,30121,124,339,bd9920b705456a9a04f4e7d5340260c82cc50ab3cd8aa77a43c77252621eb315,6d2e8203ab09f7481803ba6cac1d0fef11989f0d29cc5ddaeca62054fed6f238,266,367,0.144419249962084,0.606876481863955,0.8892204557963447,0.117410092437464,0.489466389426491,0.003689926347541031,0.051504434682516746,0.4379619547439743,0.0014886777559685238,0.004056342659314779,0.0016292458322452114,0.0012316649896373683,0.006712070788214542,0.0013328064097854443,0.0008832222505688666,0.012033000688949136,0.0009478534316657292
12,2.0,117,1.0,512,200,600,matched,transformer,35618,124,339,bd9920b705456a9a04f4e7d5340260c82cc50ab3cd8aa77a43c77252621eb315,6d2e8203ab09f7481803ba6cac1d0fef11989f0d29cc5ddaeca62054fed6f238,266,367,3.7302841250784695,0.2110259631484136,0.8958708135553085,0.10995905770220829,0.10106690544620531,0.015141403742670218,0.010146425547590716,0.0909204798986144,0.010464629045924248,0.028513975601973426,0.011387602168577565,0.008758318911546279,0.04772925837354921,0.009467585923251523,0.006480615283432188,0.08829176135466196,0.006939915933467417
12,2.0,117,1.0,512,200,600,matched,maxent,36118,124,339,bd9920b705456a9a04f4e7d5340260c82cc50ab3cd8aa77a43c77252621eb315,6d2e8203ab09f7481803ba6cac1d0fef11989f0d29cc5ddaeca62054fed6f238,266,367,0.13991437503136694,0.577849704177444,0.9770934754383171,0.02317295553001451,0.5546767486474294,8.198385955782362e-05,0.19689918646476767,0.3577775621826617,6.933957199088209e-05,0.00018893616346289397,7.09558308925213e-05,6.895324721610418e-05,0.00037576701480165767,7.055132378280421e-05,6.781735927030447e-05,0.0009239422243910691,6.936253065200482e-05
12,2.0,118,1.0,512,200,600,matched,iqp-parity,13702,125,340,0cab83daf0e26c13b37023a2cf45b2abf6522c8c0fdca1b53c2552116121f78e,3672d037714419789c221c8c7564a09d4bd2e60bbf08a0fa3cd13f9a40a45c57,258,362,0.48341087508015335,0.08453242015159818,1.0000000000000002,-2.2204460492503128e-16,0.0845324201515984,0.04035526517264337,0.001485485951787503,0.083046934199811,0.017592443765080346,0.048597910953260624,0.017592443765080342,0.01273385980852439,0.0703528166216817,0.012733859808524388,0.007756614472289262,0.10713555900952018,0.007756614472289262
12,2.0,118,1.0,512,200,600,matched,iqp-mse,13702,125,340,0cab83daf0e26c13b37023a2cf45b2abf6522c8c0fdca1b53c2552116121f78e,3672d037714419789c221c8c7564a09d4bd2e60bbf08a0fa3cd13f9a40a45c57,258,362,0.3723007499938831,0.07818233476357271,1.0000000000000002,-2.2204460492503128e-16,0.07818233476357293,0.050263486478421895,0.004943616045664255,0.07323871871790863,0.02193556922028039,0.060595495083647484,0.021935569220280386,0.01597703803326138,0.08827092836056011,0.015977038033261375,0.009640717775497862,0.1331590852969318,0.009640717775497862
12,2.0,118,1.0,512,200,600,matched,ising-parity,30119,125,340,0cab83daf0e26c13b37023a2cf45b2abf6522c8c0fdca1b53c2552116121f78e,3672d037714419789c221c8c7564a09d4bd2e60bbf08a0fa3cd13f9a40a45c57,258,362,0.2974853329360485,0.3530776586978438,0.8529684597500343,0.15903270784812623,0.19404495084971757,0.01086577251939232,0.008672134231224538,0.1853728166184931,0.007534765139179575,0.02081426834027507,0.008674833275279297,0.0068213780956575785,0.037687171799213146,0.007751157099880105,0.005410616535681345,0.07473227259228377,0.00601536958497034
12,2.0,118,1.0,512,200,600,matched,ising-nll,30122,125,340,0cab83daf0e26c13b37023a2cf45b2abf6522c8c0fdca1b53c2552116121f78e,3672d037714419789c221c8c7564a09d4bd2e60bbf08a0fa3cd13f9a40a45c57,258,362,0.12994433392304927,0.49901631152800574,0.9268725636332896,0.07593919467514615,0.4230771168528596,0.0071493225331599256,0.01884721680142195,0.40422990005143766,0.003931179812135797,0.01085961274070662,0.004128099485364724,0.002896507502704729,0.01600280388234657,0.002998156075170922,0.00162380172488599,0.02242820061997224,0.0016618179628667136
12,2.0,118,1.0,512,200,600,matched,transformer,35619,125,340,0cab83daf0e26c13b37023a2cf45b2abf6522c8c0fdca1b53c2552116121f78e,3672d037714419789c221c8c7564a09d4bd2e60bbf08a0fa3cd13f9a40a45c57,258,362,3.6669212500564754,0.1674495693133667,0.9489044276466181,0.05244719392982621,0.11500237538354047,0.01765998700062609,0.003048451012685704,0.11195392437085472,0.012315477569860006,0.03402065627033151,0.012820795070094456,0.01010690768579737,0.055839268982305915,0.010459929193796234,0.006960399343555099,0.09613811248004281,0.007157447977940771
12,2.0,118,1.0,512,200,600,matched,maxent,36119,125,340,0cab83daf0e26c13b37023a2cf45b2abf6522c8c0fdca1b53c2552116121f78e,3672d037714419789c221c8c7564a09d4bd2e60bbf08a0fa3cd13f9a40a45c57,258,362,0.1413515000604093,0.4336367355866244,0.9908884388245967,0.009153325333620057,0.42448341025300435,0.0001294503665246582,0.1342081018565977,0.2902753083964067,0.000124496266532076,0.0003439123384863977,0.00012562798180388,0.0001230998486065268,0.0006801096608095404,0.00012420614486699923,0.00011906895053196918,0.001644598764253718,0.00012010330461749156
12,2.0,119,1.0,512,200,600,matched,iqp-parity,13703,126,341,9d0010143dceafc8a54eded363f32d8db84b20e48b4db4f8bddb082ea412334e,a56289775eec0ce432a321db146cf9b88569ccab3daaa3aefaeb57ea0050cb73,271,365,0.5074763330630958,0.1431926391240288,1.0000000000000002,-2.2204460492503128e-16,0.14319263912402902,0.057890845814267865,0.004393175229399925,0.13879946389462916,0.016338247456358652,0.04476232179824288,0.016338247456358652,0.011711930586569039,0.06417496211818652,0.011711930586569037,0.0071395667936401015,0.09780228484438494,0.0071395667936401015
12,2.0,119,1.0,512,200,600,matched,iqp-mse,13703,126,341,9d0010143dceafc8a54eded363f32d8db84b20e48b4db4f8bddb082ea412334e,a56289775eec0ce432a321db146cf9b88569ccab3daaa3aefaeb57ea0050cb73,271,365,0.42816983291413635,0.0867872431604807,1.0000000000000002,-2.2204460492503128e-16,0.08678724316048092,0.055019615349255924,0.003364042623546941,0.08342320053693393,0.021441842788801898,0.058744774763840824,0.02144184278880189,0.015667462799263544,0.08584911122884133,0.015667462799263544,0.009463767966991747,0.12964065708207873,0.009463767966991747
12,2.0,119,1.0,512,200,600,matched,ising-parity,30120,126,341,9d0010143dceafc8a54eded363f32d8db84b20e48b4db4f8bddb082ea412334e,a56289775eec0ce432a321db146cf9b88569ccab3daaa3aefaeb57ea0050cb73,271,365,0.31007099989801645,0.37045139944576455,0.8356318876624687,0.17956708863188853,0.19088431081387602,0.012887189923055353,0.011359782324103895,0.17952452848977216,0.008856222128989228,0.02426362227120336,0.010345774722938052,0.007888973831165236,0.04322725386939855,0.009060333973281374,0.006037992748512357,0.08271222943167612,0.006740822881114477
12,2.0,119,1.0,512,200,600,matched,ising-nll,30123,126,341,9d0010143dceafc8a54eded363f32d8db84b20e48b4db4f8bddb082ea412334e,a56289775eec0ce432a321db146cf9b88569ccab3daaa3aefaeb57ea0050cb73,271,365,0.13662137498613447,0.615051984483074,0.8729125172273605,0.13591993752538564,0.4791320469576883,0.007040463039966872,0.028407473728807815,0.4507245732288804,0.003294169059461559,0.009025120710853585,0.003626319480006423,0.0025594506563268453,0.014024387157955316,0.0027485500816137906,0.0015168990537767165,0.020779439092831732,0.001587256812265177
12,2.0,119,1.0,512,200,600,matched,transformer,35620,126,341,9d0010143dceafc8a54eded363f32d8db84b20e48b4db4f8bddb082ea412334e,a56289775eec0ce432a321db146cf9b88569ccab3daaa3aefaeb57ea0050cb73,271,365,3.8925337080145255,0.16390473177824036,0.9367958330506367,0.06528991477573315,0.09861481700250721,0.0462426389248074,0.0016713282136946034,0.09694348878881269,0.02017564368970944,0.055275736136190246,0.02112094021352654,0.015974683794936335,0.08753251394485663,0.016637316750236338,0.010884426680720977,0.14910173535234217,0.011267270349695793
12,2.0,119,1.0,512,200,600,matched,maxent,36120,126,341,9d0010143dceafc8a54eded363f32d8db84b20e48b4db4f8bddb082ea412334e,a56289775eec0ce432a321db146cf9b88569ccab3daaa3aefaeb57ea0050cb73,271,365,0.13038545800372958,0.5619845789140978,0.9918045927973451,0.008229174168169236,0.5537554047459285,0.0009817522508563745,0.09992746163456152,0.4538279431113671,0.0008315872034202061,0.0022783211052608385,0.0008376000906298134,0.0007401795523521501,0.004055778369052878,0.0007449533786230236,0.0005629822091098649,0.007712085056299519,0.0005658560009336824
12,2.0,120,1.0,512,200,600,matched,iqp-parity,13704,127,342,ef127d2e2e5f659593393425acf0599356122cdf5d7651914ddf5f9ec9d0b1e2,be8ede604a893ee87034e6fb596cea91ea3be8f191d448807bebae1ef6fbfe79,283,364,0.49432558298576623,0.10446939253829937,0.9999999999999998,2.2204460492503136e-16,0.10446939253829915,0.026121059204256218,0.0005981672101452095,0.10387122532815402,0.012483084355464687,0.034294187789738154,0.012483084355464687,0.00931179968445337,0.05116373452996357,0.00931179968445337,0.005780608492474456,0.07940396280871506,0.005780608492474456
12,2.0,120,1.0,512,200,600,matched,iqp-mse,13704,127,342,ef127d2e2e5f659593393425acf0599356122cdf5d7651914ddf5f9ec9d0b1e2,be8ede604a893ee87034e6fb596cea91ea3be8f191d448807bebae1ef6fbfe79,283,364,0.3911030830349773,0.08484694108698812,1.0,-0.0,0.08484694108698812,0.03744368888994445,0.0004610814219547302,0.08438585966503351,0.019029714675409343,0.05227943592145423,0.019029714675409343,0.01414800581852865,0.07773629570620137,0.01414800581852865,0.00862886216139761,0.1185283263928243,0.00862886216139761
12,2.0,120,1.0,512,200,600,matched,ising-parity,30121,127,342,ef127d2e2e5f659593393425acf0599356122cdf5d7651914ddf5f9ec9d0b1e2,be8ede604a893ee87034e6fb596cea91ea3be8f191d448807bebae1ef6fbfe79,283,364,0.2957945830421522,0.33244504494960897,0.8540177179406861,0.1578033384056379,0.17464170654397107,0.01069669780213096,0.010565399786331534,0.16407630675763962,0.007256604553502527,0.019935726795336613,0.008278934375793742,0.006346600696824079,0.0348714324001323,0.007155902013653828,0.004902373076633719,0.06734028951419944,0.0054384663023227045
12,2.0,120,1.0,512,200,600,matched,ising-nll,30124,127,342,ef127d2e2e5f659593393425acf0599356122cdf5d7651914ddf5f9ec9d0b1e2,be8ede604a893ee87034e6fb596cea91ea3be8f191d448807bebae1ef6fbfe79,283,364,0.219592583947815,0.43842020655484415,0.8606036821832611,0.150121179963434,0.28829902659141016,0.00550182720161407,0.025973856540532164,0.2623251700508781,0.002374830620652219,0.006524259946846755,0.002605355974077778,0.0018254478944648644,0.010029933486070683,0.0020076907536640647,0.0013064336296499859,0.017945516890796508,0.001433001190020671
12,2.0,120,1.0,512,200,600,matched,transformer,35621,127,342,ef127d2e2e5f659593393425acf0599356122cdf5d7651914ddf5f9ec9d0b1e2,be8ede604a893ee87034e6fb596cea91ea3be8f191d448807bebae1ef6fbfe79,283,364,2.844610875006765,0.1413407098424,0.9493696141310218,0.051957078716239766,0.08938363112616023,0.026605833998495587,0.00025393442847108016,0.08912969669768925,0.01274656141264521,0.03501802585891541,0.013192387409035456,0.009714501814395024,0.05337638359557706,0.009996323189624704,0.006153149834591121,0.08452128893669122,0.006302890754293227
12,2.0,120,1.0,512,200,600,matched,maxent,36121,127,342,ef127d2e2e5f659593393425acf0599356122cdf5d7651914ddf5f9ec9d0b1e2,be8ede604a893ee87034e6fb596cea91ea3be8f191d448807bebae1ef6fbfe79,283,364,0.10727312508970499,0.43050665114839104,0.9930271480887146,0.006997275845711417,0.4235093753026796,0.00011234325288065158,0.1482609735380903,0.2752484017645895,8.789768137622708e-05,0.00024147714663798648,8.850992980879977e-05,8.720172923901095e-05,0.0004791303804341261,8.780428013592309e-05,8.517477001039909e-05,0.0011699831045384492,8.57494992875513e-05
