objective,lr,key,seed,status,error,kl,validation_nll,parameters,scale,initial_gradient_norm,reference_gradient_norm,scaled_initial_gradient_norm,sample_sha256,initial_sha256,mask_sha256,validation_sha256,seconds
hellinger,0.02,hellinger_lr0.02,710001,ok,,1.168505250169354,6.821645012054405,36,0.19520026274021327,0.2811613875469023,0.05488277672155825,0.05488277672155825,fbfd6358740f1425a62931fa17fbb7843125eb4a8356af36562181a2cba07016,8d1a955cf019a03ffd1d306c96caf2e063ce640c4102ef16cffeb944f12eb6dd,4401cad43f46809956be46204f0aed84bd368e1136a999aa232bf82701484f65,98c02882953539777963a4234878a77cdf80375306e14b6dea9408b6cc1fae7f,0.3868205830003717
hellinger,0.02,hellinger_lr0.02,710002,ok,,1.2029256419316257,6.958463560941649,36,0.2203959303857511,0.2677472828766968,0.05901041151786647,0.05901041151786647,0d55f1fc399d3757c79882b4104a6477e5ab5f50ee13e4f11b987e9b7b740a93,5d3032ca5fed5082ef185f8a2df8a4546d59930a38f009a809b0f7a830841c3e,5c3c4dd0fe8e044dcd33ce05aa121a06edd793a666015e6ae95430e2f51d504b,97f118e3ff2db670c05c841eefe7fb00889c42ae5a6e37821062e07d0cceac15,0.3895850420012721
hellinger,0.02,hellinger_lr0.02,710003,ok,,1.0300019609190703,6.864818341730249,36,0.17808076005839416,0.24265603701071348,0.043212371503625675,0.043212371503625675,18530ffeadcf945e7ced4039b99abec02f2360e3c47ebe1653b881cb4c3a372a,e1de481039be728126568044409d37c4e0386936c5f46903fdc09d2fed3e37da,e57242d74b728c5b4a89001bd730ec9fd2de85013645ef1ea998430f491951cf,fde045089428c46884f73fb71eab521f7fed445b69f421056376d6007cef2472,0.3915783750053379
hellinger,0.02,hellinger_lr0.02,710004,ok,,0.9019292856406688,6.578596388978729,36,0.21473113833815513,0.26336048467996725,0.05655169666861763,0.05655169666861763,16509180dff89f2a9605a1bad930e97037805b0b24f5975b0283006bbf85d6cf,53c5ca19db9730c30f83000b8f47a3f911612c145144b7d9a0ad74d03bf26808,01736eb4010d7a28487f6bf9699ecfddac3572c1abb51b9bdb9dc9617b0ddd31,2ecdc5ecfee9b6c0e9e55426a9bf0d54e63e006ca7c2e03d108ff1171d1de26a,0.39295524999761255
hellinger,0.02,hellinger_lr0.02,710005,ok,,1.233745219960808,6.811843912146615,36,0.20908457109941325,0.24923273509781527,0.05211071952186039,0.05211071952186039,a11c9bc0f5bdc31222cb606b752401129e04183d020147508b6507999a2f8dc2,70ffe32b971293a274f65832f1fbf70bb2006ab75c88236e4203c1782576c1be,37998affa690a0d79dd202e9d9452d4eab8258a8a55fa6b0373b157cb976516e,7132ce008f238d71be1069ba0ed796b25dae799222426540f752d364a08c0a1e,0.3966662919992814
hellinger,0.02,hellinger_lr0.02,710006,ok,,0.9464237655899365,6.563325225804616,36,0.20213389365516915,0.25709315962854234,0.051967241387827205,0.051967241387827205,0f8444576fbd35da0afa1904a49e38b292a0e40153e791bd3922a4d890ff7bc9,59cdb109440f43e2240c3a8bb098c5d3e160156a3e6f93a9e458013b5d0ed4a3,d4e794f40e9cd82035ead11ffe0bdf3fba67527780256706f6446f5426c16702,40d45c7fe1baff7db1d21a673e74f0e402105de488c30f2a8274e45a8725733d,0.3966003749956144
hellinger,0.02,hellinger_lr0.02,710007,ok,,1.2867193008553057,6.955770210962375,36,0.17483321715160866,0.26990254053880974,0.047187929479792584,0.047187929479792584,9034dc2a399ac71b68b21912d04192ec853d38215ef7c8a7b4d4f17b83e16051,faa5a9c16b7654f81563bb1475fea119f21f425bffe016749349d3af4828bfe5,c765bceea87c77ab8999143229deddaeaa13bab35743dcd5e48dd8f37e369753,146b3190ee6826d96a47c1ad7bbea0f07cfa8567f31e2a4394a6b0738fb1a40d,0.3913583749963436
hellinger,0.02,hellinger_lr0.02,710008,ok,,0.9380050364462422,6.604087819170265,36,0.1636470101409155,0.27236449390634243,0.04457163509631654,0.04457163509631654,f3bdcdf50cf0dc3b1bd234222d0bffdc882b7668004bde8f94e65ef9616f10ab,5c358aa603198da97a5d8c65a54d09fbf21a3b3f0c2d9bbb403e1c429e739963,c03fd18bbd925d5120d9219c98b81831a432ac25f7161a64188d42ec69961363,e7c5b63e567ad15445014013eb9a567e527a0abb8d040abb463a5ec7ec3dcb39,0.3857897909983876
hellinger,0.02,hellinger_lr0.02,710009,ok,,1.3154860812185702,6.842567229707417,36,0.2138773148908306,0.2633862956768266,0.05633235369840205,0.05633235369840205,f685fc01a29f008f4092430c82efbe6d9569f4556e24dacae92a9ec39ea15f58,94502329ab2058e0e6a4b3699281c6f5cc11667a5de1553d6449396e5d87d6ba,2b75c7a45aedcfba96fdbfb506c9f1595e22314f58c9ecaa9a7e21087360a735,717ab5b0280140e9a339055a1a33e68c57403c6a2fa51af9e65a482dbd1538da,0.38537675000407035
hellinger,0.02,hellinger_lr0.02,710010,ok,,1.317355629457868,7.015791179107367,36,0.14785224960912186,0.29434512816906844,0.04351958936128207,0.04351958936128207,e0653f5c51094eef7c16e097d057fed8a02cca87c75d3d76133c8d59feb2c021,33f6d71a4d1fd3370dd4571d6134c16ebcc63350f1c9afae28b30ef5c954a4cb,5ab7fa3602a0696ee444e34242c86f3b3992f9fedf69ad83ab501fdbb1a01216,d098a55b70bb8d3843ff1ac82aa939089df452ddb01568c6996c825996f36ef1,0.3849849170001107
hellinger,0.02,hellinger_lr0.02,710011,ok,,1.0520751993615434,6.660548149170538,36,0.16526702570479526,0.2511306867521892,0.04150362166273694,0.04150362166273694,ec5a9506c44e46a4719a09d62a757ce636c932938a449009d028072c2c71083a,e0e21e0cb7f32e7d4ced64c027b1b5cba9501b41e7c5ee4d0cfc3b0dc55bed91,2e5605afb80dd4222941294119b7b01f6588556e21af8e007a8b29391a0879a9,7f0c1c2f804ba788f3f981702336fcfea9af0ffc5dfc4c1ab2d01efd63f85d91,0.38649350000196137
hellinger,0.02,hellinger_lr0.02,710012,ok,,1.2548586087906377,6.707695911356705,36,0.20493270268662978,0.2763699716656231,0.05663724523486344,0.05663724523486344,f5373cedde247855a0e2e565ec8672d22b9a70fcdae4bdbb8272de00550cc765,615a50812e3ad39138573c8112f69154de0106d49afcbaedad8c5f2b0a08715f,e2e132ccc0468169928f60910b69c0815dadaeb7cf9f4b1da91cf9d6c2ad0966,5dc418709e8570a2a6b5b8c17083889859db2d5536beb5d2e70c215a16d1c67a,0.3863292919995729
hellinger,0.02,hellinger_lr0.02,710013,ok,,1.2739371132112312,6.8789938611034875,36,0.16506887057755512,0.28163013281597077,0.04648836794453914,0.04648836794453914,1b3373cfc93efa97c24eb73bec3ece18d5795eae5bba06ec0f6c6933b5e8b1f4,9123fc3ef9b65867380f57567eb9579ed11c48288c19f71d4c315635f580e6a2,898ab8ef564c253809a157aaf67bdab4ffa3fdcc244177d879d59fce4714de71,36e47809a3cb05ebdb245c1bb8a637c6496118b4479bed13b0d172db169e3905,0.38355304199649254
hellinger,0.02,hellinger_lr0.02,710014,ok,,1.4227332387884122,6.972239297564496,36,0.19077518246513006,0.27028090503837154,0.05156288897553582,0.05156288897553582,7fc1eaa2d965bc050c83890ee4d2c8868b69fdfb3444ca576ec1090d47068b14,bc6cb8991ad2365cbef42cd6a104fbfd9ef33dcc4901fa42809e6b6f7dc8e8f8,a633e07500a63787dd38862f0598b04793056e805b3e2cf7369217b666d47c5e,67357ed4bb69d20ae1b0946dddbfb938c81a516a79446270d4dd75e98c2fa470,0.38496595899778185
hellinger,0.02,hellinger_lr0.02,710015,ok,,1.160625410987604,6.782606986808303,36,0.17493065534275062,0.2501085006924745,0.04375164393292736,0.04375164393292736,f5680ad7d8de44e3ebc46002f90f6b24358c130054444b5b03c9d95a5b21fb3a,3b7a944a3ad6ea47a700007a8af32488c78784fcf41d4c2d6dcbf2cf21155343,555e02e7f6ba885761c7a284e62a217941489582506a2a9ca2ff06bc6da75dfe,9d2e72353f0b32078b5b7e4d6a88543f59cfcef491d184835f13e71eb900bed4,0.38589479200163623
hellinger,0.02,hellinger_lr0.02,710016,ok,,0.9340307339646075,6.671275624576981,36,0.2211629124352772,0.2442433876034369,0.05401757894543438,0.05401757894543438,1b75d4d5622958226c033b9657c9be4b93dada816579841940bd590d218ed69e,5c7cb746f4b8446bcb585f8976654177cb43c389e8c853c7aa6ab1b910a3db0e,b372fed2ff95cca5a5cbae8a57632f23ffa883f73c2d17da1d87ac3cedf01bbe,42b7b34fd83156ddcebfb4cb06221c051c01a2953f68413016bf8d97ecdedeaf,0.38433216600242304
hellinger,0.02,hellinger_lr0.02,710017,ok,,1.1969708963660959,6.859086212014561,36,0.18011061707406442,0.2697152281272863,0.04857857617227759,0.04857857617227759,0c8b0a81d34687a5f0537779f42255d8c54a93f7957f141a20b8ec6bc62d6c07,56d4aca86d43f8a6858016a581e93a0b6bcb16b8cb88f20f4fb5b4d54c9d5752,2dc95bc899219ac7b5460836db9506597d027f04bf5cbb57533f63290715db0d,3dab791fcbcc8e8e18ba37eb877f9ae08f4532911125d29a811cea5857cfa134,0.3842465420020744
hellinger,0.02,hellinger_lr0.02,710018,ok,,1.2653881773071527,6.996493062809508,36,0.20124008401336013,0.2443461356402108,0.04917223686457591,0.04917223686457591,ff1b93dce170212eda572c8422fa5effb7af2cb86a6f32ad084d5da1e2595e19,1e35973d43104b6f95a71206149243f6d30a31b7b31ed581321af069ef4715d2,ce1adab9cee32e706953485d462a43b142ed2af5c8ca74db85041d6bfee2c48a,bb4fe47f5e65c1b6e58a0f1111d8976767f3411714a4f68f0da99d777eaf35d9,0.3869494169994141
hellinger,0.02,hellinger_lr0.02,710019,ok,,1.189995608072369,6.910674129586783,36,0.1705566232552351,0.2750210489633559,0.04690666143530266,0.04690666143530266,9b74b9d6fcf6287b9728684fd0e7d4ed4bab4d4b8fdee8323248b9c7bac04a18,61804221c257bc1ab128c4a212dba5df708dfc9c75cbc7346ae5a88be4c4f270,5942ce5dfb96fc85b8d656ab464194fadc34e95084009ebdb9dc9ba26483c20e,93535c9e236c4d3111eb1ccd1779faff5a5651af3b349a5d66b972adf71c9aaa,0.38410883400501916
hellinger,0.02,hellinger_lr0.02,710020,ok,,1.0140480135172691,6.584956857455968,36,0.1595249364921556,0.28214852180553274,0.045009725022383186,0.045009725022383186,f0bfc03ac68d340ef5d57fe8d4552a5ee7771aada02f745da04ec1bc90f92c12,0e33bdbb7b16bf34eb9b0b268dc5ef3b343fae137b7dd0566d60de5658986cca,4fadeff17e36faefc844832e0a745fd5b98c3592a6883ef4ef4820349a90ada9,5ef1b552756fbae063753fb3a588ab0208bb66028fcdb6904b3476379ba3013c,0.3848900000011781
hellinger,0.02,hellinger_lr0.02,710021,ok,,1.1576335895690968,6.8897409905076215,36,0.17477999742355205,0.2751433514688425,0.048089554260831766,0.048089554260831766,b99cbb41a9f547483b547f0c2f7bc7adabf05af18fddbda296794d7c89106e37,96facddbc8c81bbb31cb13f3c12350b2994b2c117b67ae9affd2952230b33a61,035cd99730a0fcdca550751435d77916fafb4dc169674e5c8966d7260d34e225,6dee94ad5fc67c11b64fb459c8f5b5063d12bf55c68b29251454c54c3ff26128,0.3843700420038658
hellinger,0.02,hellinger_lr0.02,710022,ok,,1.1311252807976258,6.700576189504763,36,0.1858389051918539,0.2747537737952083,0.05105994051943179,0.05105994051943179,27974b81e06041d65f79db0b76c975a85c0397dff46063cdc264afdf43a7011f,0e7e6e6e9c58bbdff06cf9a2d3ababbb07ae16179f1530dda1852b5e0fdb3af7,35ca1e42d7b72c480c9aef4aa7724e77b67b865748de4fe364bf01975d371e9d,eba28fdbd768c532b00aa34f3aa4fa3869f4c0fc8b0e10ddff4ac8849f732104,0.3811035830003675
hellinger,0.02,hellinger_lr0.02,710023,ok,,1.1917944071871955,6.902023480516991,36,0.19366247397539704,0.24412587191736057,0.047278020316916955,0.047278020316916955,e60153ed5536bc9ea61a6ffca89fdd984165324648dd05e2afe29dd3216eaf0b,34d514fedfe9e06b547a5e2bf675a275bf2bb33e5ec2c15b21135be2ce2d822e,833cc76e4774de9f7fe6d0cdbfa65db9360d6fa5bce61f23642ece0cf74a6733,d3f413e1108e9668817d298ef7ad890903cd461043e2702b77a1a3809838f2be,0.3874233329988783
hellinger,0.02,hellinger_lr0.02,710024,ok,,1.0393460673938963,6.733058546779213,36,0.2075920095890084,0.2735102051691667,0.05677853313416931,0.05677853313416931,aa986c9124a25ef1052791d564d7c45f82160006df9beb8e1b338e337bad5a69,5d83b80b251f0aa173cedcdb2cf99e54fd65bad61e8d294acdcfbf3e5a2db3da,68e5f1cac5a8a435a29e8ff1012ae8229a1f8355018955713b989b18ea07fcb6,7fca0b3ece6d0e7530b41d1897d8e02773f2a56db9788e019b1831f85a9d4b66,0.38680983299855143
hellinger,0.02,hellinger_lr0.02,710025,ok,,0.9269769882089244,6.603041565144445,36,0.2061587852822089,0.21069547022108637,0.043436722205242986,0.043436722205242986,b978854b64f45e4eb84c23bc4683a858678a598a511a2bd0d6a1241fd4f848d2,fe7dc78467eb1f6f437381ee3d894847375150b23e1573da11fb8ffff08708b4,bfd20f9a4aece4f70ace1612b7c0f341832f5234e5db97f8783715c0e1ec0c97,be68823ac95b61ec65f2c15d0a474d50fb64c26ef6040af79c8ea6885a88e29e,0.38574125000013737
hellinger,0.02,hellinger_lr0.02,710026,ok,,1.1623413462039895,6.84586732087302,36,0.18056417049587892,0.2520124377121063,0.045504416770130826,0.045504416770130826,ee962a620ecc708457762063e44199c1982c335302888915a8b9b8d023796522,461de82e992e45cc51cb3c21920da6d4ef3df4e66f49fe9ff50a74c08a9986d2,2905810631ab5210b24b333e5e1c9375bf847246a02a5e81756e86ac681720ab,8a22235f0fadaeb66705c4988a29729c01242e692c2ab08671afb11de3898e0a,0.3854659589997027
hellinger,0.02,hellinger_lr0.02,710027,ok,,0.9116729082768642,6.404361585034903,36,0.20217347408895092,0.2526694366966436,0.0510830578130587,0.0510830578130587,b842897a3c653a13575711eb49efc2ef7af78c63fe113d0412e7cb80c97de4b2,9f17adf7fe58598a8c1541917ccd7791afe50d8a9f605e0501a21f6adbf1a572,c34a470a9ee095f0ec72477280a699e270925e21885b4390e54e88eaaed25c43,98e7fcf277994627ddaae22e77646aa694e09be296e06d68ed42ba1bea3c024b,0.38499645800038707
hellinger,0.02,hellinger_lr0.02,710028,ok,,1.0796219247276058,6.708376452425932,36,0.19437099259604462,0.25909458597260127,0.050360471851755725,0.050360471851755725,a1ca397df424d393bdcaf98430bb8c9d421f579d0081bc85b76680aad82a8592,a5ae2758ae9a9df9ecbfca9d77d74fd35a979291af5af15301254b06c0077051,bc66d0e32b9360e0eeb8c880b58a58f20b46e75dc49f9f009ad8ef0226841d93,4333d6c4ccadaae66462379fe238caa2b036b7c3b7d7f2921dfe9b5985aa9fb2,0.38682529099605745
hellinger,0.02,hellinger_lr0.02,710029,ok,,1.0488160239733284,6.635053010557118,36,0.19457324588095062,0.2663323036339927,0.05182114080101686,0.05182114080101686,8f8dea43cb94417eb98ee48283826016f51fc6cb07028f9fb79479be3015e50f,a3627aa98dc1d541a8b71caff5665b0a70360d481ae950039922144858ee8dac,4dc246695570624a64af69e6ddb86897d9d1db2acfcf8ac85d5cd106181b7cb9,ea22fe5a170fbd457cbd153ce68e43ed7613e7a54b3776c91c59072dc7bb80e3,0.38716954199480824
hellinger,0.02,hellinger_lr0.02,710030,ok,,0.8448587482950616,6.34790385945686,36,0.17933252492146473,0.25788757491152586,0.04624762995475731,0.04624762995475731,1bd1f35b28145949ee60e88f82b60bd1a731641dd5249f026c5740a7a8756ac4,5e456de9d48da8a99ecf0a73fddc8d385ed07859505b283404d7895f679faf37,7a007ca89417f728a9c17a4e3bd78aace332de0a4b84ad60d02e2edaa29830df,f4d21e6f95807c8e41043afe838bf652c4e924e60055104acf581b78ed199dab,0.38848179100023117
hellinger,0.02,hellinger_lr0.02,710031,ok,,1.4427379139371874,6.979887376689693,36,0.188803710118581,0.2696476538753996,0.050910477476446406,0.050910477476446406,4318c97da4798a4160602c032b945744c5e804ddd36bb838b076770d7f063eae,f996ee538ede4692a6eb3067fb423dfabe033587afc4e0b1cdc40f4fd433f37a,ad3cdb678d057d55377c567f0b97468f172853b9b3f6f188388d92891154d48a,67c7d975538c0e54a1f7c40b89f707944c6a4bd12ca5c783958a7a5b6a4b76e9,0.3837192499995581
hellinger,0.02,hellinger_lr0.02,710032,ok,,1.1687492268354713,6.752453245539851,36,0.14459229417771993,0.25928155258818336,0.03749011452668657,0.03749011452668657,674f9f6398a5e9711a5a032249747738e182155c82545eb331cdafe26b17225a,94c04a803f67d6dded70c9a4400709b8f10d18d130d73ad80576b0f8e4e36109,809e437d354c943436289e463b345af0c4168d0985eef969b192fb2b120bad79,a2691a8eb481239e1b7d5ca2e239e994770a59f5ba98488b68935a094f45b2c4,0.3888378330011619
hellinger,0.02,hellinger_lr0.02,710033,ok,,0.8706768014935569,6.395814536240689,36,0.20676982519652443,0.263224744196374,0.054426934344884104,0.054426934344884104,a0635316e267c985f4e218565a4e1abf03a2693aabe64c0bda32b254cad24f9f,6a655d2f042a1745dd65fb88e2116960de9cb56f2fea762db72fc011b5d7181d,6391eedd0fe7feadb374663b3705607bdbfd6bf5b1b554e72b9dba9fd980dab3,24182a964b7f78b665f52dd25c015d281ee7aa981641b512ee7b9cfd99cdad11,0.3884251249983208
hellinger,0.02,hellinger_lr0.02,710034,ok,,0.78388561507116,6.350668895894356,36,0.1854528092857931,0.2455944701142743,0.045546184427747924,0.045546184427747924,3535de6482494f61aa12046462970398b58176bf114f0a7fad399bb0fc612812,a534917bcb5f733200bb7c704894f5fd3db16769632d1cfd2ac49b4e6fb43dbe,5d2c6799f57c7a45238257bd180c3983a3ca380f56c7124012228905d8a0fb74,6a08bb83dc5ed75b84ce36bba5dc1499ca31c6e4150670f80e444bb5773948d2,0.3889634160004789
hellinger,0.02,hellinger_lr0.02,710035,ok,,1.070063692735202,6.546730436235382,36,0.184653729804363,0.25858699350107434,0.04774905282886995,0.04774905282886995,5ce4d02d3559d89bec1ba7739ceae75fd73981cca38aacdd639c199c1b2f200f,8dcaa973bb2552e8ccb3a42905e32a2c6d4b8b235530c418804144e6c405669e,bf22a396658a8b360fbd708815f7984e13a44ded6844b33fe2fa0e3d9c081cab,ddf78e803aebcb519969f551d3173b00d8e19fbeb3a689022f243c013c2e8ad2,0.3893019590032054
hellinger,0.02,hellinger_lr0.02,710036,ok,,1.1143196773928363,6.5287274750879405,36,0.17294959880643201,0.2622106129561897,0.04534922031356163,0.04534922031356163,de3c26e0c86932969d4f781435d6ae944cb92c8b37fa644104567f0e786b12a1,7d5fb2591cb4477610c223dfbae2ba7f5bc123493ad26e36fd4ca5a16943fa5b,55e23f6c62fd26081ed99e278194a6e31c2d62ca9e39359c98374ea508b99c7e,00a0735515e56bb53569ac69d2be2cd040982101e9debdc2bfc2a2778436b82d,0.3897730419994332
hellinger,0.02,hellinger_lr0.02,710037,ok,,1.2595342330219959,6.732093067975253,36,0.1383086096314357,0.2754478390750081,0.03809680764844782,0.03809680764844781,d1af9b1b6ff073dc3249824ca4ab4ff539e6d5903df5928fddf91c6cf00a1ccf,b2a8e36481ba4b4fe5419c091f01858e3b12ea1fc1c205689b9fcb5bac6b81ec,63e3cfb1bec1f9f153c115972e7771cb07826ace4e874defe54f5490d3ceb440,0907acd8768ece4e0ec7d0ca395b0dfb9dce9f12c78fbc93f1c481d709ce60b7,0.3882434590050252
hellinger,0.02,hellinger_lr0.02,710038,ok,,0.8210925694932409,6.315904297762765,36,0.18731366124334872,0.2349918094036266,0.04401717618159248,0.04401717618159248,378c571f14ccccc00a52ec41ec9224ca8e081c0cde7d9126e249dcb7b8a3cbfa,5ddc6557473e8c47a03734b47ea0c37491f5dbe10fe1348c639dcb3b6ee4108a,ad163a000f271fd4becd0fb184383153d2c3fe8f2743c90b69e775703cec85c6,d7ecf63db5aaecbdb3997c3692c91e55529b9d0b2fd973b582f72600ef244e7e,0.38868770800036145
hellinger,0.02,hellinger_lr0.02,710039,ok,,1.0092542908631459,6.688557821458831,36,0.25357383744065803,0.19437654730412718,0.04928880700837312,0.04928880700837312,4e8dd5a7227ff6d88590780c9b567a92ebdf7d37ec5902e8c838bd8eed5848e2,f65da492db31baa62b6dac9f117d07ab2aacd1bf1231c248be9c4df2d0f1c1b1,bc57c381d6d5218c2e369e73c9334e413135cba91b86a497c6920733bf6043ae,995ddd5d5a1366faa9e37126dc2d41a9658da3878f55210e53fcaaad40deda60,0.38791816699813353
hellinger,0.02,hellinger_lr0.02,710040,ok,,1.1706857411337148,6.70361061538993,36,0.19608068494564476,0.2557067196260088,0.050139148729471755,0.050139148729471755,38df1054383f2a433e5e9fbbc2e02d64365d13168c14fbd7a88add06781b480d,8ca86552981bbfa880f13bff4b5a31c43e254e7eda2c80c35fc6f3cc094eff8e,8578d97aaa53421b1c89dba1850350d1df0d8340d26947ac98b8f4493af7db0a,29da00365ed90be2cfeeb1547b05683af3d3ab45b2ec59114b78cb8ac5d44ec5,0.3889812920024269
hellinger,0.02,hellinger_lr0.02,710041,ok,,0.8137782056059557,6.427202708031791,36,0.21234842998748768,0.2473864858039558,0.05253213186059193,0.05253213186059193,1926eeafc5676a2fba39a6fec6a304988f4cde01c7e6468893cd6f6152acf6d1,76f60d1ee80faf1147b79c4e78951962e61e6d0cdbf7909cac4abfb303e8d307,7b8aa0dccc2df547eabd0ebdb5393424968575521f486660447360784c9f314c,b1b99e5714e55bf32c9365b0fb0ebf3b48d65f3d345c09580a9cdc2d2cb2bb31,0.38916162500390783
hellinger,0.02,hellinger_lr0.02,710042,ok,,1.411896943156327,7.179744181594627,36,0.19058217943627603,0.2763818049741437,0.052673446748504105,0.052673446748504105,644fa479f0486c5c3b2931dfaff092b504cc70b99e3c534abc9b0938c0233729,822a651524878f4efbb8826f670394e893a1be80dc975167058722a3cf734ebe,d9cfe07dedc3f9d4afd955ade3596b80dbeb8cd29f72c01b19286fe6a89be13f,bf7ab36b411531309d23ad74664e6747a166d002cf3a38ad80433ae07529163f,0.38849308300268603
hellinger,0.02,hellinger_lr0.02,710043,ok,,1.0952166691591032,6.743702398590856,36,0.19254195572540442,0.2664057937330697,0.05129429254194393,0.05129429254194393,afbda4cb476b38b0d231773902a2d607336ac1bf3ca232be8fecec4033ec8468,ddfb9b0fff460bb45c9a06f9251c8dbdf58c3a7419a90826afa1aef9cea2ded7,4f340558259cf6c48d33760a507973501cbcd4a5dc6103a634f79bf7306f83a1,af84830c362c3739df62755b7fd3ad40b668d89b50a54866ea5368dcff85d012,0.3875481669965666
hellinger,0.02,hellinger_lr0.02,710044,ok,,1.034090822761864,6.604709040920981,36,0.1528659568144189,0.2625257872551041,0.04013125565721007,0.04013125565721007,fd21c7fc2139ed0b94a54069c906f287e2e5776d3193567171c48b2ddfbf9a52,e57acd2430b4e52713f3063ab67e72b58c7dafc737bb5f3e4aea3c3fbc897f55,23235c71e11018d0ebd17338e26f110c40fadb3a9de4e4acf0ab254d913ecbeb,4dc6748f6070f04f7db166869df60b3baddf7afa3caa7d0d6e43e32fe6c4a22f,0.3858271249991958
hellinger,0.02,hellinger_lr0.02,710045,ok,,1.047509127628005,6.694418061357158,36,0.19577354759936597,0.2730702461614417,0.05345993083485759,0.05345993083485759,bf679db86b5a2003607854c523336e3608db3d643e6d05f010f498ec489c4563,812ff23e7735b1d51b23019cf45f56c6ce6b6f5c2c01b0b3d96f810acc62dc87,2294a711125ac19565d026b6a05b2eac3c3e35d6c48e3cbf859f62f0f78a5b72,23b55e65510fb687c301654c152557e680d5933b131b1481dc6924c6dbc4e1bb,0.38746974999958184
hellinger,0.02,hellinger_lr0.02,710046,ok,,1.0485792223613317,6.643749461303945,36,0.1514454069560604,0.2620550056405839,0.03968702697411094,0.03968702697411094,7c603c28f47ef88d169d2e2319e9d2b1f26844aa8d4b2b09eed09f46ef77d84d,a3a55bdca039a29f81202e3642bdb65c7afd2625f995e44f5243bcbb4fe4de8c,a30eff3fb53371b2e404e803d2f3940b9134bedf1c67152c559c75af130f7bb7,76adab541da5ed8999c0b260793fc4631cb56971e9c8495b04abe66c811e1e5c,0.386084124998888
hellinger,0.02,hellinger_lr0.02,710047,ok,,0.9259119427487497,6.585971364688411,36,0.19323277393670305,0.25557176161544115,0.0493848404368415,0.0493848404368415,bc7f46b24002d0e82d0ef9c56f4f4174d2147783912670efdd1bae448c62df41,d6482ca054e3893f5074f6ecc40edca0c65c10005e6fb3abfc9200683ddc6904,1fd1f15f7cc4ba3ce44ad8c424bd36ecff9671a1972f86ebcfb4d9db2372c5d3,c767eee3e971ce923ed53200ca88637cfbda575f3d5ca79c75df943edfc13409,0.38410541700432077
hellinger,0.02,hellinger_lr0.02,710048,ok,,1.1544421387096229,6.860485049391145,36,0.176402137839268,0.2655760858531535,0.04684818930348126,0.04684818930348126,94e46449ced37f97492d284309dc0abf196e8b4657ddfa80d663bc009feed24c,86806af571fb8dbeb78a52e23eb895658e1134b5fcc3b3db750b356116af4c24,111617380cbeacbff05ba6b13feaa7334224ec9321fdb66bfe748deda5e85874,cdf3635640c3afdbe2e17a7b75d15097e42eadb22fccad97ab1e22847aef53e6,0.3847588339995127
hellinger,0.02,hellinger_lr0.02,710049,ok,,0.9513991120409182,6.648182800143353,36,0.21490936881538117,0.2547049754145307,0.05473848550047397,0.05473848550047397,8c029f92208a40502b8a5afa8da5793eed67e83f968d5ac9b2acb6f68a330d8e,7d5d90aa0a5ba7ebf14870a1c5519dd3ac99b6745d3cc054034eeb515dccbe18,d83a64c16fd6a632329e2ba85157c3de1faf93c99578381cff3dfa5d177ca020,8f0c111a0eb4dee36e672fb067ac469177bebc6eb1848ad679a3c57424f4346a,0.38226566599769285
hellinger,0.02,hellinger_lr0.02,710050,ok,,1.324549712794541,6.777329471498311,36,0.1924081241360996,0.27246901315631294,0.052425251706620414,0.052425251706620414,938d851bac2be55759ca7392620dea2cf1c176e84622300b7f90927f74bb4f3e,a975573198eb5dd33584d5943630286b0cd7898aefa127ed49c0e2730dcb6318,0598487890e864e19df343ab3c5867fc1db502bf7f20b0de8d0b97e1d92d9644,79cc89f8ddd67566302e4ded9b7236fbd631d48ff971ee90d573a50a58463f70,0.38451687499764375
hellinger,0.02,hellinger_lr0.02,710051,ok,,1.1542268409947907,6.774111504711944,36,0.15327149076334595,0.25929178033982647,0.03974203771536724,0.03974203771536724,3d358ffb28fd5f157b0ec5ded619a41d7bdf1bf8384d8b2d1426fe6076d3561f,4a97b54e516384c078e35449cf3a1bf0bcb376f0bbf99bd11f34cd73b89c811c,6717186d7542c4cbfc0a5b489e71b68799f719d8f47da17b8b4809e0f53cda56,837a538d16f2652f0a4cdfcda3bd719acc0f1ed6aa17faad007829f9fc31cc93,0.3879875409984379
hellinger,0.02,hellinger_lr0.02,710052,ok,,1.169009311588963,6.769204923353647,36,0.16703260318499438,0.2782778499681613,0.04648147368890529,0.04648147368890529,a6ecd70c26b61ec5313e6c46561d9c35826037ccb66e01225b05cae2433675e9,81b54344abdd3a1751a345a20f262ee0525c4fbee6e37f91a20cb69b8e7e0169,71509b5f572d4d3a3c5393b995a2c798edbb043a95b2831d07e49009cfb5bf68,fcceed500348b84208cde679d8a492a6977dbf1e25f22ec30c76a5455ac8d24e,0.3855337920031161
hellinger,0.02,hellinger_lr0.02,710053,ok,,1.0066773212501263,6.612759018742964,36,0.20086221906813487,0.2579762247385021,0.051817676967795406,0.051817676967795406,f55452c1ef9a1938e87b4d106597de3bf535ebe9619c7083f9c3195b4e677323,4a0a667f2694a05548301f90639f0208ed32a2db8dd5217cb4c92e9e50961a99,6484180d2e067c8d440f0cf6a881362aab339bc5a40622e6610348676f193343,9dded71300c763b27f50f01f2e86e94f08101243abe32ee7360262e8840e5199,0.3859121249988675
hellinger,0.02,hellinger_lr0.02,710054,ok,,0.8078519980623844,6.439098709622837,36,0.15925408873982888,0.22313265187213624,0.03553478714199853,0.03553478714199853,87835c9cbd7737dc1459b2652ab697fb94da9aefd96cd147d1e6ffaea48ed34a,6b24e51565e67b216fb51004a0c385e75eb53552451da22cc6067b4af1fe7e34,870bf339294255e0d9015c284c5d546ef7cb60cb63af89b7da4f0117cd56acd1,ff5bcc88a1eb24339dc1dd9d0bbef21ad1a83a36640657a7c9d7dceb79706edb,0.3883082909960649
hellinger,0.02,hellinger_lr0.02,710055,ok,,0.8847020286528429,6.494707460672101,36,0.17963271148676574,0.2696455119365099,0.048437154449392325,0.048437154449392325,1c98689651ccc3e0e303cb66df93aa82fe0d3ac6c58f7177b1260efd1b53a44b,998dafb67137bd34e53e79cdb6c351686d22bb5ae595c803e609b9ea5c5b7dc4,2811ad4ff155e287d7f9487d1a3c2bc4b92a46738b6622bb9cdf744296b771ec,3f3e0863f49becc58011b14cf1e23fd79f61f363e602c9e09ee4028107586e0c,0.3860084170009941
hellinger,0.02,hellinger_lr0.02,710056,ok,,0.9506083581395962,6.558408379888538,36,0.2013434492108925,0.2466714891052335,0.04966568843843481,0.04966568843843481,681c4773cf9a1708e417cd39b861bd1b16abbd7a852d74dc51095f2fb515cc1f,f9e8c087a604838fe81f65eb7eb909258ee44d53dd0c43a7525a7f6195e9d485,069205386a5252dcd6b0f01806043f1178cc4c8ebfb5e2380e0618117725069c,831382bbdc66672c6634b776d144dd5fd93c29b4ecba134e59d2390e452825f5,0.3850416670029517
hellinger,0.02,hellinger_lr0.02,710057,ok,,1.024975984893486,6.5876376712954094,36,0.19421378349317947,0.2662905351025171,0.051717292330683166,0.051717292330683166,2bc80cbd37eda3d9ceb27b9ce225092e4192a58362eb725e52e78463e00407d4,cfbf6c3c9e6d05851c8966b7aa28b32b3d5d8ad30c3211a1ef69a8d3c45a6d2a,9c6f8af8be3f41db8eb78049ddbf71e26f7e348ed2278ec30ec9830b1d3225e3,295a0225764be63f10b3ad7462544166d3019f5ddf6118ced39b58666a64dee2,0.38645666699449066
hellinger,0.02,hellinger_lr0.02,710058,ok,,1.3582133272059123,6.918659206473436,36,0.19548400816208758,0.264912685573103,0.051786193588813006,0.051786193588813006,cdf6bcb7f9784354f9ca8f4a26f31066a093ed2c0177783ac8de995dd4aac39b,3a4cae55b0dea6c8e1fe4747e3eaacdaad40cc44aa68304158eec70efd041a88,79a8d382e9cc4ddfd9be7073aaf7b26df7c5d67abd58b384d1377ab1704b3483,8d9a7893d5320a5de41622b34d85f9914712d3307832f6ea0a18a9ceb4e7d579,0.3836261249962263
hellinger,0.02,hellinger_lr0.02,710059,ok,,0.8618602122002939,6.547475249080094,36,0.1844414846205962,0.2329369577079222,0.0429632383026542,0.0429632383026542,1e5469e8bc28ba9c8a009af65e2f07abed1f783054ba07f0a1aa3b330ca62058,ed868096cb905f86297477aa8ae369d4b229151ce23434b014b717cce4e0209c,14803498b82af5461d61db471e50df5cd9748ced8a625d1706e0fd475d51ffca,14703e6c63856717af24ece91df8654b175779f7a62ff95a944dca7335885df7,0.38867124999524094
hellinger,0.02,hellinger_lr0.02,710060,ok,,0.9481555912374093,6.612338772094525,36,0.17095939955628295,0.27076615908356716,0.04629001997708763,0.04629001997708763,a244c6f03c72cfaad45b2a44b7414228832b41567828028b181b04536decb69d,53fad8693425193118422c69ca48fe76ada0a6a5e4c3a443bb50be4bd0997f07,cf78216d77506394fdb667f9c9bb3ab92f6054fdb523a43c6c47c7887c5d892a,e0b6414ed153c4bc8ab6220531f1e113347d9674843b941528e55abab87d4cad,0.3886144999996759
hellinger,0.02,hellinger_lr0.02,710061,ok,,1.0520755022278763,6.717567955783563,36,0.213268947699554,0.2556766942235778,0.05452789952836308,0.05452789952836308,df26c39ec02b99544084a9221cd764d575498460b2e5c90925f86c4983f32299,aeb641289b69759683a6a85f1305a67846f24640d3fb521d05d575b6eec5dc53,a54269e27508aaca436167c2d9d9affac4e4a098e769b5e0f021e8802df02657,5b1f21b40882ed5ab8ab75592ff3190b3e894c83a9221296a3e1ef7c6dbf15a8,0.3877144159996533
hellinger,0.02,hellinger_lr0.02,710062,ok,,0.9849674066823724,6.535757938604067,36,0.1959036489563453,0.26155135563364407,0.051238864958109635,0.051238864958109635,43949392d6089b6426e0dd83cd855d77be771636ee3615c30704e50c0366393c,d41688dc118aad39615b2e728c2363a27329b1390f74df32d2fd944160cdb7cb,bb194b039ffc5b0cc54b983c27930a20748f60aa12aac601f694338afa68a2fd,68e836efc7ba6646435d4999be2f2fab072a82ec7fe9b3c9788284b2bb12dbdf,0.3851803750003455
hellinger,0.02,hellinger_lr0.02,710063,ok,,0.9877044132429169,6.559825579588038,36,0.1811565580340174,0.2391946872874135,0.043331686249010966,0.043331686249010966,bc194be99cdc0ba1bfbd6f7fb68d213b51d30468cd33521a6db8aecea34f53ed,03318e166acdefb67948107fc0dd6f6c7c5b92240ea3fe5a69620bac1f044c86,01877a48ff28b704e0c99819dba4a4304d80bc87ee8a2b6b8d1ef9281a396c06,f422aeed19a37a13d1f0a45057961d12ea9808b014b365f4f92c13006ebd2038,0.3877911249946919
hellinger,0.02,hellinger_lr0.02,710064,ok,,0.7526762567593737,6.414784745811341,36,0.18716961535959903,0.24741454426185858,0.04630848508386256,0.04630848508386256,d533b196ba1c855b2047cdba462e085e24c031a192bcb24a87783a4f7e3ff78e,63dab2d377afb930668cd49dac93f60bfe1a2b1ea7684fc309aada1142821735,0dd5e7ac232e6037ff16e8566a1208410751f661a8f1ee982d66842c8bd67c9c,41b181136a559bb196f02f0df036211b189ba31087459e30d844def15744bbf4,0.38583295800344786
hellinger,0.02,hellinger_lr0.02,710065,ok,,1.1069374564892183,6.672814523050707,36,0.17719930477844437,0.27525951543346666,0.04877579476846177,0.04877579476846177,a014d4ffe4b137efeada0a42d32920ff41d8f0526e3fdae0ce901ab10e59c521,b52ec9d9f6a738791b39295e6186ccc2359cffcc85d0c38273500fdcb9c4b285,33ac423599268c9945bb1fdb1f77657c086ee21bd22caf09c9e7a9209c80b55f,cf4c97283896b9848633881242b08eb87bdc58fc7f9ad5b465c931d69035c3d9,0.39175504100421676
hellinger,0.02,hellinger_lr0.02,710066,ok,,1.1979217087440588,6.819174979082194,36,0.158211919252856,0.25981618503161136,0.041106017286806386,0.041106017286806386,161bbb45a9072cde44eb2c5bcaf375b589919e9563088188b033f7730d06fde3,ddec2590744e7004289ff399b69b1acb0796c1465447153e75de68cb65ff03f9,9081df26cbe986989861b0795f49fc260970ac230afa636e963ef076e3ceb948,a95e4b265daf7d26083b864623107f4a00e22238f9cb9cb5271cb189741e9d14,0.3904794580012094
hellinger,0.02,hellinger_lr0.02,710067,ok,,0.9978390458971315,6.68375682685892,36,0.18682816329929886,0.24136352023832813,0.04509350317357999,0.04509350317357999,7f508a2eb188b0530779e89124f7623715930312d84b9cabbf32eac45dc747f7,8d8d5e5c61c62ab06d26325815bdbc7393d7fa1a212afa13209de6cdbbe3862a,8e274f333de2f4b4b2b5f9f52a17a43c7594e40e3cd6c9cd48c59e09215c809b,cf17a7b1c2621da4ab9f11a6440ab8492969515a41db26a440fc9754d65266c8,0.3902439170051366
hellinger,0.02,hellinger_lr0.02,710068,ok,,1.5516447536203128,7.268862861873509,36,0.14908597981464147,0.27268578636443513,0.040653627641667814,0.040653627641667814,8ea2168a7f486fbfa6ab635db11e4f74a349413ad588cf5ab3c236169dcb9832,74dd74ef8b0b3a3123eafd84f5d27bf3551c935470ec738cd00b0d775ec6b524,852350f27dcde2217228237edebdb6db4db478c93ff0a251e57b09b531c662e0,00538e8f85dfa3acc697afb435b9724424a9107f54123f26de85bbc842299c6f,0.38709754099545535
hellinger,0.02,hellinger_lr0.02,710069,ok,,0.858892145881692,6.741325047480995,36,0.1854323408574523,0.2404287081043501,0.04458325815312275,0.04458325815312275,389d200b42977c1709404be963cec48eff2c28532765ee7e4564b0cd8cd536f3,07f43ea38d007fd9d00aa55677ac68f91a1ac698c1aa0de566883a0b0e1d393f,996e8a189170089c66a4565044f738b2383dd7fa60240659faab75501c4e138f,c6bcfaa128e6552e27f08bf6ff1bc0563bdbea4c4f7dbb64c91f9dbf0f94dae3,0.39220758299779845
hellinger,0.02,hellinger_lr0.02,710070,ok,,1.1369605412930892,6.644836892588506,36,0.14895553798423433,0.285566783711764,0.0425367538982133,0.0425367538982133,686471e5471e019a9f930c22a0d8c2371f50ae01eda93b91bc33a1e08264534c,96aa986121e53e392ff93bb81d0b72e4da9c4570b9fbadb558bb3b57bbe52df9,2db96942e894b883184db6457ae00afae4e7a9de252e3bafdfdb6b4b2b897e56,1f510c5c1fbbd87cc65f5cf4afbe9733a0bdc347a3aa1260ee1930f319c10595,0.3872668340045493
hellinger,0.02,hellinger_lr0.02,710071,ok,,1.1249539032523548,6.719446173857478,36,0.18430027205673088,0.2400931161023697,0.04424922661661501,0.04424922661661501,99f40e0796bbb4c7059ead58721a547e9cd3666a60900992cdafbf62c523b452,6e25b96b1ed9d72bbad18aab2eb4592a9541ea9a6e9f6ba8462d5dd3fd7ff168,fb76ce7fae56350757000bd8dc3b30aeaed39160defafcb4b793b6bffa2521c3,834abc84653b38191a726bd468bf60b9a25e29a1f86410bea57cde03e4ea4bae,0.3877326669971808
hellinger,0.02,hellinger_lr0.02,710072,ok,,1.485304797699424,6.974176818116332,36,0.1929907272970086,0.26425889947631875,0.050999517204641846,0.050999517204641846,626f08f98e740637cf3b7fe09e22b054a7c81d36f61ee6f178942c25f453f552,5e85dc21d2cd37712b1f35f453cb95d164450f4e733e958ed471040654503207,92ebaee588efa21821803441e5f19b430078cd8164b73299b2a156996ee28c46,dc9401278a0b0d5ae204b91d74502ad3d70878abfb7d50b3a407e0fa7d250840,0.3877977500014822
hellinger,0.02,hellinger_lr0.02,710073,ok,,0.984345026936208,6.572583208382147,36,0.17386352512786918,0.26305859381489244,0.04573629443583748,0.04573629443583748,aefbe69a0a992cc25253a1f8cec1184fc2429aeb74ce7d7817249412e6843e7c,f18f406068795dcc629446cfa178d697113142e82a56650609d729d392811efc,c307686e4013bb69688c0e22bb1c2894f26e67fc5505936443b40a649d855889,00bd7d0c7306014df7fd65971d5a0913c737d4990083ff5d054122097f96abda,0.38360691699926974
hellinger,0.02,hellinger_lr0.02,710074,ok,,1.021578773408055,6.546744274176965,36,0.2331521288766892,0.19946647941644474,0.0465060343154824,0.0465060343154824,9afad07f55863d8542c6aadd0e1352f0e96af25072ec39c0c6f2928105565996,618deb74535faf773a72802369168f17de33aaf72216925a74d1bd1cf6b177b5,ecfbcdaf6928c3c7edb48b3a2c2903fa4461a13e1961ec2519d7b607885d0c8d,f144587b13d51377574b7c9ad660819f7169d8cb0089dc1d300cdd0d0fc05440,0.3835107920021983
hellinger,0.02,hellinger_lr0.02,710075,ok,,1.017408004471869,6.772259982287384,36,0.1893266568092707,0.25282052454006537,0.04786566468393676,0.04786566468393676,ee5991253967a9e84172778eff3cbca4db3b33674ef97c4a308bd8a1a3caa2d7,95d4e8917af0959280f83c7871c07b1e510a0f95846120ba5a62968e90c6822a,b8dbe1200ab2a3b25ed38e4f51d6c07ca32493b533ff3a924a243f935edee88f,cb9e4bbf1ddb68eb3352cd084a84c43b068cce56c31631586fcb4b8f6bd136f1,0.38328029200056335
hellinger,0.02,hellinger_lr0.02,710076,ok,,1.0281472683062,6.637103406963475,36,0.18266338573127572,0.2817427551360928,0.051464085558416486,0.051464085558416486,879518ee3fa8fe6bb7e5992ce8ddab42fde6ef3ccec9cae04057ba4e03396612,563dcae5f39d57bd6ecdad8885def6da78c03cf876b1ce3c950314736f42dc2a,3217632c47b51152b361ece6ebae42f980a71415ca5d65ad16050dd3e9195b40,b6567c387115225a7e7742b6180bc8b6677a09b71735abb5dc96b85965df1805,0.38190333399688825
hellinger,0.02,hellinger_lr0.02,710077,ok,,1.0939619257612971,6.832449955407699,36,0.21298467265152274,0.25162344472948905,0.05359193700715875,0.05359193700715875,7a0cb306320fc95856bc970100f59da1b0da515f1a4806ecf1f0a5312889b1b6,03e3cd1df2ffb19838fde0d200dff4d7a16b0b56a00fd6040485bb7e65571156,b8e5fc1f210dd047048ca9536d9152921a4ceff46c480d74c917801ed10977d1,213e4bd4f3cc483c6a0acf739ca1437606d35dc3a296bd44436d9b1c084a074b,0.3840465419998509
hellinger,0.02,hellinger_lr0.02,710078,ok,,1.0386233588142182,6.770739058854808,36,0.20962333416527848,0.24871630991715532,0.05213674214611882,0.05213674214611882,7ec26f80b4ecf7320a564c0f6da2875b362aa266a582d9be736697977b7a938f,1cb6dafde57f5dc5801e4795f595177aba9f1d17fce5fe01a15f1cafb95468d1,2153a2c0ea0094ad6678cbf63f81d470edbb7adab890d6acfa580f087499b965,b0ff8293b26eedd9c1fe441d08e481e9526dfd7aef3e565c7c4f13420b1cb0e0,0.386104916993645
hellinger,0.02,hellinger_lr0.02,710079,ok,,1.097238544163097,6.575640740256734,36,0.19641088697629286,0.24888813179955135,0.04888433872462236,0.04888433872462236,796724fb3363220d9af26fcb24bcca492856a559dec7ad722d82498210554073,9a929406b3f8cd52487a25bd2834ed548917e3a962b012eaffae7488a9b5038b,cbf417a04f4704b00a82bb28750096765ba42931549f1d3a0fe41be7ce728409,24459a3ff2ede5c00671fa1cefbb9724eb53e7c03e5f76b3dc416c0f03da4c1d,0.38271254100254737
hellinger,0.02,hellinger_lr0.02,710080,ok,,1.0521299333748768,6.667061594549509,36,0.1727019411781201,0.2629867483386573,0.04541832194220787,0.04541832194220787,eb69e6c7e1fb8ae063cfaf3fd1b792448b47e50bd864a7e32239be376b7ab71e,0c126746bdf73d1d674742e21db0ed692dd84b2d7ae90636e88e0e9c63b3bdef,ebc0d55b97b9ce1ce4de9d8003e7e256d43cda829bee9319c9921d719058a973,5457d8be936723a225294a956e6f7d90c27e5bd6629d89d11dab436013105e90,0.3863124580020667
hellinger,0.02,hellinger_lr0.02,710081,ok,,0.8519526670998012,6.519402735275043,36,0.20784079735851438,0.23004291596007173,0.04781230307981902,0.04781230307981902,e9bf76f521ec5c1ad5003bde80e9802049dc82f53c88a2e2969404aa0dfaa320,31ba2294b3f33979fa93c55279682fa37d86f453fe1579286eb79c3fc9ffcde5,cf439ef4af32da77dd1c723164516cea7d1916d9ee54f2396c837345539f18b0,66dc0f3493aa30fdbafb4c2c34db54e721b6562f177427214f2f775cfdba8732,0.38897737500519725
hellinger,0.02,hellinger_lr0.02,710082,ok,,0.9461488849517,6.808992540073656,36,0.16675055591884264,0.2678412981841452,0.04466268537023071,0.04466268537023071,5bbe69c0ac6f01ef087278bc378360d33af39c0130efd98fd15b31a1ffde6e47,8fb25eee675d319ed5e498adc729db6013d01a7b7127d3ab2af108dc1a4dc81f,abe8dc393d4ec0ba979d549f5d69e7b882a24b1c909db2d27de49b8ca378e7d6,5cd6618f4e4c8bdf0449c35ff7dd60e48f9bb7b25862f2a065f82ec99ec38814,0.38467416699859314
hellinger,0.02,hellinger_lr0.02,710083,ok,,0.967786491761087,6.607095714918089,36,0.19354525775022488,0.26764907237844515,0.05180220870009476,0.05180220870009476,4052fe6f0c79665757d45ba2d5f14501ba6cbf4b33110dd613ba622b90fc2ce6,e9e0e4322ba8ab20a6fe95519c22e4852d9e501e70a2c74ab0b9cd1dadfb5e5c,9aa609312927b57a9b71724874c1b9f5df266e719a74e04dc3488a248bd89cec,de5aa3b508dddfed55dd3c2d8069a264734b69d0898e20c0cf0fef68a2b63b93,0.38735145799728343
hellinger,0.02,hellinger_lr0.02,710084,ok,,1.1370569016921421,6.854995416074424,36,0.15933405809869228,0.2658941971478163,0.042366001456455304,0.042366001456455304,723979127cd92b00cc5e548ea27a3ade0942f44d8d2e9fd3ce925fd4555ab129,469cbeeaa3fcdb5c3846c1c3f04601c5a922971b4f777a8128e2dedded94387d,051a7b5049006e5c85b013c019c46f7206518d48c1ceb5cc3573889aa9f99de0,00e43453b677b4a8a3e5ba8ff11953e69472e878f5ec5eeb10648b109ce5e588,0.38591741699929116
hellinger,0.02,hellinger_lr0.02,710085,ok,,1.27168116752567,6.92253828469799,36,0.1695670476860352,0.28209569158769937,0.0478341335874765,0.0478341335874765,fd6e17275f8a1fa1fcaf6b75b0607b7ddd9e5b1c9c1a1341123603fd821a7228,8bd34932371841ccd4128615d181c4b835d41bfdb3c53e381d9b86ea2e6b53fc,7f34c5a2945c7625fd2aab4d555d21fda6d10b3e381cae0dd07acc849d1601c3,627fe3e0f3391e37c3c7f4d92205e5294a569ed7733f123597e3f318851766b7,0.38462066699867137
hellinger,0.02,hellinger_lr0.02,710086,ok,,0.971471069848475,6.635682669348084,36,0.1515397062362072,0.27391828960575415,0.04150949713958031,0.04150949713958031,574d6e47ccd569f1cec21a771e18d66341292c9051fbbb057f237228cbf0079c,cd6bf76c2d5c71339da432381ac8633eb36f8c55320ac7be86a686071f3d4baf,7c01bd40a203da83619d60ef85954655d5e44a2f83d13878d1f7396bbe8a14e3,8a349ea60843bc6eae9021545f88ecd1a98588c578bda5d3ea656e1e8688b056,0.3900629579948145
hellinger,0.02,hellinger_lr0.02,710087,ok,,1.0857463067369342,6.662494721320751,36,0.15936433858139407,0.2525977592422302,0.04025507482878024,0.04025507482878024,1420b068c0b301959c4dccbe7957de6d73e91ada296722be5ecf97a8254435db,b6325c1c1682167bf67343e86bedf6205560e1a138af9c87678ec628b3b04f74,1d25d652ed1de7a0197c6162239249f6ba0752a65e46abab045162df7b1d23e0,c9317ac662de6666a3459e39cbb12e1a7b951963e8eb3217ae4604fe75942f2a,0.3914648749996559
hellinger,0.02,hellinger_lr0.02,710088,ok,,1.4485101590677818,7.080124300826654,36,0.13929031733924427,0.2647838672181236,0.03688182889112475,0.03688182889112475,8edace0273903173efb93f01019144696ba138d3c671e5838cd84362f8c7eeed,bbe45007cf8b2c7103013a41bdb0758f46d6e3d4f89cc81b4badabfb7b6fde43,ecc0c2acc319a0339d3f3cce47932ee8e8f15945987c7971cda0fb899ede6311,eb9334be930da7adf3d6bd419a1fe772f81f62b6e66370dd820e4c27e894c4c7,0.3913010000032955
hellinger,0.02,hellinger_lr0.02,710089,ok,,1.2687692275625244,7.11017083145307,36,0.21138056907535513,0.27671348680412167,0.05849185431148101,0.05849185431148101,e07405a21fbba0a30a26a4bd6217bb7da202d9e379d3cd31383a6518b347deeb,627eb75a6f85e7ba983beb131718e18a16b35eadf96edf4031ea550fac2a07e1,89d5770e1e37c98000803d38be34080424e6f98be1740837044d6d779527b590,4cd82f402a71c422b242b61686b620b37395b344a7a09b82df1585f85ca82253,0.38888787500036415
hellinger,0.02,hellinger_lr0.02,710090,ok,,1.4372997662900522,7.173010508530821,36,0.17824330781086306,0.28062871165673253,0.05002018983239691,0.050020189832396915,8fdcdd0dd2a15429d12bc69a8880f7828b3bc3c5387433278f2469aacc1e501d,d92fb18fe0513be8768c1f082e9cc621a83d273be55f0eaea722781b2b695691,867eaa5c80c7c482cbef7785459017cbc6ee245f3fc6af71c89d832a430e1cc9,a25882ca0a376f3d15c9675d958c1a02fca852ce2aa4665289ecf8609bc4db05,0.38703208400693256
hellinger,0.02,hellinger_lr0.02,710091,ok,,0.7880625333446571,6.445563646620636,36,0.2125653374028941,0.24500684306734136,0.052079962262627344,0.052079962262627344,e951a525af7ba291372b7cac35c484ee8d202dde527b6ff39a863304c0717b76,b629d68128ff5c09e515280fd40fdd93161b26b5d045eee04d17b891da911795,da3bcea225ce514925498e95deea7acd83935ace1e58e82fc12a63fd97853b5b,c91396c280529315cc0586527632b3ebd81873612fb73577de9992cb48ce24c0,0.38608533299702685
hellinger,0.02,hellinger_lr0.02,710092,ok,,1.0622620957019462,6.583732360283849,36,0.2412424600514549,0.26613586560191277,0.0642032709257288,0.0642032709257288,85c1af327d1b610022b253fadfb9866fd620f13557d8bc121e0b82c22b99615e,e838865878582c7c3eb5c15a68b9d915d7d4bf43902cf40625bcd2e03f86e126,7fa116d3f52bfb8a88b71c1b26d77e915966b17741fa0715eacf97764d156fe1,225a30f2184d2e831af687187216f4cda5026b7c0257c5129470b63310ace6e4,0.3919143749953946
hellinger,0.02,hellinger_lr0.02,710093,ok,,0.9060277234302476,6.484588443286485,36,0.219737246219226,0.2347328098695704,0.05157954123804055,0.05157954123804055,bf49553c34dca2b4df9d9bd7feab06157c82006b8e0c1850df5d466065a186a2,52d8f57ae9c43a380977368a1a6574983e934de9b76a5433cc7c847f9c6d3cef,c078dfa322e417560485687ed4e117100dc21dedeece70710ae1668a95bdf92a,70ce759573955dd2405f2f89d63a0d6519caba8f7728bd3ad41794baa3763842,0.39297562499996275
hellinger,0.02,hellinger_lr0.02,710094,ok,,0.8023983517933462,6.306720142656115,36,0.19845237146591385,0.23581612447200223,0.04679826913136997,0.04679826913136997,97076496aa08bbdd814b6464512c0954e7ad0aa8e6b50e3f94f11bb7eb9406a6,670f7a197b68cf4f193ea9eb684c1f949e68b60c7ec208cbdce2ed9b11fed436,64fe88f5c23c0e949dcdf275621038ad7a4e850808246d505bd026486f806b36,a97c81580ef49a6be1a6f6f01d810c5c09d15d543b110a6324c09ddffb5e2096,0.3924352079993696
hellinger,0.02,hellinger_lr0.02,710095,ok,,1.0760123732098528,6.7423336566389365,36,0.15967779068563065,0.2854607774156103,0.045581746265127225,0.045581746265127225,aded037f6219fdee356dd2fd637f8acd46a64366495ece4104643e7bf1575803,9d84138c0c1f36c1a068a79f3cd59f5da4a46304168d7aff30a594eedee9af32,fbcaa28a7e638fd788cb288e89b999be45ad1f959a77461f625464b7b9534498,18c4f72aa81ad3821620a347d9a6ac87c005a13bdd5a7a3b85c4a4be9d1b1192,0.3906946249990142
hellinger,0.02,hellinger_lr0.02,710096,ok,,1.0827560625392274,6.799960510167293,36,0.16449497918687564,0.2754625515692305,0.04531220668714423,0.04531220668714423,f4419b1aae4cdf25db407da539a759d6ffda95fa7c27c6916572604d36a61ed1,61b3f1308c777b39676dc3c6b22bcc6f60181a0a93b895ff293939a4abbe2de4,4735609a41b45bc58f213e1c1a9ea9c12eba87eade8e1b628e4ff85fa802ef8c,a5431b4763130e49e57f4a54b6ea35eab10ed3805a0e76c803318879a904857a,0.3966050839953823
hellinger,0.02,hellinger_lr0.02,710097,ok,,1.0979222801073263,6.733166715242005,36,0.1712138347895466,0.26708100035847343,0.04572796227080251,0.04572796227080251,abe685dcc4b3a2dcf9f21becdf676828ffb43c5893218a46e38371caaecdce94,bb6d73a8168c788593fcf352c70c804f82306aed4735f7423a8e965902b83d66,eee9e512ba7284a0204d0533635fd416309bc3291f590dcd0f077a0315a6ad45,68a20769eb5df016dd63e483c6ed2798dde5feb8ed4ee9683772439fe906fef3,0.39405425000586547
hellinger,0.02,hellinger_lr0.02,710098,ok,,1.2354286282979197,6.876984654374336,36,0.18898336320210773,0.25462588090942134,0.048120055332561806,0.048120055332561806,d6ddff813cb107c11587461420e21ec0f95384558f599277c94a61ec80c8164c,913ca572a5f7cd646b8a1021c395e8b6314a1ad08cfd683dec6452df46625e73,30ddb9f8325854c1cbdbd599a87fda8d21b136e6f89ceddb48b6914c3fce76c2,f53019952b57b1304097557c81959595f37531facdd5aded0974ca8417cc533f,0.3957327919997624
hellinger,0.02,hellinger_lr0.02,710099,ok,,1.0606470677090936,6.543677000798094,36,0.193384528469429,0.2656965815718192,0.05138160814320543,0.05138160814320543,7f43288afdf23021bd0c43664f5daecb1875e6e358027e241a7552619604ce78,2c55bc542c893bc5f42ea42530c8ec47c188003c80acc8fe37c60b9da156d80d,57ccec2855f978f7b51aac02a68dd0fd68482398fdf10bd301fa852a3d098c03,74fe3b91bbfe35fc3ed088d20291c75b1c14a8ccb6dbfc69159cef14c52c1842,0.39543687499826774
hellinger,0.02,hellinger_lr0.02,710100,ok,,1.171106521732441,6.805666639091603,36,0.16071039917658686,0.27594468874129263,0.04434718107827215,0.04434718107827215,81e8fe46a6b0a6b123a3a8cbeb20dff6c9ecd01d23b9b474653c6f0e4492a2dd,dfad1368a86b2ce73f0784973e3f9f1ab0c0dd35fdf63803d5f1845dd3826a84,a6cf51c060a642c2c2bc7f9a5bacbc68dd15c74506d9f20f6335042a1dd8dbff,4d0e83348d26fec7516814010801ae928eb465ff368b82dd9eb9f9e4c08517f1,0.3911803749942919
hellinger,0.02,hellinger_lr0.02,710101,ok,,1.1676397110824137,6.660028064638496,36,0.20262697395302465,0.2713062029433449,0.05497395491709516,0.05497395491709516,4c84e6521085dfd3ee46b3bce2f9af6ac1b36a87a93f4fb4a6bebd8400611316,6d52c2cfae427124de21f67ec71c699573386f966b564f4b4d5810051c36cdf7,5162f9c8fe91f41478f7540059fdcedcc804f86edaf503129dd5e08a9c25f6fa,161ee5816eadcae5f1e88841e32ed970ed9fded78ce09ca5e6f396dd10dd6a5d,0.39074191699910443
hellinger,0.02,hellinger_lr0.02,710102,ok,,1.078998461541361,6.760914545062789,36,0.1852801299852834,0.26304342737972664,0.04873672041669021,0.04873672041669021,febffb199925e3020a1ef95206e53a60645afa89d8a5236ab4ae22a056b7ec21,aeca638c7dd73888d6858d7bfc3fe191fed081547b82c4223e4f5ee58df13bf2,80b83cbe1ca79190a0ec3569bfd1f8c8b230bf5a6f003ca3e3c413d90b77bac5,99c2d2fa370875864d3f48abfb7ae58d22124a29ed9ed9736d4b9c4775e36acd,0.38914541700069094
hellinger,0.02,hellinger_lr0.02,710103,ok,,0.932351236463001,6.639662967791272,36,0.2030553246453818,0.24905038558294273,0.05057100689760195,0.05057100689760195,a2832b006f4a79f000a75aeb55e5a28c1a1f7bfd3e6be24ab39c9c9ca520e34b,a888a7baa2533c36d72011ddd835e6a2cf42fc2e58f8cfee5f6901c8f6c38ed6,14524eecb762ae98e0bf83d447d938177a4c99fff742bc80fb02e117ca2fd01c,9e97f4bcce4f270640b931a72cd61da9d2f257beede42567a3e017e630d630cb,0.38969858400378143
hellinger,0.02,hellinger_lr0.02,710104,ok,,1.3633628035784606,7.061017242319095,36,0.17446802912484083,0.27321686915540594,0.04766760868520319,0.047667608685203186,38cfcc92f9ba3cafc58ac46813e1e264df719826ca6bcd2420d1ca7b5cfae116,655169c78d76bae7ac4314a3a778d40937cdd998fce4007b9c5750d282e31f9c,af20cf77fc3d8f5c7183b1550d7a2491be46abce5be3e86d924a83a3876d0ffe,e9e9aec2118b2025e375158bc175ead5a94b00d5c567d534442ba18b467627f1,0.38983174999884795
hellinger,0.02,hellinger_lr0.02,710105,ok,,0.9282763434209447,6.637897613875091,36,0.18635460443272622,0.2563351762597326,0.04776924037407563,0.04776924037407563,a4654643770fa053d24bb3f4ebc84e56a6408328676328fc510a2c312e9273f4,7bedb989e8379e7b65b1ddbcc7a549b2dfdab687fbeb88b79982b020a6b31b67,9a4924acb060a9f36d33c8b900cae9594afc182e69aabd0d9c3e1e23b0bb86a5,e392d31344c27882018f294d07d23b0a01bbe33618424e9f5eb21dbbed0d1358,0.3897773330027121
hellinger,0.02,hellinger_lr0.02,710106,ok,,1.0907425146252332,6.764971456127721,36,0.19412699779148956,0.2634537550924729,0.051143486532996114,0.051143486532996114,f4dd07468cb1b993611ff01b6977694710181001943f747f91a328a10612e4fe,99723440cd854abcdd7338daa6b2fd66cd976a8bb4fcc1cc055b81f91f77441c,ce71872e0a3cb9cc84383059e15917747d3c6bd0edf78f435d45dfef32905546,244be6b6d33dc5efa290de484d327c9e0a2a6c90c3075d5bd7ae15776435e98f,0.38932000000204425
hellinger,0.02,hellinger_lr0.02,710107,ok,,0.8446826659285659,6.444107495334947,36,0.1808194545392408,0.256685392127353,0.046413712592659105,0.046413712592659105,38d3c0fc1168955f42be5228d53c4ebd589f7cc94c07d80164ef94a4823ff486,48d18d06e3a38754536f3a27981cac3a42069b309666a4ca0492cd3e324f2454,8cb585ad41b3ae0dc0ac8142470f45724e83a4cc16fd891195237d2a28e92323,74cae9055d67125ae7c8d12be1cc38c59c6163ba5627ce82b3751791216f9886,0.39112012500118
hellinger,0.02,hellinger_lr0.02,710108,ok,,1.285467776394507,6.708101048583926,36,0.16174888417095315,0.2627542524741408,0.04250020714886518,0.04250020714886518,79a5bcecfe37045b1969c27696b6075ba7d44e86998097bbbd89d7040c3ab8f1,207128964a1365c9162b1862cabe7e26dedbbe20815896ebdd9f4644d038f875,6560b91cb8a12ddb910da4c577c562d1e1dffd23e42bd94ee3d473acf8728a35,852dab4c6967f79cad49ae2272140e1098bef2da13f19438ad8ad20fbfe52315,0.3888332080023247
hellinger,0.02,hellinger_lr0.02,710109,ok,,1.0403952263786356,6.737649301929252,36,0.14835299976539437,0.25778905982372474,0.03824378033155027,0.03824378033155027,7da5635241b22e3bdf3f74bb615259bf67f1756abf8bf7a4029bf76c3461f995,d5c34b7368fc258b927927962742d79b97f73c350df1a2a0a17b5b5ab5cc7ad3,ffff2afb8dde3ffbcf8d6b9426b5964855f04e7f7c27db2be6e5aee3ab2e9ed5,031d12323735f534d1961be29a392b29e2746f4c0d6de59ce6b86bd5270397f6,0.38698774999647867
hellinger,0.02,hellinger_lr0.02,710110,ok,,1.167102751042007,6.729481792727709,36,0.2090073196640429,0.2782474862785679,0.058155761310341024,0.05815576131034103,38161346dd2d945f0a6fb369a4804845c887f52d422492b58baae78c3ff68982,b65f0721da2cae6529b6594fa3fc8f602243a9fc06300332942e33d142261a93,458be35201b531aec42d25732344699dc70f98958496988efa03e70d7d0177bc,c73f46e33365b07dd05690ffb0728c6ec6a2bd8f575ebc250475bb37cc752e90,0.3918790829993668
hellinger,0.02,hellinger_lr0.02,710111,ok,,1.0904670078336856,6.691911453726365,36,0.19913948385702196,0.2696691728278585,0.05370177988908979,0.05370177988908979,f5aa4f946eece55e6eead2c69d19531b312f125b0f99e3e6af31337af9cbeae2,54ffb99f6fe4087662a16268705bc3e5334dac7e0318ca18029d6dd3ca687946,041b1e1ed30bf2a57199171a84f7693bc4eefcf1ee4d4af736e74ee4df492626,5f0767f96aedd0f364b88a3c165b1e0239402ccb0b54cf862615a3c392e9778a,0.3945840840024175
hellinger,0.02,hellinger_lr0.02,710112,ok,,1.1425976068612311,6.737315741098679,36,0.18327030314301088,0.25470097126979296,0.04667912421543426,0.04667912421543426,9d38acf1ebe5ce981e22bc298fb9f0f0ea20fc8f0e8071a0483d411ce3899d6b,8a15a55d5b92e61092f022d4ce065bf0cfb4dcd6e5b573f7876647c6dda8cf70,901937e1cf737dc15a0a08f9a7f12d7b09d0d176a549812345520422b2e4645d,6ad34056bf2190d780d6d4f37013310c87c0e2cf4ad51e80b7010d2792386566,0.3936232089981786
hellinger,0.02,hellinger_lr0.02,710113,ok,,1.2664194127233526,6.866818786369115,36,0.1794041913992398,0.26486813158219275,0.04751845297393074,0.04751845297393074,b67ccaac5ca87c147e21663a394d877eddb61f19f6ed447ed7fb1f4658902e26,f35bd2ef82b3479104008d906e25b4a89a32c00d41626b4b501d887bd1bbe821,a702a256ee7739d619b062f89c72eb89a3ced741fb3600dfaa0011b292ac76cb,972f236c4e550a55de6fd11fcd7d8b77ca6142b3b8b3483f3a6fcc6b0ff35cc0,0.3946914999978617
hellinger,0.02,hellinger_lr0.02,710114,ok,,1.1953475196919392,6.825431170501901,36,0.17755428381809296,0.2803294432985251,0.049773693537994323,0.049773693537994323,182c426fdef815c61a400f37da37d5dcbe36bcf2f24fb8000ae54e82e5a40fd8,94e3aaaefe55d779fba93e1ba7180b2e8b2e0f57be46086f5cd8a3c5d1d772af,6eceabd8c6ab060705836d635bb6a1732f497d5bed94c293da74e4e7f928bf32,35d3a5f3cac96fb6c11f1ef9ee06d8da7e553336293f55251318398797bcea6a,0.39304641699709464
hellinger,0.02,hellinger_lr0.02,710115,ok,,1.0310259729559663,6.710296310442934,36,0.21150981711628322,0.2562790628464617,0.05420553771338756,0.05420553771338756,72cd90e04604e1dbd10bac0871bc8883b5c400aa925efbf4296bbaeaa6d9abb4,5d15a5acf0d815380aee11d2425f22c1d3ed22b914fdd2a1678df7615a2e1eb4,1e22fb1629e276ba67b92ac44b1c0bbf0617ddffb9df4de9b8b2bbff2e6c95b6,2ed595fbb26b020e6cd74dc03d198800ecf3837460c71b1a7e25ac68f2aea37c,0.3901095830005943
hellinger,0.02,hellinger_lr0.02,710116,ok,,1.1485630308168138,6.9112490292431685,36,0.19077079000744918,0.2556489475139356,0.0487703516818064,0.0487703516818064,04c445de5389a04befba7ad145e1cd1cb22bbbfe6f00b5978984b8ecca7a5e9f,613214d6b6627ed49eda5a03a0cdfc852ec86195e17adc2da2dc1d597321674b,0699e6afa75b878c53524bfea461b31a49c74eb857862b9db2cdb0405a364d4c,7cfabb8fd1f194e323cb85060b120745604deae4b01c8d5e14aa56776e3e1dc1,0.3929217500044615
hellinger,0.02,hellinger_lr0.02,710117,ok,,1.4111384916245777,7.106967265404763,36,0.18743418776114637,0.2774872416339213,0.052010595749734996,0.052010595749734996,14a43648171a52814ea3177d9d4563c983ef9f90769fae7ac4c74ae5cba9d377,b41d22d7ef19f7069b0e3dd021db191fa7e58ec924b3a091c65308e04de8278a,f76c9fd35cd8330e09640f97e8e55e1d9fff7e41eb0d738a305eaf2af0664089,592a65e2392eff4571b580121b87fa613f808c6a6776057cecb7d4f1f5036895,0.39240012500522425
hellinger,0.02,hellinger_lr0.02,710118,ok,,1.1333450733802355,6.673941040984908,36,0.18573955026112438,0.2662085497515449,0.0494454563065181,0.0494454563065181,4c1d5c172e13790d57b71cc3ea8bfcf1598b10720394ba3d63a8544f4251e2e4,299dd84473639620cdef5e818458469d51a5084c3377dbcceb638039b23db59b,59d64de76c55237cdf51b2e944a8c87fc255a294f9c58ddea376ee2a8fb549de,b55db464eb55e555c88a28c7fac2805f5dd2315127a45923ae5c3cc5e6ecf543,0.3902096670062747
hellinger,0.02,hellinger_lr0.02,710119,ok,,1.0597936315149779,6.892345902040933,36,0.21808364804932717,0.2554729336791483,0.05571446935461248,0.05571446935461248,ed8de7fbc53567625f58961a68f319867476a2a55c47b1e1f334008eb343f73a,f7a63cb201def74a013578086f1f3ffd3048ebb8d8e054855da63447e420f6b6,12e8461d1eadf4981e2e12ed9676d6e1b8106b76d710829b1af7bf2527982c6b,52d9509ec41f98d3096c6addbd3f63022a22f77214e71c19d9c0804f6d8c4e66,0.3917788329999894
hellinger,0.02,hellinger_lr0.02,710120,ok,,1.0306514718121147,6.760011019603791,36,0.18101983712436062,0.2453305842791247,0.04440970240783138,0.04440970240783138,0de56e535fa28db377cbbcbb31e482c1571bffded9bc8638a26dfa3b1738208d,59f898a9f262f35fd06de94ad8c5fc0fe3c4e1b5d9820b79372e1d2da04b80b8,24172294a7d51cd6e19fc7f318a5b1c2688542a3c0977d07c372dc4c66840200,6c3111c1a8519b27c55cfe37125b428eff6f3a768d860214e7e022be8e89a7ba,0.39069133400334977
js,0.01,js_lr0.01,710001,ok,,1.3211158221423276,6.969470923479956,36,1.1625813833807905,0.04720768584987913,0.05488277672155825,0.05488277672155825,fbfd6358740f1425a62931fa17fbb7843125eb4a8356af36562181a2cba07016,8d1a955cf019a03ffd1d306c96caf2e063ce640c4102ef16cffeb944f12eb6dd,4401cad43f46809956be46204f0aed84bd368e1136a999aa232bf82701484f65,98c02882953539777963a4234878a77cdf80375306e14b6dea9408b6cc1fae7f,0.44217249999928754
js,0.01,js_lr0.01,710002,ok,,1.1133421954350948,6.860268710065306,36,1.3400123950303844,0.0440372131905007,0.05901041151786647,0.05901041151786648,0d55f1fc399d3757c79882b4104a6477e5ab5f50ee13e4f11b987e9b7b740a93,5d3032ca5fed5082ef185f8a2df8a4546d59930a38f009a809b0f7a830841c3e,5c3c4dd0fe8e044dcd33ce05aa121a06edd793a666015e6ae95430e2f51d504b,97f118e3ff2db670c05c841eefe7fb00889c42ae5a6e37821062e07d0cceac15,0.4376285420003114
js,0.01,js_lr0.01,710003,ok,,1.1920559240386623,7.0182472825247055,36,1.4901622888017478,0.028998433142723743,0.043212371503625675,0.043212371503625675,18530ffeadcf945e7ced4039b99abec02f2360e3c47ebe1653b881cb4c3a372a,e1de481039be728126568044409d37c4e0386936c5f46903fdc09d2fed3e37da,e57242d74b728c5b4a89001bd730ec9fd2de85013645ef1ea998430f491951cf,fde045089428c46884f73fb71eab521f7fed445b69f421056376d6007cef2472,0.4604366249986924
js,0.01,js_lr0.01,710004,ok,,0.9304433710919268,6.607708816198317,36,1.1002040432652296,0.05140109874599374,0.05655169666861763,0.05655169666861763,16509180dff89f2a9605a1bad930e97037805b0b24f5975b0283006bbf85d6cf,53c5ca19db9730c30f83000b8f47a3f911612c145144b7d9a0ad74d03bf26808,01736eb4010d7a28487f6bf9699ecfddac3572c1abb51b9bdb9dc9617b0ddd31,2ecdc5ecfee9b6c0e9e55426a9bf0d54e63e006ca7c2e03d108ff1171d1de26a,0.5156176250020508
js,0.01,js_lr0.01,710005,ok,,1.2820959270310905,6.850652423517053,36,1.252558837064343,0.041603410538377364,0.05211071952186039,0.05211071952186038,a11c9bc0f5bdc31222cb606b752401129e04183d020147508b6507999a2f8dc2,70ffe32b971293a274f65832f1fbf70bb2006ab75c88236e4203c1782576c1be,37998affa690a0d79dd202e9d9452d4eab8258a8a55fa6b0373b157cb976516e,7132ce008f238d71be1069ba0ed796b25dae799222426540f752d364a08c0a1e,0.5181228750006994
js,0.01,js_lr0.01,710006,ok,,1.2600156827534126,6.886717411314677,36,0.819852237827097,0.06338610665448577,0.051967241387827205,0.051967241387827205,0f8444576fbd35da0afa1904a49e38b292a0e40153e791bd3922a4d890ff7bc9,59cdb109440f43e2240c3a8bb098c5d3e160156a3e6f93a9e458013b5d0ed4a3,d4e794f40e9cd82035ead11ffe0bdf3fba67527780256706f6446f5426c16702,40d45c7fe1baff7db1d21a673e74f0e402105de488c30f2a8274e45a8725733d,0.48303287500311853
js,0.01,js_lr0.01,710007,ok,,1.0506002472651752,6.718660017493188,36,1.6331673346354805,0.028893505569853217,0.047187929479792584,0.047187929479792584,9034dc2a399ac71b68b21912d04192ec853d38215ef7c8a7b4d4f17b83e16051,faa5a9c16b7654f81563bb1475fea119f21f425bffe016749349d3af4828bfe5,c765bceea87c77ab8999143229deddaeaa13bab35743dcd5e48dd8f37e369753,146b3190ee6826d96a47c1ad7bbea0f07cfa8567f31e2a4394a6b0738fb1a40d,0.44885233400418656
js,0.01,js_lr0.01,710008,ok,,1.1162616556954514,6.775001062684668,36,1.6650448142769905,0.026769030307253805,0.04457163509631654,0.04457163509631654,f3bdcdf50cf0dc3b1bd234222d0bffdc882b7668004bde8f94e65ef9616f10ab,5c358aa603198da97a5d8c65a54d09fbf21a3b3f0c2d9bbb403e1c429e739963,c03fd18bbd925d5120d9219c98b81831a432ac25f7161a64188d42ec69961363,e7c5b63e567ad15445014013eb9a567e527a0abb8d040abb463a5ec7ec3dcb39,0.46414079099486116
js,0.01,js_lr0.01,710009,ok,,1.406002597235029,6.931312939784985,36,1.4299353216936106,0.039395036155678846,0.05633235369840205,0.05633235369840205,f685fc01a29f008f4092430c82efbe6d9569f4556e24dacae92a9ec39ea15f58,94502329ab2058e0e6a4b3699281c6f5cc11667a5de1553d6449396e5d87d6ba,2b75c7a45aedcfba96fdbfb506c9f1595e22314f58c9ecaa9a7e21087360a735,717ab5b0280140e9a339055a1a33e68c57403c6a2fa51af9e65a482dbd1538da,0.4613259170000674
js,0.01,js_lr0.01,710010,ok,,1.5061801360005602,7.1299798426835,36,0.9121391354831188,0.047711569066962264,0.04351958936128207,0.04351958936128207,e0653f5c51094eef7c16e097d057fed8a02cca87c75d3d76133c8d59feb2c021,33f6d71a4d1fd3370dd4571d6134c16ebcc63350f1c9afae28b30ef5c954a4cb,5ab7fa3602a0696ee444e34242c86f3b3992f9fedf69ad83ab501fdbb1a01216,d098a55b70bb8d3843ff1ac82aa939089df452ddb01568c6996c825996f36ef1,0.462390292006603
js,0.01,js_lr0.01,710011,ok,,1.0634364161244614,6.6742910774692294,36,1.157216315428787,0.03586505056088712,0.04150362166273694,0.04150362166273694,ec5a9506c44e46a4719a09d62a757ce636c932938a449009d028072c2c71083a,e0e21e0cb7f32e7d4ced64c027b1b5cba9501b41e7c5ee4d0cfc3b0dc55bed91,2e5605afb80dd4222941294119b7b01f6588556e21af8e007a8b29391a0879a9,7f0c1c2f804ba788f3f981702336fcfea9af0ffc5dfc4c1ab2d01efd63f85d91,0.44742370899621164
js,0.01,js_lr0.01,710012,ok,,1.3148185695292693,6.818033112851256,36,1.2975010477881967,0.04365102080758309,0.05663724523486344,0.05663724523486344,f5373cedde247855a0e2e565ec8672d22b9a70fcdae4bdbb8272de00550cc765,615a50812e3ad39138573c8112f69154de0106d49afcbaedad8c5f2b0a08715f,e2e132ccc0468169928f60910b69c0815dadaeb7cf9f4b1da91cf9d6c2ad0966,5dc418709e8570a2a6b5b8c17083889859db2d5536beb5d2e70c215a16d1c67a,0.444882083000266
js,0.01,js_lr0.01,710013,ok,,1.550233174986639,7.162052722749235,36,1.483906148474612,0.03132837477109119,0.04648836794453914,0.04648836794453914,1b3373cfc93efa97c24eb73bec3ece18d5795eae5bba06ec0f6c6933b5e8b1f4,9123fc3ef9b65867380f57567eb9579ed11c48288c19f71d4c315635f580e6a2,898ab8ef564c253809a157aaf67bdab4ffa3fdcc244177d879d59fce4714de71,36e47809a3cb05ebdb245c1bb8a637c6496118b4479bed13b0d172db169e3905,0.4387903750030091
js,0.01,js_lr0.01,710014,ok,,1.6907489685270947,7.224638296982595,36,0.8940259194377081,0.05767493744249157,0.05156288897553582,0.05156288897553582,7fc1eaa2d965bc050c83890ee4d2c8868b69fdfb3444ca576ec1090d47068b14,bc6cb8991ad2365cbef42cd6a104fbfd9ef33dcc4901fa42809e6b6f7dc8e8f8,a633e07500a63787dd38862f0598b04793056e805b3e2cf7369217b666d47c5e,67357ed4bb69d20ae1b0946dddbfb938c81a516a79446270d4dd75e98c2fa470,0.4370496249975986
js,0.01,js_lr0.01,710015,ok,,1.1355960427460952,6.765751891110447,36,1.2004943161980897,0.03644469061002038,0.04375164393292736,0.04375164393292736,f5680ad7d8de44e3ebc46002f90f6b24358c130054444b5b03c9d95a5b21fb3a,3b7a944a3ad6ea47a700007a8af32488c78784fcf41d4c2d6dcbf2cf21155343,555e02e7f6ba885761c7a284e62a217941489582506a2a9ca2ff06bc6da75dfe,9d2e72353f0b32078b5b7e4d6a88543f59cfcef491d184835f13e71eb900bed4,0.43733495799824595
js,0.01,js_lr0.01,710016,ok,,0.806068583796675,6.590618968136292,36,1.238281109231152,0.043623034012829166,0.05401757894543438,0.05401757894543437,1b75d4d5622958226c033b9657c9be4b93dada816579841940bd590d218ed69e,5c7cb746f4b8446bcb585f8976654177cb43c389e8c853c7aa6ab1b910a3db0e,b372fed2ff95cca5a5cbae8a57632f23ffa883f73c2d17da1d87ac3cedf01bbe,42b7b34fd83156ddcebfb4cb06221c051c01a2953f68413016bf8d97ecdedeaf,0.44551962499826914
js,0.01,js_lr0.01,710017,ok,,1.09701481765124,6.760520314701954,36,1.3144662457681162,0.03695688369988566,0.04857857617227759,0.04857857617227759,0c8b0a81d34687a5f0537779f42255d8c54a93f7957f141a20b8ec6bc62d6c07,56d4aca86d43f8a6858016a581e93a0b6bcb16b8cb88f20f4fb5b4d54c9d5752,2dc95bc899219ac7b5460836db9506597d027f04bf5cbb57533f63290715db0d,3dab791fcbcc8e8e18ba37eb877f9ae08f4532911125d29a811cea5857cfa134,0.4419036249964847
js,0.01,js_lr0.01,710018,ok,,1.1901817986271357,6.912861522454334,36,1.7391729152052302,0.028273345585521248,0.04917223686457591,0.04917223686457591,ff1b93dce170212eda572c8422fa5effb7af2cb86a6f32ad084d5da1e2595e19,1e35973d43104b6f95a71206149243f6d30a31b7b31ed581321af069ef4715d2,ce1adab9cee32e706953485d462a43b142ed2af5c8ca74db85041d6bfee2c48a,bb4fe47f5e65c1b6e58a0f1111d8976767f3411714a4f68f0da99d777eaf35d9,0.4400126670007012
js,0.01,js_lr0.01,710019,ok,,1.2789508521169495,6.967689937543409,36,1.221483682443744,0.03840138195007199,0.04690666143530266,0.046906661435302664,9b74b9d6fcf6287b9728684fd0e7d4ed4bab4d4b8fdee8323248b9c7bac04a18,61804221c257bc1ab128c4a212dba5df708dfc9c75cbc7346ae5a88be4c4f270,5942ce5dfb96fc85b8d656ab464194fadc34e95084009ebdb9dc9ba26483c20e,93535c9e236c4d3111eb1ccd1779faff5a5651af3b349a5d66b972adf71c9aaa,0.4435400000002119
js,0.01,js_lr0.01,710020,ok,,0.9075926805726497,6.486761846751154,36,0.9291183036815568,0.04844348114124516,0.045009725022383186,0.045009725022383186,f0bfc03ac68d340ef5d57fe8d4552a5ee7771aada02f745da04ec1bc90f92c12,0e33bdbb7b16bf34eb9b0b268dc5ef3b343fae137b7dd0566d60de5658986cca,4fadeff17e36faefc844832e0a745fd5b98c3592a6883ef4ef4820349a90ada9,5ef1b552756fbae063753fb3a588ab0208bb66028fcdb6904b3476379ba3013c,0.44047545800276566
js,0.01,js_lr0.01,710021,ok,,1.289778291930031,7.005446873839044,36,1.0726041526903456,0.04483439127119894,0.048089554260831766,0.048089554260831766,b99cbb41a9f547483b547f0c2f7bc7adabf05af18fddbda296794d7c89106e37,96facddbc8c81bbb31cb13f3c12350b2994b2c117b67ae9affd2952230b33a61,035cd99730a0fcdca550751435d77916fafb4dc169674e5c8966d7260d34e225,6dee94ad5fc67c11b64fb459c8f5b5063d12bf55c68b29251454c54c3ff26128,0.43786754100437975
js,0.01,js_lr0.01,710022,ok,,1.3508675134317452,6.932679351659443,36,0.9182232681607915,0.05560732589766022,0.05105994051943179,0.05105994051943179,27974b81e06041d65f79db0b76c975a85c0397dff46063cdc264afdf43a7011f,0e7e6e6e9c58bbdff06cf9a2d3ababbb07ae16179f1530dda1852b5e0fdb3af7,35ca1e42d7b72c480c9aef4aa7724e77b67b865748de4fe364bf01975d371e9d,eba28fdbd768c532b00aa34f3aa4fa3869f4c0fc8b0e10ddff4ac8849f732104,0.4368755830000737
js,0.01,js_lr0.01,710023,ok,,1.2034285559936229,6.9010014996553,36,1.1314562832503234,0.041785105634927266,0.047278020316916955,0.04727802031691695,e60153ed5536bc9ea61a6ffca89fdd984165324648dd05e2afe29dd3216eaf0b,34d514fedfe9e06b547a5e2bf675a275bf2bb33e5ec2c15b21135be2ce2d822e,833cc76e4774de9f7fe6d0cdbfa65db9360d6fa5bce61f23642ece0cf74a6733,d3f413e1108e9668817d298ef7ad890903cd461043e2702b77a1a3809838f2be,0.4356581250031013
js,0.01,js_lr0.01,710024,ok,,1.3473874852911407,7.0433013089000855,36,1.1704389310239909,0.048510461869629574,0.05677853313416931,0.05677853313416931,aa986c9124a25ef1052791d564d7c45f82160006df9beb8e1b338e337bad5a69,5d83b80b251f0aa173cedcdb2cf99e54fd65bad61e8d294acdcfbf3e5a2db3da,68e5f1cac5a8a435a29e8ff1012ae8229a1f8355018955713b989b18ea07fcb6,7fca0b3ece6d0e7530b41d1897d8e02773f2a56db9788e019b1831f85a9d4b66,0.43508399999700487
js,0.01,js_lr0.01,710025,ok,,1.0782759216658626,6.7810726837632735,36,1.238169429300289,0.03508140419020831,0.043436722205242986,0.043436722205242986,b978854b64f45e4eb84c23bc4683a858678a598a511a2bd0d6a1241fd4f848d2,fe7dc78467eb1f6f437381ee3d894847375150b23e1573da11fb8ffff08708b4,bfd20f9a4aece4f70ace1612b7c0f341832f5234e5db97f8783715c0e1ec0c97,be68823ac95b61ec65f2c15d0a474d50fb64c26ef6040af79c8ea6885a88e29e,0.43979483300063293
js,0.01,js_lr0.01,710026,ok,,1.23489929258136,6.920853405307129,36,1.3576648463516499,0.033516678945036696,0.045504416770130826,0.045504416770130826,ee962a620ecc708457762063e44199c1982c335302888915a8b9b8d023796522,461de82e992e45cc51cb3c21920da6d4ef3df4e66f49fe9ff50a74c08a9986d2,2905810631ab5210b24b333e5e1c9375bf847246a02a5e81756e86ac681720ab,8a22235f0fadaeb66705c4988a29729c01242e692c2ab08671afb11de3898e0a,0.43088666700350586
js,0.01,js_lr0.01,710027,ok,,1.293473318297183,6.773093596702688,36,1.3019432727849802,0.039236008880622876,0.0510830578130587,0.0510830578130587,b842897a3c653a13575711eb49efc2ef7af78c63fe113d0412e7cb80c97de4b2,9f17adf7fe58598a8c1541917ccd7791afe50d8a9f605e0501a21f6adbf1a572,c34a470a9ee095f0ec72477280a699e270925e21885b4390e54e88eaaed25c43,98e7fcf277994627ddaae22e77646aa694e09be296e06d68ed42ba1bea3c024b,0.42984741699910956
js,0.01,js_lr0.01,710028,ok,,1.0022607799375232,6.620242188593482,36,1.2220578308961378,0.041209565192856935,0.050360471851755725,0.050360471851755725,a1ca397df424d393bdcaf98430bb8c9d421f579d0081bc85b76680aad82a8592,a5ae2758ae9a9df9ecbfca9d77d74fd35a979291af5af15301254b06c0077051,bc66d0e32b9360e0eeb8c880b58a58f20b46e75dc49f9f009ad8ef0226841d93,4333d6c4ccadaae66462379fe238caa2b036b7c3b7d7f2921dfe9b5985aa9fb2,0.4297101250049309
js,0.01,js_lr0.01,710029,ok,,0.9895484059087079,6.590824308427596,36,1.2669165779513651,0.04090335678203288,0.05182114080101686,0.05182114080101686,8f8dea43cb94417eb98ee48283826016f51fc6cb07028f9fb79479be3015e50f,a3627aa98dc1d541a8b71caff5665b0a70360d481ae950039922144858ee8dac,4dc246695570624a64af69e6ddb86897d9d1db2acfcf8ac85d5cd106181b7cb9,ea22fe5a170fbd457cbd153ce68e43ed7613e7a54b3776c91c59072dc7bb80e3,0.4379844580034842
js,0.01,js_lr0.01,710030,ok,,0.9364750573962017,6.437477685358341,36,1.5220115293433876,0.03038586046369113,0.04624762995475731,0.04624762995475731,1bd1f35b28145949ee60e88f82b60bd1a731641dd5249f026c5740a7a8756ac4,5e456de9d48da8a99ecf0a73fddc8d385ed07859505b283404d7895f679faf37,7a007ca89417f728a9c17a4e3bd78aace332de0a4b84ad60d02e2edaa29830df,f4d21e6f95807c8e41043afe838bf652c4e924e60055104acf581b78ed199dab,0.43678408399864566
js,0.01,js_lr0.01,710031,ok,,1.662554181779338,7.174986676659688,36,0.999020596410073,0.050960388263655905,0.050910477476446406,0.050910477476446406,4318c97da4798a4160602c032b945744c5e804ddd36bb838b076770d7f063eae,f996ee538ede4692a6eb3067fb423dfabe033587afc4e0b1cdc40f4fd433f37a,ad3cdb678d057d55377c567f0b97468f172853b9b3f6f188388d92891154d48a,67c7d975538c0e54a1f7c40b89f707944c6a4bd12ca5c783958a7a5b6a4b76e9,0.4393987500006915
js,0.01,js_lr0.01,710032,ok,,1.5975441910557293,7.158100337772202,36,1.062228096111914,0.03529384570405554,0.03749011452668657,0.03749011452668657,674f9f6398a5e9711a5a032249747738e182155c82545eb331cdafe26b17225a,94c04a803f67d6dded70c9a4400709b8f10d18d130d73ad80576b0f8e4e36109,809e437d354c943436289e463b345af0c4168d0985eef969b192fb2b120bad79,a2691a8eb481239e1b7d5ca2e239e994770a59f5ba98488b68935a094f45b2c4,0.4342692909995094
js,0.01,js_lr0.01,710033,ok,,0.9757087996412821,6.455858522887396,36,1.193276740522814,0.045611325936880213,0.054426934344884104,0.054426934344884104,a0635316e267c985f4e218565a4e1abf03a2693aabe64c0bda32b254cad24f9f,6a655d2f042a1745dd65fb88e2116960de9cb56f2fea762db72fc011b5d7181d,6391eedd0fe7feadb374663b3705607bdbfd6bf5b1b554e72b9dba9fd980dab3,24182a964b7f78b665f52dd25c015d281ee7aa981641b512ee7b9cfd99cdad11,0.4325562500016531
js,0.01,js_lr0.01,710034,ok,,0.9719790210737522,6.520607286407421,36,1.1752383092567134,0.03875485003254692,0.045546184427747924,0.045546184427747924,3535de6482494f61aa12046462970398b58176bf114f0a7fad399bb0fc612812,a534917bcb5f733200bb7c704894f5fd3db16769632d1cfd2ac49b4e6fb43dbe,5d2c6799f57c7a45238257bd180c3983a3ca380f56c7124012228905d8a0fb74,6a08bb83dc5ed75b84ce36bba5dc1499ca31c6e4150670f80e444bb5773948d2,0.4375657080017845
js,0.01,js_lr0.01,710035,ok,,1.154145823862706,6.611872060591803,36,1.2532312643207237,0.03810075138426337,0.04774905282886995,0.04774905282886995,5ce4d02d3559d89bec1ba7739ceae75fd73981cca38aacdd639c199c1b2f200f,8dcaa973bb2552e8ccb3a42905e32a2c6d4b8b235530c418804144e6c405669e,bf22a396658a8b360fbd708815f7984e13a44ded6844b33fe2fa0e3d9c081cab,ddf78e803aebcb519969f551d3173b00d8e19fbeb3a689022f243c013c2e8ad2,0.4294255000058911
js,0.01,js_lr0.01,710036,ok,,1.4203386348142315,6.830825959095357,36,1.3751983174998452,0.032976494907300334,0.04534922031356163,0.04534922031356163,de3c26e0c86932969d4f781435d6ae944cb92c8b37fa644104567f0e786b12a1,7d5fb2591cb4477610c223dfbae2ba7f5bc123493ad26e36fd4ca5a16943fa5b,55e23f6c62fd26081ed99e278194a6e31c2d62ca9e39359c98374ea508b99c7e,00a0735515e56bb53569ac69d2be2cd040982101e9debdc2bfc2a2778436b82d,0.42638504200294847
js,0.01,js_lr0.01,710037,ok,,1.1118412788497327,6.614691935573236,36,1.3612788312991466,0.027986042809532156,0.03809680764844782,0.03809680764844782,d1af9b1b6ff073dc3249824ca4ab4ff539e6d5903df5928fddf91c6cf00a1ccf,b2a8e36481ba4b4fe5419c091f01858e3b12ea1fc1c205689b9fcb5bac6b81ec,63e3cfb1bec1f9f153c115972e7771cb07826ace4e874defe54f5490d3ceb440,0907acd8768ece4e0ec7d0ca395b0dfb9dce9f12c78fbc93f1c481d709ce60b7,0.4307814999992843
js,0.01,js_lr0.01,710038,ok,,1.2392204743504163,6.69033505773176,36,1.234730989404834,0.03564920339677364,0.04401717618159248,0.04401717618159248,378c571f14ccccc00a52ec41ec9224ca8e081c0cde7d9126e249dcb7b8a3cbfa,5ddc6557473e8c47a03734b47ea0c37491f5dbe10fe1348c639dcb3b6ee4108a,ad163a000f271fd4becd0fb184383153d2c3fe8f2743c90b69e775703cec85c6,d7ecf63db5aaecbdb3997c3692c91e55529b9d0b2fd973b582f72600ef244e7e,0.4407314580021193
js,0.01,js_lr0.01,710039,ok,,1.1022867420871139,6.791570150229299,36,0.9930078318891757,0.04963586935120364,0.04928880700837312,0.04928880700837312,4e8dd5a7227ff6d88590780c9b567a92ebdf7d37ec5902e8c838bd8eed5848e2,f65da492db31baa62b6dac9f117d07ab2aacd1bf1231c248be9c4df2d0f1c1b1,bc57c381d6d5218c2e369e73c9334e413135cba91b86a497c6920733bf6043ae,995ddd5d5a1366faa9e37126dc2d41a9658da3878f55210e53fcaaad40deda60,0.43943741700059036
js,0.01,js_lr0.01,710040,ok,,1.361078310264118,6.8854960919153925,36,1.1707534330486347,0.04282639479340216,0.050139148729471755,0.050139148729471755,38df1054383f2a433e5e9fbbc2e02d64365d13168c14fbd7a88add06781b480d,8ca86552981bbfa880f13bff4b5a31c43e254e7eda2c80c35fc6f3cc094eff8e,8578d97aaa53421b1c89dba1850350d1df0d8340d26947ac98b8f4493af7db0a,29da00365ed90be2cfeeb1547b05683af3d3ab45b2ec59114b78cb8ac5d44ec5,0.5070139169984031
js,0.01,js_lr0.01,710041,ok,,0.8701387116644863,6.504751101233076,36,0.989922682456694,0.053066903902255054,0.05253213186059193,0.05253213186059193,1926eeafc5676a2fba39a6fec6a304988f4cde01c7e6468893cd6f6152acf6d1,76f60d1ee80faf1147b79c4e78951962e61e6d0cdbf7909cac4abfb303e8d307,7b8aa0dccc2df547eabd0ebdb5393424968575521f486660447360784c9f314c,b1b99e5714e55bf32c9365b0fb0ebf3b48d65f3d345c09580a9cdc2d2cb2bb31,0.5041694999963511
js,0.01,js_lr0.01,710042,ok,,1.5639994231776235,7.385665537455461,36,0.9647480609484901,0.05459813694439387,0.052673446748504105,0.052673446748504105,644fa479f0486c5c3b2931dfaff092b504cc70b99e3c534abc9b0938c0233729,822a651524878f4efbb8826f670394e893a1be80dc975167058722a3cf734ebe,d9cfe07dedc3f9d4afd955ade3596b80dbeb8cd29f72c01b19286fe6a89be13f,bf7ab36b411531309d23ad74664e6747a166d002cf3a38ad80433ae07529163f,0.48711575000197627
js,0.01,js_lr0.01,710043,ok,,1.2982956856776173,6.91545312051496,36,0.9729253808444321,0.052721712838269284,0.05129429254194393,0.05129429254194393,afbda4cb476b38b0d231773902a2d607336ac1bf3ca232be8fecec4033ec8468,ddfb9b0fff460bb45c9a06f9251c8dbdf58c3a7419a90826afa1aef9cea2ded7,4f340558259cf6c48d33760a507973501cbcd4a5dc6103a634f79bf7306f83a1,af84830c362c3739df62755b7fd3ad40b668d89b50a54866ea5368dcff85d012,0.44439841699932003
js,0.01,js_lr0.01,710044,ok,,1.0138383397556248,6.560635058915561,36,1.294889774063966,0.030992024542181328,0.04013125565721007,0.04013125565721007,fd21c7fc2139ed0b94a54069c906f287e2e5776d3193567171c48b2ddfbf9a52,e57acd2430b4e52713f3063ab67e72b58c7dafc737bb5f3e4aea3c3fbc897f55,23235c71e11018d0ebd17338e26f110c40fadb3a9de4e4acf0ab254d913ecbeb,4dc6748f6070f04f7db166869df60b3baddf7afa3caa7d0d6e43e32fe6c4a22f,0.4484886250065756
js,0.01,js_lr0.01,710045,ok,,1.1453675429336696,6.784115179919021,36,1.105138063481001,0.04837398385000667,0.05345993083485759,0.053459930834857596,bf679db86b5a2003607854c523336e3608db3d643e6d05f010f498ec489c4563,812ff23e7735b1d51b23019cf45f56c6ce6b6f5c2c01b0b3d96f810acc62dc87,2294a711125ac19565d026b6a05b2eac3c3e35d6c48e3cbf859f62f0f78a5b72,23b55e65510fb687c301654c152557e680d5933b131b1481dc6924c6dbc4e1bb,0.44594066600257065
js,0.01,js_lr0.01,710046,ok,,1.0960967995333388,6.67951141877024,36,1.3222630527714783,0.030014471697538913,0.03968702697411094,0.03968702697411094,7c603c28f47ef88d169d2e2319e9d2b1f26844aa8d4b2b09eed09f46ef77d84d,a3a55bdca039a29f81202e3642bdb65c7afd2625f995e44f5243bcbb4fe4de8c,a30eff3fb53371b2e404e803d2f3940b9134bedf1c67152c559c75af130f7bb7,76adab541da5ed8999c0b260793fc4631cb56971e9c8495b04abe66c811e1e5c,0.451171875
js,0.01,js_lr0.01,710047,ok,,1.1958011290498596,6.8794644555274695,36,1.130893726107057,0.04366886056291238,0.0493848404368415,0.0493848404368415,bc7f46b24002d0e82d0ef9c56f4f4174d2147783912670efdd1bae448c62df41,d6482ca054e3893f5074f6ecc40edca0c65c10005e6fb3abfc9200683ddc6904,1fd1f15f7cc4ba3ce44ad8c424bd36ecff9671a1972f86ebcfb4d9db2372c5d3,c767eee3e971ce923ed53200ca88637cfbda575f3d5ca79c75df943edfc13409,0.4409630419977475
js,0.01,js_lr0.01,710048,ok,,1.440474893767822,7.134482395922208,36,1.166585067044276,0.04015839961176462,0.04684818930348126,0.04684818930348125,94e46449ced37f97492d284309dc0abf196e8b4657ddfa80d663bc009feed24c,86806af571fb8dbeb78a52e23eb895658e1134b5fcc3b3db750b356116af4c24,111617380cbeacbff05ba6b13feaa7334224ec9321fdb66bfe748deda5e85874,cdf3635640c3afdbe2e17a7b75d15097e42eadb22fccad97ab1e22847aef53e6,0.43994950000342214
js,0.01,js_lr0.01,710049,ok,,1.1757271265044777,6.900594236824372,36,0.9306583097505465,0.05881695239485485,0.05473848550047397,0.05473848550047397,8c029f92208a40502b8a5afa8da5793eed67e83f968d5ac9b2acb6f68a330d8e,7d5d90aa0a5ba7ebf14870a1c5519dd3ac99b6745d3cc054034eeb515dccbe18,d83a64c16fd6a632329e2ba85157c3de1faf93c99578381cff3dfa5d177ca020,8f0c111a0eb4dee36e672fb067ac469177bebc6eb1848ad679a3c57424f4346a,0.44403595900075743
js,0.01,js_lr0.01,710050,ok,,1.2360732177517002,6.668659458948673,36,1.5782077760017375,0.033218219111450314,0.052425251706620414,0.052425251706620414,938d851bac2be55759ca7392620dea2cf1c176e84622300b7f90927f74bb4f3e,a975573198eb5dd33584d5943630286b0cd7898aefa127ed49c0e2730dcb6318,0598487890e864e19df343ab3c5867fc1db502bf7f20b0de8d0b97e1d92d9644,79cc89f8ddd67566302e4ded9b7236fbd631d48ff971ee90d573a50a58463f70,0.4410768329980783
js,0.01,js_lr0.01,710051,ok,,1.4763539918809578,7.0659409180591695,36,1.140954461726613,0.03483227337156418,0.03974203771536724,0.039742037715367245,3d358ffb28fd5f157b0ec5ded619a41d7bdf1bf8384d8b2d1426fe6076d3561f,4a97b54e516384c078e35449cf3a1bf0bcb376f0bbf99bd11f34cd73b89c811c,6717186d7542c4cbfc0a5b489e71b68799f719d8f47da17b8b4809e0f53cda56,837a538d16f2652f0a4cdfcda3bd719acc0f1ed6aa17faad007829f9fc31cc93,0.4401178330008406
js,0.01,js_lr0.01,710052,ok,,1.498160848651405,7.058722986200572,36,1.456125326826143,0.03192134140693718,0.04648147368890529,0.04648147368890529,a6ecd70c26b61ec5313e6c46561d9c35826037ccb66e01225b05cae2433675e9,81b54344abdd3a1751a345a20f262ee0525c4fbee6e37f91a20cb69b8e7e0169,71509b5f572d4d3a3c5393b995a2c798edbb043a95b2831d07e49009cfb5bf68,fcceed500348b84208cde679d8a492a6977dbf1e25f22ec30c76a5455ac8d24e,0.4351379170038854
js,0.01,js_lr0.01,710053,ok,,1.154861235821144,6.779606032364105,36,1.9446707961075582,0.026645989167685024,0.051817676967795406,0.051817676967795406,f55452c1ef9a1938e87b4d106597de3bf535ebe9619c7083f9c3195b4e677323,4a0a667f2694a05548301f90639f0208ed32a2db8dd5217cb4c92e9e50961a99,6484180d2e067c8d440f0cf6a881362aab339bc5a40622e6610348676f193343,9dded71300c763b27f50f01f2e86e94f08101243abe32ee7360262e8840e5199,0.4476729159941897
js,0.01,js_lr0.01,710054,ok,,0.8627825098994523,6.464205741250614,36,1.2771567518824123,0.027823356130422913,0.03553478714199853,0.03553478714199853,87835c9cbd7737dc1459b2652ab697fb94da9aefd96cd147d1e6ffaea48ed34a,6b24e51565e67b216fb51004a0c385e75eb53552451da22cc6067b4af1fe7e34,870bf339294255e0d9015c284c5d546ef7cb60cb63af89b7da4f0117cd56acd1,ff5bcc88a1eb24339dc1dd9d0bbef21ad1a83a36640657a7c9d7dceb79706edb,0.45283291700616246
js,0.01,js_lr0.01,710055,ok,,1.3172098675330266,6.900013845037153,36,0.9538240434859854,0.05078206486844973,0.048437154449392325,0.048437154449392325,1c98689651ccc3e0e303cb66df93aa82fe0d3ac6c58f7177b1260efd1b53a44b,998dafb67137bd34e53e79cdb6c351686d22bb5ae595c803e609b9ea5c5b7dc4,2811ad4ff155e287d7f9487d1a3c2bc4b92a46738b6622bb9cdf744296b771ec,3f3e0863f49becc58011b14cf1e23fd79f61f363e602c9e09ee4028107586e0c,0.465690666998853
js,0.01,js_lr0.01,710056,ok,,1.1168013293367562,6.748580903535855,36,1.1900518152381858,0.041734055444043294,0.04966568843843481,0.049665688438434816,681c4773cf9a1708e417cd39b861bd1b16abbd7a852d74dc51095f2fb515cc1f,f9e8c087a604838fe81f65eb7eb909258ee44d53dd0c43a7525a7f6195e9d485,069205386a5252dcd6b0f01806043f1178cc4c8ebfb5e2380e0618117725069c,831382bbdc66672c6634b776d144dd5fd93c29b4ecba134e59d2390e452825f5,0.5105033750005532
js,0.01,js_lr0.01,710057,ok,,1.2289680602327488,6.810413643121711,36,1.7147683613617848,0.030159929175280466,0.051717292330683166,0.051717292330683166,2bc80cbd37eda3d9ceb27b9ce225092e4192a58362eb725e52e78463e00407d4,cfbf6c3c9e6d05851c8966b7aa28b32b3d5d8ad30c3211a1ef69a8d3c45a6d2a,9c6f8af8be3f41db8eb78049ddbf71e26f7e348ed2278ec30ec9830b1d3225e3,295a0225764be63f10b3ad7462544166d3019f5ddf6118ced39b58666a64dee2,0.5007010830013314
js,0.01,js_lr0.01,710058,ok,,1.915299494633273,7.5039992759752785,36,1.7642221028223253,0.029353556735270306,0.051786193588813006,0.051786193588813006,cdf6bcb7f9784354f9ca8f4a26f31066a093ed2c0177783ac8de995dd4aac39b,3a4cae55b0dea6c8e1fe4747e3eaacdaad40cc44aa68304158eec70efd041a88,79a8d382e9cc4ddfd9be7073aaf7b26df7c5d67abd58b384d1377ab1704b3483,8d9a7893d5320a5de41622b34d85f9914712d3307832f6ea0a18a9ceb4e7d579,0.5649177919985959
js,0.01,js_lr0.01,710059,ok,,1.0436746111892672,6.687292668170863,36,1.2002182370496335,0.03579618854006591,0.0429632383026542,0.0429632383026542,1e5469e8bc28ba9c8a009af65e2f07abed1f783054ba07f0a1aa3b330ca62058,ed868096cb905f86297477aa8ae369d4b229151ce23434b014b717cce4e0209c,14803498b82af5461d61db471e50df5cd9748ced8a625d1706e0fd475d51ffca,14703e6c63856717af24ece91df8654b175779f7a62ff95a944dca7335885df7,0.521931041002972
js,0.01,js_lr0.01,710060,ok,,0.9594705478556979,6.659623939836254,36,1.4579259121010228,0.03175059829369443,0.04629001997708763,0.04629001997708763,a244c6f03c72cfaad45b2a44b7414228832b41567828028b181b04536decb69d,53fad8693425193118422c69ca48fe76ada0a6a5e4c3a443bb50be4bd0997f07,cf78216d77506394fdb667f9c9bb3ab92f6054fdb523a43c6c47c7887c5d892a,e0b6414ed153c4bc8ab6220531f1e113347d9674843b941528e55abab87d4cad,0.5263438749971101
js,0.01,js_lr0.01,710061,ok,,1.073039355797901,6.721099462975275,36,1.517209559773319,0.03593959659502139,0.05452789952836308,0.05452789952836308,df26c39ec02b99544084a9221cd764d575498460b2e5c90925f86c4983f32299,aeb641289b69759683a6a85f1305a67846f24640d3fb521d05d575b6eec5dc53,a54269e27508aaca436167c2d9d9affac4e4a098e769b5e0f021e8802df02657,5b1f21b40882ed5ab8ab75592ff3190b3e894c83a9221296a3e1ef7c6dbf15a8,0.4464431250016787
js,0.01,js_lr0.01,710062,ok,,1.1301860513170539,6.663852366751129,36,1.4014138592275296,0.03656226504449792,0.051238864958109635,0.051238864958109635,43949392d6089b6426e0dd83cd855d77be771636ee3615c30704e50c0366393c,d41688dc118aad39615b2e728c2363a27329b1390f74df32d2fd944160cdb7cb,bb194b039ffc5b0cc54b983c27930a20748f60aa12aac601f694338afa68a2fd,68e836efc7ba6646435d4999be2f2fab072a82ec7fe9b3c9788284b2bb12dbdf,0.43735875000129454
js,0.01,js_lr0.01,710063,ok,,1.2364028778460705,6.741569134167588,36,1.665059980591269,0.02602409928417337,0.043331686249010966,0.043331686249010966,bc194be99cdc0ba1bfbd6f7fb68d213b51d30468cd33521a6db8aecea34f53ed,03318e166acdefb67948107fc0dd6f6c7c5b92240ea3fe5a69620bac1f044c86,01877a48ff28b704e0c99819dba4a4304d80bc87ee8a2b6b8d1ef9281a396c06,f422aeed19a37a13d1f0a45057961d12ea9808b014b365f4f92c13006ebd2038,0.4377085420055664
js,0.01,js_lr0.01,710064,ok,,0.6605388881988652,6.3202424198999685,36,1.3836204904350256,0.03346906568961165,0.04630848508386256,0.04630848508386256,d533b196ba1c855b2047cdba462e085e24c031a192bcb24a87783a4f7e3ff78e,63dab2d377afb930668cd49dac93f60bfe1a2b1ea7684fc309aada1142821735,0dd5e7ac232e6037ff16e8566a1208410751f661a8f1ee982d66842c8bd67c9c,41b181136a559bb196f02f0df036211b189ba31087459e30d844def15744bbf4,0.4360917090016301
js,0.01,js_lr0.01,710065,ok,,1.7350803259100538,7.286669108154714,36,1.8040581511613427,0.02703670873195683,0.04877579476846177,0.04877579476846177,a014d4ffe4b137efeada0a42d32920ff41d8f0526e3fdae0ce901ab10e59c521,b52ec9d9f6a738791b39295e6186ccc2359cffcc85d0c38273500fdcb9c4b285,33ac423599268c9945bb1fdb1f77657c086ee21bd22caf09c9e7a9209c80b55f,cf4c97283896b9848633881242b08eb87bdc58fc7f9ad5b465c931d69035c3d9,0.4335477919958066
js,0.01,js_lr0.01,710066,ok,,1.2128012046957815,6.838364617785157,36,1.074491924436873,0.03825623660070736,0.041106017286806386,0.04110601728680638,161bbb45a9072cde44eb2c5bcaf375b589919e9563088188b033f7730d06fde3,ddec2590744e7004289ff399b69b1acb0796c1465447153e75de68cb65ff03f9,9081df26cbe986989861b0795f49fc260970ac230afa636e963ef076e3ceb948,a95e4b265daf7d26083b864623107f4a00e22238f9cb9cb5271cb189741e9d14,0.43116241700045066
js,0.01,js_lr0.01,710067,ok,,1.1849486025517133,6.846302998653413,36,1.5255186279890502,0.029559457581335845,0.04509350317357999,0.04509350317357999,7f508a2eb188b0530779e89124f7623715930312d84b9cabbf32eac45dc747f7,8d8d5e5c61c62ab06d26325815bdbc7393d7fa1a212afa13209de6cdbbe3862a,8e274f333de2f4b4b2b5f9f52a17a43c7594e40e3cd6c9cd48c59e09215c809b,cf17a7b1c2621da4ab9f11a6440ab8492969515a41db26a440fc9754d65266c8,0.43667966700013494
js,0.01,js_lr0.01,710068,ok,,2.0409456866153612,7.777996656877303,36,1.0883179778244616,0.037354549378054075,0.040653627641667814,0.040653627641667814,8ea2168a7f486fbfa6ab635db11e4f74a349413ad588cf5ab3c236169dcb9832,74dd74ef8b0b3a3123eafd84f5d27bf3551c935470ec738cd00b0d775ec6b524,852350f27dcde2217228237edebdb6db4db478c93ff0a251e57b09b531c662e0,00538e8f85dfa3acc697afb435b9724424a9107f54123f26de85bbc842299c6f,0.430401207995601
js,0.01,js_lr0.01,710069,ok,,1.203388915422791,7.075933049150088,36,1.157429589209227,0.038519196820933785,0.04458325815312275,0.04458325815312275,389d200b42977c1709404be963cec48eff2c28532765ee7e4564b0cd8cd536f3,07f43ea38d007fd9d00aa55677ac68f91a1ac698c1aa0de566883a0b0e1d393f,996e8a189170089c66a4565044f738b2383dd7fa60240659faab75501c4e138f,c6bcfaa128e6552e27f08bf6ff1bc0563bdbea4c4f7dbb64c91f9dbf0f94dae3,0.43248337499971967
js,0.01,js_lr0.01,710070,ok,,1.310697038849148,6.797466778381965,36,1.2657817629104355,0.03360512463096936,0.0425367538982133,0.0425367538982133,686471e5471e019a9f930c22a0d8c2371f50ae01eda93b91bc33a1e08264534c,96aa986121e53e392ff93bb81d0b72e4da9c4570b9fbadb558bb3b57bbe52df9,2db96942e894b883184db6457ae00afae4e7a9de252e3bafdfdb6b4b2b897e56,1f510c5c1fbbd87cc65f5cf4afbe9733a0bdc347a3aa1260ee1930f319c10595,0.43366004199924646
js,0.01,js_lr0.01,710071,ok,,1.3056600633632898,6.9234149150489595,36,2.1498542255429345,0.020582431167136508,0.04424922661661501,0.04424922661661501,99f40e0796bbb4c7059ead58721a547e9cd3666a60900992cdafbf62c523b452,6e25b96b1ed9d72bbad18aab2eb4592a9541ea9a6e9f6ba8462d5dd3fd7ff168,fb76ce7fae56350757000bd8dc3b30aeaed39160defafcb4b793b6bffa2521c3,834abc84653b38191a726bd468bf60b9a25e29a1f86410bea57cde03e4ea4bae,0.432268832999398
js,0.01,js_lr0.01,710072,ok,,1.7490156220764985,7.248175062833845,36,0.8586259563287124,0.059396663737844684,0.050999517204641846,0.050999517204641846,626f08f98e740637cf3b7fe09e22b054a7c81d36f61ee6f178942c25f453f552,5e85dc21d2cd37712b1f35f453cb95d164450f4e733e958ed471040654503207,92ebaee588efa21821803441e5f19b430078cd8164b73299b2a156996ee28c46,dc9401278a0b0d5ae204b91d74502ad3d70878abfb7d50b3a407e0fa7d250840,0.43283625000185566
js,0.01,js_lr0.01,710073,ok,,1.1197777480941213,6.719131442932788,36,1.1455909534449396,0.03992375664132346,0.04573629443583748,0.045736294435837474,aefbe69a0a992cc25253a1f8cec1184fc2429aeb74ce7d7817249412e6843e7c,f18f406068795dcc629446cfa178d697113142e82a56650609d729d392811efc,c307686e4013bb69688c0e22bb1c2894f26e67fc5505936443b40a649d855889,00bd7d0c7306014df7fd65971d5a0913c737d4990083ff5d054122097f96abda,0.43487770900537726
js,0.01,js_lr0.01,710074,ok,,1.1506747894383338,6.677512046958216,36,1.353989876672448,0.03434740179134512,0.0465060343154824,0.046506034315482406,9afad07f55863d8542c6aadd0e1352f0e96af25072ec39c0c6f2928105565996,618deb74535faf773a72802369168f17de33aaf72216925a74d1bd1cf6b177b5,ecfbcdaf6928c3c7edb48b3a2c2903fa4461a13e1961ec2519d7b607885d0c8d,f144587b13d51377574b7c9ad660819f7169d8cb0089dc1d300cdd0d0fc05440,0.43023887500021374
js,0.01,js_lr0.01,710075,ok,,1.1944500244933174,6.963653766309154,36,0.9043374473344328,0.052928986657605,0.04786566468393676,0.04786566468393676,ee5991253967a9e84172778eff3cbca4db3b33674ef97c4a308bd8a1a3caa2d7,95d4e8917af0959280f83c7871c07b1e510a0f95846120ba5a62968e90c6822a,b8dbe1200ab2a3b25ed38e4f51d6c07ca32493b533ff3a924a243f935edee88f,cb9e4bbf1ddb68eb3352cd084a84c43b068cce56c31631586fcb4b8f6bd136f1,0.42765437500202097
js,0.01,js_lr0.01,710076,ok,,1.1495604505297234,6.737595616795891,36,1.1244418912172178,0.04576855946082388,0.051464085558416486,0.05146408555841649,879518ee3fa8fe6bb7e5992ce8ddab42fde6ef3ccec9cae04057ba4e03396612,563dcae5f39d57bd6ecdad8885def6da78c03cf876b1ce3c950314736f42dc2a,3217632c47b51152b361ece6ebae42f980a71415ca5d65ad16050dd3e9195b40,b6567c387115225a7e7742b6180bc8b6677a09b71735abb5dc96b85965df1805,0.4329573340000934
js,0.01,js_lr0.01,710077,ok,,0.9699340010710267,6.730073432759224,36,1.061115184263645,0.05050529650496763,0.05359193700715875,0.05359193700715875,7a0cb306320fc95856bc970100f59da1b0da515f1a4806ecf1f0a5312889b1b6,03e3cd1df2ffb19838fde0d200dff4d7a16b0b56a00fd6040485bb7e65571156,b8e5fc1f210dd047048ca9536d9152921a4ceff46c480d74c917801ed10977d1,213e4bd4f3cc483c6a0acf739ca1437606d35dc3a296bd44436d9b1c084a074b,0.4347064999965369
js,0.01,js_lr0.01,710078,ok,,1.2286651161656659,6.964212544336141,36,1.1894714040226488,0.04383185839508091,0.05213674214611882,0.05213674214611881,7ec26f80b4ecf7320a564c0f6da2875b362aa266a582d9be736697977b7a938f,1cb6dafde57f5dc5801e4795f595177aba9f1d17fce5fe01a15f1cafb95468d1,2153a2c0ea0094ad6678cbf63f81d470edbb7adab890d6acfa580f087499b965,b0ff8293b26eedd9c1fe441d08e481e9526dfd7aef3e565c7c4f13420b1cb0e0,0.4304799159945105
js,0.01,js_lr0.01,710079,ok,,1.1852948657786497,6.688283363891779,36,1.3771062531182525,0.03549786998202284,0.04888433872462236,0.04888433872462236,796724fb3363220d9af26fcb24bcca492856a559dec7ad722d82498210554073,9a929406b3f8cd52487a25bd2834ed548917e3a962b012eaffae7488a9b5038b,cbf417a04f4704b00a82bb28750096765ba42931549f1d3a0fe41be7ce728409,24459a3ff2ede5c00671fa1cefbb9724eb53e7c03e5f76b3dc416c0f03da4c1d,0.43346624999685446
js,0.01,js_lr0.01,710080,ok,,1.3231582275963842,6.90793659155213,36,1.0307997092424661,0.044061248305537225,0.04541832194220787,0.04541832194220787,eb69e6c7e1fb8ae063cfaf3fd1b792448b47e50bd864a7e32239be376b7ab71e,0c126746bdf73d1d674742e21db0ed692dd84b2d7ae90636e88e0e9c63b3bdef,ebc0d55b97b9ce1ce4de9d8003e7e256d43cda829bee9319c9921d719058a973,5457d8be936723a225294a956e6f7d90c27e5bd6629d89d11dab436013105e90,0.42637370800366625
js,0.01,js_lr0.01,710081,ok,,0.8686439790563153,6.474320887312867,36,1.3414928796382581,0.03564111580876367,0.04781230307981902,0.04781230307981902,e9bf76f521ec5c1ad5003bde80e9802049dc82f53c88a2e2969404aa0dfaa320,31ba2294b3f33979fa93c55279682fa37d86f453fe1579286eb79c3fc9ffcde5,cf439ef4af32da77dd1c723164516cea7d1916d9ee54f2396c837345539f18b0,66dc0f3493aa30fdbafb4c2c34db54e721b6562f177427214f2f775cfdba8732,0.4254405419997056
js,0.01,js_lr0.01,710082,ok,,1.123985815157973,7.021713251826875,36,1.058551894269047,0.04219224925299601,0.04466268537023071,0.04466268537023071,5bbe69c0ac6f01ef087278bc378360d33af39c0130efd98fd15b31a1ffde6e47,8fb25eee675d319ed5e498adc729db6013d01a7b7127d3ab2af108dc1a4dc81f,abe8dc393d4ec0ba979d549f5d69e7b882a24b1c909db2d27de49b8ca378e7d6,5cd6618f4e4c8bdf0449c35ff7dd60e48f9bb7b25862f2a065f82ec99ec38814,0.4301966250059195
js,0.01,js_lr0.01,710083,ok,,1.0586866145545129,6.682611958738947,36,1.4393893611829374,0.0359890173549164,0.05180220870009476,0.05180220870009476,4052fe6f0c79665757d45ba2d5f14501ba6cbf4b33110dd613ba622b90fc2ce6,e9e0e4322ba8ab20a6fe95519c22e4852d9e501e70a2c74ab0b9cd1dadfb5e5c,9aa609312927b57a9b71724874c1b9f5df266e719a74e04dc3488a248bd89cec,de5aa3b508dddfed55dd3c2d8069a264734b69d0898e20c0cf0fef68a2b63b93,0.4317566669997177
js,0.01,js_lr0.01,710084,ok,,1.689763313163567,7.401104065472792,36,1.474032804127098,0.028741559440085777,0.042366001456455304,0.042366001456455304,723979127cd92b00cc5e548ea27a3ade0942f44d8d2e9fd3ce925fd4555ab129,469cbeeaa3fcdb5c3846c1c3f04601c5a922971b4f777a8128e2dedded94387d,051a7b5049006e5c85b013c019c46f7206518d48c1ceb5cc3573889aa9f99de0,00e43453b677b4a8a3e5ba8ff11953e69472e878f5ec5eeb10648b109ce5e588,0.4321970829987549
js,0.01,js_lr0.01,710085,ok,,1.5401260171630233,7.198734880008871,36,1.0990512560858492,0.04352311443401879,0.0478341335874765,0.0478341335874765,fd6e17275f8a1fa1fcaf6b75b0607b7ddd9e5b1c9c1a1341123603fd821a7228,8bd34932371841ccd4128615d181c4b835d41bfdb3c53e381d9b86ea2e6b53fc,7f34c5a2945c7625fd2aab4d555d21fda6d10b3e381cae0dd07acc849d1601c3,627fe3e0f3391e37c3c7f4d92205e5294a569ed7733f123597e3f318851766b7,0.4335517500003334
js,0.01,js_lr0.01,710086,ok,,1.0749029573030557,6.742919659297248,36,1.4577676401182413,0.028474700629390722,0.04150949713958031,0.04150949713958031,574d6e47ccd569f1cec21a771e18d66341292c9051fbbb057f237228cbf0079c,cd6bf76c2d5c71339da432381ac8633eb36f8c55320ac7be86a686071f3d4baf,7c01bd40a203da83619d60ef85954655d5e44a2f83d13878d1f7396bbe8a14e3,8a349ea60843bc6eae9021545f88ecd1a98588c578bda5d3ea656e1e8688b056,0.4326075839999248
js,0.01,js_lr0.01,710087,ok,,1.2190274431070607,6.765473318550646,36,0.9768942886602423,0.04120719641424857,0.04025507482878024,0.04025507482878024,1420b068c0b301959c4dccbe7957de6d73e91ada296722be5ecf97a8254435db,b6325c1c1682167bf67343e86bedf6205560e1a138af9c87678ec628b3b04f74,1d25d652ed1de7a0197c6162239249f6ba0752a65e46abab045162df7b1d23e0,c9317ac662de6666a3459e39cbb12e1a7b951963e8eb3217ae4604fe75942f2a,0.4348939999981667
js,0.01,js_lr0.01,710088,ok,,1.2308626760785804,6.83489352525027,36,1.3250756597442839,0.02783375320488665,0.03688182889112475,0.03688182889112475,8edace0273903173efb93f01019144696ba138d3c671e5838cd84362f8c7eeed,bbe45007cf8b2c7103013a41bdb0758f46d6e3d4f89cc81b4badabfb7b6fde43,ecc0c2acc319a0339d3f3cce47932ee8e8f15945987c7971cda0fb899ede6311,eb9334be930da7adf3d6bd419a1fe772f81f62b6e66370dd820e4c27e894c4c7,0.43874983299610903
js,0.01,js_lr0.01,710089,ok,,1.459866845801965,7.276947658316009,36,1.0775115279418759,0.05428420280867401,0.05849185431148101,0.058491854311481004,e07405a21fbba0a30a26a4bd6217bb7da202d9e379d3cd31383a6518b347deeb,627eb75a6f85e7ba983beb131718e18a16b35eadf96edf4031ea550fac2a07e1,89d5770e1e37c98000803d38be34080424e6f98be1740837044d6d779527b590,4cd82f402a71c422b242b61686b620b37395b344a7a09b82df1585f85ca82253,0.4310318330026348
js,0.01,js_lr0.01,710090,ok,,2.0204519558300613,7.818340846895989,36,1.0858541620061926,0.04606529272769104,0.05002018983239691,0.05002018983239691,8fdcdd0dd2a15429d12bc69a8880f7828b3bc3c5387433278f2469aacc1e501d,d92fb18fe0513be8768c1f082e9cc621a83d273be55f0eaea722781b2b695691,867eaa5c80c7c482cbef7785459017cbc6ee245f3fc6af71c89d832a430e1cc9,a25882ca0a376f3d15c9675d958c1a02fca852ce2aa4665289ecf8609bc4db05,0.43159074999857694
js,0.01,js_lr0.01,710091,ok,,0.9889163821982949,6.641664673174075,36,1.6826496210601773,0.030951162744037957,0.052079962262627344,0.052079962262627344,e951a525af7ba291372b7cac35c484ee8d202dde527b6ff39a863304c0717b76,b629d68128ff5c09e515280fd40fdd93161b26b5d045eee04d17b891da911795,da3bcea225ce514925498e95deea7acd83935ace1e58e82fc12a63fd97853b5b,c91396c280529315cc0586527632b3ebd81873612fb73577de9992cb48ce24c0,0.43200058300135424
js,0.01,js_lr0.01,710092,ok,,1.0595702279881734,6.593895676627768,36,1.1087982527057167,0.05790347411628618,0.0642032709257288,0.0642032709257288,85c1af327d1b610022b253fadfb9866fd620f13557d8bc121e0b82c22b99615e,e838865878582c7c3eb5c15a68b9d915d7d4bf43902cf40625bcd2e03f86e126,7fa116d3f52bfb8a88b71c1b26d77e915966b17741fa0715eacf97764d156fe1,225a30f2184d2e831af687187216f4cda5026b7c0257c5129470b63310ace6e4,0.43182833299943013
js,0.01,js_lr0.01,710093,ok,,1.0138034230163038,6.583162639604307,36,0.9599384519295681,0.05373213369498924,0.05157954123804055,0.05157954123804055,bf49553c34dca2b4df9d9bd7feab06157c82006b8e0c1850df5d466065a186a2,52d8f57ae9c43a380977368a1a6574983e934de9b76a5433cc7c847f9c6d3cef,c078dfa322e417560485687ed4e117100dc21dedeece70710ae1668a95bdf92a,70ce759573955dd2405f2f89d63a0d6519caba8f7728bd3ad41794baa3763842,0.4326806250028312
js,0.01,js_lr0.01,710094,ok,,0.8594913445017293,6.365398059551297,36,1.0795652756461591,0.04334917969954109,0.04679826913136997,0.04679826913136997,97076496aa08bbdd814b6464512c0954e7ad0aa8e6b50e3f94f11bb7eb9406a6,670f7a197b68cf4f193ea9eb684c1f949e68b60c7ec208cbdce2ed9b11fed436,64fe88f5c23c0e949dcdf275621038ad7a4e850808246d505bd026486f806b36,a97c81580ef49a6be1a6f6f01d810c5c09d15d543b110a6324c09ddffb5e2096,0.43650008399708895
js,0.01,js_lr0.01,710095,ok,,1.060869702009533,6.713284239043956,36,1.357435140984622,0.03357931800120063,0.045581746265127225,0.045581746265127225,aded037f6219fdee356dd2fd637f8acd46a64366495ece4104643e7bf1575803,9d84138c0c1f36c1a068a79f3cd59f5da4a46304168d7aff30a594eedee9af32,fbcaa28a7e638fd788cb288e89b999be45ad1f959a77461f625464b7b9534498,18c4f72aa81ad3821620a347d9a6ac87c005a13bdd5a7a3b85c4a4be9d1b1192,0.4281411250049132
js,0.01,js_lr0.01,710096,ok,,1.1144096188800883,6.895367848024854,36,1.0305287283626234,0.043969862692852295,0.04531220668714423,0.04531220668714423,f4419b1aae4cdf25db407da539a759d6ffda95fa7c27c6916572604d36a61ed1,61b3f1308c777b39676dc3c6b22bcc6f60181a0a93b895ff293939a4abbe2de4,4735609a41b45bc58f213e1c1a9ea9c12eba87eade8e1b628e4ff85fa802ef8c,a5431b4763130e49e57f4a54b6ea35eab10ed3805a0e76c803318879a904857a,0.43189883299783105
js,0.01,js_lr0.01,710097,ok,,1.0166049297628854,6.663311282427965,36,0.9102115339741743,0.050238829726914846,0.04572796227080251,0.04572796227080251,abe685dcc4b3a2dcf9f21becdf676828ffb43c5893218a46e38371caaecdce94,bb6d73a8168c788593fcf352c70c804f82306aed4735f7423a8e965902b83d66,eee9e512ba7284a0204d0533635fd416309bc3291f590dcd0f077a0315a6ad45,68a20769eb5df016dd63e483c6ed2798dde5feb8ed4ee9683772439fe906fef3,0.42842537500109756
js,0.01,js_lr0.01,710098,ok,,1.399794668453859,6.9596034298143366,36,1.3011237161772513,0.03698345878587186,0.048120055332561806,0.048120055332561806,d6ddff813cb107c11587461420e21ec0f95384558f599277c94a61ec80c8164c,913ca572a5f7cd646b8a1021c395e8b6314a1ad08cfd683dec6452df46625e73,30ddb9f8325854c1cbdbd599a87fda8d21b136e6f89ceddb48b6914c3fce76c2,f53019952b57b1304097557c81959595f37531facdd5aded0974ca8417cc533f,0.4336567499994999
js,0.01,js_lr0.01,710099,ok,,1.2957416510928668,6.765296641776064,36,1.1806274362758336,0.043520594697751026,0.05138160814320543,0.05138160814320543,7f43288afdf23021bd0c43664f5daecb1875e6e358027e241a7552619604ce78,2c55bc542c893bc5f42ea42530c8ec47c188003c80acc8fe37c60b9da156d80d,57ccec2855f978f7b51aac02a68dd0fd68482398fdf10bd301fa852a3d098c03,74fe3b91bbfe35fc3ed088d20291c75b1c14a8ccb6dbfc69159cef14c52c1842,0.435258541998337
js,0.01,js_lr0.01,710100,ok,,1.1758714862670216,6.818803407616864,36,1.0598040168220713,0.04184469993919407,0.04434718107827215,0.04434718107827215,81e8fe46a6b0a6b123a3a8cbeb20dff6c9ecd01d23b9b474653c6f0e4492a2dd,dfad1368a86b2ce73f0784973e3f9f1ab0c0dd35fdf63803d5f1845dd3826a84,a6cf51c060a642c2c2bc7f9a5bacbc68dd15c74506d9f20f6335042a1dd8dbff,4d0e83348d26fec7516814010801ae928eb465ff368b82dd9eb9f9e4c08517f1,0.447914624994155
js,0.01,js_lr0.01,710101,ok,,1.2570190468670936,6.75099529154787,36,1.5883513964843692,0.03461070077992415,0.05497395491709516,0.05497395491709516,4c84e6521085dfd3ee46b3bce2f9af6ac1b36a87a93f4fb4a6bebd8400611316,6d52c2cfae427124de21f67ec71c699573386f966b564f4b4d5810051c36cdf7,5162f9c8fe91f41478f7540059fdcedcc804f86edaf503129dd5e08a9c25f6fa,161ee5816eadcae5f1e88841e32ed970ed9fded78ce09ca5e6f396dd10dd6a5d,0.4463338749992545
js,0.01,js_lr0.01,710102,ok,,1.1579633751626748,6.787287036411056,36,1.388199234954111,0.03510787154287783,0.04873672041669021,0.048736720416690214,febffb199925e3020a1ef95206e53a60645afa89d8a5236ab4ae22a056b7ec21,aeca638c7dd73888d6858d7bfc3fe191fed081547b82c4223e4f5ee58df13bf2,80b83cbe1ca79190a0ec3569bfd1f8c8b230bf5a6f003ca3e3c413d90b77bac5,99c2d2fa370875864d3f48abfb7ae58d22124a29ed9ed9736d4b9c4775e36acd,0.4452997080006753
js,0.01,js_lr0.01,710103,ok,,0.8825037343330381,6.56917982490504,36,1.0958507691347024,0.046147713102883035,0.05057100689760195,0.05057100689760196,a2832b006f4a79f000a75aeb55e5a28c1a1f7bfd3e6be24ab39c9c9ca520e34b,a888a7baa2533c36d72011ddd835e6a2cf42fc2e58f8cfee5f6901c8f6c38ed6,14524eecb762ae98e0bf83d447d938177a4c99fff742bc80fb02e117ca2fd01c,9e97f4bcce4f270640b931a72cd61da9d2f257beede42567a3e017e630d630cb,0.4467243330000201
js,0.01,js_lr0.01,710104,ok,,1.3842504280412298,7.080329323920141,36,1.0944502685935527,0.043553928445245395,0.04766760868520319,0.04766760868520319,38cfcc92f9ba3cafc58ac46813e1e264df719826ca6bcd2420d1ca7b5cfae116,655169c78d76bae7ac4314a3a778d40937cdd998fce4007b9c5750d282e31f9c,af20cf77fc3d8f5c7183b1550d7a2491be46abce5be3e86d924a83a3876d0ffe,e9e9aec2118b2025e375158bc175ead5a94b00d5c567d534442ba18b467627f1,0.43474445799802197
js,0.01,js_lr0.01,710105,ok,,0.9244075601819652,6.6161131163879725,36,1.2506829305306746,0.038194524933515134,0.04776924037407563,0.04776924037407563,a4654643770fa053d24bb3f4ebc84e56a6408328676328fc510a2c312e9273f4,7bedb989e8379e7b65b1ddbcc7a549b2dfdab687fbeb88b79982b020a6b31b67,9a4924acb060a9f36d33c8b900cae9594afc182e69aabd0d9c3e1e23b0bb86a5,e392d31344c27882018f294d07d23b0a01bbe33618424e9f5eb21dbbed0d1358,0.43552945800183807
js,0.01,js_lr0.01,710106,ok,,1.0405763797053043,6.696358246861003,36,1.2811020160814053,0.0399214784544889,0.051143486532996114,0.051143486532996114,f4dd07468cb1b993611ff01b6977694710181001943f747f91a328a10612e4fe,99723440cd854abcdd7338daa6b2fd66cd976a8bb4fcc1cc055b81f91f77441c,ce71872e0a3cb9cc84383059e15917747d3c6bd0edf78f435d45dfef32905546,244be6b6d33dc5efa290de484d327c9e0a2a6c90c3075d5bd7ae15776435e98f,0.43407925000065006
js,0.01,js_lr0.01,710107,ok,,0.8574343817955014,6.45859806833405,36,1.0731252704028191,0.043250973462992615,0.046413712592659105,0.046413712592659105,38d3c0fc1168955f42be5228d53c4ebd589f7cc94c07d80164ef94a4823ff486,48d18d06e3a38754536f3a27981cac3a42069b309666a4ca0492cd3e324f2454,8cb585ad41b3ae0dc0ac8142470f45724e83a4cc16fd891195237d2a28e92323,74cae9055d67125ae7c8d12be1cc38c59c6163ba5627ce82b3751791216f9886,0.43550395800411934
js,0.01,js_lr0.01,710108,ok,,1.3459975111588414,6.768762920038384,36,1.8056035242754753,0.023537950927471196,0.04250020714886518,0.04250020714886518,79a5bcecfe37045b1969c27696b6075ba7d44e86998097bbbd89d7040c3ab8f1,207128964a1365c9162b1862cabe7e26dedbbe20815896ebdd9f4644d038f875,6560b91cb8a12ddb910da4c577c562d1e1dffd23e42bd94ee3d473acf8728a35,852dab4c6967f79cad49ae2272140e1098bef2da13f19438ad8ad20fbfe52315,0.43836424999608425
js,0.01,js_lr0.01,710109,ok,,1.1351354289995323,6.843899992867387,36,2.087973886970389,0.01831621581582195,0.03824378033155027,0.03824378033155027,7da5635241b22e3bdf3f74bb615259bf67f1756abf8bf7a4029bf76c3461f995,d5c34b7368fc258b927927962742d79b97f73c350df1a2a0a17b5b5ab5cc7ad3,ffff2afb8dde3ffbcf8d6b9426b5964855f04e7f7c27db2be6e5aee3ab2e9ed5,031d12323735f534d1961be29a392b29e2746f4c0d6de59ce6b86bd5270397f6,0.43678033399919514
js,0.01,js_lr0.01,710110,ok,,1.2392414559017524,6.801146835122185,36,0.9981222438906641,0.058265169087556676,0.058155761310341024,0.058155761310341024,38161346dd2d945f0a6fb369a4804845c887f52d422492b58baae78c3ff68982,b65f0721da2cae6529b6594fa3fc8f602243a9fc06300332942e33d142261a93,458be35201b531aec42d25732344699dc70f98958496988efa03e70d7d0177bc,c73f46e33365b07dd05690ffb0728c6ec6a2bd8f575ebc250475bb37cc752e90,0.4260725830026786
js,0.01,js_lr0.01,710111,ok,,1.1721911576828201,6.732159930434331,36,1.1717484535977793,0.04583046789966044,0.05370177988908979,0.05370177988908979,f5aa4f946eece55e6eead2c69d19531b312f125b0f99e3e6af31337af9cbeae2,54ffb99f6fe4087662a16268705bc3e5334dac7e0318ca18029d6dd3ca687946,041b1e1ed30bf2a57199171a84f7693bc4eefcf1ee4d4af736e74ee4df492626,5f0767f96aedd0f364b88a3c165b1e0239402ccb0b54cf862615a3c392e9778a,0.427612917002989
js,0.01,js_lr0.01,710112,ok,,1.2465037684820768,6.830594608750545,36,1.1565647490081163,0.04036014780449329,0.04667912421543426,0.04667912421543426,9d38acf1ebe5ce981e22bc298fb9f0f0ea20fc8f0e8071a0483d411ce3899d6b,8a15a55d5b92e61092f022d4ce065bf0cfb4dcd6e5b573f7876647c6dda8cf70,901937e1cf737dc15a0a08f9a7f12d7b09d0d176a549812345520422b2e4645d,6ad34056bf2190d780d6d4f37013310c87c0e2cf4ad51e80b7010d2792386566,0.4331589579960564
js,0.01,js_lr0.01,710113,ok,,1.1354599854524188,6.804115505290654,36,2.0508154830800507,0.02317051600496227,0.04751845297393074,0.047518452973930744,b67ccaac5ca87c147e21663a394d877eddb61f19f6ed447ed7fb1f4658902e26,f35bd2ef82b3479104008d906e25b4a89a32c00d41626b4b501d887bd1bbe821,a702a256ee7739d619b062f89c72eb89a3ced741fb3600dfaa0011b292ac76cb,972f236c4e550a55de6fd11fcd7d8b77ca6142b3b8b3483f3a6fcc6b0ff35cc0,0.48905637500138255
js,0.01,js_lr0.01,710114,ok,,1.2486307049248748,6.8734632864985885,36,2.286863855660959,0.021765044479925336,0.049773693537994323,0.049773693537994323,182c426fdef815c61a400f37da37d5dcbe36bcf2f24fb8000ae54e82e5a40fd8,94e3aaaefe55d779fba93e1ba7180b2e8b2e0f57be46086f5cd8a3c5d1d772af,6eceabd8c6ab060705836d635bb6a1732f497d5bed94c293da74e4e7f928bf32,35d3a5f3cac96fb6c11f1ef9ee06d8da7e553336293f55251318398797bcea6a,0.48578645900124684
js,0.01,js_lr0.01,710115,ok,,1.3272870494807278,7.012798282927797,36,1.5627991411313582,0.03468490370051427,0.05420553771338756,0.05420553771338756,72cd90e04604e1dbd10bac0871bc8883b5c400aa925efbf4296bbaeaa6d9abb4,5d15a5acf0d815380aee11d2425f22c1d3ed22b914fdd2a1678df7615a2e1eb4,1e22fb1629e276ba67b92ac44b1c0bbf0617ddffb9df4de9b8b2bbff2e6c95b6,2ed595fbb26b020e6cd74dc03d198800ecf3837460c71b1a7e25ac68f2aea37c,0.4847161249999772
js,0.01,js_lr0.01,710116,ok,,1.2155175461078915,6.9783681199161816,36,1.29197595279836,0.03774865281058218,0.0487703516818064,0.048770351681806406,04c445de5389a04befba7ad145e1cd1cb22bbbfe6f00b5978984b8ecca7a5e9f,613214d6b6627ed49eda5a03a0cdfc852ec86195e17adc2da2dc1d597321674b,0699e6afa75b878c53524bfea461b31a49c74eb857862b9db2cdb0405a364d4c,7cfabb8fd1f194e323cb85060b120745604deae4b01c8d5e14aa56776e3e1dc1,0.4289191249990836
js,0.01,js_lr0.01,710117,ok,,1.4948405551447403,7.212130240975715,36,1.191801073720629,0.04364033301913842,0.052010595749734996,0.052010595749734996,14a43648171a52814ea3177d9d4563c983ef9f90769fae7ac4c74ae5cba9d377,b41d22d7ef19f7069b0e3dd021db191fa7e58ec924b3a091c65308e04de8278a,f76c9fd35cd8330e09640f97e8e55e1d9fff7e41eb0d738a305eaf2af0664089,592a65e2392eff4571b580121b87fa613f808c6a6776057cecb7d4f1f5036895,0.4303282920009224
js,0.01,js_lr0.01,710118,ok,,1.299360439237423,6.78355746553019,36,1.1057208437023034,0.0447178477172946,0.0494454563065181,0.0494454563065181,4c1d5c172e13790d57b71cc3ea8bfcf1598b10720394ba3d63a8544f4251e2e4,299dd84473639620cdef5e818458469d51a5084c3377dbcceb638039b23db59b,59d64de76c55237cdf51b2e944a8c87fc255a294f9c58ddea376ee2a8fb549de,b55db464eb55e555c88a28c7fac2805f5dd2315127a45923ae5c3cc5e6ecf543,0.4329917920040316
js,0.01,js_lr0.01,710119,ok,,1.0269420026714973,6.876949828559244,36,1.0934994585857936,0.050950614485595784,0.05571446935461248,0.05571446935461248,ed8de7fbc53567625f58961a68f319867476a2a55c47b1e1f334008eb343f73a,f7a63cb201def74a013578086f1f3ffd3048ebb8d8e054855da63447e420f6b6,12e8461d1eadf4981e2e12ed9676d6e1b8106b76d710829b1af7bf2527982c6b,52d9509ec41f98d3096c6addbd3f63022a22f77214e71c19d9c0804f6d8c4e66,0.4250575409969315
js,0.01,js_lr0.01,710120,ok,,1.0791316429330804,6.776658682418283,36,1.0999367605173394,0.04037477789808927,0.04440970240783138,0.04440970240783138,0de56e535fa28db377cbbcbb31e482c1571bffded9bc8638a26dfa3b1738208d,59f898a9f262f35fd06de94ad8c5fc0fe3c4e1b5d9820b79372e1d2da04b80b8,24172294a7d51cd6e19fc7f318a5b1c2688542a3c0977d07c372dc4c66840200,6c3111c1a8519b27c55cfe37125b428eff6f3a768d860214e7e022be8e89a7ba,0.4251059169982909
mse,0.1,mse_lr0.1,710001,ok,,0.4259545727271325,6.020737070518923,36,1674.731223767756,3.277109541081151e-05,0.05488277672155825,0.05488277672155825,fbfd6358740f1425a62931fa17fbb7843125eb4a8356af36562181a2cba07016,8d1a955cf019a03ffd1d306c96caf2e063ce640c4102ef16cffeb944f12eb6dd,4401cad43f46809956be46204f0aed84bd368e1136a999aa232bf82701484f65,98c02882953539777963a4234878a77cdf80375306e14b6dea9408b6cc1fae7f,0.3683075830049347
mse,0.1,mse_lr0.1,710002,ok,,0.4991011189290035,6.216740670599623,36,1672.0914083118143,3.5291378942880206e-05,0.05901041151786647,0.05901041151786647,0d55f1fc399d3757c79882b4104a6477e5ab5f50ee13e4f11b987e9b7b740a93,5d3032ca5fed5082ef185f8a2df8a4546d59930a38f009a809b0f7a830841c3e,5c3c4dd0fe8e044dcd33ce05aa121a06edd793a666015e6ae95430e2f51d504b,97f118e3ff2db670c05c841eefe7fb00889c42ae5a6e37821062e07d0cceac15,0.367418625006394
mse,0.1,mse_lr0.1,710003,ok,,0.39253412333303817,6.1141681914945565,36,1655.061287431652,2.6109227393435838e-05,0.043212371503625675,0.043212371503625675,18530ffeadcf945e7ced4039b99abec02f2360e3c47ebe1653b881cb4c3a372a,e1de481039be728126568044409d37c4e0386936c5f46903fdc09d2fed3e37da,e57242d74b728c5b4a89001bd730ec9fd2de85013645ef1ea998430f491951cf,fde045089428c46884f73fb71eab521f7fed445b69f421056376d6007cef2472,0.3688505419995636
mse,0.1,mse_lr0.1,710004,ok,,0.24820978163884125,5.902951051644042,36,1680.7102444125426,3.364749923826644e-05,0.05655169666861763,0.05655169666861763,16509180dff89f2a9605a1bad930e97037805b0b24f5975b0283006bbf85d6cf,53c5ca19db9730c30f83000b8f47a3f911612c145144b7d9a0ad74d03bf26808,01736eb4010d7a28487f6bf9699ecfddac3572c1abb51b9bdb9dc9617b0ddd31,2ecdc5ecfee9b6c0e9e55426a9bf0d54e63e006ca7c2e03d108ff1171d1de26a,0.36595787500118604
mse,0.1,mse_lr0.1,710005,ok,,0.34593220248132717,5.940448917523314,36,1665.8951100784152,3.128091270968884e-05,0.05211071952186039,0.05211071952186039,a11c9bc0f5bdc31222cb606b752401129e04183d020147508b6507999a2f8dc2,70ffe32b971293a274f65832f1fbf70bb2006ab75c88236e4203c1782576c1be,37998affa690a0d79dd202e9d9452d4eab8258a8a55fa6b0373b157cb976516e,7132ce008f238d71be1069ba0ed796b25dae799222426540f752d364a08c0a1e,0.3672381669966853
mse,0.1,mse_lr0.1,710006,ok,,0.38252491678835726,5.985149640746021,36,1669.8848393135665,3.112025462138406e-05,0.051967241387827205,0.051967241387827205,0f8444576fbd35da0afa1904a49e38b292a0e40153e791bd3922a4d890ff7bc9,59cdb109440f43e2240c3a8bb098c5d3e160156a3e6f93a9e458013b5d0ed4a3,d4e794f40e9cd82035ead11ffe0bdf3fba67527780256706f6446f5426c16702,40d45c7fe1baff7db1d21a673e74f0e402105de488c30f2a8274e45a8725733d,0.36735016699822154
mse,0.1,mse_lr0.1,710007,ok,,0.4215222936306632,6.077141004656291,36,1647.1965488423389,2.8647418860218342e-05,0.047187929479792584,0.047187929479792584,9034dc2a399ac71b68b21912d04192ec853d38215ef7c8a7b4d4f17b83e16051,faa5a9c16b7654f81563bb1475fea119f21f425bffe016749349d3af4828bfe5,c765bceea87c77ab8999143229deddaeaa13bab35743dcd5e48dd8f37e369753,146b3190ee6826d96a47c1ad7bbea0f07cfa8567f31e2a4394a6b0738fb1a40d,0.36750829199445434
mse,0.1,mse_lr0.1,710008,ok,,0.3715364127760079,5.999852615026966,36,1676.2659081464997,2.658983570548232e-05,0.04457163509631654,0.04457163509631654,f3bdcdf50cf0dc3b1bd234222d0bffdc882b7668004bde8f94e65ef9616f10ab,5c358aa603198da97a5d8c65a54d09fbf21a3b3f0c2d9bbb403e1c429e739963,c03fd18bbd925d5120d9219c98b81831a432ac25f7161a64188d42ec69961363,e7c5b63e567ad15445014013eb9a567e527a0abb8d040abb463a5ec7ec3dcb39,0.3694710829950054
mse,0.1,mse_lr0.1,710009,ok,,0.3594352611085178,5.923919507560873,36,1623.2084125004596,3.470432586757315e-05,0.05633235369840205,0.05633235369840205,f685fc01a29f008f4092430c82efbe6d9569f4556e24dacae92a9ec39ea15f58,94502329ab2058e0e6a4b3699281c6f5cc11667a5de1553d6449396e5d87d6ba,2b75c7a45aedcfba96fdbfb506c9f1595e22314f58c9ecaa9a7e21087360a735,717ab5b0280140e9a339055a1a33e68c57403c6a2fa51af9e65a482dbd1538da,0.36784620800608536
mse,0.1,mse_lr0.1,710010,ok,,0.3868481071249218,6.035232724151839,36,1674.6243452607134,2.598767268877053e-05,0.04351958936128207,0.04351958936128207,e0653f5c51094eef7c16e097d057fed8a02cca87c75d3d76133c8d59feb2c021,33f6d71a4d1fd3370dd4571d6134c16ebcc63350f1c9afae28b30ef5c954a4cb,5ab7fa3602a0696ee444e34242c86f3b3992f9fedf69ad83ab501fdbb1a01216,d098a55b70bb8d3843ff1ac82aa939089df452ddb01568c6996c825996f36ef1,0.3676756669956376
mse,0.1,mse_lr0.1,710011,ok,,0.3784642303608138,6.003262059633664,36,1684.442729258592,2.4639378318908338e-05,0.04150362166273694,0.04150362166273694,ec5a9506c44e46a4719a09d62a757ce636c932938a449009d028072c2c71083a,e0e21e0cb7f32e7d4ced64c027b1b5cba9501b41e7c5ee4d0cfc3b0dc55bed91,2e5605afb80dd4222941294119b7b01f6588556e21af8e007a8b29391a0879a9,7f0c1c2f804ba788f3f981702336fcfea9af0ffc5dfc4c1ab2d01efd63f85d91,0.3692523749996326
mse,0.1,mse_lr0.1,710012,ok,,0.4248514458811524,5.938041593510322,36,1605.5191283986576,3.5276593242058314e-05,0.05663724523486344,0.05663724523486344,f5373cedde247855a0e2e565ec8672d22b9a70fcdae4bdbb8272de00550cc765,615a50812e3ad39138573c8112f69154de0106d49afcbaedad8c5f2b0a08715f,e2e132ccc0468169928f60910b69c0815dadaeb7cf9f4b1da91cf9d6c2ad0966,5dc418709e8570a2a6b5b8c17083889859db2d5536beb5d2e70c215a16d1c67a,0.3682725000035134
mse,0.1,mse_lr0.1,710013,ok,,0.4157262883008132,6.0438054853589875,36,1630.8917273143477,2.8504876912395237e-05,0.04648836794453914,0.04648836794453914,1b3373cfc93efa97c24eb73bec3ece18d5795eae5bba06ec0f6c6933b5e8b1f4,9123fc3ef9b65867380f57567eb9579ed11c48288c19f71d4c315635f580e6a2,898ab8ef564c253809a157aaf67bdab4ffa3fdcc244177d879d59fce4714de71,36e47809a3cb05ebdb245c1bb8a637c6496118b4479bed13b0d172db169e3905,0.3676929579960415
mse,0.1,mse_lr0.1,710014,ok,,0.43362787572867545,6.007408158024549,36,1699.1673417994111,3.034597458831273e-05,0.05156288897553582,0.05156288897553582,7fc1eaa2d965bc050c83890ee4d2c8868b69fdfb3444ca576ec1090d47068b14,bc6cb8991ad2365cbef42cd6a104fbfd9ef33dcc4901fa42809e6b6f7dc8e8f8,a633e07500a63787dd38862f0598b04793056e805b3e2cf7369217b666d47c5e,67357ed4bb69d20ae1b0946dddbfb938c81a516a79446270d4dd75e98c2fa470,0.3678397080002469
mse,0.1,mse_lr0.1,710015,ok,,0.4197286140688339,6.0521204238201225,36,1718.3819320505297,2.546095435298189e-05,0.04375164393292736,0.04375164393292736,f5680ad7d8de44e3ebc46002f90f6b24358c130054444b5b03c9d95a5b21fb3a,3b7a944a3ad6ea47a700007a8af32488c78784fcf41d4c2d6dcbf2cf21155343,555e02e7f6ba885761c7a284e62a217941489582506a2a9ca2ff06bc6da75dfe,9d2e72353f0b32078b5b7e4d6a88543f59cfcef491d184835f13e71eb900bed4,0.368723499996122
mse,0.1,mse_lr0.1,710016,ok,,0.3704022521955228,6.095533234689483,36,1700.6990356791603,3.1761985990579984e-05,0.05401757894543438,0.05401757894543438,1b75d4d5622958226c033b9657c9be4b93dada816579841940bd590d218ed69e,5c7cb746f4b8446bcb585f8976654177cb43c389e8c853c7aa6ab1b910a3db0e,b372fed2ff95cca5a5cbae8a57632f23ffa883f73c2d17da1d87ac3cedf01bbe,42b7b34fd83156ddcebfb4cb06221c051c01a2953f68413016bf8d97ecdedeaf,0.3674079170014011
mse,0.1,mse_lr0.1,710017,ok,,0.34051690956849423,5.98409775243627,36,1638.7694014750637,2.9643326345092728e-05,0.04857857617227759,0.04857857617227759,0c8b0a81d34687a5f0537779f42255d8c54a93f7957f141a20b8ec6bc62d6c07,56d4aca86d43f8a6858016a581e93a0b6bcb16b8cb88f20f4fb5b4d54c9d5752,2dc95bc899219ac7b5460836db9506597d027f04bf5cbb57533f63290715db0d,3dab791fcbcc8e8e18ba37eb877f9ae08f4532911125d29a811cea5857cfa134,0.3681556669980637
mse,0.1,mse_lr0.1,710018,ok,,0.47228054779275785,6.156789478249993,36,1686.317929751057,2.915952917124885e-05,0.04917223686457591,0.04917223686457591,ff1b93dce170212eda572c8422fa5effb7af2cb86a6f32ad084d5da1e2595e19,1e35973d43104b6f95a71206149243f6d30a31b7b31ed581321af069ef4715d2,ce1adab9cee32e706953485d462a43b142ed2af5c8ca74db85041d6bfee2c48a,bb4fe47f5e65c1b6e58a0f1111d8976767f3411714a4f68f0da99d777eaf35d9,0.3686693749987171
mse,0.1,mse_lr0.1,710019,ok,,0.4033115121277886,6.0503795872660655,36,1673.5949849034694,2.8027486852207655e-05,0.04690666143530266,0.04690666143530266,9b74b9d6fcf6287b9728684fd0e7d4ed4bab4d4b8fdee8323248b9c7bac04a18,61804221c257bc1ab128c4a212dba5df708dfc9c75cbc7346ae5a88be4c4f270,5942ce5dfb96fc85b8d656ab464194fadc34e95084009ebdb9dc9ba26483c20e,93535c9e236c4d3111eb1ccd1779faff5a5651af3b349a5d66b972adf71c9aaa,0.3651017919983133
mse,0.1,mse_lr0.1,710020,ok,,0.3382689304551949,5.923455848542657,36,1707.4751448151342,2.6360398368935744e-05,0.045009725022383186,0.045009725022383186,f0bfc03ac68d340ef5d57fe8d4552a5ee7771aada02f745da04ec1bc90f92c12,0e33bdbb7b16bf34eb9b0b268dc5ef3b343fae137b7dd0566d60de5658986cca,4fadeff17e36faefc844832e0a745fd5b98c3592a6883ef4ef4820349a90ada9,5ef1b552756fbae063753fb3a588ab0208bb66028fcdb6904b3476379ba3013c,0.36645870800566627
mse,0.1,mse_lr0.1,710021,ok,,0.3887298033896983,6.093231891422909,36,1705.995300193304,2.8188561982194675e-05,0.048089554260831766,0.048089554260831766,b99cbb41a9f547483b547f0c2f7bc7adabf05af18fddbda296794d7c89106e37,96facddbc8c81bbb31cb13f3c12350b2994b2c117b67ae9affd2952230b33a61,035cd99730a0fcdca550751435d77916fafb4dc169674e5c8966d7260d34e225,6dee94ad5fc67c11b64fb459c8f5b5063d12bf55c68b29251454c54c3ff26128,0.3684819590052939
mse,0.1,mse_lr0.1,710022,ok,,0.3988353436655725,6.008394382487973,36,1680.5793632182276,3.0382344111172762e-05,0.05105994051943179,0.05105994051943179,27974b81e06041d65f79db0b76c975a85c0397dff46063cdc264afdf43a7011f,0e7e6e6e9c58bbdff06cf9a2d3ababbb07ae16179f1530dda1852b5e0fdb3af7,35ca1e42d7b72c480c9aef4aa7724e77b67b865748de4fe364bf01975d371e9d,eba28fdbd768c532b00aa34f3aa4fa3869f4c0fc8b0e10ddff4ac8849f732104,0.3686503749995609
mse,0.1,mse_lr0.1,710023,ok,,0.4051791992994725,6.054570671975205,36,1690.8329024316688,2.7961379417755676e-05,0.047278020316916955,0.047278020316916955,e60153ed5536bc9ea61a6ffca89fdd984165324648dd05e2afe29dd3216eaf0b,34d514fedfe9e06b547a5e2bf675a275bf2bb33e5ec2c15b21135be2ce2d822e,833cc76e4774de9f7fe6d0cdbfa65db9360d6fa5bce61f23642ece0cf74a6733,d3f413e1108e9668817d298ef7ad890903cd461043e2702b77a1a3809838f2be,0.369477915999596
mse,0.1,mse_lr0.1,710024,ok,,0.363724391305151,6.072994298183075,36,1663.982309370425,3.4122077388942744e-05,0.05677853313416931,0.05677853313416931,aa986c9124a25ef1052791d564d7c45f82160006df9beb8e1b338e337bad5a69,5d83b80b251f0aa173cedcdb2cf99e54fd65bad61e8d294acdcfbf3e5a2db3da,68e5f1cac5a8a435a29e8ff1012ae8229a1f8355018955713b989b18ea07fcb6,7fca0b3ece6d0e7530b41d1897d8e02773f2a56db9788e019b1831f85a9d4b66,0.37021954199735774
mse,0.1,mse_lr0.1,710025,ok,,0.40424484775699543,6.055289376965445,36,1639.5593230328286,2.649292501651876e-05,0.043436722205242986,0.043436722205242986,b978854b64f45e4eb84c23bc4683a858678a598a511a2bd0d6a1241fd4f848d2,fe7dc78467eb1f6f437381ee3d894847375150b23e1573da11fb8ffff08708b4,bfd20f9a4aece4f70ace1612b7c0f341832f5234e5db97f8783715c0e1ec0c97,be68823ac95b61ec65f2c15d0a474d50fb64c26ef6040af79c8ea6885a88e29e,0.36725708399899304
mse,0.1,mse_lr0.1,710026,ok,,0.3532750863920079,6.0276820026990885,36,1647.0130594296684,2.76284492764667e-05,0.045504416770130826,0.045504416770130826,ee962a620ecc708457762063e44199c1982c335302888915a8b9b8d023796522,461de82e992e45cc51cb3c21920da6d4ef3df4e66f49fe9ff50a74c08a9986d2,2905810631ab5210b24b333e5e1c9375bf847246a02a5e81756e86ac681720ab,8a22235f0fadaeb66705c4988a29729c01242e692c2ab08671afb11de3898e0a,0.36817687500297325
mse,0.1,mse_lr0.1,710027,ok,,0.4042299850983837,5.929894402675482,36,1667.785635129423,3.062927077501454e-05,0.0510830578130587,0.0510830578130587,b842897a3c653a13575711eb49efc2ef7af78c63fe113d0412e7cb80c97de4b2,9f17adf7fe58598a8c1541917ccd7791afe50d8a9f605e0501a21f6adbf1a572,c34a470a9ee095f0ec72477280a699e270925e21885b4390e54e88eaaed25c43,98e7fcf277994627ddaae22e77646aa694e09be296e06d68ed42ba1bea3c024b,0.36866612500307383
mse,0.1,mse_lr0.1,710028,ok,,0.3919073279210018,5.999558057762244,36,1622.8829618331226,3.103148719663136e-05,0.050360471851755725,0.050360471851755725,a1ca397df424d393bdcaf98430bb8c9d421f579d0081bc85b76680aad82a8592,a5ae2758ae9a9df9ecbfca9d77d74fd35a979291af5af15301254b06c0077051,bc66d0e32b9360e0eeb8c880b58a58f20b46e75dc49f9f009ad8ef0226841d93,4333d6c4ccadaae66462379fe238caa2b036b7c3b7d7f2921dfe9b5985aa9fb2,0.3646264169947244
mse,0.1,mse_lr0.1,710029,ok,,0.34272394456918964,5.97161232337252,36,1681.283566143725,3.0822368007721855e-05,0.05182114080101686,0.05182114080101686,8f8dea43cb94417eb98ee48283826016f51fc6cb07028f9fb79479be3015e50f,a3627aa98dc1d541a8b71caff5665b0a70360d481ae950039922144858ee8dac,4dc246695570624a64af69e6ddb86897d9d1db2acfcf8ac85d5cd106181b7cb9,ea22fe5a170fbd457cbd153ce68e43ed7613e7a54b3776c91c59072dc7bb80e3,0.3670101669995347
mse,0.1,mse_lr0.1,710030,ok,,0.33493523304483647,5.8488481111516215,36,1653.5487231291079,2.7968713172987243e-05,0.04624762995475731,0.04624762995475731,1bd1f35b28145949ee60e88f82b60bd1a731641dd5249f026c5740a7a8756ac4,5e456de9d48da8a99ecf0a73fddc8d385ed07859505b283404d7895f679faf37,7a007ca89417f728a9c17a4e3bd78aace332de0a4b84ad60d02e2edaa29830df,f4d21e6f95807c8e41043afe838bf652c4e924e60055104acf581b78ed199dab,0.3681635829998413
mse,0.1,mse_lr0.1,710031,ok,,0.4302334724626329,5.9898751339246195,36,1683.615328510366,3.0238782347919772e-05,0.050910477476446406,0.050910477476446406,4318c97da4798a4160602c032b945744c5e804ddd36bb838b076770d7f063eae,f996ee538ede4692a6eb3067fb423dfabe033587afc4e0b1cdc40f4fd433f37a,ad3cdb678d057d55377c567f0b97468f172853b9b3f6f188388d92891154d48a,67c7d975538c0e54a1f7c40b89f707944c6a4bd12ca5c783958a7a5b6a4b76e9,0.3642254160004086
mse,0.1,mse_lr0.1,710032,ok,,0.381781768372538,6.000863304480307,36,1623.3856738974944,2.3093781797814367e-05,0.03749011452668657,0.03749011452668657,674f9f6398a5e9711a5a032249747738e182155c82545eb331cdafe26b17225a,94c04a803f67d6dded70c9a4400709b8f10d18d130d73ad80576b0f8e4e36109,809e437d354c943436289e463b345af0c4168d0985eef969b192fb2b120bad79,a2691a8eb481239e1b7d5ca2e239e994770a59f5ba98488b68935a094f45b2c4,0.3659592080002767
mse,0.1,mse_lr0.1,710033,ok,,0.3620825174110374,5.928331555635636,36,1667.425470936319,3.264129959243182e-05,0.054426934344884104,0.054426934344884104,a0635316e267c985f4e218565a4e1abf03a2693aabe64c0bda32b254cad24f9f,6a655d2f042a1745dd65fb88e2116960de9cb56f2fea762db72fc011b5d7181d,6391eedd0fe7feadb374663b3705607bdbfd6bf5b1b554e72b9dba9fd980dab3,24182a964b7f78b665f52dd25c015d281ee7aa981641b512ee7b9cfd99cdad11,0.367353000001458
mse,0.1,mse_lr0.1,710034,ok,,0.28425739430373786,5.8660174746603735,36,1674.393634364303,2.7201599129967968e-05,0.045546184427747924,0.045546184427747924,3535de6482494f61aa12046462970398b58176bf114f0a7fad399bb0fc612812,a534917bcb5f733200bb7c704894f5fd3db16769632d1cfd2ac49b4e6fb43dbe,5d2c6799f57c7a45238257bd180c3983a3ca380f56c7124012228905d8a0fb74,6a08bb83dc5ed75b84ce36bba5dc1499ca31c6e4150670f80e444bb5773948d2,0.3698093749990221
mse,0.1,mse_lr0.1,710035,ok,,0.4486971105423292,5.960236908500889,36,1612.0462555314455,2.962015057882347e-05,0.04774905282886995,0.04774905282886995,5ce4d02d3559d89bec1ba7739ceae75fd73981cca38aacdd639c199c1b2f200f,8dcaa973bb2552e8ccb3a42905e32a2c6d4b8b235530c418804144e6c405669e,bf22a396658a8b360fbd708815f7984e13a44ded6844b33fe2fa0e3d9c081cab,ddf78e803aebcb519969f551d3173b00d8e19fbeb3a689022f243c013c2e8ad2,0.37342962499678833
mse,0.1,mse_lr0.1,710036,ok,,0.33373974987990607,5.838770301996361,36,1653.8837406036528,2.741983562702513e-05,0.04534922031356163,0.04534922031356163,de3c26e0c86932969d4f781435d6ae944cb92c8b37fa644104567f0e786b12a1,7d5fb2591cb4477610c223dfbae2ba7f5bc123493ad26e36fd4ca5a16943fa5b,55e23f6c62fd26081ed99e278194a6e31c2d62ca9e39359c98374ea508b99c7e,00a0735515e56bb53569ac69d2be2cd040982101e9debdc2bfc2a2778436b82d,0.37280441699840594
mse,0.1,mse_lr0.1,710037,ok,,0.3481591607098339,5.886596470902142,36,1653.2218025294806,2.3043978485015455e-05,0.03809680764844782,0.03809680764844782,d1af9b1b6ff073dc3249824ca4ab4ff539e6d5903df5928fddf91c6cf00a1ccf,b2a8e36481ba4b4fe5419c091f01858e3b12ea1fc1c205689b9fcb5bac6b81ec,63e3cfb1bec1f9f153c115972e7771cb07826ace4e874defe54f5490d3ceb440,0907acd8768ece4e0ec7d0ca395b0dfb9dce9f12c78fbc93f1c481d709ce60b7,0.36717595800291747
mse,0.1,mse_lr0.1,710038,ok,,0.3739618625322956,5.907562700191739,36,1644.4902935720033,2.676645545045001e-05,0.04401717618159248,0.04401717618159248,378c571f14ccccc00a52ec41ec9224ca8e081c0cde7d9126e249dcb7b8a3cbfa,5ddc6557473e8c47a03734b47ea0c37491f5dbe10fe1348c639dcb3b6ee4108a,ad163a000f271fd4becd0fb184383153d2c3fe8f2743c90b69e775703cec85c6,d7ecf63db5aaecbdb3997c3692c91e55529b9d0b2fd973b582f72600ef244e7e,0.3738123329967493
mse,0.1,mse_lr0.1,710039,ok,,0.4028081880309945,6.069544377562404,36,1635.7772432782738,3.0131735363669104e-05,0.04928880700837312,0.04928880700837312,4e8dd5a7227ff6d88590780c9b567a92ebdf7d37ec5902e8c838bd8eed5848e2,f65da492db31baa62b6dac9f117d07ab2aacd1bf1231c248be9c4df2d0f1c1b1,bc57c381d6d5218c2e369e73c9334e413135cba91b86a497c6920733bf6043ae,995ddd5d5a1366faa9e37126dc2d41a9658da3878f55210e53fcaaad40deda60,0.3720243749994552
mse,0.1,mse_lr0.1,710040,ok,,0.3599476155937278,5.958314082434621,36,1717.381981188387,2.9195105852209228e-05,0.050139148729471755,0.050139148729471755,38df1054383f2a433e5e9fbbc2e02d64365d13168c14fbd7a88add06781b480d,8ca86552981bbfa880f13bff4b5a31c43e254e7eda2c80c35fc6f3cc094eff8e,8578d97aaa53421b1c89dba1850350d1df0d8340d26947ac98b8f4493af7db0a,29da00365ed90be2cfeeb1547b05683af3d3ab45b2ec59114b78cb8ac5d44ec5,0.378151541997795
mse,0.1,mse_lr0.1,710041,ok,,0.44310340757046973,6.082735175230822,36,1730.2373509460438,3.036122866719348e-05,0.05253213186059193,0.05253213186059193,1926eeafc5676a2fba39a6fec6a304988f4cde01c7e6468893cd6f6152acf6d1,76f60d1ee80faf1147b79c4e78951962e61e6d0cdbf7909cac4abfb303e8d307,7b8aa0dccc2df547eabd0ebdb5393424968575521f486660447360784c9f314c,b1b99e5714e55bf32c9365b0fb0ebf3b48d65f3d345c09580a9cdc2d2cb2bb31,0.37651370799721917
mse,0.1,mse_lr0.1,710042,ok,,0.44673426853900766,6.102853075805754,36,1641.2082659782316,3.209430993031737e-05,0.052673446748504105,0.052673446748504105,644fa479f0486c5c3b2931dfaff092b504cc70b99e3c534abc9b0938c0233729,822a651524878f4efbb8826f670394e893a1be80dc975167058722a3cf734ebe,d9cfe07dedc3f9d4afd955ade3596b80dbeb8cd29f72c01b19286fe6a89be13f,bf7ab36b411531309d23ad74664e6747a166d002cf3a38ad80433ae07529163f,0.37862808300269535
mse,0.1,mse_lr0.1,710043,ok,,0.38188718361763313,6.015253837946953,36,1660.9082074671514,3.088327958844071e-05,0.05129429254194393,0.05129429254194393,afbda4cb476b38b0d231773902a2d607336ac1bf3ca232be8fecec4033ec8468,ddfb9b0fff460bb45c9a06f9251c8dbdf58c3a7419a90826afa1aef9cea2ded7,4f340558259cf6c48d33760a507973501cbcd4a5dc6103a634f79bf7306f83a1,af84830c362c3739df62755b7fd3ad40b668d89b50a54866ea5368dcff85d012,0.3778761659996235
mse,0.1,mse_lr0.1,710044,ok,,0.2868439289696829,5.924460961657394,36,1684.703907638719,2.382095481303776e-05,0.04013125565721007,0.04013125565721007,fd21c7fc2139ed0b94a54069c906f287e2e5776d3193567171c48b2ddfbf9a52,e57acd2430b4e52713f3063ab67e72b58c7dafc737bb5f3e4aea3c3fbc897f55,23235c71e11018d0ebd17338e26f110c40fadb3a9de4e4acf0ab254d913ecbeb,4dc6748f6070f04f7db166869df60b3baddf7afa3caa7d0d6e43e32fe6c4a22f,0.3799990839979728
mse,0.1,mse_lr0.1,710045,ok,,0.2805852422960607,5.912884837178369,36,1685.0795598626953,3.172546395329467e-05,0.05345993083485759,0.05345993083485759,bf679db86b5a2003607854c523336e3608db3d643e6d05f010f498ec489c4563,812ff23e7735b1d51b23019cf45f56c6ce6b6f5c2c01b0b3d96f810acc62dc87,2294a711125ac19565d026b6a05b2eac3c3e35d6c48e3cbf859f62f0f78a5b72,23b55e65510fb687c301654c152557e680d5933b131b1481dc6924c6dbc4e1bb,0.3797197919993778
mse,0.1,mse_lr0.1,710046,ok,,0.42346243321863747,6.076409338603613,36,1683.8417856837125,2.356933252965705e-05,0.03968702697411094,0.03968702697411094,7c603c28f47ef88d169d2e2319e9d2b1f26844aa8d4b2b09eed09f46ef77d84d,a3a55bdca039a29f81202e3642bdb65c7afd2625f995e44f5243bcbb4fe4de8c,a30eff3fb53371b2e404e803d2f3940b9134bedf1c67152c559c75af130f7bb7,76adab541da5ed8999c0b260793fc4631cb56971e9c8495b04abe66c811e1e5c,0.37486287499632454
mse,0.1,mse_lr0.1,710047,ok,,0.42556617183470496,6.102088362075825,36,1708.2156955412734,2.8910190068938093e-05,0.0493848404368415,0.0493848404368415,bc7f46b24002d0e82d0ef9c56f4f4174d2147783912670efdd1bae448c62df41,d6482ca054e3893f5074f6ecc40edca0c65c10005e6fb3abfc9200683ddc6904,1fd1f15f7cc4ba3ce44ad8c424bd36ecff9671a1972f86ebcfb4d9db2372c5d3,c767eee3e971ce923ed53200ca88637cfbda575f3d5ca79c75df943edfc13409,0.37555150000116555
mse,0.1,mse_lr0.1,710048,ok,,0.4547190030581517,6.1111190367554356,36,1630.1174829693614,2.873914904473286e-05,0.04684818930348126,0.04684818930348126,94e46449ced37f97492d284309dc0abf196e8b4657ddfa80d663bc009feed24c,86806af571fb8dbeb78a52e23eb895658e1134b5fcc3b3db750b356116af4c24,111617380cbeacbff05ba6b13feaa7334224ec9321fdb66bfe748deda5e85874,cdf3635640c3afdbe2e17a7b75d15097e42eadb22fccad97ab1e22847aef53e6,0.3758468329979223
mse,0.1,mse_lr0.1,710049,ok,,0.4385460729610002,6.117686259281997,36,1736.5255222762598,3.1521843358064826e-05,0.05473848550047397,0.05473848550047397,8c029f92208a40502b8a5afa8da5793eed67e83f968d5ac9b2acb6f68a330d8e,7d5d90aa0a5ba7ebf14870a1c5519dd3ac99b6745d3cc054034eeb515dccbe18,d83a64c16fd6a632329e2ba85157c3de1faf93c99578381cff3dfa5d177ca020,8f0c111a0eb4dee36e672fb067ac469177bebc6eb1848ad679a3c57424f4346a,0.3681146250019083
mse,0.1,mse_lr0.1,710050,ok,,0.454987630948026,5.966870566982487,36,1672.0631810036023,3.135363083298912e-05,0.052425251706620414,0.052425251706620414,938d851bac2be55759ca7392620dea2cf1c176e84622300b7f90927f74bb4f3e,a975573198eb5dd33584d5943630286b0cd7898aefa127ed49c0e2730dcb6318,0598487890e864e19df343ab3c5867fc1db502bf7f20b0de8d0b97e1d92d9644,79cc89f8ddd67566302e4ded9b7236fbd631d48ff971ee90d573a50a58463f70,0.3669357079998008
mse,0.1,mse_lr0.1,710051,ok,,0.379459216192662,6.044111545348744,36,1667.7248398528336,2.3830092810079047e-05,0.03974203771536724,0.03974203771536724,3d358ffb28fd5f157b0ec5ded619a41d7bdf1bf8384d8b2d1426fe6076d3561f,4a97b54e516384c078e35449cf3a1bf0bcb376f0bbf99bd11f34cd73b89c811c,6717186d7542c4cbfc0a5b489e71b68799f719d8f47da17b8b4809e0f53cda56,837a538d16f2652f0a4cdfcda3bd719acc0f1ed6aa17faad007829f9fc31cc93,0.36631095800112234
mse,0.1,mse_lr0.1,710052,ok,,0.28591116755288576,5.892648088672842,36,1679.2636036989347,2.7679676726465085e-05,0.04648147368890529,0.04648147368890529,a6ecd70c26b61ec5313e6c46561d9c35826037ccb66e01225b05cae2433675e9,81b54344abdd3a1751a345a20f262ee0525c4fbee6e37f91a20cb69b8e7e0169,71509b5f572d4d3a3c5393b995a2c798edbb043a95b2831d07e49009cfb5bf68,fcceed500348b84208cde679d8a492a6977dbf1e25f22ec30c76a5455ac8d24e,0.37300466599845095
mse,0.1,mse_lr0.1,710053,ok,,0.40600587462670956,6.010488759455037,36,1665.9793354295596,3.1103433197407955e-05,0.051817676967795406,0.051817676967795406,f55452c1ef9a1938e87b4d106597de3bf535ebe9619c7083f9c3195b4e677323,4a0a667f2694a05548301f90639f0208ed32a2db8dd5217cb4c92e9e50961a99,6484180d2e067c8d440f0cf6a881362aab339bc5a40622e6610348676f193343,9dded71300c763b27f50f01f2e86e94f08101243abe32ee7360262e8840e5199,0.37631729200074915
mse,0.1,mse_lr0.1,710054,ok,,0.36443411218196,6.008116727802108,36,1677.5318279041421,2.118277969509206e-05,0.03553478714199853,0.03553478714199853,87835c9cbd7737dc1459b2652ab697fb94da9aefd96cd147d1e6ffaea48ed34a,6b24e51565e67b216fb51004a0c385e75eb53552451da22cc6067b4af1fe7e34,870bf339294255e0d9015c284c5d546ef7cb60cb63af89b7da4f0117cd56acd1,ff5bcc88a1eb24339dc1dd9d0bbef21ad1a83a36640657a7c9d7dceb79706edb,0.37570345800486393
mse,0.1,mse_lr0.1,710055,ok,,0.35591657877390404,5.938867493565979,36,1699.8856875901342,2.8494359828430526e-05,0.048437154449392325,0.048437154449392325,1c98689651ccc3e0e303cb66df93aa82fe0d3ac6c58f7177b1260efd1b53a44b,998dafb67137bd34e53e79cdb6c351686d22bb5ae595c803e609b9ea5c5b7dc4,2811ad4ff155e287d7f9487d1a3c2bc4b92a46738b6622bb9cdf744296b771ec,3f3e0863f49becc58011b14cf1e23fd79f61f363e602c9e09ee4028107586e0c,0.36962970799504546
mse,0.1,mse_lr0.1,710056,ok,,0.44507406358691404,6.047670206448124,36,1747.611188668039,2.8419186579074297e-05,0.04966568843843481,0.04966568843843481,681c4773cf9a1708e417cd39b861bd1b16abbd7a852d74dc51095f2fb515cc1f,f9e8c087a604838fe81f65eb7eb909258ee44d53dd0c43a7525a7f6195e9d485,069205386a5252dcd6b0f01806043f1178cc4c8ebfb5e2380e0618117725069c,831382bbdc66672c6634b776d144dd5fd93c29b4ecba134e59d2390e452825f5,0.37126754200289724
mse,0.1,mse_lr0.1,710057,ok,,0.3012449119745361,5.8781797466454995,36,1686.3148248300001,3.066882385731079e-05,0.051717292330683166,0.051717292330683166,2bc80cbd37eda3d9ceb27b9ce225092e4192a58362eb725e52e78463e00407d4,cfbf6c3c9e6d05851c8966b7aa28b32b3d5d8ad30c3211a1ef69a8d3c45a6d2a,9c6f8af8be3f41db8eb78049ddbf71e26f7e348ed2278ec30ec9830b1d3225e3,295a0225764be63f10b3ad7462544166d3019f5ddf6118ced39b58666a64dee2,0.3709123329972499
mse,0.1,mse_lr0.1,710058,ok,,0.3780721332174487,5.968601526064455,36,1709.108797153521,3.0300115285265425e-05,0.051786193588813006,0.051786193588813006,cdf6bcb7f9784354f9ca8f4a26f31066a093ed2c0177783ac8de995dd4aac39b,3a4cae55b0dea6c8e1fe4747e3eaacdaad40cc44aa68304158eec70efd041a88,79a8d382e9cc4ddfd9be7073aaf7b26df7c5d67abd58b384d1377ab1704b3483,8d9a7893d5320a5de41622b34d85f9914712d3307832f6ea0a18a9ceb4e7d579,0.3697870000032708
mse,0.1,mse_lr0.1,710059,ok,,0.39670369486540763,6.057181699767351,36,1698.43452035174,2.529578726046893e-05,0.0429632383026542,0.0429632383026542,1e5469e8bc28ba9c8a009af65e2f07abed1f783054ba07f0a1aa3b330ca62058,ed868096cb905f86297477aa8ae369d4b229151ce23434b014b717cce4e0209c,14803498b82af5461d61db471e50df5cd9748ced8a625d1706e0fd475d51ffca,14703e6c63856717af24ece91df8654b175779f7a62ff95a944dca7335885df7,0.37246379099815385
mse,0.1,mse_lr0.1,710060,ok,,0.3542205641246428,6.000846891342914,36,1667.375458723327,2.77622054078515e-05,0.04629001997708763,0.04629001997708763,a244c6f03c72cfaad45b2a44b7414228832b41567828028b181b04536decb69d,53fad8693425193118422c69ca48fe76ada0a6a5e4c3a443bb50be4bd0997f07,cf78216d77506394fdb667f9c9bb3ab92f6054fdb523a43c6c47c7887c5d892a,e0b6414ed153c4bc8ab6220531f1e113347d9674843b941528e55abab87d4cad,0.37247370799741475
mse,0.1,mse_lr0.1,710061,ok,,0.27425794897811273,5.937603718869354,36,1654.1096117255759,3.2965106509162526e-05,0.05452789952836308,0.05452789952836308,df26c39ec02b99544084a9221cd764d575498460b2e5c90925f86c4983f32299,aeb641289b69759683a6a85f1305a67846f24640d3fb521d05d575b6eec5dc53,a54269e27508aaca436167c2d9d9affac4e4a098e769b5e0f021e8802df02657,5b1f21b40882ed5ab8ab75592ff3190b3e894c83a9221296a3e1ef7c6dbf15a8,0.3701177499970072
mse,0.1,mse_lr0.1,710062,ok,,0.42311672010619383,6.0067885172398,36,1680.9423225245785,3.0482226707906826e-05,0.051238864958109635,0.051238864958109635,43949392d6089b6426e0dd83cd855d77be771636ee3615c30704e50c0366393c,d41688dc118aad39615b2e728c2363a27329b1390f74df32d2fd944160cdb7cb,bb194b039ffc5b0cc54b983c27930a20748f60aa12aac601f694338afa68a2fd,68e836efc7ba6646435d4999be2f2fab072a82ec7fe9b3c9788284b2bb12dbdf,0.371220250002807
mse,0.1,mse_lr0.1,710063,ok,,0.3478978541969816,5.945960591584872,36,1645.84269115253,2.632796346938066e-05,0.043331686249010966,0.043331686249010966,bc194be99cdc0ba1bfbd6f7fb68d213b51d30468cd33521a6db8aecea34f53ed,03318e166acdefb67948107fc0dd6f6c7c5b92240ea3fe5a69620bac1f044c86,01877a48ff28b704e0c99819dba4a4304d80bc87ee8a2b6b8d1ef9281a396c06,f422aeed19a37a13d1f0a45057961d12ea9808b014b365f4f92c13006ebd2038,0.373548417002894
mse,0.1,mse_lr0.1,710064,ok,,0.3299536196817845,5.949614912190575,36,1679.0816672711853,2.7579650225782236e-05,0.04630848508386256,0.04630848508386256,d533b196ba1c855b2047cdba462e085e24c031a192bcb24a87783a4f7e3ff78e,63dab2d377afb930668cd49dac93f60bfe1a2b1ea7684fc309aada1142821735,0dd5e7ac232e6037ff16e8566a1208410751f661a8f1ee982d66842c8bd67c9c,41b181136a559bb196f02f0df036211b189ba31087459e30d844def15744bbf4,0.4372170000060578
mse,0.1,mse_lr0.1,710065,ok,,0.3564163927335065,5.912420109446618,36,1614.234263370304,3.0216057158038804e-05,0.04877579476846177,0.04877579476846177,a014d4ffe4b137efeada0a42d32920ff41d8f0526e3fdae0ce901ab10e59c521,b52ec9d9f6a738791b39295e6186ccc2359cffcc85d0c38273500fdcb9c4b285,33ac423599268c9945bb1fdb1f77657c086ee21bd22caf09c9e7a9209c80b55f,cf4c97283896b9848633881242b08eb87bdc58fc7f9ad5b465c931d69035c3d9,0.4394779170033871
mse,0.1,mse_lr0.1,710066,ok,,0.4550735247593119,6.10165472936578,36,1704.965228653485,2.4109592733026184e-05,0.041106017286806386,0.041106017286806386,161bbb45a9072cde44eb2c5bcaf375b589919e9563088188b033f7730d06fde3,ddec2590744e7004289ff399b69b1acb0796c1465447153e75de68cb65ff03f9,9081df26cbe986989861b0795f49fc260970ac230afa636e963ef076e3ceb948,a95e4b265daf7d26083b864623107f4a00e22238f9cb9cb5271cb189741e9d14,0.4422554999982822
mse,0.1,mse_lr0.1,710067,ok,,0.4008446494680843,6.071505311395239,36,1694.2124210917593,2.661620385507592e-05,0.04509350317357999,0.04509350317357999,7f508a2eb188b0530779e89124f7623715930312d84b9cabbf32eac45dc747f7,8d8d5e5c61c62ab06d26325815bdbc7393d7fa1a212afa13209de6cdbbe3862a,8e274f333de2f4b4b2b5f9f52a17a43c7594e40e3cd6c9cd48c59e09215c809b,cf17a7b1c2621da4ab9f11a6440ab8492969515a41db26a440fc9754d65266c8,0.3817356250001467
mse,0.1,mse_lr0.1,710068,ok,,0.34082225553298995,5.984841156049522,36,1685.6922971018923,2.4116873353198037e-05,0.040653627641667814,0.040653627641667814,8ea2168a7f486fbfa6ab635db11e4f74a349413ad588cf5ab3c236169dcb9832,74dd74ef8b0b3a3123eafd84f5d27bf3551c935470ec738cd00b0d775ec6b524,852350f27dcde2217228237edebdb6db4db478c93ff0a251e57b09b531c662e0,00538e8f85dfa3acc697afb435b9724424a9107f54123f26de85bbc842299c6f,0.37949283399939304
mse,0.1,mse_lr0.1,710069,ok,,0.3574209168707153,6.123930012732466,36,1673.1228939303583,2.664673247545585e-05,0.04458325815312275,0.04458325815312275,389d200b42977c1709404be963cec48eff2c28532765ee7e4564b0cd8cd536f3,07f43ea38d007fd9d00aa55677ac68f91a1ac698c1aa0de566883a0b0e1d393f,996e8a189170089c66a4565044f738b2383dd7fa60240659faab75501c4e138f,c6bcfaa128e6552e27f08bf6ff1bc0563bdbea4c4f7dbb64c91f9dbf0f94dae3,0.3791492090022075
mse,0.1,mse_lr0.1,710070,ok,,0.40606181443227196,5.977113848403926,36,1651.7500163990899,2.575253729432125e-05,0.0425367538982133,0.0425367538982133,686471e5471e019a9f930c22a0d8c2371f50ae01eda93b91bc33a1e08264534c,96aa986121e53e392ff93bb81d0b72e4da9c4570b9fbadb558bb3b57bbe52df9,2db96942e894b883184db6457ae00afae4e7a9de252e3bafdfdb6b4b2b897e56,1f510c5c1fbbd87cc65f5cf4afbe9733a0bdc347a3aa1260ee1930f319c10595,0.373111417000473
mse,0.1,mse_lr0.1,710071,ok,,0.40892603728134985,6.010520222992387,36,1582.555211496122,2.7960621086187895e-05,0.04424922661661501,0.04424922661661501,99f40e0796bbb4c7059ead58721a547e9cd3666a60900992cdafbf62c523b452,6e25b96b1ed9d72bbad18aab2eb4592a9541ea9a6e9f6ba8462d5dd3fd7ff168,fb76ce7fae56350757000bd8dc3b30aeaed39160defafcb4b793b6bffa2521c3,834abc84653b38191a726bd468bf60b9a25e29a1f86410bea57cde03e4ea4bae,0.37358320799830835
mse,0.1,mse_lr0.1,710072,ok,,0.3758589370200432,5.9179748292462815,36,1660.6735943397243,3.0710139173929e-05,0.050999517204641846,0.050999517204641846,626f08f98e740637cf3b7fe09e22b054a7c81d36f61ee6f178942c25f453f552,5e85dc21d2cd37712b1f35f453cb95d164450f4e733e958ed471040654503207,92ebaee588efa21821803441e5f19b430078cd8164b73299b2a156996ee28c46,dc9401278a0b0d5ae204b91d74502ad3d70878abfb7d50b3a407e0fa7d250840,0.3718836670013843
mse,0.1,mse_lr0.1,710073,ok,,0.34281324183449324,5.939205018026469,36,1703.2558751468812,2.68522745778836e-05,0.04573629443583748,0.04573629443583748,aefbe69a0a992cc25253a1f8cec1184fc2429aeb74ce7d7817249412e6843e7c,f18f406068795dcc629446cfa178d697113142e82a56650609d729d392811efc,c307686e4013bb69688c0e22bb1c2894f26e67fc5505936443b40a649d855889,00bd7d0c7306014df7fd65971d5a0913c737d4990083ff5d054122097f96abda,0.3740007910018903
mse,0.1,mse_lr0.1,710074,ok,,0.36679498354804063,5.9633133471013355,36,1636.9172147415566,2.841074300927611e-05,0.0465060343154824,0.0465060343154824,9afad07f55863d8542c6aadd0e1352f0e96af25072ec39c0c6f2928105565996,618deb74535faf773a72802369168f17de33aaf72216925a74d1bd1cf6b177b5,ecfbcdaf6928c3c7edb48b3a2c2903fa4461a13e1961ec2519d7b607885d0c8d,f144587b13d51377574b7c9ad660819f7169d8cb0089dc1d300cdd0d0fc05440,0.37681908400554676
mse,0.1,mse_lr0.1,710075,ok,,0.37604288498514993,6.099075125510828,36,1683.117993999776,2.8438686327741277e-05,0.04786566468393676,0.04786566468393676,ee5991253967a9e84172778eff3cbca4db3b33674ef97c4a308bd8a1a3caa2d7,95d4e8917af0959280f83c7871c07b1e510a0f95846120ba5a62968e90c6822a,b8dbe1200ab2a3b25ed38e4f51d6c07ca32493b533ff3a924a243f935edee88f,cb9e4bbf1ddb68eb3352cd084a84c43b068cce56c31631586fcb4b8f6bd136f1,0.37543337500392227
mse,0.1,mse_lr0.1,710076,ok,,0.3901005882033493,6.050329490845914,36,1658.0471899761487,3.1038975168829066e-05,0.051464085558416486,0.051464085558416486,879518ee3fa8fe6bb7e5992ce8ddab42fde6ef3ccec9cae04057ba4e03396612,563dcae5f39d57bd6ecdad8885def6da78c03cf876b1ce3c950314736f42dc2a,3217632c47b51152b361ece6ebae42f980a71415ca5d65ad16050dd3e9195b40,b6567c387115225a7e7742b6180bc8b6677a09b71735abb5dc96b85965df1805,0.3728172499977518
mse,0.1,mse_lr0.1,710077,ok,,0.4283905345823187,6.187650635745498,36,1718.8978145700996,3.117808199701634e-05,0.05359193700715875,0.05359193700715875,7a0cb306320fc95856bc970100f59da1b0da515f1a4806ecf1f0a5312889b1b6,03e3cd1df2ffb19838fde0d200dff4d7a16b0b56a00fd6040485bb7e65571156,b8e5fc1f210dd047048ca9536d9152921a4ceff46c480d74c917801ed10977d1,213e4bd4f3cc483c6a0acf739ca1437606d35dc3a296bd44436d9b1c084a074b,0.37370295800064923
mse,0.1,mse_lr0.1,710078,ok,,0.430569886476298,6.120815149532786,36,1693.8664474227535,3.077972423708242e-05,0.05213674214611882,0.05213674214611882,7ec26f80b4ecf7320a564c0f6da2875b362aa266a582d9be736697977b7a938f,1cb6dafde57f5dc5801e4795f595177aba9f1d17fce5fe01a15f1cafb95468d1,2153a2c0ea0094ad6678cbf63f81d470edbb7adab890d6acfa580f087499b965,b0ff8293b26eedd9c1fe441d08e481e9526dfd7aef3e565c7c4f13420b1cb0e0,0.37339849999989383
mse,0.1,mse_lr0.1,710079,ok,,0.3044373696511856,5.830271687796038,36,1683.0471272610484,2.9045139576201644e-05,0.04888433872462236,0.04888433872462236,796724fb3363220d9af26fcb24bcca492856a559dec7ad722d82498210554073,9a929406b3f8cd52487a25bd2834ed548917e3a962b012eaffae7488a9b5038b,cbf417a04f4704b00a82bb28750096765ba42931549f1d3a0fe41be7ce728409,24459a3ff2ede5c00671fa1cefbb9724eb53e7c03e5f76b3dc416c0f03da4c1d,0.3750817499967525
mse,0.1,mse_lr0.1,710080,ok,,0.4419369606720298,6.02772850888257,36,1672.4518434027082,2.7156729278256195e-05,0.04541832194220787,0.04541832194220787,eb69e6c7e1fb8ae063cfaf3fd1b792448b47e50bd864a7e32239be376b7ab71e,0c126746bdf73d1d674742e21db0ed692dd84b2d7ae90636e88e0e9c63b3bdef,ebc0d55b97b9ce1ce4de9d8003e7e256d43cda829bee9319c9921d719058a973,5457d8be936723a225294a956e6f7d90c27e5bd6629d89d11dab436013105e90,0.37399012499372475
mse,0.1,mse_lr0.1,710081,ok,,0.45134043660330453,6.092694005890893,36,1642.596831179477,2.91077531456621e-05,0.04781230307981902,0.04781230307981902,e9bf76f521ec5c1ad5003bde80e9802049dc82f53c88a2e2969404aa0dfaa320,31ba2294b3f33979fa93c55279682fa37d86f453fe1579286eb79c3fc9ffcde5,cf439ef4af32da77dd1c723164516cea7d1916d9ee54f2396c837345539f18b0,66dc0f3493aa30fdbafb4c2c34db54e721b6562f177427214f2f775cfdba8732,0.3731809160017292
mse,0.1,mse_lr0.1,710082,ok,,0.3477188884907846,6.1119472912685175,36,1652.3532505286964,2.7029744006579816e-05,0.04466268537023071,0.04466268537023071,5bbe69c0ac6f01ef087278bc378360d33af39c0130efd98fd15b31a1ffde6e47,8fb25eee675d319ed5e498adc729db6013d01a7b7127d3ab2af108dc1a4dc81f,abe8dc393d4ec0ba979d549f5d69e7b882a24b1c909db2d27de49b8ca378e7d6,5cd6618f4e4c8bdf0449c35ff7dd60e48f9bb7b25862f2a065f82ec99ec38814,0.3705575839994708
mse,0.1,mse_lr0.1,710083,ok,,0.4107406563518669,6.0577364027638625,36,1656.322924045004,3.127542820791584e-05,0.05180220870009476,0.05180220870009477,4052fe6f0c79665757d45ba2d5f14501ba6cbf4b33110dd613ba622b90fc2ce6,e9e0e4322ba8ab20a6fe95519c22e4852d9e501e70a2c74ab0b9cd1dadfb5e5c,9aa609312927b57a9b71724874c1b9f5df266e719a74e04dc3488a248bd89cec,de5aa3b508dddfed55dd3c2d8069a264734b69d0898e20c0cf0fef68a2b63b93,0.3750776250017225
mse,0.1,mse_lr0.1,710084,ok,,0.4111725634531129,6.095255849018272,36,1652.2898846046055,2.564078001760177e-05,0.042366001456455304,0.042366001456455304,723979127cd92b00cc5e548ea27a3ade0942f44d8d2e9fd3ce925fd4555ab129,469cbeeaa3fcdb5c3846c1c3f04601c5a922971b4f777a8128e2dedded94387d,051a7b5049006e5c85b013c019c46f7206518d48c1ceb5cc3573889aa9f99de0,00e43453b677b4a8a3e5ba8ff11953e69472e878f5ec5eeb10648b109ce5e588,0.37669520800409373
mse,0.1,mse_lr0.1,710085,ok,,0.3455985678051638,5.990119575954322,36,1630.1653726145084,2.9343117202126968e-05,0.0478341335874765,0.0478341335874765,fd6e17275f8a1fa1fcaf6b75b0607b7ddd9e5b1c9c1a1341123603fd821a7228,8bd34932371841ccd4128615d181c4b835d41bfdb3c53e381d9b86ea2e6b53fc,7f34c5a2945c7625fd2aab4d555d21fda6d10b3e381cae0dd07acc849d1601c3,627fe3e0f3391e37c3c7f4d92205e5294a569ed7733f123597e3f318851766b7,0.3811089169976185
mse,0.1,mse_lr0.1,710086,ok,,0.3879694136239236,6.05593241296308,36,1672.3107657354567,2.4821640803899908e-05,0.04150949713958031,0.04150949713958031,574d6e47ccd569f1cec21a771e18d66341292c9051fbbb057f237228cbf0079c,cd6bf76c2d5c71339da432381ac8633eb36f8c55320ac7be86a686071f3d4baf,7c01bd40a203da83619d60ef85954655d5e44a2f83d13878d1f7396bbe8a14e3,8a349ea60843bc6eae9021545f88ecd1a98588c578bda5d3ea656e1e8688b056,0.37793704199430067
mse,0.1,mse_lr0.1,710087,ok,,0.40094791678652,5.975284524341938,36,1658.5138004786354,2.4271775620536234e-05,0.04025507482878024,0.04025507482878024,1420b068c0b301959c4dccbe7957de6d73e91ada296722be5ecf97a8254435db,b6325c1c1682167bf67343e86bedf6205560e1a138af9c87678ec628b3b04f74,1d25d652ed1de7a0197c6162239249f6ba0752a65e46abab045162df7b1d23e0,c9317ac662de6666a3459e39cbb12e1a7b951963e8eb3217ae4604fe75942f2a,0.3773393329975079
mse,0.1,mse_lr0.1,710088,ok,,0.5541536504970793,6.1435810762450656,36,1629.6106635052197,2.263229476652637e-05,0.03688182889112475,0.03688182889112475,8edace0273903173efb93f01019144696ba138d3c671e5838cd84362f8c7eeed,bbe45007cf8b2c7103013a41bdb0758f46d6e3d4f89cc81b4badabfb7b6fde43,ecc0c2acc319a0339d3f3cce47932ee8e8f15945987c7971cda0fb899ede6311,eb9334be930da7adf3d6bd419a1fe772f81f62b6e66370dd820e4c27e894c4c7,0.37243149999994785
mse,0.1,mse_lr0.1,710089,ok,,0.44536373287016034,6.177652257353224,36,1694.2527413277564,3.4523688753569296e-05,0.05849185431148101,0.05849185431148101,e07405a21fbba0a30a26a4bd6217bb7da202d9e379d3cd31383a6518b347deeb,627eb75a6f85e7ba983beb131718e18a16b35eadf96edf4031ea550fac2a07e1,89d5770e1e37c98000803d38be34080424e6f98be1740837044d6d779527b590,4cd82f402a71c422b242b61686b620b37395b344a7a09b82df1585f85ca82253,0.3749409169977298
mse,0.1,mse_lr0.1,710090,ok,,0.36349518673333603,6.040408511259173,36,1638.6773662530948,3.0524733460357846e-05,0.05002018983239691,0.05002018983239691,8fdcdd0dd2a15429d12bc69a8880f7828b3bc3c5387433278f2469aacc1e501d,d92fb18fe0513be8768c1f082e9cc621a83d273be55f0eaea722781b2b695691,867eaa5c80c7c482cbef7785459017cbc6ee245f3fc6af71c89d832a430e1cc9,a25882ca0a376f3d15c9675d958c1a02fca852ce2aa4665289ecf8609bc4db05,0.37310562500351807
mse,0.1,mse_lr0.1,710091,ok,,0.25930162459494827,5.90599688438196,36,1674.3015110953206,3.1105486029548443e-05,0.052079962262627344,0.052079962262627344,e951a525af7ba291372b7cac35c484ee8d202dde527b6ff39a863304c0717b76,b629d68128ff5c09e515280fd40fdd93161b26b5d045eee04d17b891da911795,da3bcea225ce514925498e95deea7acd83935ace1e58e82fc12a63fd97853b5b,c91396c280529315cc0586527632b3ebd81873612fb73577de9992cb48ce24c0,0.37114129100518767
mse,0.1,mse_lr0.1,710092,ok,,0.3435692435380442,5.928125502010089,36,1712.2876883573063,3.749560974027829e-05,0.0642032709257288,0.0642032709257288,85c1af327d1b610022b253fadfb9866fd620f13557d8bc121e0b82c22b99615e,e838865878582c7c3eb5c15a68b9d915d7d4bf43902cf40625bcd2e03f86e126,7fa116d3f52bfb8a88b71c1b26d77e915966b17741fa0715eacf97764d156fe1,225a30f2184d2e831af687187216f4cda5026b7c0257c5129470b63310ace6e4,0.3743194170019706
mse,0.1,mse_lr0.1,710093,ok,,0.4249947738485461,6.026180607640549,36,1629.586984647378,3.165191040673519e-05,0.05157954123804055,0.05157954123804055,bf49553c34dca2b4df9d9bd7feab06157c82006b8e0c1850df5d466065a186a2,52d8f57ae9c43a380977368a1a6574983e934de9b76a5433cc7c847f9c6d3cef,c078dfa322e417560485687ed4e117100dc21dedeece70710ae1668a95bdf92a,70ce759573955dd2405f2f89d63a0d6519caba8f7728bd3ad41794baa3763842,0.37278970800252864
mse,0.1,mse_lr0.1,710094,ok,,0.3397342695625435,5.869925605394692,36,1657.548882542767,2.823341720069152e-05,0.04679826913136997,0.04679826913136997,97076496aa08bbdd814b6464512c0954e7ad0aa8e6b50e3f94f11bb7eb9406a6,670f7a197b68cf4f193ea9eb684c1f949e68b60c7ec208cbdce2ed9b11fed436,64fe88f5c23c0e949dcdf275621038ad7a4e850808246d505bd026486f806b36,a97c81580ef49a6be1a6f6f01d810c5c09d15d543b110a6324c09ddffb5e2096,0.3765184589938144
mse,0.1,mse_lr0.1,710095,ok,,0.45678449154086986,6.11532841395945,36,1672.8908150292643,2.72472930424511e-05,0.045581746265127225,0.045581746265127225,aded037f6219fdee356dd2fd637f8acd46a64366495ece4104643e7bf1575803,9d84138c0c1f36c1a068a79f3cd59f5da4a46304168d7aff30a594eedee9af32,fbcaa28a7e638fd788cb288e89b999be45ad1f959a77461f625464b7b9534498,18c4f72aa81ad3821620a347d9a6ac87c005a13bdd5a7a3b85c4a4be9d1b1192,0.37541079099901253
mse,0.1,mse_lr0.1,710096,ok,,0.3090653375580695,5.99356835900837,36,1668.754165675502,2.71533145020208e-05,0.04531220668714423,0.04531220668714423,f4419b1aae4cdf25db407da539a759d6ffda95fa7c27c6916572604d36a61ed1,61b3f1308c777b39676dc3c6b22bcc6f60181a0a93b895ff293939a4abbe2de4,4735609a41b45bc58f213e1c1a9ea9c12eba87eade8e1b628e4ff85fa802ef8c,a5431b4763130e49e57f4a54b6ea35eab10ed3805a0e76c803318879a904857a,0.3769085410021944
mse,0.1,mse_lr0.1,710097,ok,,0.2869896714706342,5.928625735467343,36,1645.118980107962,2.7796142907427634e-05,0.04572796227080251,0.04572796227080251,abe685dcc4b3a2dcf9f21becdf676828ffb43c5893218a46e38371caaecdce94,bb6d73a8168c788593fcf352c70c804f82306aed4735f7423a8e965902b83d66,eee9e512ba7284a0204d0533635fd416309bc3291f590dcd0f077a0315a6ad45,68a20769eb5df016dd63e483c6ed2798dde5feb8ed4ee9683772439fe906fef3,0.3739267499986454
mse,0.1,mse_lr0.1,710098,ok,,0.3679900783510244,5.983132113133418,36,1687.6375110923616,2.8513264854734718e-05,0.048120055332561806,0.048120055332561806,d6ddff813cb107c11587461420e21ec0f95384558f599277c94a61ec80c8164c,913ca572a5f7cd646b8a1021c395e8b6314a1ad08cfd683dec6452df46625e73,30ddb9f8325854c1cbdbd599a87fda8d21b136e6f89ceddb48b6914c3fce76c2,f53019952b57b1304097557c81959595f37531facdd5aded0974ca8417cc533f,0.3745182080019731
mse,0.1,mse_lr0.1,710099,ok,,0.30303209699763484,5.823937103295138,36,1676.530678796237,3.064758002525659e-05,0.05138160814320543,0.05138160814320543,7f43288afdf23021bd0c43664f5daecb1875e6e358027e241a7552619604ce78,2c55bc542c893bc5f42ea42530c8ec47c188003c80acc8fe37c60b9da156d80d,57ccec2855f978f7b51aac02a68dd0fd68482398fdf10bd301fa852a3d098c03,74fe3b91bbfe35fc3ed088d20291c75b1c14a8ccb6dbfc69159cef14c52c1842,0.37423170900001423
mse,0.1,mse_lr0.1,710100,ok,,0.3597827854158869,5.958762053542552,36,1664.998562270241,2.663496658988363e-05,0.04434718107827215,0.04434718107827215,81e8fe46a6b0a6b123a3a8cbeb20dff6c9ecd01d23b9b474653c6f0e4492a2dd,dfad1368a86b2ce73f0784973e3f9f1ab0c0dd35fdf63803d5f1845dd3826a84,a6cf51c060a642c2c2bc7f9a5bacbc68dd15c74506d9f20f6335042a1dd8dbff,4d0e83348d26fec7516814010801ae928eb465ff368b82dd9eb9f9e4c08517f1,0.37899537500197766
mse,0.1,mse_lr0.1,710101,ok,,0.4671668745138882,6.012356836137518,36,1694.849679605514,3.2435888314231306e-05,0.05497395491709516,0.05497395491709516,4c84e6521085dfd3ee46b3bce2f9af6ac1b36a87a93f4fb4a6bebd8400611316,6d52c2cfae427124de21f67ec71c699573386f966b564f4b4d5810051c36cdf7,5162f9c8fe91f41478f7540059fdcedcc804f86edaf503129dd5e08a9c25f6fa,161ee5816eadcae5f1e88841e32ed970ed9fded78ce09ca5e6f396dd10dd6a5d,0.3842097919987282
mse,0.1,mse_lr0.1,710102,ok,,0.45971556501665245,6.104011318155825,36,1651.726375688686,2.9506533971990046e-05,0.04873672041669021,0.04873672041669021,febffb199925e3020a1ef95206e53a60645afa89d8a5236ab4ae22a056b7ec21,aeca638c7dd73888d6858d7bfc3fe191fed081547b82c4223e4f5ee58df13bf2,80b83cbe1ca79190a0ec3569bfd1f8c8b230bf5a6f003ca3e3c413d90b77bac5,99c2d2fa370875864d3f48abfb7ae58d22124a29ed9ed9736d4b9c4775e36acd,0.38496800000575604
mse,0.1,mse_lr0.1,710103,ok,,0.42850112048202094,6.076467957652938,36,1703.1888205415823,2.9691955635031304e-05,0.05057100689760195,0.05057100689760195,a2832b006f4a79f000a75aeb55e5a28c1a1f7bfd3e6be24ab39c9c9ca520e34b,a888a7baa2533c36d72011ddd835e6a2cf42fc2e58f8cfee5f6901c8f6c38ed6,14524eecb762ae98e0bf83d447d938177a4c99fff742bc80fb02e117ca2fd01c,9e97f4bcce4f270640b931a72cd61da9d2f257beede42567a3e017e630d630cb,0.3777473749942146
mse,0.1,mse_lr0.1,710104,ok,,0.5522639234534532,6.25016973245973,36,1664.7498217359419,2.86334967950302e-05,0.04766760868520319,0.04766760868520319,38cfcc92f9ba3cafc58ac46813e1e264df719826ca6bcd2420d1ca7b5cfae116,655169c78d76bae7ac4314a3a778d40937cdd998fce4007b9c5750d282e31f9c,af20cf77fc3d8f5c7183b1550d7a2491be46abce5be3e86d924a83a3876d0ffe,e9e9aec2118b2025e375158bc175ead5a94b00d5c567d534442ba18b467627f1,0.37614112500159536
mse,0.1,mse_lr0.1,710105,ok,,0.332398145413424,5.997035109812596,36,1683.6243520378537,2.8372861390520926e-05,0.04776924037407563,0.04776924037407563,a4654643770fa053d24bb3f4ebc84e56a6408328676328fc510a2c312e9273f4,7bedb989e8379e7b65b1ddbcc7a549b2dfdab687fbeb88b79982b020a6b31b67,9a4924acb060a9f36d33c8b900cae9594afc182e69aabd0d9c3e1e23b0bb86a5,e392d31344c27882018f294d07d23b0a01bbe33618424e9f5eb21dbbed0d1358,0.3769827090000035
mse,0.1,mse_lr0.1,710106,ok,,0.32250823518203797,5.969619204115158,36,1673.6380779418926,3.0558271353319305e-05,0.051143486532996114,0.051143486532996114,f4dd07468cb1b993611ff01b6977694710181001943f747f91a328a10612e4fe,99723440cd854abcdd7338daa6b2fd66cd976a8bb4fcc1cc055b81f91f77441c,ce71872e0a3cb9cc84383059e15917747d3c6bd0edf78f435d45dfef32905546,244be6b6d33dc5efa290de484d327c9e0a2a6c90c3075d5bd7ae15776435e98f,0.37139829200168606
mse,0.1,mse_lr0.1,710107,ok,,0.420574055197061,6.031889958250346,36,1673.6065953506914,2.7732749573046148e-05,0.046413712592659105,0.046413712592659105,38d3c0fc1168955f42be5228d53c4ebd589f7cc94c07d80164ef94a4823ff486,48d18d06e3a38754536f3a27981cac3a42069b309666a4ca0492cd3e324f2454,8cb585ad41b3ae0dc0ac8142470f45724e83a4cc16fd891195237d2a28e92323,74cae9055d67125ae7c8d12be1cc38c59c6163ba5627ce82b3751791216f9886,0.3730622079965542
mse,0.1,mse_lr0.1,710108,ok,,0.39452113050566756,5.909795157637853,36,1572.584962897514,2.7025698548304724e-05,0.04250020714886518,0.04250020714886518,79a5bcecfe37045b1969c27696b6075ba7d44e86998097bbbd89d7040c3ab8f1,207128964a1365c9162b1862cabe7e26dedbbe20815896ebdd9f4644d038f875,6560b91cb8a12ddb910da4c577c562d1e1dffd23e42bd94ee3d473acf8728a35,852dab4c6967f79cad49ae2272140e1098bef2da13f19438ad8ad20fbfe52315,0.3722135409989278
mse,0.1,mse_lr0.1,710109,ok,,0.35791685071753726,6.0631496040244075,36,1654.584606698271,2.3113825776407927e-05,0.03824378033155027,0.03824378033155027,7da5635241b22e3bdf3f74bb615259bf67f1756abf8bf7a4029bf76c3461f995,d5c34b7368fc258b927927962742d79b97f73c350df1a2a0a17b5b5ab5cc7ad3,ffff2afb8dde3ffbcf8d6b9426b5964855f04e7f7c27db2be6e5aee3ab2e9ed5,031d12323735f534d1961be29a392b29e2746f4c0d6de59ce6b86bd5270397f6,0.37094400000205496
mse,0.1,mse_lr0.1,710110,ok,,0.3217804968348468,5.945011218669792,36,1703.4236011098333,3.414051635333146e-05,0.058155761310341024,0.058155761310341024,38161346dd2d945f0a6fb369a4804845c887f52d422492b58baae78c3ff68982,b65f0721da2cae6529b6594fa3fc8f602243a9fc06300332942e33d142261a93,458be35201b531aec42d25732344699dc70f98958496988efa03e70d7d0177bc,c73f46e33365b07dd05690ffb0728c6ec6a2bd8f575ebc250475bb37cc752e90,0.3738706669973908
mse,0.1,mse_lr0.1,710111,ok,,0.3544274511768044,5.965402881126799,36,1714.2838516395793,3.132607230577842e-05,0.05370177988908979,0.05370177988908979,f5aa4f946eece55e6eead2c69d19531b312f125b0f99e3e6af31337af9cbeae2,54ffb99f6fe4087662a16268705bc3e5334dac7e0318ca18029d6dd3ca687946,041b1e1ed30bf2a57199171a84f7693bc4eefcf1ee4d4af736e74ee4df492626,5f0767f96aedd0f364b88a3c165b1e0239402ccb0b54cf862615a3c392e9778a,0.3733051660019555
mse,0.1,mse_lr0.1,710112,ok,,0.34118624048307905,5.926216285347837,36,1658.6247643855233,2.8143269784548073e-05,0.04667912421543426,0.04667912421543426,9d38acf1ebe5ce981e22bc298fb9f0f0ea20fc8f0e8071a0483d411ce3899d6b,8a15a55d5b92e61092f022d4ce065bf0cfb4dcd6e5b573f7876647c6dda8cf70,901937e1cf737dc15a0a08f9a7f12d7b09d0d176a549812345520422b2e4645d,6ad34056bf2190d780d6d4f37013310c87c0e2cf4ad51e80b7010d2792386566,0.369321582998964
mse,0.1,mse_lr0.1,710113,ok,,0.35984174515408773,6.004172496374032,36,1652.7482595201932,2.8751174112702286e-05,0.04751845297393074,0.04751845297393074,b67ccaac5ca87c147e21663a394d877eddb61f19f6ed447ed7fb1f4658902e26,f35bd2ef82b3479104008d906e25b4a89a32c00d41626b4b501d887bd1bbe821,a702a256ee7739d619b062f89c72eb89a3ced741fb3600dfaa0011b292ac76cb,972f236c4e550a55de6fd11fcd7d8b77ca6142b3b8b3483f3a6fcc6b0ff35cc0,0.37583333399379626
mse,0.1,mse_lr0.1,710114,ok,,0.43608303594966047,6.085630373669966,36,1730.2817251438685,2.8766236627654244e-05,0.049773693537994323,0.049773693537994323,182c426fdef815c61a400f37da37d5dcbe36bcf2f24fb8000ae54e82e5a40fd8,94e3aaaefe55d779fba93e1ba7180b2e8b2e0f57be46086f5cd8a3c5d1d772af,6eceabd8c6ab060705836d635bb6a1732f497d5bed94c293da74e4e7f928bf32,35d3a5f3cac96fb6c11f1ef9ee06d8da7e553336293f55251318398797bcea6a,0.37397424999653595
mse,0.1,mse_lr0.1,710115,ok,,0.42436375989639985,6.063052042882689,36,1666.2581947653216,3.2531295500108226e-05,0.05420553771338756,0.05420553771338756,72cd90e04604e1dbd10bac0871bc8883b5c400aa925efbf4296bbaeaa6d9abb4,5d15a5acf0d815380aee11d2425f22c1d3ed22b914fdd2a1678df7615a2e1eb4,1e22fb1629e276ba67b92ac44b1c0bbf0617ddffb9df4de9b8b2bbff2e6c95b6,2ed595fbb26b020e6cd74dc03d198800ecf3837460c71b1a7e25ac68f2aea37c,0.37320575000194367
mse,0.1,mse_lr0.1,710116,ok,,0.39945542505589327,6.099371298349443,36,1666.866174134492,2.9258708610563798e-05,0.0487703516818064,0.0487703516818064,04c445de5389a04befba7ad145e1cd1cb22bbbfe6f00b5978984b8ecca7a5e9f,613214d6b6627ed49eda5a03a0cdfc852ec86195e17adc2da2dc1d597321674b,0699e6afa75b878c53524bfea461b31a49c74eb857862b9db2cdb0405a364d4c,7cfabb8fd1f194e323cb85060b120745604deae4b01c8d5e14aa56776e3e1dc1,0.37458387500373647
mse,0.1,mse_lr0.1,710117,ok,,0.4038947475762467,6.058129960916108,36,1728.702225196161,3.008649783153556e-05,0.052010595749734996,0.052010595749734996,14a43648171a52814ea3177d9d4563c983ef9f90769fae7ac4c74ae5cba9d377,b41d22d7ef19f7069b0e3dd021db191fa7e58ec924b3a091c65308e04de8278a,f76c9fd35cd8330e09640f97e8e55e1d9fff7e41eb0d738a305eaf2af0664089,592a65e2392eff4571b580121b87fa613f808c6a6776057cecb7d4f1f5036895,0.37420325000130106
mse,0.1,mse_lr0.1,710118,ok,,0.37076950956740173,5.907723768852818,36,1696.5837226061929,2.9144129846161012e-05,0.0494454563065181,0.0494454563065181,4c1d5c172e13790d57b71cc3ea8bfcf1598b10720394ba3d63a8544f4251e2e4,299dd84473639620cdef5e818458469d51a5084c3377dbcceb638039b23db59b,59d64de76c55237cdf51b2e944a8c87fc255a294f9c58ddea376ee2a8fb549de,b55db464eb55e555c88a28c7fac2805f5dd2315127a45923ae5c3cc5e6ecf543,0.37040712499583606
mse,0.1,mse_lr0.1,710119,ok,,0.27363196401258455,6.053592671163317,36,1720.9967967669904,3.2373371908231265e-05,0.05571446935461248,0.05571446935461248,ed8de7fbc53567625f58961a68f319867476a2a55c47b1e1f334008eb343f73a,f7a63cb201def74a013578086f1f3ffd3048ebb8d8e054855da63447e420f6b6,12e8461d1eadf4981e2e12ed9676d6e1b8106b76d710829b1af7bf2527982c6b,52d9509ec41f98d3096c6addbd3f63022a22f77214e71c19d9c0804f6d8c4e66,0.3721639160066843
mse,0.1,mse_lr0.1,710120,ok,,0.3798046306757611,6.047806198695524,36,1668.921533251525,2.6609820487670792e-05,0.04440970240783138,0.04440970240783138,0de56e535fa28db377cbbcbb31e482c1571bffded9bc8638a26dfa3b1738208d,59f898a9f262f35fd06de94ad8c5fc0fe3c4e1b5d9820b79372e1d2da04b80b8,24172294a7d51cd6e19fc7f318a5b1c2688542a3c0977d07c372dc4c66840200,6c3111c1a8519b27c55cfe37125b428eff6f3a768d860214e7e022be8e89a7ba,0.3728000420014723
nll,0.1,nll_lr0.1,710001,ok,,0.36922159967555335,6.011861676834483,36,0.00012571702396902077,436.5580331831788,0.05488277672155825,0.05488277672155825,fbfd6358740f1425a62931fa17fbb7843125eb4a8356af36562181a2cba07016,8d1a955cf019a03ffd1d306c96caf2e063ce640c4102ef16cffeb944f12eb6dd,4401cad43f46809956be46204f0aed84bd368e1136a999aa232bf82701484f65,98c02882953539777963a4234878a77cdf80375306e14b6dea9408b6cc1fae7f,0.38744166599644814
nll,0.1,nll_lr0.1,710002,ok,,0.45703591715114056,6.15348295967378,36,0.00023920647741211936,246.69236450566416,0.05901041151786647,0.05901041151786647,0d55f1fc399d3757c79882b4104a6477e5ab5f50ee13e4f11b987e9b7b740a93,5d3032ca5fed5082ef185f8a2df8a4546d59930a38f009a809b0f7a830841c3e,5c3c4dd0fe8e044dcd33ce05aa121a06edd793a666015e6ae95430e2f51d504b,97f118e3ff2db670c05c841eefe7fb00889c42ae5a6e37821062e07d0cceac15,0.39041616699978476
nll,0.1,nll_lr0.1,710003,ok,,0.31345087360801055,6.062880493502826,36,0.00011458740327294143,377.11275645801993,0.043212371503625675,0.043212371503625675,18530ffeadcf945e7ced4039b99abec02f2360e3c47ebe1653b881cb4c3a372a,e1de481039be728126568044409d37c4e0386936c5f46903fdc09d2fed3e37da,e57242d74b728c5b4a89001bd730ec9fd2de85013645ef1ea998430f491951cf,fde045089428c46884f73fb71eab521f7fed445b69f421056376d6007cef2472,0.3883303339971462
nll,0.1,nll_lr0.1,710004,ok,,0.32964335927332933,5.993536374598043,36,0.0003889849110913097,145.38275150560474,0.05655169666861763,0.05655169666861763,16509180dff89f2a9605a1bad930e97037805b0b24f5975b0283006bbf85d6cf,53c5ca19db9730c30f83000b8f47a3f911612c145144b7d9a0ad74d03bf26808,01736eb4010d7a28487f6bf9699ecfddac3572c1abb51b9bdb9dc9617b0ddd31,2ecdc5ecfee9b6c0e9e55426a9bf0d54e63e006ca7c2e03d108ff1171d1de26a,0.3811773329944117
nll,0.1,nll_lr0.1,710005,ok,,0.592174745774824,6.191019247418032,36,0.00021566335247037718,241.62992425436838,0.05211071952186039,0.05211071952186039,a11c9bc0f5bdc31222cb606b752401129e04183d020147508b6507999a2f8dc2,70ffe32b971293a274f65832f1fbf70bb2006ab75c88236e4203c1782576c1be,37998affa690a0d79dd202e9d9452d4eab8258a8a55fa6b0373b157cb976516e,7132ce008f238d71be1069ba0ed796b25dae799222426540f752d364a08c0a1e,0.3809356249985285
nll,0.1,nll_lr0.1,710006,ok,,0.342905921952004,5.981742250819958,36,0.00026716526989559045,194.51346130481807,0.051967241387827205,0.051967241387827205,0f8444576fbd35da0afa1904a49e38b292a0e40153e791bd3922a4d890ff7bc9,59cdb109440f43e2240c3a8bb098c5d3e160156a3e6f93a9e458013b5d0ed4a3,d4e794f40e9cd82035ead11ffe0bdf3fba67527780256706f6446f5426c16702,40d45c7fe1baff7db1d21a673e74f0e402105de488c30f2a8274e45a8725733d,0.38253308400453534
nll,0.1,nll_lr0.1,710007,ok,,0.37340236359069257,6.025815703590166,36,0.00010620337900913622,444.3166490562716,0.047187929479792584,0.047187929479792584,9034dc2a399ac71b68b21912d04192ec853d38215ef7c8a7b4d4f17b83e16051,faa5a9c16b7654f81563bb1475fea119f21f425bffe016749349d3af4828bfe5,c765bceea87c77ab8999143229deddaeaa13bab35743dcd5e48dd8f37e369753,146b3190ee6826d96a47c1ad7bbea0f07cfa8567f31e2a4394a6b0738fb1a40d,0.377103458995407
nll,0.1,nll_lr0.1,710008,ok,,0.5448637627210207,6.154434168574969,36,0.00021843945810920133,204.0457135451896,0.04457163509631654,0.04457163509631654,f3bdcdf50cf0dc3b1bd234222d0bffdc882b7668004bde8f94e65ef9616f10ab,5c358aa603198da97a5d8c65a54d09fbf21a3b3f0c2d9bbb403e1c429e739963,c03fd18bbd925d5120d9219c98b81831a432ac25f7161a64188d42ec69961363,e7c5b63e567ad15445014013eb9a567e527a0abb8d040abb463a5ec7ec3dcb39,0.37527220800257055
nll,0.1,nll_lr0.1,710009,ok,,0.3950878812855175,5.974144909655274,36,0.00020105891534126968,280.17834276478453,0.05633235369840205,0.05633235369840205,f685fc01a29f008f4092430c82efbe6d9569f4556e24dacae92a9ec39ea15f58,94502329ab2058e0e6a4b3699281c6f5cc11667a5de1553d6449396e5d87d6ba,2b75c7a45aedcfba96fdbfb506c9f1595e22314f58c9ecaa9a7e21087360a735,717ab5b0280140e9a339055a1a33e68c57403c6a2fa51af9e65a482dbd1538da,0.37655512499623
nll,0.1,nll_lr0.1,710010,ok,,0.40536305291075236,6.059900197288424,36,0.00016985655604838265,256.21377457391617,0.04351958936128207,0.04351958936128207,e0653f5c51094eef7c16e097d057fed8a02cca87c75d3d76133c8d59feb2c021,33f6d71a4d1fd3370dd4571d6134c16ebcc63350f1c9afae28b30ef5c954a4cb,5ab7fa3602a0696ee444e34242c86f3b3992f9fedf69ad83ab501fdbb1a01216,d098a55b70bb8d3843ff1ac82aa939089df452ddb01568c6996c825996f36ef1,0.3829634579960839
nll,0.1,nll_lr0.1,710011,ok,,0.3849719130991266,5.985094974445143,36,0.00013322910439451631,311.5206834974808,0.04150362166273694,0.04150362166273694,ec5a9506c44e46a4719a09d62a757ce636c932938a449009d028072c2c71083a,e0e21e0cb7f32e7d4ced64c027b1b5cba9501b41e7c5ee4d0cfc3b0dc55bed91,2e5605afb80dd4222941294119b7b01f6588556e21af8e007a8b29391a0879a9,7f0c1c2f804ba788f3f981702336fcfea9af0ffc5dfc4c1ab2d01efd63f85d91,0.387614167004358
nll,0.1,nll_lr0.1,710012,ok,,0.3541617543673726,5.8871863329103835,36,0.0001296931622673012,436.7018603350307,0.05663724523486344,0.05663724523486344,f5373cedde247855a0e2e565ec8672d22b9a70fcdae4bdbb8272de00550cc765,615a50812e3ad39138573c8112f69154de0106d49afcbaedad8c5f2b0a08715f,e2e132ccc0468169928f60910b69c0815dadaeb7cf9f4b1da91cf9d6c2ad0966,5dc418709e8570a2a6b5b8c17083889859db2d5536beb5d2e70c215a16d1c67a,0.3880939579976257
nll,0.1,nll_lr0.1,710013,ok,,0.38182183644334766,5.99796555217209,36,5.9661596482070954e-05,779.200871007692,0.04648836794453914,0.04648836794453914,1b3373cfc93efa97c24eb73bec3ece18d5795eae5bba06ec0f6c6933b5e8b1f4,9123fc3ef9b65867380f57567eb9579ed11c48288c19f71d4c315635f580e6a2,898ab8ef564c253809a157aaf67bdab4ffa3fdcc244177d879d59fce4714de71,36e47809a3cb05ebdb245c1bb8a637c6496118b4479bed13b0d172db169e3905,0.38211274999775924
nll,0.1,nll_lr0.1,710014,ok,,0.447584850293347,6.038482814958476,36,0.00018216162980839008,283.06119696981824,0.05156288897553582,0.05156288897553582,7fc1eaa2d965bc050c83890ee4d2c8868b69fdfb3444ca576ec1090d47068b14,bc6cb8991ad2365cbef42cd6a104fbfd9ef33dcc4901fa42809e6b6f7dc8e8f8,a633e07500a63787dd38862f0598b04793056e805b3e2cf7369217b666d47c5e,67357ed4bb69d20ae1b0946dddbfb938c81a516a79446270d4dd75e98c2fa470,0.3793558750039665
nll,0.1,nll_lr0.1,710015,ok,,0.3786121909980732,6.020154343942848,36,0.00011781299362676881,371.365182957089,0.04375164393292736,0.04375164393292736,f5680ad7d8de44e3ebc46002f90f6b24358c130054444b5b03c9d95a5b21fb3a,3b7a944a3ad6ea47a700007a8af32488c78784fcf41d4c2d6dcbf2cf21155343,555e02e7f6ba885761c7a284e62a217941489582506a2a9ca2ff06bc6da75dfe,9d2e72353f0b32078b5b7e4d6a88543f59cfcef491d184835f13e71eb900bed4,0.3793747079980676
nll,0.1,nll_lr0.1,710016,ok,,0.38334348768412335,6.097748078748135,36,0.0003362442803516657,160.6498076010077,0.05401757894543438,0.05401757894543439,1b75d4d5622958226c033b9657c9be4b93dada816579841940bd590d218ed69e,5c7cb746f4b8446bcb585f8976654177cb43c389e8c853c7aa6ab1b910a3db0e,b372fed2ff95cca5a5cbae8a57632f23ffa883f73c2d17da1d87ac3cedf01bbe,42b7b34fd83156ddcebfb4cb06221c051c01a2953f68413016bf8d97ecdedeaf,0.3803609169990523
nll,0.1,nll_lr0.1,710017,ok,,0.35849767627350626,5.966389524028323,36,0.00013882824025065037,349.9185474408548,0.04857857617227759,0.048578576172277586,0c8b0a81d34687a5f0537779f42255d8c54a93f7957f141a20b8ec6bc62d6c07,56d4aca86d43f8a6858016a581e93a0b6bcb16b8cb88f20f4fb5b4d54c9d5752,2dc95bc899219ac7b5460836db9506597d027f04bf5cbb57533f63290715db0d,3dab791fcbcc8e8e18ba37eb877f9ae08f4532911125d29a811cea5857cfa134,0.3817401249980321
nll,0.1,nll_lr0.1,710018,ok,,0.40837188142017766,6.083208870211473,36,0.00014776925749308695,332.7636458271865,0.04917223686457591,0.04917223686457591,ff1b93dce170212eda572c8422fa5effb7af2cb86a6f32ad084d5da1e2595e19,1e35973d43104b6f95a71206149243f6d30a31b7b31ed581321af069ef4715d2,ce1adab9cee32e706953485d462a43b142ed2af5c8ca74db85041d6bfee2c48a,bb4fe47f5e65c1b6e58a0f1111d8976767f3411714a4f68f0da99d777eaf35d9,0.3817925000039395
nll,0.1,nll_lr0.1,710019,ok,,0.284128725975188,6.002876150693246,36,0.00023908478001828364,196.19258671219282,0.04690666143530266,0.04690666143530266,9b74b9d6fcf6287b9728684fd0e7d4ed4bab4d4b8fdee8323248b9c7bac04a18,61804221c257bc1ab128c4a212dba5df708dfc9c75cbc7346ae5a88be4c4f270,5942ce5dfb96fc85b8d656ab464194fadc34e95084009ebdb9dc9ba26483c20e,93535c9e236c4d3111eb1ccd1779faff5a5651af3b349a5d66b972adf71c9aaa,0.37763758299843175
nll,0.1,nll_lr0.1,710020,ok,,0.3083390275570711,5.9045197578414115,36,0.00011892396588122429,378.4748068975164,0.045009725022383186,0.045009725022383186,f0bfc03ac68d340ef5d57fe8d4552a5ee7771aada02f745da04ec1bc90f92c12,0e33bdbb7b16bf34eb9b0b268dc5ef3b343fae137b7dd0566d60de5658986cca,4fadeff17e36faefc844832e0a745fd5b98c3592a6883ef4ef4820349a90ada9,5ef1b552756fbae063753fb3a588ab0208bb66028fcdb6904b3476379ba3013c,0.380712374993891
nll,0.1,nll_lr0.1,710021,ok,,0.41626719116894256,6.150910561723282,36,0.00020690600148870182,232.422229973149,0.048089554260831766,0.048089554260831766,b99cbb41a9f547483b547f0c2f7bc7adabf05af18fddbda296794d7c89106e37,96facddbc8c81bbb31cb13f3c12350b2994b2c117b67ae9affd2952230b33a61,035cd99730a0fcdca550751435d77916fafb4dc169674e5c8966d7260d34e225,6dee94ad5fc67c11b64fb459c8f5b5063d12bf55c68b29251454c54c3ff26128,0.3817272500018589
nll,0.1,nll_lr0.1,710022,ok,,0.31630524186006265,5.907498139068488,36,0.0001843843408490722,276.92124116563076,0.05105994051943179,0.05105994051943179,27974b81e06041d65f79db0b76c975a85c0397dff46063cdc264afdf43a7011f,0e7e6e6e9c58bbdff06cf9a2d3ababbb07ae16179f1530dda1852b5e0fdb3af7,35ca1e42d7b72c480c9aef4aa7724e77b67b865748de4fe364bf01975d371e9d,eba28fdbd768c532b00aa34f3aa4fa3869f4c0fc8b0e10ddff4ac8849f732104,0.3894408330015722
nll,0.1,nll_lr0.1,710023,ok,,0.37394667913415214,6.059416373958457,36,0.0001393026834508219,339.3905928137238,0.047278020316916955,0.047278020316916955,e60153ed5536bc9ea61a6ffca89fdd984165324648dd05e2afe29dd3216eaf0b,34d514fedfe9e06b547a5e2bf675a275bf2bb33e5ec2c15b21135be2ce2d822e,833cc76e4774de9f7fe6d0cdbfa65db9360d6fa5bce61f23642ece0cf74a6733,d3f413e1108e9668817d298ef7ad890903cd461043e2702b77a1a3809838f2be,0.38725966600031825
nll,0.1,nll_lr0.1,710024,ok,,0.4544479577377283,6.10764848597235,36,0.00013174021669229864,430.9886119800842,0.05677853313416931,0.05677853313416931,aa986c9124a25ef1052791d564d7c45f82160006df9beb8e1b338e337bad5a69,5d83b80b251f0aa173cedcdb2cf99e54fd65bad61e8d294acdcfbf3e5a2db3da,68e5f1cac5a8a435a29e8ff1012ae8229a1f8355018955713b989b18ea07fcb6,7fca0b3ece6d0e7530b41d1897d8e02773f2a56db9788e019b1831f85a9d4b66,0.3862688329973025
nll,0.1,nll_lr0.1,710025,ok,,0.3246572081628638,5.996156555051715,36,4.158414699584228e-05,1044.550035127231,0.043436722205242986,0.043436722205242986,b978854b64f45e4eb84c23bc4683a858678a598a511a2bd0d6a1241fd4f848d2,fe7dc78467eb1f6f437381ee3d894847375150b23e1573da11fb8ffff08708b4,bfd20f9a4aece4f70ace1612b7c0f341832f5234e5db97f8783715c0e1ec0c97,be68823ac95b61ec65f2c15d0a474d50fb64c26ef6040af79c8ea6885a88e29e,0.37934087499888847
nll,0.1,nll_lr0.1,710026,ok,,0.4617082466187952,6.1460463319910685,36,9.257637289340993e-05,491.5338044462322,0.045504416770130826,0.045504416770130826,ee962a620ecc708457762063e44199c1982c335302888915a8b9b8d023796522,461de82e992e45cc51cb3c21920da6d4ef3df4e66f49fe9ff50a74c08a9986d2,2905810631ab5210b24b333e5e1c9375bf847246a02a5e81756e86ac681720ab,8a22235f0fadaeb66705c4988a29729c01242e692c2ab08671afb11de3898e0a,0.3801714590008487
nll,0.1,nll_lr0.1,710027,ok,,0.5140745595749054,6.042348020671698,36,0.00014818940241282503,344.7146488299606,0.0510830578130587,0.0510830578130587,b842897a3c653a13575711eb49efc2ef7af78c63fe113d0412e7cb80c97de4b2,9f17adf7fe58598a8c1541917ccd7791afe50d8a9f605e0501a21f6adbf1a572,c34a470a9ee095f0ec72477280a699e270925e21885b4390e54e88eaaed25c43,98e7fcf277994627ddaae22e77646aa694e09be296e06d68ed42ba1bea3c024b,0.3797089159997995
nll,0.1,nll_lr0.1,710028,ok,,0.4187644751579461,6.04218020567678,36,0.00021175946804155978,237.8192215796085,0.050360471851755725,0.050360471851755725,a1ca397df424d393bdcaf98430bb8c9d421f579d0081bc85b76680aad82a8592,a5ae2758ae9a9df9ecbfca9d77d74fd35a979291af5af15301254b06c0077051,bc66d0e32b9360e0eeb8c880b58a58f20b46e75dc49f9f009ad8ef0226841d93,4333d6c4ccadaae66462379fe238caa2b036b7c3b7d7f2921dfe9b5985aa9fb2,0.37307391699869186
nll,0.1,nll_lr0.1,710029,ok,,0.44881902856283895,6.07476475488497,36,0.00027195477326167467,190.55058375884656,0.05182114080101686,0.051821140801016866,8f8dea43cb94417eb98ee48283826016f51fc6cb07028f9fb79479be3015e50f,a3627aa98dc1d541a8b71caff5665b0a70360d481ae950039922144858ee8dac,4dc246695570624a64af69e6ddb86897d9d1db2acfcf8ac85d5cd106181b7cb9,ea22fe5a170fbd457cbd153ce68e43ed7613e7a54b3776c91c59072dc7bb80e3,0.3750655830008327
nll,0.1,nll_lr0.1,710030,ok,,0.37180932345940976,5.934633414018904,36,6.239428444602603e-05,741.21580791208,0.04624762995475731,0.04624762995475731,1bd1f35b28145949ee60e88f82b60bd1a731641dd5249f026c5740a7a8756ac4,5e456de9d48da8a99ecf0a73fddc8d385ed07859505b283404d7895f679faf37,7a007ca89417f728a9c17a4e3bd78aace332de0a4b84ad60d02e2edaa29830df,f4d21e6f95807c8e41043afe838bf652c4e924e60055104acf581b78ed199dab,0.37609550000343006
nll,0.1,nll_lr0.1,710031,ok,,0.3940857931045349,5.983236035666955,36,0.0002899772595683533,175.56713775497215,0.050910477476446406,0.050910477476446406,4318c97da4798a4160602c032b945744c5e804ddd36bb838b076770d7f063eae,f996ee538ede4692a6eb3067fb423dfabe033587afc4e0b1cdc40f4fd433f37a,ad3cdb678d057d55377c567f0b97468f172853b9b3f6f188388d92891154d48a,67c7d975538c0e54a1f7c40b89f707944c6a4bd12ca5c783958a7a5b6a4b76e9,0.37683079200360226
nll,0.1,nll_lr0.1,710032,ok,,0.49846062880923764,6.12972800136347,36,0.0001156667407938974,324.1218198884753,0.03749011452668657,0.03749011452668657,674f9f6398a5e9711a5a032249747738e182155c82545eb331cdafe26b17225a,94c04a803f67d6dded70c9a4400709b8f10d18d130d73ad80576b0f8e4e36109,809e437d354c943436289e463b345af0c4168d0985eef969b192fb2b120bad79,a2691a8eb481239e1b7d5ca2e239e994770a59f5ba98488b68935a094f45b2c4,0.3778136669934611
nll,0.1,nll_lr0.1,710033,ok,,0.47415940080044616,6.051602574220844,36,0.00029706610697122487,183.21489078576082,0.054426934344884104,0.054426934344884104,a0635316e267c985f4e218565a4e1abf03a2693aabe64c0bda32b254cad24f9f,6a655d2f042a1745dd65fb88e2116960de9cb56f2fea762db72fc011b5d7181d,6391eedd0fe7feadb374663b3705607bdbfd6bf5b1b554e72b9dba9fd980dab3,24182a964b7f78b665f52dd25c015d281ee7aa981641b512ee7b9cfd99cdad11,0.3787335000015446
nll,0.1,nll_lr0.1,710034,ok,,0.49941503033254814,6.112471194323947,36,0.00021060878171991914,216.25966427325008,0.045546184427747924,0.045546184427747924,3535de6482494f61aa12046462970398b58176bf114f0a7fad399bb0fc612812,a534917bcb5f733200bb7c704894f5fd3db16769632d1cfd2ac49b4e6fb43dbe,5d2c6799f57c7a45238257bd180c3983a3ca380f56c7124012228905d8a0fb74,6a08bb83dc5ed75b84ce36bba5dc1499ca31c6e4150670f80e444bb5773948d2,0.3749562090015388
nll,0.1,nll_lr0.1,710035,ok,,0.514220148422127,6.0921199556460675,36,5.8402799937219906e-05,817.5815693801975,0.04774905282886995,0.04774905282886995,5ce4d02d3559d89bec1ba7739ceae75fd73981cca38aacdd639c199c1b2f200f,8dcaa973bb2552e8ccb3a42905e32a2c6d4b8b235530c418804144e6c405669e,bf22a396658a8b360fbd708815f7984e13a44ded6844b33fe2fa0e3d9c081cab,ddf78e803aebcb519969f551d3173b00d8e19fbeb3a689022f243c013c2e8ad2,0.37494199999491684
nll,0.1,nll_lr0.1,710036,ok,,0.3832226464599076,5.900781608663123,36,0.0001485279654172577,305.32445648307817,0.04534922031356163,0.04534922031356163,de3c26e0c86932969d4f781435d6ae944cb92c8b37fa644104567f0e786b12a1,7d5fb2591cb4477610c223dfbae2ba7f5bc123493ad26e36fd4ca5a16943fa5b,55e23f6c62fd26081ed99e278194a6e31c2d62ca9e39359c98374ea508b99c7e,00a0735515e56bb53569ac69d2be2cd040982101e9debdc2bfc2a2778436b82d,0.3754325420013629
nll,0.1,nll_lr0.1,710037,ok,,0.35467889924078055,5.906308232534297,36,7.435007446572404e-05,512.3977066897323,0.03809680764844782,0.03809680764844782,d1af9b1b6ff073dc3249824ca4ab4ff539e6d5903df5928fddf91c6cf00a1ccf,b2a8e36481ba4b4fe5419c091f01858e3b12ea1fc1c205689b9fcb5bac6b81ec,63e3cfb1bec1f9f153c115972e7771cb07826ace4e874defe54f5490d3ceb440,0907acd8768ece4e0ec7d0ca395b0dfb9dce9f12c78fbc93f1c481d709ce60b7,0.3749382500027423
nll,0.1,nll_lr0.1,710038,ok,,0.40258629789912304,5.961685595296379,36,0.00011556396834232461,380.8901408716289,0.04401717618159248,0.04401717618159248,378c571f14ccccc00a52ec41ec9224ca8e081c0cde7d9126e249dcb7b8a3cbfa,5ddc6557473e8c47a03734b47ea0c37491f5dbe10fe1348c639dcb3b6ee4108a,ad163a000f271fd4becd0fb184383153d2c3fe8f2743c90b69e775703cec85c6,d7ecf63db5aaecbdb3997c3692c91e55529b9d0b2fd973b582f72600ef244e7e,0.3774532919997
nll,0.1,nll_lr0.1,710039,ok,,0.32518915707852747,5.969201257909864,36,4.648721513085051e-05,1060.2658573897531,0.04928880700837312,0.04928880700837312,4e8dd5a7227ff6d88590780c9b567a92ebdf7d37ec5902e8c838bd8eed5848e2,f65da492db31baa62b6dac9f117d07ab2aacd1bf1231c248be9c4df2d0f1c1b1,bc57c381d6d5218c2e369e73c9334e413135cba91b86a497c6920733bf6043ae,995ddd5d5a1366faa9e37126dc2d41a9658da3878f55210e53fcaaad40deda60,0.37722583299910184
nll,0.1,nll_lr0.1,710040,ok,,0.3898333112297393,5.970748771681298,36,0.00030325024192367974,165.33918789779725,0.050139148729471755,0.050139148729471755,38df1054383f2a433e5e9fbbc2e02d64365d13168c14fbd7a88add06781b480d,8ca86552981bbfa880f13bff4b5a31c43e254e7eda2c80c35fc6f3cc094eff8e,8578d97aaa53421b1c89dba1850350d1df0d8340d26947ac98b8f4493af7db0a,29da00365ed90be2cfeeb1547b05683af3d3ab45b2ec59114b78cb8ac5d44ec5,0.3732749579939991
nll,0.1,nll_lr0.1,710041,ok,,0.3459533869945661,5.971297689018666,36,0.00030444361936208294,172.55126571765678,0.05253213186059193,0.052532131860591934,1926eeafc5676a2fba39a6fec6a304988f4cde01c7e6468893cd6f6152acf6d1,76f60d1ee80faf1147b79c4e78951962e61e6d0cdbf7909cac4abfb303e8d307,7b8aa0dccc2df547eabd0ebdb5393424968575521f486660447360784c9f314c,b1b99e5714e55bf32c9365b0fb0ebf3b48d65f3d345c09580a9cdc2d2cb2bb31,0.3736161249980796
nll,0.1,nll_lr0.1,710042,ok,,0.34541899479308213,6.0112177425697215,36,0.00024994550796541214,210.7397215387969,0.052673446748504105,0.052673446748504105,644fa479f0486c5c3b2931dfaff092b504cc70b99e3c534abc9b0938c0233729,822a651524878f4efbb8826f670394e893a1be80dc975167058722a3cf734ebe,d9cfe07dedc3f9d4afd955ade3596b80dbeb8cd29f72c01b19286fe6a89be13f,bf7ab36b411531309d23ad74664e6747a166d002cf3a38ad80433ae07529163f,0.37490633400011575
nll,0.1,nll_lr0.1,710043,ok,,0.3551648734848686,5.966678987806341,36,0.00020431076169029238,251.06016010893825,0.05129429254194393,0.05129429254194393,afbda4cb476b38b0d231773902a2d607336ac1bf3ca232be8fecec4033ec8468,ddfb9b0fff460bb45c9a06f9251c8dbdf58c3a7419a90826afa1aef9cea2ded7,4f340558259cf6c48d33760a507973501cbcd4a5dc6103a634f79bf7306f83a1,af84830c362c3739df62755b7fd3ad40b668d89b50a54866ea5368dcff85d012,0.38042720899829874
nll,0.1,nll_lr0.1,710044,ok,,0.3993874664984262,6.007925669863607,36,0.00017002733786277736,236.0282538187976,0.04013125565721007,0.04013125565721007,fd21c7fc2139ed0b94a54069c906f287e2e5776d3193567171c48b2ddfbf9a52,e57acd2430b4e52713f3063ab67e72b58c7dafc737bb5f3e4aea3c3fbc897f55,23235c71e11018d0ebd17338e26f110c40fadb3a9de4e4acf0ab254d913ecbeb,4dc6748f6070f04f7db166869df60b3baddf7afa3caa7d0d6e43e32fe6c4a22f,0.3823501670049154
nll,0.1,nll_lr0.1,710045,ok,,0.23877713492080746,5.8845972237955975,36,0.00017267681661285893,309.5952999568821,0.05345993083485759,0.05345993083485758,bf679db86b5a2003607854c523336e3608db3d643e6d05f010f498ec489c4563,812ff23e7735b1d51b23019cf45f56c6ce6b6f5c2c01b0b3d96f810acc62dc87,2294a711125ac19565d026b6a05b2eac3c3e35d6c48e3cbf859f62f0f78a5b72,23b55e65510fb687c301654c152557e680d5933b131b1481dc6924c6dbc4e1bb,0.38092716700339224
nll,0.1,nll_lr0.1,710046,ok,,0.5228439513957658,6.141489792385901,36,0.000129104229274523,307.40299676567327,0.03968702697411094,0.03968702697411094,7c603c28f47ef88d169d2e2319e9d2b1f26844aa8d4b2b09eed09f46ef77d84d,a3a55bdca039a29f81202e3642bdb65c7afd2625f995e44f5243bcbb4fe4de8c,a30eff3fb53371b2e404e803d2f3940b9134bedf1c67152c559c75af130f7bb7,76adab541da5ed8999c0b260793fc4631cb56971e9c8495b04abe66c811e1e5c,0.3764993750010035
nll,0.1,nll_lr0.1,710047,ok,,0.296082433817828,5.940030060316562,36,0.00018091622163231207,272.97077062116387,0.0493848404368415,0.0493848404368415,bc7f46b24002d0e82d0ef9c56f4f4174d2147783912670efdd1bae448c62df41,d6482ca054e3893f5074f6ecc40edca0c65c10005e6fb3abfc9200683ddc6904,1fd1f15f7cc4ba3ce44ad8c424bd36ecff9671a1972f86ebcfb4d9db2372c5d3,c767eee3e971ce923ed53200ca88637cfbda575f3d5ca79c75df943edfc13409,0.3769633330011857
nll,0.1,nll_lr0.1,710048,ok,,0.31449411821976836,6.004682722898719,36,0.00011922939439794573,392.92482814362455,0.04684818930348126,0.04684818930348126,94e46449ced37f97492d284309dc0abf196e8b4657ddfa80d663bc009feed24c,86806af571fb8dbeb78a52e23eb895658e1134b5fcc3b3db750b356116af4c24,111617380cbeacbff05ba6b13feaa7334224ec9321fdb66bfe748deda5e85874,cdf3635640c3afdbe2e17a7b75d15097e42eadb22fccad97ab1e22847aef53e6,0.3798940000051516
nll,0.1,nll_lr0.1,710049,ok,,0.34973130040085987,6.021621441345327,36,0.00033598233186524456,162.92072620779484,0.05473848550047397,0.05473848550047397,8c029f92208a40502b8a5afa8da5793eed67e83f968d5ac9b2acb6f68a330d8e,7d5d90aa0a5ba7ebf14870a1c5519dd3ac99b6745d3cc054034eeb515dccbe18,d83a64c16fd6a632329e2ba85157c3de1faf93c99578381cff3dfa5d177ca020,8f0c111a0eb4dee36e672fb067ac469177bebc6eb1848ad679a3c57424f4346a,0.37957312499929685
nll,0.1,nll_lr0.1,710050,ok,,0.36823407314924134,5.880878594390828,36,0.00016031268324101514,327.01874016919766,0.052425251706620414,0.052425251706620414,938d851bac2be55759ca7392620dea2cf1c176e84622300b7f90927f74bb4f3e,a975573198eb5dd33584d5943630286b0cd7898aefa127ed49c0e2730dcb6318,0598487890e864e19df343ab3c5867fc1db502bf7f20b0de8d0b97e1d92d9644,79cc89f8ddd67566302e4ded9b7236fbd631d48ff971ee90d573a50a58463f70,0.37832316599815385
nll,0.1,nll_lr0.1,710051,ok,,0.440105811780616,6.101837174425802,36,0.0001221935689369892,325.238374335893,0.03974203771536724,0.03974203771536724,3d358ffb28fd5f157b0ec5ded619a41d7bdf1bf8384d8b2d1426fe6076d3561f,4a97b54e516384c078e35449cf3a1bf0bcb376f0bbf99bd11f34cd73b89c811c,6717186d7542c4cbfc0a5b489e71b68799f719d8f47da17b8b4809e0f53cda56,837a538d16f2652f0a4cdfcda3bd719acc0f1ed6aa17faad007829f9fc31cc93,0.3769468750033411
nll,0.1,nll_lr0.1,710052,ok,,0.3613058379072503,5.944724783057115,36,4.2704326280284125e-05,1088.4488232838603,0.04648147368890529,0.04648147368890529,a6ecd70c26b61ec5313e6c46561d9c35826037ccb66e01225b05cae2433675e9,81b54344abdd3a1751a345a20f262ee0525c4fbee6e37f91a20cb69b8e7e0169,71509b5f572d4d3a3c5393b995a2c798edbb043a95b2831d07e49009cfb5bf68,fcceed500348b84208cde679d8a492a6977dbf1e25f22ec30c76a5455ac8d24e,0.37581537499499973
nll,0.1,nll_lr0.1,710053,ok,,0.36764887582839234,5.96953982481891,36,0.00014056582819737612,368.6363722414482,0.051817676967795406,0.0518176769677954,f55452c1ef9a1938e87b4d106597de3bf535ebe9619c7083f9c3195b4e677323,4a0a667f2694a05548301f90639f0208ed32a2db8dd5217cb4c92e9e50961a99,6484180d2e067c8d440f0cf6a881362aab339bc5a40622e6610348676f193343,9dded71300c763b27f50f01f2e86e94f08101243abe32ee7360262e8840e5199,0.38201691699941875
nll,0.1,nll_lr0.1,710054,ok,,0.5511004117081865,6.188861872849201,36,5.180483658420086e-05,685.9357057181746,0.03553478714199853,0.03553478714199853,87835c9cbd7737dc1459b2652ab697fb94da9aefd96cd147d1e6ffaea48ed34a,6b24e51565e67b216fb51004a0c385e75eb53552451da22cc6067b4af1fe7e34,870bf339294255e0d9015c284c5d546ef7cb60cb63af89b7da4f0117cd56acd1,ff5bcc88a1eb24339dc1dd9d0bbef21ad1a83a36640657a7c9d7dceb79706edb,0.38538920800056076
nll,0.1,nll_lr0.1,710055,ok,,0.3655072795090355,5.943287448089297,36,0.00016444996713586014,294.540371719114,0.048437154449392325,0.048437154449392325,1c98689651ccc3e0e303cb66df93aa82fe0d3ac6c58f7177b1260efd1b53a44b,998dafb67137bd34e53e79cdb6c351686d22bb5ae595c803e609b9ea5c5b7dc4,2811ad4ff155e287d7f9487d1a3c2bc4b92a46738b6622bb9cdf744296b771ec,3f3e0863f49becc58011b14cf1e23fd79f61f363e602c9e09ee4028107586e0c,0.3823625830045785
nll,0.1,nll_lr0.1,710056,ok,,0.34398715960416304,5.936075589119586,36,0.00015398296996008032,322.5401383757601,0.04966568843843481,0.049665688438434816,681c4773cf9a1708e417cd39b861bd1b16abbd7a852d74dc51095f2fb515cc1f,f9e8c087a604838fe81f65eb7eb909258ee44d53dd0c43a7525a7f6195e9d485,069205386a5252dcd6b0f01806043f1178cc4c8ebfb5e2380e0618117725069c,831382bbdc66672c6634b776d144dd5fd93c29b4ecba134e59d2390e452825f5,0.38442183299775934
nll,0.1,nll_lr0.1,710057,ok,,0.4562982252565053,6.04603854265964,36,4.882522640597371e-05,1059.2330264003776,0.051717292330683166,0.051717292330683166,2bc80cbd37eda3d9ceb27b9ce225092e4192a58362eb725e52e78463e00407d4,cfbf6c3c9e6d05851c8966b7aa28b32b3d5d8ad30c3211a1ef69a8d3c45a6d2a,9c6f8af8be3f41db8eb78049ddbf71e26f7e348ed2278ec30ec9830b1d3225e3,295a0225764be63f10b3ad7462544166d3019f5ddf6118ced39b58666a64dee2,0.3835000830003992
nll,0.1,nll_lr0.1,710058,ok,,0.4119239910229143,6.0183352402929575,36,0.00025961228204326276,199.47512953252019,0.051786193588813006,0.051786193588813006,cdf6bcb7f9784354f9ca8f4a26f31066a093ed2c0177783ac8de995dd4aac39b,3a4cae55b0dea6c8e1fe4747e3eaacdaad40cc44aa68304158eec70efd041a88,79a8d382e9cc4ddfd9be7073aaf7b26df7c5d67abd58b384d1377ab1704b3483,8d9a7893d5320a5de41622b34d85f9914712d3307832f6ea0a18a9ceb4e7d579,0.38340195800265064
nll,0.1,nll_lr0.1,710059,ok,,0.3590893567313298,6.045045169761876,36,0.00023988204555816127,179.10151717560467,0.0429632383026542,0.0429632383026542,1e5469e8bc28ba9c8a009af65e2f07abed1f783054ba07f0a1aa3b330ca62058,ed868096cb905f86297477aa8ae369d4b229151ce23434b014b717cce4e0209c,14803498b82af5461d61db471e50df5cd9748ced8a625d1706e0fd475d51ffca,14703e6c63856717af24ece91df8654b175779f7a62ff95a944dca7335885df7,0.37741233400447527
nll,0.1,nll_lr0.1,710060,ok,,0.34790928295755796,5.995438282591466,36,8.660917087929155e-05,534.4701895553612,0.04629001997708763,0.04629001997708763,a244c6f03c72cfaad45b2a44b7414228832b41567828028b181b04536decb69d,53fad8693425193118422c69ca48fe76ada0a6a5e4c3a443bb50be4bd0997f07,cf78216d77506394fdb667f9c9bb3ab92f6054fdb523a43c6c47c7887c5d892a,e0b6414ed153c4bc8ab6220531f1e113347d9674843b941528e55abab87d4cad,0.3785497920034686
nll,0.1,nll_lr0.1,710061,ok,,0.46283163134556604,6.155210362121048,36,0.0003565213890730539,152.94425860432713,0.05452789952836308,0.05452789952836308,df26c39ec02b99544084a9221cd764d575498460b2e5c90925f86c4983f32299,aeb641289b69759683a6a85f1305a67846f24640d3fb521d05d575b6eec5dc53,a54269e27508aaca436167c2d9d9affac4e4a098e769b5e0f021e8802df02657,5b1f21b40882ed5ab8ab75592ff3190b3e894c83a9221296a3e1ef7c6dbf15a8,0.37484879099793034
nll,0.1,nll_lr0.1,710062,ok,,0.473149199890097,6.0769971734614705,36,0.00021705491494769408,236.0640622694823,0.051238864958109635,0.051238864958109635,43949392d6089b6426e0dd83cd855d77be771636ee3615c30704e50c0366393c,d41688dc118aad39615b2e728c2363a27329b1390f74df32d2fd944160cdb7cb,bb194b039ffc5b0cc54b983c27930a20748f60aa12aac601f694338afa68a2fd,68e836efc7ba6646435d4999be2f2fab072a82ec7fe9b3c9788284b2bb12dbdf,0.3807882080000127
nll,0.1,nll_lr0.1,710063,ok,,0.42501722494861455,6.07594421002758,36,0.00014808724661113636,292.6091695309592,0.043331686249010966,0.043331686249010966,bc194be99cdc0ba1bfbd6f7fb68d213b51d30468cd33521a6db8aecea34f53ed,03318e166acdefb67948107fc0dd6f6c7c5b92240ea3fe5a69620bac1f044c86,01877a48ff28b704e0c99819dba4a4304d80bc87ee8a2b6b8d1ef9281a396c06,f422aeed19a37a13d1f0a45057961d12ea9808b014b365f4f92c13006ebd2038,0.3842312499982654
nll,0.1,nll_lr0.1,710064,ok,,0.3290149050392994,5.9686846550891675,36,5.4376052873470334e-05,851.6338100453797,0.04630848508386256,0.04630848508386256,d533b196ba1c855b2047cdba462e085e24c031a192bcb24a87783a4f7e3ff78e,63dab2d377afb930668cd49dac93f60bfe1a2b1ea7684fc309aada1142821735,0dd5e7ac232e6037ff16e8566a1208410751f661a8f1ee982d66842c8bd67c9c,41b181136a559bb196f02f0df036211b189ba31087459e30d844def15744bbf4,0.3823554580012569
nll,0.1,nll_lr0.1,710065,ok,,0.42119511280626154,5.9873562496488155,36,0.00023412395253158435,208.33321085283532,0.04877579476846177,0.04877579476846177,a014d4ffe4b137efeada0a42d32920ff41d8f0526e3fdae0ce901ab10e59c521,b52ec9d9f6a738791b39295e6186ccc2359cffcc85d0c38273500fdcb9c4b285,33ac423599268c9945bb1fdb1f77657c086ee21bd22caf09c9e7a9209c80b55f,cf4c97283896b9848633881242b08eb87bdc58fc7f9ad5b465c931d69035c3d9,0.3781322079958045
nll,0.1,nll_lr0.1,710066,ok,,0.421750003278694,6.0675680542224315,36,0.0001513236262009627,271.64308917773525,0.041106017286806386,0.041106017286806386,161bbb45a9072cde44eb2c5bcaf375b589919e9563088188b033f7730d06fde3,ddec2590744e7004289ff399b69b1acb0796c1465447153e75de68cb65ff03f9,9081df26cbe986989861b0795f49fc260970ac230afa636e963ef076e3ceb948,a95e4b265daf7d26083b864623107f4a00e22238f9cb9cb5271cb189741e9d14,0.37722704200132284
nll,0.1,nll_lr0.1,710067,ok,,0.5859863642863862,6.255957579994905,36,0.00014861895322675398,303.416907430232,0.04509350317357999,0.04509350317357999,7f508a2eb188b0530779e89124f7623715930312d84b9cabbf32eac45dc747f7,8d8d5e5c61c62ab06d26325815bdbc7393d7fa1a212afa13209de6cdbbe3862a,8e274f333de2f4b4b2b5f9f52a17a43c7594e40e3cd6c9cd48c59e09215c809b,cf17a7b1c2621da4ab9f11a6440ab8492969515a41db26a440fc9754d65266c8,0.37527704100648407
nll,0.1,nll_lr0.1,710068,ok,,0.4297038314950932,6.101317848489094,36,3.297387791911787e-05,1232.9040503330461,0.040653627641667814,0.040653627641667814,8ea2168a7f486fbfa6ab635db11e4f74a349413ad588cf5ab3c236169dcb9832,74dd74ef8b0b3a3123eafd84f5d27bf3551c935470ec738cd00b0d775ec6b524,852350f27dcde2217228237edebdb6db4db478c93ff0a251e57b09b531c662e0,00538e8f85dfa3acc697afb435b9724424a9107f54123f26de85bbc842299c6f,0.37441866700100945
nll,0.1,nll_lr0.1,710069,ok,,0.36057213874370403,6.148651412408423,36,0.00016172662537450525,275.6704905570292,0.04458325815312275,0.04458325815312275,389d200b42977c1709404be963cec48eff2c28532765ee7e4564b0cd8cd536f3,07f43ea38d007fd9d00aa55677ac68f91a1ac698c1aa0de566883a0b0e1d393f,996e8a189170089c66a4565044f738b2383dd7fa60240659faab75501c4e138f,c6bcfaa128e6552e27f08bf6ff1bc0563bdbea4c4f7dbb64c91f9dbf0f94dae3,0.37707595900428714
nll,0.1,nll_lr0.1,710070,ok,,0.2801217926382793,5.840509354527612,36,9.899623677525863e-05,429.6805139651953,0.0425367538982133,0.0425367538982133,686471e5471e019a9f930c22a0d8c2371f50ae01eda93b91bc33a1e08264534c,96aa986121e53e392ff93bb81d0b72e4da9c4570b9fbadb558bb3b57bbe52df9,2db96942e894b883184db6457ae00afae4e7a9de252e3bafdfdb6b4b2b897e56,1f510c5c1fbbd87cc65f5cf4afbe9733a0bdc347a3aa1260ee1930f319c10595,0.3748308750000433
nll,0.1,nll_lr0.1,710071,ok,,0.26219142206024304,5.884553298912021,36,0.00011177324369160645,395.8838909489202,0.04424922661661501,0.04424922661661501,99f40e0796bbb4c7059ead58721a547e9cd3666a60900992cdafbf62c523b452,6e25b96b1ed9d72bbad18aab2eb4592a9541ea9a6e9f6ba8462d5dd3fd7ff168,fb76ce7fae56350757000bd8dc3b30aeaed39160defafcb4b793b6bffa2521c3,834abc84653b38191a726bd468bf60b9a25e29a1f86410bea57cde03e4ea4bae,0.37699254199833376
nll,0.1,nll_lr0.1,710072,ok,,0.4003400908825364,5.9456375992280925,36,7.366291631470868e-05,692.3363852003574,0.050999517204641846,0.05099951720464184,626f08f98e740637cf3b7fe09e22b054a7c81d36f61ee6f178942c25f453f552,5e85dc21d2cd37712b1f35f453cb95d164450f4e733e958ed471040654503207,92ebaee588efa21821803441e5f19b430078cd8164b73299b2a156996ee28c46,dc9401278a0b0d5ae204b91d74502ad3d70878abfb7d50b3a407e0fa7d250840,0.37960283299617004
nll,0.1,nll_lr0.1,710073,ok,,0.4556098042016955,6.0726945781219905,36,0.0003104186688798886,147.33744784381634,0.04573629443583748,0.04573629443583748,aefbe69a0a992cc25253a1f8cec1184fc2429aeb74ce7d7817249412e6843e7c,f18f406068795dcc629446cfa178d697113142e82a56650609d729d392811efc,c307686e4013bb69688c0e22bb1c2894f26e67fc5505936443b40a649d855889,00bd7d0c7306014df7fd65971d5a0913c737d4990083ff5d054122097f96abda,0.3905492499980028
nll,0.1,nll_lr0.1,710074,ok,,0.38598343701181886,5.979755424860402,36,2.5690424967569784e-05,1810.2477625103174,0.0465060343154824,0.0465060343154824,9afad07f55863d8542c6aadd0e1352f0e96af25072ec39c0c6f2928105565996,618deb74535faf773a72802369168f17de33aaf72216925a74d1bd1cf6b177b5,ecfbcdaf6928c3c7edb48b3a2c2903fa4461a13e1961ec2519d7b607885d0c8d,f144587b13d51377574b7c9ad660819f7169d8cb0089dc1d300cdd0d0fc05440,0.4494060420038295
nll,0.1,nll_lr0.1,710075,ok,,0.4940174618502816,6.192326236648274,36,0.00019846443481387789,241.18006195329505,0.04786566468393676,0.04786566468393676,ee5991253967a9e84172778eff3cbca4db3b33674ef97c4a308bd8a1a3caa2d7,95d4e8917af0959280f83c7871c07b1e510a0f95846120ba5a62968e90c6822a,b8dbe1200ab2a3b25ed38e4f51d6c07ca32493b533ff3a924a243f935edee88f,cb9e4bbf1ddb68eb3352cd084a84c43b068cce56c31631586fcb4b8f6bd136f1,0.44711924999865005
nll,0.1,nll_lr0.1,710076,ok,,0.34880194096585293,5.963281068970185,36,0.0002727813439369143,188.66424226694366,0.051464085558416486,0.051464085558416486,879518ee3fa8fe6bb7e5992ce8ddab42fde6ef3ccec9cae04057ba4e03396612,563dcae5f39d57bd6ecdad8885def6da78c03cf876b1ce3c950314736f42dc2a,3217632c47b51152b361ece6ebae42f980a71415ca5d65ad16050dd3e9195b40,b6567c387115225a7e7742b6180bc8b6677a09b71735abb5dc96b85965df1805,0.43766908300312934
nll,0.1,nll_lr0.1,710077,ok,,0.39301818808628547,6.136432544441327,36,0.0002006157858115824,267.13718858341537,0.05359193700715875,0.05359193700715875,7a0cb306320fc95856bc970100f59da1b0da515f1a4806ecf1f0a5312889b1b6,03e3cd1df2ffb19838fde0d200dff4d7a16b0b56a00fd6040485bb7e65571156,b8e5fc1f210dd047048ca9536d9152921a4ceff46c480d74c917801ed10977d1,213e4bd4f3cc483c6a0acf739ca1437606d35dc3a296bd44436d9b1c084a074b,0.38435137499618577
nll,0.1,nll_lr0.1,710078,ok,,0.44722099125656706,6.123259201590273,36,0.00028720265394872847,181.53293999653042,0.05213674214611882,0.05213674214611881,7ec26f80b4ecf7320a564c0f6da2875b362aa266a582d9be736697977b7a938f,1cb6dafde57f5dc5801e4795f595177aba9f1d17fce5fe01a15f1cafb95468d1,2153a2c0ea0094ad6678cbf63f81d470edbb7adab890d6acfa580f087499b965,b0ff8293b26eedd9c1fe441d08e481e9526dfd7aef3e565c7c4f13420b1cb0e0,0.3849675000019488
nll,0.1,nll_lr0.1,710079,ok,,0.5466486850606397,6.1249265022835875,36,0.00021626453760002139,226.03954983610558,0.04888433872462236,0.04888433872462236,796724fb3363220d9af26fcb24bcca492856a559dec7ad722d82498210554073,9a929406b3f8cd52487a25bd2834ed548917e3a962b012eaffae7488a9b5038b,cbf417a04f4704b00a82bb28750096765ba42931549f1d3a0fe41be7ce728409,24459a3ff2ede5c00671fa1cefbb9724eb53e7c03e5f76b3dc416c0f03da4c1d,0.3819944169954397
nll,0.1,nll_lr0.1,710080,ok,,0.3438724378710944,5.954957941147302,36,0.000148647674247806,305.54344137596377,0.04541832194220787,0.04541832194220788,eb69e6c7e1fb8ae063cfaf3fd1b792448b47e50bd864a7e32239be376b7ab71e,0c126746bdf73d1d674742e21db0ed692dd84b2d7ae90636e88e0e9c63b3bdef,ebc0d55b97b9ce1ce4de9d8003e7e256d43cda829bee9319c9921d719058a973,5457d8be936723a225294a956e6f7d90c27e5bd6629d89d11dab436013105e90,0.3794662500004051
nll,0.1,nll_lr0.1,710081,ok,,0.4588846507241926,6.105157562858733,36,0.0003236062103405185,147.74841011088122,0.04781230307981902,0.04781230307981902,e9bf76f521ec5c1ad5003bde80e9802049dc82f53c88a2e2969404aa0dfaa320,31ba2294b3f33979fa93c55279682fa37d86f453fe1579286eb79c3fc9ffcde5,cf439ef4af32da77dd1c723164516cea7d1916d9ee54f2396c837345539f18b0,66dc0f3493aa30fdbafb4c2c34db54e721b6562f177427214f2f775cfdba8732,0.38258441599464277
nll,0.1,nll_lr0.1,710082,ok,,0.3432306411866409,6.102171008454781,36,0.0002272914478208505,196.49962987359524,0.04466268537023071,0.04466268537023071,5bbe69c0ac6f01ef087278bc378360d33af39c0130efd98fd15b31a1ffde6e47,8fb25eee675d319ed5e498adc729db6013d01a7b7127d3ab2af108dc1a4dc81f,abe8dc393d4ec0ba979d549f5d69e7b882a24b1c909db2d27de49b8ca378e7d6,5cd6618f4e4c8bdf0449c35ff7dd60e48f9bb7b25862f2a065f82ec99ec38814,0.37847250000049826
nll,0.1,nll_lr0.1,710083,ok,,0.43294586009169816,6.120073808533567,36,0.00022559727877468814,229.62248916056933,0.05180220870009476,0.05180220870009476,4052fe6f0c79665757d45ba2d5f14501ba6cbf4b33110dd613ba622b90fc2ce6,e9e0e4322ba8ab20a6fe95519c22e4852d9e501e70a2c74ab0b9cd1dadfb5e5c,9aa609312927b57a9b71724874c1b9f5df266e719a74e04dc3488a248bd89cec,de5aa3b508dddfed55dd3c2d8069a264734b69d0898e20c0cf0fef68a2b63b93,0.3848273750045337
nll,0.1,nll_lr0.1,710084,ok,,0.3296954565858437,6.007054235894931,36,3.038893624413203e-05,1394.1258461995685,0.042366001456455304,0.042366001456455304,723979127cd92b00cc5e548ea27a3ade0942f44d8d2e9fd3ce925fd4555ab129,469cbeeaa3fcdb5c3846c1c3f04601c5a922971b4f777a8128e2dedded94387d,051a7b5049006e5c85b013c019c46f7206518d48c1ceb5cc3573889aa9f99de0,00e43453b677b4a8a3e5ba8ff11953e69472e878f5ec5eeb10648b109ce5e588,0.38501120900036767
nll,0.1,nll_lr0.1,710085,ok,,0.3855249896967088,6.077120596420024,36,0.00034273814080141847,139.56466436920851,0.0478341335874765,0.0478341335874765,fd6e17275f8a1fa1fcaf6b75b0607b7ddd9e5b1c9c1a1341123603fd821a7228,8bd34932371841ccd4128615d181c4b835d41bfdb3c53e381d9b86ea2e6b53fc,7f34c5a2945c7625fd2aab4d555d21fda6d10b3e381cae0dd07acc849d1601c3,627fe3e0f3391e37c3c7f4d92205e5294a569ed7733f123597e3f318851766b7,0.3821274999936577
nll,0.1,nll_lr0.1,710086,ok,,0.6070182379519785,6.286948517110194,36,8.46670643712e-05,490.2673483232284,0.04150949713958031,0.04150949713958031,574d6e47ccd569f1cec21a771e18d66341292c9051fbbb057f237228cbf0079c,cd6bf76c2d5c71339da432381ac8633eb36f8c55320ac7be86a686071f3d4baf,7c01bd40a203da83619d60ef85954655d5e44a2f83d13878d1f7396bbe8a14e3,8a349ea60843bc6eae9021545f88ecd1a98588c578bda5d3ea656e1e8688b056,0.3814483750029467
nll,0.1,nll_lr0.1,710087,ok,,0.3670754285100837,5.958513061551632,36,7.16454048100862e-05,561.8654111242198,0.04025507482878024,0.04025507482878024,1420b068c0b301959c4dccbe7957de6d73e91ada296722be5ecf97a8254435db,b6325c1c1682167bf67343e86bedf6205560e1a138af9c87678ec628b3b04f74,1d25d652ed1de7a0197c6162239249f6ba0752a65e46abab045162df7b1d23e0,c9317ac662de6666a3459e39cbb12e1a7b951963e8eb3217ae4604fe75942f2a,0.3819580839990522
nll,0.1,nll_lr0.1,710088,ok,,0.21932759147987438,5.849853992606562,36,9.023251747317173e-05,408.7421023367833,0.03688182889112475,0.03688182889112475,8edace0273903173efb93f01019144696ba138d3c671e5838cd84362f8c7eeed,bbe45007cf8b2c7103013a41bdb0758f46d6e3d4f89cc81b4badabfb7b6fde43,ecc0c2acc319a0339d3f3cce47932ee8e8f15945987c7971cda0fb899ede6311,eb9334be930da7adf3d6bd419a1fe772f81f62b6e66370dd820e4c27e894c4c7,0.3792916669990518
nll,0.1,nll_lr0.1,710089,ok,,0.35809609511742657,6.108079929837687,36,0.0003237458210933692,180.6721523506918,0.05849185431148101,0.05849185431148101,e07405a21fbba0a30a26a4bd6217bb7da202d9e379d3cd31383a6518b347deeb,627eb75a6f85e7ba983beb131718e18a16b35eadf96edf4031ea550fac2a07e1,89d5770e1e37c98000803d38be34080424e6f98be1740837044d6d779527b590,4cd82f402a71c422b242b61686b620b37395b344a7a09b82df1585f85ca82253,0.3787957499953336
nll,0.1,nll_lr0.1,710090,ok,,0.378498488138023,6.055917445558973,36,0.0003042403528421049,164.41010985270734,0.05002018983239691,0.050020189832396915,8fdcdd0dd2a15429d12bc69a8880f7828b3bc3c5387433278f2469aacc1e501d,d92fb18fe0513be8768c1f082e9cc621a83d273be55f0eaea722781b2b695691,867eaa5c80c7c482cbef7785459017cbc6ee245f3fc6af71c89d832a430e1cc9,a25882ca0a376f3d15c9675d958c1a02fca852ce2aa4665289ecf8609bc4db05,0.3782715420020395
nll,0.1,nll_lr0.1,710091,ok,,0.4241777739383057,6.0607673692098505,36,8.344595899203999e-05,624.1160493774817,0.052079962262627344,0.052079962262627344,e951a525af7ba291372b7cac35c484ee8d202dde527b6ff39a863304c0717b76,b629d68128ff5c09e515280fd40fdd93161b26b5d045eee04d17b891da911795,da3bcea225ce514925498e95deea7acd83935ace1e58e82fc12a63fd97853b5b,c91396c280529315cc0586527632b3ebd81873612fb73577de9992cb48ce24c0,0.37829149999743095
nll,0.1,nll_lr0.1,710092,ok,,0.35462397586097805,5.908174407599852,36,0.00038240364133704593,167.89398422370363,0.0642032709257288,0.0642032709257288,85c1af327d1b610022b253fadfb9866fd620f13557d8bc121e0b82c22b99615e,e838865878582c7c3eb5c15a68b9d915d7d4bf43902cf40625bcd2e03f86e126,7fa116d3f52bfb8a88b71c1b26d77e915966b17741fa0715eacf97764d156fe1,225a30f2184d2e831af687187216f4cda5026b7c0257c5129470b63310ace6e4,0.3797734589970787
nll,0.1,nll_lr0.1,710093,ok,,0.37237892497652136,5.979158326644488,36,0.0003136005047275514,164.475313210518,0.05157954123804055,0.05157954123804055,bf49553c34dca2b4df9d9bd7feab06157c82006b8e0c1850df5d466065a186a2,52d8f57ae9c43a380977368a1a6574983e934de9b76a5433cc7c847f9c6d3cef,c078dfa322e417560485687ed4e117100dc21dedeece70710ae1668a95bdf92a,70ce759573955dd2405f2f89d63a0d6519caba8f7728bd3ad41794baa3763842,0.37970758300070884
nll,0.1,nll_lr0.1,710094,ok,,0.44073344108943713,5.971642464861343,36,0.00026904882582267,173.93968915595525,0.04679826913136997,0.04679826913136997,97076496aa08bbdd814b6464512c0954e7ad0aa8e6b50e3f94f11bb7eb9406a6,670f7a197b68cf4f193ea9eb684c1f949e68b60c7ec208cbdce2ed9b11fed436,64fe88f5c23c0e949dcdf275621038ad7a4e850808246d505bd026486f806b36,a97c81580ef49a6be1a6f6f01d810c5c09d15d543b110a6324c09ddffb5e2096,0.37695091599744046
nll,0.1,nll_lr0.1,710095,ok,,0.3065992213007883,5.975738536063051,36,0.00026316231305219723,173.20772771930402,0.045581746265127225,0.045581746265127225,aded037f6219fdee356dd2fd637f8acd46a64366495ece4104643e7bf1575803,9d84138c0c1f36c1a068a79f3cd59f5da4a46304168d7aff30a594eedee9af32,fbcaa28a7e638fd788cb288e89b999be45ad1f959a77461f625464b7b9534498,18c4f72aa81ad3821620a347d9a6ac87c005a13bdd5a7a3b85c4a4be9d1b1192,0.3831690000006347
nll,0.1,nll_lr0.1,710096,ok,,0.4358294155344129,6.124171857794612,36,0.00017399759789348777,260.41857609368833,0.04531220668714423,0.04531220668714423,f4419b1aae4cdf25db407da539a759d6ffda95fa7c27c6916572604d36a61ed1,61b3f1308c777b39676dc3c6b22bcc6f60181a0a93b895ff293939a4abbe2de4,4735609a41b45bc58f213e1c1a9ea9c12eba87eade8e1b628e4ff85fa802ef8c,a5431b4763130e49e57f4a54b6ea35eab10ed3805a0e76c803318879a904857a,0.3857493749965215
nll,0.1,nll_lr0.1,710097,ok,,0.3344000633496151,5.972024493415944,36,0.00025405954542584907,179.98915251995075,0.04572796227080251,0.0457279622708025,abe685dcc4b3a2dcf9f21becdf676828ffb43c5893218a46e38371caaecdce94,bb6d73a8168c788593fcf352c70c804f82306aed4735f7423a8e965902b83d66,eee9e512ba7284a0204d0533635fd416309bc3291f590dcd0f077a0315a6ad45,68a20769eb5df016dd63e483c6ed2798dde5feb8ed4ee9683772439fe906fef3,0.3833261250038049
nll,0.1,nll_lr0.1,710098,ok,,0.5928576325786359,6.190963597618617,36,0.00021988836571303953,218.83856918269075,0.048120055332561806,0.048120055332561806,d6ddff813cb107c11587461420e21ec0f95384558f599277c94a61ec80c8164c,913ca572a5f7cd646b8a1021c395e8b6314a1ad08cfd683dec6452df46625e73,30ddb9f8325854c1cbdbd599a87fda8d21b136e6f89ceddb48b6914c3fce76c2,f53019952b57b1304097557c81959595f37531facdd5aded0974ca8417cc533f,0.381089582995628
nll,0.1,nll_lr0.1,710099,ok,,0.3083809744383026,5.838717359971008,36,0.00011236840133962084,457.2602932020925,0.05138160814320543,0.05138160814320543,7f43288afdf23021bd0c43664f5daecb1875e6e358027e241a7552619604ce78,2c55bc542c893bc5f42ea42530c8ec47c188003c80acc8fe37c60b9da156d80d,57ccec2855f978f7b51aac02a68dd0fd68482398fdf10bd301fa852a3d098c03,74fe3b91bbfe35fc3ed088d20291c75b1c14a8ccb6dbfc69159cef14c52c1842,0.3784907919980469
nll,0.1,nll_lr0.1,710100,ok,,0.35447288993660164,6.0135975946977815,36,0.00021057766459943038,210.5977438900332,0.04434718107827215,0.04434718107827215,81e8fe46a6b0a6b123a3a8cbeb20dff6c9ecd01d23b9b474653c6f0e4492a2dd,dfad1368a86b2ce73f0784973e3f9f1ab0c0dd35fdf63803d5f1845dd3826a84,a6cf51c060a642c2c2bc7f9a5bacbc68dd15c74506d9f20f6335042a1dd8dbff,4d0e83348d26fec7516814010801ae928eb465ff368b82dd9eb9f9e4c08517f1,0.3747681669992744
nll,0.1,nll_lr0.1,710101,ok,,0.36026945802625343,5.916008910494827,36,0.0002766647370799731,198.70242770116494,0.05497395491709516,0.05497395491709516,4c84e6521085dfd3ee46b3bce2f9af6ac1b36a87a93f4fb4a6bebd8400611316,6d52c2cfae427124de21f67ec71c699573386f966b564f4b4d5810051c36cdf7,5162f9c8fe91f41478f7540059fdcedcc804f86edaf503129dd5e08a9c25f6fa,161ee5816eadcae5f1e88841e32ed970ed9fded78ce09ca5e6f396dd10dd6a5d,0.3774330000014743
nll,0.1,nll_lr0.1,710102,ok,,0.39113052501456835,6.079641480154143,36,8.956195203500108e-05,544.1676885028561,0.04873672041669021,0.04873672041669021,febffb199925e3020a1ef95206e53a60645afa89d8a5236ab4ae22a056b7ec21,aeca638c7dd73888d6858d7bfc3fe191fed081547b82c4223e4f5ee58df13bf2,80b83cbe1ca79190a0ec3569bfd1f8c8b230bf5a6f003ca3e3c413d90b77bac5,99c2d2fa370875864d3f48abfb7ae58d22124a29ed9ed9736d4b9c4775e36acd,0.37894287500239443
nll,0.1,nll_lr0.1,710103,ok,,0.36307028660065044,6.04506533013749,36,4.097266865639778e-05,1234.2619740416985,0.05057100689760195,0.05057100689760195,a2832b006f4a79f000a75aeb55e5a28c1a1f7bfd3e6be24ab39c9c9ca520e34b,a888a7baa2533c36d72011ddd835e6a2cf42fc2e58f8cfee5f6901c8f6c38ed6,14524eecb762ae98e0bf83d447d938177a4c99fff742bc80fb02e117ca2fd01c,9e97f4bcce4f270640b931a72cd61da9d2f257beede42567a3e017e630d630cb,0.3746880830003647
nll,0.1,nll_lr0.1,710104,ok,,0.33895786193430383,5.986566170256554,36,4.379813181574253e-05,1088.3479890361407,0.04766760868520319,0.04766760868520319,38cfcc92f9ba3cafc58ac46813e1e264df719826ca6bcd2420d1ca7b5cfae116,655169c78d76bae7ac4314a3a778d40937cdd998fce4007b9c5750d282e31f9c,af20cf77fc3d8f5c7183b1550d7a2491be46abce5be3e86d924a83a3876d0ffe,e9e9aec2118b2025e375158bc175ead5a94b00d5c567d534442ba18b467627f1,0.3755642079995596
nll,0.1,nll_lr0.1,710105,ok,,0.6431339185602721,6.2951207080065155,36,0.00016725514128726474,285.60700739256083,0.04776924037407563,0.04776924037407562,a4654643770fa053d24bb3f4ebc84e56a6408328676328fc510a2c312e9273f4,7bedb989e8379e7b65b1ddbcc7a549b2dfdab687fbeb88b79982b020a6b31b67,9a4924acb060a9f36d33c8b900cae9594afc182e69aabd0d9c3e1e23b0bb86a5,e392d31344c27882018f294d07d23b0a01bbe33618424e9f5eb21dbbed0d1358,0.3790015839986154
nll,0.1,nll_lr0.1,710106,ok,,0.3801217814070259,6.011046113266515,36,0.0002795622250483635,182.9413345245354,0.051143486532996114,0.051143486532996114,f4dd07468cb1b993611ff01b6977694710181001943f747f91a328a10612e4fe,99723440cd854abcdd7338daa6b2fd66cd976a8bb4fcc1cc055b81f91f77441c,ce71872e0a3cb9cc84383059e15917747d3c6bd0edf78f435d45dfef32905546,244be6b6d33dc5efa290de484d327c9e0a2a6c90c3075d5bd7ae15776435e98f,0.37582720900536515
nll,0.1,nll_lr0.1,710107,ok,,0.3909799511244527,5.956891657946767,36,0.0001805174103502553,257.11488162057753,0.046413712592659105,0.046413712592659105,38d3c0fc1168955f42be5228d53c4ebd589f7cc94c07d80164ef94a4823ff486,48d18d06e3a38754536f3a27981cac3a42069b309666a4ca0492cd3e324f2454,8cb585ad41b3ae0dc0ac8142470f45724e83a4cc16fd891195237d2a28e92323,74cae9055d67125ae7c8d12be1cc38c59c6163ba5627ce82b3751791216f9886,0.3760142499959329
nll,0.1,nll_lr0.1,710108,ok,,0.4440587276706107,5.991554189846712,36,0.0001074647951322028,395.4802788818569,0.04250020714886518,0.04250020714886518,79a5bcecfe37045b1969c27696b6075ba7d44e86998097bbbd89d7040c3ab8f1,207128964a1365c9162b1862cabe7e26dedbbe20815896ebdd9f4644d038f875,6560b91cb8a12ddb910da4c577c562d1e1dffd23e42bd94ee3d473acf8728a35,852dab4c6967f79cad49ae2272140e1098bef2da13f19438ad8ad20fbfe52315,0.3774427079988527
nll,0.1,nll_lr0.1,710109,ok,,0.4948234986815815,6.191004377607749,36,4.0914160556440635e-05,934.7321272495227,0.03824378033155027,0.03824378033155027,7da5635241b22e3bdf3f74bb615259bf67f1756abf8bf7a4029bf76c3461f995,d5c34b7368fc258b927927962742d79b97f73c350df1a2a0a17b5b5ab5cc7ad3,ffff2afb8dde3ffbcf8d6b9426b5964855f04e7f7c27db2be6e5aee3ab2e9ed5,031d12323735f534d1961be29a392b29e2746f4c0d6de59ce6b86bd5270397f6,0.37908550000429386
nll,0.1,nll_lr0.1,710110,ok,,0.3610269879784167,5.918091261351772,36,0.00032812045554236424,177.2390606194085,0.058155761310341024,0.058155761310341024,38161346dd2d945f0a6fb369a4804845c887f52d422492b58baae78c3ff68982,b65f0721da2cae6529b6594fa3fc8f602243a9fc06300332942e33d142261a93,458be35201b531aec42d25732344699dc70f98958496988efa03e70d7d0177bc,c73f46e33365b07dd05690ffb0728c6ec6a2bd8f575ebc250475bb37cc752e90,0.38496741699782433
nll,0.1,nll_lr0.1,710111,ok,,0.5031953873257318,6.073971519774895,36,7.431109404575571e-05,722.6616776227772,0.05370177988908979,0.05370177988908979,f5aa4f946eece55e6eead2c69d19531b312f125b0f99e3e6af31337af9cbeae2,54ffb99f6fe4087662a16268705bc3e5334dac7e0318ca18029d6dd3ca687946,041b1e1ed30bf2a57199171a84f7693bc4eefcf1ee4d4af736e74ee4df492626,5f0767f96aedd0f364b88a3c165b1e0239402ccb0b54cf862615a3c392e9778a,0.3831254169999738
nll,0.1,nll_lr0.1,710112,ok,,0.48241090917845975,6.096039445969457,36,7.660185987617612e-05,609.3732487812858,0.04667912421543426,0.04667912421543426,9d38acf1ebe5ce981e22bc298fb9f0f0ea20fc8f0e8071a0483d411ce3899d6b,8a15a55d5b92e61092f022d4ce065bf0cfb4dcd6e5b573f7876647c6dda8cf70,901937e1cf737dc15a0a08f9a7f12d7b09d0d176a549812345520422b2e4645d,6ad34056bf2190d780d6d4f37013310c87c0e2cf4ad51e80b7010d2792386566,0.3829879999975674
nll,0.1,nll_lr0.1,710113,ok,,0.582269410966927,6.231061319905569,36,0.0001287464648212706,369.085497142754,0.04751845297393074,0.047518452973930744,b67ccaac5ca87c147e21663a394d877eddb61f19f6ed447ed7fb1f4658902e26,f35bd2ef82b3479104008d906e25b4a89a32c00d41626b4b501d887bd1bbe821,a702a256ee7739d619b062f89c72eb89a3ced741fb3600dfaa0011b292ac76cb,972f236c4e550a55de6fd11fcd7d8b77ca6142b3b8b3483f3a6fcc6b0ff35cc0,0.38165679200028535
nll,0.1,nll_lr0.1,710114,ok,,0.33644333513878333,5.951231582029901,36,8.067637232394969e-05,616.9550279000143,0.049773693537994323,0.049773693537994323,182c426fdef815c61a400f37da37d5dcbe36bcf2f24fb8000ae54e82e5a40fd8,94e3aaaefe55d779fba93e1ba7180b2e8b2e0f57be46086f5cd8a3c5d1d772af,6eceabd8c6ab060705836d635bb6a1732f497d5bed94c293da74e4e7f928bf32,35d3a5f3cac96fb6c11f1ef9ee06d8da7e553336293f55251318398797bcea6a,0.3804546669998672
nll,0.1,nll_lr0.1,710115,ok,,0.39058374404371143,6.051769372593536,36,0.00020784366911557326,260.7995612473821,0.05420553771338756,0.05420553771338756,72cd90e04604e1dbd10bac0871bc8883b5c400aa925efbf4296bbaeaa6d9abb4,5d15a5acf0d815380aee11d2425f22c1d3ed22b914fdd2a1678df7615a2e1eb4,1e22fb1629e276ba67b92ac44b1c0bbf0617ddffb9df4de9b8b2bbff2e6c95b6,2ed595fbb26b020e6cd74dc03d198800ecf3837460c71b1a7e25ac68f2aea37c,0.38443345799896633
nll,0.1,nll_lr0.1,710116,ok,,0.45614294552312473,6.135951500834492,36,3.3795978569463286e-05,1443.0815069184996,0.0487703516818064,0.0487703516818064,04c445de5389a04befba7ad145e1cd1cb22bbbfe6f00b5978984b8ecca7a5e9f,613214d6b6627ed49eda5a03a0cdfc852ec86195e17adc2da2dc1d597321674b,0699e6afa75b878c53524bfea461b31a49c74eb857862b9db2cdb0405a364d4c,7cfabb8fd1f194e323cb85060b120745604deae4b01c8d5e14aa56776e3e1dc1,0.38668875000439584
nll,0.1,nll_lr0.1,710117,ok,,0.3932931205298158,6.032631124201956,36,0.00014465576169993673,359.5473497807986,0.052010595749734996,0.052010595749734996,14a43648171a52814ea3177d9d4563c983ef9f90769fae7ac4c74ae5cba9d377,b41d22d7ef19f7069b0e3dd021db191fa7e58ec924b3a091c65308e04de8278a,f76c9fd35cd8330e09640f97e8e55e1d9fff7e41eb0d738a305eaf2af0664089,592a65e2392eff4571b580121b87fa613f808c6a6776057cecb7d4f1f5036895,0.3875750830047764
nll,0.1,nll_lr0.1,710118,ok,,0.36443632354743566,5.970793198187615,36,0.0002074187179204969,238.38473596905766,0.0494454563065181,0.0494454563065181,4c1d5c172e13790d57b71cc3ea8bfcf1598b10720394ba3d63a8544f4251e2e4,299dd84473639620cdef5e818458469d51a5084c3377dbcceb638039b23db59b,59d64de76c55237cdf51b2e944a8c87fc255a294f9c58ddea376ee2a8fb549de,b55db464eb55e555c88a28c7fac2805f5dd2315127a45923ae5c3cc5e6ecf543,0.3844797080018907
nll,0.1,nll_lr0.1,710119,ok,,0.3828289356981255,6.134078309028922,36,0.00011004842752664831,506.2722894529427,0.05571446935461248,0.05571446935461248,ed8de7fbc53567625f58961a68f319867476a2a55c47b1e1f334008eb343f73a,f7a63cb201def74a013578086f1f3ffd3048ebb8d8e054855da63447e420f6b6,12e8461d1eadf4981e2e12ed9676d6e1b8106b76d710829b1af7bf2527982c6b,52d9509ec41f98d3096c6addbd3f63022a22f77214e71c19d9c0804f6d8c4e66,0.38459462500031805
nll,0.1,nll_lr0.1,710120,ok,,0.3266836687112993,6.009167288935305,36,3.2841363094288264e-05,1352.2490610493287,0.04440970240783138,0.04440970240783138,0de56e535fa28db377cbbcbb31e482c1571bffded9bc8638a26dfa3b1738208d,59f898a9f262f35fd06de94ad8c5fc0fe3c4e1b5d9820b79372e1d2da04b80b8,24172294a7d51cd6e19fc7f318a5b1c2688542a3c0977d07c372dc4c66840200,6c3111c1a8519b27c55cfe37125b428eff6f3a768d860214e7e022be8e89a7ba,0.3834423340013018
parity,0.1,parity_lr0.1,710001,ok,,0.3647018870866394,5.998969179603688,36,1.0,0.05488277672155825,0.05488277672155825,0.05488277672155825,fbfd6358740f1425a62931fa17fbb7843125eb4a8356af36562181a2cba07016,8d1a955cf019a03ffd1d306c96caf2e063ce640c4102ef16cffeb944f12eb6dd,4401cad43f46809956be46204f0aed84bd368e1136a999aa232bf82701484f65,98c02882953539777963a4234878a77cdf80375306e14b6dea9408b6cc1fae7f,0.4719475000019884
parity,0.1,parity_lr0.1,710002,ok,,0.392959858530629,6.106691254762401,36,1.0,0.05901041151786647,0.05901041151786647,0.05901041151786647,0d55f1fc399d3757c79882b4104a6477e5ab5f50ee13e4f11b987e9b7b740a93,5d3032ca5fed5082ef185f8a2df8a4546d59930a38f009a809b0f7a830841c3e,5c3c4dd0fe8e044dcd33ce05aa121a06edd793a666015e6ae95430e2f51d504b,97f118e3ff2db670c05c841eefe7fb00889c42ae5a6e37821062e07d0cceac15,0.47189758300373796
parity,0.1,parity_lr0.1,710003,ok,,0.3055689623850964,6.034227288053143,36,1.0,0.043212371503625675,0.043212371503625675,0.043212371503625675,18530ffeadcf945e7ced4039b99abec02f2360e3c47ebe1653b881cb4c3a372a,e1de481039be728126568044409d37c4e0386936c5f46903fdc09d2fed3e37da,e57242d74b728c5b4a89001bd730ec9fd2de85013645ef1ea998430f491951cf,fde045089428c46884f73fb71eab521f7fed445b69f421056376d6007cef2472,0.4745189999957802
parity,0.1,parity_lr0.1,710004,ok,,0.35395903738729084,6.0225976180791205,36,1.0,0.05655169666861763,0.05655169666861763,0.05655169666861763,16509180dff89f2a9605a1bad930e97037805b0b24f5975b0283006bbf85d6cf,53c5ca19db9730c30f83000b8f47a3f911612c145144b7d9a0ad74d03bf26808,01736eb4010d7a28487f6bf9699ecfddac3572c1abb51b9bdb9dc9617b0ddd31,2ecdc5ecfee9b6c0e9e55426a9bf0d54e63e006ca7c2e03d108ff1171d1de26a,0.46603983400564175
parity,0.1,parity_lr0.1,710005,ok,,0.3147599498444647,5.9234542909938135,36,1.0,0.05211071952186039,0.05211071952186039,0.05211071952186039,a11c9bc0f5bdc31222cb606b752401129e04183d020147508b6507999a2f8dc2,70ffe32b971293a274f65832f1fbf70bb2006ab75c88236e4203c1782576c1be,37998affa690a0d79dd202e9d9452d4eab8258a8a55fa6b0373b157cb976516e,7132ce008f238d71be1069ba0ed796b25dae799222426540f752d364a08c0a1e,0.4709991670024465
parity,0.1,parity_lr0.1,710006,ok,,0.27978431737688414,5.913522002759573,36,1.0,0.051967241387827205,0.051967241387827205,0.051967241387827205,0f8444576fbd35da0afa1904a49e38b292a0e40153e791bd3922a4d890ff7bc9,59cdb109440f43e2240c3a8bb098c5d3e160156a3e6f93a9e458013b5d0ed4a3,d4e794f40e9cd82035ead11ffe0bdf3fba67527780256706f6446f5426c16702,40d45c7fe1baff7db1d21a673e74f0e402105de488c30f2a8274e45a8725733d,0.4720637499995064
parity,0.1,parity_lr0.1,710007,ok,,0.39959844795129684,6.010386705970265,36,1.0,0.047187929479792584,0.047187929479792584,0.047187929479792584,9034dc2a399ac71b68b21912d04192ec853d38215ef7c8a7b4d4f17b83e16051,faa5a9c16b7654f81563bb1475fea119f21f425bffe016749349d3af4828bfe5,c765bceea87c77ab8999143229deddaeaa13bab35743dcd5e48dd8f37e369753,146b3190ee6826d96a47c1ad7bbea0f07cfa8567f31e2a4394a6b0738fb1a40d,0.46790691599744605
parity,0.1,parity_lr0.1,710008,ok,,0.4010979066853235,6.057320013921783,36,1.0,0.04457163509631654,0.04457163509631654,0.04457163509631654,f3bdcdf50cf0dc3b1bd234222d0bffdc882b7668004bde8f94e65ef9616f10ab,5c358aa603198da97a5d8c65a54d09fbf21a3b3f0c2d9bbb403e1c429e739963,c03fd18bbd925d5120d9219c98b81831a432ac25f7161a64188d42ec69961363,e7c5b63e567ad15445014013eb9a567e527a0abb8d040abb463a5ec7ec3dcb39,0.46936837500106776
parity,0.1,parity_lr0.1,710009,ok,,0.37092638288484414,5.921314406670681,36,1.0,0.05633235369840205,0.05633235369840205,0.05633235369840205,f685fc01a29f008f4092430c82efbe6d9569f4556e24dacae92a9ec39ea15f58,94502329ab2058e0e6a4b3699281c6f5cc11667a5de1553d6449396e5d87d6ba,2b75c7a45aedcfba96fdbfb506c9f1595e22314f58c9ecaa9a7e21087360a735,717ab5b0280140e9a339055a1a33e68c57403c6a2fa51af9e65a482dbd1538da,0.4673939589993097
parity,0.1,parity_lr0.1,710010,ok,,0.35754036917729626,5.99668379889134,36,1.0,0.04351958936128207,0.04351958936128207,0.04351958936128207,e0653f5c51094eef7c16e097d057fed8a02cca87c75d3d76133c8d59feb2c021,33f6d71a4d1fd3370dd4571d6134c16ebcc63350f1c9afae28b30ef5c954a4cb,5ab7fa3602a0696ee444e34242c86f3b3992f9fedf69ad83ab501fdbb1a01216,d098a55b70bb8d3843ff1ac82aa939089df452ddb01568c6996c825996f36ef1,0.46818266700574895
parity,0.1,parity_lr0.1,710011,ok,,0.32214809364023334,5.944607919207139,36,1.0,0.04150362166273694,0.04150362166273694,0.04150362166273694,ec5a9506c44e46a4719a09d62a757ce636c932938a449009d028072c2c71083a,e0e21e0cb7f32e7d4ced64c027b1b5cba9501b41e7c5ee4d0cfc3b0dc55bed91,2e5605afb80dd4222941294119b7b01f6588556e21af8e007a8b29391a0879a9,7f0c1c2f804ba788f3f981702336fcfea9af0ffc5dfc4c1ab2d01efd63f85d91,0.472532499996305
parity,0.1,parity_lr0.1,710012,ok,,0.4196456706207366,5.941544413247393,36,1.0,0.05663724523486344,0.05663724523486344,0.05663724523486344,f5373cedde247855a0e2e565ec8672d22b9a70fcdae4bdbb8272de00550cc765,615a50812e3ad39138573c8112f69154de0106d49afcbaedad8c5f2b0a08715f,e2e132ccc0468169928f60910b69c0815dadaeb7cf9f4b1da91cf9d6c2ad0966,5dc418709e8570a2a6b5b8c17083889859db2d5536beb5d2e70c215a16d1c67a,0.4715802920036367
parity,0.1,parity_lr0.1,710013,ok,,0.36440289198769427,6.006132159127209,36,1.0,0.04648836794453914,0.04648836794453914,0.04648836794453914,1b3373cfc93efa97c24eb73bec3ece18d5795eae5bba06ec0f6c6933b5e8b1f4,9123fc3ef9b65867380f57567eb9579ed11c48288c19f71d4c315635f580e6a2,898ab8ef564c253809a157aaf67bdab4ffa3fdcc244177d879d59fce4714de71,36e47809a3cb05ebdb245c1bb8a637c6496118b4479bed13b0d172db169e3905,0.47032516699982807
parity,0.1,parity_lr0.1,710014,ok,,0.34652230470369466,5.936565415453956,36,1.0,0.05156288897553582,0.05156288897553582,0.05156288897553582,7fc1eaa2d965bc050c83890ee4d2c8868b69fdfb3444ca576ec1090d47068b14,bc6cb8991ad2365cbef42cd6a104fbfd9ef33dcc4901fa42809e6b6f7dc8e8f8,a633e07500a63787dd38862f0598b04793056e805b3e2cf7369217b666d47c5e,67357ed4bb69d20ae1b0946dddbfb938c81a516a79446270d4dd75e98c2fa470,0.47063704199536005
parity,0.1,parity_lr0.1,710015,ok,,0.40817162038091925,6.0126444904653065,36,1.0,0.04375164393292736,0.04375164393292736,0.04375164393292736,f5680ad7d8de44e3ebc46002f90f6b24358c130054444b5b03c9d95a5b21fb3a,3b7a944a3ad6ea47a700007a8af32488c78784fcf41d4c2d6dcbf2cf21155343,555e02e7f6ba885761c7a284e62a217941489582506a2a9ca2ff06bc6da75dfe,9d2e72353f0b32078b5b7e4d6a88543f59cfcef491d184835f13e71eb900bed4,0.4704918749994249
parity,0.1,parity_lr0.1,710016,ok,,0.4113007822554515,6.123445598654249,36,1.0,0.05401757894543438,0.05401757894543438,0.05401757894543438,1b75d4d5622958226c033b9657c9be4b93dada816579841940bd590d218ed69e,5c7cb746f4b8446bcb585f8976654177cb43c389e8c853c7aa6ab1b910a3db0e,b372fed2ff95cca5a5cbae8a57632f23ffa883f73c2d17da1d87ac3cedf01bbe,42b7b34fd83156ddcebfb4cb06221c051c01a2953f68413016bf8d97ecdedeaf,0.4677163329979521
parity,0.1,parity_lr0.1,710017,ok,,0.31878312697780015,5.933845785691132,36,1.0,0.04857857617227759,0.04857857617227759,0.04857857617227759,0c8b0a81d34687a5f0537779f42255d8c54a93f7957f141a20b8ec6bc62d6c07,56d4aca86d43f8a6858016a581e93a0b6bcb16b8cb88f20f4fb5b4d54c9d5752,2dc95bc899219ac7b5460836db9506597d027f04bf5cbb57533f63290715db0d,3dab791fcbcc8e8e18ba37eb877f9ae08f4532911125d29a811cea5857cfa134,0.4693461249989923
parity,0.1,parity_lr0.1,710018,ok,,0.47473590078520256,6.168790578485639,36,1.0,0.04917223686457591,0.04917223686457591,0.04917223686457591,ff1b93dce170212eda572c8422fa5effb7af2cb86a6f32ad084d5da1e2595e19,1e35973d43104b6f95a71206149243f6d30a31b7b31ed581321af069ef4715d2,ce1adab9cee32e706953485d462a43b142ed2af5c8ca74db85041d6bfee2c48a,bb4fe47f5e65c1b6e58a0f1111d8976767f3411714a4f68f0da99d777eaf35d9,0.470434374998149
parity,0.1,parity_lr0.1,710019,ok,,0.45465042142973966,6.141470151517713,36,1.0,0.04690666143530266,0.04690666143530266,0.04690666143530266,9b74b9d6fcf6287b9728684fd0e7d4ed4bab4d4b8fdee8323248b9c7bac04a18,61804221c257bc1ab128c4a212dba5df708dfc9c75cbc7346ae5a88be4c4f270,5942ce5dfb96fc85b8d656ab464194fadc34e95084009ebdb9dc9ba26483c20e,93535c9e236c4d3111eb1ccd1779faff5a5651af3b349a5d66b972adf71c9aaa,0.46594187500159023
parity,0.1,parity_lr0.1,710020,ok,,0.30743456975602057,5.871065090343901,36,1.0,0.045009725022383186,0.045009725022383186,0.045009725022383186,f0bfc03ac68d340ef5d57fe8d4552a5ee7771aada02f745da04ec1bc90f92c12,0e33bdbb7b16bf34eb9b0b268dc5ef3b343fae137b7dd0566d60de5658986cca,4fadeff17e36faefc844832e0a745fd5b98c3592a6883ef4ef4820349a90ada9,5ef1b552756fbae063753fb3a588ab0208bb66028fcdb6904b3476379ba3013c,0.4686867499985965
parity,0.1,parity_lr0.1,710021,ok,,0.3127230067090334,6.019845629149412,36,1.0,0.048089554260831766,0.048089554260831766,0.048089554260831766,b99cbb41a9f547483b547f0c2f7bc7adabf05af18fddbda296794d7c89106e37,96facddbc8c81bbb31cb13f3c12350b2994b2c117b67ae9affd2952230b33a61,035cd99730a0fcdca550751435d77916fafb4dc169674e5c8966d7260d34e225,6dee94ad5fc67c11b64fb459c8f5b5063d12bf55c68b29251454c54c3ff26128,0.46911454200017033
parity,0.1,parity_lr0.1,710022,ok,,0.30043226288752556,5.8735609697765785,36,1.0,0.05105994051943179,0.05105994051943179,0.05105994051943179,27974b81e06041d65f79db0b76c975a85c0397dff46063cdc264afdf43a7011f,0e7e6e6e9c58bbdff06cf9a2d3ababbb07ae16179f1530dda1852b5e0fdb3af7,35ca1e42d7b72c480c9aef4aa7724e77b67b865748de4fe364bf01975d371e9d,eba28fdbd768c532b00aa34f3aa4fa3869f4c0fc8b0e10ddff4ac8849f732104,0.4693527499985066
parity,0.1,parity_lr0.1,710023,ok,,0.32857964837493525,5.982123462468461,36,1.0,0.047278020316916955,0.047278020316916955,0.047278020316916955,e60153ed5536bc9ea61a6ffca89fdd984165324648dd05e2afe29dd3216eaf0b,34d514fedfe9e06b547a5e2bf675a275bf2bb33e5ec2c15b21135be2ce2d822e,833cc76e4774de9f7fe6d0cdbfa65db9360d6fa5bce61f23642ece0cf74a6733,d3f413e1108e9668817d298ef7ad890903cd461043e2702b77a1a3809838f2be,0.46919687499757856
parity,0.1,parity_lr0.1,710024,ok,,0.3648679450518743,6.0405149803830085,36,1.0,0.05677853313416931,0.05677853313416931,0.05677853313416931,aa986c9124a25ef1052791d564d7c45f82160006df9beb8e1b338e337bad5a69,5d83b80b251f0aa173cedcdb2cf99e54fd65bad61e8d294acdcfbf3e5a2db3da,68e5f1cac5a8a435a29e8ff1012ae8229a1f8355018955713b989b18ea07fcb6,7fca0b3ece6d0e7530b41d1897d8e02773f2a56db9788e019b1831f85a9d4b66,0.47090033299900824
parity,0.1,parity_lr0.1,710025,ok,,0.3914326568422368,6.054428222446451,36,1.0,0.043436722205242986,0.043436722205242986,0.043436722205242986,b978854b64f45e4eb84c23bc4683a858678a598a511a2bd0d6a1241fd4f848d2,fe7dc78467eb1f6f437381ee3d894847375150b23e1573da11fb8ffff08708b4,bfd20f9a4aece4f70ace1612b7c0f341832f5234e5db97f8783715c0e1ec0c97,be68823ac95b61ec65f2c15d0a474d50fb64c26ef6040af79c8ea6885a88e29e,0.4696390419994714
parity,0.1,parity_lr0.1,710026,ok,,0.34500531275517066,5.986218435839816,36,1.0,0.045504416770130826,0.045504416770130826,0.045504416770130826,ee962a620ecc708457762063e44199c1982c335302888915a8b9b8d023796522,461de82e992e45cc51cb3c21920da6d4ef3df4e66f49fe9ff50a74c08a9986d2,2905810631ab5210b24b333e5e1c9375bf847246a02a5e81756e86ac681720ab,8a22235f0fadaeb66705c4988a29729c01242e692c2ab08671afb11de3898e0a,0.4711189169975114
parity,0.1,parity_lr0.1,710027,ok,,0.33273194781841964,5.880201023765422,36,1.0,0.0510830578130587,0.0510830578130587,0.0510830578130587,b842897a3c653a13575711eb49efc2ef7af78c63fe113d0412e7cb80c97de4b2,9f17adf7fe58598a8c1541917ccd7791afe50d8a9f605e0501a21f6adbf1a572,c34a470a9ee095f0ec72477280a699e270925e21885b4390e54e88eaaed25c43,98e7fcf277994627ddaae22e77646aa694e09be296e06d68ed42ba1bea3c024b,0.4699348329959321
parity,0.1,parity_lr0.1,710028,ok,,0.3173004080019757,5.94050448924235,36,1.0,0.050360471851755725,0.050360471851755725,0.050360471851755725,a1ca397df424d393bdcaf98430bb8c9d421f579d0081bc85b76680aad82a8592,a5ae2758ae9a9df9ecbfca9d77d74fd35a979291af5af15301254b06c0077051,bc66d0e32b9360e0eeb8c880b58a58f20b46e75dc49f9f009ad8ef0226841d93,4333d6c4ccadaae66462379fe238caa2b036b7c3b7d7f2921dfe9b5985aa9fb2,0.46908875000372063
parity,0.1,parity_lr0.1,710029,ok,,0.3190944724542924,5.941201698301645,36,1.0,0.05182114080101686,0.05182114080101686,0.05182114080101686,8f8dea43cb94417eb98ee48283826016f51fc6cb07028f9fb79479be3015e50f,a3627aa98dc1d541a8b71caff5665b0a70360d481ae950039922144858ee8dac,4dc246695570624a64af69e6ddb86897d9d1db2acfcf8ac85d5cd106181b7cb9,ea22fe5a170fbd457cbd153ce68e43ed7613e7a54b3776c91c59072dc7bb80e3,0.4701537090004422
parity,0.1,parity_lr0.1,710030,ok,,0.340519827854345,5.8762298564729045,36,1.0,0.04624762995475731,0.04624762995475731,0.04624762995475731,1bd1f35b28145949ee60e88f82b60bd1a731641dd5249f026c5740a7a8756ac4,5e456de9d48da8a99ecf0a73fddc8d385ed07859505b283404d7895f679faf37,7a007ca89417f728a9c17a4e3bd78aace332de0a4b84ad60d02e2edaa29830df,f4d21e6f95807c8e41043afe838bf652c4e924e60055104acf581b78ed199dab,0.4710345000057714
parity,0.1,parity_lr0.1,710031,ok,,0.4905450610084924,6.043290141773916,36,1.0,0.050910477476446406,0.050910477476446406,0.050910477476446406,4318c97da4798a4160602c032b945744c5e804ddd36bb838b076770d7f063eae,f996ee538ede4692a6eb3067fb423dfabe033587afc4e0b1cdc40f4fd433f37a,ad3cdb678d057d55377c567f0b97468f172853b9b3f6f188388d92891154d48a,67c7d975538c0e54a1f7c40b89f707944c6a4bd12ca5c783958a7a5b6a4b76e9,0.46794737500022165
parity,0.1,parity_lr0.1,710032,ok,,0.3613009340667197,5.973622027900732,36,1.0,0.03749011452668657,0.03749011452668657,0.03749011452668657,674f9f6398a5e9711a5a032249747738e182155c82545eb331cdafe26b17225a,94c04a803f67d6dded70c9a4400709b8f10d18d130d73ad80576b0f8e4e36109,809e437d354c943436289e463b345af0c4168d0985eef969b192fb2b120bad79,a2691a8eb481239e1b7d5ca2e239e994770a59f5ba98488b68935a094f45b2c4,0.4684944580003503
parity,0.1,parity_lr0.1,710033,ok,,0.47455193828508124,6.028907803243969,36,1.0,0.054426934344884104,0.054426934344884104,0.054426934344884104,a0635316e267c985f4e218565a4e1abf03a2693aabe64c0bda32b254cad24f9f,6a655d2f042a1745dd65fb88e2116960de9cb56f2fea762db72fc011b5d7181d,6391eedd0fe7feadb374663b3705607bdbfd6bf5b1b554e72b9dba9fd980dab3,24182a964b7f78b665f52dd25c015d281ee7aa981641b512ee7b9cfd99cdad11,0.46839620800164994
parity,0.1,parity_lr0.1,710034,ok,,0.2500806561308977,5.836709638338494,36,1.0,0.045546184427747924,0.045546184427747924,0.045546184427747924,3535de6482494f61aa12046462970398b58176bf114f0a7fad399bb0fc612812,a534917bcb5f733200bb7c704894f5fd3db16769632d1cfd2ac49b4e6fb43dbe,5d2c6799f57c7a45238257bd180c3983a3ca380f56c7124012228905d8a0fb74,6a08bb83dc5ed75b84ce36bba5dc1499ca31c6e4150670f80e444bb5773948d2,0.4684350829993491
parity,0.1,parity_lr0.1,710035,ok,,0.38027363702352196,5.8863879221128945,36,1.0,0.04774905282886995,0.04774905282886995,0.04774905282886995,5ce4d02d3559d89bec1ba7739ceae75fd73981cca38aacdd639c199c1b2f200f,8dcaa973bb2552e8ccb3a42905e32a2c6d4b8b235530c418804144e6c405669e,bf22a396658a8b360fbd708815f7984e13a44ded6844b33fe2fa0e3d9c081cab,ddf78e803aebcb519969f551d3173b00d8e19fbeb3a689022f243c013c2e8ad2,0.4695237090054434
parity,0.1,parity_lr0.1,710036,ok,,0.29947194478022765,5.809823613045838,36,1.0,0.04534922031356163,0.04534922031356163,0.04534922031356163,de3c26e0c86932969d4f781435d6ae944cb92c8b37fa644104567f0e786b12a1,7d5fb2591cb4477610c223dfbae2ba7f5bc123493ad26e36fd4ca5a16943fa5b,55e23f6c62fd26081ed99e278194a6e31c2d62ca9e39359c98374ea508b99c7e,00a0735515e56bb53569ac69d2be2cd040982101e9debdc2bfc2a2778436b82d,0.4672374170040712
parity,0.1,parity_lr0.1,710037,ok,,0.3549262368789332,5.890174374213957,36,1.0,0.03809680764844782,0.03809680764844782,0.03809680764844782,d1af9b1b6ff073dc3249824ca4ab4ff539e6d5903df5928fddf91c6cf00a1ccf,b2a8e36481ba4b4fe5419c091f01858e3b12ea1fc1c205689b9fcb5bac6b81ec,63e3cfb1bec1f9f153c115972e7771cb07826ace4e874defe54f5490d3ceb440,0907acd8768ece4e0ec7d0ca395b0dfb9dce9f12c78fbc93f1c481d709ce60b7,0.46492112499981886
parity,0.1,parity_lr0.1,710038,ok,,0.3841158799305677,5.934128367235445,36,1.0,0.04401717618159248,0.04401717618159248,0.04401717618159248,378c571f14ccccc00a52ec41ec9224ca8e081c0cde7d9126e249dcb7b8a3cbfa,5ddc6557473e8c47a03734b47ea0c37491f5dbe10fe1348c639dcb3b6ee4108a,ad163a000f271fd4becd0fb184383153d2c3fe8f2743c90b69e775703cec85c6,d7ecf63db5aaecbdb3997c3692c91e55529b9d0b2fd973b582f72600ef244e7e,0.4695214169987594
parity,0.1,parity_lr0.1,710039,ok,,0.35954525796418957,6.0252298355453595,36,1.0,0.04928880700837312,0.04928880700837312,0.04928880700837312,4e8dd5a7227ff6d88590780c9b567a92ebdf7d37ec5902e8c838bd8eed5848e2,f65da492db31baa62b6dac9f117d07ab2aacd1bf1231c248be9c4df2d0f1c1b1,bc57c381d6d5218c2e369e73c9334e413135cba91b86a497c6920733bf6043ae,995ddd5d5a1366faa9e37126dc2d41a9658da3878f55210e53fcaaad40deda60,0.46808429199882085
parity,0.1,parity_lr0.1,710040,ok,,0.4350049372010313,5.987103540298678,36,1.0,0.050139148729471755,0.050139148729471755,0.050139148729471755,38df1054383f2a433e5e9fbbc2e02d64365d13168c14fbd7a88add06781b480d,8ca86552981bbfa880f13bff4b5a31c43e254e7eda2c80c35fc6f3cc094eff8e,8578d97aaa53421b1c89dba1850350d1df0d8340d26947ac98b8f4493af7db0a,29da00365ed90be2cfeeb1547b05683af3d3ab45b2ec59114b78cb8ac5d44ec5,0.4677853329994832
parity,0.1,parity_lr0.1,710041,ok,,0.35048341030797736,5.970155182207623,36,1.0,0.05253213186059193,0.05253213186059193,0.05253213186059193,1926eeafc5676a2fba39a6fec6a304988f4cde01c7e6468893cd6f6152acf6d1,76f60d1ee80faf1147b79c4e78951962e61e6d0cdbf7909cac4abfb303e8d307,7b8aa0dccc2df547eabd0ebdb5393424968575521f486660447360784c9f314c,b1b99e5714e55bf32c9365b0fb0ebf3b48d65f3d345c09580a9cdc2d2cb2bb31,0.468306417002168
parity,0.1,parity_lr0.1,710042,ok,,0.41728223378945434,6.104407017368016,36,1.0,0.052673446748504105,0.052673446748504105,0.052673446748504105,644fa479f0486c5c3b2931dfaff092b504cc70b99e3c534abc9b0938c0233729,822a651524878f4efbb8826f670394e893a1be80dc975167058722a3cf734ebe,d9cfe07dedc3f9d4afd955ade3596b80dbeb8cd29f72c01b19286fe6a89be13f,bf7ab36b411531309d23ad74664e6747a166d002cf3a38ad80433ae07529163f,0.4702542910017655
parity,0.1,parity_lr0.1,710043,ok,,0.36714471318050623,6.000044618030653,36,1.0,0.05129429254194393,0.05129429254194393,0.05129429254194393,afbda4cb476b38b0d231773902a2d607336ac1bf3ca232be8fecec4033ec8468,ddfb9b0fff460bb45c9a06f9251c8dbdf58c3a7419a90826afa1aef9cea2ded7,4f340558259cf6c48d33760a507973501cbcd4a5dc6103a634f79bf7306f83a1,af84830c362c3739df62755b7fd3ad40b668d89b50a54866ea5368dcff85d012,0.46773224999924423
parity,0.1,parity_lr0.1,710044,ok,,0.2778211788278597,5.883840870500078,36,1.0,0.04013125565721007,0.04013125565721007,0.04013125565721007,fd21c7fc2139ed0b94a54069c906f287e2e5776d3193567171c48b2ddfbf9a52,e57acd2430b4e52713f3063ab67e72b58c7dafc737bb5f3e4aea3c3fbc897f55,23235c71e11018d0ebd17338e26f110c40fadb3a9de4e4acf0ab254d913ecbeb,4dc6748f6070f04f7db166869df60b3baddf7afa3caa7d0d6e43e32fe6c4a22f,0.46831737499451265
parity,0.1,parity_lr0.1,710045,ok,,0.5045660770696804,6.138480271801302,36,1.0,0.05345993083485759,0.05345993083485759,0.05345993083485759,bf679db86b5a2003607854c523336e3608db3d643e6d05f010f498ec489c4563,812ff23e7735b1d51b23019cf45f56c6ce6b6f5c2c01b0b3d96f810acc62dc87,2294a711125ac19565d026b6a05b2eac3c3e35d6c48e3cbf859f62f0f78a5b72,23b55e65510fb687c301654c152557e680d5933b131b1481dc6924c6dbc4e1bb,0.46989454200229375
parity,0.1,parity_lr0.1,710046,ok,,0.3051494990768052,5.932335415865382,36,1.0,0.03968702697411094,0.03968702697411094,0.03968702697411094,7c603c28f47ef88d169d2e2319e9d2b1f26844aa8d4b2b09eed09f46ef77d84d,a3a55bdca039a29f81202e3642bdb65c7afd2625f995e44f5243bcbb4fe4de8c,a30eff3fb53371b2e404e803d2f3940b9134bedf1c67152c559c75af130f7bb7,76adab541da5ed8999c0b260793fc4631cb56971e9c8495b04abe66c811e1e5c,0.46666120900044916
parity,0.1,parity_lr0.1,710047,ok,,0.4713289648330942,6.179316269473915,36,1.0,0.0493848404368415,0.0493848404368415,0.0493848404368415,bc7f46b24002d0e82d0ef9c56f4f4174d2147783912670efdd1bae448c62df41,d6482ca054e3893f5074f6ecc40edca0c65c10005e6fb3abfc9200683ddc6904,1fd1f15f7cc4ba3ce44ad8c424bd36ecff9671a1972f86ebcfb4d9db2372c5d3,c767eee3e971ce923ed53200ca88637cfbda575f3d5ca79c75df943edfc13409,0.46985620799387107
parity,0.1,parity_lr0.1,710048,ok,,0.3359939820288921,6.009828990536296,36,1.0,0.04684818930348126,0.04684818930348126,0.04684818930348126,94e46449ced37f97492d284309dc0abf196e8b4657ddfa80d663bc009feed24c,86806af571fb8dbeb78a52e23eb895658e1134b5fcc3b3db750b356116af4c24,111617380cbeacbff05ba6b13feaa7334224ec9321fdb66bfe748deda5e85874,cdf3635640c3afdbe2e17a7b75d15097e42eadb22fccad97ab1e22847aef53e6,0.46951208300015423
parity,0.1,parity_lr0.1,710049,ok,,0.30589850442094924,5.997041558102538,36,1.0,0.05473848550047397,0.05473848550047397,0.05473848550047397,8c029f92208a40502b8a5afa8da5793eed67e83f968d5ac9b2acb6f68a330d8e,7d5d90aa0a5ba7ebf14870a1c5519dd3ac99b6745d3cc054034eeb515dccbe18,d83a64c16fd6a632329e2ba85157c3de1faf93c99578381cff3dfa5d177ca020,8f0c111a0eb4dee36e672fb067ac469177bebc6eb1848ad679a3c57424f4346a,0.46911399999953574
parity,0.1,parity_lr0.1,710050,ok,,0.5052707922112285,6.028341252242086,36,1.0,0.052425251706620414,0.052425251706620414,0.052425251706620414,938d851bac2be55759ca7392620dea2cf1c176e84622300b7f90927f74bb4f3e,a975573198eb5dd33584d5943630286b0cd7898aefa127ed49c0e2730dcb6318,0598487890e864e19df343ab3c5867fc1db502bf7f20b0de8d0b97e1d92d9644,79cc89f8ddd67566302e4ded9b7236fbd631d48ff971ee90d573a50a58463f70,0.4813059579973924
parity,0.1,parity_lr0.1,710051,ok,,0.41427429867989873,6.032149058683003,36,1.0,0.03974203771536724,0.03974203771536724,0.03974203771536724,3d358ffb28fd5f157b0ec5ded619a41d7bdf1bf8384d8b2d1426fe6076d3561f,4a97b54e516384c078e35449cf3a1bf0bcb376f0bbf99bd11f34cd73b89c811c,6717186d7542c4cbfc0a5b489e71b68799f719d8f47da17b8b4809e0f53cda56,837a538d16f2652f0a4cdfcda3bd719acc0f1ed6aa17faad007829f9fc31cc93,0.5024526249981136
parity,0.1,parity_lr0.1,710052,ok,,0.30897722830283425,5.958371865445497,36,1.0,0.04648147368890529,0.04648147368890529,0.04648147368890529,a6ecd70c26b61ec5313e6c46561d9c35826037ccb66e01225b05cae2433675e9,81b54344abdd3a1751a345a20f262ee0525c4fbee6e37f91a20cb69b8e7e0169,71509b5f572d4d3a3c5393b995a2c798edbb043a95b2831d07e49009cfb5bf68,fcceed500348b84208cde679d8a492a6977dbf1e25f22ec30c76a5455ac8d24e,0.5244867910005269
parity,0.1,parity_lr0.1,710053,ok,,0.3738716343956964,5.994729090813164,36,1.0,0.051817676967795406,0.051817676967795406,0.051817676967795406,f55452c1ef9a1938e87b4d106597de3bf535ebe9619c7083f9c3195b4e677323,4a0a667f2694a05548301f90639f0208ed32a2db8dd5217cb4c92e9e50961a99,6484180d2e067c8d440f0cf6a881362aab339bc5a40622e6610348676f193343,9dded71300c763b27f50f01f2e86e94f08101243abe32ee7360262e8840e5199,0.5032261660016957
parity,0.1,parity_lr0.1,710054,ok,,0.3899982431090589,6.025636984067177,36,1.0,0.03553478714199853,0.03553478714199853,0.03553478714199853,87835c9cbd7737dc1459b2652ab697fb94da9aefd96cd147d1e6ffaea48ed34a,6b24e51565e67b216fb51004a0c385e75eb53552451da22cc6067b4af1fe7e34,870bf339294255e0d9015c284c5d546ef7cb60cb63af89b7da4f0117cd56acd1,ff5bcc88a1eb24339dc1dd9d0bbef21ad1a83a36640657a7c9d7dceb79706edb,0.48736941700190073
parity,0.1,parity_lr0.1,710055,ok,,0.33429388442386615,5.927168462887219,36,1.0,0.048437154449392325,0.048437154449392325,0.048437154449392325,1c98689651ccc3e0e303cb66df93aa82fe0d3ac6c58f7177b1260efd1b53a44b,998dafb67137bd34e53e79cdb6c351686d22bb5ae595c803e609b9ea5c5b7dc4,2811ad4ff155e287d7f9487d1a3c2bc4b92a46738b6622bb9cdf744296b771ec,3f3e0863f49becc58011b14cf1e23fd79f61f363e602c9e09ee4028107586e0c,0.47117870899819536
parity,0.1,parity_lr0.1,710056,ok,,0.37519163975412856,6.035259906335202,36,1.0,0.04966568843843481,0.04966568843843481,0.04966568843843481,681c4773cf9a1708e417cd39b861bd1b16abbd7a852d74dc51095f2fb515cc1f,f9e8c087a604838fe81f65eb7eb909258ee44d53dd0c43a7525a7f6195e9d485,069205386a5252dcd6b0f01806043f1178cc4c8ebfb5e2380e0618117725069c,831382bbdc66672c6634b776d144dd5fd93c29b4ecba134e59d2390e452825f5,0.4710348750013509
parity,0.1,parity_lr0.1,710057,ok,,0.36746983270061173,5.938962307459454,36,1.0,0.051717292330683166,0.051717292330683166,0.051717292330683166,2bc80cbd37eda3d9ceb27b9ce225092e4192a58362eb725e52e78463e00407d4,cfbf6c3c9e6d05851c8966b7aa28b32b3d5d8ad30c3211a1ef69a8d3c45a6d2a,9c6f8af8be3f41db8eb78049ddbf71e26f7e348ed2278ec30ec9830b1d3225e3,295a0225764be63f10b3ad7462544166d3019f5ddf6118ced39b58666a64dee2,0.4703412080052658
parity,0.1,parity_lr0.1,710058,ok,,0.3631046971726296,5.9469494338853055,36,1.0,0.051786193588813006,0.051786193588813006,0.051786193588813006,cdf6bcb7f9784354f9ca8f4a26f31066a093ed2c0177783ac8de995dd4aac39b,3a4cae55b0dea6c8e1fe4747e3eaacdaad40cc44aa68304158eec70efd041a88,79a8d382e9cc4ddfd9be7073aaf7b26df7c5d67abd58b384d1377ab1704b3483,8d9a7893d5320a5de41622b34d85f9914712d3307832f6ea0a18a9ceb4e7d579,0.46770850000029895
parity,0.1,parity_lr0.1,710059,ok,,0.4161221832076027,6.086253360940814,36,1.0,0.0429632383026542,0.0429632383026542,0.0429632383026542,1e5469e8bc28ba9c8a009af65e2f07abed1f783054ba07f0a1aa3b330ca62058,ed868096cb905f86297477aa8ae369d4b229151ce23434b014b717cce4e0209c,14803498b82af5461d61db471e50df5cd9748ced8a625d1706e0fd475d51ffca,14703e6c63856717af24ece91df8654b175779f7a62ff95a944dca7335885df7,0.4710828749957727
parity,0.1,parity_lr0.1,710060,ok,,0.31081791347332843,5.954068668283022,36,1.0,0.04629001997708763,0.04629001997708763,0.04629001997708763,a244c6f03c72cfaad45b2a44b7414228832b41567828028b181b04536decb69d,53fad8693425193118422c69ca48fe76ada0a6a5e4c3a443bb50be4bd0997f07,cf78216d77506394fdb667f9c9bb3ab92f6054fdb523a43c6c47c7887c5d892a,e0b6414ed153c4bc8ab6220531f1e113347d9674843b941528e55abab87d4cad,0.47007416699489113
parity,0.1,parity_lr0.1,710061,ok,,0.38420082503990566,6.07654804765511,36,1.0,0.05452789952836308,0.05452789952836308,0.05452789952836308,df26c39ec02b99544084a9221cd764d575498460b2e5c90925f86c4983f32299,aeb641289b69759683a6a85f1305a67846f24640d3fb521d05d575b6eec5dc53,a54269e27508aaca436167c2d9d9affac4e4a098e769b5e0f021e8802df02657,5b1f21b40882ed5ab8ab75592ff3190b3e894c83a9221296a3e1ef7c6dbf15a8,0.4688625410053646
parity,0.1,parity_lr0.1,710062,ok,,0.4311814934887361,6.01105822320368,36,1.0,0.051238864958109635,0.051238864958109635,0.051238864958109635,43949392d6089b6426e0dd83cd855d77be771636ee3615c30704e50c0366393c,d41688dc118aad39615b2e728c2363a27329b1390f74df32d2fd944160cdb7cb,bb194b039ffc5b0cc54b983c27930a20748f60aa12aac601f694338afa68a2fd,68e836efc7ba6646435d4999be2f2fab072a82ec7fe9b3c9788284b2bb12dbdf,0.47076116699463455
parity,0.1,parity_lr0.1,710063,ok,,0.40168616937699314,6.0002400667100595,36,1.0,0.043331686249010966,0.043331686249010966,0.043331686249010966,bc194be99cdc0ba1bfbd6f7fb68d213b51d30468cd33521a6db8aecea34f53ed,03318e166acdefb67948107fc0dd6f6c7c5b92240ea3fe5a69620bac1f044c86,01877a48ff28b704e0c99819dba4a4304d80bc87ee8a2b6b8d1ef9281a396c06,f422aeed19a37a13d1f0a45057961d12ea9808b014b365f4f92c13006ebd2038,0.471968541998649
parity,0.1,parity_lr0.1,710064,ok,,0.3137514944563052,5.9404437622552715,36,1.0,0.04630848508386256,0.04630848508386256,0.04630848508386256,d533b196ba1c855b2047cdba462e085e24c031a192bcb24a87783a4f7e3ff78e,63dab2d377afb930668cd49dac93f60bfe1a2b1ea7684fc309aada1142821735,0dd5e7ac232e6037ff16e8566a1208410751f661a8f1ee982d66842c8bd67c9c,41b181136a559bb196f02f0df036211b189ba31087459e30d844def15744bbf4,0.46538695800700225
parity,0.1,parity_lr0.1,710065,ok,,0.41756714916143134,5.990050294242056,36,1.0,0.04877579476846177,0.04877579476846177,0.04877579476846177,a014d4ffe4b137efeada0a42d32920ff41d8f0526e3fdae0ce901ab10e59c521,b52ec9d9f6a738791b39295e6186ccc2359cffcc85d0c38273500fdcb9c4b285,33ac423599268c9945bb1fdb1f77657c086ee21bd22caf09c9e7a9209c80b55f,cf4c97283896b9848633881242b08eb87bdc58fc7f9ad5b465c931d69035c3d9,0.4691904159990372
parity,0.1,parity_lr0.1,710066,ok,,0.4706826106378003,6.09920321585529,36,1.0,0.041106017286806386,0.041106017286806386,0.041106017286806386,161bbb45a9072cde44eb2c5bcaf375b589919e9563088188b033f7730d06fde3,ddec2590744e7004289ff399b69b1acb0796c1465447153e75de68cb65ff03f9,9081df26cbe986989861b0795f49fc260970ac230afa636e963ef076e3ceb948,a95e4b265daf7d26083b864623107f4a00e22238f9cb9cb5271cb189741e9d14,0.4685242920022574
parity,0.1,parity_lr0.1,710067,ok,,0.3700544972297896,6.033869711531889,36,1.0,0.04509350317357999,0.04509350317357999,0.04509350317357999,7f508a2eb188b0530779e89124f7623715930312d84b9cabbf32eac45dc747f7,8d8d5e5c61c62ab06d26325815bdbc7393d7fa1a212afa13209de6cdbbe3862a,8e274f333de2f4b4b2b5f9f52a17a43c7594e40e3cd6c9cd48c59e09215c809b,cf17a7b1c2621da4ab9f11a6440ab8492969515a41db26a440fc9754d65266c8,0.46757458300271537
parity,0.1,parity_lr0.1,710068,ok,,0.3710122337996906,6.020975022927454,36,1.0,0.040653627641667814,0.040653627641667814,0.040653627641667814,8ea2168a7f486fbfa6ab635db11e4f74a349413ad588cf5ab3c236169dcb9832,74dd74ef8b0b3a3123eafd84f5d27bf3551c935470ec738cd00b0d775ec6b524,852350f27dcde2217228237edebdb6db4db478c93ff0a251e57b09b531c662e0,00538e8f85dfa3acc697afb435b9724424a9107f54123f26de85bbc842299c6f,0.46990995799569646
parity,0.1,parity_lr0.1,710069,ok,,0.3271516041095111,6.093323401300786,36,1.0,0.04458325815312275,0.04458325815312275,0.04458325815312275,389d200b42977c1709404be963cec48eff2c28532765ee7e4564b0cd8cd536f3,07f43ea38d007fd9d00aa55677ac68f91a1ac698c1aa0de566883a0b0e1d393f,996e8a189170089c66a4565044f738b2383dd7fa60240659faab75501c4e138f,c6bcfaa128e6552e27f08bf6ff1bc0563bdbea4c4f7dbb64c91f9dbf0f94dae3,0.46957129200018244
parity,0.1,parity_lr0.1,710070,ok,,0.3280265744526741,5.912355255304057,36,1.0,0.0425367538982133,0.0425367538982133,0.0425367538982133,686471e5471e019a9f930c22a0d8c2371f50ae01eda93b91bc33a1e08264534c,96aa986121e53e392ff93bb81d0b72e4da9c4570b9fbadb558bb3b57bbe52df9,2db96942e894b883184db6457ae00afae4e7a9de252e3bafdfdb6b4b2b897e56,1f510c5c1fbbd87cc65f5cf4afbe9733a0bdc347a3aa1260ee1930f319c10595,0.4669362920030835
parity,0.1,parity_lr0.1,710071,ok,,0.3496395428575313,5.971560885873799,36,1.0,0.04424922661661501,0.04424922661661501,0.04424922661661501,99f40e0796bbb4c7059ead58721a547e9cd3666a60900992cdafbf62c523b452,6e25b96b1ed9d72bbad18aab2eb4592a9541ea9a6e9f6ba8462d5dd3fd7ff168,fb76ce7fae56350757000bd8dc3b30aeaed39160defafcb4b793b6bffa2521c3,834abc84653b38191a726bd468bf60b9a25e29a1f86410bea57cde03e4ea4bae,0.47093737500108546
parity,0.1,parity_lr0.1,710072,ok,,0.4166515864028927,5.954832488099701,36,1.0,0.050999517204641846,0.050999517204641846,0.050999517204641846,626f08f98e740637cf3b7fe09e22b054a7c81d36f61ee6f178942c25f453f552,5e85dc21d2cd37712b1f35f453cb95d164450f4e733e958ed471040654503207,92ebaee588efa21821803441e5f19b430078cd8164b73299b2a156996ee28c46,dc9401278a0b0d5ae204b91d74502ad3d70878abfb7d50b3a407e0fa7d250840,0.468941208004253
parity,0.1,parity_lr0.1,710073,ok,,0.3662753969197072,5.951762768584061,36,1.0,0.04573629443583748,0.04573629443583748,0.04573629443583748,aefbe69a0a992cc25253a1f8cec1184fc2429aeb74ce7d7817249412e6843e7c,f18f406068795dcc629446cfa178d697113142e82a56650609d729d392811efc,c307686e4013bb69688c0e22bb1c2894f26e67fc5505936443b40a649d855889,00bd7d0c7306014df7fd65971d5a0913c737d4990083ff5d054122097f96abda,0.4692924580012914
parity,0.1,parity_lr0.1,710074,ok,,0.31433406134475766,5.915861087812123,36,1.0,0.0465060343154824,0.0465060343154824,0.0465060343154824,9afad07f55863d8542c6aadd0e1352f0e96af25072ec39c0c6f2928105565996,618deb74535faf773a72802369168f17de33aaf72216925a74d1bd1cf6b177b5,ecfbcdaf6928c3c7edb48b3a2c2903fa4461a13e1961ec2519d7b607885d0c8d,f144587b13d51377574b7c9ad660819f7169d8cb0089dc1d300cdd0d0fc05440,0.47380362499825424
parity,0.1,parity_lr0.1,710075,ok,,0.3778785872809542,6.056448496055069,36,1.0,0.04786566468393676,0.04786566468393676,0.04786566468393676,ee5991253967a9e84172778eff3cbca4db3b33674ef97c4a308bd8a1a3caa2d7,95d4e8917af0959280f83c7871c07b1e510a0f95846120ba5a62968e90c6822a,b8dbe1200ab2a3b25ed38e4f51d6c07ca32493b533ff3a924a243f935edee88f,cb9e4bbf1ddb68eb3352cd084a84c43b068cce56c31631586fcb4b8f6bd136f1,0.4720300830013002
parity,0.1,parity_lr0.1,710076,ok,,0.3222640674178766,5.977005028408368,36,1.0,0.051464085558416486,0.051464085558416486,0.051464085558416486,879518ee3fa8fe6bb7e5992ce8ddab42fde6ef3ccec9cae04057ba4e03396612,563dcae5f39d57bd6ecdad8885def6da78c03cf876b1ce3c950314736f42dc2a,3217632c47b51152b361ece6ebae42f980a71415ca5d65ad16050dd3e9195b40,b6567c387115225a7e7742b6180bc8b6677a09b71735abb5dc96b85965df1805,0.4724681250008871
parity,0.1,parity_lr0.1,710077,ok,,0.5293563799520364,6.252502643527029,36,1.0,0.05359193700715875,0.05359193700715875,0.05359193700715875,7a0cb306320fc95856bc970100f59da1b0da515f1a4806ecf1f0a5312889b1b6,03e3cd1df2ffb19838fde0d200dff4d7a16b0b56a00fd6040485bb7e65571156,b8e5fc1f210dd047048ca9536d9152921a4ceff46c480d74c917801ed10977d1,213e4bd4f3cc483c6a0acf739ca1437606d35dc3a296bd44436d9b1c084a074b,0.4748687079991214
parity,0.1,parity_lr0.1,710078,ok,,0.30490492181752243,5.983660258132721,36,1.0,0.05213674214611882,0.05213674214611882,0.05213674214611882,7ec26f80b4ecf7320a564c0f6da2875b362aa266a582d9be736697977b7a938f,1cb6dafde57f5dc5801e4795f595177aba9f1d17fce5fe01a15f1cafb95468d1,2153a2c0ea0094ad6678cbf63f81d470edbb7adab890d6acfa580f087499b965,b0ff8293b26eedd9c1fe441d08e481e9526dfd7aef3e565c7c4f13420b1cb0e0,0.4738556670054095
parity,0.1,parity_lr0.1,710079,ok,,0.4269891017636885,5.977004474634167,36,1.0,0.04888433872462236,0.04888433872462236,0.04888433872462236,796724fb3363220d9af26fcb24bcca492856a559dec7ad722d82498210554073,9a929406b3f8cd52487a25bd2834ed548917e3a962b012eaffae7488a9b5038b,cbf417a04f4704b00a82bb28750096765ba42931549f1d3a0fe41be7ce728409,24459a3ff2ede5c00671fa1cefbb9724eb53e7c03e5f76b3dc416c0f03da4c1d,0.47216629100148566
parity,0.1,parity_lr0.1,710080,ok,,0.3919694395986456,6.035205457483597,36,1.0,0.04541832194220787,0.04541832194220787,0.04541832194220787,eb69e6c7e1fb8ae063cfaf3fd1b792448b47e50bd864a7e32239be376b7ab71e,0c126746bdf73d1d674742e21db0ed692dd84b2d7ae90636e88e0e9c63b3bdef,ebc0d55b97b9ce1ce4de9d8003e7e256d43cda829bee9319c9921d719058a973,5457d8be936723a225294a956e6f7d90c27e5bd6629d89d11dab436013105e90,0.4723106250021374
parity,0.1,parity_lr0.1,710081,ok,,0.36731071766920664,6.012707750742703,36,1.0,0.04781230307981902,0.04781230307981902,0.04781230307981902,e9bf76f521ec5c1ad5003bde80e9802049dc82f53c88a2e2969404aa0dfaa320,31ba2294b3f33979fa93c55279682fa37d86f453fe1579286eb79c3fc9ffcde5,cf439ef4af32da77dd1c723164516cea7d1916d9ee54f2396c837345539f18b0,66dc0f3493aa30fdbafb4c2c34db54e721b6562f177427214f2f775cfdba8732,0.4710104580008192
parity,0.1,parity_lr0.1,710082,ok,,0.26812349972526517,6.038483960775057,36,1.0,0.04466268537023071,0.04466268537023071,0.04466268537023071,5bbe69c0ac6f01ef087278bc378360d33af39c0130efd98fd15b31a1ffde6e47,8fb25eee675d319ed5e498adc729db6013d01a7b7127d3ab2af108dc1a4dc81f,abe8dc393d4ec0ba979d549f5d69e7b882a24b1c909db2d27de49b8ca378e7d6,5cd6618f4e4c8bdf0449c35ff7dd60e48f9bb7b25862f2a065f82ec99ec38814,0.46929933299543336
parity,0.1,parity_lr0.1,710083,ok,,0.3817989351748986,6.025397473909924,36,1.0,0.05180220870009476,0.05180220870009476,0.05180220870009476,4052fe6f0c79665757d45ba2d5f14501ba6cbf4b33110dd613ba622b90fc2ce6,e9e0e4322ba8ab20a6fe95519c22e4852d9e501e70a2c74ab0b9cd1dadfb5e5c,9aa609312927b57a9b71724874c1b9f5df266e719a74e04dc3488a248bd89cec,de5aa3b508dddfed55dd3c2d8069a264734b69d0898e20c0cf0fef68a2b63b93,0.47166716599895153
parity,0.1,parity_lr0.1,710084,ok,,0.4815443747126479,6.17108447726825,36,1.0,0.042366001456455304,0.042366001456455304,0.042366001456455304,723979127cd92b00cc5e548ea27a3ade0942f44d8d2e9fd3ce925fd4555ab129,469cbeeaa3fcdb5c3846c1c3f04601c5a922971b4f777a8128e2dedded94387d,051a7b5049006e5c85b013c019c46f7206518d48c1ceb5cc3573889aa9f99de0,00e43453b677b4a8a3e5ba8ff11953e69472e878f5ec5eeb10648b109ce5e588,0.4688755419992958
parity,0.1,parity_lr0.1,710085,ok,,0.36377024816496273,6.014644824483497,36,1.0,0.0478341335874765,0.0478341335874765,0.0478341335874765,fd6e17275f8a1fa1fcaf6b75b0607b7ddd9e5b1c9c1a1341123603fd821a7228,8bd34932371841ccd4128615d181c4b835d41bfdb3c53e381d9b86ea2e6b53fc,7f34c5a2945c7625fd2aab4d555d21fda6d10b3e381cae0dd07acc849d1601c3,627fe3e0f3391e37c3c7f4d92205e5294a569ed7733f123597e3f318851766b7,0.4654031660029432
parity,0.1,parity_lr0.1,710086,ok,,0.2795671043442876,5.918011444028132,36,1.0,0.04150949713958031,0.04150949713958031,0.04150949713958031,574d6e47ccd569f1cec21a771e18d66341292c9051fbbb057f237228cbf0079c,cd6bf76c2d5c71339da432381ac8633eb36f8c55320ac7be86a686071f3d4baf,7c01bd40a203da83619d60ef85954655d5e44a2f83d13878d1f7396bbe8a14e3,8a349ea60843bc6eae9021545f88ecd1a98588c578bda5d3ea656e1e8688b056,0.4686627920018509
parity,0.1,parity_lr0.1,710087,ok,,0.2507457268648825,5.8264671443380305,36,1.0,0.04025507482878024,0.04025507482878024,0.04025507482878024,1420b068c0b301959c4dccbe7957de6d73e91ada296722be5ecf97a8254435db,b6325c1c1682167bf67343e86bedf6205560e1a138af9c87678ec628b3b04f74,1d25d652ed1de7a0197c6162239249f6ba0752a65e46abab045162df7b1d23e0,c9317ac662de6666a3459e39cbb12e1a7b951963e8eb3217ae4604fe75942f2a,0.4694622500028345
parity,0.1,parity_lr0.1,710088,ok,,0.48090346581532145,6.097633453025166,36,1.0,0.03688182889112475,0.03688182889112475,0.03688182889112475,8edace0273903173efb93f01019144696ba138d3c671e5838cd84362f8c7eeed,bbe45007cf8b2c7103013a41bdb0758f46d6e3d4f89cc81b4badabfb7b6fde43,ecc0c2acc319a0339d3f3cce47932ee8e8f15945987c7971cda0fb899ede6311,eb9334be930da7adf3d6bd419a1fe772f81f62b6e66370dd820e4c27e894c4c7,0.4686350829942967
parity,0.1,parity_lr0.1,710089,ok,,0.4476703285690516,6.176958041112411,36,1.0,0.05849185431148101,0.05849185431148101,0.05849185431148101,e07405a21fbba0a30a26a4bd6217bb7da202d9e379d3cd31383a6518b347deeb,627eb75a6f85e7ba983beb131718e18a16b35eadf96edf4031ea550fac2a07e1,89d5770e1e37c98000803d38be34080424e6f98be1740837044d6d779527b590,4cd82f402a71c422b242b61686b620b37395b344a7a09b82df1585f85ca82253,0.4692266669953824
parity,0.1,parity_lr0.1,710090,ok,,0.3916996590909516,6.077798949845314,36,1.0,0.05002018983239691,0.05002018983239691,0.05002018983239691,8fdcdd0dd2a15429d12bc69a8880f7828b3bc3c5387433278f2469aacc1e501d,d92fb18fe0513be8768c1f082e9cc621a83d273be55f0eaea722781b2b695691,867eaa5c80c7c482cbef7785459017cbc6ee245f3fc6af71c89d832a430e1cc9,a25882ca0a376f3d15c9675d958c1a02fca852ce2aa4665289ecf8609bc4db05,0.4685033339992515
parity,0.1,parity_lr0.1,710091,ok,,0.4345005619893445,6.025398912384826,36,1.0,0.052079962262627344,0.052079962262627344,0.052079962262627344,e951a525af7ba291372b7cac35c484ee8d202dde527b6ff39a863304c0717b76,b629d68128ff5c09e515280fd40fdd93161b26b5d045eee04d17b891da911795,da3bcea225ce514925498e95deea7acd83935ace1e58e82fc12a63fd97853b5b,c91396c280529315cc0586527632b3ebd81873612fb73577de9992cb48ce24c0,0.46495358300308
parity,0.1,parity_lr0.1,710092,ok,,0.39271941630575286,5.9783006922507465,36,1.0,0.0642032709257288,0.0642032709257288,0.0642032709257288,85c1af327d1b610022b253fadfb9866fd620f13557d8bc121e0b82c22b99615e,e838865878582c7c3eb5c15a68b9d915d7d4bf43902cf40625bcd2e03f86e126,7fa116d3f52bfb8a88b71c1b26d77e915966b17741fa0715eacf97764d156fe1,225a30f2184d2e831af687187216f4cda5026b7c0257c5129470b63310ace6e4,0.4671131659997627
parity,0.1,parity_lr0.1,710093,ok,,0.3744111669847418,5.967542154986904,36,1.0,0.05157954123804055,0.05157954123804055,0.05157954123804055,bf49553c34dca2b4df9d9bd7feab06157c82006b8e0c1850df5d466065a186a2,52d8f57ae9c43a380977368a1a6574983e934de9b76a5433cc7c847f9c6d3cef,c078dfa322e417560485687ed4e117100dc21dedeece70710ae1668a95bdf92a,70ce759573955dd2405f2f89d63a0d6519caba8f7728bd3ad41794baa3763842,0.46880070900078863
parity,0.1,parity_lr0.1,710094,ok,,0.3501987401508701,5.908700794740383,36,1.0,0.04679826913136997,0.04679826913136997,0.04679826913136997,97076496aa08bbdd814b6464512c0954e7ad0aa8e6b50e3f94f11bb7eb9406a6,670f7a197b68cf4f193ea9eb684c1f949e68b60c7ec208cbdce2ed9b11fed436,64fe88f5c23c0e949dcdf275621038ad7a4e850808246d505bd026486f806b36,a97c81580ef49a6be1a6f6f01d810c5c09d15d543b110a6324c09ddffb5e2096,0.47496775000035996
parity,0.1,parity_lr0.1,710095,ok,,0.31813476943310603,5.980305372967758,36,1.0,0.045581746265127225,0.045581746265127225,0.045581746265127225,aded037f6219fdee356dd2fd637f8acd46a64366495ece4104643e7bf1575803,9d84138c0c1f36c1a068a79f3cd59f5da4a46304168d7aff30a594eedee9af32,fbcaa28a7e638fd788cb288e89b999be45ad1f959a77461f625464b7b9534498,18c4f72aa81ad3821620a347d9a6ac87c005a13bdd5a7a3b85c4a4be9d1b1192,0.48328579100052593
parity,0.1,parity_lr0.1,710096,ok,,0.2917173553667518,5.976982354013206,36,1.0,0.04531220668714423,0.04531220668714423,0.04531220668714423,f4419b1aae4cdf25db407da539a759d6ffda95fa7c27c6916572604d36a61ed1,61b3f1308c777b39676dc3c6b22bcc6f60181a0a93b895ff293939a4abbe2de4,4735609a41b45bc58f213e1c1a9ea9c12eba87eade8e1b628e4ff85fa802ef8c,a5431b4763130e49e57f4a54b6ea35eab10ed3805a0e76c803318879a904857a,0.4841750410050736
parity,0.1,parity_lr0.1,710097,ok,,0.3028342258995719,5.932281674665723,36,1.0,0.04572796227080251,0.04572796227080251,0.04572796227080251,abe685dcc4b3a2dcf9f21becdf676828ffb43c5893218a46e38371caaecdce94,bb6d73a8168c788593fcf352c70c804f82306aed4735f7423a8e965902b83d66,eee9e512ba7284a0204d0533635fd416309bc3291f590dcd0f077a0315a6ad45,68a20769eb5df016dd63e483c6ed2798dde5feb8ed4ee9683772439fe906fef3,0.4700072920022649
parity,0.1,parity_lr0.1,710098,ok,,0.43770399690245737,6.0848235141509965,36,1.0,0.048120055332561806,0.048120055332561806,0.048120055332561806,d6ddff813cb107c11587461420e21ec0f95384558f599277c94a61ec80c8164c,913ca572a5f7cd646b8a1021c395e8b6314a1ad08cfd683dec6452df46625e73,30ddb9f8325854c1cbdbd599a87fda8d21b136e6f89ceddb48b6914c3fce76c2,f53019952b57b1304097557c81959595f37531facdd5aded0974ca8417cc533f,0.47071204199892236
parity,0.1,parity_lr0.1,710099,ok,,0.2456974844239544,5.810752973015085,36,1.0,0.05138160814320543,0.05138160814320543,0.05138160814320543,7f43288afdf23021bd0c43664f5daecb1875e6e358027e241a7552619604ce78,2c55bc542c893bc5f42ea42530c8ec47c188003c80acc8fe37c60b9da156d80d,57ccec2855f978f7b51aac02a68dd0fd68482398fdf10bd301fa852a3d098c03,74fe3b91bbfe35fc3ed088d20291c75b1c14a8ccb6dbfc69159cef14c52c1842,0.47054037500492996
parity,0.1,parity_lr0.1,710100,ok,,0.3131962007234844,5.951839497839893,36,1.0,0.04434718107827215,0.04434718107827215,0.04434718107827215,81e8fe46a6b0a6b123a3a8cbeb20dff6c9ecd01d23b9b474653c6f0e4492a2dd,dfad1368a86b2ce73f0784973e3f9f1ab0c0dd35fdf63803d5f1845dd3826a84,a6cf51c060a642c2c2bc7f9a5bacbc68dd15c74506d9f20f6335042a1dd8dbff,4d0e83348d26fec7516814010801ae928eb465ff368b82dd9eb9f9e4c08517f1,0.47092866700404556
parity,0.1,parity_lr0.1,710101,ok,,0.3917458990180252,5.939910175505362,36,1.0,0.05497395491709516,0.05497395491709516,0.05497395491709516,4c84e6521085dfd3ee46b3bce2f9af6ac1b36a87a93f4fb4a6bebd8400611316,6d52c2cfae427124de21f67ec71c699573386f966b564f4b4d5810051c36cdf7,5162f9c8fe91f41478f7540059fdcedcc804f86edaf503129dd5e08a9c25f6fa,161ee5816eadcae5f1e88841e32ed970ed9fded78ce09ca5e6f396dd10dd6a5d,0.47190874999796506
parity,0.1,parity_lr0.1,710102,ok,,0.339354363003013,6.014993585502407,36,1.0,0.04873672041669021,0.04873672041669021,0.04873672041669021,febffb199925e3020a1ef95206e53a60645afa89d8a5236ab4ae22a056b7ec21,aeca638c7dd73888d6858d7bfc3fe191fed081547b82c4223e4f5ee58df13bf2,80b83cbe1ca79190a0ec3569bfd1f8c8b230bf5a6f003ca3e3c413d90b77bac5,99c2d2fa370875864d3f48abfb7ae58d22124a29ed9ed9736d4b9c4775e36acd,0.4733334170014132
parity,0.1,parity_lr0.1,710103,ok,,0.3513136867113298,6.015857444241846,36,1.0,0.05057100689760195,0.05057100689760195,0.05057100689760195,a2832b006f4a79f000a75aeb55e5a28c1a1f7bfd3e6be24ab39c9c9ca520e34b,a888a7baa2533c36d72011ddd835e6a2cf42fc2e58f8cfee5f6901c8f6c38ed6,14524eecb762ae98e0bf83d447d938177a4c99fff742bc80fb02e117ca2fd01c,9e97f4bcce4f270640b931a72cd61da9d2f257beede42567a3e017e630d630cb,0.4695012090014643
parity,0.1,parity_lr0.1,710104,ok,,0.3718608154996691,6.0377199326671125,36,1.0,0.04766760868520319,0.04766760868520319,0.04766760868520319,38cfcc92f9ba3cafc58ac46813e1e264df719826ca6bcd2420d1ca7b5cfae116,655169c78d76bae7ac4314a3a778d40937cdd998fce4007b9c5750d282e31f9c,af20cf77fc3d8f5c7183b1550d7a2491be46abce5be3e86d924a83a3876d0ffe,e9e9aec2118b2025e375158bc175ead5a94b00d5c567d534442ba18b467627f1,0.4705428750021383
parity,0.1,parity_lr0.1,710105,ok,,0.3355671811196489,5.999447522792039,36,1.0,0.04776924037407563,0.04776924037407563,0.04776924037407563,a4654643770fa053d24bb3f4ebc84e56a6408328676328fc510a2c312e9273f4,7bedb989e8379e7b65b1ddbcc7a549b2dfdab687fbeb88b79982b020a6b31b67,9a4924acb060a9f36d33c8b900cae9594afc182e69aabd0d9c3e1e23b0bb86a5,e392d31344c27882018f294d07d23b0a01bbe33618424e9f5eb21dbbed0d1358,0.471446499999729
parity,0.1,parity_lr0.1,710106,ok,,0.344730770709304,5.963850111079932,36,1.0,0.051143486532996114,0.051143486532996114,0.051143486532996114,f4dd07468cb1b993611ff01b6977694710181001943f747f91a328a10612e4fe,99723440cd854abcdd7338daa6b2fd66cd976a8bb4fcc1cc055b81f91f77441c,ce71872e0a3cb9cc84383059e15917747d3c6bd0edf78f435d45dfef32905546,244be6b6d33dc5efa290de484d327c9e0a2a6c90c3075d5bd7ae15776435e98f,0.4710955839982489
parity,0.1,parity_lr0.1,710107,ok,,0.3746546209884013,5.9712461477712715,36,1.0,0.046413712592659105,0.046413712592659105,0.046413712592659105,38d3c0fc1168955f42be5228d53c4ebd589f7cc94c07d80164ef94a4823ff486,48d18d06e3a38754536f3a27981cac3a42069b309666a4ca0492cd3e324f2454,8cb585ad41b3ae0dc0ac8142470f45724e83a4cc16fd891195237d2a28e92323,74cae9055d67125ae7c8d12be1cc38c59c6163ba5627ce82b3751791216f9886,0.47223950000625337
parity,0.1,parity_lr0.1,710108,ok,,0.36328180614656713,5.893875232457422,36,1.0,0.04250020714886518,0.04250020714886518,0.04250020714886518,79a5bcecfe37045b1969c27696b6075ba7d44e86998097bbbd89d7040c3ab8f1,207128964a1365c9162b1862cabe7e26dedbbe20815896ebdd9f4644d038f875,6560b91cb8a12ddb910da4c577c562d1e1dffd23e42bd94ee3d473acf8728a35,852dab4c6967f79cad49ae2272140e1098bef2da13f19438ad8ad20fbfe52315,0.4723574169984204
parity,0.1,parity_lr0.1,710109,ok,,0.30083910100709726,5.971791547211885,36,1.0,0.03824378033155027,0.03824378033155027,0.03824378033155027,7da5635241b22e3bdf3f74bb615259bf67f1756abf8bf7a4029bf76c3461f995,d5c34b7368fc258b927927962742d79b97f73c350df1a2a0a17b5b5ab5cc7ad3,ffff2afb8dde3ffbcf8d6b9426b5964855f04e7f7c27db2be6e5aee3ab2e9ed5,031d12323735f534d1961be29a392b29e2746f4c0d6de59ce6b86bd5270397f6,0.4670174170023529
parity,0.1,parity_lr0.1,710110,ok,,0.34965233215518077,5.923866255889782,36,1.0,0.058155761310341024,0.058155761310341024,0.058155761310341024,38161346dd2d945f0a6fb369a4804845c887f52d422492b58baae78c3ff68982,b65f0721da2cae6529b6594fa3fc8f602243a9fc06300332942e33d142261a93,458be35201b531aec42d25732344699dc70f98958496988efa03e70d7d0177bc,c73f46e33365b07dd05690ffb0728c6ec6a2bd8f575ebc250475bb37cc752e90,0.4682118749988149
parity,0.1,parity_lr0.1,710111,ok,,0.3164395954125289,5.925901715997872,36,1.0,0.05370177988908979,0.05370177988908979,0.05370177988908979,f5aa4f946eece55e6eead2c69d19531b312f125b0f99e3e6af31337af9cbeae2,54ffb99f6fe4087662a16268705bc3e5334dac7e0318ca18029d6dd3ca687946,041b1e1ed30bf2a57199171a84f7693bc4eefcf1ee4d4af736e74ee4df492626,5f0767f96aedd0f364b88a3c165b1e0239402ccb0b54cf862615a3c392e9778a,0.47046091700030956
parity,0.1,parity_lr0.1,710112,ok,,0.30939464039919656,5.874406107111101,36,1.0,0.04667912421543426,0.04667912421543426,0.04667912421543426,9d38acf1ebe5ce981e22bc298fb9f0f0ea20fc8f0e8071a0483d411ce3899d6b,8a15a55d5b92e61092f022d4ce065bf0cfb4dcd6e5b573f7876647c6dda8cf70,901937e1cf737dc15a0a08f9a7f12d7b09d0d176a549812345520422b2e4645d,6ad34056bf2190d780d6d4f37013310c87c0e2cf4ad51e80b7010d2792386566,0.46847329099546187
parity,0.1,parity_lr0.1,710113,ok,,0.30692781206561504,5.943420705928231,36,1.0,0.04751845297393074,0.04751845297393074,0.04751845297393074,b67ccaac5ca87c147e21663a394d877eddb61f19f6ed447ed7fb1f4658902e26,f35bd2ef82b3479104008d906e25b4a89a32c00d41626b4b501d887bd1bbe821,a702a256ee7739d619b062f89c72eb89a3ced741fb3600dfaa0011b292ac76cb,972f236c4e550a55de6fd11fcd7d8b77ca6142b3b8b3483f3a6fcc6b0ff35cc0,0.4711887919984292
parity,0.1,parity_lr0.1,710114,ok,,0.28667522962648556,5.909716615522064,36,1.0,0.049773693537994323,0.049773693537994323,0.049773693537994323,182c426fdef815c61a400f37da37d5dcbe36bcf2f24fb8000ae54e82e5a40fd8,94e3aaaefe55d779fba93e1ba7180b2e8b2e0f57be46086f5cd8a3c5d1d772af,6eceabd8c6ab060705836d635bb6a1732f497d5bed94c293da74e4e7f928bf32,35d3a5f3cac96fb6c11f1ef9ee06d8da7e553336293f55251318398797bcea6a,0.47026575000199955
parity,0.1,parity_lr0.1,710115,ok,,0.4519618896927539,6.113373006910271,36,1.0,0.05420553771338756,0.05420553771338756,0.05420553771338756,72cd90e04604e1dbd10bac0871bc8883b5c400aa925efbf4296bbaeaa6d9abb4,5d15a5acf0d815380aee11d2425f22c1d3ed22b914fdd2a1678df7615a2e1eb4,1e22fb1629e276ba67b92ac44b1c0bbf0617ddffb9df4de9b8b2bbff2e6c95b6,2ed595fbb26b020e6cd74dc03d198800ecf3837460c71b1a7e25ac68f2aea37c,0.46880429199518403
parity,0.1,parity_lr0.1,710116,ok,,0.3764566918097355,6.093109996654961,36,1.0,0.0487703516818064,0.0487703516818064,0.0487703516818064,04c445de5389a04befba7ad145e1cd1cb22bbbfe6f00b5978984b8ecca7a5e9f,613214d6b6627ed49eda5a03a0cdfc852ec86195e17adc2da2dc1d597321674b,0699e6afa75b878c53524bfea461b31a49c74eb857862b9db2cdb0405a364d4c,7cfabb8fd1f194e323cb85060b120745604deae4b01c8d5e14aa56776e3e1dc1,0.4726754590010387
parity,0.1,parity_lr0.1,710117,ok,,0.4247630768392091,6.139785563864821,36,1.0,0.052010595749734996,0.052010595749734996,0.052010595749734996,14a43648171a52814ea3177d9d4563c983ef9f90769fae7ac4c74ae5cba9d377,b41d22d7ef19f7069b0e3dd021db191fa7e58ec924b3a091c65308e04de8278a,f76c9fd35cd8330e09640f97e8e55e1d9fff7e41eb0d738a305eaf2af0664089,592a65e2392eff4571b580121b87fa613f808c6a6776057cecb7d4f1f5036895,0.4710189170000376
parity,0.1,parity_lr0.1,710118,ok,,0.40292633392938115,5.945722799053608,36,1.0,0.0494454563065181,0.0494454563065181,0.0494454563065181,4c1d5c172e13790d57b71cc3ea8bfcf1598b10720394ba3d63a8544f4251e2e4,299dd84473639620cdef5e818458469d51a5084c3377dbcceb638039b23db59b,59d64de76c55237cdf51b2e944a8c87fc255a294f9c58ddea376ee2a8fb549de,b55db464eb55e555c88a28c7fac2805f5dd2315127a45923ae5c3cc5e6ecf543,0.4659137499984354
parity,0.1,parity_lr0.1,710119,ok,,0.33117937652313767,6.099775120928909,36,1.0,0.05571446935461248,0.05571446935461248,0.05571446935461248,ed8de7fbc53567625f58961a68f319867476a2a55c47b1e1f334008eb343f73a,f7a63cb201def74a013578086f1f3ffd3048ebb8d8e054855da63447e420f6b6,12e8461d1eadf4981e2e12ed9676d6e1b8106b76d710829b1af7bf2527982c6b,52d9509ec41f98d3096c6addbd3f63022a22f77214e71c19d9c0804f6d8c4e66,0.4698157499951776
parity,0.1,parity_lr0.1,710120,ok,,0.3894796067115205,6.073684836764222,36,1.0,0.04440970240783138,0.04440970240783138,0.04440970240783138,0de56e535fa28db377cbbcbb31e482c1571bffded9bc8638a26dfa3b1738208d,59f898a9f262f35fd06de94ad8c5fc0fe3c4e1b5d9820b79372e1d2da04b80b8,24172294a7d51cd6e19fc7f318a5b1c2688542a3c0977d07c372dc4c66840200,6c3111c1a8519b27c55cfe37125b428eff6f3a768d860214e7e022be8e89a7ba,0.4718485830017016
spherical,0.02,spherical_lr0.02,710001,ok,,0.37508521497853664,5.9897413201759715,36,95.6456081406772,0.0005738138717340343,0.05488277672155825,0.05488277672155825,fbfd6358740f1425a62931fa17fbb7843125eb4a8356af36562181a2cba07016,8d1a955cf019a03ffd1d306c96caf2e063ce640c4102ef16cffeb944f12eb6dd,4401cad43f46809956be46204f0aed84bd368e1136a999aa232bf82701484f65,98c02882953539777963a4234878a77cdf80375306e14b6dea9408b6cc1fae7f,0.3910175409982912
spherical,0.02,spherical_lr0.02,710002,ok,,0.5815648255605341,6.31305389688857,36,152.40738689239424,0.0003871886574600889,0.05901041151786647,0.05901041151786647,0d55f1fc399d3757c79882b4104a6477e5ab5f50ee13e4f11b987e9b7b740a93,5d3032ca5fed5082ef185f8a2df8a4546d59930a38f009a809b0f7a830841c3e,5c3c4dd0fe8e044dcd33ce05aa121a06edd793a666015e6ae95430e2f51d504b,97f118e3ff2db670c05c841eefe7fb00889c42ae5a6e37821062e07d0cceac15,0.39698508299625246
spherical,0.02,spherical_lr0.02,710003,ok,,0.40791543595139956,6.161381326103192,36,94.38619554120051,0.0004578251221574351,0.043212371503625675,0.043212371503625675,18530ffeadcf945e7ced4039b99abec02f2360e3c47ebe1653b881cb4c3a372a,e1de481039be728126568044409d37c4e0386936c5f46903fdc09d2fed3e37da,e57242d74b728c5b4a89001bd730ec9fd2de85013645ef1ea998430f491951cf,fde045089428c46884f73fb71eab521f7fed445b69f421056376d6007cef2472,0.3951110830021207
spherical,0.02,spherical_lr0.02,710004,ok,,0.3310474760696745,5.980249862398592,36,98.91680455607495,0.0005717097001102481,0.05655169666861763,0.05655169666861763,16509180dff89f2a9605a1bad930e97037805b0b24f5975b0283006bbf85d6cf,53c5ca19db9730c30f83000b8f47a3f911612c145144b7d9a0ad74d03bf26808,01736eb4010d7a28487f6bf9699ecfddac3572c1abb51b9bdb9dc9617b0ddd31,2ecdc5ecfee9b6c0e9e55426a9bf0d54e63e006ca7c2e03d108ff1171d1de26a,0.38690425000095274
spherical,0.02,spherical_lr0.02,710005,ok,,0.4809811636474117,6.025471699667416,36,102.07701294204632,0.0005105039618610898,0.05211071952186039,0.05211071952186039,a11c9bc0f5bdc31222cb606b752401129e04183d020147508b6507999a2f8dc2,70ffe32b971293a274f65832f1fbf70bb2006ab75c88236e4203c1782576c1be,37998affa690a0d79dd202e9d9452d4eab8258a8a55fa6b0373b157cb976516e,7132ce008f238d71be1069ba0ed796b25dae799222426540f752d364a08c0a1e,0.387446540997189
spherical,0.02,spherical_lr0.02,710006,ok,,0.3400706284689039,5.954445257705285,36,58.378593300610866,0.0008901763206288738,0.051967241387827205,0.051967241387827205,0f8444576fbd35da0afa1904a49e38b292a0e40153e791bd3922a4d890ff7bc9,59cdb109440f43e2240c3a8bb098c5d3e160156a3e6f93a9e458013b5d0ed4a3,d4e794f40e9cd82035ead11ffe0bdf3fba67527780256706f6446f5426c16702,40d45c7fe1baff7db1d21a673e74f0e402105de488c30f2a8274e45a8725733d,0.38714516699837986
spherical,0.02,spherical_lr0.02,710007,ok,,0.3728698209642707,5.994767854881617,36,130.37658909454512,0.00036193560368091344,0.047187929479792584,0.047187929479792584,9034dc2a399ac71b68b21912d04192ec853d38215ef7c8a7b4d4f17b83e16051,faa5a9c16b7654f81563bb1475fea119f21f425bffe016749349d3af4828bfe5,c765bceea87c77ab8999143229deddaeaa13bab35743dcd5e48dd8f37e369753,146b3190ee6826d96a47c1ad7bbea0f07cfa8567f31e2a4394a6b0738fb1a40d,0.38248333299998194
spherical,0.02,spherical_lr0.02,710008,ok,,0.38428636594286464,6.031991933320085,36,168.91717672714105,0.0002638668012330976,0.04457163509631654,0.04457163509631654,f3bdcdf50cf0dc3b1bd234222d0bffdc882b7668004bde8f94e65ef9616f10ab,5c358aa603198da97a5d8c65a54d09fbf21a3b3f0c2d9bbb403e1c429e739963,c03fd18bbd925d5120d9219c98b81831a432ac25f7161a64188d42ec69961363,e7c5b63e567ad15445014013eb9a567e527a0abb8d040abb463a5ec7ec3dcb39,0.382065457997669
spherical,0.02,spherical_lr0.02,710009,ok,,0.5129218953561965,6.070836377224432,36,101.956177105141,0.0005525153580475074,0.05633235369840205,0.05633235369840205,f685fc01a29f008f4092430c82efbe6d9569f4556e24dacae92a9ec39ea15f58,94502329ab2058e0e6a4b3699281c6f5cc11667a5de1553d6449396e5d87d6ba,2b75c7a45aedcfba96fdbfb506c9f1595e22314f58c9ecaa9a7e21087360a735,717ab5b0280140e9a339055a1a33e68c57403c6a2fa51af9e65a482dbd1538da,0.38273041699721944
spherical,0.02,spherical_lr0.02,710010,ok,,0.4510552992613504,6.084880623804489,36,23.486683614684488,0.0018529474009720338,0.04351958936128207,0.04351958936128207,e0653f5c51094eef7c16e097d057fed8a02cca87c75d3d76133c8d59feb2c021,33f6d71a4d1fd3370dd4571d6134c16ebcc63350f1c9afae28b30ef5c954a4cb,5ab7fa3602a0696ee444e34242c86f3b3992f9fedf69ad83ab501fdbb1a01216,d098a55b70bb8d3843ff1ac82aa939089df452ddb01568c6996c825996f36ef1,0.381060959000024
spherical,0.02,spherical_lr0.02,710011,ok,,0.36534089390536323,5.970418628884839,36,101.26772285082882,0.000409840574018568,0.04150362166273694,0.04150362166273694,ec5a9506c44e46a4719a09d62a757ce636c932938a449009d028072c2c71083a,e0e21e0cb7f32e7d4ced64c027b1b5cba9501b41e7c5ee4d0cfc3b0dc55bed91,2e5605afb80dd4222941294119b7b01f6588556e21af8e007a8b29391a0879a9,7f0c1c2f804ba788f3f981702336fcfea9af0ffc5dfc4c1ab2d01efd63f85d91,0.3786219579997123
spherical,0.02,spherical_lr0.02,710012,ok,,0.502907099119646,6.009342992476486,36,111.28463479461642,0.0005089403882161399,0.05663724523486344,0.05663724523486344,f5373cedde247855a0e2e565ec8672d22b9a70fcdae4bdbb8272de00550cc765,615a50812e3ad39138573c8112f69154de0106d49afcbaedad8c5f2b0a08715f,e2e132ccc0468169928f60910b69c0815dadaeb7cf9f4b1da91cf9d6c2ad0966,5dc418709e8570a2a6b5b8c17083889859db2d5536beb5d2e70c215a16d1c67a,0.38239345899637556
spherical,0.02,spherical_lr0.02,710013,ok,,0.45223134104702156,6.084238758384204,36,115.78583258259104,0.0004015030760467053,0.04648836794453914,0.04648836794453914,1b3373cfc93efa97c24eb73bec3ece18d5795eae5bba06ec0f6c6933b5e8b1f4,9123fc3ef9b65867380f57567eb9579ed11c48288c19f71d4c315635f580e6a2,898ab8ef564c253809a157aaf67bdab4ffa3fdcc244177d879d59fce4714de71,36e47809a3cb05ebdb245c1bb8a637c6496118b4479bed13b0d172db169e3905,0.3801103330042679
spherical,0.02,spherical_lr0.02,710014,ok,,0.6433250584477358,6.206649820806079,36,66.65878728509263,0.0007735347592659729,0.05156288897553582,0.05156288897553582,7fc1eaa2d965bc050c83890ee4d2c8868b69fdfb3444ca576ec1090d47068b14,bc6cb8991ad2365cbef42cd6a104fbfd9ef33dcc4901fa42809e6b6f7dc8e8f8,a633e07500a63787dd38862f0598b04793056e805b3e2cf7369217b666d47c5e,67357ed4bb69d20ae1b0946dddbfb938c81a516a79446270d4dd75e98c2fa470,0.3814132499974221
spherical,0.02,spherical_lr0.02,710015,ok,,0.49871816924764234,6.105332119521983,36,80.93721644421417,0.000540562745484126,0.04375164393292736,0.04375164393292736,f5680ad7d8de44e3ebc46002f90f6b24358c130054444b5b03c9d95a5b21fb3a,3b7a944a3ad6ea47a700007a8af32488c78784fcf41d4c2d6dcbf2cf21155343,555e02e7f6ba885761c7a284e62a217941489582506a2a9ca2ff06bc6da75dfe,9d2e72353f0b32078b5b7e4d6a88543f59cfcef491d184835f13e71eb900bed4,0.37908129199786345
spherical,0.02,spherical_lr0.02,710016,ok,,0.4574405330033611,6.209662653916953,36,119.05061842688576,0.00045373623135447176,0.05401757894543438,0.05401757894543438,1b75d4d5622958226c033b9657c9be4b93dada816579841940bd590d218ed69e,5c7cb746f4b8446bcb585f8976654177cb43c389e8c853c7aa6ab1b910a3db0e,b372fed2ff95cca5a5cbae8a57632f23ffa883f73c2d17da1d87ac3cedf01bbe,42b7b34fd83156ddcebfb4cb06221c051c01a2953f68413016bf8d97ecdedeaf,0.38233554099861067
spherical,0.02,spherical_lr0.02,710017,ok,,0.4186651101406958,6.0781227953070465,36,80.27639783977536,0.0006051414547677659,0.04857857617227759,0.0485785761722776,0c8b0a81d34687a5f0537779f42255d8c54a93f7957f141a20b8ec6bc62d6c07,56d4aca86d43f8a6858016a581e93a0b6bcb16b8cb88f20f4fb5b4d54c9d5752,2dc95bc899219ac7b5460836db9506597d027f04bf5cbb57533f63290715db0d,3dab791fcbcc8e8e18ba37eb877f9ae08f4532911125d29a811cea5857cfa134,0.3837360830002581
spherical,0.02,spherical_lr0.02,710018,ok,,0.5286902523497141,6.216288518107083,36,245.2343179154536,0.0002005112387309855,0.04917223686457591,0.04917223686457591,ff1b93dce170212eda572c8422fa5effb7af2cb86a6f32ad084d5da1e2595e19,1e35973d43104b6f95a71206149243f6d30a31b7b31ed581321af069ef4715d2,ce1adab9cee32e706953485d462a43b142ed2af5c8ca74db85041d6bfee2c48a,bb4fe47f5e65c1b6e58a0f1111d8976767f3411714a4f68f0da99d777eaf35d9,0.38225987500482006
spherical,0.02,spherical_lr0.02,710019,ok,,0.5319673434804633,6.215767886476758,36,84.95281920581616,0.0005521495563515245,0.04690666143530266,0.04690666143530266,9b74b9d6fcf6287b9728684fd0e7d4ed4bab4d4b8fdee8323248b9c7bac04a18,61804221c257bc1ab128c4a212dba5df708dfc9c75cbc7346ae5a88be4c4f270,5942ce5dfb96fc85b8d656ab464194fadc34e95084009ebdb9dc9ba26483c20e,93535c9e236c4d3111eb1ccd1779faff5a5651af3b349a5d66b972adf71c9aaa,0.37780970799940405
spherical,0.02,spherical_lr0.02,710020,ok,,0.4301909806725348,6.032666357370319,36,54.65976048070842,0.0008234526574310344,0.045009725022383186,0.045009725022383186,f0bfc03ac68d340ef5d57fe8d4552a5ee7771aada02f745da04ec1bc90f92c12,0e33bdbb7b16bf34eb9b0b268dc5ef3b343fae137b7dd0566d60de5658986cca,4fadeff17e36faefc844832e0a745fd5b98c3592a6883ef4ef4820349a90ada9,5ef1b552756fbae063753fb3a588ab0208bb66028fcdb6904b3476379ba3013c,0.38136574999953154
spherical,0.02,spherical_lr0.02,710021,ok,,0.4731180627322459,6.18476805299297,36,59.74260297822366,0.0008049457483190101,0.048089554260831766,0.048089554260831766,b99cbb41a9f547483b547f0c2f7bc7adabf05af18fddbda296794d7c89106e37,96facddbc8c81bbb31cb13f3c12350b2994b2c117b67ae9affd2952230b33a61,035cd99730a0fcdca550751435d77916fafb4dc169674e5c8966d7260d34e225,6dee94ad5fc67c11b64fb459c8f5b5063d12bf55c68b29251454c54c3ff26128,0.38018875000125263
spherical,0.02,spherical_lr0.02,710022,ok,,0.4747610096184228,6.044826685284299,36,40.81160855679873,0.0012511131593446053,0.05105994051943179,0.05105994051943179,27974b81e06041d65f79db0b76c975a85c0397dff46063cdc264afdf43a7011f,0e7e6e6e9c58bbdff06cf9a2d3ababbb07ae16179f1530dda1852b5e0fdb3af7,35ca1e42d7b72c480c9aef4aa7724e77b67b865748de4fe364bf01975d371e9d,eba28fdbd768c532b00aa34f3aa4fa3869f4c0fc8b0e10ddff4ac8849f732104,0.3835315839969553
spherical,0.02,spherical_lr0.02,710023,ok,,0.4584434802220664,6.145420617650249,36,100.41954425069594,0.00047080496799396007,0.047278020316916955,0.047278020316916955,e60153ed5536bc9ea61a6ffca89fdd984165324648dd05e2afe29dd3216eaf0b,34d514fedfe9e06b547a5e2bf675a275bf2bb33e5ec2c15b21135be2ce2d822e,833cc76e4774de9f7fe6d0cdbfa65db9360d6fa5bce61f23642ece0cf74a6733,d3f413e1108e9668817d298ef7ad890903cd461043e2702b77a1a3809838f2be,0.3863446670002304
spherical,0.02,spherical_lr0.02,710024,ok,,0.38181663928863085,6.071587458260763,36,47.18723241146733,0.0012032605057034692,0.05677853313416931,0.05677853313416931,aa986c9124a25ef1052791d564d7c45f82160006df9beb8e1b338e337bad5a69,5d83b80b251f0aa173cedcdb2cf99e54fd65bad61e8d294acdcfbf3e5a2db3da,68e5f1cac5a8a435a29e8ff1012ae8229a1f8355018955713b989b18ea07fcb6,7fca0b3ece6d0e7530b41d1897d8e02773f2a56db9788e019b1831f85a9d4b66,0.38636262500222074
spherical,0.02,spherical_lr0.02,710025,ok,,0.4217165087528585,6.07669417963192,36,153.50725547649833,0.0002829620142084624,0.043436722205242986,0.04343672220524299,b978854b64f45e4eb84c23bc4683a858678a598a511a2bd0d6a1241fd4f848d2,fe7dc78467eb1f6f437381ee3d894847375150b23e1573da11fb8ffff08708b4,bfd20f9a4aece4f70ace1612b7c0f341832f5234e5db97f8783715c0e1ec0c97,be68823ac95b61ec65f2c15d0a474d50fb64c26ef6040af79c8ea6885a88e29e,0.383223791999626
spherical,0.02,spherical_lr0.02,710026,ok,,0.45462169569576755,6.136259336551049,36,132.68077544816455,0.0003429616432103865,0.045504416770130826,0.04550441677013082,ee962a620ecc708457762063e44199c1982c335302888915a8b9b8d023796522,461de82e992e45cc51cb3c21920da6d4ef3df4e66f49fe9ff50a74c08a9986d2,2905810631ab5210b24b333e5e1c9375bf847246a02a5e81756e86ac681720ab,8a22235f0fadaeb66705c4988a29729c01242e692c2ab08671afb11de3898e0a,0.38328037499741185
spherical,0.02,spherical_lr0.02,710027,ok,,0.5066226861218027,6.012234087088621,36,57.485561206128146,0.0008886241473730813,0.0510830578130587,0.0510830578130587,b842897a3c653a13575711eb49efc2ef7af78c63fe113d0412e7cb80c97de4b2,9f17adf7fe58598a8c1541917ccd7791afe50d8a9f605e0501a21f6adbf1a572,c34a470a9ee095f0ec72477280a699e270925e21885b4390e54e88eaaed25c43,98e7fcf277994627ddaae22e77646aa694e09be296e06d68ed42ba1bea3c024b,0.38172420900082216
spherical,0.02,spherical_lr0.02,710028,ok,,0.3431049640961298,5.975583150453813,36,92.88896456798783,0.0005421577480809962,0.050360471851755725,0.050360471851755725,a1ca397df424d393bdcaf98430bb8c9d421f579d0081bc85b76680aad82a8592,a5ae2758ae9a9df9ecbfca9d77d74fd35a979291af5af15301254b06c0077051,bc66d0e32b9360e0eeb8c880b58a58f20b46e75dc49f9f009ad8ef0226841d93,4333d6c4ccadaae66462379fe238caa2b036b7c3b7d7f2921dfe9b5985aa9fb2,0.3837552500044694
spherical,0.02,spherical_lr0.02,710029,ok,,0.3357916826526869,5.949546623358838,36,89.04003179196677,0.0005819982288651001,0.05182114080101686,0.05182114080101686,8f8dea43cb94417eb98ee48283826016f51fc6cb07028f9fb79479be3015e50f,a3627aa98dc1d541a8b71caff5665b0a70360d481ae950039922144858ee8dac,4dc246695570624a64af69e6ddb86897d9d1db2acfcf8ac85d5cd106181b7cb9,ea22fe5a170fbd457cbd153ce68e43ed7613e7a54b3776c91c59072dc7bb80e3,0.386481833003927
spherical,0.02,spherical_lr0.02,710030,ok,,0.4521462665749276,5.970314239348978,36,96.99738313018311,0.00047679255318349134,0.04624762995475731,0.04624762995475731,1bd1f35b28145949ee60e88f82b60bd1a731641dd5249f026c5740a7a8756ac4,5e456de9d48da8a99ecf0a73fddc8d385ed07859505b283404d7895f679faf37,7a007ca89417f728a9c17a4e3bd78aace332de0a4b84ad60d02e2edaa29830df,f4d21e6f95807c8e41043afe838bf652c4e924e60055104acf581b78ed199dab,0.3871197500047856
spherical,0.02,spherical_lr0.02,710031,ok,,0.569506942635854,6.106263691756583,36,35.26012776084221,0.0014438540274656787,0.050910477476446406,0.050910477476446406,4318c97da4798a4160602c032b945744c5e804ddd36bb838b076770d7f063eae,f996ee538ede4692a6eb3067fb423dfabe033587afc4e0b1cdc40f4fd433f37a,ad3cdb678d057d55377c567f0b97468f172853b9b3f6f188388d92891154d48a,67c7d975538c0e54a1f7c40b89f707944c6a4bd12ca5c783958a7a5b6a4b76e9,0.3822929999951157
spherical,0.02,spherical_lr0.02,710032,ok,,0.5342393375694285,6.114021475406382,36,92.23879409475374,0.0004064462777795454,0.03749011452668657,0.03749011452668657,674f9f6398a5e9711a5a032249747738e182155c82545eb331cdafe26b17225a,94c04a803f67d6dded70c9a4400709b8f10d18d130d73ad80576b0f8e4e36109,809e437d354c943436289e463b345af0c4168d0985eef969b192fb2b120bad79,a2691a8eb481239e1b7d5ca2e239e994770a59f5ba98488b68935a094f45b2c4,0.3827994579987717
spherical,0.02,spherical_lr0.02,710033,ok,,0.42665570002692194,5.961530061458797,36,50.98943358624199,0.0010674159432037626,0.054426934344884104,0.054426934344884104,a0635316e267c985f4e218565a4e1abf03a2693aabe64c0bda32b254cad24f9f,6a655d2f042a1745dd65fb88e2116960de9cb56f2fea762db72fc011b5d7181d,6391eedd0fe7feadb374663b3705607bdbfd6bf5b1b554e72b9dba9fd980dab3,24182a964b7f78b665f52dd25c015d281ee7aa981641b512ee7b9cfd99cdad11,0.3851695000048494
spherical,0.02,spherical_lr0.02,710034,ok,,0.2882078389643329,5.8879003609229565,36,103.20761693658694,0.00044130642465790593,0.045546184427747924,0.045546184427747924,3535de6482494f61aa12046462970398b58176bf114f0a7fad399bb0fc612812,a534917bcb5f733200bb7c704894f5fd3db16769632d1cfd2ac49b4e6fb43dbe,5d2c6799f57c7a45238257bd180c3983a3ca380f56c7124012228905d8a0fb74,6a08bb83dc5ed75b84ce36bba5dc1499ca31c6e4150670f80e444bb5773948d2,0.38258112499897834
spherical,0.02,spherical_lr0.02,710035,ok,,0.5238696358618646,6.0367310552345375,36,147.48998962106603,0.0003237443636110335,0.04774905282886995,0.04774905282886995,5ce4d02d3559d89bec1ba7739ceae75fd73981cca38aacdd639c199c1b2f200f,8dcaa973bb2552e8ccb3a42905e32a2c6d4b8b235530c418804144e6c405669e,bf22a396658a8b360fbd708815f7984e13a44ded6844b33fe2fa0e3d9c081cab,ddf78e803aebcb519969f551d3173b00d8e19fbeb3a689022f243c013c2e8ad2,0.3815003749987227
spherical,0.02,spherical_lr0.02,710036,ok,,0.40089686954799625,5.907088589489411,36,145.31383148155444,0.00031207779638869464,0.04534922031356163,0.04534922031356163,de3c26e0c86932969d4f781435d6ae944cb92c8b37fa644104567f0e786b12a1,7d5fb2591cb4477610c223dfbae2ba7f5bc123493ad26e36fd4ca5a16943fa5b,55e23f6c62fd26081ed99e278194a6e31c2d62ca9e39359c98374ea508b99c7e,00a0735515e56bb53569ac69d2be2cd040982101e9debdc2bfc2a2778436b82d,0.38316537499486003
spherical,0.02,spherical_lr0.02,710037,ok,,0.507528068887388,6.055020604416188,36,136.05939578281098,0.00028000129964755264,0.03809680764844782,0.03809680764844782,d1af9b1b6ff073dc3249824ca4ab4ff539e6d5903df5928fddf91c6cf00a1ccf,b2a8e36481ba4b4fe5419c091f01858e3b12ea1fc1c205689b9fcb5bac6b81ec,63e3cfb1bec1f9f153c115972e7771cb07826ace4e874defe54f5490d3ceb440,0907acd8768ece4e0ec7d0ca395b0dfb9dce9f12c78fbc93f1c481d709ce60b7,0.3820120840027812
spherical,0.02,spherical_lr0.02,710038,ok,,0.3777833182708585,5.933865651614138,36,93.30688559631103,0.0004717462800337292,0.04401717618159248,0.04401717618159248,378c571f14ccccc00a52ec41ec9224ca8e081c0cde7d9126e249dcb7b8a3cbfa,5ddc6557473e8c47a03734b47ea0c37491f5dbe10fe1348c639dcb3b6ee4108a,ad163a000f271fd4becd0fb184383153d2c3fe8f2743c90b69e775703cec85c6,d7ecf63db5aaecbdb3997c3692c91e55529b9d0b2fd973b582f72600ef244e7e,0.3812469999975292
spherical,0.02,spherical_lr0.02,710039,ok,,0.39626933860018027,6.062011327393835,36,92.38153118841748,0.0005335352897306469,0.04928880700837312,0.04928880700837312,4e8dd5a7227ff6d88590780c9b567a92ebdf7d37ec5902e8c838bd8eed5848e2,f65da492db31baa62b6dac9f117d07ab2aacd1bf1231c248be9c4df2d0f1c1b1,bc57c381d6d5218c2e369e73c9334e413135cba91b86a497c6920733bf6043ae,995ddd5d5a1366faa9e37126dc2d41a9658da3878f55210e53fcaaad40deda60,0.37928491599450354
spherical,0.02,spherical_lr0.02,710040,ok,,0.36867759560986424,5.943158983402649,36,74.92859934476996,0.0006691590283006069,0.050139148729471755,0.050139148729471755,38df1054383f2a433e5e9fbbc2e02d64365d13168c14fbd7a88add06781b480d,8ca86552981bbfa880f13bff4b5a31c43e254e7eda2c80c35fc6f3cc094eff8e,8578d97aaa53421b1c89dba1850350d1df0d8340d26947ac98b8f4493af7db0a,29da00365ed90be2cfeeb1547b05683af3d3ab45b2ec59114b78cb8ac5d44ec5,0.37733087499509566
spherical,0.02,spherical_lr0.02,710041,ok,,0.46180814904643575,6.072298697808059,36,82.99312496134092,0.0006329696813448337,0.05253213186059193,0.05253213186059193,1926eeafc5676a2fba39a6fec6a304988f4cde01c7e6468893cd6f6152acf6d1,76f60d1ee80faf1147b79c4e78951962e61e6d0cdbf7909cac4abfb303e8d307,7b8aa0dccc2df547eabd0ebdb5393424968575521f486660447360784c9f314c,b1b99e5714e55bf32c9365b0fb0ebf3b48d65f3d345c09580a9cdc2d2cb2bb31,0.38257187500130385
spherical,0.02,spherical_lr0.02,710042,ok,,0.47138516416769927,6.204838238059904,36,41.878378301160446,0.0012577718833741117,0.052673446748504105,0.052673446748504105,644fa479f0486c5c3b2931dfaff092b504cc70b99e3c534abc9b0938c0233729,822a651524878f4efbb8826f670394e893a1be80dc975167058722a3cf734ebe,d9cfe07dedc3f9d4afd955ade3596b80dbeb8cd29f72c01b19286fe6a89be13f,bf7ab36b411531309d23ad74664e6747a166d002cf3a38ad80433ae07529163f,0.3844047500024317
spherical,0.02,spherical_lr0.02,710043,ok,,0.370896782245169,6.018622887610619,36,43.27000702775889,0.0011854468271529802,0.05129429254194393,0.05129429254194393,afbda4cb476b38b0d231773902a2d607336ac1bf3ca232be8fecec4033ec8468,ddfb9b0fff460bb45c9a06f9251c8dbdf58c3a7419a90826afa1aef9cea2ded7,4f340558259cf6c48d33760a507973501cbcd4a5dc6103a634f79bf7306f83a1,af84830c362c3739df62755b7fd3ad40b668d89b50a54866ea5368dcff85d012,0.3796713749979972
spherical,0.02,spherical_lr0.02,710044,ok,,0.34790308926498437,5.952441560135107,36,148.95127558985723,0.0002694253909426929,0.04013125565721007,0.04013125565721007,fd21c7fc2139ed0b94a54069c906f287e2e5776d3193567171c48b2ddfbf9a52,e57acd2430b4e52713f3063ab67e72b58c7dafc737bb5f3e4aea3c3fbc897f55,23235c71e11018d0ebd17338e26f110c40fadb3a9de4e4acf0ab254d913ecbeb,4dc6748f6070f04f7db166869df60b3baddf7afa3caa7d0d6e43e32fe6c4a22f,0.3806044999946607
spherical,0.02,spherical_lr0.02,710045,ok,,0.33922767013895155,5.96641244392095,36,47.246190368207124,0.0011315183386898387,0.05345993083485759,0.05345993083485759,bf679db86b5a2003607854c523336e3608db3d643e6d05f010f498ec489c4563,812ff23e7735b1d51b23019cf45f56c6ce6b6f5c2c01b0b3d96f810acc62dc87,2294a711125ac19565d026b6a05b2eac3c3e35d6c48e3cbf859f62f0f78a5b72,23b55e65510fb687c301654c152557e680d5933b131b1481dc6924c6dbc4e1bb,0.38083116699999664
spherical,0.02,spherical_lr0.02,710046,ok,,0.4089012895377251,6.023209380601172,36,134.66402000282974,0.00029471143794219853,0.03968702697411094,0.03968702697411094,7c603c28f47ef88d169d2e2319e9d2b1f26844aa8d4b2b09eed09f46ef77d84d,a3a55bdca039a29f81202e3642bdb65c7afd2625f995e44f5243bcbb4fe4de8c,a30eff3fb53371b2e404e803d2f3940b9134bedf1c67152c559c75af130f7bb7,76adab541da5ed8999c0b260793fc4631cb56971e9c8495b04abe66c811e1e5c,0.3858872499986319
spherical,0.02,spherical_lr0.02,710047,ok,,0.3945707195188669,6.040945276836273,36,89.61846747916684,0.0005510565157602337,0.0493848404368415,0.0493848404368415,bc7f46b24002d0e82d0ef9c56f4f4174d2147783912670efdd1bae448c62df41,d6482ca054e3893f5074f6ecc40edca0c65c10005e6fb3abfc9200683ddc6904,1fd1f15f7cc4ba3ce44ad8c424bd36ecff9671a1972f86ebcfb4d9db2372c5d3,c767eee3e971ce923ed53200ca88637cfbda575f3d5ca79c75df943edfc13409,0.38628120799694443
spherical,0.02,spherical_lr0.02,710048,ok,,0.40862184953449443,6.065579393512561,36,101.19220981207953,0.000462962409759421,0.04684818930348126,0.04684818930348126,94e46449ced37f97492d284309dc0abf196e8b4657ddfa80d663bc009feed24c,86806af571fb8dbeb78a52e23eb895658e1134b5fcc3b3db750b356116af4c24,111617380cbeacbff05ba6b13feaa7334224ec9321fdb66bfe748deda5e85874,cdf3635640c3afdbe2e17a7b75d15097e42eadb22fccad97ab1e22847aef53e6,0.3856123329969705
spherical,0.02,spherical_lr0.02,710049,ok,,0.4214129169877573,6.091124625979232,36,36.05681061121359,0.0015181177861430268,0.05473848550047397,0.05473848550047398,8c029f92208a40502b8a5afa8da5793eed67e83f968d5ac9b2acb6f68a330d8e,7d5d90aa0a5ba7ebf14870a1c5519dd3ac99b6745d3cc054034eeb515dccbe18,d83a64c16fd6a632329e2ba85157c3de1faf93c99578381cff3dfa5d177ca020,8f0c111a0eb4dee36e672fb067ac469177bebc6eb1848ad679a3c57424f4346a,0.378519874997437
spherical,0.02,spherical_lr0.02,710050,ok,,0.4972798303532622,5.987717534611543,36,121.45279074035591,0.0004316512727871039,0.052425251706620414,0.052425251706620414,938d851bac2be55759ca7392620dea2cf1c176e84622300b7f90927f74bb4f3e,a975573198eb5dd33584d5943630286b0cd7898aefa127ed49c0e2730dcb6318,0598487890e864e19df343ab3c5867fc1db502bf7f20b0de8d0b97e1d92d9644,79cc89f8ddd67566302e4ded9b7236fbd631d48ff971ee90d573a50a58463f70,0.38011508300405694
spherical,0.02,spherical_lr0.02,710051,ok,,0.5276427351255706,6.170629190966249,36,81.24019415951744,0.0004891918111043976,0.03974203771536724,0.03974203771536724,3d358ffb28fd5f157b0ec5ded619a41d7bdf1bf8384d8b2d1426fe6076d3561f,4a97b54e516384c078e35449cf3a1bf0bcb376f0bbf99bd11f34cd73b89c811c,6717186d7542c4cbfc0a5b489e71b68799f719d8f47da17b8b4809e0f53cda56,837a538d16f2652f0a4cdfcda3bd719acc0f1ed6aa17faad007829f9fc31cc93,0.3794604580034502
spherical,0.02,spherical_lr0.02,710052,ok,,0.4083534567921419,6.000111804727452,36,168.81952163873305,0.0002753323385690771,0.04648147368890529,0.04648147368890529,a6ecd70c26b61ec5313e6c46561d9c35826037ccb66e01225b05cae2433675e9,81b54344abdd3a1751a345a20f262ee0525c4fbee6e37f91a20cb69b8e7e0169,71509b5f572d4d3a3c5393b995a2c798edbb043a95b2831d07e49009cfb5bf68,fcceed500348b84208cde679d8a492a6977dbf1e25f22ec30c76a5455ac8d24e,0.3811407079992932
spherical,0.02,spherical_lr0.02,710053,ok,,0.32844871115918906,5.950883138071418,36,176.0604045871787,0.0002943176070127521,0.051817676967795406,0.051817676967795406,f55452c1ef9a1938e87b4d106597de3bf535ebe9619c7083f9c3195b4e677323,4a0a667f2694a05548301f90639f0208ed32a2db8dd5217cb4c92e9e50961a99,6484180d2e067c8d440f0cf6a881362aab339bc5a40622e6610348676f193343,9dded71300c763b27f50f01f2e86e94f08101243abe32ee7360262e8840e5199,0.380661458002578
spherical,0.02,spherical_lr0.02,710054,ok,,0.3520444649032593,5.9996132418500405,36,89.10954248835324,0.00039877645142935147,0.03553478714199853,0.03553478714199853,87835c9cbd7737dc1459b2652ab697fb94da9aefd96cd147d1e6ffaea48ed34a,6b24e51565e67b216fb51004a0c385e75eb53552451da22cc6067b4af1fe7e34,870bf339294255e0d9015c284c5d546ef7cb60cb63af89b7da4f0117cd56acd1,ff5bcc88a1eb24339dc1dd9d0bbef21ad1a83a36640657a7c9d7dceb79706edb,0.38137554100103443
spherical,0.02,spherical_lr0.02,710055,ok,,0.34368251887053514,5.9282824925008,36,37.66505501612067,0.001285997177719804,0.048437154449392325,0.048437154449392325,1c98689651ccc3e0e303cb66df93aa82fe0d3ac6c58f7177b1260efd1b53a44b,998dafb67137bd34e53e79cdb6c351686d22bb5ae595c803e609b9ea5c5b7dc4,2811ad4ff155e287d7f9487d1a3c2bc4b92a46738b6622bb9cdf744296b771ec,3f3e0863f49becc58011b14cf1e23fd79f61f363e602c9e09ee4028107586e0c,0.37879958400299074
spherical,0.02,spherical_lr0.02,710056,ok,,0.47081481786422874,6.087679810119233,36,133.5085434700015,0.00037200382198457853,0.04966568843843481,0.04966568843843481,681c4773cf9a1708e417cd39b861bd1b16abbd7a852d74dc51095f2fb515cc1f,f9e8c087a604838fe81f65eb7eb909258ee44d53dd0c43a7525a7f6195e9d485,069205386a5252dcd6b0f01806043f1178cc4c8ebfb5e2380e0618117725069c,831382bbdc66672c6634b776d144dd5fd93c29b4ecba134e59d2390e452825f5,0.3789941249997355
spherical,0.02,spherical_lr0.02,710057,ok,,0.4328235578900389,6.026790723319368,36,113.00847609197545,0.00045764082588452433,0.051717292330683166,0.051717292330683166,2bc80cbd37eda3d9ceb27b9ce225092e4192a58362eb725e52e78463e00407d4,cfbf6c3c9e6d05851c8966b7aa28b32b3d5d8ad30c3211a1ef69a8d3c45a6d2a,9c6f8af8be3f41db8eb78049ddbf71e26f7e348ed2278ec30ec9830b1d3225e3,295a0225764be63f10b3ad7462544166d3019f5ddf6118ced39b58666a64dee2,0.3796780410048086
spherical,0.02,spherical_lr0.02,710058,ok,,0.4913081054421449,6.090908612775351,36,133.60294364229046,0.0003876126691299988,0.051786193588813006,0.051786193588813006,cdf6bcb7f9784354f9ca8f4a26f31066a093ed2c0177783ac8de995dd4aac39b,3a4cae55b0dea6c8e1fe4747e3eaacdaad40cc44aa68304158eec70efd041a88,79a8d382e9cc4ddfd9be7073aaf7b26df7c5d67abd58b384d1377ab1704b3483,8d9a7893d5320a5de41622b34d85f9914712d3307832f6ea0a18a9ceb4e7d579,0.37988891699933447
spherical,0.02,spherical_lr0.02,710059,ok,,0.4955014876567613,6.142496842768492,36,80.6201186730275,0.0005329096385593402,0.0429632383026542,0.0429632383026542,1e5469e8bc28ba9c8a009af65e2f07abed1f783054ba07f0a1aa3b330ca62058,ed868096cb905f86297477aa8ae369d4b229151ce23434b014b717cce4e0209c,14803498b82af5461d61db471e50df5cd9748ced8a625d1706e0fd475d51ffca,14703e6c63856717af24ece91df8654b175779f7a62ff95a944dca7335885df7,0.38342574999842327
spherical,0.02,spherical_lr0.02,710060,ok,,0.40093623334878237,6.0516940131324874,36,131.5123692457772,0.00035198225263950966,0.04629001997708763,0.04629001997708763,a244c6f03c72cfaad45b2a44b7414228832b41567828028b181b04536decb69d,53fad8693425193118422c69ca48fe76ada0a6a5e4c3a443bb50be4bd0997f07,cf78216d77506394fdb667f9c9bb3ab92f6054fdb523a43c6c47c7887c5d892a,e0b6414ed153c4bc8ab6220531f1e113347d9674843b941528e55abab87d4cad,0.38275470900407527
spherical,0.02,spherical_lr0.02,710061,ok,,0.31314783759866727,5.986995775391465,36,86.36109565890563,0.0006313942535389791,0.05452789952836308,0.05452789952836308,df26c39ec02b99544084a9221cd764d575498460b2e5c90925f86c4983f32299,aeb641289b69759683a6a85f1305a67846f24640d3fb521d05d575b6eec5dc53,a54269e27508aaca436167c2d9d9affac4e4a098e769b5e0f021e8802df02657,5b1f21b40882ed5ab8ab75592ff3190b3e894c83a9221296a3e1ef7c6dbf15a8,0.38198270799330203
spherical,0.02,spherical_lr0.02,710062,ok,,0.3957254585955359,5.948155489815491,36,82.66401468806811,0.000619844864194644,0.051238864958109635,0.051238864958109635,43949392d6089b6426e0dd83cd855d77be771636ee3615c30704e50c0366393c,d41688dc118aad39615b2e728c2363a27329b1390f74df32d2fd944160cdb7cb,bb194b039ffc5b0cc54b983c27930a20748f60aa12aac601f694338afa68a2fd,68e836efc7ba6646435d4999be2f2fab072a82ec7fe9b3c9788284b2bb12dbdf,0.3821349169957102
spherical,0.02,spherical_lr0.02,710063,ok,,0.4256910503582546,6.043835098074434,36,120.5474324014333,0.0003594575627684274,0.043331686249010966,0.043331686249010966,bc194be99cdc0ba1bfbd6f7fb68d213b51d30468cd33521a6db8aecea34f53ed,03318e166acdefb67948107fc0dd6f6c7c5b92240ea3fe5a69620bac1f044c86,01877a48ff28b704e0c99819dba4a4304d80bc87ee8a2b6b8d1ef9281a396c06,f422aeed19a37a13d1f0a45057961d12ea9808b014b365f4f92c13006ebd2038,0.3840118750013062
spherical,0.02,spherical_lr0.02,710064,ok,,0.43798215064959045,6.0735316580416,36,105.82915664695406,0.00043757775787959467,0.04630848508386256,0.04630848508386256,d533b196ba1c855b2047cdba462e085e24c031a192bcb24a87783a4f7e3ff78e,63dab2d377afb930668cd49dac93f60bfe1a2b1ea7684fc309aada1142821735,0dd5e7ac232e6037ff16e8566a1208410751f661a8f1ee982d66842c8bd67c9c,41b181136a559bb196f02f0df036211b189ba31087459e30d844def15744bbf4,0.3874162920037634
spherical,0.02,spherical_lr0.02,710065,ok,,0.41717691619248853,6.004923107200771,36,159.31170473620168,0.00030616579522030595,0.04877579476846177,0.04877579476846177,a014d4ffe4b137efeada0a42d32920ff41d8f0526e3fdae0ce901ab10e59c521,b52ec9d9f6a738791b39295e6186ccc2359cffcc85d0c38273500fdcb9c4b285,33ac423599268c9945bb1fdb1f77657c086ee21bd22caf09c9e7a9209c80b55f,cf4c97283896b9848633881242b08eb87bdc58fc7f9ad5b465c931d69035c3d9,0.38658474999829195
spherical,0.02,spherical_lr0.02,710066,ok,,0.49204972998893654,6.107492932535998,36,50.30610216587794,0.0008171179144682001,0.041106017286806386,0.041106017286806386,161bbb45a9072cde44eb2c5bcaf375b589919e9563088188b033f7730d06fde3,ddec2590744e7004289ff399b69b1acb0796c1465447153e75de68cb65ff03f9,9081df26cbe986989861b0795f49fc260970ac230afa636e963ef076e3ceb948,a95e4b265daf7d26083b864623107f4a00e22238f9cb9cb5271cb189741e9d14,0.3882230419985717
spherical,0.02,spherical_lr0.02,710067,ok,,0.45080821108052205,6.096555798729911,36,200.4705812760011,0.0002249382572074093,0.04509350317357999,0.04509350317357999,7f508a2eb188b0530779e89124f7623715930312d84b9cabbf32eac45dc747f7,8d8d5e5c61c62ab06d26325815bdbc7393d7fa1a212afa13209de6cdbbe3862a,8e274f333de2f4b4b2b5f9f52a17a43c7594e40e3cd6c9cd48c59e09215c809b,cf17a7b1c2621da4ab9f11a6440ab8492969515a41db26a440fc9754d65266c8,0.38038650000089547
spherical,0.02,spherical_lr0.02,710068,ok,,0.4990500541967513,6.181834909075633,36,78.9403005576013,0.0005149920554457935,0.040653627641667814,0.040653627641667814,8ea2168a7f486fbfa6ab635db11e4f74a349413ad588cf5ab3c236169dcb9832,74dd74ef8b0b3a3123eafd84f5d27bf3551c935470ec738cd00b0d775ec6b524,852350f27dcde2217228237edebdb6db4db478c93ff0a251e57b09b531c662e0,00538e8f85dfa3acc697afb435b9724424a9107f54123f26de85bbc842299c6f,0.38053958299860824
spherical,0.02,spherical_lr0.02,710069,ok,,0.4336779468728418,6.188315374988435,36,84.59111809340266,0.0005270441998874566,0.04458325815312275,0.04458325815312275,389d200b42977c1709404be963cec48eff2c28532765ee7e4564b0cd8cd536f3,07f43ea38d007fd9d00aa55677ac68f91a1ac698c1aa0de566883a0b0e1d393f,996e8a189170089c66a4565044f738b2383dd7fa60240659faab75501c4e138f,c6bcfaa128e6552e27f08bf6ff1bc0563bdbea4c4f7dbb64c91f9dbf0f94dae3,0.38120516700291773
spherical,0.02,spherical_lr0.02,710070,ok,,0.5421094571912085,6.086253162141929,36,61.88019415565342,0.0006874049843996346,0.0425367538982133,0.0425367538982133,686471e5471e019a9f930c22a0d8c2371f50ae01eda93b91bc33a1e08264534c,96aa986121e53e392ff93bb81d0b72e4da9c4570b9fbadb558bb3b57bbe52df9,2db96942e894b883184db6457ae00afae4e7a9de252e3bafdfdb6b4b2b897e56,1f510c5c1fbbd87cc65f5cf4afbe9733a0bdc347a3aa1260ee1930f319c10595,0.38404616699699545
spherical,0.02,spherical_lr0.02,710071,ok,,0.2940822812783873,5.887331616178698,36,295.3904250398634,0.0001497991230103126,0.04424922661661501,0.04424922661661502,99f40e0796bbb4c7059ead58721a547e9cd3666a60900992cdafbf62c523b452,6e25b96b1ed9d72bbad18aab2eb4592a9541ea9a6e9f6ba8462d5dd3fd7ff168,fb76ce7fae56350757000bd8dc3b30aeaed39160defafcb4b793b6bffa2521c3,834abc84653b38191a726bd468bf60b9a25e29a1f86410bea57cde03e4ea4bae,0.38673941600427497
spherical,0.02,spherical_lr0.02,710072,ok,,0.5520267604346909,6.0826642750411475,36,30.213165409699126,0.0016879898717355123,0.050999517204641846,0.050999517204641846,626f08f98e740637cf3b7fe09e22b054a7c81d36f61ee6f178942c25f453f552,5e85dc21d2cd37712b1f35f453cb95d164450f4e733e958ed471040654503207,92ebaee588efa21821803441e5f19b430078cd8164b73299b2a156996ee28c46,dc9401278a0b0d5ae204b91d74502ad3d70878abfb7d50b3a407e0fa7d250840,0.38616124999680324
spherical,0.02,spherical_lr0.02,710073,ok,,0.417012750048468,5.998863687773004,36,75.79850434370977,0.0006033930990042412,0.04573629443583748,0.045736294435837474,aefbe69a0a992cc25253a1f8cec1184fc2429aeb74ce7d7817249412e6843e7c,f18f406068795dcc629446cfa178d697113142e82a56650609d729d392811efc,c307686e4013bb69688c0e22bb1c2894f26e67fc5505936443b40a649d855889,00bd7d0c7306014df7fd65971d5a0913c737d4990083ff5d054122097f96abda,0.38425929200457176
spherical,0.02,spherical_lr0.02,710074,ok,,0.30120750990639916,5.888229951665689,36,118.64198468624367,0.0003919863144440021,0.0465060343154824,0.0465060343154824,9afad07f55863d8542c6aadd0e1352f0e96af25072ec39c0c6f2928105565996,618deb74535faf773a72802369168f17de33aaf72216925a74d1bd1cf6b177b5,ecfbcdaf6928c3c7edb48b3a2c2903fa4461a13e1961ec2519d7b607885d0c8d,f144587b13d51377574b7c9ad660819f7169d8cb0089dc1d300cdd0d0fc05440,0.38398766700265696
spherical,0.02,spherical_lr0.02,710075,ok,,0.41348667816528506,6.076367920708368,36,56.13661976689123,0.0008526638205631221,0.04786566468393676,0.04786566468393676,ee5991253967a9e84172778eff3cbca4db3b33674ef97c4a308bd8a1a3caa2d7,95d4e8917af0959280f83c7871c07b1e510a0f95846120ba5a62968e90c6822a,b8dbe1200ab2a3b25ed38e4f51d6c07ca32493b533ff3a924a243f935edee88f,cb9e4bbf1ddb68eb3352cd084a84c43b068cce56c31631586fcb4b8f6bd136f1,0.3823354999985895
spherical,0.02,spherical_lr0.02,710076,ok,,0.41812025477486536,6.040825546460711,36,52.349318288447776,0.0009830898900124428,0.051464085558416486,0.051464085558416486,879518ee3fa8fe6bb7e5992ce8ddab42fde6ef3ccec9cae04057ba4e03396612,563dcae5f39d57bd6ecdad8885def6da78c03cf876b1ce3c950314736f42dc2a,3217632c47b51152b361ece6ebae42f980a71415ca5d65ad16050dd3e9195b40,b6567c387115225a7e7742b6180bc8b6677a09b71735abb5dc96b85965df1805,0.38070737499947427
spherical,0.02,spherical_lr0.02,710077,ok,,0.3921324942830431,6.133791850752598,36,68.20870949927846,0.0007857051892724297,0.05359193700715875,0.05359193700715875,7a0cb306320fc95856bc970100f59da1b0da515f1a4806ecf1f0a5312889b1b6,03e3cd1df2ffb19838fde0d200dff4d7a16b0b56a00fd6040485bb7e65571156,b8e5fc1f210dd047048ca9536d9152921a4ceff46c480d74c917801ed10977d1,213e4bd4f3cc483c6a0acf739ca1437606d35dc3a296bd44436d9b1c084a074b,0.3849979579972569
spherical,0.02,spherical_lr0.02,710078,ok,,0.416336464866746,6.103404308035051,36,111.35789820265413,0.0004681907883286197,0.05213674214611882,0.05213674214611882,7ec26f80b4ecf7320a564c0f6da2875b362aa266a582d9be736697977b7a938f,1cb6dafde57f5dc5801e4795f595177aba9f1d17fce5fe01a15f1cafb95468d1,2153a2c0ea0094ad6678cbf63f81d470edbb7adab890d6acfa580f087499b965,b0ff8293b26eedd9c1fe441d08e481e9526dfd7aef3e565c7c4f13420b1cb0e0,0.3859734169964213
spherical,0.02,spherical_lr0.02,710079,ok,,0.40006817955868856,5.934182294589599,36,98.4999991283519,0.000496287707179803,0.04888433872462236,0.04888433872462236,796724fb3363220d9af26fcb24bcca492856a559dec7ad722d82498210554073,9a929406b3f8cd52487a25bd2834ed548917e3a962b012eaffae7488a9b5038b,cbf417a04f4704b00a82bb28750096765ba42931549f1d3a0fe41be7ce728409,24459a3ff2ede5c00671fa1cefbb9724eb53e7c03e5f76b3dc416c0f03da4c1d,0.379239707996021
spherical,0.02,spherical_lr0.02,710080,ok,,0.52521263645705,6.112878229673984,36,50.37486023276364,0.0009016069073412128,0.04541832194220787,0.04541832194220787,eb69e6c7e1fb8ae063cfaf3fd1b792448b47e50bd864a7e32239be376b7ab71e,0c126746bdf73d1d674742e21db0ed692dd84b2d7ae90636e88e0e9c63b3bdef,ebc0d55b97b9ce1ce4de9d8003e7e256d43cda829bee9319c9921d719058a973,5457d8be936723a225294a956e6f7d90c27e5bd6629d89d11dab436013105e90,0.379281000001356
spherical,0.02,spherical_lr0.02,710081,ok,,0.40916466542708596,6.069750693451551,36,99.87034339154565,0.00047874375371244083,0.04781230307981902,0.04781230307981902,e9bf76f521ec5c1ad5003bde80e9802049dc82f53c88a2e2969404aa0dfaa320,31ba2294b3f33979fa93c55279682fa37d86f453fe1579286eb79c3fc9ffcde5,cf439ef4af32da77dd1c723164516cea7d1916d9ee54f2396c837345539f18b0,66dc0f3493aa30fdbafb4c2c34db54e721b6562f177427214f2f775cfdba8732,0.37933087500277907
spherical,0.02,spherical_lr0.02,710082,ok,,0.5503377880273393,6.379011563245584,36,37.22974463572599,0.0011996505967804033,0.04466268537023071,0.04466268537023071,5bbe69c0ac6f01ef087278bc378360d33af39c0130efd98fd15b31a1ffde6e47,8fb25eee675d319ed5e498adc729db6013d01a7b7127d3ab2af108dc1a4dc81f,abe8dc393d4ec0ba979d549f5d69e7b882a24b1c909db2d27de49b8ca378e7d6,5cd6618f4e4c8bdf0449c35ff7dd60e48f9bb7b25862f2a065f82ec99ec38814,0.37824416699731955
spherical,0.02,spherical_lr0.02,710083,ok,,0.3712467347728263,5.999797747352386,36,116.90375329819823,0.0004431184392168969,0.05180220870009476,0.05180220870009476,4052fe6f0c79665757d45ba2d5f14501ba6cbf4b33110dd613ba622b90fc2ce6,e9e0e4322ba8ab20a6fe95519c22e4852d9e501e70a2c74ab0b9cd1dadfb5e5c,9aa609312927b57a9b71724874c1b9f5df266e719a74e04dc3488a248bd89cec,de5aa3b508dddfed55dd3c2d8069a264734b69d0898e20c0cf0fef68a2b63b93,0.37855841700366
spherical,0.02,spherical_lr0.02,710084,ok,,0.5136209754105907,6.197945089312443,36,98.12601763899234,0.0004317509512341641,0.042366001456455304,0.042366001456455304,723979127cd92b00cc5e548ea27a3ade0942f44d8d2e9fd3ce925fd4555ab129,469cbeeaa3fcdb5c3846c1c3f04601c5a922971b4f777a8128e2dedded94387d,051a7b5049006e5c85b013c019c46f7206518d48c1ceb5cc3573889aa9f99de0,00e43453b677b4a8a3e5ba8ff11953e69472e878f5ec5eeb10648b109ce5e588,0.3781508749962086
spherical,0.02,spherical_lr0.02,710085,ok,,0.688134697837642,6.353617569641255,36,58.711674172268744,0.0008147295109848864,0.0478341335874765,0.0478341335874765,fd6e17275f8a1fa1fcaf6b75b0607b7ddd9e5b1c9c1a1341123603fd821a7228,8bd34932371841ccd4128615d181c4b835d41bfdb3c53e381d9b86ea2e6b53fc,7f34c5a2945c7625fd2aab4d555d21fda6d10b3e381cae0dd07acc849d1601c3,627fe3e0f3391e37c3c7f4d92205e5294a569ed7733f123597e3f318851766b7,0.3777961659943685
spherical,0.02,spherical_lr0.02,710086,ok,,0.4493406405769894,6.10070292625844,36,87.31051950824389,0.00047542377909755735,0.04150949713958031,0.04150949713958031,574d6e47ccd569f1cec21a771e18d66341292c9051fbbb057f237228cbf0079c,cd6bf76c2d5c71339da432381ac8633eb36f8c55320ac7be86a686071f3d4baf,7c01bd40a203da83619d60ef85954655d5e44a2f83d13878d1f7396bbe8a14e3,8a349ea60843bc6eae9021545f88ecd1a98588c578bda5d3ea656e1e8688b056,0.3823207499954151
spherical,0.02,spherical_lr0.02,710087,ok,,0.4087878669671828,5.997624242321493,36,71.27534228425542,0.0005647826238173325,0.04025507482878024,0.04025507482878024,1420b068c0b301959c4dccbe7957de6d73e91ada296722be5ecf97a8254435db,b6325c1c1682167bf67343e86bedf6205560e1a138af9c87678ec628b3b04f74,1d25d652ed1de7a0197c6162239249f6ba0752a65e46abab045162df7b1d23e0,c9317ac662de6666a3459e39cbb12e1a7b951963e8eb3217ae4604fe75942f2a,0.38326270900142845
spherical,0.02,spherical_lr0.02,710088,ok,,0.6124181351809839,6.205532949102488,36,62.254885529636745,0.0005924326834328042,0.03688182889112475,0.03688182889112475,8edace0273903173efb93f01019144696ba138d3c671e5838cd84362f8c7eeed,bbe45007cf8b2c7103013a41bdb0758f46d6e3d4f89cc81b4badabfb7b6fde43,ecc0c2acc319a0339d3f3cce47932ee8e8f15945987c7971cda0fb899ede6311,eb9334be930da7adf3d6bd419a1fe772f81f62b6e66370dd820e4c27e894c4c7,0.3806320839939872
spherical,0.02,spherical_lr0.02,710089,ok,,0.6098294393274837,6.3788520084520535,36,46.54468860154122,0.0012566816122075032,0.05849185431148101,0.05849185431148101,e07405a21fbba0a30a26a4bd6217bb7da202d9e379d3cd31383a6518b347deeb,627eb75a6f85e7ba983beb131718e18a16b35eadf96edf4031ea550fac2a07e1,89d5770e1e37c98000803d38be34080424e6f98be1740837044d6d779527b590,4cd82f402a71c422b242b61686b620b37395b344a7a09b82df1585f85ca82253,0.38058083400392206
spherical,0.02,spherical_lr0.02,710090,ok,,0.4258539464135649,6.126667580969185,36,87.79875864261912,0.000569714089421262,0.05002018983239691,0.05002018983239691,8fdcdd0dd2a15429d12bc69a8880f7828b3bc3c5387433278f2469aacc1e501d,d92fb18fe0513be8768c1f082e9cc621a83d273be55f0eaea722781b2b695691,867eaa5c80c7c482cbef7785459017cbc6ee245f3fc6af71c89d832a430e1cc9,a25882ca0a376f3d15c9675d958c1a02fca852ce2aa4665289ecf8609bc4db05,0.38138854199496564
spherical,0.02,spherical_lr0.02,710091,ok,,0.3021189718866738,5.9514870308479715,36,146.64184320673695,0.0003551507613635527,0.052079962262627344,0.052079962262627344,e951a525af7ba291372b7cac35c484ee8d202dde527b6ff39a863304c0717b76,b629d68128ff5c09e515280fd40fdd93161b26b5d045eee04d17b891da911795,da3bcea225ce514925498e95deea7acd83935ace1e58e82fc12a63fd97853b5b,c91396c280529315cc0586527632b3ebd81873612fb73577de9992cb48ce24c0,0.37945195799693465
spherical,0.02,spherical_lr0.02,710092,ok,,0.5721473206655129,6.1185361079408915,36,69.99877338561649,0.0009172056569054316,0.0642032709257288,0.0642032709257288,85c1af327d1b610022b253fadfb9866fd620f13557d8bc121e0b82c22b99615e,e838865878582c7c3eb5c15a68b9d915d7d4bf43902cf40625bcd2e03f86e126,7fa116d3f52bfb8a88b71c1b26d77e915966b17741fa0715eacf97764d156fe1,225a30f2184d2e831af687187216f4cda5026b7c0257c5129470b63310ace6e4,0.38024695899366634
spherical,0.02,spherical_lr0.02,710093,ok,,0.3736204461717353,5.994530019538883,36,92.5505421255303,0.0005573121459200206,0.05157954123804055,0.05157954123804055,bf49553c34dca2b4df9d9bd7feab06157c82006b8e0c1850df5d466065a186a2,52d8f57ae9c43a380977368a1a6574983e934de9b76a5433cc7c847f9c6d3cef,c078dfa322e417560485687ed4e117100dc21dedeece70710ae1668a95bdf92a,70ce759573955dd2405f2f89d63a0d6519caba8f7728bd3ad41794baa3763842,0.3819214169998304
spherical,0.02,spherical_lr0.02,710094,ok,,0.3491017848215802,5.883507045360699,36,60.18349786245213,0.0007775930411742806,0.04679826913136997,0.04679826913136997,97076496aa08bbdd814b6464512c0954e7ad0aa8e6b50e3f94f11bb7eb9406a6,670f7a197b68cf4f193ea9eb684c1f949e68b60c7ec208cbdce2ed9b11fed436,64fe88f5c23c0e949dcdf275621038ad7a4e850808246d505bd026486f806b36,a97c81580ef49a6be1a6f6f01d810c5c09d15d543b110a6324c09ddffb5e2096,0.383498832998157
spherical,0.02,spherical_lr0.02,710095,ok,,0.5007020053698867,6.157445745282604,36,93.76969398592536,0.00048610317819709374,0.045581746265127225,0.045581746265127225,aded037f6219fdee356dd2fd637f8acd46a64366495ece4104643e7bf1575803,9d84138c0c1f36c1a068a79f3cd59f5da4a46304168d7aff30a594eedee9af32,fbcaa28a7e638fd788cb288e89b999be45ad1f959a77461f625464b7b9534498,18c4f72aa81ad3821620a347d9a6ac87c005a13bdd5a7a3b85c4a4be9d1b1192,0.4433614169975044
spherical,0.02,spherical_lr0.02,710096,ok,,0.5742562638614286,6.265970646495192,36,40.78328912176595,0.0011110483647323386,0.04531220668714423,0.04531220668714423,f4419b1aae4cdf25db407da539a759d6ffda95fa7c27c6916572604d36a61ed1,61b3f1308c777b39676dc3c6b22bcc6f60181a0a93b895ff293939a4abbe2de4,4735609a41b45bc58f213e1c1a9ea9c12eba87eade8e1b628e4ff85fa802ef8c,a5431b4763130e49e57f4a54b6ea35eab10ed3805a0e76c803318879a904857a,0.44649829099944327
spherical,0.02,spherical_lr0.02,710097,ok,,0.4132327010127499,6.0747704466940835,36,34.28622542500952,0.0013337123496086859,0.04572796227080251,0.04572796227080251,abe685dcc4b3a2dcf9f21becdf676828ffb43c5893218a46e38371caaecdce94,bb6d73a8168c788593fcf352c70c804f82306aed4735f7423a8e965902b83d66,eee9e512ba7284a0204d0533635fd416309bc3291f590dcd0f077a0315a6ad45,68a20769eb5df016dd63e483c6ed2798dde5feb8ed4ee9683772439fe906fef3,0.4425352500038571
spherical,0.02,spherical_lr0.02,710098,ok,,0.5219075891418313,6.18734225583881,36,108.79550035647209,0.0004422982124710566,0.048120055332561806,0.048120055332561806,d6ddff813cb107c11587461420e21ec0f95384558f599277c94a61ec80c8164c,913ca572a5f7cd646b8a1021c395e8b6314a1ad08cfd683dec6452df46625e73,30ddb9f8325854c1cbdbd599a87fda8d21b136e6f89ceddb48b6914c3fce76c2,f53019952b57b1304097557c81959595f37531facdd5aded0974ca8417cc533f,0.38504479200491915
spherical,0.02,spherical_lr0.02,710099,ok,,0.3151357328017191,5.840749605220725,36,124.78850516500651,0.0004117495283340727,0.05138160814320543,0.05138160814320543,7f43288afdf23021bd0c43664f5daecb1875e6e358027e241a7552619604ce78,2c55bc542c893bc5f42ea42530c8ec47c188003c80acc8fe37c60b9da156d80d,57ccec2855f978f7b51aac02a68dd0fd68482398fdf10bd301fa852a3d098c03,74fe3b91bbfe35fc3ed088d20291c75b1c14a8ccb6dbfc69159cef14c52c1842,0.3868175829993561
spherical,0.02,spherical_lr0.02,710100,ok,,0.36853310546861023,5.976765526742358,36,51.99698532720344,0.0008528798506145487,0.04434718107827215,0.04434718107827215,81e8fe46a6b0a6b123a3a8cbeb20dff6c9ecd01d23b9b474653c6f0e4492a2dd,dfad1368a86b2ce73f0784973e3f9f1ab0c0dd35fdf63803d5f1845dd3826a84,a6cf51c060a642c2c2bc7f9a5bacbc68dd15c74506d9f20f6335042a1dd8dbff,4d0e83348d26fec7516814010801ae928eb465ff368b82dd9eb9f9e4c08517f1,0.38245662500412436
spherical,0.02,spherical_lr0.02,710101,ok,,0.3835678499810886,5.921186279202185,36,85.80999430013853,0.0006406474603041247,0.05497395491709516,0.05497395491709517,4c84e6521085dfd3ee46b3bce2f9af6ac1b36a87a93f4fb4a6bebd8400611316,6d52c2cfae427124de21f67ec71c699573386f966b564f4b4d5810051c36cdf7,5162f9c8fe91f41478f7540059fdcedcc804f86edaf503129dd5e08a9c25f6fa,161ee5816eadcae5f1e88841e32ed970ed9fded78ce09ca5e6f396dd10dd6a5d,0.38173408299917355
spherical,0.02,spherical_lr0.02,710102,ok,,0.5021883531859989,6.1878103669073345,36,63.325011115266285,0.0007696282962821437,0.04873672041669021,0.04873672041669021,febffb199925e3020a1ef95206e53a60645afa89d8a5236ab4ae22a056b7ec21,aeca638c7dd73888d6858d7bfc3fe191fed081547b82c4223e4f5ee58df13bf2,80b83cbe1ca79190a0ec3569bfd1f8c8b230bf5a6f003ca3e3c413d90b77bac5,99c2d2fa370875864d3f48abfb7ae58d22124a29ed9ed9736d4b9c4775e36acd,0.3826632089985651
spherical,0.02,spherical_lr0.02,710103,ok,,0.4222222738263926,6.113634445921191,36,74.98474686490447,0.0006744172516673653,0.05057100689760195,0.05057100689760195,a2832b006f4a79f000a75aeb55e5a28c1a1f7bfd3e6be24ab39c9c9ca520e34b,a888a7baa2533c36d72011ddd835e6a2cf42fc2e58f8cfee5f6901c8f6c38ed6,14524eecb762ae98e0bf83d447d938177a4c99fff742bc80fb02e117ca2fd01c,9e97f4bcce4f270640b931a72cd61da9d2f257beede42567a3e017e630d630cb,0.3788766249999753
spherical,0.02,spherical_lr0.02,710104,ok,,0.44468835284438235,6.127222740379065,36,120.92099231206141,0.0003942045774995557,0.04766760868520319,0.04766760868520319,38cfcc92f9ba3cafc58ac46813e1e264df719826ca6bcd2420d1ca7b5cfae116,655169c78d76bae7ac4314a3a778d40937cdd998fce4007b9c5750d282e31f9c,af20cf77fc3d8f5c7183b1550d7a2491be46abce5be3e86d924a83a3876d0ffe,e9e9aec2118b2025e375158bc175ead5a94b00d5c567d534442ba18b467627f1,0.37857741599873407
spherical,0.02,spherical_lr0.02,710105,ok,,0.43665445346292253,6.095087629704019,36,138.1776787321391,0.00034570880631652165,0.04776924037407563,0.04776924037407563,a4654643770fa053d24bb3f4ebc84e56a6408328676328fc510a2c312e9273f4,7bedb989e8379e7b65b1ddbcc7a549b2dfdab687fbeb88b79982b020a6b31b67,9a4924acb060a9f36d33c8b900cae9594afc182e69aabd0d9c3e1e23b0bb86a5,e392d31344c27882018f294d07d23b0a01bbe33618424e9f5eb21dbbed0d1358,0.3825077079964103
spherical,0.02,spherical_lr0.02,710106,ok,,0.33105658370237123,5.981466653281793,36,83.66512070381928,0.0006112880266323626,0.051143486532996114,0.051143486532996114,f4dd07468cb1b993611ff01b6977694710181001943f747f91a328a10612e4fe,99723440cd854abcdd7338daa6b2fd66cd976a8bb4fcc1cc055b81f91f77441c,ce71872e0a3cb9cc84383059e15917747d3c6bd0edf78f435d45dfef32905546,244be6b6d33dc5efa290de484d327c9e0a2a6c90c3075d5bd7ae15776435e98f,0.3811519170048996
spherical,0.02,spherical_lr0.02,710107,ok,,0.40827567614292876,6.031581049753412,36,86.13097135578944,0.0005388736695065651,0.046413712592659105,0.046413712592659105,38d3c0fc1168955f42be5228d53c4ebd589f7cc94c07d80164ef94a4823ff486,48d18d06e3a38754536f3a27981cac3a42069b309666a4ca0492cd3e324f2454,8cb585ad41b3ae0dc0ac8142470f45724e83a4cc16fd891195237d2a28e92323,74cae9055d67125ae7c8d12be1cc38c59c6163ba5627ce82b3751791216f9886,0.38147008300438756
spherical,0.02,spherical_lr0.02,710108,ok,,0.6297101998354981,6.1435733448761,36,194.34523501152876,0.00021868407088212905,0.04250020714886518,0.04250020714886518,79a5bcecfe37045b1969c27696b6075ba7d44e86998097bbbd89d7040c3ab8f1,207128964a1365c9162b1862cabe7e26dedbbe20815896ebdd9f4644d038f875,6560b91cb8a12ddb910da4c577c562d1e1dffd23e42bd94ee3d473acf8728a35,852dab4c6967f79cad49ae2272140e1098bef2da13f19438ad8ad20fbfe52315,0.3812404579948634
spherical,0.02,spherical_lr0.02,710109,ok,,0.502074295643061,6.234831076959383,36,331.9763420790541,0.00011520031846860704,0.03824378033155027,0.03824378033155027,7da5635241b22e3bdf3f74bb615259bf67f1756abf8bf7a4029bf76c3461f995,d5c34b7368fc258b927927962742d79b97f73c350df1a2a0a17b5b5ab5cc7ad3,ffff2afb8dde3ffbcf8d6b9426b5964855f04e7f7c27db2be6e5aee3ab2e9ed5,031d12323735f534d1961be29a392b29e2746f4c0d6de59ce6b86bd5270397f6,0.3832420840044506
spherical,0.02,spherical_lr0.02,710110,ok,,0.4305272626448873,6.006262619230794,36,40.21735896217425,0.0014460363089739043,0.058155761310341024,0.05815576131034103,38161346dd2d945f0a6fb369a4804845c887f52d422492b58baae78c3ff68982,b65f0721da2cae6529b6594fa3fc8f602243a9fc06300332942e33d142261a93,458be35201b531aec42d25732344699dc70f98958496988efa03e70d7d0177bc,c73f46e33365b07dd05690ffb0728c6ec6a2bd8f575ebc250475bb37cc752e90,0.3843957919962122
spherical,0.02,spherical_lr0.02,710111,ok,,0.39159027645691663,5.993676504471622,36,76.25261903939638,0.0007042614478768846,0.05370177988908979,0.05370177988908979,f5aa4f946eece55e6eead2c69d19531b312f125b0f99e3e6af31337af9cbeae2,54ffb99f6fe4087662a16268705bc3e5334dac7e0318ca18029d6dd3ca687946,041b1e1ed30bf2a57199171a84f7693bc4eefcf1ee4d4af736e74ee4df492626,5f0767f96aedd0f364b88a3c165b1e0239402ccb0b54cf862615a3c392e9778a,0.38352499999746215
spherical,0.02,spherical_lr0.02,710112,ok,,0.40121971763016534,5.947412163178222,36,120.52740373443775,0.000387290547785166,0.04667912421543426,0.04667912421543426,9d38acf1ebe5ce981e22bc298fb9f0f0ea20fc8f0e8071a0483d411ce3899d6b,8a15a55d5b92e61092f022d4ce065bf0cfb4dcd6e5b573f7876647c6dda8cf70,901937e1cf737dc15a0a08f9a7f12d7b09d0d176a549812345520422b2e4645d,6ad34056bf2190d780d6d4f37013310c87c0e2cf4ad51e80b7010d2792386566,0.3809417919983389
spherical,0.02,spherical_lr0.02,710113,ok,,0.5210250022474765,6.174079661871141,36,213.50945852237712,0.00022255900653202448,0.04751845297393074,0.04751845297393074,b67ccaac5ca87c147e21663a394d877eddb61f19f6ed447ed7fb1f4658902e26,f35bd2ef82b3479104008d906e25b4a89a32c00d41626b4b501d887bd1bbe821,a702a256ee7739d619b062f89c72eb89a3ced741fb3600dfaa0011b292ac76cb,972f236c4e550a55de6fd11fcd7d8b77ca6142b3b8b3483f3a6fcc6b0ff35cc0,0.38311129200155847
spherical,0.02,spherical_lr0.02,710114,ok,,0.38497464895587485,6.026293544439825,36,219.5395386552597,0.00022671858492038355,0.049773693537994323,0.049773693537994323,182c426fdef815c61a400f37da37d5dcbe36bcf2f24fb8000ae54e82e5a40fd8,94e3aaaefe55d779fba93e1ba7180b2e8b2e0f57be46086f5cd8a3c5d1d772af,6eceabd8c6ab060705836d635bb6a1732f497d5bed94c293da74e4e7f928bf32,35d3a5f3cac96fb6c11f1ef9ee06d8da7e553336293f55251318398797bcea6a,0.38264958299987484
spherical,0.02,spherical_lr0.02,710115,ok,,0.48565137054454516,6.132215852448027,36,100.11456025160753,0.000541435107712189,0.05420553771338756,0.05420553771338756,72cd90e04604e1dbd10bac0871bc8883b5c400aa925efbf4296bbaeaa6d9abb4,5d15a5acf0d815380aee11d2425f22c1d3ed22b914fdd2a1678df7615a2e1eb4,1e22fb1629e276ba67b92ac44b1c0bbf0617ddffb9df4de9b8b2bbff2e6c95b6,2ed595fbb26b020e6cd74dc03d198800ecf3837460c71b1a7e25ac68f2aea37c,0.3843009160045767
spherical,0.02,spherical_lr0.02,710116,ok,,0.34202883945594764,6.054872361517453,36,78.97093443999007,0.0006175734405025552,0.0487703516818064,0.04877035168180639,04c445de5389a04befba7ad145e1cd1cb22bbbfe6f00b5978984b8ecca7a5e9f,613214d6b6627ed49eda5a03a0cdfc852ec86195e17adc2da2dc1d597321674b,0699e6afa75b878c53524bfea461b31a49c74eb857862b9db2cdb0405a364d4c,7cfabb8fd1f194e323cb85060b120745604deae4b01c8d5e14aa56776e3e1dc1,0.3834898329951102
spherical,0.02,spherical_lr0.02,710117,ok,,0.4914548254058341,6.18004529296315,36,107.42560354045654,0.00048415455939372756,0.052010595749734996,0.052010595749734996,14a43648171a52814ea3177d9d4563c983ef9f90769fae7ac4c74ae5cba9d377,b41d22d7ef19f7069b0e3dd021db191fa7e58ec924b3a091c65308e04de8278a,f76c9fd35cd8330e09640f97e8e55e1d9fff7e41eb0d738a305eaf2af0664089,592a65e2392eff4571b580121b87fa613f808c6a6776057cecb7d4f1f5036895,0.3840794170027948
spherical,0.02,spherical_lr0.02,710118,ok,,0.4542448147335487,5.986067683255779,36,64.77573836243835,0.0007633329631822483,0.0494454563065181,0.0494454563065181,4c1d5c172e13790d57b71cc3ea8bfcf1598b10720394ba3d63a8544f4251e2e4,299dd84473639620cdef5e818458469d51a5084c3377dbcceb638039b23db59b,59d64de76c55237cdf51b2e944a8c87fc255a294f9c58ddea376ee2a8fb549de,b55db464eb55e555c88a28c7fac2805f5dd2315127a45923ae5c3cc5e6ecf543,0.38201683400257025
spherical,0.02,spherical_lr0.02,710119,ok,,0.4008527726600115,6.169736053063314,36,50.31683125926463,0.0011072730130308832,0.05571446935461248,0.05571446935461248,ed8de7fbc53567625f58961a68f319867476a2a55c47b1e1f334008eb343f73a,f7a63cb201def74a013578086f1f3ffd3048ebb8d8e054855da63447e420f6b6,12e8461d1eadf4981e2e12ed9676d6e1b8106b76d710829b1af7bf2527982c6b,52d9509ec41f98d3096c6addbd3f63022a22f77214e71c19d9c0804f6d8c4e66,0.38157320900063496
spherical,0.02,spherical_lr0.02,710120,ok,,0.4990959112050388,6.1821187929068016,36,98.13539715397067,0.00045253500465437834,0.04440970240783138,0.04440970240783138,0de56e535fa28db377cbbcbb31e482c1571bffded9bc8638a26dfa3b1738208d,59f898a9f262f35fd06de94ad8c5fc0fe3c4e1b5d9820b79372e1d2da04b80b8,24172294a7d51cd6e19fc7f318a5b1c2688542a3c0977d07c372dc4c66840200,6c3111c1a8519b27c55cfe37125b428eff6f3a768d860214e7e022be8e89a7ba,0.381280916997639
tv,0.2,tv_lr0.2,710001,ok,,1.6259074131978273,7.308809121327651,36,3.1298394904548,0.017535332686847524,0.05488277672155825,0.05488277672155825,fbfd6358740f1425a62931fa17fbb7843125eb4a8356af36562181a2cba07016,8d1a955cf019a03ffd1d306c96caf2e063ce640c4102ef16cffeb944f12eb6dd,4401cad43f46809956be46204f0aed84bd368e1136a999aa232bf82701484f65,98c02882953539777963a4234878a77cdf80375306e14b6dea9408b6cc1fae7f,0.36267775000305846
tv,0.2,tv_lr0.2,710002,ok,,1.86826401773348,7.614899371489929,36,4.372566949593407,0.0134955993122881,0.05901041151786647,0.059010411517866464,0d55f1fc399d3757c79882b4104a6477e5ab5f50ee13e4f11b987e9b7b740a93,5d3032ca5fed5082ef185f8a2df8a4546d59930a38f009a809b0f7a830841c3e,5c3c4dd0fe8e044dcd33ce05aa121a06edd793a666015e6ae95430e2f51d504b,97f118e3ff2db670c05c841eefe7fb00889c42ae5a6e37821062e07d0cceac15,0.361755958001595
tv,0.2,tv_lr0.2,710003,ok,,3.2531246606381288,9.265306282383378,36,5.7300116227776225,0.007541410794325489,0.043212371503625675,0.043212371503625675,18530ffeadcf945e7ced4039b99abec02f2360e3c47ebe1653b881cb4c3a372a,e1de481039be728126568044409d37c4e0386936c5f46903fdc09d2fed3e37da,e57242d74b728c5b4a89001bd730ec9fd2de85013645ef1ea998430f491951cf,fde045089428c46884f73fb71eab521f7fed445b69f421056376d6007cef2472,0.36196845900121843
tv,0.2,tv_lr0.2,710004,ok,,2.0845468841592174,7.737286276464065,36,3.378878797839927,0.01673682308603978,0.05655169666861763,0.05655169666861763,16509180dff89f2a9605a1bad930e97037805b0b24f5975b0283006bbf85d6cf,53c5ca19db9730c30f83000b8f47a3f911612c145144b7d9a0ad74d03bf26808,01736eb4010d7a28487f6bf9699ecfddac3572c1abb51b9bdb9dc9617b0ddd31,2ecdc5ecfee9b6c0e9e55426a9bf0d54e63e006ca7c2e03d108ff1171d1de26a,0.3602121250005439
tv,0.2,tv_lr0.2,710005,ok,,3.3598164630295217,8.766484648117636,36,3.9875228837106156,0.013068444004356012,0.05211071952186039,0.05211071952186039,a11c9bc0f5bdc31222cb606b752401129e04183d020147508b6507999a2f8dc2,70ffe32b971293a274f65832f1fbf70bb2006ab75c88236e4203c1782576c1be,37998affa690a0d79dd202e9d9452d4eab8258a8a55fa6b0373b157cb976516e,7132ce008f238d71be1069ba0ed796b25dae799222426540f752d364a08c0a1e,0.3618414589946042
tv,0.2,tv_lr0.2,710006,ok,,2.2391404132369086,7.844635150682229,36,2.368095473207089,0.02194474081631872,0.051967241387827205,0.051967241387827205,0f8444576fbd35da0afa1904a49e38b292a0e40153e791bd3922a4d890ff7bc9,59cdb109440f43e2240c3a8bb098c5d3e160156a3e6f93a9e458013b5d0ed4a3,d4e794f40e9cd82035ead11ffe0bdf3fba67527780256706f6446f5426c16702,40d45c7fe1baff7db1d21a673e74f0e402105de488c30f2a8274e45a8725733d,0.36264712500269525
tv,0.2,tv_lr0.2,710007,ok,,1.1007626515119813,6.794346553794141,36,6.26332615995527,0.0075340048202327025,0.047187929479792584,0.047187929479792584,9034dc2a399ac71b68b21912d04192ec853d38215ef7c8a7b4d4f17b83e16051,faa5a9c16b7654f81563bb1475fea119f21f425bffe016749349d3af4828bfe5,c765bceea87c77ab8999143229deddaeaa13bab35743dcd5e48dd8f37e369753,146b3190ee6826d96a47c1ad7bbea0f07cfa8567f31e2a4394a6b0738fb1a40d,0.36154233300476335
tv,0.2,tv_lr0.2,710008,ok,,0.9693783964718569,6.653407558356625,36,5.311604894707299,0.008391368706796989,0.04457163509631654,0.04457163509631654,f3bdcdf50cf0dc3b1bd234222d0bffdc882b7668004bde8f94e65ef9616f10ab,5c358aa603198da97a5d8c65a54d09fbf21a3b3f0c2d9bbb403e1c429e739963,c03fd18bbd925d5120d9219c98b81831a432ac25f7161a64188d42ec69961363,e7c5b63e567ad15445014013eb9a567e527a0abb8d040abb463a5ec7ec3dcb39,0.3648267919998034
tv,0.2,tv_lr0.2,710009,ok,,2.1155598660200488,7.639981496055976,36,3.9400690317287173,0.014297301200757404,0.05633235369840205,0.05633235369840205,f685fc01a29f008f4092430c82efbe6d9569f4556e24dacae92a9ec39ea15f58,94502329ab2058e0e6a4b3699281c6f5cc11667a5de1553d6449396e5d87d6ba,2b75c7a45aedcfba96fdbfb506c9f1595e22314f58c9ecaa9a7e21087360a735,717ab5b0280140e9a339055a1a33e68c57403c6a2fa51af9e65a482dbd1538da,0.36078354199707974
tv,0.2,tv_lr0.2,710010,ok,,1.6174673824316386,7.302126605728468,36,3.323647311004318,0.013093925224012894,0.04351958936128207,0.04351958936128207,e0653f5c51094eef7c16e097d057fed8a02cca87c75d3d76133c8d59feb2c021,33f6d71a4d1fd3370dd4571d6134c16ebcc63350f1c9afae28b30ef5c954a4cb,5ab7fa3602a0696ee444e34242c86f3b3992f9fedf69ad83ab501fdbb1a01216,d098a55b70bb8d3843ff1ac82aa939089df452ddb01568c6996c825996f36ef1,0.36020862499572104
tv,0.2,tv_lr0.2,710011,ok,,2.6359944293073765,8.200619649958167,36,3.9832895725840025,0.010419433713380043,0.04150362166273694,0.04150362166273694,ec5a9506c44e46a4719a09d62a757ce636c932938a449009d028072c2c71083a,e0e21e0cb7f32e7d4ced64c027b1b5cba9501b41e7c5ee4d0cfc3b0dc55bed91,2e5605afb80dd4222941294119b7b01f6588556e21af8e007a8b29391a0879a9,7f0c1c2f804ba788f3f981702336fcfea9af0ffc5dfc4c1ab2d01efd63f85d91,0.36006624999572523
tv,0.2,tv_lr0.2,710012,ok,,1.8566740699976756,7.3529322979755305,36,3.742693304154,0.015132750838013362,0.05663724523486344,0.05663724523486344,f5373cedde247855a0e2e565ec8672d22b9a70fcdae4bdbb8272de00550cc765,615a50812e3ad39138573c8112f69154de0106d49afcbaedad8c5f2b0a08715f,e2e132ccc0468169928f60910b69c0815dadaeb7cf9f4b1da91cf9d6c2ad0966,5dc418709e8570a2a6b5b8c17083889859db2d5536beb5d2e70c215a16d1c67a,0.3616147499997169
tv,0.2,tv_lr0.2,710013,ok,,2.4537695328749947,8.0510980421709,36,5.502933334327595,0.008447924973857523,0.04648836794453914,0.04648836794453914,1b3373cfc93efa97c24eb73bec3ece18d5795eae5bba06ec0f6c6933b5e8b1f4,9123fc3ef9b65867380f57567eb9579ed11c48288c19f71d4c315635f580e6a2,898ab8ef564c253809a157aaf67bdab4ffa3fdcc244177d879d59fce4714de71,36e47809a3cb05ebdb245c1bb8a637c6496118b4479bed13b0d172db169e3905,0.3620107079987065
tv,0.2,tv_lr0.2,710014,ok,,1.8054946168189228,7.307357767727313,36,2.3494387119004916,0.021946896811718034,0.05156288897553582,0.05156288897553582,7fc1eaa2d965bc050c83890ee4d2c8868b69fdfb3444ca576ec1090d47068b14,bc6cb8991ad2365cbef42cd6a104fbfd9ef33dcc4901fa42809e6b6f7dc8e8f8,a633e07500a63787dd38862f0598b04793056e805b3e2cf7369217b666d47c5e,67357ed4bb69d20ae1b0946dddbfb938c81a516a79446270d4dd75e98c2fa470,0.36772216700046556
tv,0.2,tv_lr0.2,710015,ok,,1.1915313099321407,6.845706723102297,36,4.324263238639986,0.010117710582921772,0.04375164393292736,0.04375164393292737,f5680ad7d8de44e3ebc46002f90f6b24358c130054444b5b03c9d95a5b21fb3a,3b7a944a3ad6ea47a700007a8af32488c78784fcf41d4c2d6dcbf2cf21155343,555e02e7f6ba885761c7a284e62a217941489582506a2a9ca2ff06bc6da75dfe,9d2e72353f0b32078b5b7e4d6a88543f59cfcef491d184835f13e71eb900bed4,0.3682757079950534
tv,0.2,tv_lr0.2,710016,ok,,1.2544066262387656,7.042589837341395,36,3.495558353911128,0.015453204746244594,0.05401757894543438,0.05401757894543438,1b75d4d5622958226c033b9657c9be4b93dada816579841940bd590d218ed69e,5c7cb746f4b8446bcb585f8976654177cb43c389e8c853c7aa6ab1b910a3db0e,b372fed2ff95cca5a5cbae8a57632f23ffa883f73c2d17da1d87ac3cedf01bbe,42b7b34fd83156ddcebfb4cb06221c051c01a2953f68413016bf8d97ecdedeaf,0.3722064999965369
tv,0.2,tv_lr0.2,710017,ok,,0.8610337740026246,6.542905991347358,36,4.955515232369354,0.009802931460075642,0.04857857617227759,0.04857857617227759,0c8b0a81d34687a5f0537779f42255d8c54a93f7957f141a20b8ec6bc62d6c07,56d4aca86d43f8a6858016a581e93a0b6bcb16b8cb88f20f4fb5b4d54c9d5752,2dc95bc899219ac7b5460836db9506597d027f04bf5cbb57533f63290715db0d,3dab791fcbcc8e8e18ba37eb877f9ae08f4532911125d29a811cea5857cfa134,0.3717220830003498
tv,0.2,tv_lr0.2,710018,ok,,1.597942056881494,7.3675185215560175,36,5.950603169249389,0.008263403803950603,0.04917223686457591,0.04917223686457591,ff1b93dce170212eda572c8422fa5effb7af2cb86a6f32ad084d5da1e2595e19,1e35973d43104b6f95a71206149243f6d30a31b7b31ed581321af069ef4715d2,ce1adab9cee32e706953485d462a43b142ed2af5c8ca74db85041d6bfee2c48a,bb4fe47f5e65c1b6e58a0f1111d8976767f3411714a4f68f0da99d777eaf35d9,0.37159737500041956
tv,0.2,tv_lr0.2,710019,ok,,0.9374956656102629,6.66034040897997,36,4.320825446808015,0.010855949172849527,0.04690666143530266,0.04690666143530265,9b74b9d6fcf6287b9728684fd0e7d4ed4bab4d4b8fdee8323248b9c7bac04a18,61804221c257bc1ab128c4a212dba5df708dfc9c75cbc7346ae5a88be4c4f270,5942ce5dfb96fc85b8d656ab464194fadc34e95084009ebdb9dc9ba26483c20e,93535c9e236c4d3111eb1ccd1779faff5a5651af3b349a5d66b972adf71c9aaa,0.3648354999968433
tv,0.2,tv_lr0.2,710020,ok,,2.1920265363101006,7.791761394172764,36,3.0769894336270314,0.014627845169207336,0.045009725022383186,0.045009725022383186,f0bfc03ac68d340ef5d57fe8d4552a5ee7771aada02f745da04ec1bc90f92c12,0e33bdbb7b16bf34eb9b0b268dc5ef3b343fae137b7dd0566d60de5658986cca,4fadeff17e36faefc844832e0a745fd5b98c3592a6883ef4ef4820349a90ada9,5ef1b552756fbae063753fb3a588ab0208bb66028fcdb6904b3476379ba3013c,0.362512332998449
tv,0.2,tv_lr0.2,710021,ok,,2.001635122098489,7.672295844765881,36,3.981560552685824,0.01207806678423921,0.048089554260831766,0.048089554260831766,b99cbb41a9f547483b547f0c2f7bc7adabf05af18fddbda296794d7c89106e37,96facddbc8c81bbb31cb13f3c12350b2994b2c117b67ae9affd2952230b33a61,035cd99730a0fcdca550751435d77916fafb4dc169674e5c8966d7260d34e225,6dee94ad5fc67c11b64fb459c8f5b5063d12bf55c68b29251454c54c3ff26128,0.3621615000010934
tv,0.2,tv_lr0.2,710022,ok,,2.1736788144862302,7.752499780501537,36,3.1480240266929083,0.016219679420004858,0.05105994051943179,0.05105994051943179,27974b81e06041d65f79db0b76c975a85c0397dff46063cdc264afdf43a7011f,0e7e6e6e9c58bbdff06cf9a2d3ababbb07ae16179f1530dda1852b5e0fdb3af7,35ca1e42d7b72c480c9aef4aa7724e77b67b865748de4fe364bf01975d371e9d,eba28fdbd768c532b00aa34f3aa4fa3869f4c0fc8b0e10ddff4ac8849f732104,0.36868808299914235
tv,0.2,tv_lr0.2,710023,ok,,1.6989925422792445,7.443297271601979,36,3.628663913491337,0.01302904359401755,0.047278020316916955,0.047278020316916955,e60153ed5536bc9ea61a6ffca89fdd984165324648dd05e2afe29dd3216eaf0b,34d514fedfe9e06b547a5e2bf675a275bf2bb33e5ec2c15b21135be2ce2d822e,833cc76e4774de9f7fe6d0cdbfa65db9360d6fa5bce61f23642ece0cf74a6733,d3f413e1108e9668817d298ef7ad890903cd461043e2702b77a1a3809838f2be,0.37244087499857415
tv,0.2,tv_lr0.2,710024,ok,,1.5755315558032672,7.345289562091943,36,3.595054801132971,0.015793509772445116,0.05677853313416931,0.05677853313416931,aa986c9124a25ef1052791d564d7c45f82160006df9beb8e1b338e337bad5a69,5d83b80b251f0aa173cedcdb2cf99e54fd65bad61e8d294acdcfbf3e5a2db3da,68e5f1cac5a8a435a29e8ff1012ae8229a1f8355018955713b989b18ea07fcb6,7fca0b3ece6d0e7530b41d1897d8e02773f2a56db9788e019b1831f85a9d4b66,0.3711899580011959
tv,0.2,tv_lr0.2,710025,ok,,1.6688578500721105,7.439367405086945,36,3.53749238240073,0.01227895851347799,0.043436722205242986,0.043436722205242986,b978854b64f45e4eb84c23bc4683a858678a598a511a2bd0d6a1241fd4f848d2,fe7dc78467eb1f6f437381ee3d894847375150b23e1573da11fb8ffff08708b4,bfd20f9a4aece4f70ace1612b7c0f341832f5234e5db97f8783715c0e1ec0c97,be68823ac95b61ec65f2c15d0a474d50fb64c26ef6040af79c8ea6885a88e29e,0.3614493749992107
tv,0.2,tv_lr0.2,710026,ok,,2.5766778697981514,8.269793910982587,36,4.374646166910658,0.0104018508089457,0.045504416770130826,0.04550441677013083,ee962a620ecc708457762063e44199c1982c335302888915a8b9b8d023796522,461de82e992e45cc51cb3c21920da6d4ef3df4e66f49fe9ff50a74c08a9986d2,2905810631ab5210b24b333e5e1c9375bf847246a02a5e81756e86ac681720ab,8a22235f0fadaeb66705c4988a29729c01242e692c2ab08671afb11de3898e0a,0.3623494580024271
tv,0.2,tv_lr0.2,710027,ok,,1.839898330656903,7.317494652881538,36,4.7625477564802745,0.010725993822014973,0.0510830578130587,0.0510830578130587,b842897a3c653a13575711eb49efc2ef7af78c63fe113d0412e7cb80c97de4b2,9f17adf7fe58598a8c1541917ccd7791afe50d8a9f605e0501a21f6adbf1a572,c34a470a9ee095f0ec72477280a699e270925e21885b4390e54e88eaaed25c43,98e7fcf277994627ddaae22e77646aa694e09be296e06d68ed42ba1bea3c024b,0.361356417000934
tv,0.2,tv_lr0.2,710028,ok,,1.554347505348155,7.095435469554241,36,3.8266698662202354,0.013160391048182818,0.050360471851755725,0.050360471851755725,a1ca397df424d393bdcaf98430bb8c9d421f579d0081bc85b76680aad82a8592,a5ae2758ae9a9df9ecbfca9d77d74fd35a979291af5af15301254b06c0077051,bc66d0e32b9360e0eeb8c880b58a58f20b46e75dc49f9f009ad8ef0226841d93,4333d6c4ccadaae66462379fe238caa2b036b7c3b7d7f2921dfe9b5985aa9fb2,0.36939683400123613
tv,0.2,tv_lr0.2,710029,ok,,1.8734775091895064,7.486405771694664,36,4.1025583064555,0.012631420915937922,0.05182114080101686,0.051821140801016866,8f8dea43cb94417eb98ee48283826016f51fc6cb07028f9fb79479be3015e50f,a3627aa98dc1d541a8b71caff5665b0a70360d481ae950039922144858ee8dac,4dc246695570624a64af69e6ddb86897d9d1db2acfcf8ac85d5cd106181b7cb9,ea22fe5a170fbd457cbd153ce68e43ed7613e7a54b3776c91c59072dc7bb80e3,0.37850391599931754
tv,0.2,tv_lr0.2,710030,ok,,1.9094121069739054,7.343992627805017,36,5.272552940985698,0.008771392240608088,0.04624762995475731,0.04624762995475731,1bd1f35b28145949ee60e88f82b60bd1a731641dd5249f026c5740a7a8756ac4,5e456de9d48da8a99ecf0a73fddc8d385ed07859505b283404d7895f679faf37,7a007ca89417f728a9c17a4e3bd78aace332de0a4b84ad60d02e2edaa29830df,f4d21e6f95807c8e41043afe838bf652c4e924e60055104acf581b78ed199dab,0.37859537500480656
tv,0.2,tv_lr0.2,710031,ok,,1.7460384211167372,7.233467566178973,36,3.480071658427124,0.014629146314606704,0.050910477476446406,0.050910477476446406,4318c97da4798a4160602c032b945744c5e804ddd36bb838b076770d7f063eae,f996ee538ede4692a6eb3067fb423dfabe033587afc4e0b1cdc40f4fd433f37a,ad3cdb678d057d55377c567f0b97468f172853b9b3f6f188388d92891154d48a,67c7d975538c0e54a1f7c40b89f707944c6a4bd12ca5c783958a7a5b6a4b76e9,0.37114637500053504
tv,0.2,tv_lr0.2,710032,ok,,2.4112729465801017,7.881467719908647,36,3.67095930321403,0.01021262057954794,0.03749011452668657,0.03749011452668657,674f9f6398a5e9711a5a032249747738e182155c82545eb331cdafe26b17225a,94c04a803f67d6dded70c9a4400709b8f10d18d130d73ad80576b0f8e4e36109,809e437d354c943436289e463b345af0c4168d0985eef969b192fb2b120bad79,a2691a8eb481239e1b7d5ca2e239e994770a59f5ba98488b68935a094f45b2c4,0.36293591600406216
tv,0.2,tv_lr0.2,710033,ok,,1.5971471828332429,7.049760096436356,36,4.318620835542859,0.012602850867791577,0.054426934344884104,0.054426934344884104,a0635316e267c985f4e218565a4e1abf03a2693aabe64c0bda32b254cad24f9f,6a655d2f042a1745dd65fb88e2116960de9cb56f2fea762db72fc011b5d7181d,6391eedd0fe7feadb374663b3705607bdbfd6bf5b1b554e72b9dba9fd980dab3,24182a964b7f78b665f52dd25c015d281ee7aa981641b512ee7b9cfd99cdad11,0.3628687500022352
tv,0.2,tv_lr0.2,710034,ok,,1.6775894871707577,7.164043688007227,36,3.8819929056617877,0.01173268100550106,0.045546184427747924,0.045546184427747924,3535de6482494f61aa12046462970398b58176bf114f0a7fad399bb0fc612812,a534917bcb5f733200bb7c704894f5fd3db16769632d1cfd2ac49b4e6fb43dbe,5d2c6799f57c7a45238257bd180c3983a3ca380f56c7124012228905d8a0fb74,6a08bb83dc5ed75b84ce36bba5dc1499ca31c6e4150670f80e444bb5773948d2,0.36035116700077197
tv,0.2,tv_lr0.2,710035,ok,,1.2400371651464674,6.680202757367988,36,3.467881716593616,0.013768939292362094,0.04774905282886995,0.04774905282886995,5ce4d02d3559d89bec1ba7739ceae75fd73981cca38aacdd639c199c1b2f200f,8dcaa973bb2552e8ccb3a42905e32a2c6d4b8b235530c418804144e6c405669e,bf22a396658a8b360fbd708815f7984e13a44ded6844b33fe2fa0e3d9c081cab,ddf78e803aebcb519969f551d3173b00d8e19fbeb3a689022f243c013c2e8ad2,0.36588287499762373
tv,0.2,tv_lr0.2,710036,ok,,2.3892091326988103,7.740350777291168,36,4.760477963321296,0.009526190576444203,0.04534922031356163,0.04534922031356163,de3c26e0c86932969d4f781435d6ae944cb92c8b37fa644104567f0e786b12a1,7d5fb2591cb4477610c223dfbae2ba7f5bc123493ad26e36fd4ca5a16943fa5b,55e23f6c62fd26081ed99e278194a6e31c2d62ca9e39359c98374ea508b99c7e,00a0735515e56bb53569ac69d2be2cd040982101e9debdc2bfc2a2778436b82d,0.3632959579990711
tv,0.2,tv_lr0.2,710037,ok,,0.8563303657507615,6.3674205250861755,36,5.042162149548942,0.007555649048663747,0.03809680764844782,0.03809680764844782,d1af9b1b6ff073dc3249824ca4ab4ff539e6d5903df5928fddf91c6cf00a1ccf,b2a8e36481ba4b4fe5419c091f01858e3b12ea1fc1c205689b9fcb5bac6b81ec,63e3cfb1bec1f9f153c115972e7771cb07826ace4e874defe54f5490d3ceb440,0907acd8768ece4e0ec7d0ca395b0dfb9dce9f12c78fbc93f1c481d709ce60b7,0.37069816599978367
tv,0.2,tv_lr0.2,710038,ok,,2.0336268781906544,7.428836306534643,36,4.1258411175456144,0.010668655172979002,0.04401717618159248,0.04401717618159248,378c571f14ccccc00a52ec41ec9224ca8e081c0cde7d9126e249dcb7b8a3cbfa,5ddc6557473e8c47a03734b47ea0c37491f5dbe10fe1348c639dcb3b6ee4108a,ad163a000f271fd4becd0fb184383153d2c3fe8f2743c90b69e775703cec85c6,d7ecf63db5aaecbdb3997c3692c91e55529b9d0b2fd973b582f72600ef244e7e,0.38185366700054146
tv,0.2,tv_lr0.2,710039,ok,,2.1669195235709187,7.930565173107326,36,2.9319597181616635,0.016810874550240124,0.04928880700837312,0.04928880700837312,4e8dd5a7227ff6d88590780c9b567a92ebdf7d37ec5902e8c838bd8eed5848e2,f65da492db31baa62b6dac9f117d07ab2aacd1bf1231c248be9c4df2d0f1c1b1,bc57c381d6d5218c2e369e73c9334e413135cba91b86a497c6920733bf6043ae,995ddd5d5a1366faa9e37126dc2d41a9658da3878f55210e53fcaaad40deda60,0.3806442499990226
tv,0.2,tv_lr0.2,710040,ok,,1.535345012802904,7.08693092630385,36,4.038485316124613,0.012415335157782864,0.050139148729471755,0.050139148729471755,38df1054383f2a433e5e9fbbc2e02d64365d13168c14fbd7a88add06781b480d,8ca86552981bbfa880f13bff4b5a31c43e254e7eda2c80c35fc6f3cc094eff8e,8578d97aaa53421b1c89dba1850350d1df0d8340d26947ac98b8f4493af7db0a,29da00365ed90be2cfeeb1547b05683af3d3ab45b2ec59114b78cb8ac5d44ec5,0.38151783300418174
tv,0.2,tv_lr0.2,710041,ok,,1.0188364336003914,6.640777004835779,36,2.834096730372334,0.018535758253279674,0.05253213186059193,0.05253213186059193,1926eeafc5676a2fba39a6fec6a304988f4cde01c7e6468893cd6f6152acf6d1,76f60d1ee80faf1147b79c4e78951962e61e6d0cdbf7909cac4abfb303e8d307,7b8aa0dccc2df547eabd0ebdb5393424968575521f486660447360784c9f314c,b1b99e5714e55bf32c9365b0fb0ebf3b48d65f3d345c09580a9cdc2d2cb2bb31,0.3749448339949595
tv,0.2,tv_lr0.2,710042,ok,,2.639618179245806,8.440347437947965,36,2.915632325500745,0.018065874180297307,0.052673446748504105,0.052673446748504105,644fa479f0486c5c3b2931dfaff092b504cc70b99e3c534abc9b0938c0233729,822a651524878f4efbb8826f670394e893a1be80dc975167058722a3cf734ebe,d9cfe07dedc3f9d4afd955ade3596b80dbeb8cd29f72c01b19286fe6a89be13f,bf7ab36b411531309d23ad74664e6747a166d002cf3a38ad80433ae07529163f,0.3712434159970144
tv,0.2,tv_lr0.2,710043,ok,,1.1713833115190775,6.773626804312702,36,3.2256950903042103,0.01590177964933023,0.05129429254194393,0.05129429254194393,afbda4cb476b38b0d231773902a2d607336ac1bf3ca232be8fecec4033ec8468,ddfb9b0fff460bb45c9a06f9251c8dbdf58c3a7419a90826afa1aef9cea2ded7,4f340558259cf6c48d33760a507973501cbcd4a5dc6103a634f79bf7306f83a1,af84830c362c3739df62755b7fd3ad40b668d89b50a54866ea5368dcff85d012,0.3660252919944469
tv,0.2,tv_lr0.2,710044,ok,,1.795684011270078,7.3344650799315,36,4.214944906355055,0.009521181545386854,0.04013125565721007,0.04013125565721007,fd21c7fc2139ed0b94a54069c906f287e2e5776d3193567171c48b2ddfbf9a52,e57acd2430b4e52713f3063ab67e72b58c7dafc737bb5f3e4aea3c3fbc897f55,23235c71e11018d0ebd17338e26f110c40fadb3a9de4e4acf0ab254d913ecbeb,4dc6748f6070f04f7db166869df60b3baddf7afa3caa7d0d6e43e32fe6c4a22f,0.3623905000058585
tv,0.2,tv_lr0.2,710045,ok,,1.4556476541235575,7.1425696488593715,36,3.805364705177857,0.014048569579182806,0.05345993083485759,0.05345993083485759,bf679db86b5a2003607854c523336e3608db3d643e6d05f010f498ec489c4563,812ff23e7735b1d51b23019cf45f56c6ce6b6f5c2c01b0b3d96f810acc62dc87,2294a711125ac19565d026b6a05b2eac3c3e35d6c48e3cbf859f62f0f78a5b72,23b55e65510fb687c301654c152557e680d5933b131b1481dc6924c6dbc4e1bb,0.3624409999974887
tv,0.2,tv_lr0.2,710046,ok,,1.3872532749799378,7.0217776178914075,36,5.039918027323953,0.007874538188706131,0.03968702697411094,0.03968702697411094,7c603c28f47ef88d169d2e2319e9d2b1f26844aa8d4b2b09eed09f46ef77d84d,a3a55bdca039a29f81202e3642bdb65c7afd2625f995e44f5243bcbb4fe4de8c,a30eff3fb53371b2e404e803d2f3940b9134bedf1c67152c559c75af130f7bb7,76adab541da5ed8999c0b260793fc4631cb56971e9c8495b04abe66c811e1e5c,0.3629343749998952
tv,0.2,tv_lr0.2,710047,ok,,2.0777871643877566,7.753537007487775,36,3.66666759860197,0.013468589423178417,0.0493848404368415,0.0493848404368415,bc7f46b24002d0e82d0ef9c56f4f4174d2147783912670efdd1bae448c62df41,d6482ca054e3893f5074f6ecc40edca0c65c10005e6fb3abfc9200683ddc6904,1fd1f15f7cc4ba3ce44ad8c424bd36ecff9671a1972f86ebcfb4d9db2372c5d3,c767eee3e971ce923ed53200ca88637cfbda575f3d5ca79c75df943edfc13409,0.37379995900118956
tv,0.2,tv_lr0.2,710048,ok,,2.318149075137291,8.037608145652616,36,4.076882632291794,0.01149117929773363,0.04684818930348126,0.04684818930348125,94e46449ced37f97492d284309dc0abf196e8b4657ddfa80d663bc009feed24c,86806af571fb8dbeb78a52e23eb895658e1134b5fcc3b3db750b356116af4c24,111617380cbeacbff05ba6b13feaa7334224ec9321fdb66bfe748deda5e85874,cdf3635640c3afdbe2e17a7b75d15097e42eadb22fccad97ab1e22847aef53e6,0.3741157919939724
tv,0.2,tv_lr0.2,710049,ok,,1.7406358104741972,7.480250676636022,36,2.9816970839925854,0.018358164481006713,0.05473848550047397,0.05473848550047397,8c029f92208a40502b8a5afa8da5793eed67e83f968d5ac9b2acb6f68a330d8e,7d5d90aa0a5ba7ebf14870a1c5519dd3ac99b6745d3cc054034eeb515dccbe18,d83a64c16fd6a632329e2ba85157c3de1faf93c99578381cff3dfa5d177ca020,8f0c111a0eb4dee36e672fb067ac469177bebc6eb1848ad679a3c57424f4346a,0.3697686250015977
tv,0.2,tv_lr0.2,710050,ok,,1.196824554365752,6.604832325025583,36,5.495689414716654,0.009539340335760831,0.052425251706620414,0.052425251706620414,938d851bac2be55759ca7392620dea2cf1c176e84622300b7f90927f74bb4f3e,a975573198eb5dd33584d5943630286b0cd7898aefa127ed49c0e2730dcb6318,0598487890e864e19df343ab3c5867fc1db502bf7f20b0de8d0b97e1d92d9644,79cc89f8ddd67566302e4ded9b7236fbd631d48ff971ee90d573a50a58463f70,0.3634532500000205
tv,0.2,tv_lr0.2,710051,ok,,1.2449931004100836,6.867869707896787,36,3.71820417120185,0.010688503343408724,0.03974203771536724,0.03974203771536724,3d358ffb28fd5f157b0ec5ded619a41d7bdf1bf8384d8b2d1426fe6076d3561f,4a97b54e516384c078e35449cf3a1bf0bcb376f0bbf99bd11f34cd73b89c811c,6717186d7542c4cbfc0a5b489e71b68799f719d8f47da17b8b4809e0f53cda56,837a538d16f2652f0a4cdfcda3bd719acc0f1ed6aa17faad007829f9fc31cc93,0.36252325000532437
tv,0.2,tv_lr0.2,710052,ok,,1.3948229202813582,6.922187675828516,36,4.504077781904641,0.01031986478467289,0.04648147368890529,0.04648147368890529,a6ecd70c26b61ec5313e6c46561d9c35826037ccb66e01225b05cae2433675e9,81b54344abdd3a1751a345a20f262ee0525c4fbee6e37f91a20cb69b8e7e0169,71509b5f572d4d3a3c5393b995a2c798edbb043a95b2831d07e49009cfb5bf68,fcceed500348b84208cde679d8a492a6977dbf1e25f22ec30c76a5455ac8d24e,0.3605286669990164
tv,0.2,tv_lr0.2,710053,ok,,1.8481654570446433,7.444401393012613,36,6.991568780620047,0.007411452078027038,0.051817676967795406,0.051817676967795406,f55452c1ef9a1938e87b4d106597de3bf535ebe9619c7083f9c3195b4e677323,4a0a667f2694a05548301f90639f0208ed32a2db8dd5217cb4c92e9e50961a99,6484180d2e067c8d440f0cf6a881362aab339bc5a40622e6610348676f193343,9dded71300c763b27f50f01f2e86e94f08101243abe32ee7360262e8840e5199,0.36488133300008485
tv,0.2,tv_lr0.2,710054,ok,,2.1325771991176086,7.636514570930796,36,4.668333677365033,0.007611878155645373,0.03553478714199853,0.03553478714199853,87835c9cbd7737dc1459b2652ab697fb94da9aefd96cd147d1e6ffaea48ed34a,6b24e51565e67b216fb51004a0c385e75eb53552451da22cc6067b4af1fe7e34,870bf339294255e0d9015c284c5d546ef7cb60cb63af89b7da4f0117cd56acd1,ff5bcc88a1eb24339dc1dd9d0bbef21ad1a83a36640657a7c9d7dceb79706edb,0.3657100839991472
tv,0.2,tv_lr0.2,710055,ok,,1.932622166011469,7.488826641043535,36,3.2678970019322358,0.01482211783931761,0.048437154449392325,0.048437154449392325,1c98689651ccc3e0e303cb66df93aa82fe0d3ac6c58f7177b1260efd1b53a44b,998dafb67137bd34e53e79cdb6c351686d22bb5ae595c803e609b9ea5c5b7dc4,2811ad4ff155e287d7f9487d1a3c2bc4b92a46738b6622bb9cdf744296b771ec,3f3e0863f49becc58011b14cf1e23fd79f61f363e602c9e09ee4028107586e0c,0.3639454169970122
tv,0.2,tv_lr0.2,710056,ok,,0.9145051930196287,6.537877928108063,36,3.041479825128817,0.016329448588839907,0.04966568843843481,0.04966568843843481,681c4773cf9a1708e417cd39b861bd1b16abbd7a852d74dc51095f2fb515cc1f,f9e8c087a604838fe81f65eb7eb909258ee44d53dd0c43a7525a7f6195e9d485,069205386a5252dcd6b0f01806043f1178cc4c8ebfb5e2380e0618117725069c,831382bbdc66672c6634b776d144dd5fd93c29b4ecba134e59d2390e452825f5,0.3627205419979873
tv,0.2,tv_lr0.2,710057,ok,,1.177871543909895,6.782088732802661,36,6.670779269344644,0.0077528112147779125,0.051717292330683166,0.051717292330683166,2bc80cbd37eda3d9ceb27b9ce225092e4192a58362eb725e52e78463e00407d4,cfbf6c3c9e6d05851c8966b7aa28b32b3d5d8ad30c3211a1ef69a8d3c45a6d2a,9c6f8af8be3f41db8eb78049ddbf71e26f7e348ed2278ec30ec9830b1d3225e3,295a0225764be63f10b3ad7462544166d3019f5ddf6118ced39b58666a64dee2,0.36298220900062006
tv,0.2,tv_lr0.2,710058,ok,,1.9521994564614154,7.567752999342764,36,7.152976699580041,0.00723981018865243,0.051786193588813006,0.051786193588813006,cdf6bcb7f9784354f9ca8f4a26f31066a093ed2c0177783ac8de995dd4aac39b,3a4cae55b0dea6c8e1fe4747e3eaacdaad40cc44aa68304158eec70efd041a88,79a8d382e9cc4ddfd9be7073aaf7b26df7c5d67abd58b384d1377ab1704b3483,8d9a7893d5320a5de41622b34d85f9914712d3307832f6ea0a18a9ceb4e7d579,0.36010658300074283
tv,0.2,tv_lr0.2,710059,ok,,1.7688281673896422,7.431058884642765,36,3.889802518147422,0.011045094989325089,0.0429632383026542,0.0429632383026542,1e5469e8bc28ba9c8a009af65e2f07abed1f783054ba07f0a1aa3b330ca62058,ed868096cb905f86297477aa8ae369d4b229151ce23434b014b717cce4e0209c,14803498b82af5461d61db471e50df5cd9748ced8a625d1706e0fd475d51ffca,14703e6c63856717af24ece91df8654b175779f7a62ff95a944dca7335885df7,0.366759832999378
tv,0.2,tv_lr0.2,710060,ok,,1.0773924633735255,6.789470667882779,36,5.382340726864797,0.008600351097439993,0.04629001997708763,0.04629001997708762,a244c6f03c72cfaad45b2a44b7414228832b41567828028b181b04536decb69d,53fad8693425193118422c69ca48fe76ada0a6a5e4c3a443bb50be4bd0997f07,cf78216d77506394fdb667f9c9bb3ab92f6054fdb523a43c6c47c7887c5d892a,e0b6414ed153c4bc8ab6220531f1e113347d9674843b941528e55abab87d4cad,0.3673639170010574
tv,0.2,tv_lr0.2,710061,ok,,2.167384685235983,7.8002113644275415,36,5.545315378531254,0.00983314668440111,0.05452789952836308,0.05452789952836308,df26c39ec02b99544084a9221cd764d575498460b2e5c90925f86c4983f32299,aeb641289b69759683a6a85f1305a67846f24640d3fb521d05d575b6eec5dc53,a54269e27508aaca436167c2d9d9affac4e4a098e769b5e0f021e8802df02657,5b1f21b40882ed5ab8ab75592ff3190b3e894c83a9221296a3e1ef7c6dbf15a8,0.36429729199880967
tv,0.2,tv_lr0.2,710062,ok,,2.6106469122457674,8.005553444282956,36,5.149110527629654,0.009951012836715505,0.051238864958109635,0.051238864958109635,43949392d6089b6426e0dd83cd855d77be771636ee3615c30704e50c0366393c,d41688dc118aad39615b2e728c2363a27329b1390f74df32d2fd944160cdb7cb,bb194b039ffc5b0cc54b983c27930a20748f60aa12aac601f694338afa68a2fd,68e836efc7ba6646435d4999be2f2fab072a82ec7fe9b3c9788284b2bb12dbdf,0.4165357079982641
tv,0.2,tv_lr0.2,710063,ok,,2.3974173118825925,7.905919221515176,36,6.543723968687909,0.00662186951288831,0.043331686249010966,0.043331686249010966,bc194be99cdc0ba1bfbd6f7fb68d213b51d30468cd33521a6db8aecea34f53ed,03318e166acdefb67948107fc0dd6f6c7c5b92240ea3fe5a69620bac1f044c86,01877a48ff28b704e0c99819dba4a4304d80bc87ee8a2b6b8d1ef9281a396c06,f422aeed19a37a13d1f0a45057961d12ea9808b014b365f4f92c13006ebd2038,0.41581383300217567
tv,0.2,tv_lr0.2,710064,ok,,0.6489801828514801,6.291252875865623,36,4.612069380960387,0.010040717356732303,0.04630848508386256,0.04630848508386256,d533b196ba1c855b2047cdba462e085e24c031a192bcb24a87783a4f7e3ff78e,63dab2d377afb930668cd49dac93f60bfe1a2b1ea7684fc309aada1142821735,0dd5e7ac232e6037ff16e8566a1208410751f661a8f1ee982d66842c8bd67c9c,41b181136a559bb196f02f0df036211b189ba31087459e30d844def15744bbf4,0.4373303329994087
tv,0.2,tv_lr0.2,710065,ok,,1.1270575966542693,6.669298611541167,36,7.034518901548759,0.006933778336671044,0.04877579476846177,0.04877579476846177,a014d4ffe4b137efeada0a42d32920ff41d8f0526e3fdae0ce901ab10e59c521,b52ec9d9f6a738791b39295e6186ccc2359cffcc85d0c38273500fdcb9c4b285,33ac423599268c9945bb1fdb1f77657c086ee21bd22caf09c9e7a9209c80b55f,cf4c97283896b9848633881242b08eb87bdc58fc7f9ad5b465c931d69035c3d9,0.3851239159994293
tv,0.2,tv_lr0.2,710066,ok,,1.6210953087257969,7.180544395327541,36,3.643540963522406,0.011281886960608506,0.041106017286806386,0.041106017286806386,161bbb45a9072cde44eb2c5bcaf375b589919e9563088188b033f7730d06fde3,ddec2590744e7004289ff399b69b1acb0796c1465447153e75de68cb65ff03f9,9081df26cbe986989861b0795f49fc260970ac230afa636e963ef076e3ceb948,a95e4b265daf7d26083b864623107f4a00e22238f9cb9cb5271cb189741e9d14,0.38190595799824223
tv,0.2,tv_lr0.2,710067,ok,,3.48427728752146,9.147879120595647,36,5.287558991987228,0.008528226964827197,0.04509350317357999,0.04509350317357999,7f508a2eb188b0530779e89124f7623715930312d84b9cabbf32eac45dc747f7,8d8d5e5c61c62ab06d26325815bdbc7393d7fa1a212afa13209de6cdbbe3862a,8e274f333de2f4b4b2b5f9f52a17a43c7594e40e3cd6c9cd48c59e09215c809b,cf17a7b1c2621da4ab9f11a6440ab8492969515a41db26a440fc9754d65266c8,0.3636261249994277
tv,0.2,tv_lr0.2,710068,ok,,3.0522648473586926,8.843400331107107,36,3.6323571600884077,0.011192078820982006,0.040653627641667814,0.040653627641667814,8ea2168a7f486fbfa6ab635db11e4f74a349413ad588cf5ab3c236169dcb9832,74dd74ef8b0b3a3123eafd84f5d27bf3551c935470ec738cd00b0d775ec6b524,852350f27dcde2217228237edebdb6db4db478c93ff0a251e57b09b531c662e0,00538e8f85dfa3acc697afb435b9724424a9107f54123f26de85bbc842299c6f,0.36241187500127126
tv,0.2,tv_lr0.2,710069,ok,,2.6892701930489293,8.699160631878536,36,4.181177940223161,0.01066284640130461,0.04458325815312275,0.044583258153122744,389d200b42977c1709404be963cec48eff2c28532765ee7e4564b0cd8cd536f3,07f43ea38d007fd9d00aa55677ac68f91a1ac698c1aa0de566883a0b0e1d393f,996e8a189170089c66a4565044f738b2383dd7fa60240659faab75501c4e138f,c6bcfaa128e6552e27f08bf6ff1bc0563bdbea4c4f7dbb64c91f9dbf0f94dae3,0.3648600419983268
tv,0.2,tv_lr0.2,710070,ok,,2.197742930658461,7.559180340498895,36,5.224397871333168,0.008141943807843777,0.0425367538982133,0.04253675389821329,686471e5471e019a9f930c22a0d8c2371f50ae01eda93b91bc33a1e08264534c,96aa986121e53e392ff93bb81d0b72e4da9c4570b9fbadb558bb3b57bbe52df9,2db96942e894b883184db6457ae00afae4e7a9de252e3bafdfdb6b4b2b897e56,1f510c5c1fbbd87cc65f5cf4afbe9733a0bdc347a3aa1260ee1930f319c10595,0.3626954580031452
tv,0.2,tv_lr0.2,710071,ok,,2.5883014465076064,8.142521927873965,36,8.22388622972653,0.005380573779908242,0.04424922661661501,0.04424922661661501,99f40e0796bbb4c7059ead58721a547e9cd3666a60900992cdafbf62c523b452,6e25b96b1ed9d72bbad18aab2eb4592a9541ea9a6e9f6ba8462d5dd3fd7ff168,fb76ce7fae56350757000bd8dc3b30aeaed39160defafcb4b793b6bffa2521c3,834abc84653b38191a726bd468bf60b9a25e29a1f86410bea57cde03e4ea4bae,0.3642489170015324
tv,0.2,tv_lr0.2,710072,ok,,2.366967012615378,7.849969408011714,36,2.7059671547359443,0.018847056999706457,0.050999517204641846,0.050999517204641846,626f08f98e740637cf3b7fe09e22b054a7c81d36f61ee6f178942c25f453f552,5e85dc21d2cd37712b1f35f453cb95d164450f4e733e958ed471040654503207,92ebaee588efa21821803441e5f19b430078cd8164b73299b2a156996ee28c46,dc9401278a0b0d5ae204b91d74502ad3d70878abfb7d50b3a407e0fa7d250840,0.363163624999288
tv,0.2,tv_lr0.2,710073,ok,,2.0581114409772248,7.6216250920357425,36,3.941921218399014,0.01160253894024117,0.04573629443583748,0.04573629443583748,aefbe69a0a992cc25253a1f8cec1184fc2429aeb74ce7d7817249412e6843e7c,f18f406068795dcc629446cfa178d697113142e82a56650609d729d392811efc,c307686e4013bb69688c0e22bb1c2894f26e67fc5505936443b40a649d855889,00bd7d0c7306014df7fd65971d5a0913c737d4990083ff5d054122097f96abda,0.35998983299941756
tv,0.2,tv_lr0.2,710074,ok,,1.7157175911154292,7.233759355970507,36,4.19622690260242,0.011082821638324716,0.0465060343154824,0.0465060343154824,9afad07f55863d8542c6aadd0e1352f0e96af25072ec39c0c6f2928105565996,618deb74535faf773a72802369168f17de33aaf72216925a74d1bd1cf6b177b5,ecfbcdaf6928c3c7edb48b3a2c2903fa4461a13e1961ec2519d7b607885d0c8d,f144587b13d51377574b7c9ad660819f7169d8cb0089dc1d300cdd0d0fc05440,0.3615760000029695
tv,0.2,tv_lr0.2,710075,ok,,2.2848206743102684,8.032993803632822,36,2.866000958250256,0.016701203307747527,0.04786566468393676,0.04786566468393676,ee5991253967a9e84172778eff3cbca4db3b33674ef97c4a308bd8a1a3caa2d7,95d4e8917af0959280f83c7871c07b1e510a0f95846120ba5a62968e90c6822a,b8dbe1200ab2a3b25ed38e4f51d6c07ca32493b533ff3a924a243f935edee88f,cb9e4bbf1ddb68eb3352cd084a84c43b068cce56c31631586fcb4b8f6bd136f1,0.36018391700054053
tv,0.2,tv_lr0.2,710076,ok,,1.6995827078206653,7.294288857303183,36,3.3897203417703605,0.015182398655205334,0.051464085558416486,0.051464085558416486,879518ee3fa8fe6bb7e5992ce8ddab42fde6ef3ccec9cae04057ba4e03396612,563dcae5f39d57bd6ecdad8885def6da78c03cf876b1ce3c950314736f42dc2a,3217632c47b51152b361ece6ebae42f980a71415ca5d65ad16050dd3e9195b40,b6567c387115225a7e7742b6180bc8b6677a09b71735abb5dc96b85965df1805,0.36058399999456014
tv,0.2,tv_lr0.2,710077,ok,,1.7418495921699524,7.4576445451287094,36,3.2797854281962553,0.01634007412388318,0.05359193700715875,0.05359193700715875,7a0cb306320fc95856bc970100f59da1b0da515f1a4806ecf1f0a5312889b1b6,03e3cd1df2ffb19838fde0d200dff4d7a16b0b56a00fd6040485bb7e65571156,b8e5fc1f210dd047048ca9536d9152921a4ceff46c480d74c917801ed10977d1,213e4bd4f3cc483c6a0acf739ca1437606d35dc3a296bd44436d9b1c084a074b,0.3615262499952223
tv,0.2,tv_lr0.2,710078,ok,,2.491908770733377,8.274541048247958,36,3.3957255699501814,0.015353638293828235,0.05213674214611882,0.05213674214611882,7ec26f80b4ecf7320a564c0f6da2875b362aa266a582d9be736697977b7a938f,1cb6dafde57f5dc5801e4795f595177aba9f1d17fce5fe01a15f1cafb95468d1,2153a2c0ea0094ad6678cbf63f81d470edbb7adab890d6acfa580f087499b965,b0ff8293b26eedd9c1fe441d08e481e9526dfd7aef3e565c7c4f13420b1cb0e0,0.3628695000006701
tv,0.2,tv_lr0.2,710079,ok,,1.4300745635481764,6.92984638663602,36,5.025509182152961,0.009727240952663028,0.04888433872462236,0.04888433872462236,796724fb3363220d9af26fcb24bcca492856a559dec7ad722d82498210554073,9a929406b3f8cd52487a25bd2834ed548917e3a962b012eaffae7488a9b5038b,cbf417a04f4704b00a82bb28750096765ba42931549f1d3a0fe41be7ce728409,24459a3ff2ede5c00671fa1cefbb9724eb53e7c03e5f76b3dc416c0f03da4c1d,0.3611616249982035
tv,0.2,tv_lr0.2,710080,ok,,1.8280530792240768,7.390440174109777,36,3.744642558890002,0.01212888045465971,0.04541832194220787,0.04541832194220787,eb69e6c7e1fb8ae063cfaf3fd1b792448b47e50bd864a7e32239be376b7ab71e,0c126746bdf73d1d674742e21db0ed692dd84b2d7ae90636e88e0e9c63b3bdef,ebc0d55b97b9ce1ce4de9d8003e7e256d43cda829bee9319c9921d719058a973,5457d8be936723a225294a956e6f7d90c27e5bd6629d89d11dab436013105e90,0.36696249999658903
tv,0.2,tv_lr0.2,710081,ok,,2.364841500277507,7.9698890711194075,36,4.530685157857784,0.010552996161495763,0.04781230307981902,0.04781230307981902,e9bf76f521ec5c1ad5003bde80e9802049dc82f53c88a2e2969404aa0dfaa320,31ba2294b3f33979fa93c55279682fa37d86f453fe1579286eb79c3fc9ffcde5,cf439ef4af32da77dd1c723164516cea7d1916d9ee54f2396c837345539f18b0,66dc0f3493aa30fdbafb4c2c34db54e721b6562f177427214f2f775cfdba8732,0.36650974999793107
tv,0.2,tv_lr0.2,710082,ok,,0.6619326435887354,6.491857421610859,36,4.067602158430584,0.010980101698899446,0.04466268537023071,0.04466268537023071,5bbe69c0ac6f01ef087278bc378360d33af39c0130efd98fd15b31a1ffde6e47,8fb25eee675d319ed5e498adc729db6013d01a7b7127d3ab2af108dc1a4dc81f,abe8dc393d4ec0ba979d549f5d69e7b882a24b1c909db2d27de49b8ca378e7d6,5cd6618f4e4c8bdf0449c35ff7dd60e48f9bb7b25862f2a065f82ec99ec38814,0.368736042000819
tv,0.2,tv_lr0.2,710083,ok,,1.0116279803377548,6.615192095320658,36,5.540682560679015,0.00934942728315162,0.05180220870009476,0.05180220870009476,4052fe6f0c79665757d45ba2d5f14501ba6cbf4b33110dd613ba622b90fc2ce6,e9e0e4322ba8ab20a6fe95519c22e4852d9e501e70a2c74ab0b9cd1dadfb5e5c,9aa609312927b57a9b71724874c1b9f5df266e719a74e04dc3488a248bd89cec,de5aa3b508dddfed55dd3c2d8069a264734b69d0898e20c0cf0fef68a2b63b93,0.36481533299956936
tv,0.2,tv_lr0.2,710084,ok,,2.3420792061911193,8.102383723993627,36,5.235838506845909,0.00809154090621041,0.042366001456455304,0.042366001456455304,723979127cd92b00cc5e548ea27a3ade0942f44d8d2e9fd3ce925fd4555ab129,469cbeeaa3fcdb5c3846c1c3f04601c5a922971b4f777a8128e2dedded94387d,051a7b5049006e5c85b013c019c46f7206518d48c1ceb5cc3573889aa9f99de0,00e43453b677b4a8a3e5ba8ff11953e69472e878f5ec5eeb10648b109ce5e588,0.3638705420016777
tv,0.2,tv_lr0.2,710085,ok,,1.2779021003153423,6.911960314546423,36,4.029596734785269,0.011870699907648578,0.0478341335874765,0.0478341335874765,fd6e17275f8a1fa1fcaf6b75b0607b7ddd9e5b1c9c1a1341123603fd821a7228,8bd34932371841ccd4128615d181c4b835d41bfdb3c53e381d9b86ea2e6b53fc,7f34c5a2945c7625fd2aab4d555d21fda6d10b3e381cae0dd07acc849d1601c3,627fe3e0f3391e37c3c7f4d92205e5294a569ed7733f123597e3f318851766b7,0.3671993750031106
tv,0.2,tv_lr0.2,710086,ok,,0.806052402245947,6.423496717137516,36,5.510687475691731,0.007532544228407693,0.04150949713958031,0.04150949713958031,574d6e47ccd569f1cec21a771e18d66341292c9051fbbb057f237228cbf0079c,cd6bf76c2d5c71339da432381ac8633eb36f8c55320ac7be86a686071f3d4baf,7c01bd40a203da83619d60ef85954655d5e44a2f83d13878d1f7396bbe8a14e3,8a349ea60843bc6eae9021545f88ecd1a98588c578bda5d3ea656e1e8688b056,0.37409070799913025
tv,0.2,tv_lr0.2,710087,ok,,1.689947958047603,7.250003026930528,36,3.026253651528972,0.013301950022742452,0.04025507482878024,0.04025507482878024,1420b068c0b301959c4dccbe7957de6d73e91ada296722be5ecf97a8254435db,b6325c1c1682167bf67343e86bedf6205560e1a138af9c87678ec628b3b04f74,1d25d652ed1de7a0197c6162239249f6ba0752a65e46abab045162df7b1d23e0,c9317ac662de6666a3459e39cbb12e1a7b951963e8eb3217ae4604fe75942f2a,0.37341933399875415
tv,0.2,tv_lr0.2,710088,ok,,1.8698744187497223,7.488784225306001,36,5.7396712991435574,0.0064257737018194845,0.03688182889112475,0.03688182889112475,8edace0273903173efb93f01019144696ba138d3c671e5838cd84362f8c7eeed,bbe45007cf8b2c7103013a41bdb0758f46d6e3d4f89cc81b4badabfb7b6fde43,ecc0c2acc319a0339d3f3cce47932ee8e8f15945987c7971cda0fb899ede6311,eb9334be930da7adf3d6bd419a1fe772f81f62b6e66370dd820e4c27e894c4c7,0.37443745900236536
tv,0.2,tv_lr0.2,710089,ok,,1.6638753023638995,7.455114240671961,36,3.289590400151648,0.017780892815343993,0.05849185431148101,0.058491854311481004,e07405a21fbba0a30a26a4bd6217bb7da202d9e379d3cd31383a6518b347deeb,627eb75a6f85e7ba983beb131718e18a16b35eadf96edf4031ea550fac2a07e1,89d5770e1e37c98000803d38be34080424e6f98be1740837044d6d779527b590,4cd82f402a71c422b242b61686b620b37395b344a7a09b82df1585f85ca82253,0.37635758399846964
tv,0.2,tv_lr0.2,710090,ok,,3.817116453324984,9.688136657085565,36,3.27717186664577,0.015263218368706812,0.05002018983239691,0.05002018983239691,8fdcdd0dd2a15429d12bc69a8880f7828b3bc3c5387433278f2469aacc1e501d,d92fb18fe0513be8768c1f082e9cc621a83d273be55f0eaea722781b2b695691,867eaa5c80c7c482cbef7785459017cbc6ee245f3fc6af71c89d832a430e1cc9,a25882ca0a376f3d15c9675d958c1a02fca852ce2aa4665289ecf8609bc4db05,0.3753149579933961
tv,0.2,tv_lr0.2,710091,ok,,2.3306800878836498,7.936376060107384,36,6.014018227695702,0.008659761292838982,0.052079962262627344,0.052079962262627344,e951a525af7ba291372b7cac35c484ee8d202dde527b6ff39a863304c0717b76,b629d68128ff5c09e515280fd40fdd93161b26b5d045eee04d17b891da911795,da3bcea225ce514925498e95deea7acd83935ace1e58e82fc12a63fd97853b5b,c91396c280529315cc0586527632b3ebd81873612fb73577de9992cb48ce24c0,0.37439287500455976
tv,0.2,tv_lr0.2,710092,ok,,1.577898510147289,7.0691534746246125,36,3.1962836538541777,0.020086850191881597,0.0642032709257288,0.0642032709257288,85c1af327d1b610022b253fadfb9866fd620f13557d8bc121e0b82c22b99615e,e838865878582c7c3eb5c15a68b9d915d7d4bf43902cf40625bcd2e03f86e126,7fa116d3f52bfb8a88b71c1b26d77e915966b17741fa0715eacf97764d156fe1,225a30f2184d2e831af687187216f4cda5026b7c0257c5129470b63310ace6e4,0.36847525000484893
tv,0.2,tv_lr0.2,710093,ok,,1.6470259296711527,7.274915343255565,36,2.294694391750862,0.02247773883243996,0.05157954123804055,0.05157954123804055,bf49553c34dca2b4df9d9bd7feab06157c82006b8e0c1850df5d466065a186a2,52d8f57ae9c43a380977368a1a6574983e934de9b76a5433cc7c847f9c6d3cef,c078dfa322e417560485687ed4e117100dc21dedeece70710ae1668a95bdf92a,70ce759573955dd2405f2f89d63a0d6519caba8f7728bd3ad41794baa3763842,0.3695707499937271
tv,0.2,tv_lr0.2,710094,ok,,2.1344046448928644,7.569030971253247,36,3.907858214402013,0.01197542657993571,0.04679826913136997,0.04679826913136997,97076496aa08bbdd814b6464512c0954e7ad0aa8e6b50e3f94f11bb7eb9406a6,670f7a197b68cf4f193ea9eb684c1f949e68b60c7ec208cbdce2ed9b11fed436,64fe88f5c23c0e949dcdf275621038ad7a4e850808246d505bd026486f806b36,a97c81580ef49a6be1a6f6f01d810c5c09d15d543b110a6324c09ddffb5e2096,0.36499349999940023
tv,0.2,tv_lr0.2,710095,ok,,1.3100531098835588,6.9964950941766295,36,4.456396905090776,0.010228385674771653,0.045581746265127225,0.045581746265127225,aded037f6219fdee356dd2fd637f8acd46a64366495ece4104643e7bf1575803,9d84138c0c1f36c1a068a79f3cd59f5da4a46304168d7aff30a594eedee9af32,fbcaa28a7e638fd788cb288e89b999be45ad1f959a77461f625464b7b9534498,18c4f72aa81ad3821620a347d9a6ac87c005a13bdd5a7a3b85c4a4be9d1b1192,0.36260212500201305
tv,0.2,tv_lr0.2,710096,ok,,2.2364377843286074,8.115703505845312,36,3.1786509635086797,0.01425516900324514,0.04531220668714423,0.04531220668714423,f4419b1aae4cdf25db407da539a759d6ffda95fa7c27c6916572604d36a61ed1,61b3f1308c777b39676dc3c6b22bcc6f60181a0a93b895ff293939a4abbe2de4,4735609a41b45bc58f213e1c1a9ea9c12eba87eade8e1b628e4ff85fa802ef8c,a5431b4763130e49e57f4a54b6ea35eab10ed3805a0e76c803318879a904857a,0.3628445409995038
tv,0.2,tv_lr0.2,710097,ok,,1.3901299248882055,7.035665241278692,36,3.2519612889650378,0.01406165639977707,0.04572796227080251,0.04572796227080251,abe685dcc4b3a2dcf9f21becdf676828ffb43c5893218a46e38371caaecdce94,bb6d73a8168c788593fcf352c70c804f82306aed4735f7423a8e965902b83d66,eee9e512ba7284a0204d0533635fd416309bc3291f590dcd0f077a0315a6ad45,68a20769eb5df016dd63e483c6ed2798dde5feb8ed4ee9683772439fe906fef3,0.36029695800243644
tv,0.2,tv_lr0.2,710098,ok,,2.4129103558267406,8.024262381842153,36,3.614379263172469,0.013313504706842835,0.048120055332561806,0.048120055332561806,d6ddff813cb107c11587461420e21ec0f95384558f599277c94a61ec80c8164c,913ca572a5f7cd646b8a1021c395e8b6314a1ad08cfd683dec6452df46625e73,30ddb9f8325854c1cbdbd599a87fda8d21b136e6f89ceddb48b6914c3fce76c2,f53019952b57b1304097557c81959595f37531facdd5aded0974ca8417cc533f,0.3602724579977803
tv,0.2,tv_lr0.2,710099,ok,,2.716911007651519,8.111313963697103,36,2.856463120466646,0.01798784229876963,0.05138160814320543,0.05138160814320543,7f43288afdf23021bd0c43664f5daecb1875e6e358027e241a7552619604ce78,2c55bc542c893bc5f42ea42530c8ec47c188003c80acc8fe37c60b9da156d80d,57ccec2855f978f7b51aac02a68dd0fd68482398fdf10bd301fa852a3d098c03,74fe3b91bbfe35fc3ed088d20291c75b1c14a8ccb6dbfc69159cef14c52c1842,0.3588805830004276
tv,0.2,tv_lr0.2,710100,ok,,4.290554444424616,9.975171810659928,36,3.6115989126894266,0.012279099133200374,0.04434718107827215,0.04434718107827215,81e8fe46a6b0a6b123a3a8cbeb20dff6c9ecd01d23b9b474653c6f0e4492a2dd,dfad1368a86b2ce73f0784973e3f9f1ab0c0dd35fdf63803d5f1845dd3826a84,a6cf51c060a642c2c2bc7f9a5bacbc68dd15c74506d9f20f6335042a1dd8dbff,4d0e83348d26fec7516814010801ae928eb465ff368b82dd9eb9f9e4c08517f1,0.3578571670004749
tv,0.2,tv_lr0.2,710101,ok,,1.7905200358728872,7.228364564333906,36,6.260582656305789,0.008780964637807993,0.05497395491709516,0.05497395491709516,4c84e6521085dfd3ee46b3bce2f9af6ac1b36a87a93f4fb4a6bebd8400611316,6d52c2cfae427124de21f67ec71c699573386f966b564f4b4d5810051c36cdf7,5162f9c8fe91f41478f7540059fdcedcc804f86edaf503129dd5e08a9c25f6fa,161ee5816eadcae5f1e88841e32ed970ed9fded78ce09ca5e6f396dd10dd6a5d,0.3651415830026963
tv,0.2,tv_lr0.2,710102,ok,,2.000901792035142,7.686931030201629,36,4.697631007690021,0.010374744277894156,0.04873672041669021,0.04873672041669021,febffb199925e3020a1ef95206e53a60645afa89d8a5236ab4ae22a056b7ec21,aeca638c7dd73888d6858d7bfc3fe191fed081547b82c4223e4f5ee58df13bf2,80b83cbe1ca79190a0ec3569bfd1f8c8b230bf5a6f003ca3e3c413d90b77bac5,99c2d2fa370875864d3f48abfb7ae58d22124a29ed9ed9736d4b9c4775e36acd,0.3638259170038509
tv,0.2,tv_lr0.2,710103,ok,,1.4962406445797587,7.151743711155323,36,3.5933124364261206,0.014073645916495774,0.05057100689760195,0.05057100689760195,a2832b006f4a79f000a75aeb55e5a28c1a1f7bfd3e6be24ab39c9c9ca520e34b,a888a7baa2533c36d72011ddd835e6a2cf42fc2e58f8cfee5f6901c8f6c38ed6,14524eecb762ae98e0bf83d447d938177a4c99fff742bc80fb02e117ca2fd01c,9e97f4bcce4f270640b931a72cd61da9d2f257beede42567a3e017e630d630cb,0.362889958996675
tv,0.2,tv_lr0.2,710104,ok,,1.859199190050786,7.577998827661062,36,3.033990614526629,0.01571119187283327,0.04766760868520319,0.04766760868520319,38cfcc92f9ba3cafc58ac46813e1e264df719826ca6bcd2420d1ca7b5cfae116,655169c78d76bae7ac4314a3a778d40937cdd998fce4007b9c5750d282e31f9c,af20cf77fc3d8f5c7183b1550d7a2491be46abce5be3e86d924a83a3876d0ffe,e9e9aec2118b2025e375158bc175ead5a94b00d5c567d534442ba18b467627f1,0.36411295799916843
tv,0.2,tv_lr0.2,710105,ok,,1.9023209353248682,7.689270876574298,36,3.961294634848846,0.012058997064705437,0.04776924037407563,0.04776924037407563,a4654643770fa053d24bb3f4ebc84e56a6408328676328fc510a2c312e9273f4,7bedb989e8379e7b65b1ddbcc7a549b2dfdab687fbeb88b79982b020a6b31b67,9a4924acb060a9f36d33c8b900cae9594afc182e69aabd0d9c3e1e23b0bb86a5,e392d31344c27882018f294d07d23b0a01bbe33618424e9f5eb21dbbed0d1358,0.36373925000225427
tv,0.2,tv_lr0.2,710106,ok,,2.8612580392713247,8.611869183730546,36,4.829616082414304,0.010589555289750837,0.051143486532996114,0.05114348653299611,f4dd07468cb1b993611ff01b6977694710181001943f747f91a328a10612e4fe,99723440cd854abcdd7338daa6b2fd66cd976a8bb4fcc1cc055b81f91f77441c,ce71872e0a3cb9cc84383059e15917747d3c6bd0edf78f435d45dfef32905546,244be6b6d33dc5efa290de484d327c9e0a2a6c90c3075d5bd7ae15776435e98f,0.3633265829994343
tv,0.2,tv_lr0.2,710107,ok,,2.106213688463,7.67130935684469,36,3.7315890097547655,0.012438055871460867,0.046413712592659105,0.046413712592659105,38d3c0fc1168955f42be5228d53c4ebd589f7cc94c07d80164ef94a4823ff486,48d18d06e3a38754536f3a27981cac3a42069b309666a4ca0492cd3e324f2454,8cb585ad41b3ae0dc0ac8142470f45724e83a4cc16fd891195237d2a28e92323,74cae9055d67125ae7c8d12be1cc38c59c6163ba5627ce82b3751791216f9886,0.36619412500294857
tv,0.2,tv_lr0.2,710108,ok,,2.3512796775638805,7.734398174442864,36,7.016509814737394,0.006057172051494641,0.04250020714886518,0.04250020714886518,79a5bcecfe37045b1969c27696b6075ba7d44e86998097bbbd89d7040c3ab8f1,207128964a1365c9162b1862cabe7e26dedbbe20815896ebdd9f4644d038f875,6560b91cb8a12ddb910da4c577c562d1e1dffd23e42bd94ee3d473acf8728a35,852dab4c6967f79cad49ae2272140e1098bef2da13f19438ad8ad20fbfe52315,0.36468991699803155
tv,0.2,tv_lr0.2,710109,ok,,3.3173640674195584,9.083306589280289,36,7.952656069616403,0.004808931757738514,0.03824378033155027,0.03824378033155027,7da5635241b22e3bdf3f74bb615259bf67f1756abf8bf7a4029bf76c3461f995,d5c34b7368fc258b927927962742d79b97f73c350df1a2a0a17b5b5ab5cc7ad3,ffff2afb8dde3ffbcf8d6b9426b5964855f04e7f7c27db2be6e5aee3ab2e9ed5,031d12323735f534d1961be29a392b29e2746f4c0d6de59ce6b86bd5270397f6,0.36290974999428727
tv,0.2,tv_lr0.2,710110,ok,,1.1869204962477427,6.774414154398568,36,3.3230526334497172,0.017500704239513817,0.058155761310341024,0.058155761310341024,38161346dd2d945f0a6fb369a4804845c887f52d422492b58baae78c3ff68982,b65f0721da2cae6529b6594fa3fc8f602243a9fc06300332942e33d142261a93,458be35201b531aec42d25732344699dc70f98958496988efa03e70d7d0177bc,c73f46e33365b07dd05690ffb0728c6ec6a2bd8f575ebc250475bb37cc752e90,0.3643914999993285
tv,0.2,tv_lr0.2,710111,ok,,1.0801686735605396,6.679194117125866,36,3.503688444470552,0.015327213232626554,0.05370177988908979,0.05370177988908979,f5aa4f946eece55e6eead2c69d19531b312f125b0f99e3e6af31337af9cbeae2,54ffb99f6fe4087662a16268705bc3e5334dac7e0318ca18029d6dd3ca687946,041b1e1ed30bf2a57199171a84f7693bc4eefcf1ee4d4af736e74ee4df492626,5f0767f96aedd0f364b88a3c165b1e0239402ccb0b54cf862615a3c392e9778a,0.3637698749953415
tv,0.2,tv_lr0.2,710112,ok,,2.0391641054195064,7.633457766172887,36,3.428120936460716,0.013616533687293729,0.04667912421543426,0.04667912421543426,9d38acf1ebe5ce981e22bc298fb9f0f0ea20fc8f0e8071a0483d411ce3899d6b,8a15a55d5b92e61092f022d4ce065bf0cfb4dcd6e5b573f7876647c6dda8cf70,901937e1cf737dc15a0a08f9a7f12d7b09d0d176a549812345520422b2e4645d,6ad34056bf2190d780d6d4f37013310c87c0e2cf4ad51e80b7010d2792386566,0.3636674169974867
tv,0.2,tv_lr0.2,710113,ok,,2.5388679966547656,8.239704898525652,36,8.76370735148416,0.005422186189944299,0.04751845297393074,0.04751845297393074,b67ccaac5ca87c147e21663a394d877eddb61f19f6ed447ed7fb1f4658902e26,f35bd2ef82b3479104008d906e25b4a89a32c00d41626b4b501d887bd1bbe821,a702a256ee7739d619b062f89c72eb89a3ced741fb3600dfaa0011b292ac76cb,972f236c4e550a55de6fd11fcd7d8b77ca6142b3b8b3483f3a6fcc6b0ff35cc0,0.363963750001858
tv,0.2,tv_lr0.2,710114,ok,,1.0270063371730758,6.658310448174095,36,9.532504091598557,0.0052214709859775684,0.049773693537994323,0.049773693537994323,182c426fdef815c61a400f37da37d5dcbe36bcf2f24fb8000ae54e82e5a40fd8,94e3aaaefe55d779fba93e1ba7180b2e8b2e0f57be46086f5cd8a3c5d1d772af,6eceabd8c6ab060705836d635bb6a1732f497d5bed94c293da74e4e7f928bf32,35d3a5f3cac96fb6c11f1ef9ee06d8da7e553336293f55251318398797bcea6a,0.3658606249955483
tv,0.2,tv_lr0.2,710115,ok,,2.2881376551669623,8.06149658793189,36,5.404132016393689,0.010030387405221136,0.05420553771338756,0.054205537713387555,72cd90e04604e1dbd10bac0871bc8883b5c400aa925efbf4296bbaeaa6d9abb4,5d15a5acf0d815380aee11d2425f22c1d3ed22b914fdd2a1678df7615a2e1eb4,1e22fb1629e276ba67b92ac44b1c0bbf0617ddffb9df4de9b8b2bbff2e6c95b6,2ed595fbb26b020e6cd74dc03d198800ecf3837460c71b1a7e25ac68f2aea37c,0.36182970899972133
tv,0.2,tv_lr0.2,710116,ok,,1.8719691732672785,7.623916123005881,36,4.8119462165158895,0.010135265334931108,0.0487703516818064,0.04877035168180639,04c445de5389a04befba7ad145e1cd1cb22bbbfe6f00b5978984b8ecca7a5e9f,613214d6b6627ed49eda5a03a0cdfc852ec86195e17adc2da2dc1d597321674b,0699e6afa75b878c53524bfea461b31a49c74eb857862b9db2cdb0405a364d4c,7cfabb8fd1f194e323cb85060b120745604deae4b01c8d5e14aa56776e3e1dc1,0.36913129199820105
tv,0.2,tv_lr0.2,710117,ok,,1.6469581732763658,7.311615580441455,36,3.329560371178291,0.0156208597987755,0.052010595749734996,0.052010595749734996,14a43648171a52814ea3177d9d4563c983ef9f90769fae7ac4c74ae5cba9d377,b41d22d7ef19f7069b0e3dd021db191fa7e58ec924b3a091c65308e04de8278a,f76c9fd35cd8330e09640f97e8e55e1d9fff7e41eb0d738a305eaf2af0664089,592a65e2392eff4571b580121b87fa613f808c6a6776057cecb7d4f1f5036895,0.3661659999997937
tv,0.2,tv_lr0.2,710118,ok,,2.0729265619188135,7.59144055651144,36,2.7925217531655213,0.017706381785734766,0.0494454563065181,0.0494454563065181,4c1d5c172e13790d57b71cc3ea8bfcf1598b10720394ba3d63a8544f4251e2e4,299dd84473639620cdef5e818458469d51a5084c3377dbcceb638039b23db59b,59d64de76c55237cdf51b2e944a8c87fc255a294f9c58ddea376ee2a8fb549de,b55db464eb55e555c88a28c7fac2805f5dd2315127a45923ae5c3cc5e6ecf543,0.37776491600379813
tv,0.2,tv_lr0.2,710119,ok,,2.637722406012918,8.621150101947537,36,3.505649572465049,0.01589276629136552,0.05571446935461248,0.05571446935461248,ed8de7fbc53567625f58961a68f319867476a2a55c47b1e1f334008eb343f73a,f7a63cb201def74a013578086f1f3ffd3048ebb8d8e054855da63447e420f6b6,12e8461d1eadf4981e2e12ed9676d6e1b8106b76d710829b1af7bf2527982c6b,52d9509ec41f98d3096c6addbd3f63022a22f77214e71c19d9c0804f6d8c4e66,0.4544080839987146
tv,0.2,tv_lr0.2,710120,ok,,1.6042260556372192,7.265402476680343,36,3.6430288166427762,0.012190324217297032,0.04440970240783138,0.04440970240783138,0de56e535fa28db377cbbcbb31e482c1571bffded9bc8638a26dfa3b1738208d,59f898a9f262f35fd06de94ad8c5fc0fe3c4e1b5d9820b79372e1d2da04b80b8,24172294a7d51cd6e19fc7f318a5b1c2688542a3c0977d07c372dc4c66840200,6c3111c1a8519b27c55cfe37125b428eff6f3a768d860214e7e022be8e89a7ba,0.44633750000502914
