radius,objective,sigma,lr,key,seed,status,error,kl,validation_nll,parameters,scale,initial_gradient_norm,reference_gradient_norm,scaled_initial_gradient_norm,sample_sha256,initial_sha256,mask_sha256,validation_sha256,seconds
3,hellinger,0.75,0.005,r3_hellinger_sigma0.75_lr0.005,111,ok,,1.0649689081934863,6.839178076090487,36,0.2336835487921589,0.24177438873788826,0.05649869716732471,0.05649869716732471,6f4599f803588363f7f3f06a30082972087391773f80fd6d7eb3eadc6484859e,28b0ebbf9be5e833a1d38468d7218b52b6eca83c2a9f1c6221ed279bc5fe306d,8fab7eb1dfc2006c517c0e7e9e69f75a99f3dc01832c43b11c9ba40c9bcd6823,ff013eda1d426d67006a334f6583897c614d689f5823b14c442be63e78bb3962,0.3836679159940104
3,hellinger,0.75,0.005,r3_hellinger_sigma0.75_lr0.005,112,ok,,1.0950677742449684,6.7701063485957915,36,0.18044031634663438,0.27582504666240565,0.049769958676089666,0.049769958676089666,23158049f8a287709543a55b89f8943218b08cba397a67e034633640e70c99f6,ef7c966740418fd6a40b794df00c0c243906c71043c6b0f768b5a1adf85a9eef,02f04c05a341d11e3b57c54926b2dbae6a2e489c24a16657054478fda872ca64,3dd0b47c3c1ce23069083c16d0c2272714da54db5025db5646fd1228b010a5e8,0.38268383299873676
3,hellinger,0.75,0.005,r3_hellinger_sigma0.75_lr0.005,113,ok,,1.1424184746597046,6.727187338785301,36,0.26280706965623535,0.26554600378261606,0.06978736711303292,0.06978736711303292,1130bcd06d370ab57f1bc3a67409c755b267648b80a0f46e840060bb010d3ab8,c68fb172bb60d66f359aa28c9948d748b520f4271b111e5de41911067a4f354b,1d1668fc7ae6e962f5f3b23083b5cf8c2778125e6999c83b21749b59535e825c,db95c591d5ad7a1f08531cf0e04985b931fc730f28e8ed47b8c7c5d8ecd8db0c,0.38553404200501973
3,hellinger,0.75,0.005,r3_hellinger_sigma0.75_lr0.005,114,ok,,1.0073755967969282,6.725471238057431,36,0.2172887772600691,0.24923947637982063,0.0541569410675111,0.0541569410675111,c8a7a565f4c34afcedf377bd8a33aee023bbafec99430b278d5183f906311b3e,c33ca7855f00a693f1f0af550d168ba9c880c362927ac4b9858046f2d8b7a17c,38002117c0ffdb4a9624b0cd256b65181fc12e3321756df0d82b3aabebebd605,52ceac77e1e0c99a5de90b23d52d3e2f15eb08da92d5b6842d3e92834a138f22,0.3889477079937933
3,hellinger,0.75,0.005,r3_hellinger_sigma0.75_lr0.005,115,ok,,1.2927796498265747,6.800744507584757,36,0.14720612818463022,0.2740335568697261,0.040339418899455054,0.040339418899455054,21e3187a25ce542a7fda12331f6df5573b7aa9cfb19c4d6a1242f48e9ab77257,2979b01fffc02f60db951ba7c3ab40b94b411246fd1d648f7c1e046da8b55f29,20e1afcba9533c9a3cd05a6d7e63f13cc97f4d348c142d7f72917f8929ca02eb,c3a0cabd7487508470d585545f7b6a856897b0410105302f1b4d5c12944c190d,0.38227158300287556
3,hellinger,0.75,0.005,r3_hellinger_sigma0.75_lr0.005,116,ok,,1.570774667944095,7.259993888796832,36,0.21960089685390652,0.26972773570794295,0.05923245266783774,0.05923245266783774,b240340bda42b13e461b839e854e8931eb9b197c11fad589d1f07877b5a6c105,8944d8f9094422671c06b3f2af086555200354f4f465fe9295a66b6f28ee7466,a927dd1c515d66a61fb11e1c948c7e8042e5cfedc1c4b8d5dca9f3be9e46a7b7,0d285e8573294ff0f8d626c9d7c79b1ffa6d14fb3071ba7be902aa48627a1c7e,0.38160412500292296
3,hellinger,0.75,0.005,r3_hellinger_sigma0.75_lr0.005,117,ok,,1.2197519721824306,6.803465677029682,36,0.15867930248297213,0.26916927251715933,0.04271159241287188,0.04271159241287188,2ff937c83d36f7b3a5406c91e8755c50ce932575e34db68925452587b0ab77d6,4ce67a52451597cfc11fd97edf40aa34eb1b5c997198bd1076c33fe083bdd43e,b828baff1fb9f67c70b6dbea3cba487e81abd07d2e9720c22549cc121a9cf9ad,32821079a74fe63f445d951a557ad18447fced01821fc77b6b8d137d2fe48881,0.3858836670042365
3,hellinger,0.75,0.005,r3_hellinger_sigma0.75_lr0.005,118,ok,,0.962037452522555,6.716819228992958,36,0.18098047850790652,0.2542701449825481,0.04601793250921632,0.04601793250921632,f9372f8f74b3a18b86f9a9dd960278381003e836073cde71119d3b892dde9434,7bd60133923f8534362210d3aca0aff74ce000224bd76127dd7b0bce56ccb362,605f62e239322f5313d845a2d699f250ce6a7e0825aa8e661c4d9f8dc5f782d9,ffdd2708cda2855a18fd4a81398631fadb59f1610b8dd3d36eefe8f678572c16,0.38779041599627817
3,hellinger,0.75,0.005,r3_hellinger_sigma0.75_lr0.005,119,ok,,1.096344902243518,6.70930626003196,36,0.16277119412446686,0.2592056405316404,0.04219121163313242,0.04219121163313242,9cc5a5818d004f0f1492c246ba3ab8685b2df3f7dfd15cdf113ebebec42d8dee,64ada1b3e94d843469b9e745b7a15decfea54282d3d3fdc06c17e9cdcea8dc5b,ca428a2d600b7cd0b47722decaa3f8e1a32769793f46a3ced6ba5f9ab631e1f2,01bf4e2b10f88360652600d185a9d719f05502f25f089d70da96eafa7fe4dfe3,0.38294187499559484
3,hellinger,0.75,0.005,r3_hellinger_sigma0.75_lr0.005,120,ok,,0.9965599181273264,6.7425645615196625,36,0.2059426041612748,0.2511731273804628,0.05172724794806411,0.05172724794806411,69e5aaf107b63f46b6b057dfe99d3189e4f485b9649136f1718f398f646e43c6,d8e50e695e49ac02b6f76daee1d39919959a4aa8a84f49c7d93d5a5dc3caa2ff,5604d0b01aa38439978ff828fd8b23f34f58aaa29f9fc4cf46c8f2889862d932,dff4b17a330f664ec4d31f507c7603e7842ac94d65226c760d6e78cfa953aeb7,0.38258479100477416
3,hellinger,0.75,0.01,r3_hellinger_sigma0.75_lr0.01,111,ok,,0.8886620153273802,6.709547154440492,36,0.2336835487921589,0.24177438873788826,0.05649869716732471,0.05649869716732471,6f4599f803588363f7f3f06a30082972087391773f80fd6d7eb3eadc6484859e,28b0ebbf9be5e833a1d38468d7218b52b6eca83c2a9f1c6221ed279bc5fe306d,8fab7eb1dfc2006c517c0e7e9e69f75a99f3dc01832c43b11c9ba40c9bcd6823,ff013eda1d426d67006a334f6583897c614d689f5823b14c442be63e78bb3962,0.38713554199784994
3,hellinger,0.75,0.01,r3_hellinger_sigma0.75_lr0.01,112,ok,,1.085982284538276,6.738973073773428,36,0.18044031634663438,0.27582504666240565,0.049769958676089666,0.049769958676089666,23158049f8a287709543a55b89f8943218b08cba397a67e034633640e70c99f6,ef7c966740418fd6a40b794df00c0c243906c71043c6b0f768b5a1adf85a9eef,02f04c05a341d11e3b57c54926b2dbae6a2e489c24a16657054478fda872ca64,3dd0b47c3c1ce23069083c16d0c2272714da54db5025db5646fd1228b010a5e8,0.3891147920003277
3,hellinger,0.75,0.01,r3_hellinger_sigma0.75_lr0.01,113,ok,,1.1350143825695735,6.688336257868188,36,0.26280706965623535,0.26554600378261606,0.06978736711303292,0.06978736711303292,1130bcd06d370ab57f1bc3a67409c755b267648b80a0f46e840060bb010d3ab8,c68fb172bb60d66f359aa28c9948d748b520f4271b111e5de41911067a4f354b,1d1668fc7ae6e962f5f3b23083b5cf8c2778125e6999c83b21749b59535e825c,db95c591d5ad7a1f08531cf0e04985b931fc730f28e8ed47b8c7c5d8ecd8db0c,0.38364083300257334
3,hellinger,0.75,0.01,r3_hellinger_sigma0.75_lr0.01,114,ok,,0.912249505373515,6.6290465312381075,36,0.2172887772600691,0.24923947637982063,0.0541569410675111,0.0541569410675111,c8a7a565f4c34afcedf377bd8a33aee023bbafec99430b278d5183f906311b3e,c33ca7855f00a693f1f0af550d168ba9c880c362927ac4b9858046f2d8b7a17c,38002117c0ffdb4a9624b0cd256b65181fc12e3321756df0d82b3aabebebd605,52ceac77e1e0c99a5de90b23d52d3e2f15eb08da92d5b6842d3e92834a138f22,0.385140832993784
3,hellinger,0.75,0.01,r3_hellinger_sigma0.75_lr0.01,115,ok,,1.291428095537237,6.799306244034286,36,0.14720612818463022,0.2740335568697261,0.040339418899455054,0.040339418899455054,21e3187a25ce542a7fda12331f6df5573b7aa9cfb19c4d6a1242f48e9ab77257,2979b01fffc02f60db951ba7c3ab40b94b411246fd1d648f7c1e046da8b55f29,20e1afcba9533c9a3cd05a6d7e63f13cc97f4d348c142d7f72917f8929ca02eb,c3a0cabd7487508470d585545f7b6a856897b0410105302f1b4d5c12944c190d,0.3869620000041323
3,hellinger,0.75,0.01,r3_hellinger_sigma0.75_lr0.01,116,ok,,1.140398372065704,6.826685537674857,36,0.21960089685390652,0.26972773570794295,0.05923245266783774,0.05923245266783774,b240340bda42b13e461b839e854e8931eb9b197c11fad589d1f07877b5a6c105,8944d8f9094422671c06b3f2af086555200354f4f465fe9295a66b6f28ee7466,a927dd1c515d66a61fb11e1c948c7e8042e5cfedc1c4b8d5dca9f3be9e46a7b7,0d285e8573294ff0f8d626c9d7c79b1ffa6d14fb3071ba7be902aa48627a1c7e,0.38861379199806834
3,hellinger,0.75,0.01,r3_hellinger_sigma0.75_lr0.01,117,ok,,0.9728729160719788,6.574275880185192,36,0.15867930248297213,0.26916927251715933,0.04271159241287188,0.04271159241287188,2ff937c83d36f7b3a5406c91e8755c50ce932575e34db68925452587b0ab77d6,4ce67a52451597cfc11fd97edf40aa34eb1b5c997198bd1076c33fe083bdd43e,b828baff1fb9f67c70b6dbea3cba487e81abd07d2e9720c22549cc121a9cf9ad,32821079a74fe63f445d951a557ad18447fced01821fc77b6b8d137d2fe48881,0.38497062499664025
3,hellinger,0.75,0.01,r3_hellinger_sigma0.75_lr0.01,118,ok,,0.8812404731193921,6.668222220908456,36,0.18098047850790652,0.2542701449825481,0.04601793250921632,0.04601793250921632,f9372f8f74b3a18b86f9a9dd960278381003e836073cde71119d3b892dde9434,7bd60133923f8534362210d3aca0aff74ce000224bd76127dd7b0bce56ccb362,605f62e239322f5313d845a2d699f250ce6a7e0825aa8e661c4d9f8dc5f782d9,ffdd2708cda2855a18fd4a81398631fadb59f1610b8dd3d36eefe8f678572c16,0.38327995800500503
3,hellinger,0.75,0.01,r3_hellinger_sigma0.75_lr0.01,119,ok,,1.0176954470152875,6.651740792874673,36,0.16277119412446686,0.2592056405316404,0.04219121163313242,0.04219121163313242,9cc5a5818d004f0f1492c246ba3ab8685b2df3f7dfd15cdf113ebebec42d8dee,64ada1b3e94d843469b9e745b7a15decfea54282d3d3fdc06c17e9cdcea8dc5b,ca428a2d600b7cd0b47722decaa3f8e1a32769793f46a3ced6ba5f9ab631e1f2,01bf4e2b10f88360652600d185a9d719f05502f25f089d70da96eafa7fe4dfe3,0.3854529169984744
3,hellinger,0.75,0.01,r3_hellinger_sigma0.75_lr0.01,120,ok,,1.0464817662340744,6.8002272531533,36,0.2059426041612748,0.2511731273804628,0.05172724794806411,0.05172724794806411,69e5aaf107b63f46b6b057dfe99d3189e4f485b9649136f1718f398f646e43c6,d8e50e695e49ac02b6f76daee1d39919959a4aa8a84f49c7d93d5a5dc3caa2ff,5604d0b01aa38439978ff828fd8b23f34f58aaa29f9fc4cf46c8f2889862d932,dff4b17a330f664ec4d31f507c7603e7842ac94d65226c760d6e78cfa953aeb7,0.39160858399554854
3,hellinger,0.75,0.02,r3_hellinger_sigma0.75_lr0.02,111,ok,,0.851106711811164,6.674387181155671,36,0.2336835487921589,0.24177438873788826,0.05649869716732471,0.05649869716732471,6f4599f803588363f7f3f06a30082972087391773f80fd6d7eb3eadc6484859e,28b0ebbf9be5e833a1d38468d7218b52b6eca83c2a9f1c6221ed279bc5fe306d,8fab7eb1dfc2006c517c0e7e9e69f75a99f3dc01832c43b11c9ba40c9bcd6823,ff013eda1d426d67006a334f6583897c614d689f5823b14c442be63e78bb3962,0.38383437499578577
3,hellinger,0.75,0.02,r3_hellinger_sigma0.75_lr0.02,112,ok,,0.9941175734069768,6.621812292237792,36,0.18044031634663438,0.27582504666240565,0.049769958676089666,0.049769958676089666,23158049f8a287709543a55b89f8943218b08cba397a67e034633640e70c99f6,ef7c966740418fd6a40b794df00c0c243906c71043c6b0f768b5a1adf85a9eef,02f04c05a341d11e3b57c54926b2dbae6a2e489c24a16657054478fda872ca64,3dd0b47c3c1ce23069083c16d0c2272714da54db5025db5646fd1228b010a5e8,0.3829346669954248
3,hellinger,0.75,0.02,r3_hellinger_sigma0.75_lr0.02,113,ok,,1.1331030947891803,6.686424109540508,36,0.26280706965623535,0.26554600378261606,0.06978736711303292,0.06978736711303292,1130bcd06d370ab57f1bc3a67409c755b267648b80a0f46e840060bb010d3ab8,c68fb172bb60d66f359aa28c9948d748b520f4271b111e5de41911067a4f354b,1d1668fc7ae6e962f5f3b23083b5cf8c2778125e6999c83b21749b59535e825c,db95c591d5ad7a1f08531cf0e04985b931fc730f28e8ed47b8c7c5d8ecd8db0c,0.3883160410041455
3,hellinger,0.75,0.02,r3_hellinger_sigma0.75_lr0.02,114,ok,,1.0398645250005258,6.754498030546744,36,0.2172887772600691,0.24923947637982063,0.0541569410675111,0.0541569410675111,c8a7a565f4c34afcedf377bd8a33aee023bbafec99430b278d5183f906311b3e,c33ca7855f00a693f1f0af550d168ba9c880c362927ac4b9858046f2d8b7a17c,38002117c0ffdb4a9624b0cd256b65181fc12e3321756df0d82b3aabebebd605,52ceac77e1e0c99a5de90b23d52d3e2f15eb08da92d5b6842d3e92834a138f22,0.38888349999615457
3,hellinger,0.75,0.02,r3_hellinger_sigma0.75_lr0.02,115,ok,,1.2998810804175647,6.80468654516662,36,0.14720612818463022,0.2740335568697261,0.040339418899455054,0.040339418899455054,21e3187a25ce542a7fda12331f6df5573b7aa9cfb19c4d6a1242f48e9ab77257,2979b01fffc02f60db951ba7c3ab40b94b411246fd1d648f7c1e046da8b55f29,20e1afcba9533c9a3cd05a6d7e63f13cc97f4d348c142d7f72917f8929ca02eb,c3a0cabd7487508470d585545f7b6a856897b0410105302f1b4d5c12944c190d,0.3825378749970696
3,hellinger,0.75,0.02,r3_hellinger_sigma0.75_lr0.02,116,ok,,1.1485518272744368,6.832622579304142,36,0.21960089685390652,0.26972773570794295,0.05923245266783774,0.05923245266783774,b240340bda42b13e461b839e854e8931eb9b197c11fad589d1f07877b5a6c105,8944d8f9094422671c06b3f2af086555200354f4f465fe9295a66b6f28ee7466,a927dd1c515d66a61fb11e1c948c7e8042e5cfedc1c4b8d5dca9f3be9e46a7b7,0d285e8573294ff0f8d626c9d7c79b1ffa6d14fb3071ba7be902aa48627a1c7e,0.38222249999671476
3,hellinger,0.75,0.02,r3_hellinger_sigma0.75_lr0.02,117,ok,,1.0115741521902955,6.604966714592085,36,0.15867930248297213,0.26916927251715933,0.04271159241287188,0.04271159241287188,2ff937c83d36f7b3a5406c91e8755c50ce932575e34db68925452587b0ab77d6,4ce67a52451597cfc11fd97edf40aa34eb1b5c997198bd1076c33fe083bdd43e,b828baff1fb9f67c70b6dbea3cba487e81abd07d2e9720c22549cc121a9cf9ad,32821079a74fe63f445d951a557ad18447fced01821fc77b6b8d137d2fe48881,0.38996458299516235
3,hellinger,0.75,0.02,r3_hellinger_sigma0.75_lr0.02,118,ok,,0.8803293324416102,6.646448248335082,36,0.18098047850790652,0.2542701449825481,0.04601793250921632,0.04601793250921632,f9372f8f74b3a18b86f9a9dd960278381003e836073cde71119d3b892dde9434,7bd60133923f8534362210d3aca0aff74ce000224bd76127dd7b0bce56ccb362,605f62e239322f5313d845a2d699f250ce6a7e0825aa8e661c4d9f8dc5f782d9,ffdd2708cda2855a18fd4a81398631fadb59f1610b8dd3d36eefe8f678572c16,0.39313237500027753
3,hellinger,0.75,0.02,r3_hellinger_sigma0.75_lr0.02,119,ok,,1.0166329483096395,6.649207339365646,36,0.16277119412446686,0.2592056405316404,0.04219121163313242,0.04219121163313242,9cc5a5818d004f0f1492c246ba3ab8685b2df3f7dfd15cdf113ebebec42d8dee,64ada1b3e94d843469b9e745b7a15decfea54282d3d3fdc06c17e9cdcea8dc5b,ca428a2d600b7cd0b47722decaa3f8e1a32769793f46a3ced6ba5f9ab631e1f2,01bf4e2b10f88360652600d185a9d719f05502f25f089d70da96eafa7fe4dfe3,0.38540629199997056
3,hellinger,0.75,0.02,r3_hellinger_sigma0.75_lr0.02,120,ok,,0.9195484609723208,6.693808256390506,36,0.2059426041612748,0.2511731273804628,0.05172724794806411,0.05172724794806411,69e5aaf107b63f46b6b057dfe99d3189e4f485b9649136f1718f398f646e43c6,d8e50e695e49ac02b6f76daee1d39919959a4aa8a84f49c7d93d5a5dc3caa2ff,5604d0b01aa38439978ff828fd8b23f34f58aaa29f9fc4cf46c8f2889862d932,dff4b17a330f664ec4d31f507c7603e7842ac94d65226c760d6e78cfa953aeb7,0.3855302500014659
3,hellinger,0.75,0.05,r3_hellinger_sigma0.75_lr0.05,111,ok,,0.833922823372717,6.6570070365054415,36,0.2336835487921589,0.24177438873788826,0.05649869716732471,0.05649869716732471,6f4599f803588363f7f3f06a30082972087391773f80fd6d7eb3eadc6484859e,28b0ebbf9be5e833a1d38468d7218b52b6eca83c2a9f1c6221ed279bc5fe306d,8fab7eb1dfc2006c517c0e7e9e69f75a99f3dc01832c43b11c9ba40c9bcd6823,ff013eda1d426d67006a334f6583897c614d689f5823b14c442be63e78bb3962,0.3877032079981291
3,hellinger,0.75,0.05,r3_hellinger_sigma0.75_lr0.05,112,ok,,1.0771203613949858,6.696882876550217,36,0.18044031634663438,0.27582504666240565,0.049769958676089666,0.049769958676089666,23158049f8a287709543a55b89f8943218b08cba397a67e034633640e70c99f6,ef7c966740418fd6a40b794df00c0c243906c71043c6b0f768b5a1adf85a9eef,02f04c05a341d11e3b57c54926b2dbae6a2e489c24a16657054478fda872ca64,3dd0b47c3c1ce23069083c16d0c2272714da54db5025db5646fd1228b010a5e8,0.3859485420034616
3,hellinger,0.75,0.05,r3_hellinger_sigma0.75_lr0.05,113,ok,,1.2545971954481039,6.810695622000942,36,0.26280706965623535,0.26554600378261606,0.06978736711303292,0.06978736711303292,1130bcd06d370ab57f1bc3a67409c755b267648b80a0f46e840060bb010d3ab8,c68fb172bb60d66f359aa28c9948d748b520f4271b111e5de41911067a4f354b,1d1668fc7ae6e962f5f3b23083b5cf8c2778125e6999c83b21749b59535e825c,db95c591d5ad7a1f08531cf0e04985b931fc730f28e8ed47b8c7c5d8ecd8db0c,0.382503666995035
3,hellinger,0.75,0.05,r3_hellinger_sigma0.75_lr0.05,114,ok,,1.1822629409009466,6.91180101286906,36,0.2172887772600691,0.24923947637982063,0.0541569410675111,0.0541569410675111,c8a7a565f4c34afcedf377bd8a33aee023bbafec99430b278d5183f906311b3e,c33ca7855f00a693f1f0af550d168ba9c880c362927ac4b9858046f2d8b7a17c,38002117c0ffdb4a9624b0cd256b65181fc12e3321756df0d82b3aabebebd605,52ceac77e1e0c99a5de90b23d52d3e2f15eb08da92d5b6842d3e92834a138f22,0.3858935419993941
3,hellinger,0.75,0.05,r3_hellinger_sigma0.75_lr0.05,115,ok,,1.1195456194752589,6.663461297856465,36,0.14720612818463022,0.2740335568697261,0.040339418899455054,0.040339418899455054,21e3187a25ce542a7fda12331f6df5573b7aa9cfb19c4d6a1242f48e9ab77257,2979b01fffc02f60db951ba7c3ab40b94b411246fd1d648f7c1e046da8b55f29,20e1afcba9533c9a3cd05a6d7e63f13cc97f4d348c142d7f72917f8929ca02eb,c3a0cabd7487508470d585545f7b6a856897b0410105302f1b4d5c12944c190d,0.38444437499856576
3,hellinger,0.75,0.05,r3_hellinger_sigma0.75_lr0.05,116,ok,,1.2818306605814462,6.988595006275563,36,0.21960089685390652,0.26972773570794295,0.05923245266783774,0.05923245266783774,b240340bda42b13e461b839e854e8931eb9b197c11fad589d1f07877b5a6c105,8944d8f9094422671c06b3f2af086555200354f4f465fe9295a66b6f28ee7466,a927dd1c515d66a61fb11e1c948c7e8042e5cfedc1c4b8d5dca9f3be9e46a7b7,0d285e8573294ff0f8d626c9d7c79b1ffa6d14fb3071ba7be902aa48627a1c7e,0.3880752080003731
3,hellinger,0.75,0.05,r3_hellinger_sigma0.75_lr0.05,117,ok,,1.0242173540506794,6.6132689916805445,36,0.15867930248297213,0.26916927251715933,0.04271159241287188,0.04271159241287188,2ff937c83d36f7b3a5406c91e8755c50ce932575e34db68925452587b0ab77d6,4ce67a52451597cfc11fd97edf40aa34eb1b5c997198bd1076c33fe083bdd43e,b828baff1fb9f67c70b6dbea3cba487e81abd07d2e9720c22549cc121a9cf9ad,32821079a74fe63f445d951a557ad18447fced01821fc77b6b8d137d2fe48881,0.38580258300498826
3,hellinger,0.75,0.05,r3_hellinger_sigma0.75_lr0.05,118,ok,,0.8687145126651039,6.643633299726163,36,0.18098047850790652,0.2542701449825481,0.04601793250921632,0.04601793250921632,f9372f8f74b3a18b86f9a9dd960278381003e836073cde71119d3b892dde9434,7bd60133923f8534362210d3aca0aff74ce000224bd76127dd7b0bce56ccb362,605f62e239322f5313d845a2d699f250ce6a7e0825aa8e661c4d9f8dc5f782d9,ffdd2708cda2855a18fd4a81398631fadb59f1610b8dd3d36eefe8f678572c16,0.3867877079974278
3,hellinger,0.75,0.05,r3_hellinger_sigma0.75_lr0.05,119,ok,,1.0299591416536822,6.646127112256489,36,0.16277119412446686,0.2592056405316404,0.04219121163313242,0.04219121163313242,9cc5a5818d004f0f1492c246ba3ab8685b2df3f7dfd15cdf113ebebec42d8dee,64ada1b3e94d843469b9e745b7a15decfea54282d3d3fdc06c17e9cdcea8dc5b,ca428a2d600b7cd0b47722decaa3f8e1a32769793f46a3ced6ba5f9ab631e1f2,01bf4e2b10f88360652600d185a9d719f05502f25f089d70da96eafa7fe4dfe3,0.386098499999207
3,hellinger,0.75,0.05,r3_hellinger_sigma0.75_lr0.05,120,ok,,0.9145183155657419,6.7049306891432,36,0.2059426041612748,0.2511731273804628,0.05172724794806411,0.05172724794806411,69e5aaf107b63f46b6b057dfe99d3189e4f485b9649136f1718f398f646e43c6,d8e50e695e49ac02b6f76daee1d39919959a4aa8a84f49c7d93d5a5dc3caa2ff,5604d0b01aa38439978ff828fd8b23f34f58aaa29f9fc4cf46c8f2889862d932,dff4b17a330f664ec4d31f507c7603e7842ac94d65226c760d6e78cfa953aeb7,0.3890628330045729
3,hellinger,0.75,0.1,r3_hellinger_sigma0.75_lr0.1,111,ok,,0.9516860556185419,6.770724412631507,36,0.2336835487921589,0.24177438873788826,0.05649869716732471,0.05649869716732471,6f4599f803588363f7f3f06a30082972087391773f80fd6d7eb3eadc6484859e,28b0ebbf9be5e833a1d38468d7218b52b6eca83c2a9f1c6221ed279bc5fe306d,8fab7eb1dfc2006c517c0e7e9e69f75a99f3dc01832c43b11c9ba40c9bcd6823,ff013eda1d426d67006a334f6583897c614d689f5823b14c442be63e78bb3962,0.3831986250006594
3,hellinger,0.75,0.1,r3_hellinger_sigma0.75_lr0.1,112,ok,,1.0176086836555982,6.636372517245637,36,0.18044031634663438,0.27582504666240565,0.049769958676089666,0.049769958676089666,23158049f8a287709543a55b89f8943218b08cba397a67e034633640e70c99f6,ef7c966740418fd6a40b794df00c0c243906c71043c6b0f768b5a1adf85a9eef,02f04c05a341d11e3b57c54926b2dbae6a2e489c24a16657054478fda872ca64,3dd0b47c3c1ce23069083c16d0c2272714da54db5025db5646fd1228b010a5e8,0.3822800409980118
3,hellinger,0.75,0.1,r3_hellinger_sigma0.75_lr0.1,113,ok,,1.2046330940333845,6.764749086897575,36,0.26280706965623535,0.26554600378261606,0.06978736711303292,0.06978736711303292,1130bcd06d370ab57f1bc3a67409c755b267648b80a0f46e840060bb010d3ab8,c68fb172bb60d66f359aa28c9948d748b520f4271b111e5de41911067a4f354b,1d1668fc7ae6e962f5f3b23083b5cf8c2778125e6999c83b21749b59535e825c,db95c591d5ad7a1f08531cf0e04985b931fc730f28e8ed47b8c7c5d8ecd8db0c,0.3881074160017306
3,hellinger,0.75,0.1,r3_hellinger_sigma0.75_lr0.1,114,ok,,1.08737212822694,6.78831660145625,36,0.2172887772600691,0.24923947637982063,0.0541569410675111,0.0541569410675111,c8a7a565f4c34afcedf377bd8a33aee023bbafec99430b278d5183f906311b3e,c33ca7855f00a693f1f0af550d168ba9c880c362927ac4b9858046f2d8b7a17c,38002117c0ffdb4a9624b0cd256b65181fc12e3321756df0d82b3aabebebd605,52ceac77e1e0c99a5de90b23d52d3e2f15eb08da92d5b6842d3e92834a138f22,0.38776933399640257
3,hellinger,0.75,0.1,r3_hellinger_sigma0.75_lr0.1,115,ok,,1.1709445516000914,6.729145714241223,36,0.14720612818463022,0.2740335568697261,0.040339418899455054,0.040339418899455054,21e3187a25ce542a7fda12331f6df5573b7aa9cfb19c4d6a1242f48e9ab77257,2979b01fffc02f60db951ba7c3ab40b94b411246fd1d648f7c1e046da8b55f29,20e1afcba9533c9a3cd05a6d7e63f13cc97f4d348c142d7f72917f8929ca02eb,c3a0cabd7487508470d585545f7b6a856897b0410105302f1b4d5c12944c190d,0.3862966660017264
3,hellinger,0.75,0.1,r3_hellinger_sigma0.75_lr0.1,116,ok,,1.3077620627122089,7.007461333906578,36,0.21960089685390652,0.26972773570794295,0.05923245266783774,0.05923245266783774,b240340bda42b13e461b839e854e8931eb9b197c11fad589d1f07877b5a6c105,8944d8f9094422671c06b3f2af086555200354f4f465fe9295a66b6f28ee7466,a927dd1c515d66a61fb11e1c948c7e8042e5cfedc1c4b8d5dca9f3be9e46a7b7,0d285e8573294ff0f8d626c9d7c79b1ffa6d14fb3071ba7be902aa48627a1c7e,0.38370025000040187
3,hellinger,0.75,0.1,r3_hellinger_sigma0.75_lr0.1,117,ok,,1.174208033217277,6.810659496566427,36,0.15867930248297213,0.26916927251715933,0.04271159241287188,0.04271159241287188,2ff937c83d36f7b3a5406c91e8755c50ce932575e34db68925452587b0ab77d6,4ce67a52451597cfc11fd97edf40aa34eb1b5c997198bd1076c33fe083bdd43e,b828baff1fb9f67c70b6dbea3cba487e81abd07d2e9720c22549cc121a9cf9ad,32821079a74fe63f445d951a557ad18447fced01821fc77b6b8d137d2fe48881,0.3882210000010673
3,hellinger,0.75,0.1,r3_hellinger_sigma0.75_lr0.1,118,ok,,1.0427806699013549,6.780690675791302,36,0.18098047850790652,0.2542701449825481,0.04601793250921632,0.04601793250921632,f9372f8f74b3a18b86f9a9dd960278381003e836073cde71119d3b892dde9434,7bd60133923f8534362210d3aca0aff74ce000224bd76127dd7b0bce56ccb362,605f62e239322f5313d845a2d699f250ce6a7e0825aa8e661c4d9f8dc5f782d9,ffdd2708cda2855a18fd4a81398631fadb59f1610b8dd3d36eefe8f678572c16,0.3864947920010309
3,hellinger,0.75,0.1,r3_hellinger_sigma0.75_lr0.1,119,ok,,1.018196342041346,6.637018976945605,36,0.16277119412446686,0.2592056405316404,0.04219121163313242,0.04219121163313242,9cc5a5818d004f0f1492c246ba3ab8685b2df3f7dfd15cdf113ebebec42d8dee,64ada1b3e94d843469b9e745b7a15decfea54282d3d3fdc06c17e9cdcea8dc5b,ca428a2d600b7cd0b47722decaa3f8e1a32769793f46a3ced6ba5f9ab631e1f2,01bf4e2b10f88360652600d185a9d719f05502f25f089d70da96eafa7fe4dfe3,0.38633533399843145
3,hellinger,0.75,0.1,r3_hellinger_sigma0.75_lr0.1,120,ok,,0.8287764380444241,6.581422271877478,36,0.2059426041612748,0.2511731273804628,0.05172724794806411,0.05172724794806411,69e5aaf107b63f46b6b057dfe99d3189e4f485b9649136f1718f398f646e43c6,d8e50e695e49ac02b6f76daee1d39919959a4aa8a84f49c7d93d5a5dc3caa2ff,5604d0b01aa38439978ff828fd8b23f34f58aaa29f9fc4cf46c8f2889862d932,dff4b17a330f664ec4d31f507c7603e7842ac94d65226c760d6e78cfa953aeb7,0.38335070800530957
3,hellinger,0.75,0.2,r3_hellinger_sigma0.75_lr0.2,111,ok,,0.7907466677091954,6.605983630853216,36,0.2336835487921589,0.24177438873788826,0.05649869716732471,0.05649869716732471,6f4599f803588363f7f3f06a30082972087391773f80fd6d7eb3eadc6484859e,28b0ebbf9be5e833a1d38468d7218b52b6eca83c2a9f1c6221ed279bc5fe306d,8fab7eb1dfc2006c517c0e7e9e69f75a99f3dc01832c43b11c9ba40c9bcd6823,ff013eda1d426d67006a334f6583897c614d689f5823b14c442be63e78bb3962,0.38737379200028954
3,hellinger,0.75,0.2,r3_hellinger_sigma0.75_lr0.2,112,ok,,1.070103888925569,6.692351843561814,36,0.18044031634663438,0.27582504666240565,0.049769958676089666,0.049769958676089666,23158049f8a287709543a55b89f8943218b08cba397a67e034633640e70c99f6,ef7c966740418fd6a40b794df00c0c243906c71043c6b0f768b5a1adf85a9eef,02f04c05a341d11e3b57c54926b2dbae6a2e489c24a16657054478fda872ca64,3dd0b47c3c1ce23069083c16d0c2272714da54db5025db5646fd1228b010a5e8,0.3874547919986071
3,hellinger,0.75,0.2,r3_hellinger_sigma0.75_lr0.2,113,ok,,1.252660827424422,6.822124874531833,36,0.26280706965623535,0.26554600378261606,0.06978736711303292,0.06978736711303292,1130bcd06d370ab57f1bc3a67409c755b267648b80a0f46e840060bb010d3ab8,c68fb172bb60d66f359aa28c9948d748b520f4271b111e5de41911067a4f354b,1d1668fc7ae6e962f5f3b23083b5cf8c2778125e6999c83b21749b59535e825c,db95c591d5ad7a1f08531cf0e04985b931fc730f28e8ed47b8c7c5d8ecd8db0c,0.3826667909961543
3,hellinger,0.75,0.2,r3_hellinger_sigma0.75_lr0.2,114,ok,,1.1439398774142278,6.884109742683409,36,0.2172887772600691,0.24923947637982063,0.0541569410675111,0.0541569410675111,c8a7a565f4c34afcedf377bd8a33aee023bbafec99430b278d5183f906311b3e,c33ca7855f00a693f1f0af550d168ba9c880c362927ac4b9858046f2d8b7a17c,38002117c0ffdb4a9624b0cd256b65181fc12e3321756df0d82b3aabebebd605,52ceac77e1e0c99a5de90b23d52d3e2f15eb08da92d5b6842d3e92834a138f22,0.382171457997174
3,hellinger,0.75,0.2,r3_hellinger_sigma0.75_lr0.2,115,ok,,1.1245292098530877,6.653905092731367,36,0.14720612818463022,0.2740335568697261,0.040339418899455054,0.040339418899455054,21e3187a25ce542a7fda12331f6df5573b7aa9cfb19c4d6a1242f48e9ab77257,2979b01fffc02f60db951ba7c3ab40b94b411246fd1d648f7c1e046da8b55f29,20e1afcba9533c9a3cd05a6d7e63f13cc97f4d348c142d7f72917f8929ca02eb,c3a0cabd7487508470d585545f7b6a856897b0410105302f1b4d5c12944c190d,0.3867205409987946
3,hellinger,0.75,0.2,r3_hellinger_sigma0.75_lr0.2,116,ok,,1.183093015999884,6.86394523329664,36,0.21960089685390652,0.26972773570794295,0.05923245266783774,0.05923245266783774,b240340bda42b13e461b839e854e8931eb9b197c11fad589d1f07877b5a6c105,8944d8f9094422671c06b3f2af086555200354f4f465fe9295a66b6f28ee7466,a927dd1c515d66a61fb11e1c948c7e8042e5cfedc1c4b8d5dca9f3be9e46a7b7,0d285e8573294ff0f8d626c9d7c79b1ffa6d14fb3071ba7be902aa48627a1c7e,0.38978720900195185
3,hellinger,0.75,0.2,r3_hellinger_sigma0.75_lr0.2,117,ok,,1.0397267255083313,6.642448562577475,36,0.15867930248297213,0.26916927251715933,0.04271159241287188,0.04271159241287188,2ff937c83d36f7b3a5406c91e8755c50ce932575e34db68925452587b0ab77d6,4ce67a52451597cfc11fd97edf40aa34eb1b5c997198bd1076c33fe083bdd43e,b828baff1fb9f67c70b6dbea3cba487e81abd07d2e9720c22549cc121a9cf9ad,32821079a74fe63f445d951a557ad18447fced01821fc77b6b8d137d2fe48881,0.3843415409937734
3,hellinger,0.75,0.2,r3_hellinger_sigma0.75_lr0.2,118,ok,,0.8179554924476575,6.593113588107319,36,0.18098047850790652,0.2542701449825481,0.04601793250921632,0.04601793250921632,f9372f8f74b3a18b86f9a9dd960278381003e836073cde71119d3b892dde9434,7bd60133923f8534362210d3aca0aff74ce000224bd76127dd7b0bce56ccb362,605f62e239322f5313d845a2d699f250ce6a7e0825aa8e661c4d9f8dc5f782d9,ffdd2708cda2855a18fd4a81398631fadb59f1610b8dd3d36eefe8f678572c16,0.3867977499976405
3,hellinger,0.75,0.2,r3_hellinger_sigma0.75_lr0.2,119,ok,,1.041981116832205,6.656124186525537,36,0.16277119412446686,0.2592056405316404,0.04219121163313242,0.04219121163313242,9cc5a5818d004f0f1492c246ba3ab8685b2df3f7dfd15cdf113ebebec42d8dee,64ada1b3e94d843469b9e745b7a15decfea54282d3d3fdc06c17e9cdcea8dc5b,ca428a2d600b7cd0b47722decaa3f8e1a32769793f46a3ced6ba5f9ab631e1f2,01bf4e2b10f88360652600d185a9d719f05502f25f089d70da96eafa7fe4dfe3,0.3844958330009831
3,hellinger,0.75,0.2,r3_hellinger_sigma0.75_lr0.2,120,ok,,0.9794189477357231,6.7306289837860405,36,0.2059426041612748,0.2511731273804628,0.05172724794806411,0.05172724794806411,69e5aaf107b63f46b6b057dfe99d3189e4f485b9649136f1718f398f646e43c6,d8e50e695e49ac02b6f76daee1d39919959a4aa8a84f49c7d93d5a5dc3caa2ff,5604d0b01aa38439978ff828fd8b23f34f58aaa29f9fc4cf46c8f2889862d932,dff4b17a330f664ec4d31f507c7603e7842ac94d65226c760d6e78cfa953aeb7,0.3903127500016126
3,js,0.75,0.005,r3_js_sigma0.75_lr0.005,111,ok,,0.961140537179886,6.757432388878684,36,1.3103291726705124,0.04311794192308007,0.05649869716732471,0.05649869716732471,6f4599f803588363f7f3f06a30082972087391773f80fd6d7eb3eadc6484859e,28b0ebbf9be5e833a1d38468d7218b52b6eca83c2a9f1c6221ed279bc5fe306d,8fab7eb1dfc2006c517c0e7e9e69f75a99f3dc01832c43b11c9ba40c9bcd6823,ff013eda1d426d67006a334f6583897c614d689f5823b14c442be63e78bb3962,0.43154020800284343
3,js,0.75,0.005,r3_js_sigma0.75_lr0.005,112,ok,,1.1622465556635038,6.760882262779589,36,1.82602036149178,0.02725597136026991,0.049769958676089666,0.049769958676089666,23158049f8a287709543a55b89f8943218b08cba397a67e034633640e70c99f6,ef7c966740418fd6a40b794df00c0c243906c71043c6b0f768b5a1adf85a9eef,02f04c05a341d11e3b57c54926b2dbae6a2e489c24a16657054478fda872ca64,3dd0b47c3c1ce23069083c16d0c2272714da54db5025db5646fd1228b010a5e8,0.43097833399951924
3,js,0.75,0.005,r3_js_sigma0.75_lr0.005,113,ok,,1.5782153605856055,7.153975804596434,36,1.268620642395019,0.0550104300536068,0.06978736711303292,0.06978736711303292,1130bcd06d370ab57f1bc3a67409c755b267648b80a0f46e840060bb010d3ab8,c68fb172bb60d66f359aa28c9948d748b520f4271b111e5de41911067a4f354b,1d1668fc7ae6e962f5f3b23083b5cf8c2778125e6999c83b21749b59535e825c,db95c591d5ad7a1f08531cf0e04985b931fc730f28e8ed47b8c7c5d8ecd8db0c,0.4380464159985422
3,js,0.75,0.005,r3_js_sigma0.75_lr0.005,114,ok,,1.3069818671027797,7.034225844869068,36,1.4846353266886128,0.03647827860078259,0.0541569410675111,0.054156941067511094,c8a7a565f4c34afcedf377bd8a33aee023bbafec99430b278d5183f906311b3e,c33ca7855f00a693f1f0af550d168ba9c880c362927ac4b9858046f2d8b7a17c,38002117c0ffdb4a9624b0cd256b65181fc12e3321756df0d82b3aabebebd605,52ceac77e1e0c99a5de90b23d52d3e2f15eb08da92d5b6842d3e92834a138f22,0.4356087909982307
3,js,0.75,0.005,r3_js_sigma0.75_lr0.005,115,ok,,1.4160976226657056,6.9434739655736335,36,1.1573444629762246,0.03485515349139727,0.040339418899455054,0.040339418899455054,21e3187a25ce542a7fda12331f6df5573b7aa9cfb19c4d6a1242f48e9ab77257,2979b01fffc02f60db951ba7c3ab40b94b411246fd1d648f7c1e046da8b55f29,20e1afcba9533c9a3cd05a6d7e63f13cc97f4d348c142d7f72917f8929ca02eb,c3a0cabd7487508470d585545f7b6a856897b0410105302f1b4d5c12944c190d,0.4250090000059572
3,js,0.75,0.005,r3_js_sigma0.75_lr0.005,116,ok,,1.5472469588048046,7.302175568201968,36,1.6280327818656035,0.036382837819740825,0.05923245266783774,0.05923245266783774,b240340bda42b13e461b839e854e8931eb9b197c11fad589d1f07877b5a6c105,8944d8f9094422671c06b3f2af086555200354f4f465fe9295a66b6f28ee7466,a927dd1c515d66a61fb11e1c948c7e8042e5cfedc1c4b8d5dca9f3be9e46a7b7,0d285e8573294ff0f8d626c9d7c79b1ffa6d14fb3071ba7be902aa48627a1c7e,0.4274540420010453
3,js,0.75,0.005,r3_js_sigma0.75_lr0.005,117,ok,,1.2127103130309957,6.784909586372769,36,0.9382614408155243,0.0455220587299714,0.04271159241287188,0.04271159241287188,2ff937c83d36f7b3a5406c91e8755c50ce932575e34db68925452587b0ab77d6,4ce67a52451597cfc11fd97edf40aa34eb1b5c997198bd1076c33fe083bdd43e,b828baff1fb9f67c70b6dbea3cba487e81abd07d2e9720c22549cc121a9cf9ad,32821079a74fe63f445d951a557ad18447fced01821fc77b6b8d137d2fe48881,0.4386605830004555
3,js,0.75,0.005,r3_js_sigma0.75_lr0.005,118,ok,,1.165182088000409,6.897870925839692,36,0.9451110511919573,0.048690503037901546,0.04601793250921632,0.04601793250921632,f9372f8f74b3a18b86f9a9dd960278381003e836073cde71119d3b892dde9434,7bd60133923f8534362210d3aca0aff74ce000224bd76127dd7b0bce56ccb362,605f62e239322f5313d845a2d699f250ce6a7e0825aa8e661c4d9f8dc5f782d9,ffdd2708cda2855a18fd4a81398631fadb59f1610b8dd3d36eefe8f678572c16,0.4409643750041141
3,js,0.75,0.005,r3_js_sigma0.75_lr0.005,119,ok,,1.1793425628414786,6.835102860155611,36,1.0371849187847877,0.04067858187001555,0.04219121163313242,0.042191211633132414,9cc5a5818d004f0f1492c246ba3ab8685b2df3f7dfd15cdf113ebebec42d8dee,64ada1b3e94d843469b9e745b7a15decfea54282d3d3fdc06c17e9cdcea8dc5b,ca428a2d600b7cd0b47722decaa3f8e1a32769793f46a3ced6ba5f9ab631e1f2,01bf4e2b10f88360652600d185a9d719f05502f25f089d70da96eafa7fe4dfe3,0.42849837499670684
3,js,0.75,0.005,r3_js_sigma0.75_lr0.005,120,ok,,1.0831320541549934,6.839687993275316,36,1.3248266302065654,0.03904454120159017,0.05172724794806411,0.05172724794806411,69e5aaf107b63f46b6b057dfe99d3189e4f485b9649136f1718f398f646e43c6,d8e50e695e49ac02b6f76daee1d39919959a4aa8a84f49c7d93d5a5dc3caa2ff,5604d0b01aa38439978ff828fd8b23f34f58aaa29f9fc4cf46c8f2889862d932,dff4b17a330f664ec4d31f507c7603e7842ac94d65226c760d6e78cfa953aeb7,0.42825387499760836
3,js,0.75,0.01,r3_js_sigma0.75_lr0.01,111,ok,,0.8541568714763443,6.673895949328402,36,1.3103291726705124,0.04311794192308007,0.05649869716732471,0.05649869716732471,6f4599f803588363f7f3f06a30082972087391773f80fd6d7eb3eadc6484859e,28b0ebbf9be5e833a1d38468d7218b52b6eca83c2a9f1c6221ed279bc5fe306d,8fab7eb1dfc2006c517c0e7e9e69f75a99f3dc01832c43b11c9ba40c9bcd6823,ff013eda1d426d67006a334f6583897c614d689f5823b14c442be63e78bb3962,0.43884124999749474
3,js,0.75,0.01,r3_js_sigma0.75_lr0.01,112,ok,,1.2967131695760274,6.922955714305972,36,1.82602036149178,0.02725597136026991,0.049769958676089666,0.049769958676089666,23158049f8a287709543a55b89f8943218b08cba397a67e034633640e70c99f6,ef7c966740418fd6a40b794df00c0c243906c71043c6b0f768b5a1adf85a9eef,02f04c05a341d11e3b57c54926b2dbae6a2e489c24a16657054478fda872ca64,3dd0b47c3c1ce23069083c16d0c2272714da54db5025db5646fd1228b010a5e8,0.43457404199580196
3,js,0.75,0.01,r3_js_sigma0.75_lr0.01,113,ok,,1.5704600382875356,7.108300402366184,36,1.268620642395019,0.0550104300536068,0.06978736711303292,0.06978736711303292,1130bcd06d370ab57f1bc3a67409c755b267648b80a0f46e840060bb010d3ab8,c68fb172bb60d66f359aa28c9948d748b520f4271b111e5de41911067a4f354b,1d1668fc7ae6e962f5f3b23083b5cf8c2778125e6999c83b21749b59535e825c,db95c591d5ad7a1f08531cf0e04985b931fc730f28e8ed47b8c7c5d8ecd8db0c,0.4301454160013236
3,js,0.75,0.01,r3_js_sigma0.75_lr0.01,114,ok,,1.2758140823844693,6.984151138946752,36,1.4846353266886128,0.03647827860078259,0.0541569410675111,0.054156941067511094,c8a7a565f4c34afcedf377bd8a33aee023bbafec99430b278d5183f906311b3e,c33ca7855f00a693f1f0af550d168ba9c880c362927ac4b9858046f2d8b7a17c,38002117c0ffdb4a9624b0cd256b65181fc12e3321756df0d82b3aabebebd605,52ceac77e1e0c99a5de90b23d52d3e2f15eb08da92d5b6842d3e92834a138f22,0.4281747919958434
3,js,0.75,0.01,r3_js_sigma0.75_lr0.01,115,ok,,1.2402685801475593,6.797924206448278,36,1.1573444629762246,0.03485515349139727,0.040339418899455054,0.040339418899455054,21e3187a25ce542a7fda12331f6df5573b7aa9cfb19c4d6a1242f48e9ab77257,2979b01fffc02f60db951ba7c3ab40b94b411246fd1d648f7c1e046da8b55f29,20e1afcba9533c9a3cd05a6d7e63f13cc97f4d348c142d7f72917f8929ca02eb,c3a0cabd7487508470d585545f7b6a856897b0410105302f1b4d5c12944c190d,0.4367362500051968
3,js,0.75,0.01,r3_js_sigma0.75_lr0.01,116,ok,,1.2918856581017502,6.997371712215525,36,1.6280327818656035,0.036382837819740825,0.05923245266783774,0.05923245266783774,b240340bda42b13e461b839e854e8931eb9b197c11fad589d1f07877b5a6c105,8944d8f9094422671c06b3f2af086555200354f4f465fe9295a66b6f28ee7466,a927dd1c515d66a61fb11e1c948c7e8042e5cfedc1c4b8d5dca9f3be9e46a7b7,0d285e8573294ff0f8d626c9d7c79b1ffa6d14fb3071ba7be902aa48627a1c7e,0.43485149999469286
3,js,0.75,0.01,r3_js_sigma0.75_lr0.01,117,ok,,0.9621064165597769,6.536036489702607,36,0.9382614408155243,0.0455220587299714,0.04271159241287188,0.04271159241287188,2ff937c83d36f7b3a5406c91e8755c50ce932575e34db68925452587b0ab77d6,4ce67a52451597cfc11fd97edf40aa34eb1b5c997198bd1076c33fe083bdd43e,b828baff1fb9f67c70b6dbea3cba487e81abd07d2e9720c22549cc121a9cf9ad,32821079a74fe63f445d951a557ad18447fced01821fc77b6b8d137d2fe48881,0.4284139170049457
3,js,0.75,0.01,r3_js_sigma0.75_lr0.01,118,ok,,0.8782917517787747,6.652869712006315,36,0.9451110511919573,0.048690503037901546,0.04601793250921632,0.04601793250921632,f9372f8f74b3a18b86f9a9dd960278381003e836073cde71119d3b892dde9434,7bd60133923f8534362210d3aca0aff74ce000224bd76127dd7b0bce56ccb362,605f62e239322f5313d845a2d699f250ce6a7e0825aa8e661c4d9f8dc5f782d9,ffdd2708cda2855a18fd4a81398631fadb59f1610b8dd3d36eefe8f678572c16,0.4275842919960269
3,js,0.75,0.01,r3_js_sigma0.75_lr0.01,119,ok,,1.2360684615884558,6.902416045157332,36,1.0371849187847877,0.04067858187001555,0.04219121163313242,0.042191211633132414,9cc5a5818d004f0f1492c246ba3ab8685b2df3f7dfd15cdf113ebebec42d8dee,64ada1b3e94d843469b9e745b7a15decfea54282d3d3fdc06c17e9cdcea8dc5b,ca428a2d600b7cd0b47722decaa3f8e1a32769793f46a3ced6ba5f9ab631e1f2,01bf4e2b10f88360652600d185a9d719f05502f25f089d70da96eafa7fe4dfe3,0.4385304170064046
3,js,0.75,0.01,r3_js_sigma0.75_lr0.01,120,ok,,1.04669851302287,6.8195184915855664,36,1.3248266302065654,0.03904454120159017,0.05172724794806411,0.05172724794806411,69e5aaf107b63f46b6b057dfe99d3189e4f485b9649136f1718f398f646e43c6,d8e50e695e49ac02b6f76daee1d39919959a4aa8a84f49c7d93d5a5dc3caa2ff,5604d0b01aa38439978ff828fd8b23f34f58aaa29f9fc4cf46c8f2889862d932,dff4b17a330f664ec4d31f507c7603e7842ac94d65226c760d6e78cfa953aeb7,0.4379128330037929
3,js,0.75,0.02,r3_js_sigma0.75_lr0.02,111,ok,,0.8538378304901465,6.673742123524375,36,1.3103291726705124,0.04311794192308007,0.05649869716732471,0.05649869716732471,6f4599f803588363f7f3f06a30082972087391773f80fd6d7eb3eadc6484859e,28b0ebbf9be5e833a1d38468d7218b52b6eca83c2a9f1c6221ed279bc5fe306d,8fab7eb1dfc2006c517c0e7e9e69f75a99f3dc01832c43b11c9ba40c9bcd6823,ff013eda1d426d67006a334f6583897c614d689f5823b14c442be63e78bb3962,0.4347113339972566
3,js,0.75,0.02,r3_js_sigma0.75_lr0.02,112,ok,,1.2972476148351004,6.923538103153947,36,1.82602036149178,0.02725597136026991,0.049769958676089666,0.049769958676089666,23158049f8a287709543a55b89f8943218b08cba397a67e034633640e70c99f6,ef7c966740418fd6a40b794df00c0c243906c71043c6b0f768b5a1adf85a9eef,02f04c05a341d11e3b57c54926b2dbae6a2e489c24a16657054478fda872ca64,3dd0b47c3c1ce23069083c16d0c2272714da54db5025db5646fd1228b010a5e8,0.4295202089997474
3,js,0.75,0.02,r3_js_sigma0.75_lr0.02,113,ok,,1.592501870610548,7.130590159088108,36,1.268620642395019,0.0550104300536068,0.06978736711303292,0.06978736711303292,1130bcd06d370ab57f1bc3a67409c755b267648b80a0f46e840060bb010d3ab8,c68fb172bb60d66f359aa28c9948d748b520f4271b111e5de41911067a4f354b,1d1668fc7ae6e962f5f3b23083b5cf8c2778125e6999c83b21749b59535e825c,db95c591d5ad7a1f08531cf0e04985b931fc730f28e8ed47b8c7c5d8ecd8db0c,0.438089208000747
3,js,0.75,0.02,r3_js_sigma0.75_lr0.02,114,ok,,1.2760210833571453,6.983351299470627,36,1.4846353266886128,0.03647827860078259,0.0541569410675111,0.054156941067511094,c8a7a565f4c34afcedf377bd8a33aee023bbafec99430b278d5183f906311b3e,c33ca7855f00a693f1f0af550d168ba9c880c362927ac4b9858046f2d8b7a17c,38002117c0ffdb4a9624b0cd256b65181fc12e3321756df0d82b3aabebebd605,52ceac77e1e0c99a5de90b23d52d3e2f15eb08da92d5b6842d3e92834a138f22,0.43874741699983133
3,js,0.75,0.02,r3_js_sigma0.75_lr0.02,115,ok,,1.2962348193767177,6.837355832969228,36,1.1573444629762246,0.03485515349139727,0.040339418899455054,0.040339418899455054,21e3187a25ce542a7fda12331f6df5573b7aa9cfb19c4d6a1242f48e9ab77257,2979b01fffc02f60db951ba7c3ab40b94b411246fd1d648f7c1e046da8b55f29,20e1afcba9533c9a3cd05a6d7e63f13cc97f4d348c142d7f72917f8929ca02eb,c3a0cabd7487508470d585545f7b6a856897b0410105302f1b4d5c12944c190d,0.4324822909984505
3,js,0.75,0.02,r3_js_sigma0.75_lr0.02,116,ok,,1.3007180832266272,6.999163273925927,36,1.6280327818656035,0.036382837819740825,0.05923245266783774,0.05923245266783774,b240340bda42b13e461b839e854e8931eb9b197c11fad589d1f07877b5a6c105,8944d8f9094422671c06b3f2af086555200354f4f465fe9295a66b6f28ee7466,a927dd1c515d66a61fb11e1c948c7e8042e5cfedc1c4b8d5dca9f3be9e46a7b7,0d285e8573294ff0f8d626c9d7c79b1ffa6d14fb3071ba7be902aa48627a1c7e,0.42860183300217614
3,js,0.75,0.02,r3_js_sigma0.75_lr0.02,117,ok,,0.985230318981105,6.566408805778804,36,0.9382614408155243,0.0455220587299714,0.04271159241287188,0.04271159241287188,2ff937c83d36f7b3a5406c91e8755c50ce932575e34db68925452587b0ab77d6,4ce67a52451597cfc11fd97edf40aa34eb1b5c997198bd1076c33fe083bdd43e,b828baff1fb9f67c70b6dbea3cba487e81abd07d2e9720c22549cc121a9cf9ad,32821079a74fe63f445d951a557ad18447fced01821fc77b6b8d137d2fe48881,0.43863812500057975
3,js,0.75,0.02,r3_js_sigma0.75_lr0.02,118,ok,,0.8766857084451745,6.664463704154134,36,0.9451110511919573,0.048690503037901546,0.04601793250921632,0.04601793250921632,f9372f8f74b3a18b86f9a9dd960278381003e836073cde71119d3b892dde9434,7bd60133923f8534362210d3aca0aff74ce000224bd76127dd7b0bce56ccb362,605f62e239322f5313d845a2d699f250ce6a7e0825aa8e661c4d9f8dc5f782d9,ffdd2708cda2855a18fd4a81398631fadb59f1610b8dd3d36eefe8f678572c16,0.4377462079937686
3,js,0.75,0.02,r3_js_sigma0.75_lr0.02,119,ok,,1.1445690337366474,6.802401101452466,36,1.0371849187847877,0.04067858187001555,0.04219121163313242,0.042191211633132414,9cc5a5818d004f0f1492c246ba3ab8685b2df3f7dfd15cdf113ebebec42d8dee,64ada1b3e94d843469b9e745b7a15decfea54282d3d3fdc06c17e9cdcea8dc5b,ca428a2d600b7cd0b47722decaa3f8e1a32769793f46a3ced6ba5f9ab631e1f2,01bf4e2b10f88360652600d185a9d719f05502f25f089d70da96eafa7fe4dfe3,0.4297356250026496
3,js,0.75,0.02,r3_js_sigma0.75_lr0.02,120,ok,,1.0468726596549307,6.8165388009339125,36,1.3248266302065654,0.03904454120159017,0.05172724794806411,0.05172724794806411,69e5aaf107b63f46b6b057dfe99d3189e4f485b9649136f1718f398f646e43c6,d8e50e695e49ac02b6f76daee1d39919959a4aa8a84f49c7d93d5a5dc3caa2ff,5604d0b01aa38439978ff828fd8b23f34f58aaa29f9fc4cf46c8f2889862d932,dff4b17a330f664ec4d31f507c7603e7842ac94d65226c760d6e78cfa953aeb7,0.4301252500008559
3,js,0.75,0.05,r3_js_sigma0.75_lr0.05,111,ok,,0.9973823304883545,6.846127470027022,36,1.3103291726705124,0.04311794192308007,0.05649869716732471,0.05649869716732471,6f4599f803588363f7f3f06a30082972087391773f80fd6d7eb3eadc6484859e,28b0ebbf9be5e833a1d38468d7218b52b6eca83c2a9f1c6221ed279bc5fe306d,8fab7eb1dfc2006c517c0e7e9e69f75a99f3dc01832c43b11c9ba40c9bcd6823,ff013eda1d426d67006a334f6583897c614d689f5823b14c442be63e78bb3962,0.4414837090007495
3,js,0.75,0.05,r3_js_sigma0.75_lr0.05,112,ok,,1.1777842142498758,6.824777690774544,36,1.82602036149178,0.02725597136026991,0.049769958676089666,0.049769958676089666,23158049f8a287709543a55b89f8943218b08cba397a67e034633640e70c99f6,ef7c966740418fd6a40b794df00c0c243906c71043c6b0f768b5a1adf85a9eef,02f04c05a341d11e3b57c54926b2dbae6a2e489c24a16657054478fda872ca64,3dd0b47c3c1ce23069083c16d0c2272714da54db5025db5646fd1228b010a5e8,0.4391504579980392
3,js,0.75,0.05,r3_js_sigma0.75_lr0.05,113,ok,,1.5597718336316653,7.1046947530966715,36,1.268620642395019,0.0550104300536068,0.06978736711303292,0.06978736711303292,1130bcd06d370ab57f1bc3a67409c755b267648b80a0f46e840060bb010d3ab8,c68fb172bb60d66f359aa28c9948d748b520f4271b111e5de41911067a4f354b,1d1668fc7ae6e962f5f3b23083b5cf8c2778125e6999c83b21749b59535e825c,db95c591d5ad7a1f08531cf0e04985b931fc730f28e8ed47b8c7c5d8ecd8db0c,0.42739491600514157
3,js,0.75,0.05,r3_js_sigma0.75_lr0.05,114,ok,,1.1946846058823173,6.915665962319902,36,1.4846353266886128,0.03647827860078259,0.0541569410675111,0.054156941067511094,c8a7a565f4c34afcedf377bd8a33aee023bbafec99430b278d5183f906311b3e,c33ca7855f00a693f1f0af550d168ba9c880c362927ac4b9858046f2d8b7a17c,38002117c0ffdb4a9624b0cd256b65181fc12e3321756df0d82b3aabebebd605,52ceac77e1e0c99a5de90b23d52d3e2f15eb08da92d5b6842d3e92834a138f22,0.4284676249953918
3,js,0.75,0.05,r3_js_sigma0.75_lr0.05,115,ok,,1.2374089934274017,6.7897070382188165,36,1.1573444629762246,0.03485515349139727,0.040339418899455054,0.040339418899455054,21e3187a25ce542a7fda12331f6df5573b7aa9cfb19c4d6a1242f48e9ab77257,2979b01fffc02f60db951ba7c3ab40b94b411246fd1d648f7c1e046da8b55f29,20e1afcba9533c9a3cd05a6d7e63f13cc97f4d348c142d7f72917f8929ca02eb,c3a0cabd7487508470d585545f7b6a856897b0410105302f1b4d5c12944c190d,0.4388445419972413
3,js,0.75,0.05,r3_js_sigma0.75_lr0.05,116,ok,,1.2992413821461235,6.9950821643417,36,1.6280327818656035,0.036382837819740825,0.05923245266783774,0.05923245266783774,b240340bda42b13e461b839e854e8931eb9b197c11fad589d1f07877b5a6c105,8944d8f9094422671c06b3f2af086555200354f4f465fe9295a66b6f28ee7466,a927dd1c515d66a61fb11e1c948c7e8042e5cfedc1c4b8d5dca9f3be9e46a7b7,0d285e8573294ff0f8d626c9d7c79b1ffa6d14fb3071ba7be902aa48627a1c7e,0.4366241249954328
3,js,0.75,0.05,r3_js_sigma0.75_lr0.05,117,ok,,0.9822462733934287,6.563531172560866,36,0.9382614408155243,0.0455220587299714,0.04271159241287188,0.04271159241287188,2ff937c83d36f7b3a5406c91e8755c50ce932575e34db68925452587b0ab77d6,4ce67a52451597cfc11fd97edf40aa34eb1b5c997198bd1076c33fe083bdd43e,b828baff1fb9f67c70b6dbea3cba487e81abd07d2e9720c22549cc121a9cf9ad,32821079a74fe63f445d951a557ad18447fced01821fc77b6b8d137d2fe48881,0.4282660829994711
3,js,0.75,0.05,r3_js_sigma0.75_lr0.05,118,ok,,0.9356601613969775,6.709585013386417,36,0.9451110511919573,0.048690503037901546,0.04601793250921632,0.04601793250921632,f9372f8f74b3a18b86f9a9dd960278381003e836073cde71119d3b892dde9434,7bd60133923f8534362210d3aca0aff74ce000224bd76127dd7b0bce56ccb362,605f62e239322f5313d845a2d699f250ce6a7e0825aa8e661c4d9f8dc5f782d9,ffdd2708cda2855a18fd4a81398631fadb59f1610b8dd3d36eefe8f678572c16,0.43282470799749717
3,js,0.75,0.05,r3_js_sigma0.75_lr0.05,119,ok,,1.2278043141312664,6.873808400633501,36,1.0371849187847877,0.04067858187001555,0.04219121163313242,0.042191211633132414,9cc5a5818d004f0f1492c246ba3ab8685b2df3f7dfd15cdf113ebebec42d8dee,64ada1b3e94d843469b9e745b7a15decfea54282d3d3fdc06c17e9cdcea8dc5b,ca428a2d600b7cd0b47722decaa3f8e1a32769793f46a3ced6ba5f9ab631e1f2,01bf4e2b10f88360652600d185a9d719f05502f25f089d70da96eafa7fe4dfe3,0.43980504200590076
3,js,0.75,0.05,r3_js_sigma0.75_lr0.05,120,ok,,1.0787581658791972,6.808187684533459,36,1.3248266302065654,0.03904454120159017,0.05172724794806411,0.05172724794806411,69e5aaf107b63f46b6b057dfe99d3189e4f485b9649136f1718f398f646e43c6,d8e50e695e49ac02b6f76daee1d39919959a4aa8a84f49c7d93d5a5dc3caa2ff,5604d0b01aa38439978ff828fd8b23f34f58aaa29f9fc4cf46c8f2889862d932,dff4b17a330f664ec4d31f507c7603e7842ac94d65226c760d6e78cfa953aeb7,0.4357970000055502
3,js,0.75,0.1,r3_js_sigma0.75_lr0.1,111,ok,,1.062224769692536,6.910109739817276,36,1.3103291726705124,0.04311794192308007,0.05649869716732471,0.05649869716732471,6f4599f803588363f7f3f06a30082972087391773f80fd6d7eb3eadc6484859e,28b0ebbf9be5e833a1d38468d7218b52b6eca83c2a9f1c6221ed279bc5fe306d,8fab7eb1dfc2006c517c0e7e9e69f75a99f3dc01832c43b11c9ba40c9bcd6823,ff013eda1d426d67006a334f6583897c614d689f5823b14c442be63e78bb3962,0.43103504100145074
3,js,0.75,0.1,r3_js_sigma0.75_lr0.1,112,ok,,1.1878479148856975,6.818130938572237,36,1.82602036149178,0.02725597136026991,0.049769958676089666,0.049769958676089666,23158049f8a287709543a55b89f8943218b08cba397a67e034633640e70c99f6,ef7c966740418fd6a40b794df00c0c243906c71043c6b0f768b5a1adf85a9eef,02f04c05a341d11e3b57c54926b2dbae6a2e489c24a16657054478fda872ca64,3dd0b47c3c1ce23069083c16d0c2272714da54db5025db5646fd1228b010a5e8,0.429065417003585
3,js,0.75,0.1,r3_js_sigma0.75_lr0.1,113,ok,,1.5013757811497213,7.05198162395415,36,1.268620642395019,0.0550104300536068,0.06978736711303292,0.06978736711303292,1130bcd06d370ab57f1bc3a67409c755b267648b80a0f46e840060bb010d3ab8,c68fb172bb60d66f359aa28c9948d748b520f4271b111e5de41911067a4f354b,1d1668fc7ae6e962f5f3b23083b5cf8c2778125e6999c83b21749b59535e825c,db95c591d5ad7a1f08531cf0e04985b931fc730f28e8ed47b8c7c5d8ecd8db0c,0.43668912499560975
3,js,0.75,0.1,r3_js_sigma0.75_lr0.1,114,ok,,1.344953203559905,7.103323270871328,36,1.4846353266886128,0.03647827860078259,0.0541569410675111,0.054156941067511094,c8a7a565f4c34afcedf377bd8a33aee023bbafec99430b278d5183f906311b3e,c33ca7855f00a693f1f0af550d168ba9c880c362927ac4b9858046f2d8b7a17c,38002117c0ffdb4a9624b0cd256b65181fc12e3321756df0d82b3aabebebd605,52ceac77e1e0c99a5de90b23d52d3e2f15eb08da92d5b6842d3e92834a138f22,0.4399207500027842
3,js,0.75,0.1,r3_js_sigma0.75_lr0.1,115,ok,,1.214488817667939,6.752870247236304,36,1.1573444629762246,0.03485515349139727,0.040339418899455054,0.040339418899455054,21e3187a25ce542a7fda12331f6df5573b7aa9cfb19c4d6a1242f48e9ab77257,2979b01fffc02f60db951ba7c3ab40b94b411246fd1d648f7c1e046da8b55f29,20e1afcba9533c9a3cd05a6d7e63f13cc97f4d348c142d7f72917f8929ca02eb,c3a0cabd7487508470d585545f7b6a856897b0410105302f1b4d5c12944c190d,0.430300250001892
3,js,0.75,0.1,r3_js_sigma0.75_lr0.1,116,ok,,1.2919715784540697,6.992549696319275,36,1.6280327818656035,0.036382837819740825,0.05923245266783774,0.05923245266783774,b240340bda42b13e461b839e854e8931eb9b197c11fad589d1f07877b5a6c105,8944d8f9094422671c06b3f2af086555200354f4f465fe9295a66b6f28ee7466,a927dd1c515d66a61fb11e1c948c7e8042e5cfedc1c4b8d5dca9f3be9e46a7b7,0d285e8573294ff0f8d626c9d7c79b1ffa6d14fb3071ba7be902aa48627a1c7e,0.4317607500051963
3,js,0.75,0.1,r3_js_sigma0.75_lr0.1,117,ok,,0.987074612467894,6.568010761611004,36,0.9382614408155243,0.0455220587299714,0.04271159241287188,0.04271159241287188,2ff937c83d36f7b3a5406c91e8755c50ce932575e34db68925452587b0ab77d6,4ce67a52451597cfc11fd97edf40aa34eb1b5c997198bd1076c33fe083bdd43e,b828baff1fb9f67c70b6dbea3cba487e81abd07d2e9720c22549cc121a9cf9ad,32821079a74fe63f445d951a557ad18447fced01821fc77b6b8d137d2fe48881,0.43701704099657945
3,js,0.75,0.1,r3_js_sigma0.75_lr0.1,118,ok,,0.8326806273626172,6.610959219189294,36,0.9451110511919573,0.048690503037901546,0.04601793250921632,0.04601793250921632,f9372f8f74b3a18b86f9a9dd960278381003e836073cde71119d3b892dde9434,7bd60133923f8534362210d3aca0aff74ce000224bd76127dd7b0bce56ccb362,605f62e239322f5313d845a2d699f250ce6a7e0825aa8e661c4d9f8dc5f782d9,ffdd2708cda2855a18fd4a81398631fadb59f1610b8dd3d36eefe8f678572c16,0.4315469170032884
3,js,0.75,0.1,r3_js_sigma0.75_lr0.1,119,ok,,1.217974705197154,6.861088834089086,36,1.0371849187847877,0.04067858187001555,0.04219121163313242,0.042191211633132414,9cc5a5818d004f0f1492c246ba3ab8685b2df3f7dfd15cdf113ebebec42d8dee,64ada1b3e94d843469b9e745b7a15decfea54282d3d3fdc06c17e9cdcea8dc5b,ca428a2d600b7cd0b47722decaa3f8e1a32769793f46a3ced6ba5f9ab631e1f2,01bf4e2b10f88360652600d185a9d719f05502f25f089d70da96eafa7fe4dfe3,0.4309804590011481
3,js,0.75,0.1,r3_js_sigma0.75_lr0.1,120,ok,,1.0886335871093964,6.819532845490559,36,1.3248266302065654,0.03904454120159017,0.05172724794806411,0.05172724794806411,69e5aaf107b63f46b6b057dfe99d3189e4f485b9649136f1718f398f646e43c6,d8e50e695e49ac02b6f76daee1d39919959a4aa8a84f49c7d93d5a5dc3caa2ff,5604d0b01aa38439978ff828fd8b23f34f58aaa29f9fc4cf46c8f2889862d932,dff4b17a330f664ec4d31f507c7603e7842ac94d65226c760d6e78cfa953aeb7,0.44084599999769125
3,js,0.75,0.2,r3_js_sigma0.75_lr0.2,111,ok,,0.9054646474694235,6.730154521604028,36,1.3103291726705124,0.04311794192308007,0.05649869716732471,0.05649869716732471,6f4599f803588363f7f3f06a30082972087391773f80fd6d7eb3eadc6484859e,28b0ebbf9be5e833a1d38468d7218b52b6eca83c2a9f1c6221ed279bc5fe306d,8fab7eb1dfc2006c517c0e7e9e69f75a99f3dc01832c43b11c9ba40c9bcd6823,ff013eda1d426d67006a334f6583897c614d689f5823b14c442be63e78bb3962,0.4395574169975589
3,js,0.75,0.2,r3_js_sigma0.75_lr0.2,112,ok,,1.2149167517294996,6.851951204851454,36,1.82602036149178,0.02725597136026991,0.049769958676089666,0.049769958676089666,23158049f8a287709543a55b89f8943218b08cba397a67e034633640e70c99f6,ef7c966740418fd6a40b794df00c0c243906c71043c6b0f768b5a1adf85a9eef,02f04c05a341d11e3b57c54926b2dbae6a2e489c24a16657054478fda872ca64,3dd0b47c3c1ce23069083c16d0c2272714da54db5025db5646fd1228b010a5e8,0.4284679159973166
3,js,0.75,0.2,r3_js_sigma0.75_lr0.2,113,ok,,1.3355447815442159,6.889775540298793,36,1.268620642395019,0.0550104300536068,0.06978736711303292,0.06978736711303292,1130bcd06d370ab57f1bc3a67409c755b267648b80a0f46e840060bb010d3ab8,c68fb172bb60d66f359aa28c9948d748b520f4271b111e5de41911067a4f354b,1d1668fc7ae6e962f5f3b23083b5cf8c2778125e6999c83b21749b59535e825c,db95c591d5ad7a1f08531cf0e04985b931fc730f28e8ed47b8c7c5d8ecd8db0c,0.42850520800129743
3,js,0.75,0.2,r3_js_sigma0.75_lr0.2,114,ok,,1.4329925244834025,7.164447189520382,36,1.4846353266886128,0.03647827860078259,0.0541569410675111,0.054156941067511094,c8a7a565f4c34afcedf377bd8a33aee023bbafec99430b278d5183f906311b3e,c33ca7855f00a693f1f0af550d168ba9c880c362927ac4b9858046f2d8b7a17c,38002117c0ffdb4a9624b0cd256b65181fc12e3321756df0d82b3aabebebd605,52ceac77e1e0c99a5de90b23d52d3e2f15eb08da92d5b6842d3e92834a138f22,0.43440854200161994
3,js,0.75,0.2,r3_js_sigma0.75_lr0.2,115,ok,,1.2055198494933026,6.744497888348249,36,1.1573444629762246,0.03485515349139727,0.040339418899455054,0.040339418899455054,21e3187a25ce542a7fda12331f6df5573b7aa9cfb19c4d6a1242f48e9ab77257,2979b01fffc02f60db951ba7c3ab40b94b411246fd1d648f7c1e046da8b55f29,20e1afcba9533c9a3cd05a6d7e63f13cc97f4d348c142d7f72917f8929ca02eb,c3a0cabd7487508470d585545f7b6a856897b0410105302f1b4d5c12944c190d,0.441521417000331
3,js,0.75,0.2,r3_js_sigma0.75_lr0.2,116,ok,,1.3374979865847667,7.023628952815571,36,1.6280327818656035,0.036382837819740825,0.05923245266783774,0.05923245266783774,b240340bda42b13e461b839e854e8931eb9b197c11fad589d1f07877b5a6c105,8944d8f9094422671c06b3f2af086555200354f4f465fe9295a66b6f28ee7466,a927dd1c515d66a61fb11e1c948c7e8042e5cfedc1c4b8d5dca9f3be9e46a7b7,0d285e8573294ff0f8d626c9d7c79b1ffa6d14fb3071ba7be902aa48627a1c7e,0.4318119169984129
3,js,0.75,0.2,r3_js_sigma0.75_lr0.2,117,ok,,1.0675107446477332,6.626131445356794,36,0.9382614408155243,0.0455220587299714,0.04271159241287188,0.04271159241287188,2ff937c83d36f7b3a5406c91e8755c50ce932575e34db68925452587b0ab77d6,4ce67a52451597cfc11fd97edf40aa34eb1b5c997198bd1076c33fe083bdd43e,b828baff1fb9f67c70b6dbea3cba487e81abd07d2e9720c22549cc121a9cf9ad,32821079a74fe63f445d951a557ad18447fced01821fc77b6b8d137d2fe48881,0.43056437500490574
3,js,0.75,0.2,r3_js_sigma0.75_lr0.2,118,ok,,0.934522981414804,6.728096032644677,36,0.9451110511919573,0.048690503037901546,0.04601793250921632,0.04601793250921632,f9372f8f74b3a18b86f9a9dd960278381003e836073cde71119d3b892dde9434,7bd60133923f8534362210d3aca0aff74ce000224bd76127dd7b0bce56ccb362,605f62e239322f5313d845a2d699f250ce6a7e0825aa8e661c4d9f8dc5f782d9,ffdd2708cda2855a18fd4a81398631fadb59f1610b8dd3d36eefe8f678572c16,0.4404473329996108
3,js,0.75,0.2,r3_js_sigma0.75_lr0.2,119,ok,,1.2260925299877623,6.874694235815047,36,1.0371849187847877,0.04067858187001555,0.04219121163313242,0.042191211633132414,9cc5a5818d004f0f1492c246ba3ab8685b2df3f7dfd15cdf113ebebec42d8dee,64ada1b3e94d843469b9e745b7a15decfea54282d3d3fdc06c17e9cdcea8dc5b,ca428a2d600b7cd0b47722decaa3f8e1a32769793f46a3ced6ba5f9ab631e1f2,01bf4e2b10f88360652600d185a9d719f05502f25f089d70da96eafa7fe4dfe3,0.4351650000025984
3,js,0.75,0.2,r3_js_sigma0.75_lr0.2,120,ok,,1.0541445597849788,6.8250777004144805,36,1.3248266302065654,0.03904454120159017,0.05172724794806411,0.05172724794806411,69e5aaf107b63f46b6b057dfe99d3189e4f485b9649136f1718f398f646e43c6,d8e50e695e49ac02b6f76daee1d39919959a4aa8a84f49c7d93d5a5dc3caa2ff,5604d0b01aa38439978ff828fd8b23f34f58aaa29f9fc4cf46c8f2889862d932,dff4b17a330f664ec4d31f507c7603e7842ac94d65226c760d6e78cfa953aeb7,0.4231427499980782
3,mse,0.75,0.005,r3_mse_sigma0.75_lr0.005,111,ok,,0.9402508994095946,6.692839441083932,36,1652.0692040720942,3.419874726074682e-05,0.05649869716732471,0.0564986971673247,6f4599f803588363f7f3f06a30082972087391773f80fd6d7eb3eadc6484859e,28b0ebbf9be5e833a1d38468d7218b52b6eca83c2a9f1c6221ed279bc5fe306d,8fab7eb1dfc2006c517c0e7e9e69f75a99f3dc01832c43b11c9ba40c9bcd6823,ff013eda1d426d67006a334f6583897c614d689f5823b14c442be63e78bb3962,0.3675664170004893
3,mse,0.75,0.005,r3_mse_sigma0.75_lr0.005,112,ok,,1.1679617374521323,6.798087507209546,36,1685.4377944414764,2.9529395175680473e-05,0.049769958676089666,0.049769958676089666,23158049f8a287709543a55b89f8943218b08cba397a67e034633640e70c99f6,ef7c966740418fd6a40b794df00c0c243906c71043c6b0f768b5a1adf85a9eef,02f04c05a341d11e3b57c54926b2dbae6a2e489c24a16657054478fda872ca64,3dd0b47c3c1ce23069083c16d0c2272714da54db5025db5646fd1228b010a5e8,0.3679910420032684
3,mse,0.75,0.005,r3_mse_sigma0.75_lr0.005,113,ok,,0.9497536219494473,6.529249734670062,36,1675.0797140725197,4.166211704836609e-05,0.06978736711303292,0.06978736711303292,1130bcd06d370ab57f1bc3a67409c755b267648b80a0f46e840060bb010d3ab8,c68fb172bb60d66f359aa28c9948d748b520f4271b111e5de41911067a4f354b,1d1668fc7ae6e962f5f3b23083b5cf8c2778125e6999c83b21749b59535e825c,db95c591d5ad7a1f08531cf0e04985b931fc730f28e8ed47b8c7c5d8ecd8db0c,0.36839783399773296
3,mse,0.75,0.005,r3_mse_sigma0.75_lr0.005,114,ok,,1.4589669636544056,7.14689417674668,36,1640.3304296403849,3.301587295395362e-05,0.0541569410675111,0.0541569410675111,c8a7a565f4c34afcedf377bd8a33aee023bbafec99430b278d5183f906311b3e,c33ca7855f00a693f1f0af550d168ba9c880c362927ac4b9858046f2d8b7a17c,38002117c0ffdb4a9624b0cd256b65181fc12e3321756df0d82b3aabebebd605,52ceac77e1e0c99a5de90b23d52d3e2f15eb08da92d5b6842d3e92834a138f22,0.36877525000454625
3,mse,0.75,0.005,r3_mse_sigma0.75_lr0.005,115,ok,,0.8722412052837676,6.442227590218887,36,1686.2080586233892,2.3923156275500147e-05,0.040339418899455054,0.040339418899455054,21e3187a25ce542a7fda12331f6df5573b7aa9cfb19c4d6a1242f48e9ab77257,2979b01fffc02f60db951ba7c3ab40b94b411246fd1d648f7c1e046da8b55f29,20e1afcba9533c9a3cd05a6d7e63f13cc97f4d348c142d7f72917f8929ca02eb,c3a0cabd7487508470d585545f7b6a856897b0410105302f1b4d5c12944c190d,0.3660224159975769
3,mse,0.75,0.005,r3_mse_sigma0.75_lr0.005,116,ok,,0.915705650861697,6.594331793675475,36,1679.1165184478282,3.527596329204843e-05,0.05923245266783774,0.05923245266783774,b240340bda42b13e461b839e854e8931eb9b197c11fad589d1f07877b5a6c105,8944d8f9094422671c06b3f2af086555200354f4f465fe9295a66b6f28ee7466,a927dd1c515d66a61fb11e1c948c7e8042e5cfedc1c4b8d5dca9f3be9e46a7b7,0d285e8573294ff0f8d626c9d7c79b1ffa6d14fb3071ba7be902aa48627a1c7e,0.3656885410018731
3,mse,0.75,0.005,r3_mse_sigma0.75_lr0.005,117,ok,,1.16593230117701,6.8157341859667095,36,1662.2323675960704,2.5695319887580834e-05,0.04271159241287188,0.04271159241287188,2ff937c83d36f7b3a5406c91e8755c50ce932575e34db68925452587b0ab77d6,4ce67a52451597cfc11fd97edf40aa34eb1b5c997198bd1076c33fe083bdd43e,b828baff1fb9f67c70b6dbea3cba487e81abd07d2e9720c22549cc121a9cf9ad,32821079a74fe63f445d951a557ad18447fced01821fc77b6b8d137d2fe48881,0.3690375000005588
3,mse,0.75,0.005,r3_mse_sigma0.75_lr0.005,118,ok,,1.42020629742369,7.129467989529803,36,1628.0182668224527,2.8266226151770145e-05,0.04601793250921632,0.04601793250921632,f9372f8f74b3a18b86f9a9dd960278381003e836073cde71119d3b892dde9434,7bd60133923f8534362210d3aca0aff74ce000224bd76127dd7b0bce56ccb362,605f62e239322f5313d845a2d699f250ce6a7e0825aa8e661c4d9f8dc5f782d9,ffdd2708cda2855a18fd4a81398631fadb59f1610b8dd3d36eefe8f678572c16,0.37133108399575576
3,mse,0.75,0.005,r3_mse_sigma0.75_lr0.005,119,ok,,0.720062263912903,6.323274414597613,36,1660.0840796509863,2.54151052650313e-05,0.04219121163313242,0.04219121163313242,9cc5a5818d004f0f1492c246ba3ab8685b2df3f7dfd15cdf113ebebec42d8dee,64ada1b3e94d843469b9e745b7a15decfea54282d3d3fdc06c17e9cdcea8dc5b,ca428a2d600b7cd0b47722decaa3f8e1a32769793f46a3ced6ba5f9ab631e1f2,01bf4e2b10f88360652600d185a9d719f05502f25f089d70da96eafa7fe4dfe3,0.36304562500299653
3,mse,0.75,0.005,r3_mse_sigma0.75_lr0.005,120,ok,,0.6424285068658678,6.349945989118402,36,1733.415211120221,2.9841233431103522e-05,0.05172724794806411,0.05172724794806411,69e5aaf107b63f46b6b057dfe99d3189e4f485b9649136f1718f398f646e43c6,d8e50e695e49ac02b6f76daee1d39919959a4aa8a84f49c7d93d5a5dc3caa2ff,5604d0b01aa38439978ff828fd8b23f34f58aaa29f9fc4cf46c8f2889862d932,dff4b17a330f664ec4d31f507c7603e7842ac94d65226c760d6e78cfa953aeb7,0.3667609580006683
3,mse,0.75,0.01,r3_mse_sigma0.75_lr0.01,111,ok,,0.5778701497700627,6.3148455263056364,36,1652.0692040720942,3.419874726074682e-05,0.05649869716732471,0.0564986971673247,6f4599f803588363f7f3f06a30082972087391773f80fd6d7eb3eadc6484859e,28b0ebbf9be5e833a1d38468d7218b52b6eca83c2a9f1c6221ed279bc5fe306d,8fab7eb1dfc2006c517c0e7e9e69f75a99f3dc01832c43b11c9ba40c9bcd6823,ff013eda1d426d67006a334f6583897c614d689f5823b14c442be63e78bb3962,0.3678910409944365
3,mse,0.75,0.01,r3_mse_sigma0.75_lr0.01,112,ok,,0.44136426713552573,6.078661595437956,36,1685.4377944414764,2.9529395175680473e-05,0.049769958676089666,0.049769958676089666,23158049f8a287709543a55b89f8943218b08cba397a67e034633640e70c99f6,ef7c966740418fd6a40b794df00c0c243906c71043c6b0f768b5a1adf85a9eef,02f04c05a341d11e3b57c54926b2dbae6a2e489c24a16657054478fda872ca64,3dd0b47c3c1ce23069083c16d0c2272714da54db5025db5646fd1228b010a5e8,0.37339362499915296
3,mse,0.75,0.01,r3_mse_sigma0.75_lr0.01,113,ok,,0.604115956212894,6.1879814729813685,36,1675.0797140725197,4.166211704836609e-05,0.06978736711303292,0.06978736711303292,1130bcd06d370ab57f1bc3a67409c755b267648b80a0f46e840060bb010d3ab8,c68fb172bb60d66f359aa28c9948d748b520f4271b111e5de41911067a4f354b,1d1668fc7ae6e962f5f3b23083b5cf8c2778125e6999c83b21749b59535e825c,db95c591d5ad7a1f08531cf0e04985b931fc730f28e8ed47b8c7c5d8ecd8db0c,0.36783808300242526
3,mse,0.75,0.01,r3_mse_sigma0.75_lr0.01,114,ok,,0.6187240551075699,6.284274843494791,36,1640.3304296403849,3.301587295395362e-05,0.0541569410675111,0.0541569410675111,c8a7a565f4c34afcedf377bd8a33aee023bbafec99430b278d5183f906311b3e,c33ca7855f00a693f1f0af550d168ba9c880c362927ac4b9858046f2d8b7a17c,38002117c0ffdb4a9624b0cd256b65181fc12e3321756df0d82b3aabebebd605,52ceac77e1e0c99a5de90b23d52d3e2f15eb08da92d5b6842d3e92834a138f22,0.36862637500598794
3,mse,0.75,0.01,r3_mse_sigma0.75_lr0.01,115,ok,,0.7253142598952854,6.2727917254372425,36,1686.2080586233892,2.3923156275500147e-05,0.040339418899455054,0.040339418899455054,21e3187a25ce542a7fda12331f6df5573b7aa9cfb19c4d6a1242f48e9ab77257,2979b01fffc02f60db951ba7c3ab40b94b411246fd1d648f7c1e046da8b55f29,20e1afcba9533c9a3cd05a6d7e63f13cc97f4d348c142d7f72917f8929ca02eb,c3a0cabd7487508470d585545f7b6a856897b0410105302f1b4d5c12944c190d,0.37326504200609634
3,mse,0.75,0.01,r3_mse_sigma0.75_lr0.01,116,ok,,0.613068946250045,6.275471668215955,36,1679.1165184478282,3.527596329204843e-05,0.05923245266783774,0.05923245266783774,b240340bda42b13e461b839e854e8931eb9b197c11fad589d1f07877b5a6c105,8944d8f9094422671c06b3f2af086555200354f4f465fe9295a66b6f28ee7466,a927dd1c515d66a61fb11e1c948c7e8042e5cfedc1c4b8d5dca9f3be9e46a7b7,0d285e8573294ff0f8d626c9d7c79b1ffa6d14fb3071ba7be902aa48627a1c7e,0.3688009580000653
3,mse,0.75,0.01,r3_mse_sigma0.75_lr0.01,117,ok,,0.7979333177834456,6.434581920376042,36,1662.2323675960704,2.5695319887580834e-05,0.04271159241287188,0.04271159241287188,2ff937c83d36f7b3a5406c91e8755c50ce932575e34db68925452587b0ab77d6,4ce67a52451597cfc11fd97edf40aa34eb1b5c997198bd1076c33fe083bdd43e,b828baff1fb9f67c70b6dbea3cba487e81abd07d2e9720c22549cc121a9cf9ad,32821079a74fe63f445d951a557ad18447fced01821fc77b6b8d137d2fe48881,0.3680319590057479
3,mse,0.75,0.01,r3_mse_sigma0.75_lr0.01,118,ok,,1.2125058883372382,6.968027190114252,36,1628.0182668224527,2.8266226151770145e-05,0.04601793250921632,0.04601793250921632,f9372f8f74b3a18b86f9a9dd960278381003e836073cde71119d3b892dde9434,7bd60133923f8534362210d3aca0aff74ce000224bd76127dd7b0bce56ccb362,605f62e239322f5313d845a2d699f250ce6a7e0825aa8e661c4d9f8dc5f782d9,ffdd2708cda2855a18fd4a81398631fadb59f1610b8dd3d36eefe8f678572c16,0.36599445799947716
3,mse,0.75,0.01,r3_mse_sigma0.75_lr0.01,119,ok,,0.5608642901235663,6.1775882429707245,36,1660.0840796509863,2.54151052650313e-05,0.04219121163313242,0.04219121163313242,9cc5a5818d004f0f1492c246ba3ab8685b2df3f7dfd15cdf113ebebec42d8dee,64ada1b3e94d843469b9e745b7a15decfea54282d3d3fdc06c17e9cdcea8dc5b,ca428a2d600b7cd0b47722decaa3f8e1a32769793f46a3ced6ba5f9ab631e1f2,01bf4e2b10f88360652600d185a9d719f05502f25f089d70da96eafa7fe4dfe3,0.3690433750016382
3,mse,0.75,0.01,r3_mse_sigma0.75_lr0.01,120,ok,,0.5098292721442838,6.2399651377606045,36,1733.415211120221,2.9841233431103522e-05,0.05172724794806411,0.05172724794806411,69e5aaf107b63f46b6b057dfe99d3189e4f485b9649136f1718f398f646e43c6,d8e50e695e49ac02b6f76daee1d39919959a4aa8a84f49c7d93d5a5dc3caa2ff,5604d0b01aa38439978ff828fd8b23f34f58aaa29f9fc4cf46c8f2889862d932,dff4b17a330f664ec4d31f507c7603e7842ac94d65226c760d6e78cfa953aeb7,0.37107329099671915
3,mse,0.75,0.02,r3_mse_sigma0.75_lr0.02,111,ok,,0.5143739754722989,6.257648641922653,36,1652.0692040720942,3.419874726074682e-05,0.05649869716732471,0.0564986971673247,6f4599f803588363f7f3f06a30082972087391773f80fd6d7eb3eadc6484859e,28b0ebbf9be5e833a1d38468d7218b52b6eca83c2a9f1c6221ed279bc5fe306d,8fab7eb1dfc2006c517c0e7e9e69f75a99f3dc01832c43b11c9ba40c9bcd6823,ff013eda1d426d67006a334f6583897c614d689f5823b14c442be63e78bb3962,0.36622787499800324
3,mse,0.75,0.02,r3_mse_sigma0.75_lr0.02,112,ok,,0.44113812725356577,6.0736271416625165,36,1685.4377944414764,2.9529395175680473e-05,0.049769958676089666,0.049769958676089666,23158049f8a287709543a55b89f8943218b08cba397a67e034633640e70c99f6,ef7c966740418fd6a40b794df00c0c243906c71043c6b0f768b5a1adf85a9eef,02f04c05a341d11e3b57c54926b2dbae6a2e489c24a16657054478fda872ca64,3dd0b47c3c1ce23069083c16d0c2272714da54db5025db5646fd1228b010a5e8,0.36947929199959617
3,mse,0.75,0.02,r3_mse_sigma0.75_lr0.02,113,ok,,0.39768792692291566,5.975640148052655,36,1675.0797140725197,4.166211704836609e-05,0.06978736711303292,0.06978736711303292,1130bcd06d370ab57f1bc3a67409c755b267648b80a0f46e840060bb010d3ab8,c68fb172bb60d66f359aa28c9948d748b520f4271b111e5de41911067a4f354b,1d1668fc7ae6e962f5f3b23083b5cf8c2778125e6999c83b21749b59535e825c,db95c591d5ad7a1f08531cf0e04985b931fc730f28e8ed47b8c7c5d8ecd8db0c,0.36917416699725436
3,mse,0.75,0.02,r3_mse_sigma0.75_lr0.02,114,ok,,0.4095750328555139,6.152940564113352,36,1640.3304296403849,3.301587295395362e-05,0.0541569410675111,0.0541569410675111,c8a7a565f4c34afcedf377bd8a33aee023bbafec99430b278d5183f906311b3e,c33ca7855f00a693f1f0af550d168ba9c880c362927ac4b9858046f2d8b7a17c,38002117c0ffdb4a9624b0cd256b65181fc12e3321756df0d82b3aabebebd605,52ceac77e1e0c99a5de90b23d52d3e2f15eb08da92d5b6842d3e92834a138f22,0.37253862499346724
3,mse,0.75,0.02,r3_mse_sigma0.75_lr0.02,115,ok,,0.5284318716370662,6.062618773174479,36,1686.2080586233892,2.3923156275500147e-05,0.040339418899455054,0.040339418899455054,21e3187a25ce542a7fda12331f6df5573b7aa9cfb19c4d6a1242f48e9ab77257,2979b01fffc02f60db951ba7c3ab40b94b411246fd1d648f7c1e046da8b55f29,20e1afcba9533c9a3cd05a6d7e63f13cc97f4d348c142d7f72917f8929ca02eb,c3a0cabd7487508470d585545f7b6a856897b0410105302f1b4d5c12944c190d,0.3680742919968907
3,mse,0.75,0.02,r3_mse_sigma0.75_lr0.02,116,ok,,0.62277410741163,6.312600627674882,36,1679.1165184478282,3.527596329204843e-05,0.05923245266783774,0.05923245266783774,b240340bda42b13e461b839e854e8931eb9b197c11fad589d1f07877b5a6c105,8944d8f9094422671c06b3f2af086555200354f4f465fe9295a66b6f28ee7466,a927dd1c515d66a61fb11e1c948c7e8042e5cfedc1c4b8d5dca9f3be9e46a7b7,0d285e8573294ff0f8d626c9d7c79b1ffa6d14fb3071ba7be902aa48627a1c7e,0.36623716699978104
3,mse,0.75,0.02,r3_mse_sigma0.75_lr0.02,117,ok,,0.45365918573760744,6.1193377615731315,36,1662.2323675960704,2.5695319887580834e-05,0.04271159241287188,0.04271159241287188,2ff937c83d36f7b3a5406c91e8755c50ce932575e34db68925452587b0ab77d6,4ce67a52451597cfc11fd97edf40aa34eb1b5c997198bd1076c33fe083bdd43e,b828baff1fb9f67c70b6dbea3cba487e81abd07d2e9720c22549cc121a9cf9ad,32821079a74fe63f445d951a557ad18447fced01821fc77b6b8d137d2fe48881,0.37091579099796945
3,mse,0.75,0.02,r3_mse_sigma0.75_lr0.02,118,ok,,0.3379682633890443,6.058295703724918,36,1628.0182668224527,2.8266226151770145e-05,0.04601793250921632,0.04601793250921632,f9372f8f74b3a18b86f9a9dd960278381003e836073cde71119d3b892dde9434,7bd60133923f8534362210d3aca0aff74ce000224bd76127dd7b0bce56ccb362,605f62e239322f5313d845a2d699f250ce6a7e0825aa8e661c4d9f8dc5f782d9,ffdd2708cda2855a18fd4a81398631fadb59f1610b8dd3d36eefe8f678572c16,0.37198220800200943
3,mse,0.75,0.02,r3_mse_sigma0.75_lr0.02,119,ok,,0.49817145617723163,6.114232823129278,36,1660.0840796509863,2.54151052650313e-05,0.04219121163313242,0.04219121163313242,9cc5a5818d004f0f1492c246ba3ab8685b2df3f7dfd15cdf113ebebec42d8dee,64ada1b3e94d843469b9e745b7a15decfea54282d3d3fdc06c17e9cdcea8dc5b,ca428a2d600b7cd0b47722decaa3f8e1a32769793f46a3ced6ba5f9ab631e1f2,01bf4e2b10f88360652600d185a9d719f05502f25f089d70da96eafa7fe4dfe3,0.3691515420068754
3,mse,0.75,0.02,r3_mse_sigma0.75_lr0.02,120,ok,,0.4416643958496736,6.165074679044052,36,1733.415211120221,2.9841233431103522e-05,0.05172724794806411,0.05172724794806411,69e5aaf107b63f46b6b057dfe99d3189e4f485b9649136f1718f398f646e43c6,d8e50e695e49ac02b6f76daee1d39919959a4aa8a84f49c7d93d5a5dc3caa2ff,5604d0b01aa38439978ff828fd8b23f34f58aaa29f9fc4cf46c8f2889862d932,dff4b17a330f664ec4d31f507c7603e7842ac94d65226c760d6e78cfa953aeb7,0.3700836249990971
3,mse,0.75,0.05,r3_mse_sigma0.75_lr0.05,111,ok,,0.3331208550753674,6.064412366919273,36,1652.0692040720942,3.419874726074682e-05,0.05649869716732471,0.0564986971673247,6f4599f803588363f7f3f06a30082972087391773f80fd6d7eb3eadc6484859e,28b0ebbf9be5e833a1d38468d7218b52b6eca83c2a9f1c6221ed279bc5fe306d,8fab7eb1dfc2006c517c0e7e9e69f75a99f3dc01832c43b11c9ba40c9bcd6823,ff013eda1d426d67006a334f6583897c614d689f5823b14c442be63e78bb3962,0.37238945799617795
3,mse,0.75,0.05,r3_mse_sigma0.75_lr0.05,112,ok,,0.386123655369778,6.008451430893569,36,1685.4377944414764,2.9529395175680473e-05,0.049769958676089666,0.049769958676089666,23158049f8a287709543a55b89f8943218b08cba397a67e034633640e70c99f6,ef7c966740418fd6a40b794df00c0c243906c71043c6b0f768b5a1adf85a9eef,02f04c05a341d11e3b57c54926b2dbae6a2e489c24a16657054478fda872ca64,3dd0b47c3c1ce23069083c16d0c2272714da54db5025db5646fd1228b010a5e8,0.3712450829989393
3,mse,0.75,0.05,r3_mse_sigma0.75_lr0.05,113,ok,,0.3340069309135438,5.9002751161557025,36,1675.0797140725197,4.166211704836609e-05,0.06978736711303292,0.06978736711303292,1130bcd06d370ab57f1bc3a67409c755b267648b80a0f46e840060bb010d3ab8,c68fb172bb60d66f359aa28c9948d748b520f4271b111e5de41911067a4f354b,1d1668fc7ae6e962f5f3b23083b5cf8c2778125e6999c83b21749b59535e825c,db95c591d5ad7a1f08531cf0e04985b931fc730f28e8ed47b8c7c5d8ecd8db0c,0.36763479199726135
3,mse,0.75,0.05,r3_mse_sigma0.75_lr0.05,114,ok,,0.39149482485972664,6.096692748610908,36,1640.3304296403849,3.301587295395362e-05,0.0541569410675111,0.0541569410675111,c8a7a565f4c34afcedf377bd8a33aee023bbafec99430b278d5183f906311b3e,c33ca7855f00a693f1f0af550d168ba9c880c362927ac4b9858046f2d8b7a17c,38002117c0ffdb4a9624b0cd256b65181fc12e3321756df0d82b3aabebebd605,52ceac77e1e0c99a5de90b23d52d3e2f15eb08da92d5b6842d3e92834a138f22,0.37037654100276995
3,mse,0.75,0.05,r3_mse_sigma0.75_lr0.05,115,ok,,0.4212817969565026,5.969187264872436,36,1686.2080586233892,2.3923156275500147e-05,0.040339418899455054,0.040339418899455054,21e3187a25ce542a7fda12331f6df5573b7aa9cfb19c4d6a1242f48e9ab77257,2979b01fffc02f60db951ba7c3ab40b94b411246fd1d648f7c1e046da8b55f29,20e1afcba9533c9a3cd05a6d7e63f13cc97f4d348c142d7f72917f8929ca02eb,c3a0cabd7487508470d585545f7b6a856897b0410105302f1b4d5c12944c190d,0.37038670900074067
3,mse,0.75,0.05,r3_mse_sigma0.75_lr0.05,116,ok,,0.5340979645344619,6.250907113620311,36,1679.1165184478282,3.527596329204843e-05,0.05923245266783774,0.05923245266783774,b240340bda42b13e461b839e854e8931eb9b197c11fad589d1f07877b5a6c105,8944d8f9094422671c06b3f2af086555200354f4f465fe9295a66b6f28ee7466,a927dd1c515d66a61fb11e1c948c7e8042e5cfedc1c4b8d5dca9f3be9e46a7b7,0d285e8573294ff0f8d626c9d7c79b1ffa6d14fb3071ba7be902aa48627a1c7e,0.37237679100508103
3,mse,0.75,0.05,r3_mse_sigma0.75_lr0.05,117,ok,,0.46984041934283705,6.069596810561846,36,1662.2323675960704,2.5695319887580834e-05,0.04271159241287188,0.04271159241287188,2ff937c83d36f7b3a5406c91e8755c50ce932575e34db68925452587b0ab77d6,4ce67a52451597cfc11fd97edf40aa34eb1b5c997198bd1076c33fe083bdd43e,b828baff1fb9f67c70b6dbea3cba487e81abd07d2e9720c22549cc121a9cf9ad,32821079a74fe63f445d951a557ad18447fced01821fc77b6b8d137d2fe48881,0.36611120800080243
3,mse,0.75,0.05,r3_mse_sigma0.75_lr0.05,118,ok,,0.29864896693094833,6.01060376659766,36,1628.0182668224527,2.8266226151770145e-05,0.04601793250921632,0.04601793250921632,f9372f8f74b3a18b86f9a9dd960278381003e836073cde71119d3b892dde9434,7bd60133923f8534362210d3aca0aff74ce000224bd76127dd7b0bce56ccb362,605f62e239322f5313d845a2d699f250ce6a7e0825aa8e661c4d9f8dc5f782d9,ffdd2708cda2855a18fd4a81398631fadb59f1610b8dd3d36eefe8f678572c16,0.36959795899747405
3,mse,0.75,0.05,r3_mse_sigma0.75_lr0.05,119,ok,,0.43187536991513753,6.056461780660155,36,1660.0840796509863,2.54151052650313e-05,0.04219121163313242,0.04219121163313242,9cc5a5818d004f0f1492c246ba3ab8685b2df3f7dfd15cdf113ebebec42d8dee,64ada1b3e94d843469b9e745b7a15decfea54282d3d3fdc06c17e9cdcea8dc5b,ca428a2d600b7cd0b47722decaa3f8e1a32769793f46a3ced6ba5f9ab631e1f2,01bf4e2b10f88360652600d185a9d719f05502f25f089d70da96eafa7fe4dfe3,0.36807495799439494
3,mse,0.75,0.05,r3_mse_sigma0.75_lr0.05,120,ok,,0.3804141746126941,6.088226638810591,36,1733.415211120221,2.9841233431103522e-05,0.05172724794806411,0.05172724794806411,69e5aaf107b63f46b6b057dfe99d3189e4f485b9649136f1718f398f646e43c6,d8e50e695e49ac02b6f76daee1d39919959a4aa8a84f49c7d93d5a5dc3caa2ff,5604d0b01aa38439978ff828fd8b23f34f58aaa29f9fc4cf46c8f2889862d932,dff4b17a330f664ec4d31f507c7603e7842ac94d65226c760d6e78cfa953aeb7,0.37023087499983376
3,mse,0.75,0.1,r3_mse_sigma0.75_lr0.1,111,ok,,0.39584521004866396,6.15542005768461,36,1652.0692040720942,3.419874726074682e-05,0.05649869716732471,0.0564986971673247,6f4599f803588363f7f3f06a30082972087391773f80fd6d7eb3eadc6484859e,28b0ebbf9be5e833a1d38468d7218b52b6eca83c2a9f1c6221ed279bc5fe306d,8fab7eb1dfc2006c517c0e7e9e69f75a99f3dc01832c43b11c9ba40c9bcd6823,ff013eda1d426d67006a334f6583897c614d689f5823b14c442be63e78bb3962,0.3709687080045114
3,mse,0.75,0.1,r3_mse_sigma0.75_lr0.1,112,ok,,0.3463350730792041,5.9814084037844495,36,1685.4377944414764,2.9529395175680473e-05,0.049769958676089666,0.049769958676089666,23158049f8a287709543a55b89f8943218b08cba397a67e034633640e70c99f6,ef7c966740418fd6a40b794df00c0c243906c71043c6b0f768b5a1adf85a9eef,02f04c05a341d11e3b57c54926b2dbae6a2e489c24a16657054478fda872ca64,3dd0b47c3c1ce23069083c16d0c2272714da54db5025db5646fd1228b010a5e8,0.3673586669974611
3,mse,0.75,0.1,r3_mse_sigma0.75_lr0.1,113,ok,,0.27996554611551383,5.851626174587283,36,1675.0797140725197,4.166211704836609e-05,0.06978736711303292,0.06978736711303292,1130bcd06d370ab57f1bc3a67409c755b267648b80a0f46e840060bb010d3ab8,c68fb172bb60d66f359aa28c9948d748b520f4271b111e5de41911067a4f354b,1d1668fc7ae6e962f5f3b23083b5cf8c2778125e6999c83b21749b59535e825c,db95c591d5ad7a1f08531cf0e04985b931fc730f28e8ed47b8c7c5d8ecd8db0c,0.3708569170048577
3,mse,0.75,0.1,r3_mse_sigma0.75_lr0.1,114,ok,,0.32311680589255926,6.0305600508560095,36,1640.3304296403849,3.301587295395362e-05,0.0541569410675111,0.0541569410675111,c8a7a565f4c34afcedf377bd8a33aee023bbafec99430b278d5183f906311b3e,c33ca7855f00a693f1f0af550d168ba9c880c362927ac4b9858046f2d8b7a17c,38002117c0ffdb4a9624b0cd256b65181fc12e3321756df0d82b3aabebebd605,52ceac77e1e0c99a5de90b23d52d3e2f15eb08da92d5b6842d3e92834a138f22,0.37412570900050923
3,mse,0.75,0.1,r3_mse_sigma0.75_lr0.1,115,ok,,0.4851808681477757,6.035194197243345,36,1686.2080586233892,2.3923156275500147e-05,0.040339418899455054,0.040339418899455054,21e3187a25ce542a7fda12331f6df5573b7aa9cfb19c4d6a1242f48e9ab77257,2979b01fffc02f60db951ba7c3ab40b94b411246fd1d648f7c1e046da8b55f29,20e1afcba9533c9a3cd05a6d7e63f13cc97f4d348c142d7f72917f8929ca02eb,c3a0cabd7487508470d585545f7b6a856897b0410105302f1b4d5c12944c190d,0.3692757500029984
3,mse,0.75,0.1,r3_mse_sigma0.75_lr0.1,116,ok,,0.5687284519870026,6.272258586162183,36,1679.1165184478282,3.527596329204843e-05,0.05923245266783774,0.05923245266783774,b240340bda42b13e461b839e854e8931eb9b197c11fad589d1f07877b5a6c105,8944d8f9094422671c06b3f2af086555200354f4f465fe9295a66b6f28ee7466,a927dd1c515d66a61fb11e1c948c7e8042e5cfedc1c4b8d5dca9f3be9e46a7b7,0d285e8573294ff0f8d626c9d7c79b1ffa6d14fb3071ba7be902aa48627a1c7e,0.36812349999672733
3,mse,0.75,0.1,r3_mse_sigma0.75_lr0.1,117,ok,,0.5077243235024093,6.103137181445243,36,1662.2323675960704,2.5695319887580834e-05,0.04271159241287188,0.04271159241287188,2ff937c83d36f7b3a5406c91e8755c50ce932575e34db68925452587b0ab77d6,4ce67a52451597cfc11fd97edf40aa34eb1b5c997198bd1076c33fe083bdd43e,b828baff1fb9f67c70b6dbea3cba487e81abd07d2e9720c22549cc121a9cf9ad,32821079a74fe63f445d951a557ad18447fced01821fc77b6b8d137d2fe48881,0.3718621250009164
3,mse,0.75,0.1,r3_mse_sigma0.75_lr0.1,118,ok,,0.3173356050540401,6.017468618965162,36,1628.0182668224527,2.8266226151770145e-05,0.04601793250921632,0.04601793250921632,f9372f8f74b3a18b86f9a9dd960278381003e836073cde71119d3b892dde9434,7bd60133923f8534362210d3aca0aff74ce000224bd76127dd7b0bce56ccb362,605f62e239322f5313d845a2d699f250ce6a7e0825aa8e661c4d9f8dc5f782d9,ffdd2708cda2855a18fd4a81398631fadb59f1610b8dd3d36eefe8f678572c16,0.37379758300085086
3,mse,0.75,0.1,r3_mse_sigma0.75_lr0.1,119,ok,,0.3424922077545669,5.944551902662288,36,1660.0840796509863,2.54151052650313e-05,0.04219121163313242,0.04219121163313242,9cc5a5818d004f0f1492c246ba3ab8685b2df3f7dfd15cdf113ebebec42d8dee,64ada1b3e94d843469b9e745b7a15decfea54282d3d3fdc06c17e9cdcea8dc5b,ca428a2d600b7cd0b47722decaa3f8e1a32769793f46a3ced6ba5f9ab631e1f2,01bf4e2b10f88360652600d185a9d719f05502f25f089d70da96eafa7fe4dfe3,0.3731859999970766
3,mse,0.75,0.1,r3_mse_sigma0.75_lr0.1,120,ok,,0.31555887222675477,6.031011143758409,36,1733.415211120221,2.9841233431103522e-05,0.05172724794806411,0.05172724794806411,69e5aaf107b63f46b6b057dfe99d3189e4f485b9649136f1718f398f646e43c6,d8e50e695e49ac02b6f76daee1d39919959a4aa8a84f49c7d93d5a5dc3caa2ff,5604d0b01aa38439978ff828fd8b23f34f58aaa29f9fc4cf46c8f2889862d932,dff4b17a330f664ec4d31f507c7603e7842ac94d65226c760d6e78cfa953aeb7,0.36828945799788926
3,mse,0.75,0.2,r3_mse_sigma0.75_lr0.2,111,ok,,0.3531764890836554,6.1230921251709445,36,1652.0692040720942,3.419874726074682e-05,0.05649869716732471,0.0564986971673247,6f4599f803588363f7f3f06a30082972087391773f80fd6d7eb3eadc6484859e,28b0ebbf9be5e833a1d38468d7218b52b6eca83c2a9f1c6221ed279bc5fe306d,8fab7eb1dfc2006c517c0e7e9e69f75a99f3dc01832c43b11c9ba40c9bcd6823,ff013eda1d426d67006a334f6583897c614d689f5823b14c442be63e78bb3962,0.37135783299891045
3,mse,0.75,0.2,r3_mse_sigma0.75_lr0.2,112,ok,,0.4174899455545579,6.058145377423591,36,1685.4377944414764,2.9529395175680473e-05,0.049769958676089666,0.049769958676089666,23158049f8a287709543a55b89f8943218b08cba397a67e034633640e70c99f6,ef7c966740418fd6a40b794df00c0c243906c71043c6b0f768b5a1adf85a9eef,02f04c05a341d11e3b57c54926b2dbae6a2e489c24a16657054478fda872ca64,3dd0b47c3c1ce23069083c16d0c2272714da54db5025db5646fd1228b010a5e8,0.3743893749997369
3,mse,0.75,0.2,r3_mse_sigma0.75_lr0.2,113,ok,,0.4244025490673534,6.008191669499282,36,1675.0797140725197,4.166211704836609e-05,0.06978736711303292,0.06978736711303292,1130bcd06d370ab57f1bc3a67409c755b267648b80a0f46e840060bb010d3ab8,c68fb172bb60d66f359aa28c9948d748b520f4271b111e5de41911067a4f354b,1d1668fc7ae6e962f5f3b23083b5cf8c2778125e6999c83b21749b59535e825c,db95c591d5ad7a1f08531cf0e04985b931fc730f28e8ed47b8c7c5d8ecd8db0c,0.36924645800172584
3,mse,0.75,0.2,r3_mse_sigma0.75_lr0.2,114,ok,,0.4074690886553367,6.128760419481603,36,1640.3304296403849,3.301587295395362e-05,0.0541569410675111,0.0541569410675111,c8a7a565f4c34afcedf377bd8a33aee023bbafec99430b278d5183f906311b3e,c33ca7855f00a693f1f0af550d168ba9c880c362927ac4b9858046f2d8b7a17c,38002117c0ffdb4a9624b0cd256b65181fc12e3321756df0d82b3aabebebd605,52ceac77e1e0c99a5de90b23d52d3e2f15eb08da92d5b6842d3e92834a138f22,0.3664086250064429
3,mse,0.75,0.2,r3_mse_sigma0.75_lr0.2,115,ok,,0.41468354701274834,5.973316034271677,36,1686.2080586233892,2.3923156275500147e-05,0.040339418899455054,0.040339418899455054,21e3187a25ce542a7fda12331f6df5573b7aa9cfb19c4d6a1242f48e9ab77257,2979b01fffc02f60db951ba7c3ab40b94b411246fd1d648f7c1e046da8b55f29,20e1afcba9533c9a3cd05a6d7e63f13cc97f4d348c142d7f72917f8929ca02eb,c3a0cabd7487508470d585545f7b6a856897b0410105302f1b4d5c12944c190d,0.3715994160011178
3,mse,0.75,0.2,r3_mse_sigma0.75_lr0.2,116,ok,,0.40069515172167003,6.0698239021442255,36,1679.1165184478282,3.527596329204843e-05,0.05923245266783774,0.05923245266783774,b240340bda42b13e461b839e854e8931eb9b197c11fad589d1f07877b5a6c105,8944d8f9094422671c06b3f2af086555200354f4f465fe9295a66b6f28ee7466,a927dd1c515d66a61fb11e1c948c7e8042e5cfedc1c4b8d5dca9f3be9e46a7b7,0d285e8573294ff0f8d626c9d7c79b1ffa6d14fb3071ba7be902aa48627a1c7e,0.3698316669979249
3,mse,0.75,0.2,r3_mse_sigma0.75_lr0.2,117,ok,,0.4348042825173178,6.046166780157672,36,1662.2323675960704,2.5695319887580834e-05,0.04271159241287188,0.04271159241287188,2ff937c83d36f7b3a5406c91e8755c50ce932575e34db68925452587b0ab77d6,4ce67a52451597cfc11fd97edf40aa34eb1b5c997198bd1076c33fe083bdd43e,b828baff1fb9f67c70b6dbea3cba487e81abd07d2e9720c22549cc121a9cf9ad,32821079a74fe63f445d951a557ad18447fced01821fc77b6b8d137d2fe48881,0.36874262500350596
3,mse,0.75,0.2,r3_mse_sigma0.75_lr0.2,118,ok,,0.3034159684652,6.014830525612855,36,1628.0182668224527,2.8266226151770145e-05,0.04601793250921632,0.04601793250921632,f9372f8f74b3a18b86f9a9dd960278381003e836073cde71119d3b892dde9434,7bd60133923f8534362210d3aca0aff74ce000224bd76127dd7b0bce56ccb362,605f62e239322f5313d845a2d699f250ce6a7e0825aa8e661c4d9f8dc5f782d9,ffdd2708cda2855a18fd4a81398631fadb59f1610b8dd3d36eefe8f678572c16,0.3710249580035452
3,mse,0.75,0.2,r3_mse_sigma0.75_lr0.2,119,ok,,0.3038173257128748,5.957336883527178,36,1660.0840796509863,2.54151052650313e-05,0.04219121163313242,0.04219121163313242,9cc5a5818d004f0f1492c246ba3ab8685b2df3f7dfd15cdf113ebebec42d8dee,64ada1b3e94d843469b9e745b7a15decfea54282d3d3fdc06c17e9cdcea8dc5b,ca428a2d600b7cd0b47722decaa3f8e1a32769793f46a3ced6ba5f9ab631e1f2,01bf4e2b10f88360652600d185a9d719f05502f25f089d70da96eafa7fe4dfe3,0.37258604200178524
3,mse,0.75,0.2,r3_mse_sigma0.75_lr0.2,120,ok,,0.34298764643396984,6.056509485673175,36,1733.415211120221,2.9841233431103522e-05,0.05172724794806411,0.05172724794806411,69e5aaf107b63f46b6b057dfe99d3189e4f485b9649136f1718f398f646e43c6,d8e50e695e49ac02b6f76daee1d39919959a4aa8a84f49c7d93d5a5dc3caa2ff,5604d0b01aa38439978ff828fd8b23f34f58aaa29f9fc4cf46c8f2889862d932,dff4b17a330f664ec4d31f507c7603e7842ac94d65226c760d6e78cfa953aeb7,0.3723162910027895
3,nll,0.75,0.005,r3_nll_sigma0.75_lr0.005,111,ok,,0.8164914699181437,6.5902367732083516,36,0.0001325461739268285,426.25671864745453,0.05649869716732471,0.05649869716732471,6f4599f803588363f7f3f06a30082972087391773f80fd6d7eb3eadc6484859e,28b0ebbf9be5e833a1d38468d7218b52b6eca83c2a9f1c6221ed279bc5fe306d,8fab7eb1dfc2006c517c0e7e9e69f75a99f3dc01832c43b11c9ba40c9bcd6823,ff013eda1d426d67006a334f6583897c614d689f5823b14c442be63e78bb3962,0.36741029100085143
3,nll,0.75,0.005,r3_nll_sigma0.75_lr0.005,112,ok,,0.7645454521236501,6.386721114403439,36,0.00013528247632043285,367.8965674623188,0.049769958676089666,0.049769958676089666,23158049f8a287709543a55b89f8943218b08cba397a67e034633640e70c99f6,ef7c966740418fd6a40b794df00c0c243906c71043c6b0f768b5a1adf85a9eef,02f04c05a341d11e3b57c54926b2dbae6a2e489c24a16657054478fda872ca64,3dd0b47c3c1ce23069083c16d0c2272714da54db5025db5646fd1228b010a5e8,0.36622400000487687
3,nll,0.75,0.005,r3_nll_sigma0.75_lr0.005,113,ok,,0.8940400405402026,6.5055265473369985,36,0.0004774891012108186,146.15489010338845,0.06978736711303292,0.06978736711303292,1130bcd06d370ab57f1bc3a67409c755b267648b80a0f46e840060bb010d3ab8,c68fb172bb60d66f359aa28c9948d748b520f4271b111e5de41911067a4f354b,1d1668fc7ae6e962f5f3b23083b5cf8c2778125e6999c83b21749b59535e825c,db95c591d5ad7a1f08531cf0e04985b931fc730f28e8ed47b8c7c5d8ecd8db0c,0.3700642499970854
3,nll,0.75,0.005,r3_nll_sigma0.75_lr0.005,114,ok,,0.9635499614766754,6.649634804748141,36,0.00024176867907619467,224.00313090366538,0.0541569410675111,0.0541569410675111,c8a7a565f4c34afcedf377bd8a33aee023bbafec99430b278d5183f906311b3e,c33ca7855f00a693f1f0af550d168ba9c880c362927ac4b9858046f2d8b7a17c,38002117c0ffdb4a9624b0cd256b65181fc12e3321756df0d82b3aabebebd605,52ceac77e1e0c99a5de90b23d52d3e2f15eb08da92d5b6842d3e92834a138f22,0.3706061659977422
3,nll,0.75,0.005,r3_nll_sigma0.75_lr0.005,115,ok,,0.6356514263214115,6.183304774595699,36,0.0001543472902498278,261.35488892718064,0.040339418899455054,0.040339418899455054,21e3187a25ce542a7fda12331f6df5573b7aa9cfb19c4d6a1242f48e9ab77257,2979b01fffc02f60db951ba7c3ab40b94b411246fd1d648f7c1e046da8b55f29,20e1afcba9533c9a3cd05a6d7e63f13cc97f4d348c142d7f72917f8929ca02eb,c3a0cabd7487508470d585545f7b6a856897b0410105302f1b4d5c12944c190d,0.36526529099501204
3,nll,0.75,0.005,r3_nll_sigma0.75_lr0.005,116,ok,,0.9608194429613499,6.611702350723272,36,0.0002493645985122239,237.53352729791817,0.05923245266783774,0.05923245266783774,b240340bda42b13e461b839e854e8931eb9b197c11fad589d1f07877b5a6c105,8944d8f9094422671c06b3f2af086555200354f4f465fe9295a66b6f28ee7466,a927dd1c515d66a61fb11e1c948c7e8042e5cfedc1c4b8d5dca9f3be9e46a7b7,0d285e8573294ff0f8d626c9d7c79b1ffa6d14fb3071ba7be902aa48627a1c7e,0.3619559580038185
3,nll,0.75,0.005,r3_nll_sigma0.75_lr0.005,117,ok,,0.868474199355348,6.5017593194898256,36,9.324095639102139e-05,458.07758806927876,0.04271159241287188,0.04271159241287188,2ff937c83d36f7b3a5406c91e8755c50ce932575e34db68925452587b0ab77d6,4ce67a52451597cfc11fd97edf40aa34eb1b5c997198bd1076c33fe083bdd43e,b828baff1fb9f67c70b6dbea3cba487e81abd07d2e9720c22549cc121a9cf9ad,32821079a74fe63f445d951a557ad18447fced01821fc77b6b8d137d2fe48881,0.3696925839976757
3,nll,0.75,0.005,r3_nll_sigma0.75_lr0.005,118,ok,,0.7120093465261927,6.469847847455499,36,0.00019482000488590964,236.207429191706,0.04601793250921632,0.04601793250921632,f9372f8f74b3a18b86f9a9dd960278381003e836073cde71119d3b892dde9434,7bd60133923f8534362210d3aca0aff74ce000224bd76127dd7b0bce56ccb362,605f62e239322f5313d845a2d699f250ce6a7e0825aa8e661c4d9f8dc5f782d9,ffdd2708cda2855a18fd4a81398631fadb59f1610b8dd3d36eefe8f678572c16,0.3687347500017495
3,nll,0.75,0.005,r3_nll_sigma0.75_lr0.005,119,ok,,0.8686933851192374,6.500385811248256,36,9.595028120692245e-05,439.71952038519385,0.04219121163313242,0.04219121163313242,9cc5a5818d004f0f1492c246ba3ab8685b2df3f7dfd15cdf113ebebec42d8dee,64ada1b3e94d843469b9e745b7a15decfea54282d3d3fdc06c17e9cdcea8dc5b,ca428a2d600b7cd0b47722decaa3f8e1a32769793f46a3ced6ba5f9ab631e1f2,01bf4e2b10f88360652600d185a9d719f05502f25f089d70da96eafa7fe4dfe3,0.36541945800126996
3,nll,0.75,0.005,r3_nll_sigma0.75_lr0.005,120,ok,,0.8439310763543177,6.5647591531968015,36,0.00032027787155427384,161.50740510743805,0.05172724794806411,0.05172724794806412,69e5aaf107b63f46b6b057dfe99d3189e4f485b9649136f1718f398f646e43c6,d8e50e695e49ac02b6f76daee1d39919959a4aa8a84f49c7d93d5a5dc3caa2ff,5604d0b01aa38439978ff828fd8b23f34f58aaa29f9fc4cf46c8f2889862d932,dff4b17a330f664ec4d31f507c7603e7842ac94d65226c760d6e78cfa953aeb7,0.3681889580038842
3,nll,0.75,0.01,r3_nll_sigma0.75_lr0.01,111,ok,,0.5434447442396535,6.297874822244318,36,0.0001325461739268285,426.25671864745453,0.05649869716732471,0.05649869716732471,6f4599f803588363f7f3f06a30082972087391773f80fd6d7eb3eadc6484859e,28b0ebbf9be5e833a1d38468d7218b52b6eca83c2a9f1c6221ed279bc5fe306d,8fab7eb1dfc2006c517c0e7e9e69f75a99f3dc01832c43b11c9ba40c9bcd6823,ff013eda1d426d67006a334f6583897c614d689f5823b14c442be63e78bb3962,0.3703838329965947
3,nll,0.75,0.01,r3_nll_sigma0.75_lr0.01,112,ok,,0.6594656397276186,6.289646666081321,36,0.00013528247632043285,367.8965674623188,0.049769958676089666,0.049769958676089666,23158049f8a287709543a55b89f8943218b08cba397a67e034633640e70c99f6,ef7c966740418fd6a40b794df00c0c243906c71043c6b0f768b5a1adf85a9eef,02f04c05a341d11e3b57c54926b2dbae6a2e489c24a16657054478fda872ca64,3dd0b47c3c1ce23069083c16d0c2272714da54db5025db5646fd1228b010a5e8,0.3722877079999307
3,nll,0.75,0.01,r3_nll_sigma0.75_lr0.01,113,ok,,0.5395869904253536,6.14186839344237,36,0.0004774891012108186,146.15489010338845,0.06978736711303292,0.06978736711303292,1130bcd06d370ab57f1bc3a67409c755b267648b80a0f46e840060bb010d3ab8,c68fb172bb60d66f359aa28c9948d748b520f4271b111e5de41911067a4f354b,1d1668fc7ae6e962f5f3b23083b5cf8c2778125e6999c83b21749b59535e825c,db95c591d5ad7a1f08531cf0e04985b931fc730f28e8ed47b8c7c5d8ecd8db0c,0.36595754199515795
3,nll,0.75,0.01,r3_nll_sigma0.75_lr0.01,114,ok,,0.7527848060995884,6.432334455627656,36,0.00024176867907619467,224.00313090366538,0.0541569410675111,0.0541569410675111,c8a7a565f4c34afcedf377bd8a33aee023bbafec99430b278d5183f906311b3e,c33ca7855f00a693f1f0af550d168ba9c880c362927ac4b9858046f2d8b7a17c,38002117c0ffdb4a9624b0cd256b65181fc12e3321756df0d82b3aabebebd605,52ceac77e1e0c99a5de90b23d52d3e2f15eb08da92d5b6842d3e92834a138f22,0.3665673329960555
3,nll,0.75,0.01,r3_nll_sigma0.75_lr0.01,115,ok,,0.5089802005167953,6.081762248485724,36,0.0001543472902498278,261.35488892718064,0.040339418899455054,0.040339418899455054,21e3187a25ce542a7fda12331f6df5573b7aa9cfb19c4d6a1242f48e9ab77257,2979b01fffc02f60db951ba7c3ab40b94b411246fd1d648f7c1e046da8b55f29,20e1afcba9533c9a3cd05a6d7e63f13cc97f4d348c142d7f72917f8929ca02eb,c3a0cabd7487508470d585545f7b6a856897b0410105302f1b4d5c12944c190d,0.3688565420015948
3,nll,0.75,0.01,r3_nll_sigma0.75_lr0.01,116,ok,,0.6280266494224638,6.3095839822553845,36,0.0002493645985122239,237.53352729791817,0.05923245266783774,0.05923245266783774,b240340bda42b13e461b839e854e8931eb9b197c11fad589d1f07877b5a6c105,8944d8f9094422671c06b3f2af086555200354f4f465fe9295a66b6f28ee7466,a927dd1c515d66a61fb11e1c948c7e8042e5cfedc1c4b8d5dca9f3be9e46a7b7,0d285e8573294ff0f8d626c9d7c79b1ffa6d14fb3071ba7be902aa48627a1c7e,0.3710421249998035
3,nll,0.75,0.01,r3_nll_sigma0.75_lr0.01,117,ok,,0.5608791159972034,6.180060113762881,36,9.324095639102139e-05,458.07758806927876,0.04271159241287188,0.04271159241287188,2ff937c83d36f7b3a5406c91e8755c50ce932575e34db68925452587b0ab77d6,4ce67a52451597cfc11fd97edf40aa34eb1b5c997198bd1076c33fe083bdd43e,b828baff1fb9f67c70b6dbea3cba487e81abd07d2e9720c22549cc121a9cf9ad,32821079a74fe63f445d951a557ad18447fced01821fc77b6b8d137d2fe48881,0.36676325000007637
3,nll,0.75,0.01,r3_nll_sigma0.75_lr0.01,118,ok,,0.6931017029683457,6.437881016809365,36,0.00019482000488590964,236.207429191706,0.04601793250921632,0.04601793250921632,f9372f8f74b3a18b86f9a9dd960278381003e836073cde71119d3b892dde9434,7bd60133923f8534362210d3aca0aff74ce000224bd76127dd7b0bce56ccb362,605f62e239322f5313d845a2d699f250ce6a7e0825aa8e661c4d9f8dc5f782d9,ffdd2708cda2855a18fd4a81398631fadb59f1610b8dd3d36eefe8f678572c16,0.3677612079991377
3,nll,0.75,0.01,r3_nll_sigma0.75_lr0.01,119,ok,,0.6325057018597788,6.2343324846227866,36,9.595028120692245e-05,439.71952038519385,0.04219121163313242,0.04219121163313242,9cc5a5818d004f0f1492c246ba3ab8685b2df3f7dfd15cdf113ebebec42d8dee,64ada1b3e94d843469b9e745b7a15decfea54282d3d3fdc06c17e9cdcea8dc5b,ca428a2d600b7cd0b47722decaa3f8e1a32769793f46a3ced6ba5f9ab631e1f2,01bf4e2b10f88360652600d185a9d719f05502f25f089d70da96eafa7fe4dfe3,0.36938424999971176
3,nll,0.75,0.01,r3_nll_sigma0.75_lr0.01,120,ok,,0.6653451947916982,6.385754229930215,36,0.00032027787155427384,161.50740510743805,0.05172724794806411,0.05172724794806412,69e5aaf107b63f46b6b057dfe99d3189e4f485b9649136f1718f398f646e43c6,d8e50e695e49ac02b6f76daee1d39919959a4aa8a84f49c7d93d5a5dc3caa2ff,5604d0b01aa38439978ff828fd8b23f34f58aaa29f9fc4cf46c8f2889862d932,dff4b17a330f664ec4d31f507c7603e7842ac94d65226c760d6e78cfa953aeb7,0.3710250419971999
3,nll,0.75,0.02,r3_nll_sigma0.75_lr0.02,111,ok,,0.5665369989076504,6.314887488453072,36,0.0001325461739268285,426.25671864745453,0.05649869716732471,0.05649869716732471,6f4599f803588363f7f3f06a30082972087391773f80fd6d7eb3eadc6484859e,28b0ebbf9be5e833a1d38468d7218b52b6eca83c2a9f1c6221ed279bc5fe306d,8fab7eb1dfc2006c517c0e7e9e69f75a99f3dc01832c43b11c9ba40c9bcd6823,ff013eda1d426d67006a334f6583897c614d689f5823b14c442be63e78bb3962,0.3671011670012376
3,nll,0.75,0.02,r3_nll_sigma0.75_lr0.02,112,ok,,0.579529749404808,6.215105481906461,36,0.00013528247632043285,367.8965674623188,0.049769958676089666,0.049769958676089666,23158049f8a287709543a55b89f8943218b08cba397a67e034633640e70c99f6,ef7c966740418fd6a40b794df00c0c243906c71043c6b0f768b5a1adf85a9eef,02f04c05a341d11e3b57c54926b2dbae6a2e489c24a16657054478fda872ca64,3dd0b47c3c1ce23069083c16d0c2272714da54db5025db5646fd1228b010a5e8,0.3681146250019083
3,nll,0.75,0.02,r3_nll_sigma0.75_lr0.02,113,ok,,0.3977169152260219,5.971766914854689,36,0.0004774891012108186,146.15489010338845,0.06978736711303292,0.06978736711303292,1130bcd06d370ab57f1bc3a67409c755b267648b80a0f46e840060bb010d3ab8,c68fb172bb60d66f359aa28c9948d748b520f4271b111e5de41911067a4f354b,1d1668fc7ae6e962f5f3b23083b5cf8c2778125e6999c83b21749b59535e825c,db95c591d5ad7a1f08531cf0e04985b931fc730f28e8ed47b8c7c5d8ecd8db0c,0.3733473749962286
3,nll,0.75,0.02,r3_nll_sigma0.75_lr0.02,114,ok,,0.5301879226742379,6.214672394257568,36,0.00024176867907619467,224.00313090366538,0.0541569410675111,0.0541569410675111,c8a7a565f4c34afcedf377bd8a33aee023bbafec99430b278d5183f906311b3e,c33ca7855f00a693f1f0af550d168ba9c880c362927ac4b9858046f2d8b7a17c,38002117c0ffdb4a9624b0cd256b65181fc12e3321756df0d82b3aabebebd605,52ceac77e1e0c99a5de90b23d52d3e2f15eb08da92d5b6842d3e92834a138f22,0.37262975000339793
3,nll,0.75,0.02,r3_nll_sigma0.75_lr0.02,115,ok,,0.4480502089335426,6.034829696768549,36,0.0001543472902498278,261.35488892718064,0.040339418899455054,0.040339418899455054,21e3187a25ce542a7fda12331f6df5573b7aa9cfb19c4d6a1242f48e9ab77257,2979b01fffc02f60db951ba7c3ab40b94b411246fd1d648f7c1e046da8b55f29,20e1afcba9533c9a3cd05a6d7e63f13cc97f4d348c142d7f72917f8929ca02eb,c3a0cabd7487508470d585545f7b6a856897b0410105302f1b4d5c12944c190d,0.36791070800245507
3,nll,0.75,0.02,r3_nll_sigma0.75_lr0.02,116,ok,,0.5590129579895103,6.222947048143645,36,0.0002493645985122239,237.53352729791817,0.05923245266783774,0.05923245266783774,b240340bda42b13e461b839e854e8931eb9b197c11fad589d1f07877b5a6c105,8944d8f9094422671c06b3f2af086555200354f4f465fe9295a66b6f28ee7466,a927dd1c515d66a61fb11e1c948c7e8042e5cfedc1c4b8d5dca9f3be9e46a7b7,0d285e8573294ff0f8d626c9d7c79b1ffa6d14fb3071ba7be902aa48627a1c7e,0.3655030000008992
3,nll,0.75,0.02,r3_nll_sigma0.75_lr0.02,117,ok,,0.4509452735293731,6.081085175919741,36,9.324095639102139e-05,458.07758806927876,0.04271159241287188,0.04271159241287188,2ff937c83d36f7b3a5406c91e8755c50ce932575e34db68925452587b0ab77d6,4ce67a52451597cfc11fd97edf40aa34eb1b5c997198bd1076c33fe083bdd43e,b828baff1fb9f67c70b6dbea3cba487e81abd07d2e9720c22549cc121a9cf9ad,32821079a74fe63f445d951a557ad18447fced01821fc77b6b8d137d2fe48881,0.37103408300026786
3,nll,0.75,0.02,r3_nll_sigma0.75_lr0.02,118,ok,,0.6883180912209038,6.410782609552473,36,0.00019482000488590964,236.207429191706,0.04601793250921632,0.04601793250921632,f9372f8f74b3a18b86f9a9dd960278381003e836073cde71119d3b892dde9434,7bd60133923f8534362210d3aca0aff74ce000224bd76127dd7b0bce56ccb362,605f62e239322f5313d845a2d699f250ce6a7e0825aa8e661c4d9f8dc5f782d9,ffdd2708cda2855a18fd4a81398631fadb59f1610b8dd3d36eefe8f678572c16,0.37409591699542943
3,nll,0.75,0.02,r3_nll_sigma0.75_lr0.02,119,ok,,0.43508147186748897,6.043745959885624,36,9.595028120692245e-05,439.71952038519385,0.04219121163313242,0.04219121163313242,9cc5a5818d004f0f1492c246ba3ab8685b2df3f7dfd15cdf113ebebec42d8dee,64ada1b3e94d843469b9e745b7a15decfea54282d3d3fdc06c17e9cdcea8dc5b,ca428a2d600b7cd0b47722decaa3f8e1a32769793f46a3ced6ba5f9ab631e1f2,01bf4e2b10f88360652600d185a9d719f05502f25f089d70da96eafa7fe4dfe3,0.3672398750059074
3,nll,0.75,0.02,r3_nll_sigma0.75_lr0.02,120,ok,,0.38662683702396994,6.0935359253956065,36,0.00032027787155427384,161.50740510743805,0.05172724794806411,0.05172724794806412,69e5aaf107b63f46b6b057dfe99d3189e4f485b9649136f1718f398f646e43c6,d8e50e695e49ac02b6f76daee1d39919959a4aa8a84f49c7d93d5a5dc3caa2ff,5604d0b01aa38439978ff828fd8b23f34f58aaa29f9fc4cf46c8f2889862d932,dff4b17a330f664ec4d31f507c7603e7842ac94d65226c760d6e78cfa953aeb7,0.36900141699879896
3,nll,0.75,0.05,r3_nll_sigma0.75_lr0.05,111,ok,,0.622176639667117,6.366609518006818,36,0.0001325461739268285,426.25671864745453,0.05649869716732471,0.05649869716732471,6f4599f803588363f7f3f06a30082972087391773f80fd6d7eb3eadc6484859e,28b0ebbf9be5e833a1d38468d7218b52b6eca83c2a9f1c6221ed279bc5fe306d,8fab7eb1dfc2006c517c0e7e9e69f75a99f3dc01832c43b11c9ba40c9bcd6823,ff013eda1d426d67006a334f6583897c614d689f5823b14c442be63e78bb3962,0.3724447499989765
3,nll,0.75,0.05,r3_nll_sigma0.75_lr0.05,112,ok,,0.44391695456490676,6.105298351718218,36,0.00013528247632043285,367.8965674623188,0.049769958676089666,0.049769958676089666,23158049f8a287709543a55b89f8943218b08cba397a67e034633640e70c99f6,ef7c966740418fd6a40b794df00c0c243906c71043c6b0f768b5a1adf85a9eef,02f04c05a341d11e3b57c54926b2dbae6a2e489c24a16657054478fda872ca64,3dd0b47c3c1ce23069083c16d0c2272714da54db5025db5646fd1228b010a5e8,0.373802958005399
3,nll,0.75,0.05,r3_nll_sigma0.75_lr0.05,113,ok,,0.43720503257923793,6.014056104076832,36,0.0004774891012108186,146.15489010338845,0.06978736711303292,0.06978736711303292,1130bcd06d370ab57f1bc3a67409c755b267648b80a0f46e840060bb010d3ab8,c68fb172bb60d66f359aa28c9948d748b520f4271b111e5de41911067a4f354b,1d1668fc7ae6e962f5f3b23083b5cf8c2778125e6999c83b21749b59535e825c,db95c591d5ad7a1f08531cf0e04985b931fc730f28e8ed47b8c7c5d8ecd8db0c,0.3694849579987931
3,nll,0.75,0.05,r3_nll_sigma0.75_lr0.05,114,ok,,0.5874048225408318,6.2471983727950535,36,0.00024176867907619467,224.00313090366538,0.0541569410675111,0.0541569410675111,c8a7a565f4c34afcedf377bd8a33aee023bbafec99430b278d5183f906311b3e,c33ca7855f00a693f1f0af550d168ba9c880c362927ac4b9858046f2d8b7a17c,38002117c0ffdb4a9624b0cd256b65181fc12e3321756df0d82b3aabebebd605,52ceac77e1e0c99a5de90b23d52d3e2f15eb08da92d5b6842d3e92834a138f22,0.36941524999565445
3,nll,0.75,0.05,r3_nll_sigma0.75_lr0.05,115,ok,,0.47040483873577466,6.050916327918333,36,0.0001543472902498278,261.35488892718064,0.040339418899455054,0.040339418899455054,21e3187a25ce542a7fda12331f6df5573b7aa9cfb19c4d6a1242f48e9ab77257,2979b01fffc02f60db951ba7c3ab40b94b411246fd1d648f7c1e046da8b55f29,20e1afcba9533c9a3cd05a6d7e63f13cc97f4d348c142d7f72917f8929ca02eb,c3a0cabd7487508470d585545f7b6a856897b0410105302f1b4d5c12944c190d,0.37383487499755574
3,nll,0.75,0.05,r3_nll_sigma0.75_lr0.05,116,ok,,0.6885813407838154,6.373813545651971,36,0.0002493645985122239,237.53352729791817,0.05923245266783774,0.05923245266783774,b240340bda42b13e461b839e854e8931eb9b197c11fad589d1f07877b5a6c105,8944d8f9094422671c06b3f2af086555200354f4f465fe9295a66b6f28ee7466,a927dd1c515d66a61fb11e1c948c7e8042e5cfedc1c4b8d5dca9f3be9e46a7b7,0d285e8573294ff0f8d626c9d7c79b1ffa6d14fb3071ba7be902aa48627a1c7e,0.3712724160068319
3,nll,0.75,0.05,r3_nll_sigma0.75_lr0.05,117,ok,,0.3986835213151265,6.021721469874457,36,9.324095639102139e-05,458.07758806927876,0.04271159241287188,0.04271159241287188,2ff937c83d36f7b3a5406c91e8755c50ce932575e34db68925452587b0ab77d6,4ce67a52451597cfc11fd97edf40aa34eb1b5c997198bd1076c33fe083bdd43e,b828baff1fb9f67c70b6dbea3cba487e81abd07d2e9720c22549cc121a9cf9ad,32821079a74fe63f445d951a557ad18447fced01821fc77b6b8d137d2fe48881,0.36937641699478263
3,nll,0.75,0.05,r3_nll_sigma0.75_lr0.05,118,ok,,0.5725825769096967,6.248890259753281,36,0.00019482000488590964,236.207429191706,0.04601793250921632,0.04601793250921632,f9372f8f74b3a18b86f9a9dd960278381003e836073cde71119d3b892dde9434,7bd60133923f8534362210d3aca0aff74ce000224bd76127dd7b0bce56ccb362,605f62e239322f5313d845a2d699f250ce6a7e0825aa8e661c4d9f8dc5f782d9,ffdd2708cda2855a18fd4a81398631fadb59f1610b8dd3d36eefe8f678572c16,0.3712367499974789
3,nll,0.75,0.05,r3_nll_sigma0.75_lr0.05,119,ok,,0.4304456871637306,6.0394038314196585,36,9.595028120692245e-05,439.71952038519385,0.04219121163313242,0.04219121163313242,9cc5a5818d004f0f1492c246ba3ab8685b2df3f7dfd15cdf113ebebec42d8dee,64ada1b3e94d843469b9e745b7a15decfea54282d3d3fdc06c17e9cdcea8dc5b,ca428a2d600b7cd0b47722decaa3f8e1a32769793f46a3ced6ba5f9ab631e1f2,01bf4e2b10f88360652600d185a9d719f05502f25f089d70da96eafa7fe4dfe3,0.37569416699989233
3,nll,0.75,0.05,r3_nll_sigma0.75_lr0.05,120,ok,,0.3547971733965881,6.079738460128141,36,0.00032027787155427384,161.50740510743805,0.05172724794806411,0.05172724794806412,69e5aaf107b63f46b6b057dfe99d3189e4f485b9649136f1718f398f646e43c6,d8e50e695e49ac02b6f76daee1d39919959a4aa8a84f49c7d93d5a5dc3caa2ff,5604d0b01aa38439978ff828fd8b23f34f58aaa29f9fc4cf46c8f2889862d932,dff4b17a330f664ec4d31f507c7603e7842ac94d65226c760d6e78cfa953aeb7,0.3750080000027083
3,nll,0.75,0.1,r3_nll_sigma0.75_lr0.1,111,ok,,0.43974559757021886,6.18851490588532,36,0.0001325461739268285,426.25671864745453,0.05649869716732471,0.05649869716732471,6f4599f803588363f7f3f06a30082972087391773f80fd6d7eb3eadc6484859e,28b0ebbf9be5e833a1d38468d7218b52b6eca83c2a9f1c6221ed279bc5fe306d,8fab7eb1dfc2006c517c0e7e9e69f75a99f3dc01832c43b11c9ba40c9bcd6823,ff013eda1d426d67006a334f6583897c614d689f5823b14c442be63e78bb3962,0.36917537500266917
3,nll,0.75,0.1,r3_nll_sigma0.75_lr0.1,112,ok,,0.32096299729967637,5.943906911357044,36,0.00013528247632043285,367.8965674623188,0.049769958676089666,0.049769958676089666,23158049f8a287709543a55b89f8943218b08cba397a67e034633640e70c99f6,ef7c966740418fd6a40b794df00c0c243906c71043c6b0f768b5a1adf85a9eef,02f04c05a341d11e3b57c54926b2dbae6a2e489c24a16657054478fda872ca64,3dd0b47c3c1ce23069083c16d0c2272714da54db5025db5646fd1228b010a5e8,0.3702403330025845
3,nll,0.75,0.1,r3_nll_sigma0.75_lr0.1,113,ok,,0.3527517622021186,5.937686870978739,36,0.0004774891012108186,146.15489010338845,0.06978736711303292,0.06978736711303292,1130bcd06d370ab57f1bc3a67409c755b267648b80a0f46e840060bb010d3ab8,c68fb172bb60d66f359aa28c9948d748b520f4271b111e5de41911067a4f354b,1d1668fc7ae6e962f5f3b23083b5cf8c2778125e6999c83b21749b59535e825c,db95c591d5ad7a1f08531cf0e04985b931fc730f28e8ed47b8c7c5d8ecd8db0c,0.3736215419994551
3,nll,0.75,0.1,r3_nll_sigma0.75_lr0.1,114,ok,,0.3949001860146466,6.062354840115915,36,0.00024176867907619467,224.00313090366538,0.0541569410675111,0.0541569410675111,c8a7a565f4c34afcedf377bd8a33aee023bbafec99430b278d5183f906311b3e,c33ca7855f00a693f1f0af550d168ba9c880c362927ac4b9858046f2d8b7a17c,38002117c0ffdb4a9624b0cd256b65181fc12e3321756df0d82b3aabebebd605,52ceac77e1e0c99a5de90b23d52d3e2f15eb08da92d5b6842d3e92834a138f22,0.3770542909987853
3,nll,0.75,0.1,r3_nll_sigma0.75_lr0.1,115,ok,,0.3796580390685972,5.956639659612892,36,0.0001543472902498278,261.35488892718064,0.040339418899455054,0.040339418899455054,21e3187a25ce542a7fda12331f6df5573b7aa9cfb19c4d6a1242f48e9ab77257,2979b01fffc02f60db951ba7c3ab40b94b411246fd1d648f7c1e046da8b55f29,20e1afcba9533c9a3cd05a6d7e63f13cc97f4d348c142d7f72917f8929ca02eb,c3a0cabd7487508470d585545f7b6a856897b0410105302f1b4d5c12944c190d,0.37093345900211716
3,nll,0.75,0.1,r3_nll_sigma0.75_lr0.1,116,ok,,0.60731175289257,6.269671531603557,36,0.0002493645985122239,237.53352729791817,0.05923245266783774,0.05923245266783774,b240340bda42b13e461b839e854e8931eb9b197c11fad589d1f07877b5a6c105,8944d8f9094422671c06b3f2af086555200354f4f465fe9295a66b6f28ee7466,a927dd1c515d66a61fb11e1c948c7e8042e5cfedc1c4b8d5dca9f3be9e46a7b7,0d285e8573294ff0f8d626c9d7c79b1ffa6d14fb3071ba7be902aa48627a1c7e,0.36876708299678285
3,nll,0.75,0.1,r3_nll_sigma0.75_lr0.1,117,ok,,0.4230530177884481,6.063392399263014,36,9.324095639102139e-05,458.07758806927876,0.04271159241287188,0.04271159241287188,2ff937c83d36f7b3a5406c91e8755c50ce932575e34db68925452587b0ab77d6,4ce67a52451597cfc11fd97edf40aa34eb1b5c997198bd1076c33fe083bdd43e,b828baff1fb9f67c70b6dbea3cba487e81abd07d2e9720c22549cc121a9cf9ad,32821079a74fe63f445d951a557ad18447fced01821fc77b6b8d137d2fe48881,0.3728859580005519
3,nll,0.75,0.1,r3_nll_sigma0.75_lr0.1,118,ok,,0.4108404391839932,6.125461205573856,36,0.00019482000488590964,236.207429191706,0.04601793250921632,0.04601793250921632,f9372f8f74b3a18b86f9a9dd960278381003e836073cde71119d3b892dde9434,7bd60133923f8534362210d3aca0aff74ce000224bd76127dd7b0bce56ccb362,605f62e239322f5313d845a2d699f250ce6a7e0825aa8e661c4d9f8dc5f782d9,ffdd2708cda2855a18fd4a81398631fadb59f1610b8dd3d36eefe8f678572c16,0.3741628749994561
3,nll,0.75,0.1,r3_nll_sigma0.75_lr0.1,119,ok,,0.42820535862893544,6.04850701246035,36,9.595028120692245e-05,439.71952038519385,0.04219121163313242,0.04219121163313242,9cc5a5818d004f0f1492c246ba3ab8685b2df3f7dfd15cdf113ebebec42d8dee,64ada1b3e94d843469b9e745b7a15decfea54282d3d3fdc06c17e9cdcea8dc5b,ca428a2d600b7cd0b47722decaa3f8e1a32769793f46a3ced6ba5f9ab631e1f2,01bf4e2b10f88360652600d185a9d719f05502f25f089d70da96eafa7fe4dfe3,0.3682954169998993
3,nll,0.75,0.1,r3_nll_sigma0.75_lr0.1,120,ok,,0.36836415651981547,6.071527349840777,36,0.00032027787155427384,161.50740510743805,0.05172724794806411,0.05172724794806412,69e5aaf107b63f46b6b057dfe99d3189e4f485b9649136f1718f398f646e43c6,d8e50e695e49ac02b6f76daee1d39919959a4aa8a84f49c7d93d5a5dc3caa2ff,5604d0b01aa38439978ff828fd8b23f34f58aaa29f9fc4cf46c8f2889862d932,dff4b17a330f664ec4d31f507c7603e7842ac94d65226c760d6e78cfa953aeb7,0.3703861250032787
3,nll,0.75,0.2,r3_nll_sigma0.75_lr0.2,111,ok,,0.4589903917286781,6.173351670056631,36,0.0001325461739268285,426.25671864745453,0.05649869716732471,0.05649869716732471,6f4599f803588363f7f3f06a30082972087391773f80fd6d7eb3eadc6484859e,28b0ebbf9be5e833a1d38468d7218b52b6eca83c2a9f1c6221ed279bc5fe306d,8fab7eb1dfc2006c517c0e7e9e69f75a99f3dc01832c43b11c9ba40c9bcd6823,ff013eda1d426d67006a334f6583897c614d689f5823b14c442be63e78bb3962,0.3734017919996404
3,nll,0.75,0.2,r3_nll_sigma0.75_lr0.2,112,ok,,0.4310937880903702,6.067496592618722,36,0.00013528247632043285,367.8965674623188,0.049769958676089666,0.049769958676089666,23158049f8a287709543a55b89f8943218b08cba397a67e034633640e70c99f6,ef7c966740418fd6a40b794df00c0c243906c71043c6b0f768b5a1adf85a9eef,02f04c05a341d11e3b57c54926b2dbae6a2e489c24a16657054478fda872ca64,3dd0b47c3c1ce23069083c16d0c2272714da54db5025db5646fd1228b010a5e8,0.3740108339989092
3,nll,0.75,0.2,r3_nll_sigma0.75_lr0.2,113,ok,,0.5399932786148438,6.144376222494193,36,0.0004774891012108186,146.15489010338845,0.06978736711303292,0.06978736711303292,1130bcd06d370ab57f1bc3a67409c755b267648b80a0f46e840060bb010d3ab8,c68fb172bb60d66f359aa28c9948d748b520f4271b111e5de41911067a4f354b,1d1668fc7ae6e962f5f3b23083b5cf8c2778125e6999c83b21749b59535e825c,db95c591d5ad7a1f08531cf0e04985b931fc730f28e8ed47b8c7c5d8ecd8db0c,0.3697301670035813
3,nll,0.75,0.2,r3_nll_sigma0.75_lr0.2,114,ok,,0.5687860673552938,6.244239238971894,36,0.00024176867907619467,224.00313090366538,0.0541569410675111,0.0541569410675111,c8a7a565f4c34afcedf377bd8a33aee023bbafec99430b278d5183f906311b3e,c33ca7855f00a693f1f0af550d168ba9c880c362927ac4b9858046f2d8b7a17c,38002117c0ffdb4a9624b0cd256b65181fc12e3321756df0d82b3aabebebd605,52ceac77e1e0c99a5de90b23d52d3e2f15eb08da92d5b6842d3e92834a138f22,0.37005104199488414
3,nll,0.75,0.2,r3_nll_sigma0.75_lr0.2,115,ok,,0.8332440183380985,6.397803952319898,36,0.0001543472902498278,261.35488892718064,0.040339418899455054,0.040339418899455054,21e3187a25ce542a7fda12331f6df5573b7aa9cfb19c4d6a1242f48e9ab77257,2979b01fffc02f60db951ba7c3ab40b94b411246fd1d648f7c1e046da8b55f29,20e1afcba9533c9a3cd05a6d7e63f13cc97f4d348c142d7f72917f8929ca02eb,c3a0cabd7487508470d585545f7b6a856897b0410105302f1b4d5c12944c190d,0.3762024589959765
3,nll,0.75,0.2,r3_nll_sigma0.75_lr0.2,116,ok,,0.36757723559920824,6.039665279183258,36,0.0002493645985122239,237.53352729791817,0.05923245266783774,0.05923245266783774,b240340bda42b13e461b839e854e8931eb9b197c11fad589d1f07877b5a6c105,8944d8f9094422671c06b3f2af086555200354f4f465fe9295a66b6f28ee7466,a927dd1c515d66a61fb11e1c948c7e8042e5cfedc1c4b8d5dca9f3be9e46a7b7,0d285e8573294ff0f8d626c9d7c79b1ffa6d14fb3071ba7be902aa48627a1c7e,0.3728100410007755
3,nll,0.75,0.2,r3_nll_sigma0.75_lr0.2,117,ok,,0.39323907071003505,6.034319419045397,36,9.324095639102139e-05,458.07758806927876,0.04271159241287188,0.04271159241287188,2ff937c83d36f7b3a5406c91e8755c50ce932575e34db68925452587b0ab77d6,4ce67a52451597cfc11fd97edf40aa34eb1b5c997198bd1076c33fe083bdd43e,b828baff1fb9f67c70b6dbea3cba487e81abd07d2e9720c22549cc121a9cf9ad,32821079a74fe63f445d951a557ad18447fced01821fc77b6b8d137d2fe48881,0.37014283299504314
3,nll,0.75,0.2,r3_nll_sigma0.75_lr0.2,118,ok,,0.5765330407133922,6.3012346140707285,36,0.00019482000488590964,236.207429191706,0.04601793250921632,0.04601793250921632,f9372f8f74b3a18b86f9a9dd960278381003e836073cde71119d3b892dde9434,7bd60133923f8534362210d3aca0aff74ce000224bd76127dd7b0bce56ccb362,605f62e239322f5313d845a2d699f250ce6a7e0825aa8e661c4d9f8dc5f782d9,ffdd2708cda2855a18fd4a81398631fadb59f1610b8dd3d36eefe8f678572c16,0.36929925000004005
3,nll,0.75,0.2,r3_nll_sigma0.75_lr0.2,119,ok,,0.38274114131073633,6.008399170642786,36,9.595028120692245e-05,439.71952038519385,0.04219121163313242,0.04219121163313242,9cc5a5818d004f0f1492c246ba3ab8685b2df3f7dfd15cdf113ebebec42d8dee,64ada1b3e94d843469b9e745b7a15decfea54282d3d3fdc06c17e9cdcea8dc5b,ca428a2d600b7cd0b47722decaa3f8e1a32769793f46a3ced6ba5f9ab631e1f2,01bf4e2b10f88360652600d185a9d719f05502f25f089d70da96eafa7fe4dfe3,0.3758115419987007
3,nll,0.75,0.2,r3_nll_sigma0.75_lr0.2,120,ok,,0.4021936951505453,6.087782775615665,36,0.00032027787155427384,161.50740510743805,0.05172724794806411,0.05172724794806412,69e5aaf107b63f46b6b057dfe99d3189e4f485b9649136f1718f398f646e43c6,d8e50e695e49ac02b6f76daee1d39919959a4aa8a84f49c7d93d5a5dc3caa2ff,5604d0b01aa38439978ff828fd8b23f34f58aaa29f9fc4cf46c8f2889862d932,dff4b17a330f664ec4d31f507c7603e7842ac94d65226c760d6e78cfa953aeb7,0.37643158299761126
3,parity,0.75,0.005,r3_parity_sigma0.75_lr0.005,111,ok,,0.7714403330310122,6.53864619082462,36,1.0,0.05649869716732471,0.05649869716732471,0.05649869716732471,6f4599f803588363f7f3f06a30082972087391773f80fd6d7eb3eadc6484859e,28b0ebbf9be5e833a1d38468d7218b52b6eca83c2a9f1c6221ed279bc5fe306d,8fab7eb1dfc2006c517c0e7e9e69f75a99f3dc01832c43b11c9ba40c9bcd6823,ff013eda1d426d67006a334f6583897c614d689f5823b14c442be63e78bb3962,0.4677593330052332
3,parity,0.75,0.005,r3_parity_sigma0.75_lr0.005,112,ok,,0.8952409882972301,6.506419097370148,36,1.0,0.049769958676089666,0.049769958676089666,0.049769958676089666,23158049f8a287709543a55b89f8943218b08cba397a67e034633640e70c99f6,ef7c966740418fd6a40b794df00c0c243906c71043c6b0f768b5a1adf85a9eef,02f04c05a341d11e3b57c54926b2dbae6a2e489c24a16657054478fda872ca64,3dd0b47c3c1ce23069083c16d0c2272714da54db5025db5646fd1228b010a5e8,0.46789870799693745
3,parity,0.75,0.005,r3_parity_sigma0.75_lr0.005,113,ok,,0.9061493160169714,6.5073075229576025,36,1.0,0.06978736711303292,0.06978736711303292,0.06978736711303292,1130bcd06d370ab57f1bc3a67409c755b267648b80a0f46e840060bb010d3ab8,c68fb172bb60d66f359aa28c9948d748b520f4271b111e5de41911067a4f354b,1d1668fc7ae6e962f5f3b23083b5cf8c2778125e6999c83b21749b59535e825c,db95c591d5ad7a1f08531cf0e04985b931fc730f28e8ed47b8c7c5d8ecd8db0c,0.46898008300195215
3,parity,0.75,0.005,r3_parity_sigma0.75_lr0.005,114,ok,,0.8694187361058638,6.594497922748707,36,1.0,0.0541569410675111,0.0541569410675111,0.0541569410675111,c8a7a565f4c34afcedf377bd8a33aee023bbafec99430b278d5183f906311b3e,c33ca7855f00a693f1f0af550d168ba9c880c362927ac4b9858046f2d8b7a17c,38002117c0ffdb4a9624b0cd256b65181fc12e3321756df0d82b3aabebebd605,52ceac77e1e0c99a5de90b23d52d3e2f15eb08da92d5b6842d3e92834a138f22,0.4725797919963952
3,parity,0.75,0.005,r3_parity_sigma0.75_lr0.005,115,ok,,0.7466784929257886,6.330987465944629,36,1.0,0.040339418899455054,0.040339418899455054,0.040339418899455054,21e3187a25ce542a7fda12331f6df5573b7aa9cfb19c4d6a1242f48e9ab77257,2979b01fffc02f60db951ba7c3ab40b94b411246fd1d648f7c1e046da8b55f29,20e1afcba9533c9a3cd05a6d7e63f13cc97f4d348c142d7f72917f8929ca02eb,c3a0cabd7487508470d585545f7b6a856897b0410105302f1b4d5c12944c190d,0.4677003329998115
3,parity,0.75,0.005,r3_parity_sigma0.75_lr0.005,116,ok,,0.7086090825830039,6.40526730068884,36,1.0,0.05923245266783774,0.05923245266783774,0.05923245266783774,b240340bda42b13e461b839e854e8931eb9b197c11fad589d1f07877b5a6c105,8944d8f9094422671c06b3f2af086555200354f4f465fe9295a66b6f28ee7466,a927dd1c515d66a61fb11e1c948c7e8042e5cfedc1c4b8d5dca9f3be9e46a7b7,0d285e8573294ff0f8d626c9d7c79b1ffa6d14fb3071ba7be902aa48627a1c7e,0.4665740830023424
3,parity,0.75,0.005,r3_parity_sigma0.75_lr0.005,117,ok,,0.9357545988782636,6.572868096847667,36,1.0,0.04271159241287188,0.04271159241287188,0.04271159241287188,2ff937c83d36f7b3a5406c91e8755c50ce932575e34db68925452587b0ab77d6,4ce67a52451597cfc11fd97edf40aa34eb1b5c997198bd1076c33fe083bdd43e,b828baff1fb9f67c70b6dbea3cba487e81abd07d2e9720c22549cc121a9cf9ad,32821079a74fe63f445d951a557ad18447fced01821fc77b6b8d137d2fe48881,0.47148229100275785
3,parity,0.75,0.005,r3_parity_sigma0.75_lr0.005,118,ok,,0.818984127605665,6.546830524324973,36,1.0,0.04601793250921632,0.04601793250921632,0.04601793250921632,f9372f8f74b3a18b86f9a9dd960278381003e836073cde71119d3b892dde9434,7bd60133923f8534362210d3aca0aff74ce000224bd76127dd7b0bce56ccb362,605f62e239322f5313d845a2d699f250ce6a7e0825aa8e661c4d9f8dc5f782d9,ffdd2708cda2855a18fd4a81398631fadb59f1610b8dd3d36eefe8f678572c16,0.4713652920036111
3,parity,0.75,0.005,r3_parity_sigma0.75_lr0.005,119,ok,,0.5801668872263418,6.1986658206518666,36,1.0,0.04219121163313242,0.04219121163313242,0.04219121163313242,9cc5a5818d004f0f1492c246ba3ab8685b2df3f7dfd15cdf113ebebec42d8dee,64ada1b3e94d843469b9e745b7a15decfea54282d3d3fdc06c17e9cdcea8dc5b,ca428a2d600b7cd0b47722decaa3f8e1a32769793f46a3ced6ba5f9ab631e1f2,01bf4e2b10f88360652600d185a9d719f05502f25f089d70da96eafa7fe4dfe3,0.46505462499771966
3,parity,0.75,0.005,r3_parity_sigma0.75_lr0.005,120,ok,,0.5633664289192687,6.286013037577254,36,1.0,0.05172724794806411,0.05172724794806411,0.05172724794806411,69e5aaf107b63f46b6b057dfe99d3189e4f485b9649136f1718f398f646e43c6,d8e50e695e49ac02b6f76daee1d39919959a4aa8a84f49c7d93d5a5dc3caa2ff,5604d0b01aa38439978ff828fd8b23f34f58aaa29f9fc4cf46c8f2889862d932,dff4b17a330f664ec4d31f507c7603e7842ac94d65226c760d6e78cfa953aeb7,0.4659207919976325
3,parity,0.75,0.01,r3_parity_sigma0.75_lr0.01,111,ok,,0.46804870305129975,6.225459122420474,36,1.0,0.05649869716732471,0.05649869716732471,0.05649869716732471,6f4599f803588363f7f3f06a30082972087391773f80fd6d7eb3eadc6484859e,28b0ebbf9be5e833a1d38468d7218b52b6eca83c2a9f1c6221ed279bc5fe306d,8fab7eb1dfc2006c517c0e7e9e69f75a99f3dc01832c43b11c9ba40c9bcd6823,ff013eda1d426d67006a334f6583897c614d689f5823b14c442be63e78bb3962,0.46764429099857807
3,parity,0.75,0.01,r3_parity_sigma0.75_lr0.01,112,ok,,0.3958457787890228,6.012841651625061,36,1.0,0.049769958676089666,0.049769958676089666,0.049769958676089666,23158049f8a287709543a55b89f8943218b08cba397a67e034633640e70c99f6,ef7c966740418fd6a40b794df00c0c243906c71043c6b0f768b5a1adf85a9eef,02f04c05a341d11e3b57c54926b2dbae6a2e489c24a16657054478fda872ca64,3dd0b47c3c1ce23069083c16d0c2272714da54db5025db5646fd1228b010a5e8,0.4709208329950343
3,parity,0.75,0.01,r3_parity_sigma0.75_lr0.01,113,ok,,0.4437645957802788,6.052926582150989,36,1.0,0.06978736711303292,0.06978736711303292,0.06978736711303292,1130bcd06d370ab57f1bc3a67409c755b267648b80a0f46e840060bb010d3ab8,c68fb172bb60d66f359aa28c9948d748b520f4271b111e5de41911067a4f354b,1d1668fc7ae6e962f5f3b23083b5cf8c2778125e6999c83b21749b59535e825c,db95c591d5ad7a1f08531cf0e04985b931fc730f28e8ed47b8c7c5d8ecd8db0c,0.46419095800229115
3,parity,0.75,0.01,r3_parity_sigma0.75_lr0.01,114,ok,,0.5350274912363786,6.249972979039922,36,1.0,0.0541569410675111,0.0541569410675111,0.0541569410675111,c8a7a565f4c34afcedf377bd8a33aee023bbafec99430b278d5183f906311b3e,c33ca7855f00a693f1f0af550d168ba9c880c362927ac4b9858046f2d8b7a17c,38002117c0ffdb4a9624b0cd256b65181fc12e3321756df0d82b3aabebebd605,52ceac77e1e0c99a5de90b23d52d3e2f15eb08da92d5b6842d3e92834a138f22,0.4676443329954054
3,parity,0.75,0.01,r3_parity_sigma0.75_lr0.01,115,ok,,0.5401942612153432,6.10031817676884,36,1.0,0.040339418899455054,0.040339418899455054,0.040339418899455054,21e3187a25ce542a7fda12331f6df5573b7aa9cfb19c4d6a1242f48e9ab77257,2979b01fffc02f60db951ba7c3ab40b94b411246fd1d648f7c1e046da8b55f29,20e1afcba9533c9a3cd05a6d7e63f13cc97f4d348c142d7f72917f8929ca02eb,c3a0cabd7487508470d585545f7b6a856897b0410105302f1b4d5c12944c190d,0.4702796249985113
3,parity,0.75,0.01,r3_parity_sigma0.75_lr0.01,116,ok,,0.5846079753445168,6.276322404607019,36,1.0,0.05923245266783774,0.05923245266783774,0.05923245266783774,b240340bda42b13e461b839e854e8931eb9b197c11fad589d1f07877b5a6c105,8944d8f9094422671c06b3f2af086555200354f4f465fe9295a66b6f28ee7466,a927dd1c515d66a61fb11e1c948c7e8042e5cfedc1c4b8d5dca9f3be9e46a7b7,0d285e8573294ff0f8d626c9d7c79b1ffa6d14fb3071ba7be902aa48627a1c7e,0.4727501250017667
3,parity,0.75,0.01,r3_parity_sigma0.75_lr0.01,117,ok,,0.582946921940896,6.189892764651222,36,1.0,0.04271159241287188,0.04271159241287188,0.04271159241287188,2ff937c83d36f7b3a5406c91e8755c50ce932575e34db68925452587b0ab77d6,4ce67a52451597cfc11fd97edf40aa34eb1b5c997198bd1076c33fe083bdd43e,b828baff1fb9f67c70b6dbea3cba487e81abd07d2e9720c22549cc121a9cf9ad,32821079a74fe63f445d951a557ad18447fced01821fc77b6b8d137d2fe48881,0.4651328330000979
3,parity,0.75,0.01,r3_parity_sigma0.75_lr0.01,118,ok,,0.5517604786396756,6.259253310308876,36,1.0,0.04601793250921632,0.04601793250921632,0.04601793250921632,f9372f8f74b3a18b86f9a9dd960278381003e836073cde71119d3b892dde9434,7bd60133923f8534362210d3aca0aff74ce000224bd76127dd7b0bce56ccb362,605f62e239322f5313d845a2d699f250ce6a7e0825aa8e661c4d9f8dc5f782d9,ffdd2708cda2855a18fd4a81398631fadb59f1610b8dd3d36eefe8f678572c16,0.46835524999914924
3,parity,0.75,0.01,r3_parity_sigma0.75_lr0.01,119,ok,,0.44130075612034436,6.049602238481869,36,1.0,0.04219121163313242,0.04219121163313242,0.04219121163313242,9cc5a5818d004f0f1492c246ba3ab8685b2df3f7dfd15cdf113ebebec42d8dee,64ada1b3e94d843469b9e745b7a15decfea54282d3d3fdc06c17e9cdcea8dc5b,ca428a2d600b7cd0b47722decaa3f8e1a32769793f46a3ced6ba5f9ab631e1f2,01bf4e2b10f88360652600d185a9d719f05502f25f089d70da96eafa7fe4dfe3,0.47143387499818346
3,parity,0.75,0.01,r3_parity_sigma0.75_lr0.01,120,ok,,0.4786990857190171,6.1901890890815725,36,1.0,0.05172724794806411,0.05172724794806411,0.05172724794806411,69e5aaf107b63f46b6b057dfe99d3189e4f485b9649136f1718f398f646e43c6,d8e50e695e49ac02b6f76daee1d39919959a4aa8a84f49c7d93d5a5dc3caa2ff,5604d0b01aa38439978ff828fd8b23f34f58aaa29f9fc4cf46c8f2889862d932,dff4b17a330f664ec4d31f507c7603e7842ac94d65226c760d6e78cfa953aeb7,0.47215587500249967
3,parity,0.75,0.02,r3_parity_sigma0.75_lr0.02,111,ok,,0.42967857126194675,6.2241277767124865,36,1.0,0.05649869716732471,0.05649869716732471,0.05649869716732471,6f4599f803588363f7f3f06a30082972087391773f80fd6d7eb3eadc6484859e,28b0ebbf9be5e833a1d38468d7218b52b6eca83c2a9f1c6221ed279bc5fe306d,8fab7eb1dfc2006c517c0e7e9e69f75a99f3dc01832c43b11c9ba40c9bcd6823,ff013eda1d426d67006a334f6583897c614d689f5823b14c442be63e78bb3962,0.4688182500030962
3,parity,0.75,0.02,r3_parity_sigma0.75_lr0.02,112,ok,,0.38302184918421917,6.02125041973187,36,1.0,0.049769958676089666,0.049769958676089666,0.049769958676089666,23158049f8a287709543a55b89f8943218b08cba397a67e034633640e70c99f6,ef7c966740418fd6a40b794df00c0c243906c71043c6b0f768b5a1adf85a9eef,02f04c05a341d11e3b57c54926b2dbae6a2e489c24a16657054478fda872ca64,3dd0b47c3c1ce23069083c16d0c2272714da54db5025db5646fd1228b010a5e8,0.46762808399944333
3,parity,0.75,0.02,r3_parity_sigma0.75_lr0.02,113,ok,,0.37258855617418396,5.960344400658457,36,1.0,0.06978736711303292,0.06978736711303292,0.06978736711303292,1130bcd06d370ab57f1bc3a67409c755b267648b80a0f46e840060bb010d3ab8,c68fb172bb60d66f359aa28c9948d748b520f4271b111e5de41911067a4f354b,1d1668fc7ae6e962f5f3b23083b5cf8c2778125e6999c83b21749b59535e825c,db95c591d5ad7a1f08531cf0e04985b931fc730f28e8ed47b8c7c5d8ecd8db0c,0.47375833299884107
3,parity,0.75,0.02,r3_parity_sigma0.75_lr0.02,114,ok,,0.371424157027311,6.071426965403514,36,1.0,0.0541569410675111,0.0541569410675111,0.0541569410675111,c8a7a565f4c34afcedf377bd8a33aee023bbafec99430b278d5183f906311b3e,c33ca7855f00a693f1f0af550d168ba9c880c362927ac4b9858046f2d8b7a17c,38002117c0ffdb4a9624b0cd256b65181fc12e3321756df0d82b3aabebebd605,52ceac77e1e0c99a5de90b23d52d3e2f15eb08da92d5b6842d3e92834a138f22,0.47553899999911664
3,parity,0.75,0.02,r3_parity_sigma0.75_lr0.02,115,ok,,0.4564159026845172,6.011900996566961,36,1.0,0.040339418899455054,0.040339418899455054,0.040339418899455054,21e3187a25ce542a7fda12331f6df5573b7aa9cfb19c4d6a1242f48e9ab77257,2979b01fffc02f60db951ba7c3ab40b94b411246fd1d648f7c1e046da8b55f29,20e1afcba9533c9a3cd05a6d7e63f13cc97f4d348c142d7f72917f8929ca02eb,c3a0cabd7487508470d585545f7b6a856897b0410105302f1b4d5c12944c190d,0.46580920799897285
3,parity,0.75,0.02,r3_parity_sigma0.75_lr0.02,116,ok,,0.5763215606375187,6.284379520261878,36,1.0,0.05923245266783774,0.05923245266783774,0.05923245266783774,b240340bda42b13e461b839e854e8931eb9b197c11fad589d1f07877b5a6c105,8944d8f9094422671c06b3f2af086555200354f4f465fe9295a66b6f28ee7466,a927dd1c515d66a61fb11e1c948c7e8042e5cfedc1c4b8d5dca9f3be9e46a7b7,0d285e8573294ff0f8d626c9d7c79b1ffa6d14fb3071ba7be902aa48627a1c7e,0.4661830410041148
3,parity,0.75,0.02,r3_parity_sigma0.75_lr0.02,117,ok,,0.36275407929648196,6.023220144557288,36,1.0,0.04271159241287188,0.04271159241287188,0.04271159241287188,2ff937c83d36f7b3a5406c91e8755c50ce932575e34db68925452587b0ab77d6,4ce67a52451597cfc11fd97edf40aa34eb1b5c997198bd1076c33fe083bdd43e,b828baff1fb9f67c70b6dbea3cba487e81abd07d2e9720c22549cc121a9cf9ad,32821079a74fe63f445d951a557ad18447fced01821fc77b6b8d137d2fe48881,0.4715725409987499
3,parity,0.75,0.02,r3_parity_sigma0.75_lr0.02,118,ok,,0.2781156117082647,5.97889161817608,36,1.0,0.04601793250921632,0.04601793250921632,0.04601793250921632,f9372f8f74b3a18b86f9a9dd960278381003e836073cde71119d3b892dde9434,7bd60133923f8534362210d3aca0aff74ce000224bd76127dd7b0bce56ccb362,605f62e239322f5313d845a2d699f250ce6a7e0825aa8e661c4d9f8dc5f782d9,ffdd2708cda2855a18fd4a81398631fadb59f1610b8dd3d36eefe8f678572c16,0.47587224999733735
3,parity,0.75,0.02,r3_parity_sigma0.75_lr0.02,119,ok,,0.436593254910263,6.041750921752173,36,1.0,0.04219121163313242,0.04219121163313242,0.04219121163313242,9cc5a5818d004f0f1492c246ba3ab8685b2df3f7dfd15cdf113ebebec42d8dee,64ada1b3e94d843469b9e745b7a15decfea54282d3d3fdc06c17e9cdcea8dc5b,ca428a2d600b7cd0b47722decaa3f8e1a32769793f46a3ced6ba5f9ab631e1f2,01bf4e2b10f88360652600d185a9d719f05502f25f089d70da96eafa7fe4dfe3,0.4686842919982155
3,parity,0.75,0.02,r3_parity_sigma0.75_lr0.02,120,ok,,0.36207874746588786,6.06920373533284,36,1.0,0.05172724794806411,0.05172724794806411,0.05172724794806411,69e5aaf107b63f46b6b057dfe99d3189e4f485b9649136f1718f398f646e43c6,d8e50e695e49ac02b6f76daee1d39919959a4aa8a84f49c7d93d5a5dc3caa2ff,5604d0b01aa38439978ff828fd8b23f34f58aaa29f9fc4cf46c8f2889862d932,dff4b17a330f664ec4d31f507c7603e7842ac94d65226c760d6e78cfa953aeb7,0.46626541699515656
3,parity,0.75,0.05,r3_parity_sigma0.75_lr0.05,111,ok,,0.39197798329573685,6.13092403560638,36,1.0,0.05649869716732471,0.05649869716732471,0.05649869716732471,6f4599f803588363f7f3f06a30082972087391773f80fd6d7eb3eadc6484859e,28b0ebbf9be5e833a1d38468d7218b52b6eca83c2a9f1c6221ed279bc5fe306d,8fab7eb1dfc2006c517c0e7e9e69f75a99f3dc01832c43b11c9ba40c9bcd6823,ff013eda1d426d67006a334f6583897c614d689f5823b14c442be63e78bb3962,0.47006304200476734
3,parity,0.75,0.05,r3_parity_sigma0.75_lr0.05,112,ok,,0.3142796690660561,5.959116262401583,36,1.0,0.049769958676089666,0.049769958676089666,0.049769958676089666,23158049f8a287709543a55b89f8943218b08cba397a67e034633640e70c99f6,ef7c966740418fd6a40b794df00c0c243906c71043c6b0f768b5a1adf85a9eef,02f04c05a341d11e3b57c54926b2dbae6a2e489c24a16657054478fda872ca64,3dd0b47c3c1ce23069083c16d0c2272714da54db5025db5646fd1228b010a5e8,0.47331516700069187
3,parity,0.75,0.05,r3_parity_sigma0.75_lr0.05,113,ok,,0.31268791633588594,5.88117338284916,36,1.0,0.06978736711303292,0.06978736711303292,0.06978736711303292,1130bcd06d370ab57f1bc3a67409c755b267648b80a0f46e840060bb010d3ab8,c68fb172bb60d66f359aa28c9948d748b520f4271b111e5de41911067a4f354b,1d1668fc7ae6e962f5f3b23083b5cf8c2778125e6999c83b21749b59535e825c,db95c591d5ad7a1f08531cf0e04985b931fc730f28e8ed47b8c7c5d8ecd8db0c,0.4663769170001615
3,parity,0.75,0.05,r3_parity_sigma0.75_lr0.05,114,ok,,0.3814680774229199,6.076583613622635,36,1.0,0.0541569410675111,0.0541569410675111,0.0541569410675111,c8a7a565f4c34afcedf377bd8a33aee023bbafec99430b278d5183f906311b3e,c33ca7855f00a693f1f0af550d168ba9c880c362927ac4b9858046f2d8b7a17c,38002117c0ffdb4a9624b0cd256b65181fc12e3321756df0d82b3aabebebd605,52ceac77e1e0c99a5de90b23d52d3e2f15eb08da92d5b6842d3e92834a138f22,0.46813187500083586
3,parity,0.75,0.05,r3_parity_sigma0.75_lr0.05,115,ok,,0.45925494304223335,6.009923110031563,36,1.0,0.040339418899455054,0.040339418899455054,0.040339418899455054,21e3187a25ce542a7fda12331f6df5573b7aa9cfb19c4d6a1242f48e9ab77257,2979b01fffc02f60db951ba7c3ab40b94b411246fd1d648f7c1e046da8b55f29,20e1afcba9533c9a3cd05a6d7e63f13cc97f4d348c142d7f72917f8929ca02eb,c3a0cabd7487508470d585545f7b6a856897b0410105302f1b4d5c12944c190d,0.47128520799742546
3,parity,0.75,0.05,r3_parity_sigma0.75_lr0.05,116,ok,,0.4890572651597515,6.177782415476729,36,1.0,0.05923245266783774,0.05923245266783774,0.05923245266783774,b240340bda42b13e461b839e854e8931eb9b197c11fad589d1f07877b5a6c105,8944d8f9094422671c06b3f2af086555200354f4f465fe9295a66b6f28ee7466,a927dd1c515d66a61fb11e1c948c7e8042e5cfedc1c4b8d5dca9f3be9e46a7b7,0d285e8573294ff0f8d626c9d7c79b1ffa6d14fb3071ba7be902aa48627a1c7e,0.47258529100508895
3,parity,0.75,0.05,r3_parity_sigma0.75_lr0.05,117,ok,,0.3854447560995964,5.991007825450667,36,1.0,0.04271159241287188,0.04271159241287188,0.04271159241287188,2ff937c83d36f7b3a5406c91e8755c50ce932575e34db68925452587b0ab77d6,4ce67a52451597cfc11fd97edf40aa34eb1b5c997198bd1076c33fe083bdd43e,b828baff1fb9f67c70b6dbea3cba487e81abd07d2e9720c22549cc121a9cf9ad,32821079a74fe63f445d951a557ad18447fced01821fc77b6b8d137d2fe48881,0.46829033300309675
3,parity,0.75,0.05,r3_parity_sigma0.75_lr0.05,118,ok,,0.37100033941141886,6.120463389998608,36,1.0,0.04601793250921632,0.04601793250921632,0.04601793250921632,f9372f8f74b3a18b86f9a9dd960278381003e836073cde71119d3b892dde9434,7bd60133923f8534362210d3aca0aff74ce000224bd76127dd7b0bce56ccb362,605f62e239322f5313d845a2d699f250ce6a7e0825aa8e661c4d9f8dc5f782d9,ffdd2708cda2855a18fd4a81398631fadb59f1610b8dd3d36eefe8f678572c16,0.46980804100167006
3,parity,0.75,0.05,r3_parity_sigma0.75_lr0.05,119,ok,,0.49227412159175665,6.140928992050101,36,1.0,0.04219121163313242,0.04219121163313242,0.04219121163313242,9cc5a5818d004f0f1492c246ba3ab8685b2df3f7dfd15cdf113ebebec42d8dee,64ada1b3e94d843469b9e745b7a15decfea54282d3d3fdc06c17e9cdcea8dc5b,ca428a2d600b7cd0b47722decaa3f8e1a32769793f46a3ced6ba5f9ab631e1f2,01bf4e2b10f88360652600d185a9d719f05502f25f089d70da96eafa7fe4dfe3,0.4702796249985113
3,parity,0.75,0.05,r3_parity_sigma0.75_lr0.05,120,ok,,0.3230090941708139,6.037378019667208,36,1.0,0.05172724794806411,0.05172724794806411,0.05172724794806411,69e5aaf107b63f46b6b057dfe99d3189e4f485b9649136f1718f398f646e43c6,d8e50e695e49ac02b6f76daee1d39919959a4aa8a84f49c7d93d5a5dc3caa2ff,5604d0b01aa38439978ff828fd8b23f34f58aaa29f9fc4cf46c8f2889862d932,dff4b17a330f664ec4d31f507c7603e7842ac94d65226c760d6e78cfa953aeb7,0.47473854100098833
3,parity,0.75,0.1,r3_parity_sigma0.75_lr0.1,111,ok,,0.30737527671910037,6.040522815374372,36,1.0,0.05649869716732471,0.05649869716732471,0.05649869716732471,6f4599f803588363f7f3f06a30082972087391773f80fd6d7eb3eadc6484859e,28b0ebbf9be5e833a1d38468d7218b52b6eca83c2a9f1c6221ed279bc5fe306d,8fab7eb1dfc2006c517c0e7e9e69f75a99f3dc01832c43b11c9ba40c9bcd6823,ff013eda1d426d67006a334f6583897c614d689f5823b14c442be63e78bb3962,0.4745131660019979
3,parity,0.75,0.1,r3_parity_sigma0.75_lr0.1,112,ok,,0.28960821785048013,5.914649339394055,36,1.0,0.049769958676089666,0.049769958676089666,0.049769958676089666,23158049f8a287709543a55b89f8943218b08cba397a67e034633640e70c99f6,ef7c966740418fd6a40b794df00c0c243906c71043c6b0f768b5a1adf85a9eef,02f04c05a341d11e3b57c54926b2dbae6a2e489c24a16657054478fda872ca64,3dd0b47c3c1ce23069083c16d0c2272714da54db5025db5646fd1228b010a5e8,0.47230633399885846
3,parity,0.75,0.1,r3_parity_sigma0.75_lr0.1,113,ok,,0.2959162067044476,5.8868701298801405,36,1.0,0.06978736711303292,0.06978736711303292,0.06978736711303292,1130bcd06d370ab57f1bc3a67409c755b267648b80a0f46e840060bb010d3ab8,c68fb172bb60d66f359aa28c9948d748b520f4271b111e5de41911067a4f354b,1d1668fc7ae6e962f5f3b23083b5cf8c2778125e6999c83b21749b59535e825c,db95c591d5ad7a1f08531cf0e04985b931fc730f28e8ed47b8c7c5d8ecd8db0c,0.47259245800523786
3,parity,0.75,0.1,r3_parity_sigma0.75_lr0.1,114,ok,,0.2941752333923108,5.987147095975964,36,1.0,0.0541569410675111,0.0541569410675111,0.0541569410675111,c8a7a565f4c34afcedf377bd8a33aee023bbafec99430b278d5183f906311b3e,c33ca7855f00a693f1f0af550d168ba9c880c362927ac4b9858046f2d8b7a17c,38002117c0ffdb4a9624b0cd256b65181fc12e3321756df0d82b3aabebebd605,52ceac77e1e0c99a5de90b23d52d3e2f15eb08da92d5b6842d3e92834a138f22,0.47344095799780916
3,parity,0.75,0.1,r3_parity_sigma0.75_lr0.1,115,ok,,0.49198140434462256,6.068778039469189,36,1.0,0.040339418899455054,0.040339418899455054,0.040339418899455054,21e3187a25ce542a7fda12331f6df5573b7aa9cfb19c4d6a1242f48e9ab77257,2979b01fffc02f60db951ba7c3ab40b94b411246fd1d648f7c1e046da8b55f29,20e1afcba9533c9a3cd05a6d7e63f13cc97f4d348c142d7f72917f8929ca02eb,c3a0cabd7487508470d585545f7b6a856897b0410105302f1b4d5c12944c190d,0.47089979099837365
3,parity,0.75,0.1,r3_parity_sigma0.75_lr0.1,116,ok,,0.39351084961868854,6.093157139616954,36,1.0,0.05923245266783774,0.05923245266783774,0.05923245266783774,b240340bda42b13e461b839e854e8931eb9b197c11fad589d1f07877b5a6c105,8944d8f9094422671c06b3f2af086555200354f4f465fe9295a66b6f28ee7466,a927dd1c515d66a61fb11e1c948c7e8042e5cfedc1c4b8d5dca9f3be9e46a7b7,0d285e8573294ff0f8d626c9d7c79b1ffa6d14fb3071ba7be902aa48627a1c7e,0.46897962499497226
3,parity,0.75,0.1,r3_parity_sigma0.75_lr0.1,117,ok,,0.3463273871687951,5.956494827851785,36,1.0,0.04271159241287188,0.04271159241287188,0.04271159241287188,2ff937c83d36f7b3a5406c91e8755c50ce932575e34db68925452587b0ab77d6,4ce67a52451597cfc11fd97edf40aa34eb1b5c997198bd1076c33fe083bdd43e,b828baff1fb9f67c70b6dbea3cba487e81abd07d2e9720c22549cc121a9cf9ad,32821079a74fe63f445d951a557ad18447fced01821fc77b6b8d137d2fe48881,0.4728010409962735
3,parity,0.75,0.1,r3_parity_sigma0.75_lr0.1,118,ok,,0.289851170118522,6.001964945179833,36,1.0,0.04601793250921632,0.04601793250921632,0.04601793250921632,f9372f8f74b3a18b86f9a9dd960278381003e836073cde71119d3b892dde9434,7bd60133923f8534362210d3aca0aff74ce000224bd76127dd7b0bce56ccb362,605f62e239322f5313d845a2d699f250ce6a7e0825aa8e661c4d9f8dc5f782d9,ffdd2708cda2855a18fd4a81398631fadb59f1610b8dd3d36eefe8f678572c16,0.4737691249974887
3,parity,0.75,0.1,r3_parity_sigma0.75_lr0.1,119,ok,,0.4168922304729425,6.055178580436298,36,1.0,0.04219121163313242,0.04219121163313242,0.04219121163313242,9cc5a5818d004f0f1492c246ba3ab8685b2df3f7dfd15cdf113ebebec42d8dee,64ada1b3e94d843469b9e745b7a15decfea54282d3d3fdc06c17e9cdcea8dc5b,ca428a2d600b7cd0b47722decaa3f8e1a32769793f46a3ced6ba5f9ab631e1f2,01bf4e2b10f88360652600d185a9d719f05502f25f089d70da96eafa7fe4dfe3,0.4698454999961541
3,parity,0.75,0.1,r3_parity_sigma0.75_lr0.1,120,ok,,0.2944217959636727,6.031309213057338,36,1.0,0.05172724794806411,0.05172724794806411,0.05172724794806411,69e5aaf107b63f46b6b057dfe99d3189e4f485b9649136f1718f398f646e43c6,d8e50e695e49ac02b6f76daee1d39919959a4aa8a84f49c7d93d5a5dc3caa2ff,5604d0b01aa38439978ff828fd8b23f34f58aaa29f9fc4cf46c8f2889862d932,dff4b17a330f664ec4d31f507c7603e7842ac94d65226c760d6e78cfa953aeb7,0.4720516250017681
3,parity,0.75,0.2,r3_parity_sigma0.75_lr0.2,111,ok,,0.3558261581753001,6.140463511620624,36,1.0,0.05649869716732471,0.05649869716732471,0.05649869716732471,6f4599f803588363f7f3f06a30082972087391773f80fd6d7eb3eadc6484859e,28b0ebbf9be5e833a1d38468d7218b52b6eca83c2a9f1c6221ed279bc5fe306d,8fab7eb1dfc2006c517c0e7e9e69f75a99f3dc01832c43b11c9ba40c9bcd6823,ff013eda1d426d67006a334f6583897c614d689f5823b14c442be63e78bb3962,0.5211037499975646
3,parity,0.75,0.2,r3_parity_sigma0.75_lr0.2,112,ok,,0.3488291390793096,5.96872030431895,36,1.0,0.049769958676089666,0.049769958676089666,0.049769958676089666,23158049f8a287709543a55b89f8943218b08cba397a67e034633640e70c99f6,ef7c966740418fd6a40b794df00c0c243906c71043c6b0f768b5a1adf85a9eef,02f04c05a341d11e3b57c54926b2dbae6a2e489c24a16657054478fda872ca64,3dd0b47c3c1ce23069083c16d0c2272714da54db5025db5646fd1228b010a5e8,0.531431249997695
3,parity,0.75,0.2,r3_parity_sigma0.75_lr0.2,113,ok,,0.33008995045064443,5.895863222431616,36,1.0,0.06978736711303292,0.06978736711303292,0.06978736711303292,1130bcd06d370ab57f1bc3a67409c755b267648b80a0f46e840060bb010d3ab8,c68fb172bb60d66f359aa28c9948d748b520f4271b111e5de41911067a4f354b,1d1668fc7ae6e962f5f3b23083b5cf8c2778125e6999c83b21749b59535e825c,db95c591d5ad7a1f08531cf0e04985b931fc730f28e8ed47b8c7c5d8ecd8db0c,0.525914208003087
3,parity,0.75,0.2,r3_parity_sigma0.75_lr0.2,114,ok,,0.3747102075403878,6.095006001621802,36,1.0,0.0541569410675111,0.0541569410675111,0.0541569410675111,c8a7a565f4c34afcedf377bd8a33aee023bbafec99430b278d5183f906311b3e,c33ca7855f00a693f1f0af550d168ba9c880c362927ac4b9858046f2d8b7a17c,38002117c0ffdb4a9624b0cd256b65181fc12e3321756df0d82b3aabebebd605,52ceac77e1e0c99a5de90b23d52d3e2f15eb08da92d5b6842d3e92834a138f22,0.5286892919975799
3,parity,0.75,0.2,r3_parity_sigma0.75_lr0.2,115,ok,,0.41522280338137435,5.975612211771084,36,1.0,0.040339418899455054,0.040339418899455054,0.040339418899455054,21e3187a25ce542a7fda12331f6df5573b7aa9cfb19c4d6a1242f48e9ab77257,2979b01fffc02f60db951ba7c3ab40b94b411246fd1d648f7c1e046da8b55f29,20e1afcba9533c9a3cd05a6d7e63f13cc97f4d348c142d7f72917f8929ca02eb,c3a0cabd7487508470d585545f7b6a856897b0410105302f1b4d5c12944c190d,0.48470012500183657
3,parity,0.75,0.2,r3_parity_sigma0.75_lr0.2,116,ok,,0.44386054435373007,6.151647990827542,36,1.0,0.05923245266783774,0.05923245266783774,0.05923245266783774,b240340bda42b13e461b839e854e8931eb9b197c11fad589d1f07877b5a6c105,8944d8f9094422671c06b3f2af086555200354f4f465fe9295a66b6f28ee7466,a927dd1c515d66a61fb11e1c948c7e8042e5cfedc1c4b8d5dca9f3be9e46a7b7,0d285e8573294ff0f8d626c9d7c79b1ffa6d14fb3071ba7be902aa48627a1c7e,0.47887099999934435
3,parity,0.75,0.2,r3_parity_sigma0.75_lr0.2,117,ok,,0.371107359181714,5.980173806250399,36,1.0,0.04271159241287188,0.04271159241287188,0.04271159241287188,2ff937c83d36f7b3a5406c91e8755c50ce932575e34db68925452587b0ab77d6,4ce67a52451597cfc11fd97edf40aa34eb1b5c997198bd1076c33fe083bdd43e,b828baff1fb9f67c70b6dbea3cba487e81abd07d2e9720c22549cc121a9cf9ad,32821079a74fe63f445d951a557ad18447fced01821fc77b6b8d137d2fe48881,0.46956608400068944
3,parity,0.75,0.2,r3_parity_sigma0.75_lr0.2,118,ok,,0.28406036354737335,6.010010210981347,36,1.0,0.04601793250921632,0.04601793250921632,0.04601793250921632,f9372f8f74b3a18b86f9a9dd960278381003e836073cde71119d3b892dde9434,7bd60133923f8534362210d3aca0aff74ce000224bd76127dd7b0bce56ccb362,605f62e239322f5313d845a2d699f250ce6a7e0825aa8e661c4d9f8dc5f782d9,ffdd2708cda2855a18fd4a81398631fadb59f1610b8dd3d36eefe8f678572c16,0.47236987500218675
3,parity,0.75,0.2,r3_parity_sigma0.75_lr0.2,119,ok,,0.42320645265247625,6.0606082463959545,36,1.0,0.04219121163313242,0.04219121163313242,0.04219121163313242,9cc5a5818d004f0f1492c246ba3ab8685b2df3f7dfd15cdf113ebebec42d8dee,64ada1b3e94d843469b9e745b7a15decfea54282d3d3fdc06c17e9cdcea8dc5b,ca428a2d600b7cd0b47722decaa3f8e1a32769793f46a3ced6ba5f9ab631e1f2,01bf4e2b10f88360652600d185a9d719f05502f25f089d70da96eafa7fe4dfe3,0.47654079199855914
3,parity,0.75,0.2,r3_parity_sigma0.75_lr0.2,120,ok,,0.32700693686884896,6.032375156933604,36,1.0,0.05172724794806411,0.05172724794806411,0.05172724794806411,69e5aaf107b63f46b6b057dfe99d3189e4f485b9649136f1718f398f646e43c6,d8e50e695e49ac02b6f76daee1d39919959a4aa8a84f49c7d93d5a5dc3caa2ff,5604d0b01aa38439978ff828fd8b23f34f58aaa29f9fc4cf46c8f2889862d932,dff4b17a330f664ec4d31f507c7603e7842ac94d65226c760d6e78cfa953aeb7,0.4763921250050771
3,spherical,0.75,0.005,r3_spherical_sigma0.75_lr0.005,111,ok,,0.3882739397990916,6.160679081806183,36,73.693613792643,0.0007666701937877431,0.05649869716732471,0.05649869716732471,6f4599f803588363f7f3f06a30082972087391773f80fd6d7eb3eadc6484859e,28b0ebbf9be5e833a1d38468d7218b52b6eca83c2a9f1c6221ed279bc5fe306d,8fab7eb1dfc2006c517c0e7e9e69f75a99f3dc01832c43b11c9ba40c9bcd6823,ff013eda1d426d67006a334f6583897c614d689f5823b14c442be63e78bb3962,0.376497917000961
3,spherical,0.75,0.005,r3_spherical_sigma0.75_lr0.005,112,ok,,0.5069498563508336,6.149690786864694,36,251.64612110612066,0.000197777571366186,0.049769958676089666,0.049769958676089666,23158049f8a287709543a55b89f8943218b08cba397a67e034633640e70c99f6,ef7c966740418fd6a40b794df00c0c243906c71043c6b0f768b5a1adf85a9eef,02f04c05a341d11e3b57c54926b2dbae6a2e489c24a16657054478fda872ca64,3dd0b47c3c1ce23069083c16d0c2272714da54db5025db5646fd1228b010a5e8,0.3741516669979319
3,spherical,0.75,0.005,r3_spherical_sigma0.75_lr0.005,113,ok,,0.5422662363045518,6.125791703524988,36,76.96070692614141,0.0009067921787673716,0.06978736711303292,0.06978736711303292,1130bcd06d370ab57f1bc3a67409c755b267648b80a0f46e840060bb010d3ab8,c68fb172bb60d66f359aa28c9948d748b520f4271b111e5de41911067a4f354b,1d1668fc7ae6e962f5f3b23083b5cf8c2778125e6999c83b21749b59535e825c,db95c591d5ad7a1f08531cf0e04985b931fc730f28e8ed47b8c7c5d8ecd8db0c,0.37764258300012443
3,spherical,0.75,0.005,r3_spherical_sigma0.75_lr0.005,114,ok,,0.4877830803614087,6.221502485012432,36,78.23293965098327,0.0006922524106740559,0.0541569410675111,0.0541569410675111,c8a7a565f4c34afcedf377bd8a33aee023bbafec99430b278d5183f906311b3e,c33ca7855f00a693f1f0af550d168ba9c880c362927ac4b9858046f2d8b7a17c,38002117c0ffdb4a9624b0cd256b65181fc12e3321756df0d82b3aabebebd605,52ceac77e1e0c99a5de90b23d52d3e2f15eb08da92d5b6842d3e92834a138f22,0.3842067500008852
3,spherical,0.75,0.005,r3_spherical_sigma0.75_lr0.005,115,ok,,0.7579169681149575,6.316070441096802,36,90.77454306244283,0.00044439131873906545,0.040339418899455054,0.040339418899455054,21e3187a25ce542a7fda12331f6df5573b7aa9cfb19c4d6a1242f48e9ab77257,2979b01fffc02f60db951ba7c3ab40b94b411246fd1d648f7c1e046da8b55f29,20e1afcba9533c9a3cd05a6d7e63f13cc97f4d348c142d7f72917f8929ca02eb,c3a0cabd7487508470d585545f7b6a856897b0410105302f1b4d5c12944c190d,0.37619754199840827
3,spherical,0.75,0.005,r3_spherical_sigma0.75_lr0.005,116,ok,,0.5346391900737772,6.267070304951092,36,55.995115906168586,0.0010578146273881098,0.05923245266783774,0.05923245266783774,b240340bda42b13e461b839e854e8931eb9b197c11fad589d1f07877b5a6c105,8944d8f9094422671c06b3f2af086555200354f4f465fe9295a66b6f28ee7466,a927dd1c515d66a61fb11e1c948c7e8042e5cfedc1c4b8d5dca9f3be9e46a7b7,0d285e8573294ff0f8d626c9d7c79b1ffa6d14fb3071ba7be902aa48627a1c7e,0.37757549999514595
3,spherical,0.75,0.005,r3_spherical_sigma0.75_lr0.005,117,ok,,0.5213993115047956,6.095310154911758,36,59.81924347868348,0.000714010909016128,0.04271159241287188,0.04271159241287188,2ff937c83d36f7b3a5406c91e8755c50ce932575e34db68925452587b0ab77d6,4ce67a52451597cfc11fd97edf40aa34eb1b5c997198bd1076c33fe083bdd43e,b828baff1fb9f67c70b6dbea3cba487e81abd07d2e9720c22549cc121a9cf9ad,32821079a74fe63f445d951a557ad18447fced01821fc77b6b8d137d2fe48881,0.3796137910030666
3,spherical,0.75,0.005,r3_spherical_sigma0.75_lr0.005,118,ok,,0.4213571854640654,6.126896145974009,36,81.83673451057018,0.000562313889776144,0.04601793250921632,0.04601793250921632,f9372f8f74b3a18b86f9a9dd960278381003e836073cde71119d3b892dde9434,7bd60133923f8534362210d3aca0aff74ce000224bd76127dd7b0bce56ccb362,605f62e239322f5313d845a2d699f250ce6a7e0825aa8e661c4d9f8dc5f782d9,ffdd2708cda2855a18fd4a81398631fadb59f1610b8dd3d36eefe8f678572c16,0.38161366599524627
3,spherical,0.75,0.005,r3_spherical_sigma0.75_lr0.005,119,ok,,0.5085269104776913,6.147153998720496,36,88.84033967393316,0.00047491051686638063,0.04219121163313242,0.04219121163313242,9cc5a5818d004f0f1492c246ba3ab8685b2df3f7dfd15cdf113ebebec42d8dee,64ada1b3e94d843469b9e745b7a15decfea54282d3d3fdc06c17e9cdcea8dc5b,ca428a2d600b7cd0b47722decaa3f8e1a32769793f46a3ced6ba5f9ab631e1f2,01bf4e2b10f88360652600d185a9d719f05502f25f089d70da96eafa7fe4dfe3,0.3750095829964266
3,spherical,0.75,0.005,r3_spherical_sigma0.75_lr0.005,120,ok,,0.4554790148224476,6.1678534010422394,36,86.19585939694306,0.0006001129092507037,0.05172724794806411,0.0517272479480641,69e5aaf107b63f46b6b057dfe99d3189e4f485b9649136f1718f398f646e43c6,d8e50e695e49ac02b6f76daee1d39919959a4aa8a84f49c7d93d5a5dc3caa2ff,5604d0b01aa38439978ff828fd8b23f34f58aaa29f9fc4cf46c8f2889862d932,dff4b17a330f664ec4d31f507c7603e7842ac94d65226c760d6e78cfa953aeb7,0.37687150000419933
3,spherical,0.75,0.01,r3_spherical_sigma0.75_lr0.01,111,ok,,0.3574815617280557,6.104822301529762,36,73.693613792643,0.0007666701937877431,0.05649869716732471,0.05649869716732471,6f4599f803588363f7f3f06a30082972087391773f80fd6d7eb3eadc6484859e,28b0ebbf9be5e833a1d38468d7218b52b6eca83c2a9f1c6221ed279bc5fe306d,8fab7eb1dfc2006c517c0e7e9e69f75a99f3dc01832c43b11c9ba40c9bcd6823,ff013eda1d426d67006a334f6583897c614d689f5823b14c442be63e78bb3962,0.38100341700192075
3,spherical,0.75,0.01,r3_spherical_sigma0.75_lr0.01,112,ok,,0.4749730378946244,6.079954458822127,36,251.64612110612066,0.000197777571366186,0.049769958676089666,0.049769958676089666,23158049f8a287709543a55b89f8943218b08cba397a67e034633640e70c99f6,ef7c966740418fd6a40b794df00c0c243906c71043c6b0f768b5a1adf85a9eef,02f04c05a341d11e3b57c54926b2dbae6a2e489c24a16657054478fda872ca64,3dd0b47c3c1ce23069083c16d0c2272714da54db5025db5646fd1228b010a5e8,0.38146483300079126
3,spherical,0.75,0.01,r3_spherical_sigma0.75_lr0.01,113,ok,,0.4775552973673932,6.058252819148218,36,76.96070692614141,0.0009067921787673716,0.06978736711303292,0.06978736711303292,1130bcd06d370ab57f1bc3a67409c755b267648b80a0f46e840060bb010d3ab8,c68fb172bb60d66f359aa28c9948d748b520f4271b111e5de41911067a4f354b,1d1668fc7ae6e962f5f3b23083b5cf8c2778125e6999c83b21749b59535e825c,db95c591d5ad7a1f08531cf0e04985b931fc730f28e8ed47b8c7c5d8ecd8db0c,0.3783100000000559
3,spherical,0.75,0.01,r3_spherical_sigma0.75_lr0.01,114,ok,,0.49698830186247506,6.21039595816131,36,78.23293965098327,0.0006922524106740559,0.0541569410675111,0.0541569410675111,c8a7a565f4c34afcedf377bd8a33aee023bbafec99430b278d5183f906311b3e,c33ca7855f00a693f1f0af550d168ba9c880c362927ac4b9858046f2d8b7a17c,38002117c0ffdb4a9624b0cd256b65181fc12e3321756df0d82b3aabebebd605,52ceac77e1e0c99a5de90b23d52d3e2f15eb08da92d5b6842d3e92834a138f22,0.37802383300004294
3,spherical,0.75,0.01,r3_spherical_sigma0.75_lr0.01,115,ok,,0.6165642460471487,6.159304794652631,36,90.77454306244283,0.00044439131873906545,0.040339418899455054,0.040339418899455054,21e3187a25ce542a7fda12331f6df5573b7aa9cfb19c4d6a1242f48e9ab77257,2979b01fffc02f60db951ba7c3ab40b94b411246fd1d648f7c1e046da8b55f29,20e1afcba9533c9a3cd05a6d7e63f13cc97f4d348c142d7f72917f8929ca02eb,c3a0cabd7487508470d585545f7b6a856897b0410105302f1b4d5c12944c190d,0.3791127919976134
3,spherical,0.75,0.01,r3_spherical_sigma0.75_lr0.01,116,ok,,0.49548984229555715,6.200306371141118,36,55.995115906168586,0.0010578146273881098,0.05923245266783774,0.05923245266783774,b240340bda42b13e461b839e854e8931eb9b197c11fad589d1f07877b5a6c105,8944d8f9094422671c06b3f2af086555200354f4f465fe9295a66b6f28ee7466,a927dd1c515d66a61fb11e1c948c7e8042e5cfedc1c4b8d5dca9f3be9e46a7b7,0d285e8573294ff0f8d626c9d7c79b1ffa6d14fb3071ba7be902aa48627a1c7e,0.37935354199726135
3,spherical,0.75,0.01,r3_spherical_sigma0.75_lr0.01,117,ok,,0.46014736955807145,6.043699271655808,36,59.81924347868348,0.000714010909016128,0.04271159241287188,0.04271159241287188,2ff937c83d36f7b3a5406c91e8755c50ce932575e34db68925452587b0ab77d6,4ce67a52451597cfc11fd97edf40aa34eb1b5c997198bd1076c33fe083bdd43e,b828baff1fb9f67c70b6dbea3cba487e81abd07d2e9720c22549cc121a9cf9ad,32821079a74fe63f445d951a557ad18447fced01821fc77b6b8d137d2fe48881,0.3769804170005955
3,spherical,0.75,0.01,r3_spherical_sigma0.75_lr0.01,118,ok,,0.3038121320459478,6.022218653864038,36,81.83673451057018,0.000562313889776144,0.04601793250921632,0.04601793250921632,f9372f8f74b3a18b86f9a9dd960278381003e836073cde71119d3b892dde9434,7bd60133923f8534362210d3aca0aff74ce000224bd76127dd7b0bce56ccb362,605f62e239322f5313d845a2d699f250ce6a7e0825aa8e661c4d9f8dc5f782d9,ffdd2708cda2855a18fd4a81398631fadb59f1610b8dd3d36eefe8f678572c16,0.377986041996337
3,spherical,0.75,0.01,r3_spherical_sigma0.75_lr0.01,119,ok,,0.3898404294667329,6.02335959654082,36,88.84033967393316,0.00047491051686638063,0.04219121163313242,0.04219121163313242,9cc5a5818d004f0f1492c246ba3ab8685b2df3f7dfd15cdf113ebebec42d8dee,64ada1b3e94d843469b9e745b7a15decfea54282d3d3fdc06c17e9cdcea8dc5b,ca428a2d600b7cd0b47722decaa3f8e1a32769793f46a3ced6ba5f9ab631e1f2,01bf4e2b10f88360652600d185a9d719f05502f25f089d70da96eafa7fe4dfe3,0.3819618330016965
3,spherical,0.75,0.01,r3_spherical_sigma0.75_lr0.01,120,ok,,0.3594538901106124,6.051258230324608,36,86.19585939694306,0.0006001129092507037,0.05172724794806411,0.0517272479480641,69e5aaf107b63f46b6b057dfe99d3189e4f485b9649136f1718f398f646e43c6,d8e50e695e49ac02b6f76daee1d39919959a4aa8a84f49c7d93d5a5dc3caa2ff,5604d0b01aa38439978ff828fd8b23f34f58aaa29f9fc4cf46c8f2889862d932,dff4b17a330f664ec4d31f507c7603e7842ac94d65226c760d6e78cfa953aeb7,0.38172537500213366
3,spherical,0.75,0.02,r3_spherical_sigma0.75_lr0.02,111,ok,,0.33822861753219646,6.106187510229054,36,73.693613792643,0.0007666701937877431,0.05649869716732471,0.05649869716732471,6f4599f803588363f7f3f06a30082972087391773f80fd6d7eb3eadc6484859e,28b0ebbf9be5e833a1d38468d7218b52b6eca83c2a9f1c6221ed279bc5fe306d,8fab7eb1dfc2006c517c0e7e9e69f75a99f3dc01832c43b11c9ba40c9bcd6823,ff013eda1d426d67006a334f6583897c614d689f5823b14c442be63e78bb3962,0.3799706670033629
3,spherical,0.75,0.02,r3_spherical_sigma0.75_lr0.02,112,ok,,0.46813149161827866,6.070989152904267,36,251.64612110612066,0.000197777571366186,0.049769958676089666,0.049769958676089666,23158049f8a287709543a55b89f8943218b08cba397a67e034633640e70c99f6,ef7c966740418fd6a40b794df00c0c243906c71043c6b0f768b5a1adf85a9eef,02f04c05a341d11e3b57c54926b2dbae6a2e489c24a16657054478fda872ca64,3dd0b47c3c1ce23069083c16d0c2272714da54db5025db5646fd1228b010a5e8,0.3797526249982184
3,spherical,0.75,0.02,r3_spherical_sigma0.75_lr0.02,113,ok,,0.3295110163210605,5.904095782791485,36,76.96070692614141,0.0009067921787673716,0.06978736711303292,0.06978736711303292,1130bcd06d370ab57f1bc3a67409c755b267648b80a0f46e840060bb010d3ab8,c68fb172bb60d66f359aa28c9948d748b520f4271b111e5de41911067a4f354b,1d1668fc7ae6e962f5f3b23083b5cf8c2778125e6999c83b21749b59535e825c,db95c591d5ad7a1f08531cf0e04985b931fc730f28e8ed47b8c7c5d8ecd8db0c,0.38283770899579395
3,spherical,0.75,0.02,r3_spherical_sigma0.75_lr0.02,114,ok,,0.42959940054557905,6.134155704951819,36,78.23293965098327,0.0006922524106740559,0.0541569410675111,0.0541569410675111,c8a7a565f4c34afcedf377bd8a33aee023bbafec99430b278d5183f906311b3e,c33ca7855f00a693f1f0af550d168ba9c880c362927ac4b9858046f2d8b7a17c,38002117c0ffdb4a9624b0cd256b65181fc12e3321756df0d82b3aabebebd605,52ceac77e1e0c99a5de90b23d52d3e2f15eb08da92d5b6842d3e92834a138f22,0.38644633399962913
3,spherical,0.75,0.02,r3_spherical_sigma0.75_lr0.02,115,ok,,0.4674321607504963,6.025932077117612,36,90.77454306244283,0.00044439131873906545,0.040339418899455054,0.040339418899455054,21e3187a25ce542a7fda12331f6df5573b7aa9cfb19c4d6a1242f48e9ab77257,2979b01fffc02f60db951ba7c3ab40b94b411246fd1d648f7c1e046da8b55f29,20e1afcba9533c9a3cd05a6d7e63f13cc97f4d348c142d7f72917f8929ca02eb,c3a0cabd7487508470d585545f7b6a856897b0410105302f1b4d5c12944c190d,0.39127295899379533
3,spherical,0.75,0.02,r3_spherical_sigma0.75_lr0.02,116,ok,,0.45327400864387096,6.135999027589632,36,55.995115906168586,0.0010578146273881098,0.05923245266783774,0.05923245266783774,b240340bda42b13e461b839e854e8931eb9b197c11fad589d1f07877b5a6c105,8944d8f9094422671c06b3f2af086555200354f4f465fe9295a66b6f28ee7466,a927dd1c515d66a61fb11e1c948c7e8042e5cfedc1c4b8d5dca9f3be9e46a7b7,0d285e8573294ff0f8d626c9d7c79b1ffa6d14fb3071ba7be902aa48627a1c7e,0.3923019590001786
3,spherical,0.75,0.02,r3_spherical_sigma0.75_lr0.02,117,ok,,0.3986582895247919,6.002008361047541,36,59.81924347868348,0.000714010909016128,0.04271159241287188,0.04271159241287188,2ff937c83d36f7b3a5406c91e8755c50ce932575e34db68925452587b0ab77d6,4ce67a52451597cfc11fd97edf40aa34eb1b5c997198bd1076c33fe083bdd43e,b828baff1fb9f67c70b6dbea3cba487e81abd07d2e9720c22549cc121a9cf9ad,32821079a74fe63f445d951a557ad18447fced01821fc77b6b8d137d2fe48881,0.39759079199575353
3,spherical,0.75,0.02,r3_spherical_sigma0.75_lr0.02,118,ok,,0.3219086664851722,6.048070899386522,36,81.83673451057018,0.000562313889776144,0.04601793250921632,0.04601793250921632,f9372f8f74b3a18b86f9a9dd960278381003e836073cde71119d3b892dde9434,7bd60133923f8534362210d3aca0aff74ce000224bd76127dd7b0bce56ccb362,605f62e239322f5313d845a2d699f250ce6a7e0825aa8e661c4d9f8dc5f782d9,ffdd2708cda2855a18fd4a81398631fadb59f1610b8dd3d36eefe8f678572c16,0.400270250000176
3,spherical,0.75,0.02,r3_spherical_sigma0.75_lr0.02,119,ok,,0.3898472161782328,6.0233730873312705,36,88.84033967393316,0.00047491051686638063,0.04219121163313242,0.04219121163313242,9cc5a5818d004f0f1492c246ba3ab8685b2df3f7dfd15cdf113ebebec42d8dee,64ada1b3e94d843469b9e745b7a15decfea54282d3d3fdc06c17e9cdcea8dc5b,ca428a2d600b7cd0b47722decaa3f8e1a32769793f46a3ced6ba5f9ab631e1f2,01bf4e2b10f88360652600d185a9d719f05502f25f089d70da96eafa7fe4dfe3,0.3862284169954364
3,spherical,0.75,0.02,r3_spherical_sigma0.75_lr0.02,120,ok,,0.3370152446927709,6.03582123245902,36,86.19585939694306,0.0006001129092507037,0.05172724794806411,0.0517272479480641,69e5aaf107b63f46b6b057dfe99d3189e4f485b9649136f1718f398f646e43c6,d8e50e695e49ac02b6f76daee1d39919959a4aa8a84f49c7d93d5a5dc3caa2ff,5604d0b01aa38439978ff828fd8b23f34f58aaa29f9fc4cf46c8f2889862d932,dff4b17a330f664ec4d31f507c7603e7842ac94d65226c760d6e78cfa953aeb7,0.3875980000011623
3,spherical,0.75,0.05,r3_spherical_sigma0.75_lr0.05,111,ok,,0.34096793289583,6.127001927081535,36,73.693613792643,0.0007666701937877431,0.05649869716732471,0.05649869716732471,6f4599f803588363f7f3f06a30082972087391773f80fd6d7eb3eadc6484859e,28b0ebbf9be5e833a1d38468d7218b52b6eca83c2a9f1c6221ed279bc5fe306d,8fab7eb1dfc2006c517c0e7e9e69f75a99f3dc01832c43b11c9ba40c9bcd6823,ff013eda1d426d67006a334f6583897c614d689f5823b14c442be63e78bb3962,0.38283962499554036
3,spherical,0.75,0.05,r3_spherical_sigma0.75_lr0.05,112,ok,,0.4722810301476321,6.110342636483073,36,251.64612110612066,0.000197777571366186,0.049769958676089666,0.049769958676089666,23158049f8a287709543a55b89f8943218b08cba397a67e034633640e70c99f6,ef7c966740418fd6a40b794df00c0c243906c71043c6b0f768b5a1adf85a9eef,02f04c05a341d11e3b57c54926b2dbae6a2e489c24a16657054478fda872ca64,3dd0b47c3c1ce23069083c16d0c2272714da54db5025db5646fd1228b010a5e8,0.3821864169949549
3,spherical,0.75,0.05,r3_spherical_sigma0.75_lr0.05,113,ok,,0.3298208348475723,5.904449522179121,36,76.96070692614141,0.0009067921787673716,0.06978736711303292,0.06978736711303292,1130bcd06d370ab57f1bc3a67409c755b267648b80a0f46e840060bb010d3ab8,c68fb172bb60d66f359aa28c9948d748b520f4271b111e5de41911067a4f354b,1d1668fc7ae6e962f5f3b23083b5cf8c2778125e6999c83b21749b59535e825c,db95c591d5ad7a1f08531cf0e04985b931fc730f28e8ed47b8c7c5d8ecd8db0c,0.3793714170024032
3,spherical,0.75,0.05,r3_spherical_sigma0.75_lr0.05,114,ok,,0.4947102126249753,6.194689483274026,36,78.23293965098327,0.0006922524106740559,0.0541569410675111,0.0541569410675111,c8a7a565f4c34afcedf377bd8a33aee023bbafec99430b278d5183f906311b3e,c33ca7855f00a693f1f0af550d168ba9c880c362927ac4b9858046f2d8b7a17c,38002117c0ffdb4a9624b0cd256b65181fc12e3321756df0d82b3aabebebd605,52ceac77e1e0c99a5de90b23d52d3e2f15eb08da92d5b6842d3e92834a138f22,0.37721762499859324
3,spherical,0.75,0.05,r3_spherical_sigma0.75_lr0.05,115,ok,,0.5252724541609266,6.084741844543483,36,90.77454306244283,0.00044439131873906545,0.040339418899455054,0.040339418899455054,21e3187a25ce542a7fda12331f6df5573b7aa9cfb19c4d6a1242f48e9ab77257,2979b01fffc02f60db951ba7c3ab40b94b411246fd1d648f7c1e046da8b55f29,20e1afcba9533c9a3cd05a6d7e63f13cc97f4d348c142d7f72917f8929ca02eb,c3a0cabd7487508470d585545f7b6a856897b0410105302f1b4d5c12944c190d,0.3820349579982576
3,spherical,0.75,0.05,r3_spherical_sigma0.75_lr0.05,116,ok,,0.45405000561852454,6.141969090000761,36,55.995115906168586,0.0010578146273881098,0.05923245266783774,0.05923245266783774,b240340bda42b13e461b839e854e8931eb9b197c11fad589d1f07877b5a6c105,8944d8f9094422671c06b3f2af086555200354f4f465fe9295a66b6f28ee7466,a927dd1c515d66a61fb11e1c948c7e8042e5cfedc1c4b8d5dca9f3be9e46a7b7,0d285e8573294ff0f8d626c9d7c79b1ffa6d14fb3071ba7be902aa48627a1c7e,0.37927354099520016
3,spherical,0.75,0.05,r3_spherical_sigma0.75_lr0.05,117,ok,,0.3986602058684519,6.002009130448676,36,59.81924347868348,0.000714010909016128,0.04271159241287188,0.04271159241287188,2ff937c83d36f7b3a5406c91e8755c50ce932575e34db68925452587b0ab77d6,4ce67a52451597cfc11fd97edf40aa34eb1b5c997198bd1076c33fe083bdd43e,b828baff1fb9f67c70b6dbea3cba487e81abd07d2e9720c22549cc121a9cf9ad,32821079a74fe63f445d951a557ad18447fced01821fc77b6b8d137d2fe48881,0.3772175409976626
3,spherical,0.75,0.05,r3_spherical_sigma0.75_lr0.05,118,ok,,0.3219086930699657,6.048071592214214,36,81.83673451057018,0.000562313889776144,0.04601793250921632,0.04601793250921632,f9372f8f74b3a18b86f9a9dd960278381003e836073cde71119d3b892dde9434,7bd60133923f8534362210d3aca0aff74ce000224bd76127dd7b0bce56ccb362,605f62e239322f5313d845a2d699f250ce6a7e0825aa8e661c4d9f8dc5f782d9,ffdd2708cda2855a18fd4a81398631fadb59f1610b8dd3d36eefe8f678572c16,0.3758695840006112
3,spherical,0.75,0.05,r3_spherical_sigma0.75_lr0.05,119,ok,,0.38984721695087554,6.023373087661478,36,88.84033967393316,0.00047491051686638063,0.04219121163313242,0.04219121163313242,9cc5a5818d004f0f1492c246ba3ab8685b2df3f7dfd15cdf113ebebec42d8dee,64ada1b3e94d843469b9e745b7a15decfea54282d3d3fdc06c17e9cdcea8dc5b,ca428a2d600b7cd0b47722decaa3f8e1a32769793f46a3ced6ba5f9ab631e1f2,01bf4e2b10f88360652600d185a9d719f05502f25f089d70da96eafa7fe4dfe3,0.38212058300268836
3,spherical,0.75,0.05,r3_spherical_sigma0.75_lr0.05,120,ok,,0.3370150457045674,6.035820873228591,36,86.19585939694306,0.0006001129092507037,0.05172724794806411,0.0517272479480641,69e5aaf107b63f46b6b057dfe99d3189e4f485b9649136f1718f398f646e43c6,d8e50e695e49ac02b6f76daee1d39919959a4aa8a84f49c7d93d5a5dc3caa2ff,5604d0b01aa38439978ff828fd8b23f34f58aaa29f9fc4cf46c8f2889862d932,dff4b17a330f664ec4d31f507c7603e7842ac94d65226c760d6e78cfa953aeb7,0.3795940000054543
3,spherical,0.75,0.1,r3_spherical_sigma0.75_lr0.1,111,ok,,0.340771808118011,6.126489375709174,36,73.693613792643,0.0007666701937877431,0.05649869716732471,0.05649869716732471,6f4599f803588363f7f3f06a30082972087391773f80fd6d7eb3eadc6484859e,28b0ebbf9be5e833a1d38468d7218b52b6eca83c2a9f1c6221ed279bc5fe306d,8fab7eb1dfc2006c517c0e7e9e69f75a99f3dc01832c43b11c9ba40c9bcd6823,ff013eda1d426d67006a334f6583897c614d689f5823b14c442be63e78bb3962,0.37749279200215824
3,spherical,0.75,0.1,r3_spherical_sigma0.75_lr0.1,112,ok,,0.509291981128002,6.151052014578472,36,251.64612110612066,0.000197777571366186,0.049769958676089666,0.049769958676089666,23158049f8a287709543a55b89f8943218b08cba397a67e034633640e70c99f6,ef7c966740418fd6a40b794df00c0c243906c71043c6b0f768b5a1adf85a9eef,02f04c05a341d11e3b57c54926b2dbae6a2e489c24a16657054478fda872ca64,3dd0b47c3c1ce23069083c16d0c2272714da54db5025db5646fd1228b010a5e8,0.3788960839956417
3,spherical,0.75,0.1,r3_spherical_sigma0.75_lr0.1,113,ok,,0.3299792250726503,5.904813642007423,36,76.96070692614141,0.0009067921787673716,0.06978736711303292,0.06978736711303292,1130bcd06d370ab57f1bc3a67409c755b267648b80a0f46e840060bb010d3ab8,c68fb172bb60d66f359aa28c9948d748b520f4271b111e5de41911067a4f354b,1d1668fc7ae6e962f5f3b23083b5cf8c2778125e6999c83b21749b59535e825c,db95c591d5ad7a1f08531cf0e04985b931fc730f28e8ed47b8c7c5d8ecd8db0c,0.3806386249998468
3,spherical,0.75,0.1,r3_spherical_sigma0.75_lr0.1,114,ok,,0.49253501787665227,6.191774854026234,36,78.23293965098327,0.0006922524106740559,0.0541569410675111,0.0541569410675111,c8a7a565f4c34afcedf377bd8a33aee023bbafec99430b278d5183f906311b3e,c33ca7855f00a693f1f0af550d168ba9c880c362927ac4b9858046f2d8b7a17c,38002117c0ffdb4a9624b0cd256b65181fc12e3321756df0d82b3aabebebd605,52ceac77e1e0c99a5de90b23d52d3e2f15eb08da92d5b6842d3e92834a138f22,0.3828596669991384
3,spherical,0.75,0.1,r3_spherical_sigma0.75_lr0.1,115,ok,,0.46844398391350495,6.026946663275634,36,90.77454306244283,0.00044439131873906545,0.040339418899455054,0.040339418899455054,21e3187a25ce542a7fda12331f6df5573b7aa9cfb19c4d6a1242f48e9ab77257,2979b01fffc02f60db951ba7c3ab40b94b411246fd1d648f7c1e046da8b55f29,20e1afcba9533c9a3cd05a6d7e63f13cc97f4d348c142d7f72917f8929ca02eb,c3a0cabd7487508470d585545f7b6a856897b0410105302f1b4d5c12944c190d,0.3777284169991617
3,spherical,0.75,0.1,r3_spherical_sigma0.75_lr0.1,116,ok,,0.44309555877890316,6.113965243865976,36,55.995115906168586,0.0010578146273881098,0.05923245266783774,0.05923245266783774,b240340bda42b13e461b839e854e8931eb9b197c11fad589d1f07877b5a6c105,8944d8f9094422671c06b3f2af086555200354f4f465fe9295a66b6f28ee7466,a927dd1c515d66a61fb11e1c948c7e8042e5cfedc1c4b8d5dca9f3be9e46a7b7,0d285e8573294ff0f8d626c9d7c79b1ffa6d14fb3071ba7be902aa48627a1c7e,0.37476608299766667
3,spherical,0.75,0.1,r3_spherical_sigma0.75_lr0.1,117,ok,,0.398660207096386,6.002009131918652,36,59.81924347868348,0.000714010909016128,0.04271159241287188,0.04271159241287188,2ff937c83d36f7b3a5406c91e8755c50ce932575e34db68925452587b0ab77d6,4ce67a52451597cfc11fd97edf40aa34eb1b5c997198bd1076c33fe083bdd43e,b828baff1fb9f67c70b6dbea3cba487e81abd07d2e9720c22549cc121a9cf9ad,32821079a74fe63f445d951a557ad18447fced01821fc77b6b8d137d2fe48881,0.3795410000020638
3,spherical,0.75,0.1,r3_spherical_sigma0.75_lr0.1,118,ok,,0.3219186850012503,6.048070007315229,36,81.83673451057018,0.000562313889776144,0.04601793250921632,0.04601793250921632,f9372f8f74b3a18b86f9a9dd960278381003e836073cde71119d3b892dde9434,7bd60133923f8534362210d3aca0aff74ce000224bd76127dd7b0bce56ccb362,605f62e239322f5313d845a2d699f250ce6a7e0825aa8e661c4d9f8dc5f782d9,ffdd2708cda2855a18fd4a81398631fadb59f1610b8dd3d36eefe8f678572c16,0.38478733300144086
3,spherical,0.75,0.1,r3_spherical_sigma0.75_lr0.1,119,ok,,0.3909394445238398,6.024406860150597,36,88.84033967393316,0.00047491051686638063,0.04219121163313242,0.04219121163313242,9cc5a5818d004f0f1492c246ba3ab8685b2df3f7dfd15cdf113ebebec42d8dee,64ada1b3e94d843469b9e745b7a15decfea54282d3d3fdc06c17e9cdcea8dc5b,ca428a2d600b7cd0b47722decaa3f8e1a32769793f46a3ced6ba5f9ab631e1f2,01bf4e2b10f88360652600d185a9d719f05502f25f089d70da96eafa7fe4dfe3,0.37837362499703886
3,spherical,0.75,0.1,r3_spherical_sigma0.75_lr0.1,120,ok,,0.384588837866942,6.099082681758877,36,86.19585939694306,0.0006001129092507037,0.05172724794806411,0.0517272479480641,69e5aaf107b63f46b6b057dfe99d3189e4f485b9649136f1718f398f646e43c6,d8e50e695e49ac02b6f76daee1d39919959a4aa8a84f49c7d93d5a5dc3caa2ff,5604d0b01aa38439978ff828fd8b23f34f58aaa29f9fc4cf46c8f2889862d932,dff4b17a330f664ec4d31f507c7603e7842ac94d65226c760d6e78cfa953aeb7,0.37740733299870044
3,spherical,0.75,0.2,r3_spherical_sigma0.75_lr0.2,111,ok,,0.35301129367222694,6.132809716853623,36,73.693613792643,0.0007666701937877431,0.05649869716732471,0.05649869716732471,6f4599f803588363f7f3f06a30082972087391773f80fd6d7eb3eadc6484859e,28b0ebbf9be5e833a1d38468d7218b52b6eca83c2a9f1c6221ed279bc5fe306d,8fab7eb1dfc2006c517c0e7e9e69f75a99f3dc01832c43b11c9ba40c9bcd6823,ff013eda1d426d67006a334f6583897c614d689f5823b14c442be63e78bb3962,0.3800988330040127
3,spherical,0.75,0.2,r3_spherical_sigma0.75_lr0.2,112,ok,,0.5144111242818239,6.160636519212912,36,251.64612110612066,0.000197777571366186,0.049769958676089666,0.049769958676089666,23158049f8a287709543a55b89f8943218b08cba397a67e034633640e70c99f6,ef7c966740418fd6a40b794df00c0c243906c71043c6b0f768b5a1adf85a9eef,02f04c05a341d11e3b57c54926b2dbae6a2e489c24a16657054478fda872ca64,3dd0b47c3c1ce23069083c16d0c2272714da54db5025db5646fd1228b010a5e8,0.38320904199645156
3,spherical,0.75,0.2,r3_spherical_sigma0.75_lr0.2,113,ok,,0.438167682264456,6.015282391706071,36,76.96070692614141,0.0009067921787673716,0.06978736711303292,0.06978736711303292,1130bcd06d370ab57f1bc3a67409c755b267648b80a0f46e840060bb010d3ab8,c68fb172bb60d66f359aa28c9948d748b520f4271b111e5de41911067a4f354b,1d1668fc7ae6e962f5f3b23083b5cf8c2778125e6999c83b21749b59535e825c,db95c591d5ad7a1f08531cf0e04985b931fc730f28e8ed47b8c7c5d8ecd8db0c,0.3777462910002214
3,spherical,0.75,0.2,r3_spherical_sigma0.75_lr0.2,114,ok,,0.4527730937276633,6.148642905774155,36,78.23293965098327,0.0006922524106740559,0.0541569410675111,0.0541569410675111,c8a7a565f4c34afcedf377bd8a33aee023bbafec99430b278d5183f906311b3e,c33ca7855f00a693f1f0af550d168ba9c880c362927ac4b9858046f2d8b7a17c,38002117c0ffdb4a9624b0cd256b65181fc12e3321756df0d82b3aabebebd605,52ceac77e1e0c99a5de90b23d52d3e2f15eb08da92d5b6842d3e92834a138f22,0.3793907500003115
3,spherical,0.75,0.2,r3_spherical_sigma0.75_lr0.2,115,ok,,0.453107582573767,6.017341901781558,36,90.77454306244283,0.00044439131873906545,0.040339418899455054,0.040339418899455054,21e3187a25ce542a7fda12331f6df5573b7aa9cfb19c4d6a1242f48e9ab77257,2979b01fffc02f60db951ba7c3ab40b94b411246fd1d648f7c1e046da8b55f29,20e1afcba9533c9a3cd05a6d7e63f13cc97f4d348c142d7f72917f8929ca02eb,c3a0cabd7487508470d585545f7b6a856897b0410105302f1b4d5c12944c190d,0.38082541600306286
3,spherical,0.75,0.2,r3_spherical_sigma0.75_lr0.2,116,ok,,0.5139925287691309,6.191948862519626,36,55.995115906168586,0.0010578146273881098,0.05923245266783774,0.05923245266783774,b240340bda42b13e461b839e854e8931eb9b197c11fad589d1f07877b5a6c105,8944d8f9094422671c06b3f2af086555200354f4f465fe9295a66b6f28ee7466,a927dd1c515d66a61fb11e1c948c7e8042e5cfedc1c4b8d5dca9f3be9e46a7b7,0d285e8573294ff0f8d626c9d7c79b1ffa6d14fb3071ba7be902aa48627a1c7e,0.3805517919972772
3,spherical,0.75,0.2,r3_spherical_sigma0.75_lr0.2,117,ok,,0.44301949149809766,6.075560066372512,36,59.81924347868348,0.000714010909016128,0.04271159241287188,0.04271159241287188,2ff937c83d36f7b3a5406c91e8755c50ce932575e34db68925452587b0ab77d6,4ce67a52451597cfc11fd97edf40aa34eb1b5c997198bd1076c33fe083bdd43e,b828baff1fb9f67c70b6dbea3cba487e81abd07d2e9720c22549cc121a9cf9ad,32821079a74fe63f445d951a557ad18447fced01821fc77b6b8d137d2fe48881,0.38018737499805866
3,spherical,0.75,0.2,r3_spherical_sigma0.75_lr0.2,118,ok,,0.3722619598481556,6.113666767990408,36,81.83673451057018,0.000562313889776144,0.04601793250921632,0.04601793250921632,f9372f8f74b3a18b86f9a9dd960278381003e836073cde71119d3b892dde9434,7bd60133923f8534362210d3aca0aff74ce000224bd76127dd7b0bce56ccb362,605f62e239322f5313d845a2d699f250ce6a7e0825aa8e661c4d9f8dc5f782d9,ffdd2708cda2855a18fd4a81398631fadb59f1610b8dd3d36eefe8f678572c16,0.38053291699907277
3,spherical,0.75,0.2,r3_spherical_sigma0.75_lr0.2,119,ok,,0.3776400822443281,5.990788554009065,36,88.84033967393316,0.00047491051686638063,0.04219121163313242,0.04219121163313242,9cc5a5818d004f0f1492c246ba3ab8685b2df3f7dfd15cdf113ebebec42d8dee,64ada1b3e94d843469b9e745b7a15decfea54282d3d3fdc06c17e9cdcea8dc5b,ca428a2d600b7cd0b47722decaa3f8e1a32769793f46a3ced6ba5f9ab631e1f2,01bf4e2b10f88360652600d185a9d719f05502f25f089d70da96eafa7fe4dfe3,0.3828144169965526
3,spherical,0.75,0.2,r3_spherical_sigma0.75_lr0.2,120,ok,,0.45693547500357073,6.1830060898467725,36,86.19585939694306,0.0006001129092507037,0.05172724794806411,0.0517272479480641,69e5aaf107b63f46b6b057dfe99d3189e4f485b9649136f1718f398f646e43c6,d8e50e695e49ac02b6f76daee1d39919959a4aa8a84f49c7d93d5a5dc3caa2ff,5604d0b01aa38439978ff828fd8b23f34f58aaa29f9fc4cf46c8f2889862d932,dff4b17a330f664ec4d31f507c7603e7842ac94d65226c760d6e78cfa953aeb7,0.38426545900438214
3,tv,0.75,0.005,r3_tv_sigma0.75_lr0.005,111,ok,,4.344698093314145,10.090368439160395,36,4.380268107588597,0.012898456391160973,0.05649869716732471,0.05649869716732472,6f4599f803588363f7f3f06a30082972087391773f80fd6d7eb3eadc6484859e,28b0ebbf9be5e833a1d38468d7218b52b6eca83c2a9f1c6221ed279bc5fe306d,8fab7eb1dfc2006c517c0e7e9e69f75a99f3dc01832c43b11c9ba40c9bcd6823,ff013eda1d426d67006a334f6583897c614d689f5823b14c442be63e78bb3962,0.3639549169965903
3,tv,0.75,0.005,r3_tv_sigma0.75_lr0.005,112,ok,,5.01965049904747,10.632431216190925,36,6.134875961161854,0.008112626724838293,0.049769958676089666,0.049769958676089666,23158049f8a287709543a55b89f8943218b08cba397a67e034633640e70c99f6,ef7c966740418fd6a40b794df00c0c243906c71043c6b0f768b5a1adf85a9eef,02f04c05a341d11e3b57c54926b2dbae6a2e489c24a16657054478fda872ca64,3dd0b47c3c1ce23069083c16d0c2272714da54db5025db5646fd1228b010a5e8,0.36844000000564847
3,tv,0.75,0.005,r3_tv_sigma0.75_lr0.005,113,ok,,10.616379556310342,16.14005949311441,36,4.033287997488542,0.017302847492291225,0.06978736711303292,0.06978736711303292,1130bcd06d370ab57f1bc3a67409c755b267648b80a0f46e840060bb010d3ab8,c68fb172bb60d66f359aa28c9948d748b520f4271b111e5de41911067a4f354b,1d1668fc7ae6e962f5f3b23083b5cf8c2778125e6999c83b21749b59535e825c,db95c591d5ad7a1f08531cf0e04985b931fc730f28e8ed47b8c7c5d8ecd8db0c,0.35738633300206857
3,tv,0.75,0.005,r3_tv_sigma0.75_lr0.005,114,ok,,4.058142714169554,9.903724096212413,36,5.319846258893224,0.010180170334241626,0.0541569410675111,0.0541569410675111,c8a7a565f4c34afcedf377bd8a33aee023bbafec99430b278d5183f906311b3e,c33ca7855f00a693f1f0af550d168ba9c880c362927ac4b9858046f2d8b7a17c,38002117c0ffdb4a9624b0cd256b65181fc12e3321756df0d82b3aabebebd605,52ceac77e1e0c99a5de90b23d52d3e2f15eb08da92d5b6842d3e92834a138f22,0.3626853750029113
3,tv,0.75,0.005,r3_tv_sigma0.75_lr0.005,115,ok,,4.713879142076622,10.11976212268952,36,3.777760680485429,0.01067812979997229,0.040339418899455054,0.040339418899455054,21e3187a25ce542a7fda12331f6df5573b7aa9cfb19c4d6a1242f48e9ab77257,2979b01fffc02f60db951ba7c3ab40b94b411246fd1d648f7c1e046da8b55f29,20e1afcba9533c9a3cd05a6d7e63f13cc97f4d348c142d7f72917f8929ca02eb,c3a0cabd7487508470d585545f7b6a856897b0410105302f1b4d5c12944c190d,0.3659735409964924
3,tv,0.75,0.005,r3_tv_sigma0.75_lr0.005,116,ok,,5.746210888992328,11.658920475966374,36,6.311573532425258,0.00938473620936764,0.05923245266783774,0.05923245266783774,b240340bda42b13e461b839e854e8931eb9b197c11fad589d1f07877b5a6c105,8944d8f9094422671c06b3f2af086555200354f4f465fe9295a66b6f28ee7466,a927dd1c515d66a61fb11e1c948c7e8042e5cfedc1c4b8d5dca9f3be9e46a7b7,0d285e8573294ff0f8d626c9d7c79b1ffa6d14fb3071ba7be902aa48627a1c7e,0.3598419580011978
3,tv,0.75,0.005,r3_tv_sigma0.75_lr0.005,117,ok,,4.5051175171921995,9.985674819453733,36,2.9431912005466367,0.014512000581185173,0.04271159241287188,0.04271159241287188,2ff937c83d36f7b3a5406c91e8755c50ce932575e34db68925452587b0ab77d6,4ce67a52451597cfc11fd97edf40aa34eb1b5c997198bd1076c33fe083bdd43e,b828baff1fb9f67c70b6dbea3cba487e81abd07d2e9720c22549cc121a9cf9ad,32821079a74fe63f445d951a557ad18447fced01821fc77b6b8d137d2fe48881,0.3590982910027378
3,tv,0.75,0.005,r3_tv_sigma0.75_lr0.005,118,ok,,5.343093484990915,11.18455703012542,36,2.601542934484478,0.017688707689283337,0.04601793250921632,0.04601793250921632,f9372f8f74b3a18b86f9a9dd960278381003e836073cde71119d3b892dde9434,7bd60133923f8534362210d3aca0aff74ce000224bd76127dd7b0bce56ccb362,605f62e239322f5313d845a2d699f250ce6a7e0825aa8e661c4d9f8dc5f782d9,ffdd2708cda2855a18fd4a81398631fadb59f1610b8dd3d36eefe8f678572c16,0.3622050420017331
3,tv,0.75,0.005,r3_tv_sigma0.75_lr0.005,119,ok,,2.430215490522846,8.123266192727483,36,3.6623736157092295,0.01152018228073707,0.04219121163313242,0.04219121163313242,9cc5a5818d004f0f1492c246ba3ab8685b2df3f7dfd15cdf113ebebec42d8dee,64ada1b3e94d843469b9e745b7a15decfea54282d3d3fdc06c17e9cdcea8dc5b,ca428a2d600b7cd0b47722decaa3f8e1a32769793f46a3ced6ba5f9ab631e1f2,01bf4e2b10f88360652600d185a9d719f05502f25f089d70da96eafa7fe4dfe3,0.36566604200197617
3,tv,0.75,0.005,r3_tv_sigma0.75_lr0.005,120,ok,,6.753683240280776,12.882853409971107,36,4.897668936935483,0.010561605656512653,0.05172724794806411,0.05172724794806411,69e5aaf107b63f46b6b057dfe99d3189e4f485b9649136f1718f398f646e43c6,d8e50e695e49ac02b6f76daee1d39919959a4aa8a84f49c7d93d5a5dc3caa2ff,5604d0b01aa38439978ff828fd8b23f34f58aaa29f9fc4cf46c8f2889862d932,dff4b17a330f664ec4d31f507c7603e7842ac94d65226c760d6e78cfa953aeb7,0.35777716700249584
3,tv,0.75,0.01,r3_tv_sigma0.75_lr0.01,111,ok,,5.128238949709557,10.93299528965119,36,4.380268107588597,0.012898456391160973,0.05649869716732471,0.05649869716732472,6f4599f803588363f7f3f06a30082972087391773f80fd6d7eb3eadc6484859e,28b0ebbf9be5e833a1d38468d7218b52b6eca83c2a9f1c6221ed279bc5fe306d,8fab7eb1dfc2006c517c0e7e9e69f75a99f3dc01832c43b11c9ba40c9bcd6823,ff013eda1d426d67006a334f6583897c614d689f5823b14c442be63e78bb3962,0.3602248329989379
3,tv,0.75,0.01,r3_tv_sigma0.75_lr0.01,112,ok,,5.796801854574257,11.430916068449351,36,6.134875961161854,0.008112626724838293,0.049769958676089666,0.049769958676089666,23158049f8a287709543a55b89f8943218b08cba397a67e034633640e70c99f6,ef7c966740418fd6a40b794df00c0c243906c71043c6b0f768b5a1adf85a9eef,02f04c05a341d11e3b57c54926b2dbae6a2e489c24a16657054478fda872ca64,3dd0b47c3c1ce23069083c16d0c2272714da54db5025db5646fd1228b010a5e8,0.3625257919993601
3,tv,0.75,0.01,r3_tv_sigma0.75_lr0.01,113,ok,,7.15908074605642,12.679972050485084,36,4.033287997488542,0.017302847492291225,0.06978736711303292,0.06978736711303292,1130bcd06d370ab57f1bc3a67409c755b267648b80a0f46e840060bb010d3ab8,c68fb172bb60d66f359aa28c9948d748b520f4271b111e5de41911067a4f354b,1d1668fc7ae6e962f5f3b23083b5cf8c2778125e6999c83b21749b59535e825c,db95c591d5ad7a1f08531cf0e04985b931fc730f28e8ed47b8c7c5d8ecd8db0c,0.3628609579973272
3,tv,0.75,0.01,r3_tv_sigma0.75_lr0.01,114,ok,,4.133351257945681,9.960730089278272,36,5.319846258893224,0.010180170334241626,0.0541569410675111,0.0541569410675111,c8a7a565f4c34afcedf377bd8a33aee023bbafec99430b278d5183f906311b3e,c33ca7855f00a693f1f0af550d168ba9c880c362927ac4b9858046f2d8b7a17c,38002117c0ffdb4a9624b0cd256b65181fc12e3321756df0d82b3aabebebd605,52ceac77e1e0c99a5de90b23d52d3e2f15eb08da92d5b6842d3e92834a138f22,0.36039175000041723
3,tv,0.75,0.01,r3_tv_sigma0.75_lr0.01,115,ok,,2.9131812614786554,8.365246692882986,36,3.777760680485429,0.01067812979997229,0.040339418899455054,0.040339418899455054,21e3187a25ce542a7fda12331f6df5573b7aa9cfb19c4d6a1242f48e9ab77257,2979b01fffc02f60db951ba7c3ab40b94b411246fd1d648f7c1e046da8b55f29,20e1afcba9533c9a3cd05a6d7e63f13cc97f4d348c142d7f72917f8929ca02eb,c3a0cabd7487508470d585545f7b6a856897b0410105302f1b4d5c12944c190d,0.36254249999910826
3,tv,0.75,0.01,r3_tv_sigma0.75_lr0.01,116,ok,,5.463130954976668,11.258860128459235,36,6.311573532425258,0.00938473620936764,0.05923245266783774,0.05923245266783774,b240340bda42b13e461b839e854e8931eb9b197c11fad589d1f07877b5a6c105,8944d8f9094422671c06b3f2af086555200354f4f465fe9295a66b6f28ee7466,a927dd1c515d66a61fb11e1c948c7e8042e5cfedc1c4b8d5dca9f3be9e46a7b7,0d285e8573294ff0f8d626c9d7c79b1ffa6d14fb3071ba7be902aa48627a1c7e,0.36434529200050747
3,tv,0.75,0.01,r3_tv_sigma0.75_lr0.01,117,ok,,4.085090086357948,9.603419390991501,36,2.9431912005466367,0.014512000581185173,0.04271159241287188,0.04271159241287188,2ff937c83d36f7b3a5406c91e8755c50ce932575e34db68925452587b0ab77d6,4ce67a52451597cfc11fd97edf40aa34eb1b5c997198bd1076c33fe083bdd43e,b828baff1fb9f67c70b6dbea3cba487e81abd07d2e9720c22549cc121a9cf9ad,32821079a74fe63f445d951a557ad18447fced01821fc77b6b8d137d2fe48881,0.36460212499514455
3,tv,0.75,0.01,r3_tv_sigma0.75_lr0.01,118,ok,,5.10987453585081,10.960607309121967,36,2.601542934484478,0.017688707689283337,0.04601793250921632,0.04601793250921632,f9372f8f74b3a18b86f9a9dd960278381003e836073cde71119d3b892dde9434,7bd60133923f8534362210d3aca0aff74ce000224bd76127dd7b0bce56ccb362,605f62e239322f5313d845a2d699f250ce6a7e0825aa8e661c4d9f8dc5f782d9,ffdd2708cda2855a18fd4a81398631fadb59f1610b8dd3d36eefe8f678572c16,0.3597488750019693
3,tv,0.75,0.01,r3_tv_sigma0.75_lr0.01,119,ok,,3.9057938332398385,9.507388560361273,36,3.6623736157092295,0.01152018228073707,0.04219121163313242,0.04219121163313242,9cc5a5818d004f0f1492c246ba3ab8685b2df3f7dfd15cdf113ebebec42d8dee,64ada1b3e94d843469b9e745b7a15decfea54282d3d3fdc06c17e9cdcea8dc5b,ca428a2d600b7cd0b47722decaa3f8e1a32769793f46a3ced6ba5f9ab631e1f2,01bf4e2b10f88360652600d185a9d719f05502f25f089d70da96eafa7fe4dfe3,0.3607257080002455
3,tv,0.75,0.01,r3_tv_sigma0.75_lr0.01,120,ok,,5.417305270687377,11.402428321455918,36,4.897668936935483,0.010561605656512653,0.05172724794806411,0.05172724794806411,69e5aaf107b63f46b6b057dfe99d3189e4f485b9649136f1718f398f646e43c6,d8e50e695e49ac02b6f76daee1d39919959a4aa8a84f49c7d93d5a5dc3caa2ff,5604d0b01aa38439978ff828fd8b23f34f58aaa29f9fc4cf46c8f2889862d932,dff4b17a330f664ec4d31f507c7603e7842ac94d65226c760d6e78cfa953aeb7,0.3607835000002524
3,tv,0.75,0.02,r3_tv_sigma0.75_lr0.02,111,ok,,1.0495888529702486,6.872858674384213,36,4.380268107588597,0.012898456391160973,0.05649869716732471,0.05649869716732472,6f4599f803588363f7f3f06a30082972087391773f80fd6d7eb3eadc6484859e,28b0ebbf9be5e833a1d38468d7218b52b6eca83c2a9f1c6221ed279bc5fe306d,8fab7eb1dfc2006c517c0e7e9e69f75a99f3dc01832c43b11c9ba40c9bcd6823,ff013eda1d426d67006a334f6583897c614d689f5823b14c442be63e78bb3962,0.36778945800324436
3,tv,0.75,0.02,r3_tv_sigma0.75_lr0.02,112,ok,,3.2531630472878206,8.822886000491476,36,6.134875961161854,0.008112626724838293,0.049769958676089666,0.049769958676089666,23158049f8a287709543a55b89f8943218b08cba397a67e034633640e70c99f6,ef7c966740418fd6a40b794df00c0c243906c71043c6b0f768b5a1adf85a9eef,02f04c05a341d11e3b57c54926b2dbae6a2e489c24a16657054478fda872ca64,3dd0b47c3c1ce23069083c16d0c2272714da54db5025db5646fd1228b010a5e8,0.3597276669970597
3,tv,0.75,0.02,r3_tv_sigma0.75_lr0.02,113,ok,,4.04117405277334,9.501034639112746,36,4.033287997488542,0.017302847492291225,0.06978736711303292,0.06978736711303292,1130bcd06d370ab57f1bc3a67409c755b267648b80a0f46e840060bb010d3ab8,c68fb172bb60d66f359aa28c9948d748b520f4271b111e5de41911067a4f354b,1d1668fc7ae6e962f5f3b23083b5cf8c2778125e6999c83b21749b59535e825c,db95c591d5ad7a1f08531cf0e04985b931fc730f28e8ed47b8c7c5d8ecd8db0c,0.3589351669943426
3,tv,0.75,0.02,r3_tv_sigma0.75_lr0.02,114,ok,,2.5668197883887136,8.384983792704213,36,5.319846258893224,0.010180170334241626,0.0541569410675111,0.0541569410675111,c8a7a565f4c34afcedf377bd8a33aee023bbafec99430b278d5183f906311b3e,c33ca7855f00a693f1f0af550d168ba9c880c362927ac4b9858046f2d8b7a17c,38002117c0ffdb4a9624b0cd256b65181fc12e3321756df0d82b3aabebebd605,52ceac77e1e0c99a5de90b23d52d3e2f15eb08da92d5b6842d3e92834a138f22,0.364965332999418
3,tv,0.75,0.02,r3_tv_sigma0.75_lr0.02,115,ok,,2.1300476288527084,7.631220006035452,36,3.777760680485429,0.01067812979997229,0.040339418899455054,0.040339418899455054,21e3187a25ce542a7fda12331f6df5573b7aa9cfb19c4d6a1242f48e9ab77257,2979b01fffc02f60db951ba7c3ab40b94b411246fd1d648f7c1e046da8b55f29,20e1afcba9533c9a3cd05a6d7e63f13cc97f4d348c142d7f72917f8929ca02eb,c3a0cabd7487508470d585545f7b6a856897b0410105302f1b4d5c12944c190d,0.3638660409997101
3,tv,0.75,0.02,r3_tv_sigma0.75_lr0.02,116,ok,,5.739280357733703,11.520332321436959,36,6.311573532425258,0.00938473620936764,0.05923245266783774,0.05923245266783774,b240340bda42b13e461b839e854e8931eb9b197c11fad589d1f07877b5a6c105,8944d8f9094422671c06b3f2af086555200354f4f465fe9295a66b6f28ee7466,a927dd1c515d66a61fb11e1c948c7e8042e5cfedc1c4b8d5dca9f3be9e46a7b7,0d285e8573294ff0f8d626c9d7c79b1ffa6d14fb3071ba7be902aa48627a1c7e,0.36428087500098627
3,tv,0.75,0.02,r3_tv_sigma0.75_lr0.02,117,ok,,3.708301425271719,9.177785262262661,36,2.9431912005466367,0.014512000581185173,0.04271159241287188,0.04271159241287188,2ff937c83d36f7b3a5406c91e8755c50ce932575e34db68925452587b0ab77d6,4ce67a52451597cfc11fd97edf40aa34eb1b5c997198bd1076c33fe083bdd43e,b828baff1fb9f67c70b6dbea3cba487e81abd07d2e9720c22549cc121a9cf9ad,32821079a74fe63f445d951a557ad18447fced01821fc77b6b8d137d2fe48881,0.36296029100049054
3,tv,0.75,0.02,r3_tv_sigma0.75_lr0.02,118,ok,,3.4230873178838355,9.227079429615662,36,2.601542934484478,0.017688707689283337,0.04601793250921632,0.04601793250921632,f9372f8f74b3a18b86f9a9dd960278381003e836073cde71119d3b892dde9434,7bd60133923f8534362210d3aca0aff74ce000224bd76127dd7b0bce56ccb362,605f62e239322f5313d845a2d699f250ce6a7e0825aa8e661c4d9f8dc5f782d9,ffdd2708cda2855a18fd4a81398631fadb59f1610b8dd3d36eefe8f678572c16,0.36327533300209325
3,tv,0.75,0.02,r3_tv_sigma0.75_lr0.02,119,ok,,2.7288524263565135,8.43576251795271,36,3.6623736157092295,0.01152018228073707,0.04219121163313242,0.04219121163313242,9cc5a5818d004f0f1492c246ba3ab8685b2df3f7dfd15cdf113ebebec42d8dee,64ada1b3e94d843469b9e745b7a15decfea54282d3d3fdc06c17e9cdcea8dc5b,ca428a2d600b7cd0b47722decaa3f8e1a32769793f46a3ced6ba5f9ab631e1f2,01bf4e2b10f88360652600d185a9d719f05502f25f089d70da96eafa7fe4dfe3,0.36006029100099113
3,tv,0.75,0.02,r3_tv_sigma0.75_lr0.02,120,ok,,5.128280717987177,11.190837135856833,36,4.897668936935483,0.010561605656512653,0.05172724794806411,0.05172724794806411,69e5aaf107b63f46b6b057dfe99d3189e4f485b9649136f1718f398f646e43c6,d8e50e695e49ac02b6f76daee1d39919959a4aa8a84f49c7d93d5a5dc3caa2ff,5604d0b01aa38439978ff828fd8b23f34f58aaa29f9fc4cf46c8f2889862d932,dff4b17a330f664ec4d31f507c7603e7842ac94d65226c760d6e78cfa953aeb7,0.364152042006026
3,tv,0.75,0.05,r3_tv_sigma0.75_lr0.05,111,ok,,3.5332350270876476,9.362704896070783,36,4.380268107588597,0.012898456391160973,0.05649869716732471,0.05649869716732472,6f4599f803588363f7f3f06a30082972087391773f80fd6d7eb3eadc6484859e,28b0ebbf9be5e833a1d38468d7218b52b6eca83c2a9f1c6221ed279bc5fe306d,8fab7eb1dfc2006c517c0e7e9e69f75a99f3dc01832c43b11c9ba40c9bcd6823,ff013eda1d426d67006a334f6583897c614d689f5823b14c442be63e78bb3962,0.3623162500007311
3,tv,0.75,0.05,r3_tv_sigma0.75_lr0.05,112,ok,,2.398208883766951,8.037509837289576,36,6.134875961161854,0.008112626724838293,0.049769958676089666,0.049769958676089666,23158049f8a287709543a55b89f8943218b08cba397a67e034633640e70c99f6,ef7c966740418fd6a40b794df00c0c243906c71043c6b0f768b5a1adf85a9eef,02f04c05a341d11e3b57c54926b2dbae6a2e489c24a16657054478fda872ca64,3dd0b47c3c1ce23069083c16d0c2272714da54db5025db5646fd1228b010a5e8,0.3652426250046119
3,tv,0.75,0.05,r3_tv_sigma0.75_lr0.05,113,ok,,3.2421279866250168,8.744238847836998,36,4.033287997488542,0.017302847492291225,0.06978736711303292,0.06978736711303292,1130bcd06d370ab57f1bc3a67409c755b267648b80a0f46e840060bb010d3ab8,c68fb172bb60d66f359aa28c9948d748b520f4271b111e5de41911067a4f354b,1d1668fc7ae6e962f5f3b23083b5cf8c2778125e6999c83b21749b59535e825c,db95c591d5ad7a1f08531cf0e04985b931fc730f28e8ed47b8c7c5d8ecd8db0c,0.3616397500009043
3,tv,0.75,0.05,r3_tv_sigma0.75_lr0.05,114,ok,,2.56953251999068,8.345069380210822,36,5.319846258893224,0.010180170334241626,0.0541569410675111,0.0541569410675111,c8a7a565f4c34afcedf377bd8a33aee023bbafec99430b278d5183f906311b3e,c33ca7855f00a693f1f0af550d168ba9c880c362927ac4b9858046f2d8b7a17c,38002117c0ffdb4a9624b0cd256b65181fc12e3321756df0d82b3aabebebd605,52ceac77e1e0c99a5de90b23d52d3e2f15eb08da92d5b6842d3e92834a138f22,0.3663676670039422
3,tv,0.75,0.05,r3_tv_sigma0.75_lr0.05,115,ok,,1.8967497978447139,7.432363628904364,36,3.777760680485429,0.01067812979997229,0.040339418899455054,0.040339418899455054,21e3187a25ce542a7fda12331f6df5573b7aa9cfb19c4d6a1242f48e9ab77257,2979b01fffc02f60db951ba7c3ab40b94b411246fd1d648f7c1e046da8b55f29,20e1afcba9533c9a3cd05a6d7e63f13cc97f4d348c142d7f72917f8929ca02eb,c3a0cabd7487508470d585545f7b6a856897b0410105302f1b4d5c12944c190d,0.3699721659941133
3,tv,0.75,0.05,r3_tv_sigma0.75_lr0.05,116,ok,,4.532729036946292,10.28952956801957,36,6.311573532425258,0.00938473620936764,0.05923245266783774,0.05923245266783774,b240340bda42b13e461b839e854e8931eb9b197c11fad589d1f07877b5a6c105,8944d8f9094422671c06b3f2af086555200354f4f465fe9295a66b6f28ee7466,a927dd1c515d66a61fb11e1c948c7e8042e5cfedc1c4b8d5dca9f3be9e46a7b7,0d285e8573294ff0f8d626c9d7c79b1ffa6d14fb3071ba7be902aa48627a1c7e,0.3695525000002817
3,tv,0.75,0.05,r3_tv_sigma0.75_lr0.05,117,ok,,2.040440831798665,7.569619070133338,36,2.9431912005466367,0.014512000581185173,0.04271159241287188,0.04271159241287188,2ff937c83d36f7b3a5406c91e8755c50ce932575e34db68925452587b0ab77d6,4ce67a52451597cfc11fd97edf40aa34eb1b5c997198bd1076c33fe083bdd43e,b828baff1fb9f67c70b6dbea3cba487e81abd07d2e9720c22549cc121a9cf9ad,32821079a74fe63f445d951a557ad18447fced01821fc77b6b8d137d2fe48881,0.3673512499954086
3,tv,0.75,0.05,r3_tv_sigma0.75_lr0.05,118,ok,,2.031414140375401,7.866519914588959,36,2.601542934484478,0.017688707689283337,0.04601793250921632,0.04601793250921632,f9372f8f74b3a18b86f9a9dd960278381003e836073cde71119d3b892dde9434,7bd60133923f8534362210d3aca0aff74ce000224bd76127dd7b0bce56ccb362,605f62e239322f5313d845a2d699f250ce6a7e0825aa8e661c4d9f8dc5f782d9,ffdd2708cda2855a18fd4a81398631fadb59f1610b8dd3d36eefe8f678572c16,0.3715281250042608
3,tv,0.75,0.05,r3_tv_sigma0.75_lr0.05,119,ok,,3.919050344044665,9.610872555521164,36,3.6623736157092295,0.01152018228073707,0.04219121163313242,0.04219121163313242,9cc5a5818d004f0f1492c246ba3ab8685b2df3f7dfd15cdf113ebebec42d8dee,64ada1b3e94d843469b9e745b7a15decfea54282d3d3fdc06c17e9cdcea8dc5b,ca428a2d600b7cd0b47722decaa3f8e1a32769793f46a3ced6ba5f9ab631e1f2,01bf4e2b10f88360652600d185a9d719f05502f25f089d70da96eafa7fe4dfe3,0.36303441599739017
3,tv,0.75,0.05,r3_tv_sigma0.75_lr0.05,120,ok,,4.670187834284588,10.710243844184154,36,4.897668936935483,0.010561605656512653,0.05172724794806411,0.05172724794806411,69e5aaf107b63f46b6b057dfe99d3189e4f485b9649136f1718f398f646e43c6,d8e50e695e49ac02b6f76daee1d39919959a4aa8a84f49c7d93d5a5dc3caa2ff,5604d0b01aa38439978ff828fd8b23f34f58aaa29f9fc4cf46c8f2889862d932,dff4b17a330f664ec4d31f507c7603e7842ac94d65226c760d6e78cfa953aeb7,0.36494329199922504
3,tv,0.75,0.1,r3_tv_sigma0.75_lr0.1,111,ok,,1.2886133170532283,7.125928357511168,36,4.380268107588597,0.012898456391160973,0.05649869716732471,0.05649869716732472,6f4599f803588363f7f3f06a30082972087391773f80fd6d7eb3eadc6484859e,28b0ebbf9be5e833a1d38468d7218b52b6eca83c2a9f1c6221ed279bc5fe306d,8fab7eb1dfc2006c517c0e7e9e69f75a99f3dc01832c43b11c9ba40c9bcd6823,ff013eda1d426d67006a334f6583897c614d689f5823b14c442be63e78bb3962,0.36958812499506166
3,tv,0.75,0.1,r3_tv_sigma0.75_lr0.1,112,ok,,3.46283859375528,9.024030932478402,36,6.134875961161854,0.008112626724838293,0.049769958676089666,0.049769958676089666,23158049f8a287709543a55b89f8943218b08cba397a67e034633640e70c99f6,ef7c966740418fd6a40b794df00c0c243906c71043c6b0f768b5a1adf85a9eef,02f04c05a341d11e3b57c54926b2dbae6a2e489c24a16657054478fda872ca64,3dd0b47c3c1ce23069083c16d0c2272714da54db5025db5646fd1228b010a5e8,0.3678576250022161
3,tv,0.75,0.1,r3_tv_sigma0.75_lr0.1,113,ok,,3.0137457119379807,8.537791618397922,36,4.033287997488542,0.017302847492291225,0.06978736711303292,0.06978736711303292,1130bcd06d370ab57f1bc3a67409c755b267648b80a0f46e840060bb010d3ab8,c68fb172bb60d66f359aa28c9948d748b520f4271b111e5de41911067a4f354b,1d1668fc7ae6e962f5f3b23083b5cf8c2778125e6999c83b21749b59535e825c,db95c591d5ad7a1f08531cf0e04985b931fc730f28e8ed47b8c7c5d8ecd8db0c,0.3644979169985163
3,tv,0.75,0.1,r3_tv_sigma0.75_lr0.1,114,ok,,1.6803956699095957,7.442798898920231,36,5.319846258893224,0.010180170334241626,0.0541569410675111,0.0541569410675111,c8a7a565f4c34afcedf377bd8a33aee023bbafec99430b278d5183f906311b3e,c33ca7855f00a693f1f0af550d168ba9c880c362927ac4b9858046f2d8b7a17c,38002117c0ffdb4a9624b0cd256b65181fc12e3321756df0d82b3aabebebd605,52ceac77e1e0c99a5de90b23d52d3e2f15eb08da92d5b6842d3e92834a138f22,0.37032237499806797
3,tv,0.75,0.1,r3_tv_sigma0.75_lr0.1,115,ok,,1.9574315152661148,7.490416867511155,36,3.777760680485429,0.01067812979997229,0.040339418899455054,0.040339418899455054,21e3187a25ce542a7fda12331f6df5573b7aa9cfb19c4d6a1242f48e9ab77257,2979b01fffc02f60db951ba7c3ab40b94b411246fd1d648f7c1e046da8b55f29,20e1afcba9533c9a3cd05a6d7e63f13cc97f4d348c142d7f72917f8929ca02eb,c3a0cabd7487508470d585545f7b6a856897b0410105302f1b4d5c12944c190d,0.36722041600296507
3,tv,0.75,0.1,r3_tv_sigma0.75_lr0.1,116,ok,,3.8353493214222687,9.646771647322602,36,6.311573532425258,0.00938473620936764,0.05923245266783774,0.05923245266783774,b240340bda42b13e461b839e854e8931eb9b197c11fad589d1f07877b5a6c105,8944d8f9094422671c06b3f2af086555200354f4f465fe9295a66b6f28ee7466,a927dd1c515d66a61fb11e1c948c7e8042e5cfedc1c4b8d5dca9f3be9e46a7b7,0d285e8573294ff0f8d626c9d7c79b1ffa6d14fb3071ba7be902aa48627a1c7e,0.3712805419927463
3,tv,0.75,0.1,r3_tv_sigma0.75_lr0.1,117,ok,,1.1609029865944485,6.759010546535625,36,2.9431912005466367,0.014512000581185173,0.04271159241287188,0.04271159241287188,2ff937c83d36f7b3a5406c91e8755c50ce932575e34db68925452587b0ab77d6,4ce67a52451597cfc11fd97edf40aa34eb1b5c997198bd1076c33fe083bdd43e,b828baff1fb9f67c70b6dbea3cba487e81abd07d2e9720c22549cc121a9cf9ad,32821079a74fe63f445d951a557ad18447fced01821fc77b6b8d137d2fe48881,0.366998584002431
3,tv,0.75,0.1,r3_tv_sigma0.75_lr0.1,118,ok,,1.6941541132442768,7.5000727760639565,36,2.601542934484478,0.017688707689283337,0.04601793250921632,0.04601793250921632,f9372f8f74b3a18b86f9a9dd960278381003e836073cde71119d3b892dde9434,7bd60133923f8534362210d3aca0aff74ce000224bd76127dd7b0bce56ccb362,605f62e239322f5313d845a2d699f250ce6a7e0825aa8e661c4d9f8dc5f782d9,ffdd2708cda2855a18fd4a81398631fadb59f1610b8dd3d36eefe8f678572c16,0.37060899999778485
3,tv,0.75,0.1,r3_tv_sigma0.75_lr0.1,119,ok,,2.6726509090111294,8.221895634789748,36,3.6623736157092295,0.01152018228073707,0.04219121163313242,0.04219121163313242,9cc5a5818d004f0f1492c246ba3ab8685b2df3f7dfd15cdf113ebebec42d8dee,64ada1b3e94d843469b9e745b7a15decfea54282d3d3fdc06c17e9cdcea8dc5b,ca428a2d600b7cd0b47722decaa3f8e1a32769793f46a3ced6ba5f9ab631e1f2,01bf4e2b10f88360652600d185a9d719f05502f25f089d70da96eafa7fe4dfe3,0.364966999994067
3,tv,0.75,0.1,r3_tv_sigma0.75_lr0.1,120,ok,,3.322747635380975,9.264384661359683,36,4.897668936935483,0.010561605656512653,0.05172724794806411,0.05172724794806411,69e5aaf107b63f46b6b057dfe99d3189e4f485b9649136f1718f398f646e43c6,d8e50e695e49ac02b6f76daee1d39919959a4aa8a84f49c7d93d5a5dc3caa2ff,5604d0b01aa38439978ff828fd8b23f34f58aaa29f9fc4cf46c8f2889862d932,dff4b17a330f664ec4d31f507c7603e7842ac94d65226c760d6e78cfa953aeb7,0.3679084169998532
3,tv,0.75,0.2,r3_tv_sigma0.75_lr0.2,111,ok,,1.803117813050053,7.673938395213659,36,4.380268107588597,0.012898456391160973,0.05649869716732471,0.05649869716732472,6f4599f803588363f7f3f06a30082972087391773f80fd6d7eb3eadc6484859e,28b0ebbf9be5e833a1d38468d7218b52b6eca83c2a9f1c6221ed279bc5fe306d,8fab7eb1dfc2006c517c0e7e9e69f75a99f3dc01832c43b11c9ba40c9bcd6823,ff013eda1d426d67006a334f6583897c614d689f5823b14c442be63e78bb3962,0.3669166670006234
3,tv,0.75,0.2,r3_tv_sigma0.75_lr0.2,112,ok,,2.2359966717744078,7.885757841684499,36,6.134875961161854,0.008112626724838293,0.049769958676089666,0.049769958676089666,23158049f8a287709543a55b89f8943218b08cba397a67e034633640e70c99f6,ef7c966740418fd6a40b794df00c0c243906c71043c6b0f768b5a1adf85a9eef,02f04c05a341d11e3b57c54926b2dbae6a2e489c24a16657054478fda872ca64,3dd0b47c3c1ce23069083c16d0c2272714da54db5025db5646fd1228b010a5e8,0.3692369170021266
3,tv,0.75,0.2,r3_tv_sigma0.75_lr0.2,113,ok,,2.4456218685650417,7.9757594808283265,36,4.033287997488542,0.017302847492291225,0.06978736711303292,0.06978736711303292,1130bcd06d370ab57f1bc3a67409c755b267648b80a0f46e840060bb010d3ab8,c68fb172bb60d66f359aa28c9948d748b520f4271b111e5de41911067a4f354b,1d1668fc7ae6e962f5f3b23083b5cf8c2778125e6999c83b21749b59535e825c,db95c591d5ad7a1f08531cf0e04985b931fc730f28e8ed47b8c7c5d8ecd8db0c,0.36666054200031795
3,tv,0.75,0.2,r3_tv_sigma0.75_lr0.2,114,ok,,1.580202402344416,7.313558963125885,36,5.319846258893224,0.010180170334241626,0.0541569410675111,0.0541569410675111,c8a7a565f4c34afcedf377bd8a33aee023bbafec99430b278d5183f906311b3e,c33ca7855f00a693f1f0af550d168ba9c880c362927ac4b9858046f2d8b7a17c,38002117c0ffdb4a9624b0cd256b65181fc12e3321756df0d82b3aabebebd605,52ceac77e1e0c99a5de90b23d52d3e2f15eb08da92d5b6842d3e92834a138f22,0.3693771670004935
3,tv,0.75,0.2,r3_tv_sigma0.75_lr0.2,115,ok,,1.542095665742818,7.056312261807206,36,3.777760680485429,0.01067812979997229,0.040339418899455054,0.040339418899455054,21e3187a25ce542a7fda12331f6df5573b7aa9cfb19c4d6a1242f48e9ab77257,2979b01fffc02f60db951ba7c3ab40b94b411246fd1d648f7c1e046da8b55f29,20e1afcba9533c9a3cd05a6d7e63f13cc97f4d348c142d7f72917f8929ca02eb,c3a0cabd7487508470d585545f7b6a856897b0410105302f1b4d5c12944c190d,0.3669470410022768
3,tv,0.75,0.2,r3_tv_sigma0.75_lr0.2,116,ok,,1.6059282494245155,7.271218423234701,36,6.311573532425258,0.00938473620936764,0.05923245266783774,0.05923245266783774,b240340bda42b13e461b839e854e8931eb9b197c11fad589d1f07877b5a6c105,8944d8f9094422671c06b3f2af086555200354f4f465fe9295a66b6f28ee7466,a927dd1c515d66a61fb11e1c948c7e8042e5cfedc1c4b8d5dca9f3be9e46a7b7,0d285e8573294ff0f8d626c9d7c79b1ffa6d14fb3071ba7be902aa48627a1c7e,0.36929358399356715
3,tv,0.75,0.2,r3_tv_sigma0.75_lr0.2,117,ok,,1.302153574664723,6.867471829208362,36,2.9431912005466367,0.014512000581185173,0.04271159241287188,0.04271159241287188,2ff937c83d36f7b3a5406c91e8755c50ce932575e34db68925452587b0ab77d6,4ce67a52451597cfc11fd97edf40aa34eb1b5c997198bd1076c33fe083bdd43e,b828baff1fb9f67c70b6dbea3cba487e81abd07d2e9720c22549cc121a9cf9ad,32821079a74fe63f445d951a557ad18447fced01821fc77b6b8d137d2fe48881,0.367557333993318
3,tv,0.75,0.2,r3_tv_sigma0.75_lr0.2,118,ok,,1.9754890801355192,7.769999672460132,36,2.601542934484478,0.017688707689283337,0.04601793250921632,0.04601793250921632,f9372f8f74b3a18b86f9a9dd960278381003e836073cde71119d3b892dde9434,7bd60133923f8534362210d3aca0aff74ce000224bd76127dd7b0bce56ccb362,605f62e239322f5313d845a2d699f250ce6a7e0825aa8e661c4d9f8dc5f782d9,ffdd2708cda2855a18fd4a81398631fadb59f1610b8dd3d36eefe8f678572c16,0.37068383299629204
3,tv,0.75,0.2,r3_tv_sigma0.75_lr0.2,119,ok,,2.722265249818145,8.316787229144222,36,3.6623736157092295,0.01152018228073707,0.04219121163313242,0.04219121163313242,9cc5a5818d004f0f1492c246ba3ab8685b2df3f7dfd15cdf113ebebec42d8dee,64ada1b3e94d843469b9e745b7a15decfea54282d3d3fdc06c17e9cdcea8dc5b,ca428a2d600b7cd0b47722decaa3f8e1a32769793f46a3ced6ba5f9ab631e1f2,01bf4e2b10f88360652600d185a9d719f05502f25f089d70da96eafa7fe4dfe3,0.3689085830046679
3,tv,0.75,0.2,r3_tv_sigma0.75_lr0.2,120,ok,,3.7713930271625937,9.74619305729258,36,4.897668936935483,0.010561605656512653,0.05172724794806411,0.05172724794806411,69e5aaf107b63f46b6b057dfe99d3189e4f485b9649136f1718f398f646e43c6,d8e50e695e49ac02b6f76daee1d39919959a4aa8a84f49c7d93d5a5dc3caa2ff,5604d0b01aa38439978ff828fd8b23f34f58aaa29f9fc4cf46c8f2889862d932,dff4b17a330f664ec4d31f507c7603e7842ac94d65226c760d6e78cfa953aeb7,0.3733914999975241
4,hellinger,1.0,0.005,r4_hellinger_sigma1_lr0.005,111,ok,,0.9559092533762508,6.756795529479312,48,0.18332218614686321,0.2644578039590156,0.04848098276536531,0.04848098276536531,6f4599f803588363f7f3f06a30082972087391773f80fd6d7eb3eadc6484859e,d59d43420c9129a49d4e4aa149c529c6e0cbc3f6e3f83610204fc311412d67e5,46ec6552ea8abd2c67a85ebf993bb74a1984e0f557904f8a35ae4eb6d2b596da,ff013eda1d426d67006a334f6583897c614d689f5823b14c442be63e78bb3962,0.384466750001593
4,hellinger,1.0,0.005,r4_hellinger_sigma1_lr0.005,112,ok,,0.9449637566011906,6.598348324849208,48,0.17546953184207095,0.3004184082865434,0.0527142774587799,0.05271427745877991,23158049f8a287709543a55b89f8943218b08cba397a67e034633640e70c99f6,889fcea4602e0d08ee4021f00203d655dcb8d5e70709f4efb56844c28ea0e74c,b0126d22db14df8032614d0be237f7ba7f8faae015df79310d48a47a7e019709,3dd0b47c3c1ce23069083c16d0c2272714da54db5025db5646fd1228b010a5e8,0.386380249998183
4,hellinger,1.0,0.005,r4_hellinger_sigma1_lr0.005,113,ok,,1.1610077732857194,6.751446938560077,48,0.19973446404975861,0.29118326410290474,0.058159333195852994,0.058159333195852994,1130bcd06d370ab57f1bc3a67409c755b267648b80a0f46e840060bb010d3ab8,f16642197b525fd13d6256e464b0e7fa2a58d7c9a10bd02c003ee0dc3c54951c,494a09d0cb32c8fd575150abd91ad12074451b075c550159cd5a0edda3ce9c1b,db95c591d5ad7a1f08531cf0e04985b931fc730f28e8ed47b8c7c5d8ecd8db0c,0.384862457998679
4,hellinger,1.0,0.005,r4_hellinger_sigma1_lr0.005,114,ok,,1.013480990927955,6.723715978128037,48,0.15785945808265814,0.2654514314659511,0.04190401911848091,0.04190401911848091,c8a7a565f4c34afcedf377bd8a33aee023bbafec99430b278d5183f906311b3e,b866245d1a511ec78b1c46ad9c5b7c24ae305d3a4597eadd1513f9251448aada,9fc9306ab4737b5804dc59a07264243c6abc622ca16efa0cd4d6bddf38b05e36,52ceac77e1e0c99a5de90b23d52d3e2f15eb08da92d5b6842d3e92834a138f22,0.38514125000074273
4,hellinger,1.0,0.005,r4_hellinger_sigma1_lr0.005,115,ok,,1.369415130542695,6.921027982595124,48,0.1393889818787476,0.2952355655245826,0.04115258489286784,0.04115258489286784,21e3187a25ce542a7fda12331f6df5573b7aa9cfb19c4d6a1242f48e9ab77257,511a9fee1d8f467003479f0b9dcb30337ee1a68e067dcc991d5efeaa1c30f3ca,fae9b80b4b9bbecd172da441f7a298732dc4ec9c5fd56650a16ee48bf4f2164a,c3a0cabd7487508470d585545f7b6a856897b0410105302f1b4d5c12944c190d,0.3875162080003065
4,hellinger,1.0,0.005,r4_hellinger_sigma1_lr0.005,116,ok,,1.3025398340895218,7.010615090126507,48,0.17622488208884032,0.2873729780532509,0.05064226917295304,0.05064226917295304,b240340bda42b13e461b839e854e8931eb9b197c11fad589d1f07877b5a6c105,cef618fe0fa48343569619b7334137da0e397721eb3a078c08871e9e4193d1f5,67eaeaae05cc33550f061649f99bb92951375c55491458d36e2f1c224114a8b1,0d285e8573294ff0f8d626c9d7c79b1ffa6d14fb3071ba7be902aa48627a1c7e,0.38685920799616724
4,hellinger,1.0,0.005,r4_hellinger_sigma1_lr0.005,117,ok,,1.1902986750213973,6.824498743350645,48,0.14089442826847737,0.27899535932912417,0.039308891642235354,0.039308891642235354,2ff937c83d36f7b3a5406c91e8755c50ce932575e34db68925452587b0ab77d6,e0b9f294b820a1aa278f5cd75720af9014c99374da05d571d878890a160e022a,6d2e8203ab09f7481803ba6cac1d0fef11989f0d29cc5ddaeca62054fed6f238,32821079a74fe63f445d951a557ad18447fced01821fc77b6b8d137d2fe48881,0.38378100000409177
4,hellinger,1.0,0.005,r4_hellinger_sigma1_lr0.005,118,ok,,0.8368819732552042,6.557841372574245,48,0.15632451022988117,0.2648837364802107,0.041407820373129844,0.041407820373129844,f9372f8f74b3a18b86f9a9dd960278381003e836073cde71119d3b892dde9434,bf34f477abb16f7800703a8aa5ac322b03f582a20f996d74e68f001cf9732cdb,3672d037714419789c221c8c7564a09d4bd2e60bbf08a0fa3cd13f9a40a45c57,ffdd2708cda2855a18fd4a81398631fadb59f1610b8dd3d36eefe8f678572c16,0.38263529099640436
4,hellinger,1.0,0.005,r4_hellinger_sigma1_lr0.005,119,ok,,0.9875925316127669,6.592340167905469,48,0.14408505253120915,0.27030287405514675,0.03894660380757263,0.03894660380757263,9cc5a5818d004f0f1492c246ba3ab8685b2df3f7dfd15cdf113ebebec42d8dee,152370bb377ea714cfc078c2235d0ba001bfe1626af828d19a441d0c68fa2f0a,a56289775eec0ce432a321db146cf9b88569ccab3daaa3aefaeb57ea0050cb73,01bf4e2b10f88360652600d185a9d719f05502f25f089d70da96eafa7fe4dfe3,0.3855896250024671
4,hellinger,1.0,0.005,r4_hellinger_sigma1_lr0.005,120,ok,,1.0195948506791528,6.819953533814681,48,0.17112946074830454,0.27258309150084875,0.046646997457646,0.046646997457646,69e5aaf107b63f46b6b057dfe99d3189e4f485b9649136f1718f398f646e43c6,c8a464e3dc5900b1823e47278ccc6047977a95a0a6e7739b20457a50c75e991c,be8ede604a893ee87034e6fb596cea91ea3be8f191d448807bebae1ef6fbfe79,dff4b17a330f664ec4d31f507c7603e7842ac94d65226c760d6e78cfa953aeb7,0.3885105829976965
4,hellinger,1.0,0.01,r4_hellinger_sigma1_lr0.01,111,ok,,0.8333671438023991,6.648307589309837,48,0.18332218614686321,0.2644578039590156,0.04848098276536531,0.04848098276536531,6f4599f803588363f7f3f06a30082972087391773f80fd6d7eb3eadc6484859e,d59d43420c9129a49d4e4aa149c529c6e0cbc3f6e3f83610204fc311412d67e5,46ec6552ea8abd2c67a85ebf993bb74a1984e0f557904f8a35ae4eb6d2b596da,ff013eda1d426d67006a334f6583897c614d689f5823b14c442be63e78bb3962,0.3846784170018509
4,hellinger,1.0,0.01,r4_hellinger_sigma1_lr0.01,112,ok,,0.9861778492462454,6.643486115849422,48,0.17546953184207095,0.3004184082865434,0.0527142774587799,0.05271427745877991,23158049f8a287709543a55b89f8943218b08cba397a67e034633640e70c99f6,889fcea4602e0d08ee4021f00203d655dcb8d5e70709f4efb56844c28ea0e74c,b0126d22db14df8032614d0be237f7ba7f8faae015df79310d48a47a7e019709,3dd0b47c3c1ce23069083c16d0c2272714da54db5025db5646fd1228b010a5e8,0.3831401659990661
4,hellinger,1.0,0.01,r4_hellinger_sigma1_lr0.01,113,ok,,1.0165896153009903,6.626943454724213,48,0.19973446404975861,0.29118326410290474,0.058159333195852994,0.058159333195852994,1130bcd06d370ab57f1bc3a67409c755b267648b80a0f46e840060bb010d3ab8,f16642197b525fd13d6256e464b0e7fa2a58d7c9a10bd02c003ee0dc3c54951c,494a09d0cb32c8fd575150abd91ad12074451b075c550159cd5a0edda3ce9c1b,db95c591d5ad7a1f08531cf0e04985b931fc730f28e8ed47b8c7c5d8ecd8db0c,0.38658029199723387
4,hellinger,1.0,0.01,r4_hellinger_sigma1_lr0.01,114,ok,,1.0359683250830596,6.727109858311617,48,0.15785945808265814,0.2654514314659511,0.04190401911848091,0.04190401911848091,c8a7a565f4c34afcedf377bd8a33aee023bbafec99430b278d5183f906311b3e,b866245d1a511ec78b1c46ad9c5b7c24ae305d3a4597eadd1513f9251448aada,9fc9306ab4737b5804dc59a07264243c6abc622ca16efa0cd4d6bddf38b05e36,52ceac77e1e0c99a5de90b23d52d3e2f15eb08da92d5b6842d3e92834a138f22,0.3854044170002453
4,hellinger,1.0,0.01,r4_hellinger_sigma1_lr0.01,115,ok,,1.2543211336564684,6.803129841872416,48,0.1393889818787476,0.2952355655245826,0.04115258489286784,0.04115258489286784,21e3187a25ce542a7fda12331f6df5573b7aa9cfb19c4d6a1242f48e9ab77257,511a9fee1d8f467003479f0b9dcb30337ee1a68e067dcc991d5efeaa1c30f3ca,fae9b80b4b9bbecd172da441f7a298732dc4ec9c5fd56650a16ee48bf4f2164a,c3a0cabd7487508470d585545f7b6a856897b0410105302f1b4d5c12944c190d,0.3840282910023234
4,hellinger,1.0,0.01,r4_hellinger_sigma1_lr0.01,116,ok,,1.3143314589106754,6.992882436092094,48,0.17622488208884032,0.2873729780532509,0.05064226917295304,0.05064226917295304,b240340bda42b13e461b839e854e8931eb9b197c11fad589d1f07877b5a6c105,cef618fe0fa48343569619b7334137da0e397721eb3a078c08871e9e4193d1f5,67eaeaae05cc33550f061649f99bb92951375c55491458d36e2f1c224114a8b1,0d285e8573294ff0f8d626c9d7c79b1ffa6d14fb3071ba7be902aa48627a1c7e,0.383522374999302
4,hellinger,1.0,0.01,r4_hellinger_sigma1_lr0.01,117,ok,,1.2401463425209405,6.895821182916478,48,0.14089442826847737,0.27899535932912417,0.039308891642235354,0.039308891642235354,2ff937c83d36f7b3a5406c91e8755c50ce932575e34db68925452587b0ab77d6,e0b9f294b820a1aa278f5cd75720af9014c99374da05d571d878890a160e022a,6d2e8203ab09f7481803ba6cac1d0fef11989f0d29cc5ddaeca62054fed6f238,32821079a74fe63f445d951a557ad18447fced01821fc77b6b8d137d2fe48881,0.38757183399866335
4,hellinger,1.0,0.01,r4_hellinger_sigma1_lr0.01,118,ok,,0.9205626586192267,6.682006006989746,48,0.15632451022988117,0.2648837364802107,0.041407820373129844,0.041407820373129844,f9372f8f74b3a18b86f9a9dd960278381003e836073cde71119d3b892dde9434,bf34f477abb16f7800703a8aa5ac322b03f582a20f996d74e68f001cf9732cdb,3672d037714419789c221c8c7564a09d4bd2e60bbf08a0fa3cd13f9a40a45c57,ffdd2708cda2855a18fd4a81398631fadb59f1610b8dd3d36eefe8f678572c16,0.38887158300349256
4,hellinger,1.0,0.01,r4_hellinger_sigma1_lr0.01,119,ok,,0.9341894988631188,6.556850638910811,48,0.14408505253120915,0.27030287405514675,0.03894660380757263,0.03894660380757263,9cc5a5818d004f0f1492c246ba3ab8685b2df3f7dfd15cdf113ebebec42d8dee,152370bb377ea714cfc078c2235d0ba001bfe1626af828d19a441d0c68fa2f0a,a56289775eec0ce432a321db146cf9b88569ccab3daaa3aefaeb57ea0050cb73,01bf4e2b10f88360652600d185a9d719f05502f25f089d70da96eafa7fe4dfe3,0.3846447079995414
4,hellinger,1.0,0.01,r4_hellinger_sigma1_lr0.01,120,ok,,1.0161253819004559,6.816624221667756,48,0.17112946074830454,0.27258309150084875,0.046646997457646,0.046646997457646,69e5aaf107b63f46b6b057dfe99d3189e4f485b9649136f1718f398f646e43c6,c8a464e3dc5900b1823e47278ccc6047977a95a0a6e7739b20457a50c75e991c,be8ede604a893ee87034e6fb596cea91ea3be8f191d448807bebae1ef6fbfe79,dff4b17a330f664ec4d31f507c7603e7842ac94d65226c760d6e78cfa953aeb7,0.3841744169985759
4,hellinger,1.0,0.02,r4_hellinger_sigma1_lr0.02,111,ok,,0.8742368733228092,6.703491419352274,48,0.18332218614686321,0.2644578039590156,0.04848098276536531,0.04848098276536531,6f4599f803588363f7f3f06a30082972087391773f80fd6d7eb3eadc6484859e,d59d43420c9129a49d4e4aa149c529c6e0cbc3f6e3f83610204fc311412d67e5,46ec6552ea8abd2c67a85ebf993bb74a1984e0f557904f8a35ae4eb6d2b596da,ff013eda1d426d67006a334f6583897c614d689f5823b14c442be63e78bb3962,0.38637924999784445
4,hellinger,1.0,0.02,r4_hellinger_sigma1_lr0.02,112,ok,,0.9856628320351469,6.642877885591083,48,0.17546953184207095,0.3004184082865434,0.0527142774587799,0.05271427745877991,23158049f8a287709543a55b89f8943218b08cba397a67e034633640e70c99f6,889fcea4602e0d08ee4021f00203d655dcb8d5e70709f4efb56844c28ea0e74c,b0126d22db14df8032614d0be237f7ba7f8faae015df79310d48a47a7e019709,3dd0b47c3c1ce23069083c16d0c2272714da54db5025db5646fd1228b010a5e8,0.38715329200203996
4,hellinger,1.0,0.02,r4_hellinger_sigma1_lr0.02,113,ok,,1.0157788758433286,6.61017592793321,48,0.19973446404975861,0.29118326410290474,0.058159333195852994,0.058159333195852994,1130bcd06d370ab57f1bc3a67409c755b267648b80a0f46e840060bb010d3ab8,f16642197b525fd13d6256e464b0e7fa2a58d7c9a10bd02c003ee0dc3c54951c,494a09d0cb32c8fd575150abd91ad12074451b075c550159cd5a0edda3ce9c1b,db95c591d5ad7a1f08531cf0e04985b931fc730f28e8ed47b8c7c5d8ecd8db0c,0.3839483339979779
4,hellinger,1.0,0.02,r4_hellinger_sigma1_lr0.02,114,ok,,1.1148688721629747,6.826385975251004,48,0.15785945808265814,0.2654514314659511,0.04190401911848091,0.04190401911848091,c8a7a565f4c34afcedf377bd8a33aee023bbafec99430b278d5183f906311b3e,b866245d1a511ec78b1c46ad9c5b7c24ae305d3a4597eadd1513f9251448aada,9fc9306ab4737b5804dc59a07264243c6abc622ca16efa0cd4d6bddf38b05e36,52ceac77e1e0c99a5de90b23d52d3e2f15eb08da92d5b6842d3e92834a138f22,0.3830937500024447
4,hellinger,1.0,0.02,r4_hellinger_sigma1_lr0.02,115,ok,,1.2338418774250224,6.784977157329444,48,0.1393889818787476,0.2952355655245826,0.04115258489286784,0.04115258489286784,21e3187a25ce542a7fda12331f6df5573b7aa9cfb19c4d6a1242f48e9ab77257,511a9fee1d8f467003479f0b9dcb30337ee1a68e067dcc991d5efeaa1c30f3ca,fae9b80b4b9bbecd172da441f7a298732dc4ec9c5fd56650a16ee48bf4f2164a,c3a0cabd7487508470d585545f7b6a856897b0410105302f1b4d5c12944c190d,0.3845879590007826
4,hellinger,1.0,0.02,r4_hellinger_sigma1_lr0.02,116,ok,,1.4890304972191086,7.166927793737159,48,0.17622488208884032,0.2873729780532509,0.05064226917295304,0.05064226917295304,b240340bda42b13e461b839e854e8931eb9b197c11fad589d1f07877b5a6c105,cef618fe0fa48343569619b7334137da0e397721eb3a078c08871e9e4193d1f5,67eaeaae05cc33550f061649f99bb92951375c55491458d36e2f1c224114a8b1,0d285e8573294ff0f8d626c9d7c79b1ffa6d14fb3071ba7be902aa48627a1c7e,0.38779620899731526
4,hellinger,1.0,0.02,r4_hellinger_sigma1_lr0.02,117,ok,,1.0265197897958425,6.64755787073028,48,0.14089442826847737,0.27899535932912417,0.039308891642235354,0.039308891642235354,2ff937c83d36f7b3a5406c91e8755c50ce932575e34db68925452587b0ab77d6,e0b9f294b820a1aa278f5cd75720af9014c99374da05d571d878890a160e022a,6d2e8203ab09f7481803ba6cac1d0fef11989f0d29cc5ddaeca62054fed6f238,32821079a74fe63f445d951a557ad18447fced01821fc77b6b8d137d2fe48881,0.3839568750045146
4,hellinger,1.0,0.02,r4_hellinger_sigma1_lr0.02,118,ok,,0.8355947701980451,6.587190942152182,48,0.15632451022988117,0.2648837364802107,0.041407820373129844,0.041407820373129844,f9372f8f74b3a18b86f9a9dd960278381003e836073cde71119d3b892dde9434,bf34f477abb16f7800703a8aa5ac322b03f582a20f996d74e68f001cf9732cdb,3672d037714419789c221c8c7564a09d4bd2e60bbf08a0fa3cd13f9a40a45c57,ffdd2708cda2855a18fd4a81398631fadb59f1610b8dd3d36eefe8f678572c16,0.3875446660022135
4,hellinger,1.0,0.02,r4_hellinger_sigma1_lr0.02,119,ok,,0.9122939290128727,6.526722589394431,48,0.14408505253120915,0.27030287405514675,0.03894660380757263,0.03894660380757263,9cc5a5818d004f0f1492c246ba3ab8685b2df3f7dfd15cdf113ebebec42d8dee,152370bb377ea714cfc078c2235d0ba001bfe1626af828d19a441d0c68fa2f0a,a56289775eec0ce432a321db146cf9b88569ccab3daaa3aefaeb57ea0050cb73,01bf4e2b10f88360652600d185a9d719f05502f25f089d70da96eafa7fe4dfe3,0.3848456669948064
4,hellinger,1.0,0.02,r4_hellinger_sigma1_lr0.02,120,ok,,1.0133693090112532,6.804544428726736,48,0.17112946074830454,0.27258309150084875,0.046646997457646,0.046646997457646,69e5aaf107b63f46b6b057dfe99d3189e4f485b9649136f1718f398f646e43c6,c8a464e3dc5900b1823e47278ccc6047977a95a0a6e7739b20457a50c75e991c,be8ede604a893ee87034e6fb596cea91ea3be8f191d448807bebae1ef6fbfe79,dff4b17a330f664ec4d31f507c7603e7842ac94d65226c760d6e78cfa953aeb7,0.3870090420023189
4,hellinger,1.0,0.05,r4_hellinger_sigma1_lr0.05,111,ok,,0.6891634270837775,6.486219562005081,48,0.18332218614686321,0.2644578039590156,0.04848098276536531,0.04848098276536531,6f4599f803588363f7f3f06a30082972087391773f80fd6d7eb3eadc6484859e,d59d43420c9129a49d4e4aa149c529c6e0cbc3f6e3f83610204fc311412d67e5,46ec6552ea8abd2c67a85ebf993bb74a1984e0f557904f8a35ae4eb6d2b596da,ff013eda1d426d67006a334f6583897c614d689f5823b14c442be63e78bb3962,0.383640917003504
4,hellinger,1.0,0.05,r4_hellinger_sigma1_lr0.05,112,ok,,0.9750330032335082,6.634364659409997,48,0.17546953184207095,0.3004184082865434,0.0527142774587799,0.05271427745877991,23158049f8a287709543a55b89f8943218b08cba397a67e034633640e70c99f6,889fcea4602e0d08ee4021f00203d655dcb8d5e70709f4efb56844c28ea0e74c,b0126d22db14df8032614d0be237f7ba7f8faae015df79310d48a47a7e019709,3dd0b47c3c1ce23069083c16d0c2272714da54db5025db5646fd1228b010a5e8,0.38241704200481763
4,hellinger,1.0,0.05,r4_hellinger_sigma1_lr0.05,113,ok,,1.1089797893427538,6.680275727378584,48,0.19973446404975861,0.29118326410290474,0.058159333195852994,0.058159333195852994,1130bcd06d370ab57f1bc3a67409c755b267648b80a0f46e840060bb010d3ab8,f16642197b525fd13d6256e464b0e7fa2a58d7c9a10bd02c003ee0dc3c54951c,494a09d0cb32c8fd575150abd91ad12074451b075c550159cd5a0edda3ce9c1b,db95c591d5ad7a1f08531cf0e04985b931fc730f28e8ed47b8c7c5d8ecd8db0c,0.3858503339943127
4,hellinger,1.0,0.05,r4_hellinger_sigma1_lr0.05,114,ok,,0.933403775191152,6.658385614928553,48,0.15785945808265814,0.2654514314659511,0.04190401911848091,0.04190401911848091,c8a7a565f4c34afcedf377bd8a33aee023bbafec99430b278d5183f906311b3e,b866245d1a511ec78b1c46ad9c5b7c24ae305d3a4597eadd1513f9251448aada,9fc9306ab4737b5804dc59a07264243c6abc622ca16efa0cd4d6bddf38b05e36,52ceac77e1e0c99a5de90b23d52d3e2f15eb08da92d5b6842d3e92834a138f22,0.38688520800496917
4,hellinger,1.0,0.05,r4_hellinger_sigma1_lr0.05,115,ok,,1.1815873629689961,6.6996960229207145,48,0.1393889818787476,0.2952355655245826,0.04115258489286784,0.04115258489286784,21e3187a25ce542a7fda12331f6df5573b7aa9cfb19c4d6a1242f48e9ab77257,511a9fee1d8f467003479f0b9dcb30337ee1a68e067dcc991d5efeaa1c30f3ca,fae9b80b4b9bbecd172da441f7a298732dc4ec9c5fd56650a16ee48bf4f2164a,c3a0cabd7487508470d585545f7b6a856897b0410105302f1b4d5c12944c190d,0.38055716599774314
4,hellinger,1.0,0.05,r4_hellinger_sigma1_lr0.05,116,ok,,1.3683154111539397,7.050537709843491,48,0.17622488208884032,0.2873729780532509,0.05064226917295304,0.05064226917295304,b240340bda42b13e461b839e854e8931eb9b197c11fad589d1f07877b5a6c105,cef618fe0fa48343569619b7334137da0e397721eb3a078c08871e9e4193d1f5,67eaeaae05cc33550f061649f99bb92951375c55491458d36e2f1c224114a8b1,0d285e8573294ff0f8d626c9d7c79b1ffa6d14fb3071ba7be902aa48627a1c7e,0.3848680000010063
4,hellinger,1.0,0.05,r4_hellinger_sigma1_lr0.05,117,ok,,1.0054726209455251,6.635078799634756,48,0.14089442826847737,0.27899535932912417,0.039308891642235354,0.039308891642235354,2ff937c83d36f7b3a5406c91e8755c50ce932575e34db68925452587b0ab77d6,e0b9f294b820a1aa278f5cd75720af9014c99374da05d571d878890a160e022a,6d2e8203ab09f7481803ba6cac1d0fef11989f0d29cc5ddaeca62054fed6f238,32821079a74fe63f445d951a557ad18447fced01821fc77b6b8d137d2fe48881,0.38518487499823095
4,hellinger,1.0,0.05,r4_hellinger_sigma1_lr0.05,118,ok,,0.8412448652650854,6.6126860924457125,48,0.15632451022988117,0.2648837364802107,0.041407820373129844,0.041407820373129844,f9372f8f74b3a18b86f9a9dd960278381003e836073cde71119d3b892dde9434,bf34f477abb16f7800703a8aa5ac322b03f582a20f996d74e68f001cf9732cdb,3672d037714419789c221c8c7564a09d4bd2e60bbf08a0fa3cd13f9a40a45c57,ffdd2708cda2855a18fd4a81398631fadb59f1610b8dd3d36eefe8f678572c16,0.3881036250022589
4,hellinger,1.0,0.05,r4_hellinger_sigma1_lr0.05,119,ok,,0.9674823582547798,6.571410041628785,48,0.14408505253120915,0.27030287405514675,0.03894660380757263,0.03894660380757263,9cc5a5818d004f0f1492c246ba3ab8685b2df3f7dfd15cdf113ebebec42d8dee,152370bb377ea714cfc078c2235d0ba001bfe1626af828d19a441d0c68fa2f0a,a56289775eec0ce432a321db146cf9b88569ccab3daaa3aefaeb57ea0050cb73,01bf4e2b10f88360652600d185a9d719f05502f25f089d70da96eafa7fe4dfe3,0.3808074159969692
4,hellinger,1.0,0.05,r4_hellinger_sigma1_lr0.05,120,ok,,1.0076029814291338,6.784663670688209,48,0.17112946074830454,0.27258309150084875,0.046646997457646,0.046646997457646,69e5aaf107b63f46b6b057dfe99d3189e4f485b9649136f1718f398f646e43c6,c8a464e3dc5900b1823e47278ccc6047977a95a0a6e7739b20457a50c75e991c,be8ede604a893ee87034e6fb596cea91ea3be8f191d448807bebae1ef6fbfe79,dff4b17a330f664ec4d31f507c7603e7842ac94d65226c760d6e78cfa953aeb7,0.3834600420013885
4,hellinger,1.0,0.1,r4_hellinger_sigma1_lr0.1,111,ok,,0.8153356578724994,6.625293265514056,48,0.18332218614686321,0.2644578039590156,0.04848098276536531,0.04848098276536531,6f4599f803588363f7f3f06a30082972087391773f80fd6d7eb3eadc6484859e,d59d43420c9129a49d4e4aa149c529c6e0cbc3f6e3f83610204fc311412d67e5,46ec6552ea8abd2c67a85ebf993bb74a1984e0f557904f8a35ae4eb6d2b596da,ff013eda1d426d67006a334f6583897c614d689f5823b14c442be63e78bb3962,0.38748608400055673
4,hellinger,1.0,0.1,r4_hellinger_sigma1_lr0.1,112,ok,,1.0766426797650888,6.748939692748548,48,0.17546953184207095,0.3004184082865434,0.0527142774587799,0.05271427745877991,23158049f8a287709543a55b89f8943218b08cba397a67e034633640e70c99f6,889fcea4602e0d08ee4021f00203d655dcb8d5e70709f4efb56844c28ea0e74c,b0126d22db14df8032614d0be237f7ba7f8faae015df79310d48a47a7e019709,3dd0b47c3c1ce23069083c16d0c2272714da54db5025db5646fd1228b010a5e8,0.38841470800252864
4,hellinger,1.0,0.1,r4_hellinger_sigma1_lr0.1,113,ok,,1.0987966350843816,6.656131714358524,48,0.19973446404975861,0.29118326410290474,0.058159333195852994,0.058159333195852994,1130bcd06d370ab57f1bc3a67409c755b267648b80a0f46e840060bb010d3ab8,f16642197b525fd13d6256e464b0e7fa2a58d7c9a10bd02c003ee0dc3c54951c,494a09d0cb32c8fd575150abd91ad12074451b075c550159cd5a0edda3ce9c1b,db95c591d5ad7a1f08531cf0e04985b931fc730f28e8ed47b8c7c5d8ecd8db0c,0.3861298749980051
4,hellinger,1.0,0.1,r4_hellinger_sigma1_lr0.1,114,ok,,0.9269040455232713,6.652658577892739,48,0.15785945808265814,0.2654514314659511,0.04190401911848091,0.04190401911848091,c8a7a565f4c34afcedf377bd8a33aee023bbafec99430b278d5183f906311b3e,b866245d1a511ec78b1c46ad9c5b7c24ae305d3a4597eadd1513f9251448aada,9fc9306ab4737b5804dc59a07264243c6abc622ca16efa0cd4d6bddf38b05e36,52ceac77e1e0c99a5de90b23d52d3e2f15eb08da92d5b6842d3e92834a138f22,0.3840450419957051
4,hellinger,1.0,0.1,r4_hellinger_sigma1_lr0.1,115,ok,,1.2652470276126488,6.807818002250611,48,0.1393889818787476,0.2952355655245826,0.04115258489286784,0.04115258489286784,21e3187a25ce542a7fda12331f6df5573b7aa9cfb19c4d6a1242f48e9ab77257,511a9fee1d8f467003479f0b9dcb30337ee1a68e067dcc991d5efeaa1c30f3ca,fae9b80b4b9bbecd172da441f7a298732dc4ec9c5fd56650a16ee48bf4f2164a,c3a0cabd7487508470d585545f7b6a856897b0410105302f1b4d5c12944c190d,0.38675074999628123
4,hellinger,1.0,0.1,r4_hellinger_sigma1_lr0.1,116,ok,,1.3783779277293156,7.037145189862031,48,0.17622488208884032,0.2873729780532509,0.05064226917295304,0.05064226917295304,b240340bda42b13e461b839e854e8931eb9b197c11fad589d1f07877b5a6c105,cef618fe0fa48343569619b7334137da0e397721eb3a078c08871e9e4193d1f5,67eaeaae05cc33550f061649f99bb92951375c55491458d36e2f1c224114a8b1,0d285e8573294ff0f8d626c9d7c79b1ffa6d14fb3071ba7be902aa48627a1c7e,0.3905979160044808
4,hellinger,1.0,0.1,r4_hellinger_sigma1_lr0.1,117,ok,,1.0636475027125794,6.6868788233436245,48,0.14089442826847737,0.27899535932912417,0.039308891642235354,0.039308891642235354,2ff937c83d36f7b3a5406c91e8755c50ce932575e34db68925452587b0ab77d6,e0b9f294b820a1aa278f5cd75720af9014c99374da05d571d878890a160e022a,6d2e8203ab09f7481803ba6cac1d0fef11989f0d29cc5ddaeca62054fed6f238,32821079a74fe63f445d951a557ad18447fced01821fc77b6b8d137d2fe48881,0.3874275000052876
4,hellinger,1.0,0.1,r4_hellinger_sigma1_lr0.1,118,ok,,0.8392089886688916,6.610449099362843,48,0.15632451022988117,0.2648837364802107,0.041407820373129844,0.041407820373129844,f9372f8f74b3a18b86f9a9dd960278381003e836073cde71119d3b892dde9434,bf34f477abb16f7800703a8aa5ac322b03f582a20f996d74e68f001cf9732cdb,3672d037714419789c221c8c7564a09d4bd2e60bbf08a0fa3cd13f9a40a45c57,ffdd2708cda2855a18fd4a81398631fadb59f1610b8dd3d36eefe8f678572c16,0.38871683400066104
4,hellinger,1.0,0.1,r4_hellinger_sigma1_lr0.1,119,ok,,1.0515080928814902,6.684724007323042,48,0.14408505253120915,0.27030287405514675,0.03894660380757263,0.03894660380757263,9cc5a5818d004f0f1492c246ba3ab8685b2df3f7dfd15cdf113ebebec42d8dee,152370bb377ea714cfc078c2235d0ba001bfe1626af828d19a441d0c68fa2f0a,a56289775eec0ce432a321db146cf9b88569ccab3daaa3aefaeb57ea0050cb73,01bf4e2b10f88360652600d185a9d719f05502f25f089d70da96eafa7fe4dfe3,0.38710675000038464
4,hellinger,1.0,0.1,r4_hellinger_sigma1_lr0.1,120,ok,,0.8561333109489146,6.616423003791794,48,0.17112946074830454,0.27258309150084875,0.046646997457646,0.046646997457646,69e5aaf107b63f46b6b057dfe99d3189e4f485b9649136f1718f398f646e43c6,c8a464e3dc5900b1823e47278ccc6047977a95a0a6e7739b20457a50c75e991c,be8ede604a893ee87034e6fb596cea91ea3be8f191d448807bebae1ef6fbfe79,dff4b17a330f664ec4d31f507c7603e7842ac94d65226c760d6e78cfa953aeb7,0.3909020840001176
4,hellinger,1.0,0.2,r4_hellinger_sigma1_lr0.2,111,ok,,1.0443280581880785,6.870012587894822,48,0.18332218614686321,0.2644578039590156,0.04848098276536531,0.04848098276536531,6f4599f803588363f7f3f06a30082972087391773f80fd6d7eb3eadc6484859e,d59d43420c9129a49d4e4aa149c529c6e0cbc3f6e3f83610204fc311412d67e5,46ec6552ea8abd2c67a85ebf993bb74a1984e0f557904f8a35ae4eb6d2b596da,ff013eda1d426d67006a334f6583897c614d689f5823b14c442be63e78bb3962,0.3861950000064098
4,hellinger,1.0,0.2,r4_hellinger_sigma1_lr0.2,112,ok,,1.0829983822579738,6.716115160424739,48,0.17546953184207095,0.3004184082865434,0.0527142774587799,0.05271427745877991,23158049f8a287709543a55b89f8943218b08cba397a67e034633640e70c99f6,889fcea4602e0d08ee4021f00203d655dcb8d5e70709f4efb56844c28ea0e74c,b0126d22db14df8032614d0be237f7ba7f8faae015df79310d48a47a7e019709,3dd0b47c3c1ce23069083c16d0c2272714da54db5025db5646fd1228b010a5e8,0.38250316699850373
4,hellinger,1.0,0.2,r4_hellinger_sigma1_lr0.2,113,ok,,1.1405840631066022,6.725806483684471,48,0.19973446404975861,0.29118326410290474,0.058159333195852994,0.058159333195852994,1130bcd06d370ab57f1bc3a67409c755b267648b80a0f46e840060bb010d3ab8,f16642197b525fd13d6256e464b0e7fa2a58d7c9a10bd02c003ee0dc3c54951c,494a09d0cb32c8fd575150abd91ad12074451b075c550159cd5a0edda3ce9c1b,db95c591d5ad7a1f08531cf0e04985b931fc730f28e8ed47b8c7c5d8ecd8db0c,0.38690916699852096
4,hellinger,1.0,0.2,r4_hellinger_sigma1_lr0.2,114,ok,,0.9521825491599976,6.678329337649101,48,0.15785945808265814,0.2654514314659511,0.04190401911848091,0.04190401911848091,c8a7a565f4c34afcedf377bd8a33aee023bbafec99430b278d5183f906311b3e,b866245d1a511ec78b1c46ad9c5b7c24ae305d3a4597eadd1513f9251448aada,9fc9306ab4737b5804dc59a07264243c6abc622ca16efa0cd4d6bddf38b05e36,52ceac77e1e0c99a5de90b23d52d3e2f15eb08da92d5b6842d3e92834a138f22,0.3877475829940522
4,hellinger,1.0,0.2,r4_hellinger_sigma1_lr0.2,115,ok,,1.1510740860129542,6.7019282241096825,48,0.1393889818787476,0.2952355655245826,0.04115258489286784,0.04115258489286784,21e3187a25ce542a7fda12331f6df5573b7aa9cfb19c4d6a1242f48e9ab77257,511a9fee1d8f467003479f0b9dcb30337ee1a68e067dcc991d5efeaa1c30f3ca,fae9b80b4b9bbecd172da441f7a298732dc4ec9c5fd56650a16ee48bf4f2164a,c3a0cabd7487508470d585545f7b6a856897b0410105302f1b4d5c12944c190d,0.38365287499618717
4,hellinger,1.0,0.2,r4_hellinger_sigma1_lr0.2,116,ok,,1.4284389802068869,7.110566554728061,48,0.17622488208884032,0.2873729780532509,0.05064226917295304,0.05064226917295304,b240340bda42b13e461b839e854e8931eb9b197c11fad589d1f07877b5a6c105,cef618fe0fa48343569619b7334137da0e397721eb3a078c08871e9e4193d1f5,67eaeaae05cc33550f061649f99bb92951375c55491458d36e2f1c224114a8b1,0d285e8573294ff0f8d626c9d7c79b1ffa6d14fb3071ba7be902aa48627a1c7e,0.3835864170032437
4,hellinger,1.0,0.2,r4_hellinger_sigma1_lr0.2,117,ok,,1.1207495216504701,6.78261012796325,48,0.14089442826847737,0.27899535932912417,0.039308891642235354,0.039308891642235354,2ff937c83d36f7b3a5406c91e8755c50ce932575e34db68925452587b0ab77d6,e0b9f294b820a1aa278f5cd75720af9014c99374da05d571d878890a160e022a,6d2e8203ab09f7481803ba6cac1d0fef11989f0d29cc5ddaeca62054fed6f238,32821079a74fe63f445d951a557ad18447fced01821fc77b6b8d137d2fe48881,0.38599033300124574
4,hellinger,1.0,0.2,r4_hellinger_sigma1_lr0.2,118,ok,,0.8846377645343753,6.620194712374652,48,0.15632451022988117,0.2648837364802107,0.041407820373129844,0.041407820373129844,f9372f8f74b3a18b86f9a9dd960278381003e836073cde71119d3b892dde9434,bf34f477abb16f7800703a8aa5ac322b03f582a20f996d74e68f001cf9732cdb,3672d037714419789c221c8c7564a09d4bd2e60bbf08a0fa3cd13f9a40a45c57,ffdd2708cda2855a18fd4a81398631fadb59f1610b8dd3d36eefe8f678572c16,0.3889302499956102
4,hellinger,1.0,0.2,r4_hellinger_sigma1_lr0.2,119,ok,,1.0165119498872544,6.636807077083544,48,0.14408505253120915,0.27030287405514675,0.03894660380757263,0.03894660380757263,9cc5a5818d004f0f1492c246ba3ab8685b2df3f7dfd15cdf113ebebec42d8dee,152370bb377ea714cfc078c2235d0ba001bfe1626af828d19a441d0c68fa2f0a,a56289775eec0ce432a321db146cf9b88569ccab3daaa3aefaeb57ea0050cb73,01bf4e2b10f88360652600d185a9d719f05502f25f089d70da96eafa7fe4dfe3,0.3829538330028299
4,hellinger,1.0,0.2,r4_hellinger_sigma1_lr0.2,120,ok,,0.8527954161924298,6.616931673502089,48,0.17112946074830454,0.27258309150084875,0.046646997457646,0.046646997457646,69e5aaf107b63f46b6b057dfe99d3189e4f485b9649136f1718f398f646e43c6,c8a464e3dc5900b1823e47278ccc6047977a95a0a6e7739b20457a50c75e991c,be8ede604a893ee87034e6fb596cea91ea3be8f191d448807bebae1ef6fbfe79,dff4b17a330f664ec4d31f507c7603e7842ac94d65226c760d6e78cfa953aeb7,0.38239099999918835
4,js,1.0,0.005,r4_js_sigma1_lr0.005,111,ok,,1.0699276202624017,6.9211653243112705,48,0.8288253619340226,0.05849360431277991,0.04848098276536531,0.04848098276536531,6f4599f803588363f7f3f06a30082972087391773f80fd6d7eb3eadc6484859e,d59d43420c9129a49d4e4aa149c529c6e0cbc3f6e3f83610204fc311412d67e5,46ec6552ea8abd2c67a85ebf993bb74a1984e0f557904f8a35ae4eb6d2b596da,ff013eda1d426d67006a334f6583897c614d689f5823b14c442be63e78bb3962,0.4393892079970101
4,js,1.0,0.005,r4_js_sigma1_lr0.005,112,ok,,1.2261323465422616,6.873269621878332,48,1.4664451482316299,0.035946982075904764,0.0527142774587799,0.0527142774587799,23158049f8a287709543a55b89f8943218b08cba397a67e034633640e70c99f6,889fcea4602e0d08ee4021f00203d655dcb8d5e70709f4efb56844c28ea0e74c,b0126d22db14df8032614d0be237f7ba7f8faae015df79310d48a47a7e019709,3dd0b47c3c1ce23069083c16d0c2272714da54db5025db5646fd1228b010a5e8,0.4347491660009837
4,js,1.0,0.005,r4_js_sigma1_lr0.005,113,ok,,1.1906611133406755,6.728287824890862,48,0.911554733280519,0.06380234896762389,0.058159333195852994,0.058159333195852994,1130bcd06d370ab57f1bc3a67409c755b267648b80a0f46e840060bb010d3ab8,f16642197b525fd13d6256e464b0e7fa2a58d7c9a10bd02c003ee0dc3c54951c,494a09d0cb32c8fd575150abd91ad12074451b075c550159cd5a0edda3ce9c1b,db95c591d5ad7a1f08531cf0e04985b931fc730f28e8ed47b8c7c5d8ecd8db0c,0.42807387500215555
4,js,1.0,0.005,r4_js_sigma1_lr0.005,114,ok,,1.1774905908450461,6.881757130999707,48,0.8614977299149572,0.04864089325298335,0.04190401911848091,0.04190401911848091,c8a7a565f4c34afcedf377bd8a33aee023bbafec99430b278d5183f906311b3e,b866245d1a511ec78b1c46ad9c5b7c24ae305d3a4597eadd1513f9251448aada,9fc9306ab4737b5804dc59a07264243c6abc622ca16efa0cd4d6bddf38b05e36,52ceac77e1e0c99a5de90b23d52d3e2f15eb08da92d5b6842d3e92834a138f22,0.43092404199705925
4,js,1.0,0.005,r4_js_sigma1_lr0.005,115,ok,,1.4881550234088512,7.034892573445619,48,0.8099733302444382,0.05080733322472308,0.04115258489286784,0.04115258489286784,21e3187a25ce542a7fda12331f6df5573b7aa9cfb19c4d6a1242f48e9ab77257,511a9fee1d8f467003479f0b9dcb30337ee1a68e067dcc991d5efeaa1c30f3ca,fae9b80b4b9bbecd172da441f7a298732dc4ec9c5fd56650a16ee48bf4f2164a,c3a0cabd7487508470d585545f7b6a856897b0410105302f1b4d5c12944c190d,0.4361511250026524
4,js,1.0,0.005,r4_js_sigma1_lr0.005,116,ok,,1.4732384234688056,7.181729602147261,48,0.7610027616924241,0.06654676135514632,0.05064226917295304,0.05064226917295304,b240340bda42b13e461b839e854e8931eb9b197c11fad589d1f07877b5a6c105,cef618fe0fa48343569619b7334137da0e397721eb3a078c08871e9e4193d1f5,67eaeaae05cc33550f061649f99bb92951375c55491458d36e2f1c224114a8b1,0d285e8573294ff0f8d626c9d7c79b1ffa6d14fb3071ba7be902aa48627a1c7e,0.4368226250007865
4,js,1.0,0.005,r4_js_sigma1_lr0.005,117,ok,,1.2220028841582482,6.874803418952251,48,1.1417624058969456,0.034428258838453414,0.039308891642235354,0.03930889164223535,2ff937c83d36f7b3a5406c91e8755c50ce932575e34db68925452587b0ab77d6,e0b9f294b820a1aa278f5cd75720af9014c99374da05d571d878890a160e022a,6d2e8203ab09f7481803ba6cac1d0fef11989f0d29cc5ddaeca62054fed6f238,32821079a74fe63f445d951a557ad18447fced01821fc77b6b8d137d2fe48881,0.42914891699911095
4,js,1.0,0.005,r4_js_sigma1_lr0.005,118,ok,,0.9143268652281166,6.660202384546715,48,0.8857526827054188,0.04674873831220576,0.041407820373129844,0.041407820373129844,f9372f8f74b3a18b86f9a9dd960278381003e836073cde71119d3b892dde9434,bf34f477abb16f7800703a8aa5ac322b03f582a20f996d74e68f001cf9732cdb,3672d037714419789c221c8c7564a09d4bd2e60bbf08a0fa3cd13f9a40a45c57,ffdd2708cda2855a18fd4a81398631fadb59f1610b8dd3d36eefe8f678572c16,0.4298774159979075
4,js,1.0,0.005,r4_js_sigma1_lr0.005,119,ok,,1.133658467412775,6.782622834300706,48,0.8868116337481687,0.04391756075973226,0.03894660380757263,0.03894660380757263,9cc5a5818d004f0f1492c246ba3ab8685b2df3f7dfd15cdf113ebebec42d8dee,152370bb377ea714cfc078c2235d0ba001bfe1626af828d19a441d0c68fa2f0a,a56289775eec0ce432a321db146cf9b88569ccab3daaa3aefaeb57ea0050cb73,01bf4e2b10f88360652600d185a9d719f05502f25f089d70da96eafa7fe4dfe3,0.4389567089965567
4,js,1.0,0.005,r4_js_sigma1_lr0.005,120,ok,,0.977265704348969,6.721908150730544,48,0.9183002519605258,0.050797108416399714,0.046646997457646,0.046646997457646,69e5aaf107b63f46b6b057dfe99d3189e4f485b9649136f1718f398f646e43c6,c8a464e3dc5900b1823e47278ccc6047977a95a0a6e7739b20457a50c75e991c,be8ede604a893ee87034e6fb596cea91ea3be8f191d448807bebae1ef6fbfe79,dff4b17a330f664ec4d31f507c7603e7842ac94d65226c760d6e78cfa953aeb7,0.4376263329977519
4,js,1.0,0.01,r4_js_sigma1_lr0.01,111,ok,,0.7489943928186977,6.552455181768177,48,0.8288253619340226,0.05849360431277991,0.04848098276536531,0.04848098276536531,6f4599f803588363f7f3f06a30082972087391773f80fd6d7eb3eadc6484859e,d59d43420c9129a49d4e4aa149c529c6e0cbc3f6e3f83610204fc311412d67e5,46ec6552ea8abd2c67a85ebf993bb74a1984e0f557904f8a35ae4eb6d2b596da,ff013eda1d426d67006a334f6583897c614d689f5823b14c442be63e78bb3962,0.4306415419996483
4,js,1.0,0.01,r4_js_sigma1_lr0.01,112,ok,,1.1728915615683666,6.790743096422319,48,1.4664451482316299,0.035946982075904764,0.0527142774587799,0.0527142774587799,23158049f8a287709543a55b89f8943218b08cba397a67e034633640e70c99f6,889fcea4602e0d08ee4021f00203d655dcb8d5e70709f4efb56844c28ea0e74c,b0126d22db14df8032614d0be237f7ba7f8faae015df79310d48a47a7e019709,3dd0b47c3c1ce23069083c16d0c2272714da54db5025db5646fd1228b010a5e8,0.42573854100191966
4,js,1.0,0.01,r4_js_sigma1_lr0.01,113,ok,,1.4694980960035888,7.06377502608184,48,0.911554733280519,0.06380234896762389,0.058159333195852994,0.058159333195852994,1130bcd06d370ab57f1bc3a67409c755b267648b80a0f46e840060bb010d3ab8,f16642197b525fd13d6256e464b0e7fa2a58d7c9a10bd02c003ee0dc3c54951c,494a09d0cb32c8fd575150abd91ad12074451b075c550159cd5a0edda3ce9c1b,db95c591d5ad7a1f08531cf0e04985b931fc730f28e8ed47b8c7c5d8ecd8db0c,0.4370055830004276
4,js,1.0,0.01,r4_js_sigma1_lr0.01,114,ok,,1.061641630065283,6.783255208187056,48,0.8614977299149572,0.04864089325298335,0.04190401911848091,0.04190401911848091,c8a7a565f4c34afcedf377bd8a33aee023bbafec99430b278d5183f906311b3e,b866245d1a511ec78b1c46ad9c5b7c24ae305d3a4597eadd1513f9251448aada,9fc9306ab4737b5804dc59a07264243c6abc622ca16efa0cd4d6bddf38b05e36,52ceac77e1e0c99a5de90b23d52d3e2f15eb08da92d5b6842d3e92834a138f22,0.42786316700221505
4,js,1.0,0.01,r4_js_sigma1_lr0.01,115,ok,,1.3861756678678476,6.931477405061195,48,0.8099733302444382,0.05080733322472308,0.04115258489286784,0.04115258489286784,21e3187a25ce542a7fda12331f6df5573b7aa9cfb19c4d6a1242f48e9ab77257,511a9fee1d8f467003479f0b9dcb30337ee1a68e067dcc991d5efeaa1c30f3ca,fae9b80b4b9bbecd172da441f7a298732dc4ec9c5fd56650a16ee48bf4f2164a,c3a0cabd7487508470d585545f7b6a856897b0410105302f1b4d5c12944c190d,0.4293726250034524
4,js,1.0,0.01,r4_js_sigma1_lr0.01,116,ok,,1.4609813852800593,7.143453101246574,48,0.7610027616924241,0.06654676135514632,0.05064226917295304,0.05064226917295304,b240340bda42b13e461b839e854e8931eb9b197c11fad589d1f07877b5a6c105,cef618fe0fa48343569619b7334137da0e397721eb3a078c08871e9e4193d1f5,67eaeaae05cc33550f061649f99bb92951375c55491458d36e2f1c224114a8b1,0d285e8573294ff0f8d626c9d7c79b1ffa6d14fb3071ba7be902aa48627a1c7e,0.43494529199961107
4,js,1.0,0.01,r4_js_sigma1_lr0.01,117,ok,,0.9511677822780936,6.608003571156683,48,1.1417624058969456,0.034428258838453414,0.039308891642235354,0.03930889164223535,2ff937c83d36f7b3a5406c91e8755c50ce932575e34db68925452587b0ab77d6,e0b9f294b820a1aa278f5cd75720af9014c99374da05d571d878890a160e022a,6d2e8203ab09f7481803ba6cac1d0fef11989f0d29cc5ddaeca62054fed6f238,32821079a74fe63f445d951a557ad18447fced01821fc77b6b8d137d2fe48881,0.43842250000307104
4,js,1.0,0.01,r4_js_sigma1_lr0.01,118,ok,,0.9605671959048276,6.717980252983825,48,0.8857526827054188,0.04674873831220576,0.041407820373129844,0.041407820373129844,f9372f8f74b3a18b86f9a9dd960278381003e836073cde71119d3b892dde9434,bf34f477abb16f7800703a8aa5ac322b03f582a20f996d74e68f001cf9732cdb,3672d037714419789c221c8c7564a09d4bd2e60bbf08a0fa3cd13f9a40a45c57,ffdd2708cda2855a18fd4a81398631fadb59f1610b8dd3d36eefe8f678572c16,0.4262686250003753
4,js,1.0,0.01,r4_js_sigma1_lr0.01,119,ok,,1.1120293585431136,6.742803601414514,48,0.8868116337481687,0.04391756075973226,0.03894660380757263,0.03894660380757263,9cc5a5818d004f0f1492c246ba3ab8685b2df3f7dfd15cdf113ebebec42d8dee,152370bb377ea714cfc078c2235d0ba001bfe1626af828d19a441d0c68fa2f0a,a56289775eec0ce432a321db146cf9b88569ccab3daaa3aefaeb57ea0050cb73,01bf4e2b10f88360652600d185a9d719f05502f25f089d70da96eafa7fe4dfe3,0.4292734170012409
4,js,1.0,0.01,r4_js_sigma1_lr0.01,120,ok,,1.1631636799329579,6.924585936040837,48,0.9183002519605258,0.050797108416399714,0.046646997457646,0.046646997457646,69e5aaf107b63f46b6b057dfe99d3189e4f485b9649136f1718f398f646e43c6,c8a464e3dc5900b1823e47278ccc6047977a95a0a6e7739b20457a50c75e991c,be8ede604a893ee87034e6fb596cea91ea3be8f191d448807bebae1ef6fbfe79,dff4b17a330f664ec4d31f507c7603e7842ac94d65226c760d6e78cfa953aeb7,0.4353389169991715
4,js,1.0,0.02,r4_js_sigma1_lr0.02,111,ok,,0.7772186548899765,6.597628703604723,48,0.8288253619340226,0.05849360431277991,0.04848098276536531,0.04848098276536531,6f4599f803588363f7f3f06a30082972087391773f80fd6d7eb3eadc6484859e,d59d43420c9129a49d4e4aa149c529c6e0cbc3f6e3f83610204fc311412d67e5,46ec6552ea8abd2c67a85ebf993bb74a1984e0f557904f8a35ae4eb6d2b596da,ff013eda1d426d67006a334f6583897c614d689f5823b14c442be63e78bb3962,0.43728937500418397
4,js,1.0,0.02,r4_js_sigma1_lr0.02,112,ok,,1.177721999462395,6.7972573262679745,48,1.4664451482316299,0.035946982075904764,0.0527142774587799,0.0527142774587799,23158049f8a287709543a55b89f8943218b08cba397a67e034633640e70c99f6,889fcea4602e0d08ee4021f00203d655dcb8d5e70709f4efb56844c28ea0e74c,b0126d22db14df8032614d0be237f7ba7f8faae015df79310d48a47a7e019709,3dd0b47c3c1ce23069083c16d0c2272714da54db5025db5646fd1228b010a5e8,0.4280036249983823
4,js,1.0,0.02,r4_js_sigma1_lr0.02,113,ok,,1.4560598246679728,7.043400460613599,48,0.911554733280519,0.06380234896762389,0.058159333195852994,0.058159333195852994,1130bcd06d370ab57f1bc3a67409c755b267648b80a0f46e840060bb010d3ab8,f16642197b525fd13d6256e464b0e7fa2a58d7c9a10bd02c003ee0dc3c54951c,494a09d0cb32c8fd575150abd91ad12074451b075c550159cd5a0edda3ce9c1b,db95c591d5ad7a1f08531cf0e04985b931fc730f28e8ed47b8c7c5d8ecd8db0c,0.4266338750021532
4,js,1.0,0.02,r4_js_sigma1_lr0.02,114,ok,,1.145838282503069,6.8911948465274815,48,0.8614977299149572,0.04864089325298335,0.04190401911848091,0.04190401911848091,c8a7a565f4c34afcedf377bd8a33aee023bbafec99430b278d5183f906311b3e,b866245d1a511ec78b1c46ad9c5b7c24ae305d3a4597eadd1513f9251448aada,9fc9306ab4737b5804dc59a07264243c6abc622ca16efa0cd4d6bddf38b05e36,52ceac77e1e0c99a5de90b23d52d3e2f15eb08da92d5b6842d3e92834a138f22,0.4331366659971536
4,js,1.0,0.02,r4_js_sigma1_lr0.02,115,ok,,1.3874272835887829,6.932635557042352,48,0.8099733302444382,0.05080733322472308,0.04115258489286784,0.04115258489286784,21e3187a25ce542a7fda12331f6df5573b7aa9cfb19c4d6a1242f48e9ab77257,511a9fee1d8f467003479f0b9dcb30337ee1a68e067dcc991d5efeaa1c30f3ca,fae9b80b4b9bbecd172da441f7a298732dc4ec9c5fd56650a16ee48bf4f2164a,c3a0cabd7487508470d585545f7b6a856897b0410105302f1b4d5c12944c190d,0.4371821250024368
4,js,1.0,0.02,r4_js_sigma1_lr0.02,116,ok,,1.3283798368412643,7.0321027484459355,48,0.7610027616924241,0.06654676135514632,0.05064226917295304,0.05064226917295304,b240340bda42b13e461b839e854e8931eb9b197c11fad589d1f07877b5a6c105,cef618fe0fa48343569619b7334137da0e397721eb3a078c08871e9e4193d1f5,67eaeaae05cc33550f061649f99bb92951375c55491458d36e2f1c224114a8b1,0d285e8573294ff0f8d626c9d7c79b1ffa6d14fb3071ba7be902aa48627a1c7e,0.4297631670051487
4,js,1.0,0.02,r4_js_sigma1_lr0.02,117,ok,,1.0218763210213437,6.65409851607937,48,1.1417624058969456,0.034428258838453414,0.039308891642235354,0.03930889164223535,2ff937c83d36f7b3a5406c91e8755c50ce932575e34db68925452587b0ab77d6,e0b9f294b820a1aa278f5cd75720af9014c99374da05d571d878890a160e022a,6d2e8203ab09f7481803ba6cac1d0fef11989f0d29cc5ddaeca62054fed6f238,32821079a74fe63f445d951a557ad18447fced01821fc77b6b8d137d2fe48881,0.42940495799848577
4,js,1.0,0.02,r4_js_sigma1_lr0.02,118,ok,,0.8955857532363302,6.660876249103109,48,0.8857526827054188,0.04674873831220576,0.041407820373129844,0.041407820373129844,f9372f8f74b3a18b86f9a9dd960278381003e836073cde71119d3b892dde9434,bf34f477abb16f7800703a8aa5ac322b03f582a20f996d74e68f001cf9732cdb,3672d037714419789c221c8c7564a09d4bd2e60bbf08a0fa3cd13f9a40a45c57,ffdd2708cda2855a18fd4a81398631fadb59f1610b8dd3d36eefe8f678572c16,0.435461375003797
4,js,1.0,0.02,r4_js_sigma1_lr0.02,119,ok,,1.047678538657882,6.6928693494749805,48,0.8868116337481687,0.04391756075973226,0.03894660380757263,0.03894660380757263,9cc5a5818d004f0f1492c246ba3ab8685b2df3f7dfd15cdf113ebebec42d8dee,152370bb377ea714cfc078c2235d0ba001bfe1626af828d19a441d0c68fa2f0a,a56289775eec0ce432a321db146cf9b88569ccab3daaa3aefaeb57ea0050cb73,01bf4e2b10f88360652600d185a9d719f05502f25f089d70da96eafa7fe4dfe3,0.43848845900356537
4,js,1.0,0.02,r4_js_sigma1_lr0.02,120,ok,,0.9927089116942801,6.726983413877833,48,0.9183002519605258,0.050797108416399714,0.046646997457646,0.046646997457646,69e5aaf107b63f46b6b057dfe99d3189e4f485b9649136f1718f398f646e43c6,c8a464e3dc5900b1823e47278ccc6047977a95a0a6e7739b20457a50c75e991c,be8ede604a893ee87034e6fb596cea91ea3be8f191d448807bebae1ef6fbfe79,dff4b17a330f664ec4d31f507c7603e7842ac94d65226c760d6e78cfa953aeb7,0.42913874999794643
4,js,1.0,0.05,r4_js_sigma1_lr0.05,111,ok,,0.9886982533639961,6.8183507420323535,48,0.8288253619340226,0.05849360431277991,0.04848098276536531,0.04848098276536531,6f4599f803588363f7f3f06a30082972087391773f80fd6d7eb3eadc6484859e,d59d43420c9129a49d4e4aa149c529c6e0cbc3f6e3f83610204fc311412d67e5,46ec6552ea8abd2c67a85ebf993bb74a1984e0f557904f8a35ae4eb6d2b596da,ff013eda1d426d67006a334f6583897c614d689f5823b14c442be63e78bb3962,0.42817474999901606
4,js,1.0,0.05,r4_js_sigma1_lr0.05,112,ok,,1.177654959046945,6.79718237474777,48,1.4664451482316299,0.035946982075904764,0.0527142774587799,0.0527142774587799,23158049f8a287709543a55b89f8943218b08cba397a67e034633640e70c99f6,889fcea4602e0d08ee4021f00203d655dcb8d5e70709f4efb56844c28ea0e74c,b0126d22db14df8032614d0be237f7ba7f8faae015df79310d48a47a7e019709,3dd0b47c3c1ce23069083c16d0c2272714da54db5025db5646fd1228b010a5e8,0.43352991600113455
4,js,1.0,0.05,r4_js_sigma1_lr0.05,113,ok,,1.4701709154106473,7.052942029886937,48,0.911554733280519,0.06380234896762389,0.058159333195852994,0.058159333195852994,1130bcd06d370ab57f1bc3a67409c755b267648b80a0f46e840060bb010d3ab8,f16642197b525fd13d6256e464b0e7fa2a58d7c9a10bd02c003ee0dc3c54951c,494a09d0cb32c8fd575150abd91ad12074451b075c550159cd5a0edda3ce9c1b,db95c591d5ad7a1f08531cf0e04985b931fc730f28e8ed47b8c7c5d8ecd8db0c,0.4386448330042185
4,js,1.0,0.05,r4_js_sigma1_lr0.05,114,ok,,1.113182849696745,6.85265114186079,48,0.8614977299149572,0.04864089325298335,0.04190401911848091,0.04190401911848091,c8a7a565f4c34afcedf377bd8a33aee023bbafec99430b278d5183f906311b3e,b866245d1a511ec78b1c46ad9c5b7c24ae305d3a4597eadd1513f9251448aada,9fc9306ab4737b5804dc59a07264243c6abc622ca16efa0cd4d6bddf38b05e36,52ceac77e1e0c99a5de90b23d52d3e2f15eb08da92d5b6842d3e92834a138f22,0.4297774589940673
4,js,1.0,0.05,r4_js_sigma1_lr0.05,115,ok,,1.4069896271738598,6.960479591964613,48,0.8099733302444382,0.05080733322472308,0.04115258489286784,0.04115258489286784,21e3187a25ce542a7fda12331f6df5573b7aa9cfb19c4d6a1242f48e9ab77257,511a9fee1d8f467003479f0b9dcb30337ee1a68e067dcc991d5efeaa1c30f3ca,fae9b80b4b9bbecd172da441f7a298732dc4ec9c5fd56650a16ee48bf4f2164a,c3a0cabd7487508470d585545f7b6a856897b0410105302f1b4d5c12944c190d,0.4290224579963251
4,js,1.0,0.05,r4_js_sigma1_lr0.05,116,ok,,1.3708424798456762,7.080913278920861,48,0.7610027616924241,0.06654676135514632,0.05064226917295304,0.05064226917295304,b240340bda42b13e461b839e854e8931eb9b197c11fad589d1f07877b5a6c105,cef618fe0fa48343569619b7334137da0e397721eb3a078c08871e9e4193d1f5,67eaeaae05cc33550f061649f99bb92951375c55491458d36e2f1c224114a8b1,0d285e8573294ff0f8d626c9d7c79b1ffa6d14fb3071ba7be902aa48627a1c7e,0.43781125000532484
4,js,1.0,0.05,r4_js_sigma1_lr0.05,117,ok,,0.92494432614129,6.562794215276299,48,1.1417624058969456,0.034428258838453414,0.039308891642235354,0.03930889164223535,2ff937c83d36f7b3a5406c91e8755c50ce932575e34db68925452587b0ab77d6,e0b9f294b820a1aa278f5cd75720af9014c99374da05d571d878890a160e022a,6d2e8203ab09f7481803ba6cac1d0fef11989f0d29cc5ddaeca62054fed6f238,32821079a74fe63f445d951a557ad18447fced01821fc77b6b8d137d2fe48881,0.4371549999996205
4,js,1.0,0.05,r4_js_sigma1_lr0.05,118,ok,,0.9654710684074884,6.73338210815252,48,0.8857526827054188,0.04674873831220576,0.041407820373129844,0.041407820373129844,f9372f8f74b3a18b86f9a9dd960278381003e836073cde71119d3b892dde9434,bf34f477abb16f7800703a8aa5ac322b03f582a20f996d74e68f001cf9732cdb,3672d037714419789c221c8c7564a09d4bd2e60bbf08a0fa3cd13f9a40a45c57,ffdd2708cda2855a18fd4a81398631fadb59f1610b8dd3d36eefe8f678572c16,0.4304407910021837
4,js,1.0,0.05,r4_js_sigma1_lr0.05,119,ok,,1.1453289325081752,6.789843719521972,48,0.8868116337481687,0.04391756075973226,0.03894660380757263,0.03894660380757263,9cc5a5818d004f0f1492c246ba3ab8685b2df3f7dfd15cdf113ebebec42d8dee,152370bb377ea714cfc078c2235d0ba001bfe1626af828d19a441d0c68fa2f0a,a56289775eec0ce432a321db146cf9b88569ccab3daaa3aefaeb57ea0050cb73,01bf4e2b10f88360652600d185a9d719f05502f25f089d70da96eafa7fe4dfe3,0.42655795899918303
4,js,1.0,0.05,r4_js_sigma1_lr0.05,120,ok,,0.934753476530719,6.700142434299489,48,0.9183002519605258,0.050797108416399714,0.046646997457646,0.046646997457646,69e5aaf107b63f46b6b057dfe99d3189e4f485b9649136f1718f398f646e43c6,c8a464e3dc5900b1823e47278ccc6047977a95a0a6e7739b20457a50c75e991c,be8ede604a893ee87034e6fb596cea91ea3be8f191d448807bebae1ef6fbfe79,dff4b17a330f664ec4d31f507c7603e7842ac94d65226c760d6e78cfa953aeb7,0.4378400839996175
4,js,1.0,0.1,r4_js_sigma1_lr0.1,111,ok,,0.9886925828795072,6.816803737447701,48,0.8288253619340226,0.05849360431277991,0.04848098276536531,0.04848098276536531,6f4599f803588363f7f3f06a30082972087391773f80fd6d7eb3eadc6484859e,d59d43420c9129a49d4e4aa149c529c6e0cbc3f6e3f83610204fc311412d67e5,46ec6552ea8abd2c67a85ebf993bb74a1984e0f557904f8a35ae4eb6d2b596da,ff013eda1d426d67006a334f6583897c614d689f5823b14c442be63e78bb3962,0.4367505420013913
4,js,1.0,0.1,r4_js_sigma1_lr0.1,112,ok,,1.175622515291799,6.795575306941618,48,1.4664451482316299,0.035946982075904764,0.0527142774587799,0.0527142774587799,23158049f8a287709543a55b89f8943218b08cba397a67e034633640e70c99f6,889fcea4602e0d08ee4021f00203d655dcb8d5e70709f4efb56844c28ea0e74c,b0126d22db14df8032614d0be237f7ba7f8faae015df79310d48a47a7e019709,3dd0b47c3c1ce23069083c16d0c2272714da54db5025db5646fd1228b010a5e8,0.428025166002044
4,js,1.0,0.1,r4_js_sigma1_lr0.1,113,ok,,1.3393906362531711,6.9174246153883505,48,0.911554733280519,0.06380234896762389,0.058159333195852994,0.058159333195852994,1130bcd06d370ab57f1bc3a67409c755b267648b80a0f46e840060bb010d3ab8,f16642197b525fd13d6256e464b0e7fa2a58d7c9a10bd02c003ee0dc3c54951c,494a09d0cb32c8fd575150abd91ad12074451b075c550159cd5a0edda3ce9c1b,db95c591d5ad7a1f08531cf0e04985b931fc730f28e8ed47b8c7c5d8ecd8db0c,0.428927458000544
4,js,1.0,0.1,r4_js_sigma1_lr0.1,114,ok,,1.0859290097663843,6.8079424667633575,48,0.8614977299149572,0.04864089325298335,0.04190401911848091,0.04190401911848091,c8a7a565f4c34afcedf377bd8a33aee023bbafec99430b278d5183f906311b3e,b866245d1a511ec78b1c46ad9c5b7c24ae305d3a4597eadd1513f9251448aada,9fc9306ab4737b5804dc59a07264243c6abc622ca16efa0cd4d6bddf38b05e36,52ceac77e1e0c99a5de90b23d52d3e2f15eb08da92d5b6842d3e92834a138f22,0.4357139160056249
4,js,1.0,0.1,r4_js_sigma1_lr0.1,115,ok,,1.3559359428026152,6.861394887432383,48,0.8099733302444382,0.05080733322472308,0.04115258489286784,0.04115258489286784,21e3187a25ce542a7fda12331f6df5573b7aa9cfb19c4d6a1242f48e9ab77257,511a9fee1d8f467003479f0b9dcb30337ee1a68e067dcc991d5efeaa1c30f3ca,fae9b80b4b9bbecd172da441f7a298732dc4ec9c5fd56650a16ee48bf4f2164a,c3a0cabd7487508470d585545f7b6a856897b0410105302f1b4d5c12944c190d,0.4378147079987684
4,js,1.0,0.1,r4_js_sigma1_lr0.1,116,ok,,1.3022387100633694,7.003514779176411,48,0.7610027616924241,0.06654676135514632,0.05064226917295304,0.05064226917295304,b240340bda42b13e461b839e854e8931eb9b197c11fad589d1f07877b5a6c105,cef618fe0fa48343569619b7334137da0e397721eb3a078c08871e9e4193d1f5,67eaeaae05cc33550f061649f99bb92951375c55491458d36e2f1c224114a8b1,0d285e8573294ff0f8d626c9d7c79b1ffa6d14fb3071ba7be902aa48627a1c7e,0.4284277499973541
4,js,1.0,0.1,r4_js_sigma1_lr0.1,117,ok,,0.9252735439520963,6.56282611561606,48,1.1417624058969456,0.034428258838453414,0.039308891642235354,0.03930889164223535,2ff937c83d36f7b3a5406c91e8755c50ce932575e34db68925452587b0ab77d6,e0b9f294b820a1aa278f5cd75720af9014c99374da05d571d878890a160e022a,6d2e8203ab09f7481803ba6cac1d0fef11989f0d29cc5ddaeca62054fed6f238,32821079a74fe63f445d951a557ad18447fced01821fc77b6b8d137d2fe48881,0.4279294580046553
4,js,1.0,0.1,r4_js_sigma1_lr0.1,118,ok,,0.871668230226898,6.620337961273169,48,0.8857526827054188,0.04674873831220576,0.041407820373129844,0.041407820373129844,f9372f8f74b3a18b86f9a9dd960278381003e836073cde71119d3b892dde9434,bf34f477abb16f7800703a8aa5ac322b03f582a20f996d74e68f001cf9732cdb,3672d037714419789c221c8c7564a09d4bd2e60bbf08a0fa3cd13f9a40a45c57,ffdd2708cda2855a18fd4a81398631fadb59f1610b8dd3d36eefe8f678572c16,0.43732520900084637
4,js,1.0,0.1,r4_js_sigma1_lr0.1,119,ok,,1.0600211599070877,6.711502855971198,48,0.8868116337481687,0.04391756075973226,0.03894660380757263,0.03894660380757263,9cc5a5818d004f0f1492c246ba3ab8685b2df3f7dfd15cdf113ebebec42d8dee,152370bb377ea714cfc078c2235d0ba001bfe1626af828d19a441d0c68fa2f0a,a56289775eec0ce432a321db146cf9b88569ccab3daaa3aefaeb57ea0050cb73,01bf4e2b10f88360652600d185a9d719f05502f25f089d70da96eafa7fe4dfe3,0.435539083002368
4,js,1.0,0.1,r4_js_sigma1_lr0.1,120,ok,,0.8832189929285705,6.647420068882686,48,0.9183002519605258,0.050797108416399714,0.046646997457646,0.046646997457646,69e5aaf107b63f46b6b057dfe99d3189e4f485b9649136f1718f398f646e43c6,c8a464e3dc5900b1823e47278ccc6047977a95a0a6e7739b20457a50c75e991c,be8ede604a893ee87034e6fb596cea91ea3be8f191d448807bebae1ef6fbfe79,dff4b17a330f664ec4d31f507c7603e7842ac94d65226c760d6e78cfa953aeb7,0.4300323749994277
4,js,1.0,0.2,r4_js_sigma1_lr0.2,111,ok,,0.9408849433060162,6.789335527527427,48,0.8288253619340226,0.05849360431277991,0.04848098276536531,0.04848098276536531,6f4599f803588363f7f3f06a30082972087391773f80fd6d7eb3eadc6484859e,d59d43420c9129a49d4e4aa149c529c6e0cbc3f6e3f83610204fc311412d67e5,46ec6552ea8abd2c67a85ebf993bb74a1984e0f557904f8a35ae4eb6d2b596da,ff013eda1d426d67006a334f6583897c614d689f5823b14c442be63e78bb3962,0.42929916700086324
4,js,1.0,0.2,r4_js_sigma1_lr0.2,112,ok,,1.2052929081203057,6.839045655081594,48,1.4664451482316299,0.035946982075904764,0.0527142774587799,0.0527142774587799,23158049f8a287709543a55b89f8943218b08cba397a67e034633640e70c99f6,889fcea4602e0d08ee4021f00203d655dcb8d5e70709f4efb56844c28ea0e74c,b0126d22db14df8032614d0be237f7ba7f8faae015df79310d48a47a7e019709,3dd0b47c3c1ce23069083c16d0c2272714da54db5025db5646fd1228b010a5e8,0.4349472089961637
4,js,1.0,0.2,r4_js_sigma1_lr0.2,113,ok,,1.3712529007128955,6.965595599772814,48,0.911554733280519,0.06380234896762389,0.058159333195852994,0.058159333195852994,1130bcd06d370ab57f1bc3a67409c755b267648b80a0f46e840060bb010d3ab8,f16642197b525fd13d6256e464b0e7fa2a58d7c9a10bd02c003ee0dc3c54951c,494a09d0cb32c8fd575150abd91ad12074451b075c550159cd5a0edda3ce9c1b,db95c591d5ad7a1f08531cf0e04985b931fc730f28e8ed47b8c7c5d8ecd8db0c,0.43535908400372136
4,js,1.0,0.2,r4_js_sigma1_lr0.2,114,ok,,1.0714182741897966,6.799679570701705,48,0.8614977299149572,0.04864089325298335,0.04190401911848091,0.04190401911848091,c8a7a565f4c34afcedf377bd8a33aee023bbafec99430b278d5183f906311b3e,b866245d1a511ec78b1c46ad9c5b7c24ae305d3a4597eadd1513f9251448aada,9fc9306ab4737b5804dc59a07264243c6abc622ca16efa0cd4d6bddf38b05e36,52ceac77e1e0c99a5de90b23d52d3e2f15eb08da92d5b6842d3e92834a138f22,0.4304491250004503
4,js,1.0,0.2,r4_js_sigma1_lr0.2,115,ok,,1.2417552992515744,6.780884373440056,48,0.8099733302444382,0.05080733322472308,0.04115258489286784,0.04115258489286784,21e3187a25ce542a7fda12331f6df5573b7aa9cfb19c4d6a1242f48e9ab77257,511a9fee1d8f467003479f0b9dcb30337ee1a68e067dcc991d5efeaa1c30f3ca,fae9b80b4b9bbecd172da441f7a298732dc4ec9c5fd56650a16ee48bf4f2164a,c3a0cabd7487508470d585545f7b6a856897b0410105302f1b4d5c12944c190d,0.4312468749994878
4,js,1.0,0.2,r4_js_sigma1_lr0.2,116,ok,,1.1856843928190903,6.868438158083083,48,0.7610027616924241,0.06654676135514632,0.05064226917295304,0.05064226917295304,b240340bda42b13e461b839e854e8931eb9b197c11fad589d1f07877b5a6c105,cef618fe0fa48343569619b7334137da0e397721eb3a078c08871e9e4193d1f5,67eaeaae05cc33550f061649f99bb92951375c55491458d36e2f1c224114a8b1,0d285e8573294ff0f8d626c9d7c79b1ffa6d14fb3071ba7be902aa48627a1c7e,0.43511600000056205
4,js,1.0,0.2,r4_js_sigma1_lr0.2,117,ok,,0.9619248572715295,6.618271267372233,48,1.1417624058969456,0.034428258838453414,0.039308891642235354,0.03930889164223535,2ff937c83d36f7b3a5406c91e8755c50ce932575e34db68925452587b0ab77d6,e0b9f294b820a1aa278f5cd75720af9014c99374da05d571d878890a160e022a,6d2e8203ab09f7481803ba6cac1d0fef11989f0d29cc5ddaeca62054fed6f238,32821079a74fe63f445d951a557ad18447fced01821fc77b6b8d137d2fe48881,0.4368999159996747
4,js,1.0,0.2,r4_js_sigma1_lr0.2,118,ok,,0.859314542195831,6.617651793052145,48,0.8857526827054188,0.04674873831220576,0.041407820373129844,0.041407820373129844,f9372f8f74b3a18b86f9a9dd960278381003e836073cde71119d3b892dde9434,bf34f477abb16f7800703a8aa5ac322b03f582a20f996d74e68f001cf9732cdb,3672d037714419789c221c8c7564a09d4bd2e60bbf08a0fa3cd13f9a40a45c57,ffdd2708cda2855a18fd4a81398631fadb59f1610b8dd3d36eefe8f678572c16,0.4308384579999256
4,js,1.0,0.2,r4_js_sigma1_lr0.2,119,ok,,1.0182772387676207,6.640029533918809,48,0.8868116337481687,0.04391756075973226,0.03894660380757263,0.03894660380757263,9cc5a5818d004f0f1492c246ba3ab8685b2df3f7dfd15cdf113ebebec42d8dee,152370bb377ea714cfc078c2235d0ba001bfe1626af828d19a441d0c68fa2f0a,a56289775eec0ce432a321db146cf9b88569ccab3daaa3aefaeb57ea0050cb73,01bf4e2b10f88360652600d185a9d719f05502f25f089d70da96eafa7fe4dfe3,0.4283780830010073
4,js,1.0,0.2,r4_js_sigma1_lr0.2,120,ok,,0.9140560414670542,6.676129342303709,48,0.9183002519605258,0.050797108416399714,0.046646997457646,0.046646997457646,69e5aaf107b63f46b6b057dfe99d3189e4f485b9649136f1718f398f646e43c6,c8a464e3dc5900b1823e47278ccc6047977a95a0a6e7739b20457a50c75e991c,be8ede604a893ee87034e6fb596cea91ea3be8f191d448807bebae1ef6fbfe79,dff4b17a330f664ec4d31f507c7603e7842ac94d65226c760d6e78cfa953aeb7,0.4358667080014129
4,mse,1.0,0.005,r4_mse_sigma1_lr0.005,111,ok,,0.7998990373207222,6.508529488953867,48,1280.992695506903,3.784641624843993e-05,0.04848098276536531,0.04848098276536531,6f4599f803588363f7f3f06a30082972087391773f80fd6d7eb3eadc6484859e,d59d43420c9129a49d4e4aa149c529c6e0cbc3f6e3f83610204fc311412d67e5,46ec6552ea8abd2c67a85ebf993bb74a1984e0f557904f8a35ae4eb6d2b596da,ff013eda1d426d67006a334f6583897c614d689f5823b14c442be63e78bb3962,0.4231139589974191
4,mse,1.0,0.005,r4_mse_sigma1_lr0.005,112,ok,,0.7510583600357987,6.389771054382753,48,1291.8416965467334,4.0805524082162894e-05,0.0527142774587799,0.0527142774587799,23158049f8a287709543a55b89f8943218b08cba397a67e034633640e70c99f6,889fcea4602e0d08ee4021f00203d655dcb8d5e70709f4efb56844c28ea0e74c,b0126d22db14df8032614d0be237f7ba7f8faae015df79310d48a47a7e019709,3dd0b47c3c1ce23069083c16d0c2272714da54db5025db5646fd1228b010a5e8,0.434326583002985
4,mse,1.0,0.005,r4_mse_sigma1_lr0.005,113,ok,,0.8256033496117343,6.364754324164753,48,1289.8508201065313,4.5089968769450024e-05,0.058159333195852994,0.058159333195852994,1130bcd06d370ab57f1bc3a67409c755b267648b80a0f46e840060bb010d3ab8,f16642197b525fd13d6256e464b0e7fa2a58d7c9a10bd02c003ee0dc3c54951c,494a09d0cb32c8fd575150abd91ad12074451b075c550159cd5a0edda3ce9c1b,db95c591d5ad7a1f08531cf0e04985b931fc730f28e8ed47b8c7c5d8ecd8db0c,0.3723138339992147
4,mse,1.0,0.005,r4_mse_sigma1_lr0.005,114,ok,,0.7971117001049689,6.471411430233155,48,1207.9733206266203,3.46895236864534e-05,0.04190401911848091,0.04190401911848091,c8a7a565f4c34afcedf377bd8a33aee023bbafec99430b278d5183f906311b3e,b866245d1a511ec78b1c46ad9c5b7c24ae305d3a4597eadd1513f9251448aada,9fc9306ab4737b5804dc59a07264243c6abc622ca16efa0cd4d6bddf38b05e36,52ceac77e1e0c99a5de90b23d52d3e2f15eb08da92d5b6842d3e92834a138f22,0.37309995900432114
4,mse,1.0,0.005,r4_mse_sigma1_lr0.005,115,ok,,0.7793417099984618,6.29883710750118,48,1296.237193529618,3.174772726649703e-05,0.04115258489286784,0.04115258489286784,21e3187a25ce542a7fda12331f6df5573b7aa9cfb19c4d6a1242f48e9ab77257,511a9fee1d8f467003479f0b9dcb30337ee1a68e067dcc991d5efeaa1c30f3ca,fae9b80b4b9bbecd172da441f7a298732dc4ec9c5fd56650a16ee48bf4f2164a,c3a0cabd7487508470d585545f7b6a856897b0410105302f1b4d5c12944c190d,0.37439070799882757
4,mse,1.0,0.005,r4_mse_sigma1_lr0.005,116,ok,,0.8958711441044793,6.586708409355777,48,1298.092748676573,3.901282803142046e-05,0.05064226917295304,0.05064226917295304,b240340bda42b13e461b839e854e8931eb9b197c11fad589d1f07877b5a6c105,cef618fe0fa48343569619b7334137da0e397721eb3a078c08871e9e4193d1f5,67eaeaae05cc33550f061649f99bb92951375c55491458d36e2f1c224114a8b1,0d285e8573294ff0f8d626c9d7c79b1ffa6d14fb3071ba7be902aa48627a1c7e,0.3804686250005034
4,mse,1.0,0.005,r4_mse_sigma1_lr0.005,117,ok,,1.1714745050843172,6.825730572119439,48,1272.3912203579055,3.0893714930835755e-05,0.039308891642235354,0.039308891642235354,2ff937c83d36f7b3a5406c91e8755c50ce932575e34db68925452587b0ab77d6,e0b9f294b820a1aa278f5cd75720af9014c99374da05d571d878890a160e022a,6d2e8203ab09f7481803ba6cac1d0fef11989f0d29cc5ddaeca62054fed6f238,32821079a74fe63f445d951a557ad18447fced01821fc77b6b8d137d2fe48881,0.38960558300459525
4,mse,1.0,0.005,r4_mse_sigma1_lr0.005,118,ok,,1.0272221213968908,6.754927509090084,48,1285.0192517806315,3.222350195590584e-05,0.041407820373129844,0.041407820373129844,f9372f8f74b3a18b86f9a9dd960278381003e836073cde71119d3b892dde9434,bf34f477abb16f7800703a8aa5ac322b03f582a20f996d74e68f001cf9732cdb,3672d037714419789c221c8c7564a09d4bd2e60bbf08a0fa3cd13f9a40a45c57,ffdd2708cda2855a18fd4a81398631fadb59f1610b8dd3d36eefe8f678572c16,0.3893889169994509
4,mse,1.0,0.005,r4_mse_sigma1_lr0.005,119,ok,,0.917620678991898,6.4830263076200865,48,1266.7148011265897,3.074615041439031e-05,0.03894660380757263,0.03894660380757263,9cc5a5818d004f0f1492c246ba3ab8685b2df3f7dfd15cdf113ebebec42d8dee,152370bb377ea714cfc078c2235d0ba001bfe1626af828d19a441d0c68fa2f0a,a56289775eec0ce432a321db146cf9b88569ccab3daaa3aefaeb57ea0050cb73,01bf4e2b10f88360652600d185a9d719f05502f25f089d70da96eafa7fe4dfe3,0.4114708330016583
4,mse,1.0,0.005,r4_mse_sigma1_lr0.005,120,ok,,0.8824290038558296,6.55021230119227,48,1301.6856953685765,3.583583780909396e-05,0.046646997457646,0.046646997457646,69e5aaf107b63f46b6b057dfe99d3189e4f485b9649136f1718f398f646e43c6,c8a464e3dc5900b1823e47278ccc6047977a95a0a6e7739b20457a50c75e991c,be8ede604a893ee87034e6fb596cea91ea3be8f191d448807bebae1ef6fbfe79,dff4b17a330f664ec4d31f507c7603e7842ac94d65226c760d6e78cfa953aeb7,0.4235121660021832
4,mse,1.0,0.01,r4_mse_sigma1_lr0.01,111,ok,,0.5786216778352572,6.321107881489191,48,1280.992695506903,3.784641624843993e-05,0.04848098276536531,0.04848098276536531,6f4599f803588363f7f3f06a30082972087391773f80fd6d7eb3eadc6484859e,d59d43420c9129a49d4e4aa149c529c6e0cbc3f6e3f83610204fc311412d67e5,46ec6552ea8abd2c67a85ebf993bb74a1984e0f557904f8a35ae4eb6d2b596da,ff013eda1d426d67006a334f6583897c614d689f5823b14c442be63e78bb3962,0.41224337500170805
4,mse,1.0,0.01,r4_mse_sigma1_lr0.01,112,ok,,0.5449527672526739,6.2044983443855966,48,1291.8416965467334,4.0805524082162894e-05,0.0527142774587799,0.0527142774587799,23158049f8a287709543a55b89f8943218b08cba397a67e034633640e70c99f6,889fcea4602e0d08ee4021f00203d655dcb8d5e70709f4efb56844c28ea0e74c,b0126d22db14df8032614d0be237f7ba7f8faae015df79310d48a47a7e019709,3dd0b47c3c1ce23069083c16d0c2272714da54db5025db5646fd1228b010a5e8,0.4091488330013817
4,mse,1.0,0.01,r4_mse_sigma1_lr0.01,113,ok,,0.6253050142580139,6.213569159261564,48,1289.8508201065313,4.5089968769450024e-05,0.058159333195852994,0.058159333195852994,1130bcd06d370ab57f1bc3a67409c755b267648b80a0f46e840060bb010d3ab8,f16642197b525fd13d6256e464b0e7fa2a58d7c9a10bd02c003ee0dc3c54951c,494a09d0cb32c8fd575150abd91ad12074451b075c550159cd5a0edda3ce9c1b,db95c591d5ad7a1f08531cf0e04985b931fc730f28e8ed47b8c7c5d8ecd8db0c,0.39850804199522827
4,mse,1.0,0.01,r4_mse_sigma1_lr0.01,114,ok,,0.5042548464755825,6.1848436395953375,48,1207.9733206266203,3.46895236864534e-05,0.04190401911848091,0.04190401911848091,c8a7a565f4c34afcedf377bd8a33aee023bbafec99430b278d5183f906311b3e,b866245d1a511ec78b1c46ad9c5b7c24ae305d3a4597eadd1513f9251448aada,9fc9306ab4737b5804dc59a07264243c6abc622ca16efa0cd4d6bddf38b05e36,52ceac77e1e0c99a5de90b23d52d3e2f15eb08da92d5b6842d3e92834a138f22,0.39634216699778335
4,mse,1.0,0.01,r4_mse_sigma1_lr0.01,115,ok,,0.6468461514832956,6.1903505011655096,48,1296.237193529618,3.174772726649703e-05,0.04115258489286784,0.04115258489286784,21e3187a25ce542a7fda12331f6df5573b7aa9cfb19c4d6a1242f48e9ab77257,511a9fee1d8f467003479f0b9dcb30337ee1a68e067dcc991d5efeaa1c30f3ca,fae9b80b4b9bbecd172da441f7a298732dc4ec9c5fd56650a16ee48bf4f2164a,c3a0cabd7487508470d585545f7b6a856897b0410105302f1b4d5c12944c190d,0.3827988330012886
4,mse,1.0,0.01,r4_mse_sigma1_lr0.01,116,ok,,0.6940436559765767,6.403388841372635,48,1298.092748676573,3.901282803142046e-05,0.05064226917295304,0.05064226917295304,b240340bda42b13e461b839e854e8931eb9b197c11fad589d1f07877b5a6c105,cef618fe0fa48343569619b7334137da0e397721eb3a078c08871e9e4193d1f5,67eaeaae05cc33550f061649f99bb92951375c55491458d36e2f1c224114a8b1,0d285e8573294ff0f8d626c9d7c79b1ffa6d14fb3071ba7be902aa48627a1c7e,0.3868595419990015
4,mse,1.0,0.01,r4_mse_sigma1_lr0.01,117,ok,,0.7296968498742997,6.390146368806491,48,1272.3912203579055,3.0893714930835755e-05,0.039308891642235354,0.039308891642235354,2ff937c83d36f7b3a5406c91e8755c50ce932575e34db68925452587b0ab77d6,e0b9f294b820a1aa278f5cd75720af9014c99374da05d571d878890a160e022a,6d2e8203ab09f7481803ba6cac1d0fef11989f0d29cc5ddaeca62054fed6f238,32821079a74fe63f445d951a557ad18447fced01821fc77b6b8d137d2fe48881,0.38398325000162004
4,mse,1.0,0.01,r4_mse_sigma1_lr0.01,118,ok,,0.551606333646435,6.321664107753962,48,1285.0192517806315,3.222350195590584e-05,0.041407820373129844,0.041407820373129844,f9372f8f74b3a18b86f9a9dd960278381003e836073cde71119d3b892dde9434,bf34f477abb16f7800703a8aa5ac322b03f582a20f996d74e68f001cf9732cdb,3672d037714419789c221c8c7564a09d4bd2e60bbf08a0fa3cd13f9a40a45c57,ffdd2708cda2855a18fd4a81398631fadb59f1610b8dd3d36eefe8f678572c16,0.38382608300162246
4,mse,1.0,0.01,r4_mse_sigma1_lr0.01,119,ok,,0.8062692272027121,6.406081572521909,48,1266.7148011265897,3.074615041439031e-05,0.03894660380757263,0.03894660380757263,9cc5a5818d004f0f1492c246ba3ab8685b2df3f7dfd15cdf113ebebec42d8dee,152370bb377ea714cfc078c2235d0ba001bfe1626af828d19a441d0c68fa2f0a,a56289775eec0ce432a321db146cf9b88569ccab3daaa3aefaeb57ea0050cb73,01bf4e2b10f88360652600d185a9d719f05502f25f089d70da96eafa7fe4dfe3,0.38006045799556887
4,mse,1.0,0.01,r4_mse_sigma1_lr0.01,120,ok,,0.6259641807950654,6.291619778282811,48,1301.6856953685765,3.583583780909396e-05,0.046646997457646,0.046646997457646,69e5aaf107b63f46b6b057dfe99d3189e4f485b9649136f1718f398f646e43c6,c8a464e3dc5900b1823e47278ccc6047977a95a0a6e7739b20457a50c75e991c,be8ede604a893ee87034e6fb596cea91ea3be8f191d448807bebae1ef6fbfe79,dff4b17a330f664ec4d31f507c7603e7842ac94d65226c760d6e78cfa953aeb7,0.37713754099968355
4,mse,1.0,0.02,r4_mse_sigma1_lr0.02,111,ok,,0.5377899892155498,6.334078745164532,48,1280.992695506903,3.784641624843993e-05,0.04848098276536531,0.04848098276536531,6f4599f803588363f7f3f06a30082972087391773f80fd6d7eb3eadc6484859e,d59d43420c9129a49d4e4aa149c529c6e0cbc3f6e3f83610204fc311412d67e5,46ec6552ea8abd2c67a85ebf993bb74a1984e0f557904f8a35ae4eb6d2b596da,ff013eda1d426d67006a334f6583897c614d689f5823b14c442be63e78bb3962,0.37774162499408703
4,mse,1.0,0.02,r4_mse_sigma1_lr0.02,112,ok,,0.4428157497662523,6.08045259374771,48,1291.8416965467334,4.0805524082162894e-05,0.0527142774587799,0.0527142774587799,23158049f8a287709543a55b89f8943218b08cba397a67e034633640e70c99f6,889fcea4602e0d08ee4021f00203d655dcb8d5e70709f4efb56844c28ea0e74c,b0126d22db14df8032614d0be237f7ba7f8faae015df79310d48a47a7e019709,3dd0b47c3c1ce23069083c16d0c2272714da54db5025db5646fd1228b010a5e8,0.37272370899881935
4,mse,1.0,0.02,r4_mse_sigma1_lr0.02,113,ok,,0.5672846501307864,6.180999574151729,48,1289.8508201065313,4.5089968769450024e-05,0.058159333195852994,0.058159333195852994,1130bcd06d370ab57f1bc3a67409c755b267648b80a0f46e840060bb010d3ab8,f16642197b525fd13d6256e464b0e7fa2a58d7c9a10bd02c003ee0dc3c54951c,494a09d0cb32c8fd575150abd91ad12074451b075c550159cd5a0edda3ce9c1b,db95c591d5ad7a1f08531cf0e04985b931fc730f28e8ed47b8c7c5d8ecd8db0c,0.37091504099953454
4,mse,1.0,0.02,r4_mse_sigma1_lr0.02,114,ok,,0.49378801183706433,6.176579958975468,48,1207.9733206266203,3.46895236864534e-05,0.04190401911848091,0.04190401911848091,c8a7a565f4c34afcedf377bd8a33aee023bbafec99430b278d5183f906311b3e,b866245d1a511ec78b1c46ad9c5b7c24ae305d3a4597eadd1513f9251448aada,9fc9306ab4737b5804dc59a07264243c6abc622ca16efa0cd4d6bddf38b05e36,52ceac77e1e0c99a5de90b23d52d3e2f15eb08da92d5b6842d3e92834a138f22,0.3659317089986871
4,mse,1.0,0.02,r4_mse_sigma1_lr0.02,115,ok,,0.5197678705588595,6.062932910853276,48,1296.237193529618,3.174772726649703e-05,0.04115258489286784,0.04115258489286784,21e3187a25ce542a7fda12331f6df5573b7aa9cfb19c4d6a1242f48e9ab77257,511a9fee1d8f467003479f0b9dcb30337ee1a68e067dcc991d5efeaa1c30f3ca,fae9b80b4b9bbecd172da441f7a298732dc4ec9c5fd56650a16ee48bf4f2164a,c3a0cabd7487508470d585545f7b6a856897b0410105302f1b4d5c12944c190d,0.3736464999965392
4,mse,1.0,0.02,r4_mse_sigma1_lr0.02,116,ok,,0.4782386651488416,6.157634511183331,48,1298.092748676573,3.901282803142046e-05,0.05064226917295304,0.05064226917295304,b240340bda42b13e461b839e854e8931eb9b197c11fad589d1f07877b5a6c105,cef618fe0fa48343569619b7334137da0e397721eb3a078c08871e9e4193d1f5,67eaeaae05cc33550f061649f99bb92951375c55491458d36e2f1c224114a8b1,0d285e8573294ff0f8d626c9d7c79b1ffa6d14fb3071ba7be902aa48627a1c7e,0.37436662500113016
4,mse,1.0,0.02,r4_mse_sigma1_lr0.02,117,ok,,0.4495311416829965,6.068125913452357,48,1272.3912203579055,3.0893714930835755e-05,0.039308891642235354,0.039308891642235354,2ff937c83d36f7b3a5406c91e8755c50ce932575e34db68925452587b0ab77d6,e0b9f294b820a1aa278f5cd75720af9014c99374da05d571d878890a160e022a,6d2e8203ab09f7481803ba6cac1d0fef11989f0d29cc5ddaeca62054fed6f238,32821079a74fe63f445d951a557ad18447fced01821fc77b6b8d137d2fe48881,0.37134766699455213
4,mse,1.0,0.02,r4_mse_sigma1_lr0.02,118,ok,,0.449419556556424,6.192474697895474,48,1285.0192517806315,3.222350195590584e-05,0.041407820373129844,0.041407820373129844,f9372f8f74b3a18b86f9a9dd960278381003e836073cde71119d3b892dde9434,bf34f477abb16f7800703a8aa5ac322b03f582a20f996d74e68f001cf9732cdb,3672d037714419789c221c8c7564a09d4bd2e60bbf08a0fa3cd13f9a40a45c57,ffdd2708cda2855a18fd4a81398631fadb59f1610b8dd3d36eefe8f678572c16,0.37175183400540845
4,mse,1.0,0.02,r4_mse_sigma1_lr0.02,119,ok,,0.42625728831211707,6.030453131011053,48,1266.7148011265897,3.074615041439031e-05,0.03894660380757263,0.03894660380757263,9cc5a5818d004f0f1492c246ba3ab8685b2df3f7dfd15cdf113ebebec42d8dee,152370bb377ea714cfc078c2235d0ba001bfe1626af828d19a441d0c68fa2f0a,a56289775eec0ce432a321db146cf9b88569ccab3daaa3aefaeb57ea0050cb73,01bf4e2b10f88360652600d185a9d719f05502f25f089d70da96eafa7fe4dfe3,0.3730345000003581
4,mse,1.0,0.02,r4_mse_sigma1_lr0.02,120,ok,,0.505127786137995,6.1937880904442535,48,1301.6856953685765,3.583583780909396e-05,0.046646997457646,0.046646997457646,69e5aaf107b63f46b6b057dfe99d3189e4f485b9649136f1718f398f646e43c6,c8a464e3dc5900b1823e47278ccc6047977a95a0a6e7739b20457a50c75e991c,be8ede604a893ee87034e6fb596cea91ea3be8f191d448807bebae1ef6fbfe79,dff4b17a330f664ec4d31f507c7603e7842ac94d65226c760d6e78cfa953aeb7,0.37339016599435126
4,mse,1.0,0.05,r4_mse_sigma1_lr0.05,111,ok,,0.44605753664031245,6.202817409364772,48,1280.992695506903,3.784641624843993e-05,0.04848098276536531,0.04848098276536531,6f4599f803588363f7f3f06a30082972087391773f80fd6d7eb3eadc6484859e,d59d43420c9129a49d4e4aa149c529c6e0cbc3f6e3f83610204fc311412d67e5,46ec6552ea8abd2c67a85ebf993bb74a1984e0f557904f8a35ae4eb6d2b596da,ff013eda1d426d67006a334f6583897c614d689f5823b14c442be63e78bb3962,0.3694270830019377
4,mse,1.0,0.05,r4_mse_sigma1_lr0.05,112,ok,,0.45765146287357283,6.094505594792603,48,1291.8416965467334,4.0805524082162894e-05,0.0527142774587799,0.0527142774587799,23158049f8a287709543a55b89f8943218b08cba397a67e034633640e70c99f6,889fcea4602e0d08ee4021f00203d655dcb8d5e70709f4efb56844c28ea0e74c,b0126d22db14df8032614d0be237f7ba7f8faae015df79310d48a47a7e019709,3dd0b47c3c1ce23069083c16d0c2272714da54db5025db5646fd1228b010a5e8,0.36778879199846415
4,mse,1.0,0.05,r4_mse_sigma1_lr0.05,113,ok,,0.5272139251052695,6.116240165193858,48,1289.8508201065313,4.5089968769450024e-05,0.058159333195852994,0.058159333195852994,1130bcd06d370ab57f1bc3a67409c755b267648b80a0f46e840060bb010d3ab8,f16642197b525fd13d6256e464b0e7fa2a58d7c9a10bd02c003ee0dc3c54951c,494a09d0cb32c8fd575150abd91ad12074451b075c550159cd5a0edda3ce9c1b,db95c591d5ad7a1f08531cf0e04985b931fc730f28e8ed47b8c7c5d8ecd8db0c,0.37257308299740544
4,mse,1.0,0.05,r4_mse_sigma1_lr0.05,114,ok,,0.4578138016399888,6.1424543867422345,48,1207.9733206266203,3.46895236864534e-05,0.04190401911848091,0.04190401911848091,c8a7a565f4c34afcedf377bd8a33aee023bbafec99430b278d5183f906311b3e,b866245d1a511ec78b1c46ad9c5b7c24ae305d3a4597eadd1513f9251448aada,9fc9306ab4737b5804dc59a07264243c6abc622ca16efa0cd4d6bddf38b05e36,52ceac77e1e0c99a5de90b23d52d3e2f15eb08da92d5b6842d3e92834a138f22,0.37352554200333543
4,mse,1.0,0.05,r4_mse_sigma1_lr0.05,115,ok,,0.494251104305546,6.056290184769707,48,1296.237193529618,3.174772726649703e-05,0.04115258489286784,0.04115258489286784,21e3187a25ce542a7fda12331f6df5573b7aa9cfb19c4d6a1242f48e9ab77257,511a9fee1d8f467003479f0b9dcb30337ee1a68e067dcc991d5efeaa1c30f3ca,fae9b80b4b9bbecd172da441f7a298732dc4ec9c5fd56650a16ee48bf4f2164a,c3a0cabd7487508470d585545f7b6a856897b0410105302f1b4d5c12944c190d,0.3699166669975966
4,mse,1.0,0.05,r4_mse_sigma1_lr0.05,116,ok,,0.48002367962277753,6.16791972762353,48,1298.092748676573,3.901282803142046e-05,0.05064226917295304,0.05064226917295304,b240340bda42b13e461b839e854e8931eb9b197c11fad589d1f07877b5a6c105,cef618fe0fa48343569619b7334137da0e397721eb3a078c08871e9e4193d1f5,67eaeaae05cc33550f061649f99bb92951375c55491458d36e2f1c224114a8b1,0d285e8573294ff0f8d626c9d7c79b1ffa6d14fb3071ba7be902aa48627a1c7e,0.36712775000341935
4,mse,1.0,0.05,r4_mse_sigma1_lr0.05,117,ok,,0.45314767156039965,6.076749573400298,48,1272.3912203579055,3.0893714930835755e-05,0.039308891642235354,0.039308891642235354,2ff937c83d36f7b3a5406c91e8755c50ce932575e34db68925452587b0ab77d6,e0b9f294b820a1aa278f5cd75720af9014c99374da05d571d878890a160e022a,6d2e8203ab09f7481803ba6cac1d0fef11989f0d29cc5ddaeca62054fed6f238,32821079a74fe63f445d951a557ad18447fced01821fc77b6b8d137d2fe48881,0.37699045799672604
4,mse,1.0,0.05,r4_mse_sigma1_lr0.05,118,ok,,0.43180538041822203,6.149466890803589,48,1285.0192517806315,3.222350195590584e-05,0.041407820373129844,0.041407820373129844,f9372f8f74b3a18b86f9a9dd960278381003e836073cde71119d3b892dde9434,bf34f477abb16f7800703a8aa5ac322b03f582a20f996d74e68f001cf9732cdb,3672d037714419789c221c8c7564a09d4bd2e60bbf08a0fa3cd13f9a40a45c57,ffdd2708cda2855a18fd4a81398631fadb59f1610b8dd3d36eefe8f678572c16,0.3836790830027894
4,mse,1.0,0.05,r4_mse_sigma1_lr0.05,119,ok,,0.4726989356387143,6.096737147897733,48,1266.7148011265897,3.074615041439031e-05,0.03894660380757263,0.03894660380757263,9cc5a5818d004f0f1492c246ba3ab8685b2df3f7dfd15cdf113ebebec42d8dee,152370bb377ea714cfc078c2235d0ba001bfe1626af828d19a441d0c68fa2f0a,a56289775eec0ce432a321db146cf9b88569ccab3daaa3aefaeb57ea0050cb73,01bf4e2b10f88360652600d185a9d719f05502f25f089d70da96eafa7fe4dfe3,0.371091291999619
4,mse,1.0,0.05,r4_mse_sigma1_lr0.05,120,ok,,0.47838861242170394,6.177195791308284,48,1301.6856953685765,3.583583780909396e-05,0.046646997457646,0.046646997457646,69e5aaf107b63f46b6b057dfe99d3189e4f485b9649136f1718f398f646e43c6,c8a464e3dc5900b1823e47278ccc6047977a95a0a6e7739b20457a50c75e991c,be8ede604a893ee87034e6fb596cea91ea3be8f191d448807bebae1ef6fbfe79,dff4b17a330f664ec4d31f507c7603e7842ac94d65226c760d6e78cfa953aeb7,0.37333529200259363
4,mse,1.0,0.1,r4_mse_sigma1_lr0.1,111,ok,,0.43946605832648045,6.18955258619799,48,1280.992695506903,3.784641624843993e-05,0.04848098276536531,0.04848098276536531,6f4599f803588363f7f3f06a30082972087391773f80fd6d7eb3eadc6484859e,d59d43420c9129a49d4e4aa149c529c6e0cbc3f6e3f83610204fc311412d67e5,46ec6552ea8abd2c67a85ebf993bb74a1984e0f557904f8a35ae4eb6d2b596da,ff013eda1d426d67006a334f6583897c614d689f5823b14c442be63e78bb3962,0.3732752910000272
4,mse,1.0,0.1,r4_mse_sigma1_lr0.1,112,ok,,0.4707142268343302,6.113911931863968,48,1291.8416965467334,4.0805524082162894e-05,0.0527142774587799,0.0527142774587799,23158049f8a287709543a55b89f8943218b08cba397a67e034633640e70c99f6,889fcea4602e0d08ee4021f00203d655dcb8d5e70709f4efb56844c28ea0e74c,b0126d22db14df8032614d0be237f7ba7f8faae015df79310d48a47a7e019709,3dd0b47c3c1ce23069083c16d0c2272714da54db5025db5646fd1228b010a5e8,0.3728012080027838
4,mse,1.0,0.1,r4_mse_sigma1_lr0.1,113,ok,,0.37731111225427677,5.968074993880148,48,1289.8508201065313,4.5089968769450024e-05,0.058159333195852994,0.058159333195852994,1130bcd06d370ab57f1bc3a67409c755b267648b80a0f46e840060bb010d3ab8,f16642197b525fd13d6256e464b0e7fa2a58d7c9a10bd02c003ee0dc3c54951c,494a09d0cb32c8fd575150abd91ad12074451b075c550159cd5a0edda3ce9c1b,db95c591d5ad7a1f08531cf0e04985b931fc730f28e8ed47b8c7c5d8ecd8db0c,0.3825202910011285
4,mse,1.0,0.1,r4_mse_sigma1_lr0.1,114,ok,,0.4180081504374211,6.1185108612822425,48,1207.9733206266203,3.46895236864534e-05,0.04190401911848091,0.04190401911848091,c8a7a565f4c34afcedf377bd8a33aee023bbafec99430b278d5183f906311b3e,b866245d1a511ec78b1c46ad9c5b7c24ae305d3a4597eadd1513f9251448aada,9fc9306ab4737b5804dc59a07264243c6abc622ca16efa0cd4d6bddf38b05e36,52ceac77e1e0c99a5de90b23d52d3e2f15eb08da92d5b6842d3e92834a138f22,0.37441012500494253
4,mse,1.0,0.1,r4_mse_sigma1_lr0.1,115,ok,,0.42449559102977674,5.974903955617863,48,1296.237193529618,3.174772726649703e-05,0.04115258489286784,0.04115258489286784,21e3187a25ce542a7fda12331f6df5573b7aa9cfb19c4d6a1242f48e9ab77257,511a9fee1d8f467003479f0b9dcb30337ee1a68e067dcc991d5efeaa1c30f3ca,fae9b80b4b9bbecd172da441f7a298732dc4ec9c5fd56650a16ee48bf4f2164a,c3a0cabd7487508470d585545f7b6a856897b0410105302f1b4d5c12944c190d,0.38579266600572737
4,mse,1.0,0.1,r4_mse_sigma1_lr0.1,116,ok,,0.49309019152228756,6.162348776614815,48,1298.092748676573,3.901282803142046e-05,0.05064226917295304,0.05064226917295304,b240340bda42b13e461b839e854e8931eb9b197c11fad589d1f07877b5a6c105,cef618fe0fa48343569619b7334137da0e397721eb3a078c08871e9e4193d1f5,67eaeaae05cc33550f061649f99bb92951375c55491458d36e2f1c224114a8b1,0d285e8573294ff0f8d626c9d7c79b1ffa6d14fb3071ba7be902aa48627a1c7e,0.38320654099516105
4,mse,1.0,0.1,r4_mse_sigma1_lr0.1,117,ok,,0.4513394037011359,6.090329805923333,48,1272.3912203579055,3.0893714930835755e-05,0.039308891642235354,0.039308891642235354,2ff937c83d36f7b3a5406c91e8755c50ce932575e34db68925452587b0ab77d6,e0b9f294b820a1aa278f5cd75720af9014c99374da05d571d878890a160e022a,6d2e8203ab09f7481803ba6cac1d0fef11989f0d29cc5ddaeca62054fed6f238,32821079a74fe63f445d951a557ad18447fced01821fc77b6b8d137d2fe48881,0.3837129579987959
4,mse,1.0,0.1,r4_mse_sigma1_lr0.1,118,ok,,0.7417534758140953,6.443201542842898,48,1285.0192517806315,3.222350195590584e-05,0.041407820373129844,0.041407820373129844,f9372f8f74b3a18b86f9a9dd960278381003e836073cde71119d3b892dde9434,bf34f477abb16f7800703a8aa5ac322b03f582a20f996d74e68f001cf9732cdb,3672d037714419789c221c8c7564a09d4bd2e60bbf08a0fa3cd13f9a40a45c57,ffdd2708cda2855a18fd4a81398631fadb59f1610b8dd3d36eefe8f678572c16,0.3827685830037808
4,mse,1.0,0.1,r4_mse_sigma1_lr0.1,119,ok,,0.5376268559088616,6.179637785070794,48,1266.7148011265897,3.074615041439031e-05,0.03894660380757263,0.03894660380757263,9cc5a5818d004f0f1492c246ba3ab8685b2df3f7dfd15cdf113ebebec42d8dee,152370bb377ea714cfc078c2235d0ba001bfe1626af828d19a441d0c68fa2f0a,a56289775eec0ce432a321db146cf9b88569ccab3daaa3aefaeb57ea0050cb73,01bf4e2b10f88360652600d185a9d719f05502f25f089d70da96eafa7fe4dfe3,0.3768802499980666
4,mse,1.0,0.1,r4_mse_sigma1_lr0.1,120,ok,,1.652325135828665,7.271123129814608,48,1301.6856953685765,3.583583780909396e-05,0.046646997457646,0.046646997457646,69e5aaf107b63f46b6b057dfe99d3189e4f485b9649136f1718f398f646e43c6,c8a464e3dc5900b1823e47278ccc6047977a95a0a6e7739b20457a50c75e991c,be8ede604a893ee87034e6fb596cea91ea3be8f191d448807bebae1ef6fbfe79,dff4b17a330f664ec4d31f507c7603e7842ac94d65226c760d6e78cfa953aeb7,0.3761253749980824
4,mse,1.0,0.2,r4_mse_sigma1_lr0.2,111,ok,,0.4159134047294346,6.170025010421003,48,1280.992695506903,3.784641624843993e-05,0.04848098276536531,0.04848098276536531,6f4599f803588363f7f3f06a30082972087391773f80fd6d7eb3eadc6484859e,d59d43420c9129a49d4e4aa149c529c6e0cbc3f6e3f83610204fc311412d67e5,46ec6552ea8abd2c67a85ebf993bb74a1984e0f557904f8a35ae4eb6d2b596da,ff013eda1d426d67006a334f6583897c614d689f5823b14c442be63e78bb3962,0.36966991699591745
4,mse,1.0,0.2,r4_mse_sigma1_lr0.2,112,ok,,0.40169061961148755,6.057427154125506,48,1291.8416965467334,4.0805524082162894e-05,0.0527142774587799,0.0527142774587799,23158049f8a287709543a55b89f8943218b08cba397a67e034633640e70c99f6,889fcea4602e0d08ee4021f00203d655dcb8d5e70709f4efb56844c28ea0e74c,b0126d22db14df8032614d0be237f7ba7f8faae015df79310d48a47a7e019709,3dd0b47c3c1ce23069083c16d0c2272714da54db5025db5646fd1228b010a5e8,0.3704171249992214
4,mse,1.0,0.2,r4_mse_sigma1_lr0.2,113,ok,,0.41320459937037246,6.010959248337442,48,1289.8508201065313,4.5089968769450024e-05,0.058159333195852994,0.058159333195852994,1130bcd06d370ab57f1bc3a67409c755b267648b80a0f46e840060bb010d3ab8,f16642197b525fd13d6256e464b0e7fa2a58d7c9a10bd02c003ee0dc3c54951c,494a09d0cb32c8fd575150abd91ad12074451b075c550159cd5a0edda3ce9c1b,db95c591d5ad7a1f08531cf0e04985b931fc730f28e8ed47b8c7c5d8ecd8db0c,0.36963987499621
4,mse,1.0,0.2,r4_mse_sigma1_lr0.2,114,ok,,0.4193877581168389,6.108836837225454,48,1207.9733206266203,3.46895236864534e-05,0.04190401911848091,0.04190401911848091,c8a7a565f4c34afcedf377bd8a33aee023bbafec99430b278d5183f906311b3e,b866245d1a511ec78b1c46ad9c5b7c24ae305d3a4597eadd1513f9251448aada,9fc9306ab4737b5804dc59a07264243c6abc622ca16efa0cd4d6bddf38b05e36,52ceac77e1e0c99a5de90b23d52d3e2f15eb08da92d5b6842d3e92834a138f22,0.3718213339961949
4,mse,1.0,0.2,r4_mse_sigma1_lr0.2,115,ok,,0.45002603636560945,6.02278392504799,48,1296.237193529618,3.174772726649703e-05,0.04115258489286784,0.04115258489286784,21e3187a25ce542a7fda12331f6df5573b7aa9cfb19c4d6a1242f48e9ab77257,511a9fee1d8f467003479f0b9dcb30337ee1a68e067dcc991d5efeaa1c30f3ca,fae9b80b4b9bbecd172da441f7a298732dc4ec9c5fd56650a16ee48bf4f2164a,c3a0cabd7487508470d585545f7b6a856897b0410105302f1b4d5c12944c190d,0.368870665995928
4,mse,1.0,0.2,r4_mse_sigma1_lr0.2,116,ok,,0.5092095298286909,6.184835008660578,48,1298.092748676573,3.901282803142046e-05,0.05064226917295304,0.05064226917295304,b240340bda42b13e461b839e854e8931eb9b197c11fad589d1f07877b5a6c105,cef618fe0fa48343569619b7334137da0e397721eb3a078c08871e9e4193d1f5,67eaeaae05cc33550f061649f99bb92951375c55491458d36e2f1c224114a8b1,0d285e8573294ff0f8d626c9d7c79b1ffa6d14fb3071ba7be902aa48627a1c7e,0.37008104100095807
4,mse,1.0,0.2,r4_mse_sigma1_lr0.2,117,ok,,0.45419366035634723,6.101666866364253,48,1272.3912203579055,3.0893714930835755e-05,0.039308891642235354,0.039308891642235354,2ff937c83d36f7b3a5406c91e8755c50ce932575e34db68925452587b0ab77d6,e0b9f294b820a1aa278f5cd75720af9014c99374da05d571d878890a160e022a,6d2e8203ab09f7481803ba6cac1d0fef11989f0d29cc5ddaeca62054fed6f238,32821079a74fe63f445d951a557ad18447fced01821fc77b6b8d137d2fe48881,0.37049241599743254
4,mse,1.0,0.2,r4_mse_sigma1_lr0.2,118,ok,,0.34720956519803836,6.078878408634553,48,1285.0192517806315,3.222350195590584e-05,0.041407820373129844,0.041407820373129844,f9372f8f74b3a18b86f9a9dd960278381003e836073cde71119d3b892dde9434,bf34f477abb16f7800703a8aa5ac322b03f582a20f996d74e68f001cf9732cdb,3672d037714419789c221c8c7564a09d4bd2e60bbf08a0fa3cd13f9a40a45c57,ffdd2708cda2855a18fd4a81398631fadb59f1610b8dd3d36eefe8f678572c16,0.3745217500036233
4,mse,1.0,0.2,r4_mse_sigma1_lr0.2,119,ok,,2.4363973615564705,8.079292197718795,48,1266.7148011265897,3.074615041439031e-05,0.03894660380757263,0.03894660380757263,9cc5a5818d004f0f1492c246ba3ab8685b2df3f7dfd15cdf113ebebec42d8dee,152370bb377ea714cfc078c2235d0ba001bfe1626af828d19a441d0c68fa2f0a,a56289775eec0ce432a321db146cf9b88569ccab3daaa3aefaeb57ea0050cb73,01bf4e2b10f88360652600d185a9d719f05502f25f089d70da96eafa7fe4dfe3,0.3689176249972661
4,mse,1.0,0.2,r4_mse_sigma1_lr0.2,120,ok,,0.4314794871814245,6.113495343630087,48,1301.6856953685765,3.583583780909396e-05,0.046646997457646,0.046646997457646,69e5aaf107b63f46b6b057dfe99d3189e4f485b9649136f1718f398f646e43c6,c8a464e3dc5900b1823e47278ccc6047977a95a0a6e7739b20457a50c75e991c,be8ede604a893ee87034e6fb596cea91ea3be8f191d448807bebae1ef6fbfe79,dff4b17a330f664ec4d31f507c7603e7842ac94d65226c760d6e78cfa953aeb7,0.3657655830029398
4,nll,1.0,0.005,r4_nll_sigma1_lr0.005,111,ok,,0.8826467232271329,6.636560558467279,48,0.00032479250167351167,149.26755548716278,0.04848098276536531,0.04848098276536531,6f4599f803588363f7f3f06a30082972087391773f80fd6d7eb3eadc6484859e,d59d43420c9129a49d4e4aa149c529c6e0cbc3f6e3f83610204fc311412d67e5,46ec6552ea8abd2c67a85ebf993bb74a1984e0f557904f8a35ae4eb6d2b596da,ff013eda1d426d67006a334f6583897c614d689f5823b14c442be63e78bb3962,0.3761164999959874
4,nll,1.0,0.005,r4_nll_sigma1_lr0.005,112,ok,,0.7174239844938581,6.358140269324631,48,0.000226101472835675,233.14433469918765,0.0527142774587799,0.0527142774587799,23158049f8a287709543a55b89f8943218b08cba397a67e034633640e70c99f6,889fcea4602e0d08ee4021f00203d655dcb8d5e70709f4efb56844c28ea0e74c,b0126d22db14df8032614d0be237f7ba7f8faae015df79310d48a47a7e019709,3dd0b47c3c1ce23069083c16d0c2272714da54db5025db5646fd1228b010a5e8,0.3726970830030041
4,nll,1.0,0.005,r4_nll_sigma1_lr0.005,113,ok,,0.6743820446608638,6.285798298380413,48,0.0003210522188075407,181.15225433379555,0.058159333195852994,0.058159333195852994,1130bcd06d370ab57f1bc3a67409c755b267648b80a0f46e840060bb010d3ab8,f16642197b525fd13d6256e464b0e7fa2a58d7c9a10bd02c003ee0dc3c54951c,494a09d0cb32c8fd575150abd91ad12074451b075c550159cd5a0edda3ce9c1b,db95c591d5ad7a1f08531cf0e04985b931fc730f28e8ed47b8c7c5d8ecd8db0c,0.3663629580041743
4,nll,1.0,0.005,r4_nll_sigma1_lr0.005,114,ok,,0.666944338975008,6.314450525869695,48,0.00019789173336449154,211.75224657464096,0.04190401911848091,0.04190401911848091,c8a7a565f4c34afcedf377bd8a33aee023bbafec99430b278d5183f906311b3e,b866245d1a511ec78b1c46ad9c5b7c24ae305d3a4597eadd1513f9251448aada,9fc9306ab4737b5804dc59a07264243c6abc622ca16efa0cd4d6bddf38b05e36,52ceac77e1e0c99a5de90b23d52d3e2f15eb08da92d5b6842d3e92834a138f22,0.3667358749953564
4,nll,1.0,0.005,r4_nll_sigma1_lr0.005,115,ok,,0.8271834889325101,6.423560906220815,48,0.00020741584361553525,198.4061785036442,0.04115258489286784,0.04115258489286784,21e3187a25ce542a7fda12331f6df5573b7aa9cfb19c4d6a1242f48e9ab77257,511a9fee1d8f467003479f0b9dcb30337ee1a68e067dcc991d5efeaa1c30f3ca,fae9b80b4b9bbecd172da441f7a298732dc4ec9c5fd56650a16ee48bf4f2164a,c3a0cabd7487508470d585545f7b6a856897b0410105302f1b4d5c12944c190d,0.36762241600081325
4,nll,1.0,0.005,r4_nll_sigma1_lr0.005,116,ok,,0.7801907032869504,6.445567412981196,48,0.00035139046486397965,144.11964534255716,0.05064226917295304,0.050642269172953044,b240340bda42b13e461b839e854e8931eb9b197c11fad589d1f07877b5a6c105,cef618fe0fa48343569619b7334137da0e397721eb3a078c08871e9e4193d1f5,67eaeaae05cc33550f061649f99bb92951375c55491458d36e2f1c224114a8b1,0d285e8573294ff0f8d626c9d7c79b1ffa6d14fb3071ba7be902aa48627a1c7e,0.36861404099909123
4,nll,1.0,0.005,r4_nll_sigma1_lr0.005,117,ok,,0.9209786534160008,6.598188987816735,48,8.018103851765303e-05,490.2517149809793,0.039308891642235354,0.039308891642235354,2ff937c83d36f7b3a5406c91e8755c50ce932575e34db68925452587b0ab77d6,e0b9f294b820a1aa278f5cd75720af9014c99374da05d571d878890a160e022a,6d2e8203ab09f7481803ba6cac1d0fef11989f0d29cc5ddaeca62054fed6f238,32821079a74fe63f445d951a557ad18447fced01821fc77b6b8d137d2fe48881,0.3637821669981349
4,nll,1.0,0.005,r4_nll_sigma1_lr0.005,118,ok,,0.7603501095198667,6.516379260740412,48,0.00031598453916424754,131.0438177850411,0.041407820373129844,0.041407820373129844,f9372f8f74b3a18b86f9a9dd960278381003e836073cde71119d3b892dde9434,bf34f477abb16f7800703a8aa5ac322b03f582a20f996d74e68f001cf9732cdb,3672d037714419789c221c8c7564a09d4bd2e60bbf08a0fa3cd13f9a40a45c57,ffdd2708cda2855a18fd4a81398631fadb59f1610b8dd3d36eefe8f678572c16,0.36747070800629444
4,nll,1.0,0.005,r4_nll_sigma1_lr0.005,119,ok,,0.6908668563177857,6.287378196018238,48,0.00011800192780460048,330.05057232678735,0.03894660380757263,0.03894660380757263,9cc5a5818d004f0f1492c246ba3ab8685b2df3f7dfd15cdf113ebebec42d8dee,152370bb377ea714cfc078c2235d0ba001bfe1626af828d19a441d0c68fa2f0a,a56289775eec0ce432a321db146cf9b88569ccab3daaa3aefaeb57ea0050cb73,01bf4e2b10f88360652600d185a9d719f05502f25f089d70da96eafa7fe4dfe3,0.36891908300458454
4,nll,1.0,0.005,r4_nll_sigma1_lr0.005,120,ok,,0.804578814450743,6.497270343893605,48,0.00019138280272440936,243.73661997633891,0.046646997457646,0.046646997457646,69e5aaf107b63f46b6b057dfe99d3189e4f485b9649136f1718f398f646e43c6,c8a464e3dc5900b1823e47278ccc6047977a95a0a6e7739b20457a50c75e991c,be8ede604a893ee87034e6fb596cea91ea3be8f191d448807bebae1ef6fbfe79,dff4b17a330f664ec4d31f507c7603e7842ac94d65226c760d6e78cfa953aeb7,0.37028404099692125
4,nll,1.0,0.01,r4_nll_sigma1_lr0.01,111,ok,,0.6123839519311449,6.354190631141318,48,0.00032479250167351167,149.26755548716278,0.04848098276536531,0.04848098276536531,6f4599f803588363f7f3f06a30082972087391773f80fd6d7eb3eadc6484859e,d59d43420c9129a49d4e4aa149c529c6e0cbc3f6e3f83610204fc311412d67e5,46ec6552ea8abd2c67a85ebf993bb74a1984e0f557904f8a35ae4eb6d2b596da,ff013eda1d426d67006a334f6583897c614d689f5823b14c442be63e78bb3962,0.3678077079966897
4,nll,1.0,0.01,r4_nll_sigma1_lr0.01,112,ok,,0.505226339213314,6.151203498976661,48,0.000226101472835675,233.14433469918765,0.0527142774587799,0.0527142774587799,23158049f8a287709543a55b89f8943218b08cba397a67e034633640e70c99f6,889fcea4602e0d08ee4021f00203d655dcb8d5e70709f4efb56844c28ea0e74c,b0126d22db14df8032614d0be237f7ba7f8faae015df79310d48a47a7e019709,3dd0b47c3c1ce23069083c16d0c2272714da54db5025db5646fd1228b010a5e8,0.36614404199644923
4,nll,1.0,0.01,r4_nll_sigma1_lr0.01,113,ok,,0.7090667843292182,6.332532178074182,48,0.0003210522188075407,181.15225433379555,0.058159333195852994,0.058159333195852994,1130bcd06d370ab57f1bc3a67409c755b267648b80a0f46e840060bb010d3ab8,f16642197b525fd13d6256e464b0e7fa2a58d7c9a10bd02c003ee0dc3c54951c,494a09d0cb32c8fd575150abd91ad12074451b075c550159cd5a0edda3ce9c1b,db95c591d5ad7a1f08531cf0e04985b931fc730f28e8ed47b8c7c5d8ecd8db0c,0.37077454200334614
4,nll,1.0,0.01,r4_nll_sigma1_lr0.01,114,ok,,0.4217223341402222,6.099592659581991,48,0.00019789173336449154,211.75224657464096,0.04190401911848091,0.04190401911848091,c8a7a565f4c34afcedf377bd8a33aee023bbafec99430b278d5183f906311b3e,b866245d1a511ec78b1c46ad9c5b7c24ae305d3a4597eadd1513f9251448aada,9fc9306ab4737b5804dc59a07264243c6abc622ca16efa0cd4d6bddf38b05e36,52ceac77e1e0c99a5de90b23d52d3e2f15eb08da92d5b6842d3e92834a138f22,0.3706337080002413
4,nll,1.0,0.01,r4_nll_sigma1_lr0.01,115,ok,,0.5992896991776177,6.164513643563934,48,0.00020741584361553525,198.4061785036442,0.04115258489286784,0.04115258489286784,21e3187a25ce542a7fda12331f6df5573b7aa9cfb19c4d6a1242f48e9ab77257,511a9fee1d8f467003479f0b9dcb30337ee1a68e067dcc991d5efeaa1c30f3ca,fae9b80b4b9bbecd172da441f7a298732dc4ec9c5fd56650a16ee48bf4f2164a,c3a0cabd7487508470d585545f7b6a856897b0410105302f1b4d5c12944c190d,0.3653535839985125
4,nll,1.0,0.01,r4_nll_sigma1_lr0.01,116,ok,,0.6175636107318112,6.2931681244796644,48,0.00035139046486397965,144.11964534255716,0.05064226917295304,0.050642269172953044,b240340bda42b13e461b839e854e8931eb9b197c11fad589d1f07877b5a6c105,cef618fe0fa48343569619b7334137da0e397721eb3a078c08871e9e4193d1f5,67eaeaae05cc33550f061649f99bb92951375c55491458d36e2f1c224114a8b1,0d285e8573294ff0f8d626c9d7c79b1ffa6d14fb3071ba7be902aa48627a1c7e,0.3673947089991998
4,nll,1.0,0.01,r4_nll_sigma1_lr0.01,117,ok,,0.7785467757365212,6.411671483591427,48,8.018103851765303e-05,490.2517149809793,0.039308891642235354,0.039308891642235354,2ff937c83d36f7b3a5406c91e8755c50ce932575e34db68925452587b0ab77d6,e0b9f294b820a1aa278f5cd75720af9014c99374da05d571d878890a160e022a,6d2e8203ab09f7481803ba6cac1d0fef11989f0d29cc5ddaeca62054fed6f238,32821079a74fe63f445d951a557ad18447fced01821fc77b6b8d137d2fe48881,0.3699048339985893
4,nll,1.0,0.01,r4_nll_sigma1_lr0.01,118,ok,,0.6184188994507721,6.3565939681809205,48,0.00031598453916424754,131.0438177850411,0.041407820373129844,0.041407820373129844,f9372f8f74b3a18b86f9a9dd960278381003e836073cde71119d3b892dde9434,bf34f477abb16f7800703a8aa5ac322b03f582a20f996d74e68f001cf9732cdb,3672d037714419789c221c8c7564a09d4bd2e60bbf08a0fa3cd13f9a40a45c57,ffdd2708cda2855a18fd4a81398631fadb59f1610b8dd3d36eefe8f678572c16,0.3700825830019312
4,nll,1.0,0.01,r4_nll_sigma1_lr0.01,119,ok,,0.5737585565317318,6.179658598210315,48,0.00011800192780460048,330.05057232678735,0.03894660380757263,0.03894660380757263,9cc5a5818d004f0f1492c246ba3ab8685b2df3f7dfd15cdf113ebebec42d8dee,152370bb377ea714cfc078c2235d0ba001bfe1626af828d19a441d0c68fa2f0a,a56289775eec0ce432a321db146cf9b88569ccab3daaa3aefaeb57ea0050cb73,01bf4e2b10f88360652600d185a9d719f05502f25f089d70da96eafa7fe4dfe3,0.36655995799810626
4,nll,1.0,0.01,r4_nll_sigma1_lr0.01,120,ok,,0.6675111179842151,6.3526312738813635,48,0.00019138280272440936,243.73661997633891,0.046646997457646,0.046646997457646,69e5aaf107b63f46b6b057dfe99d3189e4f485b9649136f1718f398f646e43c6,c8a464e3dc5900b1823e47278ccc6047977a95a0a6e7739b20457a50c75e991c,be8ede604a893ee87034e6fb596cea91ea3be8f191d448807bebae1ef6fbfe79,dff4b17a330f664ec4d31f507c7603e7842ac94d65226c760d6e78cfa953aeb7,0.36485512500075856
4,nll,1.0,0.02,r4_nll_sigma1_lr0.02,111,ok,,0.7151683199200618,6.4425914401041595,48,0.00032479250167351167,149.26755548716278,0.04848098276536531,0.04848098276536531,6f4599f803588363f7f3f06a30082972087391773f80fd6d7eb3eadc6484859e,d59d43420c9129a49d4e4aa149c529c6e0cbc3f6e3f83610204fc311412d67e5,46ec6552ea8abd2c67a85ebf993bb74a1984e0f557904f8a35ae4eb6d2b596da,ff013eda1d426d67006a334f6583897c614d689f5823b14c442be63e78bb3962,0.37347637500351993
4,nll,1.0,0.02,r4_nll_sigma1_lr0.02,112,ok,,0.5059276160160193,6.127751800171347,48,0.000226101472835675,233.14433469918765,0.0527142774587799,0.0527142774587799,23158049f8a287709543a55b89f8943218b08cba397a67e034633640e70c99f6,889fcea4602e0d08ee4021f00203d655dcb8d5e70709f4efb56844c28ea0e74c,b0126d22db14df8032614d0be237f7ba7f8faae015df79310d48a47a7e019709,3dd0b47c3c1ce23069083c16d0c2272714da54db5025db5646fd1228b010a5e8,0.3715865420017508
4,nll,1.0,0.02,r4_nll_sigma1_lr0.02,113,ok,,0.6773694739824898,6.293517583544375,48,0.0003210522188075407,181.15225433379555,0.058159333195852994,0.058159333195852994,1130bcd06d370ab57f1bc3a67409c755b267648b80a0f46e840060bb010d3ab8,f16642197b525fd13d6256e464b0e7fa2a58d7c9a10bd02c003ee0dc3c54951c,494a09d0cb32c8fd575150abd91ad12074451b075c550159cd5a0edda3ce9c1b,db95c591d5ad7a1f08531cf0e04985b931fc730f28e8ed47b8c7c5d8ecd8db0c,0.3677770420035813
4,nll,1.0,0.02,r4_nll_sigma1_lr0.02,114,ok,,0.47606594596240137,6.1309739578923725,48,0.00019789173336449154,211.75224657464096,0.04190401911848091,0.04190401911848091,c8a7a565f4c34afcedf377bd8a33aee023bbafec99430b278d5183f906311b3e,b866245d1a511ec78b1c46ad9c5b7c24ae305d3a4597eadd1513f9251448aada,9fc9306ab4737b5804dc59a07264243c6abc622ca16efa0cd4d6bddf38b05e36,52ceac77e1e0c99a5de90b23d52d3e2f15eb08da92d5b6842d3e92834a138f22,0.36809066600108054
4,nll,1.0,0.02,r4_nll_sigma1_lr0.02,115,ok,,0.3997469813432922,5.982958276764828,48,0.00020741584361553525,198.4061785036442,0.04115258489286784,0.04115258489286784,21e3187a25ce542a7fda12331f6df5573b7aa9cfb19c4d6a1242f48e9ab77257,511a9fee1d8f467003479f0b9dcb30337ee1a68e067dcc991d5efeaa1c30f3ca,fae9b80b4b9bbecd172da441f7a298732dc4ec9c5fd56650a16ee48bf4f2164a,c3a0cabd7487508470d585545f7b6a856897b0410105302f1b4d5c12944c190d,0.37125216700223973
4,nll,1.0,0.02,r4_nll_sigma1_lr0.02,116,ok,,0.5533982457581383,6.2463165706699675,48,0.00035139046486397965,144.11964534255716,0.05064226917295304,0.050642269172953044,b240340bda42b13e461b839e854e8931eb9b197c11fad589d1f07877b5a6c105,cef618fe0fa48343569619b7334137da0e397721eb3a078c08871e9e4193d1f5,67eaeaae05cc33550f061649f99bb92951375c55491458d36e2f1c224114a8b1,0d285e8573294ff0f8d626c9d7c79b1ffa6d14fb3071ba7be902aa48627a1c7e,0.37121437499445165
4,nll,1.0,0.02,r4_nll_sigma1_lr0.02,117,ok,,0.7183099021329009,6.354235705859846,48,8.018103851765303e-05,490.2517149809793,0.039308891642235354,0.039308891642235354,2ff937c83d36f7b3a5406c91e8755c50ce932575e34db68925452587b0ab77d6,e0b9f294b820a1aa278f5cd75720af9014c99374da05d571d878890a160e022a,6d2e8203ab09f7481803ba6cac1d0fef11989f0d29cc5ddaeca62054fed6f238,32821079a74fe63f445d951a557ad18447fced01821fc77b6b8d137d2fe48881,0.3699634579970734
4,nll,1.0,0.02,r4_nll_sigma1_lr0.02,118,ok,,0.5414306290891406,6.2681481072706395,48,0.00031598453916424754,131.0438177850411,0.041407820373129844,0.041407820373129844,f9372f8f74b3a18b86f9a9dd960278381003e836073cde71119d3b892dde9434,bf34f477abb16f7800703a8aa5ac322b03f582a20f996d74e68f001cf9732cdb,3672d037714419789c221c8c7564a09d4bd2e60bbf08a0fa3cd13f9a40a45c57,ffdd2708cda2855a18fd4a81398631fadb59f1610b8dd3d36eefe8f678572c16,0.3693395000009332
4,nll,1.0,0.02,r4_nll_sigma1_lr0.02,119,ok,,0.5028237643900754,6.1179688982231095,48,0.00011800192780460048,330.05057232678735,0.03894660380757263,0.03894660380757263,9cc5a5818d004f0f1492c246ba3ab8685b2df3f7dfd15cdf113ebebec42d8dee,152370bb377ea714cfc078c2235d0ba001bfe1626af828d19a441d0c68fa2f0a,a56289775eec0ce432a321db146cf9b88569ccab3daaa3aefaeb57ea0050cb73,01bf4e2b10f88360652600d185a9d719f05502f25f089d70da96eafa7fe4dfe3,0.37063654200028395
4,nll,1.0,0.02,r4_nll_sigma1_lr0.02,120,ok,,0.47629243389119885,6.131251866677189,48,0.00019138280272440936,243.73661997633891,0.046646997457646,0.046646997457646,69e5aaf107b63f46b6b057dfe99d3189e4f485b9649136f1718f398f646e43c6,c8a464e3dc5900b1823e47278ccc6047977a95a0a6e7739b20457a50c75e991c,be8ede604a893ee87034e6fb596cea91ea3be8f191d448807bebae1ef6fbfe79,dff4b17a330f664ec4d31f507c7603e7842ac94d65226c760d6e78cfa953aeb7,0.3708674579975195
4,nll,1.0,0.05,r4_nll_sigma1_lr0.05,111,ok,,0.5321051826431253,6.2596659819618585,48,0.00032479250167351167,149.26755548716278,0.04848098276536531,0.04848098276536531,6f4599f803588363f7f3f06a30082972087391773f80fd6d7eb3eadc6484859e,d59d43420c9129a49d4e4aa149c529c6e0cbc3f6e3f83610204fc311412d67e5,46ec6552ea8abd2c67a85ebf993bb74a1984e0f557904f8a35ae4eb6d2b596da,ff013eda1d426d67006a334f6583897c614d689f5823b14c442be63e78bb3962,0.36841987499792594
4,nll,1.0,0.05,r4_nll_sigma1_lr0.05,112,ok,,0.2987884800222922,5.918036123954748,48,0.000226101472835675,233.14433469918765,0.0527142774587799,0.0527142774587799,23158049f8a287709543a55b89f8943218b08cba397a67e034633640e70c99f6,889fcea4602e0d08ee4021f00203d655dcb8d5e70709f4efb56844c28ea0e74c,b0126d22db14df8032614d0be237f7ba7f8faae015df79310d48a47a7e019709,3dd0b47c3c1ce23069083c16d0c2272714da54db5025db5646fd1228b010a5e8,0.3698292080007377
4,nll,1.0,0.05,r4_nll_sigma1_lr0.05,113,ok,,0.4353115165626542,6.038143216509528,48,0.0003210522188075407,181.15225433379555,0.058159333195852994,0.058159333195852994,1130bcd06d370ab57f1bc3a67409c755b267648b80a0f46e840060bb010d3ab8,f16642197b525fd13d6256e464b0e7fa2a58d7c9a10bd02c003ee0dc3c54951c,494a09d0cb32c8fd575150abd91ad12074451b075c550159cd5a0edda3ce9c1b,db95c591d5ad7a1f08531cf0e04985b931fc730f28e8ed47b8c7c5d8ecd8db0c,0.3710151670020423
4,nll,1.0,0.05,r4_nll_sigma1_lr0.05,114,ok,,0.41575403029605895,6.111379318491671,48,0.00019789173336449154,211.75224657464096,0.04190401911848091,0.04190401911848091,c8a7a565f4c34afcedf377bd8a33aee023bbafec99430b278d5183f906311b3e,b866245d1a511ec78b1c46ad9c5b7c24ae305d3a4597eadd1513f9251448aada,9fc9306ab4737b5804dc59a07264243c6abc622ca16efa0cd4d6bddf38b05e36,52ceac77e1e0c99a5de90b23d52d3e2f15eb08da92d5b6842d3e92834a138f22,0.3718402079975931
4,nll,1.0,0.05,r4_nll_sigma1_lr0.05,115,ok,,0.48535385901551475,6.032501771549269,48,0.00020741584361553525,198.4061785036442,0.04115258489286784,0.04115258489286784,21e3187a25ce542a7fda12331f6df5573b7aa9cfb19c4d6a1242f48e9ab77257,511a9fee1d8f467003479f0b9dcb30337ee1a68e067dcc991d5efeaa1c30f3ca,fae9b80b4b9bbecd172da441f7a298732dc4ec9c5fd56650a16ee48bf4f2164a,c3a0cabd7487508470d585545f7b6a856897b0410105302f1b4d5c12944c190d,0.3694625830030418
4,nll,1.0,0.05,r4_nll_sigma1_lr0.05,116,ok,,0.5133579138073112,6.169587090427746,48,0.00035139046486397965,144.11964534255716,0.05064226917295304,0.050642269172953044,b240340bda42b13e461b839e854e8931eb9b197c11fad589d1f07877b5a6c105,cef618fe0fa48343569619b7334137da0e397721eb3a078c08871e9e4193d1f5,67eaeaae05cc33550f061649f99bb92951375c55491458d36e2f1c224114a8b1,0d285e8573294ff0f8d626c9d7c79b1ffa6d14fb3071ba7be902aa48627a1c7e,0.36907733300176915
4,nll,1.0,0.05,r4_nll_sigma1_lr0.05,117,ok,,0.45286194168212446,6.095935104291948,48,8.018103851765303e-05,490.2517149809793,0.039308891642235354,0.039308891642235354,2ff937c83d36f7b3a5406c91e8755c50ce932575e34db68925452587b0ab77d6,e0b9f294b820a1aa278f5cd75720af9014c99374da05d571d878890a160e022a,6d2e8203ab09f7481803ba6cac1d0fef11989f0d29cc5ddaeca62054fed6f238,32821079a74fe63f445d951a557ad18447fced01821fc77b6b8d137d2fe48881,0.3712307090027025
4,nll,1.0,0.05,r4_nll_sigma1_lr0.05,118,ok,,0.49657746754830223,6.218996924292823,48,0.00031598453916424754,131.0438177850411,0.041407820373129844,0.041407820373129844,f9372f8f74b3a18b86f9a9dd960278381003e836073cde71119d3b892dde9434,bf34f477abb16f7800703a8aa5ac322b03f582a20f996d74e68f001cf9732cdb,3672d037714419789c221c8c7564a09d4bd2e60bbf08a0fa3cd13f9a40a45c57,ffdd2708cda2855a18fd4a81398631fadb59f1610b8dd3d36eefe8f678572c16,0.3728365409988328
4,nll,1.0,0.05,r4_nll_sigma1_lr0.05,119,ok,,0.47723925612618506,6.101927133282675,48,0.00011800192780460048,330.05057232678735,0.03894660380757263,0.03894660380757263,9cc5a5818d004f0f1492c246ba3ab8685b2df3f7dfd15cdf113ebebec42d8dee,152370bb377ea714cfc078c2235d0ba001bfe1626af828d19a441d0c68fa2f0a,a56289775eec0ce432a321db146cf9b88569ccab3daaa3aefaeb57ea0050cb73,01bf4e2b10f88360652600d185a9d719f05502f25f089d70da96eafa7fe4dfe3,0.369666665996192
4,nll,1.0,0.05,r4_nll_sigma1_lr0.05,120,ok,,0.49454513803393213,6.208693207635035,48,0.00019138280272440936,243.73661997633891,0.046646997457646,0.046646997457646,69e5aaf107b63f46b6b057dfe99d3189e4f485b9649136f1718f398f646e43c6,c8a464e3dc5900b1823e47278ccc6047977a95a0a6e7739b20457a50c75e991c,be8ede604a893ee87034e6fb596cea91ea3be8f191d448807bebae1ef6fbfe79,dff4b17a330f664ec4d31f507c7603e7842ac94d65226c760d6e78cfa953aeb7,0.3711213749993476
4,nll,1.0,0.1,r4_nll_sigma1_lr0.1,111,ok,,0.5462916285214456,6.331795094251392,48,0.00032479250167351167,149.26755548716278,0.04848098276536531,0.04848098276536531,6f4599f803588363f7f3f06a30082972087391773f80fd6d7eb3eadc6484859e,d59d43420c9129a49d4e4aa149c529c6e0cbc3f6e3f83610204fc311412d67e5,46ec6552ea8abd2c67a85ebf993bb74a1984e0f557904f8a35ae4eb6d2b596da,ff013eda1d426d67006a334f6583897c614d689f5823b14c442be63e78bb3962,0.37273637500038603
4,nll,1.0,0.1,r4_nll_sigma1_lr0.1,112,ok,,0.4170310433151986,6.061972912269917,48,0.000226101472835675,233.14433469918765,0.0527142774587799,0.0527142774587799,23158049f8a287709543a55b89f8943218b08cba397a67e034633640e70c99f6,889fcea4602e0d08ee4021f00203d655dcb8d5e70709f4efb56844c28ea0e74c,b0126d22db14df8032614d0be237f7ba7f8faae015df79310d48a47a7e019709,3dd0b47c3c1ce23069083c16d0c2272714da54db5025db5646fd1228b010a5e8,0.37308670800121035
4,nll,1.0,0.1,r4_nll_sigma1_lr0.1,113,ok,,0.4594998849527504,6.08263345573994,48,0.0003210522188075407,181.15225433379555,0.058159333195852994,0.058159333195852994,1130bcd06d370ab57f1bc3a67409c755b267648b80a0f46e840060bb010d3ab8,f16642197b525fd13d6256e464b0e7fa2a58d7c9a10bd02c003ee0dc3c54951c,494a09d0cb32c8fd575150abd91ad12074451b075c550159cd5a0edda3ce9c1b,db95c591d5ad7a1f08531cf0e04985b931fc730f28e8ed47b8c7c5d8ecd8db0c,0.37025849999918137
4,nll,1.0,0.1,r4_nll_sigma1_lr0.1,114,ok,,0.4167771347618694,6.031414230200686,48,0.00019789173336449154,211.75224657464096,0.04190401911848091,0.04190401911848091,c8a7a565f4c34afcedf377bd8a33aee023bbafec99430b278d5183f906311b3e,b866245d1a511ec78b1c46ad9c5b7c24ae305d3a4597eadd1513f9251448aada,9fc9306ab4737b5804dc59a07264243c6abc622ca16efa0cd4d6bddf38b05e36,52ceac77e1e0c99a5de90b23d52d3e2f15eb08da92d5b6842d3e92834a138f22,0.369603458995698
4,nll,1.0,0.1,r4_nll_sigma1_lr0.1,115,ok,,0.3841407386367515,5.928107434581036,48,0.00020741584361553525,198.4061785036442,0.04115258489286784,0.04115258489286784,21e3187a25ce542a7fda12331f6df5573b7aa9cfb19c4d6a1242f48e9ab77257,511a9fee1d8f467003479f0b9dcb30337ee1a68e067dcc991d5efeaa1c30f3ca,fae9b80b4b9bbecd172da441f7a298732dc4ec9c5fd56650a16ee48bf4f2164a,c3a0cabd7487508470d585545f7b6a856897b0410105302f1b4d5c12944c190d,0.3720296250030515
4,nll,1.0,0.1,r4_nll_sigma1_lr0.1,116,ok,,0.5056079603512008,6.17759565491128,48,0.00035139046486397965,144.11964534255716,0.05064226917295304,0.050642269172953044,b240340bda42b13e461b839e854e8931eb9b197c11fad589d1f07877b5a6c105,cef618fe0fa48343569619b7334137da0e397721eb3a078c08871e9e4193d1f5,67eaeaae05cc33550f061649f99bb92951375c55491458d36e2f1c224114a8b1,0d285e8573294ff0f8d626c9d7c79b1ffa6d14fb3071ba7be902aa48627a1c7e,0.3713887080011773
4,nll,1.0,0.1,r4_nll_sigma1_lr0.1,117,ok,,0.45466146046190226,6.0833053487766975,48,8.018103851765303e-05,490.2517149809793,0.039308891642235354,0.039308891642235354,2ff937c83d36f7b3a5406c91e8755c50ce932575e34db68925452587b0ab77d6,e0b9f294b820a1aa278f5cd75720af9014c99374da05d571d878890a160e022a,6d2e8203ab09f7481803ba6cac1d0fef11989f0d29cc5ddaeca62054fed6f238,32821079a74fe63f445d951a557ad18447fced01821fc77b6b8d137d2fe48881,0.3697787499986589
4,nll,1.0,0.1,r4_nll_sigma1_lr0.1,118,ok,,0.4301342515357224,6.150513078815008,48,0.00031598453916424754,131.0438177850411,0.041407820373129844,0.041407820373129844,f9372f8f74b3a18b86f9a9dd960278381003e836073cde71119d3b892dde9434,bf34f477abb16f7800703a8aa5ac322b03f582a20f996d74e68f001cf9732cdb,3672d037714419789c221c8c7564a09d4bd2e60bbf08a0fa3cd13f9a40a45c57,ffdd2708cda2855a18fd4a81398631fadb59f1610b8dd3d36eefe8f678572c16,0.3697268329997314
4,nll,1.0,0.1,r4_nll_sigma1_lr0.1,119,ok,,0.49229486834556035,6.116368042210537,48,0.00011800192780460048,330.05057232678735,0.03894660380757263,0.03894660380757263,9cc5a5818d004f0f1492c246ba3ab8685b2df3f7dfd15cdf113ebebec42d8dee,152370bb377ea714cfc078c2235d0ba001bfe1626af828d19a441d0c68fa2f0a,a56289775eec0ce432a321db146cf9b88569ccab3daaa3aefaeb57ea0050cb73,01bf4e2b10f88360652600d185a9d719f05502f25f089d70da96eafa7fe4dfe3,0.37282908400084125
4,nll,1.0,0.1,r4_nll_sigma1_lr0.1,120,ok,,0.48726222607397585,6.150078818576071,48,0.00019138280272440936,243.73661997633891,0.046646997457646,0.046646997457646,69e5aaf107b63f46b6b057dfe99d3189e4f485b9649136f1718f398f646e43c6,c8a464e3dc5900b1823e47278ccc6047977a95a0a6e7739b20457a50c75e991c,be8ede604a893ee87034e6fb596cea91ea3be8f191d448807bebae1ef6fbfe79,dff4b17a330f664ec4d31f507c7603e7842ac94d65226c760d6e78cfa953aeb7,0.3750035829943954
4,nll,1.0,0.2,r4_nll_sigma1_lr0.2,111,ok,,0.5174217787034212,6.289128432305993,48,0.00032479250167351167,149.26755548716278,0.04848098276536531,0.04848098276536531,6f4599f803588363f7f3f06a30082972087391773f80fd6d7eb3eadc6484859e,d59d43420c9129a49d4e4aa149c529c6e0cbc3f6e3f83610204fc311412d67e5,46ec6552ea8abd2c67a85ebf993bb74a1984e0f557904f8a35ae4eb6d2b596da,ff013eda1d426d67006a334f6583897c614d689f5823b14c442be63e78bb3962,0.3710031250011525
4,nll,1.0,0.2,r4_nll_sigma1_lr0.2,112,ok,,0.40182887792654676,6.05542481517699,48,0.000226101472835675,233.14433469918765,0.0527142774587799,0.0527142774587799,23158049f8a287709543a55b89f8943218b08cba397a67e034633640e70c99f6,889fcea4602e0d08ee4021f00203d655dcb8d5e70709f4efb56844c28ea0e74c,b0126d22db14df8032614d0be237f7ba7f8faae015df79310d48a47a7e019709,3dd0b47c3c1ce23069083c16d0c2272714da54db5025db5646fd1228b010a5e8,0.3702717920023133
4,nll,1.0,0.2,r4_nll_sigma1_lr0.2,113,ok,,0.6887040075321824,6.284433043535359,48,0.0003210522188075407,181.15225433379555,0.058159333195852994,0.058159333195852994,1130bcd06d370ab57f1bc3a67409c755b267648b80a0f46e840060bb010d3ab8,f16642197b525fd13d6256e464b0e7fa2a58d7c9a10bd02c003ee0dc3c54951c,494a09d0cb32c8fd575150abd91ad12074451b075c550159cd5a0edda3ce9c1b,db95c591d5ad7a1f08531cf0e04985b931fc730f28e8ed47b8c7c5d8ecd8db0c,0.372944707996794
4,nll,1.0,0.2,r4_nll_sigma1_lr0.2,114,ok,,0.49963338569745297,6.138993603695444,48,0.00019789173336449154,211.75224657464096,0.04190401911848091,0.04190401911848091,c8a7a565f4c34afcedf377bd8a33aee023bbafec99430b278d5183f906311b3e,b866245d1a511ec78b1c46ad9c5b7c24ae305d3a4597eadd1513f9251448aada,9fc9306ab4737b5804dc59a07264243c6abc622ca16efa0cd4d6bddf38b05e36,52ceac77e1e0c99a5de90b23d52d3e2f15eb08da92d5b6842d3e92834a138f22,0.3731666250023409
4,nll,1.0,0.2,r4_nll_sigma1_lr0.2,115,ok,,0.5321054602314993,6.1142860379381965,48,0.00020741584361553525,198.4061785036442,0.04115258489286784,0.04115258489286784,21e3187a25ce542a7fda12331f6df5573b7aa9cfb19c4d6a1242f48e9ab77257,511a9fee1d8f467003479f0b9dcb30337ee1a68e067dcc991d5efeaa1c30f3ca,fae9b80b4b9bbecd172da441f7a298732dc4ec9c5fd56650a16ee48bf4f2164a,c3a0cabd7487508470d585545f7b6a856897b0410105302f1b4d5c12944c190d,0.3703212499967776
4,nll,1.0,0.2,r4_nll_sigma1_lr0.2,116,ok,,0.47936619074288694,6.176046274177026,48,0.00035139046486397965,144.11964534255716,0.05064226917295304,0.050642269172953044,b240340bda42b13e461b839e854e8931eb9b197c11fad589d1f07877b5a6c105,cef618fe0fa48343569619b7334137da0e397721eb3a078c08871e9e4193d1f5,67eaeaae05cc33550f061649f99bb92951375c55491458d36e2f1c224114a8b1,0d285e8573294ff0f8d626c9d7c79b1ffa6d14fb3071ba7be902aa48627a1c7e,0.3697898329992313
4,nll,1.0,0.2,r4_nll_sigma1_lr0.2,117,ok,,1.2336071027472006,6.923133093096886,48,8.018103851765303e-05,490.2517149809793,0.039308891642235354,0.039308891642235354,2ff937c83d36f7b3a5406c91e8755c50ce932575e34db68925452587b0ab77d6,e0b9f294b820a1aa278f5cd75720af9014c99374da05d571d878890a160e022a,6d2e8203ab09f7481803ba6cac1d0fef11989f0d29cc5ddaeca62054fed6f238,32821079a74fe63f445d951a557ad18447fced01821fc77b6b8d137d2fe48881,0.3730864169992856
4,nll,1.0,0.2,r4_nll_sigma1_lr0.2,118,ok,,0.4650670959896896,6.167625078684283,48,0.00031598453916424754,131.0438177850411,0.041407820373129844,0.041407820373129844,f9372f8f74b3a18b86f9a9dd960278381003e836073cde71119d3b892dde9434,bf34f477abb16f7800703a8aa5ac322b03f582a20f996d74e68f001cf9732cdb,3672d037714419789c221c8c7564a09d4bd2e60bbf08a0fa3cd13f9a40a45c57,ffdd2708cda2855a18fd4a81398631fadb59f1610b8dd3d36eefe8f678572c16,0.37571604199911235
4,nll,1.0,0.2,r4_nll_sigma1_lr0.2,119,ok,,1.3251684424435006,6.942137762066356,48,0.00011800192780460048,330.05057232678735,0.03894660380757263,0.03894660380757263,9cc5a5818d004f0f1492c246ba3ab8685b2df3f7dfd15cdf113ebebec42d8dee,152370bb377ea714cfc078c2235d0ba001bfe1626af828d19a441d0c68fa2f0a,a56289775eec0ce432a321db146cf9b88569ccab3daaa3aefaeb57ea0050cb73,01bf4e2b10f88360652600d185a9d719f05502f25f089d70da96eafa7fe4dfe3,0.37424691599881044
4,nll,1.0,0.2,r4_nll_sigma1_lr0.2,120,ok,,1.4597946032805305,7.115797114718935,48,0.00019138280272440936,243.73661997633891,0.046646997457646,0.046646997457646,69e5aaf107b63f46b6b057dfe99d3189e4f485b9649136f1718f398f646e43c6,c8a464e3dc5900b1823e47278ccc6047977a95a0a6e7739b20457a50c75e991c,be8ede604a893ee87034e6fb596cea91ea3be8f191d448807bebae1ef6fbfe79,dff4b17a330f664ec4d31f507c7603e7842ac94d65226c760d6e78cfa953aeb7,0.3727411670042784
4,parity,1.0,0.005,r4_parity_sigma1_lr0.005,111,ok,,0.6902229075506664,6.382169215895483,48,1.0,0.04848098276536531,0.04848098276536531,0.04848098276536531,6f4599f803588363f7f3f06a30082972087391773f80fd6d7eb3eadc6484859e,d59d43420c9129a49d4e4aa149c529c6e0cbc3f6e3f83610204fc311412d67e5,46ec6552ea8abd2c67a85ebf993bb74a1984e0f557904f8a35ae4eb6d2b596da,ff013eda1d426d67006a334f6583897c614d689f5823b14c442be63e78bb3962,0.47363545799453277
4,parity,1.0,0.005,r4_parity_sigma1_lr0.005,112,ok,,0.601766947446979,6.281370738999537,48,1.0,0.0527142774587799,0.0527142774587799,0.0527142774587799,23158049f8a287709543a55b89f8943218b08cba397a67e034633640e70c99f6,889fcea4602e0d08ee4021f00203d655dcb8d5e70709f4efb56844c28ea0e74c,b0126d22db14df8032614d0be237f7ba7f8faae015df79310d48a47a7e019709,3dd0b47c3c1ce23069083c16d0c2272714da54db5025db5646fd1228b010a5e8,0.4793951659958111
4,parity,1.0,0.005,r4_parity_sigma1_lr0.005,113,ok,,0.7388328316047674,6.289229131531132,48,1.0,0.058159333195852994,0.058159333195852994,0.058159333195852994,1130bcd06d370ab57f1bc3a67409c755b267648b80a0f46e840060bb010d3ab8,f16642197b525fd13d6256e464b0e7fa2a58d7c9a10bd02c003ee0dc3c54951c,494a09d0cb32c8fd575150abd91ad12074451b075c550159cd5a0edda3ce9c1b,db95c591d5ad7a1f08531cf0e04985b931fc730f28e8ed47b8c7c5d8ecd8db0c,0.6060810830022092
4,parity,1.0,0.005,r4_parity_sigma1_lr0.005,114,ok,,0.7168858152248735,6.347835980078424,48,1.0,0.04190401911848091,0.04190401911848091,0.04190401911848091,c8a7a565f4c34afcedf377bd8a33aee023bbafec99430b278d5183f906311b3e,b866245d1a511ec78b1c46ad9c5b7c24ae305d3a4597eadd1513f9251448aada,9fc9306ab4737b5804dc59a07264243c6abc622ca16efa0cd4d6bddf38b05e36,52ceac77e1e0c99a5de90b23d52d3e2f15eb08da92d5b6842d3e92834a138f22,0.5996399579962599
4,parity,1.0,0.005,r4_parity_sigma1_lr0.005,115,ok,,0.6468923575688963,6.176525194027417,48,1.0,0.04115258489286784,0.04115258489286784,0.04115258489286784,21e3187a25ce542a7fda12331f6df5573b7aa9cfb19c4d6a1242f48e9ab77257,511a9fee1d8f467003479f0b9dcb30337ee1a68e067dcc991d5efeaa1c30f3ca,fae9b80b4b9bbecd172da441f7a298732dc4ec9c5fd56650a16ee48bf4f2164a,c3a0cabd7487508470d585545f7b6a856897b0410105302f1b4d5c12944c190d,0.5922364580037538
4,parity,1.0,0.005,r4_parity_sigma1_lr0.005,116,ok,,0.7568576459074814,6.466580629388267,48,1.0,0.05064226917295304,0.05064226917295304,0.05064226917295304,b240340bda42b13e461b839e854e8931eb9b197c11fad589d1f07877b5a6c105,cef618fe0fa48343569619b7334137da0e397721eb3a078c08871e9e4193d1f5,67eaeaae05cc33550f061649f99bb92951375c55491458d36e2f1c224114a8b1,0d285e8573294ff0f8d626c9d7c79b1ffa6d14fb3071ba7be902aa48627a1c7e,0.6058162079934846
4,parity,1.0,0.005,r4_parity_sigma1_lr0.005,117,ok,,0.8748087108958114,6.543155434700493,48,1.0,0.039308891642235354,0.039308891642235354,0.039308891642235354,2ff937c83d36f7b3a5406c91e8755c50ce932575e34db68925452587b0ab77d6,e0b9f294b820a1aa278f5cd75720af9014c99374da05d571d878890a160e022a,6d2e8203ab09f7481803ba6cac1d0fef11989f0d29cc5ddaeca62054fed6f238,32821079a74fe63f445d951a557ad18447fced01821fc77b6b8d137d2fe48881,0.4972432909999043
4,parity,1.0,0.005,r4_parity_sigma1_lr0.005,118,ok,,0.6759384161073771,6.413804002783854,48,1.0,0.041407820373129844,0.041407820373129844,0.041407820373129844,f9372f8f74b3a18b86f9a9dd960278381003e836073cde71119d3b892dde9434,bf34f477abb16f7800703a8aa5ac322b03f582a20f996d74e68f001cf9732cdb,3672d037714419789c221c8c7564a09d4bd2e60bbf08a0fa3cd13f9a40a45c57,ffdd2708cda2855a18fd4a81398631fadb59f1610b8dd3d36eefe8f678572c16,0.49227691700070864
4,parity,1.0,0.005,r4_parity_sigma1_lr0.005,119,ok,,0.5723597943087901,6.178243112124355,48,1.0,0.03894660380757263,0.03894660380757263,0.03894660380757263,9cc5a5818d004f0f1492c246ba3ab8685b2df3f7dfd15cdf113ebebec42d8dee,152370bb377ea714cfc078c2235d0ba001bfe1626af828d19a441d0c68fa2f0a,a56289775eec0ce432a321db146cf9b88569ccab3daaa3aefaeb57ea0050cb73,01bf4e2b10f88360652600d185a9d719f05502f25f089d70da96eafa7fe4dfe3,0.48859262500627665
4,parity,1.0,0.005,r4_parity_sigma1_lr0.005,120,ok,,0.862816961770156,6.548052566794897,48,1.0,0.046646997457646,0.046646997457646,0.046646997457646,69e5aaf107b63f46b6b057dfe99d3189e4f485b9649136f1718f398f646e43c6,c8a464e3dc5900b1823e47278ccc6047977a95a0a6e7739b20457a50c75e991c,be8ede604a893ee87034e6fb596cea91ea3be8f191d448807bebae1ef6fbfe79,dff4b17a330f664ec4d31f507c7603e7842ac94d65226c760d6e78cfa953aeb7,0.49771599999803584
4,parity,1.0,0.01,r4_parity_sigma1_lr0.01,111,ok,,0.4944721094173734,6.260722220887255,48,1.0,0.04848098276536531,0.04848098276536531,0.04848098276536531,6f4599f803588363f7f3f06a30082972087391773f80fd6d7eb3eadc6484859e,d59d43420c9129a49d4e4aa149c529c6e0cbc3f6e3f83610204fc311412d67e5,46ec6552ea8abd2c67a85ebf993bb74a1984e0f557904f8a35ae4eb6d2b596da,ff013eda1d426d67006a334f6583897c614d689f5823b14c442be63e78bb3962,0.47862745800375706
4,parity,1.0,0.01,r4_parity_sigma1_lr0.01,112,ok,,0.4322117186928939,6.088937533110201,48,1.0,0.0527142774587799,0.0527142774587799,0.0527142774587799,23158049f8a287709543a55b89f8943218b08cba397a67e034633640e70c99f6,889fcea4602e0d08ee4021f00203d655dcb8d5e70709f4efb56844c28ea0e74c,b0126d22db14df8032614d0be237f7ba7f8faae015df79310d48a47a7e019709,3dd0b47c3c1ce23069083c16d0c2272714da54db5025db5646fd1228b010a5e8,0.4841012499964563
4,parity,1.0,0.01,r4_parity_sigma1_lr0.01,113,ok,,0.5009528911965031,6.090431902753813,48,1.0,0.058159333195852994,0.058159333195852994,0.058159333195852994,1130bcd06d370ab57f1bc3a67409c755b267648b80a0f46e840060bb010d3ab8,f16642197b525fd13d6256e464b0e7fa2a58d7c9a10bd02c003ee0dc3c54951c,494a09d0cb32c8fd575150abd91ad12074451b075c550159cd5a0edda3ce9c1b,db95c591d5ad7a1f08531cf0e04985b931fc730f28e8ed47b8c7c5d8ecd8db0c,0.4771258749970002
4,parity,1.0,0.01,r4_parity_sigma1_lr0.01,114,ok,,0.5555065024699436,6.192141943925646,48,1.0,0.04190401911848091,0.04190401911848091,0.04190401911848091,c8a7a565f4c34afcedf377bd8a33aee023bbafec99430b278d5183f906311b3e,b866245d1a511ec78b1c46ad9c5b7c24ae305d3a4597eadd1513f9251448aada,9fc9306ab4737b5804dc59a07264243c6abc622ca16efa0cd4d6bddf38b05e36,52ceac77e1e0c99a5de90b23d52d3e2f15eb08da92d5b6842d3e92834a138f22,0.486577458003012
4,parity,1.0,0.01,r4_parity_sigma1_lr0.01,115,ok,,0.4869143328881172,6.009433994352066,48,1.0,0.04115258489286784,0.04115258489286784,0.04115258489286784,21e3187a25ce542a7fda12331f6df5573b7aa9cfb19c4d6a1242f48e9ab77257,511a9fee1d8f467003479f0b9dcb30337ee1a68e067dcc991d5efeaa1c30f3ca,fae9b80b4b9bbecd172da441f7a298732dc4ec9c5fd56650a16ee48bf4f2164a,c3a0cabd7487508470d585545f7b6a856897b0410105302f1b4d5c12944c190d,0.4847470840031747
4,parity,1.0,0.01,r4_parity_sigma1_lr0.01,116,ok,,0.4433914462738481,6.136118030322645,48,1.0,0.05064226917295304,0.05064226917295304,0.05064226917295304,b240340bda42b13e461b839e854e8931eb9b197c11fad589d1f07877b5a6c105,cef618fe0fa48343569619b7334137da0e397721eb3a078c08871e9e4193d1f5,67eaeaae05cc33550f061649f99bb92951375c55491458d36e2f1c224114a8b1,0d285e8573294ff0f8d626c9d7c79b1ffa6d14fb3071ba7be902aa48627a1c7e,0.4844673330007936
4,parity,1.0,0.01,r4_parity_sigma1_lr0.01,117,ok,,0.5554900098518557,6.190778281507697,48,1.0,0.039308891642235354,0.039308891642235354,0.039308891642235354,2ff937c83d36f7b3a5406c91e8755c50ce932575e34db68925452587b0ab77d6,e0b9f294b820a1aa278f5cd75720af9014c99374da05d571d878890a160e022a,6d2e8203ab09f7481803ba6cac1d0fef11989f0d29cc5ddaeca62054fed6f238,32821079a74fe63f445d951a557ad18447fced01821fc77b6b8d137d2fe48881,0.4817564580007456
4,parity,1.0,0.01,r4_parity_sigma1_lr0.01,118,ok,,0.43780583215315744,6.158449833465497,48,1.0,0.041407820373129844,0.041407820373129844,0.041407820373129844,f9372f8f74b3a18b86f9a9dd960278381003e836073cde71119d3b892dde9434,bf34f477abb16f7800703a8aa5ac322b03f582a20f996d74e68f001cf9732cdb,3672d037714419789c221c8c7564a09d4bd2e60bbf08a0fa3cd13f9a40a45c57,ffdd2708cda2855a18fd4a81398631fadb59f1610b8dd3d36eefe8f678572c16,0.4850503749985364
4,parity,1.0,0.01,r4_parity_sigma1_lr0.01,119,ok,,0.478249364462771,6.071442389311601,48,1.0,0.03894660380757263,0.03894660380757263,0.03894660380757263,9cc5a5818d004f0f1492c246ba3ab8685b2df3f7dfd15cdf113ebebec42d8dee,152370bb377ea714cfc078c2235d0ba001bfe1626af828d19a441d0c68fa2f0a,a56289775eec0ce432a321db146cf9b88569ccab3daaa3aefaeb57ea0050cb73,01bf4e2b10f88360652600d185a9d719f05502f25f089d70da96eafa7fe4dfe3,0.4998969170046621
4,parity,1.0,0.01,r4_parity_sigma1_lr0.01,120,ok,,0.5023940445912954,6.193254195074367,48,1.0,0.046646997457646,0.046646997457646,0.046646997457646,69e5aaf107b63f46b6b057dfe99d3189e4f485b9649136f1718f398f646e43c6,c8a464e3dc5900b1823e47278ccc6047977a95a0a6e7739b20457a50c75e991c,be8ede604a893ee87034e6fb596cea91ea3be8f191d448807bebae1ef6fbfe79,dff4b17a330f664ec4d31f507c7603e7842ac94d65226c760d6e78cfa953aeb7,0.5121402500008116
4,parity,1.0,0.02,r4_parity_sigma1_lr0.02,111,ok,,0.4624309435139807,6.216261501861789,48,1.0,0.04848098276536531,0.04848098276536531,0.04848098276536531,6f4599f803588363f7f3f06a30082972087391773f80fd6d7eb3eadc6484859e,d59d43420c9129a49d4e4aa149c529c6e0cbc3f6e3f83610204fc311412d67e5,46ec6552ea8abd2c67a85ebf993bb74a1984e0f557904f8a35ae4eb6d2b596da,ff013eda1d426d67006a334f6583897c614d689f5823b14c442be63e78bb3962,0.5213532080015284
4,parity,1.0,0.02,r4_parity_sigma1_lr0.02,112,ok,,0.4058213359737704,6.0543824052994895,48,1.0,0.0527142774587799,0.0527142774587799,0.0527142774587799,23158049f8a287709543a55b89f8943218b08cba397a67e034633640e70c99f6,889fcea4602e0d08ee4021f00203d655dcb8d5e70709f4efb56844c28ea0e74c,b0126d22db14df8032614d0be237f7ba7f8faae015df79310d48a47a7e019709,3dd0b47c3c1ce23069083c16d0c2272714da54db5025db5646fd1228b010a5e8,0.6218501670009573
4,parity,1.0,0.02,r4_parity_sigma1_lr0.02,113,ok,,0.42242096785693933,6.018393959101195,48,1.0,0.058159333195852994,0.058159333195852994,0.058159333195852994,1130bcd06d370ab57f1bc3a67409c755b267648b80a0f46e840060bb010d3ab8,f16642197b525fd13d6256e464b0e7fa2a58d7c9a10bd02c003ee0dc3c54951c,494a09d0cb32c8fd575150abd91ad12074451b075c550159cd5a0edda3ce9c1b,db95c591d5ad7a1f08531cf0e04985b931fc730f28e8ed47b8c7c5d8ecd8db0c,0.6442017920053331
4,parity,1.0,0.02,r4_parity_sigma1_lr0.02,114,ok,,0.4724579516683256,6.122742354855064,48,1.0,0.04190401911848091,0.04190401911848091,0.04190401911848091,c8a7a565f4c34afcedf377bd8a33aee023bbafec99430b278d5183f906311b3e,b866245d1a511ec78b1c46ad9c5b7c24ae305d3a4597eadd1513f9251448aada,9fc9306ab4737b5804dc59a07264243c6abc622ca16efa0cd4d6bddf38b05e36,52ceac77e1e0c99a5de90b23d52d3e2f15eb08da92d5b6842d3e92834a138f22,0.6427905410018866
4,parity,1.0,0.02,r4_parity_sigma1_lr0.02,115,ok,,0.4660215188449581,5.98024664714163,48,1.0,0.04115258489286784,0.04115258489286784,0.04115258489286784,21e3187a25ce542a7fda12331f6df5573b7aa9cfb19c4d6a1242f48e9ab77257,511a9fee1d8f467003479f0b9dcb30337ee1a68e067dcc991d5efeaa1c30f3ca,fae9b80b4b9bbecd172da441f7a298732dc4ec9c5fd56650a16ee48bf4f2164a,c3a0cabd7487508470d585545f7b6a856897b0410105302f1b4d5c12944c190d,0.6170953750042827
4,parity,1.0,0.02,r4_parity_sigma1_lr0.02,116,ok,,0.37801595570180335,6.065974344959076,48,1.0,0.05064226917295304,0.05064226917295304,0.05064226917295304,b240340bda42b13e461b839e854e8931eb9b197c11fad589d1f07877b5a6c105,cef618fe0fa48343569619b7334137da0e397721eb3a078c08871e9e4193d1f5,67eaeaae05cc33550f061649f99bb92951375c55491458d36e2f1c224114a8b1,0d285e8573294ff0f8d626c9d7c79b1ffa6d14fb3071ba7be902aa48627a1c7e,0.5326354159988114
4,parity,1.0,0.02,r4_parity_sigma1_lr0.02,117,ok,,0.4980468966382428,6.130173633944835,48,1.0,0.039308891642235354,0.039308891642235354,0.039308891642235354,2ff937c83d36f7b3a5406c91e8755c50ce932575e34db68925452587b0ab77d6,e0b9f294b820a1aa278f5cd75720af9014c99374da05d571d878890a160e022a,6d2e8203ab09f7481803ba6cac1d0fef11989f0d29cc5ddaeca62054fed6f238,32821079a74fe63f445d951a557ad18447fced01821fc77b6b8d137d2fe48881,0.4863788329967065
4,parity,1.0,0.02,r4_parity_sigma1_lr0.02,118,ok,,0.36601915833221743,6.093203353747605,48,1.0,0.041407820373129844,0.041407820373129844,0.041407820373129844,f9372f8f74b3a18b86f9a9dd960278381003e836073cde71119d3b892dde9434,bf34f477abb16f7800703a8aa5ac322b03f582a20f996d74e68f001cf9732cdb,3672d037714419789c221c8c7564a09d4bd2e60bbf08a0fa3cd13f9a40a45c57,ffdd2708cda2855a18fd4a81398631fadb59f1610b8dd3d36eefe8f678572c16,0.4906042080037878
4,parity,1.0,0.02,r4_parity_sigma1_lr0.02,119,ok,,0.49122412150090566,6.093779593963161,48,1.0,0.03894660380757263,0.03894660380757263,0.03894660380757263,9cc5a5818d004f0f1492c246ba3ab8685b2df3f7dfd15cdf113ebebec42d8dee,152370bb377ea714cfc078c2235d0ba001bfe1626af828d19a441d0c68fa2f0a,a56289775eec0ce432a321db146cf9b88569ccab3daaa3aefaeb57ea0050cb73,01bf4e2b10f88360652600d185a9d719f05502f25f089d70da96eafa7fe4dfe3,0.4828646249952726
4,parity,1.0,0.02,r4_parity_sigma1_lr0.02,120,ok,,0.37830266000736196,6.080071985666019,48,1.0,0.046646997457646,0.046646997457646,0.046646997457646,69e5aaf107b63f46b6b057dfe99d3189e4f485b9649136f1718f398f646e43c6,c8a464e3dc5900b1823e47278ccc6047977a95a0a6e7739b20457a50c75e991c,be8ede604a893ee87034e6fb596cea91ea3be8f191d448807bebae1ef6fbfe79,dff4b17a330f664ec4d31f507c7603e7842ac94d65226c760d6e78cfa953aeb7,0.48449045800225576
4,parity,1.0,0.05,r4_parity_sigma1_lr0.05,111,ok,,0.4371339293274653,6.217593681241688,48,1.0,0.04848098276536531,0.04848098276536531,0.04848098276536531,6f4599f803588363f7f3f06a30082972087391773f80fd6d7eb3eadc6484859e,d59d43420c9129a49d4e4aa149c529c6e0cbc3f6e3f83610204fc311412d67e5,46ec6552ea8abd2c67a85ebf993bb74a1984e0f557904f8a35ae4eb6d2b596da,ff013eda1d426d67006a334f6583897c614d689f5823b14c442be63e78bb3962,0.4785100409935694
4,parity,1.0,0.05,r4_parity_sigma1_lr0.05,112,ok,,0.3429862155185859,5.998154162909489,48,1.0,0.0527142774587799,0.0527142774587799,0.0527142774587799,23158049f8a287709543a55b89f8943218b08cba397a67e034633640e70c99f6,889fcea4602e0d08ee4021f00203d655dcb8d5e70709f4efb56844c28ea0e74c,b0126d22db14df8032614d0be237f7ba7f8faae015df79310d48a47a7e019709,3dd0b47c3c1ce23069083c16d0c2272714da54db5025db5646fd1228b010a5e8,0.483887540998694
4,parity,1.0,0.05,r4_parity_sigma1_lr0.05,113,ok,,0.3645545988130008,5.998626187335304,48,1.0,0.058159333195852994,0.058159333195852994,0.058159333195852994,1130bcd06d370ab57f1bc3a67409c755b267648b80a0f46e840060bb010d3ab8,f16642197b525fd13d6256e464b0e7fa2a58d7c9a10bd02c003ee0dc3c54951c,494a09d0cb32c8fd575150abd91ad12074451b075c550159cd5a0edda3ce9c1b,db95c591d5ad7a1f08531cf0e04985b931fc730f28e8ed47b8c7c5d8ecd8db0c,0.4779986249996
4,parity,1.0,0.05,r4_parity_sigma1_lr0.05,114,ok,,0.4515444634741839,6.1072039690294915,48,1.0,0.04190401911848091,0.04190401911848091,0.04190401911848091,c8a7a565f4c34afcedf377bd8a33aee023bbafec99430b278d5183f906311b3e,b866245d1a511ec78b1c46ad9c5b7c24ae305d3a4597eadd1513f9251448aada,9fc9306ab4737b5804dc59a07264243c6abc622ca16efa0cd4d6bddf38b05e36,52ceac77e1e0c99a5de90b23d52d3e2f15eb08da92d5b6842d3e92834a138f22,0.47990616600145586
4,parity,1.0,0.05,r4_parity_sigma1_lr0.05,115,ok,,0.41345137177714597,5.94748090278945,48,1.0,0.04115258489286784,0.04115258489286784,0.04115258489286784,21e3187a25ce542a7fda12331f6df5573b7aa9cfb19c4d6a1242f48e9ab77257,511a9fee1d8f467003479f0b9dcb30337ee1a68e067dcc991d5efeaa1c30f3ca,fae9b80b4b9bbecd172da441f7a298732dc4ec9c5fd56650a16ee48bf4f2164a,c3a0cabd7487508470d585545f7b6a856897b0410105302f1b4d5c12944c190d,0.47427554200112354
4,parity,1.0,0.05,r4_parity_sigma1_lr0.05,116,ok,,0.3856642829653504,6.069447445987944,48,1.0,0.05064226917295304,0.05064226917295304,0.05064226917295304,b240340bda42b13e461b839e854e8931eb9b197c11fad589d1f07877b5a6c105,cef618fe0fa48343569619b7334137da0e397721eb3a078c08871e9e4193d1f5,67eaeaae05cc33550f061649f99bb92951375c55491458d36e2f1c224114a8b1,0d285e8573294ff0f8d626c9d7c79b1ffa6d14fb3071ba7be902aa48627a1c7e,0.4772377920016879
4,parity,1.0,0.05,r4_parity_sigma1_lr0.05,117,ok,,0.3997339745884612,6.035402549612677,48,1.0,0.039308891642235354,0.039308891642235354,0.039308891642235354,2ff937c83d36f7b3a5406c91e8755c50ce932575e34db68925452587b0ab77d6,e0b9f294b820a1aa278f5cd75720af9014c99374da05d571d878890a160e022a,6d2e8203ab09f7481803ba6cac1d0fef11989f0d29cc5ddaeca62054fed6f238,32821079a74fe63f445d951a557ad18447fced01821fc77b6b8d137d2fe48881,0.4742214159996365
4,parity,1.0,0.05,r4_parity_sigma1_lr0.05,118,ok,,0.36155149047697854,6.076562366770174,48,1.0,0.041407820373129844,0.041407820373129844,0.041407820373129844,f9372f8f74b3a18b86f9a9dd960278381003e836073cde71119d3b892dde9434,bf34f477abb16f7800703a8aa5ac322b03f582a20f996d74e68f001cf9732cdb,3672d037714419789c221c8c7564a09d4bd2e60bbf08a0fa3cd13f9a40a45c57,ffdd2708cda2855a18fd4a81398631fadb59f1610b8dd3d36eefe8f678572c16,0.47984466700290795
4,parity,1.0,0.05,r4_parity_sigma1_lr0.05,119,ok,,0.4811852702107676,6.10342393330664,48,1.0,0.03894660380757263,0.03894660380757263,0.03894660380757263,9cc5a5818d004f0f1492c246ba3ab8685b2df3f7dfd15cdf113ebebec42d8dee,152370bb377ea714cfc078c2235d0ba001bfe1626af828d19a441d0c68fa2f0a,a56289775eec0ce432a321db146cf9b88569ccab3daaa3aefaeb57ea0050cb73,01bf4e2b10f88360652600d185a9d719f05502f25f089d70da96eafa7fe4dfe3,0.47555554199789185
4,parity,1.0,0.05,r4_parity_sigma1_lr0.05,120,ok,,0.33513082480286116,6.043157753602883,48,1.0,0.046646997457646,0.046646997457646,0.046646997457646,69e5aaf107b63f46b6b057dfe99d3189e4f485b9649136f1718f398f646e43c6,c8a464e3dc5900b1823e47278ccc6047977a95a0a6e7739b20457a50c75e991c,be8ede604a893ee87034e6fb596cea91ea3be8f191d448807bebae1ef6fbfe79,dff4b17a330f664ec4d31f507c7603e7842ac94d65226c760d6e78cfa953aeb7,0.4807858339991071
4,parity,1.0,0.1,r4_parity_sigma1_lr0.1,111,ok,,0.3115088904919059,6.054526486455661,48,1.0,0.04848098276536531,0.04848098276536531,0.04848098276536531,6f4599f803588363f7f3f06a30082972087391773f80fd6d7eb3eadc6484859e,d59d43420c9129a49d4e4aa149c529c6e0cbc3f6e3f83610204fc311412d67e5,46ec6552ea8abd2c67a85ebf993bb74a1984e0f557904f8a35ae4eb6d2b596da,ff013eda1d426d67006a334f6583897c614d689f5823b14c442be63e78bb3962,0.47902866700314917
4,parity,1.0,0.1,r4_parity_sigma1_lr0.1,112,ok,,0.3520068397852137,5.998722780126118,48,1.0,0.0527142774587799,0.0527142774587799,0.0527142774587799,23158049f8a287709543a55b89f8943218b08cba397a67e034633640e70c99f6,889fcea4602e0d08ee4021f00203d655dcb8d5e70709f4efb56844c28ea0e74c,b0126d22db14df8032614d0be237f7ba7f8faae015df79310d48a47a7e019709,3dd0b47c3c1ce23069083c16d0c2272714da54db5025db5646fd1228b010a5e8,0.4864746669991291
4,parity,1.0,0.1,r4_parity_sigma1_lr0.1,113,ok,,0.3515195452658905,5.916130708396898,48,1.0,0.058159333195852994,0.058159333195852994,0.058159333195852994,1130bcd06d370ab57f1bc3a67409c755b267648b80a0f46e840060bb010d3ab8,f16642197b525fd13d6256e464b0e7fa2a58d7c9a10bd02c003ee0dc3c54951c,494a09d0cb32c8fd575150abd91ad12074451b075c550159cd5a0edda3ce9c1b,db95c591d5ad7a1f08531cf0e04985b931fc730f28e8ed47b8c7c5d8ecd8db0c,0.47830966699984856
4,parity,1.0,0.1,r4_parity_sigma1_lr0.1,114,ok,,0.38918303244120944,6.095738397559415,48,1.0,0.04190401911848091,0.04190401911848091,0.04190401911848091,c8a7a565f4c34afcedf377bd8a33aee023bbafec99430b278d5183f906311b3e,b866245d1a511ec78b1c46ad9c5b7c24ae305d3a4597eadd1513f9251448aada,9fc9306ab4737b5804dc59a07264243c6abc622ca16efa0cd4d6bddf38b05e36,52ceac77e1e0c99a5de90b23d52d3e2f15eb08da92d5b6842d3e92834a138f22,0.4801647080021212
4,parity,1.0,0.1,r4_parity_sigma1_lr0.1,115,ok,,0.35545375657357314,5.9141095309035006,48,1.0,0.04115258489286784,0.04115258489286784,0.04115258489286784,21e3187a25ce542a7fda12331f6df5573b7aa9cfb19c4d6a1242f48e9ab77257,511a9fee1d8f467003479f0b9dcb30337ee1a68e067dcc991d5efeaa1c30f3ca,fae9b80b4b9bbecd172da441f7a298732dc4ec9c5fd56650a16ee48bf4f2164a,c3a0cabd7487508470d585545f7b6a856897b0410105302f1b4d5c12944c190d,0.47604916599811986
4,parity,1.0,0.1,r4_parity_sigma1_lr0.1,116,ok,,0.4313733803313226,6.123851171121098,48,1.0,0.05064226917295304,0.05064226917295304,0.05064226917295304,b240340bda42b13e461b839e854e8931eb9b197c11fad589d1f07877b5a6c105,cef618fe0fa48343569619b7334137da0e397721eb3a078c08871e9e4193d1f5,67eaeaae05cc33550f061649f99bb92951375c55491458d36e2f1c224114a8b1,0d285e8573294ff0f8d626c9d7c79b1ffa6d14fb3071ba7be902aa48627a1c7e,0.47899254100047983
4,parity,1.0,0.1,r4_parity_sigma1_lr0.1,117,ok,,0.4082289209747113,6.005905804515139,48,1.0,0.039308891642235354,0.039308891642235354,0.039308891642235354,2ff937c83d36f7b3a5406c91e8755c50ce932575e34db68925452587b0ab77d6,e0b9f294b820a1aa278f5cd75720af9014c99374da05d571d878890a160e022a,6d2e8203ab09f7481803ba6cac1d0fef11989f0d29cc5ddaeca62054fed6f238,32821079a74fe63f445d951a557ad18447fced01821fc77b6b8d137d2fe48881,0.4847862500027986
4,parity,1.0,0.1,r4_parity_sigma1_lr0.1,118,ok,,0.4185186633530652,6.153548706203114,48,1.0,0.041407820373129844,0.041407820373129844,0.041407820373129844,f9372f8f74b3a18b86f9a9dd960278381003e836073cde71119d3b892dde9434,bf34f477abb16f7800703a8aa5ac322b03f582a20f996d74e68f001cf9732cdb,3672d037714419789c221c8c7564a09d4bd2e60bbf08a0fa3cd13f9a40a45c57,ffdd2708cda2855a18fd4a81398631fadb59f1610b8dd3d36eefe8f678572c16,0.4946764170017559
4,parity,1.0,0.1,r4_parity_sigma1_lr0.1,119,ok,,0.49923661713636125,6.1243243062703625,48,1.0,0.03894660380757263,0.03894660380757263,0.03894660380757263,9cc5a5818d004f0f1492c246ba3ab8685b2df3f7dfd15cdf113ebebec42d8dee,152370bb377ea714cfc078c2235d0ba001bfe1626af828d19a441d0c68fa2f0a,a56289775eec0ce432a321db146cf9b88569ccab3daaa3aefaeb57ea0050cb73,01bf4e2b10f88360652600d185a9d719f05502f25f089d70da96eafa7fe4dfe3,0.48908004199620336
4,parity,1.0,0.1,r4_parity_sigma1_lr0.1,120,ok,,0.32746969040628016,6.029294904645647,48,1.0,0.046646997457646,0.046646997457646,0.046646997457646,69e5aaf107b63f46b6b057dfe99d3189e4f485b9649136f1718f398f646e43c6,c8a464e3dc5900b1823e47278ccc6047977a95a0a6e7739b20457a50c75e991c,be8ede604a893ee87034e6fb596cea91ea3be8f191d448807bebae1ef6fbfe79,dff4b17a330f664ec4d31f507c7603e7842ac94d65226c760d6e78cfa953aeb7,0.4924017500015907
4,parity,1.0,0.2,r4_parity_sigma1_lr0.2,111,ok,,0.32398785619291065,6.070089931863017,48,1.0,0.04848098276536531,0.04848098276536531,0.04848098276536531,6f4599f803588363f7f3f06a30082972087391773f80fd6d7eb3eadc6484859e,d59d43420c9129a49d4e4aa149c529c6e0cbc3f6e3f83610204fc311412d67e5,46ec6552ea8abd2c67a85ebf993bb74a1984e0f557904f8a35ae4eb6d2b596da,ff013eda1d426d67006a334f6583897c614d689f5823b14c442be63e78bb3962,0.4889762089951546
4,parity,1.0,0.2,r4_parity_sigma1_lr0.2,112,ok,,0.35864201738920104,5.9985657483245305,48,1.0,0.0527142774587799,0.0527142774587799,0.0527142774587799,23158049f8a287709543a55b89f8943218b08cba397a67e034633640e70c99f6,889fcea4602e0d08ee4021f00203d655dcb8d5e70709f4efb56844c28ea0e74c,b0126d22db14df8032614d0be237f7ba7f8faae015df79310d48a47a7e019709,3dd0b47c3c1ce23069083c16d0c2272714da54db5025db5646fd1228b010a5e8,0.4904974579985719
4,parity,1.0,0.2,r4_parity_sigma1_lr0.2,113,ok,,0.45326959740886835,6.063948901133909,48,1.0,0.058159333195852994,0.058159333195852994,0.058159333195852994,1130bcd06d370ab57f1bc3a67409c755b267648b80a0f46e840060bb010d3ab8,f16642197b525fd13d6256e464b0e7fa2a58d7c9a10bd02c003ee0dc3c54951c,494a09d0cb32c8fd575150abd91ad12074451b075c550159cd5a0edda3ce9c1b,db95c591d5ad7a1f08531cf0e04985b931fc730f28e8ed47b8c7c5d8ecd8db0c,0.4856218330023694
4,parity,1.0,0.2,r4_parity_sigma1_lr0.2,114,ok,,0.4165903584111651,6.089318754223483,48,1.0,0.04190401911848091,0.04190401911848091,0.04190401911848091,c8a7a565f4c34afcedf377bd8a33aee023bbafec99430b278d5183f906311b3e,b866245d1a511ec78b1c46ad9c5b7c24ae305d3a4597eadd1513f9251448aada,9fc9306ab4737b5804dc59a07264243c6abc622ca16efa0cd4d6bddf38b05e36,52ceac77e1e0c99a5de90b23d52d3e2f15eb08da92d5b6842d3e92834a138f22,0.49344933300017146
4,parity,1.0,0.2,r4_parity_sigma1_lr0.2,115,ok,,0.3453104296509291,5.907634716515332,48,1.0,0.04115258489286784,0.04115258489286784,0.04115258489286784,21e3187a25ce542a7fda12331f6df5573b7aa9cfb19c4d6a1242f48e9ab77257,511a9fee1d8f467003479f0b9dcb30337ee1a68e067dcc991d5efeaa1c30f3ca,fae9b80b4b9bbecd172da441f7a298732dc4ec9c5fd56650a16ee48bf4f2164a,c3a0cabd7487508470d585545f7b6a856897b0410105302f1b4d5c12944c190d,0.489225917001022
4,parity,1.0,0.2,r4_parity_sigma1_lr0.2,116,ok,,0.5143202904875961,6.155256406565321,48,1.0,0.05064226917295304,0.05064226917295304,0.05064226917295304,b240340bda42b13e461b839e854e8931eb9b197c11fad589d1f07877b5a6c105,cef618fe0fa48343569619b7334137da0e397721eb3a078c08871e9e4193d1f5,67eaeaae05cc33550f061649f99bb92951375c55491458d36e2f1c224114a8b1,0d285e8573294ff0f8d626c9d7c79b1ffa6d14fb3071ba7be902aa48627a1c7e,0.4909823339985451
4,parity,1.0,0.2,r4_parity_sigma1_lr0.2,117,ok,,0.4321223157213419,6.075179604214824,48,1.0,0.039308891642235354,0.039308891642235354,0.039308891642235354,2ff937c83d36f7b3a5406c91e8755c50ce932575e34db68925452587b0ab77d6,e0b9f294b820a1aa278f5cd75720af9014c99374da05d571d878890a160e022a,6d2e8203ab09f7481803ba6cac1d0fef11989f0d29cc5ddaeca62054fed6f238,32821079a74fe63f445d951a557ad18447fced01821fc77b6b8d137d2fe48881,0.4861725410009967
4,parity,1.0,0.2,r4_parity_sigma1_lr0.2,118,ok,,0.37862288721332893,6.10682965098034,48,1.0,0.041407820373129844,0.041407820373129844,0.041407820373129844,f9372f8f74b3a18b86f9a9dd960278381003e836073cde71119d3b892dde9434,bf34f477abb16f7800703a8aa5ac322b03f582a20f996d74e68f001cf9732cdb,3672d037714419789c221c8c7564a09d4bd2e60bbf08a0fa3cd13f9a40a45c57,ffdd2708cda2855a18fd4a81398631fadb59f1610b8dd3d36eefe8f678572c16,0.49016662500071106
4,parity,1.0,0.2,r4_parity_sigma1_lr0.2,119,ok,,0.4691102212064591,6.090357243312923,48,1.0,0.03894660380757263,0.03894660380757263,0.03894660380757263,9cc5a5818d004f0f1492c246ba3ab8685b2df3f7dfd15cdf113ebebec42d8dee,152370bb377ea714cfc078c2235d0ba001bfe1626af828d19a441d0c68fa2f0a,a56289775eec0ce432a321db146cf9b88569ccab3daaa3aefaeb57ea0050cb73,01bf4e2b10f88360652600d185a9d719f05502f25f089d70da96eafa7fe4dfe3,0.542989249996026
4,parity,1.0,0.2,r4_parity_sigma1_lr0.2,120,ok,,0.3422178971395316,6.039861077424362,48,1.0,0.046646997457646,0.046646997457646,0.046646997457646,69e5aaf107b63f46b6b057dfe99d3189e4f485b9649136f1718f398f646e43c6,c8a464e3dc5900b1823e47278ccc6047977a95a0a6e7739b20457a50c75e991c,be8ede604a893ee87034e6fb596cea91ea3be8f191d448807bebae1ef6fbfe79,dff4b17a330f664ec4d31f507c7603e7842ac94d65226c760d6e78cfa953aeb7,0.5474490839987993
4,spherical,1.0,0.005,r4_spherical_sigma1_lr0.005,111,ok,,0.6527632301739844,6.381737447311832,48,100.39039354269939,0.00048292452150558343,0.04848098276536531,0.04848098276536531,6f4599f803588363f7f3f06a30082972087391773f80fd6d7eb3eadc6484859e,d59d43420c9129a49d4e4aa149c529c6e0cbc3f6e3f83610204fc311412d67e5,46ec6552ea8abd2c67a85ebf993bb74a1984e0f557904f8a35ae4eb6d2b596da,ff013eda1d426d67006a334f6583897c614d689f5823b14c442be63e78bb3962,0.3755578339987551
4,spherical,1.0,0.005,r4_spherical_sigma1_lr0.005,112,ok,,0.42456373118718943,6.026497227992238,48,98.15107325322884,0.0005370728583148302,0.0527142774587799,0.0527142774587799,23158049f8a287709543a55b89f8943218b08cba397a67e034633640e70c99f6,889fcea4602e0d08ee4021f00203d655dcb8d5e70709f4efb56844c28ea0e74c,b0126d22db14df8032614d0be237f7ba7f8faae015df79310d48a47a7e019709,3dd0b47c3c1ce23069083c16d0c2272714da54db5025db5646fd1228b010a5e8,0.380166625000129
4,spherical,1.0,0.005,r4_spherical_sigma1_lr0.005,113,ok,,0.5887359360923073,6.205337946176795,48,73.64948979830636,0.0007896773399941519,0.058159333195852994,0.058159333195852994,1130bcd06d370ab57f1bc3a67409c755b267648b80a0f46e840060bb010d3ab8,f16642197b525fd13d6256e464b0e7fa2a58d7c9a10bd02c003ee0dc3c54951c,494a09d0cb32c8fd575150abd91ad12074451b075c550159cd5a0edda3ce9c1b,db95c591d5ad7a1f08531cf0e04985b931fc730f28e8ed47b8c7c5d8ecd8db0c,0.37966466700163437
4,spherical,1.0,0.005,r4_spherical_sigma1_lr0.005,114,ok,,0.4979517804390742,6.206042662494015,48,50.08134437016149,0.0008367191345495783,0.04190401911848091,0.04190401911848091,c8a7a565f4c34afcedf377bd8a33aee023bbafec99430b278d5183f906311b3e,b866245d1a511ec78b1c46ad9c5b7c24ae305d3a4597eadd1513f9251448aada,9fc9306ab4737b5804dc59a07264243c6abc622ca16efa0cd4d6bddf38b05e36,52ceac77e1e0c99a5de90b23d52d3e2f15eb08da92d5b6842d3e92834a138f22,0.3763375830021687
4,spherical,1.0,0.005,r4_spherical_sigma1_lr0.005,115,ok,,0.6141289428215853,6.156861732999688,48,54.37314601251033,0.0007568549534249744,0.04115258489286784,0.04115258489286784,21e3187a25ce542a7fda12331f6df5573b7aa9cfb19c4d6a1242f48e9ab77257,511a9fee1d8f467003479f0b9dcb30337ee1a68e067dcc991d5efeaa1c30f3ca,fae9b80b4b9bbecd172da441f7a298732dc4ec9c5fd56650a16ee48bf4f2164a,c3a0cabd7487508470d585545f7b6a856897b0410105302f1b4d5c12944c190d,0.3785154579964001
4,spherical,1.0,0.005,r4_spherical_sigma1_lr0.005,116,ok,,0.5180303298912062,6.185749361834356,48,25.44444641203463,0.0019903073681729003,0.05064226917295304,0.05064226917295304,b240340bda42b13e461b839e854e8931eb9b197c11fad589d1f07877b5a6c105,cef618fe0fa48343569619b7334137da0e397721eb3a078c08871e9e4193d1f5,67eaeaae05cc33550f061649f99bb92951375c55491458d36e2f1c224114a8b1,0d285e8573294ff0f8d626c9d7c79b1ffa6d14fb3071ba7be902aa48627a1c7e,0.3791173749996233
4,spherical,1.0,0.005,r4_spherical_sigma1_lr0.005,117,ok,,0.5828806505862143,6.218194152470658,48,152.05811852944817,0.00025851228479209835,0.039308891642235354,0.039308891642235354,2ff937c83d36f7b3a5406c91e8755c50ce932575e34db68925452587b0ab77d6,e0b9f294b820a1aa278f5cd75720af9014c99374da05d571d878890a160e022a,6d2e8203ab09f7481803ba6cac1d0fef11989f0d29cc5ddaeca62054fed6f238,32821079a74fe63f445d951a557ad18447fced01821fc77b6b8d137d2fe48881,0.3772092080034781
4,spherical,1.0,0.005,r4_spherical_sigma1_lr0.005,118,ok,,0.4579181621884765,6.166746762747368,48,56.46156384820562,0.0007333806850347417,0.041407820373129844,0.041407820373129844,f9372f8f74b3a18b86f9a9dd960278381003e836073cde71119d3b892dde9434,bf34f477abb16f7800703a8aa5ac322b03f582a20f996d74e68f001cf9732cdb,3672d037714419789c221c8c7564a09d4bd2e60bbf08a0fa3cd13f9a40a45c57,ffdd2708cda2855a18fd4a81398631fadb59f1610b8dd3d36eefe8f678572c16,0.37452104200201575
4,spherical,1.0,0.005,r4_spherical_sigma1_lr0.005,119,ok,,0.46411473455759966,6.073774073346966,48,72.39009832237537,0.0005380100968247263,0.03894660380757263,0.03894660380757263,9cc5a5818d004f0f1492c246ba3ab8685b2df3f7dfd15cdf113ebebec42d8dee,152370bb377ea714cfc078c2235d0ba001bfe1626af828d19a441d0c68fa2f0a,a56289775eec0ce432a321db146cf9b88569ccab3daaa3aefaeb57ea0050cb73,01bf4e2b10f88360652600d185a9d719f05502f25f089d70da96eafa7fe4dfe3,0.3769200830065529
4,spherical,1.0,0.005,r4_spherical_sigma1_lr0.005,120,ok,,0.5041928381917893,6.22506998548591,48,58.659978553571044,0.0007952099303112731,0.046646997457646,0.046646997457646,69e5aaf107b63f46b6b057dfe99d3189e4f485b9649136f1718f398f646e43c6,c8a464e3dc5900b1823e47278ccc6047977a95a0a6e7739b20457a50c75e991c,be8ede604a893ee87034e6fb596cea91ea3be8f191d448807bebae1ef6fbfe79,dff4b17a330f664ec4d31f507c7603e7842ac94d65226c760d6e78cfa953aeb7,0.3819198339988361
4,spherical,1.0,0.01,r4_spherical_sigma1_lr0.01,111,ok,,0.4485882464382333,6.191356888663248,48,100.39039354269939,0.00048292452150558343,0.04848098276536531,0.04848098276536531,6f4599f803588363f7f3f06a30082972087391773f80fd6d7eb3eadc6484859e,d59d43420c9129a49d4e4aa149c529c6e0cbc3f6e3f83610204fc311412d67e5,46ec6552ea8abd2c67a85ebf993bb74a1984e0f557904f8a35ae4eb6d2b596da,ff013eda1d426d67006a334f6583897c614d689f5823b14c442be63e78bb3962,0.380085249998956
4,spherical,1.0,0.01,r4_spherical_sigma1_lr0.01,112,ok,,0.4455793529328797,6.058750657715599,48,98.15107325322884,0.0005370728583148302,0.0527142774587799,0.0527142774587799,23158049f8a287709543a55b89f8943218b08cba397a67e034633640e70c99f6,889fcea4602e0d08ee4021f00203d655dcb8d5e70709f4efb56844c28ea0e74c,b0126d22db14df8032614d0be237f7ba7f8faae015df79310d48a47a7e019709,3dd0b47c3c1ce23069083c16d0c2272714da54db5025db5646fd1228b010a5e8,0.3766817919968162
4,spherical,1.0,0.01,r4_spherical_sigma1_lr0.01,113,ok,,0.5224998942836029,6.116209150363196,48,73.64948979830636,0.0007896773399941519,0.058159333195852994,0.058159333195852994,1130bcd06d370ab57f1bc3a67409c755b267648b80a0f46e840060bb010d3ab8,f16642197b525fd13d6256e464b0e7fa2a58d7c9a10bd02c003ee0dc3c54951c,494a09d0cb32c8fd575150abd91ad12074451b075c550159cd5a0edda3ce9c1b,db95c591d5ad7a1f08531cf0e04985b931fc730f28e8ed47b8c7c5d8ecd8db0c,0.3790347920003114
4,spherical,1.0,0.01,r4_spherical_sigma1_lr0.01,114,ok,,0.4571750337792761,6.170955466430534,48,50.08134437016149,0.0008367191345495783,0.04190401911848091,0.04190401911848091,c8a7a565f4c34afcedf377bd8a33aee023bbafec99430b278d5183f906311b3e,b866245d1a511ec78b1c46ad9c5b7c24ae305d3a4597eadd1513f9251448aada,9fc9306ab4737b5804dc59a07264243c6abc622ca16efa0cd4d6bddf38b05e36,52ceac77e1e0c99a5de90b23d52d3e2f15eb08da92d5b6842d3e92834a138f22,0.3801205000054324
4,spherical,1.0,0.01,r4_spherical_sigma1_lr0.01,115,ok,,0.5222285716117127,6.08786747543809,48,54.37314601251033,0.0007568549534249744,0.04115258489286784,0.04115258489286784,21e3187a25ce542a7fda12331f6df5573b7aa9cfb19c4d6a1242f48e9ab77257,511a9fee1d8f467003479f0b9dcb30337ee1a68e067dcc991d5efeaa1c30f3ca,fae9b80b4b9bbecd172da441f7a298732dc4ec9c5fd56650a16ee48bf4f2164a,c3a0cabd7487508470d585545f7b6a856897b0410105302f1b4d5c12944c190d,0.37616766699647997
4,spherical,1.0,0.01,r4_spherical_sigma1_lr0.01,116,ok,,0.5081300674178788,6.173580904283112,48,25.44444641203463,0.0019903073681729003,0.05064226917295304,0.05064226917295304,b240340bda42b13e461b839e854e8931eb9b197c11fad589d1f07877b5a6c105,cef618fe0fa48343569619b7334137da0e397721eb3a078c08871e9e4193d1f5,67eaeaae05cc33550f061649f99bb92951375c55491458d36e2f1c224114a8b1,0d285e8573294ff0f8d626c9d7c79b1ffa6d14fb3071ba7be902aa48627a1c7e,0.37794362499698764
4,spherical,1.0,0.01,r4_spherical_sigma1_lr0.01,117,ok,,0.4638111973472869,6.096122948819676,48,152.05811852944817,0.00025851228479209835,0.039308891642235354,0.039308891642235354,2ff937c83d36f7b3a5406c91e8755c50ce932575e34db68925452587b0ab77d6,e0b9f294b820a1aa278f5cd75720af9014c99374da05d571d878890a160e022a,6d2e8203ab09f7481803ba6cac1d0fef11989f0d29cc5ddaeca62054fed6f238,32821079a74fe63f445d951a557ad18447fced01821fc77b6b8d137d2fe48881,0.38070074999995995
4,spherical,1.0,0.01,r4_spherical_sigma1_lr0.01,118,ok,,0.407739312722894,6.142733501063031,48,56.46156384820562,0.0007333806850347417,0.041407820373129844,0.041407820373129844,f9372f8f74b3a18b86f9a9dd960278381003e836073cde71119d3b892dde9434,bf34f477abb16f7800703a8aa5ac322b03f582a20f996d74e68f001cf9732cdb,3672d037714419789c221c8c7564a09d4bd2e60bbf08a0fa3cd13f9a40a45c57,ffdd2708cda2855a18fd4a81398631fadb59f1610b8dd3d36eefe8f678572c16,0.37978704099805327
4,spherical,1.0,0.01,r4_spherical_sigma1_lr0.01,119,ok,,0.4229785889766643,6.0495559800923955,48,72.39009832237537,0.0005380100968247263,0.03894660380757263,0.03894660380757263,9cc5a5818d004f0f1492c246ba3ab8685b2df3f7dfd15cdf113ebebec42d8dee,152370bb377ea714cfc078c2235d0ba001bfe1626af828d19a441d0c68fa2f0a,a56289775eec0ce432a321db146cf9b88569ccab3daaa3aefaeb57ea0050cb73,01bf4e2b10f88360652600d185a9d719f05502f25f089d70da96eafa7fe4dfe3,0.37579350000305567
4,spherical,1.0,0.01,r4_spherical_sigma1_lr0.01,120,ok,,0.40915529312441523,6.112973087853629,48,58.659978553571044,0.0007952099303112731,0.046646997457646,0.046646997457646,69e5aaf107b63f46b6b057dfe99d3189e4f485b9649136f1718f398f646e43c6,c8a464e3dc5900b1823e47278ccc6047977a95a0a6e7739b20457a50c75e991c,be8ede604a893ee87034e6fb596cea91ea3be8f191d448807bebae1ef6fbfe79,dff4b17a330f664ec4d31f507c7603e7842ac94d65226c760d6e78cfa953aeb7,0.3765707909988123
4,spherical,1.0,0.02,r4_spherical_sigma1_lr0.02,111,ok,,0.39128503249463675,6.160179196423163,48,100.39039354269939,0.00048292452150558343,0.04848098276536531,0.04848098276536531,6f4599f803588363f7f3f06a30082972087391773f80fd6d7eb3eadc6484859e,d59d43420c9129a49d4e4aa149c529c6e0cbc3f6e3f83610204fc311412d67e5,46ec6552ea8abd2c67a85ebf993bb74a1984e0f557904f8a35ae4eb6d2b596da,ff013eda1d426d67006a334f6583897c614d689f5823b14c442be63e78bb3962,0.38155979200382717
4,spherical,1.0,0.02,r4_spherical_sigma1_lr0.02,112,ok,,0.5261804017069516,6.151625455694133,48,98.15107325322884,0.0005370728583148302,0.0527142774587799,0.0527142774587799,23158049f8a287709543a55b89f8943218b08cba397a67e034633640e70c99f6,889fcea4602e0d08ee4021f00203d655dcb8d5e70709f4efb56844c28ea0e74c,b0126d22db14df8032614d0be237f7ba7f8faae015df79310d48a47a7e019709,3dd0b47c3c1ce23069083c16d0c2272714da54db5025db5646fd1228b010a5e8,0.38231491599435685
4,spherical,1.0,0.02,r4_spherical_sigma1_lr0.02,113,ok,,0.5354355878076118,6.156262424100727,48,73.64948979830636,0.0007896773399941519,0.058159333195852994,0.058159333195852994,1130bcd06d370ab57f1bc3a67409c755b267648b80a0f46e840060bb010d3ab8,f16642197b525fd13d6256e464b0e7fa2a58d7c9a10bd02c003ee0dc3c54951c,494a09d0cb32c8fd575150abd91ad12074451b075c550159cd5a0edda3ce9c1b,db95c591d5ad7a1f08531cf0e04985b931fc730f28e8ed47b8c7c5d8ecd8db0c,0.3799008749992936
4,spherical,1.0,0.02,r4_spherical_sigma1_lr0.02,114,ok,,0.5012536104972195,6.21529518724029,48,50.08134437016149,0.0008367191345495783,0.04190401911848091,0.04190401911848091,c8a7a565f4c34afcedf377bd8a33aee023bbafec99430b278d5183f906311b3e,b866245d1a511ec78b1c46ad9c5b7c24ae305d3a4597eadd1513f9251448aada,9fc9306ab4737b5804dc59a07264243c6abc622ca16efa0cd4d6bddf38b05e36,52ceac77e1e0c99a5de90b23d52d3e2f15eb08da92d5b6842d3e92834a138f22,0.37692291699931957
4,spherical,1.0,0.02,r4_spherical_sigma1_lr0.02,115,ok,,0.47271047729711746,6.068866480965611,48,54.37314601251033,0.0007568549534249744,0.04115258489286784,0.04115258489286784,21e3187a25ce542a7fda12331f6df5573b7aa9cfb19c4d6a1242f48e9ab77257,511a9fee1d8f467003479f0b9dcb30337ee1a68e067dcc991d5efeaa1c30f3ca,fae9b80b4b9bbecd172da441f7a298732dc4ec9c5fd56650a16ee48bf4f2164a,c3a0cabd7487508470d585545f7b6a856897b0410105302f1b4d5c12944c190d,0.3778625419945456
4,spherical,1.0,0.02,r4_spherical_sigma1_lr0.02,116,ok,,0.47450704401932253,6.152396130501498,48,25.44444641203463,0.0019903073681729003,0.05064226917295304,0.05064226917295304,b240340bda42b13e461b839e854e8931eb9b197c11fad589d1f07877b5a6c105,cef618fe0fa48343569619b7334137da0e397721eb3a078c08871e9e4193d1f5,67eaeaae05cc33550f061649f99bb92951375c55491458d36e2f1c224114a8b1,0d285e8573294ff0f8d626c9d7c79b1ffa6d14fb3071ba7be902aa48627a1c7e,0.3803341669990914
4,spherical,1.0,0.02,r4_spherical_sigma1_lr0.02,117,ok,,0.4638114690303813,6.099203871243763,48,152.05811852944817,0.00025851228479209835,0.039308891642235354,0.039308891642235354,2ff937c83d36f7b3a5406c91e8755c50ce932575e34db68925452587b0ab77d6,e0b9f294b820a1aa278f5cd75720af9014c99374da05d571d878890a160e022a,6d2e8203ab09f7481803ba6cac1d0fef11989f0d29cc5ddaeca62054fed6f238,32821079a74fe63f445d951a557ad18447fced01821fc77b6b8d137d2fe48881,0.37562270800117403
4,spherical,1.0,0.02,r4_spherical_sigma1_lr0.02,118,ok,,0.38255418582539,6.124572191041789,48,56.46156384820562,0.0007333806850347417,0.041407820373129844,0.041407820373129844,f9372f8f74b3a18b86f9a9dd960278381003e836073cde71119d3b892dde9434,bf34f477abb16f7800703a8aa5ac322b03f582a20f996d74e68f001cf9732cdb,3672d037714419789c221c8c7564a09d4bd2e60bbf08a0fa3cd13f9a40a45c57,ffdd2708cda2855a18fd4a81398631fadb59f1610b8dd3d36eefe8f678572c16,0.37686779200157616
4,spherical,1.0,0.02,r4_spherical_sigma1_lr0.02,119,ok,,0.4233102477730842,6.064663000317864,48,72.39009832237537,0.0005380100968247263,0.03894660380757263,0.03894660380757263,9cc5a5818d004f0f1492c246ba3ab8685b2df3f7dfd15cdf113ebebec42d8dee,152370bb377ea714cfc078c2235d0ba001bfe1626af828d19a441d0c68fa2f0a,a56289775eec0ce432a321db146cf9b88569ccab3daaa3aefaeb57ea0050cb73,01bf4e2b10f88360652600d185a9d719f05502f25f089d70da96eafa7fe4dfe3,0.37875529199664015
4,spherical,1.0,0.02,r4_spherical_sigma1_lr0.02,120,ok,,0.43919826499441056,6.1431591174180555,48,58.659978553571044,0.0007952099303112731,0.046646997457646,0.046646997457646,69e5aaf107b63f46b6b057dfe99d3189e4f485b9649136f1718f398f646e43c6,c8a464e3dc5900b1823e47278ccc6047977a95a0a6e7739b20457a50c75e991c,be8ede604a893ee87034e6fb596cea91ea3be8f191d448807bebae1ef6fbfe79,dff4b17a330f664ec4d31f507c7603e7842ac94d65226c760d6e78cfa953aeb7,0.3808097090004594
4,spherical,1.0,0.05,r4_spherical_sigma1_lr0.05,111,ok,,0.36460922786137323,6.137401438526895,48,100.39039354269939,0.00048292452150558343,0.04848098276536531,0.04848098276536531,6f4599f803588363f7f3f06a30082972087391773f80fd6d7eb3eadc6484859e,d59d43420c9129a49d4e4aa149c529c6e0cbc3f6e3f83610204fc311412d67e5,46ec6552ea8abd2c67a85ebf993bb74a1984e0f557904f8a35ae4eb6d2b596da,ff013eda1d426d67006a334f6583897c614d689f5823b14c442be63e78bb3962,0.37682779200258665
4,spherical,1.0,0.05,r4_spherical_sigma1_lr0.05,112,ok,,0.44248285339644977,6.045593519053166,48,98.15107325322884,0.0005370728583148302,0.0527142774587799,0.0527142774587799,23158049f8a287709543a55b89f8943218b08cba397a67e034633640e70c99f6,889fcea4602e0d08ee4021f00203d655dcb8d5e70709f4efb56844c28ea0e74c,b0126d22db14df8032614d0be237f7ba7f8faae015df79310d48a47a7e019709,3dd0b47c3c1ce23069083c16d0c2272714da54db5025db5646fd1228b010a5e8,0.3751890839994303
4,spherical,1.0,0.05,r4_spherical_sigma1_lr0.05,113,ok,,0.4040082216901988,6.020081549051125,48,73.64948979830636,0.0007896773399941519,0.058159333195852994,0.058159333195852994,1130bcd06d370ab57f1bc3a67409c755b267648b80a0f46e840060bb010d3ab8,f16642197b525fd13d6256e464b0e7fa2a58d7c9a10bd02c003ee0dc3c54951c,494a09d0cb32c8fd575150abd91ad12074451b075c550159cd5a0edda3ce9c1b,db95c591d5ad7a1f08531cf0e04985b931fc730f28e8ed47b8c7c5d8ecd8db0c,0.3802410419957596
4,spherical,1.0,0.05,r4_spherical_sigma1_lr0.05,114,ok,,0.43990079633826196,6.125152234648357,48,50.08134437016149,0.0008367191345495783,0.04190401911848091,0.04190401911848091,c8a7a565f4c34afcedf377bd8a33aee023bbafec99430b278d5183f906311b3e,b866245d1a511ec78b1c46ad9c5b7c24ae305d3a4597eadd1513f9251448aada,9fc9306ab4737b5804dc59a07264243c6abc622ca16efa0cd4d6bddf38b05e36,52ceac77e1e0c99a5de90b23d52d3e2f15eb08da92d5b6842d3e92834a138f22,0.3782452080049552
4,spherical,1.0,0.05,r4_spherical_sigma1_lr0.05,115,ok,,0.47294140352392205,6.041813958265796,48,54.37314601251033,0.0007568549534249744,0.04115258489286784,0.04115258489286784,21e3187a25ce542a7fda12331f6df5573b7aa9cfb19c4d6a1242f48e9ab77257,511a9fee1d8f467003479f0b9dcb30337ee1a68e067dcc991d5efeaa1c30f3ca,fae9b80b4b9bbecd172da441f7a298732dc4ec9c5fd56650a16ee48bf4f2164a,c3a0cabd7487508470d585545f7b6a856897b0410105302f1b4d5c12944c190d,0.37783170900365803
4,spherical,1.0,0.05,r4_spherical_sigma1_lr0.05,116,ok,,0.4745070415788948,6.152396127497989,48,25.44444641203463,0.0019903073681729003,0.05064226917295304,0.05064226917295304,b240340bda42b13e461b839e854e8931eb9b197c11fad589d1f07877b5a6c105,cef618fe0fa48343569619b7334137da0e397721eb3a078c08871e9e4193d1f5,67eaeaae05cc33550f061649f99bb92951375c55491458d36e2f1c224114a8b1,0d285e8573294ff0f8d626c9d7c79b1ffa6d14fb3071ba7be902aa48627a1c7e,0.3773035839985823
4,spherical,1.0,0.05,r4_spherical_sigma1_lr0.05,117,ok,,0.4653602824708849,6.102259379190856,48,152.05811852944817,0.00025851228479209835,0.039308891642235354,0.039308891642235354,2ff937c83d36f7b3a5406c91e8755c50ce932575e34db68925452587b0ab77d6,e0b9f294b820a1aa278f5cd75720af9014c99374da05d571d878890a160e022a,6d2e8203ab09f7481803ba6cac1d0fef11989f0d29cc5ddaeca62054fed6f238,32821079a74fe63f445d951a557ad18447fced01821fc77b6b8d137d2fe48881,0.3803674160008086
4,spherical,1.0,0.05,r4_spherical_sigma1_lr0.05,118,ok,,0.3694608860973578,6.085585126545599,48,56.46156384820562,0.0007333806850347417,0.041407820373129844,0.041407820373129844,f9372f8f74b3a18b86f9a9dd960278381003e836073cde71119d3b892dde9434,bf34f477abb16f7800703a8aa5ac322b03f582a20f996d74e68f001cf9732cdb,3672d037714419789c221c8c7564a09d4bd2e60bbf08a0fa3cd13f9a40a45c57,ffdd2708cda2855a18fd4a81398631fadb59f1610b8dd3d36eefe8f678572c16,0.3805027920025168
4,spherical,1.0,0.05,r4_spherical_sigma1_lr0.05,119,ok,,0.4321556634741125,6.0408840786413665,48,72.39009832237537,0.0005380100968247263,0.03894660380757263,0.03894660380757263,9cc5a5818d004f0f1492c246ba3ab8685b2df3f7dfd15cdf113ebebec42d8dee,152370bb377ea714cfc078c2235d0ba001bfe1626af828d19a441d0c68fa2f0a,a56289775eec0ce432a321db146cf9b88569ccab3daaa3aefaeb57ea0050cb73,01bf4e2b10f88360652600d185a9d719f05502f25f089d70da96eafa7fe4dfe3,0.3804228340013651
4,spherical,1.0,0.05,r4_spherical_sigma1_lr0.05,120,ok,,0.4012840882783073,6.118527481011364,48,58.659978553571044,0.0007952099303112731,0.046646997457646,0.046646997457646,69e5aaf107b63f46b6b057dfe99d3189e4f485b9649136f1718f398f646e43c6,c8a464e3dc5900b1823e47278ccc6047977a95a0a6e7739b20457a50c75e991c,be8ede604a893ee87034e6fb596cea91ea3be8f191d448807bebae1ef6fbfe79,dff4b17a330f664ec4d31f507c7603e7842ac94d65226c760d6e78cfa953aeb7,0.3786814580016653
4,spherical,1.0,0.1,r4_spherical_sigma1_lr0.1,111,ok,,0.339554581632301,6.093120763907161,48,100.39039354269939,0.00048292452150558343,0.04848098276536531,0.04848098276536531,6f4599f803588363f7f3f06a30082972087391773f80fd6d7eb3eadc6484859e,d59d43420c9129a49d4e4aa149c529c6e0cbc3f6e3f83610204fc311412d67e5,46ec6552ea8abd2c67a85ebf993bb74a1984e0f557904f8a35ae4eb6d2b596da,ff013eda1d426d67006a334f6583897c614d689f5823b14c442be63e78bb3962,0.3821333749947371
4,spherical,1.0,0.1,r4_spherical_sigma1_lr0.1,112,ok,,0.4622699754392499,6.081862422864614,48,98.15107325322884,0.0005370728583148302,0.0527142774587799,0.0527142774587799,23158049f8a287709543a55b89f8943218b08cba397a67e034633640e70c99f6,889fcea4602e0d08ee4021f00203d655dcb8d5e70709f4efb56844c28ea0e74c,b0126d22db14df8032614d0be237f7ba7f8faae015df79310d48a47a7e019709,3dd0b47c3c1ce23069083c16d0c2272714da54db5025db5646fd1228b010a5e8,0.3818562500018743
4,spherical,1.0,0.1,r4_spherical_sigma1_lr0.1,113,ok,,0.39705024341969,5.963778890847236,48,73.64948979830636,0.0007896773399941519,0.058159333195852994,0.058159333195852994,1130bcd06d370ab57f1bc3a67409c755b267648b80a0f46e840060bb010d3ab8,f16642197b525fd13d6256e464b0e7fa2a58d7c9a10bd02c003ee0dc3c54951c,494a09d0cb32c8fd575150abd91ad12074451b075c550159cd5a0edda3ce9c1b,db95c591d5ad7a1f08531cf0e04985b931fc730f28e8ed47b8c7c5d8ecd8db0c,0.37736445799964713
4,spherical,1.0,0.1,r4_spherical_sigma1_lr0.1,114,ok,,0.4415579337585515,6.127636404406261,48,50.08134437016149,0.0008367191345495783,0.04190401911848091,0.04190401911848091,c8a7a565f4c34afcedf377bd8a33aee023bbafec99430b278d5183f906311b3e,b866245d1a511ec78b1c46ad9c5b7c24ae305d3a4597eadd1513f9251448aada,9fc9306ab4737b5804dc59a07264243c6abc622ca16efa0cd4d6bddf38b05e36,52ceac77e1e0c99a5de90b23d52d3e2f15eb08da92d5b6842d3e92834a138f22,0.37563349999982165
4,spherical,1.0,0.1,r4_spherical_sigma1_lr0.1,115,ok,,0.49630882911138985,6.0544946046716674,48,54.37314601251033,0.0007568549534249744,0.04115258489286784,0.04115258489286784,21e3187a25ce542a7fda12331f6df5573b7aa9cfb19c4d6a1242f48e9ab77257,511a9fee1d8f467003479f0b9dcb30337ee1a68e067dcc991d5efeaa1c30f3ca,fae9b80b4b9bbecd172da441f7a298732dc4ec9c5fd56650a16ee48bf4f2164a,c3a0cabd7487508470d585545f7b6a856897b0410105302f1b4d5c12944c190d,0.37688675000390504
4,spherical,1.0,0.1,r4_spherical_sigma1_lr0.1,116,ok,,0.5101118057035787,6.202826134350758,48,25.44444641203463,0.0019903073681729003,0.05064226917295304,0.05064226917295304,b240340bda42b13e461b839e854e8931eb9b197c11fad589d1f07877b5a6c105,cef618fe0fa48343569619b7334137da0e397721eb3a078c08871e9e4193d1f5,67eaeaae05cc33550f061649f99bb92951375c55491458d36e2f1c224114a8b1,0d285e8573294ff0f8d626c9d7c79b1ffa6d14fb3071ba7be902aa48627a1c7e,0.381467082996096
4,spherical,1.0,0.1,r4_spherical_sigma1_lr0.1,117,ok,,0.46481919699766716,6.101302378031099,48,152.05811852944817,0.00025851228479209835,0.039308891642235354,0.039308891642235354,2ff937c83d36f7b3a5406c91e8755c50ce932575e34db68925452587b0ab77d6,e0b9f294b820a1aa278f5cd75720af9014c99374da05d571d878890a160e022a,6d2e8203ab09f7481803ba6cac1d0fef11989f0d29cc5ddaeca62054fed6f238,32821079a74fe63f445d951a557ad18447fced01821fc77b6b8d137d2fe48881,0.3781505000006291
4,spherical,1.0,0.1,r4_spherical_sigma1_lr0.1,118,ok,,0.3660005881870055,6.104464523408757,48,56.46156384820562,0.0007333806850347417,0.041407820373129844,0.041407820373129844,f9372f8f74b3a18b86f9a9dd960278381003e836073cde71119d3b892dde9434,bf34f477abb16f7800703a8aa5ac322b03f582a20f996d74e68f001cf9732cdb,3672d037714419789c221c8c7564a09d4bd2e60bbf08a0fa3cd13f9a40a45c57,ffdd2708cda2855a18fd4a81398631fadb59f1610b8dd3d36eefe8f678572c16,0.3795095829991624
4,spherical,1.0,0.1,r4_spherical_sigma1_lr0.1,119,ok,,0.4427834644503312,6.0635185637101605,48,72.39009832237537,0.0005380100968247263,0.03894660380757263,0.03894660380757263,9cc5a5818d004f0f1492c246ba3ab8685b2df3f7dfd15cdf113ebebec42d8dee,152370bb377ea714cfc078c2235d0ba001bfe1626af828d19a441d0c68fa2f0a,a56289775eec0ce432a321db146cf9b88569ccab3daaa3aefaeb57ea0050cb73,01bf4e2b10f88360652600d185a9d719f05502f25f089d70da96eafa7fe4dfe3,0.3785628749974421
4,spherical,1.0,0.1,r4_spherical_sigma1_lr0.1,120,ok,,0.4336308549255548,6.168219785179435,48,58.659978553571044,0.0007952099303112731,0.046646997457646,0.046646997457646,69e5aaf107b63f46b6b057dfe99d3189e4f485b9649136f1718f398f646e43c6,c8a464e3dc5900b1823e47278ccc6047977a95a0a6e7739b20457a50c75e991c,be8ede604a893ee87034e6fb596cea91ea3be8f191d448807bebae1ef6fbfe79,dff4b17a330f664ec4d31f507c7603e7842ac94d65226c760d6e78cfa953aeb7,0.382210457995825
4,spherical,1.0,0.2,r4_spherical_sigma1_lr0.2,111,ok,,0.4384812485100089,6.209010501253548,48,100.39039354269939,0.00048292452150558343,0.04848098276536531,0.04848098276536531,6f4599f803588363f7f3f06a30082972087391773f80fd6d7eb3eadc6484859e,d59d43420c9129a49d4e4aa149c529c6e0cbc3f6e3f83610204fc311412d67e5,46ec6552ea8abd2c67a85ebf993bb74a1984e0f557904f8a35ae4eb6d2b596da,ff013eda1d426d67006a334f6583897c614d689f5823b14c442be63e78bb3962,0.37646400000085123
4,spherical,1.0,0.2,r4_spherical_sigma1_lr0.2,112,ok,,0.4315814627951532,6.063108487037898,48,98.15107325322884,0.0005370728583148302,0.0527142774587799,0.0527142774587799,23158049f8a287709543a55b89f8943218b08cba397a67e034633640e70c99f6,889fcea4602e0d08ee4021f00203d655dcb8d5e70709f4efb56844c28ea0e74c,b0126d22db14df8032614d0be237f7ba7f8faae015df79310d48a47a7e019709,3dd0b47c3c1ce23069083c16d0c2272714da54db5025db5646fd1228b010a5e8,0.37531599999783793
4,spherical,1.0,0.2,r4_spherical_sigma1_lr0.2,113,ok,,0.488640250039349,6.085505005876422,48,73.64948979830636,0.0007896773399941519,0.058159333195852994,0.058159333195852994,1130bcd06d370ab57f1bc3a67409c755b267648b80a0f46e840060bb010d3ab8,f16642197b525fd13d6256e464b0e7fa2a58d7c9a10bd02c003ee0dc3c54951c,494a09d0cb32c8fd575150abd91ad12074451b075c550159cd5a0edda3ce9c1b,db95c591d5ad7a1f08531cf0e04985b931fc730f28e8ed47b8c7c5d8ecd8db0c,0.3782744999989518
4,spherical,1.0,0.2,r4_spherical_sigma1_lr0.2,114,ok,,0.5066607514674851,6.21814760213617,48,50.08134437016149,0.0008367191345495783,0.04190401911848091,0.04190401911848091,c8a7a565f4c34afcedf377bd8a33aee023bbafec99430b278d5183f906311b3e,b866245d1a511ec78b1c46ad9c5b7c24ae305d3a4597eadd1513f9251448aada,9fc9306ab4737b5804dc59a07264243c6abc622ca16efa0cd4d6bddf38b05e36,52ceac77e1e0c99a5de90b23d52d3e2f15eb08da92d5b6842d3e92834a138f22,0.3797223750007106
4,spherical,1.0,0.2,r4_spherical_sigma1_lr0.2,115,ok,,0.5008531580783232,6.0610663052081275,48,54.37314601251033,0.0007568549534249744,0.04115258489286784,0.04115258489286784,21e3187a25ce542a7fda12331f6df5573b7aa9cfb19c4d6a1242f48e9ab77257,511a9fee1d8f467003479f0b9dcb30337ee1a68e067dcc991d5efeaa1c30f3ca,fae9b80b4b9bbecd172da441f7a298732dc4ec9c5fd56650a16ee48bf4f2164a,c3a0cabd7487508470d585545f7b6a856897b0410105302f1b4d5c12944c190d,0.37701966599706793
4,spherical,1.0,0.2,r4_spherical_sigma1_lr0.2,116,ok,,0.6476189908870011,6.303468453644734,48,25.44444641203463,0.0019903073681729003,0.05064226917295304,0.05064226917295304,b240340bda42b13e461b839e854e8931eb9b197c11fad589d1f07877b5a6c105,cef618fe0fa48343569619b7334137da0e397721eb3a078c08871e9e4193d1f5,67eaeaae05cc33550f061649f99bb92951375c55491458d36e2f1c224114a8b1,0d285e8573294ff0f8d626c9d7c79b1ffa6d14fb3071ba7be902aa48627a1c7e,0.3760115409968421
4,spherical,1.0,0.2,r4_spherical_sigma1_lr0.2,117,ok,,0.4347572166879571,6.060077814060081,48,152.05811852944817,0.00025851228479209835,0.039308891642235354,0.039308891642235354,2ff937c83d36f7b3a5406c91e8755c50ce932575e34db68925452587b0ab77d6,e0b9f294b820a1aa278f5cd75720af9014c99374da05d571d878890a160e022a,6d2e8203ab09f7481803ba6cac1d0fef11989f0d29cc5ddaeca62054fed6f238,32821079a74fe63f445d951a557ad18447fced01821fc77b6b8d137d2fe48881,0.380648915997881
4,spherical,1.0,0.2,r4_spherical_sigma1_lr0.2,118,ok,,0.35332059061496096,6.089666991246782,48,56.46156384820562,0.0007333806850347417,0.041407820373129844,0.041407820373129844,f9372f8f74b3a18b86f9a9dd960278381003e836073cde71119d3b892dde9434,bf34f477abb16f7800703a8aa5ac322b03f582a20f996d74e68f001cf9732cdb,3672d037714419789c221c8c7564a09d4bd2e60bbf08a0fa3cd13f9a40a45c57,ffdd2708cda2855a18fd4a81398631fadb59f1610b8dd3d36eefe8f678572c16,0.38150879200111376
4,spherical,1.0,0.2,r4_spherical_sigma1_lr0.2,119,ok,,0.4283364630019536,6.038269856615104,48,72.39009832237537,0.0005380100968247263,0.03894660380757263,0.03894660380757263,9cc5a5818d004f0f1492c246ba3ab8685b2df3f7dfd15cdf113ebebec42d8dee,152370bb377ea714cfc078c2235d0ba001bfe1626af828d19a441d0c68fa2f0a,a56289775eec0ce432a321db146cf9b88569ccab3daaa3aefaeb57ea0050cb73,01bf4e2b10f88360652600d185a9d719f05502f25f089d70da96eafa7fe4dfe3,0.3772505419983645
4,spherical,1.0,0.2,r4_spherical_sigma1_lr0.2,120,ok,,0.42038029656225084,6.1075321438630645,48,58.659978553571044,0.0007952099303112731,0.046646997457646,0.046646997457646,69e5aaf107b63f46b6b057dfe99d3189e4f485b9649136f1718f398f646e43c6,c8a464e3dc5900b1823e47278ccc6047977a95a0a6e7739b20457a50c75e991c,be8ede604a893ee87034e6fb596cea91ea3be8f191d448807bebae1ef6fbfe79,dff4b17a330f664ec4d31f507c7603e7842ac94d65226c760d6e78cfa953aeb7,0.37809804100106703
4,tv,1.0,0.005,r4_tv_sigma1_lr0.005,111,ok,,2.0215520403678813,7.838765047129459,48,1.984869656535215,0.024425272765766205,0.04848098276536531,0.04848098276536531,6f4599f803588363f7f3f06a30082972087391773f80fd6d7eb3eadc6484859e,d59d43420c9129a49d4e4aa149c529c6e0cbc3f6e3f83610204fc311412d67e5,46ec6552ea8abd2c67a85ebf993bb74a1984e0f557904f8a35ae4eb6d2b596da,ff013eda1d426d67006a334f6583897c614d689f5823b14c442be63e78bb3962,0.3615245000037248
4,tv,1.0,0.005,r4_tv_sigma1_lr0.005,112,ok,,2.8916343028611537,8.484790898206542,48,5.041558977540251,0.010455947791867131,0.0527142774587799,0.05271427745877989,23158049f8a287709543a55b89f8943218b08cba397a67e034633640e70c99f6,889fcea4602e0d08ee4021f00203d655dcb8d5e70709f4efb56844c28ea0e74c,b0126d22db14df8032614d0be237f7ba7f8faae015df79310d48a47a7e019709,3dd0b47c3c1ce23069083c16d0c2272714da54db5025db5646fd1228b010a5e8,0.3617341249992023
4,tv,1.0,0.005,r4_tv_sigma1_lr0.005,113,ok,,8.2549036283609,13.661737595150244,48,2.413241672866683,0.024100086555676657,0.058159333195852994,0.058159333195852994,1130bcd06d370ab57f1bc3a67409c755b267648b80a0f46e840060bb010d3ab8,f16642197b525fd13d6256e464b0e7fa2a58d7c9a10bd02c003ee0dc3c54951c,494a09d0cb32c8fd575150abd91ad12074451b075c550159cd5a0edda3ce9c1b,db95c591d5ad7a1f08531cf0e04985b931fc730f28e8ed47b8c7c5d8ecd8db0c,0.36147358400194207
4,tv,1.0,0.005,r4_tv_sigma1_lr0.005,114,ok,,3.0270139180540134,8.846717057233525,48,2.935799354141652,0.014273461522281898,0.04190401911848091,0.04190401911848091,c8a7a565f4c34afcedf377bd8a33aee023bbafec99430b278d5183f906311b3e,b866245d1a511ec78b1c46ad9c5b7c24ae305d3a4597eadd1513f9251448aada,9fc9306ab4737b5804dc59a07264243c6abc622ca16efa0cd4d6bddf38b05e36,52ceac77e1e0c99a5de90b23d52d3e2f15eb08da92d5b6842d3e92834a138f22,0.365245708002476
4,tv,1.0,0.005,r4_tv_sigma1_lr0.005,115,ok,,8.230662795061923,13.687262376268325,48,2.4372325038674476,0.01688496474077304,0.04115258489286784,0.04115258489286784,21e3187a25ce542a7fda12331f6df5573b7aa9cfb19c4d6a1242f48e9ab77257,511a9fee1d8f467003479f0b9dcb30337ee1a68e067dcc991d5efeaa1c30f3ca,fae9b80b4b9bbecd172da441f7a298732dc4ec9c5fd56650a16ee48bf4f2164a,c3a0cabd7487508470d585545f7b6a856897b0410105302f1b4d5c12944c190d,0.3633135830023093
4,tv,1.0,0.005,r4_tv_sigma1_lr0.005,116,ok,,6.344793502650072,12.207537988852302,48,2.2903317421152503,0.022111324853831896,0.05064226917295304,0.05064226917295304,b240340bda42b13e461b839e854e8931eb9b197c11fad589d1f07877b5a6c105,cef618fe0fa48343569619b7334137da0e397721eb3a078c08871e9e4193d1f5,67eaeaae05cc33550f061649f99bb92951375c55491458d36e2f1c224114a8b1,0d285e8573294ff0f8d626c9d7c79b1ffa6d14fb3071ba7be902aa48627a1c7e,0.3588480830003391
4,tv,1.0,0.005,r4_tv_sigma1_lr0.005,117,ok,,1.3813845025453713,6.9668444073841025,48,3.2918843223044028,0.011941152177157346,0.039308891642235354,0.039308891642235354,2ff937c83d36f7b3a5406c91e8755c50ce932575e34db68925452587b0ab77d6,e0b9f294b820a1aa278f5cd75720af9014c99374da05d571d878890a160e022a,6d2e8203ab09f7481803ba6cac1d0fef11989f0d29cc5ddaeca62054fed6f238,32821079a74fe63f445d951a557ad18447fced01821fc77b6b8d137d2fe48881,0.3605702499990002
4,tv,1.0,0.005,r4_tv_sigma1_lr0.005,118,ok,,5.4402385719312,11.257151707112033,48,2.5713512118278192,0.016103525719341743,0.041407820373129844,0.041407820373129844,f9372f8f74b3a18b86f9a9dd960278381003e836073cde71119d3b892dde9434,bf34f477abb16f7800703a8aa5ac322b03f582a20f996d74e68f001cf9732cdb,3672d037714419789c221c8c7564a09d4bd2e60bbf08a0fa3cd13f9a40a45c57,ffdd2708cda2855a18fd4a81398631fadb59f1610b8dd3d36eefe8f678572c16,0.3637804169993615
4,tv,1.0,0.005,r4_tv_sigma1_lr0.005,119,ok,,4.728443025090781,10.32843378733822,48,2.848846086041792,0.013671010167378095,0.03894660380757263,0.03894660380757263,9cc5a5818d004f0f1492c246ba3ab8685b2df3f7dfd15cdf113ebebec42d8dee,152370bb377ea714cfc078c2235d0ba001bfe1626af828d19a441d0c68fa2f0a,a56289775eec0ce432a321db146cf9b88569ccab3daaa3aefaeb57ea0050cb73,01bf4e2b10f88360652600d185a9d719f05502f25f089d70da96eafa7fe4dfe3,0.36281283300195355
4,tv,1.0,0.005,r4_tv_sigma1_lr0.005,120,ok,,4.374371340175619,10.425724757566616,48,3.027697614120272,0.015406755694524585,0.046646997457646,0.046646997457646,69e5aaf107b63f46b6b057dfe99d3189e4f485b9649136f1718f398f646e43c6,c8a464e3dc5900b1823e47278ccc6047977a95a0a6e7739b20457a50c75e991c,be8ede604a893ee87034e6fb596cea91ea3be8f191d448807bebae1ef6fbfe79,dff4b17a330f664ec4d31f507c7603e7842ac94d65226c760d6e78cfa953aeb7,0.3590732919983566
4,tv,1.0,0.01,r4_tv_sigma1_lr0.01,111,ok,,5.593371708282657,11.620742452741851,48,1.984869656535215,0.024425272765766205,0.04848098276536531,0.04848098276536531,6f4599f803588363f7f3f06a30082972087391773f80fd6d7eb3eadc6484859e,d59d43420c9129a49d4e4aa149c529c6e0cbc3f6e3f83610204fc311412d67e5,46ec6552ea8abd2c67a85ebf993bb74a1984e0f557904f8a35ae4eb6d2b596da,ff013eda1d426d67006a334f6583897c614d689f5823b14c442be63e78bb3962,0.3617075840011239
4,tv,1.0,0.01,r4_tv_sigma1_lr0.01,112,ok,,2.6543903003385405,8.234382334991274,48,5.041558977540251,0.010455947791867131,0.0527142774587799,0.05271427745877989,23158049f8a287709543a55b89f8943218b08cba397a67e034633640e70c99f6,889fcea4602e0d08ee4021f00203d655dcb8d5e70709f4efb56844c28ea0e74c,b0126d22db14df8032614d0be237f7ba7f8faae015df79310d48a47a7e019709,3dd0b47c3c1ce23069083c16d0c2272714da54db5025db5646fd1228b010a5e8,0.3646703339982196
4,tv,1.0,0.01,r4_tv_sigma1_lr0.01,113,ok,,3.9161091305693834,9.422537322482723,48,2.413241672866683,0.024100086555676657,0.058159333195852994,0.058159333195852994,1130bcd06d370ab57f1bc3a67409c755b267648b80a0f46e840060bb010d3ab8,f16642197b525fd13d6256e464b0e7fa2a58d7c9a10bd02c003ee0dc3c54951c,494a09d0cb32c8fd575150abd91ad12074451b075c550159cd5a0edda3ce9c1b,db95c591d5ad7a1f08531cf0e04985b931fc730f28e8ed47b8c7c5d8ecd8db0c,0.3644437499970081
4,tv,1.0,0.01,r4_tv_sigma1_lr0.01,114,ok,,2.110225770467699,7.854777607133255,48,2.935799354141652,0.014273461522281898,0.04190401911848091,0.04190401911848091,c8a7a565f4c34afcedf377bd8a33aee023bbafec99430b278d5183f906311b3e,b866245d1a511ec78b1c46ad9c5b7c24ae305d3a4597eadd1513f9251448aada,9fc9306ab4737b5804dc59a07264243c6abc622ca16efa0cd4d6bddf38b05e36,52ceac77e1e0c99a5de90b23d52d3e2f15eb08da92d5b6842d3e92834a138f22,0.3612767500017071
4,tv,1.0,0.01,r4_tv_sigma1_lr0.01,115,ok,,2.700773223301782,8.206854449303082,48,2.4372325038674476,0.01688496474077304,0.04115258489286784,0.04115258489286784,21e3187a25ce542a7fda12331f6df5573b7aa9cfb19c4d6a1242f48e9ab77257,511a9fee1d8f467003479f0b9dcb30337ee1a68e067dcc991d5efeaa1c30f3ca,fae9b80b4b9bbecd172da441f7a298732dc4ec9c5fd56650a16ee48bf4f2164a,c3a0cabd7487508470d585545f7b6a856897b0410105302f1b4d5c12944c190d,0.3581730410005548
4,tv,1.0,0.01,r4_tv_sigma1_lr0.01,116,ok,,2.7546863683613454,8.554700341281722,48,2.2903317421152503,0.022111324853831896,0.05064226917295304,0.05064226917295304,b240340bda42b13e461b839e854e8931eb9b197c11fad589d1f07877b5a6c105,cef618fe0fa48343569619b7334137da0e397721eb3a078c08871e9e4193d1f5,67eaeaae05cc33550f061649f99bb92951375c55491458d36e2f1c224114a8b1,0d285e8573294ff0f8d626c9d7c79b1ffa6d14fb3071ba7be902aa48627a1c7e,0.36466687500069384
4,tv,1.0,0.01,r4_tv_sigma1_lr0.01,117,ok,,1.072604827363579,6.6850514390005,48,3.2918843223044028,0.011941152177157346,0.039308891642235354,0.039308891642235354,2ff937c83d36f7b3a5406c91e8755c50ce932575e34db68925452587b0ab77d6,e0b9f294b820a1aa278f5cd75720af9014c99374da05d571d878890a160e022a,6d2e8203ab09f7481803ba6cac1d0fef11989f0d29cc5ddaeca62054fed6f238,32821079a74fe63f445d951a557ad18447fced01821fc77b6b8d137d2fe48881,0.36299187500117114
4,tv,1.0,0.01,r4_tv_sigma1_lr0.01,118,ok,,2.6734778454912327,8.4914292458579,48,2.5713512118278192,0.016103525719341743,0.041407820373129844,0.041407820373129844,f9372f8f74b3a18b86f9a9dd960278381003e836073cde71119d3b892dde9434,bf34f477abb16f7800703a8aa5ac322b03f582a20f996d74e68f001cf9732cdb,3672d037714419789c221c8c7564a09d4bd2e60bbf08a0fa3cd13f9a40a45c57,ffdd2708cda2855a18fd4a81398631fadb59f1610b8dd3d36eefe8f678572c16,0.3615896659975988
4,tv,1.0,0.01,r4_tv_sigma1_lr0.01,119,ok,,5.008492663917461,10.583607130074187,48,2.848846086041792,0.013671010167378095,0.03894660380757263,0.03894660380757263,9cc5a5818d004f0f1492c246ba3ab8685b2df3f7dfd15cdf113ebebec42d8dee,152370bb377ea714cfc078c2235d0ba001bfe1626af828d19a441d0c68fa2f0a,a56289775eec0ce432a321db146cf9b88569ccab3daaa3aefaeb57ea0050cb73,01bf4e2b10f88360652600d185a9d719f05502f25f089d70da96eafa7fe4dfe3,0.3580180420030956
4,tv,1.0,0.01,r4_tv_sigma1_lr0.01,120,ok,,4.546549786867342,10.536865968112254,48,3.027697614120272,0.015406755694524585,0.046646997457646,0.046646997457646,69e5aaf107b63f46b6b057dfe99d3189e4f485b9649136f1718f398f646e43c6,c8a464e3dc5900b1823e47278ccc6047977a95a0a6e7739b20457a50c75e991c,be8ede604a893ee87034e6fb596cea91ea3be8f191d448807bebae1ef6fbfe79,dff4b17a330f664ec4d31f507c7603e7842ac94d65226c760d6e78cfa953aeb7,0.3622415410063695
4,tv,1.0,0.02,r4_tv_sigma1_lr0.02,111,ok,,2.137055716490365,8.003015281791654,48,1.984869656535215,0.024425272765766205,0.04848098276536531,0.04848098276536531,6f4599f803588363f7f3f06a30082972087391773f80fd6d7eb3eadc6484859e,d59d43420c9129a49d4e4aa149c529c6e0cbc3f6e3f83610204fc311412d67e5,46ec6552ea8abd2c67a85ebf993bb74a1984e0f557904f8a35ae4eb6d2b596da,ff013eda1d426d67006a334f6583897c614d689f5823b14c442be63e78bb3962,0.3649115410007653
4,tv,1.0,0.02,r4_tv_sigma1_lr0.02,112,ok,,1.8227402828693071,7.455010753516184,48,5.041558977540251,0.010455947791867131,0.0527142774587799,0.05271427745877989,23158049f8a287709543a55b89f8943218b08cba397a67e034633640e70c99f6,889fcea4602e0d08ee4021f00203d655dcb8d5e70709f4efb56844c28ea0e74c,b0126d22db14df8032614d0be237f7ba7f8faae015df79310d48a47a7e019709,3dd0b47c3c1ce23069083c16d0c2272714da54db5025db5646fd1228b010a5e8,0.36347141599981114
4,tv,1.0,0.02,r4_tv_sigma1_lr0.02,113,ok,,2.2342209322808575,7.773072701975712,48,2.413241672866683,0.024100086555676657,0.058159333195852994,0.058159333195852994,1130bcd06d370ab57f1bc3a67409c755b267648b80a0f46e840060bb010d3ab8,f16642197b525fd13d6256e464b0e7fa2a58d7c9a10bd02c003ee0dc3c54951c,494a09d0cb32c8fd575150abd91ad12074451b075c550159cd5a0edda3ce9c1b,db95c591d5ad7a1f08531cf0e04985b931fc730f28e8ed47b8c7c5d8ecd8db0c,0.36141308399965055
4,tv,1.0,0.02,r4_tv_sigma1_lr0.02,114,ok,,2.3454740935175646,8.12380764103479,48,2.935799354141652,0.014273461522281898,0.04190401911848091,0.04190401911848091,c8a7a565f4c34afcedf377bd8a33aee023bbafec99430b278d5183f906311b3e,b866245d1a511ec78b1c46ad9c5b7c24ae305d3a4597eadd1513f9251448aada,9fc9306ab4737b5804dc59a07264243c6abc622ca16efa0cd4d6bddf38b05e36,52ceac77e1e0c99a5de90b23d52d3e2f15eb08da92d5b6842d3e92834a138f22,0.36607483300031163
4,tv,1.0,0.02,r4_tv_sigma1_lr0.02,115,ok,,2.4018265007281556,7.911602004668819,48,2.4372325038674476,0.01688496474077304,0.04115258489286784,0.04115258489286784,21e3187a25ce542a7fda12331f6df5573b7aa9cfb19c4d6a1242f48e9ab77257,511a9fee1d8f467003479f0b9dcb30337ee1a68e067dcc991d5efeaa1c30f3ca,fae9b80b4b9bbecd172da441f7a298732dc4ec9c5fd56650a16ee48bf4f2164a,c3a0cabd7487508470d585545f7b6a856897b0410105302f1b4d5c12944c190d,0.3637882080001873
4,tv,1.0,0.02,r4_tv_sigma1_lr0.02,116,ok,,3.0718819155820998,8.868786949101532,48,2.2903317421152503,0.022111324853831896,0.05064226917295304,0.05064226917295304,b240340bda42b13e461b839e854e8931eb9b197c11fad589d1f07877b5a6c105,cef618fe0fa48343569619b7334137da0e397721eb3a078c08871e9e4193d1f5,67eaeaae05cc33550f061649f99bb92951375c55491458d36e2f1c224114a8b1,0d285e8573294ff0f8d626c9d7c79b1ffa6d14fb3071ba7be902aa48627a1c7e,0.35954841599595966
4,tv,1.0,0.02,r4_tv_sigma1_lr0.02,117,ok,,0.9071473484562628,6.538311329290919,48,3.2918843223044028,0.011941152177157346,0.039308891642235354,0.039308891642235354,2ff937c83d36f7b3a5406c91e8755c50ce932575e34db68925452587b0ab77d6,e0b9f294b820a1aa278f5cd75720af9014c99374da05d571d878890a160e022a,6d2e8203ab09f7481803ba6cac1d0fef11989f0d29cc5ddaeca62054fed6f238,32821079a74fe63f445d951a557ad18447fced01821fc77b6b8d137d2fe48881,0.36123420800140593
4,tv,1.0,0.02,r4_tv_sigma1_lr0.02,118,ok,,1.566396172039414,7.337043140149154,48,2.5713512118278192,0.016103525719341743,0.041407820373129844,0.041407820373129844,f9372f8f74b3a18b86f9a9dd960278381003e836073cde71119d3b892dde9434,bf34f477abb16f7800703a8aa5ac322b03f582a20f996d74e68f001cf9732cdb,3672d037714419789c221c8c7564a09d4bd2e60bbf08a0fa3cd13f9a40a45c57,ffdd2708cda2855a18fd4a81398631fadb59f1610b8dd3d36eefe8f678572c16,0.36898329199902946
4,tv,1.0,0.02,r4_tv_sigma1_lr0.02,119,ok,,3.597725307609888,9.269681436652963,48,2.848846086041792,0.013671010167378095,0.03894660380757263,0.03894660380757263,9cc5a5818d004f0f1492c246ba3ab8685b2df3f7dfd15cdf113ebebec42d8dee,152370bb377ea714cfc078c2235d0ba001bfe1626af828d19a441d0c68fa2f0a,a56289775eec0ce432a321db146cf9b88569ccab3daaa3aefaeb57ea0050cb73,01bf4e2b10f88360652600d185a9d719f05502f25f089d70da96eafa7fe4dfe3,0.3612152080022497
4,tv,1.0,0.02,r4_tv_sigma1_lr0.02,120,ok,,3.8939630949661668,9.849192249580483,48,3.027697614120272,0.015406755694524585,0.046646997457646,0.046646997457646,69e5aaf107b63f46b6b057dfe99d3189e4f485b9649136f1718f398f646e43c6,c8a464e3dc5900b1823e47278ccc6047977a95a0a6e7739b20457a50c75e991c,be8ede604a893ee87034e6fb596cea91ea3be8f191d448807bebae1ef6fbfe79,dff4b17a330f664ec4d31f507c7603e7842ac94d65226c760d6e78cfa953aeb7,0.3622922079957789
4,tv,1.0,0.05,r4_tv_sigma1_lr0.05,111,ok,,5.35441403217562,11.199592655227539,48,1.984869656535215,0.024425272765766205,0.04848098276536531,0.04848098276536531,6f4599f803588363f7f3f06a30082972087391773f80fd6d7eb3eadc6484859e,d59d43420c9129a49d4e4aa149c529c6e0cbc3f6e3f83610204fc311412d67e5,46ec6552ea8abd2c67a85ebf993bb74a1984e0f557904f8a35ae4eb6d2b596da,ff013eda1d426d67006a334f6583897c614d689f5823b14c442be63e78bb3962,0.36324291700293543
4,tv,1.0,0.05,r4_tv_sigma1_lr0.05,112,ok,,3.049791431523392,8.685310193457015,48,5.041558977540251,0.010455947791867131,0.0527142774587799,0.05271427745877989,23158049f8a287709543a55b89f8943218b08cba397a67e034633640e70c99f6,889fcea4602e0d08ee4021f00203d655dcb8d5e70709f4efb56844c28ea0e74c,b0126d22db14df8032614d0be237f7ba7f8faae015df79310d48a47a7e019709,3dd0b47c3c1ce23069083c16d0c2272714da54db5025db5646fd1228b010a5e8,0.3651332499939599
4,tv,1.0,0.05,r4_tv_sigma1_lr0.05,113,ok,,2.009215494080811,7.559569420260263,48,2.413241672866683,0.024100086555676657,0.058159333195852994,0.058159333195852994,1130bcd06d370ab57f1bc3a67409c755b267648b80a0f46e840060bb010d3ab8,f16642197b525fd13d6256e464b0e7fa2a58d7c9a10bd02c003ee0dc3c54951c,494a09d0cb32c8fd575150abd91ad12074451b075c550159cd5a0edda3ce9c1b,db95c591d5ad7a1f08531cf0e04985b931fc730f28e8ed47b8c7c5d8ecd8db0c,0.360747792001348
4,tv,1.0,0.05,r4_tv_sigma1_lr0.05,114,ok,,1.578103668565737,7.311626537525979,48,2.935799354141652,0.014273461522281898,0.04190401911848091,0.04190401911848091,c8a7a565f4c34afcedf377bd8a33aee023bbafec99430b278d5183f906311b3e,b866245d1a511ec78b1c46ad9c5b7c24ae305d3a4597eadd1513f9251448aada,9fc9306ab4737b5804dc59a07264243c6abc622ca16efa0cd4d6bddf38b05e36,52ceac77e1e0c99a5de90b23d52d3e2f15eb08da92d5b6842d3e92834a138f22,0.36473758299689507
4,tv,1.0,0.05,r4_tv_sigma1_lr0.05,115,ok,,2.6269731052047502,8.109567949179626,48,2.4372325038674476,0.01688496474077304,0.04115258489286784,0.04115258489286784,21e3187a25ce542a7fda12331f6df5573b7aa9cfb19c4d6a1242f48e9ab77257,511a9fee1d8f467003479f0b9dcb30337ee1a68e067dcc991d5efeaa1c30f3ca,fae9b80b4b9bbecd172da441f7a298732dc4ec9c5fd56650a16ee48bf4f2164a,c3a0cabd7487508470d585545f7b6a856897b0410105302f1b4d5c12944c190d,0.3620221670062165
4,tv,1.0,0.05,r4_tv_sigma1_lr0.05,116,ok,,1.9860597776650823,7.734290875857821,48,2.2903317421152503,0.022111324853831896,0.05064226917295304,0.05064226917295304,b240340bda42b13e461b839e854e8931eb9b197c11fad589d1f07877b5a6c105,cef618fe0fa48343569619b7334137da0e397721eb3a078c08871e9e4193d1f5,67eaeaae05cc33550f061649f99bb92951375c55491458d36e2f1c224114a8b1,0d285e8573294ff0f8d626c9d7c79b1ffa6d14fb3071ba7be902aa48627a1c7e,0.36542445899976883
4,tv,1.0,0.05,r4_tv_sigma1_lr0.05,117,ok,,0.8205772006824392,6.431275298692444,48,3.2918843223044028,0.011941152177157346,0.039308891642235354,0.039308891642235354,2ff937c83d36f7b3a5406c91e8755c50ce932575e34db68925452587b0ab77d6,e0b9f294b820a1aa278f5cd75720af9014c99374da05d571d878890a160e022a,6d2e8203ab09f7481803ba6cac1d0fef11989f0d29cc5ddaeca62054fed6f238,32821079a74fe63f445d951a557ad18447fced01821fc77b6b8d137d2fe48881,0.36257216700323625
4,tv,1.0,0.05,r4_tv_sigma1_lr0.05,118,ok,,1.6246553656842742,7.4138967534538125,48,2.5713512118278192,0.016103525719341743,0.041407820373129844,0.041407820373129844,f9372f8f74b3a18b86f9a9dd960278381003e836073cde71119d3b892dde9434,bf34f477abb16f7800703a8aa5ac322b03f582a20f996d74e68f001cf9732cdb,3672d037714419789c221c8c7564a09d4bd2e60bbf08a0fa3cd13f9a40a45c57,ffdd2708cda2855a18fd4a81398631fadb59f1610b8dd3d36eefe8f678572c16,0.364019125001505
4,tv,1.0,0.05,r4_tv_sigma1_lr0.05,119,ok,,2.074045528438131,7.685949127799265,48,2.848846086041792,0.013671010167378095,0.03894660380757263,0.03894660380757263,9cc5a5818d004f0f1492c246ba3ab8685b2df3f7dfd15cdf113ebebec42d8dee,152370bb377ea714cfc078c2235d0ba001bfe1626af828d19a441d0c68fa2f0a,a56289775eec0ce432a321db146cf9b88569ccab3daaa3aefaeb57ea0050cb73,01bf4e2b10f88360652600d185a9d719f05502f25f089d70da96eafa7fe4dfe3,0.3607138750012382
4,tv,1.0,0.05,r4_tv_sigma1_lr0.05,120,ok,,3.209470826496957,9.209767651720231,48,3.027697614120272,0.015406755694524585,0.046646997457646,0.046646997457646,69e5aaf107b63f46b6b057dfe99d3189e4f485b9649136f1718f398f646e43c6,c8a464e3dc5900b1823e47278ccc6047977a95a0a6e7739b20457a50c75e991c,be8ede604a893ee87034e6fb596cea91ea3be8f191d448807bebae1ef6fbfe79,dff4b17a330f664ec4d31f507c7603e7842ac94d65226c760d6e78cfa953aeb7,0.3634776250037248
4,tv,1.0,0.1,r4_tv_sigma1_lr0.1,111,ok,,1.3010127483449008,7.0984073765308,48,1.984869656535215,0.024425272765766205,0.04848098276536531,0.04848098276536531,6f4599f803588363f7f3f06a30082972087391773f80fd6d7eb3eadc6484859e,d59d43420c9129a49d4e4aa149c529c6e0cbc3f6e3f83610204fc311412d67e5,46ec6552ea8abd2c67a85ebf993bb74a1984e0f557904f8a35ae4eb6d2b596da,ff013eda1d426d67006a334f6583897c614d689f5823b14c442be63e78bb3962,0.36394087500229944
4,tv,1.0,0.1,r4_tv_sigma1_lr0.1,112,ok,,1.6734025720569528,7.3236295751342055,48,5.041558977540251,0.010455947791867131,0.0527142774587799,0.05271427745877989,23158049f8a287709543a55b89f8943218b08cba397a67e034633640e70c99f6,889fcea4602e0d08ee4021f00203d655dcb8d5e70709f4efb56844c28ea0e74c,b0126d22db14df8032614d0be237f7ba7f8faae015df79310d48a47a7e019709,3dd0b47c3c1ce23069083c16d0c2272714da54db5025db5646fd1228b010a5e8,0.3594316670059925
4,tv,1.0,0.1,r4_tv_sigma1_lr0.1,113,ok,,3.577281699500733,9.108167466743,48,2.413241672866683,0.024100086555676657,0.058159333195852994,0.058159333195852994,1130bcd06d370ab57f1bc3a67409c755b267648b80a0f46e840060bb010d3ab8,f16642197b525fd13d6256e464b0e7fa2a58d7c9a10bd02c003ee0dc3c54951c,494a09d0cb32c8fd575150abd91ad12074451b075c550159cd5a0edda3ce9c1b,db95c591d5ad7a1f08531cf0e04985b931fc730f28e8ed47b8c7c5d8ecd8db0c,0.3617342910001753
4,tv,1.0,0.1,r4_tv_sigma1_lr0.1,114,ok,,2.2276462042375016,8.0265229378476,48,2.935799354141652,0.014273461522281898,0.04190401911848091,0.04190401911848091,c8a7a565f4c34afcedf377bd8a33aee023bbafec99430b278d5183f906311b3e,b866245d1a511ec78b1c46ad9c5b7c24ae305d3a4597eadd1513f9251448aada,9fc9306ab4737b5804dc59a07264243c6abc622ca16efa0cd4d6bddf38b05e36,52ceac77e1e0c99a5de90b23d52d3e2f15eb08da92d5b6842d3e92834a138f22,0.3667825000011362
4,tv,1.0,0.1,r4_tv_sigma1_lr0.1,115,ok,,2.427491069421765,7.9411835324707685,48,2.4372325038674476,0.01688496474077304,0.04115258489286784,0.04115258489286784,21e3187a25ce542a7fda12331f6df5573b7aa9cfb19c4d6a1242f48e9ab77257,511a9fee1d8f467003479f0b9dcb30337ee1a68e067dcc991d5efeaa1c30f3ca,fae9b80b4b9bbecd172da441f7a298732dc4ec9c5fd56650a16ee48bf4f2164a,c3a0cabd7487508470d585545f7b6a856897b0410105302f1b4d5c12944c190d,0.3622231249973993
4,tv,1.0,0.1,r4_tv_sigma1_lr0.1,116,ok,,2.084061586645215,7.858869889663993,48,2.2903317421152503,0.022111324853831896,0.05064226917295304,0.05064226917295304,b240340bda42b13e461b839e854e8931eb9b197c11fad589d1f07877b5a6c105,cef618fe0fa48343569619b7334137da0e397721eb3a078c08871e9e4193d1f5,67eaeaae05cc33550f061649f99bb92951375c55491458d36e2f1c224114a8b1,0d285e8573294ff0f8d626c9d7c79b1ffa6d14fb3071ba7be902aa48627a1c7e,0.3622615409985883
4,tv,1.0,0.1,r4_tv_sigma1_lr0.1,117,ok,,1.143082279815705,6.732127993342247,48,3.2918843223044028,0.011941152177157346,0.039308891642235354,0.039308891642235354,2ff937c83d36f7b3a5406c91e8755c50ce932575e34db68925452587b0ab77d6,e0b9f294b820a1aa278f5cd75720af9014c99374da05d571d878890a160e022a,6d2e8203ab09f7481803ba6cac1d0fef11989f0d29cc5ddaeca62054fed6f238,32821079a74fe63f445d951a557ad18447fced01821fc77b6b8d137d2fe48881,0.3664405829986208
4,tv,1.0,0.1,r4_tv_sigma1_lr0.1,118,ok,,2.5340602721061845,8.329427982339967,48,2.5713512118278192,0.016103525719341743,0.041407820373129844,0.041407820373129844,f9372f8f74b3a18b86f9a9dd960278381003e836073cde71119d3b892dde9434,bf34f477abb16f7800703a8aa5ac322b03f582a20f996d74e68f001cf9732cdb,3672d037714419789c221c8c7564a09d4bd2e60bbf08a0fa3cd13f9a40a45c57,ffdd2708cda2855a18fd4a81398631fadb59f1610b8dd3d36eefe8f678572c16,0.3657649160013534
4,tv,1.0,0.1,r4_tv_sigma1_lr0.1,119,ok,,2.9060258593695045,8.435625778728825,48,2.848846086041792,0.013671010167378095,0.03894660380757263,0.03894660380757263,9cc5a5818d004f0f1492c246ba3ab8685b2df3f7dfd15cdf113ebebec42d8dee,152370bb377ea714cfc078c2235d0ba001bfe1626af828d19a441d0c68fa2f0a,a56289775eec0ce432a321db146cf9b88569ccab3daaa3aefaeb57ea0050cb73,01bf4e2b10f88360652600d185a9d719f05502f25f089d70da96eafa7fe4dfe3,0.35978320900176186
4,tv,1.0,0.1,r4_tv_sigma1_lr0.1,120,ok,,1.6382193877490927,7.49177670308122,48,3.027697614120272,0.015406755694524585,0.046646997457646,0.046646997457646,69e5aaf107b63f46b6b057dfe99d3189e4f485b9649136f1718f398f646e43c6,c8a464e3dc5900b1823e47278ccc6047977a95a0a6e7739b20457a50c75e991c,be8ede604a893ee87034e6fb596cea91ea3be8f191d448807bebae1ef6fbfe79,dff4b17a330f664ec4d31f507c7603e7842ac94d65226c760d6e78cfa953aeb7,0.3618960420062649
4,tv,1.0,0.2,r4_tv_sigma1_lr0.2,111,ok,,1.0917325221401808,6.914041651688237,48,1.984869656535215,0.024425272765766205,0.04848098276536531,0.04848098276536531,6f4599f803588363f7f3f06a30082972087391773f80fd6d7eb3eadc6484859e,d59d43420c9129a49d4e4aa149c529c6e0cbc3f6e3f83610204fc311412d67e5,46ec6552ea8abd2c67a85ebf993bb74a1984e0f557904f8a35ae4eb6d2b596da,ff013eda1d426d67006a334f6583897c614d689f5823b14c442be63e78bb3962,0.3653857910030638
4,tv,1.0,0.2,r4_tv_sigma1_lr0.2,112,ok,,1.7499106968580813,7.423257029174401,48,5.041558977540251,0.010455947791867131,0.0527142774587799,0.05271427745877989,23158049f8a287709543a55b89f8943218b08cba397a67e034633640e70c99f6,889fcea4602e0d08ee4021f00203d655dcb8d5e70709f4efb56844c28ea0e74c,b0126d22db14df8032614d0be237f7ba7f8faae015df79310d48a47a7e019709,3dd0b47c3c1ce23069083c16d0c2272714da54db5025db5646fd1228b010a5e8,0.36602529200172285
4,tv,1.0,0.2,r4_tv_sigma1_lr0.2,113,ok,,1.7882679729212272,7.3381448642088785,48,2.413241672866683,0.024100086555676657,0.058159333195852994,0.058159333195852994,1130bcd06d370ab57f1bc3a67409c755b267648b80a0f46e840060bb010d3ab8,f16642197b525fd13d6256e464b0e7fa2a58d7c9a10bd02c003ee0dc3c54951c,494a09d0cb32c8fd575150abd91ad12074451b075c550159cd5a0edda3ce9c1b,db95c591d5ad7a1f08531cf0e04985b931fc730f28e8ed47b8c7c5d8ecd8db0c,0.3623451669991482
4,tv,1.0,0.2,r4_tv_sigma1_lr0.2,114,ok,,1.4714333268685862,7.201484890188576,48,2.935799354141652,0.014273461522281898,0.04190401911848091,0.04190401911848091,c8a7a565f4c34afcedf377bd8a33aee023bbafec99430b278d5183f906311b3e,b866245d1a511ec78b1c46ad9c5b7c24ae305d3a4597eadd1513f9251448aada,9fc9306ab4737b5804dc59a07264243c6abc622ca16efa0cd4d6bddf38b05e36,52ceac77e1e0c99a5de90b23d52d3e2f15eb08da92d5b6842d3e92834a138f22,0.36157899999670917
4,tv,1.0,0.2,r4_tv_sigma1_lr0.2,115,ok,,1.350733029434123,6.8831417826292265,48,2.4372325038674476,0.01688496474077304,0.04115258489286784,0.04115258489286784,21e3187a25ce542a7fda12331f6df5573b7aa9cfb19c4d6a1242f48e9ab77257,511a9fee1d8f467003479f0b9dcb30337ee1a68e067dcc991d5efeaa1c30f3ca,fae9b80b4b9bbecd172da441f7a298732dc4ec9c5fd56650a16ee48bf4f2164a,c3a0cabd7487508470d585545f7b6a856897b0410105302f1b4d5c12944c190d,0.36474420800368534
4,tv,1.0,0.2,r4_tv_sigma1_lr0.2,116,ok,,1.6477201292165797,7.357585625110019,48,2.2903317421152503,0.022111324853831896,0.05064226917295304,0.05064226917295304,b240340bda42b13e461b839e854e8931eb9b197c11fad589d1f07877b5a6c105,cef618fe0fa48343569619b7334137da0e397721eb3a078c08871e9e4193d1f5,67eaeaae05cc33550f061649f99bb92951375c55491458d36e2f1c224114a8b1,0d285e8573294ff0f8d626c9d7c79b1ffa6d14fb3071ba7be902aa48627a1c7e,0.36694299999362556
4,tv,1.0,0.2,r4_tv_sigma1_lr0.2,117,ok,,0.8831064128053915,6.490140458351402,48,3.2918843223044028,0.011941152177157346,0.039308891642235354,0.039308891642235354,2ff937c83d36f7b3a5406c91e8755c50ce932575e34db68925452587b0ab77d6,e0b9f294b820a1aa278f5cd75720af9014c99374da05d571d878890a160e022a,6d2e8203ab09f7481803ba6cac1d0fef11989f0d29cc5ddaeca62054fed6f238,32821079a74fe63f445d951a557ad18447fced01821fc77b6b8d137d2fe48881,0.3614247079967754
4,tv,1.0,0.2,r4_tv_sigma1_lr0.2,118,ok,,1.171842981469338,6.94087461957987,48,2.5713512118278192,0.016103525719341743,0.041407820373129844,0.041407820373129844,f9372f8f74b3a18b86f9a9dd960278381003e836073cde71119d3b892dde9434,bf34f477abb16f7800703a8aa5ac322b03f582a20f996d74e68f001cf9732cdb,3672d037714419789c221c8c7564a09d4bd2e60bbf08a0fa3cd13f9a40a45c57,ffdd2708cda2855a18fd4a81398631fadb59f1610b8dd3d36eefe8f678572c16,0.363491583004361
4,tv,1.0,0.2,r4_tv_sigma1_lr0.2,119,ok,,2.3737856456612607,7.989539756091203,48,2.848846086041792,0.013671010167378095,0.03894660380757263,0.03894660380757263,9cc5a5818d004f0f1492c246ba3ab8685b2df3f7dfd15cdf113ebebec42d8dee,152370bb377ea714cfc078c2235d0ba001bfe1626af828d19a441d0c68fa2f0a,a56289775eec0ce432a321db146cf9b88569ccab3daaa3aefaeb57ea0050cb73,01bf4e2b10f88360652600d185a9d719f05502f25f089d70da96eafa7fe4dfe3,0.3630985419949866
4,tv,1.0,0.2,r4_tv_sigma1_lr0.2,120,ok,,2.4436406376796844,8.335917461700443,48,3.027697614120272,0.015406755694524585,0.046646997457646,0.046646997457646,69e5aaf107b63f46b6b057dfe99d3189e4f485b9649136f1718f398f646e43c6,c8a464e3dc5900b1823e47278ccc6047977a95a0a6e7739b20457a50c75e991c,be8ede604a893ee87034e6fb596cea91ea3be8f191d448807bebae1ef6fbfe79,dff4b17a330f664ec4d31f507c7603e7842ac94d65226c760d6e78cfa953aeb7,0.36812312500114786
5,hellinger,1.0,0.005,r5_hellinger_sigma1_lr0.005,111,ok,,0.8066951991366446,6.632376074195393,60,0.18205744222607556,0.28310214157291247,0.05154085178348877,0.05154085178348878,6f4599f803588363f7f3f06a30082972087391773f80fd6d7eb3eadc6484859e,d1c56984458c037ac512580f74df185ac4c111a702212c7cfaf13c1ca65aebe9,46ec6552ea8abd2c67a85ebf993bb74a1984e0f557904f8a35ae4eb6d2b596da,ff013eda1d426d67006a334f6583897c614d689f5823b14c442be63e78bb3962,0.39087820800341433
5,hellinger,1.0,0.005,r5_hellinger_sigma1_lr0.005,112,ok,,1.068611992532948,6.697494858315157,60,0.17539813173373392,0.3070923803812491,0.053863429788536255,0.053863429788536255,23158049f8a287709543a55b89f8943218b08cba397a67e034633640e70c99f6,7cf215d2f9edfe114fd58221406c9b8614d936ff435dd52843f07d52d239e8f0,b0126d22db14df8032614d0be237f7ba7f8faae015df79310d48a47a7e019709,3dd0b47c3c1ce23069083c16d0c2272714da54db5025db5646fd1228b010a5e8,0.3844992909944267
5,hellinger,1.0,0.005,r5_hellinger_sigma1_lr0.005,113,ok,,1.1478271549986516,6.739356883276663,60,0.20874650796929936,0.29792776532433823,0.06219138063855252,0.06219138063855252,1130bcd06d370ab57f1bc3a67409c755b267648b80a0f46e840060bb010d3ab8,c3ccfdf546077e3988ee6c948ab6a99fff1f54ea8f05150e1add2348f19c7b75,494a09d0cb32c8fd575150abd91ad12074451b075c550159cd5a0edda3ce9c1b,db95c591d5ad7a1f08531cf0e04985b931fc730f28e8ed47b8c7c5d8ecd8db0c,0.38642950000212295
5,hellinger,1.0,0.005,r5_hellinger_sigma1_lr0.005,114,ok,,1.0214167764502116,6.71006394594981,60,0.1675337519670212,0.27934453507452034,0.04679963805251754,0.04679963805251754,c8a7a565f4c34afcedf377bd8a33aee023bbafec99430b278d5183f906311b3e,34475f4f2a54c2f51b87ca6e4090248db2d1c3bf4a93c1e597425a64dfa7c24d,9fc9306ab4737b5804dc59a07264243c6abc622ca16efa0cd4d6bddf38b05e36,52ceac77e1e0c99a5de90b23d52d3e2f15eb08da92d5b6842d3e92834a138f22,0.38373862500156974
5,hellinger,1.0,0.005,r5_hellinger_sigma1_lr0.005,115,ok,,1.2204046011332828,6.769136371411092,60,0.15957885688176976,0.3091630232228306,0.04933588183601135,0.04933588183601135,21e3187a25ce542a7fda12331f6df5573b7aa9cfb19c4d6a1242f48e9ab77257,ffa4fb8ff63f2fd3f92c212f125af732d0fdf126648b3a141a1396d1b2943a85,fae9b80b4b9bbecd172da441f7a298732dc4ec9c5fd56650a16ee48bf4f2164a,c3a0cabd7487508470d585545f7b6a856897b0410105302f1b4d5c12944c190d,0.38290554100240115
5,hellinger,1.0,0.005,r5_hellinger_sigma1_lr0.005,116,ok,,1.3660121146763817,6.978036355903832,60,0.1813549833938441,0.30057002065641986,0.0545098711048324,0.0545098711048324,b240340bda42b13e461b839e854e8931eb9b197c11fad589d1f07877b5a6c105,82a738c98e33ae7527a4b39c2218f7ec9f26aeddfccfd23d7ba036670214902e,67eaeaae05cc33550f061649f99bb92951375c55491458d36e2f1c224114a8b1,0d285e8573294ff0f8d626c9d7c79b1ffa6d14fb3071ba7be902aa48627a1c7e,0.3895537080024951
5,hellinger,1.0,0.005,r5_hellinger_sigma1_lr0.005,117,ok,,1.0607018310437277,6.71479801563479,60,0.14987979035904353,0.28843448186563153,0.04323049967434019,0.04323049967434019,2ff937c83d36f7b3a5406c91e8755c50ce932575e34db68925452587b0ab77d6,cdf25d405b5fe37947efb89cf322d90a325944cb0f0b1c74e63c9bef676409c9,6d2e8203ab09f7481803ba6cac1d0fef11989f0d29cc5ddaeca62054fed6f238,32821079a74fe63f445d951a557ad18447fced01821fc77b6b8d137d2fe48881,0.38543904200196266
5,hellinger,1.0,0.005,r5_hellinger_sigma1_lr0.005,118,ok,,0.9134068109517802,6.6621779257988,60,0.18919298409161786,0.2797801101396388,0.052932433926799784,0.052932433926799784,f9372f8f74b3a18b86f9a9dd960278381003e836073cde71119d3b892dde9434,59bdc0f89b4338bedfcb41a006c7270700c3c9b7dcc404f90ce523a6de72153f,3672d037714419789c221c8c7564a09d4bd2e60bbf08a0fa3cd13f9a40a45c57,ffdd2708cda2855a18fd4a81398631fadb59f1610b8dd3d36eefe8f678572c16,0.38438462499470916
5,hellinger,1.0,0.005,r5_hellinger_sigma1_lr0.005,119,ok,,0.9974015122558078,6.61385915182184,60,0.1388311489141828,0.28931176963624106,0.04016548537299473,0.04016548537299473,9cc5a5818d004f0f1492c246ba3ab8685b2df3f7dfd15cdf113ebebec42d8dee,b4b89830e7b456b55a2d8bf5cd702abc3d8f249d69772640d3613c7c3883f235,a56289775eec0ce432a321db146cf9b88569ccab3daaa3aefaeb57ea0050cb73,01bf4e2b10f88360652600d185a9d719f05502f25f089d70da96eafa7fe4dfe3,0.38407174999883864
5,hellinger,1.0,0.005,r5_hellinger_sigma1_lr0.005,120,ok,,0.9620528249791439,6.7176171040701025,60,0.17556827028811578,0.2796826329462202,0.049103396095993866,0.049103396095993866,69e5aaf107b63f46b6b057dfe99d3189e4f485b9649136f1718f398f646e43c6,edec6b504324ff4ca21bfe1724b68c91d15940a01c61e711c5d594301c2472db,be8ede604a893ee87034e6fb596cea91ea3be8f191d448807bebae1ef6fbfe79,dff4b17a330f664ec4d31f507c7603e7842ac94d65226c760d6e78cfa953aeb7,0.3852560830055154
5,hellinger,1.0,0.01,r5_hellinger_sigma1_lr0.01,111,ok,,0.7826461082762843,6.5918692875001605,60,0.18205744222607556,0.28310214157291247,0.05154085178348877,0.05154085178348878,6f4599f803588363f7f3f06a30082972087391773f80fd6d7eb3eadc6484859e,d1c56984458c037ac512580f74df185ac4c111a702212c7cfaf13c1ca65aebe9,46ec6552ea8abd2c67a85ebf993bb74a1984e0f557904f8a35ae4eb6d2b596da,ff013eda1d426d67006a334f6583897c614d689f5823b14c442be63e78bb3962,0.38606124999932945
5,hellinger,1.0,0.01,r5_hellinger_sigma1_lr0.01,112,ok,,1.0629644243089493,6.729332813194061,60,0.17539813173373392,0.3070923803812491,0.053863429788536255,0.053863429788536255,23158049f8a287709543a55b89f8943218b08cba397a67e034633640e70c99f6,7cf215d2f9edfe114fd58221406c9b8614d936ff435dd52843f07d52d239e8f0,b0126d22db14df8032614d0be237f7ba7f8faae015df79310d48a47a7e019709,3dd0b47c3c1ce23069083c16d0c2272714da54db5025db5646fd1228b010a5e8,0.382199749998108
5,hellinger,1.0,0.01,r5_hellinger_sigma1_lr0.01,113,ok,,0.9873580259737695,6.569806705217034,60,0.20874650796929936,0.29792776532433823,0.06219138063855252,0.06219138063855252,1130bcd06d370ab57f1bc3a67409c755b267648b80a0f46e840060bb010d3ab8,c3ccfdf546077e3988ee6c948ab6a99fff1f54ea8f05150e1add2348f19c7b75,494a09d0cb32c8fd575150abd91ad12074451b075c550159cd5a0edda3ce9c1b,db95c591d5ad7a1f08531cf0e04985b931fc730f28e8ed47b8c7c5d8ecd8db0c,0.3835294160016929
5,hellinger,1.0,0.01,r5_hellinger_sigma1_lr0.01,114,ok,,0.9600144821800167,6.691503358342867,60,0.1675337519670212,0.27934453507452034,0.04679963805251754,0.04679963805251754,c8a7a565f4c34afcedf377bd8a33aee023bbafec99430b278d5183f906311b3e,34475f4f2a54c2f51b87ca6e4090248db2d1c3bf4a93c1e597425a64dfa7c24d,9fc9306ab4737b5804dc59a07264243c6abc622ca16efa0cd4d6bddf38b05e36,52ceac77e1e0c99a5de90b23d52d3e2f15eb08da92d5b6842d3e92834a138f22,0.3880454579993966
5,hellinger,1.0,0.01,r5_hellinger_sigma1_lr0.01,115,ok,,1.3817464209786052,6.9268053528852676,60,0.15957885688176976,0.3091630232228306,0.04933588183601135,0.04933588183601135,21e3187a25ce542a7fda12331f6df5573b7aa9cfb19c4d6a1242f48e9ab77257,ffa4fb8ff63f2fd3f92c212f125af732d0fdf126648b3a141a1396d1b2943a85,fae9b80b4b9bbecd172da441f7a298732dc4ec9c5fd56650a16ee48bf4f2164a,c3a0cabd7487508470d585545f7b6a856897b0410105302f1b4d5c12944c190d,0.38660345900279935
5,hellinger,1.0,0.01,r5_hellinger_sigma1_lr0.01,116,ok,,1.3261896282486048,6.970155770573816,60,0.1813549833938441,0.30057002065641986,0.0545098711048324,0.0545098711048324,b240340bda42b13e461b839e854e8931eb9b197c11fad589d1f07877b5a6c105,82a738c98e33ae7527a4b39c2218f7ec9f26aeddfccfd23d7ba036670214902e,67eaeaae05cc33550f061649f99bb92951375c55491458d36e2f1c224114a8b1,0d285e8573294ff0f8d626c9d7c79b1ffa6d14fb3071ba7be902aa48627a1c7e,0.38335070900211576
5,hellinger,1.0,0.01,r5_hellinger_sigma1_lr0.01,117,ok,,1.0913386713290145,6.725825117563581,60,0.14987979035904353,0.28843448186563153,0.04323049967434019,0.04323049967434019,2ff937c83d36f7b3a5406c91e8755c50ce932575e34db68925452587b0ab77d6,cdf25d405b5fe37947efb89cf322d90a325944cb0f0b1c74e63c9bef676409c9,6d2e8203ab09f7481803ba6cac1d0fef11989f0d29cc5ddaeca62054fed6f238,32821079a74fe63f445d951a557ad18447fced01821fc77b6b8d137d2fe48881,0.38228512500063516
5,hellinger,1.0,0.01,r5_hellinger_sigma1_lr0.01,118,ok,,0.7767501551122113,6.517753474138853,60,0.18919298409161786,0.2797801101396388,0.052932433926799784,0.052932433926799784,f9372f8f74b3a18b86f9a9dd960278381003e836073cde71119d3b892dde9434,59bdc0f89b4338bedfcb41a006c7270700c3c9b7dcc404f90ce523a6de72153f,3672d037714419789c221c8c7564a09d4bd2e60bbf08a0fa3cd13f9a40a45c57,ffdd2708cda2855a18fd4a81398631fadb59f1610b8dd3d36eefe8f678572c16,0.3881035000013071
5,hellinger,1.0,0.01,r5_hellinger_sigma1_lr0.01,119,ok,,0.9921034758649399,6.6095283438901475,60,0.1388311489141828,0.28931176963624106,0.04016548537299473,0.04016548537299473,9cc5a5818d004f0f1492c246ba3ab8685b2df3f7dfd15cdf113ebebec42d8dee,b4b89830e7b456b55a2d8bf5cd702abc3d8f249d69772640d3613c7c3883f235,a56289775eec0ce432a321db146cf9b88569ccab3daaa3aefaeb57ea0050cb73,01bf4e2b10f88360652600d185a9d719f05502f25f089d70da96eafa7fe4dfe3,0.386473250000563
5,hellinger,1.0,0.01,r5_hellinger_sigma1_lr0.01,120,ok,,0.909973942708779,6.649980285761655,60,0.17556827028811578,0.2796826329462202,0.049103396095993866,0.049103396095993866,69e5aaf107b63f46b6b057dfe99d3189e4f485b9649136f1718f398f646e43c6,edec6b504324ff4ca21bfe1724b68c91d15940a01c61e711c5d594301c2472db,be8ede604a893ee87034e6fb596cea91ea3be8f191d448807bebae1ef6fbfe79,dff4b17a330f664ec4d31f507c7603e7842ac94d65226c760d6e78cfa953aeb7,0.3860615419980604
5,hellinger,1.0,0.02,r5_hellinger_sigma1_lr0.02,111,ok,,1.0498522133663017,6.881374087077015,60,0.18205744222607556,0.28310214157291247,0.05154085178348877,0.05154085178348878,6f4599f803588363f7f3f06a30082972087391773f80fd6d7eb3eadc6484859e,d1c56984458c037ac512580f74df185ac4c111a702212c7cfaf13c1ca65aebe9,46ec6552ea8abd2c67a85ebf993bb74a1984e0f557904f8a35ae4eb6d2b596da,ff013eda1d426d67006a334f6583897c614d689f5823b14c442be63e78bb3962,0.38548529100080486
5,hellinger,1.0,0.02,r5_hellinger_sigma1_lr0.02,112,ok,,0.9912938011128174,6.625836274294389,60,0.17539813173373392,0.3070923803812491,0.053863429788536255,0.053863429788536255,23158049f8a287709543a55b89f8943218b08cba397a67e034633640e70c99f6,7cf215d2f9edfe114fd58221406c9b8614d936ff435dd52843f07d52d239e8f0,b0126d22db14df8032614d0be237f7ba7f8faae015df79310d48a47a7e019709,3dd0b47c3c1ce23069083c16d0c2272714da54db5025db5646fd1228b010a5e8,0.38716029100032756
5,hellinger,1.0,0.02,r5_hellinger_sigma1_lr0.02,113,ok,,1.0399210798631713,6.630375024223164,60,0.20874650796929936,0.29792776532433823,0.06219138063855252,0.06219138063855252,1130bcd06d370ab57f1bc3a67409c755b267648b80a0f46e840060bb010d3ab8,c3ccfdf546077e3988ee6c948ab6a99fff1f54ea8f05150e1add2348f19c7b75,494a09d0cb32c8fd575150abd91ad12074451b075c550159cd5a0edda3ce9c1b,db95c591d5ad7a1f08531cf0e04985b931fc730f28e8ed47b8c7c5d8ecd8db0c,0.3864713750008377
5,hellinger,1.0,0.02,r5_hellinger_sigma1_lr0.02,114,ok,,1.0049301001876716,6.721421290069954,60,0.1675337519670212,0.27934453507452034,0.04679963805251754,0.04679963805251754,c8a7a565f4c34afcedf377bd8a33aee023bbafec99430b278d5183f906311b3e,34475f4f2a54c2f51b87ca6e4090248db2d1c3bf4a93c1e597425a64dfa7c24d,9fc9306ab4737b5804dc59a07264243c6abc622ca16efa0cd4d6bddf38b05e36,52ceac77e1e0c99a5de90b23d52d3e2f15eb08da92d5b6842d3e92834a138f22,0.383827375000692
5,hellinger,1.0,0.02,r5_hellinger_sigma1_lr0.02,115,ok,,1.3813397422654312,6.926544885231659,60,0.15957885688176976,0.3091630232228306,0.04933588183601135,0.04933588183601135,21e3187a25ce542a7fda12331f6df5573b7aa9cfb19c4d6a1242f48e9ab77257,ffa4fb8ff63f2fd3f92c212f125af732d0fdf126648b3a141a1396d1b2943a85,fae9b80b4b9bbecd172da441f7a298732dc4ec9c5fd56650a16ee48bf4f2164a,c3a0cabd7487508470d585545f7b6a856897b0410105302f1b4d5c12944c190d,0.3848625000027823
5,hellinger,1.0,0.02,r5_hellinger_sigma1_lr0.02,116,ok,,1.2258079653967529,6.900767880585081,60,0.1813549833938441,0.30057002065641986,0.0545098711048324,0.0545098711048324,b240340bda42b13e461b839e854e8931eb9b197c11fad589d1f07877b5a6c105,82a738c98e33ae7527a4b39c2218f7ec9f26aeddfccfd23d7ba036670214902e,67eaeaae05cc33550f061649f99bb92951375c55491458d36e2f1c224114a8b1,0d285e8573294ff0f8d626c9d7c79b1ffa6d14fb3071ba7be902aa48627a1c7e,0.3899604170001112
5,hellinger,1.0,0.02,r5_hellinger_sigma1_lr0.02,117,ok,,1.0633542390675328,6.678649814708067,60,0.14987979035904353,0.28843448186563153,0.04323049967434019,0.04323049967434019,2ff937c83d36f7b3a5406c91e8755c50ce932575e34db68925452587b0ab77d6,cdf25d405b5fe37947efb89cf322d90a325944cb0f0b1c74e63c9bef676409c9,6d2e8203ab09f7481803ba6cac1d0fef11989f0d29cc5ddaeca62054fed6f238,32821079a74fe63f445d951a557ad18447fced01821fc77b6b8d137d2fe48881,0.3871538750026957
5,hellinger,1.0,0.02,r5_hellinger_sigma1_lr0.02,118,ok,,0.8734580088054423,6.624605294146914,60,0.18919298409161786,0.2797801101396388,0.052932433926799784,0.052932433926799784,f9372f8f74b3a18b86f9a9dd960278381003e836073cde71119d3b892dde9434,59bdc0f89b4338bedfcb41a006c7270700c3c9b7dcc404f90ce523a6de72153f,3672d037714419789c221c8c7564a09d4bd2e60bbf08a0fa3cd13f9a40a45c57,ffdd2708cda2855a18fd4a81398631fadb59f1610b8dd3d36eefe8f678572c16,0.38484299999981886
5,hellinger,1.0,0.02,r5_hellinger_sigma1_lr0.02,119,ok,,0.9716705585379561,6.599419439545456,60,0.1388311489141828,0.28931176963624106,0.04016548537299473,0.04016548537299473,9cc5a5818d004f0f1492c246ba3ab8685b2df3f7dfd15cdf113ebebec42d8dee,b4b89830e7b456b55a2d8bf5cd702abc3d8f249d69772640d3613c7c3883f235,a56289775eec0ce432a321db146cf9b88569ccab3daaa3aefaeb57ea0050cb73,01bf4e2b10f88360652600d185a9d719f05502f25f089d70da96eafa7fe4dfe3,0.3821095410021371
5,hellinger,1.0,0.02,r5_hellinger_sigma1_lr0.02,120,ok,,0.929926464362338,6.688615656340037,60,0.17556827028811578,0.2796826329462202,0.049103396095993866,0.049103396095993866,69e5aaf107b63f46b6b057dfe99d3189e4f485b9649136f1718f398f646e43c6,edec6b504324ff4ca21bfe1724b68c91d15940a01c61e711c5d594301c2472db,be8ede604a893ee87034e6fb596cea91ea3be8f191d448807bebae1ef6fbfe79,dff4b17a330f664ec4d31f507c7603e7842ac94d65226c760d6e78cfa953aeb7,0.39103774999966845
5,hellinger,1.0,0.05,r5_hellinger_sigma1_lr0.05,111,ok,,1.052148356144535,6.906082717486659,60,0.18205744222607556,0.28310214157291247,0.05154085178348877,0.05154085178348878,6f4599f803588363f7f3f06a30082972087391773f80fd6d7eb3eadc6484859e,d1c56984458c037ac512580f74df185ac4c111a702212c7cfaf13c1ca65aebe9,46ec6552ea8abd2c67a85ebf993bb74a1984e0f557904f8a35ae4eb6d2b596da,ff013eda1d426d67006a334f6583897c614d689f5823b14c442be63e78bb3962,0.3871356670060777
5,hellinger,1.0,0.05,r5_hellinger_sigma1_lr0.05,112,ok,,1.0121591232197276,6.639287453552643,60,0.17539813173373392,0.3070923803812491,0.053863429788536255,0.053863429788536255,23158049f8a287709543a55b89f8943218b08cba397a67e034633640e70c99f6,7cf215d2f9edfe114fd58221406c9b8614d936ff435dd52843f07d52d239e8f0,b0126d22db14df8032614d0be237f7ba7f8faae015df79310d48a47a7e019709,3dd0b47c3c1ce23069083c16d0c2272714da54db5025db5646fd1228b010a5e8,0.38326629199582385
5,hellinger,1.0,0.05,r5_hellinger_sigma1_lr0.05,113,ok,,0.9537759139614869,6.553854121350391,60,0.20874650796929936,0.29792776532433823,0.06219138063855252,0.06219138063855252,1130bcd06d370ab57f1bc3a67409c755b267648b80a0f46e840060bb010d3ab8,c3ccfdf546077e3988ee6c948ab6a99fff1f54ea8f05150e1add2348f19c7b75,494a09d0cb32c8fd575150abd91ad12074451b075c550159cd5a0edda3ce9c1b,db95c591d5ad7a1f08531cf0e04985b931fc730f28e8ed47b8c7c5d8ecd8db0c,0.3812150419980753
5,hellinger,1.0,0.05,r5_hellinger_sigma1_lr0.05,114,ok,,0.941651096322732,6.667385722068068,60,0.1675337519670212,0.27934453507452034,0.04679963805251754,0.04679963805251754,c8a7a565f4c34afcedf377bd8a33aee023bbafec99430b278d5183f906311b3e,34475f4f2a54c2f51b87ca6e4090248db2d1c3bf4a93c1e597425a64dfa7c24d,9fc9306ab4737b5804dc59a07264243c6abc622ca16efa0cd4d6bddf38b05e36,52ceac77e1e0c99a5de90b23d52d3e2f15eb08da92d5b6842d3e92834a138f22,0.38845566700183554
5,hellinger,1.0,0.05,r5_hellinger_sigma1_lr0.05,115,ok,,1.2966992826907893,6.83616238706281,60,0.15957885688176976,0.3091630232228306,0.04933588183601135,0.04933588183601135,21e3187a25ce542a7fda12331f6df5573b7aa9cfb19c4d6a1242f48e9ab77257,ffa4fb8ff63f2fd3f92c212f125af732d0fdf126648b3a141a1396d1b2943a85,fae9b80b4b9bbecd172da441f7a298732dc4ec9c5fd56650a16ee48bf4f2164a,c3a0cabd7487508470d585545f7b6a856897b0410105302f1b4d5c12944c190d,0.3851282079995144
5,hellinger,1.0,0.05,r5_hellinger_sigma1_lr0.05,116,ok,,1.3816476459003604,7.035275883535096,60,0.1813549833938441,0.30057002065641986,0.0545098711048324,0.0545098711048324,b240340bda42b13e461b839e854e8931eb9b197c11fad589d1f07877b5a6c105,82a738c98e33ae7527a4b39c2218f7ec9f26aeddfccfd23d7ba036670214902e,67eaeaae05cc33550f061649f99bb92951375c55491458d36e2f1c224114a8b1,0d285e8573294ff0f8d626c9d7c79b1ffa6d14fb3071ba7be902aa48627a1c7e,0.3855745830005617
5,hellinger,1.0,0.05,r5_hellinger_sigma1_lr0.05,117,ok,,1.0808253975687843,6.729382685258703,60,0.14987979035904353,0.28843448186563153,0.04323049967434019,0.04323049967434019,2ff937c83d36f7b3a5406c91e8755c50ce932575e34db68925452587b0ab77d6,cdf25d405b5fe37947efb89cf322d90a325944cb0f0b1c74e63c9bef676409c9,6d2e8203ab09f7481803ba6cac1d0fef11989f0d29cc5ddaeca62054fed6f238,32821079a74fe63f445d951a557ad18447fced01821fc77b6b8d137d2fe48881,0.38512925000395626
5,hellinger,1.0,0.05,r5_hellinger_sigma1_lr0.05,118,ok,,1.0483665357380851,6.794677354995961,60,0.18919298409161786,0.2797801101396388,0.052932433926799784,0.052932433926799784,f9372f8f74b3a18b86f9a9dd960278381003e836073cde71119d3b892dde9434,59bdc0f89b4338bedfcb41a006c7270700c3c9b7dcc404f90ce523a6de72153f,3672d037714419789c221c8c7564a09d4bd2e60bbf08a0fa3cd13f9a40a45c57,ffdd2708cda2855a18fd4a81398631fadb59f1610b8dd3d36eefe8f678572c16,0.3879696670046542
5,hellinger,1.0,0.05,r5_hellinger_sigma1_lr0.05,119,ok,,1.0950112890528336,6.71131310801558,60,0.1388311489141828,0.28931176963624106,0.04016548537299473,0.04016548537299473,9cc5a5818d004f0f1492c246ba3ab8685b2df3f7dfd15cdf113ebebec42d8dee,b4b89830e7b456b55a2d8bf5cd702abc3d8f249d69772640d3613c7c3883f235,a56289775eec0ce432a321db146cf9b88569ccab3daaa3aefaeb57ea0050cb73,01bf4e2b10f88360652600d185a9d719f05502f25f089d70da96eafa7fe4dfe3,0.38835587500216207
5,hellinger,1.0,0.05,r5_hellinger_sigma1_lr0.05,120,ok,,1.0899603879622348,6.860234954997921,60,0.17556827028811578,0.2796826329462202,0.049103396095993866,0.049103396095993866,69e5aaf107b63f46b6b057dfe99d3189e4f485b9649136f1718f398f646e43c6,edec6b504324ff4ca21bfe1724b68c91d15940a01c61e711c5d594301c2472db,be8ede604a893ee87034e6fb596cea91ea3be8f191d448807bebae1ef6fbfe79,dff4b17a330f664ec4d31f507c7603e7842ac94d65226c760d6e78cfa953aeb7,0.38498695899761515
5,hellinger,1.0,0.1,r5_hellinger_sigma1_lr0.1,111,ok,,0.8800126544805035,6.714737842223461,60,0.18205744222607556,0.28310214157291247,0.05154085178348877,0.05154085178348878,6f4599f803588363f7f3f06a30082972087391773f80fd6d7eb3eadc6484859e,d1c56984458c037ac512580f74df185ac4c111a702212c7cfaf13c1ca65aebe9,46ec6552ea8abd2c67a85ebf993bb74a1984e0f557904f8a35ae4eb6d2b596da,ff013eda1d426d67006a334f6583897c614d689f5823b14c442be63e78bb3962,0.3855239580007037
5,hellinger,1.0,0.1,r5_hellinger_sigma1_lr0.1,112,ok,,1.0692091390928946,6.730231045808568,60,0.17539813173373392,0.3070923803812491,0.053863429788536255,0.053863429788536255,23158049f8a287709543a55b89f8943218b08cba397a67e034633640e70c99f6,7cf215d2f9edfe114fd58221406c9b8614d936ff435dd52843f07d52d239e8f0,b0126d22db14df8032614d0be237f7ba7f8faae015df79310d48a47a7e019709,3dd0b47c3c1ce23069083c16d0c2272714da54db5025db5646fd1228b010a5e8,0.38955816599627724
5,hellinger,1.0,0.1,r5_hellinger_sigma1_lr0.1,113,ok,,1.1722004917133928,6.714103748873185,60,0.20874650796929936,0.29792776532433823,0.06219138063855252,0.06219138063855252,1130bcd06d370ab57f1bc3a67409c755b267648b80a0f46e840060bb010d3ab8,c3ccfdf546077e3988ee6c948ab6a99fff1f54ea8f05150e1add2348f19c7b75,494a09d0cb32c8fd575150abd91ad12074451b075c550159cd5a0edda3ce9c1b,db95c591d5ad7a1f08531cf0e04985b931fc730f28e8ed47b8c7c5d8ecd8db0c,0.3885609580029268
5,hellinger,1.0,0.1,r5_hellinger_sigma1_lr0.1,114,ok,,0.9601982821548561,6.695284330133409,60,0.1675337519670212,0.27934453507452034,0.04679963805251754,0.04679963805251754,c8a7a565f4c34afcedf377bd8a33aee023bbafec99430b278d5183f906311b3e,34475f4f2a54c2f51b87ca6e4090248db2d1c3bf4a93c1e597425a64dfa7c24d,9fc9306ab4737b5804dc59a07264243c6abc622ca16efa0cd4d6bddf38b05e36,52ceac77e1e0c99a5de90b23d52d3e2f15eb08da92d5b6842d3e92834a138f22,0.3824779170026886
5,hellinger,1.0,0.1,r5_hellinger_sigma1_lr0.1,115,ok,,1.1096885249967812,6.656537980317329,60,0.15957885688176976,0.3091630232228306,0.04933588183601135,0.04933588183601135,21e3187a25ce542a7fda12331f6df5573b7aa9cfb19c4d6a1242f48e9ab77257,ffa4fb8ff63f2fd3f92c212f125af732d0fdf126648b3a141a1396d1b2943a85,fae9b80b4b9bbecd172da441f7a298732dc4ec9c5fd56650a16ee48bf4f2164a,c3a0cabd7487508470d585545f7b6a856897b0410105302f1b4d5c12944c190d,0.38258579099783674
5,hellinger,1.0,0.1,r5_hellinger_sigma1_lr0.1,116,ok,,1.2629471624318445,6.946503536282989,60,0.1813549833938441,0.30057002065641986,0.0545098711048324,0.0545098711048324,b240340bda42b13e461b839e854e8931eb9b197c11fad589d1f07877b5a6c105,82a738c98e33ae7527a4b39c2218f7ec9f26aeddfccfd23d7ba036670214902e,67eaeaae05cc33550f061649f99bb92951375c55491458d36e2f1c224114a8b1,0d285e8573294ff0f8d626c9d7c79b1ffa6d14fb3071ba7be902aa48627a1c7e,0.38779179099947214
5,hellinger,1.0,0.1,r5_hellinger_sigma1_lr0.1,117,ok,,1.0391172758983889,6.668431679036836,60,0.14987979035904353,0.28843448186563153,0.04323049967434019,0.04323049967434019,2ff937c83d36f7b3a5406c91e8755c50ce932575e34db68925452587b0ab77d6,cdf25d405b5fe37947efb89cf322d90a325944cb0f0b1c74e63c9bef676409c9,6d2e8203ab09f7481803ba6cac1d0fef11989f0d29cc5ddaeca62054fed6f238,32821079a74fe63f445d951a557ad18447fced01821fc77b6b8d137d2fe48881,0.38583104200370144
5,hellinger,1.0,0.1,r5_hellinger_sigma1_lr0.1,118,ok,,0.8558404376163113,6.613916254471266,60,0.18919298409161786,0.2797801101396388,0.052932433926799784,0.052932433926799784,f9372f8f74b3a18b86f9a9dd960278381003e836073cde71119d3b892dde9434,59bdc0f89b4338bedfcb41a006c7270700c3c9b7dcc404f90ce523a6de72153f,3672d037714419789c221c8c7564a09d4bd2e60bbf08a0fa3cd13f9a40a45c57,ffdd2708cda2855a18fd4a81398631fadb59f1610b8dd3d36eefe8f678572c16,0.38576150000153575
5,hellinger,1.0,0.1,r5_hellinger_sigma1_lr0.1,119,ok,,1.1087872056545707,6.7139776924740335,60,0.1388311489141828,0.28931176963624106,0.04016548537299473,0.04016548537299473,9cc5a5818d004f0f1492c246ba3ab8685b2df3f7dfd15cdf113ebebec42d8dee,b4b89830e7b456b55a2d8bf5cd702abc3d8f249d69772640d3613c7c3883f235,a56289775eec0ce432a321db146cf9b88569ccab3daaa3aefaeb57ea0050cb73,01bf4e2b10f88360652600d185a9d719f05502f25f089d70da96eafa7fe4dfe3,0.3829285419997177
5,hellinger,1.0,0.1,r5_hellinger_sigma1_lr0.1,120,ok,,0.8891630857547247,6.673290384563271,60,0.17556827028811578,0.2796826329462202,0.049103396095993866,0.049103396095993866,69e5aaf107b63f46b6b057dfe99d3189e4f485b9649136f1718f398f646e43c6,edec6b504324ff4ca21bfe1724b68c91d15940a01c61e711c5d594301c2472db,be8ede604a893ee87034e6fb596cea91ea3be8f191d448807bebae1ef6fbfe79,dff4b17a330f664ec4d31f507c7603e7842ac94d65226c760d6e78cfa953aeb7,0.38730724999913946
5,hellinger,1.0,0.2,r5_hellinger_sigma1_lr0.2,111,ok,,0.8086327806895626,6.603993416941701,60,0.18205744222607556,0.28310214157291247,0.05154085178348877,0.05154085178348878,6f4599f803588363f7f3f06a30082972087391773f80fd6d7eb3eadc6484859e,d1c56984458c037ac512580f74df185ac4c111a702212c7cfaf13c1ca65aebe9,46ec6552ea8abd2c67a85ebf993bb74a1984e0f557904f8a35ae4eb6d2b596da,ff013eda1d426d67006a334f6583897c614d689f5823b14c442be63e78bb3962,0.38876333399821306
5,hellinger,1.0,0.2,r5_hellinger_sigma1_lr0.2,112,ok,,1.162553357647695,6.734835065429686,60,0.17539813173373392,0.3070923803812491,0.053863429788536255,0.053863429788536255,23158049f8a287709543a55b89f8943218b08cba397a67e034633640e70c99f6,7cf215d2f9edfe114fd58221406c9b8614d936ff435dd52843f07d52d239e8f0,b0126d22db14df8032614d0be237f7ba7f8faae015df79310d48a47a7e019709,3dd0b47c3c1ce23069083c16d0c2272714da54db5025db5646fd1228b010a5e8,0.38276154199411394
5,hellinger,1.0,0.2,r5_hellinger_sigma1_lr0.2,113,ok,,1.1872993200953164,6.798011150868512,60,0.20874650796929936,0.29792776532433823,0.06219138063855252,0.06219138063855252,1130bcd06d370ab57f1bc3a67409c755b267648b80a0f46e840060bb010d3ab8,c3ccfdf546077e3988ee6c948ab6a99fff1f54ea8f05150e1add2348f19c7b75,494a09d0cb32c8fd575150abd91ad12074451b075c550159cd5a0edda3ce9c1b,db95c591d5ad7a1f08531cf0e04985b931fc730f28e8ed47b8c7c5d8ecd8db0c,0.3837669589993311
5,hellinger,1.0,0.2,r5_hellinger_sigma1_lr0.2,114,ok,,1.0050934307536608,6.738161605863964,60,0.1675337519670212,0.27934453507452034,0.04679963805251754,0.04679963805251754,c8a7a565f4c34afcedf377bd8a33aee023bbafec99430b278d5183f906311b3e,34475f4f2a54c2f51b87ca6e4090248db2d1c3bf4a93c1e597425a64dfa7c24d,9fc9306ab4737b5804dc59a07264243c6abc622ca16efa0cd4d6bddf38b05e36,52ceac77e1e0c99a5de90b23d52d3e2f15eb08da92d5b6842d3e92834a138f22,0.38749204100167844
5,hellinger,1.0,0.2,r5_hellinger_sigma1_lr0.2,115,ok,,1.1037109616272622,6.641091268906675,60,0.15957885688176976,0.3091630232228306,0.04933588183601135,0.04933588183601135,21e3187a25ce542a7fda12331f6df5573b7aa9cfb19c4d6a1242f48e9ab77257,ffa4fb8ff63f2fd3f92c212f125af732d0fdf126648b3a141a1396d1b2943a85,fae9b80b4b9bbecd172da441f7a298732dc4ec9c5fd56650a16ee48bf4f2164a,c3a0cabd7487508470d585545f7b6a856897b0410105302f1b4d5c12944c190d,0.3869518749997951
5,hellinger,1.0,0.2,r5_hellinger_sigma1_lr0.2,116,ok,,1.3588644396901084,7.035580684632232,60,0.1813549833938441,0.30057002065641986,0.0545098711048324,0.0545098711048324,b240340bda42b13e461b839e854e8931eb9b197c11fad589d1f07877b5a6c105,82a738c98e33ae7527a4b39c2218f7ec9f26aeddfccfd23d7ba036670214902e,67eaeaae05cc33550f061649f99bb92951375c55491458d36e2f1c224114a8b1,0d285e8573294ff0f8d626c9d7c79b1ffa6d14fb3071ba7be902aa48627a1c7e,0.38355912499537226
5,hellinger,1.0,0.2,r5_hellinger_sigma1_lr0.2,117,ok,,1.0632973821546612,6.695718925074102,60,0.14987979035904353,0.28843448186563153,0.04323049967434019,0.04323049967434019,2ff937c83d36f7b3a5406c91e8755c50ce932575e34db68925452587b0ab77d6,cdf25d405b5fe37947efb89cf322d90a325944cb0f0b1c74e63c9bef676409c9,6d2e8203ab09f7481803ba6cac1d0fef11989f0d29cc5ddaeca62054fed6f238,32821079a74fe63f445d951a557ad18447fced01821fc77b6b8d137d2fe48881,0.3818408750012168
5,hellinger,1.0,0.2,r5_hellinger_sigma1_lr0.2,118,ok,,0.7934852204725272,6.5600606648064845,60,0.18919298409161786,0.2797801101396388,0.052932433926799784,0.052932433926799784,f9372f8f74b3a18b86f9a9dd960278381003e836073cde71119d3b892dde9434,59bdc0f89b4338bedfcb41a006c7270700c3c9b7dcc404f90ce523a6de72153f,3672d037714419789c221c8c7564a09d4bd2e60bbf08a0fa3cd13f9a40a45c57,ffdd2708cda2855a18fd4a81398631fadb59f1610b8dd3d36eefe8f678572c16,0.38754237499961164
5,hellinger,1.0,0.2,r5_hellinger_sigma1_lr0.2,119,ok,,0.9383628244340805,6.560869788245594,60,0.1388311489141828,0.28931176963624106,0.04016548537299473,0.04016548537299473,9cc5a5818d004f0f1492c246ba3ab8685b2df3f7dfd15cdf113ebebec42d8dee,b4b89830e7b456b55a2d8bf5cd702abc3d8f249d69772640d3613c7c3883f235,a56289775eec0ce432a321db146cf9b88569ccab3daaa3aefaeb57ea0050cb73,01bf4e2b10f88360652600d185a9d719f05502f25f089d70da96eafa7fe4dfe3,0.3872717920021387
5,hellinger,1.0,0.2,r5_hellinger_sigma1_lr0.2,120,ok,,1.1495791047871802,6.9217270101798185,60,0.17556827028811578,0.2796826329462202,0.049103396095993866,0.049103396095993866,69e5aaf107b63f46b6b057dfe99d3189e4f485b9649136f1718f398f646e43c6,edec6b504324ff4ca21bfe1724b68c91d15940a01c61e711c5d594301c2472db,be8ede604a893ee87034e6fb596cea91ea3be8f191d448807bebae1ef6fbfe79,dff4b17a330f664ec4d31f507c7603e7842ac94d65226c760d6e78cfa953aeb7,0.38465137500315905
5,js,1.0,0.005,r5_js_sigma1_lr0.005,111,ok,,0.8560390526120509,6.636956190571544,60,1.0194826241616184,0.050555890372211004,0.05154085178348877,0.05154085178348877,6f4599f803588363f7f3f06a30082972087391773f80fd6d7eb3eadc6484859e,d1c56984458c037ac512580f74df185ac4c111a702212c7cfaf13c1ca65aebe9,46ec6552ea8abd2c67a85ebf993bb74a1984e0f557904f8a35ae4eb6d2b596da,ff013eda1d426d67006a334f6583897c614d689f5823b14c442be63e78bb3962,0.4313154589981423
5,js,1.0,0.005,r5_js_sigma1_lr0.005,112,ok,,1.2990741851251388,6.9514910410938695,60,1.0263767522128018,0.05247919896121009,0.053863429788536255,0.053863429788536255,23158049f8a287709543a55b89f8943218b08cba397a67e034633640e70c99f6,7cf215d2f9edfe114fd58221406c9b8614d936ff435dd52843f07d52d239e8f0,b0126d22db14df8032614d0be237f7ba7f8faae015df79310d48a47a7e019709,3dd0b47c3c1ce23069083c16d0c2272714da54db5025db5646fd1228b010a5e8,0.4363524159998633
5,js,1.0,0.005,r5_js_sigma1_lr0.005,113,ok,,1.2150169347346491,6.792100493749692,60,0.8173441908058068,0.07608958543797689,0.06219138063855252,0.06219138063855252,1130bcd06d370ab57f1bc3a67409c755b267648b80a0f46e840060bb010d3ab8,c3ccfdf546077e3988ee6c948ab6a99fff1f54ea8f05150e1add2348f19c7b75,494a09d0cb32c8fd575150abd91ad12074451b075c550159cd5a0edda3ce9c1b,db95c591d5ad7a1f08531cf0e04985b931fc730f28e8ed47b8c7c5d8ecd8db0c,0.43657370900473325
5,js,1.0,0.005,r5_js_sigma1_lr0.005,114,ok,,1.210070319378462,6.953288483316062,60,0.8005809204939491,0.05845709890718194,0.04679963805251754,0.04679963805251754,c8a7a565f4c34afcedf377bd8a33aee023bbafec99430b278d5183f906311b3e,34475f4f2a54c2f51b87ca6e4090248db2d1c3bf4a93c1e597425a64dfa7c24d,9fc9306ab4737b5804dc59a07264243c6abc622ca16efa0cd4d6bddf38b05e36,52ceac77e1e0c99a5de90b23d52d3e2f15eb08da92d5b6842d3e92834a138f22,0.4275673750016722
5,js,1.0,0.005,r5_js_sigma1_lr0.005,115,ok,,1.2736629894049023,6.823232645480174,60,0.9697058268167555,0.050877163436220445,0.04933588183601135,0.04933588183601135,21e3187a25ce542a7fda12331f6df5573b7aa9cfb19c4d6a1242f48e9ab77257,ffa4fb8ff63f2fd3f92c212f125af732d0fdf126648b3a141a1396d1b2943a85,fae9b80b4b9bbecd172da441f7a298732dc4ec9c5fd56650a16ee48bf4f2164a,c3a0cabd7487508470d585545f7b6a856897b0410105302f1b4d5c12944c190d,0.4301607919987873
5,js,1.0,0.005,r5_js_sigma1_lr0.005,116,ok,,1.4461602283444255,7.142715399181098,60,0.7670735373931066,0.07106211914190623,0.0545098711048324,0.0545098711048324,b240340bda42b13e461b839e854e8931eb9b197c11fad589d1f07877b5a6c105,82a738c98e33ae7527a4b39c2218f7ec9f26aeddfccfd23d7ba036670214902e,67eaeaae05cc33550f061649f99bb92951375c55491458d36e2f1c224114a8b1,0d285e8573294ff0f8d626c9d7c79b1ffa6d14fb3071ba7be902aa48627a1c7e,0.43691349999426166
5,js,1.0,0.005,r5_js_sigma1_lr0.005,117,ok,,0.9695941672073978,6.600738739314253,60,0.8669382055387665,0.04986572214506824,0.04323049967434019,0.04323049967434019,2ff937c83d36f7b3a5406c91e8755c50ce932575e34db68925452587b0ab77d6,cdf25d405b5fe37947efb89cf322d90a325944cb0f0b1c74e63c9bef676409c9,6d2e8203ab09f7481803ba6cac1d0fef11989f0d29cc5ddaeca62054fed6f238,32821079a74fe63f445d951a557ad18447fced01821fc77b6b8d137d2fe48881,0.4387982920015929
5,js,1.0,0.005,r5_js_sigma1_lr0.005,118,ok,,0.9772912454738217,6.756592246067234,60,0.8749249546989943,0.06049939899703792,0.052932433926799784,0.052932433926799784,f9372f8f74b3a18b86f9a9dd960278381003e836073cde71119d3b892dde9434,59bdc0f89b4338bedfcb41a006c7270700c3c9b7dcc404f90ce523a6de72153f,3672d037714419789c221c8c7564a09d4bd2e60bbf08a0fa3cd13f9a40a45c57,ffdd2708cda2855a18fd4a81398631fadb59f1610b8dd3d36eefe8f678572c16,0.4313293750019511
5,js,1.0,0.005,r5_js_sigma1_lr0.005,119,ok,,1.245021636977778,6.879263037629112,60,0.7427131602470566,0.054079404436073356,0.04016548537299473,0.04016548537299473,9cc5a5818d004f0f1492c246ba3ab8685b2df3f7dfd15cdf113ebebec42d8dee,b4b89830e7b456b55a2d8bf5cd702abc3d8f249d69772640d3613c7c3883f235,a56289775eec0ce432a321db146cf9b88569ccab3daaa3aefaeb57ea0050cb73,01bf4e2b10f88360652600d185a9d719f05502f25f089d70da96eafa7fe4dfe3,0.4297747500022524
5,js,1.0,0.005,r5_js_sigma1_lr0.005,120,ok,,1.168465828454755,6.900519007058401,60,0.8571396450427007,0.05728751012741646,0.049103396095993866,0.049103396095993866,69e5aaf107b63f46b6b057dfe99d3189e4f485b9649136f1718f398f646e43c6,edec6b504324ff4ca21bfe1724b68c91d15940a01c61e711c5d594301c2472db,be8ede604a893ee87034e6fb596cea91ea3be8f191d448807bebae1ef6fbfe79,dff4b17a330f664ec4d31f507c7603e7842ac94d65226c760d6e78cfa953aeb7,0.43590675000450574
5,js,1.0,0.01,r5_js_sigma1_lr0.01,111,ok,,0.874226370397323,6.681987189682892,60,1.0194826241616184,0.050555890372211004,0.05154085178348877,0.05154085178348877,6f4599f803588363f7f3f06a30082972087391773f80fd6d7eb3eadc6484859e,d1c56984458c037ac512580f74df185ac4c111a702212c7cfaf13c1ca65aebe9,46ec6552ea8abd2c67a85ebf993bb74a1984e0f557904f8a35ae4eb6d2b596da,ff013eda1d426d67006a334f6583897c614d689f5823b14c442be63e78bb3962,0.43911304200446466
5,js,1.0,0.01,r5_js_sigma1_lr0.01,112,ok,,1.0733842641511546,6.7062799248898175,60,1.0263767522128018,0.05247919896121009,0.053863429788536255,0.053863429788536255,23158049f8a287709543a55b89f8943218b08cba397a67e034633640e70c99f6,7cf215d2f9edfe114fd58221406c9b8614d936ff435dd52843f07d52d239e8f0,b0126d22db14df8032614d0be237f7ba7f8faae015df79310d48a47a7e019709,3dd0b47c3c1ce23069083c16d0c2272714da54db5025db5646fd1228b010a5e8,0.4281332500031567
5,js,1.0,0.01,r5_js_sigma1_lr0.01,113,ok,,1.0209753604496865,6.57599339337097,60,0.8173441908058068,0.07608958543797689,0.06219138063855252,0.06219138063855252,1130bcd06d370ab57f1bc3a67409c755b267648b80a0f46e840060bb010d3ab8,c3ccfdf546077e3988ee6c948ab6a99fff1f54ea8f05150e1add2348f19c7b75,494a09d0cb32c8fd575150abd91ad12074451b075c550159cd5a0edda3ce9c1b,db95c591d5ad7a1f08531cf0e04985b931fc730f28e8ed47b8c7c5d8ecd8db0c,0.42946662500617094
5,js,1.0,0.01,r5_js_sigma1_lr0.01,114,ok,,1.0411775912533416,6.7761847932446155,60,0.8005809204939491,0.05845709890718194,0.04679963805251754,0.04679963805251754,c8a7a565f4c34afcedf377bd8a33aee023bbafec99430b278d5183f906311b3e,34475f4f2a54c2f51b87ca6e4090248db2d1c3bf4a93c1e597425a64dfa7c24d,9fc9306ab4737b5804dc59a07264243c6abc622ca16efa0cd4d6bddf38b05e36,52ceac77e1e0c99a5de90b23d52d3e2f15eb08da92d5b6842d3e92834a138f22,0.4352491249956074
5,js,1.0,0.01,r5_js_sigma1_lr0.01,115,ok,,1.3285184448692264,6.885760722255323,60,0.9697058268167555,0.050877163436220445,0.04933588183601135,0.04933588183601135,21e3187a25ce542a7fda12331f6df5573b7aa9cfb19c4d6a1242f48e9ab77257,ffa4fb8ff63f2fd3f92c212f125af732d0fdf126648b3a141a1396d1b2943a85,fae9b80b4b9bbecd172da441f7a298732dc4ec9c5fd56650a16ee48bf4f2164a,c3a0cabd7487508470d585545f7b6a856897b0410105302f1b4d5c12944c190d,0.43571637499553617
5,js,1.0,0.01,r5_js_sigma1_lr0.01,116,ok,,1.4139557703693777,7.071863384055643,60,0.7670735373931066,0.07106211914190623,0.0545098711048324,0.0545098711048324,b240340bda42b13e461b839e854e8931eb9b197c11fad589d1f07877b5a6c105,82a738c98e33ae7527a4b39c2218f7ec9f26aeddfccfd23d7ba036670214902e,67eaeaae05cc33550f061649f99bb92951375c55491458d36e2f1c224114a8b1,0d285e8573294ff0f8d626c9d7c79b1ffa6d14fb3071ba7be902aa48627a1c7e,0.4292770410029334
5,js,1.0,0.01,r5_js_sigma1_lr0.01,117,ok,,0.948407207780851,6.578707609951038,60,0.8669382055387665,0.04986572214506824,0.04323049967434019,0.04323049967434019,2ff937c83d36f7b3a5406c91e8755c50ce932575e34db68925452587b0ab77d6,cdf25d405b5fe37947efb89cf322d90a325944cb0f0b1c74e63c9bef676409c9,6d2e8203ab09f7481803ba6cac1d0fef11989f0d29cc5ddaeca62054fed6f238,32821079a74fe63f445d951a557ad18447fced01821fc77b6b8d137d2fe48881,0.4319702920038253
5,js,1.0,0.01,r5_js_sigma1_lr0.01,118,ok,,0.8799382814205001,6.67163536460115,60,0.8749249546989943,0.06049939899703792,0.052932433926799784,0.052932433926799784,f9372f8f74b3a18b86f9a9dd960278381003e836073cde71119d3b892dde9434,59bdc0f89b4338bedfcb41a006c7270700c3c9b7dcc404f90ce523a6de72153f,3672d037714419789c221c8c7564a09d4bd2e60bbf08a0fa3cd13f9a40a45c57,ffdd2708cda2855a18fd4a81398631fadb59f1610b8dd3d36eefe8f678572c16,0.43636545900517376
5,js,1.0,0.01,r5_js_sigma1_lr0.01,119,ok,,0.9571640169044369,6.614638624302726,60,0.7427131602470566,0.054079404436073356,0.04016548537299473,0.04016548537299473,9cc5a5818d004f0f1492c246ba3ab8685b2df3f7dfd15cdf113ebebec42d8dee,b4b89830e7b456b55a2d8bf5cd702abc3d8f249d69772640d3613c7c3883f235,a56289775eec0ce432a321db146cf9b88569ccab3daaa3aefaeb57ea0050cb73,01bf4e2b10f88360652600d185a9d719f05502f25f089d70da96eafa7fe4dfe3,0.4387337500011199
5,js,1.0,0.01,r5_js_sigma1_lr0.01,120,ok,,0.9594434069399594,6.694751631023206,60,0.8571396450427007,0.05728751012741646,0.049103396095993866,0.049103396095993866,69e5aaf107b63f46b6b057dfe99d3189e4f485b9649136f1718f398f646e43c6,edec6b504324ff4ca21bfe1724b68c91d15940a01c61e711c5d594301c2472db,be8ede604a893ee87034e6fb596cea91ea3be8f191d448807bebae1ef6fbfe79,dff4b17a330f664ec4d31f507c7603e7842ac94d65226c760d6e78cfa953aeb7,0.4315542920012376
5,js,1.0,0.02,r5_js_sigma1_lr0.02,111,ok,,0.8147994969812316,6.632552922798556,60,1.0194826241616184,0.050555890372211004,0.05154085178348877,0.05154085178348877,6f4599f803588363f7f3f06a30082972087391773f80fd6d7eb3eadc6484859e,d1c56984458c037ac512580f74df185ac4c111a702212c7cfaf13c1ca65aebe9,46ec6552ea8abd2c67a85ebf993bb74a1984e0f557904f8a35ae4eb6d2b596da,ff013eda1d426d67006a334f6583897c614d689f5823b14c442be63e78bb3962,0.4312070419982774
5,js,1.0,0.02,r5_js_sigma1_lr0.02,112,ok,,1.0561945847272896,6.705261154443797,60,1.0263767522128018,0.05247919896121009,0.053863429788536255,0.053863429788536255,23158049f8a287709543a55b89f8943218b08cba397a67e034633640e70c99f6,7cf215d2f9edfe114fd58221406c9b8614d936ff435dd52843f07d52d239e8f0,b0126d22db14df8032614d0be237f7ba7f8faae015df79310d48a47a7e019709,3dd0b47c3c1ce23069083c16d0c2272714da54db5025db5646fd1228b010a5e8,0.43376995899598114
5,js,1.0,0.02,r5_js_sigma1_lr0.02,113,ok,,1.1700257758147847,6.757802774006344,60,0.8173441908058068,0.07608958543797689,0.06219138063855252,0.06219138063855252,1130bcd06d370ab57f1bc3a67409c755b267648b80a0f46e840060bb010d3ab8,c3ccfdf546077e3988ee6c948ab6a99fff1f54ea8f05150e1add2348f19c7b75,494a09d0cb32c8fd575150abd91ad12074451b075c550159cd5a0edda3ce9c1b,db95c591d5ad7a1f08531cf0e04985b931fc730f28e8ed47b8c7c5d8ecd8db0c,0.4389335000014398
5,js,1.0,0.02,r5_js_sigma1_lr0.02,114,ok,,1.1052175262795756,6.845035820039653,60,0.8005809204939491,0.05845709890718194,0.04679963805251754,0.04679963805251754,c8a7a565f4c34afcedf377bd8a33aee023bbafec99430b278d5183f906311b3e,34475f4f2a54c2f51b87ca6e4090248db2d1c3bf4a93c1e597425a64dfa7c24d,9fc9306ab4737b5804dc59a07264243c6abc622ca16efa0cd4d6bddf38b05e36,52ceac77e1e0c99a5de90b23d52d3e2f15eb08da92d5b6842d3e92834a138f22,0.4303037499994389
5,js,1.0,0.02,r5_js_sigma1_lr0.02,115,ok,,1.3277079208209965,6.883868842669204,60,0.9697058268167555,0.050877163436220445,0.04933588183601135,0.04933588183601135,21e3187a25ce542a7fda12331f6df5573b7aa9cfb19c4d6a1242f48e9ab77257,ffa4fb8ff63f2fd3f92c212f125af732d0fdf126648b3a141a1396d1b2943a85,fae9b80b4b9bbecd172da441f7a298732dc4ec9c5fd56650a16ee48bf4f2164a,c3a0cabd7487508470d585545f7b6a856897b0410105302f1b4d5c12944c190d,0.43023737499606796
5,js,1.0,0.02,r5_js_sigma1_lr0.02,116,ok,,1.287655244065504,6.986740365316844,60,0.7670735373931066,0.07106211914190623,0.0545098711048324,0.0545098711048324,b240340bda42b13e461b839e854e8931eb9b197c11fad589d1f07877b5a6c105,82a738c98e33ae7527a4b39c2218f7ec9f26aeddfccfd23d7ba036670214902e,67eaeaae05cc33550f061649f99bb92951375c55491458d36e2f1c224114a8b1,0d285e8573294ff0f8d626c9d7c79b1ffa6d14fb3071ba7be902aa48627a1c7e,0.43561645899899304
5,js,1.0,0.02,r5_js_sigma1_lr0.02,117,ok,,1.0331706521306647,6.670215861237129,60,0.8669382055387665,0.04986572214506824,0.04323049967434019,0.04323049967434019,2ff937c83d36f7b3a5406c91e8755c50ce932575e34db68925452587b0ab77d6,cdf25d405b5fe37947efb89cf322d90a325944cb0f0b1c74e63c9bef676409c9,6d2e8203ab09f7481803ba6cac1d0fef11989f0d29cc5ddaeca62054fed6f238,32821079a74fe63f445d951a557ad18447fced01821fc77b6b8d137d2fe48881,0.43692716700024903
5,js,1.0,0.02,r5_js_sigma1_lr0.02,118,ok,,0.9300494726836446,6.7035058637857015,60,0.8749249546989943,0.06049939899703792,0.052932433926799784,0.052932433926799784,f9372f8f74b3a18b86f9a9dd960278381003e836073cde71119d3b892dde9434,59bdc0f89b4338bedfcb41a006c7270700c3c9b7dcc404f90ce523a6de72153f,3672d037714419789c221c8c7564a09d4bd2e60bbf08a0fa3cd13f9a40a45c57,ffdd2708cda2855a18fd4a81398631fadb59f1610b8dd3d36eefe8f678572c16,0.4299382500030333
5,js,1.0,0.02,r5_js_sigma1_lr0.02,119,ok,,1.0206932162354274,6.66218351529869,60,0.7427131602470566,0.054079404436073356,0.04016548537299473,0.04016548537299473,9cc5a5818d004f0f1492c246ba3ab8685b2df3f7dfd15cdf113ebebec42d8dee,b4b89830e7b456b55a2d8bf5cd702abc3d8f249d69772640d3613c7c3883f235,a56289775eec0ce432a321db146cf9b88569ccab3daaa3aefaeb57ea0050cb73,01bf4e2b10f88360652600d185a9d719f05502f25f089d70da96eafa7fe4dfe3,0.428973957998096
5,js,1.0,0.02,r5_js_sigma1_lr0.02,120,ok,,0.9675613039158101,6.727996384103604,60,0.8571396450427007,0.05728751012741646,0.049103396095993866,0.049103396095993866,69e5aaf107b63f46b6b057dfe99d3189e4f485b9649136f1718f398f646e43c6,edec6b504324ff4ca21bfe1724b68c91d15940a01c61e711c5d594301c2472db,be8ede604a893ee87034e6fb596cea91ea3be8f191d448807bebae1ef6fbfe79,dff4b17a330f664ec4d31f507c7603e7842ac94d65226c760d6e78cfa953aeb7,0.4376256249961443
5,js,1.0,0.05,r5_js_sigma1_lr0.05,111,ok,,0.8849444252302117,6.743519831448138,60,1.0194826241616184,0.050555890372211004,0.05154085178348877,0.05154085178348877,6f4599f803588363f7f3f06a30082972087391773f80fd6d7eb3eadc6484859e,d1c56984458c037ac512580f74df185ac4c111a702212c7cfaf13c1ca65aebe9,46ec6552ea8abd2c67a85ebf993bb74a1984e0f557904f8a35ae4eb6d2b596da,ff013eda1d426d67006a334f6583897c614d689f5823b14c442be63e78bb3962,0.44131733299582265
5,js,1.0,0.05,r5_js_sigma1_lr0.05,112,ok,,1.0410256641737814,6.676614998455157,60,1.0263767522128018,0.05247919896121009,0.053863429788536255,0.053863429788536255,23158049f8a287709543a55b89f8943218b08cba397a67e034633640e70c99f6,7cf215d2f9edfe114fd58221406c9b8614d936ff435dd52843f07d52d239e8f0,b0126d22db14df8032614d0be237f7ba7f8faae015df79310d48a47a7e019709,3dd0b47c3c1ce23069083c16d0c2272714da54db5025db5646fd1228b010a5e8,0.4292519170048763
5,js,1.0,0.05,r5_js_sigma1_lr0.05,113,ok,,1.0588963771245787,6.612046719969482,60,0.8173441908058068,0.07608958543797689,0.06219138063855252,0.06219138063855252,1130bcd06d370ab57f1bc3a67409c755b267648b80a0f46e840060bb010d3ab8,c3ccfdf546077e3988ee6c948ab6a99fff1f54ea8f05150e1add2348f19c7b75,494a09d0cb32c8fd575150abd91ad12074451b075c550159cd5a0edda3ce9c1b,db95c591d5ad7a1f08531cf0e04985b931fc730f28e8ed47b8c7c5d8ecd8db0c,0.4310037920004106
5,js,1.0,0.05,r5_js_sigma1_lr0.05,114,ok,,1.0721174914630796,6.812006147061783,60,0.8005809204939491,0.05845709890718194,0.04679963805251754,0.04679963805251754,c8a7a565f4c34afcedf377bd8a33aee023bbafec99430b278d5183f906311b3e,34475f4f2a54c2f51b87ca6e4090248db2d1c3bf4a93c1e597425a64dfa7c24d,9fc9306ab4737b5804dc59a07264243c6abc622ca16efa0cd4d6bddf38b05e36,52ceac77e1e0c99a5de90b23d52d3e2f15eb08da92d5b6842d3e92834a138f22,0.4341591670017806
5,js,1.0,0.05,r5_js_sigma1_lr0.05,115,ok,,1.2777508589202502,6.827567007367046,60,0.9697058268167555,0.050877163436220445,0.04933588183601135,0.04933588183601135,21e3187a25ce542a7fda12331f6df5573b7aa9cfb19c4d6a1242f48e9ab77257,ffa4fb8ff63f2fd3f92c212f125af732d0fdf126648b3a141a1396d1b2943a85,fae9b80b4b9bbecd172da441f7a298732dc4ec9c5fd56650a16ee48bf4f2164a,c3a0cabd7487508470d585545f7b6a856897b0410105302f1b4d5c12944c190d,0.43636549999791896
5,js,1.0,0.05,r5_js_sigma1_lr0.05,116,ok,,1.3158534454010797,7.000140402056226,60,0.7670735373931066,0.07106211914190623,0.0545098711048324,0.0545098711048324,b240340bda42b13e461b839e854e8931eb9b197c11fad589d1f07877b5a6c105,82a738c98e33ae7527a4b39c2218f7ec9f26aeddfccfd23d7ba036670214902e,67eaeaae05cc33550f061649f99bb92951375c55491458d36e2f1c224114a8b1,0d285e8573294ff0f8d626c9d7c79b1ffa6d14fb3071ba7be902aa48627a1c7e,0.4297365419988637
5,js,1.0,0.05,r5_js_sigma1_lr0.05,117,ok,,0.921899858399972,6.51553713929555,60,0.8669382055387665,0.04986572214506824,0.04323049967434019,0.04323049967434019,2ff937c83d36f7b3a5406c91e8755c50ce932575e34db68925452587b0ab77d6,cdf25d405b5fe37947efb89cf322d90a325944cb0f0b1c74e63c9bef676409c9,6d2e8203ab09f7481803ba6cac1d0fef11989f0d29cc5ddaeca62054fed6f238,32821079a74fe63f445d951a557ad18447fced01821fc77b6b8d137d2fe48881,0.42932974999712314
5,js,1.0,0.05,r5_js_sigma1_lr0.05,118,ok,,0.8839997110232252,6.672936925276843,60,0.8749249546989943,0.06049939899703792,0.052932433926799784,0.052932433926799784,f9372f8f74b3a18b86f9a9dd960278381003e836073cde71119d3b892dde9434,59bdc0f89b4338bedfcb41a006c7270700c3c9b7dcc404f90ce523a6de72153f,3672d037714419789c221c8c7564a09d4bd2e60bbf08a0fa3cd13f9a40a45c57,ffdd2708cda2855a18fd4a81398631fadb59f1610b8dd3d36eefe8f678572c16,0.43721616599941626
5,js,1.0,0.05,r5_js_sigma1_lr0.05,119,ok,,1.0373372146312145,6.691242319746732,60,0.7427131602470566,0.054079404436073356,0.04016548537299473,0.04016548537299473,9cc5a5818d004f0f1492c246ba3ab8685b2df3f7dfd15cdf113ebebec42d8dee,b4b89830e7b456b55a2d8bf5cd702abc3d8f249d69772640d3613c7c3883f235,a56289775eec0ce432a321db146cf9b88569ccab3daaa3aefaeb57ea0050cb73,01bf4e2b10f88360652600d185a9d719f05502f25f089d70da96eafa7fe4dfe3,0.4377320839994354
5,js,1.0,0.05,r5_js_sigma1_lr0.05,120,ok,,0.8685201710385151,6.615038694062696,60,0.8571396450427007,0.05728751012741646,0.049103396095993866,0.049103396095993866,69e5aaf107b63f46b6b057dfe99d3189e4f485b9649136f1718f398f646e43c6,edec6b504324ff4ca21bfe1724b68c91d15940a01c61e711c5d594301c2472db,be8ede604a893ee87034e6fb596cea91ea3be8f191d448807bebae1ef6fbfe79,dff4b17a330f664ec4d31f507c7603e7842ac94d65226c760d6e78cfa953aeb7,0.43002787500154227
5,js,1.0,0.1,r5_js_sigma1_lr0.1,111,ok,,0.9752460146650102,6.741011895990187,60,1.0194826241616184,0.050555890372211004,0.05154085178348877,0.05154085178348877,6f4599f803588363f7f3f06a30082972087391773f80fd6d7eb3eadc6484859e,d1c56984458c037ac512580f74df185ac4c111a702212c7cfaf13c1ca65aebe9,46ec6552ea8abd2c67a85ebf993bb74a1984e0f557904f8a35ae4eb6d2b596da,ff013eda1d426d67006a334f6583897c614d689f5823b14c442be63e78bb3962,0.43193745800090255
5,js,1.0,0.1,r5_js_sigma1_lr0.1,112,ok,,1.108459558643064,6.730621856788945,60,1.0263767522128018,0.05247919896121009,0.053863429788536255,0.053863429788536255,23158049f8a287709543a55b89f8943218b08cba397a67e034633640e70c99f6,7cf215d2f9edfe114fd58221406c9b8614d936ff435dd52843f07d52d239e8f0,b0126d22db14df8032614d0be237f7ba7f8faae015df79310d48a47a7e019709,3dd0b47c3c1ce23069083c16d0c2272714da54db5025db5646fd1228b010a5e8,0.43405450000136625
5,js,1.0,0.1,r5_js_sigma1_lr0.1,113,ok,,1.2398795551663293,6.808882089766217,60,0.8173441908058068,0.07608958543797689,0.06219138063855252,0.06219138063855252,1130bcd06d370ab57f1bc3a67409c755b267648b80a0f46e840060bb010d3ab8,c3ccfdf546077e3988ee6c948ab6a99fff1f54ea8f05150e1add2348f19c7b75,494a09d0cb32c8fd575150abd91ad12074451b075c550159cd5a0edda3ce9c1b,db95c591d5ad7a1f08531cf0e04985b931fc730f28e8ed47b8c7c5d8ecd8db0c,0.4410589590042946
5,js,1.0,0.1,r5_js_sigma1_lr0.1,114,ok,,1.1459682503496564,6.881840805771071,60,0.8005809204939491,0.05845709890718194,0.04679963805251754,0.04679963805251754,c8a7a565f4c34afcedf377bd8a33aee023bbafec99430b278d5183f906311b3e,34475f4f2a54c2f51b87ca6e4090248db2d1c3bf4a93c1e597425a64dfa7c24d,9fc9306ab4737b5804dc59a07264243c6abc622ca16efa0cd4d6bddf38b05e36,52ceac77e1e0c99a5de90b23d52d3e2f15eb08da92d5b6842d3e92834a138f22,0.42952599999989616
5,js,1.0,0.1,r5_js_sigma1_lr0.1,115,ok,,1.304840412968307,6.845465320012769,60,0.9697058268167555,0.050877163436220445,0.04933588183601135,0.04933588183601135,21e3187a25ce542a7fda12331f6df5573b7aa9cfb19c4d6a1242f48e9ab77257,ffa4fb8ff63f2fd3f92c212f125af732d0fdf126648b3a141a1396d1b2943a85,fae9b80b4b9bbecd172da441f7a298732dc4ec9c5fd56650a16ee48bf4f2164a,c3a0cabd7487508470d585545f7b6a856897b0410105302f1b4d5c12944c190d,0.42804566599807004
5,js,1.0,0.1,r5_js_sigma1_lr0.1,116,ok,,1.3590707312403478,7.080413539605841,60,0.7670735373931066,0.07106211914190623,0.0545098711048324,0.0545098711048324,b240340bda42b13e461b839e854e8931eb9b197c11fad589d1f07877b5a6c105,82a738c98e33ae7527a4b39c2218f7ec9f26aeddfccfd23d7ba036670214902e,67eaeaae05cc33550f061649f99bb92951375c55491458d36e2f1c224114a8b1,0d285e8573294ff0f8d626c9d7c79b1ffa6d14fb3071ba7be902aa48627a1c7e,0.43835137499991106
5,js,1.0,0.1,r5_js_sigma1_lr0.1,117,ok,,0.9255163664700092,6.519244782673144,60,0.8669382055387665,0.04986572214506824,0.04323049967434019,0.04323049967434019,2ff937c83d36f7b3a5406c91e8755c50ce932575e34db68925452587b0ab77d6,cdf25d405b5fe37947efb89cf322d90a325944cb0f0b1c74e63c9bef676409c9,6d2e8203ab09f7481803ba6cac1d0fef11989f0d29cc5ddaeca62054fed6f238,32821079a74fe63f445d951a557ad18447fced01821fc77b6b8d137d2fe48881,0.44164904200442834
5,js,1.0,0.1,r5_js_sigma1_lr0.1,118,ok,,0.8896723687056884,6.651316808005608,60,0.8749249546989943,0.06049939899703792,0.052932433926799784,0.052932433926799784,f9372f8f74b3a18b86f9a9dd960278381003e836073cde71119d3b892dde9434,59bdc0f89b4338bedfcb41a006c7270700c3c9b7dcc404f90ce523a6de72153f,3672d037714419789c221c8c7564a09d4bd2e60bbf08a0fa3cd13f9a40a45c57,ffdd2708cda2855a18fd4a81398631fadb59f1610b8dd3d36eefe8f678572c16,0.42827020800177706
5,js,1.0,0.1,r5_js_sigma1_lr0.1,119,ok,,1.1035321731223742,6.7323254100387935,60,0.7427131602470566,0.054079404436073356,0.04016548537299473,0.04016548537299473,9cc5a5818d004f0f1492c246ba3ab8685b2df3f7dfd15cdf113ebebec42d8dee,b4b89830e7b456b55a2d8bf5cd702abc3d8f249d69772640d3613c7c3883f235,a56289775eec0ce432a321db146cf9b88569ccab3daaa3aefaeb57ea0050cb73,01bf4e2b10f88360652600d185a9d719f05502f25f089d70da96eafa7fe4dfe3,0.43185349999839673
5,js,1.0,0.1,r5_js_sigma1_lr0.1,120,ok,,1.1881088941005955,6.968222076547982,60,0.8571396450427007,0.05728751012741646,0.049103396095993866,0.049103396095993866,69e5aaf107b63f46b6b057dfe99d3189e4f485b9649136f1718f398f646e43c6,edec6b504324ff4ca21bfe1724b68c91d15940a01c61e711c5d594301c2472db,be8ede604a893ee87034e6fb596cea91ea3be8f191d448807bebae1ef6fbfe79,dff4b17a330f664ec4d31f507c7603e7842ac94d65226c760d6e78cfa953aeb7,0.4364000420027878
5,js,1.0,0.2,r5_js_sigma1_lr0.2,111,ok,,0.832859595988199,6.676301198233105,60,1.0194826241616184,0.050555890372211004,0.05154085178348877,0.05154085178348877,6f4599f803588363f7f3f06a30082972087391773f80fd6d7eb3eadc6484859e,d1c56984458c037ac512580f74df185ac4c111a702212c7cfaf13c1ca65aebe9,46ec6552ea8abd2c67a85ebf993bb74a1984e0f557904f8a35ae4eb6d2b596da,ff013eda1d426d67006a334f6583897c614d689f5823b14c442be63e78bb3962,0.4391228750027949
5,js,1.0,0.2,r5_js_sigma1_lr0.2,112,ok,,1.359335172902204,6.965093410941497,60,1.0263767522128018,0.05247919896121009,0.053863429788536255,0.053863429788536255,23158049f8a287709543a55b89f8943218b08cba397a67e034633640e70c99f6,7cf215d2f9edfe114fd58221406c9b8614d936ff435dd52843f07d52d239e8f0,b0126d22db14df8032614d0be237f7ba7f8faae015df79310d48a47a7e019709,3dd0b47c3c1ce23069083c16d0c2272714da54db5025db5646fd1228b010a5e8,0.43003895899892086
5,js,1.0,0.2,r5_js_sigma1_lr0.2,113,ok,,1.2094732775384598,6.811941744542332,60,0.8173441908058068,0.07608958543797689,0.06219138063855252,0.06219138063855252,1130bcd06d370ab57f1bc3a67409c755b267648b80a0f46e840060bb010d3ab8,c3ccfdf546077e3988ee6c948ab6a99fff1f54ea8f05150e1add2348f19c7b75,494a09d0cb32c8fd575150abd91ad12074451b075c550159cd5a0edda3ce9c1b,db95c591d5ad7a1f08531cf0e04985b931fc730f28e8ed47b8c7c5d8ecd8db0c,0.43083116699563107
5,js,1.0,0.2,r5_js_sigma1_lr0.2,114,ok,,1.0458469632093412,6.786220759089084,60,0.8005809204939491,0.05845709890718194,0.04679963805251754,0.04679963805251754,c8a7a565f4c34afcedf377bd8a33aee023bbafec99430b278d5183f906311b3e,34475f4f2a54c2f51b87ca6e4090248db2d1c3bf4a93c1e597425a64dfa7c24d,9fc9306ab4737b5804dc59a07264243c6abc622ca16efa0cd4d6bddf38b05e36,52ceac77e1e0c99a5de90b23d52d3e2f15eb08da92d5b6842d3e92834a138f22,0.43616029099939624
5,js,1.0,0.2,r5_js_sigma1_lr0.2,115,ok,,1.295508500614086,6.836763059832035,60,0.9697058268167555,0.050877163436220445,0.04933588183601135,0.04933588183601135,21e3187a25ce542a7fda12331f6df5573b7aa9cfb19c4d6a1242f48e9ab77257,ffa4fb8ff63f2fd3f92c212f125af732d0fdf126648b3a141a1396d1b2943a85,fae9b80b4b9bbecd172da441f7a298732dc4ec9c5fd56650a16ee48bf4f2164a,c3a0cabd7487508470d585545f7b6a856897b0410105302f1b4d5c12944c190d,0.4376012080028886
5,js,1.0,0.2,r5_js_sigma1_lr0.2,116,ok,,1.1745519117174954,6.856924056123009,60,0.7670735373931066,0.07106211914190623,0.0545098711048324,0.0545098711048324,b240340bda42b13e461b839e854e8931eb9b197c11fad589d1f07877b5a6c105,82a738c98e33ae7527a4b39c2218f7ec9f26aeddfccfd23d7ba036670214902e,67eaeaae05cc33550f061649f99bb92951375c55491458d36e2f1c224114a8b1,0d285e8573294ff0f8d626c9d7c79b1ffa6d14fb3071ba7be902aa48627a1c7e,0.42922141600138275
5,js,1.0,0.2,r5_js_sigma1_lr0.2,117,ok,,0.9907681550620968,6.600671255466055,60,0.8669382055387665,0.04986572214506824,0.04323049967434019,0.04323049967434019,2ff937c83d36f7b3a5406c91e8755c50ce932575e34db68925452587b0ab77d6,cdf25d405b5fe37947efb89cf322d90a325944cb0f0b1c74e63c9bef676409c9,6d2e8203ab09f7481803ba6cac1d0fef11989f0d29cc5ddaeca62054fed6f238,32821079a74fe63f445d951a557ad18447fced01821fc77b6b8d137d2fe48881,0.4297152500002994
5,js,1.0,0.2,r5_js_sigma1_lr0.2,118,ok,,0.8908757810173095,6.637520915055462,60,0.8749249546989943,0.06049939899703792,0.052932433926799784,0.052932433926799784,f9372f8f74b3a18b86f9a9dd960278381003e836073cde71119d3b892dde9434,59bdc0f89b4338bedfcb41a006c7270700c3c9b7dcc404f90ce523a6de72153f,3672d037714419789c221c8c7564a09d4bd2e60bbf08a0fa3cd13f9a40a45c57,ffdd2708cda2855a18fd4a81398631fadb59f1610b8dd3d36eefe8f678572c16,0.43590887499885866
5,js,1.0,0.2,r5_js_sigma1_lr0.2,119,ok,,1.4048350995596213,7.010490397570154,60,0.7427131602470566,0.054079404436073356,0.04016548537299473,0.04016548537299473,9cc5a5818d004f0f1492c246ba3ab8685b2df3f7dfd15cdf113ebebec42d8dee,b4b89830e7b456b55a2d8bf5cd702abc3d8f249d69772640d3613c7c3883f235,a56289775eec0ce432a321db146cf9b88569ccab3daaa3aefaeb57ea0050cb73,01bf4e2b10f88360652600d185a9d719f05502f25f089d70da96eafa7fe4dfe3,0.43602508299954934
5,js,1.0,0.2,r5_js_sigma1_lr0.2,120,ok,,1.1822109994237184,6.9625319126343514,60,0.8571396450427007,0.05728751012741646,0.049103396095993866,0.049103396095993866,69e5aaf107b63f46b6b057dfe99d3189e4f485b9649136f1718f398f646e43c6,edec6b504324ff4ca21bfe1724b68c91d15940a01c61e711c5d594301c2472db,be8ede604a893ee87034e6fb596cea91ea3be8f191d448807bebae1ef6fbfe79,dff4b17a330f664ec4d31f507c7603e7842ac94d65226c760d6e78cfa953aeb7,0.42768400000204565
5,mse,1.0,0.005,r5_mse_sigma1_lr0.005,111,ok,,0.9779609786022463,6.689723777576109,60,1253.970335594456,4.110213002690799e-05,0.05154085178348877,0.05154085178348878,6f4599f803588363f7f3f06a30082972087391773f80fd6d7eb3eadc6484859e,d1c56984458c037ac512580f74df185ac4c111a702212c7cfaf13c1ca65aebe9,46ec6552ea8abd2c67a85ebf993bb74a1984e0f557904f8a35ae4eb6d2b596da,ff013eda1d426d67006a334f6583897c614d689f5823b14c442be63e78bb3962,0.3674969159983448
5,mse,1.0,0.005,r5_mse_sigma1_lr0.005,112,ok,,0.8788793872303801,6.492064925480156,60,1268.293368295916,4.2469219768063105e-05,0.053863429788536255,0.053863429788536255,23158049f8a287709543a55b89f8943218b08cba397a67e034633640e70c99f6,7cf215d2f9edfe114fd58221406c9b8614d936ff435dd52843f07d52d239e8f0,b0126d22db14df8032614d0be237f7ba7f8faae015df79310d48a47a7e019709,3dd0b47c3c1ce23069083c16d0c2272714da54db5025db5646fd1228b010a5e8,0.3659898750047432
5,mse,1.0,0.005,r5_mse_sigma1_lr0.005,113,ok,,0.9699701206057093,6.576456169037423,60,1314.2362763313256,4.7321308777261114e-05,0.06219138063855252,0.06219138063855252,1130bcd06d370ab57f1bc3a67409c755b267648b80a0f46e840060bb010d3ab8,c3ccfdf546077e3988ee6c948ab6a99fff1f54ea8f05150e1add2348f19c7b75,494a09d0cb32c8fd575150abd91ad12074451b075c550159cd5a0edda3ce9c1b,db95c591d5ad7a1f08531cf0e04985b931fc730f28e8ed47b8c7c5d8ecd8db0c,0.3705811659965548
5,mse,1.0,0.005,r5_mse_sigma1_lr0.005,114,ok,,0.6572621454360227,6.354703612116315,60,1250.3147553593997,3.7430285335683425e-05,0.04679963805251754,0.04679963805251754,c8a7a565f4c34afcedf377bd8a33aee023bbafec99430b278d5183f906311b3e,34475f4f2a54c2f51b87ca6e4090248db2d1c3bf4a93c1e597425a64dfa7c24d,9fc9306ab4737b5804dc59a07264243c6abc622ca16efa0cd4d6bddf38b05e36,52ceac77e1e0c99a5de90b23d52d3e2f15eb08da92d5b6842d3e92834a138f22,0.3717659169997205
5,mse,1.0,0.005,r5_mse_sigma1_lr0.005,115,ok,,0.7453366569266437,6.303559644895921,60,1297.3894156711053,3.8027042027694666e-05,0.04933588183601135,0.04933588183601135,21e3187a25ce542a7fda12331f6df5573b7aa9cfb19c4d6a1242f48e9ab77257,ffa4fb8ff63f2fd3f92c212f125af732d0fdf126648b3a141a1396d1b2943a85,fae9b80b4b9bbecd172da441f7a298732dc4ec9c5fd56650a16ee48bf4f2164a,c3a0cabd7487508470d585545f7b6a856897b0410105302f1b4d5c12944c190d,0.3687901250013965
5,mse,1.0,0.005,r5_mse_sigma1_lr0.005,116,ok,,1.0571788478068256,6.735529538446443,60,1279.9911134809126,4.258613245883699e-05,0.0545098711048324,0.054509871104832394,b240340bda42b13e461b839e854e8931eb9b197c11fad589d1f07877b5a6c105,82a738c98e33ae7527a4b39c2218f7ec9f26aeddfccfd23d7ba036670214902e,67eaeaae05cc33550f061649f99bb92951375c55491458d36e2f1c224114a8b1,0d285e8573294ff0f8d626c9d7c79b1ffa6d14fb3071ba7be902aa48627a1c7e,0.36569966599927284
5,mse,1.0,0.005,r5_mse_sigma1_lr0.005,117,ok,,0.7800798576692421,6.405249749741436,60,1256.3041063969154,3.441085598161851e-05,0.04323049967434019,0.04323049967434019,2ff937c83d36f7b3a5406c91e8755c50ce932575e34db68925452587b0ab77d6,cdf25d405b5fe37947efb89cf322d90a325944cb0f0b1c74e63c9bef676409c9,6d2e8203ab09f7481803ba6cac1d0fef11989f0d29cc5ddaeca62054fed6f238,32821079a74fe63f445d951a557ad18447fced01821fc77b6b8d137d2fe48881,0.3694331250007963
5,mse,1.0,0.005,r5_mse_sigma1_lr0.005,118,ok,,1.0132407543566917,6.741977257318438,60,1337.1592744410266,3.958573592433643e-05,0.052932433926799784,0.052932433926799784,f9372f8f74b3a18b86f9a9dd960278381003e836073cde71119d3b892dde9434,59bdc0f89b4338bedfcb41a006c7270700c3c9b7dcc404f90ce523a6de72153f,3672d037714419789c221c8c7564a09d4bd2e60bbf08a0fa3cd13f9a40a45c57,ffdd2708cda2855a18fd4a81398631fadb59f1610b8dd3d36eefe8f678572c16,0.3703863749979064
5,mse,1.0,0.005,r5_mse_sigma1_lr0.005,119,ok,,1.027221557826087,6.6227929286077085,60,1229.6892291148336,3.266311879620758e-05,0.04016548537299473,0.04016548537299473,9cc5a5818d004f0f1492c246ba3ab8685b2df3f7dfd15cdf113ebebec42d8dee,b4b89830e7b456b55a2d8bf5cd702abc3d8f249d69772640d3613c7c3883f235,a56289775eec0ce432a321db146cf9b88569ccab3daaa3aefaeb57ea0050cb73,01bf4e2b10f88360652600d185a9d719f05502f25f089d70da96eafa7fe4dfe3,0.3673978749939124
5,mse,1.0,0.005,r5_mse_sigma1_lr0.005,120,ok,,1.032019509124032,6.727176041748906,60,1282.671050057731,3.8282142638039425e-05,0.049103396095993866,0.049103396095993866,69e5aaf107b63f46b6b057dfe99d3189e4f485b9649136f1718f398f646e43c6,edec6b504324ff4ca21bfe1724b68c91d15940a01c61e711c5d594301c2472db,be8ede604a893ee87034e6fb596cea91ea3be8f191d448807bebae1ef6fbfe79,dff4b17a330f664ec4d31f507c7603e7842ac94d65226c760d6e78cfa953aeb7,0.36546041700057685
5,mse,1.0,0.01,r5_mse_sigma1_lr0.01,111,ok,,0.7244207974612615,6.459509504287459,60,1253.970335594456,4.110213002690799e-05,0.05154085178348877,0.05154085178348878,6f4599f803588363f7f3f06a30082972087391773f80fd6d7eb3eadc6484859e,d1c56984458c037ac512580f74df185ac4c111a702212c7cfaf13c1ca65aebe9,46ec6552ea8abd2c67a85ebf993bb74a1984e0f557904f8a35ae4eb6d2b596da,ff013eda1d426d67006a334f6583897c614d689f5823b14c442be63e78bb3962,0.3698325000004843
5,mse,1.0,0.01,r5_mse_sigma1_lr0.01,112,ok,,0.8039091345125138,6.377011173572312,60,1268.293368295916,4.2469219768063105e-05,0.053863429788536255,0.053863429788536255,23158049f8a287709543a55b89f8943218b08cba397a67e034633640e70c99f6,7cf215d2f9edfe114fd58221406c9b8614d936ff435dd52843f07d52d239e8f0,b0126d22db14df8032614d0be237f7ba7f8faae015df79310d48a47a7e019709,3dd0b47c3c1ce23069083c16d0c2272714da54db5025db5646fd1228b010a5e8,0.3701863329988555
5,mse,1.0,0.01,r5_mse_sigma1_lr0.01,113,ok,,0.7856815619754318,6.349551186720008,60,1314.2362763313256,4.7321308777261114e-05,0.06219138063855252,0.06219138063855252,1130bcd06d370ab57f1bc3a67409c755b267648b80a0f46e840060bb010d3ab8,c3ccfdf546077e3988ee6c948ab6a99fff1f54ea8f05150e1add2348f19c7b75,494a09d0cb32c8fd575150abd91ad12074451b075c550159cd5a0edda3ce9c1b,db95c591d5ad7a1f08531cf0e04985b931fc730f28e8ed47b8c7c5d8ecd8db0c,0.36573737500293646
5,mse,1.0,0.01,r5_mse_sigma1_lr0.01,114,ok,,0.5829960273788226,6.306589076780292,60,1250.3147553593997,3.7430285335683425e-05,0.04679963805251754,0.04679963805251754,c8a7a565f4c34afcedf377bd8a33aee023bbafec99430b278d5183f906311b3e,34475f4f2a54c2f51b87ca6e4090248db2d1c3bf4a93c1e597425a64dfa7c24d,9fc9306ab4737b5804dc59a07264243c6abc622ca16efa0cd4d6bddf38b05e36,52ceac77e1e0c99a5de90b23d52d3e2f15eb08da92d5b6842d3e92834a138f22,0.36558029200386954
5,mse,1.0,0.01,r5_mse_sigma1_lr0.01,115,ok,,0.7282212094391447,6.3021686428594785,60,1297.3894156711053,3.8027042027694666e-05,0.04933588183601135,0.04933588183601135,21e3187a25ce542a7fda12331f6df5573b7aa9cfb19c4d6a1242f48e9ab77257,ffa4fb8ff63f2fd3f92c212f125af732d0fdf126648b3a141a1396d1b2943a85,fae9b80b4b9bbecd172da441f7a298732dc4ec9c5fd56650a16ee48bf4f2164a,c3a0cabd7487508470d585545f7b6a856897b0410105302f1b4d5c12944c190d,0.36891758300043875
5,mse,1.0,0.01,r5_mse_sigma1_lr0.01,116,ok,,0.619929118332146,6.297095104101765,60,1279.9911134809126,4.258613245883699e-05,0.0545098711048324,0.054509871104832394,b240340bda42b13e461b839e854e8931eb9b197c11fad589d1f07877b5a6c105,82a738c98e33ae7527a4b39c2218f7ec9f26aeddfccfd23d7ba036670214902e,67eaeaae05cc33550f061649f99bb92951375c55491458d36e2f1c224114a8b1,0d285e8573294ff0f8d626c9d7c79b1ffa6d14fb3071ba7be902aa48627a1c7e,0.3705830420003622
5,mse,1.0,0.01,r5_mse_sigma1_lr0.01,117,ok,,0.5830209490145615,6.196065549096238,60,1256.3041063969154,3.441085598161851e-05,0.04323049967434019,0.04323049967434019,2ff937c83d36f7b3a5406c91e8755c50ce932575e34db68925452587b0ab77d6,cdf25d405b5fe37947efb89cf322d90a325944cb0f0b1c74e63c9bef676409c9,6d2e8203ab09f7481803ba6cac1d0fef11989f0d29cc5ddaeca62054fed6f238,32821079a74fe63f445d951a557ad18447fced01821fc77b6b8d137d2fe48881,0.3670015419993433
5,mse,1.0,0.01,r5_mse_sigma1_lr0.01,118,ok,,0.6334523658168145,6.348077206726917,60,1337.1592744410266,3.958573592433643e-05,0.052932433926799784,0.052932433926799784,f9372f8f74b3a18b86f9a9dd960278381003e836073cde71119d3b892dde9434,59bdc0f89b4338bedfcb41a006c7270700c3c9b7dcc404f90ce523a6de72153f,3672d037714419789c221c8c7564a09d4bd2e60bbf08a0fa3cd13f9a40a45c57,ffdd2708cda2855a18fd4a81398631fadb59f1610b8dd3d36eefe8f678572c16,0.3660061670016148
5,mse,1.0,0.01,r5_mse_sigma1_lr0.01,119,ok,,0.5508638512713724,6.166222181720611,60,1229.6892291148336,3.266311879620758e-05,0.04016548537299473,0.04016548537299473,9cc5a5818d004f0f1492c246ba3ab8685b2df3f7dfd15cdf113ebebec42d8dee,b4b89830e7b456b55a2d8bf5cd702abc3d8f249d69772640d3613c7c3883f235,a56289775eec0ce432a321db146cf9b88569ccab3daaa3aefaeb57ea0050cb73,01bf4e2b10f88360652600d185a9d719f05502f25f089d70da96eafa7fe4dfe3,0.3706647500002873
5,mse,1.0,0.01,r5_mse_sigma1_lr0.01,120,ok,,0.7791234128999507,6.471502560048401,60,1282.671050057731,3.8282142638039425e-05,0.049103396095993866,0.049103396095993866,69e5aaf107b63f46b6b057dfe99d3189e4f485b9649136f1718f398f646e43c6,edec6b504324ff4ca21bfe1724b68c91d15940a01c61e711c5d594301c2472db,be8ede604a893ee87034e6fb596cea91ea3be8f191d448807bebae1ef6fbfe79,dff4b17a330f664ec4d31f507c7603e7842ac94d65226c760d6e78cfa953aeb7,0.36968754100234946
5,mse,1.0,0.02,r5_mse_sigma1_lr0.02,111,ok,,0.5067613606823533,6.267961246366827,60,1253.970335594456,4.110213002690799e-05,0.05154085178348877,0.05154085178348878,6f4599f803588363f7f3f06a30082972087391773f80fd6d7eb3eadc6484859e,d1c56984458c037ac512580f74df185ac4c111a702212c7cfaf13c1ca65aebe9,46ec6552ea8abd2c67a85ebf993bb74a1984e0f557904f8a35ae4eb6d2b596da,ff013eda1d426d67006a334f6583897c614d689f5823b14c442be63e78bb3962,0.368388374998176
5,mse,1.0,0.02,r5_mse_sigma1_lr0.02,112,ok,,0.49827395634579924,6.13518830691988,60,1268.293368295916,4.2469219768063105e-05,0.053863429788536255,0.053863429788536255,23158049f8a287709543a55b89f8943218b08cba397a67e034633640e70c99f6,7cf215d2f9edfe114fd58221406c9b8614d936ff435dd52843f07d52d239e8f0,b0126d22db14df8032614d0be237f7ba7f8faae015df79310d48a47a7e019709,3dd0b47c3c1ce23069083c16d0c2272714da54db5025db5646fd1228b010a5e8,0.36881379199621733
5,mse,1.0,0.02,r5_mse_sigma1_lr0.02,113,ok,,0.7318546080542893,6.304322446785742,60,1314.2362763313256,4.7321308777261114e-05,0.06219138063855252,0.06219138063855252,1130bcd06d370ab57f1bc3a67409c755b267648b80a0f46e840060bb010d3ab8,c3ccfdf546077e3988ee6c948ab6a99fff1f54ea8f05150e1add2348f19c7b75,494a09d0cb32c8fd575150abd91ad12074451b075c550159cd5a0edda3ce9c1b,db95c591d5ad7a1f08531cf0e04985b931fc730f28e8ed47b8c7c5d8ecd8db0c,0.3693714170003659
5,mse,1.0,0.02,r5_mse_sigma1_lr0.02,114,ok,,0.567298992846661,6.270926495757539,60,1250.3147553593997,3.7430285335683425e-05,0.04679963805251754,0.04679963805251754,c8a7a565f4c34afcedf377bd8a33aee023bbafec99430b278d5183f906311b3e,34475f4f2a54c2f51b87ca6e4090248db2d1c3bf4a93c1e597425a64dfa7c24d,9fc9306ab4737b5804dc59a07264243c6abc622ca16efa0cd4d6bddf38b05e36,52ceac77e1e0c99a5de90b23d52d3e2f15eb08da92d5b6842d3e92834a138f22,0.37097295800049324
5,mse,1.0,0.02,r5_mse_sigma1_lr0.02,115,ok,,0.658812348286195,6.2177116792390965,60,1297.3894156711053,3.8027042027694666e-05,0.04933588183601135,0.04933588183601135,21e3187a25ce542a7fda12331f6df5573b7aa9cfb19c4d6a1242f48e9ab77257,ffa4fb8ff63f2fd3f92c212f125af732d0fdf126648b3a141a1396d1b2943a85,fae9b80b4b9bbecd172da441f7a298732dc4ec9c5fd56650a16ee48bf4f2164a,c3a0cabd7487508470d585545f7b6a856897b0410105302f1b4d5c12944c190d,0.3664761250038282
5,mse,1.0,0.02,r5_mse_sigma1_lr0.02,116,ok,,0.5715949888874874,6.237332413131873,60,1279.9911134809126,4.258613245883699e-05,0.0545098711048324,0.054509871104832394,b240340bda42b13e461b839e854e8931eb9b197c11fad589d1f07877b5a6c105,82a738c98e33ae7527a4b39c2218f7ec9f26aeddfccfd23d7ba036670214902e,67eaeaae05cc33550f061649f99bb92951375c55491458d36e2f1c224114a8b1,0d285e8573294ff0f8d626c9d7c79b1ffa6d14fb3071ba7be902aa48627a1c7e,0.36744054200244136
5,mse,1.0,0.02,r5_mse_sigma1_lr0.02,117,ok,,0.5198994327842443,6.15559307124355,60,1256.3041063969154,3.441085598161851e-05,0.04323049967434019,0.04323049967434019,2ff937c83d36f7b3a5406c91e8755c50ce932575e34db68925452587b0ab77d6,cdf25d405b5fe37947efb89cf322d90a325944cb0f0b1c74e63c9bef676409c9,6d2e8203ab09f7481803ba6cac1d0fef11989f0d29cc5ddaeca62054fed6f238,32821079a74fe63f445d951a557ad18447fced01821fc77b6b8d137d2fe48881,0.3670395000008284
5,mse,1.0,0.02,r5_mse_sigma1_lr0.02,118,ok,,0.5907289936327609,6.345539789366388,60,1337.1592744410266,3.958573592433643e-05,0.052932433926799784,0.052932433926799784,f9372f8f74b3a18b86f9a9dd960278381003e836073cde71119d3b892dde9434,59bdc0f89b4338bedfcb41a006c7270700c3c9b7dcc404f90ce523a6de72153f,3672d037714419789c221c8c7564a09d4bd2e60bbf08a0fa3cd13f9a40a45c57,ffdd2708cda2855a18fd4a81398631fadb59f1610b8dd3d36eefe8f678572c16,0.3701257499997155
5,mse,1.0,0.02,r5_mse_sigma1_lr0.02,119,ok,,0.5529181133528662,6.167241525919815,60,1229.6892291148336,3.266311879620758e-05,0.04016548537299473,0.04016548537299473,9cc5a5818d004f0f1492c246ba3ab8685b2df3f7dfd15cdf113ebebec42d8dee,b4b89830e7b456b55a2d8bf5cd702abc3d8f249d69772640d3613c7c3883f235,a56289775eec0ce432a321db146cf9b88569ccab3daaa3aefaeb57ea0050cb73,01bf4e2b10f88360652600d185a9d719f05502f25f089d70da96eafa7fe4dfe3,0.3656072919984581
5,mse,1.0,0.02,r5_mse_sigma1_lr0.02,120,ok,,0.5618546716189399,6.226915287207125,60,1282.671050057731,3.8282142638039425e-05,0.049103396095993866,0.049103396095993866,69e5aaf107b63f46b6b057dfe99d3189e4f485b9649136f1718f398f646e43c6,edec6b504324ff4ca21bfe1724b68c91d15940a01c61e711c5d594301c2472db,be8ede604a893ee87034e6fb596cea91ea3be8f191d448807bebae1ef6fbfe79,dff4b17a330f664ec4d31f507c7603e7842ac94d65226c760d6e78cfa953aeb7,0.3673052500016638
5,mse,1.0,0.05,r5_mse_sigma1_lr0.05,111,ok,,0.4370990445027544,6.199884085910139,60,1253.970335594456,4.110213002690799e-05,0.05154085178348877,0.05154085178348878,6f4599f803588363f7f3f06a30082972087391773f80fd6d7eb3eadc6484859e,d1c56984458c037ac512580f74df185ac4c111a702212c7cfaf13c1ca65aebe9,46ec6552ea8abd2c67a85ebf993bb74a1984e0f557904f8a35ae4eb6d2b596da,ff013eda1d426d67006a334f6583897c614d689f5823b14c442be63e78bb3962,0.3724525409998023
5,mse,1.0,0.05,r5_mse_sigma1_lr0.05,112,ok,,0.4009771470605666,6.035773207832424,60,1268.293368295916,4.2469219768063105e-05,0.053863429788536255,0.053863429788536255,23158049f8a287709543a55b89f8943218b08cba397a67e034633640e70c99f6,7cf215d2f9edfe114fd58221406c9b8614d936ff435dd52843f07d52d239e8f0,b0126d22db14df8032614d0be237f7ba7f8faae015df79310d48a47a7e019709,3dd0b47c3c1ce23069083c16d0c2272714da54db5025db5646fd1228b010a5e8,0.37209729199821595
5,mse,1.0,0.05,r5_mse_sigma1_lr0.05,113,ok,,0.452935848960433,6.046524358598866,60,1314.2362763313256,4.7321308777261114e-05,0.06219138063855252,0.06219138063855252,1130bcd06d370ab57f1bc3a67409c755b267648b80a0f46e840060bb010d3ab8,c3ccfdf546077e3988ee6c948ab6a99fff1f54ea8f05150e1add2348f19c7b75,494a09d0cb32c8fd575150abd91ad12074451b075c550159cd5a0edda3ce9c1b,db95c591d5ad7a1f08531cf0e04985b931fc730f28e8ed47b8c7c5d8ecd8db0c,0.3690952920005657
5,mse,1.0,0.05,r5_mse_sigma1_lr0.05,114,ok,,0.5663103999981425,6.261789459042554,60,1250.3147553593997,3.7430285335683425e-05,0.04679963805251754,0.04679963805251754,c8a7a565f4c34afcedf377bd8a33aee023bbafec99430b278d5183f906311b3e,34475f4f2a54c2f51b87ca6e4090248db2d1c3bf4a93c1e597425a64dfa7c24d,9fc9306ab4737b5804dc59a07264243c6abc622ca16efa0cd4d6bddf38b05e36,52ceac77e1e0c99a5de90b23d52d3e2f15eb08da92d5b6842d3e92834a138f22,0.36462079199554864
5,mse,1.0,0.05,r5_mse_sigma1_lr0.05,115,ok,,0.6169334888710896,6.176235174525424,60,1297.3894156711053,3.8027042027694666e-05,0.04933588183601135,0.04933588183601135,21e3187a25ce542a7fda12331f6df5573b7aa9cfb19c4d6a1242f48e9ab77257,ffa4fb8ff63f2fd3f92c212f125af732d0fdf126648b3a141a1396d1b2943a85,fae9b80b4b9bbecd172da441f7a298732dc4ec9c5fd56650a16ee48bf4f2164a,c3a0cabd7487508470d585545f7b6a856897b0410105302f1b4d5c12944c190d,0.3701285409988486
5,mse,1.0,0.05,r5_mse_sigma1_lr0.05,116,ok,,0.5782137043135598,6.239384258742237,60,1279.9911134809126,4.258613245883699e-05,0.0545098711048324,0.054509871104832394,b240340bda42b13e461b839e854e8931eb9b197c11fad589d1f07877b5a6c105,82a738c98e33ae7527a4b39c2218f7ec9f26aeddfccfd23d7ba036670214902e,67eaeaae05cc33550f061649f99bb92951375c55491458d36e2f1c224114a8b1,0d285e8573294ff0f8d626c9d7c79b1ffa6d14fb3071ba7be902aa48627a1c7e,0.371057500000461
5,mse,1.0,0.05,r5_mse_sigma1_lr0.05,117,ok,,2.585802251609284,8.345887410471136,60,1256.3041063969154,3.441085598161851e-05,0.04323049967434019,0.04323049967434019,2ff937c83d36f7b3a5406c91e8755c50ce932575e34db68925452587b0ab77d6,cdf25d405b5fe37947efb89cf322d90a325944cb0f0b1c74e63c9bef676409c9,6d2e8203ab09f7481803ba6cac1d0fef11989f0d29cc5ddaeca62054fed6f238,32821079a74fe63f445d951a557ad18447fced01821fc77b6b8d137d2fe48881,0.36774462500034133
5,mse,1.0,0.05,r5_mse_sigma1_lr0.05,118,ok,,0.38045866728143846,6.149051835921715,60,1337.1592744410266,3.958573592433643e-05,0.052932433926799784,0.052932433926799784,f9372f8f74b3a18b86f9a9dd960278381003e836073cde71119d3b892dde9434,59bdc0f89b4338bedfcb41a006c7270700c3c9b7dcc404f90ce523a6de72153f,3672d037714419789c221c8c7564a09d4bd2e60bbf08a0fa3cd13f9a40a45c57,ffdd2708cda2855a18fd4a81398631fadb59f1610b8dd3d36eefe8f678572c16,0.36715937499684514
5,mse,1.0,0.05,r5_mse_sigma1_lr0.05,119,ok,,0.5306829914830684,6.189804891850637,60,1229.6892291148336,3.266311879620758e-05,0.04016548537299473,0.04016548537299473,9cc5a5818d004f0f1492c246ba3ab8685b2df3f7dfd15cdf113ebebec42d8dee,b4b89830e7b456b55a2d8bf5cd702abc3d8f249d69772640d3613c7c3883f235,a56289775eec0ce432a321db146cf9b88569ccab3daaa3aefaeb57ea0050cb73,01bf4e2b10f88360652600d185a9d719f05502f25f089d70da96eafa7fe4dfe3,0.3703319999985979
5,mse,1.0,0.05,r5_mse_sigma1_lr0.05,120,ok,,0.5210816677504294,6.240839709671505,60,1282.671050057731,3.8282142638039425e-05,0.049103396095993866,0.049103396095993866,69e5aaf107b63f46b6b057dfe99d3189e4f485b9649136f1718f398f646e43c6,edec6b504324ff4ca21bfe1724b68c91d15940a01c61e711c5d594301c2472db,be8ede604a893ee87034e6fb596cea91ea3be8f191d448807bebae1ef6fbfe79,dff4b17a330f664ec4d31f507c7603e7842ac94d65226c760d6e78cfa953aeb7,0.3702807920053601
5,mse,1.0,0.1,r5_mse_sigma1_lr0.1,111,ok,,2.5753373642476816,8.278138763880085,60,1253.970335594456,4.110213002690799e-05,0.05154085178348877,0.05154085178348878,6f4599f803588363f7f3f06a30082972087391773f80fd6d7eb3eadc6484859e,d1c56984458c037ac512580f74df185ac4c111a702212c7cfaf13c1ca65aebe9,46ec6552ea8abd2c67a85ebf993bb74a1984e0f557904f8a35ae4eb6d2b596da,ff013eda1d426d67006a334f6583897c614d689f5823b14c442be63e78bb3962,0.3677267080056481
5,mse,1.0,0.1,r5_mse_sigma1_lr0.1,112,ok,,2.638983400674874,8.228644850209271,60,1268.293368295916,4.2469219768063105e-05,0.053863429788536255,0.053863429788536255,23158049f8a287709543a55b89f8943218b08cba397a67e034633640e70c99f6,7cf215d2f9edfe114fd58221406c9b8614d936ff435dd52843f07d52d239e8f0,b0126d22db14df8032614d0be237f7ba7f8faae015df79310d48a47a7e019709,3dd0b47c3c1ce23069083c16d0c2272714da54db5025db5646fd1228b010a5e8,0.3693427079997491
5,mse,1.0,0.1,r5_mse_sigma1_lr0.1,113,ok,,2.7122149189911524,8.285531523904796,60,1314.2362763313256,4.7321308777261114e-05,0.06219138063855252,0.06219138063855252,1130bcd06d370ab57f1bc3a67409c755b267648b80a0f46e840060bb010d3ab8,c3ccfdf546077e3988ee6c948ab6a99fff1f54ea8f05150e1add2348f19c7b75,494a09d0cb32c8fd575150abd91ad12074451b075c550159cd5a0edda3ce9c1b,db95c591d5ad7a1f08531cf0e04985b931fc730f28e8ed47b8c7c5d8ecd8db0c,0.3730414160017972
5,mse,1.0,0.1,r5_mse_sigma1_lr0.1,114,ok,,2.507986277594175,8.175060949326243,60,1250.3147553593997,3.7430285335683425e-05,0.04679963805251754,0.04679963805251754,c8a7a565f4c34afcedf377bd8a33aee023bbafec99430b278d5183f906311b3e,34475f4f2a54c2f51b87ca6e4090248db2d1c3bf4a93c1e597425a64dfa7c24d,9fc9306ab4737b5804dc59a07264243c6abc622ca16efa0cd4d6bddf38b05e36,52ceac77e1e0c99a5de90b23d52d3e2f15eb08da92d5b6842d3e92834a138f22,0.37304737500380725
5,mse,1.0,0.1,r5_mse_sigma1_lr0.1,115,ok,,2.1830417088923992,7.786327588368599,60,1297.3894156711053,3.8027042027694666e-05,0.04933588183601135,0.04933588183601135,21e3187a25ce542a7fda12331f6df5573b7aa9cfb19c4d6a1242f48e9ab77257,ffa4fb8ff63f2fd3f92c212f125af732d0fdf126648b3a141a1396d1b2943a85,fae9b80b4b9bbecd172da441f7a298732dc4ec9c5fd56650a16ee48bf4f2164a,c3a0cabd7487508470d585545f7b6a856897b0410105302f1b4d5c12944c190d,0.36962233299709624
5,mse,1.0,0.1,r5_mse_sigma1_lr0.1,116,ok,,2.3252933639314826,7.940319436823559,60,1279.9911134809126,4.258613245883699e-05,0.0545098711048324,0.054509871104832394,b240340bda42b13e461b839e854e8931eb9b197c11fad589d1f07877b5a6c105,82a738c98e33ae7527a4b39c2218f7ec9f26aeddfccfd23d7ba036670214902e,67eaeaae05cc33550f061649f99bb92951375c55491458d36e2f1c224114a8b1,0d285e8573294ff0f8d626c9d7c79b1ffa6d14fb3071ba7be902aa48627a1c7e,0.3693100000018603
5,mse,1.0,0.1,r5_mse_sigma1_lr0.1,117,ok,,0.4512385997951338,6.107204186485926,60,1256.3041063969154,3.441085598161851e-05,0.04323049967434019,0.04323049967434019,2ff937c83d36f7b3a5406c91e8755c50ce932575e34db68925452587b0ab77d6,cdf25d405b5fe37947efb89cf322d90a325944cb0f0b1c74e63c9bef676409c9,6d2e8203ab09f7481803ba6cac1d0fef11989f0d29cc5ddaeca62054fed6f238,32821079a74fe63f445d951a557ad18447fced01821fc77b6b8d137d2fe48881,0.3674424170021666
5,mse,1.0,0.1,r5_mse_sigma1_lr0.1,118,ok,,2.1314199754682446,7.844401781337224,60,1337.1592744410266,3.958573592433643e-05,0.052932433926799784,0.052932433926799784,f9372f8f74b3a18b86f9a9dd960278381003e836073cde71119d3b892dde9434,59bdc0f89b4338bedfcb41a006c7270700c3c9b7dcc404f90ce523a6de72153f,3672d037714419789c221c8c7564a09d4bd2e60bbf08a0fa3cd13f9a40a45c57,ffdd2708cda2855a18fd4a81398631fadb59f1610b8dd3d36eefe8f678572c16,0.37124158300139243
5,mse,1.0,0.1,r5_mse_sigma1_lr0.1,119,ok,,0.5276699635660018,6.140085228734895,60,1229.6892291148336,3.266311879620758e-05,0.04016548537299473,0.04016548537299473,9cc5a5818d004f0f1492c246ba3ab8685b2df3f7dfd15cdf113ebebec42d8dee,b4b89830e7b456b55a2d8bf5cd702abc3d8f249d69772640d3613c7c3883f235,a56289775eec0ce432a321db146cf9b88569ccab3daaa3aefaeb57ea0050cb73,01bf4e2b10f88360652600d185a9d719f05502f25f089d70da96eafa7fe4dfe3,0.37028029099747073
5,mse,1.0,0.1,r5_mse_sigma1_lr0.1,120,ok,,2.5398458562504214,8.224270371338047,60,1282.671050057731,3.8282142638039425e-05,0.049103396095993866,0.049103396095993866,69e5aaf107b63f46b6b057dfe99d3189e4f485b9649136f1718f398f646e43c6,edec6b504324ff4ca21bfe1724b68c91d15940a01c61e711c5d594301c2472db,be8ede604a893ee87034e6fb596cea91ea3be8f191d448807bebae1ef6fbfe79,dff4b17a330f664ec4d31f507c7603e7842ac94d65226c760d6e78cfa953aeb7,0.369336875002773
5,mse,1.0,0.2,r5_mse_sigma1_lr0.2,111,ok,,0.4840747942782106,6.2478031830199185,60,1253.970335594456,4.110213002690799e-05,0.05154085178348877,0.05154085178348878,6f4599f803588363f7f3f06a30082972087391773f80fd6d7eb3eadc6484859e,d1c56984458c037ac512580f74df185ac4c111a702212c7cfaf13c1ca65aebe9,46ec6552ea8abd2c67a85ebf993bb74a1984e0f557904f8a35ae4eb6d2b596da,ff013eda1d426d67006a334f6583897c614d689f5823b14c442be63e78bb3962,0.3706302919963491
5,mse,1.0,0.2,r5_mse_sigma1_lr0.2,112,ok,,3.1435118822519037,8.739515148273833,60,1268.293368295916,4.2469219768063105e-05,0.053863429788536255,0.053863429788536255,23158049f8a287709543a55b89f8943218b08cba397a67e034633640e70c99f6,7cf215d2f9edfe114fd58221406c9b8614d936ff435dd52843f07d52d239e8f0,b0126d22db14df8032614d0be237f7ba7f8faae015df79310d48a47a7e019709,3dd0b47c3c1ce23069083c16d0c2272714da54db5025db5646fd1228b010a5e8,0.3746068330001435
5,mse,1.0,0.2,r5_mse_sigma1_lr0.2,113,ok,,2.5497981710525,8.135074069521478,60,1314.2362763313256,4.7321308777261114e-05,0.06219138063855252,0.06219138063855252,1130bcd06d370ab57f1bc3a67409c755b267648b80a0f46e840060bb010d3ab8,c3ccfdf546077e3988ee6c948ab6a99fff1f54ea8f05150e1add2348f19c7b75,494a09d0cb32c8fd575150abd91ad12074451b075c550159cd5a0edda3ce9c1b,db95c591d5ad7a1f08531cf0e04985b931fc730f28e8ed47b8c7c5d8ecd8db0c,0.36707962500076974
5,mse,1.0,0.2,r5_mse_sigma1_lr0.2,114,ok,,2.1439970682030003,7.803831153412743,60,1250.3147553593997,3.7430285335683425e-05,0.04679963805251754,0.04679963805251754,c8a7a565f4c34afcedf377bd8a33aee023bbafec99430b278d5183f906311b3e,34475f4f2a54c2f51b87ca6e4090248db2d1c3bf4a93c1e597425a64dfa7c24d,9fc9306ab4737b5804dc59a07264243c6abc622ca16efa0cd4d6bddf38b05e36,52ceac77e1e0c99a5de90b23d52d3e2f15eb08da92d5b6842d3e92834a138f22,0.3686418750003213
5,mse,1.0,0.2,r5_mse_sigma1_lr0.2,115,ok,,2.5989456536934834,8.2195777457113,60,1297.3894156711053,3.8027042027694666e-05,0.04933588183601135,0.04933588183601135,21e3187a25ce542a7fda12331f6df5573b7aa9cfb19c4d6a1242f48e9ab77257,ffa4fb8ff63f2fd3f92c212f125af732d0fdf126648b3a141a1396d1b2943a85,fae9b80b4b9bbecd172da441f7a298732dc4ec9c5fd56650a16ee48bf4f2164a,c3a0cabd7487508470d585545f7b6a856897b0410105302f1b4d5c12944c190d,0.36892529200122226
5,mse,1.0,0.2,r5_mse_sigma1_lr0.2,116,ok,,2.1383485652988052,7.8558054265329975,60,1279.9911134809126,4.258613245883699e-05,0.0545098711048324,0.054509871104832394,b240340bda42b13e461b839e854e8931eb9b197c11fad589d1f07877b5a6c105,82a738c98e33ae7527a4b39c2218f7ec9f26aeddfccfd23d7ba036670214902e,67eaeaae05cc33550f061649f99bb92951375c55491458d36e2f1c224114a8b1,0d285e8573294ff0f8d626c9d7c79b1ffa6d14fb3071ba7be902aa48627a1c7e,0.3698240000012447
5,mse,1.0,0.2,r5_mse_sigma1_lr0.2,117,ok,,2.402598226753339,8.116465624335214,60,1256.3041063969154,3.441085598161851e-05,0.04323049967434019,0.04323049967434019,2ff937c83d36f7b3a5406c91e8755c50ce932575e34db68925452587b0ab77d6,cdf25d405b5fe37947efb89cf322d90a325944cb0f0b1c74e63c9bef676409c9,6d2e8203ab09f7481803ba6cac1d0fef11989f0d29cc5ddaeca62054fed6f238,32821079a74fe63f445d951a557ad18447fced01821fc77b6b8d137d2fe48881,0.37041070900158957
5,mse,1.0,0.2,r5_mse_sigma1_lr0.2,118,ok,,2.2913687053682708,7.989220472222843,60,1337.1592744410266,3.958573592433643e-05,0.052932433926799784,0.052932433926799784,f9372f8f74b3a18b86f9a9dd960278381003e836073cde71119d3b892dde9434,59bdc0f89b4338bedfcb41a006c7270700c3c9b7dcc404f90ce523a6de72153f,3672d037714419789c221c8c7564a09d4bd2e60bbf08a0fa3cd13f9a40a45c57,ffdd2708cda2855a18fd4a81398631fadb59f1610b8dd3d36eefe8f678572c16,0.36906116700265557
5,mse,1.0,0.2,r5_mse_sigma1_lr0.2,119,ok,,2.198555604230081,7.851445127734737,60,1229.6892291148336,3.266311879620758e-05,0.04016548537299473,0.04016548537299473,9cc5a5818d004f0f1492c246ba3ab8685b2df3f7dfd15cdf113ebebec42d8dee,b4b89830e7b456b55a2d8bf5cd702abc3d8f249d69772640d3613c7c3883f235,a56289775eec0ce432a321db146cf9b88569ccab3daaa3aefaeb57ea0050cb73,01bf4e2b10f88360652600d185a9d719f05502f25f089d70da96eafa7fe4dfe3,0.36963691599521553
5,mse,1.0,0.2,r5_mse_sigma1_lr0.2,120,ok,,2.178790088435655,7.798030866157665,60,1282.671050057731,3.8282142638039425e-05,0.049103396095993866,0.049103396095993866,69e5aaf107b63f46b6b057dfe99d3189e4f485b9649136f1718f398f646e43c6,edec6b504324ff4ca21bfe1724b68c91d15940a01c61e711c5d594301c2472db,be8ede604a893ee87034e6fb596cea91ea3be8f191d448807bebae1ef6fbfe79,dff4b17a330f664ec4d31f507c7603e7842ac94d65226c760d6e78cfa953aeb7,0.3661069580048206
5,nll,1.0,0.005,r5_nll_sigma1_lr0.005,111,ok,,0.8496441644504833,6.593941703298593,60,0.00024209500563125691,212.89514688292408,0.05154085178348877,0.05154085178348877,6f4599f803588363f7f3f06a30082972087391773f80fd6d7eb3eadc6484859e,d1c56984458c037ac512580f74df185ac4c111a702212c7cfaf13c1ca65aebe9,46ec6552ea8abd2c67a85ebf993bb74a1984e0f557904f8a35ae4eb6d2b596da,ff013eda1d426d67006a334f6583897c614d689f5823b14c442be63e78bb3962,0.36998029100504937
5,nll,1.0,0.005,r5_nll_sigma1_lr0.005,112,ok,,0.7094957752573788,6.332543938357769,60,0.0002934272899054406,183.56653127217376,0.053863429788536255,0.05386342978853626,23158049f8a287709543a55b89f8943218b08cba397a67e034633640e70c99f6,7cf215d2f9edfe114fd58221406c9b8614d936ff435dd52843f07d52d239e8f0,b0126d22db14df8032614d0be237f7ba7f8faae015df79310d48a47a7e019709,3dd0b47c3c1ce23069083c16d0c2272714da54db5025db5646fd1228b010a5e8,0.3668628340019495
5,nll,1.0,0.005,r5_nll_sigma1_lr0.005,113,ok,,0.8153236862535834,6.438554347450586,60,0.0007616816941630268,81.65009230908649,0.06219138063855252,0.06219138063855252,1130bcd06d370ab57f1bc3a67409c755b267648b80a0f46e840060bb010d3ab8,c3ccfdf546077e3988ee6c948ab6a99fff1f54ea8f05150e1add2348f19c7b75,494a09d0cb32c8fd575150abd91ad12074451b075c550159cd5a0edda3ce9c1b,db95c591d5ad7a1f08531cf0e04985b931fc730f28e8ed47b8c7c5d8ecd8db0c,0.36997566599893617
5,nll,1.0,0.005,r5_nll_sigma1_lr0.005,114,ok,,0.6845242414807287,6.37854469316628,60,0.00023518420443182012,198.99141681551473,0.04679963805251754,0.04679963805251754,c8a7a565f4c34afcedf377bd8a33aee023bbafec99430b278d5183f906311b3e,34475f4f2a54c2f51b87ca6e4090248db2d1c3bf4a93c1e597425a64dfa7c24d,9fc9306ab4737b5804dc59a07264243c6abc622ca16efa0cd4d6bddf38b05e36,52ceac77e1e0c99a5de90b23d52d3e2f15eb08da92d5b6842d3e92834a138f22,0.3677539580021403
5,nll,1.0,0.005,r5_nll_sigma1_lr0.005,115,ok,,0.8858430457731254,6.473067788053293,60,0.00029668042773532157,166.29301168469908,0.04933588183601135,0.04933588183601135,21e3187a25ce542a7fda12331f6df5573b7aa9cfb19c4d6a1242f48e9ab77257,ffa4fb8ff63f2fd3f92c212f125af732d0fdf126648b3a141a1396d1b2943a85,fae9b80b4b9bbecd172da441f7a298732dc4ec9c5fd56650a16ee48bf4f2164a,c3a0cabd7487508470d585545f7b6a856897b0410105302f1b4d5c12944c190d,0.36285625000164146
5,nll,1.0,0.005,r5_nll_sigma1_lr0.005,116,ok,,0.8305680556538599,6.486391747113745,60,0.00024870683717472767,219.17319091045647,0.0545098711048324,0.0545098711048324,b240340bda42b13e461b839e854e8931eb9b197c11fad589d1f07877b5a6c105,82a738c98e33ae7527a4b39c2218f7ec9f26aeddfccfd23d7ba036670214902e,67eaeaae05cc33550f061649f99bb92951375c55491458d36e2f1c224114a8b1,0d285e8573294ff0f8d626c9d7c79b1ffa6d14fb3071ba7be902aa48627a1c7e,0.3663310409974656
5,nll,1.0,0.005,r5_nll_sigma1_lr0.005,117,ok,,0.7136118781462837,6.388368423032032,60,0.00018376735700762097,235.2458041421763,0.04323049967434019,0.04323049967434019,2ff937c83d36f7b3a5406c91e8755c50ce932575e34db68925452587b0ab77d6,cdf25d405b5fe37947efb89cf322d90a325944cb0f0b1c74e63c9bef676409c9,6d2e8203ab09f7481803ba6cac1d0fef11989f0d29cc5ddaeca62054fed6f238,32821079a74fe63f445d951a557ad18447fced01821fc77b6b8d137d2fe48881,0.3677285000012489
5,nll,1.0,0.005,r5_nll_sigma1_lr0.005,118,ok,,0.7127140074614442,6.472611370698969,60,0.00012362401233543654,428.17275484616204,0.052932433926799784,0.052932433926799784,f9372f8f74b3a18b86f9a9dd960278381003e836073cde71119d3b892dde9434,59bdc0f89b4338bedfcb41a006c7270700c3c9b7dcc404f90ce523a6de72153f,3672d037714419789c221c8c7564a09d4bd2e60bbf08a0fa3cd13f9a40a45c57,ffdd2708cda2855a18fd4a81398631fadb59f1610b8dd3d36eefe8f678572c16,0.37021629100490827
5,nll,1.0,0.005,r5_nll_sigma1_lr0.005,119,ok,,0.8000975782102335,6.398158429346617,60,0.00015816255398075582,253.95066254356138,0.04016548537299473,0.04016548537299473,9cc5a5818d004f0f1492c246ba3ab8685b2df3f7dfd15cdf113ebebec42d8dee,b4b89830e7b456b55a2d8bf5cd702abc3d8f249d69772640d3613c7c3883f235,a56289775eec0ce432a321db146cf9b88569ccab3daaa3aefaeb57ea0050cb73,01bf4e2b10f88360652600d185a9d719f05502f25f089d70da96eafa7fe4dfe3,0.36663320799561916
5,nll,1.0,0.005,r5_nll_sigma1_lr0.005,120,ok,,0.7909961554747582,6.501085781025738,60,0.00028641345609368995,171.44235038989035,0.049103396095993866,0.049103396095993866,69e5aaf107b63f46b6b057dfe99d3189e4f485b9649136f1718f398f646e43c6,edec6b504324ff4ca21bfe1724b68c91d15940a01c61e711c5d594301c2472db,be8ede604a893ee87034e6fb596cea91ea3be8f191d448807bebae1ef6fbfe79,dff4b17a330f664ec4d31f507c7603e7842ac94d65226c760d6e78cfa953aeb7,0.36625075000483776
5,nll,1.0,0.01,r5_nll_sigma1_lr0.01,111,ok,,0.7338003255996132,6.511400222970047,60,0.00024209500563125691,212.89514688292408,0.05154085178348877,0.05154085178348877,6f4599f803588363f7f3f06a30082972087391773f80fd6d7eb3eadc6484859e,d1c56984458c037ac512580f74df185ac4c111a702212c7cfaf13c1ca65aebe9,46ec6552ea8abd2c67a85ebf993bb74a1984e0f557904f8a35ae4eb6d2b596da,ff013eda1d426d67006a334f6583897c614d689f5823b14c442be63e78bb3962,0.36996691699459916
5,nll,1.0,0.01,r5_nll_sigma1_lr0.01,112,ok,,0.5513783498517201,6.1915027810707395,60,0.0002934272899054406,183.56653127217376,0.053863429788536255,0.05386342978853626,23158049f8a287709543a55b89f8943218b08cba397a67e034633640e70c99f6,7cf215d2f9edfe114fd58221406c9b8614d936ff435dd52843f07d52d239e8f0,b0126d22db14df8032614d0be237f7ba7f8faae015df79310d48a47a7e019709,3dd0b47c3c1ce23069083c16d0c2272714da54db5025db5646fd1228b010a5e8,0.3725696670007892
5,nll,1.0,0.01,r5_nll_sigma1_lr0.01,113,ok,,0.6906055295687121,6.280837210042552,60,0.0007616816941630268,81.65009230908649,0.06219138063855252,0.06219138063855252,1130bcd06d370ab57f1bc3a67409c755b267648b80a0f46e840060bb010d3ab8,c3ccfdf546077e3988ee6c948ab6a99fff1f54ea8f05150e1add2348f19c7b75,494a09d0cb32c8fd575150abd91ad12074451b075c550159cd5a0edda3ce9c1b,db95c591d5ad7a1f08531cf0e04985b931fc730f28e8ed47b8c7c5d8ecd8db0c,0.3693827919996693
5,nll,1.0,0.01,r5_nll_sigma1_lr0.01,114,ok,,0.5802709261119219,6.262900159185389,60,0.00023518420443182012,198.99141681551473,0.04679963805251754,0.04679963805251754,c8a7a565f4c34afcedf377bd8a33aee023bbafec99430b278d5183f906311b3e,34475f4f2a54c2f51b87ca6e4090248db2d1c3bf4a93c1e597425a64dfa7c24d,9fc9306ab4737b5804dc59a07264243c6abc622ca16efa0cd4d6bddf38b05e36,52ceac77e1e0c99a5de90b23d52d3e2f15eb08da92d5b6842d3e92834a138f22,0.3677506669991999
5,nll,1.0,0.01,r5_nll_sigma1_lr0.01,115,ok,,0.7647083420848981,6.334617317578017,60,0.00029668042773532157,166.29301168469908,0.04933588183601135,0.04933588183601135,21e3187a25ce542a7fda12331f6df5573b7aa9cfb19c4d6a1242f48e9ab77257,ffa4fb8ff63f2fd3f92c212f125af732d0fdf126648b3a141a1396d1b2943a85,fae9b80b4b9bbecd172da441f7a298732dc4ec9c5fd56650a16ee48bf4f2164a,c3a0cabd7487508470d585545f7b6a856897b0410105302f1b4d5c12944c190d,0.36822358300560154
5,nll,1.0,0.01,r5_nll_sigma1_lr0.01,116,ok,,0.7931297751945534,6.462651984613868,60,0.00024870683717472767,219.17319091045647,0.0545098711048324,0.0545098711048324,b240340bda42b13e461b839e854e8931eb9b197c11fad589d1f07877b5a6c105,82a738c98e33ae7527a4b39c2218f7ec9f26aeddfccfd23d7ba036670214902e,67eaeaae05cc33550f061649f99bb92951375c55491458d36e2f1c224114a8b1,0d285e8573294ff0f8d626c9d7c79b1ffa6d14fb3071ba7be902aa48627a1c7e,0.36894958299672
5,nll,1.0,0.01,r5_nll_sigma1_lr0.01,117,ok,,0.7582623379722276,6.391350066005654,60,0.00018376735700762097,235.2458041421763,0.04323049967434019,0.04323049967434019,2ff937c83d36f7b3a5406c91e8755c50ce932575e34db68925452587b0ab77d6,cdf25d405b5fe37947efb89cf322d90a325944cb0f0b1c74e63c9bef676409c9,6d2e8203ab09f7481803ba6cac1d0fef11989f0d29cc5ddaeca62054fed6f238,32821079a74fe63f445d951a557ad18447fced01821fc77b6b8d137d2fe48881,0.3684647499976563
5,nll,1.0,0.01,r5_nll_sigma1_lr0.01,118,ok,,0.5582834416495288,6.2577869545983615,60,0.00012362401233543654,428.17275484616204,0.052932433926799784,0.052932433926799784,f9372f8f74b3a18b86f9a9dd960278381003e836073cde71119d3b892dde9434,59bdc0f89b4338bedfcb41a006c7270700c3c9b7dcc404f90ce523a6de72153f,3672d037714419789c221c8c7564a09d4bd2e60bbf08a0fa3cd13f9a40a45c57,ffdd2708cda2855a18fd4a81398631fadb59f1610b8dd3d36eefe8f678572c16,0.36597195899958024
5,nll,1.0,0.01,r5_nll_sigma1_lr0.01,119,ok,,0.6712194295643611,6.262983639108314,60,0.00015816255398075582,253.95066254356138,0.04016548537299473,0.04016548537299473,9cc5a5818d004f0f1492c246ba3ab8685b2df3f7dfd15cdf113ebebec42d8dee,b4b89830e7b456b55a2d8bf5cd702abc3d8f249d69772640d3613c7c3883f235,a56289775eec0ce432a321db146cf9b88569ccab3daaa3aefaeb57ea0050cb73,01bf4e2b10f88360652600d185a9d719f05502f25f089d70da96eafa7fe4dfe3,0.3691178749941173
5,nll,1.0,0.01,r5_nll_sigma1_lr0.01,120,ok,,0.7207090756800814,6.432607800765128,60,0.00028641345609368995,171.44235038989035,0.049103396095993866,0.049103396095993866,69e5aaf107b63f46b6b057dfe99d3189e4f485b9649136f1718f398f646e43c6,edec6b504324ff4ca21bfe1724b68c91d15940a01c61e711c5d594301c2472db,be8ede604a893ee87034e6fb596cea91ea3be8f191d448807bebae1ef6fbfe79,dff4b17a330f664ec4d31f507c7603e7842ac94d65226c760d6e78cfa953aeb7,0.369941959004791
5,nll,1.0,0.02,r5_nll_sigma1_lr0.02,111,ok,,0.6450379655875991,6.389737937209044,60,0.00024209500563125691,212.89514688292408,0.05154085178348877,0.05154085178348877,6f4599f803588363f7f3f06a30082972087391773f80fd6d7eb3eadc6484859e,d1c56984458c037ac512580f74df185ac4c111a702212c7cfaf13c1ca65aebe9,46ec6552ea8abd2c67a85ebf993bb74a1984e0f557904f8a35ae4eb6d2b596da,ff013eda1d426d67006a334f6583897c614d689f5823b14c442be63e78bb3962,0.36887087499781046
5,nll,1.0,0.02,r5_nll_sigma1_lr0.02,112,ok,,0.4482998727888322,6.118363714496267,60,0.0002934272899054406,183.56653127217376,0.053863429788536255,0.05386342978853626,23158049f8a287709543a55b89f8943218b08cba397a67e034633640e70c99f6,7cf215d2f9edfe114fd58221406c9b8614d936ff435dd52843f07d52d239e8f0,b0126d22db14df8032614d0be237f7ba7f8faae015df79310d48a47a7e019709,3dd0b47c3c1ce23069083c16d0c2272714da54db5025db5646fd1228b010a5e8,0.36910429099953035
5,nll,1.0,0.02,r5_nll_sigma1_lr0.02,113,ok,,0.55616944080641,6.160978842206845,60,0.0007616816941630268,81.65009230908649,0.06219138063855252,0.06219138063855252,1130bcd06d370ab57f1bc3a67409c755b267648b80a0f46e840060bb010d3ab8,c3ccfdf546077e3988ee6c948ab6a99fff1f54ea8f05150e1add2348f19c7b75,494a09d0cb32c8fd575150abd91ad12074451b075c550159cd5a0edda3ce9c1b,db95c591d5ad7a1f08531cf0e04985b931fc730f28e8ed47b8c7c5d8ecd8db0c,0.3711914169980446
5,nll,1.0,0.02,r5_nll_sigma1_lr0.02,114,ok,,0.6083873326209717,6.296768810971129,60,0.00023518420443182012,198.99141681551473,0.04679963805251754,0.04679963805251754,c8a7a565f4c34afcedf377bd8a33aee023bbafec99430b278d5183f906311b3e,34475f4f2a54c2f51b87ca6e4090248db2d1c3bf4a93c1e597425a64dfa7c24d,9fc9306ab4737b5804dc59a07264243c6abc622ca16efa0cd4d6bddf38b05e36,52ceac77e1e0c99a5de90b23d52d3e2f15eb08da92d5b6842d3e92834a138f22,0.37321425000118325
5,nll,1.0,0.02,r5_nll_sigma1_lr0.02,115,ok,,0.678445734856055,6.277330881832339,60,0.00029668042773532157,166.29301168469908,0.04933588183601135,0.04933588183601135,21e3187a25ce542a7fda12331f6df5573b7aa9cfb19c4d6a1242f48e9ab77257,ffa4fb8ff63f2fd3f92c212f125af732d0fdf126648b3a141a1396d1b2943a85,fae9b80b4b9bbecd172da441f7a298732dc4ec9c5fd56650a16ee48bf4f2164a,c3a0cabd7487508470d585545f7b6a856897b0410105302f1b4d5c12944c190d,0.36858029200084275
5,nll,1.0,0.02,r5_nll_sigma1_lr0.02,116,ok,,0.6831727824967389,6.336550879205763,60,0.00024870683717472767,219.17319091045647,0.0545098711048324,0.0545098711048324,b240340bda42b13e461b839e854e8931eb9b197c11fad589d1f07877b5a6c105,82a738c98e33ae7527a4b39c2218f7ec9f26aeddfccfd23d7ba036670214902e,67eaeaae05cc33550f061649f99bb92951375c55491458d36e2f1c224114a8b1,0d285e8573294ff0f8d626c9d7c79b1ffa6d14fb3071ba7be902aa48627a1c7e,0.36853766700369306
5,nll,1.0,0.02,r5_nll_sigma1_lr0.02,117,ok,,0.7071786750025142,6.358455528218026,60,0.00018376735700762097,235.2458041421763,0.04323049967434019,0.04323049967434019,2ff937c83d36f7b3a5406c91e8755c50ce932575e34db68925452587b0ab77d6,cdf25d405b5fe37947efb89cf322d90a325944cb0f0b1c74e63c9bef676409c9,6d2e8203ab09f7481803ba6cac1d0fef11989f0d29cc5ddaeca62054fed6f238,32821079a74fe63f445d951a557ad18447fced01821fc77b6b8d137d2fe48881,0.37149033400055487
5,nll,1.0,0.02,r5_nll_sigma1_lr0.02,118,ok,,0.5888330042066587,6.2848630894457305,60,0.00012362401233543654,428.17275484616204,0.052932433926799784,0.052932433926799784,f9372f8f74b3a18b86f9a9dd960278381003e836073cde71119d3b892dde9434,59bdc0f89b4338bedfcb41a006c7270700c3c9b7dcc404f90ce523a6de72153f,3672d037714419789c221c8c7564a09d4bd2e60bbf08a0fa3cd13f9a40a45c57,ffdd2708cda2855a18fd4a81398631fadb59f1610b8dd3d36eefe8f678572c16,0.3718167499973788
5,nll,1.0,0.02,r5_nll_sigma1_lr0.02,119,ok,,0.5906017320216209,6.235086929663125,60,0.00015816255398075582,253.95066254356138,0.04016548537299473,0.04016548537299473,9cc5a5818d004f0f1492c246ba3ab8685b2df3f7dfd15cdf113ebebec42d8dee,b4b89830e7b456b55a2d8bf5cd702abc3d8f249d69772640d3613c7c3883f235,a56289775eec0ce432a321db146cf9b88569ccab3daaa3aefaeb57ea0050cb73,01bf4e2b10f88360652600d185a9d719f05502f25f089d70da96eafa7fe4dfe3,0.36762454099516617
5,nll,1.0,0.02,r5_nll_sigma1_lr0.02,120,ok,,0.663696517177153,6.344491280742914,60,0.00028641345609368995,171.44235038989035,0.049103396095993866,0.049103396095993866,69e5aaf107b63f46b6b057dfe99d3189e4f485b9649136f1718f398f646e43c6,edec6b504324ff4ca21bfe1724b68c91d15940a01c61e711c5d594301c2472db,be8ede604a893ee87034e6fb596cea91ea3be8f191d448807bebae1ef6fbfe79,dff4b17a330f664ec4d31f507c7603e7842ac94d65226c760d6e78cfa953aeb7,0.3687007080006879
5,nll,1.0,0.05,r5_nll_sigma1_lr0.05,111,ok,,0.5107369365193485,6.245696080386666,60,0.00024209500563125691,212.89514688292408,0.05154085178348877,0.05154085178348877,6f4599f803588363f7f3f06a30082972087391773f80fd6d7eb3eadc6484859e,d1c56984458c037ac512580f74df185ac4c111a702212c7cfaf13c1ca65aebe9,46ec6552ea8abd2c67a85ebf993bb74a1984e0f557904f8a35ae4eb6d2b596da,ff013eda1d426d67006a334f6583897c614d689f5823b14c442be63e78bb3962,0.37171241699979873
5,nll,1.0,0.05,r5_nll_sigma1_lr0.05,112,ok,,0.4856665274590353,6.1609880199527325,60,0.0002934272899054406,183.56653127217376,0.053863429788536255,0.05386342978853626,23158049f8a287709543a55b89f8943218b08cba397a67e034633640e70c99f6,7cf215d2f9edfe114fd58221406c9b8614d936ff435dd52843f07d52d239e8f0,b0126d22db14df8032614d0be237f7ba7f8faae015df79310d48a47a7e019709,3dd0b47c3c1ce23069083c16d0c2272714da54db5025db5646fd1228b010a5e8,0.3722845420052181
5,nll,1.0,0.05,r5_nll_sigma1_lr0.05,113,ok,,0.5719641048727295,6.15475551596009,60,0.0007616816941630268,81.65009230908649,0.06219138063855252,0.06219138063855252,1130bcd06d370ab57f1bc3a67409c755b267648b80a0f46e840060bb010d3ab8,c3ccfdf546077e3988ee6c948ab6a99fff1f54ea8f05150e1add2348f19c7b75,494a09d0cb32c8fd575150abd91ad12074451b075c550159cd5a0edda3ce9c1b,db95c591d5ad7a1f08531cf0e04985b931fc730f28e8ed47b8c7c5d8ecd8db0c,0.3696350829995936
5,nll,1.0,0.05,r5_nll_sigma1_lr0.05,114,ok,,0.5533507384470024,6.2462588876553236,60,0.00023518420443182012,198.99141681551473,0.04679963805251754,0.04679963805251754,c8a7a565f4c34afcedf377bd8a33aee023bbafec99430b278d5183f906311b3e,34475f4f2a54c2f51b87ca6e4090248db2d1c3bf4a93c1e597425a64dfa7c24d,9fc9306ab4737b5804dc59a07264243c6abc622ca16efa0cd4d6bddf38b05e36,52ceac77e1e0c99a5de90b23d52d3e2f15eb08da92d5b6842d3e92834a138f22,0.3718593330049771
5,nll,1.0,0.05,r5_nll_sigma1_lr0.05,115,ok,,0.46572392047017197,6.028214627024047,60,0.00029668042773532157,166.29301168469908,0.04933588183601135,0.04933588183601135,21e3187a25ce542a7fda12331f6df5573b7aa9cfb19c4d6a1242f48e9ab77257,ffa4fb8ff63f2fd3f92c212f125af732d0fdf126648b3a141a1396d1b2943a85,fae9b80b4b9bbecd172da441f7a298732dc4ec9c5fd56650a16ee48bf4f2164a,c3a0cabd7487508470d585545f7b6a856897b0410105302f1b4d5c12944c190d,0.37224754199996823
5,nll,1.0,0.05,r5_nll_sigma1_lr0.05,116,ok,,0.508689032781449,6.213844954486848,60,0.00024870683717472767,219.17319091045647,0.0545098711048324,0.0545098711048324,b240340bda42b13e461b839e854e8931eb9b197c11fad589d1f07877b5a6c105,82a738c98e33ae7527a4b39c2218f7ec9f26aeddfccfd23d7ba036670214902e,67eaeaae05cc33550f061649f99bb92951375c55491458d36e2f1c224114a8b1,0d285e8573294ff0f8d626c9d7c79b1ffa6d14fb3071ba7be902aa48627a1c7e,0.37269354200543603
5,nll,1.0,0.05,r5_nll_sigma1_lr0.05,117,ok,,0.6014128259760352,6.280683974536233,60,0.00018376735700762097,235.2458041421763,0.04323049967434019,0.04323049967434019,2ff937c83d36f7b3a5406c91e8755c50ce932575e34db68925452587b0ab77d6,cdf25d405b5fe37947efb89cf322d90a325944cb0f0b1c74e63c9bef676409c9,6d2e8203ab09f7481803ba6cac1d0fef11989f0d29cc5ddaeca62054fed6f238,32821079a74fe63f445d951a557ad18447fced01821fc77b6b8d137d2fe48881,0.3681983339993167
5,nll,1.0,0.05,r5_nll_sigma1_lr0.05,118,ok,,0.506087994658992,6.234423988526675,60,0.00012362401233543654,428.17275484616204,0.052932433926799784,0.052932433926799784,f9372f8f74b3a18b86f9a9dd960278381003e836073cde71119d3b892dde9434,59bdc0f89b4338bedfcb41a006c7270700c3c9b7dcc404f90ce523a6de72153f,3672d037714419789c221c8c7564a09d4bd2e60bbf08a0fa3cd13f9a40a45c57,ffdd2708cda2855a18fd4a81398631fadb59f1610b8dd3d36eefe8f678572c16,0.3708204169961391
5,nll,1.0,0.05,r5_nll_sigma1_lr0.05,119,ok,,0.6707491738010777,6.303485110783025,60,0.00015816255398075582,253.95066254356138,0.04016548537299473,0.04016548537299473,9cc5a5818d004f0f1492c246ba3ab8685b2df3f7dfd15cdf113ebebec42d8dee,b4b89830e7b456b55a2d8bf5cd702abc3d8f249d69772640d3613c7c3883f235,a56289775eec0ce432a321db146cf9b88569ccab3daaa3aefaeb57ea0050cb73,01bf4e2b10f88360652600d185a9d719f05502f25f089d70da96eafa7fe4dfe3,0.3709443330008071
5,nll,1.0,0.05,r5_nll_sigma1_lr0.05,120,ok,,0.5395126058827167,6.232397811638723,60,0.00028641345609368995,171.44235038989035,0.049103396095993866,0.049103396095993866,69e5aaf107b63f46b6b057dfe99d3189e4f485b9649136f1718f398f646e43c6,edec6b504324ff4ca21bfe1724b68c91d15940a01c61e711c5d594301c2472db,be8ede604a893ee87034e6fb596cea91ea3be8f191d448807bebae1ef6fbfe79,dff4b17a330f664ec4d31f507c7603e7842ac94d65226c760d6e78cfa953aeb7,0.3729278329992667
5,nll,1.0,0.1,r5_nll_sigma1_lr0.1,111,ok,,0.3779934843059228,6.146548436173285,60,0.00024209500563125691,212.89514688292408,0.05154085178348877,0.05154085178348877,6f4599f803588363f7f3f06a30082972087391773f80fd6d7eb3eadc6484859e,d1c56984458c037ac512580f74df185ac4c111a702212c7cfaf13c1ca65aebe9,46ec6552ea8abd2c67a85ebf993bb74a1984e0f557904f8a35ae4eb6d2b596da,ff013eda1d426d67006a334f6583897c614d689f5823b14c442be63e78bb3962,0.3698211250011809
5,nll,1.0,0.1,r5_nll_sigma1_lr0.1,112,ok,,0.5868985654134273,6.235676961667185,60,0.0002934272899054406,183.56653127217376,0.053863429788536255,0.05386342978853626,23158049f8a287709543a55b89f8943218b08cba397a67e034633640e70c99f6,7cf215d2f9edfe114fd58221406c9b8614d936ff435dd52843f07d52d239e8f0,b0126d22db14df8032614d0be237f7ba7f8faae015df79310d48a47a7e019709,3dd0b47c3c1ce23069083c16d0c2272714da54db5025db5646fd1228b010a5e8,0.3708647499952349
5,nll,1.0,0.1,r5_nll_sigma1_lr0.1,113,ok,,0.5214954457806382,6.139652669135905,60,0.0007616816941630268,81.65009230908649,0.06219138063855252,0.06219138063855252,1130bcd06d370ab57f1bc3a67409c755b267648b80a0f46e840060bb010d3ab8,c3ccfdf546077e3988ee6c948ab6a99fff1f54ea8f05150e1add2348f19c7b75,494a09d0cb32c8fd575150abd91ad12074451b075c550159cd5a0edda3ce9c1b,db95c591d5ad7a1f08531cf0e04985b931fc730f28e8ed47b8c7c5d8ecd8db0c,0.3751086660049623
5,nll,1.0,0.1,r5_nll_sigma1_lr0.1,114,ok,,0.6203554281510838,6.331335636739855,60,0.00023518420443182012,198.99141681551473,0.04679963805251754,0.04679963805251754,c8a7a565f4c34afcedf377bd8a33aee023bbafec99430b278d5183f906311b3e,34475f4f2a54c2f51b87ca6e4090248db2d1c3bf4a93c1e597425a64dfa7c24d,9fc9306ab4737b5804dc59a07264243c6abc622ca16efa0cd4d6bddf38b05e36,52ceac77e1e0c99a5de90b23d52d3e2f15eb08da92d5b6842d3e92834a138f22,0.37602099999639904
5,nll,1.0,0.1,r5_nll_sigma1_lr0.1,115,ok,,0.5947704529190389,6.170124392502022,60,0.00029668042773532157,166.29301168469908,0.04933588183601135,0.04933588183601135,21e3187a25ce542a7fda12331f6df5573b7aa9cfb19c4d6a1242f48e9ab77257,ffa4fb8ff63f2fd3f92c212f125af732d0fdf126648b3a141a1396d1b2943a85,fae9b80b4b9bbecd172da441f7a298732dc4ec9c5fd56650a16ee48bf4f2164a,c3a0cabd7487508470d585545f7b6a856897b0410105302f1b4d5c12944c190d,0.3692819999996573
5,nll,1.0,0.1,r5_nll_sigma1_lr0.1,116,ok,,0.5369518734151082,6.196504965593227,60,0.00024870683717472767,219.17319091045647,0.0545098711048324,0.0545098711048324,b240340bda42b13e461b839e854e8931eb9b197c11fad589d1f07877b5a6c105,82a738c98e33ae7527a4b39c2218f7ec9f26aeddfccfd23d7ba036670214902e,67eaeaae05cc33550f061649f99bb92951375c55491458d36e2f1c224114a8b1,0d285e8573294ff0f8d626c9d7c79b1ffa6d14fb3071ba7be902aa48627a1c7e,0.3695379159980803
5,nll,1.0,0.1,r5_nll_sigma1_lr0.1,117,ok,,0.6117562705107827,6.256508290983136,60,0.00018376735700762097,235.2458041421763,0.04323049967434019,0.04323049967434019,2ff937c83d36f7b3a5406c91e8755c50ce932575e34db68925452587b0ab77d6,cdf25d405b5fe37947efb89cf322d90a325944cb0f0b1c74e63c9bef676409c9,6d2e8203ab09f7481803ba6cac1d0fef11989f0d29cc5ddaeca62054fed6f238,32821079a74fe63f445d951a557ad18447fced01821fc77b6b8d137d2fe48881,0.3724382919972413
5,nll,1.0,0.1,r5_nll_sigma1_lr0.1,118,ok,,0.5031498357368273,6.237908233917478,60,0.00012362401233543654,428.17275484616204,0.052932433926799784,0.052932433926799784,f9372f8f74b3a18b86f9a9dd960278381003e836073cde71119d3b892dde9434,59bdc0f89b4338bedfcb41a006c7270700c3c9b7dcc404f90ce523a6de72153f,3672d037714419789c221c8c7564a09d4bd2e60bbf08a0fa3cd13f9a40a45c57,ffdd2708cda2855a18fd4a81398631fadb59f1610b8dd3d36eefe8f678572c16,0.3748525410046568
5,nll,1.0,0.1,r5_nll_sigma1_lr0.1,119,ok,,0.48456539653756087,6.129077593302094,60,0.00015816255398075582,253.95066254356138,0.04016548537299473,0.04016548537299473,9cc5a5818d004f0f1492c246ba3ab8685b2df3f7dfd15cdf113ebebec42d8dee,b4b89830e7b456b55a2d8bf5cd702abc3d8f249d69772640d3613c7c3883f235,a56289775eec0ce432a321db146cf9b88569ccab3daaa3aefaeb57ea0050cb73,01bf4e2b10f88360652600d185a9d719f05502f25f089d70da96eafa7fe4dfe3,0.3705290830039303
5,nll,1.0,0.1,r5_nll_sigma1_lr0.1,120,ok,,0.541014517138675,6.2652938696958556,60,0.00028641345609368995,171.44235038989035,0.049103396095993866,0.049103396095993866,69e5aaf107b63f46b6b057dfe99d3189e4f485b9649136f1718f398f646e43c6,edec6b504324ff4ca21bfe1724b68c91d15940a01c61e711c5d594301c2472db,be8ede604a893ee87034e6fb596cea91ea3be8f191d448807bebae1ef6fbfe79,dff4b17a330f664ec4d31f507c7603e7842ac94d65226c760d6e78cfa953aeb7,0.3715411250013858
5,nll,1.0,0.2,r5_nll_sigma1_lr0.2,111,ok,,0.48372090758319614,6.2157503491279495,60,0.00024209500563125691,212.89514688292408,0.05154085178348877,0.05154085178348877,6f4599f803588363f7f3f06a30082972087391773f80fd6d7eb3eadc6484859e,d1c56984458c037ac512580f74df185ac4c111a702212c7cfaf13c1ca65aebe9,46ec6552ea8abd2c67a85ebf993bb74a1984e0f557904f8a35ae4eb6d2b596da,ff013eda1d426d67006a334f6583897c614d689f5823b14c442be63e78bb3962,0.3744165000025532
5,nll,1.0,0.2,r5_nll_sigma1_lr0.2,112,ok,,1.6575537045046964,7.288253754226558,60,0.0002934272899054406,183.56653127217376,0.053863429788536255,0.05386342978853626,23158049f8a287709543a55b89f8943218b08cba397a67e034633640e70c99f6,7cf215d2f9edfe114fd58221406c9b8614d936ff435dd52843f07d52d239e8f0,b0126d22db14df8032614d0be237f7ba7f8faae015df79310d48a47a7e019709,3dd0b47c3c1ce23069083c16d0c2272714da54db5025db5646fd1228b010a5e8,0.3742249169954448
5,nll,1.0,0.2,r5_nll_sigma1_lr0.2,113,ok,,1.4459094397188985,7.0547470058294675,60,0.0007616816941630268,81.65009230908649,0.06219138063855252,0.06219138063855252,1130bcd06d370ab57f1bc3a67409c755b267648b80a0f46e840060bb010d3ab8,c3ccfdf546077e3988ee6c948ab6a99fff1f54ea8f05150e1add2348f19c7b75,494a09d0cb32c8fd575150abd91ad12074451b075c550159cd5a0edda3ce9c1b,db95c591d5ad7a1f08531cf0e04985b931fc730f28e8ed47b8c7c5d8ecd8db0c,0.3700414170016302
5,nll,1.0,0.2,r5_nll_sigma1_lr0.2,114,ok,,1.3041888468310954,6.988778719193398,60,0.00023518420443182012,198.99141681551473,0.04679963805251754,0.04679963805251754,c8a7a565f4c34afcedf377bd8a33aee023bbafec99430b278d5183f906311b3e,34475f4f2a54c2f51b87ca6e4090248db2d1c3bf4a93c1e597425a64dfa7c24d,9fc9306ab4737b5804dc59a07264243c6abc622ca16efa0cd4d6bddf38b05e36,52ceac77e1e0c99a5de90b23d52d3e2f15eb08da92d5b6842d3e92834a138f22,0.3705910839998978
5,nll,1.0,0.2,r5_nll_sigma1_lr0.2,115,ok,,1.480107115196113,7.051855572118293,60,0.00029668042773532157,166.29301168469908,0.04933588183601135,0.04933588183601135,21e3187a25ce542a7fda12331f6df5573b7aa9cfb19c4d6a1242f48e9ab77257,ffa4fb8ff63f2fd3f92c212f125af732d0fdf126648b3a141a1396d1b2943a85,fae9b80b4b9bbecd172da441f7a298732dc4ec9c5fd56650a16ee48bf4f2164a,c3a0cabd7487508470d585545f7b6a856897b0410105302f1b4d5c12944c190d,0.3735453330009477
5,nll,1.0,0.2,r5_nll_sigma1_lr0.2,116,ok,,1.1955074300135196,6.868477419445491,60,0.00024870683717472767,219.17319091045647,0.0545098711048324,0.0545098711048324,b240340bda42b13e461b839e854e8931eb9b197c11fad589d1f07877b5a6c105,82a738c98e33ae7527a4b39c2218f7ec9f26aeddfccfd23d7ba036670214902e,67eaeaae05cc33550f061649f99bb92951375c55491458d36e2f1c224114a8b1,0d285e8573294ff0f8d626c9d7c79b1ffa6d14fb3071ba7be902aa48627a1c7e,0.3749173339965637
5,nll,1.0,0.2,r5_nll_sigma1_lr0.2,117,ok,,1.4043813815228963,7.120342374208569,60,0.00018376735700762097,235.2458041421763,0.04323049967434019,0.04323049967434019,2ff937c83d36f7b3a5406c91e8755c50ce932575e34db68925452587b0ab77d6,cdf25d405b5fe37947efb89cf322d90a325944cb0f0b1c74e63c9bef676409c9,6d2e8203ab09f7481803ba6cac1d0fef11989f0d29cc5ddaeca62054fed6f238,32821079a74fe63f445d951a557ad18447fced01821fc77b6b8d137d2fe48881,0.3715400410001166
5,nll,1.0,0.2,r5_nll_sigma1_lr0.2,118,ok,,1.1446289981686617,6.849546135886433,60,0.00012362401233543654,428.17275484616204,0.052932433926799784,0.052932433926799784,f9372f8f74b3a18b86f9a9dd960278381003e836073cde71119d3b892dde9434,59bdc0f89b4338bedfcb41a006c7270700c3c9b7dcc404f90ce523a6de72153f,3672d037714419789c221c8c7564a09d4bd2e60bbf08a0fa3cd13f9a40a45c57,ffdd2708cda2855a18fd4a81398631fadb59f1610b8dd3d36eefe8f678572c16,0.37107854199712165
5,nll,1.0,0.2,r5_nll_sigma1_lr0.2,119,ok,,1.1900085625808954,6.810720354281333,60,0.00015816255398075582,253.95066254356138,0.04016548537299473,0.04016548537299473,9cc5a5818d004f0f1492c246ba3ab8685b2df3f7dfd15cdf113ebebec42d8dee,b4b89830e7b456b55a2d8bf5cd702abc3d8f249d69772640d3613c7c3883f235,a56289775eec0ce432a321db146cf9b88569ccab3daaa3aefaeb57ea0050cb73,01bf4e2b10f88360652600d185a9d719f05502f25f089d70da96eafa7fe4dfe3,0.37400295800034655
5,nll,1.0,0.2,r5_nll_sigma1_lr0.2,120,ok,,1.6599236378780893,7.324741539959563,60,0.00028641345609368995,171.44235038989035,0.049103396095993866,0.049103396095993866,69e5aaf107b63f46b6b057dfe99d3189e4f485b9649136f1718f398f646e43c6,edec6b504324ff4ca21bfe1724b68c91d15940a01c61e711c5d594301c2472db,be8ede604a893ee87034e6fb596cea91ea3be8f191d448807bebae1ef6fbfe79,dff4b17a330f664ec4d31f507c7603e7842ac94d65226c760d6e78cfa953aeb7,0.3787464999986696
5,parity,1.0,0.005,r5_parity_sigma1_lr0.005,111,ok,,0.7348151560978666,6.490079140680208,60,1.0,0.05154085178348877,0.05154085178348877,0.05154085178348877,6f4599f803588363f7f3f06a30082972087391773f80fd6d7eb3eadc6484859e,d1c56984458c037ac512580f74df185ac4c111a702212c7cfaf13c1ca65aebe9,46ec6552ea8abd2c67a85ebf993bb74a1984e0f557904f8a35ae4eb6d2b596da,ff013eda1d426d67006a334f6583897c614d689f5823b14c442be63e78bb3962,0.468801999995776
5,parity,1.0,0.005,r5_parity_sigma1_lr0.005,112,ok,,0.7157833747839217,6.322117043309416,60,1.0,0.053863429788536255,0.053863429788536255,0.053863429788536255,23158049f8a287709543a55b89f8943218b08cba397a67e034633640e70c99f6,7cf215d2f9edfe114fd58221406c9b8614d936ff435dd52843f07d52d239e8f0,b0126d22db14df8032614d0be237f7ba7f8faae015df79310d48a47a7e019709,3dd0b47c3c1ce23069083c16d0c2272714da54db5025db5646fd1228b010a5e8,0.4658720000006724
5,parity,1.0,0.005,r5_parity_sigma1_lr0.005,113,ok,,0.7438695018775597,6.347277898465216,60,1.0,0.06219138063855252,0.06219138063855252,0.06219138063855252,1130bcd06d370ab57f1bc3a67409c755b267648b80a0f46e840060bb010d3ab8,c3ccfdf546077e3988ee6c948ab6a99fff1f54ea8f05150e1add2348f19c7b75,494a09d0cb32c8fd575150abd91ad12074451b075c550159cd5a0edda3ce9c1b,db95c591d5ad7a1f08531cf0e04985b931fc730f28e8ed47b8c7c5d8ecd8db0c,0.46917866600415437
5,parity,1.0,0.005,r5_parity_sigma1_lr0.005,114,ok,,0.6572247848819491,6.346004146364686,60,1.0,0.04679963805251754,0.04679963805251754,0.04679963805251754,c8a7a565f4c34afcedf377bd8a33aee023bbafec99430b278d5183f906311b3e,34475f4f2a54c2f51b87ca6e4090248db2d1c3bf4a93c1e597425a64dfa7c24d,9fc9306ab4737b5804dc59a07264243c6abc622ca16efa0cd4d6bddf38b05e36,52ceac77e1e0c99a5de90b23d52d3e2f15eb08da92d5b6842d3e92834a138f22,0.4735335420045885
5,parity,1.0,0.005,r5_parity_sigma1_lr0.005,115,ok,,0.7237765234448923,6.306805644885754,60,1.0,0.04933588183601135,0.04933588183601135,0.04933588183601135,21e3187a25ce542a7fda12331f6df5573b7aa9cfb19c4d6a1242f48e9ab77257,ffa4fb8ff63f2fd3f92c212f125af732d0fdf126648b3a141a1396d1b2943a85,fae9b80b4b9bbecd172da441f7a298732dc4ec9c5fd56650a16ee48bf4f2164a,c3a0cabd7487508470d585545f7b6a856897b0410105302f1b4d5c12944c190d,0.4647866250015795
5,parity,1.0,0.005,r5_parity_sigma1_lr0.005,116,ok,,0.7066802812989104,6.344121354480898,60,1.0,0.0545098711048324,0.0545098711048324,0.0545098711048324,b240340bda42b13e461b839e854e8931eb9b197c11fad589d1f07877b5a6c105,82a738c98e33ae7527a4b39c2218f7ec9f26aeddfccfd23d7ba036670214902e,67eaeaae05cc33550f061649f99bb92951375c55491458d36e2f1c224114a8b1,0d285e8573294ff0f8d626c9d7c79b1ffa6d14fb3071ba7be902aa48627a1c7e,0.4655914169998141
5,parity,1.0,0.005,r5_parity_sigma1_lr0.005,117,ok,,0.5509999572308119,6.18710142000236,60,1.0,0.04323049967434019,0.04323049967434019,0.04323049967434019,2ff937c83d36f7b3a5406c91e8755c50ce932575e34db68925452587b0ab77d6,cdf25d405b5fe37947efb89cf322d90a325944cb0f0b1c74e63c9bef676409c9,6d2e8203ab09f7481803ba6cac1d0fef11989f0d29cc5ddaeca62054fed6f238,32821079a74fe63f445d951a557ad18447fced01821fc77b6b8d137d2fe48881,0.47249741700215964
5,parity,1.0,0.005,r5_parity_sigma1_lr0.005,118,ok,,0.7933680788476516,6.4944775100448195,60,1.0,0.052932433926799784,0.052932433926799784,0.052932433926799784,f9372f8f74b3a18b86f9a9dd960278381003e836073cde71119d3b892dde9434,59bdc0f89b4338bedfcb41a006c7270700c3c9b7dcc404f90ce523a6de72153f,3672d037714419789c221c8c7564a09d4bd2e60bbf08a0fa3cd13f9a40a45c57,ffdd2708cda2855a18fd4a81398631fadb59f1610b8dd3d36eefe8f678572c16,0.4717543340011616
5,parity,1.0,0.005,r5_parity_sigma1_lr0.005,119,ok,,0.770194400158174,6.371208315524724,60,1.0,0.04016548537299473,0.04016548537299473,0.04016548537299473,9cc5a5818d004f0f1492c246ba3ab8685b2df3f7dfd15cdf113ebebec42d8dee,b4b89830e7b456b55a2d8bf5cd702abc3d8f249d69772640d3613c7c3883f235,a56289775eec0ce432a321db146cf9b88569ccab3daaa3aefaeb57ea0050cb73,01bf4e2b10f88360652600d185a9d719f05502f25f089d70da96eafa7fe4dfe3,0.46763554100471083
5,parity,1.0,0.005,r5_parity_sigma1_lr0.005,120,ok,,0.7974339782391969,6.531804869367392,60,1.0,0.049103396095993866,0.049103396095993866,0.049103396095993866,69e5aaf107b63f46b6b057dfe99d3189e4f485b9649136f1718f398f646e43c6,edec6b504324ff4ca21bfe1724b68c91d15940a01c61e711c5d594301c2472db,be8ede604a893ee87034e6fb596cea91ea3be8f191d448807bebae1ef6fbfe79,dff4b17a330f664ec4d31f507c7603e7842ac94d65226c760d6e78cfa953aeb7,0.4681353750056587
5,parity,1.0,0.01,r5_parity_sigma1_lr0.01,111,ok,,0.5003544333151366,6.222523705289978,60,1.0,0.05154085178348877,0.05154085178348877,0.05154085178348877,6f4599f803588363f7f3f06a30082972087391773f80fd6d7eb3eadc6484859e,d1c56984458c037ac512580f74df185ac4c111a702212c7cfaf13c1ca65aebe9,46ec6552ea8abd2c67a85ebf993bb74a1984e0f557904f8a35ae4eb6d2b596da,ff013eda1d426d67006a334f6583897c614d689f5823b14c442be63e78bb3962,0.4719849579996662
5,parity,1.0,0.01,r5_parity_sigma1_lr0.01,112,ok,,0.43599787774993115,6.092706013755108,60,1.0,0.053863429788536255,0.053863429788536255,0.053863429788536255,23158049f8a287709543a55b89f8943218b08cba397a67e034633640e70c99f6,7cf215d2f9edfe114fd58221406c9b8614d936ff435dd52843f07d52d239e8f0,b0126d22db14df8032614d0be237f7ba7f8faae015df79310d48a47a7e019709,3dd0b47c3c1ce23069083c16d0c2272714da54db5025db5646fd1228b010a5e8,0.47696991699922364
5,parity,1.0,0.01,r5_parity_sigma1_lr0.01,113,ok,,0.5164552161697156,6.102797374480162,60,1.0,0.06219138063855252,0.06219138063855252,0.06219138063855252,1130bcd06d370ab57f1bc3a67409c755b267648b80a0f46e840060bb010d3ab8,c3ccfdf546077e3988ee6c948ab6a99fff1f54ea8f05150e1add2348f19c7b75,494a09d0cb32c8fd575150abd91ad12074451b075c550159cd5a0edda3ce9c1b,db95c591d5ad7a1f08531cf0e04985b931fc730f28e8ed47b8c7c5d8ecd8db0c,0.4707695000033709
5,parity,1.0,0.01,r5_parity_sigma1_lr0.01,114,ok,,0.5620291782122739,6.237210838656172,60,1.0,0.04679963805251754,0.04679963805251754,0.04679963805251754,c8a7a565f4c34afcedf377bd8a33aee023bbafec99430b278d5183f906311b3e,34475f4f2a54c2f51b87ca6e4090248db2d1c3bf4a93c1e597425a64dfa7c24d,9fc9306ab4737b5804dc59a07264243c6abc622ca16efa0cd4d6bddf38b05e36,52ceac77e1e0c99a5de90b23d52d3e2f15eb08da92d5b6842d3e92834a138f22,0.46805512500577606
5,parity,1.0,0.01,r5_parity_sigma1_lr0.01,115,ok,,0.5013779724296356,6.069625282202488,60,1.0,0.04933588183601135,0.04933588183601135,0.04933588183601135,21e3187a25ce542a7fda12331f6df5573b7aa9cfb19c4d6a1242f48e9ab77257,ffa4fb8ff63f2fd3f92c212f125af732d0fdf126648b3a141a1396d1b2943a85,fae9b80b4b9bbecd172da441f7a298732dc4ec9c5fd56650a16ee48bf4f2164a,c3a0cabd7487508470d585545f7b6a856897b0410105302f1b4d5c12944c190d,0.47151941699848976
5,parity,1.0,0.01,r5_parity_sigma1_lr0.01,116,ok,,0.5599039961036749,6.235672272914504,60,1.0,0.0545098711048324,0.0545098711048324,0.0545098711048324,b240340bda42b13e461b839e854e8931eb9b197c11fad589d1f07877b5a6c105,82a738c98e33ae7527a4b39c2218f7ec9f26aeddfccfd23d7ba036670214902e,67eaeaae05cc33550f061649f99bb92951375c55491458d36e2f1c224114a8b1,0d285e8573294ff0f8d626c9d7c79b1ffa6d14fb3071ba7be902aa48627a1c7e,0.4744499999942491
5,parity,1.0,0.01,r5_parity_sigma1_lr0.01,117,ok,,0.502330707588764,6.146340086279943,60,1.0,0.04323049967434019,0.04323049967434019,0.04323049967434019,2ff937c83d36f7b3a5406c91e8755c50ce932575e34db68925452587b0ab77d6,cdf25d405b5fe37947efb89cf322d90a325944cb0f0b1c74e63c9bef676409c9,6d2e8203ab09f7481803ba6cac1d0fef11989f0d29cc5ddaeca62054fed6f238,32821079a74fe63f445d951a557ad18447fced01821fc77b6b8d137d2fe48881,0.4697974999944563
5,parity,1.0,0.01,r5_parity_sigma1_lr0.01,118,ok,,0.5098545121108398,6.206392300963947,60,1.0,0.052932433926799784,0.052932433926799784,0.052932433926799784,f9372f8f74b3a18b86f9a9dd960278381003e836073cde71119d3b892dde9434,59bdc0f89b4338bedfcb41a006c7270700c3c9b7dcc404f90ce523a6de72153f,3672d037714419789c221c8c7564a09d4bd2e60bbf08a0fa3cd13f9a40a45c57,ffdd2708cda2855a18fd4a81398631fadb59f1610b8dd3d36eefe8f678572c16,0.46682924999913666
5,parity,1.0,0.01,r5_parity_sigma1_lr0.01,119,ok,,0.5420251929181619,6.125141796124053,60,1.0,0.04016548537299473,0.04016548537299473,0.04016548537299473,9cc5a5818d004f0f1492c246ba3ab8685b2df3f7dfd15cdf113ebebec42d8dee,b4b89830e7b456b55a2d8bf5cd702abc3d8f249d69772640d3613c7c3883f235,a56289775eec0ce432a321db146cf9b88569ccab3daaa3aefaeb57ea0050cb73,01bf4e2b10f88360652600d185a9d719f05502f25f089d70da96eafa7fe4dfe3,0.4740983329975279
5,parity,1.0,0.01,r5_parity_sigma1_lr0.01,120,ok,,0.4860281850432311,6.193592362772164,60,1.0,0.049103396095993866,0.049103396095993866,0.049103396095993866,69e5aaf107b63f46b6b057dfe99d3189e4f485b9649136f1718f398f646e43c6,edec6b504324ff4ca21bfe1724b68c91d15940a01c61e711c5d594301c2472db,be8ede604a893ee87034e6fb596cea91ea3be8f191d448807bebae1ef6fbfe79,dff4b17a330f664ec4d31f507c7603e7842ac94d65226c760d6e78cfa953aeb7,0.47487379200174473
5,parity,1.0,0.02,r5_parity_sigma1_lr0.02,111,ok,,0.3900245918239394,6.161980375427543,60,1.0,0.05154085178348877,0.05154085178348877,0.05154085178348877,6f4599f803588363f7f3f06a30082972087391773f80fd6d7eb3eadc6484859e,d1c56984458c037ac512580f74df185ac4c111a702212c7cfaf13c1ca65aebe9,46ec6552ea8abd2c67a85ebf993bb74a1984e0f557904f8a35ae4eb6d2b596da,ff013eda1d426d67006a334f6583897c614d689f5823b14c442be63e78bb3962,0.4689787500028615
5,parity,1.0,0.02,r5_parity_sigma1_lr0.02,112,ok,,0.2620603661807859,5.898676264564952,60,1.0,0.053863429788536255,0.053863429788536255,0.053863429788536255,23158049f8a287709543a55b89f8943218b08cba397a67e034633640e70c99f6,7cf215d2f9edfe114fd58221406c9b8614d936ff435dd52843f07d52d239e8f0,b0126d22db14df8032614d0be237f7ba7f8faae015df79310d48a47a7e019709,3dd0b47c3c1ce23069083c16d0c2272714da54db5025db5646fd1228b010a5e8,0.4670891659989138
5,parity,1.0,0.02,r5_parity_sigma1_lr0.02,113,ok,,0.3910466810942733,5.988376378445209,60,1.0,0.06219138063855252,0.06219138063855252,0.06219138063855252,1130bcd06d370ab57f1bc3a67409c755b267648b80a0f46e840060bb010d3ab8,c3ccfdf546077e3988ee6c948ab6a99fff1f54ea8f05150e1add2348f19c7b75,494a09d0cb32c8fd575150abd91ad12074451b075c550159cd5a0edda3ce9c1b,db95c591d5ad7a1f08531cf0e04985b931fc730f28e8ed47b8c7c5d8ecd8db0c,0.47247875000175554
5,parity,1.0,0.02,r5_parity_sigma1_lr0.02,114,ok,,0.49196610460180323,6.1849094983216215,60,1.0,0.04679963805251754,0.04679963805251754,0.04679963805251754,c8a7a565f4c34afcedf377bd8a33aee023bbafec99430b278d5183f906311b3e,34475f4f2a54c2f51b87ca6e4090248db2d1c3bf4a93c1e597425a64dfa7c24d,9fc9306ab4737b5804dc59a07264243c6abc622ca16efa0cd4d6bddf38b05e36,52ceac77e1e0c99a5de90b23d52d3e2f15eb08da92d5b6842d3e92834a138f22,0.47199641699990025
5,parity,1.0,0.02,r5_parity_sigma1_lr0.02,115,ok,,0.45739112474875826,6.024664631066386,60,1.0,0.04933588183601135,0.04933588183601135,0.04933588183601135,21e3187a25ce542a7fda12331f6df5573b7aa9cfb19c4d6a1242f48e9ab77257,ffa4fb8ff63f2fd3f92c212f125af732d0fdf126648b3a141a1396d1b2943a85,fae9b80b4b9bbecd172da441f7a298732dc4ec9c5fd56650a16ee48bf4f2164a,c3a0cabd7487508470d585545f7b6a856897b0410105302f1b4d5c12944c190d,0.46925637499953154
5,parity,1.0,0.02,r5_parity_sigma1_lr0.02,116,ok,,0.3779535138783663,6.0414096054516495,60,1.0,0.0545098711048324,0.0545098711048324,0.0545098711048324,b240340bda42b13e461b839e854e8931eb9b197c11fad589d1f07877b5a6c105,82a738c98e33ae7527a4b39c2218f7ec9f26aeddfccfd23d7ba036670214902e,67eaeaae05cc33550f061649f99bb92951375c55491458d36e2f1c224114a8b1,0d285e8573294ff0f8d626c9d7c79b1ffa6d14fb3071ba7be902aa48627a1c7e,0.4685124169991468
5,parity,1.0,0.02,r5_parity_sigma1_lr0.02,117,ok,,0.5135162094196467,6.178952467706304,60,1.0,0.04323049967434019,0.04323049967434019,0.04323049967434019,2ff937c83d36f7b3a5406c91e8755c50ce932575e34db68925452587b0ab77d6,cdf25d405b5fe37947efb89cf322d90a325944cb0f0b1c74e63c9bef676409c9,6d2e8203ab09f7481803ba6cac1d0fef11989f0d29cc5ddaeca62054fed6f238,32821079a74fe63f445d951a557ad18447fced01821fc77b6b8d137d2fe48881,0.4715360419941135
5,parity,1.0,0.02,r5_parity_sigma1_lr0.02,118,ok,,0.37987796978246124,6.11669673595405,60,1.0,0.052932433926799784,0.052932433926799784,0.052932433926799784,f9372f8f74b3a18b86f9a9dd960278381003e836073cde71119d3b892dde9434,59bdc0f89b4338bedfcb41a006c7270700c3c9b7dcc404f90ce523a6de72153f,3672d037714419789c221c8c7564a09d4bd2e60bbf08a0fa3cd13f9a40a45c57,ffdd2708cda2855a18fd4a81398631fadb59f1610b8dd3d36eefe8f678572c16,0.47045758400054183
5,parity,1.0,0.02,r5_parity_sigma1_lr0.02,119,ok,,0.5086256114908325,6.104656454239799,60,1.0,0.04016548537299473,0.04016548537299473,0.04016548537299473,9cc5a5818d004f0f1492c246ba3ab8685b2df3f7dfd15cdf113ebebec42d8dee,b4b89830e7b456b55a2d8bf5cd702abc3d8f249d69772640d3613c7c3883f235,a56289775eec0ce432a321db146cf9b88569ccab3daaa3aefaeb57ea0050cb73,01bf4e2b10f88360652600d185a9d719f05502f25f089d70da96eafa7fe4dfe3,0.47173450000263983
5,parity,1.0,0.02,r5_parity_sigma1_lr0.02,120,ok,,0.3796517974728818,6.073808510017714,60,1.0,0.049103396095993866,0.049103396095993866,0.049103396095993866,69e5aaf107b63f46b6b057dfe99d3189e4f485b9649136f1718f398f646e43c6,edec6b504324ff4ca21bfe1724b68c91d15940a01c61e711c5d594301c2472db,be8ede604a893ee87034e6fb596cea91ea3be8f191d448807bebae1ef6fbfe79,dff4b17a330f664ec4d31f507c7603e7842ac94d65226c760d6e78cfa953aeb7,0.4704024579987163
5,parity,1.0,0.05,r5_parity_sigma1_lr0.05,111,ok,,0.396103830176921,6.1658403813771345,60,1.0,0.05154085178348877,0.05154085178348877,0.05154085178348877,6f4599f803588363f7f3f06a30082972087391773f80fd6d7eb3eadc6484859e,d1c56984458c037ac512580f74df185ac4c111a702212c7cfaf13c1ca65aebe9,46ec6552ea8abd2c67a85ebf993bb74a1984e0f557904f8a35ae4eb6d2b596da,ff013eda1d426d67006a334f6583897c614d689f5823b14c442be63e78bb3962,0.471085832999961
5,parity,1.0,0.05,r5_parity_sigma1_lr0.05,112,ok,,0.24984287095369898,5.884278543700686,60,1.0,0.053863429788536255,0.053863429788536255,0.053863429788536255,23158049f8a287709543a55b89f8943218b08cba397a67e034633640e70c99f6,7cf215d2f9edfe114fd58221406c9b8614d936ff435dd52843f07d52d239e8f0,b0126d22db14df8032614d0be237f7ba7f8faae015df79310d48a47a7e019709,3dd0b47c3c1ce23069083c16d0c2272714da54db5025db5646fd1228b010a5e8,0.47397133400227176
5,parity,1.0,0.05,r5_parity_sigma1_lr0.05,113,ok,,0.37717195656496216,5.986427260540842,60,1.0,0.06219138063855252,0.06219138063855252,0.06219138063855252,1130bcd06d370ab57f1bc3a67409c755b267648b80a0f46e840060bb010d3ab8,c3ccfdf546077e3988ee6c948ab6a99fff1f54ea8f05150e1add2348f19c7b75,494a09d0cb32c8fd575150abd91ad12074451b075c550159cd5a0edda3ce9c1b,db95c591d5ad7a1f08531cf0e04985b931fc730f28e8ed47b8c7c5d8ecd8db0c,0.4683604999954696
5,parity,1.0,0.05,r5_parity_sigma1_lr0.05,114,ok,,0.5119767153947357,6.204282478851648,60,1.0,0.04679963805251754,0.04679963805251754,0.04679963805251754,c8a7a565f4c34afcedf377bd8a33aee023bbafec99430b278d5183f906311b3e,34475f4f2a54c2f51b87ca6e4090248db2d1c3bf4a93c1e597425a64dfa7c24d,9fc9306ab4737b5804dc59a07264243c6abc622ca16efa0cd4d6bddf38b05e36,52ceac77e1e0c99a5de90b23d52d3e2f15eb08da92d5b6842d3e92834a138f22,0.46829958399757743
5,parity,1.0,0.05,r5_parity_sigma1_lr0.05,115,ok,,0.4945551524872649,6.024620518277006,60,1.0,0.04933588183601135,0.04933588183601135,0.04933588183601135,21e3187a25ce542a7fda12331f6df5573b7aa9cfb19c4d6a1242f48e9ab77257,ffa4fb8ff63f2fd3f92c212f125af732d0fdf126648b3a141a1396d1b2943a85,fae9b80b4b9bbecd172da441f7a298732dc4ec9c5fd56650a16ee48bf4f2164a,c3a0cabd7487508470d585545f7b6a856897b0410105302f1b4d5c12944c190d,0.4700524579966441
5,parity,1.0,0.05,r5_parity_sigma1_lr0.05,116,ok,,0.3935315608747038,6.095159488473157,60,1.0,0.0545098711048324,0.0545098711048324,0.0545098711048324,b240340bda42b13e461b839e854e8931eb9b197c11fad589d1f07877b5a6c105,82a738c98e33ae7527a4b39c2218f7ec9f26aeddfccfd23d7ba036670214902e,67eaeaae05cc33550f061649f99bb92951375c55491458d36e2f1c224114a8b1,0d285e8573294ff0f8d626c9d7c79b1ffa6d14fb3071ba7be902aa48627a1c7e,0.47440649999771267
5,parity,1.0,0.05,r5_parity_sigma1_lr0.05,117,ok,,0.4353320107300851,6.101508384396939,60,1.0,0.04323049967434019,0.04323049967434019,0.04323049967434019,2ff937c83d36f7b3a5406c91e8755c50ce932575e34db68925452587b0ab77d6,cdf25d405b5fe37947efb89cf322d90a325944cb0f0b1c74e63c9bef676409c9,6d2e8203ab09f7481803ba6cac1d0fef11989f0d29cc5ddaeca62054fed6f238,32821079a74fe63f445d951a557ad18447fced01821fc77b6b8d137d2fe48881,0.4694418750004843
5,parity,1.0,0.05,r5_parity_sigma1_lr0.05,118,ok,,0.39153643706825186,6.117946691846003,60,1.0,0.052932433926799784,0.052932433926799784,0.052932433926799784,f9372f8f74b3a18b86f9a9dd960278381003e836073cde71119d3b892dde9434,59bdc0f89b4338bedfcb41a006c7270700c3c9b7dcc404f90ce523a6de72153f,3672d037714419789c221c8c7564a09d4bd2e60bbf08a0fa3cd13f9a40a45c57,ffdd2708cda2855a18fd4a81398631fadb59f1610b8dd3d36eefe8f678572c16,0.4703242079995107
5,parity,1.0,0.05,r5_parity_sigma1_lr0.05,119,ok,,0.4554842623615487,6.068553656250253,60,1.0,0.04016548537299473,0.04016548537299473,0.04016548537299473,9cc5a5818d004f0f1492c246ba3ab8685b2df3f7dfd15cdf113ebebec42d8dee,b4b89830e7b456b55a2d8bf5cd702abc3d8f249d69772640d3613c7c3883f235,a56289775eec0ce432a321db146cf9b88569ccab3daaa3aefaeb57ea0050cb73,01bf4e2b10f88360652600d185a9d719f05502f25f089d70da96eafa7fe4dfe3,0.47553183299896773
5,parity,1.0,0.05,r5_parity_sigma1_lr0.05,120,ok,,0.32026049231255266,6.029017506162081,60,1.0,0.049103396095993866,0.049103396095993866,0.049103396095993866,69e5aaf107b63f46b6b057dfe99d3189e4f485b9649136f1718f398f646e43c6,edec6b504324ff4ca21bfe1724b68c91d15940a01c61e711c5d594301c2472db,be8ede604a893ee87034e6fb596cea91ea3be8f191d448807bebae1ef6fbfe79,dff4b17a330f664ec4d31f507c7603e7842ac94d65226c760d6e78cfa953aeb7,0.4774924999946961
5,parity,1.0,0.1,r5_parity_sigma1_lr0.1,111,ok,,0.4128724299931843,6.17618504797694,60,1.0,0.05154085178348877,0.05154085178348877,0.05154085178348877,6f4599f803588363f7f3f06a30082972087391773f80fd6d7eb3eadc6484859e,d1c56984458c037ac512580f74df185ac4c111a702212c7cfaf13c1ca65aebe9,46ec6552ea8abd2c67a85ebf993bb74a1984e0f557904f8a35ae4eb6d2b596da,ff013eda1d426d67006a334f6583897c614d689f5823b14c442be63e78bb3962,0.4716608339949744
5,parity,1.0,0.1,r5_parity_sigma1_lr0.1,112,ok,,0.25477464821295404,5.89124332189334,60,1.0,0.053863429788536255,0.053863429788536255,0.053863429788536255,23158049f8a287709543a55b89f8943218b08cba397a67e034633640e70c99f6,7cf215d2f9edfe114fd58221406c9b8614d936ff435dd52843f07d52d239e8f0,b0126d22db14df8032614d0be237f7ba7f8faae015df79310d48a47a7e019709,3dd0b47c3c1ce23069083c16d0c2272714da54db5025db5646fd1228b010a5e8,0.4681516670025303
5,parity,1.0,0.1,r5_parity_sigma1_lr0.1,113,ok,,0.33359062364323205,5.912544529345119,60,1.0,0.06219138063855252,0.06219138063855252,0.06219138063855252,1130bcd06d370ab57f1bc3a67409c755b267648b80a0f46e840060bb010d3ab8,c3ccfdf546077e3988ee6c948ab6a99fff1f54ea8f05150e1add2348f19c7b75,494a09d0cb32c8fd575150abd91ad12074451b075c550159cd5a0edda3ce9c1b,db95c591d5ad7a1f08531cf0e04985b931fc730f28e8ed47b8c7c5d8ecd8db0c,0.4727113749977434
5,parity,1.0,0.1,r5_parity_sigma1_lr0.1,114,ok,,0.5116434753870183,6.1997741127747785,60,1.0,0.04679963805251754,0.04679963805251754,0.04679963805251754,c8a7a565f4c34afcedf377bd8a33aee023bbafec99430b278d5183f906311b3e,34475f4f2a54c2f51b87ca6e4090248db2d1c3bf4a93c1e597425a64dfa7c24d,9fc9306ab4737b5804dc59a07264243c6abc622ca16efa0cd4d6bddf38b05e36,52ceac77e1e0c99a5de90b23d52d3e2f15eb08da92d5b6842d3e92834a138f22,0.4742829579990939
5,parity,1.0,0.1,r5_parity_sigma1_lr0.1,115,ok,,0.42050802510297886,5.993998754915557,60,1.0,0.04933588183601135,0.04933588183601135,0.04933588183601135,21e3187a25ce542a7fda12331f6df5573b7aa9cfb19c4d6a1242f48e9ab77257,ffa4fb8ff63f2fd3f92c212f125af732d0fdf126648b3a141a1396d1b2943a85,fae9b80b4b9bbecd172da441f7a298732dc4ec9c5fd56650a16ee48bf4f2164a,c3a0cabd7487508470d585545f7b6a856897b0410105302f1b4d5c12944c190d,0.4711426669964567
5,parity,1.0,0.1,r5_parity_sigma1_lr0.1,116,ok,,0.36544791614958105,6.02931724441337,60,1.0,0.0545098711048324,0.0545098711048324,0.0545098711048324,b240340bda42b13e461b839e854e8931eb9b197c11fad589d1f07877b5a6c105,82a738c98e33ae7527a4b39c2218f7ec9f26aeddfccfd23d7ba036670214902e,67eaeaae05cc33550f061649f99bb92951375c55491458d36e2f1c224114a8b1,0d285e8573294ff0f8d626c9d7c79b1ffa6d14fb3071ba7be902aa48627a1c7e,0.4709944580026786
5,parity,1.0,0.1,r5_parity_sigma1_lr0.1,117,ok,,0.575525420208054,6.225183781079955,60,1.0,0.04323049967434019,0.04323049967434019,0.04323049967434019,2ff937c83d36f7b3a5406c91e8755c50ce932575e34db68925452587b0ab77d6,cdf25d405b5fe37947efb89cf322d90a325944cb0f0b1c74e63c9bef676409c9,6d2e8203ab09f7481803ba6cac1d0fef11989f0d29cc5ddaeca62054fed6f238,32821079a74fe63f445d951a557ad18447fced01821fc77b6b8d137d2fe48881,0.471858417004114
5,parity,1.0,0.1,r5_parity_sigma1_lr0.1,118,ok,,0.43641076864043127,6.162312653393356,60,1.0,0.052932433926799784,0.052932433926799784,0.052932433926799784,f9372f8f74b3a18b86f9a9dd960278381003e836073cde71119d3b892dde9434,59bdc0f89b4338bedfcb41a006c7270700c3c9b7dcc404f90ce523a6de72153f,3672d037714419789c221c8c7564a09d4bd2e60bbf08a0fa3cd13f9a40a45c57,ffdd2708cda2855a18fd4a81398631fadb59f1610b8dd3d36eefe8f678572c16,0.47496845799469156
5,parity,1.0,0.1,r5_parity_sigma1_lr0.1,119,ok,,0.5407072171320166,6.164656707032018,60,1.0,0.04016548537299473,0.04016548537299473,0.04016548537299473,9cc5a5818d004f0f1492c246ba3ab8685b2df3f7dfd15cdf113ebebec42d8dee,b4b89830e7b456b55a2d8bf5cd702abc3d8f249d69772640d3613c7c3883f235,a56289775eec0ce432a321db146cf9b88569ccab3daaa3aefaeb57ea0050cb73,01bf4e2b10f88360652600d185a9d719f05502f25f089d70da96eafa7fe4dfe3,0.4694617080021999
5,parity,1.0,0.1,r5_parity_sigma1_lr0.1,120,ok,,0.32202072808795795,6.022040198791079,60,1.0,0.049103396095993866,0.049103396095993866,0.049103396095993866,69e5aaf107b63f46b6b057dfe99d3189e4f485b9649136f1718f398f646e43c6,edec6b504324ff4ca21bfe1724b68c91d15940a01c61e711c5d594301c2472db,be8ede604a893ee87034e6fb596cea91ea3be8f191d448807bebae1ef6fbfe79,dff4b17a330f664ec4d31f507c7603e7842ac94d65226c760d6e78cfa953aeb7,0.4701785419965745
5,parity,1.0,0.2,r5_parity_sigma1_lr0.2,111,ok,,0.3945987925707708,6.140725715518893,60,1.0,0.05154085178348877,0.05154085178348877,0.05154085178348877,6f4599f803588363f7f3f06a30082972087391773f80fd6d7eb3eadc6484859e,d1c56984458c037ac512580f74df185ac4c111a702212c7cfaf13c1ca65aebe9,46ec6552ea8abd2c67a85ebf993bb74a1984e0f557904f8a35ae4eb6d2b596da,ff013eda1d426d67006a334f6583897c614d689f5823b14c442be63e78bb3962,0.47233650000271155
5,parity,1.0,0.2,r5_parity_sigma1_lr0.2,112,ok,,0.2818783778314734,5.934751447985145,60,1.0,0.053863429788536255,0.053863429788536255,0.053863429788536255,23158049f8a287709543a55b89f8943218b08cba397a67e034633640e70c99f6,7cf215d2f9edfe114fd58221406c9b8614d936ff435dd52843f07d52d239e8f0,b0126d22db14df8032614d0be237f7ba7f8faae015df79310d48a47a7e019709,3dd0b47c3c1ce23069083c16d0c2272714da54db5025db5646fd1228b010a5e8,0.47300108300260035
5,parity,1.0,0.2,r5_parity_sigma1_lr0.2,113,ok,,0.37012287421302564,5.965920507812421,60,1.0,0.06219138063855252,0.06219138063855252,0.06219138063855252,1130bcd06d370ab57f1bc3a67409c755b267648b80a0f46e840060bb010d3ab8,c3ccfdf546077e3988ee6c948ab6a99fff1f54ea8f05150e1add2348f19c7b75,494a09d0cb32c8fd575150abd91ad12074451b075c550159cd5a0edda3ce9c1b,db95c591d5ad7a1f08531cf0e04985b931fc730f28e8ed47b8c7c5d8ecd8db0c,0.47041479100153083
5,parity,1.0,0.2,r5_parity_sigma1_lr0.2,114,ok,,0.5282945010885699,6.198823830091356,60,1.0,0.04679963805251754,0.04679963805251754,0.04679963805251754,c8a7a565f4c34afcedf377bd8a33aee023bbafec99430b278d5183f906311b3e,34475f4f2a54c2f51b87ca6e4090248db2d1c3bf4a93c1e597425a64dfa7c24d,9fc9306ab4737b5804dc59a07264243c6abc622ca16efa0cd4d6bddf38b05e36,52ceac77e1e0c99a5de90b23d52d3e2f15eb08da92d5b6842d3e92834a138f22,0.4715315829962492
5,parity,1.0,0.2,r5_parity_sigma1_lr0.2,115,ok,,0.38645234576068366,5.937084940115456,60,1.0,0.04933588183601135,0.04933588183601135,0.04933588183601135,21e3187a25ce542a7fda12331f6df5573b7aa9cfb19c4d6a1242f48e9ab77257,ffa4fb8ff63f2fd3f92c212f125af732d0fdf126648b3a141a1396d1b2943a85,fae9b80b4b9bbecd172da441f7a298732dc4ec9c5fd56650a16ee48bf4f2164a,c3a0cabd7487508470d585545f7b6a856897b0410105302f1b4d5c12944c190d,0.47299029100395273
5,parity,1.0,0.2,r5_parity_sigma1_lr0.2,116,ok,,0.37238528037207774,6.041177472871405,60,1.0,0.0545098711048324,0.0545098711048324,0.0545098711048324,b240340bda42b13e461b839e854e8931eb9b197c11fad589d1f07877b5a6c105,82a738c98e33ae7527a4b39c2218f7ec9f26aeddfccfd23d7ba036670214902e,67eaeaae05cc33550f061649f99bb92951375c55491458d36e2f1c224114a8b1,0d285e8573294ff0f8d626c9d7c79b1ffa6d14fb3071ba7be902aa48627a1c7e,0.4766614159962046
5,parity,1.0,0.2,r5_parity_sigma1_lr0.2,117,ok,,0.4287156090161186,6.088563009693999,60,1.0,0.04323049967434019,0.04323049967434019,0.04323049967434019,2ff937c83d36f7b3a5406c91e8755c50ce932575e34db68925452587b0ab77d6,cdf25d405b5fe37947efb89cf322d90a325944cb0f0b1c74e63c9bef676409c9,6d2e8203ab09f7481803ba6cac1d0fef11989f0d29cc5ddaeca62054fed6f238,32821079a74fe63f445d951a557ad18447fced01821fc77b6b8d137d2fe48881,0.47127370800444623
5,parity,1.0,0.2,r5_parity_sigma1_lr0.2,118,ok,,0.33275413436820744,6.038747270014627,60,1.0,0.052932433926799784,0.052932433926799784,0.052932433926799784,f9372f8f74b3a18b86f9a9dd960278381003e836073cde71119d3b892dde9434,59bdc0f89b4338bedfcb41a006c7270700c3c9b7dcc404f90ce523a6de72153f,3672d037714419789c221c8c7564a09d4bd2e60bbf08a0fa3cd13f9a40a45c57,ffdd2708cda2855a18fd4a81398631fadb59f1610b8dd3d36eefe8f678572c16,0.47184725000261096
5,parity,1.0,0.2,r5_parity_sigma1_lr0.2,119,ok,,0.44715571715602226,6.064734440680872,60,1.0,0.04016548537299473,0.04016548537299473,0.04016548537299473,9cc5a5818d004f0f1492c246ba3ab8685b2df3f7dfd15cdf113ebebec42d8dee,b4b89830e7b456b55a2d8bf5cd702abc3d8f249d69772640d3613c7c3883f235,a56289775eec0ce432a321db146cf9b88569ccab3daaa3aefaeb57ea0050cb73,01bf4e2b10f88360652600d185a9d719f05502f25f089d70da96eafa7fe4dfe3,0.4728911659985897
5,parity,1.0,0.2,r5_parity_sigma1_lr0.2,120,ok,,0.3855982357919939,6.086963900431075,60,1.0,0.049103396095993866,0.049103396095993866,0.049103396095993866,69e5aaf107b63f46b6b057dfe99d3189e4f485b9649136f1718f398f646e43c6,edec6b504324ff4ca21bfe1724b68c91d15940a01c61e711c5d594301c2472db,be8ede604a893ee87034e6fb596cea91ea3be8f191d448807bebae1ef6fbfe79,dff4b17a330f664ec4d31f507c7603e7842ac94d65226c760d6e78cfa953aeb7,0.47479487500095274
5,spherical,1.0,0.005,r5_spherical_sigma1_lr0.005,111,ok,,0.6132785900391726,6.354116503421903,60,103.56267332698589,0.0004976778807240243,0.05154085178348877,0.05154085178348877,6f4599f803588363f7f3f06a30082972087391773f80fd6d7eb3eadc6484859e,d1c56984458c037ac512580f74df185ac4c111a702212c7cfaf13c1ca65aebe9,46ec6552ea8abd2c67a85ebf993bb74a1984e0f557904f8a35ae4eb6d2b596da,ff013eda1d426d67006a334f6583897c614d689f5823b14c442be63e78bb3962,0.3735647079956834
5,spherical,1.0,0.005,r5_spherical_sigma1_lr0.005,112,ok,,0.609164639578079,6.235773887552386,60,50.952898470671904,0.0010571219970840252,0.053863429788536255,0.053863429788536255,23158049f8a287709543a55b89f8943218b08cba397a67e034633640e70c99f6,7cf215d2f9edfe114fd58221406c9b8614d936ff435dd52843f07d52d239e8f0,b0126d22db14df8032614d0be237f7ba7f8faae015df79310d48a47a7e019709,3dd0b47c3c1ce23069083c16d0c2272714da54db5025db5646fd1228b010a5e8,0.37538737500290154
5,spherical,1.0,0.005,r5_spherical_sigma1_lr0.005,113,ok,,0.6810650558304492,6.27582582462448,60,44.571563395690475,0.0013953152167098016,0.06219138063855252,0.06219138063855252,1130bcd06d370ab57f1bc3a67409c755b267648b80a0f46e840060bb010d3ab8,c3ccfdf546077e3988ee6c948ab6a99fff1f54ea8f05150e1add2348f19c7b75,494a09d0cb32c8fd575150abd91ad12074451b075c550159cd5a0edda3ce9c1b,db95c591d5ad7a1f08531cf0e04985b931fc730f28e8ed47b8c7c5d8ecd8db0c,0.38063783300458454
5,spherical,1.0,0.005,r5_spherical_sigma1_lr0.005,114,ok,,0.5440153994487636,6.21762049888467,60,66.3667044767497,0.0007051674242603518,0.04679963805251754,0.04679963805251755,c8a7a565f4c34afcedf377bd8a33aee023bbafec99430b278d5183f906311b3e,34475f4f2a54c2f51b87ca6e4090248db2d1c3bf4a93c1e597425a64dfa7c24d,9fc9306ab4737b5804dc59a07264243c6abc622ca16efa0cd4d6bddf38b05e36,52ceac77e1e0c99a5de90b23d52d3e2f15eb08da92d5b6842d3e92834a138f22,0.3785212920047343
5,spherical,1.0,0.005,r5_spherical_sigma1_lr0.005,115,ok,,0.5933564982700992,6.147847299660279,60,81.55544337814759,0.0006049367128967222,0.04933588183601135,0.04933588183601135,21e3187a25ce542a7fda12331f6df5573b7aa9cfb19c4d6a1242f48e9ab77257,ffa4fb8ff63f2fd3f92c212f125af732d0fdf126648b3a141a1396d1b2943a85,fae9b80b4b9bbecd172da441f7a298732dc4ec9c5fd56650a16ee48bf4f2164a,c3a0cabd7487508470d585545f7b6a856897b0410105302f1b4d5c12944c190d,0.378598499999498
5,spherical,1.0,0.005,r5_spherical_sigma1_lr0.005,116,ok,,0.5081326630429887,6.186585809402184,60,48.78744336013837,0.0011172930440821074,0.0545098711048324,0.054509871104832394,b240340bda42b13e461b839e854e8931eb9b197c11fad589d1f07877b5a6c105,82a738c98e33ae7527a4b39c2218f7ec9f26aeddfccfd23d7ba036670214902e,67eaeaae05cc33550f061649f99bb92951375c55491458d36e2f1c224114a8b1,0d285e8573294ff0f8d626c9d7c79b1ffa6d14fb3071ba7be902aa48627a1c7e,0.3789136249979492
5,spherical,1.0,0.005,r5_spherical_sigma1_lr0.005,117,ok,,0.6681361471850091,6.334886053625672,60,36.332478219603104,0.001189858269866526,0.04323049967434019,0.04323049967434019,2ff937c83d36f7b3a5406c91e8755c50ce932575e34db68925452587b0ab77d6,cdf25d405b5fe37947efb89cf322d90a325944cb0f0b1c74e63c9bef676409c9,6d2e8203ab09f7481803ba6cac1d0fef11989f0d29cc5ddaeca62054fed6f238,32821079a74fe63f445d951a557ad18447fced01821fc77b6b8d137d2fe48881,0.37657670799671905
5,spherical,1.0,0.005,r5_spherical_sigma1_lr0.005,118,ok,,0.5387075239461298,6.301236418795261,60,40.13151243498837,0.001318974310089819,0.052932433926799784,0.05293243392679978,f9372f8f74b3a18b86f9a9dd960278381003e836073cde71119d3b892dde9434,59bdc0f89b4338bedfcb41a006c7270700c3c9b7dcc404f90ce523a6de72153f,3672d037714419789c221c8c7564a09d4bd2e60bbf08a0fa3cd13f9a40a45c57,ffdd2708cda2855a18fd4a81398631fadb59f1610b8dd3d36eefe8f678572c16,0.38039458300045226
5,spherical,1.0,0.005,r5_spherical_sigma1_lr0.005,119,ok,,0.5967183132702403,6.203798816240751,60,44.29465112600185,0.0009067795851634282,0.04016548537299473,0.04016548537299473,9cc5a5818d004f0f1492c246ba3ab8685b2df3f7dfd15cdf113ebebec42d8dee,b4b89830e7b456b55a2d8bf5cd702abc3d8f249d69772640d3613c7c3883f235,a56289775eec0ce432a321db146cf9b88569ccab3daaa3aefaeb57ea0050cb73,01bf4e2b10f88360652600d185a9d719f05502f25f089d70da96eafa7fe4dfe3,0.3769013749988517
5,spherical,1.0,0.005,r5_spherical_sigma1_lr0.005,120,ok,,0.5587281219600343,6.263764628522205,60,84.4913769295619,0.0005811645860255064,0.049103396095993866,0.049103396095993866,69e5aaf107b63f46b6b057dfe99d3189e4f485b9649136f1718f398f646e43c6,edec6b504324ff4ca21bfe1724b68c91d15940a01c61e711c5d594301c2472db,be8ede604a893ee87034e6fb596cea91ea3be8f191d448807bebae1ef6fbfe79,dff4b17a330f664ec4d31f507c7603e7842ac94d65226c760d6e78cfa953aeb7,0.37854179199348437
5,spherical,1.0,0.01,r5_spherical_sigma1_lr0.01,111,ok,,0.49687726677702615,6.253912882684718,60,103.56267332698589,0.0004976778807240243,0.05154085178348877,0.05154085178348877,6f4599f803588363f7f3f06a30082972087391773f80fd6d7eb3eadc6484859e,d1c56984458c037ac512580f74df185ac4c111a702212c7cfaf13c1ca65aebe9,46ec6552ea8abd2c67a85ebf993bb74a1984e0f557904f8a35ae4eb6d2b596da,ff013eda1d426d67006a334f6583897c614d689f5823b14c442be63e78bb3962,0.37972604099923046
5,spherical,1.0,0.01,r5_spherical_sigma1_lr0.01,112,ok,,0.36636528959835657,5.997496522787762,60,50.952898470671904,0.0010571219970840252,0.053863429788536255,0.053863429788536255,23158049f8a287709543a55b89f8943218b08cba397a67e034633640e70c99f6,7cf215d2f9edfe114fd58221406c9b8614d936ff435dd52843f07d52d239e8f0,b0126d22db14df8032614d0be237f7ba7f8faae015df79310d48a47a7e019709,3dd0b47c3c1ce23069083c16d0c2272714da54db5025db5646fd1228b010a5e8,0.38209612499485957
5,spherical,1.0,0.01,r5_spherical_sigma1_lr0.01,113,ok,,0.571624247580693,6.158382105954973,60,44.571563395690475,0.0013953152167098016,0.06219138063855252,0.06219138063855252,1130bcd06d370ab57f1bc3a67409c755b267648b80a0f46e840060bb010d3ab8,c3ccfdf546077e3988ee6c948ab6a99fff1f54ea8f05150e1add2348f19c7b75,494a09d0cb32c8fd575150abd91ad12074451b075c550159cd5a0edda3ce9c1b,db95c591d5ad7a1f08531cf0e04985b931fc730f28e8ed47b8c7c5d8ecd8db0c,0.37641645799885737
5,spherical,1.0,0.01,r5_spherical_sigma1_lr0.01,114,ok,,0.49375231342762804,6.207545117861554,60,66.3667044767497,0.0007051674242603518,0.04679963805251754,0.04679963805251755,c8a7a565f4c34afcedf377bd8a33aee023bbafec99430b278d5183f906311b3e,34475f4f2a54c2f51b87ca6e4090248db2d1c3bf4a93c1e597425a64dfa7c24d,9fc9306ab4737b5804dc59a07264243c6abc622ca16efa0cd4d6bddf38b05e36,52ceac77e1e0c99a5de90b23d52d3e2f15eb08da92d5b6842d3e92834a138f22,0.37736662499810336
5,spherical,1.0,0.01,r5_spherical_sigma1_lr0.01,115,ok,,0.4511320603822635,6.006240229751393,60,81.55544337814759,0.0006049367128967222,0.04933588183601135,0.04933588183601135,21e3187a25ce542a7fda12331f6df5573b7aa9cfb19c4d6a1242f48e9ab77257,ffa4fb8ff63f2fd3f92c212f125af732d0fdf126648b3a141a1396d1b2943a85,fae9b80b4b9bbecd172da441f7a298732dc4ec9c5fd56650a16ee48bf4f2164a,c3a0cabd7487508470d585545f7b6a856897b0410105302f1b4d5c12944c190d,0.38262008300080197
5,spherical,1.0,0.01,r5_spherical_sigma1_lr0.01,116,ok,,0.47400695933360687,6.147907968667047,60,48.78744336013837,0.0011172930440821074,0.0545098711048324,0.054509871104832394,b240340bda42b13e461b839e854e8931eb9b197c11fad589d1f07877b5a6c105,82a738c98e33ae7527a4b39c2218f7ec9f26aeddfccfd23d7ba036670214902e,67eaeaae05cc33550f061649f99bb92951375c55491458d36e2f1c224114a8b1,0d285e8573294ff0f8d626c9d7c79b1ffa6d14fb3071ba7be902aa48627a1c7e,0.382253124997078
5,spherical,1.0,0.01,r5_spherical_sigma1_lr0.01,117,ok,,0.5475497563478916,6.186100995657378,60,36.332478219603104,0.001189858269866526,0.04323049967434019,0.04323049967434019,2ff937c83d36f7b3a5406c91e8755c50ce932575e34db68925452587b0ab77d6,cdf25d405b5fe37947efb89cf322d90a325944cb0f0b1c74e63c9bef676409c9,6d2e8203ab09f7481803ba6cac1d0fef11989f0d29cc5ddaeca62054fed6f238,32821079a74fe63f445d951a557ad18447fced01821fc77b6b8d137d2fe48881,0.3767671669993433
5,spherical,1.0,0.01,r5_spherical_sigma1_lr0.01,118,ok,,0.36906012550222234,6.087060450854857,60,40.13151243498837,0.001318974310089819,0.052932433926799784,0.05293243392679978,f9372f8f74b3a18b86f9a9dd960278381003e836073cde71119d3b892dde9434,59bdc0f89b4338bedfcb41a006c7270700c3c9b7dcc404f90ce523a6de72153f,3672d037714419789c221c8c7564a09d4bd2e60bbf08a0fa3cd13f9a40a45c57,ffdd2708cda2855a18fd4a81398631fadb59f1610b8dd3d36eefe8f678572c16,0.37913599999592407
5,spherical,1.0,0.01,r5_spherical_sigma1_lr0.01,119,ok,,0.5457968384194891,6.163549346412956,60,44.29465112600185,0.0009067795851634282,0.04016548537299473,0.04016548537299473,9cc5a5818d004f0f1492c246ba3ab8685b2df3f7dfd15cdf113ebebec42d8dee,b4b89830e7b456b55a2d8bf5cd702abc3d8f249d69772640d3613c7c3883f235,a56289775eec0ce432a321db146cf9b88569ccab3daaa3aefaeb57ea0050cb73,01bf4e2b10f88360652600d185a9d719f05502f25f089d70da96eafa7fe4dfe3,0.38345324999681907
5,spherical,1.0,0.01,r5_spherical_sigma1_lr0.01,120,ok,,0.4587885524498175,6.202665251265953,60,84.4913769295619,0.0005811645860255064,0.049103396095993866,0.049103396095993866,69e5aaf107b63f46b6b057dfe99d3189e4f485b9649136f1718f398f646e43c6,edec6b504324ff4ca21bfe1724b68c91d15940a01c61e711c5d594301c2472db,be8ede604a893ee87034e6fb596cea91ea3be8f191d448807bebae1ef6fbfe79,dff4b17a330f664ec4d31f507c7603e7842ac94d65226c760d6e78cfa953aeb7,0.381517250003526
5,spherical,1.0,0.02,r5_spherical_sigma1_lr0.02,111,ok,,0.4834226691473235,6.231995089579132,60,103.56267332698589,0.0004976778807240243,0.05154085178348877,0.05154085178348877,6f4599f803588363f7f3f06a30082972087391773f80fd6d7eb3eadc6484859e,d1c56984458c037ac512580f74df185ac4c111a702212c7cfaf13c1ca65aebe9,46ec6552ea8abd2c67a85ebf993bb74a1984e0f557904f8a35ae4eb6d2b596da,ff013eda1d426d67006a334f6583897c614d689f5823b14c442be63e78bb3962,0.378863874997478
5,spherical,1.0,0.02,r5_spherical_sigma1_lr0.02,112,ok,,0.3033451101625253,5.918733402512681,60,50.952898470671904,0.0010571219970840252,0.053863429788536255,0.053863429788536255,23158049f8a287709543a55b89f8943218b08cba397a67e034633640e70c99f6,7cf215d2f9edfe114fd58221406c9b8614d936ff435dd52843f07d52d239e8f0,b0126d22db14df8032614d0be237f7ba7f8faae015df79310d48a47a7e019709,3dd0b47c3c1ce23069083c16d0c2272714da54db5025db5646fd1228b010a5e8,0.37843679200159386
5,spherical,1.0,0.02,r5_spherical_sigma1_lr0.02,113,ok,,0.4985512396275499,6.071923771133492,60,44.571563395690475,0.0013953152167098016,0.06219138063855252,0.06219138063855252,1130bcd06d370ab57f1bc3a67409c755b267648b80a0f46e840060bb010d3ab8,c3ccfdf546077e3988ee6c948ab6a99fff1f54ea8f05150e1add2348f19c7b75,494a09d0cb32c8fd575150abd91ad12074451b075c550159cd5a0edda3ce9c1b,db95c591d5ad7a1f08531cf0e04985b931fc730f28e8ed47b8c7c5d8ecd8db0c,0.381018291998771
5,spherical,1.0,0.02,r5_spherical_sigma1_lr0.02,114,ok,,0.46442071667792184,6.176867319539926,60,66.3667044767497,0.0007051674242603518,0.04679963805251754,0.04679963805251755,c8a7a565f4c34afcedf377bd8a33aee023bbafec99430b278d5183f906311b3e,34475f4f2a54c2f51b87ca6e4090248db2d1c3bf4a93c1e597425a64dfa7c24d,9fc9306ab4737b5804dc59a07264243c6abc622ca16efa0cd4d6bddf38b05e36,52ceac77e1e0c99a5de90b23d52d3e2f15eb08da92d5b6842d3e92834a138f22,0.38062879200151656
5,spherical,1.0,0.02,r5_spherical_sigma1_lr0.02,115,ok,,0.5843387112941392,6.179395023543489,60,81.55544337814759,0.0006049367128967222,0.04933588183601135,0.04933588183601135,21e3187a25ce542a7fda12331f6df5573b7aa9cfb19c4d6a1242f48e9ab77257,ffa4fb8ff63f2fd3f92c212f125af732d0fdf126648b3a141a1396d1b2943a85,fae9b80b4b9bbecd172da441f7a298732dc4ec9c5fd56650a16ee48bf4f2164a,c3a0cabd7487508470d585545f7b6a856897b0410105302f1b4d5c12944c190d,0.3767304169959971
5,spherical,1.0,0.02,r5_spherical_sigma1_lr0.02,116,ok,,0.4769057090265296,6.150007948097415,60,48.78744336013837,0.0011172930440821074,0.0545098711048324,0.054509871104832394,b240340bda42b13e461b839e854e8931eb9b197c11fad589d1f07877b5a6c105,82a738c98e33ae7527a4b39c2218f7ec9f26aeddfccfd23d7ba036670214902e,67eaeaae05cc33550f061649f99bb92951375c55491458d36e2f1c224114a8b1,0d285e8573294ff0f8d626c9d7c79b1ffa6d14fb3071ba7be902aa48627a1c7e,0.3813792920045671
5,spherical,1.0,0.02,r5_spherical_sigma1_lr0.02,117,ok,,0.4350488547518577,6.069167468293636,60,36.332478219603104,0.001189858269866526,0.04323049967434019,0.04323049967434019,2ff937c83d36f7b3a5406c91e8755c50ce932575e34db68925452587b0ab77d6,cdf25d405b5fe37947efb89cf322d90a325944cb0f0b1c74e63c9bef676409c9,6d2e8203ab09f7481803ba6cac1d0fef11989f0d29cc5ddaeca62054fed6f238,32821079a74fe63f445d951a557ad18447fced01821fc77b6b8d137d2fe48881,0.3800209159962833
5,spherical,1.0,0.02,r5_spherical_sigma1_lr0.02,118,ok,,0.3680924910524811,6.097428901025215,60,40.13151243498837,0.001318974310089819,0.052932433926799784,0.05293243392679978,f9372f8f74b3a18b86f9a9dd960278381003e836073cde71119d3b892dde9434,59bdc0f89b4338bedfcb41a006c7270700c3c9b7dcc404f90ce523a6de72153f,3672d037714419789c221c8c7564a09d4bd2e60bbf08a0fa3cd13f9a40a45c57,ffdd2708cda2855a18fd4a81398631fadb59f1610b8dd3d36eefe8f678572c16,0.38353454200114356
5,spherical,1.0,0.02,r5_spherical_sigma1_lr0.02,119,ok,,0.5379271070026705,6.152850191204005,60,44.29465112600185,0.0009067795851634282,0.04016548537299473,0.04016548537299473,9cc5a5818d004f0f1492c246ba3ab8685b2df3f7dfd15cdf113ebebec42d8dee,b4b89830e7b456b55a2d8bf5cd702abc3d8f249d69772640d3613c7c3883f235,a56289775eec0ce432a321db146cf9b88569ccab3daaa3aefaeb57ea0050cb73,01bf4e2b10f88360652600d185a9d719f05502f25f089d70da96eafa7fe4dfe3,0.37922679200710263
5,spherical,1.0,0.02,r5_spherical_sigma1_lr0.02,120,ok,,0.4703127187732298,6.203912330230117,60,84.4913769295619,0.0005811645860255064,0.049103396095993866,0.049103396095993866,69e5aaf107b63f46b6b057dfe99d3189e4f485b9649136f1718f398f646e43c6,edec6b504324ff4ca21bfe1724b68c91d15940a01c61e711c5d594301c2472db,be8ede604a893ee87034e6fb596cea91ea3be8f191d448807bebae1ef6fbfe79,dff4b17a330f664ec4d31f507c7603e7842ac94d65226c760d6e78cfa953aeb7,0.37672137500339886
5,spherical,1.0,0.05,r5_spherical_sigma1_lr0.05,111,ok,,0.4237401617829126,6.170884350601272,60,103.56267332698589,0.0004976778807240243,0.05154085178348877,0.05154085178348877,6f4599f803588363f7f3f06a30082972087391773f80fd6d7eb3eadc6484859e,d1c56984458c037ac512580f74df185ac4c111a702212c7cfaf13c1ca65aebe9,46ec6552ea8abd2c67a85ebf993bb74a1984e0f557904f8a35ae4eb6d2b596da,ff013eda1d426d67006a334f6583897c614d689f5823b14c442be63e78bb3962,0.380726000003051
5,spherical,1.0,0.05,r5_spherical_sigma1_lr0.05,112,ok,,0.41895907242636665,6.026807229083728,60,50.952898470671904,0.0010571219970840252,0.053863429788536255,0.053863429788536255,23158049f8a287709543a55b89f8943218b08cba397a67e034633640e70c99f6,7cf215d2f9edfe114fd58221406c9b8614d936ff435dd52843f07d52d239e8f0,b0126d22db14df8032614d0be237f7ba7f8faae015df79310d48a47a7e019709,3dd0b47c3c1ce23069083c16d0c2272714da54db5025db5646fd1228b010a5e8,0.3832439580000937
5,spherical,1.0,0.05,r5_spherical_sigma1_lr0.05,113,ok,,0.3857540929023957,5.964835902443328,60,44.571563395690475,0.0013953152167098016,0.06219138063855252,0.06219138063855252,1130bcd06d370ab57f1bc3a67409c755b267648b80a0f46e840060bb010d3ab8,c3ccfdf546077e3988ee6c948ab6a99fff1f54ea8f05150e1add2348f19c7b75,494a09d0cb32c8fd575150abd91ad12074451b075c550159cd5a0edda3ce9c1b,db95c591d5ad7a1f08531cf0e04985b931fc730f28e8ed47b8c7c5d8ecd8db0c,0.3779372089993558
5,spherical,1.0,0.05,r5_spherical_sigma1_lr0.05,114,ok,,0.4350332846635575,6.13606683080849,60,66.3667044767497,0.0007051674242603518,0.04679963805251754,0.04679963805251755,c8a7a565f4c34afcedf377bd8a33aee023bbafec99430b278d5183f906311b3e,34475f4f2a54c2f51b87ca6e4090248db2d1c3bf4a93c1e597425a64dfa7c24d,9fc9306ab4737b5804dc59a07264243c6abc622ca16efa0cd4d6bddf38b05e36,52ceac77e1e0c99a5de90b23d52d3e2f15eb08da92d5b6842d3e92834a138f22,0.3766315000029863
5,spherical,1.0,0.05,r5_spherical_sigma1_lr0.05,115,ok,,0.5414741049134207,6.132801244294918,60,81.55544337814759,0.0006049367128967222,0.04933588183601135,0.04933588183601135,21e3187a25ce542a7fda12331f6df5573b7aa9cfb19c4d6a1242f48e9ab77257,ffa4fb8ff63f2fd3f92c212f125af732d0fdf126648b3a141a1396d1b2943a85,fae9b80b4b9bbecd172da441f7a298732dc4ec9c5fd56650a16ee48bf4f2164a,c3a0cabd7487508470d585545f7b6a856897b0410105302f1b4d5c12944c190d,0.38243312499980675
5,spherical,1.0,0.05,r5_spherical_sigma1_lr0.05,116,ok,,0.47249985736163524,6.139784141796783,60,48.78744336013837,0.0011172930440821074,0.0545098711048324,0.054509871104832394,b240340bda42b13e461b839e854e8931eb9b197c11fad589d1f07877b5a6c105,82a738c98e33ae7527a4b39c2218f7ec9f26aeddfccfd23d7ba036670214902e,67eaeaae05cc33550f061649f99bb92951375c55491458d36e2f1c224114a8b1,0d285e8573294ff0f8d626c9d7c79b1ffa6d14fb3071ba7be902aa48627a1c7e,0.3832449170004111
5,spherical,1.0,0.05,r5_spherical_sigma1_lr0.05,117,ok,,0.44698112999597484,6.083950254023692,60,36.332478219603104,0.001189858269866526,0.04323049967434019,0.04323049967434019,2ff937c83d36f7b3a5406c91e8755c50ce932575e34db68925452587b0ab77d6,cdf25d405b5fe37947efb89cf322d90a325944cb0f0b1c74e63c9bef676409c9,6d2e8203ab09f7481803ba6cac1d0fef11989f0d29cc5ddaeca62054fed6f238,32821079a74fe63f445d951a557ad18447fced01821fc77b6b8d137d2fe48881,0.37755379200098105
5,spherical,1.0,0.05,r5_spherical_sigma1_lr0.05,118,ok,,0.3768905850754634,6.092602986734852,60,40.13151243498837,0.001318974310089819,0.052932433926799784,0.05293243392679978,f9372f8f74b3a18b86f9a9dd960278381003e836073cde71119d3b892dde9434,59bdc0f89b4338bedfcb41a006c7270700c3c9b7dcc404f90ce523a6de72153f,3672d037714419789c221c8c7564a09d4bd2e60bbf08a0fa3cd13f9a40a45c57,ffdd2708cda2855a18fd4a81398631fadb59f1610b8dd3d36eefe8f678572c16,0.3792412080001668
5,spherical,1.0,0.05,r5_spherical_sigma1_lr0.05,119,ok,,0.48401812464811844,6.11103700624915,60,44.29465112600185,0.0009067795851634282,0.04016548537299473,0.04016548537299473,9cc5a5818d004f0f1492c246ba3ab8685b2df3f7dfd15cdf113ebebec42d8dee,b4b89830e7b456b55a2d8bf5cd702abc3d8f249d69772640d3613c7c3883f235,a56289775eec0ce432a321db146cf9b88569ccab3daaa3aefaeb57ea0050cb73,01bf4e2b10f88360652600d185a9d719f05502f25f089d70da96eafa7fe4dfe3,0.38151220800500596
5,spherical,1.0,0.05,r5_spherical_sigma1_lr0.05,120,ok,,0.4262253222674992,6.142704019107429,60,84.4913769295619,0.0005811645860255064,0.049103396095993866,0.049103396095993866,69e5aaf107b63f46b6b057dfe99d3189e4f485b9649136f1718f398f646e43c6,edec6b504324ff4ca21bfe1724b68c91d15940a01c61e711c5d594301c2472db,be8ede604a893ee87034e6fb596cea91ea3be8f191d448807bebae1ef6fbfe79,dff4b17a330f664ec4d31f507c7603e7842ac94d65226c760d6e78cfa953aeb7,0.3795680830007768
5,spherical,1.0,0.1,r5_spherical_sigma1_lr0.1,111,ok,,0.38783168591193595,6.148422835861762,60,103.56267332698589,0.0004976778807240243,0.05154085178348877,0.05154085178348877,6f4599f803588363f7f3f06a30082972087391773f80fd6d7eb3eadc6484859e,d1c56984458c037ac512580f74df185ac4c111a702212c7cfaf13c1ca65aebe9,46ec6552ea8abd2c67a85ebf993bb74a1984e0f557904f8a35ae4eb6d2b596da,ff013eda1d426d67006a334f6583897c614d689f5823b14c442be63e78bb3962,0.37997899999754736
5,spherical,1.0,0.1,r5_spherical_sigma1_lr0.1,112,ok,,0.4682413600213838,6.09382095831936,60,50.952898470671904,0.0010571219970840252,0.053863429788536255,0.053863429788536255,23158049f8a287709543a55b89f8943218b08cba397a67e034633640e70c99f6,7cf215d2f9edfe114fd58221406c9b8614d936ff435dd52843f07d52d239e8f0,b0126d22db14df8032614d0be237f7ba7f8faae015df79310d48a47a7e019709,3dd0b47c3c1ce23069083c16d0c2272714da54db5025db5646fd1228b010a5e8,0.3776518329977989
5,spherical,1.0,0.1,r5_spherical_sigma1_lr0.1,113,ok,,0.41401352100323674,6.010599166889264,60,44.571563395690475,0.0013953152167098016,0.06219138063855252,0.06219138063855252,1130bcd06d370ab57f1bc3a67409c755b267648b80a0f46e840060bb010d3ab8,c3ccfdf546077e3988ee6c948ab6a99fff1f54ea8f05150e1add2348f19c7b75,494a09d0cb32c8fd575150abd91ad12074451b075c550159cd5a0edda3ce9c1b,db95c591d5ad7a1f08531cf0e04985b931fc730f28e8ed47b8c7c5d8ecd8db0c,0.37875500000518514
5,spherical,1.0,0.1,r5_spherical_sigma1_lr0.1,114,ok,,0.4552671174752114,6.180702015304303,60,66.3667044767497,0.0007051674242603518,0.04679963805251754,0.04679963805251755,c8a7a565f4c34afcedf377bd8a33aee023bbafec99430b278d5183f906311b3e,34475f4f2a54c2f51b87ca6e4090248db2d1c3bf4a93c1e597425a64dfa7c24d,9fc9306ab4737b5804dc59a07264243c6abc622ca16efa0cd4d6bddf38b05e36,52ceac77e1e0c99a5de90b23d52d3e2f15eb08da92d5b6842d3e92834a138f22,0.38166583299607737
5,spherical,1.0,0.1,r5_spherical_sigma1_lr0.1,115,ok,,0.5677490056438633,6.145866991557647,60,81.55544337814759,0.0006049367128967222,0.04933588183601135,0.04933588183601135,21e3187a25ce542a7fda12331f6df5573b7aa9cfb19c4d6a1242f48e9ab77257,ffa4fb8ff63f2fd3f92c212f125af732d0fdf126648b3a141a1396d1b2943a85,fae9b80b4b9bbecd172da441f7a298732dc4ec9c5fd56650a16ee48bf4f2164a,c3a0cabd7487508470d585545f7b6a856897b0410105302f1b4d5c12944c190d,0.3770464590052143
5,spherical,1.0,0.1,r5_spherical_sigma1_lr0.1,116,ok,,0.6081381632414784,6.315114105003515,60,48.78744336013837,0.0011172930440821074,0.0545098711048324,0.054509871104832394,b240340bda42b13e461b839e854e8931eb9b197c11fad589d1f07877b5a6c105,82a738c98e33ae7527a4b39c2218f7ec9f26aeddfccfd23d7ba036670214902e,67eaeaae05cc33550f061649f99bb92951375c55491458d36e2f1c224114a8b1,0d285e8573294ff0f8d626c9d7c79b1ffa6d14fb3071ba7be902aa48627a1c7e,0.3774072910018731
5,spherical,1.0,0.1,r5_spherical_sigma1_lr0.1,117,ok,,0.5226068723893336,6.177257706592469,60,36.332478219603104,0.001189858269866526,0.04323049967434019,0.04323049967434019,2ff937c83d36f7b3a5406c91e8755c50ce932575e34db68925452587b0ab77d6,cdf25d405b5fe37947efb89cf322d90a325944cb0f0b1c74e63c9bef676409c9,6d2e8203ab09f7481803ba6cac1d0fef11989f0d29cc5ddaeca62054fed6f238,32821079a74fe63f445d951a557ad18447fced01821fc77b6b8d137d2fe48881,0.38094529200316174
5,spherical,1.0,0.1,r5_spherical_sigma1_lr0.1,118,ok,,0.4348597218799418,6.168667210120947,60,40.13151243498837,0.001318974310089819,0.052932433926799784,0.05293243392679978,f9372f8f74b3a18b86f9a9dd960278381003e836073cde71119d3b892dde9434,59bdc0f89b4338bedfcb41a006c7270700c3c9b7dcc404f90ce523a6de72153f,3672d037714419789c221c8c7564a09d4bd2e60bbf08a0fa3cd13f9a40a45c57,ffdd2708cda2855a18fd4a81398631fadb59f1610b8dd3d36eefe8f678572c16,0.376799249999749
5,spherical,1.0,0.1,r5_spherical_sigma1_lr0.1,119,ok,,0.44910167581207916,6.057150599627434,60,44.29465112600185,0.0009067795851634282,0.04016548537299473,0.04016548537299473,9cc5a5818d004f0f1492c246ba3ab8685b2df3f7dfd15cdf113ebebec42d8dee,b4b89830e7b456b55a2d8bf5cd702abc3d8f249d69772640d3613c7c3883f235,a56289775eec0ce432a321db146cf9b88569ccab3daaa3aefaeb57ea0050cb73,01bf4e2b10f88360652600d185a9d719f05502f25f089d70da96eafa7fe4dfe3,0.3811433750015567
5,spherical,1.0,0.1,r5_spherical_sigma1_lr0.1,120,ok,,0.41613496032687736,6.142323339347682,60,84.4913769295619,0.0005811645860255064,0.049103396095993866,0.049103396095993866,69e5aaf107b63f46b6b057dfe99d3189e4f485b9649136f1718f398f646e43c6,edec6b504324ff4ca21bfe1724b68c91d15940a01c61e711c5d594301c2472db,be8ede604a893ee87034e6fb596cea91ea3be8f191d448807bebae1ef6fbfe79,dff4b17a330f664ec4d31f507c7603e7842ac94d65226c760d6e78cfa953aeb7,0.3782709579973016
5,spherical,1.0,0.2,r5_spherical_sigma1_lr0.2,111,ok,,0.4457549340446693,6.207323927762018,60,103.56267332698589,0.0004976778807240243,0.05154085178348877,0.05154085178348877,6f4599f803588363f7f3f06a30082972087391773f80fd6d7eb3eadc6484859e,d1c56984458c037ac512580f74df185ac4c111a702212c7cfaf13c1ca65aebe9,46ec6552ea8abd2c67a85ebf993bb74a1984e0f557904f8a35ae4eb6d2b596da,ff013eda1d426d67006a334f6583897c614d689f5823b14c442be63e78bb3962,0.3790538329994888
5,spherical,1.0,0.2,r5_spherical_sigma1_lr0.2,112,ok,,0.4165637625272561,6.022504248914252,60,50.952898470671904,0.0010571219970840252,0.053863429788536255,0.053863429788536255,23158049f8a287709543a55b89f8943218b08cba397a67e034633640e70c99f6,7cf215d2f9edfe114fd58221406c9b8614d936ff435dd52843f07d52d239e8f0,b0126d22db14df8032614d0be237f7ba7f8faae015df79310d48a47a7e019709,3dd0b47c3c1ce23069083c16d0c2272714da54db5025db5646fd1228b010a5e8,0.37919545900513185
5,spherical,1.0,0.2,r5_spherical_sigma1_lr0.2,113,ok,,0.3914055354580425,5.972738643605649,60,44.571563395690475,0.0013953152167098016,0.06219138063855252,0.06219138063855252,1130bcd06d370ab57f1bc3a67409c755b267648b80a0f46e840060bb010d3ab8,c3ccfdf546077e3988ee6c948ab6a99fff1f54ea8f05150e1add2348f19c7b75,494a09d0cb32c8fd575150abd91ad12074451b075c550159cd5a0edda3ce9c1b,db95c591d5ad7a1f08531cf0e04985b931fc730f28e8ed47b8c7c5d8ecd8db0c,0.3821992919984041
5,spherical,1.0,0.2,r5_spherical_sigma1_lr0.2,114,ok,,0.4592307101958083,6.181641364595784,60,66.3667044767497,0.0007051674242603518,0.04679963805251754,0.04679963805251755,c8a7a565f4c34afcedf377bd8a33aee023bbafec99430b278d5183f906311b3e,34475f4f2a54c2f51b87ca6e4090248db2d1c3bf4a93c1e597425a64dfa7c24d,9fc9306ab4737b5804dc59a07264243c6abc622ca16efa0cd4d6bddf38b05e36,52ceac77e1e0c99a5de90b23d52d3e2f15eb08da92d5b6842d3e92834a138f22,0.3784065420040861
5,spherical,1.0,0.2,r5_spherical_sigma1_lr0.2,115,ok,,0.5651422338665284,6.108229453408191,60,81.55544337814759,0.0006049367128967222,0.04933588183601135,0.04933588183601135,21e3187a25ce542a7fda12331f6df5573b7aa9cfb19c4d6a1242f48e9ab77257,ffa4fb8ff63f2fd3f92c212f125af732d0fdf126648b3a141a1396d1b2943a85,fae9b80b4b9bbecd172da441f7a298732dc4ec9c5fd56650a16ee48bf4f2164a,c3a0cabd7487508470d585545f7b6a856897b0410105302f1b4d5c12944c190d,0.3813413330062758
5,spherical,1.0,0.2,r5_spherical_sigma1_lr0.2,116,ok,,0.6435245530286438,6.269436918082799,60,48.78744336013837,0.0011172930440821074,0.0545098711048324,0.054509871104832394,b240340bda42b13e461b839e854e8931eb9b197c11fad589d1f07877b5a6c105,82a738c98e33ae7527a4b39c2218f7ec9f26aeddfccfd23d7ba036670214902e,67eaeaae05cc33550f061649f99bb92951375c55491458d36e2f1c224114a8b1,0d285e8573294ff0f8d626c9d7c79b1ffa6d14fb3071ba7be902aa48627a1c7e,0.37739287500153296
5,spherical,1.0,0.2,r5_spherical_sigma1_lr0.2,117,ok,,0.4112066011995291,6.03876945327037,60,36.332478219603104,0.001189858269866526,0.04323049967434019,0.04323049967434019,2ff937c83d36f7b3a5406c91e8755c50ce932575e34db68925452587b0ab77d6,cdf25d405b5fe37947efb89cf322d90a325944cb0f0b1c74e63c9bef676409c9,6d2e8203ab09f7481803ba6cac1d0fef11989f0d29cc5ddaeca62054fed6f238,32821079a74fe63f445d951a557ad18447fced01821fc77b6b8d137d2fe48881,0.3821934160005185
5,spherical,1.0,0.2,r5_spherical_sigma1_lr0.2,118,ok,,0.3884032217970206,6.1232109922889055,60,40.13151243498837,0.001318974310089819,0.052932433926799784,0.05293243392679978,f9372f8f74b3a18b86f9a9dd960278381003e836073cde71119d3b892dde9434,59bdc0f89b4338bedfcb41a006c7270700c3c9b7dcc404f90ce523a6de72153f,3672d037714419789c221c8c7564a09d4bd2e60bbf08a0fa3cd13f9a40a45c57,ffdd2708cda2855a18fd4a81398631fadb59f1610b8dd3d36eefe8f678572c16,0.3782301249957527
5,spherical,1.0,0.2,r5_spherical_sigma1_lr0.2,119,ok,,0.452050138813744,6.078425010929096,60,44.29465112600185,0.0009067795851634282,0.04016548537299473,0.04016548537299473,9cc5a5818d004f0f1492c246ba3ab8685b2df3f7dfd15cdf113ebebec42d8dee,b4b89830e7b456b55a2d8bf5cd702abc3d8f249d69772640d3613c7c3883f235,a56289775eec0ce432a321db146cf9b88569ccab3daaa3aefaeb57ea0050cb73,01bf4e2b10f88360652600d185a9d719f05502f25f089d70da96eafa7fe4dfe3,0.3818311669965624
5,spherical,1.0,0.2,r5_spherical_sigma1_lr0.2,120,ok,,0.44515395589620527,6.139082943765403,60,84.4913769295619,0.0005811645860255064,0.049103396095993866,0.049103396095993866,69e5aaf107b63f46b6b057dfe99d3189e4f485b9649136f1718f398f646e43c6,edec6b504324ff4ca21bfe1724b68c91d15940a01c61e711c5d594301c2472db,be8ede604a893ee87034e6fb596cea91ea3be8f191d448807bebae1ef6fbfe79,dff4b17a330f664ec4d31f507c7603e7842ac94d65226c760d6e78cfa953aeb7,0.37728299999434967
5,tv,1.0,0.005,r5_tv_sigma1_lr0.005,111,ok,,2.2026761928729264,7.997988456603639,60,2.963882956917678,0.017389638029799002,0.05154085178348877,0.05154085178348877,6f4599f803588363f7f3f06a30082972087391773f80fd6d7eb3eadc6484859e,d1c56984458c037ac512580f74df185ac4c111a702212c7cfaf13c1ca65aebe9,46ec6552ea8abd2c67a85ebf993bb74a1984e0f557904f8a35ae4eb6d2b596da,ff013eda1d426d67006a334f6583897c614d689f5823b14c442be63e78bb3962,0.36413599999650614
5,tv,1.0,0.005,r5_tv_sigma1_lr0.005,112,ok,,3.6428700275589954,9.224505882238876,60,3.3167424253584223,0.01623985913911163,0.053863429788536255,0.05386342978853625,23158049f8a287709543a55b89f8943218b08cba397a67e034633640e70c99f6,7cf215d2f9edfe114fd58221406c9b8614d936ff435dd52843f07d52d239e8f0,b0126d22db14df8032614d0be237f7ba7f8faae015df79310d48a47a7e019709,3dd0b47c3c1ce23069083c16d0c2272714da54db5025db5646fd1228b010a5e8,0.3683673749983427
5,tv,1.0,0.005,r5_tv_sigma1_lr0.005,113,ok,,4.518356741099086,10.00835558233159,60,2.303783722400382,0.026995320799364553,0.06219138063855252,0.06219138063855252,1130bcd06d370ab57f1bc3a67409c755b267648b80a0f46e840060bb010d3ab8,c3ccfdf546077e3988ee6c948ab6a99fff1f54ea8f05150e1add2348f19c7b75,494a09d0cb32c8fd575150abd91ad12074451b075c550159cd5a0edda3ce9c1b,db95c591d5ad7a1f08531cf0e04985b931fc730f28e8ed47b8c7c5d8ecd8db0c,0.36513579200254753
5,tv,1.0,0.005,r5_tv_sigma1_lr0.005,114,ok,,2.2149444260563733,7.992242051486577,60,2.343370804310353,0.019971076692785944,0.04679963805251754,0.04679963805251754,c8a7a565f4c34afcedf377bd8a33aee023bbafec99430b278d5183f906311b3e,34475f4f2a54c2f51b87ca6e4090248db2d1c3bf4a93c1e597425a64dfa7c24d,9fc9306ab4737b5804dc59a07264243c6abc622ca16efa0cd4d6bddf38b05e36,52ceac77e1e0c99a5de90b23d52d3e2f15eb08da92d5b6842d3e92834a138f22,0.3615485000045737
5,tv,1.0,0.005,r5_tv_sigma1_lr0.005,115,ok,,3.97430227284436,9.40560783701418,60,3.1331561684251255,0.015746384534930453,0.04933588183601135,0.04933588183601135,21e3187a25ce542a7fda12331f6df5573b7aa9cfb19c4d6a1242f48e9ab77257,ffa4fb8ff63f2fd3f92c212f125af732d0fdf126648b3a141a1396d1b2943a85,fae9b80b4b9bbecd172da441f7a298732dc4ec9c5fd56650a16ee48bf4f2164a,c3a0cabd7487508470d585545f7b6a856897b0410105302f1b4d5c12944c190d,0.36021670899936
5,tv,1.0,0.005,r5_tv_sigma1_lr0.005,116,ok,,3.0279904189621805,8.816055242310998,60,2.0233753200017643,0.026940069183400375,0.0545098711048324,0.0545098711048324,b240340bda42b13e461b839e854e8931eb9b197c11fad589d1f07877b5a6c105,82a738c98e33ae7527a4b39c2218f7ec9f26aeddfccfd23d7ba036670214902e,67eaeaae05cc33550f061649f99bb92951375c55491458d36e2f1c224114a8b1,0d285e8573294ff0f8d626c9d7c79b1ffa6d14fb3071ba7be902aa48627a1c7e,0.3643682080000872
5,tv,1.0,0.005,r5_tv_sigma1_lr0.005,117,ok,,3.5673819666971816,9.24629434954637,60,3.0080094107100632,0.014371796684018787,0.04323049967434019,0.04323049967434019,2ff937c83d36f7b3a5406c91e8755c50ce932575e34db68925452587b0ab77d6,cdf25d405b5fe37947efb89cf322d90a325944cb0f0b1c74e63c9bef676409c9,6d2e8203ab09f7481803ba6cac1d0fef11989f0d29cc5ddaeca62054fed6f238,32821079a74fe63f445d951a557ad18447fced01821fc77b6b8d137d2fe48881,0.362232874998881
5,tv,1.0,0.005,r5_tv_sigma1_lr0.005,118,ok,,3.9619816245869264,9.864181475888058,60,2.814201144236225,0.018809044277169343,0.052932433926799784,0.052932433926799784,f9372f8f74b3a18b86f9a9dd960278381003e836073cde71119d3b892dde9434,59bdc0f89b4338bedfcb41a006c7270700c3c9b7dcc404f90ce523a6de72153f,3672d037714419789c221c8c7564a09d4bd2e60bbf08a0fa3cd13f9a40a45c57,ffdd2708cda2855a18fd4a81398631fadb59f1610b8dd3d36eefe8f678572c16,0.362080083003093
5,tv,1.0,0.005,r5_tv_sigma1_lr0.005,119,ok,,4.482140661326071,10.110413233935994,60,2.4388211112309803,0.01646922162024481,0.04016548537299473,0.04016548537299473,9cc5a5818d004f0f1492c246ba3ab8685b2df3f7dfd15cdf113ebebec42d8dee,b4b89830e7b456b55a2d8bf5cd702abc3d8f249d69772640d3613c7c3883f235,a56289775eec0ce432a321db146cf9b88569ccab3daaa3aefaeb57ea0050cb73,01bf4e2b10f88360652600d185a9d719f05502f25f089d70da96eafa7fe4dfe3,0.359165458001371
5,tv,1.0,0.005,r5_tv_sigma1_lr0.005,120,ok,,7.1545536597630965,13.44586087618758,60,2.222231371740955,0.022096437265902227,0.049103396095993866,0.049103396095993866,69e5aaf107b63f46b6b057dfe99d3189e4f485b9649136f1718f398f646e43c6,edec6b504324ff4ca21bfe1724b68c91d15940a01c61e711c5d594301c2472db,be8ede604a893ee87034e6fb596cea91ea3be8f191d448807bebae1ef6fbfe79,dff4b17a330f664ec4d31f507c7603e7842ac94d65226c760d6e78cfa953aeb7,0.36532916700525675
5,tv,1.0,0.01,r5_tv_sigma1_lr0.01,111,ok,,2.2802295379661786,8.049830890147135,60,2.963882956917678,0.017389638029799002,0.05154085178348877,0.05154085178348877,6f4599f803588363f7f3f06a30082972087391773f80fd6d7eb3eadc6484859e,d1c56984458c037ac512580f74df185ac4c111a702212c7cfaf13c1ca65aebe9,46ec6552ea8abd2c67a85ebf993bb74a1984e0f557904f8a35ae4eb6d2b596da,ff013eda1d426d67006a334f6583897c614d689f5823b14c442be63e78bb3962,0.36377370900299866
5,tv,1.0,0.01,r5_tv_sigma1_lr0.01,112,ok,,2.5662660381976967,8.132409746585,60,3.3167424253584223,0.01623985913911163,0.053863429788536255,0.05386342978853625,23158049f8a287709543a55b89f8943218b08cba397a67e034633640e70c99f6,7cf215d2f9edfe114fd58221406c9b8614d936ff435dd52843f07d52d239e8f0,b0126d22db14df8032614d0be237f7ba7f8faae015df79310d48a47a7e019709,3dd0b47c3c1ce23069083c16d0c2272714da54db5025db5646fd1228b010a5e8,0.3610380419995636
5,tv,1.0,0.01,r5_tv_sigma1_lr0.01,113,ok,,4.70413895541898,10.143025760253495,60,2.303783722400382,0.026995320799364553,0.06219138063855252,0.06219138063855252,1130bcd06d370ab57f1bc3a67409c755b267648b80a0f46e840060bb010d3ab8,c3ccfdf546077e3988ee6c948ab6a99fff1f54ea8f05150e1add2348f19c7b75,494a09d0cb32c8fd575150abd91ad12074451b075c550159cd5a0edda3ce9c1b,db95c591d5ad7a1f08531cf0e04985b931fc730f28e8ed47b8c7c5d8ecd8db0c,0.3614332090000971
5,tv,1.0,0.01,r5_tv_sigma1_lr0.01,114,ok,,2.163125051362954,7.974207807885019,60,2.343370804310353,0.019971076692785944,0.04679963805251754,0.04679963805251754,c8a7a565f4c34afcedf377bd8a33aee023bbafec99430b278d5183f906311b3e,34475f4f2a54c2f51b87ca6e4090248db2d1c3bf4a93c1e597425a64dfa7c24d,9fc9306ab4737b5804dc59a07264243c6abc622ca16efa0cd4d6bddf38b05e36,52ceac77e1e0c99a5de90b23d52d3e2f15eb08da92d5b6842d3e92834a138f22,0.3662203749991022
5,tv,1.0,0.01,r5_tv_sigma1_lr0.01,115,ok,,4.052438475005092,9.530472254257214,60,3.1331561684251255,0.015746384534930453,0.04933588183601135,0.04933588183601135,21e3187a25ce542a7fda12331f6df5573b7aa9cfb19c4d6a1242f48e9ab77257,ffa4fb8ff63f2fd3f92c212f125af732d0fdf126648b3a141a1396d1b2943a85,fae9b80b4b9bbecd172da441f7a298732dc4ec9c5fd56650a16ee48bf4f2164a,c3a0cabd7487508470d585545f7b6a856897b0410105302f1b4d5c12944c190d,0.365170750003017
5,tv,1.0,0.01,r5_tv_sigma1_lr0.01,116,ok,,7.164594174846063,13.017007877612695,60,2.0233753200017643,0.026940069183400375,0.0545098711048324,0.0545098711048324,b240340bda42b13e461b839e854e8931eb9b197c11fad589d1f07877b5a6c105,82a738c98e33ae7527a4b39c2218f7ec9f26aeddfccfd23d7ba036670214902e,67eaeaae05cc33550f061649f99bb92951375c55491458d36e2f1c224114a8b1,0d285e8573294ff0f8d626c9d7c79b1ffa6d14fb3071ba7be902aa48627a1c7e,0.35867758299718844
5,tv,1.0,0.01,r5_tv_sigma1_lr0.01,117,ok,,0.8846743874491585,6.515333769495045,60,3.0080094107100632,0.014371796684018787,0.04323049967434019,0.04323049967434019,2ff937c83d36f7b3a5406c91e8755c50ce932575e34db68925452587b0ab77d6,cdf25d405b5fe37947efb89cf322d90a325944cb0f0b1c74e63c9bef676409c9,6d2e8203ab09f7481803ba6cac1d0fef11989f0d29cc5ddaeca62054fed6f238,32821079a74fe63f445d951a557ad18447fced01821fc77b6b8d137d2fe48881,0.3617345419988851
5,tv,1.0,0.01,r5_tv_sigma1_lr0.01,118,ok,,2.281118633422368,8.08475798160553,60,2.814201144236225,0.018809044277169343,0.052932433926799784,0.052932433926799784,f9372f8f74b3a18b86f9a9dd960278381003e836073cde71119d3b892dde9434,59bdc0f89b4338bedfcb41a006c7270700c3c9b7dcc404f90ce523a6de72153f,3672d037714419789c221c8c7564a09d4bd2e60bbf08a0fa3cd13f9a40a45c57,ffdd2708cda2855a18fd4a81398631fadb59f1610b8dd3d36eefe8f678572c16,0.36687362500379095
5,tv,1.0,0.01,r5_tv_sigma1_lr0.01,119,ok,,3.529802346636085,9.152673857270125,60,2.4388211112309803,0.01646922162024481,0.04016548537299473,0.04016548537299473,9cc5a5818d004f0f1492c246ba3ab8685b2df3f7dfd15cdf113ebebec42d8dee,b4b89830e7b456b55a2d8bf5cd702abc3d8f249d69772640d3613c7c3883f235,a56289775eec0ce432a321db146cf9b88569ccab3daaa3aefaeb57ea0050cb73,01bf4e2b10f88360652600d185a9d719f05502f25f089d70da96eafa7fe4dfe3,0.36069224999664584
5,tv,1.0,0.01,r5_tv_sigma1_lr0.01,120,ok,,5.579479036434553,11.655623655161607,60,2.222231371740955,0.022096437265902227,0.049103396095993866,0.049103396095993866,69e5aaf107b63f46b6b057dfe99d3189e4f485b9649136f1718f398f646e43c6,edec6b504324ff4ca21bfe1724b68c91d15940a01c61e711c5d594301c2472db,be8ede604a893ee87034e6fb596cea91ea3be8f191d448807bebae1ef6fbfe79,dff4b17a330f664ec4d31f507c7603e7842ac94d65226c760d6e78cfa953aeb7,0.36425062499620253
5,tv,1.0,0.02,r5_tv_sigma1_lr0.02,111,ok,,1.6317542539251084,7.388395978573866,60,2.963882956917678,0.017389638029799002,0.05154085178348877,0.05154085178348877,6f4599f803588363f7f3f06a30082972087391773f80fd6d7eb3eadc6484859e,d1c56984458c037ac512580f74df185ac4c111a702212c7cfaf13c1ca65aebe9,46ec6552ea8abd2c67a85ebf993bb74a1984e0f557904f8a35ae4eb6d2b596da,ff013eda1d426d67006a334f6583897c614d689f5823b14c442be63e78bb3962,0.3643305000005057
5,tv,1.0,0.02,r5_tv_sigma1_lr0.02,112,ok,,3.573611066658212,9.182121370274215,60,3.3167424253584223,0.01623985913911163,0.053863429788536255,0.05386342978853625,23158049f8a287709543a55b89f8943218b08cba397a67e034633640e70c99f6,7cf215d2f9edfe114fd58221406c9b8614d936ff435dd52843f07d52d239e8f0,b0126d22db14df8032614d0be237f7ba7f8faae015df79310d48a47a7e019709,3dd0b47c3c1ce23069083c16d0c2272714da54db5025db5646fd1228b010a5e8,0.3649580830024206
5,tv,1.0,0.02,r5_tv_sigma1_lr0.02,113,ok,,1.788874623603679,7.353474503183447,60,2.303783722400382,0.026995320799364553,0.06219138063855252,0.06219138063855252,1130bcd06d370ab57f1bc3a67409c755b267648b80a0f46e840060bb010d3ab8,c3ccfdf546077e3988ee6c948ab6a99fff1f54ea8f05150e1add2348f19c7b75,494a09d0cb32c8fd575150abd91ad12074451b075c550159cd5a0edda3ce9c1b,db95c591d5ad7a1f08531cf0e04985b931fc730f28e8ed47b8c7c5d8ecd8db0c,0.3634208330040565
5,tv,1.0,0.02,r5_tv_sigma1_lr0.02,114,ok,,1.9382101531339204,7.720748048564632,60,2.343370804310353,0.019971076692785944,0.04679963805251754,0.04679963805251754,c8a7a565f4c34afcedf377bd8a33aee023bbafec99430b278d5183f906311b3e,34475f4f2a54c2f51b87ca6e4090248db2d1c3bf4a93c1e597425a64dfa7c24d,9fc9306ab4737b5804dc59a07264243c6abc622ca16efa0cd4d6bddf38b05e36,52ceac77e1e0c99a5de90b23d52d3e2f15eb08da92d5b6842d3e92834a138f22,0.3637406660054694
5,tv,1.0,0.02,r5_tv_sigma1_lr0.02,115,ok,,1.9421846646482268,7.47332598232827,60,3.1331561684251255,0.015746384534930453,0.04933588183601135,0.04933588183601135,21e3187a25ce542a7fda12331f6df5573b7aa9cfb19c4d6a1242f48e9ab77257,ffa4fb8ff63f2fd3f92c212f125af732d0fdf126648b3a141a1396d1b2943a85,fae9b80b4b9bbecd172da441f7a298732dc4ec9c5fd56650a16ee48bf4f2164a,c3a0cabd7487508470d585545f7b6a856897b0410105302f1b4d5c12944c190d,0.3609333330023219
5,tv,1.0,0.02,r5_tv_sigma1_lr0.02,116,ok,,1.3393557760807502,7.038490215491047,60,2.0233753200017643,0.026940069183400375,0.0545098711048324,0.0545098711048324,b240340bda42b13e461b839e854e8931eb9b197c11fad589d1f07877b5a6c105,82a738c98e33ae7527a4b39c2218f7ec9f26aeddfccfd23d7ba036670214902e,67eaeaae05cc33550f061649f99bb92951375c55491458d36e2f1c224114a8b1,0d285e8573294ff0f8d626c9d7c79b1ffa6d14fb3071ba7be902aa48627a1c7e,0.36618074999569217
5,tv,1.0,0.02,r5_tv_sigma1_lr0.02,117,ok,,0.731835982555211,6.373138075415826,60,3.0080094107100632,0.014371796684018787,0.04323049967434019,0.04323049967434019,2ff937c83d36f7b3a5406c91e8755c50ce932575e34db68925452587b0ab77d6,cdf25d405b5fe37947efb89cf322d90a325944cb0f0b1c74e63c9bef676409c9,6d2e8203ab09f7481803ba6cac1d0fef11989f0d29cc5ddaeca62054fed6f238,32821079a74fe63f445d951a557ad18447fced01821fc77b6b8d137d2fe48881,0.3627167919985368
5,tv,1.0,0.02,r5_tv_sigma1_lr0.02,118,ok,,1.8563075154597382,7.660911280389349,60,2.814201144236225,0.018809044277169343,0.052932433926799784,0.052932433926799784,f9372f8f74b3a18b86f9a9dd960278381003e836073cde71119d3b892dde9434,59bdc0f89b4338bedfcb41a006c7270700c3c9b7dcc404f90ce523a6de72153f,3672d037714419789c221c8c7564a09d4bd2e60bbf08a0fa3cd13f9a40a45c57,ffdd2708cda2855a18fd4a81398631fadb59f1610b8dd3d36eefe8f678572c16,0.36504783300188137
5,tv,1.0,0.02,r5_tv_sigma1_lr0.02,119,ok,,3.0185162050414607,8.643800451402795,60,2.4388211112309803,0.01646922162024481,0.04016548537299473,0.04016548537299473,9cc5a5818d004f0f1492c246ba3ab8685b2df3f7dfd15cdf113ebebec42d8dee,b4b89830e7b456b55a2d8bf5cd702abc3d8f249d69772640d3613c7c3883f235,a56289775eec0ce432a321db146cf9b88569ccab3daaa3aefaeb57ea0050cb73,01bf4e2b10f88360652600d185a9d719f05502f25f089d70da96eafa7fe4dfe3,0.36065029100427637
5,tv,1.0,0.02,r5_tv_sigma1_lr0.02,120,ok,,8.378357621524014,14.694395912740891,60,2.222231371740955,0.022096437265902227,0.049103396095993866,0.049103396095993866,69e5aaf107b63f46b6b057dfe99d3189e4f485b9649136f1718f398f646e43c6,edec6b504324ff4ca21bfe1724b68c91d15940a01c61e711c5d594301c2472db,be8ede604a893ee87034e6fb596cea91ea3be8f191d448807bebae1ef6fbfe79,dff4b17a330f664ec4d31f507c7603e7842ac94d65226c760d6e78cfa953aeb7,0.3643343330040807
5,tv,1.0,0.05,r5_tv_sigma1_lr0.05,111,ok,,1.4373848856585871,7.2107802524565106,60,2.963882956917678,0.017389638029799002,0.05154085178348877,0.05154085178348877,6f4599f803588363f7f3f06a30082972087391773f80fd6d7eb3eadc6484859e,d1c56984458c037ac512580f74df185ac4c111a702212c7cfaf13c1ca65aebe9,46ec6552ea8abd2c67a85ebf993bb74a1984e0f557904f8a35ae4eb6d2b596da,ff013eda1d426d67006a334f6583897c614d689f5823b14c442be63e78bb3962,0.36394279199885204
5,tv,1.0,0.05,r5_tv_sigma1_lr0.05,112,ok,,1.9976115820441565,7.579206357517789,60,3.3167424253584223,0.01623985913911163,0.053863429788536255,0.05386342978853625,23158049f8a287709543a55b89f8943218b08cba397a67e034633640e70c99f6,7cf215d2f9edfe114fd58221406c9b8614d936ff435dd52843f07d52d239e8f0,b0126d22db14df8032614d0be237f7ba7f8faae015df79310d48a47a7e019709,3dd0b47c3c1ce23069083c16d0c2272714da54db5025db5646fd1228b010a5e8,0.3618048330026795
5,tv,1.0,0.05,r5_tv_sigma1_lr0.05,113,ok,,1.8490098731686595,7.36266651282809,60,2.303783722400382,0.026995320799364553,0.06219138063855252,0.06219138063855252,1130bcd06d370ab57f1bc3a67409c755b267648b80a0f46e840060bb010d3ab8,c3ccfdf546077e3988ee6c948ab6a99fff1f54ea8f05150e1add2348f19c7b75,494a09d0cb32c8fd575150abd91ad12074451b075c550159cd5a0edda3ce9c1b,db95c591d5ad7a1f08531cf0e04985b931fc730f28e8ed47b8c7c5d8ecd8db0c,0.3643958750035381
5,tv,1.0,0.05,r5_tv_sigma1_lr0.05,114,ok,,1.6985851559778462,7.426620905189484,60,2.343370804310353,0.019971076692785944,0.04679963805251754,0.04679963805251754,c8a7a565f4c34afcedf377bd8a33aee023bbafec99430b278d5183f906311b3e,34475f4f2a54c2f51b87ca6e4090248db2d1c3bf4a93c1e597425a64dfa7c24d,9fc9306ab4737b5804dc59a07264243c6abc622ca16efa0cd4d6bddf38b05e36,52ceac77e1e0c99a5de90b23d52d3e2f15eb08da92d5b6842d3e92834a138f22,0.36626708400581265
5,tv,1.0,0.05,r5_tv_sigma1_lr0.05,115,ok,,2.3044969858968436,7.812016972604044,60,3.1331561684251255,0.015746384534930453,0.04933588183601135,0.04933588183601135,21e3187a25ce542a7fda12331f6df5573b7aa9cfb19c4d6a1242f48e9ab77257,ffa4fb8ff63f2fd3f92c212f125af732d0fdf126648b3a141a1396d1b2943a85,fae9b80b4b9bbecd172da441f7a298732dc4ec9c5fd56650a16ee48bf4f2164a,c3a0cabd7487508470d585545f7b6a856897b0410105302f1b4d5c12944c190d,0.36147849999542814
5,tv,1.0,0.05,r5_tv_sigma1_lr0.05,116,ok,,2.7696828710363333,8.54285735236033,60,2.0233753200017643,0.026940069183400375,0.0545098711048324,0.0545098711048324,b240340bda42b13e461b839e854e8931eb9b197c11fad589d1f07877b5a6c105,82a738c98e33ae7527a4b39c2218f7ec9f26aeddfccfd23d7ba036670214902e,67eaeaae05cc33550f061649f99bb92951375c55491458d36e2f1c224114a8b1,0d285e8573294ff0f8d626c9d7c79b1ffa6d14fb3071ba7be902aa48627a1c7e,0.3633088749993476
5,tv,1.0,0.05,r5_tv_sigma1_lr0.05,117,ok,,0.7811143970463987,6.440752933105769,60,3.0080094107100632,0.014371796684018787,0.04323049967434019,0.04323049967434019,2ff937c83d36f7b3a5406c91e8755c50ce932575e34db68925452587b0ab77d6,cdf25d405b5fe37947efb89cf322d90a325944cb0f0b1c74e63c9bef676409c9,6d2e8203ab09f7481803ba6cac1d0fef11989f0d29cc5ddaeca62054fed6f238,32821079a74fe63f445d951a557ad18447fced01821fc77b6b8d137d2fe48881,0.36492929199448554
5,tv,1.0,0.05,r5_tv_sigma1_lr0.05,118,ok,,2.247581832301584,8.073301050396221,60,2.814201144236225,0.018809044277169343,0.052932433926799784,0.052932433926799784,f9372f8f74b3a18b86f9a9dd960278381003e836073cde71119d3b892dde9434,59bdc0f89b4338bedfcb41a006c7270700c3c9b7dcc404f90ce523a6de72153f,3672d037714419789c221c8c7564a09d4bd2e60bbf08a0fa3cd13f9a40a45c57,ffdd2708cda2855a18fd4a81398631fadb59f1610b8dd3d36eefe8f678572c16,0.36666750000586035
5,tv,1.0,0.05,r5_tv_sigma1_lr0.05,119,ok,,2.8580939213782237,8.430521221887297,60,2.4388211112309803,0.01646922162024481,0.04016548537299473,0.04016548537299473,9cc5a5818d004f0f1492c246ba3ab8685b2df3f7dfd15cdf113ebebec42d8dee,b4b89830e7b456b55a2d8bf5cd702abc3d8f249d69772640d3613c7c3883f235,a56289775eec0ce432a321db146cf9b88569ccab3daaa3aefaeb57ea0050cb73,01bf4e2b10f88360652600d185a9d719f05502f25f089d70da96eafa7fe4dfe3,0.36181916700297734
5,tv,1.0,0.05,r5_tv_sigma1_lr0.05,120,ok,,1.5002294966166334,7.311772201336071,60,2.222231371740955,0.022096437265902227,0.049103396095993866,0.049103396095993866,69e5aaf107b63f46b6b057dfe99d3189e4f485b9649136f1718f398f646e43c6,edec6b504324ff4ca21bfe1724b68c91d15940a01c61e711c5d594301c2472db,be8ede604a893ee87034e6fb596cea91ea3be8f191d448807bebae1ef6fbfe79,dff4b17a330f664ec4d31f507c7603e7842ac94d65226c760d6e78cfa953aeb7,0.36150929200084647
5,tv,1.0,0.1,r5_tv_sigma1_lr0.1,111,ok,,3.209476438236331,8.999265982843085,60,2.963882956917678,0.017389638029799002,0.05154085178348877,0.05154085178348877,6f4599f803588363f7f3f06a30082972087391773f80fd6d7eb3eadc6484859e,d1c56984458c037ac512580f74df185ac4c111a702212c7cfaf13c1ca65aebe9,46ec6552ea8abd2c67a85ebf993bb74a1984e0f557904f8a35ae4eb6d2b596da,ff013eda1d426d67006a334f6583897c614d689f5823b14c442be63e78bb3962,0.36746279100043466
5,tv,1.0,0.1,r5_tv_sigma1_lr0.1,112,ok,,1.351692313111545,6.954199571001256,60,3.3167424253584223,0.01623985913911163,0.053863429788536255,0.05386342978853625,23158049f8a287709543a55b89f8943218b08cba397a67e034633640e70c99f6,7cf215d2f9edfe114fd58221406c9b8614d936ff435dd52843f07d52d239e8f0,b0126d22db14df8032614d0be237f7ba7f8faae015df79310d48a47a7e019709,3dd0b47c3c1ce23069083c16d0c2272714da54db5025db5646fd1228b010a5e8,0.3665541660011513
5,tv,1.0,0.1,r5_tv_sigma1_lr0.1,113,ok,,1.9263303994192456,7.487096138070463,60,2.303783722400382,0.026995320799364553,0.06219138063855252,0.06219138063855252,1130bcd06d370ab57f1bc3a67409c755b267648b80a0f46e840060bb010d3ab8,c3ccfdf546077e3988ee6c948ab6a99fff1f54ea8f05150e1add2348f19c7b75,494a09d0cb32c8fd575150abd91ad12074451b075c550159cd5a0edda3ce9c1b,db95c591d5ad7a1f08531cf0e04985b931fc730f28e8ed47b8c7c5d8ecd8db0c,0.36277366699505365
5,tv,1.0,0.1,r5_tv_sigma1_lr0.1,114,ok,,1.36762632779041,7.103792762430826,60,2.343370804310353,0.019971076692785944,0.04679963805251754,0.04679963805251754,c8a7a565f4c34afcedf377bd8a33aee023bbafec99430b278d5183f906311b3e,34475f4f2a54c2f51b87ca6e4090248db2d1c3bf4a93c1e597425a64dfa7c24d,9fc9306ab4737b5804dc59a07264243c6abc622ca16efa0cd4d6bddf38b05e36,52ceac77e1e0c99a5de90b23d52d3e2f15eb08da92d5b6842d3e92834a138f22,0.36311275000480236
5,tv,1.0,0.1,r5_tv_sigma1_lr0.1,115,ok,,1.6731375132385584,7.181968041867226,60,3.1331561684251255,0.015746384534930453,0.04933588183601135,0.04933588183601135,21e3187a25ce542a7fda12331f6df5573b7aa9cfb19c4d6a1242f48e9ab77257,ffa4fb8ff63f2fd3f92c212f125af732d0fdf126648b3a141a1396d1b2943a85,fae9b80b4b9bbecd172da441f7a298732dc4ec9c5fd56650a16ee48bf4f2164a,c3a0cabd7487508470d585545f7b6a856897b0410105302f1b4d5c12944c190d,0.36314920899894787
5,tv,1.0,0.1,r5_tv_sigma1_lr0.1,116,ok,,1.5950736743679392,7.310390920479459,60,2.0233753200017643,0.026940069183400375,0.0545098711048324,0.0545098711048324,b240340bda42b13e461b839e854e8931eb9b197c11fad589d1f07877b5a6c105,82a738c98e33ae7527a4b39c2218f7ec9f26aeddfccfd23d7ba036670214902e,67eaeaae05cc33550f061649f99bb92951375c55491458d36e2f1c224114a8b1,0d285e8573294ff0f8d626c9d7c79b1ffa6d14fb3071ba7be902aa48627a1c7e,0.36736520800332073
5,tv,1.0,0.1,r5_tv_sigma1_lr0.1,117,ok,,0.7986166043610214,6.439281799800638,60,3.0080094107100632,0.014371796684018787,0.04323049967434019,0.04323049967434019,2ff937c83d36f7b3a5406c91e8755c50ce932575e34db68925452587b0ab77d6,cdf25d405b5fe37947efb89cf322d90a325944cb0f0b1c74e63c9bef676409c9,6d2e8203ab09f7481803ba6cac1d0fef11989f0d29cc5ddaeca62054fed6f238,32821079a74fe63f445d951a557ad18447fced01821fc77b6b8d137d2fe48881,0.3648738330011838
5,tv,1.0,0.1,r5_tv_sigma1_lr0.1,118,ok,,1.7530284501110087,7.553348033694133,60,2.814201144236225,0.018809044277169343,0.052932433926799784,0.052932433926799784,f9372f8f74b3a18b86f9a9dd960278381003e836073cde71119d3b892dde9434,59bdc0f89b4338bedfcb41a006c7270700c3c9b7dcc404f90ce523a6de72153f,3672d037714419789c221c8c7564a09d4bd2e60bbf08a0fa3cd13f9a40a45c57,ffdd2708cda2855a18fd4a81398631fadb59f1610b8dd3d36eefe8f678572c16,0.3637233749977895
5,tv,1.0,0.1,r5_tv_sigma1_lr0.1,119,ok,,1.6793957523530634,7.288613435454879,60,2.4388211112309803,0.01646922162024481,0.04016548537299473,0.04016548537299473,9cc5a5818d004f0f1492c246ba3ab8685b2df3f7dfd15cdf113ebebec42d8dee,b4b89830e7b456b55a2d8bf5cd702abc3d8f249d69772640d3613c7c3883f235,a56289775eec0ce432a321db146cf9b88569ccab3daaa3aefaeb57ea0050cb73,01bf4e2b10f88360652600d185a9d719f05502f25f089d70da96eafa7fe4dfe3,0.3648870420001913
5,tv,1.0,0.1,r5_tv_sigma1_lr0.1,120,ok,,1.4158980887522923,7.243145887299026,60,2.222231371740955,0.022096437265902227,0.049103396095993866,0.049103396095993866,69e5aaf107b63f46b6b057dfe99d3189e4f485b9649136f1718f398f646e43c6,edec6b504324ff4ca21bfe1724b68c91d15940a01c61e711c5d594301c2472db,be8ede604a893ee87034e6fb596cea91ea3be8f191d448807bebae1ef6fbfe79,dff4b17a330f664ec4d31f507c7603e7842ac94d65226c760d6e78cfa953aeb7,0.36639058299624594
5,tv,1.0,0.2,r5_tv_sigma1_lr0.2,111,ok,,1.515250233217863,7.2896186686880515,60,2.963882956917678,0.017389638029799002,0.05154085178348877,0.05154085178348877,6f4599f803588363f7f3f06a30082972087391773f80fd6d7eb3eadc6484859e,d1c56984458c037ac512580f74df185ac4c111a702212c7cfaf13c1ca65aebe9,46ec6552ea8abd2c67a85ebf993bb74a1984e0f557904f8a35ae4eb6d2b596da,ff013eda1d426d67006a334f6583897c614d689f5823b14c442be63e78bb3962,0.3629623340020771
5,tv,1.0,0.2,r5_tv_sigma1_lr0.2,112,ok,,0.9361021964455044,6.593298361108531,60,3.3167424253584223,0.01623985913911163,0.053863429788536255,0.05386342978853625,23158049f8a287709543a55b89f8943218b08cba397a67e034633640e70c99f6,7cf215d2f9edfe114fd58221406c9b8614d936ff435dd52843f07d52d239e8f0,b0126d22db14df8032614d0be237f7ba7f8faae015df79310d48a47a7e019709,3dd0b47c3c1ce23069083c16d0c2272714da54db5025db5646fd1228b010a5e8,0.3623152919972199
5,tv,1.0,0.2,r5_tv_sigma1_lr0.2,113,ok,,1.1286551551944128,6.650201790477495,60,2.303783722400382,0.026995320799364553,0.06219138063855252,0.06219138063855252,1130bcd06d370ab57f1bc3a67409c755b267648b80a0f46e840060bb010d3ab8,c3ccfdf546077e3988ee6c948ab6a99fff1f54ea8f05150e1add2348f19c7b75,494a09d0cb32c8fd575150abd91ad12074451b075c550159cd5a0edda3ce9c1b,db95c591d5ad7a1f08531cf0e04985b931fc730f28e8ed47b8c7c5d8ecd8db0c,0.3666861249948852
5,tv,1.0,0.2,r5_tv_sigma1_lr0.2,114,ok,,1.870758321657525,7.634894361982019,60,2.343370804310353,0.019971076692785944,0.04679963805251754,0.04679963805251754,c8a7a565f4c34afcedf377bd8a33aee023bbafec99430b278d5183f906311b3e,34475f4f2a54c2f51b87ca6e4090248db2d1c3bf4a93c1e597425a64dfa7c24d,9fc9306ab4737b5804dc59a07264243c6abc622ca16efa0cd4d6bddf38b05e36,52ceac77e1e0c99a5de90b23d52d3e2f15eb08da92d5b6842d3e92834a138f22,0.36799420800525695
5,tv,1.0,0.2,r5_tv_sigma1_lr0.2,115,ok,,1.253456291367006,6.787723507331841,60,3.1331561684251255,0.015746384534930453,0.04933588183601135,0.04933588183601135,21e3187a25ce542a7fda12331f6df5573b7aa9cfb19c4d6a1242f48e9ab77257,ffa4fb8ff63f2fd3f92c212f125af732d0fdf126648b3a141a1396d1b2943a85,fae9b80b4b9bbecd172da441f7a298732dc4ec9c5fd56650a16ee48bf4f2164a,c3a0cabd7487508470d585545f7b6a856897b0410105302f1b4d5c12944c190d,0.36263529200368794
5,tv,1.0,0.2,r5_tv_sigma1_lr0.2,116,ok,,1.618562514793596,7.331236725330061,60,2.0233753200017643,0.026940069183400375,0.0545098711048324,0.0545098711048324,b240340bda42b13e461b839e854e8931eb9b197c11fad589d1f07877b5a6c105,82a738c98e33ae7527a4b39c2218f7ec9f26aeddfccfd23d7ba036670214902e,67eaeaae05cc33550f061649f99bb92951375c55491458d36e2f1c224114a8b1,0d285e8573294ff0f8d626c9d7c79b1ffa6d14fb3071ba7be902aa48627a1c7e,0.36341237500164425
5,tv,1.0,0.2,r5_tv_sigma1_lr0.2,117,ok,,0.7739547624458254,6.401995650165515,60,3.0080094107100632,0.014371796684018787,0.04323049967434019,0.04323049967434019,2ff937c83d36f7b3a5406c91e8755c50ce932575e34db68925452587b0ab77d6,cdf25d405b5fe37947efb89cf322d90a325944cb0f0b1c74e63c9bef676409c9,6d2e8203ab09f7481803ba6cac1d0fef11989f0d29cc5ddaeca62054fed6f238,32821079a74fe63f445d951a557ad18447fced01821fc77b6b8d137d2fe48881,0.364743540994823
5,tv,1.0,0.2,r5_tv_sigma1_lr0.2,118,ok,,2.445941984796649,8.236722590146508,60,2.814201144236225,0.018809044277169343,0.052932433926799784,0.052932433926799784,f9372f8f74b3a18b86f9a9dd960278381003e836073cde71119d3b892dde9434,59bdc0f89b4338bedfcb41a006c7270700c3c9b7dcc404f90ce523a6de72153f,3672d037714419789c221c8c7564a09d4bd2e60bbf08a0fa3cd13f9a40a45c57,ffdd2708cda2855a18fd4a81398631fadb59f1610b8dd3d36eefe8f678572c16,0.36783870799990837
5,tv,1.0,0.2,r5_tv_sigma1_lr0.2,119,ok,,1.5944317005077526,7.248238591779076,60,2.4388211112309803,0.01646922162024481,0.04016548537299473,0.04016548537299473,9cc5a5818d004f0f1492c246ba3ab8685b2df3f7dfd15cdf113ebebec42d8dee,b4b89830e7b456b55a2d8bf5cd702abc3d8f249d69772640d3613c7c3883f235,a56289775eec0ce432a321db146cf9b88569ccab3daaa3aefaeb57ea0050cb73,01bf4e2b10f88360652600d185a9d719f05502f25f089d70da96eafa7fe4dfe3,0.3639770000008866
5,tv,1.0,0.2,r5_tv_sigma1_lr0.2,120,ok,,1.1639945254814454,6.9488484449057975,60,2.222231371740955,0.022096437265902227,0.049103396095993866,0.049103396095993866,69e5aaf107b63f46b6b057dfe99d3189e4f485b9649136f1718f398f646e43c6,edec6b504324ff4ca21bfe1724b68c91d15940a01c61e711c5d594301c2472db,be8ede604a893ee87034e6fb596cea91ea3be8f191d448807bebae1ef6fbfe79,dff4b17a330f664ec4d31f507c7603e7842ac94d65226c760d6e78cfa953aeb7,0.367656624999654
6,hellinger,1.0,0.005,r6_hellinger_sigma1_lr0.005,111,ok,,0.8486875981534607,6.656948590990101,66,0.19044845232577376,0.28543976390017356,0.054361561267022324,0.054361561267022324,6f4599f803588363f7f3f06a30082972087391773f80fd6d7eb3eadc6484859e,922c88498695bd4cd2bce85cb58cec5948b0b2180f15c65c83fd8961fa62e3fc,46ec6552ea8abd2c67a85ebf993bb74a1984e0f557904f8a35ae4eb6d2b596da,ff013eda1d426d67006a334f6583897c614d689f5823b14c442be63e78bb3962,0.3889536660062731
6,hellinger,1.0,0.005,r6_hellinger_sigma1_lr0.005,112,ok,,1.0750537076406723,6.727892158280401,66,0.19051764326593618,0.30703330310016125,0.058495261310798574,0.058495261310798574,23158049f8a287709543a55b89f8943218b08cba397a67e034633640e70c99f6,4f0dfaf22fde2be953d09f6d5e1d430f855a074012b1744b4581503ac11ff36c,b0126d22db14df8032614d0be237f7ba7f8faae015df79310d48a47a7e019709,3dd0b47c3c1ce23069083c16d0c2272714da54db5025db5646fd1228b010a5e8,0.3842378749977797
6,hellinger,1.0,0.005,r6_hellinger_sigma1_lr0.005,113,ok,,1.14327186613203,6.780904889879501,66,0.2070551682715368,0.3048455935654796,0.06311985567253689,0.06311985567253689,1130bcd06d370ab57f1bc3a67409c755b267648b80a0f46e840060bb010d3ab8,191c09e53d0a687f6cad40fa2d14867ca63354cc5fb8b3e5cd829abf5c3cde96,494a09d0cb32c8fd575150abd91ad12074451b075c550159cd5a0edda3ce9c1b,db95c591d5ad7a1f08531cf0e04985b931fc730f28e8ed47b8c7c5d8ecd8db0c,0.3837469579957542
6,hellinger,1.0,0.005,r6_hellinger_sigma1_lr0.005,114,ok,,0.9035848097902067,6.601978534535918,66,0.1727190235876673,0.28773164789579864,0.049696729279832826,0.049696729279832826,c8a7a565f4c34afcedf377bd8a33aee023bbafec99430b278d5183f906311b3e,3e40fb00f0d7336f12289747d25109e06baa7865eaf0c7dd6f89a85970ed7fd9,9fc9306ab4737b5804dc59a07264243c6abc622ca16efa0cd4d6bddf38b05e36,52ceac77e1e0c99a5de90b23d52d3e2f15eb08da92d5b6842d3e92834a138f22,0.388029583999014
6,hellinger,1.0,0.005,r6_hellinger_sigma1_lr0.005,115,ok,,1.055833146594489,6.607223362831059,66,0.16829289775316403,0.3085793313539917,0.05193170986029704,0.05193170986029704,21e3187a25ce542a7fda12331f6df5573b7aa9cfb19c4d6a1242f48e9ab77257,bc1fd3ebe710245a2b56359c12a723983a1561bde63e3b0b4bb20f0fbc68479e,fae9b80b4b9bbecd172da441f7a298732dc4ec9c5fd56650a16ee48bf4f2164a,c3a0cabd7487508470d585545f7b6a856897b0410105302f1b4d5c12944c190d,0.38939995799592
6,hellinger,1.0,0.005,r6_hellinger_sigma1_lr0.005,116,ok,,1.376093478067306,7.03476496750982,66,0.18245042518427323,0.30544150275168636,0.055727932045968535,0.05572793204596854,b240340bda42b13e461b839e854e8931eb9b197c11fad589d1f07877b5a6c105,9cd885e5773e1a61573e6e4ab8e32f5435362a42796d8eff0025ba8c01455816,67eaeaae05cc33550f061649f99bb92951375c55491458d36e2f1c224114a8b1,0d285e8573294ff0f8d626c9d7c79b1ffa6d14fb3071ba7be902aa48627a1c7e,0.38229100000171456
6,hellinger,1.0,0.005,r6_hellinger_sigma1_lr0.005,117,ok,,1.1117111000850268,6.74098575059154,66,0.1494610352733548,0.2900654850756701,0.0433534876964775,0.0433534876964775,2ff937c83d36f7b3a5406c91e8755c50ce932575e34db68925452587b0ab77d6,402a25298a9acbc5abce157f274c26389cdb90f04be171fa07ccd19e6af98b90,6d2e8203ab09f7481803ba6cac1d0fef11989f0d29cc5ddaeca62054fed6f238,32821079a74fe63f445d951a557ad18447fced01821fc77b6b8d137d2fe48881,0.3839728750026552
6,hellinger,1.0,0.005,r6_hellinger_sigma1_lr0.005,118,ok,,0.9017715507049114,6.6801729662162534,66,0.19729471765641918,0.2822433481227768,0.055685121678285675,0.055685121678285675,f9372f8f74b3a18b86f9a9dd960278381003e836073cde71119d3b892dde9434,cbba1f67e2c26a1f241163d14c4d955aa93c178f38e5f65ab484b62775596dbb,3672d037714419789c221c8c7564a09d4bd2e60bbf08a0fa3cd13f9a40a45c57,ffdd2708cda2855a18fd4a81398631fadb59f1610b8dd3d36eefe8f678572c16,0.387180083002022
6,hellinger,1.0,0.005,r6_hellinger_sigma1_lr0.005,119,ok,,1.1187438889133454,6.731694477705539,66,0.14421708693743365,0.2866055278310646,0.0413334143239617,0.041333414323961704,9cc5a5818d004f0f1492c246ba3ab8685b2df3f7dfd15cdf113ebebec42d8dee,f94f9210ef1ff1dfbe682a6006a492d2d383f30e3f71941cdb5c0b2c8319d6f5,a56289775eec0ce432a321db146cf9b88569ccab3daaa3aefaeb57ea0050cb73,01bf4e2b10f88360652600d185a9d719f05502f25f089d70da96eafa7fe4dfe3,0.38639887500175973
6,hellinger,1.0,0.005,r6_hellinger_sigma1_lr0.005,120,ok,,1.078075392940619,6.7983364693080635,66,0.17900677667318005,0.2894173874230632,0.05180767363577551,0.05180767363577551,69e5aaf107b63f46b6b057dfe99d3189e4f485b9649136f1718f398f646e43c6,4939936f888881fec7dcaaa22bdc939f3e13b0069e4581c8b191c627c7ad6d41,be8ede604a893ee87034e6fb596cea91ea3be8f191d448807bebae1ef6fbfe79,dff4b17a330f664ec4d31f507c7603e7842ac94d65226c760d6e78cfa953aeb7,0.38441408399376087
6,hellinger,1.0,0.01,r6_hellinger_sigma1_lr0.01,111,ok,,0.8175257977073155,6.646042684947081,66,0.19044845232577376,0.28543976390017356,0.054361561267022324,0.054361561267022324,6f4599f803588363f7f3f06a30082972087391773f80fd6d7eb3eadc6484859e,922c88498695bd4cd2bce85cb58cec5948b0b2180f15c65c83fd8961fa62e3fc,46ec6552ea8abd2c67a85ebf993bb74a1984e0f557904f8a35ae4eb6d2b596da,ff013eda1d426d67006a334f6583897c614d689f5823b14c442be63e78bb3962,0.38354254200385185
6,hellinger,1.0,0.01,r6_hellinger_sigma1_lr0.01,112,ok,,1.0559761514624195,6.727610285761899,66,0.19051764326593618,0.30703330310016125,0.058495261310798574,0.058495261310798574,23158049f8a287709543a55b89f8943218b08cba397a67e034633640e70c99f6,4f0dfaf22fde2be953d09f6d5e1d430f855a074012b1744b4581503ac11ff36c,b0126d22db14df8032614d0be237f7ba7f8faae015df79310d48a47a7e019709,3dd0b47c3c1ce23069083c16d0c2272714da54db5025db5646fd1228b010a5e8,0.3879256660002284
6,hellinger,1.0,0.01,r6_hellinger_sigma1_lr0.01,113,ok,,1.0809738753159035,6.708607664149041,66,0.2070551682715368,0.3048455935654796,0.06311985567253689,0.06311985567253689,1130bcd06d370ab57f1bc3a67409c755b267648b80a0f46e840060bb010d3ab8,191c09e53d0a687f6cad40fa2d14867ca63354cc5fb8b3e5cd829abf5c3cde96,494a09d0cb32c8fd575150abd91ad12074451b075c550159cd5a0edda3ce9c1b,db95c591d5ad7a1f08531cf0e04985b931fc730f28e8ed47b8c7c5d8ecd8db0c,0.3850883339982829
6,hellinger,1.0,0.01,r6_hellinger_sigma1_lr0.01,114,ok,,0.9419827606686149,6.64418945017171,66,0.1727190235876673,0.28773164789579864,0.049696729279832826,0.049696729279832826,c8a7a565f4c34afcedf377bd8a33aee023bbafec99430b278d5183f906311b3e,3e40fb00f0d7336f12289747d25109e06baa7865eaf0c7dd6f89a85970ed7fd9,9fc9306ab4737b5804dc59a07264243c6abc622ca16efa0cd4d6bddf38b05e36,52ceac77e1e0c99a5de90b23d52d3e2f15eb08da92d5b6842d3e92834a138f22,0.38453595899773063
6,hellinger,1.0,0.01,r6_hellinger_sigma1_lr0.01,115,ok,,1.024839552245742,6.558811209424792,66,0.16829289775316403,0.3085793313539917,0.05193170986029704,0.05193170986029704,21e3187a25ce542a7fda12331f6df5573b7aa9cfb19c4d6a1242f48e9ab77257,bc1fd3ebe710245a2b56359c12a723983a1561bde63e3b0b4bb20f0fbc68479e,fae9b80b4b9bbecd172da441f7a298732dc4ec9c5fd56650a16ee48bf4f2164a,c3a0cabd7487508470d585545f7b6a856897b0410105302f1b4d5c12944c190d,0.3841810829981114
6,hellinger,1.0,0.01,r6_hellinger_sigma1_lr0.01,116,ok,,1.3142595870043206,6.982205287697811,66,0.18245042518427323,0.30544150275168636,0.055727932045968535,0.05572793204596854,b240340bda42b13e461b839e854e8931eb9b197c11fad589d1f07877b5a6c105,9cd885e5773e1a61573e6e4ab8e32f5435362a42796d8eff0025ba8c01455816,67eaeaae05cc33550f061649f99bb92951375c55491458d36e2f1c224114a8b1,0d285e8573294ff0f8d626c9d7c79b1ffa6d14fb3071ba7be902aa48627a1c7e,0.3873551669967128
6,hellinger,1.0,0.01,r6_hellinger_sigma1_lr0.01,117,ok,,1.0598288404994298,6.705139663898466,66,0.1494610352733548,0.2900654850756701,0.0433534876964775,0.0433534876964775,2ff937c83d36f7b3a5406c91e8755c50ce932575e34db68925452587b0ab77d6,402a25298a9acbc5abce157f274c26389cdb90f04be171fa07ccd19e6af98b90,6d2e8203ab09f7481803ba6cac1d0fef11989f0d29cc5ddaeca62054fed6f238,32821079a74fe63f445d951a557ad18447fced01821fc77b6b8d137d2fe48881,0.38989795899396995
6,hellinger,1.0,0.01,r6_hellinger_sigma1_lr0.01,118,ok,,0.8847215909491672,6.647098219465485,66,0.19729471765641918,0.2822433481227768,0.055685121678285675,0.055685121678285675,f9372f8f74b3a18b86f9a9dd960278381003e836073cde71119d3b892dde9434,cbba1f67e2c26a1f241163d14c4d955aa93c178f38e5f65ab484b62775596dbb,3672d037714419789c221c8c7564a09d4bd2e60bbf08a0fa3cd13f9a40a45c57,ffdd2708cda2855a18fd4a81398631fadb59f1610b8dd3d36eefe8f678572c16,0.3828488750004908
6,hellinger,1.0,0.01,r6_hellinger_sigma1_lr0.01,119,ok,,1.060854122331571,6.674585896100106,66,0.14421708693743365,0.2866055278310646,0.0413334143239617,0.041333414323961704,9cc5a5818d004f0f1492c246ba3ab8685b2df3f7dfd15cdf113ebebec42d8dee,f94f9210ef1ff1dfbe682a6006a492d2d383f30e3f71941cdb5c0b2c8319d6f5,a56289775eec0ce432a321db146cf9b88569ccab3daaa3aefaeb57ea0050cb73,01bf4e2b10f88360652600d185a9d719f05502f25f089d70da96eafa7fe4dfe3,0.3812611250032205
6,hellinger,1.0,0.01,r6_hellinger_sigma1_lr0.01,120,ok,,0.9589942960457408,6.712809203640931,66,0.17900677667318005,0.2894173874230632,0.05180767363577551,0.05180767363577551,69e5aaf107b63f46b6b057dfe99d3189e4f485b9649136f1718f398f646e43c6,4939936f888881fec7dcaaa22bdc939f3e13b0069e4581c8b191c627c7ad6d41,be8ede604a893ee87034e6fb596cea91ea3be8f191d448807bebae1ef6fbfe79,dff4b17a330f664ec4d31f507c7603e7842ac94d65226c760d6e78cfa953aeb7,0.3886069580039475
6,hellinger,1.0,0.02,r6_hellinger_sigma1_lr0.02,111,ok,,0.8025851441635095,6.603329137986791,66,0.19044845232577376,0.28543976390017356,0.054361561267022324,0.054361561267022324,6f4599f803588363f7f3f06a30082972087391773f80fd6d7eb3eadc6484859e,922c88498695bd4cd2bce85cb58cec5948b0b2180f15c65c83fd8961fa62e3fc,46ec6552ea8abd2c67a85ebf993bb74a1984e0f557904f8a35ae4eb6d2b596da,ff013eda1d426d67006a334f6583897c614d689f5823b14c442be63e78bb3962,0.3887600000016391
6,hellinger,1.0,0.02,r6_hellinger_sigma1_lr0.02,112,ok,,1.040834693517493,6.729782026331266,66,0.19051764326593618,0.30703330310016125,0.058495261310798574,0.058495261310798574,23158049f8a287709543a55b89f8943218b08cba397a67e034633640e70c99f6,4f0dfaf22fde2be953d09f6d5e1d430f855a074012b1744b4581503ac11ff36c,b0126d22db14df8032614d0be237f7ba7f8faae015df79310d48a47a7e019709,3dd0b47c3c1ce23069083c16d0c2272714da54db5025db5646fd1228b010a5e8,0.38321054200059734
6,hellinger,1.0,0.02,r6_hellinger_sigma1_lr0.02,113,ok,,1.0804127792776823,6.707912246144102,66,0.2070551682715368,0.3048455935654796,0.06311985567253689,0.06311985567253689,1130bcd06d370ab57f1bc3a67409c755b267648b80a0f46e840060bb010d3ab8,191c09e53d0a687f6cad40fa2d14867ca63354cc5fb8b3e5cd829abf5c3cde96,494a09d0cb32c8fd575150abd91ad12074451b075c550159cd5a0edda3ce9c1b,db95c591d5ad7a1f08531cf0e04985b931fc730f28e8ed47b8c7c5d8ecd8db0c,0.3825844999955734
6,hellinger,1.0,0.02,r6_hellinger_sigma1_lr0.02,114,ok,,0.9524431668725319,6.670826314734368,66,0.1727190235876673,0.28773164789579864,0.049696729279832826,0.049696729279832826,c8a7a565f4c34afcedf377bd8a33aee023bbafec99430b278d5183f906311b3e,3e40fb00f0d7336f12289747d25109e06baa7865eaf0c7dd6f89a85970ed7fd9,9fc9306ab4737b5804dc59a07264243c6abc622ca16efa0cd4d6bddf38b05e36,52ceac77e1e0c99a5de90b23d52d3e2f15eb08da92d5b6842d3e92834a138f22,0.39027120800164994
6,hellinger,1.0,0.02,r6_hellinger_sigma1_lr0.02,115,ok,,1.1146367285113479,6.629611267220151,66,0.16829289775316403,0.3085793313539917,0.05193170986029704,0.05193170986029704,21e3187a25ce542a7fda12331f6df5573b7aa9cfb19c4d6a1242f48e9ab77257,bc1fd3ebe710245a2b56359c12a723983a1561bde63e3b0b4bb20f0fbc68479e,fae9b80b4b9bbecd172da441f7a298732dc4ec9c5fd56650a16ee48bf4f2164a,c3a0cabd7487508470d585545f7b6a856897b0410105302f1b4d5c12944c190d,0.3871820829954231
6,hellinger,1.0,0.02,r6_hellinger_sigma1_lr0.02,116,ok,,1.3136003485632328,6.981819383834454,66,0.18245042518427323,0.30544150275168636,0.055727932045968535,0.05572793204596854,b240340bda42b13e461b839e854e8931eb9b197c11fad589d1f07877b5a6c105,9cd885e5773e1a61573e6e4ab8e32f5435362a42796d8eff0025ba8c01455816,67eaeaae05cc33550f061649f99bb92951375c55491458d36e2f1c224114a8b1,0d285e8573294ff0f8d626c9d7c79b1ffa6d14fb3071ba7be902aa48627a1c7e,0.3854777910019038
6,hellinger,1.0,0.02,r6_hellinger_sigma1_lr0.02,117,ok,,1.0833091365342564,6.737555608720452,66,0.1494610352733548,0.2900654850756701,0.0433534876964775,0.0433534876964775,2ff937c83d36f7b3a5406c91e8755c50ce932575e34db68925452587b0ab77d6,402a25298a9acbc5abce157f274c26389cdb90f04be171fa07ccd19e6af98b90,6d2e8203ab09f7481803ba6cac1d0fef11989f0d29cc5ddaeca62054fed6f238,32821079a74fe63f445d951a557ad18447fced01821fc77b6b8d137d2fe48881,0.38232487499772105
6,hellinger,1.0,0.02,r6_hellinger_sigma1_lr0.02,118,ok,,0.8856518919960301,6.648150155295202,66,0.19729471765641918,0.2822433481227768,0.055685121678285675,0.055685121678285675,f9372f8f74b3a18b86f9a9dd960278381003e836073cde71119d3b892dde9434,cbba1f67e2c26a1f241163d14c4d955aa93c178f38e5f65ab484b62775596dbb,3672d037714419789c221c8c7564a09d4bd2e60bbf08a0fa3cd13f9a40a45c57,ffdd2708cda2855a18fd4a81398631fadb59f1610b8dd3d36eefe8f678572c16,0.38865016600175295
6,hellinger,1.0,0.02,r6_hellinger_sigma1_lr0.02,119,ok,,0.8873530236935117,6.510778331796465,66,0.14421708693743365,0.2866055278310646,0.0413334143239617,0.041333414323961704,9cc5a5818d004f0f1492c246ba3ab8685b2df3f7dfd15cdf113ebebec42d8dee,f94f9210ef1ff1dfbe682a6006a492d2d383f30e3f71941cdb5c0b2c8319d6f5,a56289775eec0ce432a321db146cf9b88569ccab3daaa3aefaeb57ea0050cb73,01bf4e2b10f88360652600d185a9d719f05502f25f089d70da96eafa7fe4dfe3,0.38685854099458084
6,hellinger,1.0,0.02,r6_hellinger_sigma1_lr0.02,120,ok,,0.7904187955593511,6.5550563070864865,66,0.17900677667318005,0.2894173874230632,0.05180767363577551,0.05180767363577551,69e5aaf107b63f46b6b057dfe99d3189e4f485b9649136f1718f398f646e43c6,4939936f888881fec7dcaaa22bdc939f3e13b0069e4581c8b191c627c7ad6d41,be8ede604a893ee87034e6fb596cea91ea3be8f191d448807bebae1ef6fbfe79,dff4b17a330f664ec4d31f507c7603e7842ac94d65226c760d6e78cfa953aeb7,0.38530954199814005
6,hellinger,1.0,0.05,r6_hellinger_sigma1_lr0.05,111,ok,,0.8109364670068872,6.6114501694990695,66,0.19044845232577376,0.28543976390017356,0.054361561267022324,0.054361561267022324,6f4599f803588363f7f3f06a30082972087391773f80fd6d7eb3eadc6484859e,922c88498695bd4cd2bce85cb58cec5948b0b2180f15c65c83fd8961fa62e3fc,46ec6552ea8abd2c67a85ebf993bb74a1984e0f557904f8a35ae4eb6d2b596da,ff013eda1d426d67006a334f6583897c614d689f5823b14c442be63e78bb3962,0.3865832079973188
6,hellinger,1.0,0.05,r6_hellinger_sigma1_lr0.05,112,ok,,0.9996671820501205,6.647120055793804,66,0.19051764326593618,0.30703330310016125,0.058495261310798574,0.058495261310798574,23158049f8a287709543a55b89f8943218b08cba397a67e034633640e70c99f6,4f0dfaf22fde2be953d09f6d5e1d430f855a074012b1744b4581503ac11ff36c,b0126d22db14df8032614d0be237f7ba7f8faae015df79310d48a47a7e019709,3dd0b47c3c1ce23069083c16d0c2272714da54db5025db5646fd1228b010a5e8,0.38476095799705945
6,hellinger,1.0,0.05,r6_hellinger_sigma1_lr0.05,113,ok,,1.1758875039611056,6.800290908681872,66,0.2070551682715368,0.3048455935654796,0.06311985567253689,0.06311985567253689,1130bcd06d370ab57f1bc3a67409c755b267648b80a0f46e840060bb010d3ab8,191c09e53d0a687f6cad40fa2d14867ca63354cc5fb8b3e5cd829abf5c3cde96,494a09d0cb32c8fd575150abd91ad12074451b075c550159cd5a0edda3ce9c1b,db95c591d5ad7a1f08531cf0e04985b931fc730f28e8ed47b8c7c5d8ecd8db0c,0.38332929099851754
6,hellinger,1.0,0.05,r6_hellinger_sigma1_lr0.05,114,ok,,1.001975617043259,6.721449739176185,66,0.1727190235876673,0.28773164789579864,0.049696729279832826,0.049696729279832826,c8a7a565f4c34afcedf377bd8a33aee023bbafec99430b278d5183f906311b3e,3e40fb00f0d7336f12289747d25109e06baa7865eaf0c7dd6f89a85970ed7fd9,9fc9306ab4737b5804dc59a07264243c6abc622ca16efa0cd4d6bddf38b05e36,52ceac77e1e0c99a5de90b23d52d3e2f15eb08da92d5b6842d3e92834a138f22,0.3835850830000709
6,hellinger,1.0,0.05,r6_hellinger_sigma1_lr0.05,115,ok,,1.11303818516916,6.628145577109535,66,0.16829289775316403,0.3085793313539917,0.05193170986029704,0.05193170986029704,21e3187a25ce542a7fda12331f6df5573b7aa9cfb19c4d6a1242f48e9ab77257,bc1fd3ebe710245a2b56359c12a723983a1561bde63e3b0b4bb20f0fbc68479e,fae9b80b4b9bbecd172da441f7a298732dc4ec9c5fd56650a16ee48bf4f2164a,c3a0cabd7487508470d585545f7b6a856897b0410105302f1b4d5c12944c190d,0.38468708399886964
6,hellinger,1.0,0.05,r6_hellinger_sigma1_lr0.05,116,ok,,1.4216101937683727,7.078031330541533,66,0.18245042518427323,0.30544150275168636,0.055727932045968535,0.05572793204596854,b240340bda42b13e461b839e854e8931eb9b197c11fad589d1f07877b5a6c105,9cd885e5773e1a61573e6e4ab8e32f5435362a42796d8eff0025ba8c01455816,67eaeaae05cc33550f061649f99bb92951375c55491458d36e2f1c224114a8b1,0d285e8573294ff0f8d626c9d7c79b1ffa6d14fb3071ba7be902aa48627a1c7e,0.38809983400278725
6,hellinger,1.0,0.05,r6_hellinger_sigma1_lr0.05,117,ok,,1.0090792925576813,6.655823894512743,66,0.1494610352733548,0.2900654850756701,0.0433534876964775,0.0433534876964775,2ff937c83d36f7b3a5406c91e8755c50ce932575e34db68925452587b0ab77d6,402a25298a9acbc5abce157f274c26389cdb90f04be171fa07ccd19e6af98b90,6d2e8203ab09f7481803ba6cac1d0fef11989f0d29cc5ddaeca62054fed6f238,32821079a74fe63f445d951a557ad18447fced01821fc77b6b8d137d2fe48881,0.3870872080005938
6,hellinger,1.0,0.05,r6_hellinger_sigma1_lr0.05,118,ok,,0.8619698813166884,6.646737423679578,66,0.19729471765641918,0.2822433481227768,0.055685121678285675,0.055685121678285675,f9372f8f74b3a18b86f9a9dd960278381003e836073cde71119d3b892dde9434,cbba1f67e2c26a1f241163d14c4d955aa93c178f38e5f65ab484b62775596dbb,3672d037714419789c221c8c7564a09d4bd2e60bbf08a0fa3cd13f9a40a45c57,ffdd2708cda2855a18fd4a81398631fadb59f1610b8dd3d36eefe8f678572c16,0.38550108300114516
6,hellinger,1.0,0.05,r6_hellinger_sigma1_lr0.05,119,ok,,1.09306826598039,6.716305894882847,66,0.14421708693743365,0.2866055278310646,0.0413334143239617,0.041333414323961704,9cc5a5818d004f0f1492c246ba3ab8685b2df3f7dfd15cdf113ebebec42d8dee,f94f9210ef1ff1dfbe682a6006a492d2d383f30e3f71941cdb5c0b2c8319d6f5,a56289775eec0ce432a321db146cf9b88569ccab3daaa3aefaeb57ea0050cb73,01bf4e2b10f88360652600d185a9d719f05502f25f089d70da96eafa7fe4dfe3,0.38564408299862407
6,hellinger,1.0,0.05,r6_hellinger_sigma1_lr0.05,120,ok,,0.8925621737222267,6.650480708067333,66,0.17900677667318005,0.2894173874230632,0.05180767363577551,0.05180767363577551,69e5aaf107b63f46b6b057dfe99d3189e4f485b9649136f1718f398f646e43c6,4939936f888881fec7dcaaa22bdc939f3e13b0069e4581c8b191c627c7ad6d41,be8ede604a893ee87034e6fb596cea91ea3be8f191d448807bebae1ef6fbfe79,dff4b17a330f664ec4d31f507c7603e7842ac94d65226c760d6e78cfa953aeb7,0.3874456250050571
6,hellinger,1.0,0.1,r6_hellinger_sigma1_lr0.1,111,ok,,0.8671228613678201,6.687634926648862,66,0.19044845232577376,0.28543976390017356,0.054361561267022324,0.054361561267022324,6f4599f803588363f7f3f06a30082972087391773f80fd6d7eb3eadc6484859e,922c88498695bd4cd2bce85cb58cec5948b0b2180f15c65c83fd8961fa62e3fc,46ec6552ea8abd2c67a85ebf993bb74a1984e0f557904f8a35ae4eb6d2b596da,ff013eda1d426d67006a334f6583897c614d689f5823b14c442be63e78bb3962,0.3871272910037078
6,hellinger,1.0,0.1,r6_hellinger_sigma1_lr0.1,112,ok,,1.0584840297264653,6.706453639840966,66,0.19051764326593618,0.30703330310016125,0.058495261310798574,0.058495261310798574,23158049f8a287709543a55b89f8943218b08cba397a67e034633640e70c99f6,4f0dfaf22fde2be953d09f6d5e1d430f855a074012b1744b4581503ac11ff36c,b0126d22db14df8032614d0be237f7ba7f8faae015df79310d48a47a7e019709,3dd0b47c3c1ce23069083c16d0c2272714da54db5025db5646fd1228b010a5e8,0.38527433299896074
6,hellinger,1.0,0.1,r6_hellinger_sigma1_lr0.1,113,ok,,1.160922188762083,6.745249426463075,66,0.2070551682715368,0.3048455935654796,0.06311985567253689,0.06311985567253689,1130bcd06d370ab57f1bc3a67409c755b267648b80a0f46e840060bb010d3ab8,191c09e53d0a687f6cad40fa2d14867ca63354cc5fb8b3e5cd829abf5c3cde96,494a09d0cb32c8fd575150abd91ad12074451b075c550159cd5a0edda3ce9c1b,db95c591d5ad7a1f08531cf0e04985b931fc730f28e8ed47b8c7c5d8ecd8db0c,0.38464687499799766
6,hellinger,1.0,0.1,r6_hellinger_sigma1_lr0.1,114,ok,,0.9825456421587344,6.684897120363535,66,0.1727190235876673,0.28773164789579864,0.049696729279832826,0.049696729279832826,c8a7a565f4c34afcedf377bd8a33aee023bbafec99430b278d5183f906311b3e,3e40fb00f0d7336f12289747d25109e06baa7865eaf0c7dd6f89a85970ed7fd9,9fc9306ab4737b5804dc59a07264243c6abc622ca16efa0cd4d6bddf38b05e36,52ceac77e1e0c99a5de90b23d52d3e2f15eb08da92d5b6842d3e92834a138f22,0.38860216699686134
6,hellinger,1.0,0.1,r6_hellinger_sigma1_lr0.1,115,ok,,1.0779409051390563,6.631424479352523,66,0.16829289775316403,0.3085793313539917,0.05193170986029704,0.05193170986029704,21e3187a25ce542a7fda12331f6df5573b7aa9cfb19c4d6a1242f48e9ab77257,bc1fd3ebe710245a2b56359c12a723983a1561bde63e3b0b4bb20f0fbc68479e,fae9b80b4b9bbecd172da441f7a298732dc4ec9c5fd56650a16ee48bf4f2164a,c3a0cabd7487508470d585545f7b6a856897b0410105302f1b4d5c12944c190d,0.38572345799912
6,hellinger,1.0,0.1,r6_hellinger_sigma1_lr0.1,116,ok,,1.378412375479408,7.0542882519220385,66,0.18245042518427323,0.30544150275168636,0.055727932045968535,0.05572793204596854,b240340bda42b13e461b839e854e8931eb9b197c11fad589d1f07877b5a6c105,9cd885e5773e1a61573e6e4ab8e32f5435362a42796d8eff0025ba8c01455816,67eaeaae05cc33550f061649f99bb92951375c55491458d36e2f1c224114a8b1,0d285e8573294ff0f8d626c9d7c79b1ffa6d14fb3071ba7be902aa48627a1c7e,0.384341459001007
6,hellinger,1.0,0.1,r6_hellinger_sigma1_lr0.1,117,ok,,1.1291793532019099,6.773928842386265,66,0.1494610352733548,0.2900654850756701,0.0433534876964775,0.0433534876964775,2ff937c83d36f7b3a5406c91e8755c50ce932575e34db68925452587b0ab77d6,402a25298a9acbc5abce157f274c26389cdb90f04be171fa07ccd19e6af98b90,6d2e8203ab09f7481803ba6cac1d0fef11989f0d29cc5ddaeca62054fed6f238,32821079a74fe63f445d951a557ad18447fced01821fc77b6b8d137d2fe48881,0.38587187500525033
6,hellinger,1.0,0.1,r6_hellinger_sigma1_lr0.1,118,ok,,0.9050622525752117,6.677319951989824,66,0.19729471765641918,0.2822433481227768,0.055685121678285675,0.055685121678285675,f9372f8f74b3a18b86f9a9dd960278381003e836073cde71119d3b892dde9434,cbba1f67e2c26a1f241163d14c4d955aa93c178f38e5f65ab484b62775596dbb,3672d037714419789c221c8c7564a09d4bd2e60bbf08a0fa3cd13f9a40a45c57,ffdd2708cda2855a18fd4a81398631fadb59f1610b8dd3d36eefe8f678572c16,0.3863632089996827
6,hellinger,1.0,0.1,r6_hellinger_sigma1_lr0.1,119,ok,,0.8696269238780099,6.4683287231327835,66,0.14421708693743365,0.2866055278310646,0.0413334143239617,0.041333414323961704,9cc5a5818d004f0f1492c246ba3ab8685b2df3f7dfd15cdf113ebebec42d8dee,f94f9210ef1ff1dfbe682a6006a492d2d383f30e3f71941cdb5c0b2c8319d6f5,a56289775eec0ce432a321db146cf9b88569ccab3daaa3aefaeb57ea0050cb73,01bf4e2b10f88360652600d185a9d719f05502f25f089d70da96eafa7fe4dfe3,0.3860956249991432
6,hellinger,1.0,0.1,r6_hellinger_sigma1_lr0.1,120,ok,,0.9994330219183756,6.755802243144566,66,0.17900677667318005,0.2894173874230632,0.05180767363577551,0.05180767363577551,69e5aaf107b63f46b6b057dfe99d3189e4f485b9649136f1718f398f646e43c6,4939936f888881fec7dcaaa22bdc939f3e13b0069e4581c8b191c627c7ad6d41,be8ede604a893ee87034e6fb596cea91ea3be8f191d448807bebae1ef6fbfe79,dff4b17a330f664ec4d31f507c7603e7842ac94d65226c760d6e78cfa953aeb7,0.38309566699899733
6,hellinger,1.0,0.2,r6_hellinger_sigma1_lr0.2,111,ok,,0.8714434730521823,6.709816701442355,66,0.19044845232577376,0.28543976390017356,0.054361561267022324,0.054361561267022324,6f4599f803588363f7f3f06a30082972087391773f80fd6d7eb3eadc6484859e,922c88498695bd4cd2bce85cb58cec5948b0b2180f15c65c83fd8961fa62e3fc,46ec6552ea8abd2c67a85ebf993bb74a1984e0f557904f8a35ae4eb6d2b596da,ff013eda1d426d67006a334f6583897c614d689f5823b14c442be63e78bb3962,0.3879698750024545
6,hellinger,1.0,0.2,r6_hellinger_sigma1_lr0.2,112,ok,,0.9328073421615293,6.566375110695135,66,0.19051764326593618,0.30703330310016125,0.058495261310798574,0.058495261310798574,23158049f8a287709543a55b89f8943218b08cba397a67e034633640e70c99f6,4f0dfaf22fde2be953d09f6d5e1d430f855a074012b1744b4581503ac11ff36c,b0126d22db14df8032614d0be237f7ba7f8faae015df79310d48a47a7e019709,3dd0b47c3c1ce23069083c16d0c2272714da54db5025db5646fd1228b010a5e8,0.38813079099782044
6,hellinger,1.0,0.2,r6_hellinger_sigma1_lr0.2,113,ok,,1.1319497536354828,6.732507700501115,66,0.2070551682715368,0.3048455935654796,0.06311985567253689,0.06311985567253689,1130bcd06d370ab57f1bc3a67409c755b267648b80a0f46e840060bb010d3ab8,191c09e53d0a687f6cad40fa2d14867ca63354cc5fb8b3e5cd829abf5c3cde96,494a09d0cb32c8fd575150abd91ad12074451b075c550159cd5a0edda3ce9c1b,db95c591d5ad7a1f08531cf0e04985b931fc730f28e8ed47b8c7c5d8ecd8db0c,0.3873673330017482
6,hellinger,1.0,0.2,r6_hellinger_sigma1_lr0.2,114,ok,,0.993145073827957,6.712187242698975,66,0.1727190235876673,0.28773164789579864,0.049696729279832826,0.049696729279832826,c8a7a565f4c34afcedf377bd8a33aee023bbafec99430b278d5183f906311b3e,3e40fb00f0d7336f12289747d25109e06baa7865eaf0c7dd6f89a85970ed7fd9,9fc9306ab4737b5804dc59a07264243c6abc622ca16efa0cd4d6bddf38b05e36,52ceac77e1e0c99a5de90b23d52d3e2f15eb08da92d5b6842d3e92834a138f22,0.382282500002475
6,hellinger,1.0,0.2,r6_hellinger_sigma1_lr0.2,115,ok,,1.1198395791835982,6.705362060442769,66,0.16829289775316403,0.3085793313539917,0.05193170986029704,0.05193170986029704,21e3187a25ce542a7fda12331f6df5573b7aa9cfb19c4d6a1242f48e9ab77257,bc1fd3ebe710245a2b56359c12a723983a1561bde63e3b0b4bb20f0fbc68479e,fae9b80b4b9bbecd172da441f7a298732dc4ec9c5fd56650a16ee48bf4f2164a,c3a0cabd7487508470d585545f7b6a856897b0410105302f1b4d5c12944c190d,0.38434575000428595
6,hellinger,1.0,0.2,r6_hellinger_sigma1_lr0.2,116,ok,,1.4068200780882671,7.081365028259872,66,0.18245042518427323,0.30544150275168636,0.055727932045968535,0.05572793204596854,b240340bda42b13e461b839e854e8931eb9b197c11fad589d1f07877b5a6c105,9cd885e5773e1a61573e6e4ab8e32f5435362a42796d8eff0025ba8c01455816,67eaeaae05cc33550f061649f99bb92951375c55491458d36e2f1c224114a8b1,0d285e8573294ff0f8d626c9d7c79b1ffa6d14fb3071ba7be902aa48627a1c7e,0.3881041660060873
6,hellinger,1.0,0.2,r6_hellinger_sigma1_lr0.2,117,ok,,0.9628685016753523,6.615815923318526,66,0.1494610352733548,0.2900654850756701,0.0433534876964775,0.0433534876964775,2ff937c83d36f7b3a5406c91e8755c50ce932575e34db68925452587b0ab77d6,402a25298a9acbc5abce157f274c26389cdb90f04be171fa07ccd19e6af98b90,6d2e8203ab09f7481803ba6cac1d0fef11989f0d29cc5ddaeca62054fed6f238,32821079a74fe63f445d951a557ad18447fced01821fc77b6b8d137d2fe48881,0.38503291700180853
6,hellinger,1.0,0.2,r6_hellinger_sigma1_lr0.2,118,ok,,0.8235967578110268,6.5607980050259025,66,0.19729471765641918,0.2822433481227768,0.055685121678285675,0.055685121678285675,f9372f8f74b3a18b86f9a9dd960278381003e836073cde71119d3b892dde9434,cbba1f67e2c26a1f241163d14c4d955aa93c178f38e5f65ab484b62775596dbb,3672d037714419789c221c8c7564a09d4bd2e60bbf08a0fa3cd13f9a40a45c57,ffdd2708cda2855a18fd4a81398631fadb59f1610b8dd3d36eefe8f678572c16,0.38544033299695
6,hellinger,1.0,0.2,r6_hellinger_sigma1_lr0.2,119,ok,,0.9783394012523781,6.578158980166534,66,0.14421708693743365,0.2866055278310646,0.0413334143239617,0.041333414323961704,9cc5a5818d004f0f1492c246ba3ab8685b2df3f7dfd15cdf113ebebec42d8dee,f94f9210ef1ff1dfbe682a6006a492d2d383f30e3f71941cdb5c0b2c8319d6f5,a56289775eec0ce432a321db146cf9b88569ccab3daaa3aefaeb57ea0050cb73,01bf4e2b10f88360652600d185a9d719f05502f25f089d70da96eafa7fe4dfe3,0.3861804999978631
6,hellinger,1.0,0.2,r6_hellinger_sigma1_lr0.2,120,ok,,0.9315485282512839,6.669025435881957,66,0.17900677667318005,0.2894173874230632,0.05180767363577551,0.05180767363577551,69e5aaf107b63f46b6b057dfe99d3189e4f485b9649136f1718f398f646e43c6,4939936f888881fec7dcaaa22bdc939f3e13b0069e4581c8b191c627c7ad6d41,be8ede604a893ee87034e6fb596cea91ea3be8f191d448807bebae1ef6fbfe79,dff4b17a330f664ec4d31f507c7603e7842ac94d65226c760d6e78cfa953aeb7,0.38777208299870836
6,js,1.0,0.005,r6_js_sigma1_lr0.005,111,ok,,0.9439123096475635,6.772920382542787,66,0.94849970323926,0.057313208513792825,0.054361561267022324,0.054361561267022324,6f4599f803588363f7f3f06a30082972087391773f80fd6d7eb3eadc6484859e,922c88498695bd4cd2bce85cb58cec5948b0b2180f15c65c83fd8961fa62e3fc,46ec6552ea8abd2c67a85ebf993bb74a1984e0f557904f8a35ae4eb6d2b596da,ff013eda1d426d67006a334f6583897c614d689f5823b14c442be63e78bb3962,0.43936912499339087
6,js,1.0,0.005,r6_js_sigma1_lr0.005,112,ok,,1.319300849245967,6.959248067123548,66,0.9151233507370576,0.06392063022289332,0.058495261310798574,0.058495261310798574,23158049f8a287709543a55b89f8943218b08cba397a67e034633640e70c99f6,4f0dfaf22fde2be953d09f6d5e1d430f855a074012b1744b4581503ac11ff36c,b0126d22db14df8032614d0be237f7ba7f8faae015df79310d48a47a7e019709,3dd0b47c3c1ce23069083c16d0c2272714da54db5025db5646fd1228b010a5e8,0.4306222919985885
6,js,1.0,0.005,r6_js_sigma1_lr0.005,113,ok,,1.2566231549846598,6.889159310517221,66,0.8478859855436511,0.07444380111090695,0.06311985567253689,0.06311985567253689,1130bcd06d370ab57f1bc3a67409c755b267648b80a0f46e840060bb010d3ab8,191c09e53d0a687f6cad40fa2d14867ca63354cc5fb8b3e5cd829abf5c3cde96,494a09d0cb32c8fd575150abd91ad12074451b075c550159cd5a0edda3ce9c1b,db95c591d5ad7a1f08531cf0e04985b931fc730f28e8ed47b8c7c5d8ecd8db0c,0.42897808300040197
6,js,1.0,0.005,r6_js_sigma1_lr0.005,114,ok,,1.0287647087484681,6.739725012518582,66,0.9974318246903916,0.049824687812882816,0.049696729279832826,0.049696729279832826,c8a7a565f4c34afcedf377bd8a33aee023bbafec99430b278d5183f906311b3e,3e40fb00f0d7336f12289747d25109e06baa7865eaf0c7dd6f89a85970ed7fd9,9fc9306ab4737b5804dc59a07264243c6abc622ca16efa0cd4d6bddf38b05e36,52ceac77e1e0c99a5de90b23d52d3e2f15eb08da92d5b6842d3e92834a138f22,0.4357859170049778
6,js,1.0,0.005,r6_js_sigma1_lr0.005,115,ok,,1.0725608211861213,6.601826235411141,66,1.1368884692287933,0.04567880778624208,0.05193170986029704,0.05193170986029704,21e3187a25ce542a7fda12331f6df5573b7aa9cfb19c4d6a1242f48e9ab77257,bc1fd3ebe710245a2b56359c12a723983a1561bde63e3b0b4bb20f0fbc68479e,fae9b80b4b9bbecd172da441f7a298732dc4ec9c5fd56650a16ee48bf4f2164a,c3a0cabd7487508470d585545f7b6a856897b0410105302f1b4d5c12944c190d,0.43827408300421666
6,js,1.0,0.005,r6_js_sigma1_lr0.005,116,ok,,1.298733495162096,6.960957688560298,66,0.8249960836553621,0.06754932920293545,0.055727932045968535,0.055727932045968535,b240340bda42b13e461b839e854e8931eb9b197c11fad589d1f07877b5a6c105,9cd885e5773e1a61573e6e4ab8e32f5435362a42796d8eff0025ba8c01455816,67eaeaae05cc33550f061649f99bb92951375c55491458d36e2f1c224114a8b1,0d285e8573294ff0f8d626c9d7c79b1ffa6d14fb3071ba7be902aa48627a1c7e,0.4277907910000067
6,js,1.0,0.005,r6_js_sigma1_lr0.005,117,ok,,1.1163292450370281,6.777387052758027,66,0.8448864442251415,0.05131279829709856,0.0433534876964775,0.0433534876964775,2ff937c83d36f7b3a5406c91e8755c50ce932575e34db68925452587b0ab77d6,402a25298a9acbc5abce157f274c26389cdb90f04be171fa07ccd19e6af98b90,6d2e8203ab09f7481803ba6cac1d0fef11989f0d29cc5ddaeca62054fed6f238,32821079a74fe63f445d951a557ad18447fced01821fc77b6b8d137d2fe48881,0.4274820830032695
6,js,1.0,0.005,r6_js_sigma1_lr0.005,118,ok,,0.8767475026732623,6.63102103819403,66,0.8656481624720254,0.06432766115885473,0.055685121678285675,0.055685121678285675,f9372f8f74b3a18b86f9a9dd960278381003e836073cde71119d3b892dde9434,cbba1f67e2c26a1f241163d14c4d955aa93c178f38e5f65ab484b62775596dbb,3672d037714419789c221c8c7564a09d4bd2e60bbf08a0fa3cd13f9a40a45c57,ffdd2708cda2855a18fd4a81398631fadb59f1610b8dd3d36eefe8f678572c16,0.43536516599851893
6,js,1.0,0.005,r6_js_sigma1_lr0.005,119,ok,,1.03752338308535,6.663245545997146,66,0.8655634150521277,0.04775319012469171,0.0413334143239617,0.0413334143239617,9cc5a5818d004f0f1492c246ba3ab8685b2df3f7dfd15cdf113ebebec42d8dee,f94f9210ef1ff1dfbe682a6006a492d2d383f30e3f71941cdb5c0b2c8319d6f5,a56289775eec0ce432a321db146cf9b88569ccab3daaa3aefaeb57ea0050cb73,01bf4e2b10f88360652600d185a9d719f05502f25f089d70da96eafa7fe4dfe3,0.4386447080032667
6,js,1.0,0.005,r6_js_sigma1_lr0.005,120,ok,,1.0750986901140867,6.8173069994352415,66,0.8973588182323318,0.05773350925310925,0.05180767363577551,0.05180767363577551,69e5aaf107b63f46b6b057dfe99d3189e4f485b9649136f1718f398f646e43c6,4939936f888881fec7dcaaa22bdc939f3e13b0069e4581c8b191c627c7ad6d41,be8ede604a893ee87034e6fb596cea91ea3be8f191d448807bebae1ef6fbfe79,dff4b17a330f664ec4d31f507c7603e7842ac94d65226c760d6e78cfa953aeb7,0.4294657500067842
6,js,1.0,0.01,r6_js_sigma1_lr0.01,111,ok,,0.9513366390847443,6.782501370734646,66,0.94849970323926,0.057313208513792825,0.054361561267022324,0.054361561267022324,6f4599f803588363f7f3f06a30082972087391773f80fd6d7eb3eadc6484859e,922c88498695bd4cd2bce85cb58cec5948b0b2180f15c65c83fd8961fa62e3fc,46ec6552ea8abd2c67a85ebf993bb74a1984e0f557904f8a35ae4eb6d2b596da,ff013eda1d426d67006a334f6583897c614d689f5823b14c442be63e78bb3962,0.42909399999916786
6,js,1.0,0.01,r6_js_sigma1_lr0.01,112,ok,,1.26972112595262,6.9276314867974,66,0.9151233507370576,0.06392063022289332,0.058495261310798574,0.058495261310798574,23158049f8a287709543a55b89f8943218b08cba397a67e034633640e70c99f6,4f0dfaf22fde2be953d09f6d5e1d430f855a074012b1744b4581503ac11ff36c,b0126d22db14df8032614d0be237f7ba7f8faae015df79310d48a47a7e019709,3dd0b47c3c1ce23069083c16d0c2272714da54db5025db5646fd1228b010a5e8,0.4365901249984745
6,js,1.0,0.01,r6_js_sigma1_lr0.01,113,ok,,1.2319916173304033,6.848453292388171,66,0.8478859855436511,0.07444380111090695,0.06311985567253689,0.06311985567253689,1130bcd06d370ab57f1bc3a67409c755b267648b80a0f46e840060bb010d3ab8,191c09e53d0a687f6cad40fa2d14867ca63354cc5fb8b3e5cd829abf5c3cde96,494a09d0cb32c8fd575150abd91ad12074451b075c550159cd5a0edda3ce9c1b,db95c591d5ad7a1f08531cf0e04985b931fc730f28e8ed47b8c7c5d8ecd8db0c,0.4372677500068676
6,js,1.0,0.01,r6_js_sigma1_lr0.01,114,ok,,1.0766388207073585,6.785842107984373,66,0.9974318246903916,0.049824687812882816,0.049696729279832826,0.049696729279832826,c8a7a565f4c34afcedf377bd8a33aee023bbafec99430b278d5183f906311b3e,3e40fb00f0d7336f12289747d25109e06baa7865eaf0c7dd6f89a85970ed7fd9,9fc9306ab4737b5804dc59a07264243c6abc622ca16efa0cd4d6bddf38b05e36,52ceac77e1e0c99a5de90b23d52d3e2f15eb08da92d5b6842d3e92834a138f22,0.4308699160028482
6,js,1.0,0.01,r6_js_sigma1_lr0.01,115,ok,,1.1287730440527475,6.702233651954242,66,1.1368884692287933,0.04567880778624208,0.05193170986029704,0.05193170986029704,21e3187a25ce542a7fda12331f6df5573b7aa9cfb19c4d6a1242f48e9ab77257,bc1fd3ebe710245a2b56359c12a723983a1561bde63e3b0b4bb20f0fbc68479e,fae9b80b4b9bbecd172da441f7a298732dc4ec9c5fd56650a16ee48bf4f2164a,c3a0cabd7487508470d585545f7b6a856897b0410105302f1b4d5c12944c190d,0.42784454200591426
6,js,1.0,0.01,r6_js_sigma1_lr0.01,116,ok,,1.372632917003605,7.023254525773718,66,0.8249960836553621,0.06754932920293545,0.055727932045968535,0.055727932045968535,b240340bda42b13e461b839e854e8931eb9b197c11fad589d1f07877b5a6c105,9cd885e5773e1a61573e6e4ab8e32f5435362a42796d8eff0025ba8c01455816,67eaeaae05cc33550f061649f99bb92951375c55491458d36e2f1c224114a8b1,0d285e8573294ff0f8d626c9d7c79b1ffa6d14fb3071ba7be902aa48627a1c7e,0.43696541599638294
6,js,1.0,0.01,r6_js_sigma1_lr0.01,117,ok,,0.9593541153532833,6.621681194492955,66,0.8448864442251415,0.05131279829709856,0.0433534876964775,0.0433534876964775,2ff937c83d36f7b3a5406c91e8755c50ce932575e34db68925452587b0ab77d6,402a25298a9acbc5abce157f274c26389cdb90f04be171fa07ccd19e6af98b90,6d2e8203ab09f7481803ba6cac1d0fef11989f0d29cc5ddaeca62054fed6f238,32821079a74fe63f445d951a557ad18447fced01821fc77b6b8d137d2fe48881,0.44356920800055377
6,js,1.0,0.01,r6_js_sigma1_lr0.01,118,ok,,0.8853070684453526,6.653440033149318,66,0.8656481624720254,0.06432766115885473,0.055685121678285675,0.055685121678285675,f9372f8f74b3a18b86f9a9dd960278381003e836073cde71119d3b892dde9434,cbba1f67e2c26a1f241163d14c4d955aa93c178f38e5f65ab484b62775596dbb,3672d037714419789c221c8c7564a09d4bd2e60bbf08a0fa3cd13f9a40a45c57,ffdd2708cda2855a18fd4a81398631fadb59f1610b8dd3d36eefe8f678572c16,0.44194479199359193
6,js,1.0,0.01,r6_js_sigma1_lr0.01,119,ok,,1.036389619200644,6.6745032967839135,66,0.8655634150521277,0.04775319012469171,0.0413334143239617,0.0413334143239617,9cc5a5818d004f0f1492c246ba3ab8685b2df3f7dfd15cdf113ebebec42d8dee,f94f9210ef1ff1dfbe682a6006a492d2d383f30e3f71941cdb5c0b2c8319d6f5,a56289775eec0ce432a321db146cf9b88569ccab3daaa3aefaeb57ea0050cb73,01bf4e2b10f88360652600d185a9d719f05502f25f089d70da96eafa7fe4dfe3,0.4416309999942314
6,js,1.0,0.01,r6_js_sigma1_lr0.01,120,ok,,0.8681241488690041,6.587399990932897,66,0.8973588182323318,0.05773350925310925,0.05180767363577551,0.05180767363577551,69e5aaf107b63f46b6b057dfe99d3189e4f485b9649136f1718f398f646e43c6,4939936f888881fec7dcaaa22bdc939f3e13b0069e4581c8b191c627c7ad6d41,be8ede604a893ee87034e6fb596cea91ea3be8f191d448807bebae1ef6fbfe79,dff4b17a330f664ec4d31f507c7603e7842ac94d65226c760d6e78cfa953aeb7,0.45609587500075577
6,js,1.0,0.02,r6_js_sigma1_lr0.02,111,ok,,0.7604784701124228,6.560430025859401,66,0.94849970323926,0.057313208513792825,0.054361561267022324,0.054361561267022324,6f4599f803588363f7f3f06a30082972087391773f80fd6d7eb3eadc6484859e,922c88498695bd4cd2bce85cb58cec5948b0b2180f15c65c83fd8961fa62e3fc,46ec6552ea8abd2c67a85ebf993bb74a1984e0f557904f8a35ae4eb6d2b596da,ff013eda1d426d67006a334f6583897c614d689f5823b14c442be63e78bb3962,0.4529982910025865
6,js,1.0,0.02,r6_js_sigma1_lr0.02,112,ok,,1.2438735379993224,6.8861894093111164,66,0.9151233507370576,0.06392063022289332,0.058495261310798574,0.058495261310798574,23158049f8a287709543a55b89f8943218b08cba397a67e034633640e70c99f6,4f0dfaf22fde2be953d09f6d5e1d430f855a074012b1744b4581503ac11ff36c,b0126d22db14df8032614d0be237f7ba7f8faae015df79310d48a47a7e019709,3dd0b47c3c1ce23069083c16d0c2272714da54db5025db5646fd1228b010a5e8,0.4404490410015569
6,js,1.0,0.02,r6_js_sigma1_lr0.02,113,ok,,1.2315490146562178,6.847852443353981,66,0.8478859855436511,0.07444380111090695,0.06311985567253689,0.06311985567253689,1130bcd06d370ab57f1bc3a67409c755b267648b80a0f46e840060bb010d3ab8,191c09e53d0a687f6cad40fa2d14867ca63354cc5fb8b3e5cd829abf5c3cde96,494a09d0cb32c8fd575150abd91ad12074451b075c550159cd5a0edda3ce9c1b,db95c591d5ad7a1f08531cf0e04985b931fc730f28e8ed47b8c7c5d8ecd8db0c,0.4366578330009361
6,js,1.0,0.02,r6_js_sigma1_lr0.02,114,ok,,0.9456557634838073,6.663480078751394,66,0.9974318246903916,0.049824687812882816,0.049696729279832826,0.049696729279832826,c8a7a565f4c34afcedf377bd8a33aee023bbafec99430b278d5183f906311b3e,3e40fb00f0d7336f12289747d25109e06baa7865eaf0c7dd6f89a85970ed7fd9,9fc9306ab4737b5804dc59a07264243c6abc622ca16efa0cd4d6bddf38b05e36,52ceac77e1e0c99a5de90b23d52d3e2f15eb08da92d5b6842d3e92834a138f22,0.4406347500043921
6,js,1.0,0.02,r6_js_sigma1_lr0.02,115,ok,,1.1045962765648871,6.64119487721851,66,1.1368884692287933,0.04567880778624208,0.05193170986029704,0.05193170986029704,21e3187a25ce542a7fda12331f6df5573b7aa9cfb19c4d6a1242f48e9ab77257,bc1fd3ebe710245a2b56359c12a723983a1561bde63e3b0b4bb20f0fbc68479e,fae9b80b4b9bbecd172da441f7a298732dc4ec9c5fd56650a16ee48bf4f2164a,c3a0cabd7487508470d585545f7b6a856897b0410105302f1b4d5c12944c190d,0.4389151249997667
6,js,1.0,0.02,r6_js_sigma1_lr0.02,116,ok,,1.4468795531765852,7.0935789280499755,66,0.8249960836553621,0.06754932920293545,0.055727932045968535,0.055727932045968535,b240340bda42b13e461b839e854e8931eb9b197c11fad589d1f07877b5a6c105,9cd885e5773e1a61573e6e4ab8e32f5435362a42796d8eff0025ba8c01455816,67eaeaae05cc33550f061649f99bb92951375c55491458d36e2f1c224114a8b1,0d285e8573294ff0f8d626c9d7c79b1ffa6d14fb3071ba7be902aa48627a1c7e,0.4390194580046227
6,js,1.0,0.02,r6_js_sigma1_lr0.02,117,ok,,0.9586194411379045,6.620709108945661,66,0.8448864442251415,0.05131279829709856,0.0433534876964775,0.0433534876964775,2ff937c83d36f7b3a5406c91e8755c50ce932575e34db68925452587b0ab77d6,402a25298a9acbc5abce157f274c26389cdb90f04be171fa07ccd19e6af98b90,6d2e8203ab09f7481803ba6cac1d0fef11989f0d29cc5ddaeca62054fed6f238,32821079a74fe63f445d951a557ad18447fced01821fc77b6b8d137d2fe48881,0.4482744580018334
6,js,1.0,0.02,r6_js_sigma1_lr0.02,118,ok,,0.8167034446298285,6.585012086737268,66,0.8656481624720254,0.06432766115885473,0.055685121678285675,0.055685121678285675,f9372f8f74b3a18b86f9a9dd960278381003e836073cde71119d3b892dde9434,cbba1f67e2c26a1f241163d14c4d955aa93c178f38e5f65ab484b62775596dbb,3672d037714419789c221c8c7564a09d4bd2e60bbf08a0fa3cd13f9a40a45c57,ffdd2708cda2855a18fd4a81398631fadb59f1610b8dd3d36eefe8f678572c16,0.45839504199830117
6,js,1.0,0.02,r6_js_sigma1_lr0.02,119,ok,,1.0582726740928075,6.68268697824524,66,0.8655634150521277,0.04775319012469171,0.0413334143239617,0.0413334143239617,9cc5a5818d004f0f1492c246ba3ab8685b2df3f7dfd15cdf113ebebec42d8dee,f94f9210ef1ff1dfbe682a6006a492d2d383f30e3f71941cdb5c0b2c8319d6f5,a56289775eec0ce432a321db146cf9b88569ccab3daaa3aefaeb57ea0050cb73,01bf4e2b10f88360652600d185a9d719f05502f25f089d70da96eafa7fe4dfe3,0.468687584005238
6,js,1.0,0.02,r6_js_sigma1_lr0.02,120,ok,,0.8763850442864773,6.596185239217733,66,0.8973588182323318,0.05773350925310925,0.05180767363577551,0.05180767363577551,69e5aaf107b63f46b6b057dfe99d3189e4f485b9649136f1718f398f646e43c6,4939936f888881fec7dcaaa22bdc939f3e13b0069e4581c8b191c627c7ad6d41,be8ede604a893ee87034e6fb596cea91ea3be8f191d448807bebae1ef6fbfe79,dff4b17a330f664ec4d31f507c7603e7842ac94d65226c760d6e78cfa953aeb7,0.4519648749992484
6,js,1.0,0.05,r6_js_sigma1_lr0.05,111,ok,,0.7694300198235703,6.569615298705185,66,0.94849970323926,0.057313208513792825,0.054361561267022324,0.054361561267022324,6f4599f803588363f7f3f06a30082972087391773f80fd6d7eb3eadc6484859e,922c88498695bd4cd2bce85cb58cec5948b0b2180f15c65c83fd8961fa62e3fc,46ec6552ea8abd2c67a85ebf993bb74a1984e0f557904f8a35ae4eb6d2b596da,ff013eda1d426d67006a334f6583897c614d689f5823b14c442be63e78bb3962,0.4524901670010877
6,js,1.0,0.05,r6_js_sigma1_lr0.05,112,ok,,1.2387724721248472,6.882934299676057,66,0.9151233507370576,0.06392063022289332,0.058495261310798574,0.058495261310798574,23158049f8a287709543a55b89f8943218b08cba397a67e034633640e70c99f6,4f0dfaf22fde2be953d09f6d5e1d430f855a074012b1744b4581503ac11ff36c,b0126d22db14df8032614d0be237f7ba7f8faae015df79310d48a47a7e019709,3dd0b47c3c1ce23069083c16d0c2272714da54db5025db5646fd1228b010a5e8,0.45448012500128243
6,js,1.0,0.05,r6_js_sigma1_lr0.05,113,ok,,1.3294028315792215,6.9789674625557305,66,0.8478859855436511,0.07444380111090695,0.06311985567253689,0.06311985567253689,1130bcd06d370ab57f1bc3a67409c755b267648b80a0f46e840060bb010d3ab8,191c09e53d0a687f6cad40fa2d14867ca63354cc5fb8b3e5cd829abf5c3cde96,494a09d0cb32c8fd575150abd91ad12074451b075c550159cd5a0edda3ce9c1b,db95c591d5ad7a1f08531cf0e04985b931fc730f28e8ed47b8c7c5d8ecd8db0c,0.4551828339972417
6,js,1.0,0.05,r6_js_sigma1_lr0.05,114,ok,,1.0138074511254889,6.72453393463974,66,0.9974318246903916,0.049824687812882816,0.049696729279832826,0.049696729279832826,c8a7a565f4c34afcedf377bd8a33aee023bbafec99430b278d5183f906311b3e,3e40fb00f0d7336f12289747d25109e06baa7865eaf0c7dd6f89a85970ed7fd9,9fc9306ab4737b5804dc59a07264243c6abc622ca16efa0cd4d6bddf38b05e36,52ceac77e1e0c99a5de90b23d52d3e2f15eb08da92d5b6842d3e92834a138f22,0.4439754159975564
6,js,1.0,0.05,r6_js_sigma1_lr0.05,115,ok,,1.1054292155883139,6.642335816133778,66,1.1368884692287933,0.04567880778624208,0.05193170986029704,0.05193170986029704,21e3187a25ce542a7fda12331f6df5573b7aa9cfb19c4d6a1242f48e9ab77257,bc1fd3ebe710245a2b56359c12a723983a1561bde63e3b0b4bb20f0fbc68479e,fae9b80b4b9bbecd172da441f7a298732dc4ec9c5fd56650a16ee48bf4f2164a,c3a0cabd7487508470d585545f7b6a856897b0410105302f1b4d5c12944c190d,0.446089375000156
6,js,1.0,0.05,r6_js_sigma1_lr0.05,116,ok,,1.3747704746373004,7.024225317222947,66,0.8249960836553621,0.06754932920293545,0.055727932045968535,0.055727932045968535,b240340bda42b13e461b839e854e8931eb9b197c11fad589d1f07877b5a6c105,9cd885e5773e1a61573e6e4ab8e32f5435362a42796d8eff0025ba8c01455816,67eaeaae05cc33550f061649f99bb92951375c55491458d36e2f1c224114a8b1,0d285e8573294ff0f8d626c9d7c79b1ffa6d14fb3071ba7be902aa48627a1c7e,0.5489075420045992
6,js,1.0,0.05,r6_js_sigma1_lr0.05,117,ok,,0.9796461016954513,6.635721500993983,66,0.8448864442251415,0.05131279829709856,0.0433534876964775,0.0433534876964775,2ff937c83d36f7b3a5406c91e8755c50ce932575e34db68925452587b0ab77d6,402a25298a9acbc5abce157f274c26389cdb90f04be171fa07ccd19e6af98b90,6d2e8203ab09f7481803ba6cac1d0fef11989f0d29cc5ddaeca62054fed6f238,32821079a74fe63f445d951a557ad18447fced01821fc77b6b8d137d2fe48881,0.6161520000023302
6,js,1.0,0.05,r6_js_sigma1_lr0.05,118,ok,,0.8890788455315319,6.6562629339812105,66,0.8656481624720254,0.06432766115885473,0.055685121678285675,0.055685121678285675,f9372f8f74b3a18b86f9a9dd960278381003e836073cde71119d3b892dde9434,cbba1f67e2c26a1f241163d14c4d955aa93c178f38e5f65ab484b62775596dbb,3672d037714419789c221c8c7564a09d4bd2e60bbf08a0fa3cd13f9a40a45c57,ffdd2708cda2855a18fd4a81398631fadb59f1610b8dd3d36eefe8f678572c16,0.608522875001654
6,js,1.0,0.05,r6_js_sigma1_lr0.05,119,ok,,1.0579660026990354,6.6886773860941755,66,0.8655634150521277,0.04775319012469171,0.0413334143239617,0.0413334143239617,9cc5a5818d004f0f1492c246ba3ab8685b2df3f7dfd15cdf113ebebec42d8dee,f94f9210ef1ff1dfbe682a6006a492d2d383f30e3f71941cdb5c0b2c8319d6f5,a56289775eec0ce432a321db146cf9b88569ccab3daaa3aefaeb57ea0050cb73,01bf4e2b10f88360652600d185a9d719f05502f25f089d70da96eafa7fe4dfe3,0.6191034999937983
6,js,1.0,0.05,r6_js_sigma1_lr0.05,120,ok,,0.8752990612826861,6.594374001104033,66,0.8973588182323318,0.05773350925310925,0.05180767363577551,0.05180767363577551,69e5aaf107b63f46b6b057dfe99d3189e4f485b9649136f1718f398f646e43c6,4939936f888881fec7dcaaa22bdc939f3e13b0069e4581c8b191c627c7ad6d41,be8ede604a893ee87034e6fb596cea91ea3be8f191d448807bebae1ef6fbfe79,dff4b17a330f664ec4d31f507c7603e7842ac94d65226c760d6e78cfa953aeb7,0.5450973749975674
6,js,1.0,0.1,r6_js_sigma1_lr0.1,111,ok,,0.8835038676982073,6.738002924677406,66,0.94849970323926,0.057313208513792825,0.054361561267022324,0.054361561267022324,6f4599f803588363f7f3f06a30082972087391773f80fd6d7eb3eadc6484859e,922c88498695bd4cd2bce85cb58cec5948b0b2180f15c65c83fd8961fa62e3fc,46ec6552ea8abd2c67a85ebf993bb74a1984e0f557904f8a35ae4eb6d2b596da,ff013eda1d426d67006a334f6583897c614d689f5823b14c442be63e78bb3962,0.4873503749986412
6,js,1.0,0.1,r6_js_sigma1_lr0.1,112,ok,,1.2543781269326468,6.893288014558535,66,0.9151233507370576,0.06392063022289332,0.058495261310798574,0.058495261310798574,23158049f8a287709543a55b89f8943218b08cba397a67e034633640e70c99f6,4f0dfaf22fde2be953d09f6d5e1d430f855a074012b1744b4581503ac11ff36c,b0126d22db14df8032614d0be237f7ba7f8faae015df79310d48a47a7e019709,3dd0b47c3c1ce23069083c16d0c2272714da54db5025db5646fd1228b010a5e8,0.46915087499655783
6,js,1.0,0.1,r6_js_sigma1_lr0.1,113,ok,,1.2418834763190136,6.858067351300172,66,0.8478859855436511,0.07444380111090695,0.06311985567253689,0.06311985567253689,1130bcd06d370ab57f1bc3a67409c755b267648b80a0f46e840060bb010d3ab8,191c09e53d0a687f6cad40fa2d14867ca63354cc5fb8b3e5cd829abf5c3cde96,494a09d0cb32c8fd575150abd91ad12074451b075c550159cd5a0edda3ce9c1b,db95c591d5ad7a1f08531cf0e04985b931fc730f28e8ed47b8c7c5d8ecd8db0c,0.4658367919982993
6,js,1.0,0.1,r6_js_sigma1_lr0.1,114,ok,,1.0612394263855138,6.802572332459815,66,0.9974318246903916,0.049824687812882816,0.049696729279832826,0.049696729279832826,c8a7a565f4c34afcedf377bd8a33aee023bbafec99430b278d5183f906311b3e,3e40fb00f0d7336f12289747d25109e06baa7865eaf0c7dd6f89a85970ed7fd9,9fc9306ab4737b5804dc59a07264243c6abc622ca16efa0cd4d6bddf38b05e36,52ceac77e1e0c99a5de90b23d52d3e2f15eb08da92d5b6842d3e92834a138f22,0.4530279589962447
6,js,1.0,0.1,r6_js_sigma1_lr0.1,115,ok,,1.163897054233315,6.664364873170248,66,1.1368884692287933,0.04567880778624208,0.05193170986029704,0.05193170986029704,21e3187a25ce542a7fda12331f6df5573b7aa9cfb19c4d6a1242f48e9ab77257,bc1fd3ebe710245a2b56359c12a723983a1561bde63e3b0b4bb20f0fbc68479e,fae9b80b4b9bbecd172da441f7a298732dc4ec9c5fd56650a16ee48bf4f2164a,c3a0cabd7487508470d585545f7b6a856897b0410105302f1b4d5c12944c190d,0.44931020800140686
6,js,1.0,0.1,r6_js_sigma1_lr0.1,116,ok,,1.1148036081286903,6.781679258767809,66,0.8249960836553621,0.06754932920293545,0.055727932045968535,0.055727932045968535,b240340bda42b13e461b839e854e8931eb9b197c11fad589d1f07877b5a6c105,9cd885e5773e1a61573e6e4ab8e32f5435362a42796d8eff0025ba8c01455816,67eaeaae05cc33550f061649f99bb92951375c55491458d36e2f1c224114a8b1,0d285e8573294ff0f8d626c9d7c79b1ffa6d14fb3071ba7be902aa48627a1c7e,0.43995929200173123
6,js,1.0,0.1,r6_js_sigma1_lr0.1,117,ok,,0.9737642387433167,6.617583068701741,66,0.8448864442251415,0.05131279829709856,0.0433534876964775,0.0433534876964775,2ff937c83d36f7b3a5406c91e8755c50ce932575e34db68925452587b0ab77d6,402a25298a9acbc5abce157f274c26389cdb90f04be171fa07ccd19e6af98b90,6d2e8203ab09f7481803ba6cac1d0fef11989f0d29cc5ddaeca62054fed6f238,32821079a74fe63f445d951a557ad18447fced01821fc77b6b8d137d2fe48881,0.4433868329942925
6,js,1.0,0.1,r6_js_sigma1_lr0.1,118,ok,,0.8959622393970285,6.675271053517089,66,0.8656481624720254,0.06432766115885473,0.055685121678285675,0.055685121678285675,f9372f8f74b3a18b86f9a9dd960278381003e836073cde71119d3b892dde9434,cbba1f67e2c26a1f241163d14c4d955aa93c178f38e5f65ab484b62775596dbb,3672d037714419789c221c8c7564a09d4bd2e60bbf08a0fa3cd13f9a40a45c57,ffdd2708cda2855a18fd4a81398631fadb59f1610b8dd3d36eefe8f678572c16,0.45290912500058766
6,js,1.0,0.1,r6_js_sigma1_lr0.1,119,ok,,1.097510966777162,6.722375717745347,66,0.8655634150521277,0.04775319012469171,0.0413334143239617,0.0413334143239617,9cc5a5818d004f0f1492c246ba3ab8685b2df3f7dfd15cdf113ebebec42d8dee,f94f9210ef1ff1dfbe682a6006a492d2d383f30e3f71941cdb5c0b2c8319d6f5,a56289775eec0ce432a321db146cf9b88569ccab3daaa3aefaeb57ea0050cb73,01bf4e2b10f88360652600d185a9d719f05502f25f089d70da96eafa7fe4dfe3,0.4568891250019078
6,js,1.0,0.1,r6_js_sigma1_lr0.1,120,ok,,0.9234750575623294,6.694881714122732,66,0.8973588182323318,0.05773350925310925,0.05180767363577551,0.05180767363577551,69e5aaf107b63f46b6b057dfe99d3189e4f485b9649136f1718f398f646e43c6,4939936f888881fec7dcaaa22bdc939f3e13b0069e4581c8b191c627c7ad6d41,be8ede604a893ee87034e6fb596cea91ea3be8f191d448807bebae1ef6fbfe79,dff4b17a330f664ec4d31f507c7603e7842ac94d65226c760d6e78cfa953aeb7,0.4472754160015029
6,js,1.0,0.2,r6_js_sigma1_lr0.2,111,ok,,0.8437967647085534,6.637601878509807,66,0.94849970323926,0.057313208513792825,0.054361561267022324,0.054361561267022324,6f4599f803588363f7f3f06a30082972087391773f80fd6d7eb3eadc6484859e,922c88498695bd4cd2bce85cb58cec5948b0b2180f15c65c83fd8961fa62e3fc,46ec6552ea8abd2c67a85ebf993bb74a1984e0f557904f8a35ae4eb6d2b596da,ff013eda1d426d67006a334f6583897c614d689f5823b14c442be63e78bb3962,0.4461804999955348
6,js,1.0,0.2,r6_js_sigma1_lr0.2,112,ok,,1.174504615659805,6.810280520542089,66,0.9151233507370576,0.06392063022289332,0.058495261310798574,0.058495261310798574,23158049f8a287709543a55b89f8943218b08cba397a67e034633640e70c99f6,4f0dfaf22fde2be953d09f6d5e1d430f855a074012b1744b4581503ac11ff36c,b0126d22db14df8032614d0be237f7ba7f8faae015df79310d48a47a7e019709,3dd0b47c3c1ce23069083c16d0c2272714da54db5025db5646fd1228b010a5e8,0.5161985839949921
6,js,1.0,0.2,r6_js_sigma1_lr0.2,113,ok,,1.2037953399809236,6.78568206672652,66,0.8478859855436511,0.07444380111090695,0.06311985567253689,0.06311985567253689,1130bcd06d370ab57f1bc3a67409c755b267648b80a0f46e840060bb010d3ab8,191c09e53d0a687f6cad40fa2d14867ca63354cc5fb8b3e5cd829abf5c3cde96,494a09d0cb32c8fd575150abd91ad12074451b075c550159cd5a0edda3ce9c1b,db95c591d5ad7a1f08531cf0e04985b931fc730f28e8ed47b8c7c5d8ecd8db0c,0.5407150419996469
6,js,1.0,0.2,r6_js_sigma1_lr0.2,114,ok,,0.902643122671152,6.6618427951572015,66,0.9974318246903916,0.049824687812882816,0.049696729279832826,0.049696729279832826,c8a7a565f4c34afcedf377bd8a33aee023bbafec99430b278d5183f906311b3e,3e40fb00f0d7336f12289747d25109e06baa7865eaf0c7dd6f89a85970ed7fd9,9fc9306ab4737b5804dc59a07264243c6abc622ca16efa0cd4d6bddf38b05e36,52ceac77e1e0c99a5de90b23d52d3e2f15eb08da92d5b6842d3e92834a138f22,0.5548061250010505
6,js,1.0,0.2,r6_js_sigma1_lr0.2,115,ok,,1.2361126936906601,6.808446985646813,66,1.1368884692287933,0.04567880778624208,0.05193170986029704,0.05193170986029704,21e3187a25ce542a7fda12331f6df5573b7aa9cfb19c4d6a1242f48e9ab77257,bc1fd3ebe710245a2b56359c12a723983a1561bde63e3b0b4bb20f0fbc68479e,fae9b80b4b9bbecd172da441f7a298732dc4ec9c5fd56650a16ee48bf4f2164a,c3a0cabd7487508470d585545f7b6a856897b0410105302f1b4d5c12944c190d,0.5511868749963469
6,js,1.0,0.2,r6_js_sigma1_lr0.2,116,ok,,1.1062208556873725,6.784286937572136,66,0.8249960836553621,0.06754932920293545,0.055727932045968535,0.055727932045968535,b240340bda42b13e461b839e854e8931eb9b197c11fad589d1f07877b5a6c105,9cd885e5773e1a61573e6e4ab8e32f5435362a42796d8eff0025ba8c01455816,67eaeaae05cc33550f061649f99bb92951375c55491458d36e2f1c224114a8b1,0d285e8573294ff0f8d626c9d7c79b1ffa6d14fb3071ba7be902aa48627a1c7e,0.5059520410068217
6,js,1.0,0.2,r6_js_sigma1_lr0.2,117,ok,,0.9464272720846479,6.590223572673866,66,0.8448864442251415,0.05131279829709856,0.0433534876964775,0.0433534876964775,2ff937c83d36f7b3a5406c91e8755c50ce932575e34db68925452587b0ab77d6,402a25298a9acbc5abce157f274c26389cdb90f04be171fa07ccd19e6af98b90,6d2e8203ab09f7481803ba6cac1d0fef11989f0d29cc5ddaeca62054fed6f238,32821079a74fe63f445d951a557ad18447fced01821fc77b6b8d137d2fe48881,0.4754670839975006
6,js,1.0,0.2,r6_js_sigma1_lr0.2,118,ok,,0.8179356225353114,6.577926113390158,66,0.8656481624720254,0.06432766115885473,0.055685121678285675,0.055685121678285675,f9372f8f74b3a18b86f9a9dd960278381003e836073cde71119d3b892dde9434,cbba1f67e2c26a1f241163d14c4d955aa93c178f38e5f65ab484b62775596dbb,3672d037714419789c221c8c7564a09d4bd2e60bbf08a0fa3cd13f9a40a45c57,ffdd2708cda2855a18fd4a81398631fadb59f1610b8dd3d36eefe8f678572c16,0.48499733400240075
6,js,1.0,0.2,r6_js_sigma1_lr0.2,119,ok,,1.1412437978184746,6.729433377322177,66,0.8655634150521277,0.04775319012469171,0.0413334143239617,0.0413334143239617,9cc5a5818d004f0f1492c246ba3ab8685b2df3f7dfd15cdf113ebebec42d8dee,f94f9210ef1ff1dfbe682a6006a492d2d383f30e3f71941cdb5c0b2c8319d6f5,a56289775eec0ce432a321db146cf9b88569ccab3daaa3aefaeb57ea0050cb73,01bf4e2b10f88360652600d185a9d719f05502f25f089d70da96eafa7fe4dfe3,0.4769791670041741
6,js,1.0,0.2,r6_js_sigma1_lr0.2,120,ok,,0.8637012654372074,6.585097362673205,66,0.8973588182323318,0.05773350925310925,0.05180767363577551,0.05180767363577551,69e5aaf107b63f46b6b057dfe99d3189e4f485b9649136f1718f398f646e43c6,4939936f888881fec7dcaaa22bdc939f3e13b0069e4581c8b191c627c7ad6d41,be8ede604a893ee87034e6fb596cea91ea3be8f191d448807bebae1ef6fbfe79,dff4b17a330f664ec4d31f507c7603e7842ac94d65226c760d6e78cfa953aeb7,0.47280041700287256
6,mse,1.0,0.005,r6_mse_sigma1_lr0.005,111,ok,,0.7182889840539466,6.469549356159042,66,1302.4194401935172,4.173890498666476e-05,0.054361561267022324,0.054361561267022324,6f4599f803588363f7f3f06a30082972087391773f80fd6d7eb3eadc6484859e,922c88498695bd4cd2bce85cb58cec5948b0b2180f15c65c83fd8961fa62e3fc,46ec6552ea8abd2c67a85ebf993bb74a1984e0f557904f8a35ae4eb6d2b596da,ff013eda1d426d67006a334f6583897c614d689f5823b14c442be63e78bb3962,0.36964987499959534
6,mse,1.0,0.005,r6_mse_sigma1_lr0.005,112,ok,,0.8182612431961305,6.4990221659854495,66,1292.1596800781765,4.526937514971801e-05,0.058495261310798574,0.058495261310798574,23158049f8a287709543a55b89f8943218b08cba397a67e034633640e70c99f6,4f0dfaf22fde2be953d09f6d5e1d430f855a074012b1744b4581503ac11ff36c,b0126d22db14df8032614d0be237f7ba7f8faae015df79310d48a47a7e019709,3dd0b47c3c1ce23069083c16d0c2272714da54db5025db5646fd1228b010a5e8,0.3715061670009163
6,mse,1.0,0.005,r6_mse_sigma1_lr0.005,113,ok,,0.9057954041140657,6.460545240469633,66,1318.53517436456,4.787119592995019e-05,0.06311985567253689,0.06311985567253689,1130bcd06d370ab57f1bc3a67409c755b267648b80a0f46e840060bb010d3ab8,191c09e53d0a687f6cad40fa2d14867ca63354cc5fb8b3e5cd829abf5c3cde96,494a09d0cb32c8fd575150abd91ad12074451b075c550159cd5a0edda3ce9c1b,db95c591d5ad7a1f08531cf0e04985b931fc730f28e8ed47b8c7c5d8ecd8db0c,0.366187291998358
6,mse,1.0,0.005,r6_mse_sigma1_lr0.005,114,ok,,0.9179931977629613,6.601764986223825,66,1267.9764868309883,3.9193730953196316e-05,0.049696729279832826,0.049696729279832826,c8a7a565f4c34afcedf377bd8a33aee023bbafec99430b278d5183f906311b3e,3e40fb00f0d7336f12289747d25109e06baa7865eaf0c7dd6f89a85970ed7fd9,9fc9306ab4737b5804dc59a07264243c6abc622ca16efa0cd4d6bddf38b05e36,52ceac77e1e0c99a5de90b23d52d3e2f15eb08da92d5b6842d3e92834a138f22,0.36684320899803424
6,mse,1.0,0.005,r6_mse_sigma1_lr0.005,115,ok,,1.0539984855476472,6.629455006916587,66,1270.9499699981234,4.086054611604713e-05,0.05193170986029704,0.051931709860297035,21e3187a25ce542a7fda12331f6df5573b7aa9cfb19c4d6a1242f48e9ab77257,bc1fd3ebe710245a2b56359c12a723983a1561bde63e3b0b4bb20f0fbc68479e,fae9b80b4b9bbecd172da441f7a298732dc4ec9c5fd56650a16ee48bf4f2164a,c3a0cabd7487508470d585545f7b6a856897b0410105302f1b4d5c12944c190d,0.36974216700036777
6,mse,1.0,0.005,r6_mse_sigma1_lr0.005,116,ok,,0.8693561961479775,6.502307488422099,66,1277.5962829914554,4.361935987750619e-05,0.055727932045968535,0.055727932045968535,b240340bda42b13e461b839e854e8931eb9b197c11fad589d1f07877b5a6c105,9cd885e5773e1a61573e6e4ab8e32f5435362a42796d8eff0025ba8c01455816,67eaeaae05cc33550f061649f99bb92951375c55491458d36e2f1c224114a8b1,0d285e8573294ff0f8d626c9d7c79b1ffa6d14fb3071ba7be902aa48627a1c7e,0.37012166700151283
6,mse,1.0,0.005,r6_mse_sigma1_lr0.005,117,ok,,0.9298923874140259,6.640760024128814,66,1242.0655077567367,3.490434878493417e-05,0.0433534876964775,0.0433534876964775,2ff937c83d36f7b3a5406c91e8755c50ce932575e34db68925452587b0ab77d6,402a25298a9acbc5abce157f274c26389cdb90f04be171fa07ccd19e6af98b90,6d2e8203ab09f7481803ba6cac1d0fef11989f0d29cc5ddaeca62054fed6f238,32821079a74fe63f445d951a557ad18447fced01821fc77b6b8d137d2fe48881,0.3655703749973327
6,mse,1.0,0.005,r6_mse_sigma1_lr0.005,118,ok,,0.7874839727093699,6.52649377842978,66,1321.2009444024873,4.2147352311702484e-05,0.055685121678285675,0.055685121678285675,f9372f8f74b3a18b86f9a9dd960278381003e836073cde71119d3b892dde9434,cbba1f67e2c26a1f241163d14c4d955aa93c178f38e5f65ab484b62775596dbb,3672d037714419789c221c8c7564a09d4bd2e60bbf08a0fa3cd13f9a40a45c57,ffdd2708cda2855a18fd4a81398631fadb59f1610b8dd3d36eefe8f678572c16,0.36505645800207276
6,mse,1.0,0.005,r6_mse_sigma1_lr0.005,119,ok,,1.0093515627923233,6.6460145611793235,66,1226.1235338111735,3.371064430635678e-05,0.0413334143239617,0.0413334143239617,9cc5a5818d004f0f1492c246ba3ab8685b2df3f7dfd15cdf113ebebec42d8dee,f94f9210ef1ff1dfbe682a6006a492d2d383f30e3f71941cdb5c0b2c8319d6f5,a56289775eec0ce432a321db146cf9b88569ccab3daaa3aefaeb57ea0050cb73,01bf4e2b10f88360652600d185a9d719f05502f25f089d70da96eafa7fe4dfe3,0.36770687499665655
6,mse,1.0,0.005,r6_mse_sigma1_lr0.005,120,ok,,1.1284823173987868,6.84047825202339,66,1318.982919056534,3.9278502312094716e-05,0.05180767363577551,0.05180767363577551,69e5aaf107b63f46b6b057dfe99d3189e4f485b9649136f1718f398f646e43c6,4939936f888881fec7dcaaa22bdc939f3e13b0069e4581c8b191c627c7ad6d41,be8ede604a893ee87034e6fb596cea91ea3be8f191d448807bebae1ef6fbfe79,dff4b17a330f664ec4d31f507c7603e7842ac94d65226c760d6e78cfa953aeb7,0.37027424999541836
6,mse,1.0,0.01,r6_mse_sigma1_lr0.01,111,ok,,0.6901544486463482,6.448723114836403,66,1302.4194401935172,4.173890498666476e-05,0.054361561267022324,0.054361561267022324,6f4599f803588363f7f3f06a30082972087391773f80fd6d7eb3eadc6484859e,922c88498695bd4cd2bce85cb58cec5948b0b2180f15c65c83fd8961fa62e3fc,46ec6552ea8abd2c67a85ebf993bb74a1984e0f557904f8a35ae4eb6d2b596da,ff013eda1d426d67006a334f6583897c614d689f5823b14c442be63e78bb3962,0.36692029199912213
6,mse,1.0,0.01,r6_mse_sigma1_lr0.01,112,ok,,0.5921929726834129,6.260315071763878,66,1292.1596800781765,4.526937514971801e-05,0.058495261310798574,0.058495261310798574,23158049f8a287709543a55b89f8943218b08cba397a67e034633640e70c99f6,4f0dfaf22fde2be953d09f6d5e1d430f855a074012b1744b4581503ac11ff36c,b0126d22db14df8032614d0be237f7ba7f8faae015df79310d48a47a7e019709,3dd0b47c3c1ce23069083c16d0c2272714da54db5025db5646fd1228b010a5e8,0.366364125002292
6,mse,1.0,0.01,r6_mse_sigma1_lr0.01,113,ok,,0.5057537714320224,6.12252434674682,66,1318.53517436456,4.787119592995019e-05,0.06311985567253689,0.06311985567253689,1130bcd06d370ab57f1bc3a67409c755b267648b80a0f46e840060bb010d3ab8,191c09e53d0a687f6cad40fa2d14867ca63354cc5fb8b3e5cd829abf5c3cde96,494a09d0cb32c8fd575150abd91ad12074451b075c550159cd5a0edda3ce9c1b,db95c591d5ad7a1f08531cf0e04985b931fc730f28e8ed47b8c7c5d8ecd8db0c,0.3694254590009223
6,mse,1.0,0.01,r6_mse_sigma1_lr0.01,114,ok,,0.6417572054783128,6.302356175796503,66,1267.9764868309883,3.9193730953196316e-05,0.049696729279832826,0.049696729279832826,c8a7a565f4c34afcedf377bd8a33aee023bbafec99430b278d5183f906311b3e,3e40fb00f0d7336f12289747d25109e06baa7865eaf0c7dd6f89a85970ed7fd9,9fc9306ab4737b5804dc59a07264243c6abc622ca16efa0cd4d6bddf38b05e36,52ceac77e1e0c99a5de90b23d52d3e2f15eb08da92d5b6842d3e92834a138f22,0.3705876669991994
6,mse,1.0,0.01,r6_mse_sigma1_lr0.01,115,ok,,0.780874969340601,6.369478404113208,66,1270.9499699981234,4.086054611604713e-05,0.05193170986029704,0.051931709860297035,21e3187a25ce542a7fda12331f6df5573b7aa9cfb19c4d6a1242f48e9ab77257,bc1fd3ebe710245a2b56359c12a723983a1561bde63e3b0b4bb20f0fbc68479e,fae9b80b4b9bbecd172da441f7a298732dc4ec9c5fd56650a16ee48bf4f2164a,c3a0cabd7487508470d585545f7b6a856897b0410105302f1b4d5c12944c190d,0.3676877920006518
6,mse,1.0,0.01,r6_mse_sigma1_lr0.01,116,ok,,0.7001508038131228,6.358753508787506,66,1277.5962829914554,4.361935987750619e-05,0.055727932045968535,0.055727932045968535,b240340bda42b13e461b839e854e8931eb9b197c11fad589d1f07877b5a6c105,9cd885e5773e1a61573e6e4ab8e32f5435362a42796d8eff0025ba8c01455816,67eaeaae05cc33550f061649f99bb92951375c55491458d36e2f1c224114a8b1,0d285e8573294ff0f8d626c9d7c79b1ffa6d14fb3071ba7be902aa48627a1c7e,0.36923500000557397
6,mse,1.0,0.01,r6_mse_sigma1_lr0.01,117,ok,,0.6609116322446799,6.383832143580098,66,1242.0655077567367,3.490434878493417e-05,0.0433534876964775,0.0433534876964775,2ff937c83d36f7b3a5406c91e8755c50ce932575e34db68925452587b0ab77d6,402a25298a9acbc5abce157f274c26389cdb90f04be171fa07ccd19e6af98b90,6d2e8203ab09f7481803ba6cac1d0fef11989f0d29cc5ddaeca62054fed6f238,32821079a74fe63f445d951a557ad18447fced01821fc77b6b8d137d2fe48881,0.3690779999960796
6,mse,1.0,0.01,r6_mse_sigma1_lr0.01,118,ok,,0.5902981422776574,6.349205313254748,66,1321.2009444024873,4.2147352311702484e-05,0.055685121678285675,0.055685121678285675,f9372f8f74b3a18b86f9a9dd960278381003e836073cde71119d3b892dde9434,cbba1f67e2c26a1f241163d14c4d955aa93c178f38e5f65ab484b62775596dbb,3672d037714419789c221c8c7564a09d4bd2e60bbf08a0fa3cd13f9a40a45c57,ffdd2708cda2855a18fd4a81398631fadb59f1610b8dd3d36eefe8f678572c16,0.368015917003504
6,mse,1.0,0.01,r6_mse_sigma1_lr0.01,119,ok,,0.7144476846068825,6.324299518342536,66,1226.1235338111735,3.371064430635678e-05,0.0413334143239617,0.0413334143239617,9cc5a5818d004f0f1492c246ba3ab8685b2df3f7dfd15cdf113ebebec42d8dee,f94f9210ef1ff1dfbe682a6006a492d2d383f30e3f71941cdb5c0b2c8319d6f5,a56289775eec0ce432a321db146cf9b88569ccab3daaa3aefaeb57ea0050cb73,01bf4e2b10f88360652600d185a9d719f05502f25f089d70da96eafa7fe4dfe3,0.3661734580018674
6,mse,1.0,0.01,r6_mse_sigma1_lr0.01,120,ok,,0.6513246330378901,6.348280300143966,66,1318.982919056534,3.9278502312094716e-05,0.05180767363577551,0.05180767363577551,69e5aaf107b63f46b6b057dfe99d3189e4f485b9649136f1718f398f646e43c6,4939936f888881fec7dcaaa22bdc939f3e13b0069e4581c8b191c627c7ad6d41,be8ede604a893ee87034e6fb596cea91ea3be8f191d448807bebae1ef6fbfe79,dff4b17a330f664ec4d31f507c7603e7842ac94d65226c760d6e78cfa953aeb7,0.3689945829974022
6,mse,1.0,0.02,r6_mse_sigma1_lr0.02,111,ok,,0.5969435392508806,6.352943917829526,66,1302.4194401935172,4.173890498666476e-05,0.054361561267022324,0.054361561267022324,6f4599f803588363f7f3f06a30082972087391773f80fd6d7eb3eadc6484859e,922c88498695bd4cd2bce85cb58cec5948b0b2180f15c65c83fd8961fa62e3fc,46ec6552ea8abd2c67a85ebf993bb74a1984e0f557904f8a35ae4eb6d2b596da,ff013eda1d426d67006a334f6583897c614d689f5823b14c442be63e78bb3962,0.36879570800374495
6,mse,1.0,0.02,r6_mse_sigma1_lr0.02,112,ok,,0.5968720833363397,6.233799861168442,66,1292.1596800781765,4.526937514971801e-05,0.058495261310798574,0.058495261310798574,23158049f8a287709543a55b89f8943218b08cba397a67e034633640e70c99f6,4f0dfaf22fde2be953d09f6d5e1d430f855a074012b1744b4581503ac11ff36c,b0126d22db14df8032614d0be237f7ba7f8faae015df79310d48a47a7e019709,3dd0b47c3c1ce23069083c16d0c2272714da54db5025db5646fd1228b010a5e8,0.36994366699946113
6,mse,1.0,0.02,r6_mse_sigma1_lr0.02,113,ok,,0.47793228389130993,6.08736672720428,66,1318.53517436456,4.787119592995019e-05,0.06311985567253689,0.06311985567253689,1130bcd06d370ab57f1bc3a67409c755b267648b80a0f46e840060bb010d3ab8,191c09e53d0a687f6cad40fa2d14867ca63354cc5fb8b3e5cd829abf5c3cde96,494a09d0cb32c8fd575150abd91ad12074451b075c550159cd5a0edda3ce9c1b,db95c591d5ad7a1f08531cf0e04985b931fc730f28e8ed47b8c7c5d8ecd8db0c,0.3645628750018659
6,mse,1.0,0.02,r6_mse_sigma1_lr0.02,114,ok,,0.6008548140709808,6.298308706311712,66,1267.9764868309883,3.9193730953196316e-05,0.049696729279832826,0.049696729279832826,c8a7a565f4c34afcedf377bd8a33aee023bbafec99430b278d5183f906311b3e,3e40fb00f0d7336f12289747d25109e06baa7865eaf0c7dd6f89a85970ed7fd9,9fc9306ab4737b5804dc59a07264243c6abc622ca16efa0cd4d6bddf38b05e36,52ceac77e1e0c99a5de90b23d52d3e2f15eb08da92d5b6842d3e92834a138f22,0.3666105000011157
6,mse,1.0,0.02,r6_mse_sigma1_lr0.02,115,ok,,0.5767063345632568,6.127379461701672,66,1270.9499699981234,4.086054611604713e-05,0.05193170986029704,0.051931709860297035,21e3187a25ce542a7fda12331f6df5573b7aa9cfb19c4d6a1242f48e9ab77257,bc1fd3ebe710245a2b56359c12a723983a1561bde63e3b0b4bb20f0fbc68479e,fae9b80b4b9bbecd172da441f7a298732dc4ec9c5fd56650a16ee48bf4f2164a,c3a0cabd7487508470d585545f7b6a856897b0410105302f1b4d5c12944c190d,0.36882424999930663
6,mse,1.0,0.02,r6_mse_sigma1_lr0.02,116,ok,,0.7191651418401227,6.384905299084868,66,1277.5962829914554,4.361935987750619e-05,0.055727932045968535,0.055727932045968535,b240340bda42b13e461b839e854e8931eb9b197c11fad589d1f07877b5a6c105,9cd885e5773e1a61573e6e4ab8e32f5435362a42796d8eff0025ba8c01455816,67eaeaae05cc33550f061649f99bb92951375c55491458d36e2f1c224114a8b1,0d285e8573294ff0f8d626c9d7c79b1ffa6d14fb3071ba7be902aa48627a1c7e,0.369058958000096
6,mse,1.0,0.02,r6_mse_sigma1_lr0.02,117,ok,,0.5586079337963803,6.254764131050144,66,1242.0655077567367,3.490434878493417e-05,0.0433534876964775,0.0433534876964775,2ff937c83d36f7b3a5406c91e8755c50ce932575e34db68925452587b0ab77d6,402a25298a9acbc5abce157f274c26389cdb90f04be171fa07ccd19e6af98b90,6d2e8203ab09f7481803ba6cac1d0fef11989f0d29cc5ddaeca62054fed6f238,32821079a74fe63f445d951a557ad18447fced01821fc77b6b8d137d2fe48881,0.36646399999881396
6,mse,1.0,0.02,r6_mse_sigma1_lr0.02,118,ok,,0.4888944102390746,6.208540814794735,66,1321.2009444024873,4.2147352311702484e-05,0.055685121678285675,0.055685121678285675,f9372f8f74b3a18b86f9a9dd960278381003e836073cde71119d3b892dde9434,cbba1f67e2c26a1f241163d14c4d955aa93c178f38e5f65ab484b62775596dbb,3672d037714419789c221c8c7564a09d4bd2e60bbf08a0fa3cd13f9a40a45c57,ffdd2708cda2855a18fd4a81398631fadb59f1610b8dd3d36eefe8f678572c16,0.36698154199984856
6,mse,1.0,0.02,r6_mse_sigma1_lr0.02,119,ok,,0.6134881739202981,6.2389258217922885,66,1226.1235338111735,3.371064430635678e-05,0.0413334143239617,0.0413334143239617,9cc5a5818d004f0f1492c246ba3ab8685b2df3f7dfd15cdf113ebebec42d8dee,f94f9210ef1ff1dfbe682a6006a492d2d383f30e3f71941cdb5c0b2c8319d6f5,a56289775eec0ce432a321db146cf9b88569ccab3daaa3aefaeb57ea0050cb73,01bf4e2b10f88360652600d185a9d719f05502f25f089d70da96eafa7fe4dfe3,0.3690659999992931
6,mse,1.0,0.02,r6_mse_sigma1_lr0.02,120,ok,,0.453087554421021,6.185985080985,66,1318.982919056534,3.9278502312094716e-05,0.05180767363577551,0.05180767363577551,69e5aaf107b63f46b6b057dfe99d3189e4f485b9649136f1718f398f646e43c6,4939936f888881fec7dcaaa22bdc939f3e13b0069e4581c8b191c627c7ad6d41,be8ede604a893ee87034e6fb596cea91ea3be8f191d448807bebae1ef6fbfe79,dff4b17a330f664ec4d31f507c7603e7842ac94d65226c760d6e78cfa953aeb7,0.37261170800047694
6,mse,1.0,0.05,r6_mse_sigma1_lr0.05,111,ok,,0.46815774763059903,6.234809790410846,66,1302.4194401935172,4.173890498666476e-05,0.054361561267022324,0.054361561267022324,6f4599f803588363f7f3f06a30082972087391773f80fd6d7eb3eadc6484859e,922c88498695bd4cd2bce85cb58cec5948b0b2180f15c65c83fd8961fa62e3fc,46ec6552ea8abd2c67a85ebf993bb74a1984e0f557904f8a35ae4eb6d2b596da,ff013eda1d426d67006a334f6583897c614d689f5823b14c442be63e78bb3962,0.36682091600232525
6,mse,1.0,0.05,r6_mse_sigma1_lr0.05,112,ok,,0.4640336233139318,6.142664254828253,66,1292.1596800781765,4.526937514971801e-05,0.058495261310798574,0.058495261310798574,23158049f8a287709543a55b89f8943218b08cba397a67e034633640e70c99f6,4f0dfaf22fde2be953d09f6d5e1d430f855a074012b1744b4581503ac11ff36c,b0126d22db14df8032614d0be237f7ba7f8faae015df79310d48a47a7e019709,3dd0b47c3c1ce23069083c16d0c2272714da54db5025db5646fd1228b010a5e8,0.3684881250010221
6,mse,1.0,0.05,r6_mse_sigma1_lr0.05,113,ok,,0.5398407050843468,6.157127370892228,66,1318.53517436456,4.787119592995019e-05,0.06311985567253689,0.06311985567253689,1130bcd06d370ab57f1bc3a67409c755b267648b80a0f46e840060bb010d3ab8,191c09e53d0a687f6cad40fa2d14867ca63354cc5fb8b3e5cd829abf5c3cde96,494a09d0cb32c8fd575150abd91ad12074451b075c550159cd5a0edda3ce9c1b,db95c591d5ad7a1f08531cf0e04985b931fc730f28e8ed47b8c7c5d8ecd8db0c,0.37025579199689673
6,mse,1.0,0.05,r6_mse_sigma1_lr0.05,114,ok,,0.675776247240542,6.344557461700821,66,1267.9764868309883,3.9193730953196316e-05,0.049696729279832826,0.049696729279832826,c8a7a565f4c34afcedf377bd8a33aee023bbafec99430b278d5183f906311b3e,3e40fb00f0d7336f12289747d25109e06baa7865eaf0c7dd6f89a85970ed7fd9,9fc9306ab4737b5804dc59a07264243c6abc622ca16efa0cd4d6bddf38b05e36,52ceac77e1e0c99a5de90b23d52d3e2f15eb08da92d5b6842d3e92834a138f22,0.3718031250027707
6,mse,1.0,0.05,r6_mse_sigma1_lr0.05,115,ok,,0.49144026198322627,6.027872852083988,66,1270.9499699981234,4.086054611604713e-05,0.05193170986029704,0.051931709860297035,21e3187a25ce542a7fda12331f6df5573b7aa9cfb19c4d6a1242f48e9ab77257,bc1fd3ebe710245a2b56359c12a723983a1561bde63e3b0b4bb20f0fbc68479e,fae9b80b4b9bbecd172da441f7a298732dc4ec9c5fd56650a16ee48bf4f2164a,c3a0cabd7487508470d585545f7b6a856897b0410105302f1b4d5c12944c190d,0.3671161249949364
6,mse,1.0,0.05,r6_mse_sigma1_lr0.05,116,ok,,0.5931724581046856,6.270989673903263,66,1277.5962829914554,4.361935987750619e-05,0.055727932045968535,0.055727932045968535,b240340bda42b13e461b839e854e8931eb9b197c11fad589d1f07877b5a6c105,9cd885e5773e1a61573e6e4ab8e32f5435362a42796d8eff0025ba8c01455816,67eaeaae05cc33550f061649f99bb92951375c55491458d36e2f1c224114a8b1,0d285e8573294ff0f8d626c9d7c79b1ffa6d14fb3071ba7be902aa48627a1c7e,0.36841300000378396
6,mse,1.0,0.05,r6_mse_sigma1_lr0.05,117,ok,,0.5135346251001947,6.1592545838912995,66,1242.0655077567367,3.490434878493417e-05,0.0433534876964775,0.0433534876964775,2ff937c83d36f7b3a5406c91e8755c50ce932575e34db68925452587b0ab77d6,402a25298a9acbc5abce157f274c26389cdb90f04be171fa07ccd19e6af98b90,6d2e8203ab09f7481803ba6cac1d0fef11989f0d29cc5ddaeca62054fed6f238,32821079a74fe63f445d951a557ad18447fced01821fc77b6b8d137d2fe48881,0.3711799580050865
6,mse,1.0,0.05,r6_mse_sigma1_lr0.05,118,ok,,0.524479196203411,6.25645257566695,66,1321.2009444024873,4.2147352311702484e-05,0.055685121678285675,0.055685121678285675,f9372f8f74b3a18b86f9a9dd960278381003e836073cde71119d3b892dde9434,cbba1f67e2c26a1f241163d14c4d955aa93c178f38e5f65ab484b62775596dbb,3672d037714419789c221c8c7564a09d4bd2e60bbf08a0fa3cd13f9a40a45c57,ffdd2708cda2855a18fd4a81398631fadb59f1610b8dd3d36eefe8f678572c16,0.37071424999885494
6,mse,1.0,0.05,r6_mse_sigma1_lr0.05,119,ok,,0.4711863053739355,6.071472357123107,66,1226.1235338111735,3.371064430635678e-05,0.0413334143239617,0.0413334143239617,9cc5a5818d004f0f1492c246ba3ab8685b2df3f7dfd15cdf113ebebec42d8dee,f94f9210ef1ff1dfbe682a6006a492d2d383f30e3f71941cdb5c0b2c8319d6f5,a56289775eec0ce432a321db146cf9b88569ccab3daaa3aefaeb57ea0050cb73,01bf4e2b10f88360652600d185a9d719f05502f25f089d70da96eafa7fe4dfe3,0.36598095900262706
6,mse,1.0,0.05,r6_mse_sigma1_lr0.05,120,ok,,0.4867864339627587,6.198284509946651,66,1318.982919056534,3.9278502312094716e-05,0.05180767363577551,0.05180767363577551,69e5aaf107b63f46b6b057dfe99d3189e4f485b9649136f1718f398f646e43c6,4939936f888881fec7dcaaa22bdc939f3e13b0069e4581c8b191c627c7ad6d41,be8ede604a893ee87034e6fb596cea91ea3be8f191d448807bebae1ef6fbfe79,dff4b17a330f664ec4d31f507c7603e7842ac94d65226c760d6e78cfa953aeb7,0.3669155840034364
6,mse,1.0,0.1,r6_mse_sigma1_lr0.1,111,ok,,2.2912585232351135,8.090649336972525,66,1302.4194401935172,4.173890498666476e-05,0.054361561267022324,0.054361561267022324,6f4599f803588363f7f3f06a30082972087391773f80fd6d7eb3eadc6484859e,922c88498695bd4cd2bce85cb58cec5948b0b2180f15c65c83fd8961fa62e3fc,46ec6552ea8abd2c67a85ebf993bb74a1984e0f557904f8a35ae4eb6d2b596da,ff013eda1d426d67006a334f6583897c614d689f5823b14c442be63e78bb3962,0.3725676250032848
6,mse,1.0,0.1,r6_mse_sigma1_lr0.1,112,ok,,1.7027927787390433,7.36703163684398,66,1292.1596800781765,4.526937514971801e-05,0.058495261310798574,0.058495261310798574,23158049f8a287709543a55b89f8943218b08cba397a67e034633640e70c99f6,4f0dfaf22fde2be953d09f6d5e1d430f855a074012b1744b4581503ac11ff36c,b0126d22db14df8032614d0be237f7ba7f8faae015df79310d48a47a7e019709,3dd0b47c3c1ce23069083c16d0c2272714da54db5025db5646fd1228b010a5e8,0.37435820900282124
6,mse,1.0,0.1,r6_mse_sigma1_lr0.1,113,ok,,0.4025905320132298,6.021268260966548,66,1318.53517436456,4.787119592995019e-05,0.06311985567253689,0.06311985567253689,1130bcd06d370ab57f1bc3a67409c755b267648b80a0f46e840060bb010d3ab8,191c09e53d0a687f6cad40fa2d14867ca63354cc5fb8b3e5cd829abf5c3cde96,494a09d0cb32c8fd575150abd91ad12074451b075c550159cd5a0edda3ce9c1b,db95c591d5ad7a1f08531cf0e04985b931fc730f28e8ed47b8c7c5d8ecd8db0c,0.3695393750022049
6,mse,1.0,0.1,r6_mse_sigma1_lr0.1,114,ok,,1.6019001864106055,7.239510950435083,66,1267.9764868309883,3.9193730953196316e-05,0.049696729279832826,0.049696729279832826,c8a7a565f4c34afcedf377bd8a33aee023bbafec99430b278d5183f906311b3e,3e40fb00f0d7336f12289747d25109e06baa7865eaf0c7dd6f89a85970ed7fd9,9fc9306ab4737b5804dc59a07264243c6abc622ca16efa0cd4d6bddf38b05e36,52ceac77e1e0c99a5de90b23d52d3e2f15eb08da92d5b6842d3e92834a138f22,0.3705555829947116
6,mse,1.0,0.1,r6_mse_sigma1_lr0.1,115,ok,,3.0137142828553896,8.624315824642293,66,1270.9499699981234,4.086054611604713e-05,0.05193170986029704,0.051931709860297035,21e3187a25ce542a7fda12331f6df5573b7aa9cfb19c4d6a1242f48e9ab77257,bc1fd3ebe710245a2b56359c12a723983a1561bde63e3b0b4bb20f0fbc68479e,fae9b80b4b9bbecd172da441f7a298732dc4ec9c5fd56650a16ee48bf4f2164a,c3a0cabd7487508470d585545f7b6a856897b0410105302f1b4d5c12944c190d,0.3677467079978669
6,mse,1.0,0.1,r6_mse_sigma1_lr0.1,116,ok,,2.108624349062802,7.820284907614875,66,1277.5962829914554,4.361935987750619e-05,0.055727932045968535,0.055727932045968535,b240340bda42b13e461b839e854e8931eb9b197c11fad589d1f07877b5a6c105,9cd885e5773e1a61573e6e4ab8e32f5435362a42796d8eff0025ba8c01455816,67eaeaae05cc33550f061649f99bb92951375c55491458d36e2f1c224114a8b1,0d285e8573294ff0f8d626c9d7c79b1ffa6d14fb3071ba7be902aa48627a1c7e,0.37221908300125506
6,mse,1.0,0.1,r6_mse_sigma1_lr0.1,117,ok,,2.092390451075021,7.819407250744949,66,1242.0655077567367,3.490434878493417e-05,0.0433534876964775,0.0433534876964775,2ff937c83d36f7b3a5406c91e8755c50ce932575e34db68925452587b0ab77d6,402a25298a9acbc5abce157f274c26389cdb90f04be171fa07ccd19e6af98b90,6d2e8203ab09f7481803ba6cac1d0fef11989f0d29cc5ddaeca62054fed6f238,32821079a74fe63f445d951a557ad18447fced01821fc77b6b8d137d2fe48881,0.3650610000040615
6,mse,1.0,0.1,r6_mse_sigma1_lr0.1,118,ok,,2.01503223295719,7.729302603575701,66,1321.2009444024873,4.2147352311702484e-05,0.055685121678285675,0.055685121678285675,f9372f8f74b3a18b86f9a9dd960278381003e836073cde71119d3b892dde9434,cbba1f67e2c26a1f241163d14c4d955aa93c178f38e5f65ab484b62775596dbb,3672d037714419789c221c8c7564a09d4bd2e60bbf08a0fa3cd13f9a40a45c57,ffdd2708cda2855a18fd4a81398631fadb59f1610b8dd3d36eefe8f678572c16,0.3672516660008114
6,mse,1.0,0.1,r6_mse_sigma1_lr0.1,119,ok,,1.5855930277938763,7.186444810672137,66,1226.1235338111735,3.371064430635678e-05,0.0413334143239617,0.0413334143239617,9cc5a5818d004f0f1492c246ba3ab8685b2df3f7dfd15cdf113ebebec42d8dee,f94f9210ef1ff1dfbe682a6006a492d2d383f30e3f71941cdb5c0b2c8319d6f5,a56289775eec0ce432a321db146cf9b88569ccab3daaa3aefaeb57ea0050cb73,01bf4e2b10f88360652600d185a9d719f05502f25f089d70da96eafa7fe4dfe3,0.3713005410027108
6,mse,1.0,0.1,r6_mse_sigma1_lr0.1,120,ok,,1.9678819692150844,7.606155180590497,66,1318.982919056534,3.9278502312094716e-05,0.05180767363577551,0.05180767363577551,69e5aaf107b63f46b6b057dfe99d3189e4f485b9649136f1718f398f646e43c6,4939936f888881fec7dcaaa22bdc939f3e13b0069e4581c8b191c627c7ad6d41,be8ede604a893ee87034e6fb596cea91ea3be8f191d448807bebae1ef6fbfe79,dff4b17a330f664ec4d31f507c7603e7842ac94d65226c760d6e78cfa953aeb7,0.3720707920001587
6,mse,1.0,0.2,r6_mse_sigma1_lr0.2,111,ok,,1.5030900972472843,7.320371336456981,66,1302.4194401935172,4.173890498666476e-05,0.054361561267022324,0.054361561267022324,6f4599f803588363f7f3f06a30082972087391773f80fd6d7eb3eadc6484859e,922c88498695bd4cd2bce85cb58cec5948b0b2180f15c65c83fd8961fa62e3fc,46ec6552ea8abd2c67a85ebf993bb74a1984e0f557904f8a35ae4eb6d2b596da,ff013eda1d426d67006a334f6583897c614d689f5823b14c442be63e78bb3962,0.3666087090023211
6,mse,1.0,0.2,r6_mse_sigma1_lr0.2,112,ok,,1.8075758937670707,7.460411834805192,66,1292.1596800781765,4.526937514971801e-05,0.058495261310798574,0.058495261310798574,23158049f8a287709543a55b89f8943218b08cba397a67e034633640e70c99f6,4f0dfaf22fde2be953d09f6d5e1d430f855a074012b1744b4581503ac11ff36c,b0126d22db14df8032614d0be237f7ba7f8faae015df79310d48a47a7e019709,3dd0b47c3c1ce23069083c16d0c2272714da54db5025db5646fd1228b010a5e8,0.3689986659956048
6,mse,1.0,0.2,r6_mse_sigma1_lr0.2,113,ok,,0.5036842815973435,6.111676168819704,66,1318.53517436456,4.787119592995019e-05,0.06311985567253689,0.06311985567253689,1130bcd06d370ab57f1bc3a67409c755b267648b80a0f46e840060bb010d3ab8,191c09e53d0a687f6cad40fa2d14867ca63354cc5fb8b3e5cd829abf5c3cde96,494a09d0cb32c8fd575150abd91ad12074451b075c550159cd5a0edda3ce9c1b,db95c591d5ad7a1f08531cf0e04985b931fc730f28e8ed47b8c7c5d8ecd8db0c,0.3706610420049401
6,mse,1.0,0.2,r6_mse_sigma1_lr0.2,114,ok,,1.6641647485840305,7.306088055476806,66,1267.9764868309883,3.9193730953196316e-05,0.049696729279832826,0.049696729279832826,c8a7a565f4c34afcedf377bd8a33aee023bbafec99430b278d5183f906311b3e,3e40fb00f0d7336f12289747d25109e06baa7865eaf0c7dd6f89a85970ed7fd9,9fc9306ab4737b5804dc59a07264243c6abc622ca16efa0cd4d6bddf38b05e36,52ceac77e1e0c99a5de90b23d52d3e2f15eb08da92d5b6842d3e92834a138f22,0.3724751670015394
6,mse,1.0,0.2,r6_mse_sigma1_lr0.2,115,ok,,2.4057354487299856,8.035552699490543,66,1270.9499699981234,4.086054611604713e-05,0.05193170986029704,0.051931709860297035,21e3187a25ce542a7fda12331f6df5573b7aa9cfb19c4d6a1242f48e9ab77257,bc1fd3ebe710245a2b56359c12a723983a1561bde63e3b0b4bb20f0fbc68479e,fae9b80b4b9bbecd172da441f7a298732dc4ec9c5fd56650a16ee48bf4f2164a,c3a0cabd7487508470d585545f7b6a856897b0410105302f1b4d5c12944c190d,0.37051775000145426
6,mse,1.0,0.2,r6_mse_sigma1_lr0.2,116,ok,,2.55005535436774,8.29273894248827,66,1277.5962829914554,4.361935987750619e-05,0.055727932045968535,0.055727932045968535,b240340bda42b13e461b839e854e8931eb9b197c11fad589d1f07877b5a6c105,9cd885e5773e1a61573e6e4ab8e32f5435362a42796d8eff0025ba8c01455816,67eaeaae05cc33550f061649f99bb92951375c55491458d36e2f1c224114a8b1,0d285e8573294ff0f8d626c9d7c79b1ffa6d14fb3071ba7be902aa48627a1c7e,0.3661207920013112
6,mse,1.0,0.2,r6_mse_sigma1_lr0.2,117,ok,,2.8516849876086408,8.605337730070168,66,1242.0655077567367,3.490434878493417e-05,0.0433534876964775,0.0433534876964775,2ff937c83d36f7b3a5406c91e8755c50ce932575e34db68925452587b0ab77d6,402a25298a9acbc5abce157f274c26389cdb90f04be171fa07ccd19e6af98b90,6d2e8203ab09f7481803ba6cac1d0fef11989f0d29cc5ddaeca62054fed6f238,32821079a74fe63f445d951a557ad18447fced01821fc77b6b8d137d2fe48881,0.3703464169957442
6,mse,1.0,0.2,r6_mse_sigma1_lr0.2,118,ok,,0.44094060574349436,6.162324126471689,66,1321.2009444024873,4.2147352311702484e-05,0.055685121678285675,0.055685121678285675,f9372f8f74b3a18b86f9a9dd960278381003e836073cde71119d3b892dde9434,cbba1f67e2c26a1f241163d14c4d955aa93c178f38e5f65ab484b62775596dbb,3672d037714419789c221c8c7564a09d4bd2e60bbf08a0fa3cd13f9a40a45c57,ffdd2708cda2855a18fd4a81398631fadb59f1610b8dd3d36eefe8f678572c16,0.37143458299397025
6,mse,1.0,0.2,r6_mse_sigma1_lr0.2,119,ok,,1.5434612640912326,7.1587288127435675,66,1226.1235338111735,3.371064430635678e-05,0.0413334143239617,0.0413334143239617,9cc5a5818d004f0f1492c246ba3ab8685b2df3f7dfd15cdf113ebebec42d8dee,f94f9210ef1ff1dfbe682a6006a492d2d383f30e3f71941cdb5c0b2c8319d6f5,a56289775eec0ce432a321db146cf9b88569ccab3daaa3aefaeb57ea0050cb73,01bf4e2b10f88360652600d185a9d719f05502f25f089d70da96eafa7fe4dfe3,0.3674247090020799
6,mse,1.0,0.2,r6_mse_sigma1_lr0.2,120,ok,,1.4588666104665604,7.181142313390983,66,1318.982919056534,3.9278502312094716e-05,0.05180767363577551,0.05180767363577551,69e5aaf107b63f46b6b057dfe99d3189e4f485b9649136f1718f398f646e43c6,4939936f888881fec7dcaaa22bdc939f3e13b0069e4581c8b191c627c7ad6d41,be8ede604a893ee87034e6fb596cea91ea3be8f191d448807bebae1ef6fbfe79,dff4b17a330f664ec4d31f507c7603e7842ac94d65226c760d6e78cfa953aeb7,0.36664929199469043
6,nll,1.0,0.005,r6_nll_sigma1_lr0.005,111,ok,,0.7535629356435176,6.529749284479733,66,0.0003293206653331349,165.07181901880082,0.054361561267022324,0.054361561267022324,6f4599f803588363f7f3f06a30082972087391773f80fd6d7eb3eadc6484859e,922c88498695bd4cd2bce85cb58cec5948b0b2180f15c65c83fd8961fa62e3fc,46ec6552ea8abd2c67a85ebf993bb74a1984e0f557904f8a35ae4eb6d2b596da,ff013eda1d426d67006a334f6583897c614d689f5823b14c442be63e78bb3962,0.37527300000510877
6,nll,1.0,0.005,r6_nll_sigma1_lr0.005,112,ok,,0.6555889757949434,6.286272394749025,66,0.0003769619722667643,155.17549677239933,0.058495261310798574,0.058495261310798574,23158049f8a287709543a55b89f8943218b08cba397a67e034633640e70c99f6,4f0dfaf22fde2be953d09f6d5e1d430f855a074012b1744b4581503ac11ff36c,b0126d22db14df8032614d0be237f7ba7f8faae015df79310d48a47a7e019709,3dd0b47c3c1ce23069083c16d0c2272714da54db5025db5646fd1228b010a5e8,0.3701089590031188
6,nll,1.0,0.005,r6_nll_sigma1_lr0.005,113,ok,,0.6312655112951868,6.226862100168157,66,0.000619518045614479,101.88541902751265,0.06311985567253689,0.06311985567253689,1130bcd06d370ab57f1bc3a67409c755b267648b80a0f46e840060bb010d3ab8,191c09e53d0a687f6cad40fa2d14867ca63354cc5fb8b3e5cd829abf5c3cde96,494a09d0cb32c8fd575150abd91ad12074451b075c550159cd5a0edda3ce9c1b,db95c591d5ad7a1f08531cf0e04985b931fc730f28e8ed47b8c7c5d8ecd8db0c,0.36348520799947437
6,nll,1.0,0.005,r6_nll_sigma1_lr0.005,114,ok,,0.7921745708049087,6.5098006509805275,66,0.0002261452717248919,219.75577424536834,0.049696729279832826,0.049696729279832826,c8a7a565f4c34afcedf377bd8a33aee023bbafec99430b278d5183f906311b3e,3e40fb00f0d7336f12289747d25109e06baa7865eaf0c7dd6f89a85970ed7fd9,9fc9306ab4737b5804dc59a07264243c6abc622ca16efa0cd4d6bddf38b05e36,52ceac77e1e0c99a5de90b23d52d3e2f15eb08da92d5b6842d3e92834a138f22,0.366718375000346
6,nll,1.0,0.005,r6_nll_sigma1_lr0.005,115,ok,,0.7219572234344093,6.291672521740466,66,0.00028479360004716645,182.34858455982263,0.05193170986029704,0.051931709860297035,21e3187a25ce542a7fda12331f6df5573b7aa9cfb19c4d6a1242f48e9ab77257,bc1fd3ebe710245a2b56359c12a723983a1561bde63e3b0b4bb20f0fbc68479e,fae9b80b4b9bbecd172da441f7a298732dc4ec9c5fd56650a16ee48bf4f2164a,c3a0cabd7487508470d585545f7b6a856897b0410105302f1b4d5c12944c190d,0.3673238749979646
6,nll,1.0,0.005,r6_nll_sigma1_lr0.005,116,ok,,0.6886848744833163,6.387431301630213,66,0.000580213045227559,96.04736140345155,0.055727932045968535,0.055727932045968535,b240340bda42b13e461b839e854e8931eb9b197c11fad589d1f07877b5a6c105,9cd885e5773e1a61573e6e4ab8e32f5435362a42796d8eff0025ba8c01455816,67eaeaae05cc33550f061649f99bb92951375c55491458d36e2f1c224114a8b1,0d285e8573294ff0f8d626c9d7c79b1ffa6d14fb3071ba7be902aa48627a1c7e,0.3686487499944633
6,nll,1.0,0.005,r6_nll_sigma1_lr0.005,117,ok,,0.9232895349781267,6.598012422226251,66,0.0001472054734321398,294.5100252434772,0.0433534876964775,0.0433534876964775,2ff937c83d36f7b3a5406c91e8755c50ce932575e34db68925452587b0ab77d6,402a25298a9acbc5abce157f274c26389cdb90f04be171fa07ccd19e6af98b90,6d2e8203ab09f7481803ba6cac1d0fef11989f0d29cc5ddaeca62054fed6f238,32821079a74fe63f445d951a557ad18447fced01821fc77b6b8d137d2fe48881,0.3656698749982752
6,nll,1.0,0.005,r6_nll_sigma1_lr0.005,118,ok,,0.699185189259897,6.404533916536812,66,0.00037577625854288624,148.1869075343154,0.055685121678285675,0.05568512167828568,f9372f8f74b3a18b86f9a9dd960278381003e836073cde71119d3b892dde9434,cbba1f67e2c26a1f241163d14c4d955aa93c178f38e5f65ab484b62775596dbb,3672d037714419789c221c8c7564a09d4bd2e60bbf08a0fa3cd13f9a40a45c57,ffdd2708cda2855a18fd4a81398631fadb59f1610b8dd3d36eefe8f678572c16,0.36875670900190016
6,nll,1.0,0.005,r6_nll_sigma1_lr0.005,119,ok,,0.7409365891505935,6.352030099666113,66,6.118870754316719e-05,675.5072297417289,0.0413334143239617,0.0413334143239617,9cc5a5818d004f0f1492c246ba3ab8685b2df3f7dfd15cdf113ebebec42d8dee,f94f9210ef1ff1dfbe682a6006a492d2d383f30e3f71941cdb5c0b2c8319d6f5,a56289775eec0ce432a321db146cf9b88569ccab3daaa3aefaeb57ea0050cb73,01bf4e2b10f88360652600d185a9d719f05502f25f089d70da96eafa7fe4dfe3,0.3669635420010309
6,nll,1.0,0.005,r6_nll_sigma1_lr0.005,120,ok,,0.8524886458752411,6.586907854067118,66,9.704527656778199e-05,533.8505434583419,0.05180767363577551,0.05180767363577551,69e5aaf107b63f46b6b057dfe99d3189e4f485b9649136f1718f398f646e43c6,4939936f888881fec7dcaaa22bdc939f3e13b0069e4581c8b191c627c7ad6d41,be8ede604a893ee87034e6fb596cea91ea3be8f191d448807bebae1ef6fbfe79,dff4b17a330f664ec4d31f507c7603e7842ac94d65226c760d6e78cfa953aeb7,0.3660877910006093
6,nll,1.0,0.01,r6_nll_sigma1_lr0.01,111,ok,,0.5375618421757696,6.31836486226878,66,0.0003293206653331349,165.07181901880082,0.054361561267022324,0.054361561267022324,6f4599f803588363f7f3f06a30082972087391773f80fd6d7eb3eadc6484859e,922c88498695bd4cd2bce85cb58cec5948b0b2180f15c65c83fd8961fa62e3fc,46ec6552ea8abd2c67a85ebf993bb74a1984e0f557904f8a35ae4eb6d2b596da,ff013eda1d426d67006a334f6583897c614d689f5823b14c442be63e78bb3962,0.36796954199962784
6,nll,1.0,0.01,r6_nll_sigma1_lr0.01,112,ok,,0.5624699017082463,6.174888084320707,66,0.0003769619722667643,155.17549677239933,0.058495261310798574,0.058495261310798574,23158049f8a287709543a55b89f8943218b08cba397a67e034633640e70c99f6,4f0dfaf22fde2be953d09f6d5e1d430f855a074012b1744b4581503ac11ff36c,b0126d22db14df8032614d0be237f7ba7f8faae015df79310d48a47a7e019709,3dd0b47c3c1ce23069083c16d0c2272714da54db5025db5646fd1228b010a5e8,0.3675031669990858
6,nll,1.0,0.01,r6_nll_sigma1_lr0.01,113,ok,,0.5560183471977547,6.157408969521318,66,0.000619518045614479,101.88541902751265,0.06311985567253689,0.06311985567253689,1130bcd06d370ab57f1bc3a67409c755b267648b80a0f46e840060bb010d3ab8,191c09e53d0a687f6cad40fa2d14867ca63354cc5fb8b3e5cd829abf5c3cde96,494a09d0cb32c8fd575150abd91ad12074451b075c550159cd5a0edda3ce9c1b,db95c591d5ad7a1f08531cf0e04985b931fc730f28e8ed47b8c7c5d8ecd8db0c,0.3697652080008993
6,nll,1.0,0.01,r6_nll_sigma1_lr0.01,114,ok,,0.7273833072393596,6.423517898321767,66,0.0002261452717248919,219.75577424536834,0.049696729279832826,0.049696729279832826,c8a7a565f4c34afcedf377bd8a33aee023bbafec99430b278d5183f906311b3e,3e40fb00f0d7336f12289747d25109e06baa7865eaf0c7dd6f89a85970ed7fd9,9fc9306ab4737b5804dc59a07264243c6abc622ca16efa0cd4d6bddf38b05e36,52ceac77e1e0c99a5de90b23d52d3e2f15eb08da92d5b6842d3e92834a138f22,0.3709670830066898
6,nll,1.0,0.01,r6_nll_sigma1_lr0.01,115,ok,,0.7061062396193853,6.279173969768497,66,0.00028479360004716645,182.34858455982263,0.05193170986029704,0.051931709860297035,21e3187a25ce542a7fda12331f6df5573b7aa9cfb19c4d6a1242f48e9ab77257,bc1fd3ebe710245a2b56359c12a723983a1561bde63e3b0b4bb20f0fbc68479e,fae9b80b4b9bbecd172da441f7a298732dc4ec9c5fd56650a16ee48bf4f2164a,c3a0cabd7487508470d585545f7b6a856897b0410105302f1b4d5c12944c190d,0.3669485420032288
6,nll,1.0,0.01,r6_nll_sigma1_lr0.01,116,ok,,0.618755738291561,6.312920735515557,66,0.000580213045227559,96.04736140345155,0.055727932045968535,0.055727932045968535,b240340bda42b13e461b839e854e8931eb9b197c11fad589d1f07877b5a6c105,9cd885e5773e1a61573e6e4ab8e32f5435362a42796d8eff0025ba8c01455816,67eaeaae05cc33550f061649f99bb92951375c55491458d36e2f1c224114a8b1,0d285e8573294ff0f8d626c9d7c79b1ffa6d14fb3071ba7be902aa48627a1c7e,0.36877962500147987
6,nll,1.0,0.01,r6_nll_sigma1_lr0.01,117,ok,,0.8249454302570468,6.490755834709899,66,0.0001472054734321398,294.5100252434772,0.0433534876964775,0.0433534876964775,2ff937c83d36f7b3a5406c91e8755c50ce932575e34db68925452587b0ab77d6,402a25298a9acbc5abce157f274c26389cdb90f04be171fa07ccd19e6af98b90,6d2e8203ab09f7481803ba6cac1d0fef11989f0d29cc5ddaeca62054fed6f238,32821079a74fe63f445d951a557ad18447fced01821fc77b6b8d137d2fe48881,0.3683019170057378
6,nll,1.0,0.01,r6_nll_sigma1_lr0.01,118,ok,,0.7686602579176872,6.491296201955862,66,0.00037577625854288624,148.1869075343154,0.055685121678285675,0.05568512167828568,f9372f8f74b3a18b86f9a9dd960278381003e836073cde71119d3b892dde9434,cbba1f67e2c26a1f241163d14c4d955aa93c178f38e5f65ab484b62775596dbb,3672d037714419789c221c8c7564a09d4bd2e60bbf08a0fa3cd13f9a40a45c57,ffdd2708cda2855a18fd4a81398631fadb59f1610b8dd3d36eefe8f678572c16,0.3685071669970057
6,nll,1.0,0.01,r6_nll_sigma1_lr0.01,119,ok,,0.6762488057202914,6.304454437086442,66,6.118870754316719e-05,675.5072297417289,0.0413334143239617,0.0413334143239617,9cc5a5818d004f0f1492c246ba3ab8685b2df3f7dfd15cdf113ebebec42d8dee,f94f9210ef1ff1dfbe682a6006a492d2d383f30e3f71941cdb5c0b2c8319d6f5,a56289775eec0ce432a321db146cf9b88569ccab3daaa3aefaeb57ea0050cb73,01bf4e2b10f88360652600d185a9d719f05502f25f089d70da96eafa7fe4dfe3,0.36715299999923445
6,nll,1.0,0.01,r6_nll_sigma1_lr0.01,120,ok,,0.6505039708942275,6.360502118160011,66,9.704527656778199e-05,533.8505434583419,0.05180767363577551,0.05180767363577551,69e5aaf107b63f46b6b057dfe99d3189e4f485b9649136f1718f398f646e43c6,4939936f888881fec7dcaaa22bdc939f3e13b0069e4581c8b191c627c7ad6d41,be8ede604a893ee87034e6fb596cea91ea3be8f191d448807bebae1ef6fbfe79,dff4b17a330f664ec4d31f507c7603e7842ac94d65226c760d6e78cfa953aeb7,0.3669651669988525
6,nll,1.0,0.02,r6_nll_sigma1_lr0.02,111,ok,,0.6371897463262366,6.354522694744123,66,0.0003293206653331349,165.07181901880082,0.054361561267022324,0.054361561267022324,6f4599f803588363f7f3f06a30082972087391773f80fd6d7eb3eadc6484859e,922c88498695bd4cd2bce85cb58cec5948b0b2180f15c65c83fd8961fa62e3fc,46ec6552ea8abd2c67a85ebf993bb74a1984e0f557904f8a35ae4eb6d2b596da,ff013eda1d426d67006a334f6583897c614d689f5823b14c442be63e78bb3962,0.37345354200078873
6,nll,1.0,0.02,r6_nll_sigma1_lr0.02,112,ok,,0.554136272660191,6.187095233685387,66,0.0003769619722667643,155.17549677239933,0.058495261310798574,0.058495261310798574,23158049f8a287709543a55b89f8943218b08cba397a67e034633640e70c99f6,4f0dfaf22fde2be953d09f6d5e1d430f855a074012b1744b4581503ac11ff36c,b0126d22db14df8032614d0be237f7ba7f8faae015df79310d48a47a7e019709,3dd0b47c3c1ce23069083c16d0c2272714da54db5025db5646fd1228b010a5e8,0.3738847499989788
6,nll,1.0,0.02,r6_nll_sigma1_lr0.02,113,ok,,0.5859238323480627,6.1940842578829445,66,0.000619518045614479,101.88541902751265,0.06311985567253689,0.06311985567253689,1130bcd06d370ab57f1bc3a67409c755b267648b80a0f46e840060bb010d3ab8,191c09e53d0a687f6cad40fa2d14867ca63354cc5fb8b3e5cd829abf5c3cde96,494a09d0cb32c8fd575150abd91ad12074451b075c550159cd5a0edda3ce9c1b,db95c591d5ad7a1f08531cf0e04985b931fc730f28e8ed47b8c7c5d8ecd8db0c,0.370412625001336
6,nll,1.0,0.02,r6_nll_sigma1_lr0.02,114,ok,,0.757992338354376,6.466077066157752,66,0.0002261452717248919,219.75577424536834,0.049696729279832826,0.049696729279832826,c8a7a565f4c34afcedf377bd8a33aee023bbafec99430b278d5183f906311b3e,3e40fb00f0d7336f12289747d25109e06baa7865eaf0c7dd6f89a85970ed7fd9,9fc9306ab4737b5804dc59a07264243c6abc622ca16efa0cd4d6bddf38b05e36,52ceac77e1e0c99a5de90b23d52d3e2f15eb08da92d5b6842d3e92834a138f22,0.3698736660007853
6,nll,1.0,0.02,r6_nll_sigma1_lr0.02,115,ok,,0.5205044538762404,6.095788584097101,66,0.00028479360004716645,182.34858455982263,0.05193170986029704,0.051931709860297035,21e3187a25ce542a7fda12331f6df5573b7aa9cfb19c4d6a1242f48e9ab77257,bc1fd3ebe710245a2b56359c12a723983a1561bde63e3b0b4bb20f0fbc68479e,fae9b80b4b9bbecd172da441f7a298732dc4ec9c5fd56650a16ee48bf4f2164a,c3a0cabd7487508470d585545f7b6a856897b0410105302f1b4d5c12944c190d,0.3710252910022973
6,nll,1.0,0.02,r6_nll_sigma1_lr0.02,116,ok,,0.6457518995367971,6.312256194148678,66,0.000580213045227559,96.04736140345155,0.055727932045968535,0.055727932045968535,b240340bda42b13e461b839e854e8931eb9b197c11fad589d1f07877b5a6c105,9cd885e5773e1a61573e6e4ab8e32f5435362a42796d8eff0025ba8c01455816,67eaeaae05cc33550f061649f99bb92951375c55491458d36e2f1c224114a8b1,0d285e8573294ff0f8d626c9d7c79b1ffa6d14fb3071ba7be902aa48627a1c7e,0.3686514590008301
6,nll,1.0,0.02,r6_nll_sigma1_lr0.02,117,ok,,0.7336915305375717,6.364144130864409,66,0.0001472054734321398,294.5100252434772,0.0433534876964775,0.0433534876964775,2ff937c83d36f7b3a5406c91e8755c50ce932575e34db68925452587b0ab77d6,402a25298a9acbc5abce157f274c26389cdb90f04be171fa07ccd19e6af98b90,6d2e8203ab09f7481803ba6cac1d0fef11989f0d29cc5ddaeca62054fed6f238,32821079a74fe63f445d951a557ad18447fced01821fc77b6b8d137d2fe48881,0.3725250830029836
6,nll,1.0,0.02,r6_nll_sigma1_lr0.02,118,ok,,0.5823711009611341,6.3049895405772,66,0.00037577625854288624,148.1869075343154,0.055685121678285675,0.05568512167828568,f9372f8f74b3a18b86f9a9dd960278381003e836073cde71119d3b892dde9434,cbba1f67e2c26a1f241163d14c4d955aa93c178f38e5f65ab484b62775596dbb,3672d037714419789c221c8c7564a09d4bd2e60bbf08a0fa3cd13f9a40a45c57,ffdd2708cda2855a18fd4a81398631fadb59f1610b8dd3d36eefe8f678572c16,0.3671709159971215
6,nll,1.0,0.02,r6_nll_sigma1_lr0.02,119,ok,,0.7106764543455725,6.3623424262409936,66,6.118870754316719e-05,675.5072297417289,0.0413334143239617,0.0413334143239617,9cc5a5818d004f0f1492c246ba3ab8685b2df3f7dfd15cdf113ebebec42d8dee,f94f9210ef1ff1dfbe682a6006a492d2d383f30e3f71941cdb5c0b2c8319d6f5,a56289775eec0ce432a321db146cf9b88569ccab3daaa3aefaeb57ea0050cb73,01bf4e2b10f88360652600d185a9d719f05502f25f089d70da96eafa7fe4dfe3,0.3711125420013559
6,nll,1.0,0.02,r6_nll_sigma1_lr0.02,120,ok,,0.6816964330933619,6.34584922385255,66,9.704527656778199e-05,533.8505434583419,0.05180767363577551,0.05180767363577551,69e5aaf107b63f46b6b057dfe99d3189e4f485b9649136f1718f398f646e43c6,4939936f888881fec7dcaaa22bdc939f3e13b0069e4581c8b191c627c7ad6d41,be8ede604a893ee87034e6fb596cea91ea3be8f191d448807bebae1ef6fbfe79,dff4b17a330f664ec4d31f507c7603e7842ac94d65226c760d6e78cfa953aeb7,0.36919858399778605
6,nll,1.0,0.05,r6_nll_sigma1_lr0.05,111,ok,,0.5649515132817117,6.302737299783773,66,0.0003293206653331349,165.07181901880082,0.054361561267022324,0.054361561267022324,6f4599f803588363f7f3f06a30082972087391773f80fd6d7eb3eadc6484859e,922c88498695bd4cd2bce85cb58cec5948b0b2180f15c65c83fd8961fa62e3fc,46ec6552ea8abd2c67a85ebf993bb74a1984e0f557904f8a35ae4eb6d2b596da,ff013eda1d426d67006a334f6583897c614d689f5823b14c442be63e78bb3962,0.3719043749952107
6,nll,1.0,0.05,r6_nll_sigma1_lr0.05,112,ok,,0.5721273844762016,6.17225037394948,66,0.0003769619722667643,155.17549677239933,0.058495261310798574,0.058495261310798574,23158049f8a287709543a55b89f8943218b08cba397a67e034633640e70c99f6,4f0dfaf22fde2be953d09f6d5e1d430f855a074012b1744b4581503ac11ff36c,b0126d22db14df8032614d0be237f7ba7f8faae015df79310d48a47a7e019709,3dd0b47c3c1ce23069083c16d0c2272714da54db5025db5646fd1228b010a5e8,0.3689520839980105
6,nll,1.0,0.05,r6_nll_sigma1_lr0.05,113,ok,,0.5180250144299087,6.123866704240683,66,0.000619518045614479,101.88541902751265,0.06311985567253689,0.06311985567253689,1130bcd06d370ab57f1bc3a67409c755b267648b80a0f46e840060bb010d3ab8,191c09e53d0a687f6cad40fa2d14867ca63354cc5fb8b3e5cd829abf5c3cde96,494a09d0cb32c8fd575150abd91ad12074451b075c550159cd5a0edda3ce9c1b,db95c591d5ad7a1f08531cf0e04985b931fc730f28e8ed47b8c7c5d8ecd8db0c,0.3744920000026468
6,nll,1.0,0.05,r6_nll_sigma1_lr0.05,114,ok,,0.6263600458486778,6.314877595676915,66,0.0002261452717248919,219.75577424536834,0.049696729279832826,0.049696729279832826,c8a7a565f4c34afcedf377bd8a33aee023bbafec99430b278d5183f906311b3e,3e40fb00f0d7336f12289747d25109e06baa7865eaf0c7dd6f89a85970ed7fd9,9fc9306ab4737b5804dc59a07264243c6abc622ca16efa0cd4d6bddf38b05e36,52ceac77e1e0c99a5de90b23d52d3e2f15eb08da92d5b6842d3e92834a138f22,0.3702466250033467
6,nll,1.0,0.05,r6_nll_sigma1_lr0.05,115,ok,,0.45869574614133324,6.018231303545992,66,0.00028479360004716645,182.34858455982263,0.05193170986029704,0.051931709860297035,21e3187a25ce542a7fda12331f6df5573b7aa9cfb19c4d6a1242f48e9ab77257,bc1fd3ebe710245a2b56359c12a723983a1561bde63e3b0b4bb20f0fbc68479e,fae9b80b4b9bbecd172da441f7a298732dc4ec9c5fd56650a16ee48bf4f2164a,c3a0cabd7487508470d585545f7b6a856897b0410105302f1b4d5c12944c190d,0.3735914999997476
6,nll,1.0,0.05,r6_nll_sigma1_lr0.05,116,ok,,0.48209391114462397,6.152554546110626,66,0.000580213045227559,96.04736140345155,0.055727932045968535,0.055727932045968535,b240340bda42b13e461b839e854e8931eb9b197c11fad589d1f07877b5a6c105,9cd885e5773e1a61573e6e4ab8e32f5435362a42796d8eff0025ba8c01455816,67eaeaae05cc33550f061649f99bb92951375c55491458d36e2f1c224114a8b1,0d285e8573294ff0f8d626c9d7c79b1ffa6d14fb3071ba7be902aa48627a1c7e,0.3679716670012567
6,nll,1.0,0.05,r6_nll_sigma1_lr0.05,117,ok,,0.6041207576299854,6.232301507053065,66,0.0001472054734321398,294.5100252434772,0.0433534876964775,0.0433534876964775,2ff937c83d36f7b3a5406c91e8755c50ce932575e34db68925452587b0ab77d6,402a25298a9acbc5abce157f274c26389cdb90f04be171fa07ccd19e6af98b90,6d2e8203ab09f7481803ba6cac1d0fef11989f0d29cc5ddaeca62054fed6f238,32821079a74fe63f445d951a557ad18447fced01821fc77b6b8d137d2fe48881,0.3734832079935586
6,nll,1.0,0.05,r6_nll_sigma1_lr0.05,118,ok,,0.4755446690178624,6.19485040023978,66,0.00037577625854288624,148.1869075343154,0.055685121678285675,0.05568512167828568,f9372f8f74b3a18b86f9a9dd960278381003e836073cde71119d3b892dde9434,cbba1f67e2c26a1f241163d14c4d955aa93c178f38e5f65ab484b62775596dbb,3672d037714419789c221c8c7564a09d4bd2e60bbf08a0fa3cd13f9a40a45c57,ffdd2708cda2855a18fd4a81398631fadb59f1610b8dd3d36eefe8f678572c16,0.36888720899878535
6,nll,1.0,0.05,r6_nll_sigma1_lr0.05,119,ok,,0.5907587523065871,6.203907726921044,66,6.118870754316719e-05,675.5072297417289,0.0413334143239617,0.0413334143239617,9cc5a5818d004f0f1492c246ba3ab8685b2df3f7dfd15cdf113ebebec42d8dee,f94f9210ef1ff1dfbe682a6006a492d2d383f30e3f71941cdb5c0b2c8319d6f5,a56289775eec0ce432a321db146cf9b88569ccab3daaa3aefaeb57ea0050cb73,01bf4e2b10f88360652600d185a9d719f05502f25f089d70da96eafa7fe4dfe3,0.37234020799951395
6,nll,1.0,0.05,r6_nll_sigma1_lr0.05,120,ok,,0.61783075047898,6.318543163988064,66,9.704527656778199e-05,533.8505434583419,0.05180767363577551,0.05180767363577551,69e5aaf107b63f46b6b057dfe99d3189e4f485b9649136f1718f398f646e43c6,4939936f888881fec7dcaaa22bdc939f3e13b0069e4581c8b191c627c7ad6d41,be8ede604a893ee87034e6fb596cea91ea3be8f191d448807bebae1ef6fbfe79,dff4b17a330f664ec4d31f507c7603e7842ac94d65226c760d6e78cfa953aeb7,0.3688769579966902
6,nll,1.0,0.1,r6_nll_sigma1_lr0.1,111,ok,,0.4615901888141182,6.230817296777966,66,0.0003293206653331349,165.07181901880082,0.054361561267022324,0.054361561267022324,6f4599f803588363f7f3f06a30082972087391773f80fd6d7eb3eadc6484859e,922c88498695bd4cd2bce85cb58cec5948b0b2180f15c65c83fd8961fa62e3fc,46ec6552ea8abd2c67a85ebf993bb74a1984e0f557904f8a35ae4eb6d2b596da,ff013eda1d426d67006a334f6583897c614d689f5823b14c442be63e78bb3962,0.3725023329971009
6,nll,1.0,0.1,r6_nll_sigma1_lr0.1,112,ok,,0.36338661750484585,5.999749195486013,66,0.0003769619722667643,155.17549677239933,0.058495261310798574,0.058495261310798574,23158049f8a287709543a55b89f8943218b08cba397a67e034633640e70c99f6,4f0dfaf22fde2be953d09f6d5e1d430f855a074012b1744b4581503ac11ff36c,b0126d22db14df8032614d0be237f7ba7f8faae015df79310d48a47a7e019709,3dd0b47c3c1ce23069083c16d0c2272714da54db5025db5646fd1228b010a5e8,0.3693444160016952
6,nll,1.0,0.1,r6_nll_sigma1_lr0.1,113,ok,,0.5067208969150403,6.098718864088845,66,0.000619518045614479,101.88541902751265,0.06311985567253689,0.06311985567253689,1130bcd06d370ab57f1bc3a67409c755b267648b80a0f46e840060bb010d3ab8,191c09e53d0a687f6cad40fa2d14867ca63354cc5fb8b3e5cd829abf5c3cde96,494a09d0cb32c8fd575150abd91ad12074451b075c550159cd5a0edda3ce9c1b,db95c591d5ad7a1f08531cf0e04985b931fc730f28e8ed47b8c7c5d8ecd8db0c,0.3738369999991846
6,nll,1.0,0.1,r6_nll_sigma1_lr0.1,114,ok,,0.45113737904580986,6.120462889591052,66,0.0002261452717248919,219.75577424536834,0.049696729279832826,0.049696729279832826,c8a7a565f4c34afcedf377bd8a33aee023bbafec99430b278d5183f906311b3e,3e40fb00f0d7336f12289747d25109e06baa7865eaf0c7dd6f89a85970ed7fd9,9fc9306ab4737b5804dc59a07264243c6abc622ca16efa0cd4d6bddf38b05e36,52ceac77e1e0c99a5de90b23d52d3e2f15eb08da92d5b6842d3e92834a138f22,0.36964479200105416
6,nll,1.0,0.1,r6_nll_sigma1_lr0.1,115,ok,,0.46516450695558276,6.017438982564788,66,0.00028479360004716645,182.34858455982263,0.05193170986029704,0.051931709860297035,21e3187a25ce542a7fda12331f6df5573b7aa9cfb19c4d6a1242f48e9ab77257,bc1fd3ebe710245a2b56359c12a723983a1561bde63e3b0b4bb20f0fbc68479e,fae9b80b4b9bbecd172da441f7a298732dc4ec9c5fd56650a16ee48bf4f2164a,c3a0cabd7487508470d585545f7b6a856897b0410105302f1b4d5c12944c190d,0.37314158399385633
6,nll,1.0,0.1,r6_nll_sigma1_lr0.1,116,ok,,0.4115694429098493,6.079483323062837,66,0.000580213045227559,96.04736140345155,0.055727932045968535,0.055727932045968535,b240340bda42b13e461b839e854e8931eb9b197c11fad589d1f07877b5a6c105,9cd885e5773e1a61573e6e4ab8e32f5435362a42796d8eff0025ba8c01455816,67eaeaae05cc33550f061649f99bb92951375c55491458d36e2f1c224114a8b1,0d285e8573294ff0f8d626c9d7c79b1ffa6d14fb3071ba7be902aa48627a1c7e,0.36842574999900535
6,nll,1.0,0.1,r6_nll_sigma1_lr0.1,117,ok,,0.5313152941851131,6.196800426149721,66,0.0001472054734321398,294.5100252434772,0.0433534876964775,0.0433534876964775,2ff937c83d36f7b3a5406c91e8755c50ce932575e34db68925452587b0ab77d6,402a25298a9acbc5abce157f274c26389cdb90f04be171fa07ccd19e6af98b90,6d2e8203ab09f7481803ba6cac1d0fef11989f0d29cc5ddaeca62054fed6f238,32821079a74fe63f445d951a557ad18447fced01821fc77b6b8d137d2fe48881,0.36956800000189105
6,nll,1.0,0.1,r6_nll_sigma1_lr0.1,118,ok,,0.4775045200607657,6.194240063177901,66,0.00037577625854288624,148.1869075343154,0.055685121678285675,0.05568512167828568,f9372f8f74b3a18b86f9a9dd960278381003e836073cde71119d3b892dde9434,cbba1f67e2c26a1f241163d14c4d955aa93c178f38e5f65ab484b62775596dbb,3672d037714419789c221c8c7564a09d4bd2e60bbf08a0fa3cd13f9a40a45c57,ffdd2708cda2855a18fd4a81398631fadb59f1610b8dd3d36eefe8f678572c16,0.37369783299800474
6,nll,1.0,0.1,r6_nll_sigma1_lr0.1,119,ok,,0.5095820363657062,6.135674046037331,66,6.118870754316719e-05,675.5072297417289,0.0413334143239617,0.0413334143239617,9cc5a5818d004f0f1492c246ba3ab8685b2df3f7dfd15cdf113ebebec42d8dee,f94f9210ef1ff1dfbe682a6006a492d2d383f30e3f71941cdb5c0b2c8319d6f5,a56289775eec0ce432a321db146cf9b88569ccab3daaa3aefaeb57ea0050cb73,01bf4e2b10f88360652600d185a9d719f05502f25f089d70da96eafa7fe4dfe3,0.37164891700376756
6,nll,1.0,0.1,r6_nll_sigma1_lr0.1,120,ok,,0.5335819406000398,6.212955794096912,66,9.704527656778199e-05,533.8505434583419,0.05180767363577551,0.05180767363577551,69e5aaf107b63f46b6b057dfe99d3189e4f485b9649136f1718f398f646e43c6,4939936f888881fec7dcaaa22bdc939f3e13b0069e4581c8b191c627c7ad6d41,be8ede604a893ee87034e6fb596cea91ea3be8f191d448807bebae1ef6fbfe79,dff4b17a330f664ec4d31f507c7603e7842ac94d65226c760d6e78cfa953aeb7,0.3691711670035147
6,nll,1.0,0.2,r6_nll_sigma1_lr0.2,111,ok,,0.9136534378860967,6.677547058275195,66,0.0003293206653331349,165.07181901880082,0.054361561267022324,0.054361561267022324,6f4599f803588363f7f3f06a30082972087391773f80fd6d7eb3eadc6484859e,922c88498695bd4cd2bce85cb58cec5948b0b2180f15c65c83fd8961fa62e3fc,46ec6552ea8abd2c67a85ebf993bb74a1984e0f557904f8a35ae4eb6d2b596da,ff013eda1d426d67006a334f6583897c614d689f5823b14c442be63e78bb3962,0.3714127089988324
6,nll,1.0,0.2,r6_nll_sigma1_lr0.2,112,ok,,1.5036492565017374,7.151049813886452,66,0.0003769619722667643,155.17549677239933,0.058495261310798574,0.058495261310798574,23158049f8a287709543a55b89f8943218b08cba397a67e034633640e70c99f6,4f0dfaf22fde2be953d09f6d5e1d430f855a074012b1744b4581503ac11ff36c,b0126d22db14df8032614d0be237f7ba7f8faae015df79310d48a47a7e019709,3dd0b47c3c1ce23069083c16d0c2272714da54db5025db5646fd1228b010a5e8,0.3735877500002971
6,nll,1.0,0.2,r6_nll_sigma1_lr0.2,113,ok,,1.4126918047380648,7.04928288795178,66,0.000619518045614479,101.88541902751265,0.06311985567253689,0.06311985567253689,1130bcd06d370ab57f1bc3a67409c755b267648b80a0f46e840060bb010d3ab8,191c09e53d0a687f6cad40fa2d14867ca63354cc5fb8b3e5cd829abf5c3cde96,494a09d0cb32c8fd575150abd91ad12074451b075c550159cd5a0edda3ce9c1b,db95c591d5ad7a1f08531cf0e04985b931fc730f28e8ed47b8c7c5d8ecd8db0c,0.3742758330045035
6,nll,1.0,0.2,r6_nll_sigma1_lr0.2,114,ok,,1.4356856367010151,7.068947592695147,66,0.0002261452717248919,219.75577424536834,0.049696729279832826,0.049696729279832826,c8a7a565f4c34afcedf377bd8a33aee023bbafec99430b278d5183f906311b3e,3e40fb00f0d7336f12289747d25109e06baa7865eaf0c7dd6f89a85970ed7fd9,9fc9306ab4737b5804dc59a07264243c6abc622ca16efa0cd4d6bddf38b05e36,52ceac77e1e0c99a5de90b23d52d3e2f15eb08da92d5b6842d3e92834a138f22,0.3709688329981873
6,nll,1.0,0.2,r6_nll_sigma1_lr0.2,115,ok,,1.253933582014683,6.869136095614831,66,0.00028479360004716645,182.34858455982263,0.05193170986029704,0.051931709860297035,21e3187a25ce542a7fda12331f6df5573b7aa9cfb19c4d6a1242f48e9ab77257,bc1fd3ebe710245a2b56359c12a723983a1561bde63e3b0b4bb20f0fbc68479e,fae9b80b4b9bbecd172da441f7a298732dc4ec9c5fd56650a16ee48bf4f2164a,c3a0cabd7487508470d585545f7b6a856897b0410105302f1b4d5c12944c190d,0.36937083300290396
6,nll,1.0,0.2,r6_nll_sigma1_lr0.2,116,ok,,0.3986600848498245,6.067842513863167,66,0.000580213045227559,96.04736140345155,0.055727932045968535,0.055727932045968535,b240340bda42b13e461b839e854e8931eb9b197c11fad589d1f07877b5a6c105,9cd885e5773e1a61573e6e4ab8e32f5435362a42796d8eff0025ba8c01455816,67eaeaae05cc33550f061649f99bb92951375c55491458d36e2f1c224114a8b1,0d285e8573294ff0f8d626c9d7c79b1ffa6d14fb3071ba7be902aa48627a1c7e,0.37446462500520283
6,nll,1.0,0.2,r6_nll_sigma1_lr0.2,117,ok,,0.8557810314710594,6.498762712450721,66,0.0001472054734321398,294.5100252434772,0.0433534876964775,0.0433534876964775,2ff937c83d36f7b3a5406c91e8755c50ce932575e34db68925452587b0ab77d6,402a25298a9acbc5abce157f274c26389cdb90f04be171fa07ccd19e6af98b90,6d2e8203ab09f7481803ba6cac1d0fef11989f0d29cc5ddaeca62054fed6f238,32821079a74fe63f445d951a557ad18447fced01821fc77b6b8d137d2fe48881,0.37710087499726797
6,nll,1.0,0.2,r6_nll_sigma1_lr0.2,118,ok,,0.9427059270548585,6.602435920228487,66,0.00037577625854288624,148.1869075343154,0.055685121678285675,0.05568512167828568,f9372f8f74b3a18b86f9a9dd960278381003e836073cde71119d3b892dde9434,cbba1f67e2c26a1f241163d14c4d955aa93c178f38e5f65ab484b62775596dbb,3672d037714419789c221c8c7564a09d4bd2e60bbf08a0fa3cd13f9a40a45c57,ffdd2708cda2855a18fd4a81398631fadb59f1610b8dd3d36eefe8f678572c16,0.37192791699635563
6,nll,1.0,0.2,r6_nll_sigma1_lr0.2,119,ok,,1.2213357594859013,6.893195641229337,66,6.118870754316719e-05,675.5072297417289,0.0413334143239617,0.0413334143239617,9cc5a5818d004f0f1492c246ba3ab8685b2df3f7dfd15cdf113ebebec42d8dee,f94f9210ef1ff1dfbe682a6006a492d2d383f30e3f71941cdb5c0b2c8319d6f5,a56289775eec0ce432a321db146cf9b88569ccab3daaa3aefaeb57ea0050cb73,01bf4e2b10f88360652600d185a9d719f05502f25f089d70da96eafa7fe4dfe3,0.37263162499584723
6,nll,1.0,0.2,r6_nll_sigma1_lr0.2,120,ok,,1.0208804931487718,6.709240877579303,66,9.704527656778199e-05,533.8505434583419,0.05180767363577551,0.05180767363577551,69e5aaf107b63f46b6b057dfe99d3189e4f485b9649136f1718f398f646e43c6,4939936f888881fec7dcaaa22bdc939f3e13b0069e4581c8b191c627c7ad6d41,be8ede604a893ee87034e6fb596cea91ea3be8f191d448807bebae1ef6fbfe79,dff4b17a330f664ec4d31f507c7603e7842ac94d65226c760d6e78cfa953aeb7,0.37787229099922115
6,parity,1.0,0.005,r6_parity_sigma1_lr0.005,111,ok,,0.6380308398749848,6.375593955588507,66,1.0,0.054361561267022324,0.054361561267022324,0.054361561267022324,6f4599f803588363f7f3f06a30082972087391773f80fd6d7eb3eadc6484859e,922c88498695bd4cd2bce85cb58cec5948b0b2180f15c65c83fd8961fa62e3fc,46ec6552ea8abd2c67a85ebf993bb74a1984e0f557904f8a35ae4eb6d2b596da,ff013eda1d426d67006a334f6583897c614d689f5823b14c442be63e78bb3962,0.46644033399934415
6,parity,1.0,0.005,r6_parity_sigma1_lr0.005,112,ok,,0.630391344178249,6.283621620144502,66,1.0,0.058495261310798574,0.058495261310798574,0.058495261310798574,23158049f8a287709543a55b89f8943218b08cba397a67e034633640e70c99f6,4f0dfaf22fde2be953d09f6d5e1d430f855a074012b1744b4581503ac11ff36c,b0126d22db14df8032614d0be237f7ba7f8faae015df79310d48a47a7e019709,3dd0b47c3c1ce23069083c16d0c2272714da54db5025db5646fd1228b010a5e8,0.47060100000089733
6,parity,1.0,0.005,r6_parity_sigma1_lr0.005,113,ok,,0.579155984843606,6.181708144655649,66,1.0,0.06311985567253689,0.06311985567253689,0.06311985567253689,1130bcd06d370ab57f1bc3a67409c755b267648b80a0f46e840060bb010d3ab8,191c09e53d0a687f6cad40fa2d14867ca63354cc5fb8b3e5cd829abf5c3cde96,494a09d0cb32c8fd575150abd91ad12074451b075c550159cd5a0edda3ce9c1b,db95c591d5ad7a1f08531cf0e04985b931fc730f28e8ed47b8c7c5d8ecd8db0c,0.469080708004185
6,parity,1.0,0.005,r6_parity_sigma1_lr0.005,114,ok,,0.7441822513789671,6.441951425462852,66,1.0,0.049696729279832826,0.049696729279832826,0.049696729279832826,c8a7a565f4c34afcedf377bd8a33aee023bbafec99430b278d5183f906311b3e,3e40fb00f0d7336f12289747d25109e06baa7865eaf0c7dd6f89a85970ed7fd9,9fc9306ab4737b5804dc59a07264243c6abc622ca16efa0cd4d6bddf38b05e36,52ceac77e1e0c99a5de90b23d52d3e2f15eb08da92d5b6842d3e92834a138f22,0.46882712499791523
6,parity,1.0,0.005,r6_parity_sigma1_lr0.005,115,ok,,0.700332929194822,6.275927988308174,66,1.0,0.05193170986029704,0.05193170986029704,0.05193170986029704,21e3187a25ce542a7fda12331f6df5573b7aa9cfb19c4d6a1242f48e9ab77257,bc1fd3ebe710245a2b56359c12a723983a1561bde63e3b0b4bb20f0fbc68479e,fae9b80b4b9bbecd172da441f7a298732dc4ec9c5fd56650a16ee48bf4f2164a,c3a0cabd7487508470d585545f7b6a856897b0410105302f1b4d5c12944c190d,0.47117312499904074
6,parity,1.0,0.005,r6_parity_sigma1_lr0.005,116,ok,,0.6463954352902473,6.318009644689232,66,1.0,0.055727932045968535,0.055727932045968535,0.055727932045968535,b240340bda42b13e461b839e854e8931eb9b197c11fad589d1f07877b5a6c105,9cd885e5773e1a61573e6e4ab8e32f5435362a42796d8eff0025ba8c01455816,67eaeaae05cc33550f061649f99bb92951375c55491458d36e2f1c224114a8b1,0d285e8573294ff0f8d626c9d7c79b1ffa6d14fb3071ba7be902aa48627a1c7e,0.4728948749980191
6,parity,1.0,0.005,r6_parity_sigma1_lr0.005,117,ok,,0.6730947573544623,6.306110673566356,66,1.0,0.0433534876964775,0.0433534876964775,0.0433534876964775,2ff937c83d36f7b3a5406c91e8755c50ce932575e34db68925452587b0ab77d6,402a25298a9acbc5abce157f274c26389cdb90f04be171fa07ccd19e6af98b90,6d2e8203ab09f7481803ba6cac1d0fef11989f0d29cc5ddaeca62054fed6f238,32821079a74fe63f445d951a557ad18447fced01821fc77b6b8d137d2fe48881,0.4664780840030289
6,parity,1.0,0.005,r6_parity_sigma1_lr0.005,118,ok,,0.5900834701299847,6.314081217149816,66,1.0,0.055685121678285675,0.055685121678285675,0.055685121678285675,f9372f8f74b3a18b86f9a9dd960278381003e836073cde71119d3b892dde9434,cbba1f67e2c26a1f241163d14c4d955aa93c178f38e5f65ab484b62775596dbb,3672d037714419789c221c8c7564a09d4bd2e60bbf08a0fa3cd13f9a40a45c57,ffdd2708cda2855a18fd4a81398631fadb59f1610b8dd3d36eefe8f678572c16,0.4684015829989221
6,parity,1.0,0.005,r6_parity_sigma1_lr0.005,119,ok,,0.7883318010908229,6.436699826148973,66,1.0,0.0413334143239617,0.0413334143239617,0.0413334143239617,9cc5a5818d004f0f1492c246ba3ab8685b2df3f7dfd15cdf113ebebec42d8dee,f94f9210ef1ff1dfbe682a6006a492d2d383f30e3f71941cdb5c0b2c8319d6f5,a56289775eec0ce432a321db146cf9b88569ccab3daaa3aefaeb57ea0050cb73,01bf4e2b10f88360652600d185a9d719f05502f25f089d70da96eafa7fe4dfe3,0.4724036659972626
6,parity,1.0,0.005,r6_parity_sigma1_lr0.005,120,ok,,0.7381018097044505,6.492368189192623,66,1.0,0.05180767363577551,0.05180767363577551,0.05180767363577551,69e5aaf107b63f46b6b057dfe99d3189e4f485b9649136f1718f398f646e43c6,4939936f888881fec7dcaaa22bdc939f3e13b0069e4581c8b191c627c7ad6d41,be8ede604a893ee87034e6fb596cea91ea3be8f191d448807bebae1ef6fbfe79,dff4b17a330f664ec4d31f507c7603e7842ac94d65226c760d6e78cfa953aeb7,0.4743068750030943
6,parity,1.0,0.01,r6_parity_sigma1_lr0.01,111,ok,,0.5271279257943391,6.2875974787904365,66,1.0,0.054361561267022324,0.054361561267022324,0.054361561267022324,6f4599f803588363f7f3f06a30082972087391773f80fd6d7eb3eadc6484859e,922c88498695bd4cd2bce85cb58cec5948b0b2180f15c65c83fd8961fa62e3fc,46ec6552ea8abd2c67a85ebf993bb74a1984e0f557904f8a35ae4eb6d2b596da,ff013eda1d426d67006a334f6583897c614d689f5823b14c442be63e78bb3962,0.4671636249986477
6,parity,1.0,0.01,r6_parity_sigma1_lr0.01,112,ok,,0.5533797438175279,6.202163182597788,66,1.0,0.058495261310798574,0.058495261310798574,0.058495261310798574,23158049f8a287709543a55b89f8943218b08cba397a67e034633640e70c99f6,4f0dfaf22fde2be953d09f6d5e1d430f855a074012b1744b4581503ac11ff36c,b0126d22db14df8032614d0be237f7ba7f8faae015df79310d48a47a7e019709,3dd0b47c3c1ce23069083c16d0c2272714da54db5025db5646fd1228b010a5e8,0.4668732909995015
6,parity,1.0,0.01,r6_parity_sigma1_lr0.01,113,ok,,0.4276104600471166,6.02968760829929,66,1.0,0.06311985567253689,0.06311985567253689,0.06311985567253689,1130bcd06d370ab57f1bc3a67409c755b267648b80a0f46e840060bb010d3ab8,191c09e53d0a687f6cad40fa2d14867ca63354cc5fb8b3e5cd829abf5c3cde96,494a09d0cb32c8fd575150abd91ad12074451b075c550159cd5a0edda3ce9c1b,db95c591d5ad7a1f08531cf0e04985b931fc730f28e8ed47b8c7c5d8ecd8db0c,0.47189500000240514
6,parity,1.0,0.01,r6_parity_sigma1_lr0.01,114,ok,,0.5709391588048799,6.2001708677634415,66,1.0,0.049696729279832826,0.049696729279832826,0.049696729279832826,c8a7a565f4c34afcedf377bd8a33aee023bbafec99430b278d5183f906311b3e,3e40fb00f0d7336f12289747d25109e06baa7865eaf0c7dd6f89a85970ed7fd9,9fc9306ab4737b5804dc59a07264243c6abc622ca16efa0cd4d6bddf38b05e36,52ceac77e1e0c99a5de90b23d52d3e2f15eb08da92d5b6842d3e92834a138f22,0.4734045419972972
6,parity,1.0,0.01,r6_parity_sigma1_lr0.01,115,ok,,0.5773979556337511,6.169686454467989,66,1.0,0.05193170986029704,0.05193170986029704,0.05193170986029704,21e3187a25ce542a7fda12331f6df5573b7aa9cfb19c4d6a1242f48e9ab77257,bc1fd3ebe710245a2b56359c12a723983a1561bde63e3b0b4bb20f0fbc68479e,fae9b80b4b9bbecd172da441f7a298732dc4ec9c5fd56650a16ee48bf4f2164a,c3a0cabd7487508470d585545f7b6a856897b0410105302f1b4d5c12944c190d,0.4691231249962584
6,parity,1.0,0.01,r6_parity_sigma1_lr0.01,116,ok,,0.5927537031812966,6.257501186381327,66,1.0,0.055727932045968535,0.055727932045968535,0.055727932045968535,b240340bda42b13e461b839e854e8931eb9b197c11fad589d1f07877b5a6c105,9cd885e5773e1a61573e6e4ab8e32f5435362a42796d8eff0025ba8c01455816,67eaeaae05cc33550f061649f99bb92951375c55491458d36e2f1c224114a8b1,0d285e8573294ff0f8d626c9d7c79b1ffa6d14fb3071ba7be902aa48627a1c7e,0.47130695799569366
6,parity,1.0,0.01,r6_parity_sigma1_lr0.01,117,ok,,0.5743885954658087,6.2403072648447075,66,1.0,0.0433534876964775,0.0433534876964775,0.0433534876964775,2ff937c83d36f7b3a5406c91e8755c50ce932575e34db68925452587b0ab77d6,402a25298a9acbc5abce157f274c26389cdb90f04be171fa07ccd19e6af98b90,6d2e8203ab09f7481803ba6cac1d0fef11989f0d29cc5ddaeca62054fed6f238,32821079a74fe63f445d951a557ad18447fced01821fc77b6b8d137d2fe48881,0.47022104100324214
6,parity,1.0,0.01,r6_parity_sigma1_lr0.01,118,ok,,0.4836839965513945,6.227173734668147,66,1.0,0.055685121678285675,0.055685121678285675,0.055685121678285675,f9372f8f74b3a18b86f9a9dd960278381003e836073cde71119d3b892dde9434,cbba1f67e2c26a1f241163d14c4d955aa93c178f38e5f65ab484b62775596dbb,3672d037714419789c221c8c7564a09d4bd2e60bbf08a0fa3cd13f9a40a45c57,ffdd2708cda2855a18fd4a81398631fadb59f1610b8dd3d36eefe8f678572c16,0.4734269580003456
6,parity,1.0,0.01,r6_parity_sigma1_lr0.01,119,ok,,0.537947077128529,6.15353046542771,66,1.0,0.0413334143239617,0.0413334143239617,0.0413334143239617,9cc5a5818d004f0f1492c246ba3ab8685b2df3f7dfd15cdf113ebebec42d8dee,f94f9210ef1ff1dfbe682a6006a492d2d383f30e3f71941cdb5c0b2c8319d6f5,a56289775eec0ce432a321db146cf9b88569ccab3daaa3aefaeb57ea0050cb73,01bf4e2b10f88360652600d185a9d719f05502f25f089d70da96eafa7fe4dfe3,0.4690905829993426
6,parity,1.0,0.01,r6_parity_sigma1_lr0.01,120,ok,,0.4419274916167417,6.141429910276226,66,1.0,0.05180767363577551,0.05180767363577551,0.05180767363577551,69e5aaf107b63f46b6b057dfe99d3189e4f485b9649136f1718f398f646e43c6,4939936f888881fec7dcaaa22bdc939f3e13b0069e4581c8b191c627c7ad6d41,be8ede604a893ee87034e6fb596cea91ea3be8f191d448807bebae1ef6fbfe79,dff4b17a330f664ec4d31f507c7603e7842ac94d65226c760d6e78cfa953aeb7,0.46875645899854135
6,parity,1.0,0.02,r6_parity_sigma1_lr0.02,111,ok,,0.4765127371937308,6.255566673350441,66,1.0,0.054361561267022324,0.054361561267022324,0.054361561267022324,6f4599f803588363f7f3f06a30082972087391773f80fd6d7eb3eadc6484859e,922c88498695bd4cd2bce85cb58cec5948b0b2180f15c65c83fd8961fa62e3fc,46ec6552ea8abd2c67a85ebf993bb74a1984e0f557904f8a35ae4eb6d2b596da,ff013eda1d426d67006a334f6583897c614d689f5823b14c442be63e78bb3962,0.4728157080025994
6,parity,1.0,0.02,r6_parity_sigma1_lr0.02,112,ok,,0.5185123604803675,6.195993257942262,66,1.0,0.058495261310798574,0.058495261310798574,0.058495261310798574,23158049f8a287709543a55b89f8943218b08cba397a67e034633640e70c99f6,4f0dfaf22fde2be953d09f6d5e1d430f855a074012b1744b4581503ac11ff36c,b0126d22db14df8032614d0be237f7ba7f8faae015df79310d48a47a7e019709,3dd0b47c3c1ce23069083c16d0c2272714da54db5025db5646fd1228b010a5e8,0.4749322080024285
6,parity,1.0,0.02,r6_parity_sigma1_lr0.02,113,ok,,0.4289315772000517,6.021771143991502,66,1.0,0.06311985567253689,0.06311985567253689,0.06311985567253689,1130bcd06d370ab57f1bc3a67409c755b267648b80a0f46e840060bb010d3ab8,191c09e53d0a687f6cad40fa2d14867ca63354cc5fb8b3e5cd829abf5c3cde96,494a09d0cb32c8fd575150abd91ad12074451b075c550159cd5a0edda3ce9c1b,db95c591d5ad7a1f08531cf0e04985b931fc730f28e8ed47b8c7c5d8ecd8db0c,0.4708628750013304
6,parity,1.0,0.02,r6_parity_sigma1_lr0.02,114,ok,,0.5459655816660096,6.189892992988894,66,1.0,0.049696729279832826,0.049696729279832826,0.049696729279832826,c8a7a565f4c34afcedf377bd8a33aee023bbafec99430b278d5183f906311b3e,3e40fb00f0d7336f12289747d25109e06baa7865eaf0c7dd6f89a85970ed7fd9,9fc9306ab4737b5804dc59a07264243c6abc622ca16efa0cd4d6bddf38b05e36,52ceac77e1e0c99a5de90b23d52d3e2f15eb08da92d5b6842d3e92834a138f22,0.4707917920022737
6,parity,1.0,0.02,r6_parity_sigma1_lr0.02,115,ok,,0.46466115439994277,6.066675499930119,66,1.0,0.05193170986029704,0.05193170986029704,0.05193170986029704,21e3187a25ce542a7fda12331f6df5573b7aa9cfb19c4d6a1242f48e9ab77257,bc1fd3ebe710245a2b56359c12a723983a1561bde63e3b0b4bb20f0fbc68479e,fae9b80b4b9bbecd172da441f7a298732dc4ec9c5fd56650a16ee48bf4f2164a,c3a0cabd7487508470d585545f7b6a856897b0410105302f1b4d5c12944c190d,0.4722062920045573
6,parity,1.0,0.02,r6_parity_sigma1_lr0.02,116,ok,,0.5742852290739975,6.22784828477261,66,1.0,0.055727932045968535,0.055727932045968535,0.055727932045968535,b240340bda42b13e461b839e854e8931eb9b197c11fad589d1f07877b5a6c105,9cd885e5773e1a61573e6e4ab8e32f5435362a42796d8eff0025ba8c01455816,67eaeaae05cc33550f061649f99bb92951375c55491458d36e2f1c224114a8b1,0d285e8573294ff0f8d626c9d7c79b1ffa6d14fb3071ba7be902aa48627a1c7e,0.47522570800356334
6,parity,1.0,0.02,r6_parity_sigma1_lr0.02,117,ok,,0.48711670006033436,6.133303127004813,66,1.0,0.0433534876964775,0.0433534876964775,0.0433534876964775,2ff937c83d36f7b3a5406c91e8755c50ce932575e34db68925452587b0ab77d6,402a25298a9acbc5abce157f274c26389cdb90f04be171fa07ccd19e6af98b90,6d2e8203ab09f7481803ba6cac1d0fef11989f0d29cc5ddaeca62054fed6f238,32821079a74fe63f445d951a557ad18447fced01821fc77b6b8d137d2fe48881,0.47039466699789045
6,parity,1.0,0.02,r6_parity_sigma1_lr0.02,118,ok,,0.42919440955347876,6.14046570063123,66,1.0,0.055685121678285675,0.055685121678285675,0.055685121678285675,f9372f8f74b3a18b86f9a9dd960278381003e836073cde71119d3b892dde9434,cbba1f67e2c26a1f241163d14c4d955aa93c178f38e5f65ab484b62775596dbb,3672d037714419789c221c8c7564a09d4bd2e60bbf08a0fa3cd13f9a40a45c57,ffdd2708cda2855a18fd4a81398631fadb59f1610b8dd3d36eefe8f678572c16,0.46916562499973224
6,parity,1.0,0.02,r6_parity_sigma1_lr0.02,119,ok,,0.43456553235108386,6.0507198217456315,66,1.0,0.0413334143239617,0.0413334143239617,0.0413334143239617,9cc5a5818d004f0f1492c246ba3ab8685b2df3f7dfd15cdf113ebebec42d8dee,f94f9210ef1ff1dfbe682a6006a492d2d383f30e3f71941cdb5c0b2c8319d6f5,a56289775eec0ce432a321db146cf9b88569ccab3daaa3aefaeb57ea0050cb73,01bf4e2b10f88360652600d185a9d719f05502f25f089d70da96eafa7fe4dfe3,0.47366929199779406
6,parity,1.0,0.02,r6_parity_sigma1_lr0.02,120,ok,,0.32988527667894496,6.021308240894923,66,1.0,0.05180767363577551,0.05180767363577551,0.05180767363577551,69e5aaf107b63f46b6b057dfe99d3189e4f485b9649136f1718f398f646e43c6,4939936f888881fec7dcaaa22bdc939f3e13b0069e4581c8b191c627c7ad6d41,be8ede604a893ee87034e6fb596cea91ea3be8f191d448807bebae1ef6fbfe79,dff4b17a330f664ec4d31f507c7603e7842ac94d65226c760d6e78cfa953aeb7,0.47231925000232877
6,parity,1.0,0.05,r6_parity_sigma1_lr0.05,111,ok,,0.4708160590252318,6.241792065546686,66,1.0,0.054361561267022324,0.054361561267022324,0.054361561267022324,6f4599f803588363f7f3f06a30082972087391773f80fd6d7eb3eadc6484859e,922c88498695bd4cd2bce85cb58cec5948b0b2180f15c65c83fd8961fa62e3fc,46ec6552ea8abd2c67a85ebf993bb74a1984e0f557904f8a35ae4eb6d2b596da,ff013eda1d426d67006a334f6583897c614d689f5823b14c442be63e78bb3962,0.4715020840012585
6,parity,1.0,0.05,r6_parity_sigma1_lr0.05,112,ok,,0.37391056062438477,6.015519640370045,66,1.0,0.058495261310798574,0.058495261310798574,0.058495261310798574,23158049f8a287709543a55b89f8943218b08cba397a67e034633640e70c99f6,4f0dfaf22fde2be953d09f6d5e1d430f855a074012b1744b4581503ac11ff36c,b0126d22db14df8032614d0be237f7ba7f8faae015df79310d48a47a7e019709,3dd0b47c3c1ce23069083c16d0c2272714da54db5025db5646fd1228b010a5e8,0.4698290829983307
6,parity,1.0,0.05,r6_parity_sigma1_lr0.05,113,ok,,0.36550856126952835,5.977240877325521,66,1.0,0.06311985567253689,0.06311985567253689,0.06311985567253689,1130bcd06d370ab57f1bc3a67409c755b267648b80a0f46e840060bb010d3ab8,191c09e53d0a687f6cad40fa2d14867ca63354cc5fb8b3e5cd829abf5c3cde96,494a09d0cb32c8fd575150abd91ad12074451b075c550159cd5a0edda3ce9c1b,db95c591d5ad7a1f08531cf0e04985b931fc730f28e8ed47b8c7c5d8ecd8db0c,0.47529891599697294
6,parity,1.0,0.05,r6_parity_sigma1_lr0.05,114,ok,,0.5267931646504636,6.200189803967894,66,1.0,0.049696729279832826,0.049696729279832826,0.049696729279832826,c8a7a565f4c34afcedf377bd8a33aee023bbafec99430b278d5183f906311b3e,3e40fb00f0d7336f12289747d25109e06baa7865eaf0c7dd6f89a85970ed7fd9,9fc9306ab4737b5804dc59a07264243c6abc622ca16efa0cd4d6bddf38b05e36,52ceac77e1e0c99a5de90b23d52d3e2f15eb08da92d5b6842d3e92834a138f22,0.4725614589988254
6,parity,1.0,0.05,r6_parity_sigma1_lr0.05,115,ok,,0.42546113171625577,5.994311832756388,66,1.0,0.05193170986029704,0.05193170986029704,0.05193170986029704,21e3187a25ce542a7fda12331f6df5573b7aa9cfb19c4d6a1242f48e9ab77257,bc1fd3ebe710245a2b56359c12a723983a1561bde63e3b0b4bb20f0fbc68479e,fae9b80b4b9bbecd172da441f7a298732dc4ec9c5fd56650a16ee48bf4f2164a,c3a0cabd7487508470d585545f7b6a856897b0410105302f1b4d5c12944c190d,0.4684272919985233
6,parity,1.0,0.05,r6_parity_sigma1_lr0.05,116,ok,,0.39711301597246207,6.086873976996619,66,1.0,0.055727932045968535,0.055727932045968535,0.055727932045968535,b240340bda42b13e461b839e854e8931eb9b197c11fad589d1f07877b5a6c105,9cd885e5773e1a61573e6e4ab8e32f5435362a42796d8eff0025ba8c01455816,67eaeaae05cc33550f061649f99bb92951375c55491458d36e2f1c224114a8b1,0d285e8573294ff0f8d626c9d7c79b1ffa6d14fb3071ba7be902aa48627a1c7e,0.46989141700032633
6,parity,1.0,0.05,r6_parity_sigma1_lr0.05,117,ok,,0.4510233302978417,6.120814449736027,66,1.0,0.0433534876964775,0.0433534876964775,0.0433534876964775,2ff937c83d36f7b3a5406c91e8755c50ce932575e34db68925452587b0ab77d6,402a25298a9acbc5abce157f274c26389cdb90f04be171fa07ccd19e6af98b90,6d2e8203ab09f7481803ba6cac1d0fef11989f0d29cc5ddaeca62054fed6f238,32821079a74fe63f445d951a557ad18447fced01821fc77b6b8d137d2fe48881,0.4723572079965379
6,parity,1.0,0.05,r6_parity_sigma1_lr0.05,118,ok,,0.4384121068146009,6.168164224910572,66,1.0,0.055685121678285675,0.055685121678285675,0.055685121678285675,f9372f8f74b3a18b86f9a9dd960278381003e836073cde71119d3b892dde9434,cbba1f67e2c26a1f241163d14c4d955aa93c178f38e5f65ab484b62775596dbb,3672d037714419789c221c8c7564a09d4bd2e60bbf08a0fa3cd13f9a40a45c57,ffdd2708cda2855a18fd4a81398631fadb59f1610b8dd3d36eefe8f678572c16,0.47376283300400246
6,parity,1.0,0.05,r6_parity_sigma1_lr0.05,119,ok,,0.42052205336890364,5.996230201045642,66,1.0,0.0413334143239617,0.0413334143239617,0.0413334143239617,9cc5a5818d004f0f1492c246ba3ab8685b2df3f7dfd15cdf113ebebec42d8dee,f94f9210ef1ff1dfbe682a6006a492d2d383f30e3f71941cdb5c0b2c8319d6f5,a56289775eec0ce432a321db146cf9b88569ccab3daaa3aefaeb57ea0050cb73,01bf4e2b10f88360652600d185a9d719f05502f25f089d70da96eafa7fe4dfe3,0.4693414580033277
6,parity,1.0,0.05,r6_parity_sigma1_lr0.05,120,ok,,0.33923391918438894,6.038944064121213,66,1.0,0.05180767363577551,0.05180767363577551,0.05180767363577551,69e5aaf107b63f46b6b057dfe99d3189e4f485b9649136f1718f398f646e43c6,4939936f888881fec7dcaaa22bdc939f3e13b0069e4581c8b191c627c7ad6d41,be8ede604a893ee87034e6fb596cea91ea3be8f191d448807bebae1ef6fbfe79,dff4b17a330f664ec4d31f507c7603e7842ac94d65226c760d6e78cfa953aeb7,0.46953216700057965
6,parity,1.0,0.1,r6_parity_sigma1_lr0.1,111,ok,,0.4619947892670574,6.224965798903053,66,1.0,0.054361561267022324,0.054361561267022324,0.054361561267022324,6f4599f803588363f7f3f06a30082972087391773f80fd6d7eb3eadc6484859e,922c88498695bd4cd2bce85cb58cec5948b0b2180f15c65c83fd8961fa62e3fc,46ec6552ea8abd2c67a85ebf993bb74a1984e0f557904f8a35ae4eb6d2b596da,ff013eda1d426d67006a334f6583897c614d689f5823b14c442be63e78bb3962,0.4768717920014751
6,parity,1.0,0.1,r6_parity_sigma1_lr0.1,112,ok,,0.43000011154221063,6.06356543291586,66,1.0,0.058495261310798574,0.058495261310798574,0.058495261310798574,23158049f8a287709543a55b89f8943218b08cba397a67e034633640e70c99f6,4f0dfaf22fde2be953d09f6d5e1d430f855a074012b1744b4581503ac11ff36c,b0126d22db14df8032614d0be237f7ba7f8faae015df79310d48a47a7e019709,3dd0b47c3c1ce23069083c16d0c2272714da54db5025db5646fd1228b010a5e8,0.47363408399542095
6,parity,1.0,0.1,r6_parity_sigma1_lr0.1,113,ok,,0.40601566104059705,6.0103979617195105,66,1.0,0.06311985567253689,0.06311985567253689,0.06311985567253689,1130bcd06d370ab57f1bc3a67409c755b267648b80a0f46e840060bb010d3ab8,191c09e53d0a687f6cad40fa2d14867ca63354cc5fb8b3e5cd829abf5c3cde96,494a09d0cb32c8fd575150abd91ad12074451b075c550159cd5a0edda3ce9c1b,db95c591d5ad7a1f08531cf0e04985b931fc730f28e8ed47b8c7c5d8ecd8db0c,0.47013395900285104
6,parity,1.0,0.1,r6_parity_sigma1_lr0.1,114,ok,,0.500271637785082,6.1748055252399805,66,1.0,0.049696729279832826,0.049696729279832826,0.049696729279832826,c8a7a565f4c34afcedf377bd8a33aee023bbafec99430b278d5183f906311b3e,3e40fb00f0d7336f12289747d25109e06baa7865eaf0c7dd6f89a85970ed7fd9,9fc9306ab4737b5804dc59a07264243c6abc622ca16efa0cd4d6bddf38b05e36,52ceac77e1e0c99a5de90b23d52d3e2f15eb08da92d5b6842d3e92834a138f22,0.47114212500309804
6,parity,1.0,0.1,r6_parity_sigma1_lr0.1,115,ok,,0.43925704028817303,6.0411640291443,66,1.0,0.05193170986029704,0.05193170986029704,0.05193170986029704,21e3187a25ce542a7fda12331f6df5573b7aa9cfb19c4d6a1242f48e9ab77257,bc1fd3ebe710245a2b56359c12a723983a1561bde63e3b0b4bb20f0fbc68479e,fae9b80b4b9bbecd172da441f7a298732dc4ec9c5fd56650a16ee48bf4f2164a,c3a0cabd7487508470d585545f7b6a856897b0410105302f1b4d5c12944c190d,0.47362358400278026
6,parity,1.0,0.1,r6_parity_sigma1_lr0.1,116,ok,,0.38472296941957096,6.054873125608902,66,1.0,0.055727932045968535,0.055727932045968535,0.055727932045968535,b240340bda42b13e461b839e854e8931eb9b197c11fad589d1f07877b5a6c105,9cd885e5773e1a61573e6e4ab8e32f5435362a42796d8eff0025ba8c01455816,67eaeaae05cc33550f061649f99bb92951375c55491458d36e2f1c224114a8b1,0d285e8573294ff0f8d626c9d7c79b1ffa6d14fb3071ba7be902aa48627a1c7e,0.4741397919933661
6,parity,1.0,0.1,r6_parity_sigma1_lr0.1,117,ok,,0.4342879889295599,6.099318808269509,66,1.0,0.0433534876964775,0.0433534876964775,0.0433534876964775,2ff937c83d36f7b3a5406c91e8755c50ce932575e34db68925452587b0ab77d6,402a25298a9acbc5abce157f274c26389cdb90f04be171fa07ccd19e6af98b90,6d2e8203ab09f7481803ba6cac1d0fef11989f0d29cc5ddaeca62054fed6f238,32821079a74fe63f445d951a557ad18447fced01821fc77b6b8d137d2fe48881,0.4698816660020384
6,parity,1.0,0.1,r6_parity_sigma1_lr0.1,118,ok,,0.339345687868262,6.089155861592658,66,1.0,0.055685121678285675,0.055685121678285675,0.055685121678285675,f9372f8f74b3a18b86f9a9dd960278381003e836073cde71119d3b892dde9434,cbba1f67e2c26a1f241163d14c4d955aa93c178f38e5f65ab484b62775596dbb,3672d037714419789c221c8c7564a09d4bd2e60bbf08a0fa3cd13f9a40a45c57,ffdd2708cda2855a18fd4a81398631fadb59f1610b8dd3d36eefe8f678572c16,0.47022458400169853
6,parity,1.0,0.1,r6_parity_sigma1_lr0.1,119,ok,,0.46263491191767986,6.077010561580676,66,1.0,0.0413334143239617,0.0413334143239617,0.0413334143239617,9cc5a5818d004f0f1492c246ba3ab8685b2df3f7dfd15cdf113ebebec42d8dee,f94f9210ef1ff1dfbe682a6006a492d2d383f30e3f71941cdb5c0b2c8319d6f5,a56289775eec0ce432a321db146cf9b88569ccab3daaa3aefaeb57ea0050cb73,01bf4e2b10f88360652600d185a9d719f05502f25f089d70da96eafa7fe4dfe3,0.4730406669987133
6,parity,1.0,0.1,r6_parity_sigma1_lr0.1,120,ok,,0.34800196928861715,6.06106317196496,66,1.0,0.05180767363577551,0.05180767363577551,0.05180767363577551,69e5aaf107b63f46b6b057dfe99d3189e4f485b9649136f1718f398f646e43c6,4939936f888881fec7dcaaa22bdc939f3e13b0069e4581c8b191c627c7ad6d41,be8ede604a893ee87034e6fb596cea91ea3be8f191d448807bebae1ef6fbfe79,dff4b17a330f664ec4d31f507c7603e7842ac94d65226c760d6e78cfa953aeb7,0.4749304579963791
6,parity,1.0,0.2,r6_parity_sigma1_lr0.2,111,ok,,0.5454839399358182,6.306243611951613,66,1.0,0.054361561267022324,0.054361561267022324,0.054361561267022324,6f4599f803588363f7f3f06a30082972087391773f80fd6d7eb3eadc6484859e,922c88498695bd4cd2bce85cb58cec5948b0b2180f15c65c83fd8961fa62e3fc,46ec6552ea8abd2c67a85ebf993bb74a1984e0f557904f8a35ae4eb6d2b596da,ff013eda1d426d67006a334f6583897c614d689f5823b14c442be63e78bb3962,0.47085358400363475
6,parity,1.0,0.2,r6_parity_sigma1_lr0.2,112,ok,,0.3704114743774919,6.029663347758232,66,1.0,0.058495261310798574,0.058495261310798574,0.058495261310798574,23158049f8a287709543a55b89f8943218b08cba397a67e034633640e70c99f6,4f0dfaf22fde2be953d09f6d5e1d430f855a074012b1744b4581503ac11ff36c,b0126d22db14df8032614d0be237f7ba7f8faae015df79310d48a47a7e019709,3dd0b47c3c1ce23069083c16d0c2272714da54db5025db5646fd1228b010a5e8,0.46902387499721954
6,parity,1.0,0.2,r6_parity_sigma1_lr0.2,113,ok,,1.7259184810181527,7.291939270866917,66,1.0,0.06311985567253689,0.06311985567253689,0.06311985567253689,1130bcd06d370ab57f1bc3a67409c755b267648b80a0f46e840060bb010d3ab8,191c09e53d0a687f6cad40fa2d14867ca63354cc5fb8b3e5cd829abf5c3cde96,494a09d0cb32c8fd575150abd91ad12074451b075c550159cd5a0edda3ce9c1b,db95c591d5ad7a1f08531cf0e04985b931fc730f28e8ed47b8c7c5d8ecd8db0c,0.47222612499899697
6,parity,1.0,0.2,r6_parity_sigma1_lr0.2,114,ok,,1.4800762954561524,7.139804432093465,66,1.0,0.049696729279832826,0.049696729279832826,0.049696729279832826,c8a7a565f4c34afcedf377bd8a33aee023bbafec99430b278d5183f906311b3e,3e40fb00f0d7336f12289747d25109e06baa7865eaf0c7dd6f89a85970ed7fd9,9fc9306ab4737b5804dc59a07264243c6abc622ca16efa0cd4d6bddf38b05e36,52ceac77e1e0c99a5de90b23d52d3e2f15eb08da92d5b6842d3e92834a138f22,0.47476220799580915
6,parity,1.0,0.2,r6_parity_sigma1_lr0.2,115,ok,,1.4898017474226863,7.0381444646747475,66,1.0,0.05193170986029704,0.05193170986029704,0.05193170986029704,21e3187a25ce542a7fda12331f6df5573b7aa9cfb19c4d6a1242f48e9ab77257,bc1fd3ebe710245a2b56359c12a723983a1561bde63e3b0b4bb20f0fbc68479e,fae9b80b4b9bbecd172da441f7a298732dc4ec9c5fd56650a16ee48bf4f2164a,c3a0cabd7487508470d585545f7b6a856897b0410105302f1b4d5c12944c190d,0.47078891600540373
6,parity,1.0,0.2,r6_parity_sigma1_lr0.2,116,ok,,0.4098040651597434,6.086406187942892,66,1.0,0.055727932045968535,0.055727932045968535,0.055727932045968535,b240340bda42b13e461b839e854e8931eb9b197c11fad589d1f07877b5a6c105,9cd885e5773e1a61573e6e4ab8e32f5435362a42796d8eff0025ba8c01455816,67eaeaae05cc33550f061649f99bb92951375c55491458d36e2f1c224114a8b1,0d285e8573294ff0f8d626c9d7c79b1ffa6d14fb3071ba7be902aa48627a1c7e,0.4683636670015403
6,parity,1.0,0.2,r6_parity_sigma1_lr0.2,117,ok,,1.473169065583477,7.128451177079588,66,1.0,0.0433534876964775,0.0433534876964775,0.0433534876964775,2ff937c83d36f7b3a5406c91e8755c50ce932575e34db68925452587b0ab77d6,402a25298a9acbc5abce157f274c26389cdb90f04be171fa07ccd19e6af98b90,6d2e8203ab09f7481803ba6cac1d0fef11989f0d29cc5ddaeca62054fed6f238,32821079a74fe63f445d951a557ad18447fced01821fc77b6b8d137d2fe48881,0.47387520899792435
6,parity,1.0,0.2,r6_parity_sigma1_lr0.2,118,ok,,0.3761351394102181,6.1089093868559265,66,1.0,0.055685121678285675,0.055685121678285675,0.055685121678285675,f9372f8f74b3a18b86f9a9dd960278381003e836073cde71119d3b892dde9434,cbba1f67e2c26a1f241163d14c4d955aa93c178f38e5f65ab484b62775596dbb,3672d037714419789c221c8c7564a09d4bd2e60bbf08a0fa3cd13f9a40a45c57,ffdd2708cda2855a18fd4a81398631fadb59f1610b8dd3d36eefe8f678572c16,0.477202166999632
6,parity,1.0,0.2,r6_parity_sigma1_lr0.2,119,ok,,0.4784215931835048,6.076436769453144,66,1.0,0.0413334143239617,0.0413334143239617,0.0413334143239617,9cc5a5818d004f0f1492c246ba3ab8685b2df3f7dfd15cdf113ebebec42d8dee,f94f9210ef1ff1dfbe682a6006a492d2d383f30e3f71941cdb5c0b2c8319d6f5,a56289775eec0ce432a321db146cf9b88569ccab3daaa3aefaeb57ea0050cb73,01bf4e2b10f88360652600d185a9d719f05502f25f089d70da96eafa7fe4dfe3,0.4724755829956848
6,parity,1.0,0.2,r6_parity_sigma1_lr0.2,120,ok,,0.404957333985954,6.121645239308917,66,1.0,0.05180767363577551,0.05180767363577551,0.05180767363577551,69e5aaf107b63f46b6b057dfe99d3189e4f485b9649136f1718f398f646e43c6,4939936f888881fec7dcaaa22bdc939f3e13b0069e4581c8b191c627c7ad6d41,be8ede604a893ee87034e6fb596cea91ea3be8f191d448807bebae1ef6fbfe79,dff4b17a330f664ec4d31f507c7603e7842ac94d65226c760d6e78cfa953aeb7,0.47348349999811035
6,spherical,1.0,0.005,r6_spherical_sigma1_lr0.005,111,ok,,0.6070330454067069,6.3344261069812635,66,171.85824014237585,0.000316316291974051,0.054361561267022324,0.054361561267022324,6f4599f803588363f7f3f06a30082972087391773f80fd6d7eb3eadc6484859e,922c88498695bd4cd2bce85cb58cec5948b0b2180f15c65c83fd8961fa62e3fc,46ec6552ea8abd2c67a85ebf993bb74a1984e0f557904f8a35ae4eb6d2b596da,ff013eda1d426d67006a334f6583897c614d689f5823b14c442be63e78bb3962,0.37593766700592823
6,spherical,1.0,0.005,r6_spherical_sigma1_lr0.005,112,ok,,0.5210558042816601,6.134222138606388,66,84.53077194999443,0.0006919996110458143,0.058495261310798574,0.058495261310798574,23158049f8a287709543a55b89f8943218b08cba397a67e034633640e70c99f6,4f0dfaf22fde2be953d09f6d5e1d430f855a074012b1744b4581503ac11ff36c,b0126d22db14df8032614d0be237f7ba7f8faae015df79310d48a47a7e019709,3dd0b47c3c1ce23069083c16d0c2272714da54db5025db5646fd1228b010a5e8,0.3773832079968997
6,spherical,1.0,0.005,r6_spherical_sigma1_lr0.005,113,ok,,0.54023369288158,6.158883061437022,66,53.05431965777215,0.0011897213286249388,0.06311985567253689,0.06311985567253689,1130bcd06d370ab57f1bc3a67409c755b267648b80a0f46e840060bb010d3ab8,191c09e53d0a687f6cad40fa2d14867ca63354cc5fb8b3e5cd829abf5c3cde96,494a09d0cb32c8fd575150abd91ad12074451b075c550159cd5a0edda3ce9c1b,db95c591d5ad7a1f08531cf0e04985b931fc730f28e8ed47b8c7c5d8ecd8db0c,0.37703049999981886
6,spherical,1.0,0.005,r6_spherical_sigma1_lr0.005,114,ok,,0.5270825304511618,6.206735453120334,66,144.3296775722971,0.00034432786184905676,0.049696729279832826,0.04969672927983282,c8a7a565f4c34afcedf377bd8a33aee023bbafec99430b278d5183f906311b3e,3e40fb00f0d7336f12289747d25109e06baa7865eaf0c7dd6f89a85970ed7fd9,9fc9306ab4737b5804dc59a07264243c6abc622ca16efa0cd4d6bddf38b05e36,52ceac77e1e0c99a5de90b23d52d3e2f15eb08da92d5b6842d3e92834a138f22,0.3823114999977406
6,spherical,1.0,0.005,r6_spherical_sigma1_lr0.005,115,ok,,0.6796281237978977,6.250116737513964,66,57.66502383156555,0.0009005755379896311,0.05193170986029704,0.05193170986029704,21e3187a25ce542a7fda12331f6df5573b7aa9cfb19c4d6a1242f48e9ab77257,bc1fd3ebe710245a2b56359c12a723983a1561bde63e3b0b4bb20f0fbc68479e,fae9b80b4b9bbecd172da441f7a298732dc4ec9c5fd56650a16ee48bf4f2164a,c3a0cabd7487508470d585545f7b6a856897b0410105302f1b4d5c12944c190d,0.3797525840054732
6,spherical,1.0,0.005,r6_spherical_sigma1_lr0.005,116,ok,,0.607631638949774,6.284729498709638,66,71.02561172954579,0.0007846174174207977,0.055727932045968535,0.055727932045968535,b240340bda42b13e461b839e854e8931eb9b197c11fad589d1f07877b5a6c105,9cd885e5773e1a61573e6e4ab8e32f5435362a42796d8eff0025ba8c01455816,67eaeaae05cc33550f061649f99bb92951375c55491458d36e2f1c224114a8b1,0d285e8573294ff0f8d626c9d7c79b1ffa6d14fb3071ba7be902aa48627a1c7e,0.37921574999927543
6,spherical,1.0,0.005,r6_spherical_sigma1_lr0.005,117,ok,,0.6251780896683613,6.269649324966409,66,45.324721581647374,0.0009565086377503958,0.0433534876964775,0.0433534876964775,2ff937c83d36f7b3a5406c91e8755c50ce932575e34db68925452587b0ab77d6,402a25298a9acbc5abce157f274c26389cdb90f04be171fa07ccd19e6af98b90,6d2e8203ab09f7481803ba6cac1d0fef11989f0d29cc5ddaeca62054fed6f238,32821079a74fe63f445d951a557ad18447fced01821fc77b6b8d137d2fe48881,0.3757557920034742
6,spherical,1.0,0.005,r6_spherical_sigma1_lr0.005,118,ok,,0.5219495882568334,6.232930008961529,66,70.50661094522388,0.0007897858219500449,0.055685121678285675,0.055685121678285675,f9372f8f74b3a18b86f9a9dd960278381003e836073cde71119d3b892dde9434,cbba1f67e2c26a1f241163d14c4d955aa93c178f38e5f65ab484b62775596dbb,3672d037714419789c221c8c7564a09d4bd2e60bbf08a0fa3cd13f9a40a45c57,ffdd2708cda2855a18fd4a81398631fadb59f1610b8dd3d36eefe8f678572c16,0.381852082995465
6,spherical,1.0,0.005,r6_spherical_sigma1_lr0.005,119,ok,,0.6169798801914962,6.239611822090005,66,94.57299345580786,0.00043705304034048585,0.0413334143239617,0.0413334143239617,9cc5a5818d004f0f1492c246ba3ab8685b2df3f7dfd15cdf113ebebec42d8dee,f94f9210ef1ff1dfbe682a6006a492d2d383f30e3f71941cdb5c0b2c8319d6f5,a56289775eec0ce432a321db146cf9b88569ccab3daaa3aefaeb57ea0050cb73,01bf4e2b10f88360652600d185a9d719f05502f25f089d70da96eafa7fe4dfe3,0.38275316599902
6,spherical,1.0,0.005,r6_spherical_sigma1_lr0.005,120,ok,,0.5587343306148032,6.213762582397176,66,67.21245236249135,0.0007708046919098484,0.05180767363577551,0.0518076736357755,69e5aaf107b63f46b6b057dfe99d3189e4f485b9649136f1718f398f646e43c6,4939936f888881fec7dcaaa22bdc939f3e13b0069e4581c8b191c627c7ad6d41,be8ede604a893ee87034e6fb596cea91ea3be8f191d448807bebae1ef6fbfe79,dff4b17a330f664ec4d31f507c7603e7842ac94d65226c760d6e78cfa953aeb7,0.377207500001532
6,spherical,1.0,0.01,r6_spherical_sigma1_lr0.01,111,ok,,0.4846054738391593,6.233950258198123,66,171.85824014237585,0.000316316291974051,0.054361561267022324,0.054361561267022324,6f4599f803588363f7f3f06a30082972087391773f80fd6d7eb3eadc6484859e,922c88498695bd4cd2bce85cb58cec5948b0b2180f15c65c83fd8961fa62e3fc,46ec6552ea8abd2c67a85ebf993bb74a1984e0f557904f8a35ae4eb6d2b596da,ff013eda1d426d67006a334f6583897c614d689f5823b14c442be63e78bb3962,0.37906183299492113
6,spherical,1.0,0.01,r6_spherical_sigma1_lr0.01,112,ok,,0.5182431519559341,6.144602446369517,66,84.53077194999443,0.0006919996110458143,0.058495261310798574,0.058495261310798574,23158049f8a287709543a55b89f8943218b08cba397a67e034633640e70c99f6,4f0dfaf22fde2be953d09f6d5e1d430f855a074012b1744b4581503ac11ff36c,b0126d22db14df8032614d0be237f7ba7f8faae015df79310d48a47a7e019709,3dd0b47c3c1ce23069083c16d0c2272714da54db5025db5646fd1228b010a5e8,0.38145108400203753
6,spherical,1.0,0.01,r6_spherical_sigma1_lr0.01,113,ok,,0.5293945635994374,6.110833758380848,66,53.05431965777215,0.0011897213286249388,0.06311985567253689,0.06311985567253689,1130bcd06d370ab57f1bc3a67409c755b267648b80a0f46e840060bb010d3ab8,191c09e53d0a687f6cad40fa2d14867ca63354cc5fb8b3e5cd829abf5c3cde96,494a09d0cb32c8fd575150abd91ad12074451b075c550159cd5a0edda3ce9c1b,db95c591d5ad7a1f08531cf0e04985b931fc730f28e8ed47b8c7c5d8ecd8db0c,0.3804467919981107
6,spherical,1.0,0.01,r6_spherical_sigma1_lr0.01,114,ok,,0.49274133260619685,6.182040943658752,66,144.3296775722971,0.00034432786184905676,0.049696729279832826,0.04969672927983282,c8a7a565f4c34afcedf377bd8a33aee023bbafec99430b278d5183f906311b3e,3e40fb00f0d7336f12289747d25109e06baa7865eaf0c7dd6f89a85970ed7fd9,9fc9306ab4737b5804dc59a07264243c6abc622ca16efa0cd4d6bddf38b05e36,52ceac77e1e0c99a5de90b23d52d3e2f15eb08da92d5b6842d3e92834a138f22,0.37561520799499704
6,spherical,1.0,0.01,r6_spherical_sigma1_lr0.01,115,ok,,0.5199774081979684,6.143768206897717,66,57.66502383156555,0.0009005755379896311,0.05193170986029704,0.05193170986029704,21e3187a25ce542a7fda12331f6df5573b7aa9cfb19c4d6a1242f48e9ab77257,bc1fd3ebe710245a2b56359c12a723983a1561bde63e3b0b4bb20f0fbc68479e,fae9b80b4b9bbecd172da441f7a298732dc4ec9c5fd56650a16ee48bf4f2164a,c3a0cabd7487508470d585545f7b6a856897b0410105302f1b4d5c12944c190d,0.37830041700362926
6,spherical,1.0,0.01,r6_spherical_sigma1_lr0.01,116,ok,,0.5223379457556968,6.197165420090687,66,71.02561172954579,0.0007846174174207977,0.055727932045968535,0.055727932045968535,b240340bda42b13e461b839e854e8931eb9b197c11fad589d1f07877b5a6c105,9cd885e5773e1a61573e6e4ab8e32f5435362a42796d8eff0025ba8c01455816,67eaeaae05cc33550f061649f99bb92951375c55491458d36e2f1c224114a8b1,0d285e8573294ff0f8d626c9d7c79b1ffa6d14fb3071ba7be902aa48627a1c7e,0.37906308400124544
6,spherical,1.0,0.01,r6_spherical_sigma1_lr0.01,117,ok,,0.5920122902431852,6.261605049611852,66,45.324721581647374,0.0009565086377503958,0.0433534876964775,0.0433534876964775,2ff937c83d36f7b3a5406c91e8755c50ce932575e34db68925452587b0ab77d6,402a25298a9acbc5abce157f274c26389cdb90f04be171fa07ccd19e6af98b90,6d2e8203ab09f7481803ba6cac1d0fef11989f0d29cc5ddaeca62054fed6f238,32821079a74fe63f445d951a557ad18447fced01821fc77b6b8d137d2fe48881,0.38228929199976847
6,spherical,1.0,0.01,r6_spherical_sigma1_lr0.01,118,ok,,0.3628070480190085,6.087332238761306,66,70.50661094522388,0.0007897858219500449,0.055685121678285675,0.055685121678285675,f9372f8f74b3a18b86f9a9dd960278381003e836073cde71119d3b892dde9434,cbba1f67e2c26a1f241163d14c4d955aa93c178f38e5f65ab484b62775596dbb,3672d037714419789c221c8c7564a09d4bd2e60bbf08a0fa3cd13f9a40a45c57,ffdd2708cda2855a18fd4a81398631fadb59f1610b8dd3d36eefe8f678572c16,0.37768583399883937
6,spherical,1.0,0.01,r6_spherical_sigma1_lr0.01,119,ok,,0.5081300727652583,6.115740187846699,66,94.57299345580786,0.00043705304034048585,0.0413334143239617,0.0413334143239617,9cc5a5818d004f0f1492c246ba3ab8685b2df3f7dfd15cdf113ebebec42d8dee,f94f9210ef1ff1dfbe682a6006a492d2d383f30e3f71941cdb5c0b2c8319d6f5,a56289775eec0ce432a321db146cf9b88569ccab3daaa3aefaeb57ea0050cb73,01bf4e2b10f88360652600d185a9d719f05502f25f089d70da96eafa7fe4dfe3,0.37800445800530724
6,spherical,1.0,0.01,r6_spherical_sigma1_lr0.01,120,ok,,0.45004631281656293,6.170069661552345,66,67.21245236249135,0.0007708046919098484,0.05180767363577551,0.0518076736357755,69e5aaf107b63f46b6b057dfe99d3189e4f485b9649136f1718f398f646e43c6,4939936f888881fec7dcaaa22bdc939f3e13b0069e4581c8b191c627c7ad6d41,be8ede604a893ee87034e6fb596cea91ea3be8f191d448807bebae1ef6fbfe79,dff4b17a330f664ec4d31f507c7603e7842ac94d65226c760d6e78cfa953aeb7,0.38371829200332286
6,spherical,1.0,0.02,r6_spherical_sigma1_lr0.02,111,ok,,0.4391666901097204,6.20823116801213,66,171.85824014237585,0.000316316291974051,0.054361561267022324,0.054361561267022324,6f4599f803588363f7f3f06a30082972087391773f80fd6d7eb3eadc6484859e,922c88498695bd4cd2bce85cb58cec5948b0b2180f15c65c83fd8961fa62e3fc,46ec6552ea8abd2c67a85ebf993bb74a1984e0f557904f8a35ae4eb6d2b596da,ff013eda1d426d67006a334f6583897c614d689f5823b14c442be63e78bb3962,0.3815224170029978
6,spherical,1.0,0.02,r6_spherical_sigma1_lr0.02,112,ok,,0.3844770645203974,5.999299494125554,66,84.53077194999443,0.0006919996110458143,0.058495261310798574,0.058495261310798574,23158049f8a287709543a55b89f8943218b08cba397a67e034633640e70c99f6,4f0dfaf22fde2be953d09f6d5e1d430f855a074012b1744b4581503ac11ff36c,b0126d22db14df8032614d0be237f7ba7f8faae015df79310d48a47a7e019709,3dd0b47c3c1ce23069083c16d0c2272714da54db5025db5646fd1228b010a5e8,0.37630208400514675
6,spherical,1.0,0.02,r6_spherical_sigma1_lr0.02,113,ok,,0.47206598696101354,6.059960036770027,66,53.05431965777215,0.0011897213286249388,0.06311985567253689,0.06311985567253689,1130bcd06d370ab57f1bc3a67409c755b267648b80a0f46e840060bb010d3ab8,191c09e53d0a687f6cad40fa2d14867ca63354cc5fb8b3e5cd829abf5c3cde96,494a09d0cb32c8fd575150abd91ad12074451b075c550159cd5a0edda3ce9c1b,db95c591d5ad7a1f08531cf0e04985b931fc730f28e8ed47b8c7c5d8ecd8db0c,0.3751202080020448
6,spherical,1.0,0.02,r6_spherical_sigma1_lr0.02,114,ok,,0.48302280937193975,6.17844636301488,66,144.3296775722971,0.00034432786184905676,0.049696729279832826,0.04969672927983282,c8a7a565f4c34afcedf377bd8a33aee023bbafec99430b278d5183f906311b3e,3e40fb00f0d7336f12289747d25109e06baa7865eaf0c7dd6f89a85970ed7fd9,9fc9306ab4737b5804dc59a07264243c6abc622ca16efa0cd4d6bddf38b05e36,52ceac77e1e0c99a5de90b23d52d3e2f15eb08da92d5b6842d3e92834a138f22,0.3819902089962852
6,spherical,1.0,0.02,r6_spherical_sigma1_lr0.02,115,ok,,0.6405541088258491,6.201665950371943,66,57.66502383156555,0.0009005755379896311,0.05193170986029704,0.05193170986029704,21e3187a25ce542a7fda12331f6df5573b7aa9cfb19c4d6a1242f48e9ab77257,bc1fd3ebe710245a2b56359c12a723983a1561bde63e3b0b4bb20f0fbc68479e,fae9b80b4b9bbecd172da441f7a298732dc4ec9c5fd56650a16ee48bf4f2164a,c3a0cabd7487508470d585545f7b6a856897b0410105302f1b4d5c12944c190d,0.380493500000739
6,spherical,1.0,0.02,r6_spherical_sigma1_lr0.02,116,ok,,0.42024951416761536,6.096411550426634,66,71.02561172954579,0.0007846174174207977,0.055727932045968535,0.055727932045968535,b240340bda42b13e461b839e854e8931eb9b197c11fad589d1f07877b5a6c105,9cd885e5773e1a61573e6e4ab8e32f5435362a42796d8eff0025ba8c01455816,67eaeaae05cc33550f061649f99bb92951375c55491458d36e2f1c224114a8b1,0d285e8573294ff0f8d626c9d7c79b1ffa6d14fb3071ba7be902aa48627a1c7e,0.3786182909971103
6,spherical,1.0,0.02,r6_spherical_sigma1_lr0.02,117,ok,,0.44754365105191873,6.105638396473778,66,45.324721581647374,0.0009565086377503958,0.0433534876964775,0.0433534876964775,2ff937c83d36f7b3a5406c91e8755c50ce932575e34db68925452587b0ab77d6,402a25298a9acbc5abce157f274c26389cdb90f04be171fa07ccd19e6af98b90,6d2e8203ab09f7481803ba6cac1d0fef11989f0d29cc5ddaeca62054fed6f238,32821079a74fe63f445d951a557ad18447fced01821fc77b6b8d137d2fe48881,0.3758150830035447
6,spherical,1.0,0.02,r6_spherical_sigma1_lr0.02,118,ok,,0.4264510812520578,6.1582897468677675,66,70.50661094522388,0.0007897858219500449,0.055685121678285675,0.055685121678285675,f9372f8f74b3a18b86f9a9dd960278381003e836073cde71119d3b892dde9434,cbba1f67e2c26a1f241163d14c4d955aa93c178f38e5f65ab484b62775596dbb,3672d037714419789c221c8c7564a09d4bd2e60bbf08a0fa3cd13f9a40a45c57,ffdd2708cda2855a18fd4a81398631fadb59f1610b8dd3d36eefe8f678572c16,0.3815728749978007
6,spherical,1.0,0.02,r6_spherical_sigma1_lr0.02,119,ok,,0.5006000205965506,6.137338011923861,66,94.57299345580786,0.00043705304034048585,0.0413334143239617,0.0413334143239617,9cc5a5818d004f0f1492c246ba3ab8685b2df3f7dfd15cdf113ebebec42d8dee,f94f9210ef1ff1dfbe682a6006a492d2d383f30e3f71941cdb5c0b2c8319d6f5,a56289775eec0ce432a321db146cf9b88569ccab3daaa3aefaeb57ea0050cb73,01bf4e2b10f88360652600d185a9d719f05502f25f089d70da96eafa7fe4dfe3,0.38081787500414066
6,spherical,1.0,0.02,r6_spherical_sigma1_lr0.02,120,ok,,0.40918797178079,6.1256672493543265,66,67.21245236249135,0.0007708046919098484,0.05180767363577551,0.0518076736357755,69e5aaf107b63f46b6b057dfe99d3189e4f485b9649136f1718f398f646e43c6,4939936f888881fec7dcaaa22bdc939f3e13b0069e4581c8b191c627c7ad6d41,be8ede604a893ee87034e6fb596cea91ea3be8f191d448807bebae1ef6fbfe79,dff4b17a330f664ec4d31f507c7603e7842ac94d65226c760d6e78cfa953aeb7,0.379454292000446
6,spherical,1.0,0.05,r6_spherical_sigma1_lr0.05,111,ok,,0.4372761491917313,6.201907764375991,66,171.85824014237585,0.000316316291974051,0.054361561267022324,0.054361561267022324,6f4599f803588363f7f3f06a30082972087391773f80fd6d7eb3eadc6484859e,922c88498695bd4cd2bce85cb58cec5948b0b2180f15c65c83fd8961fa62e3fc,46ec6552ea8abd2c67a85ebf993bb74a1984e0f557904f8a35ae4eb6d2b596da,ff013eda1d426d67006a334f6583897c614d689f5823b14c442be63e78bb3962,0.3799240419975831
6,spherical,1.0,0.05,r6_spherical_sigma1_lr0.05,112,ok,,0.3605460502488838,6.008027788300271,66,84.53077194999443,0.0006919996110458143,0.058495261310798574,0.058495261310798574,23158049f8a287709543a55b89f8943218b08cba397a67e034633640e70c99f6,4f0dfaf22fde2be953d09f6d5e1d430f855a074012b1744b4581503ac11ff36c,b0126d22db14df8032614d0be237f7ba7f8faae015df79310d48a47a7e019709,3dd0b47c3c1ce23069083c16d0c2272714da54db5025db5646fd1228b010a5e8,0.3816025830019498
6,spherical,1.0,0.05,r6_spherical_sigma1_lr0.05,113,ok,,0.4662654763670323,6.032119698273413,66,53.05431965777215,0.0011897213286249388,0.06311985567253689,0.06311985567253689,1130bcd06d370ab57f1bc3a67409c755b267648b80a0f46e840060bb010d3ab8,191c09e53d0a687f6cad40fa2d14867ca63354cc5fb8b3e5cd829abf5c3cde96,494a09d0cb32c8fd575150abd91ad12074451b075c550159cd5a0edda3ce9c1b,db95c591d5ad7a1f08531cf0e04985b931fc730f28e8ed47b8c7c5d8ecd8db0c,0.378617791000579
6,spherical,1.0,0.05,r6_spherical_sigma1_lr0.05,114,ok,,0.5106853827461674,6.215792791025253,66,144.3296775722971,0.00034432786184905676,0.049696729279832826,0.04969672927983282,c8a7a565f4c34afcedf377bd8a33aee023bbafec99430b278d5183f906311b3e,3e40fb00f0d7336f12289747d25109e06baa7865eaf0c7dd6f89a85970ed7fd9,9fc9306ab4737b5804dc59a07264243c6abc622ca16efa0cd4d6bddf38b05e36,52ceac77e1e0c99a5de90b23d52d3e2f15eb08da92d5b6842d3e92834a138f22,0.3783079170025303
6,spherical,1.0,0.05,r6_spherical_sigma1_lr0.05,115,ok,,0.41715733601121174,5.976497996614288,66,57.66502383156555,0.0009005755379896311,0.05193170986029704,0.05193170986029704,21e3187a25ce542a7fda12331f6df5573b7aa9cfb19c4d6a1242f48e9ab77257,bc1fd3ebe710245a2b56359c12a723983a1561bde63e3b0b4bb20f0fbc68479e,fae9b80b4b9bbecd172da441f7a298732dc4ec9c5fd56650a16ee48bf4f2164a,c3a0cabd7487508470d585545f7b6a856897b0410105302f1b4d5c12944c190d,0.3755622500029858
6,spherical,1.0,0.05,r6_spherical_sigma1_lr0.05,116,ok,,0.46571416042760816,6.1237483297099224,66,71.02561172954579,0.0007846174174207977,0.055727932045968535,0.055727932045968535,b240340bda42b13e461b839e854e8931eb9b197c11fad589d1f07877b5a6c105,9cd885e5773e1a61573e6e4ab8e32f5435362a42796d8eff0025ba8c01455816,67eaeaae05cc33550f061649f99bb92951375c55491458d36e2f1c224114a8b1,0d285e8573294ff0f8d626c9d7c79b1ffa6d14fb3071ba7be902aa48627a1c7e,0.38182370800495846
6,spherical,1.0,0.05,r6_spherical_sigma1_lr0.05,117,ok,,0.49827528475716953,6.1643665331539,66,45.324721581647374,0.0009565086377503958,0.0433534876964775,0.0433534876964775,2ff937c83d36f7b3a5406c91e8755c50ce932575e34db68925452587b0ab77d6,402a25298a9acbc5abce157f274c26389cdb90f04be171fa07ccd19e6af98b90,6d2e8203ab09f7481803ba6cac1d0fef11989f0d29cc5ddaeca62054fed6f238,32821079a74fe63f445d951a557ad18447fced01821fc77b6b8d137d2fe48881,0.38225816700287396
6,spherical,1.0,0.05,r6_spherical_sigma1_lr0.05,118,ok,,0.376055411356226,6.1094981899152225,66,70.50661094522388,0.0007897858219500449,0.055685121678285675,0.055685121678285675,f9372f8f74b3a18b86f9a9dd960278381003e836073cde71119d3b892dde9434,cbba1f67e2c26a1f241163d14c4d955aa93c178f38e5f65ab484b62775596dbb,3672d037714419789c221c8c7564a09d4bd2e60bbf08a0fa3cd13f9a40a45c57,ffdd2708cda2855a18fd4a81398631fadb59f1610b8dd3d36eefe8f678572c16,0.3777978330035694
6,spherical,1.0,0.05,r6_spherical_sigma1_lr0.05,119,ok,,0.44917855377630495,6.0889430582766195,66,94.57299345580786,0.00043705304034048585,0.0413334143239617,0.0413334143239617,9cc5a5818d004f0f1492c246ba3ab8685b2df3f7dfd15cdf113ebebec42d8dee,f94f9210ef1ff1dfbe682a6006a492d2d383f30e3f71941cdb5c0b2c8319d6f5,a56289775eec0ce432a321db146cf9b88569ccab3daaa3aefaeb57ea0050cb73,01bf4e2b10f88360652600d185a9d719f05502f25f089d70da96eafa7fe4dfe3,0.37755354100227123
6,spherical,1.0,0.05,r6_spherical_sigma1_lr0.05,120,ok,,0.39354603218130113,6.110513236025445,66,67.21245236249135,0.0007708046919098484,0.05180767363577551,0.0518076736357755,69e5aaf107b63f46b6b057dfe99d3189e4f485b9649136f1718f398f646e43c6,4939936f888881fec7dcaaa22bdc939f3e13b0069e4581c8b191c627c7ad6d41,be8ede604a893ee87034e6fb596cea91ea3be8f191d448807bebae1ef6fbfe79,dff4b17a330f664ec4d31f507c7603e7842ac94d65226c760d6e78cfa953aeb7,0.38076724999700673
6,spherical,1.0,0.1,r6_spherical_sigma1_lr0.1,111,ok,,0.4352612285152049,6.186016852599067,66,171.85824014237585,0.000316316291974051,0.054361561267022324,0.054361561267022324,6f4599f803588363f7f3f06a30082972087391773f80fd6d7eb3eadc6484859e,922c88498695bd4cd2bce85cb58cec5948b0b2180f15c65c83fd8961fa62e3fc,46ec6552ea8abd2c67a85ebf993bb74a1984e0f557904f8a35ae4eb6d2b596da,ff013eda1d426d67006a334f6583897c614d689f5823b14c442be63e78bb3962,0.3796122909989208
6,spherical,1.0,0.1,r6_spherical_sigma1_lr0.1,112,ok,,0.3595878899020255,6.007376161404257,66,84.53077194999443,0.0006919996110458143,0.058495261310798574,0.058495261310798574,23158049f8a287709543a55b89f8943218b08cba397a67e034633640e70c99f6,4f0dfaf22fde2be953d09f6d5e1d430f855a074012b1744b4581503ac11ff36c,b0126d22db14df8032614d0be237f7ba7f8faae015df79310d48a47a7e019709,3dd0b47c3c1ce23069083c16d0c2272714da54db5025db5646fd1228b010a5e8,0.37727991699648555
6,spherical,1.0,0.1,r6_spherical_sigma1_lr0.1,113,ok,,0.4560385223165215,6.059946799258937,66,53.05431965777215,0.0011897213286249388,0.06311985567253689,0.06311985567253689,1130bcd06d370ab57f1bc3a67409c755b267648b80a0f46e840060bb010d3ab8,191c09e53d0a687f6cad40fa2d14867ca63354cc5fb8b3e5cd829abf5c3cde96,494a09d0cb32c8fd575150abd91ad12074451b075c550159cd5a0edda3ce9c1b,db95c591d5ad7a1f08531cf0e04985b931fc730f28e8ed47b8c7c5d8ecd8db0c,0.3776265830019838
6,spherical,1.0,0.1,r6_spherical_sigma1_lr0.1,114,ok,,0.5030404847661349,6.189741943301801,66,144.3296775722971,0.00034432786184905676,0.049696729279832826,0.04969672927983282,c8a7a565f4c34afcedf377bd8a33aee023bbafec99430b278d5183f906311b3e,3e40fb00f0d7336f12289747d25109e06baa7865eaf0c7dd6f89a85970ed7fd9,9fc9306ab4737b5804dc59a07264243c6abc622ca16efa0cd4d6bddf38b05e36,52ceac77e1e0c99a5de90b23d52d3e2f15eb08da92d5b6842d3e92834a138f22,0.38239558300119825
6,spherical,1.0,0.1,r6_spherical_sigma1_lr0.1,115,ok,,0.4174886424865601,5.977075122387052,66,57.66502383156555,0.0009005755379896311,0.05193170986029704,0.05193170986029704,21e3187a25ce542a7fda12331f6df5573b7aa9cfb19c4d6a1242f48e9ab77257,bc1fd3ebe710245a2b56359c12a723983a1561bde63e3b0b4bb20f0fbc68479e,fae9b80b4b9bbecd172da441f7a298732dc4ec9c5fd56650a16ee48bf4f2164a,c3a0cabd7487508470d585545f7b6a856897b0410105302f1b4d5c12944c190d,0.3795634580019396
6,spherical,1.0,0.1,r6_spherical_sigma1_lr0.1,116,ok,,0.5614706407030668,6.195629560033018,66,71.02561172954579,0.0007846174174207977,0.055727932045968535,0.055727932045968535,b240340bda42b13e461b839e854e8931eb9b197c11fad589d1f07877b5a6c105,9cd885e5773e1a61573e6e4ab8e32f5435362a42796d8eff0025ba8c01455816,67eaeaae05cc33550f061649f99bb92951375c55491458d36e2f1c224114a8b1,0d285e8573294ff0f8d626c9d7c79b1ffa6d14fb3071ba7be902aa48627a1c7e,0.37315358300111257
6,spherical,1.0,0.1,r6_spherical_sigma1_lr0.1,117,ok,,0.5020584536399169,6.173634040637535,66,45.324721581647374,0.0009565086377503958,0.0433534876964775,0.0433534876964775,2ff937c83d36f7b3a5406c91e8755c50ce932575e34db68925452587b0ab77d6,402a25298a9acbc5abce157f274c26389cdb90f04be171fa07ccd19e6af98b90,6d2e8203ab09f7481803ba6cac1d0fef11989f0d29cc5ddaeca62054fed6f238,32821079a74fe63f445d951a557ad18447fced01821fc77b6b8d137d2fe48881,0.3784275409998372
6,spherical,1.0,0.1,r6_spherical_sigma1_lr0.1,118,ok,,0.46632274834300286,6.200482044300057,66,70.50661094522388,0.0007897858219500449,0.055685121678285675,0.055685121678285675,f9372f8f74b3a18b86f9a9dd960278381003e836073cde71119d3b892dde9434,cbba1f67e2c26a1f241163d14c4d955aa93c178f38e5f65ab484b62775596dbb,3672d037714419789c221c8c7564a09d4bd2e60bbf08a0fa3cd13f9a40a45c57,ffdd2708cda2855a18fd4a81398631fadb59f1610b8dd3d36eefe8f678572c16,0.38096499999664957
6,spherical,1.0,0.1,r6_spherical_sigma1_lr0.1,119,ok,,0.5247417580563655,6.1267153012445466,66,94.57299345580786,0.00043705304034048585,0.0413334143239617,0.0413334143239617,9cc5a5818d004f0f1492c246ba3ab8685b2df3f7dfd15cdf113ebebec42d8dee,f94f9210ef1ff1dfbe682a6006a492d2d383f30e3f71941cdb5c0b2c8319d6f5,a56289775eec0ce432a321db146cf9b88569ccab3daaa3aefaeb57ea0050cb73,01bf4e2b10f88360652600d185a9d719f05502f25f089d70da96eafa7fe4dfe3,0.3807306249946123
6,spherical,1.0,0.1,r6_spherical_sigma1_lr0.1,120,ok,,0.3670372613092141,6.052128805025988,66,67.21245236249135,0.0007708046919098484,0.05180767363577551,0.0518076736357755,69e5aaf107b63f46b6b057dfe99d3189e4f485b9649136f1718f398f646e43c6,4939936f888881fec7dcaaa22bdc939f3e13b0069e4581c8b191c627c7ad6d41,be8ede604a893ee87034e6fb596cea91ea3be8f191d448807bebae1ef6fbfe79,dff4b17a330f664ec4d31f507c7603e7842ac94d65226c760d6e78cfa953aeb7,0.3779013749954174
6,spherical,1.0,0.2,r6_spherical_sigma1_lr0.2,111,ok,,0.4205968338831883,6.19143651744893,66,171.85824014237585,0.000316316291974051,0.054361561267022324,0.054361561267022324,6f4599f803588363f7f3f06a30082972087391773f80fd6d7eb3eadc6484859e,922c88498695bd4cd2bce85cb58cec5948b0b2180f15c65c83fd8961fa62e3fc,46ec6552ea8abd2c67a85ebf993bb74a1984e0f557904f8a35ae4eb6d2b596da,ff013eda1d426d67006a334f6583897c614d689f5823b14c442be63e78bb3962,0.37847745799808763
6,spherical,1.0,0.2,r6_spherical_sigma1_lr0.2,112,ok,,0.46247038504144344,6.07573990167889,66,84.53077194999443,0.0006919996110458143,0.058495261310798574,0.058495261310798574,23158049f8a287709543a55b89f8943218b08cba397a67e034633640e70c99f6,4f0dfaf22fde2be953d09f6d5e1d430f855a074012b1744b4581503ac11ff36c,b0126d22db14df8032614d0be237f7ba7f8faae015df79310d48a47a7e019709,3dd0b47c3c1ce23069083c16d0c2272714da54db5025db5646fd1228b010a5e8,0.37928124999598367
6,spherical,1.0,0.2,r6_spherical_sigma1_lr0.2,113,ok,,0.4526437765119854,6.058311172873835,66,53.05431965777215,0.0011897213286249388,0.06311985567253689,0.06311985567253689,1130bcd06d370ab57f1bc3a67409c755b267648b80a0f46e840060bb010d3ab8,191c09e53d0a687f6cad40fa2d14867ca63354cc5fb8b3e5cd829abf5c3cde96,494a09d0cb32c8fd575150abd91ad12074451b075c550159cd5a0edda3ce9c1b,db95c591d5ad7a1f08531cf0e04985b931fc730f28e8ed47b8c7c5d8ecd8db0c,0.37897562499711057
6,spherical,1.0,0.2,r6_spherical_sigma1_lr0.2,114,ok,,0.45347055313749035,6.132315207592362,66,144.3296775722971,0.00034432786184905676,0.049696729279832826,0.04969672927983282,c8a7a565f4c34afcedf377bd8a33aee023bbafec99430b278d5183f906311b3e,3e40fb00f0d7336f12289747d25109e06baa7865eaf0c7dd6f89a85970ed7fd9,9fc9306ab4737b5804dc59a07264243c6abc622ca16efa0cd4d6bddf38b05e36,52ceac77e1e0c99a5de90b23d52d3e2f15eb08da92d5b6842d3e92834a138f22,0.37744908400054555
6,spherical,1.0,0.2,r6_spherical_sigma1_lr0.2,115,ok,,0.5405902022736452,6.1367405937800665,66,57.66502383156555,0.0009005755379896311,0.05193170986029704,0.05193170986029704,21e3187a25ce542a7fda12331f6df5573b7aa9cfb19c4d6a1242f48e9ab77257,bc1fd3ebe710245a2b56359c12a723983a1561bde63e3b0b4bb20f0fbc68479e,fae9b80b4b9bbecd172da441f7a298732dc4ec9c5fd56650a16ee48bf4f2164a,c3a0cabd7487508470d585545f7b6a856897b0410105302f1b4d5c12944c190d,0.3795825000051991
6,spherical,1.0,0.2,r6_spherical_sigma1_lr0.2,116,ok,,0.5685725986458547,6.237778536532218,66,71.02561172954579,0.0007846174174207977,0.055727932045968535,0.055727932045968535,b240340bda42b13e461b839e854e8931eb9b197c11fad589d1f07877b5a6c105,9cd885e5773e1a61573e6e4ab8e32f5435362a42796d8eff0025ba8c01455816,67eaeaae05cc33550f061649f99bb92951375c55491458d36e2f1c224114a8b1,0d285e8573294ff0f8d626c9d7c79b1ffa6d14fb3071ba7be902aa48627a1c7e,0.3822091670008376
6,spherical,1.0,0.2,r6_spherical_sigma1_lr0.2,117,ok,,0.5035000510041833,6.186252869097041,66,45.324721581647374,0.0009565086377503958,0.0433534876964775,0.0433534876964775,2ff937c83d36f7b3a5406c91e8755c50ce932575e34db68925452587b0ab77d6,402a25298a9acbc5abce157f274c26389cdb90f04be171fa07ccd19e6af98b90,6d2e8203ab09f7481803ba6cac1d0fef11989f0d29cc5ddaeca62054fed6f238,32821079a74fe63f445d951a557ad18447fced01821fc77b6b8d137d2fe48881,0.380900832999032
6,spherical,1.0,0.2,r6_spherical_sigma1_lr0.2,118,ok,,0.4189764924777216,6.148869758750987,66,70.50661094522388,0.0007897858219500449,0.055685121678285675,0.055685121678285675,f9372f8f74b3a18b86f9a9dd960278381003e836073cde71119d3b892dde9434,cbba1f67e2c26a1f241163d14c4d955aa93c178f38e5f65ab484b62775596dbb,3672d037714419789c221c8c7564a09d4bd2e60bbf08a0fa3cd13f9a40a45c57,ffdd2708cda2855a18fd4a81398631fadb59f1610b8dd3d36eefe8f678572c16,0.37774283299950184
6,spherical,1.0,0.2,r6_spherical_sigma1_lr0.2,119,ok,,0.5234529594922569,6.147835992583348,66,94.57299345580786,0.00043705304034048585,0.0413334143239617,0.0413334143239617,9cc5a5818d004f0f1492c246ba3ab8685b2df3f7dfd15cdf113ebebec42d8dee,f94f9210ef1ff1dfbe682a6006a492d2d383f30e3f71941cdb5c0b2c8319d6f5,a56289775eec0ce432a321db146cf9b88569ccab3daaa3aefaeb57ea0050cb73,01bf4e2b10f88360652600d185a9d719f05502f25f089d70da96eafa7fe4dfe3,0.379450624997844
6,spherical,1.0,0.2,r6_spherical_sigma1_lr0.2,120,ok,,0.43839866600388216,6.1583012357823534,66,67.21245236249135,0.0007708046919098484,0.05180767363577551,0.0518076736357755,69e5aaf107b63f46b6b057dfe99d3189e4f485b9649136f1718f398f646e43c6,4939936f888881fec7dcaaa22bdc939f3e13b0069e4581c8b191c627c7ad6d41,be8ede604a893ee87034e6fb596cea91ea3be8f191d448807bebae1ef6fbfe79,dff4b17a330f664ec4d31f507c7603e7842ac94d65226c760d6e78cfa953aeb7,0.3822141670025303
6,tv,1.0,0.005,r6_tv_sigma1_lr0.005,111,ok,,4.6879104387410475,10.521940596936219,66,2.369420646847897,0.022942976098119575,0.054361561267022324,0.054361561267022324,6f4599f803588363f7f3f06a30082972087391773f80fd6d7eb3eadc6484859e,922c88498695bd4cd2bce85cb58cec5948b0b2180f15c65c83fd8961fa62e3fc,46ec6552ea8abd2c67a85ebf993bb74a1984e0f557904f8a35ae4eb6d2b596da,ff013eda1d426d67006a334f6583897c614d689f5823b14c442be63e78bb3962,0.3850012089969823
6,tv,1.0,0.005,r6_tv_sigma1_lr0.005,112,ok,,1.8849709888021815,7.499488209018309,66,2.484115095111566,0.023547725878688183,0.058495261310798574,0.058495261310798574,23158049f8a287709543a55b89f8943218b08cba397a67e034633640e70c99f6,4f0dfaf22fde2be953d09f6d5e1d430f855a074012b1744b4581503ac11ff36c,b0126d22db14df8032614d0be237f7ba7f8faae015df79310d48a47a7e019709,3dd0b47c3c1ce23069083c16d0c2272714da54db5025db5646fd1228b010a5e8,0.3812862920021871
6,tv,1.0,0.005,r6_tv_sigma1_lr0.005,113,ok,,2.684083224984231,8.251897296342284,66,2.107633861676373,0.029948207238582002,0.06311985567253689,0.06311985567253689,1130bcd06d370ab57f1bc3a67409c755b267648b80a0f46e840060bb010d3ab8,191c09e53d0a687f6cad40fa2d14867ca63354cc5fb8b3e5cd829abf5c3cde96,494a09d0cb32c8fd575150abd91ad12074451b075c550159cd5a0edda3ce9c1b,db95c591d5ad7a1f08531cf0e04985b931fc730f28e8ed47b8c7c5d8ecd8db0c,0.37796249999519205
6,tv,1.0,0.005,r6_tv_sigma1_lr0.005,114,ok,,4.6803599606125434,10.588428700223503,66,2.7075111680780144,0.018355133624475915,0.049696729279832826,0.04969672927983282,c8a7a565f4c34afcedf377bd8a33aee023bbafec99430b278d5183f906311b3e,3e40fb00f0d7336f12289747d25109e06baa7865eaf0c7dd6f89a85970ed7fd9,9fc9306ab4737b5804dc59a07264243c6abc622ca16efa0cd4d6bddf38b05e36,52ceac77e1e0c99a5de90b23d52d3e2f15eb08da92d5b6842d3e92834a138f22,0.3674404159974074
6,tv,1.0,0.005,r6_tv_sigma1_lr0.005,115,ok,,8.052049059315754,13.358294245951555,66,3.9507325846842174,0.013144830419963225,0.05193170986029704,0.05193170986029704,21e3187a25ce542a7fda12331f6df5573b7aa9cfb19c4d6a1242f48e9ab77257,bc1fd3ebe710245a2b56359c12a723983a1561bde63e3b0b4bb20f0fbc68479e,fae9b80b4b9bbecd172da441f7a298732dc4ec9c5fd56650a16ee48bf4f2164a,c3a0cabd7487508470d585545f7b6a856897b0410105302f1b4d5c12944c190d,0.36393787500128383
6,tv,1.0,0.005,r6_tv_sigma1_lr0.005,116,ok,,2.6093892539080237,8.372805846608346,66,2.1706378211709167,0.025673528537297378,0.055727932045968535,0.055727932045968535,b240340bda42b13e461b839e854e8931eb9b197c11fad589d1f07877b5a6c105,9cd885e5773e1a61573e6e4ab8e32f5435362a42796d8eff0025ba8c01455816,67eaeaae05cc33550f061649f99bb92951375c55491458d36e2f1c224114a8b1,0d285e8573294ff0f8d626c9d7c79b1ffa6d14fb3071ba7be902aa48627a1c7e,0.3685842089980724
6,tv,1.0,0.005,r6_tv_sigma1_lr0.005,117,ok,,12.69884974917191,17.71719145189219,66,2.7967643418458685,0.015501301646267462,0.0433534876964775,0.0433534876964775,2ff937c83d36f7b3a5406c91e8755c50ce932575e34db68925452587b0ab77d6,402a25298a9acbc5abce157f274c26389cdb90f04be171fa07ccd19e6af98b90,6d2e8203ab09f7481803ba6cac1d0fef11989f0d29cc5ddaeca62054fed6f238,32821079a74fe63f445d951a557ad18447fced01821fc77b6b8d137d2fe48881,0.3644976659998065
6,tv,1.0,0.005,r6_tv_sigma1_lr0.005,118,ok,,4.743872509889062,10.49536563640947,66,2.4809218881626087,0.022445334512134332,0.055685121678285675,0.055685121678285675,f9372f8f74b3a18b86f9a9dd960278381003e836073cde71119d3b892dde9434,cbba1f67e2c26a1f241163d14c4d955aa93c178f38e5f65ab484b62775596dbb,3672d037714419789c221c8c7564a09d4bd2e60bbf08a0fa3cd13f9a40a45c57,ffdd2708cda2855a18fd4a81398631fadb59f1610b8dd3d36eefe8f678572c16,0.3727253750039381
6,tv,1.0,0.005,r6_tv_sigma1_lr0.005,119,ok,,1.8525871362639688,7.52082081754456,66,2.7601525204188415,0.014975047218654978,0.0413334143239617,0.0413334143239617,9cc5a5818d004f0f1492c246ba3ab8685b2df3f7dfd15cdf113ebebec42d8dee,f94f9210ef1ff1dfbe682a6006a492d2d383f30e3f71941cdb5c0b2c8319d6f5,a56289775eec0ce432a321db146cf9b88569ccab3daaa3aefaeb57ea0050cb73,01bf4e2b10f88360652600d185a9d719f05502f25f089d70da96eafa7fe4dfe3,0.36512279199814657
6,tv,1.0,0.005,r6_tv_sigma1_lr0.005,120,ok,,7.39721333194139,13.65526564503302,66,2.7707238183244627,0.018698245308009485,0.05180767363577551,0.05180767363577551,69e5aaf107b63f46b6b057dfe99d3189e4f485b9649136f1718f398f646e43c6,4939936f888881fec7dcaaa22bdc939f3e13b0069e4581c8b191c627c7ad6d41,be8ede604a893ee87034e6fb596cea91ea3be8f191d448807bebae1ef6fbfe79,dff4b17a330f664ec4d31f507c7603e7842ac94d65226c760d6e78cfa953aeb7,0.36722225000266917
6,tv,1.0,0.01,r6_tv_sigma1_lr0.01,111,ok,,2.150105746881751,7.907006613224637,66,2.369420646847897,0.022942976098119575,0.054361561267022324,0.054361561267022324,6f4599f803588363f7f3f06a30082972087391773f80fd6d7eb3eadc6484859e,922c88498695bd4cd2bce85cb58cec5948b0b2180f15c65c83fd8961fa62e3fc,46ec6552ea8abd2c67a85ebf993bb74a1984e0f557904f8a35ae4eb6d2b596da,ff013eda1d426d67006a334f6583897c614d689f5823b14c442be63e78bb3962,0.3669045839997125
6,tv,1.0,0.01,r6_tv_sigma1_lr0.01,112,ok,,2.8042944748768805,8.449186931646059,66,2.484115095111566,0.023547725878688183,0.058495261310798574,0.058495261310798574,23158049f8a287709543a55b89f8943218b08cba397a67e034633640e70c99f6,4f0dfaf22fde2be953d09f6d5e1d430f855a074012b1744b4581503ac11ff36c,b0126d22db14df8032614d0be237f7ba7f8faae015df79310d48a47a7e019709,3dd0b47c3c1ce23069083c16d0c2272714da54db5025db5646fd1228b010a5e8,0.36823112500132993
6,tv,1.0,0.01,r6_tv_sigma1_lr0.01,113,ok,,3.023911820817779,8.55208104667702,66,2.107633861676373,0.029948207238582002,0.06311985567253689,0.06311985567253689,1130bcd06d370ab57f1bc3a67409c755b267648b80a0f46e840060bb010d3ab8,191c09e53d0a687f6cad40fa2d14867ca63354cc5fb8b3e5cd829abf5c3cde96,494a09d0cb32c8fd575150abd91ad12074451b075c550159cd5a0edda3ce9c1b,db95c591d5ad7a1f08531cf0e04985b931fc730f28e8ed47b8c7c5d8ecd8db0c,0.3625152499953401
6,tv,1.0,0.01,r6_tv_sigma1_lr0.01,114,ok,,7.279046832337524,13.287044643700213,66,2.7075111680780144,0.018355133624475915,0.049696729279832826,0.04969672927983282,c8a7a565f4c34afcedf377bd8a33aee023bbafec99430b278d5183f906311b3e,3e40fb00f0d7336f12289747d25109e06baa7865eaf0c7dd6f89a85970ed7fd9,9fc9306ab4737b5804dc59a07264243c6abc622ca16efa0cd4d6bddf38b05e36,52ceac77e1e0c99a5de90b23d52d3e2f15eb08da92d5b6842d3e92834a138f22,0.3690577919987845
6,tv,1.0,0.01,r6_tv_sigma1_lr0.01,115,ok,,11.62215714671131,16.99584151471484,66,3.9507325846842174,0.013144830419963225,0.05193170986029704,0.05193170986029704,21e3187a25ce542a7fda12331f6df5573b7aa9cfb19c4d6a1242f48e9ab77257,bc1fd3ebe710245a2b56359c12a723983a1561bde63e3b0b4bb20f0fbc68479e,fae9b80b4b9bbecd172da441f7a298732dc4ec9c5fd56650a16ee48bf4f2164a,c3a0cabd7487508470d585545f7b6a856897b0410105302f1b4d5c12944c190d,0.36431345799792325
6,tv,1.0,0.01,r6_tv_sigma1_lr0.01,116,ok,,2.785190817640328,8.5563177743302,66,2.1706378211709167,0.025673528537297378,0.055727932045968535,0.055727932045968535,b240340bda42b13e461b839e854e8931eb9b197c11fad589d1f07877b5a6c105,9cd885e5773e1a61573e6e4ab8e32f5435362a42796d8eff0025ba8c01455816,67eaeaae05cc33550f061649f99bb92951375c55491458d36e2f1c224114a8b1,0d285e8573294ff0f8d626c9d7c79b1ffa6d14fb3071ba7be902aa48627a1c7e,0.3660595410037786
6,tv,1.0,0.01,r6_tv_sigma1_lr0.01,117,ok,,1.0241769300620374,6.670355151284175,66,2.7967643418458685,0.015501301646267462,0.0433534876964775,0.0433534876964775,2ff937c83d36f7b3a5406c91e8755c50ce932575e34db68925452587b0ab77d6,402a25298a9acbc5abce157f274c26389cdb90f04be171fa07ccd19e6af98b90,6d2e8203ab09f7481803ba6cac1d0fef11989f0d29cc5ddaeca62054fed6f238,32821079a74fe63f445d951a557ad18447fced01821fc77b6b8d137d2fe48881,0.3638855839963071
6,tv,1.0,0.01,r6_tv_sigma1_lr0.01,118,ok,,3.5344716122523048,9.37807033147333,66,2.4809218881626087,0.022445334512134332,0.055685121678285675,0.055685121678285675,f9372f8f74b3a18b86f9a9dd960278381003e836073cde71119d3b892dde9434,cbba1f67e2c26a1f241163d14c4d955aa93c178f38e5f65ab484b62775596dbb,3672d037714419789c221c8c7564a09d4bd2e60bbf08a0fa3cd13f9a40a45c57,ffdd2708cda2855a18fd4a81398631fadb59f1610b8dd3d36eefe8f678572c16,0.36510083300527185
6,tv,1.0,0.01,r6_tv_sigma1_lr0.01,119,ok,,2.739386355071845,8.41399434144343,66,2.7601525204188415,0.014975047218654978,0.0413334143239617,0.0413334143239617,9cc5a5818d004f0f1492c246ba3ab8685b2df3f7dfd15cdf113ebebec42d8dee,f94f9210ef1ff1dfbe682a6006a492d2d383f30e3f71941cdb5c0b2c8319d6f5,a56289775eec0ce432a321db146cf9b88569ccab3daaa3aefaeb57ea0050cb73,01bf4e2b10f88360652600d185a9d719f05502f25f089d70da96eafa7fe4dfe3,0.3623072920017876
6,tv,1.0,0.01,r6_tv_sigma1_lr0.01,120,ok,,7.993749858394643,14.31395009872617,66,2.7707238183244627,0.018698245308009485,0.05180767363577551,0.05180767363577551,69e5aaf107b63f46b6b057dfe99d3189e4f485b9649136f1718f398f646e43c6,4939936f888881fec7dcaaa22bdc939f3e13b0069e4581c8b191c627c7ad6d41,be8ede604a893ee87034e6fb596cea91ea3be8f191d448807bebae1ef6fbfe79,dff4b17a330f664ec4d31f507c7603e7842ac94d65226c760d6e78cfa953aeb7,0.38093641700106673
6,tv,1.0,0.02,r6_tv_sigma1_lr0.02,111,ok,,2.551263733412534,8.34702626249057,66,2.369420646847897,0.022942976098119575,0.054361561267022324,0.054361561267022324,6f4599f803588363f7f3f06a30082972087391773f80fd6d7eb3eadc6484859e,922c88498695bd4cd2bce85cb58cec5948b0b2180f15c65c83fd8961fa62e3fc,46ec6552ea8abd2c67a85ebf993bb74a1984e0f557904f8a35ae4eb6d2b596da,ff013eda1d426d67006a334f6583897c614d689f5823b14c442be63e78bb3962,0.3800437499958207
6,tv,1.0,0.02,r6_tv_sigma1_lr0.02,112,ok,,2.2275777590110413,7.859750080442624,66,2.484115095111566,0.023547725878688183,0.058495261310798574,0.058495261310798574,23158049f8a287709543a55b89f8943218b08cba397a67e034633640e70c99f6,4f0dfaf22fde2be953d09f6d5e1d430f855a074012b1744b4581503ac11ff36c,b0126d22db14df8032614d0be237f7ba7f8faae015df79310d48a47a7e019709,3dd0b47c3c1ce23069083c16d0c2272714da54db5025db5646fd1228b010a5e8,0.3832001670016325
6,tv,1.0,0.02,r6_tv_sigma1_lr0.02,113,ok,,6.493093955368692,11.972416918133346,66,2.107633861676373,0.029948207238582002,0.06311985567253689,0.06311985567253689,1130bcd06d370ab57f1bc3a67409c755b267648b80a0f46e840060bb010d3ab8,191c09e53d0a687f6cad40fa2d14867ca63354cc5fb8b3e5cd829abf5c3cde96,494a09d0cb32c8fd575150abd91ad12074451b075c550159cd5a0edda3ce9c1b,db95c591d5ad7a1f08531cf0e04985b931fc730f28e8ed47b8c7c5d8ecd8db0c,0.37656425000022864
6,tv,1.0,0.02,r6_tv_sigma1_lr0.02,114,ok,,6.069706446479351,12.072420011430232,66,2.7075111680780144,0.018355133624475915,0.049696729279832826,0.04969672927983282,c8a7a565f4c34afcedf377bd8a33aee023bbafec99430b278d5183f906311b3e,3e40fb00f0d7336f12289747d25109e06baa7865eaf0c7dd6f89a85970ed7fd9,9fc9306ab4737b5804dc59a07264243c6abc622ca16efa0cd4d6bddf38b05e36,52ceac77e1e0c99a5de90b23d52d3e2f15eb08da92d5b6842d3e92834a138f22,0.37027320899505867
6,tv,1.0,0.02,r6_tv_sigma1_lr0.02,115,ok,,3.8112874674356627,9.28766982635835,66,3.9507325846842174,0.013144830419963225,0.05193170986029704,0.05193170986029704,21e3187a25ce542a7fda12331f6df5573b7aa9cfb19c4d6a1242f48e9ab77257,bc1fd3ebe710245a2b56359c12a723983a1561bde63e3b0b4bb20f0fbc68479e,fae9b80b4b9bbecd172da441f7a298732dc4ec9c5fd56650a16ee48bf4f2164a,c3a0cabd7487508470d585545f7b6a856897b0410105302f1b4d5c12944c190d,0.3925146670007962
6,tv,1.0,0.02,r6_tv_sigma1_lr0.02,116,ok,,2.955281353602448,8.710290725841832,66,2.1706378211709167,0.025673528537297378,0.055727932045968535,0.055727932045968535,b240340bda42b13e461b839e854e8931eb9b197c11fad589d1f07877b5a6c105,9cd885e5773e1a61573e6e4ab8e32f5435362a42796d8eff0025ba8c01455816,67eaeaae05cc33550f061649f99bb92951375c55491458d36e2f1c224114a8b1,0d285e8573294ff0f8d626c9d7c79b1ffa6d14fb3071ba7be902aa48627a1c7e,0.4029873339968617
6,tv,1.0,0.02,r6_tv_sigma1_lr0.02,117,ok,,1.2042529372040391,6.806456314067921,66,2.7967643418458685,0.015501301646267462,0.0433534876964775,0.0433534876964775,2ff937c83d36f7b3a5406c91e8755c50ce932575e34db68925452587b0ab77d6,402a25298a9acbc5abce157f274c26389cdb90f04be171fa07ccd19e6af98b90,6d2e8203ab09f7481803ba6cac1d0fef11989f0d29cc5ddaeca62054fed6f238,32821079a74fe63f445d951a557ad18447fced01821fc77b6b8d137d2fe48881,0.40433041699725436
6,tv,1.0,0.02,r6_tv_sigma1_lr0.02,118,ok,,2.014749883616213,7.844406994588284,66,2.4809218881626087,0.022445334512134332,0.055685121678285675,0.055685121678285675,f9372f8f74b3a18b86f9a9dd960278381003e836073cde71119d3b892dde9434,cbba1f67e2c26a1f241163d14c4d955aa93c178f38e5f65ab484b62775596dbb,3672d037714419789c221c8c7564a09d4bd2e60bbf08a0fa3cd13f9a40a45c57,ffdd2708cda2855a18fd4a81398631fadb59f1610b8dd3d36eefe8f678572c16,0.4610439169991878
6,tv,1.0,0.02,r6_tv_sigma1_lr0.02,119,ok,,2.606376078738946,8.269680632917066,66,2.7601525204188415,0.014975047218654978,0.0413334143239617,0.0413334143239617,9cc5a5818d004f0f1492c246ba3ab8685b2df3f7dfd15cdf113ebebec42d8dee,f94f9210ef1ff1dfbe682a6006a492d2d383f30e3f71941cdb5c0b2c8319d6f5,a56289775eec0ce432a321db146cf9b88569ccab3daaa3aefaeb57ea0050cb73,01bf4e2b10f88360652600d185a9d719f05502f25f089d70da96eafa7fe4dfe3,0.4544730829948094
6,tv,1.0,0.02,r6_tv_sigma1_lr0.02,120,ok,,1.6638684490423463,7.440891111123756,66,2.7707238183244627,0.018698245308009485,0.05180767363577551,0.05180767363577551,69e5aaf107b63f46b6b057dfe99d3189e4f485b9649136f1718f398f646e43c6,4939936f888881fec7dcaaa22bdc939f3e13b0069e4581c8b191c627c7ad6d41,be8ede604a893ee87034e6fb596cea91ea3be8f191d448807bebae1ef6fbfe79,dff4b17a330f664ec4d31f507c7603e7842ac94d65226c760d6e78cfa953aeb7,0.4498214580016793
6,tv,1.0,0.05,r6_tv_sigma1_lr0.05,111,ok,,1.237850433986695,7.0489533500068156,66,2.369420646847897,0.022942976098119575,0.054361561267022324,0.054361561267022324,6f4599f803588363f7f3f06a30082972087391773f80fd6d7eb3eadc6484859e,922c88498695bd4cd2bce85cb58cec5948b0b2180f15c65c83fd8961fa62e3fc,46ec6552ea8abd2c67a85ebf993bb74a1984e0f557904f8a35ae4eb6d2b596da,ff013eda1d426d67006a334f6583897c614d689f5823b14c442be63e78bb3962,0.45442758300487185
6,tv,1.0,0.05,r6_tv_sigma1_lr0.05,112,ok,,2.234584251194949,7.90024012628984,66,2.484115095111566,0.023547725878688183,0.058495261310798574,0.058495261310798574,23158049f8a287709543a55b89f8943218b08cba397a67e034633640e70c99f6,4f0dfaf22fde2be953d09f6d5e1d430f855a074012b1744b4581503ac11ff36c,b0126d22db14df8032614d0be237f7ba7f8faae015df79310d48a47a7e019709,3dd0b47c3c1ce23069083c16d0c2272714da54db5025db5646fd1228b010a5e8,0.40774454199709
6,tv,1.0,0.05,r6_tv_sigma1_lr0.05,113,ok,,2.3977454814570875,7.9916459058705,66,2.107633861676373,0.029948207238582002,0.06311985567253689,0.06311985567253689,1130bcd06d370ab57f1bc3a67409c755b267648b80a0f46e840060bb010d3ab8,191c09e53d0a687f6cad40fa2d14867ca63354cc5fb8b3e5cd829abf5c3cde96,494a09d0cb32c8fd575150abd91ad12074451b075c550159cd5a0edda3ce9c1b,db95c591d5ad7a1f08531cf0e04985b931fc730f28e8ed47b8c7c5d8ecd8db0c,0.38824491699779173
6,tv,1.0,0.05,r6_tv_sigma1_lr0.05,114,ok,,1.1917143746098953,6.925833215084689,66,2.7075111680780144,0.018355133624475915,0.049696729279832826,0.04969672927983282,c8a7a565f4c34afcedf377bd8a33aee023bbafec99430b278d5183f906311b3e,3e40fb00f0d7336f12289747d25109e06baa7865eaf0c7dd6f89a85970ed7fd9,9fc9306ab4737b5804dc59a07264243c6abc622ca16efa0cd4d6bddf38b05e36,52ceac77e1e0c99a5de90b23d52d3e2f15eb08da92d5b6842d3e92834a138f22,0.38539083300565835
6,tv,1.0,0.05,r6_tv_sigma1_lr0.05,115,ok,,2.7556778448412587,8.26221654268606,66,3.9507325846842174,0.013144830419963225,0.05193170986029704,0.05193170986029704,21e3187a25ce542a7fda12331f6df5573b7aa9cfb19c4d6a1242f48e9ab77257,bc1fd3ebe710245a2b56359c12a723983a1561bde63e3b0b4bb20f0fbc68479e,fae9b80b4b9bbecd172da441f7a298732dc4ec9c5fd56650a16ee48bf4f2164a,c3a0cabd7487508470d585545f7b6a856897b0410105302f1b4d5c12944c190d,0.3867755839964957
6,tv,1.0,0.05,r6_tv_sigma1_lr0.05,116,ok,,2.6242416173244063,8.392323880517202,66,2.1706378211709167,0.025673528537297378,0.055727932045968535,0.055727932045968535,b240340bda42b13e461b839e854e8931eb9b197c11fad589d1f07877b5a6c105,9cd885e5773e1a61573e6e4ab8e32f5435362a42796d8eff0025ba8c01455816,67eaeaae05cc33550f061649f99bb92951375c55491458d36e2f1c224114a8b1,0d285e8573294ff0f8d626c9d7c79b1ffa6d14fb3071ba7be902aa48627a1c7e,0.3718535830048495
6,tv,1.0,0.05,r6_tv_sigma1_lr0.05,117,ok,,0.8956419291271032,6.5198118616060565,66,2.7967643418458685,0.015501301646267462,0.0433534876964775,0.0433534876964775,2ff937c83d36f7b3a5406c91e8755c50ce932575e34db68925452587b0ab77d6,402a25298a9acbc5abce157f274c26389cdb90f04be171fa07ccd19e6af98b90,6d2e8203ab09f7481803ba6cac1d0fef11989f0d29cc5ddaeca62054fed6f238,32821079a74fe63f445d951a557ad18447fced01821fc77b6b8d137d2fe48881,0.3680409169974155
6,tv,1.0,0.05,r6_tv_sigma1_lr0.05,118,ok,,1.6220805994152587,7.40626394352733,66,2.4809218881626087,0.022445334512134332,0.055685121678285675,0.055685121678285675,f9372f8f74b3a18b86f9a9dd960278381003e836073cde71119d3b892dde9434,cbba1f67e2c26a1f241163d14c4d955aa93c178f38e5f65ab484b62775596dbb,3672d037714419789c221c8c7564a09d4bd2e60bbf08a0fa3cd13f9a40a45c57,ffdd2708cda2855a18fd4a81398631fadb59f1610b8dd3d36eefe8f678572c16,0.36706799999956274
6,tv,1.0,0.05,r6_tv_sigma1_lr0.05,119,ok,,2.1318414572730124,7.782607148058244,66,2.7601525204188415,0.014975047218654978,0.0413334143239617,0.0413334143239617,9cc5a5818d004f0f1492c246ba3ab8685b2df3f7dfd15cdf113ebebec42d8dee,f94f9210ef1ff1dfbe682a6006a492d2d383f30e3f71941cdb5c0b2c8319d6f5,a56289775eec0ce432a321db146cf9b88569ccab3daaa3aefaeb57ea0050cb73,01bf4e2b10f88360652600d185a9d719f05502f25f089d70da96eafa7fe4dfe3,0.371721957999398
6,tv,1.0,0.05,r6_tv_sigma1_lr0.05,120,ok,,1.5135810188239152,7.278050420535108,66,2.7707238183244627,0.018698245308009485,0.05180767363577551,0.05180767363577551,69e5aaf107b63f46b6b057dfe99d3189e4f485b9649136f1718f398f646e43c6,4939936f888881fec7dcaaa22bdc939f3e13b0069e4581c8b191c627c7ad6d41,be8ede604a893ee87034e6fb596cea91ea3be8f191d448807bebae1ef6fbfe79,dff4b17a330f664ec4d31f507c7603e7842ac94d65226c760d6e78cfa953aeb7,0.3723672499982058
6,tv,1.0,0.1,r6_tv_sigma1_lr0.1,111,ok,,1.5935108711421635,7.393553398146105,66,2.369420646847897,0.022942976098119575,0.054361561267022324,0.054361561267022324,6f4599f803588363f7f3f06a30082972087391773f80fd6d7eb3eadc6484859e,922c88498695bd4cd2bce85cb58cec5948b0b2180f15c65c83fd8961fa62e3fc,46ec6552ea8abd2c67a85ebf993bb74a1984e0f557904f8a35ae4eb6d2b596da,ff013eda1d426d67006a334f6583897c614d689f5823b14c442be63e78bb3962,0.3659864579967689
6,tv,1.0,0.1,r6_tv_sigma1_lr0.1,112,ok,,1.4297798212689226,7.055163920539246,66,2.484115095111566,0.023547725878688183,0.058495261310798574,0.058495261310798574,23158049f8a287709543a55b89f8943218b08cba397a67e034633640e70c99f6,4f0dfaf22fde2be953d09f6d5e1d430f855a074012b1744b4581503ac11ff36c,b0126d22db14df8032614d0be237f7ba7f8faae015df79310d48a47a7e019709,3dd0b47c3c1ce23069083c16d0c2272714da54db5025db5646fd1228b010a5e8,0.36799975000030827
6,tv,1.0,0.1,r6_tv_sigma1_lr0.1,113,ok,,2.050121531145674,7.609370726200161,66,2.107633861676373,0.029948207238582002,0.06311985567253689,0.06311985567253689,1130bcd06d370ab57f1bc3a67409c755b267648b80a0f46e840060bb010d3ab8,191c09e53d0a687f6cad40fa2d14867ca63354cc5fb8b3e5cd829abf5c3cde96,494a09d0cb32c8fd575150abd91ad12074451b075c550159cd5a0edda3ce9c1b,db95c591d5ad7a1f08531cf0e04985b931fc730f28e8ed47b8c7c5d8ecd8db0c,0.3680607089991099
6,tv,1.0,0.1,r6_tv_sigma1_lr0.1,114,ok,,1.6055621097473347,7.357749594129784,66,2.7075111680780144,0.018355133624475915,0.049696729279832826,0.04969672927983282,c8a7a565f4c34afcedf377bd8a33aee023bbafec99430b278d5183f906311b3e,3e40fb00f0d7336f12289747d25109e06baa7865eaf0c7dd6f89a85970ed7fd9,9fc9306ab4737b5804dc59a07264243c6abc622ca16efa0cd4d6bddf38b05e36,52ceac77e1e0c99a5de90b23d52d3e2f15eb08da92d5b6842d3e92834a138f22,0.3711509170025238
6,tv,1.0,0.1,r6_tv_sigma1_lr0.1,115,ok,,2.6219546330700254,8.139802686632645,66,3.9507325846842174,0.013144830419963225,0.05193170986029704,0.05193170986029704,21e3187a25ce542a7fda12331f6df5573b7aa9cfb19c4d6a1242f48e9ab77257,bc1fd3ebe710245a2b56359c12a723983a1561bde63e3b0b4bb20f0fbc68479e,fae9b80b4b9bbecd172da441f7a298732dc4ec9c5fd56650a16ee48bf4f2164a,c3a0cabd7487508470d585545f7b6a856897b0410105302f1b4d5c12944c190d,0.36840712500270456
6,tv,1.0,0.1,r6_tv_sigma1_lr0.1,116,ok,,1.514254511775754,7.212832222509294,66,2.1706378211709167,0.025673528537297378,0.055727932045968535,0.055727932045968535,b240340bda42b13e461b839e854e8931eb9b197c11fad589d1f07877b5a6c105,9cd885e5773e1a61573e6e4ab8e32f5435362a42796d8eff0025ba8c01455816,67eaeaae05cc33550f061649f99bb92951375c55491458d36e2f1c224114a8b1,0d285e8573294ff0f8d626c9d7c79b1ffa6d14fb3071ba7be902aa48627a1c7e,0.36836624999705236
6,tv,1.0,0.1,r6_tv_sigma1_lr0.1,117,ok,,0.916941036447988,6.550986702482727,66,2.7967643418458685,0.015501301646267462,0.0433534876964775,0.0433534876964775,2ff937c83d36f7b3a5406c91e8755c50ce932575e34db68925452587b0ab77d6,402a25298a9acbc5abce157f274c26389cdb90f04be171fa07ccd19e6af98b90,6d2e8203ab09f7481803ba6cac1d0fef11989f0d29cc5ddaeca62054fed6f238,32821079a74fe63f445d951a557ad18447fced01821fc77b6b8d137d2fe48881,0.3688683750006021
6,tv,1.0,0.1,r6_tv_sigma1_lr0.1,118,ok,,1.2948603963198402,7.071215309072049,66,2.4809218881626087,0.022445334512134332,0.055685121678285675,0.055685121678285675,f9372f8f74b3a18b86f9a9dd960278381003e836073cde71119d3b892dde9434,cbba1f67e2c26a1f241163d14c4d955aa93c178f38e5f65ab484b62775596dbb,3672d037714419789c221c8c7564a09d4bd2e60bbf08a0fa3cd13f9a40a45c57,ffdd2708cda2855a18fd4a81398631fadb59f1610b8dd3d36eefe8f678572c16,0.367680166993523
6,tv,1.0,0.1,r6_tv_sigma1_lr0.1,119,ok,,2.268390973416657,7.861877330235855,66,2.7601525204188415,0.014975047218654978,0.0413334143239617,0.0413334143239617,9cc5a5818d004f0f1492c246ba3ab8685b2df3f7dfd15cdf113ebebec42d8dee,f94f9210ef1ff1dfbe682a6006a492d2d383f30e3f71941cdb5c0b2c8319d6f5,a56289775eec0ce432a321db146cf9b88569ccab3daaa3aefaeb57ea0050cb73,01bf4e2b10f88360652600d185a9d719f05502f25f089d70da96eafa7fe4dfe3,0.3655397920010728
6,tv,1.0,0.1,r6_tv_sigma1_lr0.1,120,ok,,1.7637145984975802,7.582493245558022,66,2.7707238183244627,0.018698245308009485,0.05180767363577551,0.05180767363577551,69e5aaf107b63f46b6b057dfe99d3189e4f485b9649136f1718f398f646e43c6,4939936f888881fec7dcaaa22bdc939f3e13b0069e4581c8b191c627c7ad6d41,be8ede604a893ee87034e6fb596cea91ea3be8f191d448807bebae1ef6fbfe79,dff4b17a330f664ec4d31f507c7603e7842ac94d65226c760d6e78cfa953aeb7,0.36760391700227046
6,tv,1.0,0.2,r6_tv_sigma1_lr0.2,111,ok,,0.804149208028645,6.615583863818187,66,2.369420646847897,0.022942976098119575,0.054361561267022324,0.054361561267022324,6f4599f803588363f7f3f06a30082972087391773f80fd6d7eb3eadc6484859e,922c88498695bd4cd2bce85cb58cec5948b0b2180f15c65c83fd8961fa62e3fc,46ec6552ea8abd2c67a85ebf993bb74a1984e0f557904f8a35ae4eb6d2b596da,ff013eda1d426d67006a334f6583897c614d689f5823b14c442be63e78bb3962,0.37054537500080187
6,tv,1.0,0.2,r6_tv_sigma1_lr0.2,112,ok,,1.6162298290813104,7.243183088932818,66,2.484115095111566,0.023547725878688183,0.058495261310798574,0.058495261310798574,23158049f8a287709543a55b89f8943218b08cba397a67e034633640e70c99f6,4f0dfaf22fde2be953d09f6d5e1d430f855a074012b1744b4581503ac11ff36c,b0126d22db14df8032614d0be237f7ba7f8faae015df79310d48a47a7e019709,3dd0b47c3c1ce23069083c16d0c2272714da54db5025db5646fd1228b010a5e8,0.37226616599946283
6,tv,1.0,0.2,r6_tv_sigma1_lr0.2,113,ok,,1.3000625954429053,6.911297410547572,66,2.107633861676373,0.029948207238582002,0.06311985567253689,0.06311985567253689,1130bcd06d370ab57f1bc3a67409c755b267648b80a0f46e840060bb010d3ab8,191c09e53d0a687f6cad40fa2d14867ca63354cc5fb8b3e5cd829abf5c3cde96,494a09d0cb32c8fd575150abd91ad12074451b075c550159cd5a0edda3ce9c1b,db95c591d5ad7a1f08531cf0e04985b931fc730f28e8ed47b8c7c5d8ecd8db0c,0.36940758299897425
6,tv,1.0,0.2,r6_tv_sigma1_lr0.2,114,ok,,1.1294090115793671,6.890729285010679,66,2.7075111680780144,0.018355133624475915,0.049696729279832826,0.04969672927983282,c8a7a565f4c34afcedf377bd8a33aee023bbafec99430b278d5183f906311b3e,3e40fb00f0d7336f12289747d25109e06baa7865eaf0c7dd6f89a85970ed7fd9,9fc9306ab4737b5804dc59a07264243c6abc622ca16efa0cd4d6bddf38b05e36,52ceac77e1e0c99a5de90b23d52d3e2f15eb08da92d5b6842d3e92834a138f22,0.36726474999886705
6,tv,1.0,0.2,r6_tv_sigma1_lr0.2,115,ok,,1.006075325975531,6.536555608184385,66,3.9507325846842174,0.013144830419963225,0.05193170986029704,0.05193170986029704,21e3187a25ce542a7fda12331f6df5573b7aa9cfb19c4d6a1242f48e9ab77257,bc1fd3ebe710245a2b56359c12a723983a1561bde63e3b0b4bb20f0fbc68479e,fae9b80b4b9bbecd172da441f7a298732dc4ec9c5fd56650a16ee48bf4f2164a,c3a0cabd7487508470d585545f7b6a856897b0410105302f1b4d5c12944c190d,0.37219349999941187
6,tv,1.0,0.2,r6_tv_sigma1_lr0.2,116,ok,,1.3199830998773165,7.031713354792052,66,2.1706378211709167,0.025673528537297378,0.055727932045968535,0.055727932045968535,b240340bda42b13e461b839e854e8931eb9b197c11fad589d1f07877b5a6c105,9cd885e5773e1a61573e6e4ab8e32f5435362a42796d8eff0025ba8c01455816,67eaeaae05cc33550f061649f99bb92951375c55491458d36e2f1c224114a8b1,0d285e8573294ff0f8d626c9d7c79b1ffa6d14fb3071ba7be902aa48627a1c7e,0.37786995799979195
6,tv,1.0,0.2,r6_tv_sigma1_lr0.2,117,ok,,0.840129118400666,6.485831429549974,66,2.7967643418458685,0.015501301646267462,0.0433534876964775,0.0433534876964775,2ff937c83d36f7b3a5406c91e8755c50ce932575e34db68925452587b0ab77d6,402a25298a9acbc5abce157f274c26389cdb90f04be171fa07ccd19e6af98b90,6d2e8203ab09f7481803ba6cac1d0fef11989f0d29cc5ddaeca62054fed6f238,32821079a74fe63f445d951a557ad18447fced01821fc77b6b8d137d2fe48881,0.37681824999890523
6,tv,1.0,0.2,r6_tv_sigma1_lr0.2,118,ok,,1.2328870990629786,7.012690675667538,66,2.4809218881626087,0.022445334512134332,0.055685121678285675,0.055685121678285675,f9372f8f74b3a18b86f9a9dd960278381003e836073cde71119d3b892dde9434,cbba1f67e2c26a1f241163d14c4d955aa93c178f38e5f65ab484b62775596dbb,3672d037714419789c221c8c7564a09d4bd2e60bbf08a0fa3cd13f9a40a45c57,ffdd2708cda2855a18fd4a81398631fadb59f1610b8dd3d36eefe8f678572c16,0.3761287499946775
6,tv,1.0,0.2,r6_tv_sigma1_lr0.2,119,ok,,2.0225962630040506,7.644058368922004,66,2.7601525204188415,0.014975047218654978,0.0413334143239617,0.0413334143239617,9cc5a5818d004f0f1492c246ba3ab8685b2df3f7dfd15cdf113ebebec42d8dee,f94f9210ef1ff1dfbe682a6006a492d2d383f30e3f71941cdb5c0b2c8319d6f5,a56289775eec0ce432a321db146cf9b88569ccab3daaa3aefaeb57ea0050cb73,01bf4e2b10f88360652600d185a9d719f05502f25f089d70da96eafa7fe4dfe3,0.3778497500024969
6,tv,1.0,0.2,r6_tv_sigma1_lr0.2,120,ok,,1.0911724591381433,6.900795690100189,66,2.7707238183244627,0.018698245308009485,0.05180767363577551,0.05180767363577551,69e5aaf107b63f46b6b057dfe99d3189e4f485b9649136f1718f398f646e43c6,4939936f888881fec7dcaaa22bdc939f3e13b0069e4581c8b191c627c7ad6d41,be8ede604a893ee87034e6fb596cea91ea3be8f191d448807bebae1ef6fbfe79,dff4b17a330f664ec4d31f507c7603e7842ac94d65226c760d6e78cfa953aeb7,0.37440274999971734
