radius,objective,sigma,lr,beta,seed,key,parameters,status,error,kl,validation_nll,recovery_1000,coverage_1000,sample_sha256,validation_sha256,mask_sha256,initial_sha256,seconds
1,mse,1,0.005,0.9,111,r1_mse_sigma1_lr0.005,12,ok,,0.8892279893829236,6.693499366580698,0.3644166508084854,0.10531641208365228,6f4599f803588363f7f3f06a30082972087391773f80fd6d7eb3eadc6484859e,ff013eda1d426d67006a334f6583897c614d689f5823b14c442be63e78bb3962,46ec6552ea8abd2c67a85ebf993bb74a1984e0f557904f8a35ae4eb6d2b596da,96b86ecff4362f2ef445a3be334302d34ae7d03d85e8e8e806ebcb97f39a0fbd,0.26952466706279665
1,mse,1,0.005,0.9,112,r1_mse_sigma1_lr0.005,12,ok,,0.8209209753073331,6.520739749616853,0.34459252826489534,0.10131020330987922,23158049f8a287709543a55b89f8943218b08cba397a67e034633640e70c99f6,3dd0b47c3c1ce23069083c16d0c2272714da54db5025db5646fd1228b010a5e8,b0126d22db14df8032614d0be237f7ba7f8faae015df79310d48a47a7e019709,7a9d6f6f44535dccefcd9f050c6d5219ff9b2ce985333f042c13252f7c8bbf9d,0.2692682920023799
1,mse,1,0.005,0.9,113,r1_mse_sigma1_lr0.005,12,ok,,0.8031520625670986,6.350777406353014,0.37927166751203106,0.11529858692365744,1130bcd06d370ab57f1bc3a67409c755b267648b80a0f46e840060bb010d3ab8,db95c591d5ad7a1f08531cf0e04985b931fc730f28e8ed47b8c7c5d8ecd8db0c,494a09d0cb32c8fd575150abd91ad12074451b075c550159cd5a0edda3ce9c1b,174e4c9150f344ddaa327ef8fb73e301f24a660f0e2ae0e21efac189efc41f4b,0.27068533294368535
1,mse,1,0.005,0.9,114,r1_mse_sigma1_lr0.005,12,ok,,0.7951855177117138,6.493387183991439,0.38404584632958644,0.113293524667228,c8a7a565f4c34afcedf377bd8a33aee023bbafec99430b278d5183f906311b3e,52ceac77e1e0c99a5de90b23d52d3e2f15eb08da92d5b6842d3e92834a138f22,9fc9306ab4737b5804dc59a07264243c6abc622ca16efa0cd4d6bddf38b05e36,f47ce7c8bc2f0244646fc94f66378c03c6d3a6333febd714bd1a1c5b1219d360,0.2629926250083372
1,mse,1,0.005,0.9,115,r1_mse_sigma1_lr0.005,12,ok,,0.8556003656722444,6.374238788901375,0.34407189476589856,0.10287749653500368,21e3187a25ce542a7fda12331f6df5573b7aa9cfb19c4d6a1242f48e9ab77257,c3a0cabd7487508470d585545f7b6a856897b0410105302f1b4d5c12944c190d,fae9b80b4b9bbecd172da441f7a298732dc4ec9c5fd56650a16ee48bf4f2164a,fc82017ddfa783d3b8de0fe6ba6dbcae9d0f983fa2ca1940d75987890c01e5b1,0.2666349579812959
1,mse,1,0.005,0.9,116,r1_mse_sigma1_lr0.005,12,ok,,0.7960496667514496,6.511447429229905,0.3503257820070243,0.10684936351214241,b240340bda42b13e461b839e854e8931eb9b197c11fad589d1f07877b5a6c105,0d285e8573294ff0f8d626c9d7c79b1ffa6d14fb3071ba7be902aa48627a1c7e,67eaeaae05cc33550f061649f99bb92951375c55491458d36e2f1c224114a8b1,627cd83614a1918f21688e7b56bc7c56cdb023030fa2b61dc00bdd2a71476f26,0.2677182919578627
1,mse,1,0.005,0.9,117,r1_mse_sigma1_lr0.005,12,ok,,0.8907539784006056,6.521534889418359,0.31736567646172487,0.09394024023267056,2ff937c83d36f7b3a5406c91e8755c50ce932575e34db68925452587b0ab77d6,32821079a74fe63f445d951a557ad18447fced01821fc77b6b8d137d2fe48881,6d2e8203ab09f7481803ba6cac1d0fef11989f0d29cc5ddaeca62054fed6f238,3aa7f617f1e6bb331705e0b54586061851eddcd0f484aba7e5ddf22b6bf45eb9,0.26864170806948096
1,mse,1,0.005,0.9,118,r1_mse_sigma1_lr0.005,12,ok,,0.8005658850339763,6.4930252773678365,0.3765439885934269,0.10806812472631352,f9372f8f74b3a18b86f9a9dd960278381003e836073cde71119d3b892dde9434,ffdd2708cda2855a18fd4a81398631fadb59f1610b8dd3d36eefe8f678572c16,3672d037714419789c221c8c7564a09d4bd2e60bbf08a0fa3cd13f9a40a45c57,63674289799a75e81a2439fee851a11a30ef752f714ba1cbbd788542b68b464e,0.27012637502048165
1,mse,1,0.005,0.9,119,r1_mse_sigma1_lr0.005,12,ok,,0.8032466795895923,6.411891900679717,0.3758051556993245,0.11086252093130072,9cc5a5818d004f0f1492c246ba3ab8685b2df3f7dfd15cdf113ebebec42d8dee,01bf4e2b10f88360652600d185a9d719f05502f25f089d70da96eafa7fe4dfe3,a56289775eec0ce432a321db146cf9b88569ccab3daaa3aefaeb57ea0050cb73,55184240c009f311879b70da2d8309106fedd0c02ebba548f2a08fb9087a23fe,0.2683434169739485
1,mse,1,0.005,0.9,120,r1_mse_sigma1_lr0.005,12,ok,,0.8078243085083406,6.485804180523439,0.39223753242799164,0.11531783453382954,69e5aaf107b63f46b6b057dfe99d3189e4f485b9649136f1718f398f646e43c6,dff4b17a330f664ec4d31f507c7603e7842ac94d65226c760d6e78cfa953aeb7,be8ede604a893ee87034e6fb596cea91ea3be8f191d448807bebae1ef6fbfe79,7e0ff4802f886734f8d2147c6f421dd3113c80b48435574319bfbbad8b7330fa,0.26738529198337346
1,mse,1,0.01,0.9,111,r1_mse_sigma1_lr0.01,12,ok,,0.8007791098814112,6.633369692539312,0.3435818501648585,0.0992951546976441,6f4599f803588363f7f3f06a30082972087391773f80fd6d7eb3eadc6484859e,ff013eda1d426d67006a334f6583897c614d689f5823b14c442be63e78bb3962,46ec6552ea8abd2c67a85ebf993bb74a1984e0f557904f8a35ae4eb6d2b596da,96b86ecff4362f2ef445a3be334302d34ae7d03d85e8e8e806ebcb97f39a0fbd,0.26832637505140156
1,mse,1,0.01,0.9,112,r1_mse_sigma1_lr0.01,12,ok,,0.8099326486969265,6.494468303376511,0.3110621721163803,0.09145227860221582,23158049f8a287709543a55b89f8943218b08cba397a67e034633640e70c99f6,3dd0b47c3c1ce23069083c16d0c2272714da54db5025db5646fd1228b010a5e8,b0126d22db14df8032614d0be237f7ba7f8faae015df79310d48a47a7e019709,7a9d6f6f44535dccefcd9f050c6d5219ff9b2ce985333f042c13252f7c8bbf9d,0.27055391599424183
1,mse,1,0.01,0.9,113,r1_mse_sigma1_lr0.01,12,ok,,0.7737982709290367,6.29426003863838,0.34134236062377,0.10376807762962607,1130bcd06d370ab57f1bc3a67409c755b267648b80a0f46e840060bb010d3ab8,db95c591d5ad7a1f08531cf0e04985b931fc730f28e8ed47b8c7c5d8ecd8db0c,494a09d0cb32c8fd575150abd91ad12074451b075c550159cd5a0edda3ce9c1b,174e4c9150f344ddaa327ef8fb73e301f24a660f0e2ae0e21efac189efc41f4b,0.2983549169730395
1,mse,1,0.01,0.9,114,r1_mse_sigma1_lr0.01,12,ok,,0.6922835015414396,6.3833469365616295,0.3472097354682968,0.10242687196314756,c8a7a565f4c34afcedf377bd8a33aee023bbafec99430b278d5183f906311b3e,52ceac77e1e0c99a5de90b23d52d3e2f15eb08da92d5b6842d3e92834a138f22,9fc9306ab4737b5804dc59a07264243c6abc622ca16efa0cd4d6bddf38b05e36,f47ce7c8bc2f0244646fc94f66378c03c6d3a6333febd714bd1a1c5b1219d360,0.3048815419897437
1,mse,1,0.01,0.9,115,r1_mse_sigma1_lr0.01,12,ok,,0.8858221693095827,6.393105715901773,0.3128057953829957,0.09352893281951571,21e3187a25ce542a7fda12331f6df5573b7aa9cfb19c4d6a1242f48e9ab77257,c3a0cabd7487508470d585545f7b6a856897b0410105302f1b4d5c12944c190d,fae9b80b4b9bbecd172da441f7a298732dc4ec9c5fd56650a16ee48bf4f2164a,fc82017ddfa783d3b8de0fe6ba6dbcae9d0f983fa2ca1940d75987890c01e5b1,0.29376562498509884
1,mse,1,0.01,0.9,116,r1_mse_sigma1_lr0.01,12,ok,,0.829139973793121,6.565587796101086,0.312351511109772,0.09526721088848046,b240340bda42b13e461b839e854e8931eb9b197c11fad589d1f07877b5a6c105,0d285e8573294ff0f8d626c9d7c79b1ffa6d14fb3071ba7be902aa48627a1c7e,67eaeaae05cc33550f061649f99bb92951375c55491458d36e2f1c224114a8b1,627cd83614a1918f21688e7b56bc7c56cdb023030fa2b61dc00bdd2a71476f26,0.26963941706344485
1,mse,1,0.01,0.9,117,r1_mse_sigma1_lr0.01,12,ok,,0.8562943575757005,6.485963093232934,0.305615221003381,0.09046210541700078,2ff937c83d36f7b3a5406c91e8755c50ce932575e34db68925452587b0ab77d6,32821079a74fe63f445d951a557ad18447fced01821fc77b6b8d137d2fe48881,6d2e8203ab09f7481803ba6cac1d0fef11989f0d29cc5ddaeca62054fed6f238,3aa7f617f1e6bb331705e0b54586061851eddcd0f484aba7e5ddf22b6bf45eb9,0.26628016598988324
1,mse,1,0.01,0.9,118,r1_mse_sigma1_lr0.01,12,ok,,0.709592574099001,6.433676086259395,0.3569652556577388,0.10244902837377103,f9372f8f74b3a18b86f9a9dd960278381003e836073cde71119d3b892dde9434,ffdd2708cda2855a18fd4a81398631fadb59f1610b8dd3d36eefe8f678572c16,3672d037714419789c221c8c7564a09d4bd2e60bbf08a0fa3cd13f9a40a45c57,63674289799a75e81a2439fee851a11a30ef752f714ba1cbbd788542b68b464e,0.27132499997969717
1,mse,1,0.01,0.9,119,r1_mse_sigma1_lr0.01,12,ok,,0.7166704988375403,6.319420152930177,0.3508342729039209,0.10349611050665666,9cc5a5818d004f0f1492c246ba3ab8685b2df3f7dfd15cdf113ebebec42d8dee,01bf4e2b10f88360652600d185a9d719f05502f25f089d70da96eafa7fe4dfe3,a56289775eec0ce432a321db146cf9b88569ccab3daaa3aefaeb57ea0050cb73,55184240c009f311879b70da2d8309106fedd0c02ebba548f2a08fb9087a23fe,0.2712560830404982
1,mse,1,0.01,0.9,120,r1_mse_sigma1_lr0.01,12,ok,,0.6593143085784215,6.3459009775211435,0.3674306641646801,0.10802461526441595,69e5aaf107b63f46b6b057dfe99d3189e4f485b9649136f1718f398f646e43c6,dff4b17a330f664ec4d31f507c7603e7842ac94d65226c760d6e78cfa953aeb7,be8ede604a893ee87034e6fb596cea91ea3be8f191d448807bebae1ef6fbfe79,7e0ff4802f886734f8d2147c6f421dd3113c80b48435574319bfbbad8b7330fa,0.2720522499876097
1,mse,1,0.02,0.9,111,r1_mse_sigma1_lr0.02,12,ok,,0.823970348424491,6.652921234393949,0.34269950486138606,0.09904015690494057,6f4599f803588363f7f3f06a30082972087391773f80fd6d7eb3eadc6484859e,ff013eda1d426d67006a334f6583897c614d689f5823b14c442be63e78bb3962,46ec6552ea8abd2c67a85ebf993bb74a1984e0f557904f8a35ae4eb6d2b596da,96b86ecff4362f2ef445a3be334302d34ae7d03d85e8e8e806ebcb97f39a0fbd,0.27464220800902694
1,mse,1,0.02,0.9,112,r1_mse_sigma1_lr0.02,12,ok,,0.8186251805811431,6.501680361907074,0.31123110694300893,0.09150194544124463,23158049f8a287709543a55b89f8943218b08cba397a67e034633640e70c99f6,3dd0b47c3c1ce23069083c16d0c2272714da54db5025db5646fd1228b010a5e8,b0126d22db14df8032614d0be237f7ba7f8faae015df79310d48a47a7e019709,7a9d6f6f44535dccefcd9f050c6d5219ff9b2ce985333f042c13252f7c8bbf9d,0.2690255830530077
1,mse,1,0.02,0.9,113,r1_mse_sigma1_lr0.02,12,ok,,0.7775459893739141,6.297728926941096,0.3415629758718282,0.10383514466503578,1130bcd06d370ab57f1bc3a67409c755b267648b80a0f46e840060bb010d3ab8,db95c591d5ad7a1f08531cf0e04985b931fc730f28e8ed47b8c7c5d8ecd8db0c,494a09d0cb32c8fd575150abd91ad12074451b075c550159cd5a0edda3ce9c1b,174e4c9150f344ddaa327ef8fb73e301f24a660f0e2ae0e21efac189efc41f4b,0.27031395805533975
1,mse,1,0.02,0.9,114,r1_mse_sigma1_lr0.02,12,ok,,0.7011757831056142,6.388682160495402,0.34662589336083405,0.10225463854144604,c8a7a565f4c34afcedf377bd8a33aee023bbafec99430b278d5183f906311b3e,52ceac77e1e0c99a5de90b23d52d3e2f15eb08da92d5b6842d3e92834a138f22,9fc9306ab4737b5804dc59a07264243c6abc622ca16efa0cd4d6bddf38b05e36,f47ce7c8bc2f0244646fc94f66378c03c6d3a6333febd714bd1a1c5b1219d360,0.2711091670207679
1,mse,1,0.02,0.9,115,r1_mse_sigma1_lr0.02,12,ok,,0.8976526360328774,6.410556084752965,0.3126797794386238,0.09349125405214852,21e3187a25ce542a7fda12331f6df5573b7aa9cfb19c4d6a1242f48e9ab77257,c3a0cabd7487508470d585545f7b6a856897b0410105302f1b4d5c12944c190d,fae9b80b4b9bbecd172da441f7a298732dc4ec9c5fd56650a16ee48bf4f2164a,fc82017ddfa783d3b8de0fe6ba6dbcae9d0f983fa2ca1940d75987890c01e5b1,0.26989908306859434
1,mse,1,0.02,0.9,116,r1_mse_sigma1_lr0.02,12,ok,,0.8352300756820217,6.572566798570037,0.31257438210386757,0.0953351865416796,b240340bda42b13e461b839e854e8931eb9b197c11fad589d1f07877b5a6c105,0d285e8573294ff0f8d626c9d7c79b1ffa6d14fb3071ba7be902aa48627a1c7e,67eaeaae05cc33550f061649f99bb92951375c55491458d36e2f1c224114a8b1,627cd83614a1918f21688e7b56bc7c56cdb023030fa2b61dc00bdd2a71476f26,0.26816495798993856
1,mse,1,0.02,0.9,117,r1_mse_sigma1_lr0.02,12,ok,,0.8714620954135127,6.501806416019861,0.3047257312353862,0.0901988164456743,2ff937c83d36f7b3a5406c91e8755c50ce932575e34db68925452587b0ab77d6,32821079a74fe63f445d951a557ad18447fced01821fc77b6b8d137d2fe48881,6d2e8203ab09f7481803ba6cac1d0fef11989f0d29cc5ddaeca62054fed6f238,3aa7f617f1e6bb331705e0b54586061851eddcd0f484aba7e5ddf22b6bf45eb9,0.26920679106842726
1,mse,1,0.02,0.9,118,r1_mse_sigma1_lr0.02,12,ok,,0.7139585440628557,6.436807615065149,0.35691056252638276,0.10243333144507186,f9372f8f74b3a18b86f9a9dd960278381003e836073cde71119d3b892dde9434,ffdd2708cda2855a18fd4a81398631fadb59f1610b8dd3d36eefe8f678572c16,3672d037714419789c221c8c7564a09d4bd2e60bbf08a0fa3cd13f9a40a45c57,63674289799a75e81a2439fee851a11a30ef752f714ba1cbbd788542b68b464e,0.26751837506890297
1,mse,1,0.02,0.9,119,r1_mse_sigma1_lr0.02,12,ok,,0.7219222491294275,6.3206200267643196,0.35122815171422794,0.10361230475569724,9cc5a5818d004f0f1492c246ba3ab8685b2df3f7dfd15cdf113ebebec42d8dee,01bf4e2b10f88360652600d185a9d719f05502f25f089d70da96eafa7fe4dfe3,a56289775eec0ce432a321db146cf9b88569ccab3daaa3aefaeb57ea0050cb73,55184240c009f311879b70da2d8309106fedd0c02ebba548f2a08fb9087a23fe,0.2678522920468822
1,mse,1,0.02,0.9,120,r1_mse_sigma1_lr0.02,12,ok,,0.666713080028867,6.3540785000417905,0.3667288974611725,0.10781829585358471,69e5aaf107b63f46b6b057dfe99d3189e4f485b9649136f1718f398f646e43c6,dff4b17a330f664ec4d31f507c7603e7842ac94d65226c760d6e78cfa953aeb7,be8ede604a893ee87034e6fb596cea91ea3be8f191d448807bebae1ef6fbfe79,7e0ff4802f886734f8d2147c6f421dd3113c80b48435574319bfbbad8b7330fa,0.27109670802019536
1,mse,1,0.05,0.9,111,r1_mse_sigma1_lr0.05,12,ok,,0.82346130667777,6.653257093762283,0.3426971511809893,0.0990394766913059,6f4599f803588363f7f3f06a30082972087391773f80fd6d7eb3eadc6484859e,ff013eda1d426d67006a334f6583897c614d689f5823b14c442be63e78bb3962,46ec6552ea8abd2c67a85ebf993bb74a1984e0f557904f8a35ae4eb6d2b596da,96b86ecff4362f2ef445a3be334302d34ae7d03d85e8e8e806ebcb97f39a0fbd,0.2744722079951316
1,mse,1,0.05,0.9,112,r1_mse_sigma1_lr0.05,12,ok,,0.8186590715316908,6.501716517933485,0.3112301563594757,0.09150166596968586,23158049f8a287709543a55b89f8943218b08cba397a67e034633640e70c99f6,3dd0b47c3c1ce23069083c16d0c2272714da54db5025db5646fd1228b010a5e8,b0126d22db14df8032614d0be237f7ba7f8faae015df79310d48a47a7e019709,7a9d6f6f44535dccefcd9f050c6d5219ff9b2ce985333f042c13252f7c8bbf9d,0.2775309579446912
1,mse,1,0.05,0.9,113,r1_mse_sigma1_lr0.05,12,ok,,0.7775073869786775,6.2977292643714335,0.34156440384792647,0.10383557876976965,1130bcd06d370ab57f1bc3a67409c755b267648b80a0f46e840060bb010d3ab8,db95c591d5ad7a1f08531cf0e04985b931fc730f28e8ed47b8c7c5d8ecd8db0c,494a09d0cb32c8fd575150abd91ad12074451b075c550159cd5a0edda3ce9c1b,174e4c9150f344ddaa327ef8fb73e301f24a660f0e2ae0e21efac189efc41f4b,0.2766672499710694
1,mse,1,0.05,0.9,114,r1_mse_sigma1_lr0.05,12,ok,,0.7009585578928241,6.3885830638323275,0.34661760653240653,0.10225219392705992,c8a7a565f4c34afcedf377bd8a33aee023bbafec99430b278d5183f906311b3e,52ceac77e1e0c99a5de90b23d52d3e2f15eb08da92d5b6842d3e92834a138f22,9fc9306ab4737b5804dc59a07264243c6abc622ca16efa0cd4d6bddf38b05e36,f47ce7c8bc2f0244646fc94f66378c03c6d3a6333febd714bd1a1c5b1219d360,0.2871148328995332
1,mse,1,0.05,0.9,115,r1_mse_sigma1_lr0.05,12,ok,,0.897654471352014,6.410552483690696,0.31267987550469867,0.0934912827759049,21e3187a25ce542a7fda12331f6df5573b7aa9cfb19c4d6a1242f48e9ab77257,c3a0cabd7487508470d585545f7b6a856897b0410105302f1b4d5c12944c190d,fae9b80b4b9bbecd172da441f7a298732dc4ec9c5fd56650a16ee48bf4f2164a,fc82017ddfa783d3b8de0fe6ba6dbcae9d0f983fa2ca1940d75987890c01e5b1,0.290056666941382
1,mse,1,0.05,0.9,116,r1_mse_sigma1_lr0.05,12,ok,,0.8352126566841154,6.572551301003627,0.3125785157042834,0.09533644728980645,b240340bda42b13e461b839e854e8931eb9b197c11fad589d1f07877b5a6c105,0d285e8573294ff0f8d626c9d7c79b1ffa6d14fb3071ba7be902aa48627a1c7e,67eaeaae05cc33550f061649f99bb92951375c55491458d36e2f1c224114a8b1,627cd83614a1918f21688e7b56bc7c56cdb023030fa2b61dc00bdd2a71476f26,0.30197058303747326
1,mse,1,0.05,0.9,117,r1_mse_sigma1_lr0.05,12,ok,,0.8715361907770961,6.5018543840017085,0.3047214967538837,0.09019756303914958,2ff937c83d36f7b3a5406c91e8755c50ce932575e34db68925452587b0ab77d6,32821079a74fe63f445d951a557ad18447fced01821fc77b6b8d137d2fe48881,6d2e8203ab09f7481803ba6cac1d0fef11989f0d29cc5ddaeca62054fed6f238,3aa7f617f1e6bb331705e0b54586061851eddcd0f484aba7e5ddf22b6bf45eb9,0.32909787504468113
1,mse,1,0.05,0.9,118,r1_mse_sigma1_lr0.05,12,ok,,0.7139311972255155,6.436793772271875,0.35690981022986573,0.10243311553597147,f9372f8f74b3a18b86f9a9dd960278381003e836073cde71119d3b892dde9434,ffdd2708cda2855a18fd4a81398631fadb59f1610b8dd3d36eefe8f678572c16,3672d037714419789c221c8c7564a09d4bd2e60bbf08a0fa3cd13f9a40a45c57,63674289799a75e81a2439fee851a11a30ef752f714ba1cbbd788542b68b464e,0.33225262502674013
1,mse,1,0.05,0.9,119,r1_mse_sigma1_lr0.05,12,ok,,0.721996671426635,6.320639940595301,0.35123050879267137,0.10361300009383806,9cc5a5818d004f0f1492c246ba3ab8685b2df3f7dfd15cdf113ebebec42d8dee,01bf4e2b10f88360652600d185a9d719f05502f25f089d70da96eafa7fe4dfe3,a56289775eec0ce432a321db146cf9b88569ccab3daaa3aefaeb57ea0050cb73,55184240c009f311879b70da2d8309106fedd0c02ebba548f2a08fb9087a23fe,0.3308455420192331
1,mse,1,0.05,0.9,120,r1_mse_sigma1_lr0.05,12,ok,,0.6667635594823265,6.3541084013324305,0.3667332115005919,0.10781956418117401,69e5aaf107b63f46b6b057dfe99d3189e4f485b9649136f1718f398f646e43c6,dff4b17a330f664ec4d31f507c7603e7842ac94d65226c760d6e78cfa953aeb7,be8ede604a893ee87034e6fb596cea91ea3be8f191d448807bebae1ef6fbfe79,7e0ff4802f886734f8d2147c6f421dd3113c80b48435574319bfbbad8b7330fa,0.3174005829496309
1,mse,1,0.1,0.9,111,r1_mse_sigma1_lr0.1,12,ok,,0.8234613064883609,6.653257093556185,0.3426971511836672,0.09903947669207983,6f4599f803588363f7f3f06a30082972087391773f80fd6d7eb3eadc6484859e,ff013eda1d426d67006a334f6583897c614d689f5823b14c442be63e78bb3962,46ec6552ea8abd2c67a85ebf993bb74a1984e0f557904f8a35ae4eb6d2b596da,96b86ecff4362f2ef445a3be334302d34ae7d03d85e8e8e806ebcb97f39a0fbd,0.32534537510946393
1,mse,1,0.1,0.9,112,r1_mse_sigma1_lr0.1,12,ok,,0.8186590710215886,6.5017165173571705,0.3112301564853489,0.09150166600669257,23158049f8a287709543a55b89f8943218b08cba397a67e034633640e70c99f6,3dd0b47c3c1ce23069083c16d0c2272714da54db5025db5646fd1228b010a5e8,b0126d22db14df8032614d0be237f7ba7f8faae015df79310d48a47a7e019709,7a9d6f6f44535dccefcd9f050c6d5219ff9b2ce985333f042c13252f7c8bbf9d,0.3243396250763908
1,mse,1,0.1,0.9,113,r1_mse_sigma1_lr0.1,12,ok,,0.7775073874565915,6.297729264580145,0.34156440384826436,0.10383557876987237,1130bcd06d370ab57f1bc3a67409c755b267648b80a0f46e840060bb010d3ab8,db95c591d5ad7a1f08531cf0e04985b931fc730f28e8ed47b8c7c5d8ecd8db0c,494a09d0cb32c8fd575150abd91ad12074451b075c550159cd5a0edda3ce9c1b,174e4c9150f344ddaa327ef8fb73e301f24a660f0e2ae0e21efac189efc41f4b,0.3258709160145372
1,mse,1,0.1,0.9,114,r1_mse_sigma1_lr0.1,12,ok,,0.7009585580365492,6.388583063970762,0.3466176064403048,0.10225219389988992,c8a7a565f4c34afcedf377bd8a33aee023bbafec99430b278d5183f906311b3e,52ceac77e1e0c99a5de90b23d52d3e2f15eb08da92d5b6842d3e92834a138f22,9fc9306ab4737b5804dc59a07264243c6abc622ca16efa0cd4d6bddf38b05e36,f47ce7c8bc2f0244646fc94f66378c03c6d3a6333febd714bd1a1c5b1219d360,0.31976779096294194
1,mse,1,0.1,0.9,115,r1_mse_sigma1_lr0.1,12,ok,,0.8976544714366715,6.4105524841561214,0.3126798755596599,0.09349128279233833,21e3187a25ce542a7fda12331f6df5573b7aa9cfb19c4d6a1242f48e9ab77257,c3a0cabd7487508470d585545f7b6a856897b0410105302f1b4d5c12944c190d,fae9b80b4b9bbecd172da441f7a298732dc4ec9c5fd56650a16ee48bf4f2164a,fc82017ddfa783d3b8de0fe6ba6dbcae9d0f983fa2ca1940d75987890c01e5b1,0.3094247920671478
1,mse,1,0.1,0.9,116,r1_mse_sigma1_lr0.1,12,ok,,0.8352126562812282,6.572551300669222,0.31257851579070245,0.09533644731616425,b240340bda42b13e461b839e854e8931eb9b197c11fad589d1f07877b5a6c105,0d285e8573294ff0f8d626c9d7c79b1ffa6d14fb3071ba7be902aa48627a1c7e,67eaeaae05cc33550f061649f99bb92951375c55491458d36e2f1c224114a8b1,627cd83614a1918f21688e7b56bc7c56cdb023030fa2b61dc00bdd2a71476f26,0.294574833009392
1,mse,1,0.1,0.9,117,r1_mse_sigma1_lr0.1,12,ok,,0.8715361898016213,6.501854383033626,0.30472149696668943,0.09019756310214007,2ff937c83d36f7b3a5406c91e8755c50ce932575e34db68925452587b0ab77d6,32821079a74fe63f445d951a557ad18447fced01821fc77b6b8d137d2fe48881,6d2e8203ab09f7481803ba6cac1d0fef11989f0d29cc5ddaeca62054fed6f238,3aa7f617f1e6bb331705e0b54586061851eddcd0f484aba7e5ddf22b6bf45eb9,0.2953686249675229
1,mse,1,0.1,0.9,118,r1_mse_sigma1_lr0.1,12,ok,,0.7139311971360289,6.436793772152083,0.3569098102817467,0.1024331155508613,f9372f8f74b3a18b86f9a9dd960278381003e836073cde71119d3b892dde9434,ffdd2708cda2855a18fd4a81398631fadb59f1610b8dd3d36eefe8f678572c16,3672d037714419789c221c8c7564a09d4bd2e60bbf08a0fa3cd13f9a40a45c57,63674289799a75e81a2439fee851a11a30ef752f714ba1cbbd788542b68b464e,0.3007333750138059
1,mse,1,0.1,0.9,119,r1_mse_sigma1_lr0.1,12,ok,,0.721996671864392,6.3206399408953695,0.3512305086914797,0.10361300006398651,9cc5a5818d004f0f1492c246ba3ab8685b2df3f7dfd15cdf113ebebec42d8dee,01bf4e2b10f88360652600d185a9d719f05502f25f089d70da96eafa7fe4dfe3,a56289775eec0ce432a321db146cf9b88569ccab3daaa3aefaeb57ea0050cb73,55184240c009f311879b70da2d8309106fedd0c02ebba548f2a08fb9087a23fe,0.3090417080093175
1,mse,1,0.1,0.9,120,r1_mse_sigma1_lr0.1,12,ok,,0.6667635592248431,6.354108401033178,0.36673321164995204,0.1078195642250859,69e5aaf107b63f46b6b057dfe99d3189e4f485b9649136f1718f398f646e43c6,dff4b17a330f664ec4d31f507c7603e7842ac94d65226c760d6e78cfa953aeb7,be8ede604a893ee87034e6fb596cea91ea3be8f191d448807bebae1ef6fbfe79,7e0ff4802f886734f8d2147c6f421dd3113c80b48435574319bfbbad8b7330fa,0.30370916600804776
1,mse,1,0.2,0.9,111,r1_mse_sigma1_lr0.2,12,ok,,0.8234613065424274,6.653257093651943,0.3426971511558216,0.09903947668403246,6f4599f803588363f7f3f06a30082972087391773f80fd6d7eb3eadc6484859e,ff013eda1d426d67006a334f6583897c614d689f5823b14c442be63e78bb3962,46ec6552ea8abd2c67a85ebf993bb74a1984e0f557904f8a35ae4eb6d2b596da,96b86ecff4362f2ef445a3be334302d34ae7d03d85e8e8e806ebcb97f39a0fbd,0.31058875005692244
1,mse,1,0.2,0.9,112,r1_mse_sigma1_lr0.2,12,ok,,0.8186590715695641,6.501716517972471,0.3112301563537178,0.09150166596799303,23158049f8a287709543a55b89f8943218b08cba397a67e034633640e70c99f6,3dd0b47c3c1ce23069083c16d0c2272714da54db5025db5646fd1228b010a5e8,b0126d22db14df8032614d0be237f7ba7f8faae015df79310d48a47a7e019709,7a9d6f6f44535dccefcd9f050c6d5219ff9b2ce985333f042c13252f7c8bbf9d,0.2956296249758452
1,mse,1,0.2,0.9,113,r1_mse_sigma1_lr0.2,12,ok,,0.7775073872520386,6.2977292644272795,0.3415644038425809,0.1038355787681446,1130bcd06d370ab57f1bc3a67409c755b267648b80a0f46e840060bb010d3ab8,db95c591d5ad7a1f08531cf0e04985b931fc730f28e8ed47b8c7c5d8ecd8db0c,494a09d0cb32c8fd575150abd91ad12074451b075c550159cd5a0edda3ce9c1b,174e4c9150f344ddaa327ef8fb73e301f24a660f0e2ae0e21efac189efc41f4b,0.3133786250837147
1,mse,1,0.2,0.9,114,r1_mse_sigma1_lr0.2,12,ok,,0.7009585578297428,6.388583063773847,0.34661760653116913,0.1022521939266949,c8a7a565f4c34afcedf377bd8a33aee023bbafec99430b278d5183f906311b3e,52ceac77e1e0c99a5de90b23d52d3e2f15eb08da92d5b6842d3e92834a138f22,9fc9306ab4737b5804dc59a07264243c6abc622ca16efa0cd4d6bddf38b05e36,f47ce7c8bc2f0244646fc94f66378c03c6d3a6333febd714bd1a1c5b1219d360,0.32428737508598715
1,mse,1,0.2,0.9,115,r1_mse_sigma1_lr0.2,12,ok,,0.8976544713916623,6.41055248376542,0.31267987550225856,0.09349128277517531,21e3187a25ce542a7fda12331f6df5573b7aa9cfb19c4d6a1242f48e9ab77257,c3a0cabd7487508470d585545f7b6a856897b0410105302f1b4d5c12944c190d,fae9b80b4b9bbecd172da441f7a298732dc4ec9c5fd56650a16ee48bf4f2164a,fc82017ddfa783d3b8de0fe6ba6dbcae9d0f983fa2ca1940d75987890c01e5b1,0.33930908399634063
1,mse,1,0.2,0.9,116,r1_mse_sigma1_lr0.2,12,ok,,0.8352126567233745,6.5725513010483265,0.3125785156988714,0.09533644728815578,b240340bda42b13e461b839e854e8931eb9b197c11fad589d1f07877b5a6c105,0d285e8573294ff0f8d626c9d7c79b1ffa6d14fb3071ba7be902aa48627a1c7e,67eaeaae05cc33550f061649f99bb92951375c55491458d36e2f1c224114a8b1,627cd83614a1918f21688e7b56bc7c56cdb023030fa2b61dc00bdd2a71476f26,0.32820112502668053
1,mse,1,0.2,0.9,117,r1_mse_sigma1_lr0.2,12,ok,,0.8715361908259907,6.5018543840262195,0.30472149675602234,0.0901975630397826,2ff937c83d36f7b3a5406c91e8755c50ce932575e34db68925452587b0ab77d6,32821079a74fe63f445d951a557ad18447fced01821fc77b6b8d137d2fe48881,6d2e8203ab09f7481803ba6cac1d0fef11989f0d29cc5ddaeca62054fed6f238,3aa7f617f1e6bb331705e0b54586061851eddcd0f484aba7e5ddf22b6bf45eb9,0.33124266692902893
1,mse,1,0.2,0.9,118,r1_mse_sigma1_lr0.2,12,ok,,0.7139311974882493,6.436793772387379,0.3569098102208983,0.10243311553339782,f9372f8f74b3a18b86f9a9dd960278381003e836073cde71119d3b892dde9434,ffdd2708cda2855a18fd4a81398631fadb59f1610b8dd3d36eefe8f678572c16,3672d037714419789c221c8c7564a09d4bd2e60bbf08a0fa3cd13f9a40a45c57,63674289799a75e81a2439fee851a11a30ef752f714ba1cbbd788542b68b464e,0.32775629207026213
1,mse,1,0.2,0.9,119,r1_mse_sigma1_lr0.2,12,ok,,0.7219966717601067,6.320639940762706,0.3512305087919195,0.10361300009361626,9cc5a5818d004f0f1492c246ba3ab8685b2df3f7dfd15cdf113ebebec42d8dee,01bf4e2b10f88360652600d185a9d719f05502f25f089d70da96eafa7fe4dfe3,a56289775eec0ce432a321db146cf9b88569ccab3daaa3aefaeb57ea0050cb73,55184240c009f311879b70da2d8309106fedd0c02ebba548f2a08fb9087a23fe,0.356526333023794
1,mse,1,0.2,0.9,120,r1_mse_sigma1_lr0.2,12,ok,,0.6667635594958929,6.354108401344231,0.3667332115299124,0.10781956418979424,69e5aaf107b63f46b6b057dfe99d3189e4f485b9649136f1718f398f646e43c6,dff4b17a330f664ec4d31f507c7603e7842ac94d65226c760d6e78cfa953aeb7,be8ede604a893ee87034e6fb596cea91ea3be8f191d448807bebae1ef6fbfe79,7e0ff4802f886734f8d2147c6f421dd3113c80b48435574319bfbbad8b7330fa,0.3729719999246299
1,parity,0.75,0.02,0.9,111,r1_parity_sigma0.75_lr0.02,12,ok,,0.78467589796961,6.619537476036244,0.34884571882021304,0.10081641273904157,6f4599f803588363f7f3f06a30082972087391773f80fd6d7eb3eadc6484859e,ff013eda1d426d67006a334f6583897c614d689f5823b14c442be63e78bb3962,8fab7eb1dfc2006c517c0e7e9e69f75a99f3dc01832c43b11c9ba40c9bcd6823,96b86ecff4362f2ef445a3be334302d34ae7d03d85e8e8e806ebcb97f39a0fbd,0.32539212505798787
1,parity,0.75,0.02,0.9,112,r1_parity_sigma0.75_lr0.02,12,ok,,0.8247712175887216,6.506032498077675,0.31559783628631954,0.09278576386817795,23158049f8a287709543a55b89f8943218b08cba397a67e034633640e70c99f6,3dd0b47c3c1ce23069083c16d0c2272714da54db5025db5646fd1228b010a5e8,02f04c05a341d11e3b57c54926b2dbae6a2e489c24a16657054478fda872ca64,7a9d6f6f44535dccefcd9f050c6d5219ff9b2ce985333f042c13252f7c8bbf9d,0.3189084589248523
1,parity,0.75,0.02,0.9,113,r1_parity_sigma0.75_lr0.02,12,ok,,0.7110108611308118,6.255136274978532,0.35145646165599925,0.10684276434342378,1130bcd06d370ab57f1bc3a67409c755b267648b80a0f46e840060bb010d3ab8,db95c591d5ad7a1f08531cf0e04985b931fc730f28e8ed47b8c7c5d8ecd8db0c,1d1668fc7ae6e962f5f3b23083b5cf8c2778125e6999c83b21749b59535e825c,174e4c9150f344ddaa327ef8fb73e301f24a660f0e2ae0e21efac189efc41f4b,0.32028962508775294
1,parity,0.75,0.02,0.9,114,r1_parity_sigma0.75_lr0.02,12,ok,,0.6661706771050213,6.36590858515328,0.3516546673708804,0.10373812687440971,c8a7a565f4c34afcedf377bd8a33aee023bbafec99430b278d5183f906311b3e,52ceac77e1e0c99a5de90b23d52d3e2f15eb08da92d5b6842d3e92834a138f22,38002117c0ffdb4a9624b0cd256b65181fc12e3321756df0d82b3aabebebd605,f47ce7c8bc2f0244646fc94f66378c03c6d3a6333febd714bd1a1c5b1219d360,0.31721729203127325
1,parity,0.75,0.02,0.9,115,r1_parity_sigma0.75_lr0.02,12,ok,,0.7668925125807677,6.2726981934381145,0.33472974154854657,0.10008419272301541,21e3187a25ce542a7fda12331f6df5573b7aa9cfb19c4d6a1242f48e9ab77257,c3a0cabd7487508470d585545f7b6a856897b0410105302f1b4d5c12944c190d,20e1afcba9533c9a3cd05a6d7e63f13cc97f4d348c142d7f72917f8929ca02eb,fc82017ddfa783d3b8de0fe6ba6dbcae9d0f983fa2ca1940d75987890c01e5b1,0.31643191701732576
1,parity,0.75,0.02,0.9,116,r1_parity_sigma0.75_lr0.02,12,ok,,0.8850093823040673,6.617729387139486,0.30529842255672573,0.09311601887980135,b240340bda42b13e461b839e854e8931eb9b197c11fad589d1f07877b5a6c105,0d285e8573294ff0f8d626c9d7c79b1ffa6d14fb3071ba7be902aa48627a1c7e,a927dd1c515d66a61fb11e1c948c7e8042e5cfedc1c4b8d5dca9f3be9e46a7b7,627cd83614a1918f21688e7b56bc7c56cdb023030fa2b61dc00bdd2a71476f26,0.31812762503977865
1,parity,0.75,0.02,0.9,117,r1_parity_sigma0.75_lr0.02,12,ok,,0.8146559436611515,6.438430119361064,0.3165485211162645,0.09369836225041431,2ff937c83d36f7b3a5406c91e8755c50ce932575e34db68925452587b0ab77d6,32821079a74fe63f445d951a557ad18447fced01821fc77b6b8d137d2fe48881,b828baff1fb9f67c70b6dbea3cba487e81abd07d2e9720c22549cc121a9cf9ad,3aa7f617f1e6bb331705e0b54586061851eddcd0f484aba7e5ddf22b6bf45eb9,0.3239551249425858
1,parity,0.75,0.02,0.9,118,r1_parity_sigma0.75_lr0.02,12,ok,,0.7584524391405048,6.474866346700381,0.34018266035614153,0.09763242352221262,f9372f8f74b3a18b86f9a9dd960278381003e836073cde71119d3b892dde9434,ffdd2708cda2855a18fd4a81398631fadb59f1610b8dd3d36eefe8f678572c16,605f62e239322f5313d845a2d699f250ce6a7e0825aa8e661c4d9f8dc5f782d9,63674289799a75e81a2439fee851a11a30ef752f714ba1cbbd788542b68b464e,0.32523662503808737
1,parity,0.75,0.02,0.9,119,r1_parity_sigma0.75_lr0.02,12,ok,,0.67698723437265,6.272835475122771,0.3577722606506124,0.10554281689193065,9cc5a5818d004f0f1492c246ba3ab8685b2df3f7dfd15cdf113ebebec42d8dee,01bf4e2b10f88360652600d185a9d719f05502f25f089d70da96eafa7fe4dfe3,ca428a2d600b7cd0b47722decaa3f8e1a32769793f46a3ced6ba5f9ab631e1f2,55184240c009f311879b70da2d8309106fedd0c02ebba548f2a08fb9087a23fe,0.3275650000432506
1,parity,0.75,0.02,0.9,120,r1_parity_sigma0.75_lr0.02,12,ok,,0.7450064848410671,6.417237111666735,0.3533190789824016,0.10387580922082607,69e5aaf107b63f46b6b057dfe99d3189e4f485b9649136f1718f398f646e43c6,dff4b17a330f664ec4d31f507c7603e7842ac94d65226c760d6e78cfa953aeb7,5604d0b01aa38439978ff828fd8b23f34f58aaa29f9fc4cf46c8f2889862d932,7e0ff4802f886734f8d2147c6f421dd3113c80b48435574319bfbbad8b7330fa,0.346862250007689
1,parity,0.75,0.05,0.9,111,r1_parity_sigma0.75_lr0.05,12,ok,,0.7852561300800416,6.619670672769771,0.34882345430604716,0.10080997829444763,6f4599f803588363f7f3f06a30082972087391773f80fd6d7eb3eadc6484859e,ff013eda1d426d67006a334f6583897c614d689f5823b14c442be63e78bb3962,8fab7eb1dfc2006c517c0e7e9e69f75a99f3dc01832c43b11c9ba40c9bcd6823,96b86ecff4362f2ef445a3be334302d34ae7d03d85e8e8e806ebcb97f39a0fbd,0.35210191702935845
1,parity,0.75,0.05,0.9,112,r1_parity_sigma0.75_lr0.05,12,ok,,0.8252033483940255,6.50737504684412,0.31556337161325976,0.09277563125429836,23158049f8a287709543a55b89f8943218b08cba397a67e034633640e70c99f6,3dd0b47c3c1ce23069083c16d0c2272714da54db5025db5646fd1228b010a5e8,02f04c05a341d11e3b57c54926b2dbae6a2e489c24a16657054478fda872ca64,7a9d6f6f44535dccefcd9f050c6d5219ff9b2ce985333f042c13252f7c8bbf9d,0.35057062504347414
1,parity,0.75,0.05,0.9,113,r1_parity_sigma0.75_lr0.05,12,ok,,0.7110093918559878,6.255131250885873,0.3514552575527811,0.10684239829604546,1130bcd06d370ab57f1bc3a67409c755b267648b80a0f46e840060bb010d3ab8,db95c591d5ad7a1f08531cf0e04985b931fc730f28e8ed47b8c7c5d8ecd8db0c,1d1668fc7ae6e962f5f3b23083b5cf8c2778125e6999c83b21749b59535e825c,174e4c9150f344ddaa327ef8fb73e301f24a660f0e2ae0e21efac189efc41f4b,0.33650404203217477
1,parity,0.75,0.05,0.9,114,r1_parity_sigma0.75_lr0.05,12,ok,,0.6661606826768156,6.365910992894023,0.35165533983950475,0.1037383252526539,c8a7a565f4c34afcedf377bd8a33aee023bbafec99430b278d5183f906311b3e,52ceac77e1e0c99a5de90b23d52d3e2f15eb08da92d5b6842d3e92834a138f22,38002117c0ffdb4a9624b0cd256b65181fc12e3321756df0d82b3aabebebd605,f47ce7c8bc2f0244646fc94f66378c03c6d3a6333febd714bd1a1c5b1219d360,0.3376631250139326
1,parity,0.75,0.05,0.9,115,r1_parity_sigma0.75_lr0.05,12,ok,,0.7668920505696689,6.272697868736736,0.33472981773571814,0.10008421550297973,21e3187a25ce542a7fda12331f6df5573b7aa9cfb19c4d6a1242f48e9ab77257,c3a0cabd7487508470d585545f7b6a856897b0410105302f1b4d5c12944c190d,20e1afcba9533c9a3cd05a6d7e63f13cc97f4d348c142d7f72917f8929ca02eb,fc82017ddfa783d3b8de0fe6ba6dbcae9d0f983fa2ca1940d75987890c01e5b1,0.3381888329749927
1,parity,0.75,0.05,0.9,116,r1_parity_sigma0.75_lr0.05,12,ok,,0.885033349319273,6.61772872880523,0.3052984365923266,0.0931160231606596,b240340bda42b13e461b839e854e8931eb9b197c11fad589d1f07877b5a6c105,0d285e8573294ff0f8d626c9d7c79b1ffa6d14fb3071ba7be902aa48627a1c7e,a927dd1c515d66a61fb11e1c948c7e8042e5cfedc1c4b8d5dca9f3be9e46a7b7,627cd83614a1918f21688e7b56bc7c56cdb023030fa2b61dc00bdd2a71476f26,0.33692725002765656
1,parity,0.75,0.05,0.9,117,r1_parity_sigma0.75_lr0.05,12,ok,,0.8146553556309984,6.438428828663409,0.3165486095310602,0.09369838842119381,2ff937c83d36f7b3a5406c91e8755c50ce932575e34db68925452587b0ab77d6,32821079a74fe63f445d951a557ad18447fced01821fc77b6b8d137d2fe48881,b828baff1fb9f67c70b6dbea3cba487e81abd07d2e9720c22549cc121a9cf9ad,3aa7f617f1e6bb331705e0b54586061851eddcd0f484aba7e5ddf22b6bf45eb9,0.3355555000016466
1,parity,0.75,0.05,0.9,118,r1_parity_sigma0.75_lr0.05,12,ok,,0.7584504436362385,6.47486392302793,0.34018291736748324,0.09763249728446768,f9372f8f74b3a18b86f9a9dd960278381003e836073cde71119d3b892dde9434,ffdd2708cda2855a18fd4a81398631fadb59f1610b8dd3d36eefe8f678572c16,605f62e239322f5313d845a2d699f250ce6a7e0825aa8e661c4d9f8dc5f782d9,63674289799a75e81a2439fee851a11a30ef752f714ba1cbbd788542b68b464e,0.34343895805068314
1,parity,0.75,0.05,0.9,119,r1_parity_sigma0.75_lr0.05,12,ok,,0.6769909815506014,6.2728304817618055,0.3577720573463011,0.10554275691715881,9cc5a5818d004f0f1492c246ba3ab8685b2df3f7dfd15cdf113ebebec42d8dee,01bf4e2b10f88360652600d185a9d719f05502f25f089d70da96eafa7fe4dfe3,ca428a2d600b7cd0b47722decaa3f8e1a32769793f46a3ced6ba5f9ab631e1f2,55184240c009f311879b70da2d8309106fedd0c02ebba548f2a08fb9087a23fe,0.3230277920374647
1,parity,0.75,0.05,0.9,120,r1_parity_sigma0.75_lr0.05,12,ok,,0.754239638470473,6.42496258080977,0.35220426004885047,0.10354805245436204,69e5aaf107b63f46b6b057dfe99d3189e4f485b9649136f1718f398f646e43c6,dff4b17a330f664ec4d31f507c7603e7842ac94d65226c760d6e78cfa953aeb7,5604d0b01aa38439978ff828fd8b23f34f58aaa29f9fc4cf46c8f2889862d932,7e0ff4802f886734f8d2147c6f421dd3113c80b48435574319bfbbad8b7330fa,0.3223628329578787
1,parity,0.75,0.1,0.9,111,r1_parity_sigma0.75_lr0.1,12,ok,,0.7852561296143286,6.619670672486078,0.34882345432072837,0.1008099782986905,6f4599f803588363f7f3f06a30082972087391773f80fd6d7eb3eadc6484859e,ff013eda1d426d67006a334f6583897c614d689f5823b14c442be63e78bb3962,8fab7eb1dfc2006c517c0e7e9e69f75a99f3dc01832c43b11c9ba40c9bcd6823,96b86ecff4362f2ef445a3be334302d34ae7d03d85e8e8e806ebcb97f39a0fbd,0.32741687493398786
1,parity,0.75,0.1,0.9,112,r1_parity_sigma0.75_lr0.1,12,ok,,0.8252033480289818,6.507375045306339,0.31556337163741915,0.09277563126140123,23158049f8a287709543a55b89f8943218b08cba397a67e034633640e70c99f6,3dd0b47c3c1ce23069083c16d0c2272714da54db5025db5646fd1228b010a5e8,02f04c05a341d11e3b57c54926b2dbae6a2e489c24a16657054478fda872ca64,7a9d6f6f44535dccefcd9f050c6d5219ff9b2ce985333f042c13252f7c8bbf9d,0.3169049590360373
1,parity,0.75,0.1,0.9,113,r1_parity_sigma0.75_lr0.1,12,ok,,0.711009391858719,6.255131250896402,0.35145525755503576,0.10684239829673088,1130bcd06d370ab57f1bc3a67409c755b267648b80a0f46e840060bb010d3ab8,db95c591d5ad7a1f08531cf0e04985b931fc730f28e8ed47b8c7c5d8ecd8db0c,1d1668fc7ae6e962f5f3b23083b5cf8c2778125e6999c83b21749b59535e825c,174e4c9150f344ddaa327ef8fb73e301f24a660f0e2ae0e21efac189efc41f4b,0.31975262495689094
1,parity,0.75,0.1,0.9,114,r1_parity_sigma0.75_lr0.1,12,ok,,0.6661606827003295,6.365910992887339,0.3516553398384375,0.10373832525233907,c8a7a565f4c34afcedf377bd8a33aee023bbafec99430b278d5183f906311b3e,52ceac77e1e0c99a5de90b23d52d3e2f15eb08da92d5b6842d3e92834a138f22,38002117c0ffdb4a9624b0cd256b65181fc12e3321756df0d82b3aabebebd605,f47ce7c8bc2f0244646fc94f66378c03c6d3a6333febd714bd1a1c5b1219d360,0.3205192090244964
1,parity,0.75,0.1,0.9,115,r1_parity_sigma0.75_lr0.1,12,ok,,0.7668920505699366,6.272697868737092,0.3347298177360379,0.10008421550307532,21e3187a25ce542a7fda12331f6df5573b7aa9cfb19c4d6a1242f48e9ab77257,c3a0cabd7487508470d585545f7b6a856897b0410105302f1b4d5c12944c190d,20e1afcba9533c9a3cd05a6d7e63f13cc97f4d348c142d7f72917f8929ca02eb,fc82017ddfa783d3b8de0fe6ba6dbcae9d0f983fa2ca1940d75987890c01e5b1,0.3520060000009835
1,parity,0.75,0.1,0.9,116,r1_parity_sigma0.75_lr0.1,12,ok,,0.885033348575627,6.61772872878829,0.30529843659497885,0.09311602316146855,b240340bda42b13e461b839e854e8931eb9b197c11fad589d1f07877b5a6c105,0d285e8573294ff0f8d626c9d7c79b1ffa6d14fb3071ba7be902aa48627a1c7e,a927dd1c515d66a61fb11e1c948c7e8042e5cfedc1c4b8d5dca9f3be9e46a7b7,627cd83614a1918f21688e7b56bc7c56cdb023030fa2b61dc00bdd2a71476f26,0.3562741670757532
1,parity,0.75,0.1,0.9,117,r1_parity_sigma0.75_lr0.1,12,ok,,0.8146553556331912,6.43842882866935,0.31654860953092023,0.09369838842115238,2ff937c83d36f7b3a5406c91e8755c50ce932575e34db68925452587b0ab77d6,32821079a74fe63f445d951a557ad18447fced01821fc77b6b8d137d2fe48881,b828baff1fb9f67c70b6dbea3cba487e81abd07d2e9720c22549cc121a9cf9ad,3aa7f617f1e6bb331705e0b54586061851eddcd0f484aba7e5ddf22b6bf45eb9,0.37022616690956056
1,parity,0.75,0.1,0.9,118,r1_parity_sigma0.75_lr0.1,12,ok,,0.7584504436228289,6.474863923017941,0.3401829173703351,0.09763249728528618,f9372f8f74b3a18b86f9a9dd960278381003e836073cde71119d3b892dde9434,ffdd2708cda2855a18fd4a81398631fadb59f1610b8dd3d36eefe8f678572c16,605f62e239322f5313d845a2d699f250ce6a7e0825aa8e661c4d9f8dc5f782d9,63674289799a75e81a2439fee851a11a30ef752f714ba1cbbd788542b68b464e,0.33713508397340775
1,parity,0.75,0.1,0.9,119,r1_parity_sigma0.75_lr0.1,12,ok,,0.6769909815483627,6.272830481764819,0.3577720573462207,0.1055427569171351,9cc5a5818d004f0f1492c246ba3ab8685b2df3f7dfd15cdf113ebebec42d8dee,01bf4e2b10f88360652600d185a9d719f05502f25f089d70da96eafa7fe4dfe3,ca428a2d600b7cd0b47722decaa3f8e1a32769793f46a3ced6ba5f9ab631e1f2,55184240c009f311879b70da2d8309106fedd0c02ebba548f2a08fb9087a23fe,0.33212541695684195
1,parity,0.75,0.1,0.9,120,r1_parity_sigma0.75_lr0.1,12,ok,,0.7542397105295253,6.42496267654682,0.3522042447563833,0.10354804795837669,69e5aaf107b63f46b6b057dfe99d3189e4f485b9649136f1718f398f646e43c6,dff4b17a330f664ec4d31f507c7603e7842ac94d65226c760d6e78cfa953aeb7,5604d0b01aa38439978ff828fd8b23f34f58aaa29f9fc4cf46c8f2889862d932,7e0ff4802f886734f8d2147c6f421dd3113c80b48435574319bfbbad8b7330fa,0.3234050839673728
1,parity,1.5,0.02,0.9,111,r1_parity_sigma1.5_lr0.02,12,ok,,0.8524336686518919,6.665778030718809,0.33698901378942303,0.09738982498514326,6f4599f803588363f7f3f06a30082972087391773f80fd6d7eb3eadc6484859e,ff013eda1d426d67006a334f6583897c614d689f5823b14c442be63e78bb3962,67b60cddad9992cfa81f180c3480804f7e4e2d5fea8ce037026850ea623a812c,96b86ecff4362f2ef445a3be334302d34ae7d03d85e8e8e806ebcb97f39a0fbd,0.3520638340851292
1,parity,1.5,0.02,0.9,112,r1_parity_sigma1.5_lr0.02,12,ok,,0.8907781432387758,6.554864004998468,0.3222742281121002,0.09474862306495746,23158049f8a287709543a55b89f8943218b08cba397a67e034633640e70c99f6,3dd0b47c3c1ce23069083c16d0c2272714da54db5025db5646fd1228b010a5e8,08195a2e278dd7d3f73edff8cb0cd59b9e3c01f2ecd4759831f27ea671160f7d,7a9d6f6f44535dccefcd9f050c6d5219ff9b2ce985333f042c13252f7c8bbf9d,0.3498097500996664
1,parity,1.5,0.02,0.9,113,r1_parity_sigma1.5_lr0.02,12,ok,,0.6837781578083714,6.224794187582528,0.365041358766368,0.11097257306497588,1130bcd06d370ab57f1bc3a67409c755b267648b80a0f46e840060bb010d3ab8,db95c591d5ad7a1f08531cf0e04985b931fc730f28e8ed47b8c7c5d8ecd8db0c,7f2ebd4ddebba924fb14fcb366e6524e24b6142ac00ae0feea8eda944dc8a4ac,174e4c9150f344ddaa327ef8fb73e301f24a660f0e2ae0e21efac189efc41f4b,0.3512693749507889
1,parity,1.5,0.02,0.9,114,r1_parity_sigma1.5_lr0.02,12,ok,,0.719603216451971,6.421149035374381,0.34332363864666987,0.10128047340076761,c8a7a565f4c34afcedf377bd8a33aee023bbafec99430b278d5183f906311b3e,52ceac77e1e0c99a5de90b23d52d3e2f15eb08da92d5b6842d3e92834a138f22,b7c652fbaa646fcdac14bd4d9b7de60408da1e8e29b91c1a191a4f0e046a11be,f47ce7c8bc2f0244646fc94f66378c03c6d3a6333febd714bd1a1c5b1219d360,0.35109279199969023
1,parity,1.5,0.02,0.9,115,r1_parity_sigma1.5_lr0.02,12,ok,,0.7722441221291731,6.280844874927914,0.3364975503685931,0.10061276756020933,21e3187a25ce542a7fda12331f6df5573b7aa9cfb19c4d6a1242f48e9ab77257,c3a0cabd7487508470d585545f7b6a856897b0410105302f1b4d5c12944c190d,e32313a9f78ef4a2dffaa9053f9f0da03818599b0388cb974485a6d6b6e5f463,fc82017ddfa783d3b8de0fe6ba6dbcae9d0f983fa2ca1940d75987890c01e5b1,0.3581141250906512
1,parity,1.5,0.02,0.9,116,r1_parity_sigma1.5_lr0.02,12,ok,,0.7988522860152513,6.533502927421344,0.32276307890554085,0.09844273906618996,b240340bda42b13e461b839e854e8931eb9b197c11fad589d1f07877b5a6c105,0d285e8573294ff0f8d626c9d7c79b1ffa6d14fb3071ba7be902aa48627a1c7e,117a2e8a7c30ff5fbe89055ac777ab987c0462d85cd489bca67880d0c351db18,627cd83614a1918f21688e7b56bc7c56cdb023030fa2b61dc00bdd2a71476f26,0.3637372499797493
1,parity,1.5,0.02,0.9,117,r1_parity_sigma1.5_lr0.02,12,ok,,0.9102256909099373,6.5483345627983365,0.3187250062918379,0.09434260186238402,2ff937c83d36f7b3a5406c91e8755c50ce932575e34db68925452587b0ab77d6,32821079a74fe63f445d951a557ad18447fced01821fc77b6b8d137d2fe48881,c6f804c286be88c37cc667fceb6bd5e2160436b4533aeb70df06dce1e584f66b,3aa7f617f1e6bb331705e0b54586061851eddcd0f484aba7e5ddf22b6bf45eb9,0.3527210419997573
1,parity,1.5,0.02,0.9,118,r1_parity_sigma1.5_lr0.02,12,ok,,0.7705034627294403,6.494623274960304,0.347004055449045,0.09959016391387591,f9372f8f74b3a18b86f9a9dd960278381003e836073cde71119d3b892dde9434,ffdd2708cda2855a18fd4a81398631fadb59f1610b8dd3d36eefe8f678572c16,24b0dff50f07ab642e83c5f2cf3e49b0b52d2361d77ab3860f9a3f34d2cb38df,63674289799a75e81a2439fee851a11a30ef752f714ba1cbbd788542b68b464e,0.3574411659501493
1,parity,1.5,0.02,0.9,119,r1_parity_sigma1.5_lr0.02,12,ok,,0.8449633505816365,6.441764867910341,0.34129264282124566,0.10068132963226746,9cc5a5818d004f0f1492c246ba3ab8685b2df3f7dfd15cdf113ebebec42d8dee,01bf4e2b10f88360652600d185a9d719f05502f25f089d70da96eafa7fe4dfe3,65ff05a0f1f30b9e24fc1c071aaceb22366a9bbcd62b0f8edde086418c47a3a9,55184240c009f311879b70da2d8309106fedd0c02ebba548f2a08fb9087a23fe,0.3517810410121456
1,parity,1.5,0.02,0.9,120,r1_parity_sigma1.5_lr0.02,12,ok,,0.6607416502762724,6.351299108691978,0.36636065353726943,0.10771003213995722,69e5aaf107b63f46b6b057dfe99d3189e4f485b9649136f1718f398f646e43c6,dff4b17a330f664ec4d31f507c7603e7842ac94d65226c760d6e78cfa953aeb7,bf0aa42ee9e23f8b99bf07a7ef8a47d9239e7611761290845cc844c92a0956f3,7e0ff4802f886734f8d2147c6f421dd3113c80b48435574319bfbbad8b7330fa,0.3559965000022203
1,parity,1.5,0.05,0.9,111,r1_parity_sigma1.5_lr0.05,12,ok,,0.8771276473090863,6.700072818932111,0.33476619951896014,0.09674743166097949,6f4599f803588363f7f3f06a30082972087391773f80fd6d7eb3eadc6484859e,ff013eda1d426d67006a334f6583897c614d689f5823b14c442be63e78bb3962,67b60cddad9992cfa81f180c3480804f7e4e2d5fea8ce037026850ea623a812c,96b86ecff4362f2ef445a3be334302d34ae7d03d85e8e8e806ebcb97f39a0fbd,0.38638637494295835
1,parity,1.5,0.05,0.9,112,r1_parity_sigma1.5_lr0.05,12,ok,,0.9945991665617134,6.663286060426581,0.3168812029620251,0.09316307367083537,23158049f8a287709543a55b89f8943218b08cba397a67e034633640e70c99f6,3dd0b47c3c1ce23069083c16d0c2272714da54db5025db5646fd1228b010a5e8,08195a2e278dd7d3f73edff8cb0cd59b9e3c01f2ecd4759831f27ea671160f7d,7a9d6f6f44535dccefcd9f050c6d5219ff9b2ce985333f042c13252f7c8bbf9d,0.38920187507756054
1,parity,1.5,0.05,0.9,113,r1_parity_sigma1.5_lr0.05,12,ok,,0.6838091856940178,6.224831457040839,0.36503651066287435,0.1109710992415138,1130bcd06d370ab57f1bc3a67409c755b267648b80a0f46e840060bb010d3ab8,db95c591d5ad7a1f08531cf0e04985b931fc730f28e8ed47b8c7c5d8ecd8db0c,7f2ebd4ddebba924fb14fcb366e6524e24b6142ac00ae0feea8eda944dc8a4ac,174e4c9150f344ddaa327ef8fb73e301f24a660f0e2ae0e21efac189efc41f4b,0.4123534159734845
1,parity,1.5,0.05,0.9,114,r1_parity_sigma1.5_lr0.05,12,ok,,0.725309098321091,6.42907823864679,0.342527792006246,0.10104569864184257,c8a7a565f4c34afcedf377bd8a33aee023bbafec99430b278d5183f906311b3e,52ceac77e1e0c99a5de90b23d52d3e2f15eb08da92d5b6842d3e92834a138f22,b7c652fbaa646fcdac14bd4d9b7de60408da1e8e29b91c1a191a4f0e046a11be,f47ce7c8bc2f0244646fc94f66378c03c6d3a6333febd714bd1a1c5b1219d360,0.37038483296055347
1,parity,1.5,0.05,0.9,115,r1_parity_sigma1.5_lr0.05,12,ok,,0.7729440693684845,6.28170593114284,0.336428123140223,0.10059200881892669,21e3187a25ce542a7fda12331f6df5573b7aa9cfb19c4d6a1242f48e9ab77257,c3a0cabd7487508470d585545f7b6a856897b0410105302f1b4d5c12944c190d,e32313a9f78ef4a2dffaa9053f9f0da03818599b0388cb974485a6d6b6e5f463,fc82017ddfa783d3b8de0fe6ba6dbcae9d0f983fa2ca1940d75987890c01e5b1,0.3753161660861224
1,parity,1.5,0.05,0.9,116,r1_parity_sigma1.5_lr0.05,12,ok,,0.798866950683762,6.533511951618527,0.3227597539892157,0.09844172496671079,b240340bda42b13e461b839e854e8931eb9b197c11fad589d1f07877b5a6c105,0d285e8573294ff0f8d626c9d7c79b1ffa6d14fb3071ba7be902aa48627a1c7e,117a2e8a7c30ff5fbe89055ac777ab987c0462d85cd489bca67880d0c351db18,627cd83614a1918f21688e7b56bc7c56cdb023030fa2b61dc00bdd2a71476f26,0.3602195830317214
1,parity,1.5,0.05,0.9,117,r1_parity_sigma1.5_lr0.05,12,ok,,0.9278479040634565,6.5679893600287595,0.31755860454948603,0.09399734694664787,2ff937c83d36f7b3a5406c91e8755c50ce932575e34db68925452587b0ab77d6,32821079a74fe63f445d951a557ad18447fced01821fc77b6b8d137d2fe48881,c6f804c286be88c37cc667fceb6bd5e2160436b4533aeb70df06dce1e584f66b,3aa7f617f1e6bb331705e0b54586061851eddcd0f484aba7e5ddf22b6bf45eb9,0.35941833397373557
1,parity,1.5,0.05,0.9,118,r1_parity_sigma1.5_lr0.05,12,ok,,0.7718548946818868,6.497202091126143,0.3468311062119717,0.09954052748283589,f9372f8f74b3a18b86f9a9dd960278381003e836073cde71119d3b892dde9434,ffdd2708cda2855a18fd4a81398631fadb59f1610b8dd3d36eefe8f678572c16,24b0dff50f07ab642e83c5f2cf3e49b0b52d2361d77ab3860f9a3f34d2cb38df,63674289799a75e81a2439fee851a11a30ef752f714ba1cbbd788542b68b464e,0.3631049169925973
1,parity,1.5,0.05,0.9,119,r1_parity_sigma1.5_lr0.05,12,ok,,0.9706177064123886,6.573792707699232,0.33495262678706983,0.0988110249021856,9cc5a5818d004f0f1492c246ba3ab8685b2df3f7dfd15cdf113ebebec42d8dee,01bf4e2b10f88360652600d185a9d719f05502f25f089d70da96eafa7fe4dfe3,65ff05a0f1f30b9e24fc1c071aaceb22366a9bbcd62b0f8edde086418c47a3a9,55184240c009f311879b70da2d8309106fedd0c02ebba548f2a08fb9087a23fe,0.3936137920245528
1,parity,1.5,0.05,0.9,120,r1_parity_sigma1.5_lr0.05,12,ok,,0.6607878574681745,6.351231687940943,0.366343341870373,0.10770494250988966,69e5aaf107b63f46b6b057dfe99d3189e4f485b9649136f1718f398f646e43c6,dff4b17a330f664ec4d31f507c7603e7842ac94d65226c760d6e78cfa953aeb7,bf0aa42ee9e23f8b99bf07a7ef8a47d9239e7611761290845cc844c92a0956f3,7e0ff4802f886734f8d2147c6f421dd3113c80b48435574319bfbbad8b7330fa,0.40675779210869223
1,parity,1.5,0.1,0.9,111,r1_parity_sigma1.5_lr0.1,12,ok,,0.8771262602294336,6.700063329897764,0.3347662742485745,0.09674745325783803,6f4599f803588363f7f3f06a30082972087391773f80fd6d7eb3eadc6484859e,ff013eda1d426d67006a334f6583897c614d689f5823b14c442be63e78bb3962,67b60cddad9992cfa81f180c3480804f7e4e2d5fea8ce037026850ea623a812c,96b86ecff4362f2ef445a3be334302d34ae7d03d85e8e8e806ebcb97f39a0fbd,0.4148728330619633
1,parity,1.5,0.1,0.9,112,r1_parity_sigma1.5_lr0.1,12,ok,,0.9995081351360088,6.669358559909786,0.3166945510329659,0.09310819800369197,23158049f8a287709543a55b89f8943218b08cba397a67e034633640e70c99f6,3dd0b47c3c1ce23069083c16d0c2272714da54db5025db5646fd1228b010a5e8,08195a2e278dd7d3f73edff8cb0cd59b9e3c01f2ecd4759831f27ea671160f7d,7a9d6f6f44535dccefcd9f050c6d5219ff9b2ce985333f042c13252f7c8bbf9d,0.3851972089614719
1,parity,1.5,0.1,0.9,113,r1_parity_sigma1.5_lr0.1,12,ok,,0.683809185686647,6.224831457032173,0.3650365106640119,0.1109710992418596,1130bcd06d370ab57f1bc3a67409c755b267648b80a0f46e840060bb010d3ab8,db95c591d5ad7a1f08531cf0e04985b931fc730f28e8ed47b8c7c5d8ecd8db0c,7f2ebd4ddebba924fb14fcb366e6524e24b6142ac00ae0feea8eda944dc8a4ac,174e4c9150f344ddaa327ef8fb73e301f24a660f0e2ae0e21efac189efc41f4b,0.37718612502794713
1,parity,1.5,0.1,0.9,114,r1_parity_sigma1.5_lr0.1,12,ok,,0.7253091119282008,6.429078249134511,0.34252779012618373,0.10104569808722419,c8a7a565f4c34afcedf377bd8a33aee023bbafec99430b278d5183f906311b3e,52ceac77e1e0c99a5de90b23d52d3e2f15eb08da92d5b6842d3e92834a138f22,b7c652fbaa646fcdac14bd4d9b7de60408da1e8e29b91c1a191a4f0e046a11be,f47ce7c8bc2f0244646fc94f66378c03c6d3a6333febd714bd1a1c5b1219d360,0.37308629194740206
1,parity,1.5,0.1,0.9,115,r1_parity_sigma1.5_lr0.1,12,ok,,0.7729440692367062,6.281705930427381,0.33642812318761955,0.10059200883309825,21e3187a25ce542a7fda12331f6df5573b7aa9cfb19c4d6a1242f48e9ab77257,c3a0cabd7487508470d585545f7b6a856897b0410105302f1b4d5c12944c190d,e32313a9f78ef4a2dffaa9053f9f0da03818599b0388cb974485a6d6b6e5f463,fc82017ddfa783d3b8de0fe6ba6dbcae9d0f983fa2ca1940d75987890c01e5b1,0.3923423750093207
1,parity,1.5,0.1,0.9,116,r1_parity_sigma1.5_lr0.1,12,ok,,0.798866950668958,6.533511951609298,0.32275975399255974,0.09844172496773072,b240340bda42b13e461b839e854e8931eb9b197c11fad589d1f07877b5a6c105,0d285e8573294ff0f8d626c9d7c79b1ffa6d14fb3071ba7be902aa48627a1c7e,117a2e8a7c30ff5fbe89055ac777ab987c0462d85cd489bca67880d0c351db18,627cd83614a1918f21688e7b56bc7c56cdb023030fa2b61dc00bdd2a71476f26,0.4086928340839222
1,parity,1.5,0.1,0.9,117,r1_parity_sigma1.5_lr0.1,12,ok,,0.9278477713038904,6.567989138234331,0.3175586131876281,0.09399734950353793,2ff937c83d36f7b3a5406c91e8755c50ce932575e34db68925452587b0ab77d6,32821079a74fe63f445d951a557ad18447fced01821fc77b6b8d137d2fe48881,c6f804c286be88c37cc667fceb6bd5e2160436b4533aeb70df06dce1e584f66b,3aa7f617f1e6bb331705e0b54586061851eddcd0f484aba7e5ddf22b6bf45eb9,0.4219899169402197
1,parity,1.5,0.1,0.9,118,r1_parity_sigma1.5_lr0.1,12,ok,,0.7718548955393758,6.49720209247182,0.34683110612923734,0.09954052745909113,f9372f8f74b3a18b86f9a9dd960278381003e836073cde71119d3b892dde9434,ffdd2708cda2855a18fd4a81398631fadb59f1610b8dd3d36eefe8f678572c16,24b0dff50f07ab642e83c5f2cf3e49b0b52d2361d77ab3860f9a3f34d2cb38df,63674289799a75e81a2439fee851a11a30ef752f714ba1cbbd788542b68b464e,0.41735495801549405
1,parity,1.5,0.1,0.9,119,r1_parity_sigma1.5_lr0.1,12,ok,,0.9836483133695398,6.585491415110841,0.33452553279616576,0.09868503217486889,9cc5a5818d004f0f1492c246ba3ab8685b2df3f7dfd15cdf113ebebec42d8dee,01bf4e2b10f88360652600d185a9d719f05502f25f089d70da96eafa7fe4dfe3,65ff05a0f1f30b9e24fc1c071aaceb22366a9bbcd62b0f8edde086418c47a3a9,55184240c009f311879b70da2d8309106fedd0c02ebba548f2a08fb9087a23fe,0.4094817499862984
1,parity,1.5,0.1,0.9,120,r1_parity_sigma1.5_lr0.1,12,ok,,0.6607878574908597,6.351231687912432,0.36634334186254647,0.10770494250758866,69e5aaf107b63f46b6b057dfe99d3189e4f485b9649136f1718f398f646e43c6,dff4b17a330f664ec4d31f507c7603e7842ac94d65226c760d6e78cfa953aeb7,bf0aa42ee9e23f8b99bf07a7ef8a47d9239e7611761290845cc844c92a0956f3,7e0ff4802f886734f8d2147c6f421dd3113c80b48435574319bfbbad8b7330fa,0.40178958396427333
1,parity,1,0.02,0.9,111,r1_parity_sigma1_lr0.02,12,ok,,0.7873987854113534,6.60821615726866,0.3416435655440516,0.09873499044223093,6f4599f803588363f7f3f06a30082972087391773f80fd6d7eb3eadc6484859e,ff013eda1d426d67006a334f6583897c614d689f5823b14c442be63e78bb3962,46ec6552ea8abd2c67a85ebf993bb74a1984e0f557904f8a35ae4eb6d2b596da,96b86ecff4362f2ef445a3be334302d34ae7d03d85e8e8e806ebcb97f39a0fbd,0.340271917055361
1,parity,1,0.02,0.9,112,r1_parity_sigma1_lr0.02,12,ok,,0.9377930701595625,6.608516235485256,0.3155809306026847,0.0927807935971893,23158049f8a287709543a55b89f8943218b08cba397a67e034633640e70c99f6,3dd0b47c3c1ce23069083c16d0c2272714da54db5025db5646fd1228b010a5e8,b0126d22db14df8032614d0be237f7ba7f8faae015df79310d48a47a7e019709,7a9d6f6f44535dccefcd9f050c6d5219ff9b2ce985333f042c13252f7c8bbf9d,0.34509762504603714
1,parity,1,0.02,0.9,113,r1_parity_sigma1_lr0.02,12,ok,,0.6794969232391492,6.22822970274442,0.36289080968883614,0.11031880614540618,1130bcd06d370ab57f1bc3a67409c755b267648b80a0f46e840060bb010d3ab8,db95c591d5ad7a1f08531cf0e04985b931fc730f28e8ed47b8c7c5d8ecd8db0c,494a09d0cb32c8fd575150abd91ad12074451b075c550159cd5a0edda3ce9c1b,174e4c9150f344ddaa327ef8fb73e301f24a660f0e2ae0e21efac189efc41f4b,0.3441263750428334
1,parity,1,0.02,0.9,114,r1_parity_sigma1_lr0.02,12,ok,,0.7496317831519416,6.452082017222596,0.34076597264601705,0.10052596193057502,c8a7a565f4c34afcedf377bd8a33aee023bbafec99430b278d5183f906311b3e,52ceac77e1e0c99a5de90b23d52d3e2f15eb08da92d5b6842d3e92834a138f22,9fc9306ab4737b5804dc59a07264243c6abc622ca16efa0cd4d6bddf38b05e36,f47ce7c8bc2f0244646fc94f66378c03c6d3a6333febd714bd1a1c5b1219d360,0.319386166986078
1,parity,1,0.02,0.9,115,r1_parity_sigma1_lr0.02,12,ok,,0.7624971057053341,6.274495420467442,0.336622509679604,0.10065013039420159,21e3187a25ce542a7fda12331f6df5573b7aa9cfb19c4d6a1242f48e9ab77257,c3a0cabd7487508470d585545f7b6a856897b0410105302f1b4d5c12944c190d,fae9b80b4b9bbecd172da441f7a298732dc4ec9c5fd56650a16ee48bf4f2164a,fc82017ddfa783d3b8de0fe6ba6dbcae9d0f983fa2ca1940d75987890c01e5b1,0.323548375046812
1,parity,1,0.02,0.9,116,r1_parity_sigma1_lr0.02,12,ok,,0.8417508580059927,6.577849920561479,0.3125859251660081,0.09533870717563246,b240340bda42b13e461b839e854e8931eb9b197c11fad589d1f07877b5a6c105,0d285e8573294ff0f8d626c9d7c79b1ffa6d14fb3071ba7be902aa48627a1c7e,67eaeaae05cc33550f061649f99bb92951375c55491458d36e2f1c224114a8b1,627cd83614a1918f21688e7b56bc7c56cdb023030fa2b61dc00bdd2a71476f26,0.32864962494932115
1,parity,1,0.02,0.9,117,r1_parity_sigma1_lr0.02,12,ok,,0.7889161918104943,6.408744865506001,0.3286595990216687,0.09728324131041392,2ff937c83d36f7b3a5406c91e8755c50ce932575e34db68925452587b0ab77d6,32821079a74fe63f445d951a557ad18447fced01821fc77b6b8d137d2fe48881,6d2e8203ab09f7481803ba6cac1d0fef11989f0d29cc5ddaeca62054fed6f238,3aa7f617f1e6bb331705e0b54586061851eddcd0f484aba7e5ddf22b6bf45eb9,0.3579314169473946
1,parity,1,0.02,0.9,118,r1_parity_sigma1_lr0.02,12,ok,,0.7636161011182097,6.48505673485654,0.34330913084690234,0.09852972055306097,f9372f8f74b3a18b86f9a9dd960278381003e836073cde71119d3b892dde9434,ffdd2708cda2855a18fd4a81398631fadb59f1610b8dd3d36eefe8f678572c16,3672d037714419789c221c8c7564a09d4bd2e60bbf08a0fa3cd13f9a40a45c57,63674289799a75e81a2439fee851a11a30ef752f714ba1cbbd788542b68b464e,0.3643805000465363
1,parity,1,0.02,0.9,119,r1_parity_sigma1_lr0.02,12,ok,,0.7650101931699644,6.355152450260675,0.34400702054118687,0.10148207105965013,9cc5a5818d004f0f1492c246ba3ab8685b2df3f7dfd15cdf113ebebec42d8dee,01bf4e2b10f88360652600d185a9d719f05502f25f089d70da96eafa7fe4dfe3,a56289775eec0ce432a321db146cf9b88569ccab3daaa3aefaeb57ea0050cb73,55184240c009f311879b70da2d8309106fedd0c02ebba548f2a08fb9087a23fe,0.36272270896006376
1,parity,1,0.02,0.9,120,r1_parity_sigma1_lr0.02,12,ok,,0.6972797025847999,6.380798221306777,0.3575280340373949,0.1051132420069941,69e5aaf107b63f46b6b057dfe99d3189e4f485b9649136f1718f398f646e43c6,dff4b17a330f664ec4d31f507c7603e7842ac94d65226c760d6e78cfa953aeb7,be8ede604a893ee87034e6fb596cea91ea3be8f191d448807bebae1ef6fbfe79,7e0ff4802f886734f8d2147c6f421dd3113c80b48435574319bfbbad8b7330fa,0.34626025008037686
1,parity,1,0.05,0.9,111,r1_parity_sigma1_lr0.05,12,ok,,0.787492492963384,6.608233578777364,0.34162689155767023,0.0987301716601667,6f4599f803588363f7f3f06a30082972087391773f80fd6d7eb3eadc6484859e,ff013eda1d426d67006a334f6583897c614d689f5823b14c442be63e78bb3962,46ec6552ea8abd2c67a85ebf993bb74a1984e0f557904f8a35ae4eb6d2b596da,96b86ecff4362f2ef445a3be334302d34ae7d03d85e8e8e806ebcb97f39a0fbd,0.34740458300802857
1,parity,1,0.05,0.9,112,r1_parity_sigma1_lr0.05,12,ok,,1.0920090829917042,6.776929648775827,0.30979568173929295,0.09107993043135212,23158049f8a287709543a55b89f8943218b08cba397a67e034633640e70c99f6,3dd0b47c3c1ce23069083c16d0c2272714da54db5025db5646fd1228b010a5e8,b0126d22db14df8032614d0be237f7ba7f8faae015df79310d48a47a7e019709,7a9d6f6f44535dccefcd9f050c6d5219ff9b2ce985333f042c13252f7c8bbf9d,0.34911579196341336
1,parity,1,0.05,0.9,113,r1_parity_sigma1_lr0.05,12,ok,,0.6794969442720852,6.2282296936332004,0.36289080780794586,0.11031880557361555,1130bcd06d370ab57f1bc3a67409c755b267648b80a0f46e840060bb010d3ab8,db95c591d5ad7a1f08531cf0e04985b931fc730f28e8ed47b8c7c5d8ecd8db0c,494a09d0cb32c8fd575150abd91ad12074451b075c550159cd5a0edda3ce9c1b,174e4c9150f344ddaa327ef8fb73e301f24a660f0e2ae0e21efac189efc41f4b,0.35081283398903906
1,parity,1,0.05,0.9,114,r1_parity_sigma1_lr0.05,12,ok,,0.7547697943095997,6.458201549979818,0.34017138009534104,0.1003505571281256,c8a7a565f4c34afcedf377bd8a33aee023bbafec99430b278d5183f906311b3e,52ceac77e1e0c99a5de90b23d52d3e2f15eb08da92d5b6842d3e92834a138f22,9fc9306ab4737b5804dc59a07264243c6abc622ca16efa0cd4d6bddf38b05e36,f47ce7c8bc2f0244646fc94f66378c03c6d3a6333febd714bd1a1c5b1219d360,0.3544578750152141
1,parity,1,0.05,0.9,115,r1_parity_sigma1_lr0.05,12,ok,,0.7624916432545604,6.2745024465099375,0.3366207913371399,0.10064961660980483,21e3187a25ce542a7fda12331f6df5573b7aa9cfb19c4d6a1242f48e9ab77257,c3a0cabd7487508470d585545f7b6a856897b0410105302f1b4d5c12944c190d,fae9b80b4b9bbecd172da441f7a298732dc4ec9c5fd56650a16ee48bf4f2164a,fc82017ddfa783d3b8de0fe6ba6dbcae9d0f983fa2ca1940d75987890c01e5b1,0.3572823340073228
1,parity,1,0.05,0.9,116,r1_parity_sigma1_lr0.05,12,ok,,0.8417508684890366,6.577849683728442,0.3125860492963812,0.09533874503539626,b240340bda42b13e461b839e854e8931eb9b197c11fad589d1f07877b5a6c105,0d285e8573294ff0f8d626c9d7c79b1ffa6d14fb3071ba7be902aa48627a1c7e,67eaeaae05cc33550f061649f99bb92951375c55491458d36e2f1c224114a8b1,627cd83614a1918f21688e7b56bc7c56cdb023030fa2b61dc00bdd2a71476f26,0.3435405840864405
1,parity,1,0.05,0.9,117,r1_parity_sigma1_lr0.05,12,ok,,0.7889144084005948,6.408743071472773,0.32865976955404563,0.09728329178799751,2ff937c83d36f7b3a5406c91e8755c50ce932575e34db68925452587b0ab77d6,32821079a74fe63f445d951a557ad18447fced01821fc77b6b8d137d2fe48881,6d2e8203ab09f7481803ba6cac1d0fef11989f0d29cc5ddaeca62054fed6f238,3aa7f617f1e6bb331705e0b54586061851eddcd0f484aba7e5ddf22b6bf45eb9,0.3422793330391869
1,parity,1,0.05,0.9,118,r1_parity_sigma1_lr0.05,12,ok,,0.7638044170471194,6.485250153034881,0.34329422405404875,0.098525442303512,f9372f8f74b3a18b86f9a9dd960278381003e836073cde71119d3b892dde9434,ffdd2708cda2855a18fd4a81398631fadb59f1610b8dd3d36eefe8f678572c16,3672d037714419789c221c8c7564a09d4bd2e60bbf08a0fa3cd13f9a40a45c57,63674289799a75e81a2439fee851a11a30ef752f714ba1cbbd788542b68b464e,0.34183458297047764
1,parity,1,0.05,0.9,119,r1_parity_sigma1_lr0.05,12,ok,,0.7679406472713266,6.359850513485387,0.3435682822721435,0.10135264327028233,9cc5a5818d004f0f1492c246ba3ab8685b2df3f7dfd15cdf113ebebec42d8dee,01bf4e2b10f88360652600d185a9d719f05502f25f089d70da96eafa7fe4dfe3,a56289775eec0ce432a321db146cf9b88569ccab3daaa3aefaeb57ea0050cb73,55184240c009f311879b70da2d8309106fedd0c02ebba548f2a08fb9087a23fe,0.36016341706272215
1,parity,1,0.05,0.9,120,r1_parity_sigma1_lr0.05,12,ok,,0.7001238054745927,6.382857546224943,0.35715581085628284,0.10500380839174715,69e5aaf107b63f46b6b057dfe99d3189e4f485b9649136f1718f398f646e43c6,dff4b17a330f664ec4d31f507c7603e7842ac94d65226c760d6e78cfa953aeb7,be8ede604a893ee87034e6fb596cea91ea3be8f191d448807bebae1ef6fbfe79,7e0ff4802f886734f8d2147c6f421dd3113c80b48435574319bfbbad8b7330fa,0.366321082925424
1,parity,1,0.1,0.9,111,r1_parity_sigma1_lr0.1,12,ok,,0.7874924930066872,6.608233578788606,0.3416268915503599,0.09873017165805402,6f4599f803588363f7f3f06a30082972087391773f80fd6d7eb3eadc6484859e,ff013eda1d426d67006a334f6583897c614d689f5823b14c442be63e78bb3962,46ec6552ea8abd2c67a85ebf993bb74a1984e0f557904f8a35ae4eb6d2b596da,96b86ecff4362f2ef445a3be334302d34ae7d03d85e8e8e806ebcb97f39a0fbd,0.3748713340610266
1,parity,1,0.1,0.9,112,r1_parity_sigma1_lr0.1,12,ok,,1.1033620632885586,6.781768048240249,0.30936103883718485,0.09095214541813235,23158049f8a287709543a55b89f8943218b08cba397a67e034633640e70c99f6,3dd0b47c3c1ce23069083c16d0c2272714da54db5025db5646fd1228b010a5e8,b0126d22db14df8032614d0be237f7ba7f8faae015df79310d48a47a7e019709,7a9d6f6f44535dccefcd9f050c6d5219ff9b2ce985333f042c13252f7c8bbf9d,0.37690183299127966
1,parity,1,0.1,0.9,113,r1_parity_sigma1_lr0.1,12,ok,,0.6794969442718901,6.228229693633617,0.3628908078080054,0.11031880557363366,1130bcd06d370ab57f1bc3a67409c755b267648b80a0f46e840060bb010d3ab8,db95c591d5ad7a1f08531cf0e04985b931fc730f28e8ed47b8c7c5d8ecd8db0c,494a09d0cb32c8fd575150abd91ad12074451b075c550159cd5a0edda3ce9c1b,174e4c9150f344ddaa327ef8fb73e301f24a660f0e2ae0e21efac189efc41f4b,0.3824948329711333
1,parity,1,0.1,0.9,114,r1_parity_sigma1_lr0.1,12,ok,,0.7547697737099536,6.458201528786228,0.3401713818264536,0.10035055763880382,c8a7a565f4c34afcedf377bd8a33aee023bbafec99430b278d5183f906311b3e,52ceac77e1e0c99a5de90b23d52d3e2f15eb08da92d5b6842d3e92834a138f22,9fc9306ab4737b5804dc59a07264243c6abc622ca16efa0cd4d6bddf38b05e36,f47ce7c8bc2f0244646fc94f66378c03c6d3a6333febd714bd1a1c5b1219d360,0.37033979198895395
1,parity,1,0.1,0.9,115,r1_parity_sigma1_lr0.1,12,ok,,0.7624916432576649,6.274502446500983,0.33662079133906064,0.10064961661037913,21e3187a25ce542a7fda12331f6df5573b7aa9cfb19c4d6a1242f48e9ab77257,c3a0cabd7487508470d585545f7b6a856897b0410105302f1b4d5c12944c190d,fae9b80b4b9bbecd172da441f7a298732dc4ec9c5fd56650a16ee48bf4f2164a,fc82017ddfa783d3b8de0fe6ba6dbcae9d0f983fa2ca1940d75987890c01e5b1,0.3484864999772981
1,parity,1,0.1,0.9,116,r1_parity_sigma1_lr0.1,12,ok,,0.8417508684890138,6.577849683728776,0.312586049296295,0.09533874503536999,b240340bda42b13e461b839e854e8931eb9b197c11fad589d1f07877b5a6c105,0d285e8573294ff0f8d626c9d7c79b1ffa6d14fb3071ba7be902aa48627a1c7e,67eaeaae05cc33550f061649f99bb92951375c55491458d36e2f1c224114a8b1,627cd83614a1918f21688e7b56bc7c56cdb023030fa2b61dc00bdd2a71476f26,0.34748354204930365
1,parity,1,0.1,0.9,117,r1_parity_sigma1_lr0.1,12,ok,,0.7889144083995607,6.408743071471717,0.32865976955418347,0.09728329178803831,2ff937c83d36f7b3a5406c91e8755c50ce932575e34db68925452587b0ab77d6,32821079a74fe63f445d951a557ad18447fced01821fc77b6b8d137d2fe48881,6d2e8203ab09f7481803ba6cac1d0fef11989f0d29cc5ddaeca62054fed6f238,3aa7f617f1e6bb331705e0b54586061851eddcd0f484aba7e5ddf22b6bf45eb9,0.3483778339577839
1,parity,1,0.1,0.9,118,r1_parity_sigma1_lr0.1,12,ok,,0.7638044171417319,6.48525015312972,0.3432942240467791,0.0985254423014256,f9372f8f74b3a18b86f9a9dd960278381003e836073cde71119d3b892dde9434,ffdd2708cda2855a18fd4a81398631fadb59f1610b8dd3d36eefe8f678572c16,3672d037714419789c221c8c7564a09d4bd2e60bbf08a0fa3cd13f9a40a45c57,63674289799a75e81a2439fee851a11a30ef752f714ba1cbbd788542b68b464e,0.34711195796262473
1,parity,1,0.1,0.9,119,r1_parity_sigma1_lr0.1,12,ok,,0.7679406392973757,6.3598505041721145,0.34356828306304577,0.1013526435035985,9cc5a5818d004f0f1492c246ba3ab8685b2df3f7dfd15cdf113ebebec42d8dee,01bf4e2b10f88360652600d185a9d719f05502f25f089d70da96eafa7fe4dfe3,a56289775eec0ce432a321db146cf9b88569ccab3daaa3aefaeb57ea0050cb73,55184240c009f311879b70da2d8309106fedd0c02ebba548f2a08fb9087a23fe,0.34898016694933176
1,parity,1,0.1,0.9,120,r1_parity_sigma1_lr0.1,12,ok,,0.7001237986048521,6.3828575411478035,0.35715581172031635,0.10500380864577301,69e5aaf107b63f46b6b057dfe99d3189e4f485b9649136f1718f398f646e43c6,dff4b17a330f664ec4d31f507c7603e7842ac94d65226c760d6e78cfa953aeb7,be8ede604a893ee87034e6fb596cea91ea3be8f191d448807bebae1ef6fbfe79,7e0ff4802f886734f8d2147c6f421dd3113c80b48435574319bfbbad8b7330fa,0.34865462500602007
1,parity,2,0.02,0.9,111,r1_parity_sigma2_lr0.02,12,ok,,0.8224176034041861,6.641578370992296,0.3422434184300069,0.09890834792627198,6f4599f803588363f7f3f06a30082972087391773f80fd6d7eb3eadc6484859e,ff013eda1d426d67006a334f6583897c614d689f5823b14c442be63e78bb3962,c82f9ffb273e363eee222e8f1ca4901ef0d88a2a41d7c7bf0385dfda9f807c69,96b86ecff4362f2ef445a3be334302d34ae7d03d85e8e8e806ebcb97f39a0fbd,0.3815219590906054
1,parity,2,0.02,0.9,112,r1_parity_sigma2_lr0.02,12,ok,,0.7440447692952472,6.413254047172696,0.3392577842638391,0.0997417885735687,23158049f8a287709543a55b89f8943218b08cba397a67e034633640e70c99f6,3dd0b47c3c1ce23069083c16d0c2272714da54db5025db5646fd1228b010a5e8,e1239e9574a5b9ece5a6142b17dc18054822afbc56b1fe750ed4c81000928119,7a9d6f6f44535dccefcd9f050c6d5219ff9b2ce985333f042c13252f7c8bbf9d,0.3901421660557389
1,parity,2,0.02,0.9,113,r1_parity_sigma2_lr0.02,12,ok,,0.7049730219621906,6.241163833113063,0.36274674577295435,0.11027501071497813,1130bcd06d370ab57f1bc3a67409c755b267648b80a0f46e840060bb010d3ab8,db95c591d5ad7a1f08531cf0e04985b931fc730f28e8ed47b8c7c5d8ecd8db0c,0add28ce81db5ed182ca7ca0109f605c59adae53ed3f3475c8621678c513898f,174e4c9150f344ddaa327ef8fb73e301f24a660f0e2ae0e21efac189efc41f4b,0.38138091703876853
1,parity,2,0.02,0.9,114,r1_parity_sigma2_lr0.02,12,ok,,0.847590722429495,6.559119305686147,0.32973851608221155,0.09727286224425241,c8a7a565f4c34afcedf377bd8a33aee023bbafec99430b278d5183f906311b3e,52ceac77e1e0c99a5de90b23d52d3e2f15eb08da92d5b6842d3e92834a138f22,2da2eff4a068e88b41bb2a9f71d17504f3bc60c31b0363210d25907cced26bee,f47ce7c8bc2f0244646fc94f66378c03c6d3a6333febd714bd1a1c5b1219d360,0.3856161249568686
1,parity,2,0.02,0.9,115,r1_parity_sigma2_lr0.02,12,ok,,0.831273367739316,6.342997788335826,0.33497457708747275,0.10015739854915436,21e3187a25ce542a7fda12331f6df5573b7aa9cfb19c4d6a1242f48e9ab77257,c3a0cabd7487508470d585545f7b6a856897b0410105302f1b4d5c12944c190d,1fa2303165fb9f092630d1b0199b8b1ceef402fc45bd96481c26f4dc4640000c,fc82017ddfa783d3b8de0fe6ba6dbcae9d0f983fa2ca1940d75987890c01e5b1,0.37976179202087224
1,parity,2,0.02,0.9,116,r1_parity_sigma2_lr0.02,12,ok,,0.8158946721166365,6.547033202755192,0.32092991767832985,0.0978836248918906,b240340bda42b13e461b839e854e8931eb9b197c11fad589d1f07877b5a6c105,0d285e8573294ff0f8d626c9d7c79b1ffa6d14fb3071ba7be902aa48627a1c7e,4b774c30d2dadd0ba79d44923c3465d50bf5beb8544ebb6fa76e4e48a8e30ffa,627cd83614a1918f21688e7b56bc7c56cdb023030fa2b61dc00bdd2a71476f26,0.3719042500015348
1,parity,2,0.02,0.9,117,r1_parity_sigma2_lr0.02,12,ok,,1.0219964812449023,6.66029547469621,0.3154108566215906,0.09336161355999081,2ff937c83d36f7b3a5406c91e8755c50ce932575e34db68925452587b0ab77d6,32821079a74fe63f445d951a557ad18447fced01821fc77b6b8d137d2fe48881,24f95bfd52c3f3d2c98931fb18163579577384289930fa8ba980f3e9731f5494,3aa7f617f1e6bb331705e0b54586061851eddcd0f484aba7e5ddf22b6bf45eb9,0.37176370806992054
1,parity,2,0.02,0.9,118,r1_parity_sigma2_lr0.02,12,ok,,0.8442226221730298,6.580348189965732,0.3395234650860808,0.09744323447970518,f9372f8f74b3a18b86f9a9dd960278381003e836073cde71119d3b892dde9434,ffdd2708cda2855a18fd4a81398631fadb59f1610b8dd3d36eefe8f678572c16,5acbf74ae2e9e8a1a4fb070e1975a0e7985410d95eb0df75d2dc8cbbd577c6ea,63674289799a75e81a2439fee851a11a30ef752f714ba1cbbd788542b68b464e,0.3791725420160219
1,parity,2,0.02,0.9,119,r1_parity_sigma2_lr0.02,12,ok,,1.0200603833363444,6.619615690679418,0.33718599859772963,0.09946986958633025,9cc5a5818d004f0f1492c246ba3ab8685b2df3f7dfd15cdf113ebebec42d8dee,01bf4e2b10f88360652600d185a9d719f05502f25f089d70da96eafa7fe4dfe3,8851bc19fbe925ac4230a2881685bca8aa77d927173c7879a0be501620af9389,55184240c009f311879b70da2d8309106fedd0c02ebba548f2a08fb9087a23fe,0.37811645795591176
1,parity,2,0.02,0.9,120,r1_parity_sigma2_lr0.02,12,ok,,0.6781443091691197,6.363683901521809,0.361628507658921,0.10631878125172278,69e5aaf107b63f46b6b057dfe99d3189e4f485b9649136f1718f398f646e43c6,dff4b17a330f664ec4d31f507c7603e7842ac94d65226c760d6e78cfa953aeb7,e2870c0966ac2c6eeda9be223b2b76a59dd3d8bbc502a53f1293837163c5dabc,7e0ff4802f886734f8d2147c6f421dd3113c80b48435574319bfbbad8b7330fa,0.3727872500894591
1,parity,2,0.05,0.9,111,r1_parity_sigma2_lr0.05,12,ok,,0.8352598836294148,6.649786598637955,0.3409360006803843,0.09853050419663108,6f4599f803588363f7f3f06a30082972087391773f80fd6d7eb3eadc6484859e,ff013eda1d426d67006a334f6583897c614d689f5823b14c442be63e78bb3962,c82f9ffb273e363eee222e8f1ca4901ef0d88a2a41d7c7bf0385dfda9f807c69,96b86ecff4362f2ef445a3be334302d34ae7d03d85e8e8e806ebcb97f39a0fbd,0.37759845796972513
1,parity,2,0.05,0.9,112,r1_parity_sigma2_lr0.05,12,ok,,0.753580613252048,6.422494740248367,0.33822373945314543,0.09943777939922475,23158049f8a287709543a55b89f8943218b08cba397a67e034633640e70c99f6,3dd0b47c3c1ce23069083c16d0c2272714da54db5025db5646fd1228b010a5e8,e1239e9574a5b9ece5a6142b17dc18054822afbc56b1fe750ed4c81000928119,7a9d6f6f44535dccefcd9f050c6d5219ff9b2ce985333f042c13252f7c8bbf9d,0.37821604195050895
1,parity,2,0.05,0.9,113,r1_parity_sigma2_lr0.05,12,ok,,0.709989101528275,6.242925345246824,0.3618845713233024,0.11001290968228392,1130bcd06d370ab57f1bc3a67409c755b267648b80a0f46e840060bb010d3ab8,db95c591d5ad7a1f08531cf0e04985b931fc730f28e8ed47b8c7c5d8ecd8db0c,0add28ce81db5ed182ca7ca0109f605c59adae53ed3f3475c8621678c513898f,174e4c9150f344ddaa327ef8fb73e301f24a660f0e2ae0e21efac189efc41f4b,0.36513820907566696
1,parity,2,0.05,0.9,114,r1_parity_sigma2_lr0.05,12,ok,,0.9840684626470108,6.689924396933802,0.32111951329279853,0.09473025642137557,c8a7a565f4c34afcedf377bd8a33aee023bbafec99430b278d5183f906311b3e,52ceac77e1e0c99a5de90b23d52d3e2f15eb08da92d5b6842d3e92834a138f22,2da2eff4a068e88b41bb2a9f71d17504f3bc60c31b0363210d25907cced26bee,f47ce7c8bc2f0244646fc94f66378c03c6d3a6333febd714bd1a1c5b1219d360,0.36071770801208913
1,parity,2,0.05,0.9,115,r1_parity_sigma2_lr0.05,12,ok,,0.8610776471186408,6.37754443193913,0.3325251478916641,0.09942501921960756,21e3187a25ce542a7fda12331f6df5573b7aa9cfb19c4d6a1242f48e9ab77257,c3a0cabd7487508470d585545f7b6a856897b0410105302f1b4d5c12944c190d,1fa2303165fb9f092630d1b0199b8b1ceef402fc45bd96481c26f4dc4640000c,fc82017ddfa783d3b8de0fe6ba6dbcae9d0f983fa2ca1940d75987890c01e5b1,0.3623840829823166
1,parity,2,0.05,0.9,116,r1_parity_sigma2_lr0.05,12,ok,,0.8163439953963877,6.547641875242523,0.32087262579896303,0.09786615086868372,b240340bda42b13e461b839e854e8931eb9b197c11fad589d1f07877b5a6c105,0d285e8573294ff0f8d626c9d7c79b1ffa6d14fb3071ba7be902aa48627a1c7e,4b774c30d2dadd0ba79d44923c3465d50bf5beb8544ebb6fa76e4e48a8e30ffa,627cd83614a1918f21688e7b56bc7c56cdb023030fa2b61dc00bdd2a71476f26,0.36190158291719854
1,parity,2,0.05,0.9,117,r1_parity_sigma2_lr0.05,12,ok,,1.2467043223156078,6.892433283038025,0.3081178260255705,0.09120287650356886,2ff937c83d36f7b3a5406c91e8755c50ce932575e34db68925452587b0ab77d6,32821079a74fe63f445d951a557ad18447fced01821fc77b6b8d137d2fe48881,24f95bfd52c3f3d2c98931fb18163579577384289930fa8ba980f3e9731f5494,3aa7f617f1e6bb331705e0b54586061851eddcd0f484aba7e5ddf22b6bf45eb9,0.3641803340287879
1,parity,2,0.05,0.9,118,r1_parity_sigma2_lr0.05,12,ok,,0.8766737522951267,6.620061838915275,0.3369834727883156,0.09671425669024657,f9372f8f74b3a18b86f9a9dd960278381003e836073cde71119d3b892dde9434,ffdd2708cda2855a18fd4a81398631fadb59f1610b8dd3d36eefe8f678572c16,5acbf74ae2e9e8a1a4fb070e1975a0e7985410d95eb0df75d2dc8cbbd577c6ea,63674289799a75e81a2439fee851a11a30ef752f714ba1cbbd788542b68b464e,0.36080224998295307
1,parity,2,0.05,0.9,119,r1_parity_sigma2_lr0.05,12,ok,,1.8287405932706395,7.377664846322138,0.33104673443287014,0.0976587866576967,9cc5a5818d004f0f1492c246ba3ab8685b2df3f7dfd15cdf113ebebec42d8dee,01bf4e2b10f88360652600d185a9d719f05502f25f089d70da96eafa7fe4dfe3,8851bc19fbe925ac4230a2881685bca8aa77d927173c7879a0be501620af9389,55184240c009f311879b70da2d8309106fedd0c02ebba548f2a08fb9087a23fe,0.3536482499912381
1,parity,2,0.05,0.9,120,r1_parity_sigma2_lr0.05,12,ok,,0.6805409391882233,6.366778081670071,0.3611567177766905,0.106180075026347,69e5aaf107b63f46b6b057dfe99d3189e4f485b9649136f1718f398f646e43c6,dff4b17a330f664ec4d31f507c7603e7842ac94d65226c760d6e78cfa953aeb7,e2870c0966ac2c6eeda9be223b2b76a59dd3d8bbc502a53f1293837163c5dabc,7e0ff4802f886734f8d2147c6f421dd3113c80b48435574319bfbbad8b7330fa,0.3542149169370532
1,parity,2,0.1,0.9,111,r1_parity_sigma2_lr0.1,12,ok,,0.8352589418035816,6.649786103374688,0.3409360573640977,0.09853052057822424,6f4599f803588363f7f3f06a30082972087391773f80fd6d7eb3eadc6484859e,ff013eda1d426d67006a334f6583897c614d689f5823b14c442be63e78bb3962,c82f9ffb273e363eee222e8f1ca4901ef0d88a2a41d7c7bf0385dfda9f807c69,96b86ecff4362f2ef445a3be334302d34ae7d03d85e8e8e806ebcb97f39a0fbd,0.3544782919343561
1,parity,2,0.1,0.9,112,r1_parity_sigma2_lr0.1,12,ok,,0.753580637089526,6.422494782100047,0.3382237350197141,0.09943777809579595,23158049f8a287709543a55b89f8943218b08cba397a67e034633640e70c99f6,3dd0b47c3c1ce23069083c16d0c2272714da54db5025db5646fd1228b010a5e8,e1239e9574a5b9ece5a6142b17dc18054822afbc56b1fe750ed4c81000928119,7a9d6f6f44535dccefcd9f050c6d5219ff9b2ce985333f042c13252f7c8bbf9d,0.3492182909976691
1,parity,2,0.1,0.9,113,r1_parity_sigma2_lr0.1,12,ok,,0.7099891540811206,6.242925365145486,0.36188456311167216,0.11001290718594833,1130bcd06d370ab57f1bc3a67409c755b267648b80a0f46e840060bb010d3ab8,db95c591d5ad7a1f08531cf0e04985b931fc730f28e8ed47b8c7c5d8ecd8db0c,0add28ce81db5ed182ca7ca0109f605c59adae53ed3f3475c8621678c513898f,174e4c9150f344ddaa327ef8fb73e301f24a660f0e2ae0e21efac189efc41f4b,0.35220466705504805
1,parity,2,0.1,0.9,114,r1_parity_sigma2_lr0.1,12,ok,,0.9975370186709586,6.698671709131941,0.3204551500560251,0.0945342692665274,c8a7a565f4c34afcedf377bd8a33aee023bbafec99430b278d5183f906311b3e,52ceac77e1e0c99a5de90b23d52d3e2f15eb08da92d5b6842d3e92834a138f22,2da2eff4a068e88b41bb2a9f71d17504f3bc60c31b0363210d25907cced26bee,f47ce7c8bc2f0244646fc94f66378c03c6d3a6333febd714bd1a1c5b1219d360,0.3510387500282377
1,parity,2,0.1,0.9,115,r1_parity_sigma2_lr0.1,12,ok,,0.8610769690107024,6.3775434508912845,0.33252519918485063,0.09942503455627033,21e3187a25ce542a7fda12331f6df5573b7aa9cfb19c4d6a1242f48e9ab77257,c3a0cabd7487508470d585545f7b6a856897b0410105302f1b4d5c12944c190d,1fa2303165fb9f092630d1b0199b8b1ceef402fc45bd96481c26f4dc4640000c,fc82017ddfa783d3b8de0fe6ba6dbcae9d0f983fa2ca1940d75987890c01e5b1,0.3508015830302611
1,parity,2,0.1,0.9,116,r1_parity_sigma2_lr0.1,12,ok,,0.8163439950128253,6.547641874737716,0.3208726258461354,0.0978661508830713,b240340bda42b13e461b839e854e8931eb9b197c11fad589d1f07877b5a6c105,0d285e8573294ff0f8d626c9d7c79b1ffa6d14fb3071ba7be902aa48627a1c7e,4b774c30d2dadd0ba79d44923c3465d50bf5beb8544ebb6fa76e4e48a8e30ffa,627cd83614a1918f21688e7b56bc7c56cdb023030fa2b61dc00bdd2a71476f26,0.348266415996477
1,parity,2,0.1,0.9,117,r1_parity_sigma2_lr0.1,12,ok,,1.321376575523649,6.979175625238746,0.3067995257309617,0.09081265961636467,2ff937c83d36f7b3a5406c91e8755c50ce932575e34db68925452587b0ab77d6,32821079a74fe63f445d951a557ad18447fced01821fc77b6b8d137d2fe48881,24f95bfd52c3f3d2c98931fb18163579577384289930fa8ba980f3e9731f5494,3aa7f617f1e6bb331705e0b54586061851eddcd0f484aba7e5ddf22b6bf45eb9,0.35290358297061175
1,parity,2,0.1,0.9,118,r1_parity_sigma2_lr0.1,12,ok,,0.876695821744618,6.620085666257456,0.3369820838223809,0.09671385805702332,f9372f8f74b3a18b86f9a9dd960278381003e836073cde71119d3b892dde9434,ffdd2708cda2855a18fd4a81398631fadb59f1610b8dd3d36eefe8f678572c16,5acbf74ae2e9e8a1a4fb070e1975a0e7985410d95eb0df75d2dc8cbbd577c6ea,63674289799a75e81a2439fee851a11a30ef752f714ba1cbbd788542b68b464e,0.3503362908959389
1,parity,2,0.1,0.9,119,r1_parity_sigma2_lr0.1,12,ok,,2.3701788587382224,7.936795961923921,0.3309645507905364,0.09763454248320824,9cc5a5818d004f0f1492c246ba3ab8685b2df3f7dfd15cdf113ebebec42d8dee,01bf4e2b10f88360652600d185a9d719f05502f25f089d70da96eafa7fe4dfe3,8851bc19fbe925ac4230a2881685bca8aa77d927173c7879a0be501620af9389,55184240c009f311879b70da2d8309106fedd0c02ebba548f2a08fb9087a23fe,0.3517806250602007
1,parity,2,0.1,0.9,120,r1_parity_sigma2_lr0.1,12,ok,,0.6805409348573315,6.3667780752320615,0.3611567185141706,0.10618007524316615,69e5aaf107b63f46b6b057dfe99d3189e4f485b9649136f1718f398f646e43c6,dff4b17a330f664ec4d31f507c7603e7842ac94d65226c760d6e78cfa953aeb7,e2870c0966ac2c6eeda9be223b2b76a59dd3d8bbc502a53f1293837163c5dabc,7e0ff4802f886734f8d2147c6f421dd3113c80b48435574319bfbbad8b7330fa,0.35335691703949124
1,scaled-mse,1,0.005,0.9,111,r1_scaled-mse_sigma1_lr0.005,12,ok,,0.8893068182966064,6.693453549284875,0.3643213575849139,0.10528887234204012,6f4599f803588363f7f3f06a30082972087391773f80fd6d7eb3eadc6484859e,ff013eda1d426d67006a334f6583897c614d689f5823b14c442be63e78bb3962,46ec6552ea8abd2c67a85ebf993bb74a1984e0f557904f8a35ae4eb6d2b596da,96b86ecff4362f2ef445a3be334302d34ae7d03d85e8e8e806ebcb97f39a0fbd,0.3503947090357542
1,scaled-mse,1,0.005,0.9,112,r1_scaled-mse_sigma1_lr0.005,12,ok,,0.8207574185837638,6.5203366060711545,0.34443435554144414,0.10126370052918457,23158049f8a287709543a55b89f8943218b08cba397a67e034633640e70c99f6,3dd0b47c3c1ce23069083c16d0c2272714da54db5025db5646fd1228b010a5e8,b0126d22db14df8032614d0be237f7ba7f8faae015df79310d48a47a7e019709,7a9d6f6f44535dccefcd9f050c6d5219ff9b2ce985333f042c13252f7c8bbf9d,0.32768383296206594
1,scaled-mse,1,0.005,0.9,113,r1_scaled-mse_sigma1_lr0.005,12,ok,,0.8033162452482183,6.350852546883444,0.3791197618581351,0.11525240760487307,1130bcd06d370ab57f1bc3a67409c755b267648b80a0f46e840060bb010d3ab8,db95c591d5ad7a1f08531cf0e04985b931fc730f28e8ed47b8c7c5d8ecd8db0c,494a09d0cb32c8fd575150abd91ad12074451b075c550159cd5a0edda3ce9c1b,174e4c9150f344ddaa327ef8fb73e301f24a660f0e2ae0e21efac189efc41f4b,0.30085695802699775
1,scaled-mse,1,0.005,0.9,114,r1_scaled-mse_sigma1_lr0.005,12,ok,,0.7943097621154889,6.490603059429859,0.3839736387669156,0.11327222343624009,c8a7a565f4c34afcedf377bd8a33aee023bbafec99430b278d5183f906311b3e,52ceac77e1e0c99a5de90b23d52d3e2f15eb08da92d5b6842d3e92834a138f22,9fc9306ab4737b5804dc59a07264243c6abc622ca16efa0cd4d6bddf38b05e36,f47ce7c8bc2f0244646fc94f66378c03c6d3a6333febd714bd1a1c5b1219d360,0.2988607920706272
1,scaled-mse,1,0.005,0.9,115,r1_scaled-mse_sigma1_lr0.005,12,ok,,0.8549373988409301,6.373218634210303,0.3439313942828028,0.10283548689055803,21e3187a25ce542a7fda12331f6df5573b7aa9cfb19c4d6a1242f48e9ab77257,c3a0cabd7487508470d585545f7b6a856897b0410105302f1b4d5c12944c190d,fae9b80b4b9bbecd172da441f7a298732dc4ec9c5fd56650a16ee48bf4f2164a,fc82017ddfa783d3b8de0fe6ba6dbcae9d0f983fa2ca1940d75987890c01e5b1,0.29666433297097683
1,scaled-mse,1,0.005,0.9,116,r1_scaled-mse_sigma1_lr0.005,12,ok,,0.7960235256462264,6.511447690188052,0.3501854842519492,0.1068065726968445,b240340bda42b13e461b839e854e8931eb9b197c11fad589d1f07877b5a6c105,0d285e8573294ff0f8d626c9d7c79b1ffa6d14fb3071ba7be902aa48627a1c7e,67eaeaae05cc33550f061649f99bb92951375c55491458d36e2f1c224114a8b1,627cd83614a1918f21688e7b56bc7c56cdb023030fa2b61dc00bdd2a71476f26,0.3069045830052346
1,scaled-mse,1,0.005,0.9,117,r1_scaled-mse_sigma1_lr0.005,12,ok,,0.8908118940666085,6.521590438667064,0.3172632170665993,0.0939099122517134,2ff937c83d36f7b3a5406c91e8755c50ce932575e34db68925452587b0ab77d6,32821079a74fe63f445d951a557ad18447fced01821fc77b6b8d137d2fe48881,6d2e8203ab09f7481803ba6cac1d0fef11989f0d29cc5ddaeca62054fed6f238,3aa7f617f1e6bb331705e0b54586061851eddcd0f484aba7e5ddf22b6bf45eb9,0.3268812920432538
1,scaled-mse,1,0.005,0.9,118,r1_scaled-mse_sigma1_lr0.005,12,ok,,0.8001561744491572,6.492648438544634,0.3764864549115752,0.10805161255962208,f9372f8f74b3a18b86f9a9dd960278381003e836073cde71119d3b892dde9434,ffdd2708cda2855a18fd4a81398631fadb59f1610b8dd3d36eefe8f678572c16,3672d037714419789c221c8c7564a09d4bd2e60bbf08a0fa3cd13f9a40a45c57,63674289799a75e81a2439fee851a11a30ef752f714ba1cbbd788542b68b464e,0.3290420420235023
1,scaled-mse,1,0.005,0.9,119,r1_scaled-mse_sigma1_lr0.005,12,ok,,0.8029225603490099,6.411608846128459,0.3757578945102204,0.11084857888051503,9cc5a5818d004f0f1492c246ba3ab8685b2df3f7dfd15cdf113ebebec42d8dee,01bf4e2b10f88360652600d185a9d719f05502f25f089d70da96eafa7fe4dfe3,a56289775eec0ce432a321db146cf9b88569ccab3daaa3aefaeb57ea0050cb73,55184240c009f311879b70da2d8309106fedd0c02ebba548f2a08fb9087a23fe,0.3336918749846518
1,scaled-mse,1,0.005,0.9,120,r1_scaled-mse_sigma1_lr0.005,12,ok,,0.8076700144843153,6.486181024842556,0.39221591900730957,0.115311480188149,69e5aaf107b63f46b6b057dfe99d3189e4f485b9649136f1718f398f646e43c6,dff4b17a330f664ec4d31f507c7603e7842ac94d65226c760d6e78cfa953aeb7,be8ede604a893ee87034e6fb596cea91ea3be8f191d448807bebae1ef6fbfe79,7e0ff4802f886734f8d2147c6f421dd3113c80b48435574319bfbbad8b7330fa,0.3777321249945089
1,scaled-mse,1,0.01,0.9,111,r1_scaled-mse_sigma1_lr0.01,12,ok,,0.800797379829391,6.633461921227937,0.34357697247798485,0.09929374504613762,6f4599f803588363f7f3f06a30082972087391773f80fd6d7eb3eadc6484859e,ff013eda1d426d67006a334f6583897c614d689f5823b14c442be63e78bb3962,46ec6552ea8abd2c67a85ebf993bb74a1984e0f557904f8a35ae4eb6d2b596da,96b86ecff4362f2ef445a3be334302d34ae7d03d85e8e8e806ebcb97f39a0fbd,0.4828764999983832
1,scaled-mse,1,0.01,0.9,112,r1_scaled-mse_sigma1_lr0.01,12,ok,,0.8100153742045246,6.494527346149581,0.3110613836649818,0.09145204679750465,23158049f8a287709543a55b89f8943218b08cba397a67e034633640e70c99f6,3dd0b47c3c1ce23069083c16d0c2272714da54db5025db5646fd1228b010a5e8,b0126d22db14df8032614d0be237f7ba7f8faae015df79310d48a47a7e019709,7a9d6f6f44535dccefcd9f050c6d5219ff9b2ce985333f042c13252f7c8bbf9d,0.5546505419770256
1,scaled-mse,1,0.01,0.9,113,r1_scaled-mse_sigma1_lr0.01,12,ok,,0.7737037109760054,6.294285580240056,0.34133571694553055,0.10376605795144128,1130bcd06d370ab57f1bc3a67409c755b267648b80a0f46e840060bb010d3ab8,db95c591d5ad7a1f08531cf0e04985b931fc730f28e8ed47b8c7c5d8ecd8db0c,494a09d0cb32c8fd575150abd91ad12074451b075c550159cd5a0edda3ce9c1b,174e4c9150f344ddaa327ef8fb73e301f24a660f0e2ae0e21efac189efc41f4b,0.5694468750152737
1,scaled-mse,1,0.01,0.9,114,r1_scaled-mse_sigma1_lr0.01,12,ok,,0.692365915325386,6.3833181740557885,0.3472107398986254,0.10242716827009449,c8a7a565f4c34afcedf377bd8a33aee023bbafec99430b278d5183f906311b3e,52ceac77e1e0c99a5de90b23d52d3e2f15eb08da92d5b6842d3e92834a138f22,9fc9306ab4737b5804dc59a07264243c6abc622ca16efa0cd4d6bddf38b05e36,f47ce7c8bc2f0244646fc94f66378c03c6d3a6333febd714bd1a1c5b1219d360,0.456635250011459
1,scaled-mse,1,0.01,0.9,115,r1_scaled-mse_sigma1_lr0.01,12,ok,,0.8854743840929138,6.393139448493466,0.3128048786670819,0.09352865872145749,21e3187a25ce542a7fda12331f6df5573b7aa9cfb19c4d6a1242f48e9ab77257,c3a0cabd7487508470d585545f7b6a856897b0410105302f1b4d5c12944c190d,fae9b80b4b9bbecd172da441f7a298732dc4ec9c5fd56650a16ee48bf4f2164a,fc82017ddfa783d3b8de0fe6ba6dbcae9d0f983fa2ca1940d75987890c01e5b1,0.42772916704416275
1,scaled-mse,1,0.01,0.9,116,r1_scaled-mse_sigma1_lr0.01,12,ok,,0.8291466858026961,6.565596811423629,0.3123633348567511,0.09527081713130908,b240340bda42b13e461b839e854e8931eb9b197c11fad589d1f07877b5a6c105,0d285e8573294ff0f8d626c9d7c79b1ffa6d14fb3071ba7be902aa48627a1c7e,67eaeaae05cc33550f061649f99bb92951375c55491458d36e2f1c224114a8b1,627cd83614a1918f21688e7b56bc7c56cdb023030fa2b61dc00bdd2a71476f26,0.3757395000429824
1,scaled-mse,1,0.01,0.9,117,r1_scaled-mse_sigma1_lr0.01,12,ok,,0.8563641767872533,6.486063422258068,0.30561096052087905,0.0904608443141802,2ff937c83d36f7b3a5406c91e8755c50ce932575e34db68925452587b0ab77d6,32821079a74fe63f445d951a557ad18447fced01821fc77b6b8d137d2fe48881,6d2e8203ab09f7481803ba6cac1d0fef11989f0d29cc5ddaeca62054fed6f238,3aa7f617f1e6bb331705e0b54586061851eddcd0f484aba7e5ddf22b6bf45eb9,0.3630420829867944
1,scaled-mse,1,0.01,0.9,118,r1_scaled-mse_sigma1_lr0.01,12,ok,,0.7095653581537165,6.433612256934291,0.3569599813802076,0.10244751465611959,f9372f8f74b3a18b86f9a9dd960278381003e836073cde71119d3b892dde9434,ffdd2708cda2855a18fd4a81398631fadb59f1610b8dd3d36eefe8f678572c16,3672d037714419789c221c8c7564a09d4bd2e60bbf08a0fa3cd13f9a40a45c57,63674289799a75e81a2439fee851a11a30ef752f714ba1cbbd788542b68b464e,0.3491728329099715
1,scaled-mse,1,0.01,0.9,119,r1_scaled-mse_sigma1_lr0.01,12,ok,,0.7166586042792397,6.319411005057314,0.3508346699838378,0.10349622764523214,9cc5a5818d004f0f1492c246ba3ab8685b2df3f7dfd15cdf113ebebec42d8dee,01bf4e2b10f88360652600d185a9d719f05502f25f089d70da96eafa7fe4dfe3,a56289775eec0ce432a321db146cf9b88569ccab3daaa3aefaeb57ea0050cb73,55184240c009f311879b70da2d8309106fedd0c02ebba548f2a08fb9087a23fe,0.3091616249876097
1,scaled-mse,1,0.01,0.9,120,r1_scaled-mse_sigma1_lr0.01,12,ok,,0.6592383177340764,6.345865999801168,0.3674278868823766,0.10802379874341872,69e5aaf107b63f46b6b057dfe99d3189e4f485b9649136f1718f398f646e43c6,dff4b17a330f664ec4d31f507c7603e7842ac94d65226c760d6e78cfa953aeb7,be8ede604a893ee87034e6fb596cea91ea3be8f191d448807bebae1ef6fbfe79,7e0ff4802f886734f8d2147c6f421dd3113c80b48435574319bfbbad8b7330fa,0.3233536669285968
1,scaled-mse,1,0.02,0.9,111,r1_scaled-mse_sigma1_lr0.02,12,ok,,0.8237677342735328,6.6529335247073105,0.3426992268583514,0.09904007656206357,6f4599f803588363f7f3f06a30082972087391773f80fd6d7eb3eadc6484859e,ff013eda1d426d67006a334f6583897c614d689f5823b14c442be63e78bb3962,46ec6552ea8abd2c67a85ebf993bb74a1984e0f557904f8a35ae4eb6d2b596da,96b86ecff4362f2ef445a3be334302d34ae7d03d85e8e8e806ebcb97f39a0fbd,0.33309758303221315
1,scaled-mse,1,0.02,0.9,112,r1_scaled-mse_sigma1_lr0.02,12,ok,,0.8186276815637994,6.501683008535571,0.3112310494499477,0.09150192853828464,23158049f8a287709543a55b89f8943218b08cba397a67e034633640e70c99f6,3dd0b47c3c1ce23069083c16d0c2272714da54db5025db5646fd1228b010a5e8,b0126d22db14df8032614d0be237f7ba7f8faae015df79310d48a47a7e019709,7a9d6f6f44535dccefcd9f050c6d5219ff9b2ce985333f042c13252f7c8bbf9d,0.33416991599369794
1,scaled-mse,1,0.02,0.9,113,r1_scaled-mse_sigma1_lr0.02,12,ok,,0.7775434190272595,6.29772933463881,0.34156308243167877,0.10383517705923034,1130bcd06d370ab57f1bc3a67409c755b267648b80a0f46e840060bb010d3ab8,db95c591d5ad7a1f08531cf0e04985b931fc730f28e8ed47b8c7c5d8ecd8db0c,494a09d0cb32c8fd575150abd91ad12074451b075c550159cd5a0edda3ce9c1b,174e4c9150f344ddaa327ef8fb73e301f24a660f0e2ae0e21efac189efc41f4b,0.3212739999871701
1,scaled-mse,1,0.02,0.9,114,r1_scaled-mse_sigma1_lr0.02,12,ok,,0.7011593985829416,6.388679975472858,0.34662574574757454,0.10225459499553449,c8a7a565f4c34afcedf377bd8a33aee023bbafec99430b278d5183f906311b3e,52ceac77e1e0c99a5de90b23d52d3e2f15eb08da92d5b6842d3e92834a138f22,9fc9306ab4737b5804dc59a07264243c6abc622ca16efa0cd4d6bddf38b05e36,f47ce7c8bc2f0244646fc94f66378c03c6d3a6333febd714bd1a1c5b1219d360,0.31645849999040365
1,scaled-mse,1,0.02,0.9,115,r1_scaled-mse_sigma1_lr0.02,12,ok,,0.89765285798047,6.41055591752752,0.31267977895935156,0.09349125390884612,21e3187a25ce542a7fda12331f6df5573b7aa9cfb19c4d6a1242f48e9ab77257,c3a0cabd7487508470d585545f7b6a856897b0410105302f1b4d5c12944c190d,fae9b80b4b9bbecd172da441f7a298732dc4ec9c5fd56650a16ee48bf4f2164a,fc82017ddfa783d3b8de0fe6ba6dbcae9d0f983fa2ca1940d75987890c01e5b1,0.30932212492916733
1,scaled-mse,1,0.02,0.9,116,r1_scaled-mse_sigma1_lr0.02,12,ok,,0.8352294181221293,6.572566234871146,0.31257455433822345,0.09533523907315815,b240340bda42b13e461b839e854e8931eb9b197c11fad589d1f07877b5a6c105,0d285e8573294ff0f8d626c9d7c79b1ffa6d14fb3071ba7be902aa48627a1c7e,67eaeaae05cc33550f061649f99bb92951375c55491458d36e2f1c224114a8b1,627cd83614a1918f21688e7b56bc7c56cdb023030fa2b61dc00bdd2a71476f26,0.3110993329901248
1,scaled-mse,1,0.02,0.9,117,r1_scaled-mse_sigma1_lr0.02,12,ok,,0.8714648569992899,6.501808217100926,0.3047255675812203,0.09019876800404121,2ff937c83d36f7b3a5406c91e8755c50ce932575e34db68925452587b0ab77d6,32821079a74fe63f445d951a557ad18447fced01821fc77b6b8d137d2fe48881,6d2e8203ab09f7481803ba6cac1d0fef11989f0d29cc5ddaeca62054fed6f238,3aa7f617f1e6bb331705e0b54586061851eddcd0f484aba7e5ddf22b6bf45eb9,0.30027633300051093
1,scaled-mse,1,0.02,0.9,118,r1_scaled-mse_sigma1_lr0.02,12,ok,,0.7139562863225136,6.436806677861299,0.35691052205343843,0.10243331982933683,f9372f8f74b3a18b86f9a9dd960278381003e836073cde71119d3b892dde9434,ffdd2708cda2855a18fd4a81398631fadb59f1610b8dd3d36eefe8f678572c16,3672d037714419789c221c8c7564a09d4bd2e60bbf08a0fa3cd13f9a40a45c57,63674289799a75e81a2439fee851a11a30ef752f714ba1cbbd788542b68b464e,0.2988274160306901
1,scaled-mse,1,0.02,0.9,119,r1_scaled-mse_sigma1_lr0.02,12,ok,,0.721924770587828,6.320621233085409,0.3512282358344658,0.10361232957116741,9cc5a5818d004f0f1492c246ba3ab8685b2df3f7dfd15cdf113ebebec42d8dee,01bf4e2b10f88360652600d185a9d719f05502f25f089d70da96eafa7fe4dfe3,a56289775eec0ce432a321db146cf9b88569ccab3daaa3aefaeb57ea0050cb73,55184240c009f311879b70da2d8309106fedd0c02ebba548f2a08fb9087a23fe,0.29937779100146145
1,scaled-mse,1,0.02,0.9,120,r1_scaled-mse_sigma1_lr0.02,12,ok,,0.6667139426744768,6.354077788701009,0.3667290665790642,0.10781834557424487,69e5aaf107b63f46b6b057dfe99d3189e4f485b9649136f1718f398f646e43c6,dff4b17a330f664ec4d31f507c7603e7842ac94d65226c760d6e78cfa953aeb7,be8ede604a893ee87034e6fb596cea91ea3be8f191d448807bebae1ef6fbfe79,7e0ff4802f886734f8d2147c6f421dd3113c80b48435574319bfbbad8b7330fa,0.30298916704487056
1,scaled-mse,1,0.05,0.9,111,r1_scaled-mse_sigma1_lr0.05,12,ok,,0.8234613067077241,6.65325709375844,0.3426971511814924,0.0990394766914513,6f4599f803588363f7f3f06a30082972087391773f80fd6d7eb3eadc6484859e,ff013eda1d426d67006a334f6583897c614d689f5823b14c442be63e78bb3962,46ec6552ea8abd2c67a85ebf993bb74a1984e0f557904f8a35ae4eb6d2b596da,96b86ecff4362f2ef445a3be334302d34ae7d03d85e8e8e806ebcb97f39a0fbd,0.3062838329933584
1,scaled-mse,1,0.05,0.9,112,r1_scaled-mse_sigma1_lr0.05,12,ok,,0.8186590715395643,6.501716517939294,0.3112301563595442,0.09150166596970599,23158049f8a287709543a55b89f8943218b08cba397a67e034633640e70c99f6,3dd0b47c3c1ce23069083c16d0c2272714da54db5025db5646fd1228b010a5e8,b0126d22db14df8032614d0be237f7ba7f8faae015df79310d48a47a7e019709,7a9d6f6f44535dccefcd9f050c6d5219ff9b2ce985333f042c13252f7c8bbf9d,0.3076948330271989
1,scaled-mse,1,0.05,0.9,113,r1_scaled-mse_sigma1_lr0.05,12,ok,,0.777507387021308,6.29772926437269,0.3415644038461509,0.10383557876922987,1130bcd06d370ab57f1bc3a67409c755b267648b80a0f46e840060bb010d3ab8,db95c591d5ad7a1f08531cf0e04985b931fc730f28e8ed47b8c7c5d8ecd8db0c,494a09d0cb32c8fd575150abd91ad12074451b075c550159cd5a0edda3ce9c1b,174e4c9150f344ddaa327ef8fb73e301f24a660f0e2ae0e21efac189efc41f4b,0.3332433329196647
1,scaled-mse,1,0.05,0.9,114,r1_scaled-mse_sigma1_lr0.05,12,ok,,0.7009585579578508,6.388583063918851,0.3466176065492499,0.10225219393202872,c8a7a565f4c34afcedf377bd8a33aee023bbafec99430b278d5183f906311b3e,52ceac77e1e0c99a5de90b23d52d3e2f15eb08da92d5b6842d3e92834a138f22,9fc9306ab4737b5804dc59a07264243c6abc622ca16efa0cd4d6bddf38b05e36,f47ce7c8bc2f0244646fc94f66378c03c6d3a6333febd714bd1a1c5b1219d360,0.40071529196575284
1,scaled-mse,1,0.05,0.9,115,r1_scaled-mse_sigma1_lr0.05,12,ok,,0.8976544713497063,6.410552483700647,0.31267987550606363,0.09349128277631302,21e3187a25ce542a7fda12331f6df5573b7aa9cfb19c4d6a1242f48e9ab77257,c3a0cabd7487508470d585545f7b6a856897b0410105302f1b4d5c12944c190d,fae9b80b4b9bbecd172da441f7a298732dc4ec9c5fd56650a16ee48bf4f2164a,fc82017ddfa783d3b8de0fe6ba6dbcae9d0f983fa2ca1940d75987890c01e5b1,0.4143352919491008
1,scaled-mse,1,0.05,0.9,116,r1_scaled-mse_sigma1_lr0.05,12,ok,,0.8352126566840032,6.572551301002175,0.3125785157058822,0.09533644729029407,b240340bda42b13e461b839e854e8931eb9b197c11fad589d1f07877b5a6c105,0d285e8573294ff0f8d626c9d7c79b1ffa6d14fb3071ba7be902aa48627a1c7e,67eaeaae05cc33550f061649f99bb92951375c55491458d36e2f1c224114a8b1,627cd83614a1918f21688e7b56bc7c56cdb023030fa2b61dc00bdd2a71476f26,0.4031788749853149
1,scaled-mse,1,0.05,0.9,117,r1_scaled-mse_sigma1_lr0.05,12,ok,,0.8715361907784952,6.50185438400385,0.30472149675347443,0.09019756303902844,2ff937c83d36f7b3a5406c91e8755c50ce932575e34db68925452587b0ab77d6,32821079a74fe63f445d951a557ad18447fced01821fc77b6b8d137d2fe48881,6d2e8203ab09f7481803ba6cac1d0fef11989f0d29cc5ddaeca62054fed6f238,3aa7f617f1e6bb331705e0b54586061851eddcd0f484aba7e5ddf22b6bf45eb9,0.3440808749292046
1,scaled-mse,1,0.05,0.9,118,r1_scaled-mse_sigma1_lr0.05,12,ok,,0.7139311972204406,6.436793772267412,0.3569098102287422,0.102433115535649,f9372f8f74b3a18b86f9a9dd960278381003e836073cde71119d3b892dde9434,ffdd2708cda2855a18fd4a81398631fadb59f1610b8dd3d36eefe8f678572c16,3672d037714419789c221c8c7564a09d4bd2e60bbf08a0fa3cd13f9a40a45c57,63674289799a75e81a2439fee851a11a30ef752f714ba1cbbd788542b68b464e,0.3289233329705894
1,scaled-mse,1,0.05,0.9,119,r1_scaled-mse_sigma1_lr0.05,12,ok,,0.721996671429776,6.320639940586898,0.351230508794723,0.1036130000944433,9cc5a5818d004f0f1492c246ba3ab8685b2df3f7dfd15cdf113ebebec42d8dee,01bf4e2b10f88360652600d185a9d719f05502f25f089d70da96eafa7fe4dfe3,a56289775eec0ce432a321db146cf9b88569ccab3daaa3aefaeb57ea0050cb73,55184240c009f311879b70da2d8309106fedd0c02ebba548f2a08fb9087a23fe,0.30740199994761497
1,scaled-mse,1,0.05,0.9,120,r1_scaled-mse_sigma1_lr0.05,12,ok,,0.6667635594585717,6.354108401324234,0.3667332115049886,0.10781956418246665,69e5aaf107b63f46b6b057dfe99d3189e4f485b9649136f1718f398f646e43c6,dff4b17a330f664ec4d31f507c7603e7842ac94d65226c760d6e78cfa953aeb7,be8ede604a893ee87034e6fb596cea91ea3be8f191d448807bebae1ef6fbfe79,7e0ff4802f886734f8d2147c6f421dd3113c80b48435574319bfbbad8b7330fa,0.31157304195221514
1,scaled-mse,1,0.1,0.9,111,r1_scaled-mse_sigma1_lr0.1,12,ok,,0.8234613066520141,6.6532570936218765,0.3426971511906887,0.09903947669410904,6f4599f803588363f7f3f06a30082972087391773f80fd6d7eb3eadc6484859e,ff013eda1d426d67006a334f6583897c614d689f5823b14c442be63e78bb3962,46ec6552ea8abd2c67a85ebf993bb74a1984e0f557904f8a35ae4eb6d2b596da,96b86ecff4362f2ef445a3be334302d34ae7d03d85e8e8e806ebcb97f39a0fbd,0.3132192500634119
1,scaled-mse,1,0.1,0.9,112,r1_scaled-mse_sigma1_lr0.1,12,ok,,0.818659071194752,6.501716517483184,0.31123015645573504,0.0915016659979861,23158049f8a287709543a55b89f8943218b08cba397a67e034633640e70c99f6,3dd0b47c3c1ce23069083c16d0c2272714da54db5025db5646fd1228b010a5e8,b0126d22db14df8032614d0be237f7ba7f8faae015df79310d48a47a7e019709,7a9d6f6f44535dccefcd9f050c6d5219ff9b2ce985333f042c13252f7c8bbf9d,0.3113526669330895
1,scaled-mse,1,0.1,0.9,113,r1_scaled-mse_sigma1_lr0.1,12,ok,,0.7775073871535677,6.297729264323027,0.3415644039189165,0.10383557879135062,1130bcd06d370ab57f1bc3a67409c755b267648b80a0f46e840060bb010d3ab8,db95c591d5ad7a1f08531cf0e04985b931fc730f28e8ed47b8c7c5d8ecd8db0c,494a09d0cb32c8fd575150abd91ad12074451b075c550159cd5a0edda3ce9c1b,174e4c9150f344ddaa327ef8fb73e301f24a660f0e2ae0e21efac189efc41f4b,0.30495249992236495
1,scaled-mse,1,0.1,0.9,114,r1_scaled-mse_sigma1_lr0.1,12,ok,,0.7009585580551845,6.388583064004022,0.34661760642875034,0.10225219389648134,c8a7a565f4c34afcedf377bd8a33aee023bbafec99430b278d5183f906311b3e,52ceac77e1e0c99a5de90b23d52d3e2f15eb08da92d5b6842d3e92834a138f22,9fc9306ab4737b5804dc59a07264243c6abc622ca16efa0cd4d6bddf38b05e36,f47ce7c8bc2f0244646fc94f66378c03c6d3a6333febd714bd1a1c5b1219d360,0.3055134159512818
1,scaled-mse,1,0.1,0.9,115,r1_scaled-mse_sigma1_lr0.1,12,ok,,0.8976544714686986,6.410552484135189,0.312679875532904,0.0934912827843383,21e3187a25ce542a7fda12331f6df5573b7aa9cfb19c4d6a1242f48e9ab77257,c3a0cabd7487508470d585545f7b6a856897b0410105302f1b4d5c12944c190d,fae9b80b4b9bbecd172da441f7a298732dc4ec9c5fd56650a16ee48bf4f2164a,fc82017ddfa783d3b8de0fe6ba6dbcae9d0f983fa2ca1940d75987890c01e5b1,0.31800145900342613
1,scaled-mse,1,0.1,0.9,116,r1_scaled-mse_sigma1_lr0.1,12,ok,,0.8352126564110656,6.572551300800653,0.3125785157608855,0.09533644730707008,b240340bda42b13e461b839e854e8931eb9b197c11fad589d1f07877b5a6c105,0d285e8573294ff0f8d626c9d7c79b1ffa6d14fb3071ba7be902aa48627a1c7e,67eaeaae05cc33550f061649f99bb92951375c55491458d36e2f1c224114a8b1,627cd83614a1918f21688e7b56bc7c56cdb023030fa2b61dc00bdd2a71476f26,0.30744858307298273
1,scaled-mse,1,0.1,0.9,117,r1_scaled-mse_sigma1_lr0.1,12,ok,,0.871536189983611,6.501854383207968,0.304721496913413,0.09019756308637025,2ff937c83d36f7b3a5406c91e8755c50ce932575e34db68925452587b0ab77d6,32821079a74fe63f445d951a557ad18447fced01821fc77b6b8d137d2fe48881,6d2e8203ab09f7481803ba6cac1d0fef11989f0d29cc5ddaeca62054fed6f238,3aa7f617f1e6bb331705e0b54586061851eddcd0f484aba7e5ddf22b6bf45eb9,0.30312579101882875
1,scaled-mse,1,0.1,0.9,118,r1_scaled-mse_sigma1_lr0.1,12,ok,,0.7139311971365245,6.436793772117257,0.35690981029953883,0.10243311555596765,f9372f8f74b3a18b86f9a9dd960278381003e836073cde71119d3b892dde9434,ffdd2708cda2855a18fd4a81398631fadb59f1610b8dd3d36eefe8f678572c16,3672d037714419789c221c8c7564a09d4bd2e60bbf08a0fa3cd13f9a40a45c57,63674289799a75e81a2439fee851a11a30ef752f714ba1cbbd788542b68b464e,0.3019744170596823
1,scaled-mse,1,0.1,0.9,119,r1_scaled-mse_sigma1_lr0.1,12,ok,,0.7219966719664993,6.320639941028687,0.35123050865411104,0.10361300005296276,9cc5a5818d004f0f1492c246ba3ab8685b2df3f7dfd15cdf113ebebec42d8dee,01bf4e2b10f88360652600d185a9d719f05502f25f089d70da96eafa7fe4dfe3,a56289775eec0ce432a321db146cf9b88569ccab3daaa3aefaeb57ea0050cb73,55184240c009f311879b70da2d8309106fedd0c02ebba548f2a08fb9087a23fe,0.30039108404889703
1,scaled-mse,1,0.1,0.9,120,r1_scaled-mse_sigma1_lr0.1,12,ok,,0.6667635592687016,6.354108401084192,0.36673321163259287,0.10781956421998232,69e5aaf107b63f46b6b057dfe99d3189e4f485b9649136f1718f398f646e43c6,dff4b17a330f664ec4d31f507c7603e7842ac94d65226c760d6e78cfa953aeb7,be8ede604a893ee87034e6fb596cea91ea3be8f191d448807bebae1ef6fbfe79,7e0ff4802f886734f8d2147c6f421dd3113c80b48435574319bfbbad8b7330fa,0.30261658399831504
1,scaled-mse,1,0.2,0.9,111,r1_scaled-mse_sigma1_lr0.2,12,ok,,0.8234613065427331,6.6532570936521385,0.3426971511558069,0.09903947668402818,6f4599f803588363f7f3f06a30082972087391773f80fd6d7eb3eadc6484859e,ff013eda1d426d67006a334f6583897c614d689f5823b14c442be63e78bb3962,46ec6552ea8abd2c67a85ebf993bb74a1984e0f557904f8a35ae4eb6d2b596da,96b86ecff4362f2ef445a3be334302d34ae7d03d85e8e8e806ebcb97f39a0fbd,0.3009461670881137
1,scaled-mse,1,0.2,0.9,112,r1_scaled-mse_sigma1_lr0.2,12,ok,,0.8186590715691473,6.501716517972022,0.3112301563537658,0.09150166596800714,23158049f8a287709543a55b89f8943218b08cba397a67e034633640e70c99f6,3dd0b47c3c1ce23069083c16d0c2272714da54db5025db5646fd1228b010a5e8,b0126d22db14df8032614d0be237f7ba7f8faae015df79310d48a47a7e019709,7a9d6f6f44535dccefcd9f050c6d5219ff9b2ce985333f042c13252f7c8bbf9d,0.29257395793683827
1,scaled-mse,1,0.2,0.9,113,r1_scaled-mse_sigma1_lr0.2,12,ok,,0.7775073872525087,6.29772926442756,0.34156440384253234,0.10383557876812984,1130bcd06d370ab57f1bc3a67409c755b267648b80a0f46e840060bb010d3ab8,db95c591d5ad7a1f08531cf0e04985b931fc730f28e8ed47b8c7c5d8ecd8db0c,494a09d0cb32c8fd575150abd91ad12074451b075c550159cd5a0edda3ce9c1b,174e4c9150f344ddaa327ef8fb73e301f24a660f0e2ae0e21efac189efc41f4b,0.29606966709252447
1,scaled-mse,1,0.2,0.9,114,r1_scaled-mse_sigma1_lr0.2,12,ok,,0.7009585578300406,6.388583063774078,0.34661760653113294,0.10225219392668422,c8a7a565f4c34afcedf377bd8a33aee023bbafec99430b278d5183f906311b3e,52ceac77e1e0c99a5de90b23d52d3e2f15eb08da92d5b6842d3e92834a138f22,9fc9306ab4737b5804dc59a07264243c6abc622ca16efa0cd4d6bddf38b05e36,f47ce7c8bc2f0244646fc94f66378c03c6d3a6333febd714bd1a1c5b1219d360,0.29580870899371803
1,scaled-mse,1,0.2,0.9,115,r1_scaled-mse_sigma1_lr0.2,12,ok,,0.897654471391677,6.4105524837653025,0.3126798755022242,0.09349128277516504,21e3187a25ce542a7fda12331f6df5573b7aa9cfb19c4d6a1242f48e9ab77257,c3a0cabd7487508470d585545f7b6a856897b0410105302f1b4d5c12944c190d,fae9b80b4b9bbecd172da441f7a298732dc4ec9c5fd56650a16ee48bf4f2164a,fc82017ddfa783d3b8de0fe6ba6dbcae9d0f983fa2ca1940d75987890c01e5b1,0.29587029200047255
1,scaled-mse,1,0.2,0.9,116,r1_scaled-mse_sigma1_lr0.2,12,ok,,0.8352126567235638,6.57255130104861,0.3125785156988453,0.09533644728814783,b240340bda42b13e461b839e854e8931eb9b197c11fad589d1f07877b5a6c105,0d285e8573294ff0f8d626c9d7c79b1ffa6d14fb3071ba7be902aa48627a1c7e,67eaeaae05cc33550f061649f99bb92951375c55491458d36e2f1c224114a8b1,627cd83614a1918f21688e7b56bc7c56cdb023030fa2b61dc00bdd2a71476f26,0.2916978329885751
1,scaled-mse,1,0.2,0.9,117,r1_scaled-mse_sigma1_lr0.2,12,ok,,0.8715361908263783,6.501854384026546,0.3047214967559558,0.09019756303976291,2ff937c83d36f7b3a5406c91e8755c50ce932575e34db68925452587b0ab77d6,32821079a74fe63f445d951a557ad18447fced01821fc77b6b8d137d2fe48881,6d2e8203ab09f7481803ba6cac1d0fef11989f0d29cc5ddaeca62054fed6f238,3aa7f617f1e6bb331705e0b54586061851eddcd0f484aba7e5ddf22b6bf45eb9,0.2916653340216726
1,scaled-mse,1,0.2,0.9,118,r1_scaled-mse_sigma1_lr0.2,12,ok,,0.7139311974877272,6.4367937723872855,0.35690981022087875,0.1024331155333922,f9372f8f74b3a18b86f9a9dd960278381003e836073cde71119d3b892dde9434,ffdd2708cda2855a18fd4a81398631fadb59f1610b8dd3d36eefe8f678572c16,3672d037714419789c221c8c7564a09d4bd2e60bbf08a0fa3cd13f9a40a45c57,63674289799a75e81a2439fee851a11a30ef752f714ba1cbbd788542b68b464e,0.29152829200029373
1,scaled-mse,1,0.2,0.9,119,r1_scaled-mse_sigma1_lr0.2,12,ok,,0.7219966717601569,6.3206399407627,0.3512305087919304,0.10361300009361947,9cc5a5818d004f0f1492c246ba3ab8685b2df3f7dfd15cdf113ebebec42d8dee,01bf4e2b10f88360652600d185a9d719f05502f25f089d70da96eafa7fe4dfe3,a56289775eec0ce432a321db146cf9b88569ccab3daaa3aefaeb57ea0050cb73,55184240c009f311879b70da2d8309106fedd0c02ebba548f2a08fb9087a23fe,0.29144345794338733
1,scaled-mse,1,0.2,0.9,120,r1_scaled-mse_sigma1_lr0.2,12,ok,,0.6667635594957482,6.354108401344083,0.3667332115299518,0.10781956418980583,69e5aaf107b63f46b6b057dfe99d3189e4f485b9649136f1718f398f646e43c6,dff4b17a330f664ec4d31f507c7603e7842ac94d65226c760d6e78cfa953aeb7,be8ede604a893ee87034e6fb596cea91ea3be8f191d448807bebae1ef6fbfe79,7e0ff4802f886734f8d2147c6f421dd3113c80b48435574319bfbbad8b7330fa,0.2932822499424219
2,mse,1,0.005,0.9,111,r2_mse_sigma1_lr0.005,24,ok,,0.9183884410340835,6.6340075324424115,0.39472346898108585,0.1140750825355338,6f4599f803588363f7f3f06a30082972087391773f80fd6d7eb3eadc6484859e,ff013eda1d426d67006a334f6583897c614d689f5823b14c442be63e78bb3962,46ec6552ea8abd2c67a85ebf993bb74a1984e0f557904f8a35ae4eb6d2b596da,d3f89794b81548de4e59b0ec306b27c71b5ffb286fb0630c9f0073f46eb4c9f7,0.3030953750712797
2,mse,1,0.005,0.9,112,r2_mse_sigma1_lr0.005,24,ok,,1.1290363144273112,6.79158352020265,0.3531947956373596,0.10383926991738374,23158049f8a287709543a55b89f8943218b08cba397a67e034633640e70c99f6,3dd0b47c3c1ce23069083c16d0c2272714da54db5025db5646fd1228b010a5e8,b0126d22db14df8032614d0be237f7ba7f8faae015df79310d48a47a7e019709,878cf7d55afb9a39657ebc38bdf121170189f21d2dfaa163389d30f925ef68ec,0.3019183339783922
2,mse,1,0.005,0.9,113,r2_mse_sigma1_lr0.005,24,ok,,0.8376924714456122,6.38939505196907,0.3655398764889136,0.11112412245262973,1130bcd06d370ab57f1bc3a67409c755b267648b80a0f46e840060bb010d3ab8,db95c591d5ad7a1f08531cf0e04985b931fc730f28e8ed47b8c7c5d8ecd8db0c,494a09d0cb32c8fd575150abd91ad12074451b075c550159cd5a0edda3ce9c1b,891547b532f120de6026299269c7b7f02b9f8e5ec5427c34f46a0d7342b1e3cb,0.3032976249232888
2,mse,1,0.005,0.9,114,r2_mse_sigma1_lr0.005,24,ok,,1.0351599173281518,6.726387061182381,0.40209627285179583,0.11861840049127977,c8a7a565f4c34afcedf377bd8a33aee023bbafec99430b278d5183f906311b3e,52ceac77e1e0c99a5de90b23d52d3e2f15eb08da92d5b6842d3e92834a138f22,9fc9306ab4737b5804dc59a07264243c6abc622ca16efa0cd4d6bddf38b05e36,ff1f566e112f87b9cad44cd46ba1c612e01b8c5fd8b5b0ea9eff1d1194af513a,0.299608749919571
2,mse,1,0.005,0.9,115,r2_mse_sigma1_lr0.005,24,ok,,0.9230364480659471,6.468526046844563,0.336105086822003,0.1004954209597789,21e3187a25ce542a7fda12331f6df5573b7aa9cfb19c4d6a1242f48e9ab77257,c3a0cabd7487508470d585545f7b6a856897b0410105302f1b4d5c12944c190d,fae9b80b4b9bbecd172da441f7a298732dc4ec9c5fd56650a16ee48bf4f2164a,1ae9d839d1869c0f22993ebadfd19eb0715ce3d007fd9f2802df18e4040708bc,0.2996372500201687
2,mse,1,0.005,0.9,116,r2_mse_sigma1_lr0.005,24,ok,,0.8762903222429943,6.590132928565263,0.3675154220669843,0.11209220373043022,b240340bda42b13e461b839e854e8931eb9b197c11fad589d1f07877b5a6c105,0d285e8573294ff0f8d626c9d7c79b1ffa6d14fb3071ba7be902aa48627a1c7e,67eaeaae05cc33550f061649f99bb92951375c55491458d36e2f1c224114a8b1,7c75eb5fca0d72e6adcecef89e7dc937297e38de8cb0f313c0efdbaa84f869b4,0.30083958292379975
2,mse,1,0.005,0.9,117,r2_mse_sigma1_lr0.005,24,ok,,0.9351349725358132,6.579327097797998,0.32188880739703035,0.09527908698952099,2ff937c83d36f7b3a5406c91e8755c50ce932575e34db68925452587b0ab77d6,32821079a74fe63f445d951a557ad18447fced01821fc77b6b8d137d2fe48881,6d2e8203ab09f7481803ba6cac1d0fef11989f0d29cc5ddaeca62054fed6f238,fc79fab2451060b5dec563ede4c16d8978c0910ac1ba9cb8dd0770b2eee8df71,0.29959112498909235
2,mse,1,0.005,0.9,118,r2_mse_sigma1_lr0.005,24,ok,,0.8613026393496293,6.594006431404497,0.37792304457112486,0.10846391379191284,f9372f8f74b3a18b86f9a9dd960278381003e836073cde71119d3b892dde9434,ffdd2708cda2855a18fd4a81398631fadb59f1610b8dd3d36eefe8f678572c16,3672d037714419789c221c8c7564a09d4bd2e60bbf08a0fa3cd13f9a40a45c57,f6a266db7e43e2d4c3efaac77387b131e8972c9689b7bb3f39cff6baaa1f2d33,0.30868887493852526
2,mse,1,0.005,0.9,119,r2_mse_sigma1_lr0.005,24,ok,,0.8113384985527027,6.419988220087221,0.40396245685569515,0.11916892477243007,9cc5a5818d004f0f1492c246ba3ab8685b2df3f7dfd15cdf113ebebec42d8dee,01bf4e2b10f88360652600d185a9d719f05502f25f089d70da96eafa7fe4dfe3,a56289775eec0ce432a321db146cf9b88569ccab3daaa3aefaeb57ea0050cb73,4279994d459dd9550c597307a9eb02dbadf88a836b3acac9f0155f99e4616a79,0.3147399170557037
2,mse,1,0.005,0.9,120,r2_mse_sigma1_lr0.005,24,ok,,0.8773896248939513,6.537715785367842,0.4580094199865949,0.1346547694760589,69e5aaf107b63f46b6b057dfe99d3189e4f485b9649136f1718f398f646e43c6,dff4b17a330f664ec4d31f507c7603e7842ac94d65226c760d6e78cfa953aeb7,be8ede604a893ee87034e6fb596cea91ea3be8f191d448807bebae1ef6fbfe79,704fb4a4b4996b289a3de2730522a65fcbd6b3478c0d5c2c86b82d7d62ce3a31,0.31485716707538813
2,mse,1,0.01,0.9,111,r2_mse_sigma1_lr0.01,24,ok,,0.5702420076986838,6.326885053788132,0.40848788962433547,0.11805300010143295,6f4599f803588363f7f3f06a30082972087391773f80fd6d7eb3eadc6484859e,ff013eda1d426d67006a334f6583897c614d689f5823b14c442be63e78bb3962,46ec6552ea8abd2c67a85ebf993bb74a1984e0f557904f8a35ae4eb6d2b596da,d3f89794b81548de4e59b0ec306b27c71b5ffb286fb0630c9f0073f46eb4c9f7,0.30757783295121044
2,mse,1,0.01,0.9,112,r2_mse_sigma1_lr0.01,24,ok,,0.8077416880328506,6.456699827295666,0.3439846288187867,0.1011314808727233,23158049f8a287709543a55b89f8943218b08cba397a67e034633640e70c99f6,3dd0b47c3c1ce23069083c16d0c2272714da54db5025db5646fd1228b010a5e8,b0126d22db14df8032614d0be237f7ba7f8faae015df79310d48a47a7e019709,878cf7d55afb9a39657ebc38bdf121170189f21d2dfaa163389d30f925ef68ec,0.3025409169495106
2,mse,1,0.01,0.9,113,r2_mse_sigma1_lr0.01,24,ok,,0.6882227051240524,6.219451471940737,0.37155851320408617,0.1129537880140422,1130bcd06d370ab57f1bc3a67409c755b267648b80a0f46e840060bb010d3ab8,db95c591d5ad7a1f08531cf0e04985b931fc730f28e8ed47b8c7c5d8ecd8db0c,494a09d0cb32c8fd575150abd91ad12074451b075c550159cd5a0edda3ce9c1b,891547b532f120de6026299269c7b7f02b9f8e5ec5427c34f46a0d7342b1e3cb,0.2998227500356734
2,mse,1,0.01,0.9,114,r2_mse_sigma1_lr0.01,24,ok,,0.6781516711237618,6.365918739254046,0.3866012256881618,0.11404736157800772,c8a7a565f4c34afcedf377bd8a33aee023bbafec99430b278d5183f906311b3e,52ceac77e1e0c99a5de90b23d52d3e2f15eb08da92d5b6842d3e92834a138f22,9fc9306ab4737b5804dc59a07264243c6abc622ca16efa0cd4d6bddf38b05e36,ff1f566e112f87b9cad44cd46ba1c612e01b8c5fd8b5b0ea9eff1d1194af513a,0.3002433750079945
2,mse,1,0.01,0.9,115,r2_mse_sigma1_lr0.01,24,ok,,0.6721163240982119,6.248494774527513,0.358181398056954,0.10709623801902925,21e3187a25ce542a7fda12331f6df5573b7aa9cfb19c4d6a1242f48e9ab77257,c3a0cabd7487508470d585545f7b6a856897b0410105302f1b4d5c12944c190d,fae9b80b4b9bbecd172da441f7a298732dc4ec9c5fd56650a16ee48bf4f2164a,1ae9d839d1869c0f22993ebadfd19eb0715ce3d007fd9f2802df18e4040708bc,0.3088938749860972
2,mse,1,0.01,0.9,116,r2_mse_sigma1_lr0.01,24,ok,,0.6973361125164921,6.422023947002259,0.3691837982115184,0.11260105845451313,b240340bda42b13e461b839e854e8931eb9b197c11fad589d1f07877b5a6c105,0d285e8573294ff0f8d626c9d7c79b1ffa6d14fb3071ba7be902aa48627a1c7e,67eaeaae05cc33550f061649f99bb92951375c55491458d36e2f1c224114a8b1,7c75eb5fca0d72e6adcecef89e7dc937297e38de8cb0f313c0efdbaa84f869b4,0.30689287499990314
2,mse,1,0.01,0.9,117,r2_mse_sigma1_lr0.01,24,ok,,0.7810262314773411,6.427364431348621,0.342380987246801,0.10134477222505309,2ff937c83d36f7b3a5406c91e8755c50ce932575e34db68925452587b0ab77d6,32821079a74fe63f445d951a557ad18447fced01821fc77b6b8d137d2fe48881,6d2e8203ab09f7481803ba6cac1d0fef11989f0d29cc5ddaeca62054fed6f238,fc79fab2451060b5dec563ede4c16d8978c0910ac1ba9cb8dd0770b2eee8df71,0.3280665000202134
2,mse,1,0.01,0.9,118,r2_mse_sigma1_lr0.01,24,ok,,0.5471380638741988,6.301150855510098,0.4142408709492954,0.11888712996244777,f9372f8f74b3a18b86f9a9dd960278381003e836073cde71119d3b892dde9434,ffdd2708cda2855a18fd4a81398631fadb59f1610b8dd3d36eefe8f678572c16,3672d037714419789c221c8c7564a09d4bd2e60bbf08a0fa3cd13f9a40a45c57,f6a266db7e43e2d4c3efaac77387b131e8972c9689b7bb3f39cff6baaa1f2d33,0.32252870802767575
2,mse,1,0.01,0.9,119,r2_mse_sigma1_lr0.01,24,ok,,0.47021959839967437,6.103366686664969,0.4108995621324031,0.12121537082905891,9cc5a5818d004f0f1492c246ba3ab8685b2df3f7dfd15cdf113ebebec42d8dee,01bf4e2b10f88360652600d185a9d719f05502f25f089d70da96eafa7fe4dfe3,a56289775eec0ce432a321db146cf9b88569ccab3daaa3aefaeb57ea0050cb73,4279994d459dd9550c597307a9eb02dbadf88a836b3acac9f0155f99e4616a79,0.31997583399061114
2,mse,1,0.01,0.9,120,r2_mse_sigma1_lr0.01,24,ok,,0.7665775126248664,6.438085827249337,0.40563102334665285,0.11925552086391593,69e5aaf107b63f46b6b057dfe99d3189e4f485b9649136f1718f398f646e43c6,dff4b17a330f664ec4d31f507c7603e7842ac94d65226c760d6e78cfa953aeb7,be8ede604a893ee87034e6fb596cea91ea3be8f191d448807bebae1ef6fbfe79,704fb4a4b4996b289a3de2730522a65fcbd6b3478c0d5c2c86b82d7d62ce3a31,0.308746499940753
2,mse,1,0.02,0.9,111,r2_mse_sigma1_lr0.02,24,ok,,0.5472536710495868,6.315511421471145,0.40616460557014983,0.1173815710097733,6f4599f803588363f7f3f06a30082972087391773f80fd6d7eb3eadc6484859e,ff013eda1d426d67006a334f6583897c614d689f5823b14c442be63e78bb3962,46ec6552ea8abd2c67a85ebf993bb74a1984e0f557904f8a35ae4eb6d2b596da,d3f89794b81548de4e59b0ec306b27c71b5ffb286fb0630c9f0073f46eb4c9f7,0.3126194579526782
2,mse,1,0.02,0.9,112,r2_mse_sigma1_lr0.02,24,ok,,0.648620115462724,6.311239192551455,0.35249070033499247,0.10363226589848779,23158049f8a287709543a55b89f8943218b08cba397a67e034633640e70c99f6,3dd0b47c3c1ce23069083c16d0c2272714da54db5025db5646fd1228b010a5e8,b0126d22db14df8032614d0be237f7ba7f8faae015df79310d48a47a7e019709,878cf7d55afb9a39657ebc38bdf121170189f21d2dfaa163389d30f925ef68ec,0.31500887498259544
2,mse,1,0.02,0.9,113,r2_mse_sigma1_lr0.02,24,ok,,0.5293539317892164,6.0849683519585875,0.3854668745090646,0.11718192985075564,1130bcd06d370ab57f1bc3a67409c755b267648b80a0f46e840060bb010d3ab8,db95c591d5ad7a1f08531cf0e04985b931fc730f28e8ed47b8c7c5d8ecd8db0c,494a09d0cb32c8fd575150abd91ad12074451b075c550159cd5a0edda3ce9c1b,891547b532f120de6026299269c7b7f02b9f8e5ec5427c34f46a0d7342b1e3cb,0.3219859160017222
2,mse,1,0.02,0.9,114,r2_mse_sigma1_lr0.02,24,ok,,0.578047471814717,6.279260163016443,0.39746452876012767,0.11725203598423767,c8a7a565f4c34afcedf377bd8a33aee023bbafec99430b278d5183f906311b3e,52ceac77e1e0c99a5de90b23d52d3e2f15eb08da92d5b6842d3e92834a138f22,9fc9306ab4737b5804dc59a07264243c6abc622ca16efa0cd4d6bddf38b05e36,ff1f566e112f87b9cad44cd46ba1c612e01b8c5fd8b5b0ea9eff1d1194af513a,0.3518797910073772
2,mse,1,0.02,0.9,115,r2_mse_sigma1_lr0.02,24,ok,,0.6286468165112685,6.179288456224744,0.3732658964682431,0.11160650304400468,21e3187a25ce542a7fda12331f6df5573b7aa9cfb19c4d6a1242f48e9ab77257,c3a0cabd7487508470d585545f7b6a856897b0410105302f1b4d5c12944c190d,fae9b80b4b9bbecd172da441f7a298732dc4ec9c5fd56650a16ee48bf4f2164a,1ae9d839d1869c0f22993ebadfd19eb0715ce3d007fd9f2802df18e4040708bc,0.35438808298204094
2,mse,1,0.02,0.9,116,r2_mse_sigma1_lr0.02,24,ok,,0.47443687721188144,6.179193468167893,0.38676579767234354,0.11796356829006477,b240340bda42b13e461b839e854e8931eb9b197c11fad589d1f07877b5a6c105,0d285e8573294ff0f8d626c9d7c79b1ffa6d14fb3071ba7be902aa48627a1c7e,67eaeaae05cc33550f061649f99bb92951375c55491458d36e2f1c224114a8b1,7c75eb5fca0d72e6adcecef89e7dc937297e38de8cb0f313c0efdbaa84f869b4,0.3473566249012947
2,mse,1,0.02,0.9,117,r2_mse_sigma1_lr0.02,24,ok,,0.7620918780227823,6.440889844956551,0.3486238454623267,0.10319265825684872,2ff937c83d36f7b3a5406c91e8755c50ce932575e34db68925452587b0ab77d6,32821079a74fe63f445d951a557ad18447fced01821fc77b6b8d137d2fe48881,6d2e8203ab09f7481803ba6cac1d0fef11989f0d29cc5ddaeca62054fed6f238,fc79fab2451060b5dec563ede4c16d8978c0910ac1ba9cb8dd0770b2eee8df71,0.3600369580090046
2,mse,1,0.02,0.9,118,r2_mse_sigma1_lr0.02,24,ok,,0.4392395066261584,6.171523773138111,0.41399425602728823,0.11881635147983173,f9372f8f74b3a18b86f9a9dd960278381003e836073cde71119d3b892dde9434,ffdd2708cda2855a18fd4a81398631fadb59f1610b8dd3d36eefe8f678572c16,3672d037714419789c221c8c7564a09d4bd2e60bbf08a0fa3cd13f9a40a45c57,f6a266db7e43e2d4c3efaac77387b131e8972c9689b7bb3f39cff6baaa1f2d33,0.35410287498962134
2,mse,1,0.02,0.9,119,r2_mse_sigma1_lr0.02,24,ok,,0.47299875464432506,6.106730858006789,0.39609729489337103,0.11684870199354445,9cc5a5818d004f0f1492c246ba3ab8685b2df3f7dfd15cdf113ebebec42d8dee,01bf4e2b10f88360652600d185a9d719f05502f25f089d70da96eafa7fe4dfe3,a56289775eec0ce432a321db146cf9b88569ccab3daaa3aefaeb57ea0050cb73,4279994d459dd9550c597307a9eb02dbadf88a836b3acac9f0155f99e4616a79,0.35881449992302805
2,mse,1,0.02,0.9,120,r2_mse_sigma1_lr0.02,24,ok,,0.5314131139122089,6.225019035812495,0.42305876232947576,0.12437927612486586,69e5aaf107b63f46b6b057dfe99d3189e4f485b9649136f1718f398f646e43c6,dff4b17a330f664ec4d31f507c7603e7842ac94d65226c760d6e78cfa953aeb7,be8ede604a893ee87034e6fb596cea91ea3be8f191d448807bebae1ef6fbfe79,704fb4a4b4996b289a3de2730522a65fcbd6b3478c0d5c2c86b82d7d62ce3a31,0.3339477500412613
2,mse,1,0.05,0.9,111,r2_mse_sigma1_lr0.05,24,ok,,0.4287738792810607,6.184011898738559,0.4165765930115943,0.12039063538035075,6f4599f803588363f7f3f06a30082972087391773f80fd6d7eb3eadc6484859e,ff013eda1d426d67006a334f6583897c614d689f5823b14c442be63e78bb3962,46ec6552ea8abd2c67a85ebf993bb74a1984e0f557904f8a35ae4eb6d2b596da,d3f89794b81548de4e59b0ec306b27c71b5ffb286fb0630c9f0073f46eb4c9f7,0.33326275006402284
2,mse,1,0.05,0.9,112,r2_mse_sigma1_lr0.05,24,ok,,0.499749619211589,6.148498791906353,0.37036995313024396,0.10888876622029173,23158049f8a287709543a55b89f8943218b08cba397a67e034633640e70c99f6,3dd0b47c3c1ce23069083c16d0c2272714da54db5025db5646fd1228b010a5e8,b0126d22db14df8032614d0be237f7ba7f8faae015df79310d48a47a7e019709,878cf7d55afb9a39657ebc38bdf121170189f21d2dfaa163389d30f925ef68ec,0.3460359580349177
2,mse,1,0.05,0.9,113,r2_mse_sigma1_lr0.05,24,ok,,0.4129812432908444,6.003654199870602,0.40641880232586997,0.12355131590706446,1130bcd06d370ab57f1bc3a67409c755b267648b80a0f46e840060bb010d3ab8,db95c591d5ad7a1f08531cf0e04985b931fc730f28e8ed47b8c7c5d8ecd8db0c,494a09d0cb32c8fd575150abd91ad12074451b075c550159cd5a0edda3ce9c1b,891547b532f120de6026299269c7b7f02b9f8e5ec5427c34f46a0d7342b1e3cb,0.33620708296075463
2,mse,1,0.05,0.9,114,r2_mse_sigma1_lr0.05,24,ok,,0.4997495025589507,6.2079409740369575,0.40427487422169767,0.11926108789540081,c8a7a565f4c34afcedf377bd8a33aee023bbafec99430b278d5183f906311b3e,52ceac77e1e0c99a5de90b23d52d3e2f15eb08da92d5b6842d3e92834a138f22,9fc9306ab4737b5804dc59a07264243c6abc622ca16efa0cd4d6bddf38b05e36,ff1f566e112f87b9cad44cd46ba1c612e01b8c5fd8b5b0ea9eff1d1194af513a,0.33244133298285306
2,mse,1,0.05,0.9,115,r2_mse_sigma1_lr0.05,24,ok,,0.5457359570313345,6.08935815029003,0.39067434178661486,0.11681162819419785,21e3187a25ce542a7fda12331f6df5573b7aa9cfb19c4d6a1242f48e9ab77257,c3a0cabd7487508470d585545f7b6a856897b0410105302f1b4d5c12944c190d,fae9b80b4b9bbecd172da441f7a298732dc4ec9c5fd56650a16ee48bf4f2164a,1ae9d839d1869c0f22993ebadfd19eb0715ce3d007fd9f2802df18e4040708bc,0.322241457994096
2,mse,1,0.05,0.9,116,r2_mse_sigma1_lr0.05,24,ok,,0.44880164819915075,6.147440843298186,0.3868129696866625,0.11797795575443205,b240340bda42b13e461b839e854e8931eb9b197c11fad589d1f07877b5a6c105,0d285e8573294ff0f8d626c9d7c79b1ffa6d14fb3071ba7be902aa48627a1c7e,67eaeaae05cc33550f061649f99bb92951375c55491458d36e2f1c224114a8b1,7c75eb5fca0d72e6adcecef89e7dc937297e38de8cb0f313c0efdbaa84f869b4,0.3233047090470791
2,mse,1,0.05,0.9,117,r2_mse_sigma1_lr0.05,24,ok,,0.6002024550426969,6.2710087979155595,0.36165216850517207,0.10704904187753093,2ff937c83d36f7b3a5406c91e8755c50ce932575e34db68925452587b0ab77d6,32821079a74fe63f445d951a557ad18447fced01821fc77b6b8d137d2fe48881,6d2e8203ab09f7481803ba6cac1d0fef11989f0d29cc5ddaeca62054fed6f238,fc79fab2451060b5dec563ede4c16d8978c0910ac1ba9cb8dd0770b2eee8df71,0.3218854999868199
2,mse,1,0.05,0.9,118,r2_mse_sigma1_lr0.05,24,ok,,0.4335840127222827,6.161351112035194,0.41138178790864915,0.11806657312978232,f9372f8f74b3a18b86f9a9dd960278381003e836073cde71119d3b892dde9434,ffdd2708cda2855a18fd4a81398631fadb59f1610b8dd3d36eefe8f678572c16,3672d037714419789c221c8c7564a09d4bd2e60bbf08a0fa3cd13f9a40a45c57,f6a266db7e43e2d4c3efaac77387b131e8972c9689b7bb3f39cff6baaa1f2d33,0.32170991611201316
2,mse,1,0.05,0.9,119,r2_mse_sigma1_lr0.05,24,ok,,0.4932146551952068,6.127983211391171,0.3930808235780569,0.11595884295552679,9cc5a5818d004f0f1492c246ba3ab8685b2df3f7dfd15cdf113ebebec42d8dee,01bf4e2b10f88360652600d185a9d719f05502f25f089d70da96eafa7fe4dfe3,a56289775eec0ce432a321db146cf9b88569ccab3daaa3aefaeb57ea0050cb73,4279994d459dd9550c597307a9eb02dbadf88a836b3acac9f0155f99e4616a79,0.3212472080485895
2,mse,1,0.05,0.9,120,r2_mse_sigma1_lr0.05,24,ok,,0.4061603912167334,6.100620791493728,0.43950912248919904,0.12921568201182454,69e5aaf107b63f46b6b057dfe99d3189e4f485b9649136f1718f398f646e43c6,dff4b17a330f664ec4d31f507c7603e7842ac94d65226c760d6e78cfa953aeb7,be8ede604a893ee87034e6fb596cea91ea3be8f191d448807bebae1ef6fbfe79,704fb4a4b4996b289a3de2730522a65fcbd6b3478c0d5c2c86b82d7d62ce3a31,0.3238906670594588
2,mse,1,0.1,0.9,111,r2_mse_sigma1_lr0.1,24,ok,,0.4534492024007257,6.209987609319712,0.41259404518998927,0.1192396790599069,6f4599f803588363f7f3f06a30082972087391773f80fd6d7eb3eadc6484859e,ff013eda1d426d67006a334f6583897c614d689f5823b14c442be63e78bb3962,46ec6552ea8abd2c67a85ebf993bb74a1984e0f557904f8a35ae4eb6d2b596da,d3f89794b81548de4e59b0ec306b27c71b5ffb286fb0630c9f0073f46eb4c9f7,0.3223571249982342
2,mse,1,0.1,0.9,112,r2_mse_sigma1_lr0.1,24,ok,,0.4808135710147534,6.124872387226288,0.38601253729501633,0.1134876859647348,23158049f8a287709543a55b89f8943218b08cba397a67e034633640e70c99f6,3dd0b47c3c1ce23069083c16d0c2272714da54db5025db5646fd1228b010a5e8,b0126d22db14df8032614d0be237f7ba7f8faae015df79310d48a47a7e019709,878cf7d55afb9a39657ebc38bdf121170189f21d2dfaa163389d30f925ef68ec,0.32187537499703467
2,mse,1,0.1,0.9,113,r2_mse_sigma1_lr0.1,24,ok,,0.3242985948459744,5.903562543703287,0.4177958914902059,0.1270099510130226,1130bcd06d370ab57f1bc3a67409c755b267648b80a0f46e840060bb010d3ab8,db95c591d5ad7a1f08531cf0e04985b931fc730f28e8ed47b8c7c5d8ecd8db0c,494a09d0cb32c8fd575150abd91ad12074451b075c550159cd5a0edda3ce9c1b,891547b532f120de6026299269c7b7f02b9f8e5ec5427c34f46a0d7342b1e3cb,0.3257673339685425
2,mse,1,0.1,0.9,114,r2_mse_sigma1_lr0.1,24,ok,,0.3688824194208814,6.076899657510059,0.41652559882597673,0.12287505165366314,c8a7a565f4c34afcedf377bd8a33aee023bbafec99430b278d5183f906311b3e,52ceac77e1e0c99a5de90b23d52d3e2f15eb08da92d5b6842d3e92834a138f22,9fc9306ab4737b5804dc59a07264243c6abc622ca16efa0cd4d6bddf38b05e36,ff1f566e112f87b9cad44cd46ba1c612e01b8c5fd8b5b0ea9eff1d1194af513a,0.3290271250298247
2,mse,1,0.1,0.9,115,r2_mse_sigma1_lr0.1,24,ok,,0.5228313921111404,6.077770759251485,0.3973091989528689,0.11879545048690782,21e3187a25ce542a7fda12331f6df5573b7aa9cfb19c4d6a1242f48e9ab77257,c3a0cabd7487508470d585545f7b6a856897b0410105302f1b4d5c12944c190d,fae9b80b4b9bbecd172da441f7a298732dc4ec9c5fd56650a16ee48bf4f2164a,1ae9d839d1869c0f22993ebadfd19eb0715ce3d007fd9f2802df18e4040708bc,0.3319799170130864
2,mse,1,0.1,0.9,116,r2_mse_sigma1_lr0.1,24,ok,,0.34739663564452467,6.057079574453369,0.39528661543441274,0.12056241770749589,b240340bda42b13e461b839e854e8931eb9b197c11fad589d1f07877b5a6c105,0d285e8573294ff0f8d626c9d7c79b1ffa6d14fb3071ba7be902aa48627a1c7e,67eaeaae05cc33550f061649f99bb92951375c55491458d36e2f1c224114a8b1,7c75eb5fca0d72e6adcecef89e7dc937297e38de8cb0f313c0efdbaa84f869b4,0.32283333397936076
2,mse,1,0.1,0.9,117,r2_mse_sigma1_lr0.1,24,ok,,0.5517231027170943,6.234805095412148,0.3757669851184269,0.11122702759505435,2ff937c83d36f7b3a5406c91e8755c50ce932575e34db68925452587b0ab77d6,32821079a74fe63f445d951a557ad18447fced01821fc77b6b8d137d2fe48881,6d2e8203ab09f7481803ba6cac1d0fef11989f0d29cc5ddaeca62054fed6f238,fc79fab2451060b5dec563ede4c16d8978c0910ac1ba9cb8dd0770b2eee8df71,0.3291926250094548
2,mse,1,0.1,0.9,118,r2_mse_sigma1_lr0.1,24,ok,,0.4437689730012337,6.178272197777914,0.4101107941380403,0.11770179791761756,f9372f8f74b3a18b86f9a9dd960278381003e836073cde71119d3b892dde9434,ffdd2708cda2855a18fd4a81398631fadb59f1610b8dd3d36eefe8f678572c16,3672d037714419789c221c8c7564a09d4bd2e60bbf08a0fa3cd13f9a40a45c57,f6a266db7e43e2d4c3efaac77387b131e8972c9689b7bb3f39cff6baaa1f2d33,0.376901000039652
2,mse,1,0.1,0.9,119,r2_mse_sigma1_lr0.1,24,ok,,0.38809365066865403,5.9981325155433876,0.41611810644362957,0.12275484140087072,9cc5a5818d004f0f1492c246ba3ab8685b2df3f7dfd15cdf113ebebec42d8dee,01bf4e2b10f88360652600d185a9d719f05502f25f089d70da96eafa7fe4dfe3,a56289775eec0ce432a321db146cf9b88569ccab3daaa3aefaeb57ea0050cb73,4279994d459dd9550c597307a9eb02dbadf88a836b3acac9f0155f99e4616a79,0.37215754098724574
2,mse,1,0.1,0.9,120,r2_mse_sigma1_lr0.1,24,ok,,0.38453663856752995,6.08246847001633,0.4397563703868059,0.12928837289372092,69e5aaf107b63f46b6b057dfe99d3189e4f485b9649136f1718f398f646e43c6,dff4b17a330f664ec4d31f507c7603e7842ac94d65226c760d6e78cfa953aeb7,be8ede604a893ee87034e6fb596cea91ea3be8f191d448807bebae1ef6fbfe79,704fb4a4b4996b289a3de2730522a65fcbd6b3478c0d5c2c86b82d7d62ce3a31,0.3706864999840036
2,mse,1,0.2,0.9,111,r2_mse_sigma1_lr0.2,24,ok,,0.45783687172949417,6.2147699631268285,0.41200482112458586,0.11906939330500532,6f4599f803588363f7f3f06a30082972087391773f80fd6d7eb3eadc6484859e,ff013eda1d426d67006a334f6583897c614d689f5823b14c442be63e78bb3962,46ec6552ea8abd2c67a85ebf993bb74a1984e0f557904f8a35ae4eb6d2b596da,d3f89794b81548de4e59b0ec306b27c71b5ffb286fb0630c9f0073f46eb4c9f7,0.35365625005215406
2,mse,1,0.2,0.9,112,r2_mse_sigma1_lr0.2,24,ok,,0.36254667000894686,6.013087713847892,0.41066810358017947,0.12073642245257277,23158049f8a287709543a55b89f8943218b08cba397a67e034633640e70c99f6,3dd0b47c3c1ce23069083c16d0c2272714da54db5025db5646fd1228b010a5e8,b0126d22db14df8032614d0be237f7ba7f8faae015df79310d48a47a7e019709,878cf7d55afb9a39657ebc38bdf121170189f21d2dfaa163389d30f925ef68ec,0.34772758302278817
2,mse,1,0.2,0.9,113,r2_mse_sigma1_lr0.2,24,ok,,0.32429854572334804,5.903562616774282,0.41779566400563606,0.12700988185771336,1130bcd06d370ab57f1bc3a67409c755b267648b80a0f46e840060bb010d3ab8,db95c591d5ad7a1f08531cf0e04985b931fc730f28e8ed47b8c7c5d8ecd8db0c,494a09d0cb32c8fd575150abd91ad12074451b075c550159cd5a0edda3ce9c1b,891547b532f120de6026299269c7b7f02b9f8e5ec5427c34f46a0d7342b1e3cb,0.33237458404619247
2,mse,1,0.2,0.9,114,r2_mse_sigma1_lr0.2,24,ok,,0.33907055365485445,6.041342763231503,0.4261895357039306,0.1257259130326595,c8a7a565f4c34afcedf377bd8a33aee023bbafec99430b278d5183f906311b3e,52ceac77e1e0c99a5de90b23d52d3e2f15eb08da92d5b6842d3e92834a138f22,9fc9306ab4737b5804dc59a07264243c6abc622ca16efa0cd4d6bddf38b05e36,ff1f566e112f87b9cad44cd46ba1c612e01b8c5fd8b5b0ea9eff1d1194af513a,0.3216412500478327
2,mse,1,0.2,0.9,115,r2_mse_sigma1_lr0.2,24,ok,,0.5232181098690063,6.07803085593556,0.3972816925920186,0.11878722608501358,21e3187a25ce542a7fda12331f6df5573b7aa9cfb19c4d6a1242f48e9ab77257,c3a0cabd7487508470d585545f7b6a856897b0410105302f1b4d5c12944c190d,fae9b80b4b9bbecd172da441f7a298732dc4ec9c5fd56650a16ee48bf4f2164a,1ae9d839d1869c0f22993ebadfd19eb0715ce3d007fd9f2802df18e4040708bc,0.3159784160088748
2,mse,1,0.2,0.9,116,r2_mse_sigma1_lr0.2,24,ok,,0.33548055380313896,6.046127244271479,0.39911371678462965,0.12172968361931204,b240340bda42b13e461b839e854e8931eb9b197c11fad589d1f07877b5a6c105,0d285e8573294ff0f8d626c9d7c79b1ffa6d14fb3071ba7be902aa48627a1c7e,67eaeaae05cc33550f061649f99bb92951375c55491458d36e2f1c224114a8b1,7c75eb5fca0d72e6adcecef89e7dc937297e38de8cb0f313c0efdbaa84f869b4,0.3241926250047982
2,mse,1,0.2,0.9,117,r2_mse_sigma1_lr0.2,24,ok,,0.5433394056768621,6.227824305386167,0.3760373042774682,0.11130704206613058,2ff937c83d36f7b3a5406c91e8755c50ce932575e34db68925452587b0ab77d6,32821079a74fe63f445d951a557ad18447fced01821fc77b6b8d137d2fe48881,6d2e8203ab09f7481803ba6cac1d0fef11989f0d29cc5ddaeca62054fed6f238,fc79fab2451060b5dec563ede4c16d8978c0910ac1ba9cb8dd0770b2eee8df71,0.3568374579772353
2,mse,1,0.2,0.9,118,r2_mse_sigma1_lr0.2,24,ok,,0.38955704434009625,6.127418772980771,0.4120113635857269,0.11824726134910361,f9372f8f74b3a18b86f9a9dd960278381003e836073cde71119d3b892dde9434,ffdd2708cda2855a18fd4a81398631fadb59f1610b8dd3d36eefe8f678572c16,3672d037714419789c221c8c7564a09d4bd2e60bbf08a0fa3cd13f9a40a45c57,f6a266db7e43e2d4c3efaac77387b131e8972c9689b7bb3f39cff6baaa1f2d33,0.36129495792556554
2,mse,1,0.2,0.9,119,r2_mse_sigma1_lr0.2,24,ok,,0.3880934930542825,5.9981322877929255,0.4161182570000844,0.1227548858150249,9cc5a5818d004f0f1492c246ba3ab8685b2df3f7dfd15cdf113ebebec42d8dee,01bf4e2b10f88360652600d185a9d719f05502f25f089d70da96eafa7fe4dfe3,a56289775eec0ce432a321db146cf9b88569ccab3daaa3aefaeb57ea0050cb73,4279994d459dd9550c597307a9eb02dbadf88a836b3acac9f0155f99e4616a79,0.3700981669826433
2,mse,1,0.2,0.9,120,r2_mse_sigma1_lr0.2,24,ok,,0.3803228661149846,6.08571419443767,0.4368533635075243,0.12843488887121213,69e5aaf107b63f46b6b057dfe99d3189e4f485b9649136f1718f398f646e43c6,dff4b17a330f664ec4d31f507c7603e7842ac94d65226c760d6e78cfa953aeb7,be8ede604a893ee87034e6fb596cea91ea3be8f191d448807bebae1ef6fbfe79,704fb4a4b4996b289a3de2730522a65fcbd6b3478c0d5c2c86b82d7d62ce3a31,0.3684302920009941
2,parity,0.75,0.02,0.9,111,r2_parity_sigma0.75_lr0.02,24,ok,,0.5180746426324472,6.286474164884208,0.40847278548049076,0.11804863500386183,6f4599f803588363f7f3f06a30082972087391773f80fd6d7eb3eadc6484859e,ff013eda1d426d67006a334f6583897c614d689f5823b14c442be63e78bb3962,8fab7eb1dfc2006c517c0e7e9e69f75a99f3dc01832c43b11c9ba40c9bcd6823,d3f89794b81548de4e59b0ec306b27c71b5ffb286fb0630c9f0073f46eb4c9f7,0.3844548329943791
2,parity,0.75,0.02,0.9,112,r2_parity_sigma0.75_lr0.02,24,ok,,0.6630713023341015,6.324725094360372,0.36555978655108373,0.10747457724601861,23158049f8a287709543a55b89f8943218b08cba397a67e034633640e70c99f6,3dd0b47c3c1ce23069083c16d0c2272714da54db5025db5646fd1228b010a5e8,02f04c05a341d11e3b57c54926b2dbae6a2e489c24a16657054478fda872ca64,878cf7d55afb9a39657ebc38bdf121170189f21d2dfaa163389d30f925ef68ec,0.3836487499065697
2,parity,0.75,0.02,0.9,113,r2_parity_sigma0.75_lr0.02,24,ok,,0.5977442956033143,6.145489856074584,0.3861574165954644,0.11739185464502117,1130bcd06d370ab57f1bc3a67409c755b267648b80a0f46e840060bb010d3ab8,db95c591d5ad7a1f08531cf0e04985b931fc730f28e8ed47b8c7c5d8ecd8db0c,1d1668fc7ae6e962f5f3b23083b5cf8c2778125e6999c83b21749b59535e825c,891547b532f120de6026299269c7b7f02b9f8e5ec5427c34f46a0d7342b1e3cb,0.3854362500132993
2,parity,0.75,0.02,0.9,114,r2_parity_sigma0.75_lr0.02,24,ok,,0.4645649567683777,6.176709245811508,0.4261655254243249,0.12571883000017584,c8a7a565f4c34afcedf377bd8a33aee023bbafec99430b278d5183f906311b3e,52ceac77e1e0c99a5de90b23d52d3e2f15eb08da92d5b6842d3e92834a138f22,38002117c0ffdb4a9624b0cd256b65181fc12e3321756df0d82b3aabebebd605,ff1f566e112f87b9cad44cd46ba1c612e01b8c5fd8b5b0ea9eff1d1194af513a,0.3844229589449242
2,parity,0.75,0.02,0.9,115,r2_parity_sigma0.75_lr0.02,24,ok,,0.5807767114402127,6.142321104523522,0.3761642104079854,0.11247309891198763,21e3187a25ce542a7fda12331f6df5573b7aa9cfb19c4d6a1242f48e9ab77257,c3a0cabd7487508470d585545f7b6a856897b0410105302f1b4d5c12944c190d,20e1afcba9533c9a3cd05a6d7e63f13cc97f4d348c142d7f72917f8929ca02eb,1ae9d839d1869c0f22993ebadfd19eb0715ce3d007fd9f2802df18e4040708bc,0.38430749997496605
2,parity,0.75,0.02,0.9,116,r2_parity_sigma0.75_lr0.02,24,ok,,0.44918258854075005,6.187583695427411,0.38192660675798357,0.11648761506118498,b240340bda42b13e461b839e854e8931eb9b197c11fad589d1f07877b5a6c105,0d285e8573294ff0f8d626c9d7c79b1ffa6d14fb3071ba7be902aa48627a1c7e,a927dd1c515d66a61fb11e1c948c7e8042e5cfedc1c4b8d5dca9f3be9e46a7b7,7c75eb5fca0d72e6adcecef89e7dc937297e38de8cb0f313c0efdbaa84f869b4,0.3844424169510603
2,parity,0.75,0.02,0.9,117,r2_parity_sigma0.75_lr0.02,24,ok,,0.5917792579531755,6.256994592144042,0.3740621764775258,0.11072240423734765,2ff937c83d36f7b3a5406c91e8755c50ce932575e34db68925452587b0ab77d6,32821079a74fe63f445d951a557ad18447fced01821fc77b6b8d137d2fe48881,b828baff1fb9f67c70b6dbea3cba487e81abd07d2e9720c22549cc121a9cf9ad,fc79fab2451060b5dec563ede4c16d8978c0910ac1ba9cb8dd0770b2eee8df71,0.3843082500388846
2,parity,0.75,0.02,0.9,118,r2_parity_sigma0.75_lr0.02,24,ok,,0.40496799684320944,6.133956087833412,0.4192513600309347,0.12032514032887827,f9372f8f74b3a18b86f9a9dd960278381003e836073cde71119d3b892dde9434,ffdd2708cda2855a18fd4a81398631fadb59f1610b8dd3d36eefe8f678572c16,605f62e239322f5313d845a2d699f250ce6a7e0825aa8e661c4d9f8dc5f782d9,f6a266db7e43e2d4c3efaac77387b131e8972c9689b7bb3f39cff6baaa1f2d33,0.387289333040826
2,parity,0.75,0.02,0.9,119,r2_parity_sigma0.75_lr0.02,24,ok,,0.4582023750776312,6.087178309495815,0.4016181122462365,0.11847734311263977,9cc5a5818d004f0f1492c246ba3ab8685b2df3f7dfd15cdf113ebebec42d8dee,01bf4e2b10f88360652600d185a9d719f05502f25f089d70da96eafa7fe4dfe3,ca428a2d600b7cd0b47722decaa3f8e1a32769793f46a3ced6ba5f9ab631e1f2,4279994d459dd9550c597307a9eb02dbadf88a836b3acac9f0155f99e4616a79,0.3930679999757558
2,parity,0.75,0.02,0.9,120,r2_parity_sigma0.75_lr0.02,24,ok,,0.5141171001395101,6.206715261090696,0.41471417480977624,0.12192596739407421,69e5aaf107b63f46b6b057dfe99d3189e4f485b9649136f1718f398f646e43c6,dff4b17a330f664ec4d31f507c7603e7842ac94d65226c760d6e78cfa953aeb7,5604d0b01aa38439978ff828fd8b23f34f58aaa29f9fc4cf46c8f2889862d932,704fb4a4b4996b289a3de2730522a65fcbd6b3478c0d5c2c86b82d7d62ce3a31,0.3981835830491036
2,parity,0.75,0.05,0.9,111,r2_parity_sigma0.75_lr0.05,24,ok,,0.4333031128859588,6.194715155558389,0.4235673313480688,0.12241095875959188,6f4599f803588363f7f3f06a30082972087391773f80fd6d7eb3eadc6484859e,ff013eda1d426d67006a334f6583897c614d689f5823b14c442be63e78bb3962,8fab7eb1dfc2006c517c0e7e9e69f75a99f3dc01832c43b11c9ba40c9bcd6823,d3f89794b81548de4e59b0ec306b27c71b5ffb286fb0630c9f0073f46eb4c9f7,0.39645845792256296
2,parity,0.75,0.05,0.9,112,r2_parity_sigma0.75_lr0.05,24,ok,,0.42885115976333466,6.076078395310555,0.4025472293444986,0.1183488854272826,23158049f8a287709543a55b89f8943218b08cba397a67e034633640e70c99f6,3dd0b47c3c1ce23069083c16d0c2272714da54db5025db5646fd1228b010a5e8,02f04c05a341d11e3b57c54926b2dbae6a2e489c24a16657054478fda872ca64,878cf7d55afb9a39657ebc38bdf121170189f21d2dfaa163389d30f925ef68ec,0.39318208303302526
2,parity,0.75,0.05,0.9,113,r2_parity_sigma0.75_lr0.05,24,ok,,0.4983240253692757,6.066068178958449,0.4010262814456394,0.12191198955947438,1130bcd06d370ab57f1bc3a67409c755b267648b80a0f46e840060bb010d3ab8,db95c591d5ad7a1f08531cf0e04985b931fc730f28e8ed47b8c7c5d8ecd8db0c,1d1668fc7ae6e962f5f3b23083b5cf8c2778125e6999c83b21749b59535e825c,891547b532f120de6026299269c7b7f02b9f8e5ec5427c34f46a0d7342b1e3cb,0.3802737919613719
2,parity,0.75,0.05,0.9,114,r2_parity_sigma0.75_lr0.05,24,ok,,0.3837514654988794,6.092733665062758,0.4096173782038561,0.12083712657013754,c8a7a565f4c34afcedf377bd8a33aee023bbafec99430b278d5183f906311b3e,52ceac77e1e0c99a5de90b23d52d3e2f15eb08da92d5b6842d3e92834a138f22,38002117c0ffdb4a9624b0cd256b65181fc12e3321756df0d82b3aabebebd605,ff1f566e112f87b9cad44cd46ba1c612e01b8c5fd8b5b0ea9eff1d1194af513a,0.38443466706667095
2,parity,0.75,0.05,0.9,115,r2_parity_sigma0.75_lr0.05,24,ok,,0.47432756896789785,6.018153619497459,0.4011094514945557,0.11993172599687214,21e3187a25ce542a7fda12331f6df5573b7aa9cfb19c4d6a1242f48e9ab77257,c3a0cabd7487508470d585545f7b6a856897b0410105302f1b4d5c12944c190d,20e1afcba9533c9a3cd05a6d7e63f13cc97f4d348c142d7f72917f8929ca02eb,1ae9d839d1869c0f22993ebadfd19eb0715ce3d007fd9f2802df18e4040708bc,0.3860359159298241
2,parity,0.75,0.05,0.9,116,r2_parity_sigma0.75_lr0.05,24,ok,,0.45276062655159593,6.17976304291383,0.37912673623549925,0.11563365455182728,b240340bda42b13e461b839e854e8931eb9b197c11fad589d1f07877b5a6c105,0d285e8573294ff0f8d626c9d7c79b1ffa6d14fb3071ba7be902aa48627a1c7e,a927dd1c515d66a61fb11e1c948c7e8042e5cfedc1c4b8d5dca9f3be9e46a7b7,7c75eb5fca0d72e6adcecef89e7dc937297e38de8cb0f313c0efdbaa84f869b4,0.38758275005966425
2,parity,0.75,0.05,0.9,117,r2_parity_sigma0.75_lr0.05,24,ok,,0.4930604905184249,6.165515444563056,0.391068686161204,0.11575633110371637,2ff937c83d36f7b3a5406c91e8755c50ce932575e34db68925452587b0ab77d6,32821079a74fe63f445d951a557ad18447fced01821fc77b6b8d137d2fe48881,b828baff1fb9f67c70b6dbea3cba487e81abd07d2e9720c22549cc121a9cf9ad,fc79fab2451060b5dec563ede4c16d8978c0910ac1ba9cb8dd0770b2eee8df71,0.39728600007947534
2,parity,0.75,0.05,0.9,118,r2_parity_sigma0.75_lr0.05,24,ok,,0.37027445985931606,6.095152255906809,0.4242084456403051,0.12174782389876757,f9372f8f74b3a18b86f9a9dd960278381003e836073cde71119d3b892dde9434,ffdd2708cda2855a18fd4a81398631fadb59f1610b8dd3d36eefe8f678572c16,605f62e239322f5313d845a2d699f250ce6a7e0825aa8e661c4d9f8dc5f782d9,f6a266db7e43e2d4c3efaac77387b131e8972c9689b7bb3f39cff6baaa1f2d33,0.3908384589012712
2,parity,0.75,0.05,0.9,119,r2_parity_sigma0.75_lr0.05,24,ok,,0.46942588131476093,6.092863057197659,0.39780372085816856,0.11735209765315974,9cc5a5818d004f0f1492c246ba3ab8685b2df3f7dfd15cdf113ebebec42d8dee,01bf4e2b10f88360652600d185a9d719f05502f25f089d70da96eafa7fe4dfe3,ca428a2d600b7cd0b47722decaa3f8e1a32769793f46a3ced6ba5f9ab631e1f2,4279994d459dd9550c597307a9eb02dbadf88a836b3acac9f0155f99e4616a79,0.3910939999623224
2,parity,0.75,0.05,0.9,120,r2_parity_sigma0.75_lr0.05,24,ok,,0.4719599174180894,6.184135266803793,0.408780933733029,0.12018159451751052,69e5aaf107b63f46b6b057dfe99d3189e4f485b9649136f1718f398f646e43c6,dff4b17a330f664ec4d31f507c7603e7842ac94d65226c760d6e78cfa953aeb7,5604d0b01aa38439978ff828fd8b23f34f58aaa29f9fc4cf46c8f2889862d932,704fb4a4b4996b289a3de2730522a65fcbd6b3478c0d5c2c86b82d7d62ce3a31,0.39305554097518325
2,parity,0.75,0.1,0.9,111,r2_parity_sigma0.75_lr0.1,24,ok,,0.41983390563832756,6.1809765784262405,0.4294443904911198,0.12410942885193363,6f4599f803588363f7f3f06a30082972087391773f80fd6d7eb3eadc6484859e,ff013eda1d426d67006a334f6583897c614d689f5823b14c442be63e78bb3962,8fab7eb1dfc2006c517c0e7e9e69f75a99f3dc01832c43b11c9ba40c9bcd6823,d3f89794b81548de4e59b0ec306b27c71b5ffb286fb0630c9f0073f46eb4c9f7,0.39182891603559256
2,parity,0.75,0.1,0.9,112,r2_parity_sigma0.75_lr0.1,24,ok,,0.43800459019210525,6.0771819549601185,0.40992205763684514,0.12051708494523247,23158049f8a287709543a55b89f8943218b08cba397a67e034633640e70c99f6,3dd0b47c3c1ce23069083c16d0c2272714da54db5025db5646fd1228b010a5e8,02f04c05a341d11e3b57c54926b2dbae6a2e489c24a16657054478fda872ca64,878cf7d55afb9a39657ebc38bdf121170189f21d2dfaa163389d30f925ef68ec,0.39116537501104176
2,parity,0.75,0.1,0.9,113,r2_parity_sigma0.75_lr0.1,24,ok,,0.4981925977995264,6.066041452204171,0.401039026745464,0.12191586413062105,1130bcd06d370ab57f1bc3a67409c755b267648b80a0f46e840060bb010d3ab8,db95c591d5ad7a1f08531cf0e04985b931fc730f28e8ed47b8c7c5d8ecd8db0c,1d1668fc7ae6e962f5f3b23083b5cf8c2778125e6999c83b21749b59535e825c,891547b532f120de6026299269c7b7f02b9f8e5ec5427c34f46a0d7342b1e3cb,0.38975337496958673
2,parity,0.75,0.1,0.9,114,r2_parity_sigma0.75_lr0.1,24,ok,,0.3635747844923023,6.049497358814792,0.4257592916296991,0.12559899103076125,c8a7a565f4c34afcedf377bd8a33aee023bbafec99430b278d5183f906311b3e,52ceac77e1e0c99a5de90b23d52d3e2f15eb08da92d5b6842d3e92834a138f22,38002117c0ffdb4a9624b0cd256b65181fc12e3321756df0d82b3aabebebd605,ff1f566e112f87b9cad44cd46ba1c612e01b8c5fd8b5b0ea9eff1d1194af513a,0.39198025001678616
2,parity,0.75,0.1,0.9,115,r2_parity_sigma0.75_lr0.1,24,ok,,0.40585782471935244,5.968134862845334,0.40568677521843705,0.12130034579031268,21e3187a25ce542a7fda12331f6df5573b7aa9cfb19c4d6a1242f48e9ab77257,c3a0cabd7487508470d585545f7b6a856897b0410105302f1b4d5c12944c190d,20e1afcba9533c9a3cd05a6d7e63f13cc97f4d348c142d7f72917f8929ca02eb,1ae9d839d1869c0f22993ebadfd19eb0715ce3d007fd9f2802df18e4040708bc,0.39927908300887793
2,parity,0.75,0.1,0.9,116,r2_parity_sigma0.75_lr0.1,24,ok,,0.4362880868539643,6.171664999039547,0.38357702455727155,0.11699099248996782,b240340bda42b13e461b839e854e8931eb9b197c11fad589d1f07877b5a6c105,0d285e8573294ff0f8d626c9d7c79b1ffa6d14fb3071ba7be902aa48627a1c7e,a927dd1c515d66a61fb11e1c948c7e8042e5cfedc1c4b8d5dca9f3be9e46a7b7,7c75eb5fca0d72e6adcecef89e7dc937297e38de8cb0f313c0efdbaa84f869b4,0.3951262090122327
2,parity,0.75,0.1,0.9,117,r2_parity_sigma0.75_lr0.1,24,ok,,0.5270783390226104,6.1953981917513055,0.39049921627699774,0.11558776801799134,2ff937c83d36f7b3a5406c91e8755c50ce932575e34db68925452587b0ab77d6,32821079a74fe63f445d951a557ad18447fced01821fc77b6b8d137d2fe48881,b828baff1fb9f67c70b6dbea3cba487e81abd07d2e9720c22549cc121a9cf9ad,fc79fab2451060b5dec563ede4c16d8978c0910ac1ba9cb8dd0770b2eee8df71,0.40283804200589657
2,parity,0.75,0.1,0.9,118,r2_parity_sigma0.75_lr0.1,24,ok,,0.3731741221386253,6.109872137957722,0.4305920834245854,0.12357992794285601,f9372f8f74b3a18b86f9a9dd960278381003e836073cde71119d3b892dde9434,ffdd2708cda2855a18fd4a81398631fadb59f1610b8dd3d36eefe8f678572c16,605f62e239322f5313d845a2d699f250ce6a7e0825aa8e661c4d9f8dc5f782d9,f6a266db7e43e2d4c3efaac77387b131e8972c9689b7bb3f39cff6baaa1f2d33,0.3975264170439914
2,parity,0.75,0.1,0.9,119,r2_parity_sigma0.75_lr0.1,24,ok,,0.48043695320206353,6.0861234932410495,0.40438337956076265,0.11929309697042498,9cc5a5818d004f0f1492c246ba3ab8685b2df3f7dfd15cdf113ebebec42d8dee,01bf4e2b10f88360652600d185a9d719f05502f25f089d70da96eafa7fe4dfe3,ca428a2d600b7cd0b47722decaa3f8e1a32769793f46a3ced6ba5f9ab631e1f2,4279994d459dd9550c597307a9eb02dbadf88a836b3acac9f0155f99e4616a79,0.3948390419827774
2,parity,0.75,0.1,0.9,120,r2_parity_sigma0.75_lr0.1,24,ok,,0.3652430715405944,6.064327077972417,0.42898559594023605,0.1261217652064294,69e5aaf107b63f46b6b057dfe99d3189e4f485b9649136f1718f398f646e43c6,dff4b17a330f664ec4d31f507c7603e7842ac94d65226c760d6e78cfa953aeb7,5604d0b01aa38439978ff828fd8b23f34f58aaa29f9fc4cf46c8f2889862d932,704fb4a4b4996b289a3de2730522a65fcbd6b3478c0d5c2c86b82d7d62ce3a31,0.4078057920560241
2,parity,1.5,0.02,0.9,111,r2_parity_sigma1.5_lr0.02,24,ok,,0.4505070341230934,6.215241932165453,0.42619491636660406,0.12317033082994856,6f4599f803588363f7f3f06a30082972087391773f80fd6d7eb3eadc6484859e,ff013eda1d426d67006a334f6583897c614d689f5823b14c442be63e78bb3962,67b60cddad9992cfa81f180c3480804f7e4e2d5fea8ce037026850ea623a812c,d3f89794b81548de4e59b0ec306b27c71b5ffb286fb0630c9f0073f46eb4c9f7,0.3893991250079125
2,parity,1.5,0.02,0.9,112,r2_parity_sigma1.5_lr0.02,24,ok,,0.7206248624393374,6.315699831409983,0.4038088906813056,0.11871981386030385,23158049f8a287709543a55b89f8943218b08cba397a67e034633640e70c99f6,3dd0b47c3c1ce23069083c16d0c2272714da54db5025db5646fd1228b010a5e8,08195a2e278dd7d3f73edff8cb0cd59b9e3c01f2ecd4759831f27ea671160f7d,878cf7d55afb9a39657ebc38bdf121170189f21d2dfaa163389d30f925ef68ec,0.393290666048415
2,parity,1.5,0.02,0.9,113,r2_parity_sigma1.5_lr0.02,24,ok,,0.4813764188359023,6.054068376846959,0.41822285426777717,0.12713974769740427,1130bcd06d370ab57f1bc3a67409c755b267648b80a0f46e840060bb010d3ab8,db95c591d5ad7a1f08531cf0e04985b931fc730f28e8ed47b8c7c5d8ecd8db0c,7f2ebd4ddebba924fb14fcb366e6524e24b6142ac00ae0feea8eda944dc8a4ac,891547b532f120de6026299269c7b7f02b9f8e5ec5427c34f46a0d7342b1e3cb,0.396510332939215
2,parity,1.5,0.02,0.9,114,r2_parity_sigma1.5_lr0.02,24,ok,,0.3608094338835575,6.07982031250874,0.43181888882194586,0.12738657220247404,c8a7a565f4c34afcedf377bd8a33aee023bbafec99430b278d5183f906311b3e,52ceac77e1e0c99a5de90b23d52d3e2f15eb08da92d5b6842d3e92834a138f22,b7c652fbaa646fcdac14bd4d9b7de60408da1e8e29b91c1a191a4f0e046a11be,ff1f566e112f87b9cad44cd46ba1c612e01b8c5fd8b5b0ea9eff1d1194af513a,0.4025929169729352
2,parity,1.5,0.02,0.9,115,r2_parity_sigma1.5_lr0.02,24,ok,,0.4536203859338291,5.987771583270584,0.4045304252697368,0.12095459715565131,21e3187a25ce542a7fda12331f6df5573b7aa9cfb19c4d6a1242f48e9ab77257,c3a0cabd7487508470d585545f7b6a856897b0410105302f1b4d5c12944c190d,e32313a9f78ef4a2dffaa9053f9f0da03818599b0388cb974485a6d6b6e5f463,1ae9d839d1869c0f22993ebadfd19eb0715ce3d007fd9f2802df18e4040708bc,0.41068974998779595
2,parity,1.5,0.02,0.9,116,r2_parity_sigma1.5_lr0.02,24,ok,,0.5587078064815292,6.262806081257303,0.3716011091782495,0.1133383382993661,b240340bda42b13e461b839e854e8931eb9b197c11fad589d1f07877b5a6c105,0d285e8573294ff0f8d626c9d7c79b1ffa6d14fb3071ba7be902aa48627a1c7e,117a2e8a7c30ff5fbe89055ac777ab987c0462d85cd489bca67880d0c351db18,7c75eb5fca0d72e6adcecef89e7dc937297e38de8cb0f313c0efdbaa84f869b4,0.4149487919639796
2,parity,1.5,0.02,0.9,117,r2_parity_sigma1.5_lr0.02,24,ok,,0.7157952233149257,6.3725148832282565,0.3668209629780675,0.10857900504150797,2ff937c83d36f7b3a5406c91e8755c50ce932575e34db68925452587b0ab77d6,32821079a74fe63f445d951a557ad18447fced01821fc77b6b8d137d2fe48881,c6f804c286be88c37cc667fceb6bd5e2160436b4533aeb70df06dce1e584f66b,fc79fab2451060b5dec563ede4c16d8978c0910ac1ba9cb8dd0770b2eee8df71,0.40282683400437236
2,parity,1.5,0.02,0.9,118,r2_parity_sigma1.5_lr0.02,24,ok,,0.38742948715636355,6.123622136790318,0.4140319752426917,0.11882717689465251,f9372f8f74b3a18b86f9a9dd960278381003e836073cde71119d3b892dde9434,ffdd2708cda2855a18fd4a81398631fadb59f1610b8dd3d36eefe8f678572c16,24b0dff50f07ab642e83c5f2cf3e49b0b52d2361d77ab3860f9a3f34d2cb38df,f6a266db7e43e2d4c3efaac77387b131e8972c9689b7bb3f39cff6baaa1f2d33,0.40241116704419255
2,parity,1.5,0.02,0.9,119,r2_parity_sigma1.5_lr0.02,24,ok,,0.6445222592528953,6.2471649128716065,0.4071625902740716,0.12011296413085111,9cc5a5818d004f0f1492c246ba3ab8685b2df3f7dfd15cdf113ebebec42d8dee,01bf4e2b10f88360652600d185a9d719f05502f25f089d70da96eafa7fe4dfe3,65ff05a0f1f30b9e24fc1c071aaceb22366a9bbcd62b0f8edde086418c47a3a9,4279994d459dd9550c597307a9eb02dbadf88a836b3acac9f0155f99e4616a79,0.4030176670057699
2,parity,1.5,0.02,0.9,120,r2_parity_sigma1.5_lr0.02,24,ok,,0.47519814170142766,6.165394649690776,0.4135785872359481,0.12159210464736875,69e5aaf107b63f46b6b057dfe99d3189e4f485b9649136f1718f398f646e43c6,dff4b17a330f664ec4d31f507c7603e7842ac94d65226c760d6e78cfa953aeb7,bf0aa42ee9e23f8b99bf07a7ef8a47d9239e7611761290845cc844c92a0956f3,704fb4a4b4996b289a3de2730522a65fcbd6b3478c0d5c2c86b82d7d62ce3a31,0.39960262493696064
2,parity,1.5,0.05,0.9,111,r2_parity_sigma1.5_lr0.05,24,ok,,0.42566838005505014,6.1840344571601245,0.43457442016307263,0.12559200742712798,6f4599f803588363f7f3f06a30082972087391773f80fd6d7eb3eadc6484859e,ff013eda1d426d67006a334f6583897c614d689f5823b14c442be63e78bb3962,67b60cddad9992cfa81f180c3480804f7e4e2d5fea8ce037026850ea623a812c,d3f89794b81548de4e59b0ec306b27c71b5ffb286fb0630c9f0073f46eb4c9f7,0.399742666981183
2,parity,1.5,0.05,0.9,112,r2_parity_sigma1.5_lr0.05,24,ok,,0.8671941476007,6.46288340901079,0.3894414706564478,0.11449579237299565,23158049f8a287709543a55b89f8943218b08cba397a67e034633640e70c99f6,3dd0b47c3c1ce23069083c16d0c2272714da54db5025db5646fd1228b010a5e8,08195a2e278dd7d3f73edff8cb0cd59b9e3c01f2ecd4759831f27ea671160f7d,878cf7d55afb9a39657ebc38bdf121170189f21d2dfaa163389d30f925ef68ec,0.3977627500426024
2,parity,1.5,0.05,0.9,113,r2_parity_sigma1.5_lr0.05,24,ok,,0.3800784245555191,5.950379221399237,0.43718360445171467,0.13290381575332125,1130bcd06d370ab57f1bc3a67409c755b267648b80a0f46e840060bb010d3ab8,db95c591d5ad7a1f08531cf0e04985b931fc730f28e8ed47b8c7c5d8ecd8db0c,7f2ebd4ddebba924fb14fcb366e6524e24b6142ac00ae0feea8eda944dc8a4ac,891547b532f120de6026299269c7b7f02b9f8e5ec5427c34f46a0d7342b1e3cb,0.3940956669393927
2,parity,1.5,0.05,0.9,114,r2_parity_sigma1.5_lr0.05,24,ok,,0.4738938843061829,6.178074214346419,0.40661497903392163,0.11995141881500689,c8a7a565f4c34afcedf377bd8a33aee023bbafec99430b278d5183f906311b3e,52ceac77e1e0c99a5de90b23d52d3e2f15eb08da92d5b6842d3e92834a138f22,b7c652fbaa646fcdac14bd4d9b7de60408da1e8e29b91c1a191a4f0e046a11be,ff1f566e112f87b9cad44cd46ba1c612e01b8c5fd8b5b0ea9eff1d1194af513a,0.3946207088883966
2,parity,1.5,0.05,0.9,115,r2_parity_sigma1.5_lr0.05,24,ok,,0.41037582048505017,5.9798325293657815,0.41575985039754043,0.12431219526886458,21e3187a25ce542a7fda12331f6df5573b7aa9cfb19c4d6a1242f48e9ab77257,c3a0cabd7487508470d585545f7b6a856897b0410105302f1b4d5c12944c190d,e32313a9f78ef4a2dffaa9053f9f0da03818599b0388cb974485a6d6b6e5f463,1ae9d839d1869c0f22993ebadfd19eb0715ce3d007fd9f2802df18e4040708bc,0.3925001249881461
2,parity,1.5,0.05,0.9,116,r2_parity_sigma1.5_lr0.05,24,ok,,0.4581144834440216,6.163643860698783,0.387581920945945,0.11821248588851323,b240340bda42b13e461b839e854e8931eb9b197c11fad589d1f07877b5a6c105,0d285e8573294ff0f8d626c9d7c79b1ffa6d14fb3071ba7be902aa48627a1c7e,117a2e8a7c30ff5fbe89055ac777ab987c0462d85cd489bca67880d0c351db18,7c75eb5fca0d72e6adcecef89e7dc937297e38de8cb0f313c0efdbaa84f869b4,0.3990914999740198
2,parity,1.5,0.05,0.9,117,r2_parity_sigma1.5_lr0.05,24,ok,,0.5604503458189818,6.208634470692591,0.3820059542826393,0.11307376246766122,2ff937c83d36f7b3a5406c91e8755c50ce932575e34db68925452587b0ab77d6,32821079a74fe63f445d951a557ad18447fced01821fc77b6b8d137d2fe48881,c6f804c286be88c37cc667fceb6bd5e2160436b4533aeb70df06dce1e584f66b,fc79fab2451060b5dec563ede4c16d8978c0910ac1ba9cb8dd0770b2eee8df71,0.39881370798684657
2,parity,1.5,0.05,0.9,118,r2_parity_sigma1.5_lr0.05,24,ok,,0.3816348062761864,6.121095626954342,0.42577173375366767,0.12219648758730263,f9372f8f74b3a18b86f9a9dd960278381003e836073cde71119d3b892dde9434,ffdd2708cda2855a18fd4a81398631fadb59f1610b8dd3d36eefe8f678572c16,24b0dff50f07ab642e83c5f2cf3e49b0b52d2361d77ab3860f9a3f34d2cb38df,f6a266db7e43e2d4c3efaac77387b131e8972c9689b7bb3f39cff6baaa1f2d33,0.40080766601022333
2,parity,1.5,0.05,0.9,119,r2_parity_sigma1.5_lr0.05,24,ok,,0.48030799109900085,6.118985569319326,0.42929809952437153,0.1266429393596896,9cc5a5818d004f0f1492c246ba3ab8685b2df3f7dfd15cdf113ebebec42d8dee,01bf4e2b10f88360652600d185a9d719f05502f25f089d70da96eafa7fe4dfe3,65ff05a0f1f30b9e24fc1c071aaceb22366a9bbcd62b0f8edde086418c47a3a9,4279994d459dd9550c597307a9eb02dbadf88a836b3acac9f0155f99e4616a79,0.3957895829807967
2,parity,1.5,0.05,0.9,120,r2_parity_sigma1.5_lr0.05,24,ok,,0.6345102656453339,6.295956080587622,0.40824599145884943,0.12002432148890173,69e5aaf107b63f46b6b057dfe99d3189e4f485b9649136f1718f398f646e43c6,dff4b17a330f664ec4d31f507c7603e7842ac94d65226c760d6e78cfa953aeb7,bf0aa42ee9e23f8b99bf07a7ef8a47d9239e7611761290845cc844c92a0956f3,704fb4a4b4996b289a3de2730522a65fcbd6b3478c0d5c2c86b82d7d62ce3a31,0.399059290997684
2,parity,1.5,0.1,0.9,111,r2_parity_sigma1.5_lr0.1,24,ok,,0.40777664593882845,6.171987687065125,0.4385395461987205,0.12673792885143023,6f4599f803588363f7f3f06a30082972087391773f80fd6d7eb3eadc6484859e,ff013eda1d426d67006a334f6583897c614d689f5823b14c442be63e78bb3962,67b60cddad9992cfa81f180c3480804f7e4e2d5fea8ce037026850ea623a812c,d3f89794b81548de4e59b0ec306b27c71b5ffb286fb0630c9f0073f46eb4c9f7,0.40092587494291365
2,parity,1.5,0.1,0.9,112,r2_parity_sigma1.5_lr0.1,24,ok,,0.5011200161801228,6.143640330263235,0.4165363815249689,0.12246169616834086,23158049f8a287709543a55b89f8943218b08cba397a67e034633640e70c99f6,3dd0b47c3c1ce23069083c16d0c2272714da54db5025db5646fd1228b010a5e8,08195a2e278dd7d3f73edff8cb0cd59b9e3c01f2ecd4759831f27ea671160f7d,878cf7d55afb9a39657ebc38bdf121170189f21d2dfaa163389d30f925ef68ec,0.3995371670462191
2,parity,1.5,0.1,0.9,113,r2_parity_sigma1.5_lr0.1,24,ok,,0.5579257151691549,6.127211153000975,0.42423513768223886,0.12896748185540063,1130bcd06d370ab57f1bc3a67409c755b267648b80a0f46e840060bb010d3ab8,db95c591d5ad7a1f08531cf0e04985b931fc730f28e8ed47b8c7c5d8ecd8db0c,7f2ebd4ddebba924fb14fcb366e6524e24b6142ac00ae0feea8eda944dc8a4ac,891547b532f120de6026299269c7b7f02b9f8e5ec5427c34f46a0d7342b1e3cb,0.40324241598136723
2,parity,1.5,0.1,0.9,114,r2_parity_sigma1.5_lr0.1,24,ok,,0.5104686940092379,6.208949078270476,0.4002402062949862,0.11807086085702093,c8a7a565f4c34afcedf377bd8a33aee023bbafec99430b278d5183f906311b3e,52ceac77e1e0c99a5de90b23d52d3e2f15eb08da92d5b6842d3e92834a138f22,b7c652fbaa646fcdac14bd4d9b7de60408da1e8e29b91c1a191a4f0e046a11be,ff1f566e112f87b9cad44cd46ba1c612e01b8c5fd8b5b0ea9eff1d1194af513a,0.3978736250428483
2,parity,1.5,0.1,0.9,115,r2_parity_sigma1.5_lr0.1,24,ok,,0.4106202249353118,5.981157928504776,0.41528434727858626,0.12417001983629729,21e3187a25ce542a7fda12331f6df5573b7aa9cfb19c4d6a1242f48e9ab77257,c3a0cabd7487508470d585545f7b6a856897b0410105302f1b4d5c12944c190d,e32313a9f78ef4a2dffaa9053f9f0da03818599b0388cb974485a6d6b6e5f463,1ae9d839d1869c0f22993ebadfd19eb0715ce3d007fd9f2802df18e4040708bc,0.3934953749412671
2,parity,1.5,0.1,0.9,116,r2_parity_sigma1.5_lr0.1,24,ok,,0.5591432214541923,6.285737870671212,0.36846211905057763,0.11238094631042618,b240340bda42b13e461b839e854e8931eb9b197c11fad589d1f07877b5a6c105,0d285e8573294ff0f8d626c9d7c79b1ffa6d14fb3071ba7be902aa48627a1c7e,117a2e8a7c30ff5fbe89055ac777ab987c0462d85cd489bca67880d0c351db18,7c75eb5fca0d72e6adcecef89e7dc937297e38de8cb0f313c0efdbaa84f869b4,0.3960738340392709
2,parity,1.5,0.1,0.9,117,r2_parity_sigma1.5_lr0.1,24,ok,,1.0105755482515049,6.745330075425505,0.35424048028204724,0.10485518216348598,2ff937c83d36f7b3a5406c91e8755c50ce932575e34db68925452587b0ab77d6,32821079a74fe63f445d951a557ad18447fced01821fc77b6b8d137d2fe48881,c6f804c286be88c37cc667fceb6bd5e2160436b4533aeb70df06dce1e584f66b,fc79fab2451060b5dec563ede4c16d8978c0910ac1ba9cb8dd0770b2eee8df71,0.39512662508059293
2,parity,1.5,0.1,0.9,118,r2_parity_sigma1.5_lr0.1,24,ok,,0.3810737420142983,6.107968012583213,0.42095946428091907,0.12081536624862378,f9372f8f74b3a18b86f9a9dd960278381003e836073cde71119d3b892dde9434,ffdd2708cda2855a18fd4a81398631fadb59f1610b8dd3d36eefe8f678572c16,24b0dff50f07ab642e83c5f2cf3e49b0b52d2361d77ab3860f9a3f34d2cb38df,f6a266db7e43e2d4c3efaac77387b131e8972c9689b7bb3f39cff6baaa1f2d33,0.3936338749481365
2,parity,1.5,0.1,0.9,119,r2_parity_sigma1.5_lr0.1,24,ok,,0.4469648540327391,6.045642031277507,0.4162538654591208,0.12279489031044064,9cc5a5818d004f0f1492c246ba3ab8685b2df3f7dfd15cdf113ebebec42d8dee,01bf4e2b10f88360652600d185a9d719f05502f25f089d70da96eafa7fe4dfe3,65ff05a0f1f30b9e24fc1c071aaceb22366a9bbcd62b0f8edde086418c47a3a9,4279994d459dd9550c597307a9eb02dbadf88a836b3acac9f0155f99e4616a79,0.39406208402942866
2,parity,1.5,0.1,0.9,120,r2_parity_sigma1.5_lr0.1,24,ok,,0.46122873189265967,6.13152436645298,0.42886695110959405,0.12608688362622064,69e5aaf107b63f46b6b057dfe99d3189e4f485b9649136f1718f398f646e43c6,dff4b17a330f664ec4d31f507c7603e7842ac94d65226c760d6e78cfa953aeb7,bf0aa42ee9e23f8b99bf07a7ef8a47d9239e7611761290845cc844c92a0956f3,704fb4a4b4996b289a3de2730522a65fcbd6b3478c0d5c2c86b82d7d62ce3a31,0.39471004204824567
2,parity,1,0.02,0.9,111,r2_parity_sigma1_lr0.02,24,ok,,0.43352779731552876,6.200577252802446,0.42637844913620465,0.12322337180036314,6f4599f803588363f7f3f06a30082972087391773f80fd6d7eb3eadc6484859e,ff013eda1d426d67006a334f6583897c614d689f5823b14c442be63e78bb3962,46ec6552ea8abd2c67a85ebf993bb74a1984e0f557904f8a35ae4eb6d2b596da,d3f89794b81548de4e59b0ec306b27c71b5ffb286fb0630c9f0073f46eb4c9f7,0.4030072910245508
2,parity,1,0.02,0.9,112,r2_parity_sigma1_lr0.02,24,ok,,0.832751068117118,6.486736584723851,0.3752864115327305,0.11033420499062277,23158049f8a287709543a55b89f8943218b08cba397a67e034633640e70c99f6,3dd0b47c3c1ce23069083c16d0c2272714da54db5025db5646fd1228b010a5e8,b0126d22db14df8032614d0be237f7ba7f8faae015df79310d48a47a7e019709,878cf7d55afb9a39657ebc38bdf121170189f21d2dfaa163389d30f925ef68ec,0.4010264170356095
2,parity,1,0.02,0.9,113,r2_parity_sigma1_lr0.02,24,ok,,0.5156213306556597,6.113432836784188,0.40199979831332,0.12220793868724929,1130bcd06d370ab57f1bc3a67409c755b267648b80a0f46e840060bb010d3ab8,db95c591d5ad7a1f08531cf0e04985b931fc730f28e8ed47b8c7c5d8ecd8db0c,494a09d0cb32c8fd575150abd91ad12074451b075c550159cd5a0edda3ce9c1b,891547b532f120de6026299269c7b7f02b9f8e5ec5427c34f46a0d7342b1e3cb,0.39093629096169025
2,parity,1,0.02,0.9,114,r2_parity_sigma1_lr0.02,24,ok,,0.4760898546078009,6.173529105199861,0.428701171870719,0.1264668457018621,c8a7a565f4c34afcedf377bd8a33aee023bbafec99430b278d5183f906311b3e,52ceac77e1e0c99a5de90b23d52d3e2f15eb08da92d5b6842d3e92834a138f22,9fc9306ab4737b5804dc59a07264243c6abc622ca16efa0cd4d6bddf38b05e36,ff1f566e112f87b9cad44cd46ba1c612e01b8c5fd8b5b0ea9eff1d1194af513a,0.39150725002400577
2,parity,1,0.02,0.9,115,r2_parity_sigma1_lr0.02,24,ok,,0.5779346148516052,6.147714431669116,0.37345351212146816,0.11166260012431897,21e3187a25ce542a7fda12331f6df5573b7aa9cfb19c4d6a1242f48e9ab77257,c3a0cabd7487508470d585545f7b6a856897b0410105302f1b4d5c12944c190d,fae9b80b4b9bbecd172da441f7a298732dc4ec9c5fd56650a16ee48bf4f2164a,1ae9d839d1869c0f22993ebadfd19eb0715ce3d007fd9f2802df18e4040708bc,0.38879995804745704
2,parity,1,0.02,0.9,116,r2_parity_sigma1_lr0.02,24,ok,,0.4676271719944862,6.220217067528274,0.37389989897605896,0.11403946918769799,b240340bda42b13e461b839e854e8931eb9b197c11fad589d1f07877b5a6c105,0d285e8573294ff0f8d626c9d7c79b1ffa6d14fb3071ba7be902aa48627a1c7e,67eaeaae05cc33550f061649f99bb92951375c55491458d36e2f1c224114a8b1,7c75eb5fca0d72e6adcecef89e7dc937297e38de8cb0f313c0efdbaa84f869b4,0.38608720793854445
2,parity,1,0.02,0.9,117,r2_parity_sigma1_lr0.02,24,ok,,0.6655684919957522,6.326504913972204,0.37510453261962096,0.1110309416554078,2ff937c83d36f7b3a5406c91e8755c50ce932575e34db68925452587b0ab77d6,32821079a74fe63f445d951a557ad18447fced01821fc77b6b8d137d2fe48881,6d2e8203ab09f7481803ba6cac1d0fef11989f0d29cc5ddaeca62054fed6f238,fc79fab2451060b5dec563ede4c16d8978c0910ac1ba9cb8dd0770b2eee8df71,0.3912115410203114
2,parity,1,0.02,0.9,118,r2_parity_sigma1_lr0.02,24,ok,,0.40948907500203846,6.140123631842578,0.42162786571951494,0.12100719746150078,f9372f8f74b3a18b86f9a9dd960278381003e836073cde71119d3b892dde9434,ffdd2708cda2855a18fd4a81398631fadb59f1610b8dd3d36eefe8f678572c16,3672d037714419789c221c8c7564a09d4bd2e60bbf08a0fa3cd13f9a40a45c57,f6a266db7e43e2d4c3efaac77387b131e8972c9689b7bb3f39cff6baaa1f2d33,0.392069875029847
2,parity,1,0.02,0.9,119,r2_parity_sigma1_lr0.02,24,ok,,0.4730172343390303,6.096560389758853,0.4069185683206218,0.12004097765458342,9cc5a5818d004f0f1492c246ba3ab8685b2df3f7dfd15cdf113ebebec42d8dee,01bf4e2b10f88360652600d185a9d719f05502f25f089d70da96eafa7fe4dfe3,a56289775eec0ce432a321db146cf9b88569ccab3daaa3aefaeb57ea0050cb73,4279994d459dd9550c597307a9eb02dbadf88a836b3acac9f0155f99e4616a79,0.3889930829172954
2,parity,1,0.02,0.9,120,r2_parity_sigma1_lr0.02,24,ok,,0.4669738836830747,6.147226571909679,0.4290396135238847,0.1261376463760221,69e5aaf107b63f46b6b057dfe99d3189e4f485b9649136f1718f398f646e43c6,dff4b17a330f664ec4d31f507c7603e7842ac94d65226c760d6e78cfa953aeb7,be8ede604a893ee87034e6fb596cea91ea3be8f191d448807bebae1ef6fbfe79,704fb4a4b4996b289a3de2730522a65fcbd6b3478c0d5c2c86b82d7d62ce3a31,0.386289041955024
2,parity,1,0.05,0.9,111,r2_parity_sigma1_lr0.05,24,ok,,0.49765866045495494,6.2340200593753545,0.419227464962019,0.1211567373740235,6f4599f803588363f7f3f06a30082972087391773f80fd6d7eb3eadc6484859e,ff013eda1d426d67006a334f6583897c614d689f5823b14c442be63e78bb3962,46ec6552ea8abd2c67a85ebf993bb74a1984e0f557904f8a35ae4eb6d2b596da,d3f89794b81548de4e59b0ec306b27c71b5ffb286fb0630c9f0073f46eb4c9f7,0.3912609159015119
2,parity,1,0.05,0.9,112,r2_parity_sigma1_lr0.05,24,ok,,0.408391291346082,6.047444949060097,0.4204812074724129,0.12362147499688939,23158049f8a287709543a55b89f8943218b08cba397a67e034633640e70c99f6,3dd0b47c3c1ce23069083c16d0c2272714da54db5025db5646fd1228b010a5e8,b0126d22db14df8032614d0be237f7ba7f8faae015df79310d48a47a7e019709,878cf7d55afb9a39657ebc38bdf121170189f21d2dfaa163389d30f925ef68ec,0.39110158395487815
2,parity,1,0.05,0.9,113,r2_parity_sigma1_lr0.05,24,ok,,0.5001729896803986,6.079876168878563,0.4058023152822409,0.12336390384580125,1130bcd06d370ab57f1bc3a67409c755b267648b80a0f46e840060bb010d3ab8,db95c591d5ad7a1f08531cf0e04985b931fc730f28e8ed47b8c7c5d8ecd8db0c,494a09d0cb32c8fd575150abd91ad12074451b075c550159cd5a0edda3ce9c1b,891547b532f120de6026299269c7b7f02b9f8e5ec5427c34f46a0d7342b1e3cb,0.3853675000136718
2,parity,1,0.05,0.9,114,r2_parity_sigma1_lr0.05,24,ok,,0.4560047696009878,6.149883263968481,0.4045576971186603,0.1193445206500048,c8a7a565f4c34afcedf377bd8a33aee023bbafec99430b278d5183f906311b3e,52ceac77e1e0c99a5de90b23d52d3e2f15eb08da92d5b6842d3e92834a138f22,9fc9306ab4737b5804dc59a07264243c6abc622ca16efa0cd4d6bddf38b05e36,ff1f566e112f87b9cad44cd46ba1c612e01b8c5fd8b5b0ea9eff1d1194af513a,0.3860255409963429
2,parity,1,0.05,0.9,115,r2_parity_sigma1_lr0.05,24,ok,,0.43689530132280074,6.022904011149228,0.39636961109092766,0.11851451371618736,21e3187a25ce542a7fda12331f6df5573b7aa9cfb19c4d6a1242f48e9ab77257,c3a0cabd7487508470d585545f7b6a856897b0410105302f1b4d5c12944c190d,fae9b80b4b9bbecd172da441f7a298732dc4ec9c5fd56650a16ee48bf4f2164a,1ae9d839d1869c0f22993ebadfd19eb0715ce3d007fd9f2802df18e4040708bc,0.3962255420628935
2,parity,1,0.05,0.9,116,r2_parity_sigma1_lr0.05,24,ok,,0.4098380853949778,6.131703839547044,0.38512242771285915,0.11746234045242204,b240340bda42b13e461b839e854e8931eb9b197c11fad589d1f07877b5a6c105,0d285e8573294ff0f8d626c9d7c79b1ffa6d14fb3071ba7be902aa48627a1c7e,67eaeaae05cc33550f061649f99bb92951375c55491458d36e2f1c224114a8b1,7c75eb5fca0d72e6adcecef89e7dc937297e38de8cb0f313c0efdbaa84f869b4,0.42745674995239824
2,parity,1,0.05,0.9,117,r2_parity_sigma1_lr0.05,24,ok,,0.5162541482214307,6.1677493182395775,0.3991455187745684,0.11814707355727223,2ff937c83d36f7b3a5406c91e8755c50ce932575e34db68925452587b0ab77d6,32821079a74fe63f445d951a557ad18447fced01821fc77b6b8d137d2fe48881,6d2e8203ab09f7481803ba6cac1d0fef11989f0d29cc5ddaeca62054fed6f238,fc79fab2451060b5dec563ede4c16d8978c0910ac1ba9cb8dd0770b2eee8df71,0.4372047920478508
2,parity,1,0.05,0.9,118,r2_parity_sigma1_lr0.05,24,ok,,0.3818924107567647,6.1239449583164,0.4272049007526913,0.1226078065160224,f9372f8f74b3a18b86f9a9dd960278381003e836073cde71119d3b892dde9434,ffdd2708cda2855a18fd4a81398631fadb59f1610b8dd3d36eefe8f678572c16,3672d037714419789c221c8c7564a09d4bd2e60bbf08a0fa3cd13f9a40a45c57,f6a266db7e43e2d4c3efaac77387b131e8972c9689b7bb3f39cff6baaa1f2d33,0.436959124985151
2,parity,1,0.05,0.9,119,r2_parity_sigma1_lr0.05,24,ok,,0.47065213087639657,6.102374593395497,0.4083333439193026,0.12045833645619426,9cc5a5818d004f0f1492c246ba3ab8685b2df3f7dfd15cdf113ebebec42d8dee,01bf4e2b10f88360652600d185a9d719f05502f25f089d70da96eafa7fe4dfe3,a56289775eec0ce432a321db146cf9b88569ccab3daaa3aefaeb57ea0050cb73,4279994d459dd9550c597307a9eb02dbadf88a836b3acac9f0155f99e4616a79,0.41362312505953014
2,parity,1,0.05,0.9,120,r2_parity_sigma1_lr0.05,24,ok,,0.4377398505253305,6.125240282209824,0.42530021881919144,0.1250382643328423,69e5aaf107b63f46b6b057dfe99d3189e4f485b9649136f1718f398f646e43c6,dff4b17a330f664ec4d31f507c7603e7842ac94d65226c760d6e78cfa953aeb7,be8ede604a893ee87034e6fb596cea91ea3be8f191d448807bebae1ef6fbfe79,704fb4a4b4996b289a3de2730522a65fcbd6b3478c0d5c2c86b82d7d62ce3a31,0.4097204999998212
2,parity,1,0.1,0.9,111,r2_parity_sigma1_lr0.1,24,ok,,0.3803341957803219,6.145875863251078,0.4341531972831897,0.12547027401484181,6f4599f803588363f7f3f06a30082972087391773f80fd6d7eb3eadc6484859e,ff013eda1d426d67006a334f6583897c614d689f5823b14c442be63e78bb3962,46ec6552ea8abd2c67a85ebf993bb74a1984e0f557904f8a35ae4eb6d2b596da,d3f89794b81548de4e59b0ec306b27c71b5ffb286fb0630c9f0073f46eb4c9f7,0.4101532920030877
2,parity,1,0.1,0.9,112,r2_parity_sigma1_lr0.1,24,ok,,0.42984183224804773,6.050970218067396,0.417326050241143,0.12269385877089604,23158049f8a287709543a55b89f8943218b08cba397a67e034633640e70c99f6,3dd0b47c3c1ce23069083c16d0c2272714da54db5025db5646fd1228b010a5e8,b0126d22db14df8032614d0be237f7ba7f8faae015df79310d48a47a7e019709,878cf7d55afb9a39657ebc38bdf121170189f21d2dfaa163389d30f925ef68ec,0.40913404198363423
2,parity,1,0.1,0.9,113,r2_parity_sigma1_lr0.1,24,ok,,0.4337910304998814,6.027270119711869,0.39733280984348235,0.12078917419241864,1130bcd06d370ab57f1bc3a67409c755b267648b80a0f46e840060bb010d3ab8,db95c591d5ad7a1f08531cf0e04985b931fc730f28e8ed47b8c7c5d8ecd8db0c,494a09d0cb32c8fd575150abd91ad12074451b075c550159cd5a0edda3ce9c1b,891547b532f120de6026299269c7b7f02b9f8e5ec5427c34f46a0d7342b1e3cb,0.40533891692757607
2,parity,1,0.1,0.9,114,r2_parity_sigma1_lr0.1,24,ok,,0.45082236388463276,6.1449349648699325,0.40569284142696665,0.11967938822095515,c8a7a565f4c34afcedf377bd8a33aee023bbafec99430b278d5183f906311b3e,52ceac77e1e0c99a5de90b23d52d3e2f15eb08da92d5b6842d3e92834a138f22,9fc9306ab4737b5804dc59a07264243c6abc622ca16efa0cd4d6bddf38b05e36,ff1f566e112f87b9cad44cd46ba1c612e01b8c5fd8b5b0ea9eff1d1194af513a,0.40364429203327745
2,parity,1,0.1,0.9,115,r2_parity_sigma1_lr0.1,24,ok,,0.4466968152242949,6.034122805384206,0.39307666806341723,0.11752992375096176,21e3187a25ce542a7fda12331f6df5573b7aa9cfb19c4d6a1242f48e9ab77257,c3a0cabd7487508470d585545f7b6a856897b0410105302f1b4d5c12944c190d,fae9b80b4b9bbecd172da441f7a298732dc4ec9c5fd56650a16ee48bf4f2164a,1ae9d839d1869c0f22993ebadfd19eb0715ce3d007fd9f2802df18e4040708bc,0.3939299579942599
2,parity,1,0.1,0.9,116,r2_parity_sigma1_lr0.1,24,ok,,0.47084604497868576,6.208664268715527,0.3693756279171654,0.11265956651473545,b240340bda42b13e461b839e854e8931eb9b197c11fad589d1f07877b5a6c105,0d285e8573294ff0f8d626c9d7c79b1ffa6d14fb3071ba7be902aa48627a1c7e,67eaeaae05cc33550f061649f99bb92951375c55491458d36e2f1c224114a8b1,7c75eb5fca0d72e6adcecef89e7dc937297e38de8cb0f313c0efdbaa84f869b4,0.39284379105083644
2,parity,1,0.1,0.9,117,r2_parity_sigma1_lr0.1,24,ok,,0.5300219543555338,6.184237866382884,0.39585167923533343,0.11717209705365869,2ff937c83d36f7b3a5406c91e8755c50ce932575e34db68925452587b0ab77d6,32821079a74fe63f445d951a557ad18447fced01821fc77b6b8d137d2fe48881,6d2e8203ab09f7481803ba6cac1d0fef11989f0d29cc5ddaeca62054fed6f238,fc79fab2451060b5dec563ede4c16d8978c0910ac1ba9cb8dd0770b2eee8df71,0.394439542084001
2,parity,1,0.1,0.9,118,r2_parity_sigma1_lr0.1,24,ok,,0.4325232792105996,6.1633151230550585,0.414254122860792,0.11889093326104731,f9372f8f74b3a18b86f9a9dd960278381003e836073cde71119d3b892dde9434,ffdd2708cda2855a18fd4a81398631fadb59f1610b8dd3d36eefe8f678572c16,3672d037714419789c221c8c7564a09d4bd2e60bbf08a0fa3cd13f9a40a45c57,f6a266db7e43e2d4c3efaac77387b131e8972c9689b7bb3f39cff6baaa1f2d33,0.38761900004465133
2,parity,1,0.1,0.9,119,r2_parity_sigma1_lr0.1,24,ok,,0.4923633602602755,6.137973849267325,0.40897333937164215,0.12064713511463444,9cc5a5818d004f0f1492c246ba3ab8685b2df3f7dfd15cdf113ebebec42d8dee,01bf4e2b10f88360652600d185a9d719f05502f25f089d70da96eafa7fe4dfe3,a56289775eec0ce432a321db146cf9b88569ccab3daaa3aefaeb57ea0050cb73,4279994d459dd9550c597307a9eb02dbadf88a836b3acac9f0155f99e4616a79,0.38869366608560085
2,parity,1,0.1,0.9,120,r2_parity_sigma1_lr0.1,24,ok,,0.4317553991854085,6.109814307121409,0.43143952912752226,0.12684322156349154,69e5aaf107b63f46b6b057dfe99d3189e4f485b9649136f1718f398f646e43c6,dff4b17a330f664ec4d31f507c7603e7842ac94d65226c760d6e78cfa953aeb7,be8ede604a893ee87034e6fb596cea91ea3be8f191d448807bebae1ef6fbfe79,704fb4a4b4996b289a3de2730522a65fcbd6b3478c0d5c2c86b82d7d62ce3a31,0.39423612493555993
2,parity,2,0.02,0.9,111,r2_parity_sigma2_lr0.02,24,ok,,0.4799445531252686,6.257318000936897,0.42743137606372017,0.12352766768241513,6f4599f803588363f7f3f06a30082972087391773f80fd6d7eb3eadc6484859e,ff013eda1d426d67006a334f6583897c614d689f5823b14c442be63e78bb3962,c82f9ffb273e363eee222e8f1ca4901ef0d88a2a41d7c7bf0385dfda9f807c69,d3f89794b81548de4e59b0ec306b27c71b5ffb286fb0630c9f0073f46eb4c9f7,0.3951912079937756
2,parity,2,0.02,0.9,112,r2_parity_sigma2_lr0.02,24,ok,,0.7688549438173391,6.388951557001745,0.38232559429150675,0.11240372472170299,23158049f8a287709543a55b89f8943218b08cba397a67e034633640e70c99f6,3dd0b47c3c1ce23069083c16d0c2272714da54db5025db5646fd1228b010a5e8,e1239e9574a5b9ece5a6142b17dc18054822afbc56b1fe750ed4c81000928119,878cf7d55afb9a39657ebc38bdf121170189f21d2dfaa163389d30f925ef68ec,0.3917021250817925
2,parity,2,0.02,0.9,113,r2_parity_sigma2_lr0.02,24,ok,,0.6003114265024603,6.1635895050759295,0.3992120811141614,0.12136047265870506,1130bcd06d370ab57f1bc3a67409c755b267648b80a0f46e840060bb010d3ab8,db95c591d5ad7a1f08531cf0e04985b931fc730f28e8ed47b8c7c5d8ecd8db0c,0add28ce81db5ed182ca7ca0109f605c59adae53ed3f3475c8621678c513898f,891547b532f120de6026299269c7b7f02b9f8e5ec5427c34f46a0d7342b1e3cb,0.39067137497477233
2,parity,2,0.02,0.9,114,r2_parity_sigma2_lr0.02,24,ok,,0.9790880925117957,6.644037549987128,0.3491261253503073,0.10299220697834065,c8a7a565f4c34afcedf377bd8a33aee023bbafec99430b278d5183f906311b3e,52ceac77e1e0c99a5de90b23d52d3e2f15eb08da92d5b6842d3e92834a138f22,2da2eff4a068e88b41bb2a9f71d17504f3bc60c31b0363210d25907cced26bee,ff1f566e112f87b9cad44cd46ba1c612e01b8c5fd8b5b0ea9eff1d1194af513a,0.39253633306361735
2,parity,2,0.02,0.9,115,r2_parity_sigma2_lr0.02,24,ok,,0.6681690529176576,6.2421469823335825,0.3788924491744671,0.11328884230316566,21e3187a25ce542a7fda12331f6df5573b7aa9cfb19c4d6a1242f48e9ab77257,c3a0cabd7487508470d585545f7b6a856897b0410105302f1b4d5c12944c190d,1fa2303165fb9f092630d1b0199b8b1ceef402fc45bd96481c26f4dc4640000c,1ae9d839d1869c0f22993ebadfd19eb0715ce3d007fd9f2802df18e4040708bc,0.39709175005555153
2,parity,2,0.02,0.9,116,r2_parity_sigma2_lr0.02,24,ok,,0.5236108468917372,6.237376399925873,0.3820176382497749,0.11651537966618135,b240340bda42b13e461b839e854e8931eb9b197c11fad589d1f07877b5a6c105,0d285e8573294ff0f8d626c9d7c79b1ffa6d14fb3071ba7be902aa48627a1c7e,4b774c30d2dadd0ba79d44923c3465d50bf5beb8544ebb6fa76e4e48a8e30ffa,7c75eb5fca0d72e6adcecef89e7dc937297e38de8cb0f313c0efdbaa84f869b4,0.39468074997421354
2,parity,2,0.02,0.9,117,r2_parity_sigma2_lr0.02,24,ok,,0.5432143118099442,6.183307866569287,0.3841031265125456,0.11369452544771348,2ff937c83d36f7b3a5406c91e8755c50ce932575e34db68925452587b0ab77d6,32821079a74fe63f445d951a557ad18447fced01821fc77b6b8d137d2fe48881,24f95bfd52c3f3d2c98931fb18163579577384289930fa8ba980f3e9731f5494,fc79fab2451060b5dec563ede4c16d8978c0910ac1ba9cb8dd0770b2eee8df71,0.39480850007385015
2,parity,2,0.02,0.9,118,r2_parity_sigma2_lr0.02,24,ok,,0.3648605578303451,6.096693613184536,0.43316233007295535,0.12431758873093818,f9372f8f74b3a18b86f9a9dd960278381003e836073cde71119d3b892dde9434,ffdd2708cda2855a18fd4a81398631fadb59f1610b8dd3d36eefe8f678572c16,5acbf74ae2e9e8a1a4fb070e1975a0e7985410d95eb0df75d2dc8cbbd577c6ea,f6a266db7e43e2d4c3efaac77387b131e8972c9689b7bb3f39cff6baaa1f2d33,0.39713287504855543
2,parity,2,0.02,0.9,119,r2_parity_sigma2_lr0.02,24,ok,,0.581150603299144,6.167158451719,0.4117729861435944,0.12147303091236036,9cc5a5818d004f0f1492c246ba3ab8685b2df3f7dfd15cdf113ebebec42d8dee,01bf4e2b10f88360652600d185a9d719f05502f25f089d70da96eafa7fe4dfe3,8851bc19fbe925ac4230a2881685bca8aa77d927173c7879a0be501620af9389,4279994d459dd9550c597307a9eb02dbadf88a836b3acac9f0155f99e4616a79,0.39277999999467283
2,parity,2,0.02,0.9,120,r2_parity_sigma2_lr0.02,24,ok,,0.5485747394839234,6.239655817473891,0.4066942009291742,0.1195680950731772,69e5aaf107b63f46b6b057dfe99d3189e4f485b9649136f1718f398f646e43c6,dff4b17a330f664ec4d31f507c7603e7842ac94d65226c760d6e78cfa953aeb7,e2870c0966ac2c6eeda9be223b2b76a59dd3d8bbc502a53f1293837163c5dabc,704fb4a4b4996b289a3de2730522a65fcbd6b3478c0d5c2c86b82d7d62ce3a31,0.3948379169451073
2,parity,2,0.05,0.9,111,r2_parity_sigma2_lr0.05,24,ok,,0.4294578718493476,6.20572133300236,0.43335724246027574,0.1252402430710197,6f4599f803588363f7f3f06a30082972087391773f80fd6d7eb3eadc6484859e,ff013eda1d426d67006a334f6583897c614d689f5823b14c442be63e78bb3962,c82f9ffb273e363eee222e8f1ca4901ef0d88a2a41d7c7bf0385dfda9f807c69,d3f89794b81548de4e59b0ec306b27c71b5ffb286fb0630c9f0073f46eb4c9f7,0.39988508401438594
2,parity,2,0.05,0.9,112,r2_parity_sigma2_lr0.05,24,ok,,0.7685483895198868,6.400966969039123,0.3943343876134032,0.11593430995834055,23158049f8a287709543a55b89f8943218b08cba397a67e034633640e70c99f6,3dd0b47c3c1ce23069083c16d0c2272714da54db5025db5646fd1228b010a5e8,e1239e9574a5b9ece5a6142b17dc18054822afbc56b1fe750ed4c81000928119,878cf7d55afb9a39657ebc38bdf121170189f21d2dfaa163389d30f925ef68ec,0.3993694589007646
2,parity,2,0.05,0.9,113,r2_parity_sigma2_lr0.05,24,ok,,0.33518188452955056,5.928413112001087,0.44864762667456964,0.13638887850906917,1130bcd06d370ab57f1bc3a67409c755b267648b80a0f46e840060bb010d3ab8,db95c591d5ad7a1f08531cf0e04985b931fc730f28e8ed47b8c7c5d8ecd8db0c,0add28ce81db5ed182ca7ca0109f605c59adae53ed3f3475c8621678c513898f,891547b532f120de6026299269c7b7f02b9f8e5ec5427c34f46a0d7342b1e3cb,0.400692000053823
2,parity,2,0.05,0.9,114,r2_parity_sigma2_lr0.05,24,ok,,0.7943279402109531,6.47524827763062,0.3769330161158522,0.11119523975417642,c8a7a565f4c34afcedf377bd8a33aee023bbafec99430b278d5183f906311b3e,52ceac77e1e0c99a5de90b23d52d3e2f15eb08da92d5b6842d3e92834a138f22,2da2eff4a068e88b41bb2a9f71d17504f3bc60c31b0363210d25907cced26bee,ff1f566e112f87b9cad44cd46ba1c612e01b8c5fd8b5b0ea9eff1d1194af513a,0.4114847920136526
2,parity,2,0.05,0.9,115,r2_parity_sigma2_lr0.05,24,ok,,0.5607826819742832,6.1528691600995895,0.3754379895203765,0.11225595886659258,21e3187a25ce542a7fda12331f6df5573b7aa9cfb19c4d6a1242f48e9ab77257,c3a0cabd7487508470d585545f7b6a856897b0410105302f1b4d5c12944c190d,1fa2303165fb9f092630d1b0199b8b1ceef402fc45bd96481c26f4dc4640000c,1ae9d839d1869c0f22993ebadfd19eb0715ce3d007fd9f2802df18e4040708bc,0.41433070797938854
2,parity,2,0.05,0.9,116,r2_parity_sigma2_lr0.05,24,ok,,0.5389866561077548,6.256481226837303,0.38114685003315113,0.1162497892601111,b240340bda42b13e461b839e854e8931eb9b197c11fad589d1f07877b5a6c105,0d285e8573294ff0f8d626c9d7c79b1ffa6d14fb3071ba7be902aa48627a1c7e,4b774c30d2dadd0ba79d44923c3465d50bf5beb8544ebb6fa76e4e48a8e30ffa,7c75eb5fca0d72e6adcecef89e7dc937297e38de8cb0f313c0efdbaa84f869b4,0.4057445829967037
2,parity,2,0.05,0.9,117,r2_parity_sigma2_lr0.05,24,ok,,0.5408035830621348,6.2094915118127645,0.3966721667360961,0.11741496135388445,2ff937c83d36f7b3a5406c91e8755c50ce932575e34db68925452587b0ab77d6,32821079a74fe63f445d951a557ad18447fced01821fc77b6b8d137d2fe48881,24f95bfd52c3f3d2c98931fb18163579577384289930fa8ba980f3e9731f5494,fc79fab2451060b5dec563ede4c16d8978c0910ac1ba9cb8dd0770b2eee8df71,0.39427641592919827
2,parity,2,0.05,0.9,118,r2_parity_sigma2_lr0.05,24,ok,,0.3534852445488225,6.0917456500514415,0.4284735071987239,0.12297189656603376,f9372f8f74b3a18b86f9a9dd960278381003e836073cde71119d3b892dde9434,ffdd2708cda2855a18fd4a81398631fadb59f1610b8dd3d36eefe8f678572c16,5acbf74ae2e9e8a1a4fb070e1975a0e7985410d95eb0df75d2dc8cbbd577c6ea,f6a266db7e43e2d4c3efaac77387b131e8972c9689b7bb3f39cff6baaa1f2d33,0.3955226659309119
2,parity,2,0.05,0.9,119,r2_parity_sigma2_lr0.05,24,ok,,0.5506357924989833,6.15072708691745,0.4079322515681876,0.12034001421261532,9cc5a5818d004f0f1492c246ba3ab8685b2df3f7dfd15cdf113ebebec42d8dee,01bf4e2b10f88360652600d185a9d719f05502f25f089d70da96eafa7fe4dfe3,8851bc19fbe925ac4230a2881685bca8aa77d927173c7879a0be501620af9389,4279994d459dd9550c597307a9eb02dbadf88a836b3acac9f0155f99e4616a79,0.39087587501853704
2,parity,2,0.05,0.9,120,r2_parity_sigma2_lr0.05,24,ok,,0.894424440319138,6.527771341256341,0.3834327835582858,0.11272923836613603,69e5aaf107b63f46b6b057dfe99d3189e4f485b9649136f1718f398f646e43c6,dff4b17a330f664ec4d31f507c7603e7842ac94d65226c760d6e78cfa953aeb7,e2870c0966ac2c6eeda9be223b2b76a59dd3d8bbc502a53f1293837163c5dabc,704fb4a4b4996b289a3de2730522a65fcbd6b3478c0d5c2c86b82d7d62ce3a31,0.3902803750243038
2,parity,2,0.1,0.9,111,r2_parity_sigma2_lr0.1,24,ok,,0.39291711671855445,6.15689620649727,0.43931366717534104,0.12696164981367355,6f4599f803588363f7f3f06a30082972087391773f80fd6d7eb3eadc6484859e,ff013eda1d426d67006a334f6583897c614d689f5823b14c442be63e78bb3962,c82f9ffb273e363eee222e8f1ca4901ef0d88a2a41d7c7bf0385dfda9f807c69,d3f89794b81548de4e59b0ec306b27c71b5ffb286fb0630c9f0073f46eb4c9f7,0.3935300409793854
2,parity,2,0.1,0.9,112,r2_parity_sigma2_lr0.1,24,ok,,0.5114811555907646,6.151036164665595,0.41395810308996983,0.12170368230845113,23158049f8a287709543a55b89f8943218b08cba397a67e034633640e70c99f6,3dd0b47c3c1ce23069083c16d0c2272714da54db5025db5646fd1228b010a5e8,e1239e9574a5b9ece5a6142b17dc18054822afbc56b1fe750ed4c81000928119,878cf7d55afb9a39657ebc38bdf121170189f21d2dfaa163389d30f925ef68ec,0.39549641602206975
2,parity,2,0.1,0.9,113,r2_parity_sigma2_lr0.1,24,ok,,0.3989058523190583,5.983855248512299,0.4348317489757176,0.13218885168861813,1130bcd06d370ab57f1bc3a67409c755b267648b80a0f46e840060bb010d3ab8,db95c591d5ad7a1f08531cf0e04985b931fc730f28e8ed47b8c7c5d8ecd8db0c,0add28ce81db5ed182ca7ca0109f605c59adae53ed3f3475c8621678c513898f,891547b532f120de6026299269c7b7f02b9f8e5ec5427c34f46a0d7342b1e3cb,0.39511912502348423
2,parity,2,0.1,0.9,114,r2_parity_sigma2_lr0.1,24,ok,,0.6166975262283374,6.330224705077232,0.3905691926916089,0.11521791184402462,c8a7a565f4c34afcedf377bd8a33aee023bbafec99430b278d5183f906311b3e,52ceac77e1e0c99a5de90b23d52d3e2f15eb08da92d5b6842d3e92834a138f22,2da2eff4a068e88b41bb2a9f71d17504f3bc60c31b0363210d25907cced26bee,ff1f566e112f87b9cad44cd46ba1c612e01b8c5fd8b5b0ea9eff1d1194af513a,0.3942523750010878
2,parity,2,0.1,0.9,115,r2_parity_sigma2_lr0.1,24,ok,,0.6459994823096697,6.225005117840923,0.3881478760254871,0.11605621493162065,21e3187a25ce542a7fda12331f6df5573b7aa9cfb19c4d6a1242f48e9ab77257,c3a0cabd7487508470d585545f7b6a856897b0410105302f1b4d5c12944c190d,1fa2303165fb9f092630d1b0199b8b1ceef402fc45bd96481c26f4dc4640000c,1ae9d839d1869c0f22993ebadfd19eb0715ce3d007fd9f2802df18e4040708bc,0.41660191596020013
2,parity,2,0.1,0.9,116,r2_parity_sigma2_lr0.1,24,ok,,0.5220716392819146,6.249423902829296,0.3789173192000275,0.11556978235600839,b240340bda42b13e461b839e854e8931eb9b197c11fad589d1f07877b5a6c105,0d285e8573294ff0f8d626c9d7c79b1ffa6d14fb3071ba7be902aa48627a1c7e,4b774c30d2dadd0ba79d44923c3465d50bf5beb8544ebb6fa76e4e48a8e30ffa,7c75eb5fca0d72e6adcecef89e7dc937297e38de8cb0f313c0efdbaa84f869b4,0.42227054096292704
2,parity,2,0.1,0.9,117,r2_parity_sigma2_lr0.1,24,ok,,0.4811436831463473,6.1391025303815585,0.40739581673472985,0.12058916175348004,2ff937c83d36f7b3a5406c91e8755c50ce932575e34db68925452587b0ab77d6,32821079a74fe63f445d951a557ad18447fced01821fc77b6b8d137d2fe48881,24f95bfd52c3f3d2c98931fb18163579577384289930fa8ba980f3e9731f5494,fc79fab2451060b5dec563ede4c16d8978c0910ac1ba9cb8dd0770b2eee8df71,0.42347491695545614
2,parity,2,0.1,0.9,118,r2_parity_sigma2_lr0.1,24,ok,,0.38671701403692105,6.117719043016771,0.4329905081108908,0.12426827582782567,f9372f8f74b3a18b86f9a9dd960278381003e836073cde71119d3b892dde9434,ffdd2708cda2855a18fd4a81398631fadb59f1610b8dd3d36eefe8f678572c16,5acbf74ae2e9e8a1a4fb070e1975a0e7985410d95eb0df75d2dc8cbbd577c6ea,f6a266db7e43e2d4c3efaac77387b131e8972c9689b7bb3f39cff6baaa1f2d33,0.4033744999906048
2,parity,2,0.1,0.9,119,r2_parity_sigma2_lr0.1,24,ok,,0.5926765106074308,6.181643714023821,0.3914153055957148,0.11546751515073586,9cc5a5818d004f0f1492c246ba3ab8685b2df3f7dfd15cdf113ebebec42d8dee,01bf4e2b10f88360652600d185a9d719f05502f25f089d70da96eafa7fe4dfe3,8851bc19fbe925ac4230a2881685bca8aa77d927173c7879a0be501620af9389,4279994d459dd9550c597307a9eb02dbadf88a836b3acac9f0155f99e4616a79,0.3990384590579197
2,parity,2,0.1,0.9,120,r2_parity_sigma2_lr0.1,24,ok,,0.5094926046530484,6.16455154866586,0.42007515622190406,0.1235020959292398,69e5aaf107b63f46b6b057dfe99d3189e4f485b9649136f1718f398f646e43c6,dff4b17a330f664ec4d31f507c7603e7842ac94d65226c760d6e78cfa953aeb7,e2870c0966ac2c6eeda9be223b2b76a59dd3d8bbc502a53f1293837163c5dabc,704fb4a4b4996b289a3de2730522a65fcbd6b3478c0d5c2c86b82d7d62ce3a31,0.3997853749897331
2,scaled-mse,1,0.005,0.9,111,r2_scaled-mse_sigma1_lr0.005,24,ok,,0.9177345661229124,6.6333430479627244,0.3946767254030043,0.11406157364146824,6f4599f803588363f7f3f06a30082972087391773f80fd6d7eb3eadc6484859e,ff013eda1d426d67006a334f6583897c614d689f5823b14c442be63e78bb3962,46ec6552ea8abd2c67a85ebf993bb74a1984e0f557904f8a35ae4eb6d2b596da,d3f89794b81548de4e59b0ec306b27c71b5ffb286fb0630c9f0073f46eb4c9f7,0.360011582961306
2,scaled-mse,1,0.005,0.9,112,r2_scaled-mse_sigma1_lr0.005,24,ok,,1.1302692725447163,6.79252057428528,0.3528372902652999,0.10373416333799818,23158049f8a287709543a55b89f8943218b08cba397a67e034633640e70c99f6,3dd0b47c3c1ce23069083c16d0c2272714da54db5025db5646fd1228b010a5e8,b0126d22db14df8032614d0be237f7ba7f8faae015df79310d48a47a7e019709,878cf7d55afb9a39657ebc38bdf121170189f21d2dfaa163389d30f925ef68ec,0.35125612502451986
2,scaled-mse,1,0.005,0.9,113,r2_scaled-mse_sigma1_lr0.005,24,ok,,0.8379174103683187,6.389793419150296,0.36542047208934575,0.11108782351516111,1130bcd06d370ab57f1bc3a67409c755b267648b80a0f46e840060bb010d3ab8,db95c591d5ad7a1f08531cf0e04985b931fc730f28e8ed47b8c7c5d8ecd8db0c,494a09d0cb32c8fd575150abd91ad12074451b075c550159cd5a0edda3ce9c1b,891547b532f120de6026299269c7b7f02b9f8e5ec5427c34f46a0d7342b1e3cb,0.38230479194317013
2,scaled-mse,1,0.005,0.9,114,r2_scaled-mse_sigma1_lr0.005,24,ok,,1.0358788897079205,6.727356206707013,0.40219075138516347,0.11864627165862322,c8a7a565f4c34afcedf377bd8a33aee023bbafec99430b278d5183f906311b3e,52ceac77e1e0c99a5de90b23d52d3e2f15eb08da92d5b6842d3e92834a138f22,9fc9306ab4737b5804dc59a07264243c6abc622ca16efa0cd4d6bddf38b05e36,ff1f566e112f87b9cad44cd46ba1c612e01b8c5fd8b5b0ea9eff1d1194af513a,0.3786948330234736
2,scaled-mse,1,0.005,0.9,115,r2_scaled-mse_sigma1_lr0.005,24,ok,,0.9226473539780708,6.46831223941779,0.3360296581755896,0.10047286779450129,21e3187a25ce542a7fda12331f6df5573b7aa9cfb19c4d6a1242f48e9ab77257,c3a0cabd7487508470d585545f7b6a856897b0410105302f1b4d5c12944c190d,fae9b80b4b9bbecd172da441f7a298732dc4ec9c5fd56650a16ee48bf4f2164a,1ae9d839d1869c0f22993ebadfd19eb0715ce3d007fd9f2802df18e4040708bc,0.3898853750433773
2,scaled-mse,1,0.005,0.9,116,r2_scaled-mse_sigma1_lr0.005,24,ok,,0.8767168477972984,6.59055684480285,0.3673988156030221,0.11205663875892174,b240340bda42b13e461b839e854e8931eb9b197c11fad589d1f07877b5a6c105,0d285e8573294ff0f8d626c9d7c79b1ffa6d14fb3071ba7be902aa48627a1c7e,67eaeaae05cc33550f061649f99bb92951375c55491458d36e2f1c224114a8b1,7c75eb5fca0d72e6adcecef89e7dc937297e38de8cb0f313c0efdbaa84f869b4,0.38593645801302046
2,scaled-mse,1,0.005,0.9,117,r2_scaled-mse_sigma1_lr0.005,24,ok,,0.9350179184490155,6.579238669704333,0.32184952389987365,0.0952674590743626,2ff937c83d36f7b3a5406c91e8755c50ce932575e34db68925452587b0ab77d6,32821079a74fe63f445d951a557ad18447fced01821fc77b6b8d137d2fe48881,6d2e8203ab09f7481803ba6cac1d0fef11989f0d29cc5ddaeca62054fed6f238,fc79fab2451060b5dec563ede4c16d8978c0910ac1ba9cb8dd0770b2eee8df71,0.3954063330311328
2,scaled-mse,1,0.005,0.9,118,r2_scaled-mse_sigma1_lr0.005,24,ok,,0.8609634309027085,6.593632581468014,0.3779330077434871,0.1084667732223808,f9372f8f74b3a18b86f9a9dd960278381003e836073cde71119d3b892dde9434,ffdd2708cda2855a18fd4a81398631fadb59f1610b8dd3d36eefe8f678572c16,3672d037714419789c221c8c7564a09d4bd2e60bbf08a0fa3cd13f9a40a45c57,f6a266db7e43e2d4c3efaac77387b131e8972c9689b7bb3f39cff6baaa1f2d33,0.4005760409636423
2,scaled-mse,1,0.005,0.9,119,r2_scaled-mse_sigma1_lr0.005,24,ok,,0.8106449511425975,6.419420742398985,0.4038726070849578,0.11914241909006255,9cc5a5818d004f0f1492c246ba3ab8685b2df3f7dfd15cdf113ebebec42d8dee,01bf4e2b10f88360652600d185a9d719f05502f25f089d70da96eafa7fe4dfe3,a56289775eec0ce432a321db146cf9b88569ccab3daaa3aefaeb57ea0050cb73,4279994d459dd9550c597307a9eb02dbadf88a836b3acac9f0155f99e4616a79,0.3919238749658689
2,scaled-mse,1,0.005,0.9,120,r2_scaled-mse_sigma1_lr0.005,24,ok,,0.8766674031434258,6.537181044177852,0.4580505305904351,0.1346668559935879,69e5aaf107b63f46b6b057dfe99d3189e4f485b9649136f1718f398f646e43c6,dff4b17a330f664ec4d31f507c7603e7842ac94d65226c760d6e78cfa953aeb7,be8ede604a893ee87034e6fb596cea91ea3be8f191d448807bebae1ef6fbfe79,704fb4a4b4996b289a3de2730522a65fcbd6b3478c0d5c2c86b82d7d62ce3a31,0.3815248749451712
2,scaled-mse,1,0.01,0.9,111,r2_scaled-mse_sigma1_lr0.01,24,ok,,0.5699151094613945,6.326802947637742,0.4084962182412199,0.11805540707171255,6f4599f803588363f7f3f06a30082972087391773f80fd6d7eb3eadc6484859e,ff013eda1d426d67006a334f6583897c614d689f5823b14c442be63e78bb3962,46ec6552ea8abd2c67a85ebf993bb74a1984e0f557904f8a35ae4eb6d2b596da,d3f89794b81548de4e59b0ec306b27c71b5ffb286fb0630c9f0073f46eb4c9f7,0.36273045802954584
2,scaled-mse,1,0.01,0.9,112,r2_scaled-mse_sigma1_lr0.01,24,ok,,0.8087259059674793,6.458041116690042,0.34407629419307667,0.10115843049276453,23158049f8a287709543a55b89f8943218b08cba397a67e034633640e70c99f6,3dd0b47c3c1ce23069083c16d0c2272714da54db5025db5646fd1228b010a5e8,b0126d22db14df8032614d0be237f7ba7f8faae015df79310d48a47a7e019709,878cf7d55afb9a39657ebc38bdf121170189f21d2dfaa163389d30f925ef68ec,0.3398423750186339
2,scaled-mse,1,0.01,0.9,113,r2_scaled-mse_sigma1_lr0.01,24,ok,,0.6892973093253132,6.2203272858213925,0.3714992624604171,0.11293577578796679,1130bcd06d370ab57f1bc3a67409c755b267648b80a0f46e840060bb010d3ab8,db95c591d5ad7a1f08531cf0e04985b931fc730f28e8ed47b8c7c5d8ecd8db0c,494a09d0cb32c8fd575150abd91ad12074451b075c550159cd5a0edda3ce9c1b,891547b532f120de6026299269c7b7f02b9f8e5ec5427c34f46a0d7342b1e3cb,0.3405463749077171
2,scaled-mse,1,0.01,0.9,114,r2_scaled-mse_sigma1_lr0.01,24,ok,,0.683813532852962,6.371330306302543,0.38619368921934066,0.1139271383197055,c8a7a565f4c34afcedf377bd8a33aee023bbafec99430b278d5183f906311b3e,52ceac77e1e0c99a5de90b23d52d3e2f15eb08da92d5b6842d3e92834a138f22,9fc9306ab4737b5804dc59a07264243c6abc622ca16efa0cd4d6bddf38b05e36,ff1f566e112f87b9cad44cd46ba1c612e01b8c5fd8b5b0ea9eff1d1194af513a,0.35572666698135436
2,scaled-mse,1,0.01,0.9,115,r2_scaled-mse_sigma1_lr0.01,24,ok,,0.6719128546730531,6.2482416697388965,0.3582481900470214,0.1071162088240594,21e3187a25ce542a7fda12331f6df5573b7aa9cfb19c4d6a1242f48e9ab77257,c3a0cabd7487508470d585545f7b6a856897b0410105302f1b4d5c12944c190d,fae9b80b4b9bbecd172da441f7a298732dc4ec9c5fd56650a16ee48bf4f2164a,1ae9d839d1869c0f22993ebadfd19eb0715ce3d007fd9f2802df18e4040708bc,0.38180879200808704
2,scaled-mse,1,0.01,0.9,116,r2_scaled-mse_sigma1_lr0.01,24,ok,,0.6977572676063559,6.422607567953024,0.36911665468192645,0.11258057967798757,b240340bda42b13e461b839e854e8931eb9b197c11fad589d1f07877b5a6c105,0d285e8573294ff0f8d626c9d7c79b1ffa6d14fb3071ba7be902aa48627a1c7e,67eaeaae05cc33550f061649f99bb92951375c55491458d36e2f1c224114a8b1,7c75eb5fca0d72e6adcecef89e7dc937297e38de8cb0f313c0efdbaa84f869b4,0.3769580000080168
2,scaled-mse,1,0.01,0.9,117,r2_scaled-mse_sigma1_lr0.01,24,ok,,0.7810665525419653,6.427247603554099,0.3424678291135042,0.10137047741759725,2ff937c83d36f7b3a5406c91e8755c50ce932575e34db68925452587b0ab77d6,32821079a74fe63f445d951a557ad18447fced01821fc77b6b8d137d2fe48881,6d2e8203ab09f7481803ba6cac1d0fef11989f0d29cc5ddaeca62054fed6f238,fc79fab2451060b5dec563ede4c16d8978c0910ac1ba9cb8dd0770b2eee8df71,0.36300408304668963
2,scaled-mse,1,0.01,0.9,118,r2_scaled-mse_sigma1_lr0.01,24,ok,,0.5460415277350117,6.299860729875442,0.41429069926209244,0.11890143068822052,f9372f8f74b3a18b86f9a9dd960278381003e836073cde71119d3b892dde9434,ffdd2708cda2855a18fd4a81398631fadb59f1610b8dd3d36eefe8f678572c16,3672d037714419789c221c8c7564a09d4bd2e60bbf08a0fa3cd13f9a40a45c57,f6a266db7e43e2d4c3efaac77387b131e8972c9689b7bb3f39cff6baaa1f2d33,0.3362682079896331
2,scaled-mse,1,0.01,0.9,119,r2_scaled-mse_sigma1_lr0.01,24,ok,,0.4699819554908298,6.103181431710973,0.4107631357697372,0.12117512505207248,9cc5a5818d004f0f1492c246ba3ab8685b2df3f7dfd15cdf113ebebec42d8dee,01bf4e2b10f88360652600d185a9d719f05502f25f089d70da96eafa7fe4dfe3,a56289775eec0ce432a321db146cf9b88569ccab3daaa3aefaeb57ea0050cb73,4279994d459dd9550c597307a9eb02dbadf88a836b3acac9f0155f99e4616a79,0.33172920893412083
2,scaled-mse,1,0.01,0.9,120,r2_scaled-mse_sigma1_lr0.01,24,ok,,0.7648078178583464,6.436651975962528,0.40564835500960067,0.11926061637282259,69e5aaf107b63f46b6b057dfe99d3189e4f485b9649136f1718f398f646e43c6,dff4b17a330f664ec4d31f507c7603e7842ac94d65226c760d6e78cfa953aeb7,be8ede604a893ee87034e6fb596cea91ea3be8f191d448807bebae1ef6fbfe79,704fb4a4b4996b289a3de2730522a65fcbd6b3478c0d5c2c86b82d7d62ce3a31,0.323224916937761
2,scaled-mse,1,0.02,0.9,111,r2_scaled-mse_sigma1_lr0.02,24,ok,,0.5465307477159234,6.314636515727383,0.40619729483127764,0.11739101820623923,6f4599f803588363f7f3f06a30082972087391773f80fd6d7eb3eadc6484859e,ff013eda1d426d67006a334f6583897c614d689f5823b14c442be63e78bb3962,46ec6552ea8abd2c67a85ebf993bb74a1984e0f557904f8a35ae4eb6d2b596da,d3f89794b81548de4e59b0ec306b27c71b5ffb286fb0630c9f0073f46eb4c9f7,0.3182247501099482
2,scaled-mse,1,0.02,0.9,112,r2_scaled-mse_sigma1_lr0.02,24,ok,,0.644304644285701,6.306525993138635,0.35305200074619764,0.10379728821938211,23158049f8a287709543a55b89f8943218b08cba397a67e034633640e70c99f6,3dd0b47c3c1ce23069083c16d0c2272714da54db5025db5646fd1228b010a5e8,b0126d22db14df8032614d0be237f7ba7f8faae015df79310d48a47a7e019709,878cf7d55afb9a39657ebc38bdf121170189f21d2dfaa163389d30f925ef68ec,0.3109936249675229
2,scaled-mse,1,0.02,0.9,113,r2_scaled-mse_sigma1_lr0.02,24,ok,,0.5254527064200369,6.082355553514377,0.38598945649422345,0.11734079477424393,1130bcd06d370ab57f1bc3a67409c755b267648b80a0f46e840060bb010d3ab8,db95c591d5ad7a1f08531cf0e04985b931fc730f28e8ed47b8c7c5d8ecd8db0c,494a09d0cb32c8fd575150abd91ad12074451b075c550159cd5a0edda3ce9c1b,891547b532f120de6026299269c7b7f02b9f8e5ec5427c34f46a0d7342b1e3cb,0.4799199589760974
2,scaled-mse,1,0.02,0.9,114,r2_scaled-mse_sigma1_lr0.02,24,ok,,0.56578498166752,6.268737078571341,0.3972119449439213,0.11717752375845679,c8a7a565f4c34afcedf377bd8a33aee023bbafec99430b278d5183f906311b3e,52ceac77e1e0c99a5de90b23d52d3e2f15eb08da92d5b6842d3e92834a138f22,9fc9306ab4737b5804dc59a07264243c6abc622ca16efa0cd4d6bddf38b05e36,ff1f566e112f87b9cad44cd46ba1c612e01b8c5fd8b5b0ea9eff1d1194af513a,0.5813490420114249
2,scaled-mse,1,0.02,0.9,115,r2_scaled-mse_sigma1_lr0.02,24,ok,,0.6286760186235203,6.1789333910698385,0.37332368569820096,0.1116237820237621,21e3187a25ce542a7fda12331f6df5573b7aa9cfb19c4d6a1242f48e9ab77257,c3a0cabd7487508470d585545f7b6a856897b0410105302f1b4d5c12944c190d,fae9b80b4b9bbecd172da441f7a298732dc4ec9c5fd56650a16ee48bf4f2164a,1ae9d839d1869c0f22993ebadfd19eb0715ce3d007fd9f2802df18e4040708bc,0.6107370420359075
2,scaled-mse,1,0.02,0.9,116,r2_scaled-mse_sigma1_lr0.02,24,ok,,0.4726453457997667,6.177162539798207,0.38693046278551774,0.11801379114958291,b240340bda42b13e461b839e854e8931eb9b197c11fad589d1f07877b5a6c105,0d285e8573294ff0f8d626c9d7c79b1ffa6d14fb3071ba7be902aa48627a1c7e,67eaeaae05cc33550f061649f99bb92951375c55491458d36e2f1c224114a8b1,7c75eb5fca0d72e6adcecef89e7dc937297e38de8cb0f313c0efdbaa84f869b4,0.46766679105348885
2,scaled-mse,1,0.02,0.9,117,r2_scaled-mse_sigma1_lr0.02,24,ok,,0.7632683414480605,6.4424095128400305,0.34851300417674,0.10315984923631505,2ff937c83d36f7b3a5406c91e8755c50ce932575e34db68925452587b0ab77d6,32821079a74fe63f445d951a557ad18447fced01821fc77b6b8d137d2fe48881,6d2e8203ab09f7481803ba6cac1d0fef11989f0d29cc5ddaeca62054fed6f238,fc79fab2451060b5dec563ede4c16d8978c0910ac1ba9cb8dd0770b2eee8df71,0.39331945800222456
2,scaled-mse,1,0.02,0.9,118,r2_scaled-mse_sigma1_lr0.02,24,ok,,0.4379947973260646,6.169229745187106,0.41396265908025587,0.11880728315603344,f9372f8f74b3a18b86f9a9dd960278381003e836073cde71119d3b892dde9434,ffdd2708cda2855a18fd4a81398631fadb59f1610b8dd3d36eefe8f678572c16,3672d037714419789c221c8c7564a09d4bd2e60bbf08a0fa3cd13f9a40a45c57,f6a266db7e43e2d4c3efaac77387b131e8972c9689b7bb3f39cff6baaa1f2d33,0.3691648340318352
2,scaled-mse,1,0.02,0.9,119,r2_scaled-mse_sigma1_lr0.02,24,ok,,0.4732087697901575,6.106889491267259,0.3960341963484111,0.11683008792278128,9cc5a5818d004f0f1492c246ba3ab8685b2df3f7dfd15cdf113ebebec42d8dee,01bf4e2b10f88360652600d185a9d719f05502f25f089d70da96eafa7fe4dfe3,a56289775eec0ce432a321db146cf9b88569ccab3daaa3aefaeb57ea0050cb73,4279994d459dd9550c597307a9eb02dbadf88a836b3acac9f0155f99e4616a79,0.3533272499917075
2,scaled-mse,1,0.02,0.9,120,r2_scaled-mse_sigma1_lr0.02,24,ok,,0.529296076899164,6.223030715791047,0.4233227441750721,0.12445688678747119,69e5aaf107b63f46b6b057dfe99d3189e4f485b9649136f1718f398f646e43c6,dff4b17a330f664ec4d31f507c7603e7842ac94d65226c760d6e78cfa953aeb7,be8ede604a893ee87034e6fb596cea91ea3be8f191d448807bebae1ef6fbfe79,704fb4a4b4996b289a3de2730522a65fcbd6b3478c0d5c2c86b82d7d62ce3a31,0.4404882499948144
2,scaled-mse,1,0.05,0.9,111,r2_scaled-mse_sigma1_lr0.05,24,ok,,0.42870204379688703,6.183955491582784,0.41657725020637726,0.12039082530964304,6f4599f803588363f7f3f06a30082972087391773f80fd6d7eb3eadc6484859e,ff013eda1d426d67006a334f6583897c614d689f5823b14c442be63e78bb3962,46ec6552ea8abd2c67a85ebf993bb74a1984e0f557904f8a35ae4eb6d2b596da,d3f89794b81548de4e59b0ec306b27c71b5ffb286fb0630c9f0073f46eb4c9f7,0.4491832919884473
2,scaled-mse,1,0.05,0.9,112,r2_scaled-mse_sigma1_lr0.05,24,ok,,0.4996630950861638,6.148359211150364,0.3705054817048357,0.10892861162122171,23158049f8a287709543a55b89f8943218b08cba397a67e034633640e70c99f6,3dd0b47c3c1ce23069083c16d0c2272714da54db5025db5646fd1228b010a5e8,b0126d22db14df8032614d0be237f7ba7f8faae015df79310d48a47a7e019709,878cf7d55afb9a39657ebc38bdf121170189f21d2dfaa163389d30f925ef68ec,0.5064521670574322
2,scaled-mse,1,0.05,0.9,113,r2_scaled-mse_sigma1_lr0.05,24,ok,,0.41037392769422043,6.000994911527954,0.4071918916492546,0.1237863350613734,1130bcd06d370ab57f1bc3a67409c755b267648b80a0f46e840060bb010d3ab8,db95c591d5ad7a1f08531cf0e04985b931fc730f28e8ed47b8c7c5d8ecd8db0c,494a09d0cb32c8fd575150abd91ad12074451b075c550159cd5a0edda3ce9c1b,891547b532f120de6026299269c7b7f02b9f8e5ec5427c34f46a0d7342b1e3cb,0.4712101249024272
2,scaled-mse,1,0.05,0.9,114,r2_scaled-mse_sigma1_lr0.05,24,ok,,0.4892964608319395,6.187303006021992,0.404428181168405,0.11930631344467947,c8a7a565f4c34afcedf377bd8a33aee023bbafec99430b278d5183f906311b3e,52ceac77e1e0c99a5de90b23d52d3e2f15eb08da92d5b6842d3e92834a138f22,9fc9306ab4737b5804dc59a07264243c6abc622ca16efa0cd4d6bddf38b05e36,ff1f566e112f87b9cad44cd46ba1c612e01b8c5fd8b5b0ea9eff1d1194af513a,0.48786583298351616
2,scaled-mse,1,0.05,0.9,115,r2_scaled-mse_sigma1_lr0.05,24,ok,,0.5465084979665894,6.0900586089207485,0.3905913468374081,0.11678681270438503,21e3187a25ce542a7fda12331f6df5573b7aa9cfb19c4d6a1242f48e9ab77257,c3a0cabd7487508470d585545f7b6a856897b0410105302f1b4d5c12944c190d,fae9b80b4b9bbecd172da441f7a298732dc4ec9c5fd56650a16ee48bf4f2164a,1ae9d839d1869c0f22993ebadfd19eb0715ce3d007fd9f2802df18e4040708bc,0.6055920000653714
2,scaled-mse,1,0.05,0.9,116,r2_scaled-mse_sigma1_lr0.05,24,ok,,0.4489831069967172,6.147534324269275,0.38679132417271445,0.1179713538726779,b240340bda42b13e461b839e854e8931eb9b197c11fad589d1f07877b5a6c105,0d285e8573294ff0f8d626c9d7c79b1ffa6d14fb3071ba7be902aa48627a1c7e,67eaeaae05cc33550f061649f99bb92951375c55491458d36e2f1c224114a8b1,7c75eb5fca0d72e6adcecef89e7dc937297e38de8cb0f313c0efdbaa84f869b4,0.6656863749958575
2,scaled-mse,1,0.05,0.9,117,r2_scaled-mse_sigma1_lr0.05,24,ok,,0.6012223573516601,6.27225145012467,0.36141782134900197,0.10697967511930459,2ff937c83d36f7b3a5406c91e8755c50ce932575e34db68925452587b0ab77d6,32821079a74fe63f445d951a557ad18447fced01821fc77b6b8d137d2fe48881,6d2e8203ab09f7481803ba6cac1d0fef11989f0d29cc5ddaeca62054fed6f238,fc79fab2451060b5dec563ede4c16d8978c0910ac1ba9cb8dd0770b2eee8df71,0.6630346660967916
2,scaled-mse,1,0.05,0.9,118,r2_scaled-mse_sigma1_lr0.05,24,ok,,0.43358132760065216,6.161344893200057,0.4113824778052484,0.11806677113010629,f9372f8f74b3a18b86f9a9dd960278381003e836073cde71119d3b892dde9434,ffdd2708cda2855a18fd4a81398631fadb59f1610b8dd3d36eefe8f678572c16,3672d037714419789c221c8c7564a09d4bd2e60bbf08a0fa3cd13f9a40a45c57,f6a266db7e43e2d4c3efaac77387b131e8972c9689b7bb3f39cff6baaa1f2d33,0.5964207079960033
2,scaled-mse,1,0.05,0.9,119,r2_scaled-mse_sigma1_lr0.05,24,ok,,0.49365494490853423,6.128376253428306,0.39307588967945695,0.1159573874554398,9cc5a5818d004f0f1492c246ba3ab8685b2df3f7dfd15cdf113ebebec42d8dee,01bf4e2b10f88360652600d185a9d719f05502f25f089d70da96eafa7fe4dfe3,a56289775eec0ce432a321db146cf9b88569ccab3daaa3aefaeb57ea0050cb73,4279994d459dd9550c597307a9eb02dbadf88a836b3acac9f0155f99e4616a79,0.484126582974568
2,scaled-mse,1,0.05,0.9,120,r2_scaled-mse_sigma1_lr0.05,24,ok,,0.4079993916259848,6.1020633872371,0.439458076489039,0.12920067448777747,69e5aaf107b63f46b6b057dfe99d3189e4f485b9649136f1718f398f646e43c6,dff4b17a330f664ec4d31f507c7603e7842ac94d65226c760d6e78cfa953aeb7,be8ede604a893ee87034e6fb596cea91ea3be8f191d448807bebae1ef6fbfe79,704fb4a4b4996b289a3de2730522a65fcbd6b3478c0d5c2c86b82d7d62ce3a31,0.4705132080707699
2,scaled-mse,1,0.1,0.9,111,r2_scaled-mse_sigma1_lr0.1,24,ok,,0.45389656728998773,6.210263754422635,0.4124888000775105,0.11920926322240054,6f4599f803588363f7f3f06a30082972087391773f80fd6d7eb3eadc6484859e,ff013eda1d426d67006a334f6583897c614d689f5823b14c442be63e78bb3962,46ec6552ea8abd2c67a85ebf993bb74a1984e0f557904f8a35ae4eb6d2b596da,d3f89794b81548de4e59b0ec306b27c71b5ffb286fb0630c9f0073f46eb4c9f7,0.3873499589972198
2,scaled-mse,1,0.1,0.9,112,r2_scaled-mse_sigma1_lr0.1,24,ok,,0.41586989084922066,6.056549318282391,0.40005319381500826,0.11761563898161244,23158049f8a287709543a55b89f8943218b08cba397a67e034633640e70c99f6,3dd0b47c3c1ce23069083c16d0c2272714da54db5025db5646fd1228b010a5e8,b0126d22db14df8032614d0be237f7ba7f8faae015df79310d48a47a7e019709,878cf7d55afb9a39657ebc38bdf121170189f21d2dfaa163389d30f925ef68ec,0.36837583291344345
2,scaled-mse,1,0.1,0.9,113,r2_scaled-mse_sigma1_lr0.1,24,ok,,0.42969167512738937,5.9819965356180465,0.400280233065647,0.12168519085195667,1130bcd06d370ab57f1bc3a67409c755b267648b80a0f46e840060bb010d3ab8,db95c591d5ad7a1f08531cf0e04985b931fc730f28e8ed47b8c7c5d8ecd8db0c,494a09d0cb32c8fd575150abd91ad12074451b075c550159cd5a0edda3ce9c1b,891547b532f120de6026299269c7b7f02b9f8e5ec5427c34f46a0d7342b1e3cb,0.36583320796489716
2,scaled-mse,1,0.1,0.9,114,r2_scaled-mse_sigma1_lr0.1,24,ok,,0.36874730637683495,6.076802724586568,0.4165885351225951,0.12289361786116555,c8a7a565f4c34afcedf377bd8a33aee023bbafec99430b278d5183f906311b3e,52ceac77e1e0c99a5de90b23d52d3e2f15eb08da92d5b6842d3e92834a138f22,9fc9306ab4737b5804dc59a07264243c6abc622ca16efa0cd4d6bddf38b05e36,ff1f566e112f87b9cad44cd46ba1c612e01b8c5fd8b5b0ea9eff1d1194af513a,0.35150670795701444
2,scaled-mse,1,0.1,0.9,115,r2_scaled-mse_sigma1_lr0.1,24,ok,,0.5228752164876047,6.077800244527227,0.3973086808722562,0.1187952955808046,21e3187a25ce542a7fda12331f6df5573b7aa9cfb19c4d6a1242f48e9ab77257,c3a0cabd7487508470d585545f7b6a856897b0410105302f1b4d5c12944c190d,fae9b80b4b9bbecd172da441f7a298732dc4ec9c5fd56650a16ee48bf4f2164a,1ae9d839d1869c0f22993ebadfd19eb0715ce3d007fd9f2802df18e4040708bc,0.36248108407016844
2,scaled-mse,1,0.1,0.9,116,r2_scaled-mse_sigma1_lr0.1,24,ok,,0.34739667026278814,6.057079603985996,0.39528660586863595,0.12056241478993397,b240340bda42b13e461b839e854e8931eb9b197c11fad589d1f07877b5a6c105,0d285e8573294ff0f8d626c9d7c79b1ffa6d14fb3071ba7be902aa48627a1c7e,67eaeaae05cc33550f061649f99bb92951375c55491458d36e2f1c224114a8b1,7c75eb5fca0d72e6adcecef89e7dc937297e38de8cb0f313c0efdbaa84f869b4,0.3605972919613123
2,scaled-mse,1,0.1,0.9,117,r2_scaled-mse_sigma1_lr0.1,24,ok,,0.5433527071877859,6.2278399842818155,0.37603685004415527,0.11130690761306995,2ff937c83d36f7b3a5406c91e8755c50ce932575e34db68925452587b0ab77d6,32821079a74fe63f445d951a557ad18447fced01821fc77b6b8d137d2fe48881,6d2e8203ab09f7481803ba6cac1d0fef11989f0d29cc5ddaeca62054fed6f238,fc79fab2451060b5dec563ede4c16d8978c0910ac1ba9cb8dd0770b2eee8df71,0.36093374993652105
2,scaled-mse,1,0.1,0.9,118,r2_scaled-mse_sigma1_lr0.1,24,ok,,0.43385504014619825,6.161595260921491,0.4113488116790105,0.11805710895187602,f9372f8f74b3a18b86f9a9dd960278381003e836073cde71119d3b892dde9434,ffdd2708cda2855a18fd4a81398631fadb59f1610b8dd3d36eefe8f678572c16,3672d037714419789c221c8c7564a09d4bd2e60bbf08a0fa3cd13f9a40a45c57,f6a266db7e43e2d4c3efaac77387b131e8972c9689b7bb3f39cff6baaa1f2d33,0.35994137509260327
2,scaled-mse,1,0.1,0.9,119,r2_scaled-mse_sigma1_lr0.1,24,ok,,0.48079987922555223,6.11774754186742,0.39782977610328074,0.11735978395046781,9cc5a5818d004f0f1492c246ba3ab8685b2df3f7dfd15cdf113ebebec42d8dee,01bf4e2b10f88360652600d185a9d719f05502f25f089d70da96eafa7fe4dfe3,a56289775eec0ce432a321db146cf9b88569ccab3daaa3aefaeb57ea0050cb73,4279994d459dd9550c597307a9eb02dbadf88a836b3acac9f0155f99e4616a79,0.3485652089584619
2,scaled-mse,1,0.1,0.9,120,r2_scaled-mse_sigma1_lr0.1,24,ok,,0.3845761506687748,6.082412688047366,0.4397190599973786,0.1292774036392293,69e5aaf107b63f46b6b057dfe99d3189e4f485b9649136f1718f398f646e43c6,dff4b17a330f664ec4d31f507c7603e7842ac94d65226c760d6e78cfa953aeb7,be8ede604a893ee87034e6fb596cea91ea3be8f191d448807bebae1ef6fbfe79,704fb4a4b4996b289a3de2730522a65fcbd6b3478c0d5c2c86b82d7d62ce3a31,0.3397969580255449
2,scaled-mse,1,0.2,0.9,111,r2_scaled-mse_sigma1_lr0.2,24,ok,,0.45784080550675166,6.214773367548363,0.4120043092057061,0.11906924536044906,6f4599f803588363f7f3f06a30082972087391773f80fd6d7eb3eadc6484859e,ff013eda1d426d67006a334f6583897c614d689f5823b14c442be63e78bb3962,46ec6552ea8abd2c67a85ebf993bb74a1984e0f557904f8a35ae4eb6d2b596da,d3f89794b81548de4e59b0ec306b27c71b5ffb286fb0630c9f0073f46eb4c9f7,0.32931491604540497
2,scaled-mse,1,0.2,0.9,112,r2_scaled-mse_sigma1_lr0.2,24,ok,,0.36254687602324176,6.013087996546962,0.4106680064923641,0.12073639390875504,23158049f8a287709543a55b89f8943218b08cba397a67e034633640e70c99f6,3dd0b47c3c1ce23069083c16d0c2272714da54db5025db5646fd1228b010a5e8,b0126d22db14df8032614d0be237f7ba7f8faae015df79310d48a47a7e019709,878cf7d55afb9a39657ebc38bdf121170189f21d2dfaa163389d30f925ef68ec,0.32603987504262477
2,scaled-mse,1,0.2,0.9,113,r2_scaled-mse_sigma1_lr0.2,24,ok,,0.32429854554025855,5.903562616614983,0.4177956636728912,0.12700988175655892,1130bcd06d370ab57f1bc3a67409c755b267648b80a0f46e840060bb010d3ab8,db95c591d5ad7a1f08531cf0e04985b931fc730f28e8ed47b8c7c5d8ecd8db0c,494a09d0cb32c8fd575150abd91ad12074451b075c550159cd5a0edda3ce9c1b,891547b532f120de6026299269c7b7f02b9f8e5ec5427c34f46a0d7342b1e3cb,0.32743270799983293
2,scaled-mse,1,0.2,0.9,114,r2_scaled-mse_sigma1_lr0.2,24,ok,,0.36195235253786795,6.070330573339136,0.42200415225964427,0.12449122491659506,c8a7a565f4c34afcedf377bd8a33aee023bbafec99430b278d5183f906311b3e,52ceac77e1e0c99a5de90b23d52d3e2f15eb08da92d5b6842d3e92834a138f22,9fc9306ab4737b5804dc59a07264243c6abc622ca16efa0cd4d6bddf38b05e36,ff1f566e112f87b9cad44cd46ba1c612e01b8c5fd8b5b0ea9eff1d1194af513a,0.3381957079982385
2,scaled-mse,1,0.2,0.9,115,r2_scaled-mse_sigma1_lr0.2,24,ok,,0.5232181221660122,6.078030865229455,0.3972816903941042,0.11878722542783715,21e3187a25ce542a7fda12331f6df5573b7aa9cfb19c4d6a1242f48e9ab77257,c3a0cabd7487508470d585545f7b6a856897b0410105302f1b4d5c12944c190d,fae9b80b4b9bbecd172da441f7a298732dc4ec9c5fd56650a16ee48bf4f2164a,1ae9d839d1869c0f22993ebadfd19eb0715ce3d007fd9f2802df18e4040708bc,0.3410345419542864
2,scaled-mse,1,0.2,0.9,116,r2_scaled-mse_sigma1_lr0.2,24,ok,,0.3354805721612817,6.04612726165196,0.3991137108679621,0.12172968181472844,b240340bda42b13e461b839e854e8931eb9b197c11fad589d1f07877b5a6c105,0d285e8573294ff0f8d626c9d7c79b1ffa6d14fb3071ba7be902aa48627a1c7e,67eaeaae05cc33550f061649f99bb92951375c55491458d36e2f1c224114a8b1,7c75eb5fca0d72e6adcecef89e7dc937297e38de8cb0f313c0efdbaa84f869b4,0.33187158301007
2,scaled-mse,1,0.2,0.9,117,r2_scaled-mse_sigma1_lr0.2,24,ok,,0.5433394047471928,6.227824304280741,0.3760373043152609,0.11130704207731722,2ff937c83d36f7b3a5406c91e8755c50ce932575e34db68925452587b0ab77d6,32821079a74fe63f445d951a557ad18447fced01821fc77b6b8d137d2fe48881,6d2e8203ab09f7481803ba6cac1d0fef11989f0d29cc5ddaeca62054fed6f238,fc79fab2451060b5dec563ede4c16d8978c0910ac1ba9cb8dd0770b2eee8df71,0.3321050419472158
2,scaled-mse,1,0.2,0.9,118,r2_scaled-mse_sigma1_lr0.2,24,ok,,0.4584818880434325,6.199053967597949,0.39977082398939195,0.11473422648495549,f9372f8f74b3a18b86f9a9dd960278381003e836073cde71119d3b892dde9434,ffdd2708cda2855a18fd4a81398631fadb59f1610b8dd3d36eefe8f678572c16,3672d037714419789c221c8c7564a09d4bd2e60bbf08a0fa3cd13f9a40a45c57,f6a266db7e43e2d4c3efaac77387b131e8972c9689b7bb3f39cff6baaa1f2d33,0.3356464169919491
2,scaled-mse,1,0.2,0.9,119,r2_scaled-mse_sigma1_lr0.2,24,ok,,0.48099911950078494,6.117368453096633,0.3978326348597512,0.1173606272836266,9cc5a5818d004f0f1492c246ba3ab8685b2df3f7dfd15cdf113ebebec42d8dee,01bf4e2b10f88360652600d185a9d719f05502f25f089d70da96eafa7fe4dfe3,a56289775eec0ce432a321db146cf9b88569ccab3daaa3aefaeb57ea0050cb73,4279994d459dd9550c597307a9eb02dbadf88a836b3acac9f0155f99e4616a79,0.3342077910201624
2,scaled-mse,1,0.2,0.9,120,r2_scaled-mse_sigma1_lr0.2,24,ok,,0.38023184535594756,6.085594239628748,0.43686516270809905,0.12843835783618113,69e5aaf107b63f46b6b057dfe99d3189e4f485b9649136f1718f398f646e43c6,dff4b17a330f664ec4d31f507c7603e7842ac94d65226c760d6e78cfa953aeb7,be8ede604a893ee87034e6fb596cea91ea3be8f191d448807bebae1ef6fbfe79,704fb4a4b4996b289a3de2730522a65fcbd6b3478c0d5c2c86b82d7d62ce3a31,0.34204179199878126
3,mse,1,0.005,0.9,111,r3_mse_sigma1_lr0.005,36,ok,,0.9409241452934742,6.693475659974445,0.3767259170548054,0.10887379002883875,6f4599f803588363f7f3f06a30082972087391773f80fd6d7eb3eadc6484859e,ff013eda1d426d67006a334f6583897c614d689f5823b14c442be63e78bb3962,46ec6552ea8abd2c67a85ebf993bb74a1984e0f557904f8a35ae4eb6d2b596da,28b0ebbf9be5e833a1d38468d7218b52b6eca83c2a9f1c6221ed279bc5fe306d,0.3578679170459509
3,mse,1,0.005,0.9,112,r3_mse_sigma1_lr0.005,36,ok,,1.16688130200941,6.796966302787722,0.34277510067769434,0.10077587959924213,23158049f8a287709543a55b89f8943218b08cba397a67e034633640e70c99f6,3dd0b47c3c1ce23069083c16d0c2272714da54db5025db5646fd1228b010a5e8,b0126d22db14df8032614d0be237f7ba7f8faae015df79310d48a47a7e019709,ef7c966740418fd6a40b794df00c0c243906c71043c6b0f768b5a1adf85a9eef,0.49865337496157736
3,mse,1,0.005,0.9,113,r3_mse_sigma1_lr0.005,36,ok,,0.9488006662739039,6.52709856607768,0.39405133671964804,0.119791606362773,1130bcd06d370ab57f1bc3a67409c755b267648b80a0f46e840060bb010d3ab8,db95c591d5ad7a1f08531cf0e04985b931fc730f28e8ed47b8c7c5d8ecd8db0c,494a09d0cb32c8fd575150abd91ad12074451b075c550159cd5a0edda3ce9c1b,c68fb172bb60d66f359aa28c9948d748b520f4271b111e5de41911067a4f354b,0.5180231669219211
3,mse,1,0.005,0.9,114,r3_mse_sigma1_lr0.005,36,ok,,1.4600266881353208,7.148013327068354,0.37303787039580105,0.1100461717667613,c8a7a565f4c34afcedf377bd8a33aee023bbafec99430b278d5183f906311b3e,52ceac77e1e0c99a5de90b23d52d3e2f15eb08da92d5b6842d3e92834a138f22,9fc9306ab4737b5804dc59a07264243c6abc622ca16efa0cd4d6bddf38b05e36,c33ca7855f00a693f1f0af550d168ba9c880c362927ac4b9858046f2d8b7a17c,0.5110237499466166
3,mse,1,0.005,0.9,115,r3_mse_sigma1_lr0.005,36,ok,,0.8720596909081113,6.441998653727796,0.3463510650515053,0.1035589684504001,21e3187a25ce542a7fda12331f6df5573b7aa9cfb19c4d6a1242f48e9ab77257,c3a0cabd7487508470d585545f7b6a856897b0410105302f1b4d5c12944c190d,fae9b80b4b9bbecd172da441f7a298732dc4ec9c5fd56650a16ee48bf4f2164a,2979b01fffc02f60db951ba7c3ab40b94b411246fd1d648f7c1e046da8b55f29,0.42519774998072535
3,mse,1,0.005,0.9,116,r3_mse_sigma1_lr0.005,36,ok,,0.9162010424995415,6.594713471263882,0.3635696875073973,0.11088875468975619,b240340bda42b13e461b839e854e8931eb9b197c11fad589d1f07877b5a6c105,0d285e8573294ff0f8d626c9d7c79b1ffa6d14fb3071ba7be902aa48627a1c7e,67eaeaae05cc33550f061649f99bb92951375c55491458d36e2f1c224114a8b1,8944d8f9094422671c06b3f2af086555200354f4f465fe9295a66b6f28ee7466,0.38733808300457895
3,mse,1,0.005,0.9,117,r3_mse_sigma1_lr0.005,36,ok,,1.168707415402216,6.817520597969603,0.39494799439608086,0.11690460634123992,2ff937c83d36f7b3a5406c91e8755c50ce932575e34db68925452587b0ab77d6,32821079a74fe63f445d951a557ad18447fced01821fc77b6b8d137d2fe48881,6d2e8203ab09f7481803ba6cac1d0fef11989f0d29cc5ddaeca62054fed6f238,4ce67a52451597cfc11fd97edf40aa34eb1b5c997198bd1076c33fe083bdd43e,0.36089345801156014
3,mse,1,0.005,0.9,118,r3_mse_sigma1_lr0.005,36,ok,,1.4213823374139558,7.130694542223811,0.4168187022311603,0.11962696754034301,f9372f8f74b3a18b86f9a9dd960278381003e836073cde71119d3b892dde9434,ffdd2708cda2855a18fd4a81398631fadb59f1610b8dd3d36eefe8f678572c16,3672d037714419789c221c8c7564a09d4bd2e60bbf08a0fa3cd13f9a40a45c57,7bd60133923f8534362210d3aca0aff74ce000224bd76127dd7b0bce56ccb362,0.36022849997971207
3,mse,1,0.005,0.9,119,r3_mse_sigma1_lr0.005,36,ok,,0.720110882607687,6.323301779918935,0.3991720184700706,0.11775574544867083,9cc5a5818d004f0f1492c246ba3ab8685b2df3f7dfd15cdf113ebebec42d8dee,01bf4e2b10f88360652600d185a9d719f05502f25f089d70da96eafa7fe4dfe3,a56289775eec0ce432a321db146cf9b88569ccab3daaa3aefaeb57ea0050cb73,64ada1b3e94d843469b9e745b7a15decfea54282d3d3fdc06c17e9cdcea8dc5b,0.35238354199100286
3,mse,1,0.005,0.9,120,r3_mse_sigma1_lr0.005,36,ok,,0.6431511274907284,6.350245573010246,0.39681726688875646,0.11666427646529441,69e5aaf107b63f46b6b057dfe99d3189e4f485b9649136f1718f398f646e43c6,dff4b17a330f664ec4d31f507c7603e7842ac94d65226c760d6e78cfa953aeb7,be8ede604a893ee87034e6fb596cea91ea3be8f191d448807bebae1ef6fbfe79,d8e50e695e49ac02b6f76daee1d39919959a4aa8a84f49c7d93d5a5dc3caa2ff,0.3495227500097826
3,mse,1,0.01,0.9,111,r3_mse_sigma1_lr0.01,36,ok,,0.5780029002215329,6.315583876786867,0.4209408921520444,0.12165191783194083,6f4599f803588363f7f3f06a30082972087391773f80fd6d7eb3eadc6484859e,ff013eda1d426d67006a334f6583897c614d689f5823b14c442be63e78bb3962,46ec6552ea8abd2c67a85ebf993bb74a1984e0f557904f8a35ae4eb6d2b596da,28b0ebbf9be5e833a1d38468d7218b52b6eca83c2a9f1c6221ed279bc5fe306d,0.3516382910311222
3,mse,1,0.01,0.9,112,r3_mse_sigma1_lr0.01,36,ok,,0.4407133829644016,6.0783692248347325,0.4199925123546145,0.12347779863225666,23158049f8a287709543a55b89f8943218b08cba397a67e034633640e70c99f6,3dd0b47c3c1ce23069083c16d0c2272714da54db5025db5646fd1228b010a5e8,b0126d22db14df8032614d0be237f7ba7f8faae015df79310d48a47a7e019709,ef7c966740418fd6a40b794df00c0c243906c71043c6b0f768b5a1adf85a9eef,0.3555193750653416
3,mse,1,0.01,0.9,113,r3_mse_sigma1_lr0.01,36,ok,,0.6101426342062439,6.195455387598591,0.39632182985475145,0.12048183627584444,1130bcd06d370ab57f1bc3a67409c755b267648b80a0f46e840060bb010d3ab8,db95c591d5ad7a1f08531cf0e04985b931fc730f28e8ed47b8c7c5d8ecd8db0c,494a09d0cb32c8fd575150abd91ad12074451b075c550159cd5a0edda3ce9c1b,c68fb172bb60d66f359aa28c9948d748b520f4271b111e5de41911067a4f354b,0.36068187502678484
3,mse,1,0.01,0.9,114,r3_mse_sigma1_lr0.01,36,ok,,0.6222918342951522,6.287102632098733,0.4219099263886919,0.1244634282846641,c8a7a565f4c34afcedf377bd8a33aee023bbafec99430b278d5183f906311b3e,52ceac77e1e0c99a5de90b23d52d3e2f15eb08da92d5b6842d3e92834a138f22,9fc9306ab4737b5804dc59a07264243c6abc622ca16efa0cd4d6bddf38b05e36,c33ca7855f00a693f1f0af550d168ba9c880c362927ac4b9858046f2d8b7a17c,0.36163075000513345
3,mse,1,0.01,0.9,115,r3_mse_sigma1_lr0.01,36,ok,,0.7262758489502903,6.27366258406756,0.3650496620808143,0.10914984896216348,21e3187a25ce542a7fda12331f6df5573b7aa9cfb19c4d6a1242f48e9ab77257,c3a0cabd7487508470d585545f7b6a856897b0410105302f1b4d5c12944c190d,fae9b80b4b9bbecd172da441f7a298732dc4ec9c5fd56650a16ee48bf4f2164a,2979b01fffc02f60db951ba7c3ab40b94b411246fd1d648f7c1e046da8b55f29,0.36470675002783537
3,mse,1,0.01,0.9,116,r3_mse_sigma1_lr0.01,36,ok,,0.6120893762078546,6.27490205715906,0.36985433505911636,0.11280557219303049,b240340bda42b13e461b839e854e8931eb9b197c11fad589d1f07877b5a6c105,0d285e8573294ff0f8d626c9d7c79b1ffa6d14fb3071ba7be902aa48627a1c7e,67eaeaae05cc33550f061649f99bb92951375c55491458d36e2f1c224114a8b1,8944d8f9094422671c06b3f2af086555200354f4f465fe9295a66b6f28ee7466,0.3711090829456225
3,mse,1,0.01,0.9,117,r3_mse_sigma1_lr0.01,36,ok,,0.817090806772128,6.4526585374859495,0.3491875552674701,0.10335951635917115,2ff937c83d36f7b3a5406c91e8755c50ce932575e34db68925452587b0ab77d6,32821079a74fe63f445d951a557ad18447fced01821fc77b6b8d137d2fe48881,6d2e8203ab09f7481803ba6cac1d0fef11989f0d29cc5ddaeca62054fed6f238,4ce67a52451597cfc11fd97edf40aa34eb1b5c997198bd1076c33fe083bdd43e,0.42107283300720155
3,mse,1,0.01,0.9,118,r3_mse_sigma1_lr0.01,36,ok,,1.2193321175513123,6.974410026242074,0.38325971091376787,0.10999553703225137,f9372f8f74b3a18b86f9a9dd960278381003e836073cde71119d3b892dde9434,ffdd2708cda2855a18fd4a81398631fadb59f1610b8dd3d36eefe8f678572c16,3672d037714419789c221c8c7564a09d4bd2e60bbf08a0fa3cd13f9a40a45c57,7bd60133923f8534362210d3aca0aff74ce000224bd76127dd7b0bce56ccb362,0.4543538340367377
3,mse,1,0.01,0.9,119,r3_mse_sigma1_lr0.01,36,ok,,0.5596772588288921,6.175865394536024,0.42142302869006826,0.12431979346357014,9cc5a5818d004f0f1492c246ba3ab8685b2df3f7dfd15cdf113ebebec42d8dee,01bf4e2b10f88360652600d185a9d719f05502f25f089d70da96eafa7fe4dfe3,a56289775eec0ce432a321db146cf9b88569ccab3daaa3aefaeb57ea0050cb73,64ada1b3e94d843469b9e745b7a15decfea54282d3d3fdc06c17e9cdcea8dc5b,0.4500871669733897
3,mse,1,0.01,0.9,120,r3_mse_sigma1_lr0.01,36,ok,,0.5100131837129238,6.240361306567398,0.4037626565908664,0.11870622103771472,69e5aaf107b63f46b6b057dfe99d3189e4f485b9649136f1718f398f646e43c6,dff4b17a330f664ec4d31f507c7603e7842ac94d65226c760d6e78cfa953aeb7,be8ede604a893ee87034e6fb596cea91ea3be8f191d448807bebae1ef6fbfe79,d8e50e695e49ac02b6f76daee1d39919959a4aa8a84f49c7d93d5a5dc3caa2ff,0.39486041700001806
3,mse,1,0.02,0.9,111,r3_mse_sigma1_lr0.02,36,ok,,0.5203072931110445,6.265712090025971,0.4148826132949811,0.11990107524224955,6f4599f803588363f7f3f06a30082972087391773f80fd6d7eb3eadc6484859e,ff013eda1d426d67006a334f6583897c614d689f5823b14c442be63e78bb3962,46ec6552ea8abd2c67a85ebf993bb74a1984e0f557904f8a35ae4eb6d2b596da,28b0ebbf9be5e833a1d38468d7218b52b6eca83c2a9f1c6221ed279bc5fe306d,0.3705779999727383
3,mse,1,0.02,0.9,112,r3_mse_sigma1_lr0.02,36,ok,,0.4406434101778339,6.0730425361494795,0.4256267022179442,0.1251342504520756,23158049f8a287709543a55b89f8943218b08cba397a67e034633640e70c99f6,3dd0b47c3c1ce23069083c16d0c2272714da54db5025db5646fd1228b010a5e8,b0126d22db14df8032614d0be237f7ba7f8faae015df79310d48a47a7e019709,ef7c966740418fd6a40b794df00c0c243906c71043c6b0f768b5a1adf85a9eef,0.37796237505972385
3,mse,1,0.02,0.9,113,r3_mse_sigma1_lr0.02,36,ok,,0.39638078289433465,5.972092093780079,0.40724123961828396,0.12380133684395832,1130bcd06d370ab57f1bc3a67409c755b267648b80a0f46e840060bb010d3ab8,db95c591d5ad7a1f08531cf0e04985b931fc730f28e8ed47b8c7c5d8ecd8db0c,494a09d0cb32c8fd575150abd91ad12074451b075c550159cd5a0edda3ce9c1b,c68fb172bb60d66f359aa28c9948d748b520f4271b111e5de41911067a4f354b,0.39997600007336587
3,mse,1,0.02,0.9,114,r3_mse_sigma1_lr0.02,36,ok,,0.4091467982612511,6.153767065395072,0.44378106388572125,0.13091541384628777,c8a7a565f4c34afcedf377bd8a33aee023bbafec99430b278d5183f906311b3e,52ceac77e1e0c99a5de90b23d52d3e2f15eb08da92d5b6842d3e92834a138f22,9fc9306ab4737b5804dc59a07264243c6abc622ca16efa0cd4d6bddf38b05e36,c33ca7855f00a693f1f0af550d168ba9c880c362927ac4b9858046f2d8b7a17c,0.39942879194859415
3,mse,1,0.02,0.9,115,r3_mse_sigma1_lr0.02,36,ok,,0.5295569033264322,6.063777775521829,0.3799955077844822,0.11361865682756019,21e3187a25ce542a7fda12331f6df5573b7aa9cfb19c4d6a1242f48e9ab77257,c3a0cabd7487508470d585545f7b6a856897b0410105302f1b4d5c12944c190d,fae9b80b4b9bbecd172da441f7a298732dc4ec9c5fd56650a16ee48bf4f2164a,2979b01fffc02f60db951ba7c3ab40b94b411246fd1d648f7c1e046da8b55f29,0.3823857500683516
3,mse,1,0.02,0.9,116,r3_mse_sigma1_lr0.02,36,ok,,0.622172411029217,6.307889205221403,0.3591946934820982,0.10955438151203996,b240340bda42b13e461b839e854e8931eb9b197c11fad589d1f07877b5a6c105,0d285e8573294ff0f8d626c9d7c79b1ffa6d14fb3071ba7be902aa48627a1c7e,67eaeaae05cc33550f061649f99bb92951375c55491458d36e2f1c224114a8b1,8944d8f9094422671c06b3f2af086555200354f4f465fe9295a66b6f28ee7466,0.364191583939828
3,mse,1,0.02,0.9,117,r3_mse_sigma1_lr0.02,36,ok,,0.4580963662805486,6.121337680042197,0.38974215464599715,0.11536367777521515,2ff937c83d36f7b3a5406c91e8755c50ce932575e34db68925452587b0ab77d6,32821079a74fe63f445d951a557ad18447fced01821fc77b6b8d137d2fe48881,6d2e8203ab09f7481803ba6cac1d0fef11989f0d29cc5ddaeca62054fed6f238,4ce67a52451597cfc11fd97edf40aa34eb1b5c997198bd1076c33fe083bdd43e,0.35790770791936666
3,mse,1,0.02,0.9,118,r3_mse_sigma1_lr0.02,36,ok,,0.3401395150907528,6.060397147227865,0.4153768110570486,0.11921314477337294,f9372f8f74b3a18b86f9a9dd960278381003e836073cde71119d3b892dde9434,ffdd2708cda2855a18fd4a81398631fadb59f1610b8dd3d36eefe8f678572c16,3672d037714419789c221c8c7564a09d4bd2e60bbf08a0fa3cd13f9a40a45c57,7bd60133923f8534362210d3aca0aff74ce000224bd76127dd7b0bce56ccb362,0.3495857090456411
3,mse,1,0.02,0.9,119,r3_mse_sigma1_lr0.02,36,ok,,0.5025932495365968,6.120477877588948,0.4118875913589124,0.12150683945087916,9cc5a5818d004f0f1492c246ba3ab8685b2df3f7dfd15cdf113ebebec42d8dee,01bf4e2b10f88360652600d185a9d719f05502f25f089d70da96eafa7fe4dfe3,a56289775eec0ce432a321db146cf9b88569ccab3daaa3aefaeb57ea0050cb73,64ada1b3e94d843469b9e745b7a15decfea54282d3d3fdc06c17e9cdcea8dc5b,0.35047141707036644
3,mse,1,0.02,0.9,120,r3_mse_sigma1_lr0.02,36,ok,,0.4413812967104036,6.164679573270311,0.41626460295221906,0.1223817932679524,69e5aaf107b63f46b6b057dfe99d3189e4f485b9649136f1718f398f646e43c6,dff4b17a330f664ec4d31f507c7603e7842ac94d65226c760d6e78cfa953aeb7,be8ede604a893ee87034e6fb596cea91ea3be8f191d448807bebae1ef6fbfe79,d8e50e695e49ac02b6f76daee1d39919959a4aa8a84f49c7d93d5a5dc3caa2ff,0.34698962490074337
3,mse,1,0.05,0.9,111,r3_mse_sigma1_lr0.05,36,ok,,0.34489834436967415,6.077091115646011,0.45453424879535265,0.1313603979018569,6f4599f803588363f7f3f06a30082972087391773f80fd6d7eb3eadc6484859e,ff013eda1d426d67006a334f6583897c614d689f5823b14c442be63e78bb3962,46ec6552ea8abd2c67a85ebf993bb74a1984e0f557904f8a35ae4eb6d2b596da,28b0ebbf9be5e833a1d38468d7218b52b6eca83c2a9f1c6221ed279bc5fe306d,0.34902491699904203
3,mse,1,0.05,0.9,112,r3_mse_sigma1_lr0.05,36,ok,,0.3586670281482931,5.9734902319486665,0.42239629263919587,0.12418451003592358,23158049f8a287709543a55b89f8943218b08cba397a67e034633640e70c99f6,3dd0b47c3c1ce23069083c16d0c2272714da54db5025db5646fd1228b010a5e8,b0126d22db14df8032614d0be237f7ba7f8faae015df79310d48a47a7e019709,ef7c966740418fd6a40b794df00c0c243906c71043c6b0f768b5a1adf85a9eef,0.42348116694483906
3,mse,1,0.05,0.9,113,r3_mse_sigma1_lr0.05,36,ok,,0.39706407106138586,5.9639278819522445,0.40961870019694596,0.12452408485987157,1130bcd06d370ab57f1bc3a67409c755b267648b80a0f46e840060bb010d3ab8,db95c591d5ad7a1f08531cf0e04985b931fc730f28e8ed47b8c7c5d8ecd8db0c,494a09d0cb32c8fd575150abd91ad12074451b075c550159cd5a0edda3ce9c1b,c68fb172bb60d66f359aa28c9948d748b520f4271b111e5de41911067a4f354b,0.5895918330643326
3,mse,1,0.05,0.9,114,r3_mse_sigma1_lr0.05,36,ok,,0.39092320842237405,6.079402574854796,0.42677549771494677,0.1258987718259093,c8a7a565f4c34afcedf377bd8a33aee023bbafec99430b278d5183f906311b3e,52ceac77e1e0c99a5de90b23d52d3e2f15eb08da92d5b6842d3e92834a138f22,9fc9306ab4737b5804dc59a07264243c6abc622ca16efa0cd4d6bddf38b05e36,c33ca7855f00a693f1f0af550d168ba9c880c362927ac4b9858046f2d8b7a17c,0.6549656669376418
3,mse,1,0.05,0.9,115,r3_mse_sigma1_lr0.05,36,ok,,0.4215116184113457,5.968972913666997,0.3963708710762212,0.11851489045179013,21e3187a25ce542a7fda12331f6df5573b7aa9cfb19c4d6a1242f48e9ab77257,c3a0cabd7487508470d585545f7b6a856897b0410105302f1b4d5c12944c190d,fae9b80b4b9bbecd172da441f7a298732dc4ec9c5fd56650a16ee48bf4f2164a,2979b01fffc02f60db951ba7c3ab40b94b411246fd1d648f7c1e046da8b55f29,0.6432266660267487
3,mse,1,0.05,0.9,116,r3_mse_sigma1_lr0.05,36,ok,,0.5191278160938911,6.231748574330757,0.3696360557652548,0.11273899700840272,b240340bda42b13e461b839e854e8931eb9b197c11fad589d1f07877b5a6c105,0d285e8573294ff0f8d626c9d7c79b1ffa6d14fb3071ba7be902aa48627a1c7e,67eaeaae05cc33550f061649f99bb92951375c55491458d36e2f1c224114a8b1,8944d8f9094422671c06b3f2af086555200354f4f465fe9295a66b6f28ee7466,0.5658854999346659
3,mse,1,0.05,0.9,117,r3_mse_sigma1_lr0.05,36,ok,,0.4543808516945082,6.056126134261525,0.3941900779949514,0.11668026308650561,2ff937c83d36f7b3a5406c91e8755c50ce932575e34db68925452587b0ab77d6,32821079a74fe63f445d951a557ad18447fced01821fc77b6b8d137d2fe48881,6d2e8203ab09f7481803ba6cac1d0fef11989f0d29cc5ddaeca62054fed6f238,4ce67a52451597cfc11fd97edf40aa34eb1b5c997198bd1076c33fe083bdd43e,0.5653799170395359
3,mse,1,0.05,0.9,118,r3_mse_sigma1_lr0.05,36,ok,,0.29800115133171573,6.009825810978746,0.4215776516863351,0.12099278603397817,f9372f8f74b3a18b86f9a9dd960278381003e836073cde71119d3b892dde9434,ffdd2708cda2855a18fd4a81398631fadb59f1610b8dd3d36eefe8f678572c16,3672d037714419789c221c8c7564a09d4bd2e60bbf08a0fa3cd13f9a40a45c57,7bd60133923f8534362210d3aca0aff74ce000224bd76127dd7b0bce56ccb362,0.6328536249930039
3,mse,1,0.05,0.9,119,r3_mse_sigma1_lr0.05,36,ok,,0.5275827567780617,6.1345174210988045,0.40148825744800676,0.118439035947162,9cc5a5818d004f0f1492c246ba3ab8685b2df3f7dfd15cdf113ebebec42d8dee,01bf4e2b10f88360652600d185a9d719f05502f25f089d70da96eafa7fe4dfe3,a56289775eec0ce432a321db146cf9b88569ccab3daaa3aefaeb57ea0050cb73,64ada1b3e94d843469b9e745b7a15decfea54282d3d3fdc06c17e9cdcea8dc5b,0.6369969999650493
3,mse,1,0.05,0.9,120,r3_mse_sigma1_lr0.05,36,ok,,0.37873884357612897,6.0847885886112545,0.42372292565400393,0.12457454014227716,69e5aaf107b63f46b6b057dfe99d3189e4f485b9649136f1718f398f646e43c6,dff4b17a330f664ec4d31f507c7603e7842ac94d65226c760d6e78cfa953aeb7,be8ede604a893ee87034e6fb596cea91ea3be8f191d448807bebae1ef6fbfe79,d8e50e695e49ac02b6f76daee1d39919959a4aa8a84f49c7d93d5a5dc3caa2ff,0.5690790420630947
3,mse,1,0.1,0.9,111,r3_mse_sigma1_lr0.1,36,ok,,0.29544490396853673,6.0341593147291395,0.4652951909943933,0.13447031019737965,6f4599f803588363f7f3f06a30082972087391773f80fd6d7eb3eadc6484859e,ff013eda1d426d67006a334f6583897c614d689f5823b14c442be63e78bb3962,46ec6552ea8abd2c67a85ebf993bb74a1984e0f557904f8a35ae4eb6d2b596da,28b0ebbf9be5e833a1d38468d7218b52b6eca83c2a9f1c6221ed279bc5fe306d,0.4688760000281036
3,mse,1,0.1,0.9,112,r3_mse_sigma1_lr0.1,36,ok,,0.34590500692270126,5.9812602619139446,0.41702090040359546,0.12260414471865706,23158049f8a287709543a55b89f8943218b08cba397a67e034633640e70c99f6,3dd0b47c3c1ce23069083c16d0c2272714da54db5025db5646fd1228b010a5e8,b0126d22db14df8032614d0be237f7ba7f8faae015df79310d48a47a7e019709,ef7c966740418fd6a40b794df00c0c243906c71043c6b0f768b5a1adf85a9eef,0.39694758399855345
3,mse,1,0.1,0.9,113,r3_mse_sigma1_lr0.1,36,ok,,0.3553949633478014,5.938043592311958,0.40531293654100153,0.12321513270846447,1130bcd06d370ab57f1bc3a67409c755b267648b80a0f46e840060bb010d3ab8,db95c591d5ad7a1f08531cf0e04985b931fc730f28e8ed47b8c7c5d8ecd8db0c,494a09d0cb32c8fd575150abd91ad12074451b075c550159cd5a0edda3ce9c1b,c68fb172bb60d66f359aa28c9948d748b520f4271b111e5de41911067a4f354b,0.3879851669771597
3,mse,1,0.1,0.9,114,r3_mse_sigma1_lr0.1,36,ok,,0.3235155911038292,6.030356161412838,0.4431344098945607,0.1307246509188954,c8a7a565f4c34afcedf377bd8a33aee023bbafec99430b278d5183f906311b3e,52ceac77e1e0c99a5de90b23d52d3e2f15eb08da92d5b6842d3e92834a138f22,9fc9306ab4737b5804dc59a07264243c6abc622ca16efa0cd4d6bddf38b05e36,c33ca7855f00a693f1f0af550d168ba9c880c362927ac4b9858046f2d8b7a17c,0.37021087505854666
3,mse,1,0.1,0.9,115,r3_mse_sigma1_lr0.1,36,ok,,0.4813959194552216,6.029586960946149,0.38718450321460945,0.11576816646116823,21e3187a25ce542a7fda12331f6df5573b7aa9cfb19c4d6a1242f48e9ab77257,c3a0cabd7487508470d585545f7b6a856897b0410105302f1b4d5c12944c190d,fae9b80b4b9bbecd172da441f7a298732dc4ec9c5fd56650a16ee48bf4f2164a,2979b01fffc02f60db951ba7c3ab40b94b411246fd1d648f7c1e046da8b55f29,0.3704324590507895
3,mse,1,0.1,0.9,116,r3_mse_sigma1_lr0.1,36,ok,,0.5668192030098913,6.270306176160457,0.3675929632700549,0.11211585379736676,b240340bda42b13e461b839e854e8931eb9b197c11fad589d1f07877b5a6c105,0d285e8573294ff0f8d626c9d7c79b1ffa6d14fb3071ba7be902aa48627a1c7e,67eaeaae05cc33550f061649f99bb92951375c55491458d36e2f1c224114a8b1,8944d8f9094422671c06b3f2af086555200354f4f465fe9295a66b6f28ee7466,0.36802333290688694
3,mse,1,0.1,0.9,117,r3_mse_sigma1_lr0.1,36,ok,,0.5124183910397954,6.1141706902884145,0.39802434351241767,0.11781520567967563,2ff937c83d36f7b3a5406c91e8755c50ce932575e34db68925452587b0ab77d6,32821079a74fe63f445d951a557ad18447fced01821fc77b6b8d137d2fe48881,6d2e8203ab09f7481803ba6cac1d0fef11989f0d29cc5ddaeca62054fed6f238,4ce67a52451597cfc11fd97edf40aa34eb1b5c997198bd1076c33fe083bdd43e,0.3755425410345197
3,mse,1,0.1,0.9,118,r3_mse_sigma1_lr0.1,36,ok,,0.3184781967168683,6.017870495134963,0.41353642207734387,0.11868495313619769,f9372f8f74b3a18b86f9a9dd960278381003e836073cde71119d3b892dde9434,ffdd2708cda2855a18fd4a81398631fadb59f1610b8dd3d36eefe8f678572c16,3672d037714419789c221c8c7564a09d4bd2e60bbf08a0fa3cd13f9a40a45c57,7bd60133923f8534362210d3aca0aff74ce000224bd76127dd7b0bce56ccb362,0.3728221249766648
3,mse,1,0.1,0.9,119,r3_mse_sigma1_lr0.1,36,ok,,0.40067751376288385,6.026929658406867,0.3985410445322675,0.11756960813701892,9cc5a5818d004f0f1492c246ba3ab8685b2df3f7dfd15cdf113ebebec42d8dee,01bf4e2b10f88360652600d185a9d719f05502f25f089d70da96eafa7fe4dfe3,a56289775eec0ce432a321db146cf9b88569ccab3daaa3aefaeb57ea0050cb73,64ada1b3e94d843469b9e745b7a15decfea54282d3d3fdc06c17e9cdcea8dc5b,0.37236120796296746
3,mse,1,0.1,0.9,120,r3_mse_sigma1_lr0.1,36,ok,,0.35940792588446957,6.084711216998718,0.43155528210169214,0.12687725293789748,69e5aaf107b63f46b6b057dfe99d3189e4f485b9649136f1718f398f646e43c6,dff4b17a330f664ec4d31f507c7603e7842ac94d65226c760d6e78cfa953aeb7,be8ede604a893ee87034e6fb596cea91ea3be8f191d448807bebae1ef6fbfe79,d8e50e695e49ac02b6f76daee1d39919959a4aa8a84f49c7d93d5a5dc3caa2ff,0.37136545893736184
3,mse,1,0.2,0.9,111,r3_mse_sigma1_lr0.2,36,ok,,0.29147006215099236,6.058728656441357,0.4422604823248843,0.12781327939189155,6f4599f803588363f7f3f06a30082972087391773f80fd6d7eb3eadc6484859e,ff013eda1d426d67006a334f6583897c614d689f5823b14c442be63e78bb3962,46ec6552ea8abd2c67a85ebf993bb74a1984e0f557904f8a35ae4eb6d2b596da,28b0ebbf9be5e833a1d38468d7218b52b6eca83c2a9f1c6221ed279bc5fe306d,0.3708374589914456
3,mse,1,0.2,0.9,112,r3_mse_sigma1_lr0.2,36,ok,,0.3916132455584945,6.008398677952125,0.40861038735052285,0.12013145388105372,23158049f8a287709543a55b89f8943218b08cba397a67e034633640e70c99f6,3dd0b47c3c1ce23069083c16d0c2272714da54db5025db5646fd1228b010a5e8,b0126d22db14df8032614d0be237f7ba7f8faae015df79310d48a47a7e019709,ef7c966740418fd6a40b794df00c0c243906c71043c6b0f768b5a1adf85a9eef,0.36679787503089756
3,mse,1,0.2,0.9,113,r3_mse_sigma1_lr0.2,36,ok,,0.4010309170811606,5.980682433007582,0.3831716495113686,0.11648418145145607,1130bcd06d370ab57f1bc3a67409c755b267648b80a0f46e840060bb010d3ab8,db95c591d5ad7a1f08531cf0e04985b931fc730f28e8ed47b8c7c5d8ecd8db0c,494a09d0cb32c8fd575150abd91ad12074451b075c550159cd5a0edda3ce9c1b,c68fb172bb60d66f359aa28c9948d748b520f4271b111e5de41911067a4f354b,0.3513808749848977
3,mse,1,0.2,0.9,114,r3_mse_sigma1_lr0.2,36,ok,,0.407438660314982,6.128702131431628,0.43648237245019855,0.12876229987280857,c8a7a565f4c34afcedf377bd8a33aee023bbafec99430b278d5183f906311b3e,52ceac77e1e0c99a5de90b23d52d3e2f15eb08da92d5b6842d3e92834a138f22,9fc9306ab4737b5804dc59a07264243c6abc622ca16efa0cd4d6bddf38b05e36,c33ca7855f00a693f1f0af550d168ba9c880c362927ac4b9858046f2d8b7a17c,0.3527456249576062
3,mse,1,0.2,0.9,115,r3_mse_sigma1_lr0.2,36,ok,,0.4090960556660991,5.979234061456769,0.3883889584567463,0.11612829857856716,21e3187a25ce542a7fda12331f6df5573b7aa9cfb19c4d6a1242f48e9ab77257,c3a0cabd7487508470d585545f7b6a856897b0410105302f1b4d5c12944c190d,fae9b80b4b9bbecd172da441f7a298732dc4ec9c5fd56650a16ee48bf4f2164a,2979b01fffc02f60db951ba7c3ab40b94b411246fd1d648f7c1e046da8b55f29,0.3426407080842182
3,mse,1,0.2,0.9,116,r3_mse_sigma1_lr0.2,36,ok,,0.44565622213560535,6.105572255764173,0.3885902554105095,0.11852002790020541,b240340bda42b13e461b839e854e8931eb9b197c11fad589d1f07877b5a6c105,0d285e8573294ff0f8d626c9d7c79b1ffa6d14fb3071ba7be902aa48627a1c7e,67eaeaae05cc33550f061649f99bb92951375c55491458d36e2f1c224114a8b1,8944d8f9094422671c06b3f2af086555200354f4f465fe9295a66b6f28ee7466,0.34337512496858835
3,mse,1,0.2,0.9,117,r3_mse_sigma1_lr0.2,36,ok,,0.4348042750944215,6.046166910098531,0.39896452411133043,0.11809349913695381,2ff937c83d36f7b3a5406c91e8755c50ce932575e34db68925452587b0ab77d6,32821079a74fe63f445d951a557ad18447fced01821fc77b6b8d137d2fe48881,6d2e8203ab09f7481803ba6cac1d0fef11989f0d29cc5ddaeca62054fed6f238,4ce67a52451597cfc11fd97edf40aa34eb1b5c997198bd1076c33fe083bdd43e,0.3433053749613464
3,mse,1,0.2,0.9,118,r3_mse_sigma1_lr0.2,36,ok,,0.30354699319128925,6.0294144629652555,0.4309867218221983,0.12369318916297092,f9372f8f74b3a18b86f9a9dd960278381003e836073cde71119d3b892dde9434,ffdd2708cda2855a18fd4a81398631fadb59f1610b8dd3d36eefe8f678572c16,3672d037714419789c221c8c7564a09d4bd2e60bbf08a0fa3cd13f9a40a45c57,7bd60133923f8534362210d3aca0aff74ce000224bd76127dd7b0bce56ccb362,0.3450348329497501
3,mse,1,0.2,0.9,119,r3_mse_sigma1_lr0.2,36,ok,,0.2732189764953491,5.8857860410195855,0.4521039216299626,0.13337065688083896,9cc5a5818d004f0f1492c246ba3ab8685b2df3f7dfd15cdf113ebebec42d8dee,01bf4e2b10f88360652600d185a9d719f05502f25f089d70da96eafa7fe4dfe3,a56289775eec0ce432a321db146cf9b88569ccab3daaa3aefaeb57ea0050cb73,64ada1b3e94d843469b9e745b7a15decfea54282d3d3fdc06c17e9cdcea8dc5b,0.3527416659053415
3,mse,1,0.2,0.9,120,r3_mse_sigma1_lr0.2,36,ok,,0.4167806044235358,6.107248296488102,0.4462698652940645,0.13120334039645495,69e5aaf107b63f46b6b057dfe99d3189e4f485b9649136f1718f398f646e43c6,dff4b17a330f664ec4d31f507c7603e7842ac94d65226c760d6e78cfa953aeb7,be8ede604a893ee87034e6fb596cea91ea3be8f191d448807bebae1ef6fbfe79,d8e50e695e49ac02b6f76daee1d39919959a4aa8a84f49c7d93d5a5dc3caa2ff,0.34856887499336153
3,parity,0.75,0.02,0.9,111,r3_parity_sigma0.75_lr0.02,36,ok,,0.42967857126194675,6.2241277767124865,0.4157886993523549,0.12016293411283056,6f4599f803588363f7f3f06a30082972087391773f80fd6d7eb3eadc6484859e,ff013eda1d426d67006a334f6583897c614d689f5823b14c442be63e78bb3962,8fab7eb1dfc2006c517c0e7e9e69f75a99f3dc01832c43b11c9ba40c9bcd6823,28b0ebbf9be5e833a1d38468d7218b52b6eca83c2a9f1c6221ed279bc5fe306d,0.4652809170074761
3,parity,0.75,0.02,0.9,112,r3_parity_sigma0.75_lr0.02,36,ok,,0.38302184918421917,6.02125041973187,0.44030441106894236,0.12944949685426907,23158049f8a287709543a55b89f8943218b08cba397a67e034633640e70c99f6,3dd0b47c3c1ce23069083c16d0c2272714da54db5025db5646fd1228b010a5e8,02f04c05a341d11e3b57c54926b2dbae6a2e489c24a16657054478fda872ca64,ef7c966740418fd6a40b794df00c0c243906c71043c6b0f768b5a1adf85a9eef,0.47679087496362627
3,parity,0.75,0.02,0.9,113,r3_parity_sigma0.75_lr0.02,36,ok,,0.37258855617418396,5.960344400658457,0.41877389843489304,0.12730726512420748,1130bcd06d370ab57f1bc3a67409c755b267648b80a0f46e840060bb010d3ab8,db95c591d5ad7a1f08531cf0e04985b931fc730f28e8ed47b8c7c5d8ecd8db0c,1d1668fc7ae6e962f5f3b23083b5cf8c2778125e6999c83b21749b59535e825c,c68fb172bb60d66f359aa28c9948d748b520f4271b111e5de41911067a4f354b,0.46724162495229393
3,parity,0.75,0.02,0.9,114,r3_parity_sigma0.75_lr0.02,36,ok,,0.371424157027311,6.071426965403514,0.44128177569331045,0.1301781238295266,c8a7a565f4c34afcedf377bd8a33aee023bbafec99430b278d5183f906311b3e,52ceac77e1e0c99a5de90b23d52d3e2f15eb08da92d5b6842d3e92834a138f22,38002117c0ffdb4a9624b0cd256b65181fc12e3321756df0d82b3aabebebd605,c33ca7855f00a693f1f0af550d168ba9c880c362927ac4b9858046f2d8b7a17c,0.44848329201340675
3,parity,0.75,0.02,0.9,115,r3_parity_sigma0.75_lr0.02,36,ok,,0.4564159026845172,6.011900996566961,0.4037571020675408,0.12072337351819469,21e3187a25ce542a7fda12331f6df5573b7aa9cfb19c4d6a1242f48e9ab77257,c3a0cabd7487508470d585545f7b6a856897b0410105302f1b4d5c12944c190d,20e1afcba9533c9a3cd05a6d7e63f13cc97f4d348c142d7f72917f8929ca02eb,2979b01fffc02f60db951ba7c3ab40b94b411246fd1d648f7c1e046da8b55f29,0.44498787506017834
3,parity,0.75,0.02,0.9,116,r3_parity_sigma0.75_lr0.02,36,ok,,0.5763215606375187,6.284379520261878,0.3723460346326032,0.11356554056294396,b240340bda42b13e461b839e854e8931eb9b197c11fad589d1f07877b5a6c105,0d285e8573294ff0f8d626c9d7c79b1ffa6d14fb3071ba7be902aa48627a1c7e,a927dd1c515d66a61fb11e1c948c7e8042e5cfedc1c4b8d5dca9f3be9e46a7b7,8944d8f9094422671c06b3f2af086555200354f4f465fe9295a66b6f28ee7466,0.43130475003272295
3,parity,0.75,0.02,0.9,117,r3_parity_sigma0.75_lr0.02,36,ok,,0.36275407929648196,6.023220144557288,0.4196681251735597,0.12422176505137368,2ff937c83d36f7b3a5406c91e8755c50ce932575e34db68925452587b0ab77d6,32821079a74fe63f445d951a557ad18447fced01821fc77b6b8d137d2fe48881,b828baff1fb9f67c70b6dbea3cba487e81abd07d2e9720c22549cc121a9cf9ad,4ce67a52451597cfc11fd97edf40aa34eb1b5c997198bd1076c33fe083bdd43e,0.41661779198329896
3,parity,0.75,0.02,0.9,118,r3_parity_sigma0.75_lr0.02,36,ok,,0.2781156117082647,5.97889161817608,0.45666700076403294,0.13106342921927744,f9372f8f74b3a18b86f9a9dd960278381003e836073cde71119d3b892dde9434,ffdd2708cda2855a18fd4a81398631fadb59f1610b8dd3d36eefe8f678572c16,605f62e239322f5313d845a2d699f250ce6a7e0825aa8e661c4d9f8dc5f782d9,7bd60133923f8534362210d3aca0aff74ce000224bd76127dd7b0bce56ccb362,0.41076691704802215
3,parity,0.75,0.02,0.9,119,r3_parity_sigma0.75_lr0.02,36,ok,,0.436593254910263,6.041750921752173,0.4425127263673407,0.1305412542783655,9cc5a5818d004f0f1492c246ba3ab8685b2df3f7dfd15cdf113ebebec42d8dee,01bf4e2b10f88360652600d185a9d719f05502f25f089d70da96eafa7fe4dfe3,ca428a2d600b7cd0b47722decaa3f8e1a32769793f46a3ced6ba5f9ab631e1f2,64ada1b3e94d843469b9e745b7a15decfea54282d3d3fdc06c17e9cdcea8dc5b,0.44417220796458423
3,parity,0.75,0.02,0.9,120,r3_parity_sigma0.75_lr0.02,36,ok,,0.36207874746588786,6.06920373533284,0.4582599487966806,0.13472842494622408,69e5aaf107b63f46b6b057dfe99d3189e4f485b9649136f1718f398f646e43c6,dff4b17a330f664ec4d31f507c7603e7842ac94d65226c760d6e78cfa953aeb7,5604d0b01aa38439978ff828fd8b23f34f58aaa29f9fc4cf46c8f2889862d932,d8e50e695e49ac02b6f76daee1d39919959a4aa8a84f49c7d93d5a5dc3caa2ff,0.4567679580068216
3,parity,0.75,0.05,0.9,111,r3_parity_sigma0.75_lr0.05,36,ok,,0.39197798329573685,6.13092403560638,0.43768832645407335,0.1264919263452272,6f4599f803588363f7f3f06a30082972087391773f80fd6d7eb3eadc6484859e,ff013eda1d426d67006a334f6583897c614d689f5823b14c442be63e78bb3962,8fab7eb1dfc2006c517c0e7e9e69f75a99f3dc01832c43b11c9ba40c9bcd6823,28b0ebbf9be5e833a1d38468d7218b52b6eca83c2a9f1c6221ed279bc5fe306d,0.47172241704538465
3,parity,0.75,0.05,0.9,112,r3_parity_sigma0.75_lr0.05,36,ok,,0.3142796690660561,5.959116262401583,0.4480477697371329,0.13172604430271706,23158049f8a287709543a55b89f8943218b08cba397a67e034633640e70c99f6,3dd0b47c3c1ce23069083c16d0c2272714da54db5025db5646fd1228b010a5e8,02f04c05a341d11e3b57c54926b2dbae6a2e489c24a16657054478fda872ca64,ef7c966740418fd6a40b794df00c0c243906c71043c6b0f768b5a1adf85a9eef,0.45431787509005517
3,parity,0.75,0.05,0.9,113,r3_parity_sigma0.75_lr0.05,36,ok,,0.31268791633588594,5.88117338284916,0.4444054757239305,0.13509926462007488,1130bcd06d370ab57f1bc3a67409c755b267648b80a0f46e840060bb010d3ab8,db95c591d5ad7a1f08531cf0e04985b931fc730f28e8ed47b8c7c5d8ecd8db0c,1d1668fc7ae6e962f5f3b23083b5cf8c2778125e6999c83b21749b59535e825c,c68fb172bb60d66f359aa28c9948d748b520f4271b111e5de41911067a4f354b,0.4385725420434028
3,parity,0.75,0.05,0.9,114,r3_parity_sigma0.75_lr0.05,36,ok,,0.3814680774229199,6.076583613622635,0.4294746226969336,0.1266950136955954,c8a7a565f4c34afcedf377bd8a33aee023bbafec99430b278d5183f906311b3e,52ceac77e1e0c99a5de90b23d52d3e2f15eb08da92d5b6842d3e92834a138f22,38002117c0ffdb4a9624b0cd256b65181fc12e3321756df0d82b3aabebebd605,c33ca7855f00a693f1f0af550d168ba9c880c362927ac4b9858046f2d8b7a17c,0.4417566250776872
3,parity,0.75,0.05,0.9,115,r3_parity_sigma0.75_lr0.05,36,ok,,0.45925494304223335,6.009923110031563,0.4134426654302198,0.12361935696363571,21e3187a25ce542a7fda12331f6df5573b7aa9cfb19c4d6a1242f48e9ab77257,c3a0cabd7487508470d585545f7b6a856897b0410105302f1b4d5c12944c190d,20e1afcba9533c9a3cd05a6d7e63f13cc97f4d348c142d7f72917f8929ca02eb,2979b01fffc02f60db951ba7c3ab40b94b411246fd1d648f7c1e046da8b55f29,0.4699168329825625
3,parity,0.75,0.05,0.9,116,r3_parity_sigma0.75_lr0.05,36,ok,,0.4890572651597515,6.177782415476729,0.3840260794571551,0.11712795423443231,b240340bda42b13e461b839e854e8931eb9b197c11fad589d1f07877b5a6c105,0d285e8573294ff0f8d626c9d7c79b1ffa6d14fb3071ba7be902aa48627a1c7e,a927dd1c515d66a61fb11e1c948c7e8042e5cfedc1c4b8d5dca9f3be9e46a7b7,8944d8f9094422671c06b3f2af086555200354f4f465fe9295a66b6f28ee7466,0.4879555000225082
3,parity,0.75,0.05,0.9,117,r3_parity_sigma0.75_lr0.05,36,ok,,0.3854447560995964,5.991007825450667,0.428869702384102,0.12694543190569418,2ff937c83d36f7b3a5406c91e8755c50ce932575e34db68925452587b0ab77d6,32821079a74fe63f445d951a557ad18447fced01821fc77b6b8d137d2fe48881,b828baff1fb9f67c70b6dbea3cba487e81abd07d2e9720c22549cc121a9cf9ad,4ce67a52451597cfc11fd97edf40aa34eb1b5c997198bd1076c33fe083bdd43e,0.49099049996584654
3,parity,0.75,0.05,0.9,118,r3_parity_sigma0.75_lr0.05,36,ok,,0.37100033941141886,6.120463389998608,0.43554176447555254,0.12500048640448358,f9372f8f74b3a18b86f9a9dd960278381003e836073cde71119d3b892dde9434,ffdd2708cda2855a18fd4a81398631fadb59f1610b8dd3d36eefe8f678572c16,605f62e239322f5313d845a2d699f250ce6a7e0825aa8e661c4d9f8dc5f782d9,7bd60133923f8534362210d3aca0aff74ce000224bd76127dd7b0bce56ccb362,0.4729447920108214
3,parity,0.75,0.05,0.9,119,r3_parity_sigma0.75_lr0.05,36,ok,,0.49227412159175665,6.140928992050101,0.42411939332618553,0.12511522103122474,9cc5a5818d004f0f1492c246ba3ab8685b2df3f7dfd15cdf113ebebec42d8dee,01bf4e2b10f88360652600d185a9d719f05502f25f089d70da96eafa7fe4dfe3,ca428a2d600b7cd0b47722decaa3f8e1a32769793f46a3ced6ba5f9ab631e1f2,64ada1b3e94d843469b9e745b7a15decfea54282d3d3fdc06c17e9cdcea8dc5b,0.4918905410449952
3,parity,0.75,0.05,0.9,120,r3_parity_sigma0.75_lr0.05,36,ok,,0.3230090941708139,6.037378019667208,0.4613826838961454,0.13564650906546674,69e5aaf107b63f46b6b057dfe99d3189e4f485b9649136f1718f398f646e43c6,dff4b17a330f664ec4d31f507c7603e7842ac94d65226c760d6e78cfa953aeb7,5604d0b01aa38439978ff828fd8b23f34f58aaa29f9fc4cf46c8f2889862d932,d8e50e695e49ac02b6f76daee1d39919959a4aa8a84f49c7d93d5a5dc3caa2ff,0.6518587089376524
3,parity,0.75,0.1,0.9,111,r3_parity_sigma0.75_lr0.1,36,ok,,0.30737527671910037,6.040522815374372,0.45147443079143484,0.13047611049872468,6f4599f803588363f7f3f06a30082972087391773f80fd6d7eb3eadc6484859e,ff013eda1d426d67006a334f6583897c614d689f5823b14c442be63e78bb3962,8fab7eb1dfc2006c517c0e7e9e69f75a99f3dc01832c43b11c9ba40c9bcd6823,28b0ebbf9be5e833a1d38468d7218b52b6eca83c2a9f1c6221ed279bc5fe306d,0.7365729999728501
3,parity,0.75,0.1,0.9,112,r3_parity_sigma0.75_lr0.1,36,ok,,0.28960821785048013,5.914649339394055,0.4358459580440704,0.1281387116649567,23158049f8a287709543a55b89f8943218b08cba397a67e034633640e70c99f6,3dd0b47c3c1ce23069083c16d0c2272714da54db5025db5646fd1228b010a5e8,02f04c05a341d11e3b57c54926b2dbae6a2e489c24a16657054478fda872ca64,ef7c966740418fd6a40b794df00c0c243906c71043c6b0f768b5a1adf85a9eef,0.7338767909677699
3,parity,0.75,0.1,0.9,113,r3_parity_sigma0.75_lr0.1,36,ok,,0.2959162067044476,5.8868701298801405,0.4365234630227105,0.132703132758904,1130bcd06d370ab57f1bc3a67409c755b267648b80a0f46e840060bb010d3ab8,db95c591d5ad7a1f08531cf0e04985b931fc730f28e8ed47b8c7c5d8ecd8db0c,1d1668fc7ae6e962f5f3b23083b5cf8c2778125e6999c83b21749b59535e825c,c68fb172bb60d66f359aa28c9948d748b520f4271b111e5de41911067a4f354b,0.6117576250107959
3,parity,0.75,0.1,0.9,114,r3_parity_sigma0.75_lr0.1,36,ok,,0.2941752333923108,5.987147095975964,0.44294524754594206,0.1306688480260529,c8a7a565f4c34afcedf377bd8a33aee023bbafec99430b278d5183f906311b3e,52ceac77e1e0c99a5de90b23d52d3e2f15eb08da92d5b6842d3e92834a138f22,38002117c0ffdb4a9624b0cd256b65181fc12e3321756df0d82b3aabebebd605,c33ca7855f00a693f1f0af550d168ba9c880c362927ac4b9858046f2d8b7a17c,0.5795447920681909
3,parity,0.75,0.1,0.9,115,r3_parity_sigma0.75_lr0.1,36,ok,,0.49198140434462256,6.068778039469189,0.4068627987006478,0.12165197681149369,21e3187a25ce542a7fda12331f6df5573b7aa9cfb19c4d6a1242f48e9ab77257,c3a0cabd7487508470d585545f7b6a856897b0410105302f1b4d5c12944c190d,20e1afcba9533c9a3cd05a6d7e63f13cc97f4d348c142d7f72917f8929ca02eb,2979b01fffc02f60db951ba7c3ab40b94b411246fd1d648f7c1e046da8b55f29,0.552595500019379
3,parity,0.75,0.1,0.9,116,r3_parity_sigma0.75_lr0.1,36,ok,,0.39351084961868854,6.093157139616954,0.3940852112544707,0.12019598943261357,b240340bda42b13e461b839e854e8931eb9b197c11fad589d1f07877b5a6c105,0d285e8573294ff0f8d626c9d7c79b1ffa6d14fb3071ba7be902aa48627a1c7e,a927dd1c515d66a61fb11e1c948c7e8042e5cfedc1c4b8d5dca9f3be9e46a7b7,8944d8f9094422671c06b3f2af086555200354f4f465fe9295a66b6f28ee7466,0.5988837499171495
3,parity,0.75,0.1,0.9,117,r3_parity_sigma0.75_lr0.1,36,ok,,0.3463273871687951,5.956494827851785,0.4310819987395853,0.12760027162691726,2ff937c83d36f7b3a5406c91e8755c50ce932575e34db68925452587b0ab77d6,32821079a74fe63f445d951a557ad18447fced01821fc77b6b8d137d2fe48881,b828baff1fb9f67c70b6dbea3cba487e81abd07d2e9720c22549cc121a9cf9ad,4ce67a52451597cfc11fd97edf40aa34eb1b5c997198bd1076c33fe083bdd43e,0.5816108750877902
3,parity,0.75,0.1,0.9,118,r3_parity_sigma0.75_lr0.1,36,ok,,0.289851170118522,6.001964945179833,0.45661872477082616,0.13104957400922712,f9372f8f74b3a18b86f9a9dd960278381003e836073cde71119d3b892dde9434,ffdd2708cda2855a18fd4a81398631fadb59f1610b8dd3d36eefe8f678572c16,605f62e239322f5313d845a2d699f250ce6a7e0825aa8e661c4d9f8dc5f782d9,7bd60133923f8534362210d3aca0aff74ce000224bd76127dd7b0bce56ccb362,0.5826282090274617
3,parity,0.75,0.1,0.9,119,r3_parity_sigma0.75_lr0.1,36,ok,,0.4168922304729425,6.055178580436298,0.4298084808155162,0.12679350184057728,9cc5a5818d004f0f1492c246ba3ab8685b2df3f7dfd15cdf113ebebec42d8dee,01bf4e2b10f88360652600d185a9d719f05502f25f089d70da96eafa7fe4dfe3,ca428a2d600b7cd0b47722decaa3f8e1a32769793f46a3ced6ba5f9ab631e1f2,64ada1b3e94d843469b9e745b7a15decfea54282d3d3fdc06c17e9cdcea8dc5b,0.49984437495004386
3,parity,0.75,0.1,0.9,120,r3_parity_sigma0.75_lr0.1,36,ok,,0.2944217959636727,6.031309213057338,0.47326198927432994,0.139139024846653,69e5aaf107b63f46b6b057dfe99d3189e4f485b9649136f1718f398f646e43c6,dff4b17a330f664ec4d31f507c7603e7842ac94d65226c760d6e78cfa953aeb7,5604d0b01aa38439978ff828fd8b23f34f58aaa29f9fc4cf46c8f2889862d932,d8e50e695e49ac02b6f76daee1d39919959a4aa8a84f49c7d93d5a5dc3caa2ff,0.4666917499853298
3,parity,1.5,0.02,0.9,111,r3_parity_sigma1.5_lr0.02,36,ok,,0.42449185480297114,6.139356960389929,0.4489005687951691,0.12973226438180388,6f4599f803588363f7f3f06a30082972087391773f80fd6d7eb3eadc6484859e,ff013eda1d426d67006a334f6583897c614d689f5823b14c442be63e78bb3962,67b60cddad9992cfa81f180c3480804f7e4e2d5fea8ce037026850ea623a812c,28b0ebbf9be5e833a1d38468d7218b52b6eca83c2a9f1c6221ed279bc5fe306d,0.4179692920297384
3,parity,1.5,0.02,0.9,112,r3_parity_sigma1.5_lr0.02,36,ok,,0.2561345426358588,5.901630257288443,0.46856879846205934,0.13775922674784544,23158049f8a287709543a55b89f8943218b08cba397a67e034633640e70c99f6,3dd0b47c3c1ce23069083c16d0c2272714da54db5025db5646fd1228b010a5e8,08195a2e278dd7d3f73edff8cb0cd59b9e3c01f2ecd4759831f27ea671160f7d,ef7c966740418fd6a40b794df00c0c243906c71043c6b0f768b5a1adf85a9eef,0.4296253750799224
3,parity,1.5,0.02,0.9,113,r3_parity_sigma1.5_lr0.02,36,ok,,0.38399916536227097,5.983000581996205,0.44206091357797905,0.13438651772770563,1130bcd06d370ab57f1bc3a67409c755b267648b80a0f46e840060bb010d3ab8,db95c591d5ad7a1f08531cf0e04985b931fc730f28e8ed47b8c7c5d8ecd8db0c,7f2ebd4ddebba924fb14fcb366e6524e24b6142ac00ae0feea8eda944dc8a4ac,c68fb172bb60d66f359aa28c9948d748b520f4271b111e5de41911067a4f354b,0.44433575007133186
3,parity,1.5,0.02,0.9,114,r3_parity_sigma1.5_lr0.02,36,ok,,0.33160403546054484,6.045486134543365,0.4481240728364147,0.13219660148674234,c8a7a565f4c34afcedf377bd8a33aee023bbafec99430b278d5183f906311b3e,52ceac77e1e0c99a5de90b23d52d3e2f15eb08da92d5b6842d3e92834a138f22,b7c652fbaa646fcdac14bd4d9b7de60408da1e8e29b91c1a191a4f0e046a11be,c33ca7855f00a693f1f0af550d168ba9c880c362927ac4b9858046f2d8b7a17c,0.4388230839977041
3,parity,1.5,0.02,0.9,115,r3_parity_sigma1.5_lr0.02,36,ok,,0.3997046285670529,5.9736426388391495,0.4419450599714493,0.13214157293146334,21e3187a25ce542a7fda12331f6df5573b7aa9cfb19c4d6a1242f48e9ab77257,c3a0cabd7487508470d585545f7b6a856897b0410105302f1b4d5c12944c190d,e32313a9f78ef4a2dffaa9053f9f0da03818599b0388cb974485a6d6b6e5f463,2979b01fffc02f60db951ba7c3ab40b94b411246fd1d648f7c1e046da8b55f29,0.43261754093691707
3,parity,1.5,0.02,0.9,116,r3_parity_sigma1.5_lr0.02,36,ok,,0.4327349847572094,6.117137519018653,0.4007998151812216,0.12224394363027258,b240340bda42b13e461b839e854e8931eb9b197c11fad589d1f07877b5a6c105,0d285e8573294ff0f8d626c9d7c79b1ffa6d14fb3071ba7be902aa48627a1c7e,117a2e8a7c30ff5fbe89055ac777ab987c0462d85cd489bca67880d0c351db18,8944d8f9094422671c06b3f2af086555200354f4f465fe9295a66b6f28ee7466,0.440790000022389
3,parity,1.5,0.02,0.9,117,r3_parity_sigma1.5_lr0.02,36,ok,,0.5548534433015752,6.230385417345257,0.4066053121639261,0.12035517240052213,2ff937c83d36f7b3a5406c91e8755c50ce932575e34db68925452587b0ab77d6,32821079a74fe63f445d951a557ad18447fced01821fc77b6b8d137d2fe48881,c6f804c286be88c37cc667fceb6bd5e2160436b4533aeb70df06dce1e584f66b,4ce67a52451597cfc11fd97edf40aa34eb1b5c997198bd1076c33fe083bdd43e,0.45539545791689306
3,parity,1.5,0.02,0.9,118,r3_parity_sigma1.5_lr0.02,36,ok,,0.4302379639011966,6.160803982117325,0.4302829000057817,0.12349119230165934,f9372f8f74b3a18b86f9a9dd960278381003e836073cde71119d3b892dde9434,ffdd2708cda2855a18fd4a81398631fadb59f1610b8dd3d36eefe8f678572c16,24b0dff50f07ab642e83c5f2cf3e49b0b52d2361d77ab3860f9a3f34d2cb38df,7bd60133923f8534362210d3aca0aff74ce000224bd76127dd7b0bce56ccb362,0.47368591697886586
3,parity,1.5,0.02,0.9,119,r3_parity_sigma1.5_lr0.02,36,ok,,0.5367444790682326,6.142865740357709,0.44015853213374384,0.12984676697945444,9cc5a5818d004f0f1492c246ba3ab8685b2df3f7dfd15cdf113ebebec42d8dee,01bf4e2b10f88360652600d185a9d719f05502f25f089d70da96eafa7fe4dfe3,65ff05a0f1f30b9e24fc1c071aaceb22366a9bbcd62b0f8edde086418c47a3a9,64ada1b3e94d843469b9e745b7a15decfea54282d3d3fdc06c17e9cdcea8dc5b,0.48051650007255375
3,parity,1.5,0.02,0.9,120,r3_parity_sigma1.5_lr0.02,36,ok,,0.43543589170686015,6.142237506520326,0.4614177418712239,0.13565681611013983,69e5aaf107b63f46b6b057dfe99d3189e4f485b9649136f1718f398f646e43c6,dff4b17a330f664ec4d31f507c7603e7842ac94d65226c760d6e78cfa953aeb7,bf0aa42ee9e23f8b99bf07a7ef8a47d9239e7611761290845cc844c92a0956f3,d8e50e695e49ac02b6f76daee1d39919959a4aa8a84f49c7d93d5a5dc3caa2ff,0.4626339169917628
3,parity,1.5,0.05,0.9,111,r3_parity_sigma1.5_lr0.05,36,ok,,0.3755690058362058,6.146332460419604,0.44564011018346494,0.12878999184302137,6f4599f803588363f7f3f06a30082972087391773f80fd6d7eb3eadc6484859e,ff013eda1d426d67006a334f6583897c614d689f5823b14c442be63e78bb3962,67b60cddad9992cfa81f180c3480804f7e4e2d5fea8ce037026850ea623a812c,28b0ebbf9be5e833a1d38468d7218b52b6eca83c2a9f1c6221ed279bc5fe306d,0.46660662500653416
3,parity,1.5,0.05,0.9,112,r3_parity_sigma1.5_lr0.05,36,ok,,0.281736917676379,5.922818650232613,0.464258927523951,0.13649212469204158,23158049f8a287709543a55b89f8943218b08cba397a67e034633640e70c99f6,3dd0b47c3c1ce23069083c16d0c2272714da54db5025db5646fd1228b010a5e8,08195a2e278dd7d3f73edff8cb0cd59b9e3c01f2ecd4759831f27ea671160f7d,ef7c966740418fd6a40b794df00c0c243906c71043c6b0f768b5a1adf85a9eef,0.44942616706248373
3,parity,1.5,0.05,0.9,113,r3_parity_sigma1.5_lr0.05,36,ok,,0.3554305139191513,5.944894322570679,0.46059433796444066,0.14002067874118995,1130bcd06d370ab57f1bc3a67409c755b267648b80a0f46e840060bb010d3ab8,db95c591d5ad7a1f08531cf0e04985b931fc730f28e8ed47b8c7c5d8ecd8db0c,7f2ebd4ddebba924fb14fcb366e6524e24b6142ac00ae0feea8eda944dc8a4ac,c68fb172bb60d66f359aa28c9948d748b520f4271b111e5de41911067a4f354b,0.446314207976684
3,parity,1.5,0.05,0.9,114,r3_parity_sigma1.5_lr0.05,36,ok,,0.2669288820932737,5.964827591311257,0.4649375618716596,0.13715658075213957,c8a7a565f4c34afcedf377bd8a33aee023bbafec99430b278d5183f906311b3e,52ceac77e1e0c99a5de90b23d52d3e2f15eb08da92d5b6842d3e92834a138f22,b7c652fbaa646fcdac14bd4d9b7de60408da1e8e29b91c1a191a4f0e046a11be,c33ca7855f00a693f1f0af550d168ba9c880c362927ac4b9858046f2d8b7a17c,0.44634829100687057
3,parity,1.5,0.05,0.9,115,r3_parity_sigma1.5_lr0.05,36,ok,,0.3983009003501072,5.967093271896188,0.43105541737919933,0.1288855697963806,21e3187a25ce542a7fda12331f6df5573b7aa9cfb19c4d6a1242f48e9ab77257,c3a0cabd7487508470d585545f7b6a856897b0410105302f1b4d5c12944c190d,e32313a9f78ef4a2dffaa9053f9f0da03818599b0388cb974485a6d6b6e5f463,2979b01fffc02f60db951ba7c3ab40b94b411246fd1d648f7c1e046da8b55f29,0.45208937500137836
3,parity,1.5,0.05,0.9,116,r3_parity_sigma1.5_lr0.05,36,ok,,0.3883836398771524,6.0612860947959435,0.4258845937721479,0.1298948011005051,b240340bda42b13e461b839e854e8931eb9b197c11fad589d1f07877b5a6c105,0d285e8573294ff0f8d626c9d7c79b1ffa6d14fb3071ba7be902aa48627a1c7e,117a2e8a7c30ff5fbe89055ac777ab987c0462d85cd489bca67880d0c351db18,8944d8f9094422671c06b3f2af086555200354f4f465fe9295a66b6f28ee7466,0.45614091597963125
3,parity,1.5,0.05,0.9,117,r3_parity_sigma1.5_lr0.05,36,ok,,0.33441244393748115,5.9468169194867,0.4544416758024199,0.1345147360375163,2ff937c83d36f7b3a5406c91e8755c50ce932575e34db68925452587b0ab77d6,32821079a74fe63f445d951a557ad18447fced01821fc77b6b8d137d2fe48881,c6f804c286be88c37cc667fceb6bd5e2160436b4533aeb70df06dce1e584f66b,4ce67a52451597cfc11fd97edf40aa34eb1b5c997198bd1076c33fe083bdd43e,0.4560910420259461
3,parity,1.5,0.05,0.9,118,r3_parity_sigma1.5_lr0.05,36,ok,,0.4548339612556948,6.1872563182917455,0.43060847264347063,0.12358463164867607,f9372f8f74b3a18b86f9a9dd960278381003e836073cde71119d3b892dde9434,ffdd2708cda2855a18fd4a81398631fadb59f1610b8dd3d36eefe8f678572c16,24b0dff50f07ab642e83c5f2cf3e49b0b52d2361d77ab3860f9a3f34d2cb38df,7bd60133923f8534362210d3aca0aff74ce000224bd76127dd7b0bce56ccb362,0.45857841602992266
3,parity,1.5,0.05,0.9,119,r3_parity_sigma1.5_lr0.05,36,ok,,0.41149479059469934,6.015934758273506,0.44524486265334723,0.13134723448273744,9cc5a5818d004f0f1492c246ba3ab8685b2df3f7dfd15cdf113ebebec42d8dee,01bf4e2b10f88360652600d185a9d719f05502f25f089d70da96eafa7fe4dfe3,65ff05a0f1f30b9e24fc1c071aaceb22366a9bbcd62b0f8edde086418c47a3a9,64ada1b3e94d843469b9e745b7a15decfea54282d3d3fdc06c17e9cdcea8dc5b,0.4566755419364199
3,parity,1.5,0.05,0.9,120,r3_parity_sigma1.5_lr0.05,36,ok,,0.38461362372106545,6.08990637727061,0.46076816457445513,0.13546584038488982,69e5aaf107b63f46b6b057dfe99d3189e4f485b9649136f1718f398f646e43c6,dff4b17a330f664ec4d31f507c7603e7842ac94d65226c760d6e78cfa953aeb7,bf0aa42ee9e23f8b99bf07a7ef8a47d9239e7611761290845cc844c92a0956f3,d8e50e695e49ac02b6f76daee1d39919959a4aa8a84f49c7d93d5a5dc3caa2ff,0.4490325410151854
3,parity,1.5,0.1,0.9,111,r3_parity_sigma1.5_lr0.1,36,ok,,0.372058520409794,6.153662553436438,0.44226455069352844,0.12781445515042972,6f4599f803588363f7f3f06a30082972087391773f80fd6d7eb3eadc6484859e,ff013eda1d426d67006a334f6583897c614d689f5823b14c442be63e78bb3962,67b60cddad9992cfa81f180c3480804f7e4e2d5fea8ce037026850ea623a812c,28b0ebbf9be5e833a1d38468d7218b52b6eca83c2a9f1c6221ed279bc5fe306d,0.4427664999384433
3,parity,1.5,0.1,0.9,112,r3_parity_sigma1.5_lr0.1,36,ok,,0.2785837171921246,5.918730435417854,0.46437947491568626,0.13652756562521176,23158049f8a287709543a55b89f8943218b08cba397a67e034633640e70c99f6,3dd0b47c3c1ce23069083c16d0c2272714da54db5025db5646fd1228b010a5e8,08195a2e278dd7d3f73edff8cb0cd59b9e3c01f2ecd4759831f27ea671160f7d,ef7c966740418fd6a40b794df00c0c243906c71043c6b0f768b5a1adf85a9eef,0.4405468750046566
3,parity,1.5,0.1,0.9,113,r3_parity_sigma1.5_lr0.1,36,ok,,0.31267134134479213,5.892715405961354,0.4581534721279392,0.1392786555268935,1130bcd06d370ab57f1bc3a67409c755b267648b80a0f46e840060bb010d3ab8,db95c591d5ad7a1f08531cf0e04985b931fc730f28e8ed47b8c7c5d8ecd8db0c,7f2ebd4ddebba924fb14fcb366e6524e24b6142ac00ae0feea8eda944dc8a4ac,c68fb172bb60d66f359aa28c9948d748b520f4271b111e5de41911067a4f354b,0.44675866595935076
3,parity,1.5,0.1,0.9,114,r3_parity_sigma1.5_lr0.1,36,ok,,0.3115799676082382,6.014397083168251,0.4400109773460005,0.12980323831707014,c8a7a565f4c34afcedf377bd8a33aee023bbafec99430b278d5183f906311b3e,52ceac77e1e0c99a5de90b23d52d3e2f15eb08da92d5b6842d3e92834a138f22,b7c652fbaa646fcdac14bd4d9b7de60408da1e8e29b91c1a191a4f0e046a11be,c33ca7855f00a693f1f0af550d168ba9c880c362927ac4b9858046f2d8b7a17c,0.45091866701841354
3,parity,1.5,0.1,0.9,115,r3_parity_sigma1.5_lr0.1,36,ok,,0.43124366731040964,5.999802005904505,0.4347290647603879,0.12998399036335598,21e3187a25ce542a7fda12331f6df5573b7aa9cfb19c4d6a1242f48e9ab77257,c3a0cabd7487508470d585545f7b6a856897b0410105302f1b4d5c12944c190d,e32313a9f78ef4a2dffaa9053f9f0da03818599b0388cb974485a6d6b6e5f463,2979b01fffc02f60db951ba7c3ab40b94b411246fd1d648f7c1e046da8b55f29,0.44778695795685053
3,parity,1.5,0.1,0.9,116,r3_parity_sigma1.5_lr0.1,36,ok,,0.38128657402921384,6.032165027938285,0.4289998969943153,0.13084496858326616,b240340bda42b13e461b839e854e8931eb9b197c11fad589d1f07877b5a6c105,0d285e8573294ff0f8d626c9d7c79b1ffa6d14fb3071ba7be902aa48627a1c7e,117a2e8a7c30ff5fbe89055ac777ab987c0462d85cd489bca67880d0c351db18,8944d8f9094422671c06b3f2af086555200354f4f465fe9295a66b6f28ee7466,0.43932329199742526
3,parity,1.5,0.1,0.9,117,r3_parity_sigma1.5_lr0.1,36,ok,,0.3693362516897173,5.979545427667159,0.4426500181712763,0.1310244053786978,2ff937c83d36f7b3a5406c91e8755c50ce932575e34db68925452587b0ab77d6,32821079a74fe63f445d951a557ad18447fced01821fc77b6b8d137d2fe48881,c6f804c286be88c37cc667fceb6bd5e2160436b4533aeb70df06dce1e584f66b,4ce67a52451597cfc11fd97edf40aa34eb1b5c997198bd1076c33fe083bdd43e,0.43106770794838667
3,parity,1.5,0.1,0.9,118,r3_parity_sigma1.5_lr0.1,36,ok,,0.3930015429000634,6.120493432227282,0.4453944471870536,0.12782820634268438,f9372f8f74b3a18b86f9a9dd960278381003e836073cde71119d3b892dde9434,ffdd2708cda2855a18fd4a81398631fadb59f1610b8dd3d36eefe8f678572c16,24b0dff50f07ab642e83c5f2cf3e49b0b52d2361d77ab3860f9a3f34d2cb38df,7bd60133923f8534362210d3aca0aff74ce000224bd76127dd7b0bce56ccb362,0.43632341595366597
3,parity,1.5,0.1,0.9,119,r3_parity_sigma1.5_lr0.1,36,ok,,0.355071204744581,5.984786666983005,0.43773495010678143,0.12913181028150053,9cc5a5818d004f0f1492c246ba3ab8685b2df3f7dfd15cdf113ebebec42d8dee,01bf4e2b10f88360652600d185a9d719f05502f25f089d70da96eafa7fe4dfe3,65ff05a0f1f30b9e24fc1c071aaceb22366a9bbcd62b0f8edde086418c47a3a9,64ada1b3e94d843469b9e745b7a15decfea54282d3d3fdc06c17e9cdcea8dc5b,0.45600295800250024
3,parity,1.5,0.1,0.9,120,r3_parity_sigma1.5_lr0.1,36,ok,,0.34354854770349647,6.0628689027092735,0.4699006604585661,0.13815079417481843,69e5aaf107b63f46b6b057dfe99d3189e4f485b9649136f1718f398f646e43c6,dff4b17a330f664ec4d31f507c7603e7842ac94d65226c760d6e78cfa953aeb7,bf0aa42ee9e23f8b99bf07a7ef8a47d9239e7611761290845cc844c92a0956f3,d8e50e695e49ac02b6f76daee1d39919959a4aa8a84f49c7d93d5a5dc3caa2ff,0.4639570420840755
3,parity,1,0.02,0.9,111,r3_parity_sigma1_lr0.02,36,ok,,0.4593040261184854,6.268370323271406,0.42488644890744626,0.12279218373425196,6f4599f803588363f7f3f06a30082972087391773f80fd6d7eb3eadc6484859e,ff013eda1d426d67006a334f6583897c614d689f5823b14c442be63e78bb3962,46ec6552ea8abd2c67a85ebf993bb74a1984e0f557904f8a35ae4eb6d2b596da,28b0ebbf9be5e833a1d38468d7218b52b6eca83c2a9f1c6221ed279bc5fe306d,0.5492691670078784
3,parity,1,0.02,0.9,112,r3_parity_sigma1_lr0.02,36,ok,,0.2707762254124983,5.9057130201410235,0.4515858607979347,0.1327662430745928,23158049f8a287709543a55b89f8943218b08cba397a67e034633640e70c99f6,3dd0b47c3c1ce23069083c16d0c2272714da54db5025db5646fd1228b010a5e8,b0126d22db14df8032614d0be237f7ba7f8faae015df79310d48a47a7e019709,ef7c966740418fd6a40b794df00c0c243906c71043c6b0f768b5a1adf85a9eef,0.6263222499983385
3,parity,1,0.02,0.9,113,r3_parity_sigma1_lr0.02,36,ok,,0.4113981837955322,6.0212726216494605,0.4216004093271889,0.12816652443546542,1130bcd06d370ab57f1bc3a67409c755b267648b80a0f46e840060bb010d3ab8,db95c591d5ad7a1f08531cf0e04985b931fc730f28e8ed47b8c7c5d8ecd8db0c,494a09d0cb32c8fd575150abd91ad12074451b075c550159cd5a0edda3ce9c1b,c68fb172bb60d66f359aa28c9948d748b520f4271b111e5de41911067a4f354b,0.675288708996959
3,parity,1,0.02,0.9,114,r3_parity_sigma1_lr0.02,36,ok,,0.25269331878941614,5.943710152439073,0.45017262977423983,0.13280092578340075,c8a7a565f4c34afcedf377bd8a33aee023bbafec99430b278d5183f906311b3e,52ceac77e1e0c99a5de90b23d52d3e2f15eb08da92d5b6842d3e92834a138f22,9fc9306ab4737b5804dc59a07264243c6abc622ca16efa0cd4d6bddf38b05e36,c33ca7855f00a693f1f0af550d168ba9c880c362927ac4b9858046f2d8b7a17c,0.6011698329821229
3,parity,1,0.02,0.9,115,r3_parity_sigma1_lr0.02,36,ok,,0.4117296256142689,5.960390871561585,0.42657659000693315,0.12754640041207302,21e3187a25ce542a7fda12331f6df5573b7aa9cfb19c4d6a1242f48e9ab77257,c3a0cabd7487508470d585545f7b6a856897b0410105302f1b4d5c12944c190d,fae9b80b4b9bbecd172da441f7a298732dc4ec9c5fd56650a16ee48bf4f2164a,2979b01fffc02f60db951ba7c3ab40b94b411246fd1d648f7c1e046da8b55f29,0.558518624980934
3,parity,1,0.02,0.9,116,r3_parity_sigma1_lr0.02,36,ok,,0.5454701990030528,6.281593529030582,0.3670178346633851,0.11194043957233245,b240340bda42b13e461b839e854e8931eb9b197c11fad589d1f07877b5a6c105,0d285e8573294ff0f8d626c9d7c79b1ffa6d14fb3071ba7be902aa48627a1c7e,67eaeaae05cc33550f061649f99bb92951375c55491458d36e2f1c224114a8b1,8944d8f9094422671c06b3f2af086555200354f4f465fe9295a66b6f28ee7466,0.5349728330038488
3,parity,1,0.02,0.9,117,r3_parity_sigma1_lr0.02,36,ok,,0.3761014373110595,6.043855195399386,0.42468471179068584,0.125706674690043,2ff937c83d36f7b3a5406c91e8755c50ce932575e34db68925452587b0ab77d6,32821079a74fe63f445d951a557ad18447fced01821fc77b6b8d137d2fe48881,6d2e8203ab09f7481803ba6cac1d0fef11989f0d29cc5ddaeca62054fed6f238,4ce67a52451597cfc11fd97edf40aa34eb1b5c997198bd1076c33fe083bdd43e,0.5183552500093356
3,parity,1,0.02,0.9,118,r3_parity_sigma1_lr0.02,36,ok,,0.4050819162390192,6.142744932653831,0.42880491485580563,0.12306701056361623,f9372f8f74b3a18b86f9a9dd960278381003e836073cde71119d3b892dde9434,ffdd2708cda2855a18fd4a81398631fadb59f1610b8dd3d36eefe8f678572c16,3672d037714419789c221c8c7564a09d4bd2e60bbf08a0fa3cd13f9a40a45c57,7bd60133923f8534362210d3aca0aff74ce000224bd76127dd7b0bce56ccb362,0.5056986670242622
3,parity,1,0.02,0.9,119,r3_parity_sigma1_lr0.02,36,ok,,0.45640294263160414,6.083765403526501,0.4323449871858369,0.1275417712198219,9cc5a5818d004f0f1492c246ba3ab8685b2df3f7dfd15cdf113ebebec42d8dee,01bf4e2b10f88360652600d185a9d719f05502f25f089d70da96eafa7fe4dfe3,a56289775eec0ce432a321db146cf9b88569ccab3daaa3aefaeb57ea0050cb73,64ada1b3e94d843469b9e745b7a15decfea54282d3d3fdc06c17e9cdcea8dc5b,0.5623072079615667
3,parity,1,0.02,0.9,120,r3_parity_sigma1_lr0.02,36,ok,,0.37944611249957283,6.090667179355409,0.465071967957045,0.13673115857937124,69e5aaf107b63f46b6b057dfe99d3189e4f485b9649136f1718f398f646e43c6,dff4b17a330f664ec4d31f507c7603e7842ac94d65226c760d6e78cfa953aeb7,be8ede604a893ee87034e6fb596cea91ea3be8f191d448807bebae1ef6fbfe79,d8e50e695e49ac02b6f76daee1d39919959a4aa8a84f49c7d93d5a5dc3caa2ff,0.5637628330150619
3,parity,1,0.05,0.9,111,r3_parity_sigma1_lr0.05,36,ok,,0.38717373653507314,6.174876567312178,0.43845881320652197,0.12671459701668486,6f4599f803588363f7f3f06a30082972087391773f80fd6d7eb3eadc6484859e,ff013eda1d426d67006a334f6583897c614d689f5823b14c442be63e78bb3962,46ec6552ea8abd2c67a85ebf993bb74a1984e0f557904f8a35ae4eb6d2b596da,28b0ebbf9be5e833a1d38468d7218b52b6eca83c2a9f1c6221ed279bc5fe306d,0.5694684999762103
3,parity,1,0.05,0.9,112,r3_parity_sigma1_lr0.05,36,ok,,0.2083901432816171,5.8526008940608145,0.48248377203064174,0.14185022897700866,23158049f8a287709543a55b89f8943218b08cba397a67e034633640e70c99f6,3dd0b47c3c1ce23069083c16d0c2272714da54db5025db5646fd1228b010a5e8,b0126d22db14df8032614d0be237f7ba7f8faae015df79310d48a47a7e019709,ef7c966740418fd6a40b794df00c0c243906c71043c6b0f768b5a1adf85a9eef,0.5076862080022693
3,parity,1,0.05,0.9,113,r3_parity_sigma1_lr0.05,36,ok,,0.26254921140999166,5.8168295796591005,0.44459942188043955,0.1351582242516536,1130bcd06d370ab57f1bc3a67409c755b267648b80a0f46e840060bb010d3ab8,db95c591d5ad7a1f08531cf0e04985b931fc730f28e8ed47b8c7c5d8ecd8db0c,494a09d0cb32c8fd575150abd91ad12074451b075c550159cd5a0edda3ce9c1b,c68fb172bb60d66f359aa28c9948d748b520f4271b111e5de41911067a4f354b,0.48527062498033047
3,parity,1,0.05,0.9,114,r3_parity_sigma1_lr0.05,36,ok,,0.28223795297343557,5.993175398279233,0.44581338600729326,0.1315149488721515,c8a7a565f4c34afcedf377bd8a33aee023bbafec99430b278d5183f906311b3e,52ceac77e1e0c99a5de90b23d52d3e2f15eb08da92d5b6842d3e92834a138f22,9fc9306ab4737b5804dc59a07264243c6abc622ca16efa0cd4d6bddf38b05e36,c33ca7855f00a693f1f0af550d168ba9c880c362927ac4b9858046f2d8b7a17c,0.47997245809528977
3,parity,1,0.05,0.9,115,r3_parity_sigma1_lr0.05,36,ok,,0.4058922328920357,5.956471013020401,0.4351534391479897,0.13011087830524892,21e3187a25ce542a7fda12331f6df5573b7aa9cfb19c4d6a1242f48e9ab77257,c3a0cabd7487508470d585545f7b6a856897b0410105302f1b4d5c12944c190d,fae9b80b4b9bbecd172da441f7a298732dc4ec9c5fd56650a16ee48bf4f2164a,2979b01fffc02f60db951ba7c3ab40b94b411246fd1d648f7c1e046da8b55f29,0.4808703330345452
3,parity,1,0.05,0.9,116,r3_parity_sigma1_lr0.05,36,ok,,0.3594288334915896,6.077555169548558,0.4005416937800348,0.1221652166029106,b240340bda42b13e461b839e854e8931eb9b197c11fad589d1f07877b5a6c105,0d285e8573294ff0f8d626c9d7c79b1ffa6d14fb3071ba7be902aa48627a1c7e,67eaeaae05cc33550f061649f99bb92951375c55491458d36e2f1c224114a8b1,8944d8f9094422671c06b3f2af086555200354f4f465fe9295a66b6f28ee7466,0.4618490420980379
3,parity,1,0.05,0.9,117,r3_parity_sigma1_lr0.05,36,ok,,0.37726521373379646,6.001852494432407,0.4414888978481866,0.13068071376306323,2ff937c83d36f7b3a5406c91e8755c50ce932575e34db68925452587b0ab77d6,32821079a74fe63f445d951a557ad18447fced01821fc77b6b8d137d2fe48881,6d2e8203ab09f7481803ba6cac1d0fef11989f0d29cc5ddaeca62054fed6f238,4ce67a52451597cfc11fd97edf40aa34eb1b5c997198bd1076c33fe083bdd43e,0.4406637919601053
3,parity,1,0.05,0.9,118,r3_parity_sigma1_lr0.05,36,ok,,0.4319347881879391,6.170193189002521,0.4249779236984355,0.12196866410145099,f9372f8f74b3a18b86f9a9dd960278381003e836073cde71119d3b892dde9434,ffdd2708cda2855a18fd4a81398631fadb59f1610b8dd3d36eefe8f678572c16,3672d037714419789c221c8c7564a09d4bd2e60bbf08a0fa3cd13f9a40a45c57,7bd60133923f8534362210d3aca0aff74ce000224bd76127dd7b0bce56ccb362,0.44585233298130333
3,parity,1,0.05,0.9,119,r3_parity_sigma1_lr0.05,36,ok,,0.46506552608937635,6.09872773369799,0.4263792246011367,0.12578187125733534,9cc5a5818d004f0f1492c246ba3ab8685b2df3f7dfd15cdf113ebebec42d8dee,01bf4e2b10f88360652600d185a9d719f05502f25f089d70da96eafa7fe4dfe3,a56289775eec0ce432a321db146cf9b88569ccab3daaa3aefaeb57ea0050cb73,64ada1b3e94d843469b9e745b7a15decfea54282d3d3fdc06c17e9cdcea8dc5b,0.44165729195810854
3,parity,1,0.05,0.9,120,r3_parity_sigma1_lr0.05,36,ok,,0.38320909844981804,6.11160747742706,0.47263652017488533,0.13895513693141628,69e5aaf107b63f46b6b057dfe99d3189e4f485b9649136f1718f398f646e43c6,dff4b17a330f664ec4d31f507c7603e7842ac94d65226c760d6e78cfa953aeb7,be8ede604a893ee87034e6fb596cea91ea3be8f191d448807bebae1ef6fbfe79,d8e50e695e49ac02b6f76daee1d39919959a4aa8a84f49c7d93d5a5dc3caa2ff,0.4427700829692185
3,parity,1,0.1,0.9,111,r3_parity_sigma1_lr0.1,36,ok,,0.32781267155565696,6.082731856530225,0.4487532601089117,0.1296896921714755,6f4599f803588363f7f3f06a30082972087391773f80fd6d7eb3eadc6484859e,ff013eda1d426d67006a334f6583897c614d689f5823b14c442be63e78bb3962,46ec6552ea8abd2c67a85ebf993bb74a1984e0f557904f8a35ae4eb6d2b596da,28b0ebbf9be5e833a1d38468d7218b52b6eca83c2a9f1c6221ed279bc5fe306d,0.4461077080341056
3,parity,1,0.1,0.9,112,r3_parity_sigma1_lr0.1,36,ok,,0.2228731849885579,5.873954811994416,0.47824281183312223,0.14060338667893793,23158049f8a287709543a55b89f8943218b08cba397a67e034633640e70c99f6,3dd0b47c3c1ce23069083c16d0c2272714da54db5025db5646fd1228b010a5e8,b0126d22db14df8032614d0be237f7ba7f8faae015df79310d48a47a7e019709,ef7c966740418fd6a40b794df00c0c243906c71043c6b0f768b5a1adf85a9eef,0.43976912496145815
3,parity,1,0.1,0.9,113,r3_parity_sigma1_lr0.1,36,ok,,0.24825928691442276,5.84506355176235,0.4567273987928513,0.1388451292330268,1130bcd06d370ab57f1bc3a67409c755b267648b80a0f46e840060bb010d3ab8,db95c591d5ad7a1f08531cf0e04985b931fc730f28e8ed47b8c7c5d8ecd8db0c,494a09d0cb32c8fd575150abd91ad12074451b075c550159cd5a0edda3ce9c1b,c68fb172bb60d66f359aa28c9948d748b520f4271b111e5de41911067a4f354b,0.44277412502560765
3,parity,1,0.1,0.9,114,r3_parity_sigma1_lr0.1,36,ok,,0.2974233897684594,5.992031393413861,0.44659302018945823,0.13174494095589018,c8a7a565f4c34afcedf377bd8a33aee023bbafec99430b278d5183f906311b3e,52ceac77e1e0c99a5de90b23d52d3e2f15eb08da92d5b6842d3e92834a138f22,9fc9306ab4737b5804dc59a07264243c6abc622ca16efa0cd4d6bddf38b05e36,c33ca7855f00a693f1f0af550d168ba9c880c362927ac4b9858046f2d8b7a17c,0.4403583749663085
3,parity,1,0.1,0.9,115,r3_parity_sigma1_lr0.1,36,ok,,0.3766901628992828,5.9241333630106245,0.4262387990336341,0.1274454009110566,21e3187a25ce542a7fda12331f6df5573b7aa9cfb19c4d6a1242f48e9ab77257,c3a0cabd7487508470d585545f7b6a856897b0410105302f1b4d5c12944c190d,fae9b80b4b9bbecd172da441f7a298732dc4ec9c5fd56650a16ee48bf4f2164a,2979b01fffc02f60db951ba7c3ab40b94b411246fd1d648f7c1e046da8b55f29,0.4334484579740092
3,parity,1,0.1,0.9,116,r3_parity_sigma1_lr0.1,36,ok,,0.34358593123554804,6.0702627030773195,0.4030250339995894,0.12292263536987477,b240340bda42b13e461b839e854e8931eb9b197c11fad589d1f07877b5a6c105,0d285e8573294ff0f8d626c9d7c79b1ffa6d14fb3071ba7be902aa48627a1c7e,67eaeaae05cc33550f061649f99bb92951375c55491458d36e2f1c224114a8b1,8944d8f9094422671c06b3f2af086555200354f4f465fe9295a66b6f28ee7466,0.43126425007358193
3,parity,1,0.1,0.9,117,r3_parity_sigma1_lr0.1,36,ok,,0.4015417227945255,6.022025451055638,0.4301161579219138,0.1273143827448865,2ff937c83d36f7b3a5406c91e8755c50ce932575e34db68925452587b0ab77d6,32821079a74fe63f445d951a557ad18447fced01821fc77b6b8d137d2fe48881,6d2e8203ab09f7481803ba6cac1d0fef11989f0d29cc5ddaeca62054fed6f238,4ce67a52451597cfc11fd97edf40aa34eb1b5c997198bd1076c33fe083bdd43e,0.431247791973874
3,parity,1,0.1,0.9,118,r3_parity_sigma1_lr0.1,36,ok,,0.40943857911829196,6.1491770581194825,0.42348160815027197,0.12153922153912805,f9372f8f74b3a18b86f9a9dd960278381003e836073cde71119d3b892dde9434,ffdd2708cda2855a18fd4a81398631fadb59f1610b8dd3d36eefe8f678572c16,3672d037714419789c221c8c7564a09d4bd2e60bbf08a0fa3cd13f9a40a45c57,7bd60133923f8534362210d3aca0aff74ce000224bd76127dd7b0bce56ccb362,0.4305748339975253
3,parity,1,0.1,0.9,119,r3_parity_sigma1_lr0.1,36,ok,,0.4116301349894765,6.026632088204213,0.42763860921922114,0.12615338971967022,9cc5a5818d004f0f1492c246ba3ab8685b2df3f7dfd15cdf113ebebec42d8dee,01bf4e2b10f88360652600d185a9d719f05502f25f089d70da96eafa7fe4dfe3,a56289775eec0ce432a321db146cf9b88569ccab3daaa3aefaeb57ea0050cb73,64ada1b3e94d843469b9e745b7a15decfea54282d3d3fdc06c17e9cdcea8dc5b,0.42659674992319196
3,parity,1,0.1,0.9,120,r3_parity_sigma1_lr0.1,36,ok,,0.35521082880530264,6.051328638392774,0.47842196938258236,0.14065605899847922,69e5aaf107b63f46b6b057dfe99d3189e4f485b9649136f1718f398f646e43c6,dff4b17a330f664ec4d31f507c7603e7842ac94d65226c760d6e78cfa953aeb7,be8ede604a893ee87034e6fb596cea91ea3be8f191d448807bebae1ef6fbfe79,d8e50e695e49ac02b6f76daee1d39919959a4aa8a84f49c7d93d5a5dc3caa2ff,0.41996941599063575
3,parity,2,0.02,0.9,111,r3_parity_sigma2_lr0.02,36,ok,,0.4390614191840566,6.186995776669381,0.44858040045112585,0.12963973573037538,6f4599f803588363f7f3f06a30082972087391773f80fd6d7eb3eadc6484859e,ff013eda1d426d67006a334f6583897c614d689f5823b14c442be63e78bb3962,c82f9ffb273e363eee222e8f1ca4901ef0d88a2a41d7c7bf0385dfda9f807c69,28b0ebbf9be5e833a1d38468d7218b52b6eca83c2a9f1c6221ed279bc5fe306d,0.44959404203109443
3,parity,2,0.02,0.9,112,r3_parity_sigma2_lr0.02,36,ok,,0.3009247590709493,5.945847176292966,0.45160220139241886,0.13277104720937113,23158049f8a287709543a55b89f8943218b08cba397a67e034633640e70c99f6,3dd0b47c3c1ce23069083c16d0c2272714da54db5025db5646fd1228b010a5e8,e1239e9574a5b9ece5a6142b17dc18054822afbc56b1fe750ed4c81000928119,ef7c966740418fd6a40b794df00c0c243906c71043c6b0f768b5a1adf85a9eef,0.43754608288872987
3,parity,2,0.02,0.9,113,r3_parity_sigma2_lr0.02,36,ok,,0.5641518879530681,6.155344970982649,0.40141133150661473,0.12202904477801088,1130bcd06d370ab57f1bc3a67409c755b267648b80a0f46e840060bb010d3ab8,db95c591d5ad7a1f08531cf0e04985b931fc730f28e8ed47b8c7c5d8ecd8db0c,0add28ce81db5ed182ca7ca0109f605c59adae53ed3f3475c8621678c513898f,c68fb172bb60d66f359aa28c9948d748b520f4271b111e5de41911067a4f354b,0.4430830420460552
3,parity,2,0.02,0.9,114,r3_parity_sigma2_lr0.02,36,ok,,0.42858445710039195,6.10628961636826,0.4333054235965894,0.1278250999609939,c8a7a565f4c34afcedf377bd8a33aee023bbafec99430b278d5183f906311b3e,52ceac77e1e0c99a5de90b23d52d3e2f15eb08da92d5b6842d3e92834a138f22,2da2eff4a068e88b41bb2a9f71d17504f3bc60c31b0363210d25907cced26bee,c33ca7855f00a693f1f0af550d168ba9c880c362927ac4b9858046f2d8b7a17c,0.43463354103732854
3,parity,2,0.02,0.9,115,r3_parity_sigma2_lr0.02,36,ok,,0.32940575338840433,5.852604962491562,0.46683413375782085,0.13958340599358843,21e3187a25ce542a7fda12331f6df5573b7aa9cfb19c4d6a1242f48e9ab77257,c3a0cabd7487508470d585545f7b6a856897b0410105302f1b4d5c12944c190d,1fa2303165fb9f092630d1b0199b8b1ceef402fc45bd96481c26f4dc4640000c,2979b01fffc02f60db951ba7c3ab40b94b411246fd1d648f7c1e046da8b55f29,0.4338396249804646
3,parity,2,0.02,0.9,116,r3_parity_sigma2_lr0.02,36,ok,,0.40705377609763504,6.093677078758303,0.42280504767638544,0.12895553954129754,b240340bda42b13e461b839e854e8931eb9b197c11fad589d1f07877b5a6c105,0d285e8573294ff0f8d626c9d7c79b1ffa6d14fb3071ba7be902aa48627a1c7e,4b774c30d2dadd0ba79d44923c3465d50bf5beb8544ebb6fa76e4e48a8e30ffa,8944d8f9094422671c06b3f2af086555200354f4f465fe9295a66b6f28ee7466,0.4315229579806328
3,parity,2,0.02,0.9,117,r3_parity_sigma2_lr0.02,36,ok,,0.46863006735587825,6.057831866735343,0.42189493807254214,0.12488090166947248,2ff937c83d36f7b3a5406c91e8755c50ce932575e34db68925452587b0ab77d6,32821079a74fe63f445d951a557ad18447fced01821fc77b6b8d137d2fe48881,24f95bfd52c3f3d2c98931fb18163579577384289930fa8ba980f3e9731f5494,4ce67a52451597cfc11fd97edf40aa34eb1b5c997198bd1076c33fe083bdd43e,0.4248597080586478
3,parity,2,0.02,0.9,118,r3_parity_sigma2_lr0.02,36,ok,,0.5069608388020093,6.2331262323534595,0.41344106633184174,0.11865758603723858,f9372f8f74b3a18b86f9a9dd960278381003e836073cde71119d3b892dde9434,ffdd2708cda2855a18fd4a81398631fadb59f1610b8dd3d36eefe8f678572c16,5acbf74ae2e9e8a1a4fb070e1975a0e7985410d95eb0df75d2dc8cbbd577c6ea,7bd60133923f8534362210d3aca0aff74ce000224bd76127dd7b0bce56ccb362,0.4228225419064984
3,parity,2,0.02,0.9,119,r3_parity_sigma2_lr0.02,36,ok,,0.44704982039369434,6.063600917196673,0.42715541283253716,0.12601084678559846,9cc5a5818d004f0f1492c246ba3ab8685b2df3f7dfd15cdf113ebebec42d8dee,01bf4e2b10f88360652600d185a9d719f05502f25f089d70da96eafa7fe4dfe3,8851bc19fbe925ac4230a2881685bca8aa77d927173c7879a0be501620af9389,64ada1b3e94d843469b9e745b7a15decfea54282d3d3fdc06c17e9cdcea8dc5b,0.44467387499753386
3,parity,2,0.02,0.9,120,r3_parity_sigma2_lr0.02,36,ok,,0.45600834355964015,6.160424353496111,0.4562695159877947,0.13414323770041164,69e5aaf107b63f46b6b057dfe99d3189e4f485b9649136f1718f398f646e43c6,dff4b17a330f664ec4d31f507c7603e7842ac94d65226c760d6e78cfa953aeb7,e2870c0966ac2c6eeda9be223b2b76a59dd3d8bbc502a53f1293837163c5dabc,d8e50e695e49ac02b6f76daee1d39919959a4aa8a84f49c7d93d5a5dc3caa2ff,0.44023712491616607
3,parity,2,0.05,0.9,111,r3_parity_sigma2_lr0.05,36,ok,,0.29790790101564746,6.0467818989996776,0.46788388102500084,0.13521844161622526,6f4599f803588363f7f3f06a30082972087391773f80fd6d7eb3eadc6484859e,ff013eda1d426d67006a334f6583897c614d689f5823b14c442be63e78bb3962,c82f9ffb273e363eee222e8f1ca4901ef0d88a2a41d7c7bf0385dfda9f807c69,28b0ebbf9be5e833a1d38468d7218b52b6eca83c2a9f1c6221ed279bc5fe306d,0.4549147499492392
3,parity,2,0.05,0.9,112,r3_parity_sigma2_lr0.05,36,ok,,0.3030735115003788,5.944612578535215,0.4569879951368277,0.13435447057022734,23158049f8a287709543a55b89f8943218b08cba397a67e034633640e70c99f6,3dd0b47c3c1ce23069083c16d0c2272714da54db5025db5646fd1228b010a5e8,e1239e9574a5b9ece5a6142b17dc18054822afbc56b1fe750ed4c81000928119,ef7c966740418fd6a40b794df00c0c243906c71043c6b0f768b5a1adf85a9eef,0.441077540977858
3,parity,2,0.05,0.9,113,r3_parity_sigma2_lr0.05,36,ok,,0.35843624682177766,5.928389851355606,0.4458200375452499,0.13552929141375597,1130bcd06d370ab57f1bc3a67409c755b267648b80a0f46e840060bb010d3ab8,db95c591d5ad7a1f08531cf0e04985b931fc730f28e8ed47b8c7c5d8ecd8db0c,0add28ce81db5ed182ca7ca0109f605c59adae53ed3f3475c8621678c513898f,c68fb172bb60d66f359aa28c9948d748b520f4271b111e5de41911067a4f354b,0.4377238330198452
3,parity,2,0.05,0.9,114,r3_parity_sigma2_lr0.05,36,ok,,0.35890838880292675,6.02340714098932,0.428166431029072,0.12630909715357624,c8a7a565f4c34afcedf377bd8a33aee023bbafec99430b278d5183f906311b3e,52ceac77e1e0c99a5de90b23d52d3e2f15eb08da92d5b6842d3e92834a138f22,2da2eff4a068e88b41bb2a9f71d17504f3bc60c31b0363210d25907cced26bee,c33ca7855f00a693f1f0af550d168ba9c880c362927ac4b9858046f2d8b7a17c,0.43855750001966953
3,parity,2,0.05,0.9,115,r3_parity_sigma2_lr0.05,36,ok,,0.3858368460013132,5.936196481286007,0.4417235633611575,0.1320753454449861,21e3187a25ce542a7fda12331f6df5573b7aa9cfb19c4d6a1242f48e9ab77257,c3a0cabd7487508470d585545f7b6a856897b0410105302f1b4d5c12944c190d,1fa2303165fb9f092630d1b0199b8b1ceef402fc45bd96481c26f4dc4640000c,2979b01fffc02f60db951ba7c3ab40b94b411246fd1d648f7c1e046da8b55f29,0.43883954198099673
3,parity,2,0.05,0.9,116,r3_parity_sigma2_lr0.05,36,ok,,0.3611378659313445,6.046549842792494,0.4297122363989028,0.13106223210166537,b240340bda42b13e461b839e854e8931eb9b197c11fad589d1f07877b5a6c105,0d285e8573294ff0f8d626c9d7c79b1ffa6d14fb3071ba7be902aa48627a1c7e,4b774c30d2dadd0ba79d44923c3465d50bf5beb8544ebb6fa76e4e48a8e30ffa,8944d8f9094422671c06b3f2af086555200354f4f465fe9295a66b6f28ee7466,0.4373407498933375
3,parity,2,0.05,0.9,117,r3_parity_sigma2_lr0.05,36,ok,,0.3330336136043728,5.951743837363636,0.4588702200444663,0.13582558513316204,2ff937c83d36f7b3a5406c91e8755c50ce932575e34db68925452587b0ab77d6,32821079a74fe63f445d951a557ad18447fced01821fc77b6b8d137d2fe48881,24f95bfd52c3f3d2c98931fb18163579577384289930fa8ba980f3e9731f5494,4ce67a52451597cfc11fd97edf40aa34eb1b5c997198bd1076c33fe083bdd43e,0.43344204197637737
3,parity,2,0.05,0.9,118,r3_parity_sigma2_lr0.05,36,ok,,0.4092164478994824,6.151763661444331,0.44573192714526294,0.12792506309069046,f9372f8f74b3a18b86f9a9dd960278381003e836073cde71119d3b892dde9434,ffdd2708cda2855a18fd4a81398631fadb59f1610b8dd3d36eefe8f678572c16,5acbf74ae2e9e8a1a4fb070e1975a0e7985410d95eb0df75d2dc8cbbd577c6ea,7bd60133923f8534362210d3aca0aff74ce000224bd76127dd7b0bce56ccb362,0.44686083297710866
3,parity,2,0.05,0.9,119,r3_parity_sigma2_lr0.05,36,ok,,0.4147816810836207,6.024472080588379,0.43785184656614423,0.12916629473701255,9cc5a5818d004f0f1492c246ba3ab8685b2df3f7dfd15cdf113ebebec42d8dee,01bf4e2b10f88360652600d185a9d719f05502f25f089d70da96eafa7fe4dfe3,8851bc19fbe925ac4230a2881685bca8aa77d927173c7879a0be501620af9389,64ada1b3e94d843469b9e745b7a15decfea54282d3d3fdc06c17e9cdcea8dc5b,0.44176137493923306
3,parity,2,0.05,0.9,120,r3_parity_sigma2_lr0.05,36,ok,,0.43401367418455783,6.094865251946837,0.463774976012887,0.13634984294778876,69e5aaf107b63f46b6b057dfe99d3189e4f485b9649136f1718f398f646e43c6,dff4b17a330f664ec4d31f507c7603e7842ac94d65226c760d6e78cfa953aeb7,e2870c0966ac2c6eeda9be223b2b76a59dd3d8bbc502a53f1293837163c5dabc,d8e50e695e49ac02b6f76daee1d39919959a4aa8a84f49c7d93d5a5dc3caa2ff,0.46464029198978096
3,parity,2,0.1,0.9,111,r3_parity_sigma2_lr0.1,36,ok,,0.38172212194518884,6.128214348670583,0.4330513666547942,0.12515184496323553,6f4599f803588363f7f3f06a30082972087391773f80fd6d7eb3eadc6484859e,ff013eda1d426d67006a334f6583897c614d689f5823b14c442be63e78bb3962,c82f9ffb273e363eee222e8f1ca4901ef0d88a2a41d7c7bf0385dfda9f807c69,28b0ebbf9be5e833a1d38468d7218b52b6eca83c2a9f1c6221ed279bc5fe306d,0.4819900420261547
3,parity,2,0.1,0.9,112,r3_parity_sigma2_lr0.1,36,ok,,0.34746899690249655,5.99634817859839,0.44355511352817206,0.1304052033772826,23158049f8a287709543a55b89f8943218b08cba397a67e034633640e70c99f6,3dd0b47c3c1ce23069083c16d0c2272714da54db5025db5646fd1228b010a5e8,e1239e9574a5b9ece5a6142b17dc18054822afbc56b1fe750ed4c81000928119,ef7c966740418fd6a40b794df00c0c243906c71043c6b0f768b5a1adf85a9eef,0.48442449991125613
3,parity,2,0.1,0.9,113,r3_parity_sigma2_lr0.1,36,ok,,0.31159437918654137,5.9260586831057775,0.4600790979792094,0.13986404578567965,1130bcd06d370ab57f1bc3a67409c755b267648b80a0f46e840060bb010d3ab8,db95c591d5ad7a1f08531cf0e04985b931fc730f28e8ed47b8c7c5d8ecd8db0c,0add28ce81db5ed182ca7ca0109f605c59adae53ed3f3475c8621678c513898f,c68fb172bb60d66f359aa28c9948d748b520f4271b111e5de41911067a4f354b,0.4699156250571832
3,parity,2,0.1,0.9,114,r3_parity_sigma2_lr0.1,36,ok,,0.3554805840241574,6.048471836150574,0.4311063633983084,0.12717637720250097,c8a7a565f4c34afcedf377bd8a33aee023bbafec99430b278d5183f906311b3e,52ceac77e1e0c99a5de90b23d52d3e2f15eb08da92d5b6842d3e92834a138f22,2da2eff4a068e88b41bb2a9f71d17504f3bc60c31b0363210d25907cced26bee,c33ca7855f00a693f1f0af550d168ba9c880c362927ac4b9858046f2d8b7a17c,0.4425383750349283
3,parity,2,0.1,0.9,115,r3_parity_sigma2_lr0.1,36,ok,,0.40282124721165924,5.941416185773658,0.439196542621073,0.13131976624370081,21e3187a25ce542a7fda12331f6df5573b7aa9cfb19c4d6a1242f48e9ab77257,c3a0cabd7487508470d585545f7b6a856897b0410105302f1b4d5c12944c190d,1fa2303165fb9f092630d1b0199b8b1ceef402fc45bd96481c26f4dc4640000c,2979b01fffc02f60db951ba7c3ab40b94b411246fd1d648f7c1e046da8b55f29,0.4396390839247033
3,parity,2,0.1,0.9,116,r3_parity_sigma2_lr0.1,36,ok,,0.4070055977032798,6.065850823226869,0.4253958877045245,0.12974574574987996,b240340bda42b13e461b839e854e8931eb9b197c11fad589d1f07877b5a6c105,0d285e8573294ff0f8d626c9d7c79b1ffa6d14fb3071ba7be902aa48627a1c7e,4b774c30d2dadd0ba79d44923c3465d50bf5beb8544ebb6fa76e4e48a8e30ffa,8944d8f9094422671c06b3f2af086555200354f4f465fe9295a66b6f28ee7466,0.4322435420472175
3,parity,2,0.1,0.9,117,r3_parity_sigma2_lr0.1,36,ok,,0.3805208428768756,5.982269536015888,0.44068565120717784,0.13044295275732462,2ff937c83d36f7b3a5406c91e8755c50ce932575e34db68925452587b0ab77d6,32821079a74fe63f445d951a557ad18447fced01821fc77b6b8d137d2fe48881,24f95bfd52c3f3d2c98931fb18163579577384289930fa8ba980f3e9731f5494,4ce67a52451597cfc11fd97edf40aa34eb1b5c997198bd1076c33fe083bdd43e,0.4333280420396477
3,parity,2,0.1,0.9,118,r3_parity_sigma2_lr0.1,36,ok,,0.4189859495932079,6.1394494352875935,0.4433433718188779,0.12723954771201795,f9372f8f74b3a18b86f9a9dd960278381003e836073cde71119d3b892dde9434,ffdd2708cda2855a18fd4a81398631fadb59f1610b8dd3d36eefe8f678572c16,5acbf74ae2e9e8a1a4fb070e1975a0e7985410d95eb0df75d2dc8cbbd577c6ea,7bd60133923f8534362210d3aca0aff74ce000224bd76127dd7b0bce56ccb362,0.4323714170604944
3,parity,2,0.1,0.9,119,r3_parity_sigma2_lr0.1,36,ok,,0.4086730917162093,6.020713535462827,0.4461777917384398,0.13162244856283972,9cc5a5818d004f0f1492c246ba3ab8685b2df3f7dfd15cdf113ebebec42d8dee,01bf4e2b10f88360652600d185a9d719f05502f25f089d70da96eafa7fe4dfe3,8851bc19fbe925ac4230a2881685bca8aa77d927173c7879a0be501620af9389,64ada1b3e94d843469b9e745b7a15decfea54282d3d3fdc06c17e9cdcea8dc5b,0.43440808297600597
3,parity,2,0.1,0.9,120,r3_parity_sigma2_lr0.1,36,ok,,0.43157600759228415,6.102988892017595,0.45138701330211933,0.13270778191082308,69e5aaf107b63f46b6b057dfe99d3189e4f485b9649136f1718f398f646e43c6,dff4b17a330f664ec4d31f507c7603e7842ac94d65226c760d6e78cfa953aeb7,e2870c0966ac2c6eeda9be223b2b76a59dd3d8bbc502a53f1293837163c5dabc,d8e50e695e49ac02b6f76daee1d39919959a4aa8a84f49c7d93d5a5dc3caa2ff,0.49748250003904104
3,scaled-mse,1,0.005,0.9,111,r3_scaled-mse_sigma1_lr0.005,36,ok,,0.9402508255451064,6.692839369370197,0.3765176759962737,0.1088136083629231,6f4599f803588363f7f3f06a30082972087391773f80fd6d7eb3eadc6484859e,ff013eda1d426d67006a334f6583897c614d689f5823b14c442be63e78bb3962,46ec6552ea8abd2c67a85ebf993bb74a1984e0f557904f8a35ae4eb6d2b596da,28b0ebbf9be5e833a1d38468d7218b52b6eca83c2a9f1c6221ed279bc5fe306d,0.35705212503671646
3,scaled-mse,1,0.005,0.9,112,r3_scaled-mse_sigma1_lr0.005,36,ok,,1.1679618690059699,6.798087641371962,0.3427360979217775,0.1007644127890026,23158049f8a287709543a55b89f8943218b08cba397a67e034633640e70c99f6,3dd0b47c3c1ce23069083c16d0c2272714da54db5025db5646fd1228b010a5e8,b0126d22db14df8032614d0be237f7ba7f8faae015df79310d48a47a7e019709,ef7c966740418fd6a40b794df00c0c243906c71043c6b0f768b5a1adf85a9eef,0.37346408306621015
3,scaled-mse,1,0.005,0.9,113,r3_scaled-mse_sigma1_lr0.005,36,ok,,0.9497538512402646,6.529250178259581,0.3938838719310333,0.11974069706703412,1130bcd06d370ab57f1bc3a67409c755b267648b80a0f46e840060bb010d3ab8,db95c591d5ad7a1f08531cf0e04985b931fc730f28e8ed47b8c7c5d8ecd8db0c,494a09d0cb32c8fd575150abd91ad12074451b075c550159cd5a0edda3ce9c1b,c68fb172bb60d66f359aa28c9948d748b520f4271b111e5de41911067a4f354b,0.37952158402185887
3,scaled-mse,1,0.005,0.9,114,r3_scaled-mse_sigma1_lr0.005,36,ok,,1.458966819449785,7.146894021818309,0.3730385757174252,0.11004637983664044,c8a7a565f4c34afcedf377bd8a33aee023bbafec99430b278d5183f906311b3e,52ceac77e1e0c99a5de90b23d52d3e2f15eb08da92d5b6842d3e92834a138f22,9fc9306ab4737b5804dc59a07264243c6abc622ca16efa0cd4d6bddf38b05e36,c33ca7855f00a693f1f0af550d168ba9c880c362927ac4b9858046f2d8b7a17c,0.36153662495780736
3,scaled-mse,1,0.005,0.9,115,r3_scaled-mse_sigma1_lr0.005,36,ok,,0.8722412256992961,6.442227616901787,0.34632974884668943,0.10355259490516014,21e3187a25ce542a7fda12331f6df5573b7aa9cfb19c4d6a1242f48e9ab77257,c3a0cabd7487508470d585545f7b6a856897b0410105302f1b4d5c12944c190d,fae9b80b4b9bbecd172da441f7a298732dc4ec9c5fd56650a16ee48bf4f2164a,2979b01fffc02f60db951ba7c3ab40b94b411246fd1d648f7c1e046da8b55f29,0.3449604579946026
3,scaled-mse,1,0.005,0.9,116,r3_scaled-mse_sigma1_lr0.005,36,ok,,0.915705653953421,6.5943318078410895,0.36350720680538945,0.11086969807564379,b240340bda42b13e461b839e854e8931eb9b197c11fad589d1f07877b5a6c105,0d285e8573294ff0f8d626c9d7c79b1ffa6d14fb3071ba7be902aa48627a1c7e,67eaeaae05cc33550f061649f99bb92951375c55491458d36e2f1c224114a8b1,8944d8f9094422671c06b3f2af086555200354f4f465fe9295a66b6f28ee7466,0.33866466698236763
3,scaled-mse,1,0.005,0.9,117,r3_scaled-mse_sigma1_lr0.005,36,ok,,1.1659319226472122,6.815734007850222,0.3946482985550469,0.11681589637229388,2ff937c83d36f7b3a5406c91e8755c50ce932575e34db68925452587b0ab77d6,32821079a74fe63f445d951a557ad18447fced01821fc77b6b8d137d2fe48881,6d2e8203ab09f7481803ba6cac1d0fef11989f0d29cc5ddaeca62054fed6f238,4ce67a52451597cfc11fd97edf40aa34eb1b5c997198bd1076c33fe083bdd43e,0.3389907500240952
3,scaled-mse,1,0.005,0.9,118,r3_scaled-mse_sigma1_lr0.005,36,ok,,1.4202061447683323,7.129467827625851,0.4168662898235587,0.11964062517936135,f9372f8f74b3a18b86f9a9dd960278381003e836073cde71119d3b892dde9434,ffdd2708cda2855a18fd4a81398631fadb59f1610b8dd3d36eefe8f678572c16,3672d037714419789c221c8c7564a09d4bd2e60bbf08a0fa3cd13f9a40a45c57,7bd60133923f8534362210d3aca0aff74ce000224bd76127dd7b0bce56ccb362,0.37129299994558096
3,scaled-mse,1,0.005,0.9,119,r3_scaled-mse_sigma1_lr0.005,36,ok,,0.7200622665542289,6.3232744217685095,0.39919564778818095,0.11776271609751338,9cc5a5818d004f0f1492c246ba3ab8685b2df3f7dfd15cdf113ebebec42d8dee,01bf4e2b10f88360652600d185a9d719f05502f25f089d70da96eafa7fe4dfe3,a56289775eec0ce432a321db146cf9b88569ccab3daaa3aefaeb57ea0050cb73,64ada1b3e94d843469b9e745b7a15decfea54282d3d3fdc06c17e9cdcea8dc5b,0.3742740419693291
3,scaled-mse,1,0.005,0.9,120,r3_scaled-mse_sigma1_lr0.005,36,ok,,0.642428437211272,6.349945968141106,0.3967081688911922,0.1166322016540105,69e5aaf107b63f46b6b057dfe99d3189e4f485b9649136f1718f398f646e43c6,dff4b17a330f664ec4d31f507c7603e7842ac94d65226c760d6e78cfa953aeb7,be8ede604a893ee87034e6fb596cea91ea3be8f191d448807bebae1ef6fbfe79,d8e50e695e49ac02b6f76daee1d39919959a4aa8a84f49c7d93d5a5dc3caa2ff,0.3684737499570474
3,scaled-mse,1,0.01,0.9,111,r3_scaled-mse_sigma1_lr0.01,36,ok,,0.5778701462760304,6.3148454113524055,0.42111027214394925,0.12170086864960133,6f4599f803588363f7f3f06a30082972087391773f80fd6d7eb3eadc6484859e,ff013eda1d426d67006a334f6583897c614d689f5823b14c442be63e78bb3962,46ec6552ea8abd2c67a85ebf993bb74a1984e0f557904f8a35ae4eb6d2b596da,28b0ebbf9be5e833a1d38468d7218b52b6eca83c2a9f1c6221ed279bc5fe306d,0.3404375840909779
3,scaled-mse,1,0.01,0.9,112,r3_scaled-mse_sigma1_lr0.01,36,ok,,0.4413643711712824,6.078661654040612,0.41991252632987214,0.12345428274098241,23158049f8a287709543a55b89f8943218b08cba397a67e034633640e70c99f6,3dd0b47c3c1ce23069083c16d0c2272714da54db5025db5646fd1228b010a5e8,b0126d22db14df8032614d0be237f7ba7f8faae015df79310d48a47a7e019709,ef7c966740418fd6a40b794df00c0c243906c71043c6b0f768b5a1adf85a9eef,0.3382581250043586
3,scaled-mse,1,0.01,0.9,113,r3_scaled-mse_sigma1_lr0.01,36,ok,,0.6041153486183719,6.187980344025816,0.3981042365762902,0.12102368791919221,1130bcd06d370ab57f1bc3a67409c755b267648b80a0f46e840060bb010d3ab8,db95c591d5ad7a1f08531cf0e04985b931fc730f28e8ed47b8c7c5d8ecd8db0c,494a09d0cb32c8fd575150abd91ad12074451b075c550159cd5a0edda3ce9c1b,c68fb172bb60d66f359aa28c9948d748b520f4271b111e5de41911067a4f354b,0.3419398340629414
3,scaled-mse,1,0.01,0.9,114,r3_scaled-mse_sigma1_lr0.01,36,ok,,0.6187235291029985,6.284274428159668,0.42206017835253323,0.1245077526139973,c8a7a565f4c34afcedf377bd8a33aee023bbafec99430b278d5183f906311b3e,52ceac77e1e0c99a5de90b23d52d3e2f15eb08da92d5b6842d3e92834a138f22,9fc9306ab4737b5804dc59a07264243c6abc622ca16efa0cd4d6bddf38b05e36,c33ca7855f00a693f1f0af550d168ba9c880c362927ac4b9858046f2d8b7a17c,0.3747824999736622
3,scaled-mse,1,0.01,0.9,115,r3_scaled-mse_sigma1_lr0.01,36,ok,,0.7253141712196095,6.272791647990473,0.3650695783345219,0.10915580392202205,21e3187a25ce542a7fda12331f6df5573b7aa9cfb19c4d6a1242f48e9ab77257,c3a0cabd7487508470d585545f7b6a856897b0410105302f1b4d5c12944c190d,fae9b80b4b9bbecd172da441f7a298732dc4ec9c5fd56650a16ee48bf4f2164a,2979b01fffc02f60db951ba7c3ab40b94b411246fd1d648f7c1e046da8b55f29,0.4051176249049604
3,scaled-mse,1,0.01,0.9,116,r3_scaled-mse_sigma1_lr0.01,36,ok,,0.6130690920019813,6.275471766576087,0.3699273463222259,0.11282784062827889,b240340bda42b13e461b839e854e8931eb9b197c11fad589d1f07877b5a6c105,0d285e8573294ff0f8d626c9d7c79b1ffa6d14fb3071ba7be902aa48627a1c7e,67eaeaae05cc33550f061649f99bb92951375c55491458d36e2f1c224114a8b1,8944d8f9094422671c06b3f2af086555200354f4f465fe9295a66b6f28ee7466,0.4298577499575913
3,scaled-mse,1,0.01,0.9,117,r3_scaled-mse_sigma1_lr0.01,36,ok,,0.7979302616885389,6.434578811928579,0.3500703530049002,0.10362082448945045,2ff937c83d36f7b3a5406c91e8755c50ce932575e34db68925452587b0ab77d6,32821079a74fe63f445d951a557ad18447fced01821fc77b6b8d137d2fe48881,6d2e8203ab09f7481803ba6cac1d0fef11989f0d29cc5ddaeca62054fed6f238,4ce67a52451597cfc11fd97edf40aa34eb1b5c997198bd1076c33fe083bdd43e,0.4382939579663798
3,scaled-mse,1,0.01,0.9,118,r3_scaled-mse_sigma1_lr0.01,36,ok,,1.2125047804885223,6.968026164538532,0.3828921857379884,0.10989005730680267,f9372f8f74b3a18b86f9a9dd960278381003e836073cde71119d3b892dde9434,ffdd2708cda2855a18fd4a81398631fadb59f1610b8dd3d36eefe8f678572c16,3672d037714419789c221c8c7564a09d4bd2e60bbf08a0fa3cd13f9a40a45c57,7bd60133923f8534362210d3aca0aff74ce000224bd76127dd7b0bce56ccb362,0.4408945420291275
3,scaled-mse,1,0.01,0.9,119,r3_scaled-mse_sigma1_lr0.01,36,ok,,0.5608645002991066,6.17758851461793,0.42132885953289406,0.12429201356220375,9cc5a5818d004f0f1492c246ba3ab8685b2df3f7dfd15cdf113ebebec42d8dee,01bf4e2b10f88360652600d185a9d719f05502f25f089d70da96eafa7fe4dfe3,a56289775eec0ce432a321db146cf9b88569ccab3daaa3aefaeb57ea0050cb73,64ada1b3e94d843469b9e745b7a15decfea54282d3d3fdc06c17e9cdcea8dc5b,0.4557839579647407
3,scaled-mse,1,0.01,0.9,120,r3_scaled-mse_sigma1_lr0.01,36,ok,,0.5098292564702791,6.2399651035605785,0.40365682389631913,0.11867510622551783,69e5aaf107b63f46b6b057dfe99d3189e4f485b9649136f1718f398f646e43c6,dff4b17a330f664ec4d31f507c7603e7842ac94d65226c760d6e78cfa953aeb7,be8ede604a893ee87034e6fb596cea91ea3be8f191d448807bebae1ef6fbfe79,d8e50e695e49ac02b6f76daee1d39919959a4aa8a84f49c7d93d5a5dc3caa2ff,0.4595800000242889
3,scaled-mse,1,0.02,0.9,111,r3_scaled-mse_sigma1_lr0.02,36,ok,,0.5143734087702129,6.2576473493961595,0.4150559463607305,0.11995116849825112,6f4599f803588363f7f3f06a30082972087391773f80fd6d7eb3eadc6484859e,ff013eda1d426d67006a334f6583897c614d689f5823b14c442be63e78bb3962,46ec6552ea8abd2c67a85ebf993bb74a1984e0f557904f8a35ae4eb6d2b596da,28b0ebbf9be5e833a1d38468d7218b52b6eca83c2a9f1c6221ed279bc5fe306d,0.4919441669480875
3,scaled-mse,1,0.02,0.9,112,r3_scaled-mse_sigma1_lr0.02,36,ok,,0.44113819315678304,6.0736272122972785,0.4255367461721706,0.12510780337461816,23158049f8a287709543a55b89f8943218b08cba397a67e034633640e70c99f6,3dd0b47c3c1ce23069083c16d0c2272714da54db5025db5646fd1228b010a5e8,b0126d22db14df8032614d0be237f7ba7f8faae015df79310d48a47a7e019709,ef7c966740418fd6a40b794df00c0c243906c71043c6b0f768b5a1adf85a9eef,0.4591813340084627
3,scaled-mse,1,0.02,0.9,113,r3_scaled-mse_sigma1_lr0.02,36,ok,,0.3976882758472897,5.975640855317103,0.4065533826376181,0.1235922283218359,1130bcd06d370ab57f1bc3a67409c755b267648b80a0f46e840060bb010d3ab8,db95c591d5ad7a1f08531cf0e04985b931fc730f28e8ed47b8c7c5d8ecd8db0c,494a09d0cb32c8fd575150abd91ad12074451b075c550159cd5a0edda3ce9c1b,c68fb172bb60d66f359aa28c9948d748b520f4271b111e5de41911067a4f354b,0.44280420790892094
3,scaled-mse,1,0.02,0.9,114,r3_scaled-mse_sigma1_lr0.02,36,ok,,0.4095751858722398,6.152940552062184,0.44358316760465505,0.13085703444337324,c8a7a565f4c34afcedf377bd8a33aee023bbafec99430b278d5183f906311b3e,52ceac77e1e0c99a5de90b23d52d3e2f15eb08da92d5b6842d3e92834a138f22,9fc9306ab4737b5804dc59a07264243c6abc622ca16efa0cd4d6bddf38b05e36,c33ca7855f00a693f1f0af550d168ba9c880c362927ac4b9858046f2d8b7a17c,0.4115612079622224
3,scaled-mse,1,0.02,0.9,115,r3_scaled-mse_sigma1_lr0.02,36,ok,,0.5284317568474176,6.062618654353245,0.3800848425727077,0.1136453679292396,21e3187a25ce542a7fda12331f6df5573b7aa9cfb19c4d6a1242f48e9ab77257,c3a0cabd7487508470d585545f7b6a856897b0410105302f1b4d5c12944c190d,fae9b80b4b9bbecd172da441f7a298732dc4ec9c5fd56650a16ee48bf4f2164a,2979b01fffc02f60db951ba7c3ab40b94b411246fd1d648f7c1e046da8b55f29,0.3928452089894563
3,scaled-mse,1,0.02,0.9,116,r3_scaled-mse_sigma1_lr0.02,36,ok,,0.6227740620033697,6.3126011925425916,0.3592460386880759,0.10957004179986315,b240340bda42b13e461b839e854e8931eb9b197c11fad589d1f07877b5a6c105,0d285e8573294ff0f8d626c9d7c79b1ffa6d14fb3071ba7be902aa48627a1c7e,67eaeaae05cc33550f061649f99bb92951375c55491458d36e2f1c224114a8b1,8944d8f9094422671c06b3f2af086555200354f4f465fe9295a66b6f28ee7466,0.34442108299117535
3,scaled-mse,1,0.02,0.9,117,r3_scaled-mse_sigma1_lr0.02,36,ok,,0.45365731766226447,6.119337114249398,0.3911566310450936,0.1157823627893477,2ff937c83d36f7b3a5406c91e8755c50ce932575e34db68925452587b0ab77d6,32821079a74fe63f445d951a557ad18447fced01821fc77b6b8d137d2fe48881,6d2e8203ab09f7481803ba6cac1d0fef11989f0d29cc5ddaeca62054fed6f238,4ce67a52451597cfc11fd97edf40aa34eb1b5c997198bd1076c33fe083bdd43e,0.35362079192418605
3,scaled-mse,1,0.02,0.9,118,r3_scaled-mse_sigma1_lr0.02,36,ok,,0.3379679616119444,6.058295418501335,0.41555637614746327,0.11926467995432197,f9372f8f74b3a18b86f9a9dd960278381003e836073cde71119d3b892dde9434,ffdd2708cda2855a18fd4a81398631fadb59f1610b8dd3d36eefe8f678572c16,3672d037714419789c221c8c7564a09d4bd2e60bbf08a0fa3cd13f9a40a45c57,7bd60133923f8534362210d3aca0aff74ce000224bd76127dd7b0bce56ccb362,0.3547950830543414
3,scaled-mse,1,0.02,0.9,119,r3_scaled-mse_sigma1_lr0.02,36,ok,,0.4981710022483154,6.114232169166067,0.4116286746722549,0.1214304590283152,9cc5a5818d004f0f1492c246ba3ab8685b2df3f7dfd15cdf113ebebec42d8dee,01bf4e2b10f88360652600d185a9d719f05502f25f089d70da96eafa7fe4dfe3,a56289775eec0ce432a321db146cf9b88569ccab3daaa3aefaeb57ea0050cb73,64ada1b3e94d843469b9e745b7a15decfea54282d3d3fdc06c17e9cdcea8dc5b,0.45565650006756186
3,scaled-mse,1,0.02,0.9,120,r3_scaled-mse_sigma1_lr0.02,36,ok,,0.4416644421468495,6.165074751977874,0.41599430393602027,0.12230232535718996,69e5aaf107b63f46b6b057dfe99d3189e4f485b9649136f1718f398f646e43c6,dff4b17a330f664ec4d31f507c7603e7842ac94d65226c760d6e78cfa953aeb7,be8ede604a893ee87034e6fb596cea91ea3be8f191d448807bebae1ef6fbfe79,d8e50e695e49ac02b6f76daee1d39919959a4aa8a84f49c7d93d5a5dc3caa2ff,0.4546283748932183
3,scaled-mse,1,0.05,0.9,111,r3_scaled-mse_sigma1_lr0.05,36,ok,,0.3331183713292253,6.064410226550478,0.4575551956691371,0.13223345154838062,6f4599f803588363f7f3f06a30082972087391773f80fd6d7eb3eadc6484859e,ff013eda1d426d67006a334f6583897c614d689f5823b14c442be63e78bb3962,46ec6552ea8abd2c67a85ebf993bb74a1984e0f557904f8a35ae4eb6d2b596da,28b0ebbf9be5e833a1d38468d7218b52b6eca83c2a9f1c6221ed279bc5fe306d,0.45609333307947963
3,scaled-mse,1,0.05,0.9,112,r3_scaled-mse_sigma1_lr0.05,36,ok,,0.386135963943006,6.008463485910261,0.41835633052350774,0.12299676117391127,23158049f8a287709543a55b89f8943218b08cba397a67e034633640e70c99f6,3dd0b47c3c1ce23069083c16d0c2272714da54db5025db5646fd1228b010a5e8,b0126d22db14df8032614d0be237f7ba7f8faae015df79310d48a47a7e019709,ef7c966740418fd6a40b794df00c0c243906c71043c6b0f768b5a1adf85a9eef,0.405818208004348
3,scaled-mse,1,0.05,0.9,113,r3_scaled-mse_sigma1_lr0.05,36,ok,,0.3340061657686242,5.90027425359273,0.4235882792514855,0.12877083689245158,1130bcd06d370ab57f1bc3a67409c755b267648b80a0f46e840060bb010d3ab8,db95c591d5ad7a1f08531cf0e04985b931fc730f28e8ed47b8c7c5d8ecd8db0c,494a09d0cb32c8fd575150abd91ad12074451b075c550159cd5a0edda3ce9c1b,c68fb172bb60d66f359aa28c9948d748b520f4271b111e5de41911067a4f354b,0.408549707964994
3,scaled-mse,1,0.05,0.9,114,r3_scaled-mse_sigma1_lr0.05,36,ok,,0.3914979656769484,6.096697662057626,0.4372889195088651,0.1290002312551152,c8a7a565f4c34afcedf377bd8a33aee023bbafec99430b278d5183f906311b3e,52ceac77e1e0c99a5de90b23d52d3e2f15eb08da92d5b6842d3e92834a138f22,9fc9306ab4737b5804dc59a07264243c6abc622ca16efa0cd4d6bddf38b05e36,c33ca7855f00a693f1f0af550d168ba9c880c362927ac4b9858046f2d8b7a17c,0.40338312496896833
3,scaled-mse,1,0.05,0.9,115,r3_scaled-mse_sigma1_lr0.05,36,ok,,0.42128175218993613,5.969187275965965,0.3962336246000634,0.11847385375541895,21e3187a25ce542a7fda12331f6df5573b7aa9cfb19c4d6a1242f48e9ab77257,c3a0cabd7487508470d585545f7b6a856897b0410105302f1b4d5c12944c190d,fae9b80b4b9bbecd172da441f7a298732dc4ec9c5fd56650a16ee48bf4f2164a,2979b01fffc02f60db951ba7c3ab40b94b411246fd1d648f7c1e046da8b55f29,0.38428916595876217
3,scaled-mse,1,0.05,0.9,116,r3_scaled-mse_sigma1_lr0.05,36,ok,,0.5340994263495201,6.250909342302713,0.3676302400094125,0.11212722320287083,b240340bda42b13e461b839e854e8931eb9b197c11fad589d1f07877b5a6c105,0d285e8573294ff0f8d626c9d7c79b1ffa6d14fb3071ba7be902aa48627a1c7e,67eaeaae05cc33550f061649f99bb92951375c55491458d36e2f1c224114a8b1,8944d8f9094422671c06b3f2af086555200354f4f465fe9295a66b6f28ee7466,0.38499479088932276
3,scaled-mse,1,0.05,0.9,117,r3_scaled-mse_sigma1_lr0.05,36,ok,,0.46985067669860653,6.069605662528247,0.39286821964605795,0.11628899301523316,2ff937c83d36f7b3a5406c91e8755c50ce932575e34db68925452587b0ab77d6,32821079a74fe63f445d951a557ad18447fced01821fc77b6b8d137d2fe48881,6d2e8203ab09f7481803ba6cac1d0fef11989f0d29cc5ddaeca62054fed6f238,4ce67a52451597cfc11fd97edf40aa34eb1b5c997198bd1076c33fe083bdd43e,0.38314895890653133
3,scaled-mse,1,0.05,0.9,118,r3_scaled-mse_sigma1_lr0.05,36,ok,,0.2986491029788285,6.010603798444359,0.42156320223413596,0.12098863904119701,f9372f8f74b3a18b86f9a9dd960278381003e836073cde71119d3b892dde9434,ffdd2708cda2855a18fd4a81398631fadb59f1610b8dd3d36eefe8f678572c16,3672d037714419789c221c8c7564a09d4bd2e60bbf08a0fa3cd13f9a40a45c57,7bd60133923f8534362210d3aca0aff74ce000224bd76127dd7b0bce56ccb362,0.3690030419966206
3,scaled-mse,1,0.05,0.9,119,r3_scaled-mse_sigma1_lr0.05,36,ok,,0.4318729924563247,6.056459570864961,0.41415545206259086,0.1221758583584643,9cc5a5818d004f0f1492c246ba3ab8685b2df3f7dfd15cdf113ebebec42d8dee,01bf4e2b10f88360652600d185a9d719f05502f25f089d70da96eafa7fe4dfe3,a56289775eec0ce432a321db146cf9b88569ccab3daaa3aefaeb57ea0050cb73,64ada1b3e94d843469b9e745b7a15decfea54282d3d3fdc06c17e9cdcea8dc5b,0.3716667089611292
3,scaled-mse,1,0.05,0.9,120,r3_scaled-mse_sigma1_lr0.05,36,ok,,0.38041424383199807,6.088227187683713,0.4218588250521573,0.12402649456533425,69e5aaf107b63f46b6b057dfe99d3189e4f485b9649136f1718f398f646e43c6,dff4b17a330f664ec4d31f507c7603e7842ac94d65226c760d6e78cfa953aeb7,be8ede604a893ee87034e6fb596cea91ea3be8f191d448807bebae1ef6fbfe79,d8e50e695e49ac02b6f76daee1d39919959a4aa8a84f49c7d93d5a5dc3caa2ff,0.37115683301817626
3,scaled-mse,1,0.1,0.9,111,r3_scaled-mse_sigma1_lr0.1,36,ok,,0.3958730464097099,6.155473688065466,0.4348740438853508,0.12567859868286638,6f4599f803588363f7f3f06a30082972087391773f80fd6d7eb3eadc6484859e,ff013eda1d426d67006a334f6583897c614d689f5823b14c442be63e78bb3962,46ec6552ea8abd2c67a85ebf993bb74a1984e0f557904f8a35ae4eb6d2b596da,28b0ebbf9be5e833a1d38468d7218b52b6eca83c2a9f1c6221ed279bc5fe306d,0.36334999999962747
3,scaled-mse,1,0.1,0.9,112,r3_scaled-mse_sigma1_lr0.1,36,ok,,0.346335111550771,5.981408421853292,0.4173796520002473,0.1227096176880727,23158049f8a287709543a55b89f8943218b08cba397a67e034633640e70c99f6,3dd0b47c3c1ce23069083c16d0c2272714da54db5025db5646fd1228b010a5e8,b0126d22db14df8032614d0be237f7ba7f8faae015df79310d48a47a7e019709,ef7c966740418fd6a40b794df00c0c243906c71043c6b0f768b5a1adf85a9eef,0.3666716249426827
3,scaled-mse,1,0.1,0.9,113,r3_scaled-mse_sigma1_lr0.1,36,ok,,0.27994183596527766,5.851597100292145,0.4332654543122091,0.13171269811091155,1130bcd06d370ab57f1bc3a67409c755b267648b80a0f46e840060bb010d3ab8,db95c591d5ad7a1f08531cf0e04985b931fc730f28e8ed47b8c7c5d8ecd8db0c,494a09d0cb32c8fd575150abd91ad12074451b075c550159cd5a0edda3ce9c1b,c68fb172bb60d66f359aa28c9948d748b520f4271b111e5de41911067a4f354b,0.3639798340154812
3,scaled-mse,1,0.1,0.9,114,r3_scaled-mse_sigma1_lr0.1,36,ok,,0.3231168117109017,6.0305602085203285,0.4430559823360306,0.13070151478912903,c8a7a565f4c34afcedf377bd8a33aee023bbafec99430b278d5183f906311b3e,52ceac77e1e0c99a5de90b23d52d3e2f15eb08da92d5b6842d3e92834a138f22,9fc9306ab4737b5804dc59a07264243c6abc622ca16efa0cd4d6bddf38b05e36,c33ca7855f00a693f1f0af550d168ba9c880c362927ac4b9858046f2d8b7a17c,0.3778885410865769
3,scaled-mse,1,0.1,0.9,115,r3_scaled-mse_sigma1_lr0.1,36,ok,,0.48518116222595936,6.035194627609196,0.38777834240876446,0.11594572438022058,21e3187a25ce542a7fda12331f6df5573b7aa9cfb19c4d6a1242f48e9ab77257,c3a0cabd7487508470d585545f7b6a856897b0410105302f1b4d5c12944c190d,fae9b80b4b9bbecd172da441f7a298732dc4ec9c5fd56650a16ee48bf4f2164a,2979b01fffc02f60db951ba7c3ab40b94b411246fd1d648f7c1e046da8b55f29,0.3825213749660179
3,scaled-mse,1,0.1,0.9,116,r3_scaled-mse_sigma1_lr0.1,36,ok,,0.5687324599800158,6.2722618860138395,0.367384296173518,0.11205221033292298,b240340bda42b13e461b839e854e8931eb9b197c11fad589d1f07877b5a6c105,0d285e8573294ff0f8d626c9d7c79b1ffa6d14fb3071ba7be902aa48627a1c7e,67eaeaae05cc33550f061649f99bb92951375c55491458d36e2f1c224114a8b1,8944d8f9094422671c06b3f2af086555200354f4f465fe9295a66b6f28ee7466,0.38150270807091147
3,scaled-mse,1,0.1,0.9,117,r3_scaled-mse_sigma1_lr0.1,36,ok,,0.5077242666136179,6.1031372953304555,0.39835581328461034,0.11791332073224466,2ff937c83d36f7b3a5406c91e8755c50ce932575e34db68925452587b0ab77d6,32821079a74fe63f445d951a557ad18447fced01821fc77b6b8d137d2fe48881,6d2e8203ab09f7481803ba6cac1d0fef11989f0d29cc5ddaeca62054fed6f238,4ce67a52451597cfc11fd97edf40aa34eb1b5c997198bd1076c33fe083bdd43e,0.35310104105155915
3,scaled-mse,1,0.1,0.9,118,r3_scaled-mse_sigma1_lr0.1,36,ok,,0.3173382338534635,6.01747037532356,0.4139007786258795,0.1187895234656274,f9372f8f74b3a18b86f9a9dd960278381003e836073cde71119d3b892dde9434,ffdd2708cda2855a18fd4a81398631fadb59f1610b8dd3d36eefe8f678572c16,3672d037714419789c221c8c7564a09d4bd2e60bbf08a0fa3cd13f9a40a45c57,7bd60133923f8534362210d3aca0aff74ce000224bd76127dd7b0bce56ccb362,0.35516120807733387
3,scaled-mse,1,0.1,0.9,119,r3_scaled-mse_sigma1_lr0.1,36,ok,,0.34232134323022934,5.944253724406576,0.4206776786165498,0.1240999151918822,9cc5a5818d004f0f1492c246ba3ab8685b2df3f7dfd15cdf113ebebec42d8dee,01bf4e2b10f88360652600d185a9d719f05502f25f089d70da96eafa7fe4dfe3,a56289775eec0ce432a321db146cf9b88569ccab3daaa3aefaeb57ea0050cb73,64ada1b3e94d843469b9e745b7a15decfea54282d3d3fdc06c17e9cdcea8dc5b,0.3587172500556335
3,scaled-mse,1,0.1,0.9,120,r3_scaled-mse_sigma1_lr0.1,36,ok,,0.3158943350155822,6.031249510716772,0.4569303064966379,0.13433751011001155,69e5aaf107b63f46b6b057dfe99d3189e4f485b9649136f1718f398f646e43c6,dff4b17a330f664ec4d31f507c7603e7842ac94d65226c760d6e78cfa953aeb7,be8ede604a893ee87034e6fb596cea91ea3be8f191d448807bebae1ef6fbfe79,d8e50e695e49ac02b6f76daee1d39919959a4aa8a84f49c7d93d5a5dc3caa2ff,0.35923691699281335
3,scaled-mse,1,0.2,0.9,111,r3_scaled-mse_sigma1_lr0.2,36,ok,,0.35317669608170504,6.123092667878377,0.4441968196406117,0.12837288087613677,6f4599f803588363f7f3f06a30082972087391773f80fd6d7eb3eadc6484859e,ff013eda1d426d67006a334f6583897c614d689f5823b14c442be63e78bb3962,46ec6552ea8abd2c67a85ebf993bb74a1984e0f557904f8a35ae4eb6d2b596da,28b0ebbf9be5e833a1d38468d7218b52b6eca83c2a9f1c6221ed279bc5fe306d,0.36454495892394334
3,scaled-mse,1,0.2,0.9,112,r3_scaled-mse_sigma1_lr0.2,36,ok,,0.4174899583086049,6.05814538056058,0.41427336331046494,0.12179636881327668,23158049f8a287709543a55b89f8943218b08cba397a67e034633640e70c99f6,3dd0b47c3c1ce23069083c16d0c2272714da54db5025db5646fd1228b010a5e8,b0126d22db14df8032614d0be237f7ba7f8faae015df79310d48a47a7e019709,ef7c966740418fd6a40b794df00c0c243906c71043c6b0f768b5a1adf85a9eef,0.3616347500355914
3,scaled-mse,1,0.2,0.9,113,r3_scaled-mse_sigma1_lr0.2,36,ok,,0.4244025497310778,6.008191670403042,0.39421961375352,0.11984276258107007,1130bcd06d370ab57f1bc3a67409c755b267648b80a0f46e840060bb010d3ab8,db95c591d5ad7a1f08531cf0e04985b931fc730f28e8ed47b8c7c5d8ecd8db0c,494a09d0cb32c8fd575150abd91ad12074451b075c550159cd5a0edda3ce9c1b,c68fb172bb60d66f359aa28c9948d748b520f4271b111e5de41911067a4f354b,0.36395291704684496
3,scaled-mse,1,0.2,0.9,114,r3_scaled-mse_sigma1_lr0.2,36,ok,,0.4074691378671916,6.128760489664344,0.43647430641339185,0.1287599203919506,c8a7a565f4c34afcedf377bd8a33aee023bbafec99430b278d5183f906311b3e,52ceac77e1e0c99a5de90b23d52d3e2f15eb08da92d5b6842d3e92834a138f22,9fc9306ab4737b5804dc59a07264243c6abc622ca16efa0cd4d6bddf38b05e36,c33ca7855f00a693f1f0af550d168ba9c880c362927ac4b9858046f2d8b7a17c,0.3639727500267327
3,scaled-mse,1,0.2,0.9,115,r3_scaled-mse_sigma1_lr0.2,36,ok,,0.4146835819044742,5.973316065772181,0.3841796227995866,0.1148697072170764,21e3187a25ce542a7fda12331f6df5573b7aa9cfb19c4d6a1242f48e9ab77257,c3a0cabd7487508470d585545f7b6a856897b0410105302f1b4d5c12944c190d,fae9b80b4b9bbecd172da441f7a298732dc4ec9c5fd56650a16ee48bf4f2164a,2979b01fffc02f60db951ba7c3ab40b94b411246fd1d648f7c1e046da8b55f29,0.3644315410638228
3,scaled-mse,1,0.2,0.9,116,r3_scaled-mse_sigma1_lr0.2,36,ok,,0.4006951637411333,6.06982391979574,0.39847773807970077,0.12153571011430875,b240340bda42b13e461b839e854e8931eb9b197c11fad589d1f07877b5a6c105,0d285e8573294ff0f8d626c9d7c79b1ffa6d14fb3071ba7be902aa48627a1c7e,67eaeaae05cc33550f061649f99bb92951375c55491458d36e2f1c224114a8b1,8944d8f9094422671c06b3f2af086555200354f4f465fe9295a66b6f28ee7466,0.3461869159946218
3,scaled-mse,1,0.2,0.9,117,r3_scaled-mse_sigma1_lr0.2,36,ok,,0.4348042826052023,6.046166774295119,0.39896452950904543,0.11809350073467745,2ff937c83d36f7b3a5406c91e8755c50ce932575e34db68925452587b0ab77d6,32821079a74fe63f445d951a557ad18447fced01821fc77b6b8d137d2fe48881,6d2e8203ab09f7481803ba6cac1d0fef11989f0d29cc5ddaeca62054fed6f238,4ce67a52451597cfc11fd97edf40aa34eb1b5c997198bd1076c33fe083bdd43e,0.3485354579752311
3,scaled-mse,1,0.2,0.9,118,r3_scaled-mse_sigma1_lr0.2,36,ok,,0.3034159684796438,6.014830525620279,0.43173560833545416,0.12390811959227534,f9372f8f74b3a18b86f9a9dd960278381003e836073cde71119d3b892dde9434,ffdd2708cda2855a18fd4a81398631fadb59f1610b8dd3d36eefe8f678572c16,3672d037714419789c221c8c7564a09d4bd2e60bbf08a0fa3cd13f9a40a45c57,7bd60133923f8534362210d3aca0aff74ce000224bd76127dd7b0bce56ccb362,0.34886491706129164
3,scaled-mse,1,0.2,0.9,119,r3_scaled-mse_sigma1_lr0.2,36,ok,,0.3038172141072579,5.957336843857021,0.42933629564800047,0.12665420721616014,9cc5a5818d004f0f1492c246ba3ab8685b2df3f7dfd15cdf113ebebec42d8dee,01bf4e2b10f88360652600d185a9d719f05502f25f089d70da96eafa7fe4dfe3,a56289775eec0ce432a321db146cf9b88569ccab3daaa3aefaeb57ea0050cb73,64ada1b3e94d843469b9e745b7a15decfea54282d3d3fdc06c17e9cdcea8dc5b,0.37095837492961437
3,scaled-mse,1,0.2,0.9,120,r3_scaled-mse_sigma1_lr0.2,36,ok,,0.3429556020954742,6.056426787233594,0.44604825099401013,0.13113818579223896,69e5aaf107b63f46b6b057dfe99d3189e4f485b9649136f1718f398f646e43c6,dff4b17a330f664ec4d31f507c7603e7842ac94d65226c760d6e78cfa953aeb7,be8ede604a893ee87034e6fb596cea91ea3be8f191d448807bebae1ef6fbfe79,d8e50e695e49ac02b6f76daee1d39919959a4aa8a84f49c7d93d5a5dc3caa2ff,0.37020395800936967
4,mse,1,0.005,0.9,111,r4_mse_sigma1_lr0.005,48,ok,,0.8001094184622748,6.509019760095119,0.39167762296004205,0.11319483303545215,6f4599f803588363f7f3f06a30082972087391773f80fd6d7eb3eadc6484859e,ff013eda1d426d67006a334f6583897c614d689f5823b14c442be63e78bb3962,46ec6552ea8abd2c67a85ebf993bb74a1984e0f557904f8a35ae4eb6d2b596da,d59d43420c9129a49d4e4aa149c529c6e0cbc3f6e3f83610204fc311412d67e5,0.5269277079496533
4,mse,1,0.005,0.9,112,r4_mse_sigma1_lr0.005,48,ok,,0.7516238582723298,6.39028775137664,0.3782638493411692,0.11120957170630373,23158049f8a287709543a55b89f8943218b08cba397a67e034633640e70c99f6,3dd0b47c3c1ce23069083c16d0c2272714da54db5025db5646fd1228b010a5e8,b0126d22db14df8032614d0be237f7ba7f8faae015df79310d48a47a7e019709,889fcea4602e0d08ee4021f00203d655dcb8d5e70709f4efb56844c28ea0e74c,0.5093358750455081
4,mse,1,0.005,0.9,113,r4_mse_sigma1_lr0.005,48,ok,,0.8267510688134836,6.365939196561845,0.3958875266685303,0.1203498081072332,1130bcd06d370ab57f1bc3a67409c755b267648b80a0f46e840060bb010d3ab8,db95c591d5ad7a1f08531cf0e04985b931fc730f28e8ed47b8c7c5d8ecd8db0c,494a09d0cb32c8fd575150abd91ad12074451b075c550159cd5a0edda3ce9c1b,f16642197b525fd13d6256e464b0e7fa2a58d7c9a10bd02c003ee0dc3c54951c,0.5130297919968143
4,mse,1,0.005,0.9,114,r4_mse_sigma1_lr0.005,48,ok,,0.7999222084936324,6.474144194942613,0.3724896889877363,0.10988445825138221,c8a7a565f4c34afcedf377bd8a33aee023bbafec99430b278d5183f906311b3e,52ceac77e1e0c99a5de90b23d52d3e2f15eb08da92d5b6842d3e92834a138f22,9fc9306ab4737b5804dc59a07264243c6abc622ca16efa0cd4d6bddf38b05e36,b866245d1a511ec78b1c46ad9c5b7c24ae305d3a4597eadd1513f9251448aada,0.49492762493900955
4,mse,1,0.005,0.9,115,r4_mse_sigma1_lr0.005,48,ok,,0.7799507876757806,6.299357476910215,0.3571682494198145,0.10679330657652454,21e3187a25ce542a7fda12331f6df5573b7aa9cfb19c4d6a1242f48e9ab77257,c3a0cabd7487508470d585545f7b6a856897b0410105302f1b4d5c12944c190d,fae9b80b4b9bbecd172da441f7a298732dc4ec9c5fd56650a16ee48bf4f2164a,511a9fee1d8f467003479f0b9dcb30337ee1a68e067dcc991d5efeaa1c30f3ca,0.4854185419389978
4,mse,1,0.005,0.9,116,r4_mse_sigma1_lr0.005,48,ok,,0.8968452156986315,6.5875401707508265,0.3690944499916726,0.11257380724746015,b240340bda42b13e461b839e854e8931eb9b197c11fad589d1f07877b5a6c105,0d285e8573294ff0f8d626c9d7c79b1ffa6d14fb3071ba7be902aa48627a1c7e,67eaeaae05cc33550f061649f99bb92951375c55491458d36e2f1c224114a8b1,cef618fe0fa48343569619b7334137da0e397721eb3a078c08871e9e4193d1f5,0.4924864999484271
4,mse,1,0.005,0.9,117,r4_mse_sigma1_lr0.005,48,ok,,1.1716725719809091,6.82589734265271,0.3524300365425348,0.10431929081659029,2ff937c83d36f7b3a5406c91e8755c50ce932575e34db68925452587b0ab77d6,32821079a74fe63f445d951a557ad18447fced01821fc77b6b8d137d2fe48881,6d2e8203ab09f7481803ba6cac1d0fef11989f0d29cc5ddaeca62054fed6f238,e0b9f294b820a1aa278f5cd75720af9014c99374da05d571d878890a160e022a,0.49315283296164125
4,mse,1,0.005,0.9,118,r4_mse_sigma1_lr0.005,48,ok,,1.0294745503549918,6.757905327186053,0.3787032875383816,0.10868784352351553,f9372f8f74b3a18b86f9a9dd960278381003e836073cde71119d3b892dde9434,ffdd2708cda2855a18fd4a81398631fadb59f1610b8dd3d36eefe8f678572c16,3672d037714419789c221c8c7564a09d4bd2e60bbf08a0fa3cd13f9a40a45c57,bf34f477abb16f7800703a8aa5ac322b03f582a20f996d74e68f001cf9732cdb,0.5087252920493484
4,mse,1,0.005,0.9,119,r4_mse_sigma1_lr0.005,48,ok,,0.9198912294519145,6.485739995189001,0.3904506425655607,0.1151829395568404,9cc5a5818d004f0f1492c246ba3ab8685b2df3f7dfd15cdf113ebebec42d8dee,01bf4e2b10f88360652600d185a9d719f05502f25f089d70da96eafa7fe4dfe3,a56289775eec0ce432a321db146cf9b88569ccab3daaa3aefaeb57ea0050cb73,152370bb377ea714cfc078c2235d0ba001bfe1626af828d19a441d0c68fa2f0a,0.513695958070457
4,mse,1,0.005,0.9,120,r4_mse_sigma1_lr0.005,48,ok,,0.8865211453077014,6.554231746888662,0.3758567341780708,0.11050187984835282,69e5aaf107b63f46b6b057dfe99d3189e4f485b9649136f1718f398f646e43c6,dff4b17a330f664ec4d31f507c7603e7842ac94d65226c760d6e78cfa953aeb7,be8ede604a893ee87034e6fb596cea91ea3be8f191d448807bebae1ef6fbfe79,c8a464e3dc5900b1823e47278ccc6047977a95a0a6e7739b20457a50c75e991c,0.504069917020388
4,mse,1,0.01,0.9,111,r4_mse_sigma1_lr0.01,48,ok,,0.581149500776339,6.3242382638881365,0.40787410585594475,0.11787561659236803,6f4599f803588363f7f3f06a30082972087391773f80fd6d7eb3eadc6484859e,ff013eda1d426d67006a334f6583897c614d689f5823b14c442be63e78bb3962,46ec6552ea8abd2c67a85ebf993bb74a1984e0f557904f8a35ae4eb6d2b596da,d59d43420c9129a49d4e4aa149c529c6e0cbc3f6e3f83610204fc311412d67e5,0.4890669590095058
4,mse,1,0.01,0.9,112,r4_mse_sigma1_lr0.01,48,ok,,0.545182934570491,6.205086648171171,0.37504646897595945,0.11026366187893208,23158049f8a287709543a55b89f8943218b08cba397a67e034633640e70c99f6,3dd0b47c3c1ce23069083c16d0c2272714da54db5025db5646fd1228b010a5e8,b0126d22db14df8032614d0be237f7ba7f8faae015df79310d48a47a7e019709,889fcea4602e0d08ee4021f00203d655dcb8d5e70709f4efb56844c28ea0e74c,0.49251020792871714
4,mse,1,0.01,0.9,113,r4_mse_sigma1_lr0.01,48,ok,,0.6247583837056162,6.212900100348851,0.38927615789899694,0.11833995200129507,1130bcd06d370ab57f1bc3a67409c755b267648b80a0f46e840060bb010d3ab8,db95c591d5ad7a1f08531cf0e04985b931fc730f28e8ed47b8c7c5d8ecd8db0c,494a09d0cb32c8fd575150abd91ad12074451b075c550159cd5a0edda3ce9c1b,f16642197b525fd13d6256e464b0e7fa2a58d7c9a10bd02c003ee0dc3c54951c,0.5042767089325935
4,mse,1,0.01,0.9,114,r4_mse_sigma1_lr0.01,48,ok,,0.5044151788026736,6.184942493575225,0.38422254589801946,0.11334565103991574,c8a7a565f4c34afcedf377bd8a33aee023bbafec99430b278d5183f906311b3e,52ceac77e1e0c99a5de90b23d52d3e2f15eb08da92d5b6842d3e92834a138f22,9fc9306ab4737b5804dc59a07264243c6abc622ca16efa0cd4d6bddf38b05e36,b866245d1a511ec78b1c46ad9c5b7c24ae305d3a4597eadd1513f9251448aada,0.48439179197885096
4,mse,1,0.01,0.9,115,r4_mse_sigma1_lr0.01,48,ok,,0.6469025114440609,6.190955879944753,0.37084266576087743,0.11088195706250235,21e3187a25ce542a7fda12331f6df5573b7aa9cfb19c4d6a1242f48e9ab77257,c3a0cabd7487508470d585545f7b6a856897b0410105302f1b4d5c12944c190d,fae9b80b4b9bbecd172da441f7a298732dc4ec9c5fd56650a16ee48bf4f2164a,511a9fee1d8f467003479f0b9dcb30337ee1a68e067dcc991d5efeaa1c30f3ca,0.4775889168959111
4,mse,1,0.01,0.9,116,r4_mse_sigma1_lr0.01,48,ok,,0.6950675939529628,6.404752219268767,0.4037887555944069,0.1231555704562941,b240340bda42b13e461b839e854e8931eb9b197c11fad589d1f07877b5a6c105,0d285e8573294ff0f8d626c9d7c79b1ffa6d14fb3071ba7be902aa48627a1c7e,67eaeaae05cc33550f061649f99bb92951375c55491458d36e2f1c224114a8b1,cef618fe0fa48343569619b7334137da0e397721eb3a078c08871e9e4193d1f5,0.48502991697750986
4,mse,1,0.01,0.9,117,r4_mse_sigma1_lr0.01,48,ok,,0.7279135208052671,6.38834044016515,0.3641255509043737,0.10778116306769463,2ff937c83d36f7b3a5406c91e8755c50ce932575e34db68925452587b0ab77d6,32821079a74fe63f445d951a557ad18447fced01821fc77b6b8d137d2fe48881,6d2e8203ab09f7481803ba6cac1d0fef11989f0d29cc5ddaeca62054fed6f238,e0b9f294b820a1aa278f5cd75720af9014c99374da05d571d878890a160e022a,0.48496362497098744
4,mse,1,0.01,0.9,118,r4_mse_sigma1_lr0.01,48,ok,,0.5623161398105859,6.332220080016765,0.40135083876433914,0.11518769072536533,f9372f8f74b3a18b86f9a9dd960278381003e836073cde71119d3b892dde9434,ffdd2708cda2855a18fd4a81398631fadb59f1610b8dd3d36eefe8f678572c16,3672d037714419789c221c8c7564a09d4bd2e60bbf08a0fa3cd13f9a40a45c57,bf34f477abb16f7800703a8aa5ac322b03f582a20f996d74e68f001cf9732cdb,0.4989176670787856
4,mse,1,0.01,0.9,119,r4_mse_sigma1_lr0.01,48,ok,,0.8108816141555255,6.4130494206875195,0.3954192587740269,0.11664868133833793,9cc5a5818d004f0f1492c246ba3ab8685b2df3f7dfd15cdf113ebebec42d8dee,01bf4e2b10f88360652600d185a9d719f05502f25f089d70da96eafa7fe4dfe3,a56289775eec0ce432a321db146cf9b88569ccab3daaa3aefaeb57ea0050cb73,152370bb377ea714cfc078c2235d0ba001bfe1626af828d19a441d0c68fa2f0a,0.48135479097254574
4,mse,1,0.01,0.9,120,r4_mse_sigma1_lr0.01,48,ok,,0.6350641503734896,6.300958972050175,0.4105294933755725,0.12069567105241831,69e5aaf107b63f46b6b057dfe99d3189e4f485b9649136f1718f398f646e43c6,dff4b17a330f664ec4d31f507c7603e7842ac94d65226c760d6e78cfa953aeb7,be8ede604a893ee87034e6fb596cea91ea3be8f191d448807bebae1ef6fbfe79,c8a464e3dc5900b1823e47278ccc6047977a95a0a6e7739b20457a50c75e991c,0.4668241669423878
4,mse,1,0.02,0.9,111,r4_mse_sigma1_lr0.02,48,ok,,0.5353276188476491,6.327746656289847,0.40471606032315904,0.11696294143339296,6f4599f803588363f7f3f06a30082972087391773f80fd6d7eb3eadc6484859e,ff013eda1d426d67006a334f6583897c614d689f5823b14c442be63e78bb3962,46ec6552ea8abd2c67a85ebf993bb74a1984e0f557904f8a35ae4eb6d2b596da,d59d43420c9129a49d4e4aa149c529c6e0cbc3f6e3f83610204fc311412d67e5,0.48610145901329815
4,mse,1,0.02,0.9,112,r4_mse_sigma1_lr0.02,48,ok,,0.44454410541676154,6.08263035265386,0.4100165129452623,0.12054485480590713,23158049f8a287709543a55b89f8943218b08cba397a67e034633640e70c99f6,3dd0b47c3c1ce23069083c16d0c2272714da54db5025db5646fd1228b010a5e8,b0126d22db14df8032614d0be237f7ba7f8faae015df79310d48a47a7e019709,889fcea4602e0d08ee4021f00203d655dcb8d5e70709f4efb56844c28ea0e74c,0.4899147910764441
4,mse,1,0.02,0.9,113,r4_mse_sigma1_lr0.02,48,ok,,0.5581086168310343,6.168919429390961,0.39039732825598317,0.11868078778981887,1130bcd06d370ab57f1bc3a67409c755b267648b80a0f46e840060bb010d3ab8,db95c591d5ad7a1f08531cf0e04985b931fc730f28e8ed47b8c7c5d8ecd8db0c,494a09d0cb32c8fd575150abd91ad12074451b075c550159cd5a0edda3ce9c1b,f16642197b525fd13d6256e464b0e7fa2a58d7c9a10bd02c003ee0dc3c54951c,0.4829332500230521
4,mse,1,0.02,0.9,114,r4_mse_sigma1_lr0.02,48,ok,,0.49219943981666153,6.176013753379626,0.40205834593549594,0.1186072120509713,c8a7a565f4c34afcedf377bd8a33aee023bbafec99430b278d5183f906311b3e,52ceac77e1e0c99a5de90b23d52d3e2f15eb08da92d5b6842d3e92834a138f22,9fc9306ab4737b5804dc59a07264243c6abc622ca16efa0cd4d6bddf38b05e36,b866245d1a511ec78b1c46ad9c5b7c24ae305d3a4597eadd1513f9251448aada,0.4835177499335259
4,mse,1,0.02,0.9,115,r4_mse_sigma1_lr0.02,48,ok,,0.5194671117909391,6.064369391173982,0.39050719593145145,0.11676165158350398,21e3187a25ce542a7fda12331f6df5573b7aa9cfb19c4d6a1242f48e9ab77257,c3a0cabd7487508470d585545f7b6a856897b0410105302f1b4d5c12944c190d,fae9b80b4b9bbecd172da441f7a298732dc4ec9c5fd56650a16ee48bf4f2164a,511a9fee1d8f467003479f0b9dcb30337ee1a68e067dcc991d5efeaa1c30f3ca,0.5240921250078827
4,mse,1,0.02,0.9,116,r4_mse_sigma1_lr0.02,48,ok,,0.48366700375046967,6.162470102020352,0.4164099332154874,0.12700502963072366,b240340bda42b13e461b839e854e8931eb9b197c11fad589d1f07877b5a6c105,0d285e8573294ff0f8d626c9d7c79b1ffa6d14fb3071ba7be902aa48627a1c7e,67eaeaae05cc33550f061649f99bb92951375c55491458d36e2f1c224114a8b1,cef618fe0fa48343569619b7334137da0e397721eb3a078c08871e9e4193d1f5,0.5173386660171673
4,mse,1,0.02,0.9,117,r4_mse_sigma1_lr0.02,48,ok,,0.4486763410892817,6.067918097711367,0.4358169067483133,0.12900180439750072,2ff937c83d36f7b3a5406c91e8755c50ce932575e34db68925452587b0ab77d6,32821079a74fe63f445d951a557ad18447fced01821fc77b6b8d137d2fe48881,6d2e8203ab09f7481803ba6cac1d0fef11989f0d29cc5ddaeca62054fed6f238,e0b9f294b820a1aa278f5cd75720af9014c99374da05d571d878890a160e022a,0.5088990840595216
4,mse,1,0.02,0.9,118,r4_mse_sigma1_lr0.02,48,ok,,0.48800899480757365,6.231089883818059,0.39429101963810553,0.11316152263613628,f9372f8f74b3a18b86f9a9dd960278381003e836073cde71119d3b892dde9434,ffdd2708cda2855a18fd4a81398631fadb59f1610b8dd3d36eefe8f678572c16,3672d037714419789c221c8c7564a09d4bd2e60bbf08a0fa3cd13f9a40a45c57,bf34f477abb16f7800703a8aa5ac322b03f582a20f996d74e68f001cf9732cdb,0.487107333028689
4,mse,1,0.02,0.9,119,r4_mse_sigma1_lr0.02,48,ok,,0.42262858334823394,6.02762060415636,0.43456514005167624,0.12819671631524449,9cc5a5818d004f0f1492c246ba3ab8685b2df3f7dfd15cdf113ebebec42d8dee,01bf4e2b10f88360652600d185a9d719f05502f25f089d70da96eafa7fe4dfe3,a56289775eec0ce432a321db146cf9b88569ccab3daaa3aefaeb57ea0050cb73,152370bb377ea714cfc078c2235d0ba001bfe1626af828d19a441d0c68fa2f0a,0.4861405410338193
4,mse,1,0.02,0.9,120,r4_mse_sigma1_lr0.02,48,ok,,0.495958639462896,6.184691048740401,0.4285470940381237,0.12599284564720836,69e5aaf107b63f46b6b057dfe99d3189e4f485b9649136f1718f398f646e43c6,dff4b17a330f664ec4d31f507c7603e7842ac94d65226c760d6e78cfa953aeb7,be8ede604a893ee87034e6fb596cea91ea3be8f191d448807bebae1ef6fbfe79,c8a464e3dc5900b1823e47278ccc6047977a95a0a6e7739b20457a50c75e991c,0.47206329100299627
4,mse,1,0.05,0.9,111,r4_mse_sigma1_lr0.05,48,ok,,0.4546104370630114,6.209103005838352,0.42213152206661964,0.12199600987725308,6f4599f803588363f7f3f06a30082972087391773f80fd6d7eb3eadc6484859e,ff013eda1d426d67006a334f6583897c614d689f5823b14c442be63e78bb3962,46ec6552ea8abd2c67a85ebf993bb74a1984e0f557904f8a35ae4eb6d2b596da,d59d43420c9129a49d4e4aa149c529c6e0cbc3f6e3f83610204fc311412d67e5,0.490198666928336
4,mse,1,0.05,0.9,112,r4_mse_sigma1_lr0.05,48,ok,,0.4571841344639375,6.094502741327069,0.41027540359617826,0.12062096865727641,23158049f8a287709543a55b89f8943218b08cba397a67e034633640e70c99f6,3dd0b47c3c1ce23069083c16d0c2272714da54db5025db5646fd1228b010a5e8,b0126d22db14df8032614d0be237f7ba7f8faae015df79310d48a47a7e019709,889fcea4602e0d08ee4021f00203d655dcb8d5e70709f4efb56844c28ea0e74c,0.45641387498471886
4,mse,1,0.05,0.9,113,r4_mse_sigma1_lr0.05,48,ok,,0.5097047600634641,6.099404631702782,0.41586985400681475,0.12642443561807168,1130bcd06d370ab57f1bc3a67409c755b267648b80a0f46e840060bb010d3ab8,db95c591d5ad7a1f08531cf0e04985b931fc730f28e8ed47b8c7c5d8ecd8db0c,494a09d0cb32c8fd575150abd91ad12074451b075c550159cd5a0edda3ce9c1b,f16642197b525fd13d6256e464b0e7fa2a58d7c9a10bd02c003ee0dc3c54951c,0.4907102499855682
4,mse,1,0.05,0.9,114,r4_mse_sigma1_lr0.05,48,ok,,0.4645773692190399,6.147093753630243,0.40205051067497705,0.11860490064911823,c8a7a565f4c34afcedf377bd8a33aee023bbafec99430b278d5183f906311b3e,52ceac77e1e0c99a5de90b23d52d3e2f15eb08da92d5b6842d3e92834a138f22,9fc9306ab4737b5804dc59a07264243c6abc622ca16efa0cd4d6bddf38b05e36,b866245d1a511ec78b1c46ad9c5b7c24ae305d3a4597eadd1513f9251448aada,0.4885951669421047
4,mse,1,0.05,0.9,115,r4_mse_sigma1_lr0.05,48,ok,,0.4950981379002696,6.0581501299051155,0.4266583032288205,0.12757083266541733,21e3187a25ce542a7fda12331f6df5573b7aa9cfb19c4d6a1242f48e9ab77257,c3a0cabd7487508470d585545f7b6a856897b0410105302f1b4d5c12944c190d,fae9b80b4b9bbecd172da441f7a298732dc4ec9c5fd56650a16ee48bf4f2164a,511a9fee1d8f467003479f0b9dcb30337ee1a68e067dcc991d5efeaa1c30f3ca,0.5164312500273809
4,mse,1,0.05,0.9,116,r4_mse_sigma1_lr0.05,48,ok,,0.4799532203896473,6.166209241531634,0.39246390837134587,0.1197014920532605,b240340bda42b13e461b839e854e8931eb9b197c11fad589d1f07877b5a6c105,0d285e8573294ff0f8d626c9d7c79b1ffa6d14fb3071ba7be902aa48627a1c7e,67eaeaae05cc33550f061649f99bb92951375c55491458d36e2f1c224114a8b1,cef618fe0fa48343569619b7334137da0e397721eb3a078c08871e9e4193d1f5,0.5180802919203416
4,mse,1,0.05,0.9,117,r4_mse_sigma1_lr0.05,48,ok,,0.4443392376714078,6.051150538983755,0.42255256862372326,0.1250755603126221,2ff937c83d36f7b3a5406c91e8755c50ce932575e34db68925452587b0ab77d6,32821079a74fe63f445d951a557ad18447fced01821fc77b6b8d137d2fe48881,6d2e8203ab09f7481803ba6cac1d0fef11989f0d29cc5ddaeca62054fed6f238,e0b9f294b820a1aa278f5cd75720af9014c99374da05d571d878890a160e022a,0.5173655839171261
4,mse,1,0.05,0.9,118,r4_mse_sigma1_lr0.05,48,ok,,0.4243486839994617,6.142766638368413,0.4276459838418885,0.12273439736262201,f9372f8f74b3a18b86f9a9dd960278381003e836073cde71119d3b892dde9434,ffdd2708cda2855a18fd4a81398631fadb59f1610b8dd3d36eefe8f678572c16,3672d037714419789c221c8c7564a09d4bd2e60bbf08a0fa3cd13f9a40a45c57,bf34f477abb16f7800703a8aa5ac322b03f582a20f996d74e68f001cf9732cdb,0.5283516669878736
4,mse,1,0.05,0.9,119,r4_mse_sigma1_lr0.05,48,ok,,0.44471378974254266,6.075603726354038,0.41242235703190816,0.12166459532441291,9cc5a5818d004f0f1492c246ba3ab8685b2df3f7dfd15cdf113ebebec42d8dee,01bf4e2b10f88360652600d185a9d719f05502f25f089d70da96eafa7fe4dfe3,a56289775eec0ce432a321db146cf9b88569ccab3daaa3aefaeb57ea0050cb73,152370bb377ea714cfc078c2235d0ba001bfe1626af828d19a441d0c68fa2f0a,0.519602540996857
4,mse,1,0.05,0.9,120,r4_mse_sigma1_lr0.05,48,ok,,0.43096669889783873,6.119278059830815,0.4157115306771302,0.12221919001907626,69e5aaf107b63f46b6b057dfe99d3189e4f485b9649136f1718f398f646e43c6,dff4b17a330f664ec4d31f507c7603e7842ac94d65226c760d6e78cfa953aeb7,be8ede604a893ee87034e6fb596cea91ea3be8f191d448807bebae1ef6fbfe79,c8a464e3dc5900b1823e47278ccc6047977a95a0a6e7739b20457a50c75e991c,0.5056018750183284
4,mse,1,0.1,0.9,111,r4_mse_sigma1_lr0.1,48,ok,,0.4582495100602756,6.238289710887633,0.4000341589038861,0.11560987192322308,6f4599f803588363f7f3f06a30082972087391773f80fd6d7eb3eadc6484859e,ff013eda1d426d67006a334f6583897c614d689f5823b14c442be63e78bb3962,46ec6552ea8abd2c67a85ebf993bb74a1984e0f557904f8a35ae4eb6d2b596da,d59d43420c9129a49d4e4aa149c529c6e0cbc3f6e3f83610204fc311412d67e5,0.5147868749918416
4,mse,1,0.1,0.9,112,r4_mse_sigma1_lr0.1,48,ok,,0.45580703766610964,6.092961693668407,0.41403942046622716,0.1217275896170708,23158049f8a287709543a55b89f8943218b08cba397a67e034633640e70c99f6,3dd0b47c3c1ce23069083c16d0c2272714da54db5025db5646fd1228b010a5e8,b0126d22db14df8032614d0be237f7ba7f8faae015df79310d48a47a7e019709,889fcea4602e0d08ee4021f00203d655dcb8d5e70709f4efb56844c28ea0e74c,0.5284724169177935
4,mse,1,0.1,0.9,113,r4_mse_sigma1_lr0.1,48,ok,,0.4593484675043468,6.027948162511227,0.400038804162156,0.12161179646529541,1130bcd06d370ab57f1bc3a67409c755b267648b80a0f46e840060bb010d3ab8,db95c591d5ad7a1f08531cf0e04985b931fc730f28e8ed47b8c7c5d8ecd8db0c,494a09d0cb32c8fd575150abd91ad12074451b075c550159cd5a0edda3ce9c1b,f16642197b525fd13d6256e464b0e7fa2a58d7c9a10bd02c003ee0dc3c54951c,0.530847541987896
4,mse,1,0.1,0.9,114,r4_mse_sigma1_lr0.1,48,ok,,0.6840872513656076,6.363985184296398,0.3823590996777267,0.11279593440492937,c8a7a565f4c34afcedf377bd8a33aee023bbafec99430b278d5183f906311b3e,52ceac77e1e0c99a5de90b23d52d3e2f15eb08da92d5b6842d3e92834a138f22,9fc9306ab4737b5804dc59a07264243c6abc622ca16efa0cd4d6bddf38b05e36,b866245d1a511ec78b1c46ad9c5b7c24ae305d3a4597eadd1513f9251448aada,0.4949397089658305
4,mse,1,0.1,0.9,115,r4_mse_sigma1_lr0.1,48,ok,,0.5619828399833618,6.114185110219905,0.3968360626596384,0.11865398273523188,21e3187a25ce542a7fda12331f6df5573b7aa9cfb19c4d6a1242f48e9ab77257,c3a0cabd7487508470d585545f7b6a856897b0410105302f1b4d5c12944c190d,fae9b80b4b9bbecd172da441f7a298732dc4ec9c5fd56650a16ee48bf4f2164a,511a9fee1d8f467003479f0b9dcb30337ee1a68e067dcc991d5efeaa1c30f3ca,0.4843106670305133
4,mse,1,0.1,0.9,116,r4_mse_sigma1_lr0.1,48,ok,,0.5124393268809537,6.209151844885145,0.3851916130760948,0.11748344198820891,b240340bda42b13e461b839e854e8931eb9b197c11fad589d1f07877b5a6c105,0d285e8573294ff0f8d626c9d7c79b1ffa6d14fb3071ba7be902aa48627a1c7e,67eaeaae05cc33550f061649f99bb92951375c55491458d36e2f1c224114a8b1,cef618fe0fa48343569619b7334137da0e397721eb3a078c08871e9e4193d1f5,0.4747409999836236
4,mse,1,0.1,0.9,117,r4_mse_sigma1_lr0.1,48,ok,,0.47821466955835495,6.119755697819781,0.42089759495557366,0.1245856881068498,2ff937c83d36f7b3a5406c91e8755c50ce932575e34db68925452587b0ab77d6,32821079a74fe63f445d951a557ad18447fced01821fc77b6b8d137d2fe48881,6d2e8203ab09f7481803ba6cac1d0fef11989f0d29cc5ddaeca62054fed6f238,e0b9f294b820a1aa278f5cd75720af9014c99374da05d571d878890a160e022a,0.4532894170843065
4,mse,1,0.1,0.9,118,r4_mse_sigma1_lr0.1,48,ok,,1.659596655477457,7.3334307785958135,0.3088692389351574,0.08864547157439018,f9372f8f74b3a18b86f9a9dd960278381003e836073cde71119d3b892dde9434,ffdd2708cda2855a18fd4a81398631fadb59f1610b8dd3d36eefe8f678572c16,3672d037714419789c221c8c7564a09d4bd2e60bbf08a0fa3cd13f9a40a45c57,bf34f477abb16f7800703a8aa5ac322b03f582a20f996d74e68f001cf9732cdb,0.4321117920335382
4,mse,1,0.1,0.9,119,r4_mse_sigma1_lr0.1,48,ok,,2.4039046393574726,8.057288893872435,0.30505921814850867,0.08999246935381007,9cc5a5818d004f0f1492c246ba3ab8685b2df3f7dfd15cdf113ebebec42d8dee,01bf4e2b10f88360652600d185a9d719f05502f25f089d70da96eafa7fe4dfe3,a56289775eec0ce432a321db146cf9b88569ccab3daaa3aefaeb57ea0050cb73,152370bb377ea714cfc078c2235d0ba001bfe1626af828d19a441d0c68fa2f0a,0.4361578330863267
4,mse,1,0.1,0.9,120,r4_mse_sigma1_lr0.1,48,ok,,1.7231983412279284,7.346170219654812,0.32278594165126506,0.09489906684547193,69e5aaf107b63f46b6b057dfe99d3189e4f485b9649136f1718f398f646e43c6,dff4b17a330f664ec4d31f507c7603e7842ac94d65226c760d6e78cfa953aeb7,be8ede604a893ee87034e6fb596cea91ea3be8f191d448807bebae1ef6fbfe79,c8a464e3dc5900b1823e47278ccc6047977a95a0a6e7739b20457a50c75e991c,0.42670779197942466
4,mse,1,0.2,0.9,111,r4_mse_sigma1_lr0.2,48,ok,,0.4021841454843289,6.181931043034052,0.40815146661671686,0.11795577385223117,6f4599f803588363f7f3f06a30082972087391773f80fd6d7eb3eadc6484859e,ff013eda1d426d67006a334f6583897c614d689f5823b14c442be63e78bb3962,46ec6552ea8abd2c67a85ebf993bb74a1984e0f557904f8a35ae4eb6d2b596da,d59d43420c9129a49d4e4aa149c529c6e0cbc3f6e3f83610204fc311412d67e5,0.42718237510416657
4,mse,1,0.2,0.9,112,r4_mse_sigma1_lr0.2,48,ok,,0.36805596494960546,5.960527665276028,0.42348295042002965,0.12450398742348873,23158049f8a287709543a55b89f8943218b08cba397a67e034633640e70c99f6,3dd0b47c3c1ce23069083c16d0c2272714da54db5025db5646fd1228b010a5e8,b0126d22db14df8032614d0be237f7ba7f8faae015df79310d48a47a7e019709,889fcea4602e0d08ee4021f00203d655dcb8d5e70709f4efb56844c28ea0e74c,0.43592741701286286
4,mse,1,0.2,0.9,113,r4_mse_sigma1_lr0.2,48,ok,,1.9801369444343677,7.566833161580562,0.32782352718118446,0.09965835226308008,1130bcd06d370ab57f1bc3a67409c755b267648b80a0f46e840060bb010d3ab8,db95c591d5ad7a1f08531cf0e04985b931fc730f28e8ed47b8c7c5d8ecd8db0c,494a09d0cb32c8fd575150abd91ad12074451b075c550159cd5a0edda3ce9c1b,f16642197b525fd13d6256e464b0e7fa2a58d7c9a10bd02c003ee0dc3c54951c,0.475492125027813
4,mse,1,0.2,0.9,114,r4_mse_sigma1_lr0.2,48,ok,,2.0064110556294406,7.641889710805863,0.3126001940255416,0.09221705723753477,c8a7a565f4c34afcedf377bd8a33aee023bbafec99430b278d5183f906311b3e,52ceac77e1e0c99a5de90b23d52d3e2f15eb08da92d5b6842d3e92834a138f22,9fc9306ab4737b5804dc59a07264243c6abc622ca16efa0cd4d6bddf38b05e36,b866245d1a511ec78b1c46ad9c5b7c24ae305d3a4597eadd1513f9251448aada,0.508894250029698
4,mse,1,0.2,0.9,115,r4_mse_sigma1_lr0.2,48,ok,,0.4772501446439442,6.074692067672793,0.4273061252919705,0.12776453146229919,21e3187a25ce542a7fda12331f6df5573b7aa9cfb19c4d6a1242f48e9ab77257,c3a0cabd7487508470d585545f7b6a856897b0410105302f1b4d5c12944c190d,fae9b80b4b9bbecd172da441f7a298732dc4ec9c5fd56650a16ee48bf4f2164a,511a9fee1d8f467003479f0b9dcb30337ee1a68e067dcc991d5efeaa1c30f3ca,0.5018389170290902
4,mse,1,0.2,0.9,116,r4_mse_sigma1_lr0.2,48,ok,,0.4724430725737884,6.152146135496103,0.39198103531789596,0.11955421577195827,b240340bda42b13e461b839e854e8931eb9b197c11fad589d1f07877b5a6c105,0d285e8573294ff0f8d626c9d7c79b1ffa6d14fb3071ba7be902aa48627a1c7e,67eaeaae05cc33550f061649f99bb92951375c55491458d36e2f1c224114a8b1,cef618fe0fa48343569619b7334137da0e397721eb3a078c08871e9e4193d1f5,0.4567342499503866
4,mse,1,0.2,0.9,117,r4_mse_sigma1_lr0.2,48,ok,,0.4449327801440303,6.102139349570651,0.3954209908312907,0.11704461328606204,2ff937c83d36f7b3a5406c91e8755c50ce932575e34db68925452587b0ab77d6,32821079a74fe63f445d951a557ad18447fced01821fc77b6b8d137d2fe48881,6d2e8203ab09f7481803ba6cac1d0fef11989f0d29cc5ddaeca62054fed6f238,e0b9f294b820a1aa278f5cd75720af9014c99374da05d571d878890a160e022a,0.44678937492426485
4,mse,1,0.2,0.9,118,r4_mse_sigma1_lr0.2,48,ok,,0.36269755683415883,6.1074683198307405,0.4175227998977408,0.11982904357065162,f9372f8f74b3a18b86f9a9dd960278381003e836073cde71119d3b892dde9434,ffdd2708cda2855a18fd4a81398631fadb59f1610b8dd3d36eefe8f678572c16,3672d037714419789c221c8c7564a09d4bd2e60bbf08a0fa3cd13f9a40a45c57,bf34f477abb16f7800703a8aa5ac322b03f582a20f996d74e68f001cf9732cdb,0.4315344999777153
4,mse,1,0.2,0.9,119,r4_mse_sigma1_lr0.2,48,ok,,0.49062783192399784,6.108208455255651,0.3934295157854803,0.1160617071567167,9cc5a5818d004f0f1492c246ba3ab8685b2df3f7dfd15cdf113ebebec42d8dee,01bf4e2b10f88360652600d185a9d719f05502f25f089d70da96eafa7fe4dfe3,a56289775eec0ce432a321db146cf9b88569ccab3daaa3aefaeb57ea0050cb73,152370bb377ea714cfc078c2235d0ba001bfe1626af828d19a441d0c68fa2f0a,0.4314473330741748
4,mse,1,0.2,0.9,120,r4_mse_sigma1_lr0.2,48,ok,,0.41278037870220563,6.136671202688754,0.39973999147500927,0.11752355749365273,69e5aaf107b63f46b6b057dfe99d3189e4f485b9649136f1718f398f646e43c6,dff4b17a330f664ec4d31f507c7603e7842ac94d65226c760d6e78cfa953aeb7,be8ede604a893ee87034e6fb596cea91ea3be8f191d448807bebae1ef6fbfe79,c8a464e3dc5900b1823e47278ccc6047977a95a0a6e7739b20457a50c75e991c,0.4338460420258343
4,parity,0.75,0.02,0.9,111,r4_parity_sigma0.75_lr0.02,48,ok,,0.44787683926314115,6.226112710108802,0.44115979874205086,0.1274951818364527,6f4599f803588363f7f3f06a30082972087391773f80fd6d7eb3eadc6484859e,ff013eda1d426d67006a334f6583897c614d689f5823b14c442be63e78bb3962,8fab7eb1dfc2006c517c0e7e9e69f75a99f3dc01832c43b11c9ba40c9bcd6823,d59d43420c9129a49d4e4aa149c529c6e0cbc3f6e3f83610204fc311412d67e5,0.49068229203112423
4,parity,0.75,0.02,0.9,112,r4_parity_sigma0.75_lr0.02,48,ok,,0.44878628039339824,6.110585525473463,0.4207065521729745,0.12368772633885448,23158049f8a287709543a55b89f8943218b08cba397a67e034633640e70c99f6,3dd0b47c3c1ce23069083c16d0c2272714da54db5025db5646fd1228b010a5e8,02f04c05a341d11e3b57c54926b2dbae6a2e489c24a16657054478fda872ca64,889fcea4602e0d08ee4021f00203d655dcb8d5e70709f4efb56844c28ea0e74c,0.47628641698975116
4,parity,0.75,0.02,0.9,113,r4_parity_sigma0.75_lr0.02,48,ok,,0.4877179631635168,6.124901094100339,0.4310386352788606,0.13103574512477362,1130bcd06d370ab57f1bc3a67409c755b267648b80a0f46e840060bb010d3ab8,db95c591d5ad7a1f08531cf0e04985b931fc730f28e8ed47b8c7c5d8ecd8db0c,1d1668fc7ae6e962f5f3b23083b5cf8c2778125e6999c83b21749b59535e825c,f16642197b525fd13d6256e464b0e7fa2a58d7c9a10bd02c003ee0dc3c54951c,0.47420145804062486
4,parity,0.75,0.02,0.9,114,r4_parity_sigma0.75_lr0.02,48,ok,,0.4425653478024544,6.1237288550943285,0.4066888119286093,0.11997319951893974,c8a7a565f4c34afcedf377bd8a33aee023bbafec99430b278d5183f906311b3e,52ceac77e1e0c99a5de90b23d52d3e2f15eb08da92d5b6842d3e92834a138f22,38002117c0ffdb4a9624b0cd256b65181fc12e3321756df0d82b3aabebebd605,b866245d1a511ec78b1c46ad9c5b7c24ae305d3a4597eadd1513f9251448aada,0.48116916604340076
4,parity,0.75,0.02,0.9,115,r4_parity_sigma0.75_lr0.02,48,ok,,0.5521803989185694,6.088122114046851,0.40280670357324433,0.12043920436840005,21e3187a25ce542a7fda12331f6df5573b7aa9cfb19c4d6a1242f48e9ab77257,c3a0cabd7487508470d585545f7b6a856897b0410105302f1b4d5c12944c190d,20e1afcba9533c9a3cd05a6d7e63f13cc97f4d348c142d7f72917f8929ca02eb,511a9fee1d8f467003479f0b9dcb30337ee1a68e067dcc991d5efeaa1c30f3ca,0.47432387503795326
4,parity,0.75,0.02,0.9,116,r4_parity_sigma0.75_lr0.02,48,ok,,0.3816635618199118,6.073593902699033,0.4147572894204225,0.12650097327322887,b240340bda42b13e461b839e854e8931eb9b197c11fad589d1f07877b5a6c105,0d285e8573294ff0f8d626c9d7c79b1ffa6d14fb3071ba7be902aa48627a1c7e,a927dd1c515d66a61fb11e1c948c7e8042e5cfedc1c4b8d5dca9f3be9e46a7b7,cef618fe0fa48343569619b7334137da0e397721eb3a078c08871e9e4193d1f5,0.4728871670085937
4,parity,0.75,0.02,0.9,117,r4_parity_sigma0.75_lr0.02,48,ok,,0.4492925531272511,6.097353093160224,0.4323070144371862,0.1279628762734071,2ff937c83d36f7b3a5406c91e8755c50ce932575e34db68925452587b0ab77d6,32821079a74fe63f445d951a557ad18447fced01821fc77b6b8d137d2fe48881,b828baff1fb9f67c70b6dbea3cba487e81abd07d2e9720c22549cc121a9cf9ad,e0b9f294b820a1aa278f5cd75720af9014c99374da05d571d878890a160e022a,0.46750654093921185
4,parity,0.75,0.02,0.9,118,r4_parity_sigma0.75_lr0.02,48,ok,,0.3546673119230498,6.091036807909593,0.4226756532494598,0.12130791248259497,f9372f8f74b3a18b86f9a9dd960278381003e836073cde71119d3b892dde9434,ffdd2708cda2855a18fd4a81398631fadb59f1610b8dd3d36eefe8f678572c16,605f62e239322f5313d845a2d699f250ce6a7e0825aa8e661c4d9f8dc5f782d9,bf34f477abb16f7800703a8aa5ac322b03f582a20f996d74e68f001cf9732cdb,0.4644495419925079
4,parity,0.75,0.02,0.9,119,r4_parity_sigma0.75_lr0.02,48,ok,,0.5277491547839613,6.113535491616889,0.4201417578781499,0.12394181857405423,9cc5a5818d004f0f1492c246ba3ab8685b2df3f7dfd15cdf113ebebec42d8dee,01bf4e2b10f88360652600d185a9d719f05502f25f089d70da96eafa7fe4dfe3,ca428a2d600b7cd0b47722decaa3f8e1a32769793f46a3ced6ba5f9ab631e1f2,152370bb377ea714cfc078c2235d0ba001bfe1626af828d19a441d0c68fa2f0a,0.4694686249131337
4,parity,0.75,0.02,0.9,120,r4_parity_sigma0.75_lr0.02,48,ok,,0.4150485374293252,6.090455216258632,0.4721275233769476,0.1388054918728226,69e5aaf107b63f46b6b057dfe99d3189e4f485b9649136f1718f398f646e43c6,dff4b17a330f664ec4d31f507c7603e7842ac94d65226c760d6e78cfa953aeb7,5604d0b01aa38439978ff828fd8b23f34f58aaa29f9fc4cf46c8f2889862d932,c8a464e3dc5900b1823e47278ccc6047977a95a0a6e7739b20457a50c75e991c,0.4796001249924302
4,parity,0.75,0.05,0.9,111,r4_parity_sigma0.75_lr0.05,48,ok,,0.48124930431471014,6.220083671676666,0.41684388711146075,0.12046788337521215,6f4599f803588363f7f3f06a30082972087391773f80fd6d7eb3eadc6484859e,ff013eda1d426d67006a334f6583897c614d689f5823b14c442be63e78bb3962,8fab7eb1dfc2006c517c0e7e9e69f75a99f3dc01832c43b11c9ba40c9bcd6823,d59d43420c9129a49d4e4aa149c529c6e0cbc3f6e3f83610204fc311412d67e5,0.480956666986458
4,parity,0.75,0.05,0.9,112,r4_parity_sigma0.75_lr0.05,48,ok,,0.39165726948263563,6.022505164438121,0.44391490487137575,0.13051098203218447,23158049f8a287709543a55b89f8943218b08cba397a67e034633640e70c99f6,3dd0b47c3c1ce23069083c16d0c2272714da54db5025db5646fd1228b010a5e8,02f04c05a341d11e3b57c54926b2dbae6a2e489c24a16657054478fda872ca64,889fcea4602e0d08ee4021f00203d655dcb8d5e70709f4efb56844c28ea0e74c,0.48749112500809133
4,parity,0.75,0.05,0.9,113,r4_parity_sigma0.75_lr0.05,48,ok,,0.48402041269246665,6.080981148055531,0.4165988418686126,0.12664604792805823,1130bcd06d370ab57f1bc3a67409c755b267648b80a0f46e840060bb010d3ab8,db95c591d5ad7a1f08531cf0e04985b931fc730f28e8ed47b8c7c5d8ecd8db0c,1d1668fc7ae6e962f5f3b23083b5cf8c2778125e6999c83b21749b59535e825c,f16642197b525fd13d6256e464b0e7fa2a58d7c9a10bd02c003ee0dc3c54951c,0.4962547910399735
4,parity,0.75,0.05,0.9,114,r4_parity_sigma0.75_lr0.05,48,ok,,0.38401967965924544,6.036486808998088,0.41689470453797284,0.12298393783870198,c8a7a565f4c34afcedf377bd8a33aee023bbafec99430b278d5183f906311b3e,52ceac77e1e0c99a5de90b23d52d3e2f15eb08da92d5b6842d3e92834a138f22,38002117c0ffdb4a9624b0cd256b65181fc12e3321756df0d82b3aabebebd605,b866245d1a511ec78b1c46ad9c5b7c24ae305d3a4597eadd1513f9251448aada,0.4847644579131156
4,parity,0.75,0.05,0.9,115,r4_parity_sigma0.75_lr0.05,48,ok,,0.4281141338078314,5.977942125331508,0.39558592379332436,0.11828019121420398,21e3187a25ce542a7fda12331f6df5573b7aa9cfb19c4d6a1242f48e9ab77257,c3a0cabd7487508470d585545f7b6a856897b0410105302f1b4d5c12944c190d,20e1afcba9533c9a3cd05a6d7e63f13cc97f4d348c142d7f72917f8929ca02eb,511a9fee1d8f467003479f0b9dcb30337ee1a68e067dcc991d5efeaa1c30f3ca,0.4881401249440387
4,parity,0.75,0.05,0.9,116,r4_parity_sigma0.75_lr0.05,48,ok,,0.4908156809475204,6.1744671290560245,0.42734715285383457,0.13034088162041954,b240340bda42b13e461b839e854e8931eb9b197c11fad589d1f07877b5a6c105,0d285e8573294ff0f8d626c9d7c79b1ffa6d14fb3071ba7be902aa48627a1c7e,a927dd1c515d66a61fb11e1c948c7e8042e5cfedc1c4b8d5dca9f3be9e46a7b7,cef618fe0fa48343569619b7334137da0e397721eb3a078c08871e9e4193d1f5,0.4732632919913158
4,parity,0.75,0.05,0.9,117,r4_parity_sigma0.75_lr0.05,48,ok,,0.40696716661171983,6.043565817425324,0.41095738498653844,0.12164338595601538,2ff937c83d36f7b3a5406c91e8755c50ce932575e34db68925452587b0ab77d6,32821079a74fe63f445d951a557ad18447fced01821fc77b6b8d137d2fe48881,b828baff1fb9f67c70b6dbea3cba487e81abd07d2e9720c22549cc121a9cf9ad,e0b9f294b820a1aa278f5cd75720af9014c99374da05d571d878890a160e022a,0.4575592080364004
4,parity,0.75,0.05,0.9,118,r4_parity_sigma0.75_lr0.05,48,ok,,0.3009659663015746,6.0323835999232855,0.44298843858747927,0.12713768187460656,f9372f8f74b3a18b86f9a9dd960278381003e836073cde71119d3b892dde9434,ffdd2708cda2855a18fd4a81398631fadb59f1610b8dd3d36eefe8f678572c16,605f62e239322f5313d845a2d699f250ce6a7e0825aa8e661c4d9f8dc5f782d9,bf34f477abb16f7800703a8aa5ac322b03f582a20f996d74e68f001cf9732cdb,0.4623207920230925
4,parity,0.75,0.05,0.9,119,r4_parity_sigma0.75_lr0.05,48,ok,,0.4410271119869743,6.078343113535448,0.42431070434770507,0.125171657782573,9cc5a5818d004f0f1492c246ba3ab8685b2df3f7dfd15cdf113ebebec42d8dee,01bf4e2b10f88360652600d185a9d719f05502f25f089d70da96eafa7fe4dfe3,ca428a2d600b7cd0b47722decaa3f8e1a32769793f46a3ced6ba5f9ab631e1f2,152370bb377ea714cfc078c2235d0ba001bfe1626af828d19a441d0c68fa2f0a,0.4640806660754606
4,parity,0.75,0.05,0.9,120,r4_parity_sigma0.75_lr0.05,48,ok,,0.4134048605606273,6.143999980901265,0.47860460325002446,0.1407097533555072,69e5aaf107b63f46b6b057dfe99d3189e4f485b9649136f1718f398f646e43c6,dff4b17a330f664ec4d31f507c7603e7842ac94d65226c760d6e78cfa953aeb7,5604d0b01aa38439978ff828fd8b23f34f58aaa29f9fc4cf46c8f2889862d932,c8a464e3dc5900b1823e47278ccc6047977a95a0a6e7739b20457a50c75e991c,0.4566979589872062
4,parity,0.75,0.1,0.9,111,r4_parity_sigma0.75_lr0.1,48,ok,,0.5722050942434603,6.333469054598731,0.4347601890218426,0.1256456946273125,6f4599f803588363f7f3f06a30082972087391773f80fd6d7eb3eadc6484859e,ff013eda1d426d67006a334f6583897c614d689f5823b14c442be63e78bb3962,8fab7eb1dfc2006c517c0e7e9e69f75a99f3dc01832c43b11c9ba40c9bcd6823,d59d43420c9129a49d4e4aa149c529c6e0cbc3f6e3f83610204fc311412d67e5,0.4545638340059668
4,parity,0.75,0.1,0.9,112,r4_parity_sigma0.75_lr0.1,48,ok,,0.3037164479438534,5.924895558824906,0.485738615171758,0.14280715286049683,23158049f8a287709543a55b89f8943218b08cba397a67e034633640e70c99f6,3dd0b47c3c1ce23069083c16d0c2272714da54db5025db5646fd1228b010a5e8,02f04c05a341d11e3b57c54926b2dbae6a2e489c24a16657054478fda872ca64,889fcea4602e0d08ee4021f00203d655dcb8d5e70709f4efb56844c28ea0e74c,0.45293537504039705
4,parity,0.75,0.1,0.9,113,r4_parity_sigma0.75_lr0.1,48,ok,,0.5325106348205398,6.11501353047728,0.40654223888349306,0.1235888406205819,1130bcd06d370ab57f1bc3a67409c755b267648b80a0f46e840060bb010d3ab8,db95c591d5ad7a1f08531cf0e04985b931fc730f28e8ed47b8c7c5d8ecd8db0c,1d1668fc7ae6e962f5f3b23083b5cf8c2778125e6999c83b21749b59535e825c,f16642197b525fd13d6256e464b0e7fa2a58d7c9a10bd02c003ee0dc3c54951c,0.5178674579365179
4,parity,0.75,0.1,0.9,114,r4_parity_sigma0.75_lr0.1,48,ok,,0.37230538598576646,6.064988987732406,0.4164332738686001,0.12284781579123702,c8a7a565f4c34afcedf377bd8a33aee023bbafec99430b278d5183f906311b3e,52ceac77e1e0c99a5de90b23d52d3e2f15eb08da92d5b6842d3e92834a138f22,38002117c0ffdb4a9624b0cd256b65181fc12e3321756df0d82b3aabebebd605,b866245d1a511ec78b1c46ad9c5b7c24ae305d3a4597eadd1513f9251448aada,0.5216474159387872
4,parity,0.75,0.1,0.9,115,r4_parity_sigma0.75_lr0.1,48,ok,,0.38902116119135743,5.949464652729315,0.40238872781737356,0.12031422961739469,21e3187a25ce542a7fda12331f6df5573b7aa9cfb19c4d6a1242f48e9ab77257,c3a0cabd7487508470d585545f7b6a856897b0410105302f1b4d5c12944c190d,20e1afcba9533c9a3cd05a6d7e63f13cc97f4d348c142d7f72917f8929ca02eb,511a9fee1d8f467003479f0b9dcb30337ee1a68e067dcc991d5efeaa1c30f3ca,0.533671792014502
4,parity,0.75,0.1,0.9,116,r4_parity_sigma0.75_lr0.1,48,ok,,0.3498123263547259,6.035243378208053,0.40517928794893904,0.12357968282442641,b240340bda42b13e461b839e854e8931eb9b197c11fad589d1f07877b5a6c105,0d285e8573294ff0f8d626c9d7c79b1ffa6d14fb3071ba7be902aa48627a1c7e,a927dd1c515d66a61fb11e1c948c7e8042e5cfedc1c4b8d5dca9f3be9e46a7b7,cef618fe0fa48343569619b7334137da0e397721eb3a078c08871e9e4193d1f5,0.47732566704507917
4,parity,0.75,0.1,0.9,117,r4_parity_sigma0.75_lr0.1,48,ok,,0.4103407526351513,6.03361872892351,0.4120262733783712,0.12195977691999788,2ff937c83d36f7b3a5406c91e8755c50ce932575e34db68925452587b0ab77d6,32821079a74fe63f445d951a557ad18447fced01821fc77b6b8d137d2fe48881,b828baff1fb9f67c70b6dbea3cba487e81abd07d2e9720c22549cc121a9cf9ad,e0b9f294b820a1aa278f5cd75720af9014c99374da05d571d878890a160e022a,0.47544662503059953
4,parity,0.75,0.1,0.9,118,r4_parity_sigma0.75_lr0.1,48,ok,,0.34980655369099695,6.087678888638424,0.44134882024924804,0.1266671114115342,f9372f8f74b3a18b86f9a9dd960278381003e836073cde71119d3b892dde9434,ffdd2708cda2855a18fd4a81398631fadb59f1610b8dd3d36eefe8f678572c16,605f62e239322f5313d845a2d699f250ce6a7e0825aa8e661c4d9f8dc5f782d9,bf34f477abb16f7800703a8aa5ac322b03f582a20f996d74e68f001cf9732cdb,0.49571474990807474
4,parity,0.75,0.1,0.9,119,r4_parity_sigma0.75_lr0.1,48,ok,,0.4863733719921228,6.12900279526119,0.4265058790893187,0.125819234331349,9cc5a5818d004f0f1492c246ba3ab8685b2df3f7dfd15cdf113ebebec42d8dee,01bf4e2b10f88360652600d185a9d719f05502f25f089d70da96eafa7fe4dfe3,ca428a2d600b7cd0b47722decaa3f8e1a32769793f46a3ced6ba5f9ab631e1f2,152370bb377ea714cfc078c2235d0ba001bfe1626af828d19a441d0c68fa2f0a,0.4820526250405237
4,parity,0.75,0.1,0.9,120,r4_parity_sigma0.75_lr0.1,48,ok,,0.3671152584194557,6.050442911382869,0.47675617745835236,0.14016631617275557,69e5aaf107b63f46b6b057dfe99d3189e4f485b9649136f1718f398f646e43c6,dff4b17a330f664ec4d31f507c7603e7842ac94d65226c760d6e78cfa953aeb7,5604d0b01aa38439978ff828fd8b23f34f58aaa29f9fc4cf46c8f2889862d932,c8a464e3dc5900b1823e47278ccc6047977a95a0a6e7739b20457a50c75e991c,0.48082841699942946
4,parity,1.5,0.02,0.9,111,r4_parity_sigma1.5_lr0.02,48,ok,,0.47093315005960135,6.233845732669849,0.4326307332645854,0.12503028191346519,6f4599f803588363f7f3f06a30082972087391773f80fd6d7eb3eadc6484859e,ff013eda1d426d67006a334f6583897c614d689f5823b14c442be63e78bb3962,67b60cddad9992cfa81f180c3480804f7e4e2d5fea8ce037026850ea623a812c,d59d43420c9129a49d4e4aa149c529c6e0cbc3f6e3f83610204fc311412d67e5,0.6537989580538124
4,parity,1.5,0.02,0.9,112,r4_parity_sigma1.5_lr0.02,48,ok,,0.5012121931881881,6.149697085116737,0.43641066314412597,0.12830473496437303,23158049f8a287709543a55b89f8943218b08cba397a67e034633640e70c99f6,3dd0b47c3c1ce23069083c16d0c2272714da54db5025db5646fd1228b010a5e8,08195a2e278dd7d3f73edff8cb0cd59b9e3c01f2ecd4759831f27ea671160f7d,889fcea4602e0d08ee4021f00203d655dcb8d5e70709f4efb56844c28ea0e74c,0.6382569159613922
4,parity,1.5,0.02,0.9,113,r4_parity_sigma1.5_lr0.02,48,ok,,0.5123210161755657,6.110343984601253,0.45318204166490805,0.13776734066613205,1130bcd06d370ab57f1bc3a67409c755b267648b80a0f46e840060bb010d3ab8,db95c591d5ad7a1f08531cf0e04985b931fc730f28e8ed47b8c7c5d8ecd8db0c,7f2ebd4ddebba924fb14fcb366e6524e24b6142ac00ae0feea8eda944dc8a4ac,f16642197b525fd13d6256e464b0e7fa2a58d7c9a10bd02c003ee0dc3c54951c,0.607907791971229
4,parity,1.5,0.02,0.9,114,r4_parity_sigma1.5_lr0.02,48,ok,,0.48709085457272516,6.163283447315743,0.4056021723090654,0.1196526408311743,c8a7a565f4c34afcedf377bd8a33aee023bbafec99430b278d5183f906311b3e,52ceac77e1e0c99a5de90b23d52d3e2f15eb08da92d5b6842d3e92834a138f22,b7c652fbaa646fcdac14bd4d9b7de60408da1e8e29b91c1a191a4f0e046a11be,b866245d1a511ec78b1c46ad9c5b7c24ae305d3a4597eadd1513f9251448aada,0.6088334580417722
4,parity,1.5,0.02,0.9,115,r4_parity_sigma1.5_lr0.02,48,ok,,0.38866242097480674,5.949188932419536,0.4404469898401104,0.13169364996219302,21e3187a25ce542a7fda12331f6df5573b7aa9cfb19c4d6a1242f48e9ab77257,c3a0cabd7487508470d585545f7b6a856897b0410105302f1b4d5c12944c190d,e32313a9f78ef4a2dffaa9053f9f0da03818599b0388cb974485a6d6b6e5f463,511a9fee1d8f467003479f0b9dcb30337ee1a68e067dcc991d5efeaa1c30f3ca,0.6573566670995206
4,parity,1.5,0.02,0.9,116,r4_parity_sigma1.5_lr0.02,48,ok,,0.34816074616528664,6.0369894652956795,0.4292030479230752,0.1309069296165379,b240340bda42b13e461b839e854e8931eb9b197c11fad589d1f07877b5a6c105,0d285e8573294ff0f8d626c9d7c79b1ffa6d14fb3071ba7be902aa48627a1c7e,117a2e8a7c30ff5fbe89055ac777ab987c0462d85cd489bca67880d0c351db18,cef618fe0fa48343569619b7334137da0e397721eb3a078c08871e9e4193d1f5,0.6608293330064043
4,parity,1.5,0.02,0.9,117,r4_parity_sigma1.5_lr0.02,48,ok,,0.41376350839931497,6.047566112711075,0.433540978624122,0.12832812967274013,2ff937c83d36f7b3a5406c91e8755c50ce932575e34db68925452587b0ab77d6,32821079a74fe63f445d951a557ad18447fced01821fc77b6b8d137d2fe48881,c6f804c286be88c37cc667fceb6bd5e2160436b4533aeb70df06dce1e584f66b,e0b9f294b820a1aa278f5cd75720af9014c99374da05d571d878890a160e022a,0.6789403751026839
4,parity,1.5,0.02,0.9,118,r4_parity_sigma1.5_lr0.02,48,ok,,0.38769696920097074,6.101569913233715,0.42957536274600405,0.12328812910810316,f9372f8f74b3a18b86f9a9dd960278381003e836073cde71119d3b892dde9434,ffdd2708cda2855a18fd4a81398631fadb59f1610b8dd3d36eefe8f678572c16,24b0dff50f07ab642e83c5f2cf3e49b0b52d2361d77ab3860f9a3f34d2cb38df,bf34f477abb16f7800703a8aa5ac322b03f582a20f996d74e68f001cf9732cdb,0.7269087920431048
4,parity,1.5,0.02,0.9,119,r4_parity_sigma1.5_lr0.02,48,ok,,0.6079524958078906,6.216763121292978,0.4045548975148978,0.11934369476689485,9cc5a5818d004f0f1492c246ba3ab8685b2df3f7dfd15cdf113ebebec42d8dee,01bf4e2b10f88360652600d185a9d719f05502f25f089d70da96eafa7fe4dfe3,65ff05a0f1f30b9e24fc1c071aaceb22366a9bbcd62b0f8edde086418c47a3a9,152370bb377ea714cfc078c2235d0ba001bfe1626af828d19a441d0c68fa2f0a,0.7042943750275299
4,parity,1.5,0.02,0.9,120,r4_parity_sigma1.5_lr0.02,48,ok,,0.3495969049654409,6.0647256065885795,0.4762471854780048,0.1400166725305334,69e5aaf107b63f46b6b057dfe99d3189e4f485b9649136f1718f398f646e43c6,dff4b17a330f664ec4d31f507c7603e7842ac94d65226c760d6e78cfa953aeb7,bf0aa42ee9e23f8b99bf07a7ef8a47d9239e7611761290845cc844c92a0956f3,c8a464e3dc5900b1823e47278ccc6047977a95a0a6e7739b20457a50c75e991c,0.7291807500878349
4,parity,1.5,0.05,0.9,111,r4_parity_sigma1.5_lr0.05,48,ok,,0.4405099825433334,6.200799291313225,0.4518314355995497,0.13057928488826986,6f4599f803588363f7f3f06a30082972087391773f80fd6d7eb3eadc6484859e,ff013eda1d426d67006a334f6583897c614d689f5823b14c442be63e78bb3962,67b60cddad9992cfa81f180c3480804f7e4e2d5fea8ce037026850ea623a812c,d59d43420c9129a49d4e4aa149c529c6e0cbc3f6e3f83610204fc311412d67e5,0.7088822079822421
4,parity,1.5,0.05,0.9,112,r4_parity_sigma1.5_lr0.05,48,ok,,0.4349228218808291,6.071032184367877,0.4463334628657966,0.1312220380825442,23158049f8a287709543a55b89f8943218b08cba397a67e034633640e70c99f6,3dd0b47c3c1ce23069083c16d0c2272714da54db5025db5646fd1228b010a5e8,08195a2e278dd7d3f73edff8cb0cd59b9e3c01f2ecd4759831f27ea671160f7d,889fcea4602e0d08ee4021f00203d655dcb8d5e70709f4efb56844c28ea0e74c,0.7159059579716995
4,parity,1.5,0.05,0.9,113,r4_parity_sigma1.5_lr0.05,48,ok,,0.4473811946241709,6.055425270620372,0.4540738294963682,0.13803844416689595,1130bcd06d370ab57f1bc3a67409c755b267648b80a0f46e840060bb010d3ab8,db95c591d5ad7a1f08531cf0e04985b931fc730f28e8ed47b8c7c5d8ecd8db0c,7f2ebd4ddebba924fb14fcb366e6524e24b6142ac00ae0feea8eda944dc8a4ac,f16642197b525fd13d6256e464b0e7fa2a58d7c9a10bd02c003ee0dc3c54951c,0.687411499908194
4,parity,1.5,0.05,0.9,114,r4_parity_sigma1.5_lr0.05,48,ok,,0.4330702222328855,6.112021960306011,0.4201383963315054,0.1239408269177941,c8a7a565f4c34afcedf377bd8a33aee023bbafec99430b278d5183f906311b3e,52ceac77e1e0c99a5de90b23d52d3e2f15eb08da92d5b6842d3e92834a138f22,b7c652fbaa646fcdac14bd4d9b7de60408da1e8e29b91c1a191a4f0e046a11be,b866245d1a511ec78b1c46ad9c5b7c24ae305d3a4597eadd1513f9251448aada,0.6858628749614581
4,parity,1.5,0.05,0.9,115,r4_parity_sigma1.5_lr0.05,48,ok,,0.36269038823635186,5.9181879798437205,0.43961967853081013,0.13144628388071222,21e3187a25ce542a7fda12331f6df5573b7aa9cfb19c4d6a1242f48e9ab77257,c3a0cabd7487508470d585545f7b6a856897b0410105302f1b4d5c12944c190d,e32313a9f78ef4a2dffaa9053f9f0da03818599b0388cb974485a6d6b6e5f463,511a9fee1d8f467003479f0b9dcb30337ee1a68e067dcc991d5efeaa1c30f3ca,0.7531069159740582
4,parity,1.5,0.05,0.9,116,r4_parity_sigma1.5_lr0.05,48,ok,,0.3425903254227599,6.013870694780353,0.4331447130672896,0.13210913748552333,b240340bda42b13e461b839e854e8931eb9b197c11fad589d1f07877b5a6c105,0d285e8573294ff0f8d626c9d7c79b1ffa6d14fb3071ba7be902aa48627a1c7e,117a2e8a7c30ff5fbe89055ac777ab987c0462d85cd489bca67880d0c351db18,cef618fe0fa48343569619b7334137da0e397721eb3a078c08871e9e4193d1f5,0.7750006669666618
4,parity,1.5,0.05,0.9,117,r4_parity_sigma1.5_lr0.05,48,ok,,0.3904197939703574,6.012606848805177,0.43723454340964124,0.1294214248492538,2ff937c83d36f7b3a5406c91e8755c50ce932575e34db68925452587b0ab77d6,32821079a74fe63f445d951a557ad18447fced01821fc77b6b8d137d2fe48881,c6f804c286be88c37cc667fceb6bd5e2160436b4533aeb70df06dce1e584f66b,e0b9f294b820a1aa278f5cd75720af9014c99374da05d571d878890a160e022a,0.7400911250151694
4,parity,1.5,0.05,0.9,118,r4_parity_sigma1.5_lr0.05,48,ok,,0.4623928952401677,6.197057232372183,0.427992056875989,0.12283372032340883,f9372f8f74b3a18b86f9a9dd960278381003e836073cde71119d3b892dde9434,ffdd2708cda2855a18fd4a81398631fadb59f1610b8dd3d36eefe8f678572c16,24b0dff50f07ab642e83c5f2cf3e49b0b52d2361d77ab3860f9a3f34d2cb38df,bf34f477abb16f7800703a8aa5ac322b03f582a20f996d74e68f001cf9732cdb,0.7131699579767883
4,parity,1.5,0.05,0.9,119,r4_parity_sigma1.5_lr0.05,48,ok,,0.4751145004603057,6.075109356743968,0.4208921021451249,0.12416317013281185,9cc5a5818d004f0f1492c246ba3ab8685b2df3f7dfd15cdf113ebebec42d8dee,01bf4e2b10f88360652600d185a9d719f05502f25f089d70da96eafa7fe4dfe3,65ff05a0f1f30b9e24fc1c071aaceb22366a9bbcd62b0f8edde086418c47a3a9,152370bb377ea714cfc078c2235d0ba001bfe1626af828d19a441d0c68fa2f0a,0.6928162910044193
4,parity,1.5,0.05,0.9,120,r4_parity_sigma1.5_lr0.05,48,ok,,0.34236122265882885,6.054079228227447,0.4831771684497063,0.14205408752421367,69e5aaf107b63f46b6b057dfe99d3189e4f485b9649136f1718f398f646e43c6,dff4b17a330f664ec4d31f507c7603e7842ac94d65226c760d6e78cfa953aeb7,bf0aa42ee9e23f8b99bf07a7ef8a47d9239e7611761290845cc844c92a0956f3,c8a464e3dc5900b1823e47278ccc6047977a95a0a6e7739b20457a50c75e991c,0.7076146251056343
4,parity,1.5,0.1,0.9,111,r4_parity_sigma1.5_lr0.1,48,ok,,0.3587676652976036,6.112232028856925,0.44983137361583353,0.13000126697497588,6f4599f803588363f7f3f06a30082972087391773f80fd6d7eb3eadc6484859e,ff013eda1d426d67006a334f6583897c614d689f5823b14c442be63e78bb3962,67b60cddad9992cfa81f180c3480804f7e4e2d5fea8ce037026850ea623a812c,d59d43420c9129a49d4e4aa149c529c6e0cbc3f6e3f83610204fc311412d67e5,0.6890139169991016
4,parity,1.5,0.1,0.9,112,r4_parity_sigma1.5_lr0.1,48,ok,,0.34733530909973354,5.977435949056217,0.4649784239302228,0.1367036566354855,23158049f8a287709543a55b89f8943218b08cba397a67e034633640e70c99f6,3dd0b47c3c1ce23069083c16d0c2272714da54db5025db5646fd1228b010a5e8,08195a2e278dd7d3f73edff8cb0cd59b9e3c01f2ecd4759831f27ea671160f7d,889fcea4602e0d08ee4021f00203d655dcb8d5e70709f4efb56844c28ea0e74c,0.7021868750452995
4,parity,1.5,0.1,0.9,113,r4_parity_sigma1.5_lr0.1,48,ok,,0.39504672371261923,6.008109446487224,0.4380894334122236,0.133179187757316,1130bcd06d370ab57f1bc3a67409c755b267648b80a0f46e840060bb010d3ab8,db95c591d5ad7a1f08531cf0e04985b931fc730f28e8ed47b8c7c5d8ecd8db0c,7f2ebd4ddebba924fb14fcb366e6524e24b6142ac00ae0feea8eda944dc8a4ac,f16642197b525fd13d6256e464b0e7fa2a58d7c9a10bd02c003ee0dc3c54951c,0.6611292919842526
4,parity,1.5,0.1,0.9,114,r4_parity_sigma1.5_lr0.1,48,ok,,0.47090351191765795,6.1483423705087255,0.41527031684395077,0.12250474346896548,c8a7a565f4c34afcedf377bd8a33aee023bbafec99430b278d5183f906311b3e,52ceac77e1e0c99a5de90b23d52d3e2f15eb08da92d5b6842d3e92834a138f22,b7c652fbaa646fcdac14bd4d9b7de60408da1e8e29b91c1a191a4f0e046a11be,b866245d1a511ec78b1c46ad9c5b7c24ae305d3a4597eadd1513f9251448aada,0.6206073330249637
4,parity,1.5,0.1,0.9,115,r4_parity_sigma1.5_lr0.1,48,ok,,0.3891707263678609,5.982364962024591,0.4769749750663458,0.1426155175448374,21e3187a25ce542a7fda12331f6df5573b7aa9cfb19c4d6a1242f48e9ab77257,c3a0cabd7487508470d585545f7b6a856897b0410105302f1b4d5c12944c190d,e32313a9f78ef4a2dffaa9053f9f0da03818599b0388cb974485a6d6b6e5f463,511a9fee1d8f467003479f0b9dcb30337ee1a68e067dcc991d5efeaa1c30f3ca,0.6467760000377893
4,parity,1.5,0.1,0.9,116,r4_parity_sigma1.5_lr0.1,48,ok,,0.32122488305956376,6.000858294363478,0.4396367380737307,0.13408920511248787,b240340bda42b13e461b839e854e8931eb9b197c11fad589d1f07877b5a6c105,0d285e8573294ff0f8d626c9d7c79b1ffa6d14fb3071ba7be902aa48627a1c7e,117a2e8a7c30ff5fbe89055ac777ab987c0462d85cd489bca67880d0c351db18,cef618fe0fa48343569619b7334137da0e397721eb3a078c08871e9e4193d1f5,0.6119297080440447
4,parity,1.5,0.1,0.9,117,r4_parity_sigma1.5_lr0.1,48,ok,,0.35701657132639564,5.975033097409169,0.4604237420706882,0.1362854276529237,2ff937c83d36f7b3a5406c91e8755c50ce932575e34db68925452587b0ab77d6,32821079a74fe63f445d951a557ad18447fced01821fc77b6b8d137d2fe48881,c6f804c286be88c37cc667fceb6bd5e2160436b4533aeb70df06dce1e584f66b,e0b9f294b820a1aa278f5cd75720af9014c99374da05d571d878890a160e022a,0.622786208987236
4,parity,1.5,0.1,0.9,118,r4_parity_sigma1.5_lr0.1,48,ok,,0.4754996111318896,6.198794818034694,0.4401460183097955,0.1263219072549113,f9372f8f74b3a18b86f9a9dd960278381003e836073cde71119d3b892dde9434,ffdd2708cda2855a18fd4a81398631fadb59f1610b8dd3d36eefe8f678572c16,24b0dff50f07ab642e83c5f2cf3e49b0b52d2361d77ab3860f9a3f34d2cb38df,bf34f477abb16f7800703a8aa5ac322b03f582a20f996d74e68f001cf9732cdb,0.6275360420113429
4,parity,1.5,0.1,0.9,119,r4_parity_sigma1.5_lr0.1,48,ok,,0.5711192198941619,6.171540508961472,0.3986118529428745,0.11759049661814798,9cc5a5818d004f0f1492c246ba3ab8685b2df3f7dfd15cdf113ebebec42d8dee,01bf4e2b10f88360652600d185a9d719f05502f25f089d70da96eafa7fe4dfe3,65ff05a0f1f30b9e24fc1c071aaceb22366a9bbcd62b0f8edde086418c47a3a9,152370bb377ea714cfc078c2235d0ba001bfe1626af828d19a441d0c68fa2f0a,0.6300784159684554
4,parity,1.5,0.1,0.9,120,r4_parity_sigma1.5_lr0.1,48,ok,,0.400270664149076,6.097466702083316,0.47374351458297465,0.13928059328739453,69e5aaf107b63f46b6b057dfe99d3189e4f485b9649136f1718f398f646e43c6,dff4b17a330f664ec4d31f507c7603e7842ac94d65226c760d6e78cfa953aeb7,bf0aa42ee9e23f8b99bf07a7ef8a47d9239e7611761290845cc844c92a0956f3,c8a464e3dc5900b1823e47278ccc6047977a95a0a6e7739b20457a50c75e991c,0.6047154169064015
4,parity,1,0.02,0.9,111,r4_parity_sigma1_lr0.02,48,ok,,0.4624309435139807,6.216261501861789,0.4409846587753639,0.12744456638608018,6f4599f803588363f7f3f06a30082972087391773f80fd6d7eb3eadc6484859e,ff013eda1d426d67006a334f6583897c614d689f5823b14c442be63e78bb3962,46ec6552ea8abd2c67a85ebf993bb74a1984e0f557904f8a35ae4eb6d2b596da,d59d43420c9129a49d4e4aa149c529c6e0cbc3f6e3f83610204fc311412d67e5,0.4696280830539763
4,parity,1,0.02,0.9,112,r4_parity_sigma1_lr0.02,48,ok,,0.4058213359737704,6.0543824052994895,0.4374582613859572,0.12861272884747144,23158049f8a287709543a55b89f8943218b08cba397a67e034633640e70c99f6,3dd0b47c3c1ce23069083c16d0c2272714da54db5025db5646fd1228b010a5e8,b0126d22db14df8032614d0be237f7ba7f8faae015df79310d48a47a7e019709,889fcea4602e0d08ee4021f00203d655dcb8d5e70709f4efb56844c28ea0e74c,0.48908958304673433
4,parity,1,0.02,0.9,113,r4_parity_sigma1_lr0.02,48,ok,,0.42242096785693933,6.018393959101195,0.4345926200463715,0.13211615649409694,1130bcd06d370ab57f1bc3a67409c755b267648b80a0f46e840060bb010d3ab8,db95c591d5ad7a1f08531cf0e04985b931fc730f28e8ed47b8c7c5d8ecd8db0c,494a09d0cb32c8fd575150abd91ad12074451b075c550159cd5a0edda3ce9c1b,f16642197b525fd13d6256e464b0e7fa2a58d7c9a10bd02c003ee0dc3c54951c,0.4946664160815999
4,parity,1,0.02,0.9,114,r4_parity_sigma1_lr0.02,48,ok,,0.4724579516683256,6.122742354855064,0.41102771768177515,0.12125317671612368,c8a7a565f4c34afcedf377bd8a33aee023bbafec99430b278d5183f906311b3e,52ceac77e1e0c99a5de90b23d52d3e2f15eb08da92d5b6842d3e92834a138f22,9fc9306ab4737b5804dc59a07264243c6abc622ca16efa0cd4d6bddf38b05e36,b866245d1a511ec78b1c46ad9c5b7c24ae305d3a4597eadd1513f9251448aada,0.5139736669370905
4,parity,1,0.02,0.9,115,r4_parity_sigma1_lr0.02,48,ok,,0.4660215188449581,5.98024664714163,0.406385692533024,0.12150932206737416,21e3187a25ce542a7fda12331f6df5573b7aa9cfb19c4d6a1242f48e9ab77257,c3a0cabd7487508470d585545f7b6a856897b0410105302f1b4d5c12944c190d,fae9b80b4b9bbecd172da441f7a298732dc4ec9c5fd56650a16ee48bf4f2164a,511a9fee1d8f467003479f0b9dcb30337ee1a68e067dcc991d5efeaa1c30f3ca,0.5589026249945164
4,parity,1,0.02,0.9,116,r4_parity_sigma1_lr0.02,48,ok,,0.37801595570180335,6.065974344959076,0.42254410049768704,0.12887595065179455,b240340bda42b13e461b839e854e8931eb9b197c11fad589d1f07877b5a6c105,0d285e8573294ff0f8d626c9d7c79b1ffa6d14fb3071ba7be902aa48627a1c7e,67eaeaae05cc33550f061649f99bb92951375c55491458d36e2f1c224114a8b1,cef618fe0fa48343569619b7334137da0e397721eb3a078c08871e9e4193d1f5,0.558503583073616
4,parity,1,0.02,0.9,117,r4_parity_sigma1_lr0.02,48,ok,,0.4980468966382428,6.130173633944835,0.4120040825033312,0.12195320842098605,2ff937c83d36f7b3a5406c91e8755c50ce932575e34db68925452587b0ab77d6,32821079a74fe63f445d951a557ad18447fced01821fc77b6b8d137d2fe48881,6d2e8203ab09f7481803ba6cac1d0fef11989f0d29cc5ddaeca62054fed6f238,e0b9f294b820a1aa278f5cd75720af9014c99374da05d571d878890a160e022a,0.5558271670015529
4,parity,1,0.02,0.9,118,r4_parity_sigma1_lr0.02,48,ok,,0.36601915833221743,6.093203353747605,0.41890874867305233,0.12022681086916602,f9372f8f74b3a18b86f9a9dd960278381003e836073cde71119d3b892dde9434,ffdd2708cda2855a18fd4a81398631fadb59f1610b8dd3d36eefe8f678572c16,3672d037714419789c221c8c7564a09d4bd2e60bbf08a0fa3cd13f9a40a45c57,bf34f477abb16f7800703a8aa5ac322b03f582a20f996d74e68f001cf9732cdb,0.4953322500223294
4,parity,1,0.02,0.9,119,r4_parity_sigma1_lr0.02,48,ok,,0.49122412150090566,6.093779593963161,0.4173092419637962,0.12310622637931988,9cc5a5818d004f0f1492c246ba3ab8685b2df3f7dfd15cdf113ebebec42d8dee,01bf4e2b10f88360652600d185a9d719f05502f25f089d70da96eafa7fe4dfe3,a56289775eec0ce432a321db146cf9b88569ccab3daaa3aefaeb57ea0050cb73,152370bb377ea714cfc078c2235d0ba001bfe1626af828d19a441d0c68fa2f0a,0.5019500839989632
4,parity,1,0.02,0.9,120,r4_parity_sigma1_lr0.02,48,ok,,0.37830266000736196,6.080071985666019,0.4641412070755102,0.1364575148802,69e5aaf107b63f46b6b057dfe99d3189e4f485b9649136f1718f398f646e43c6,dff4b17a330f664ec4d31f507c7603e7842ac94d65226c760d6e78cfa953aeb7,be8ede604a893ee87034e6fb596cea91ea3be8f191d448807bebae1ef6fbfe79,c8a464e3dc5900b1823e47278ccc6047977a95a0a6e7739b20457a50c75e991c,0.4920635001035407
4,parity,1,0.05,0.9,111,r4_parity_sigma1_lr0.05,48,ok,,0.4371339293274653,6.217593681241688,0.4567023824928879,0.1319869885404446,6f4599f803588363f7f3f06a30082972087391773f80fd6d7eb3eadc6484859e,ff013eda1d426d67006a334f6583897c614d689f5823b14c442be63e78bb3962,46ec6552ea8abd2c67a85ebf993bb74a1984e0f557904f8a35ae4eb6d2b596da,d59d43420c9129a49d4e4aa149c529c6e0cbc3f6e3f83610204fc311412d67e5,0.46934070892166346
4,parity,1,0.05,0.9,112,r4_parity_sigma1_lr0.05,48,ok,,0.3429862155185859,5.998154162909489,0.4525051824466886,0.13303652363932644,23158049f8a287709543a55b89f8943218b08cba397a67e034633640e70c99f6,3dd0b47c3c1ce23069083c16d0c2272714da54db5025db5646fd1228b010a5e8,b0126d22db14df8032614d0be237f7ba7f8faae015df79310d48a47a7e019709,889fcea4602e0d08ee4021f00203d655dcb8d5e70709f4efb56844c28ea0e74c,0.4780079999472946
4,parity,1,0.05,0.9,113,r4_parity_sigma1_lr0.05,48,ok,,0.3645545988130008,5.998626187335304,0.42440133474298136,0.12901800576186634,1130bcd06d370ab57f1bc3a67409c755b267648b80a0f46e840060bb010d3ab8,db95c591d5ad7a1f08531cf0e04985b931fc730f28e8ed47b8c7c5d8ecd8db0c,494a09d0cb32c8fd575150abd91ad12074451b075c550159cd5a0edda3ce9c1b,f16642197b525fd13d6256e464b0e7fa2a58d7c9a10bd02c003ee0dc3c54951c,0.494199667009525
4,parity,1,0.05,0.9,114,r4_parity_sigma1_lr0.05,48,ok,,0.4515444634741839,6.1072039690294915,0.41451015965626536,0.12228049709859828,c8a7a565f4c34afcedf377bd8a33aee023bbafec99430b278d5183f906311b3e,52ceac77e1e0c99a5de90b23d52d3e2f15eb08da92d5b6842d3e92834a138f22,9fc9306ab4737b5804dc59a07264243c6abc622ca16efa0cd4d6bddf38b05e36,b866245d1a511ec78b1c46ad9c5b7c24ae305d3a4597eadd1513f9251448aada,0.5032577500678599
4,parity,1,0.05,0.9,115,r4_parity_sigma1_lr0.05,48,ok,,0.41345137177714597,5.94748090278945,0.4097237270643691,0.12250739439224637,21e3187a25ce542a7fda12331f6df5573b7aa9cfb19c4d6a1242f48e9ab77257,c3a0cabd7487508470d585545f7b6a856897b0410105302f1b4d5c12944c190d,fae9b80b4b9bbecd172da441f7a298732dc4ec9c5fd56650a16ee48bf4f2164a,511a9fee1d8f467003479f0b9dcb30337ee1a68e067dcc991d5efeaa1c30f3ca,0.49710437504108995
4,parity,1,0.05,0.9,116,r4_parity_sigma1_lr0.05,48,ok,,0.3856642829653504,6.069447445987944,0.4112826855719968,0.12544121909945904,b240340bda42b13e461b839e854e8931eb9b197c11fad589d1f07877b5a6c105,0d285e8573294ff0f8d626c9d7c79b1ffa6d14fb3071ba7be902aa48627a1c7e,67eaeaae05cc33550f061649f99bb92951375c55491458d36e2f1c224114a8b1,cef618fe0fa48343569619b7334137da0e397721eb3a078c08871e9e4193d1f5,0.49925662495661527
4,parity,1,0.05,0.9,117,r4_parity_sigma1_lr0.05,48,ok,,0.3997339745884612,6.035402549612677,0.44772975828719974,0.13252800845301113,2ff937c83d36f7b3a5406c91e8755c50ce932575e34db68925452587b0ab77d6,32821079a74fe63f445d951a557ad18447fced01821fc77b6b8d137d2fe48881,6d2e8203ab09f7481803ba6cac1d0fef11989f0d29cc5ddaeca62054fed6f238,e0b9f294b820a1aa278f5cd75720af9014c99374da05d571d878890a160e022a,0.5087099169613793
4,parity,1,0.05,0.9,118,r4_parity_sigma1_lr0.05,48,ok,,0.36155149047697854,6.076562366770174,0.42950975670836683,0.12326930017530129,f9372f8f74b3a18b86f9a9dd960278381003e836073cde71119d3b892dde9434,ffdd2708cda2855a18fd4a81398631fadb59f1610b8dd3d36eefe8f678572c16,3672d037714419789c221c8c7564a09d4bd2e60bbf08a0fa3cd13f9a40a45c57,bf34f477abb16f7800703a8aa5ac322b03f582a20f996d74e68f001cf9732cdb,0.5030238329200074
4,parity,1,0.05,0.9,119,r4_parity_sigma1_lr0.05,48,ok,,0.4811852702107676,6.10342393330664,0.4163659530382722,0.12282795614629029,9cc5a5818d004f0f1492c246ba3ab8685b2df3f7dfd15cdf113ebebec42d8dee,01bf4e2b10f88360652600d185a9d719f05502f25f089d70da96eafa7fe4dfe3,a56289775eec0ce432a321db146cf9b88569ccab3daaa3aefaeb57ea0050cb73,152370bb377ea714cfc078c2235d0ba001bfe1626af828d19a441d0c68fa2f0a,0.4923715420300141
4,parity,1,0.05,0.9,120,r4_parity_sigma1_lr0.05,48,ok,,0.33513082480286116,6.043157753602883,0.47105269989510357,0.13848949376916045,69e5aaf107b63f46b6b057dfe99d3189e4f485b9649136f1718f398f646e43c6,dff4b17a330f664ec4d31f507c7603e7842ac94d65226c760d6e78cfa953aeb7,be8ede604a893ee87034e6fb596cea91ea3be8f191d448807bebae1ef6fbfe79,c8a464e3dc5900b1823e47278ccc6047977a95a0a6e7739b20457a50c75e991c,0.4634023340186104
4,parity,1,0.1,0.9,111,r4_parity_sigma1_lr0.1,48,ok,,0.3115088904919059,6.054526486455661,0.44918589547713117,0.1298147237928909,6f4599f803588363f7f3f06a30082972087391773f80fd6d7eb3eadc6484859e,ff013eda1d426d67006a334f6583897c614d689f5823b14c442be63e78bb3962,46ec6552ea8abd2c67a85ebf993bb74a1984e0f557904f8a35ae4eb6d2b596da,d59d43420c9129a49d4e4aa149c529c6e0cbc3f6e3f83610204fc311412d67e5,0.4644237089669332
4,parity,1,0.1,0.9,112,r4_parity_sigma1_lr0.1,48,ok,,0.3520068397852137,5.998722780126118,0.46217460562788876,0.1358793340545993,23158049f8a287709543a55b89f8943218b08cba397a67e034633640e70c99f6,3dd0b47c3c1ce23069083c16d0c2272714da54db5025db5646fd1228b010a5e8,b0126d22db14df8032614d0be237f7ba7f8faae015df79310d48a47a7e019709,889fcea4602e0d08ee4021f00203d655dcb8d5e70709f4efb56844c28ea0e74c,0.4667911250144243
4,parity,1,0.1,0.9,113,r4_parity_sigma1_lr0.1,48,ok,,0.3515195452658905,5.916130708396898,0.45988056478748546,0.13980369169539558,1130bcd06d370ab57f1bc3a67409c755b267648b80a0f46e840060bb010d3ab8,db95c591d5ad7a1f08531cf0e04985b931fc730f28e8ed47b8c7c5d8ecd8db0c,494a09d0cb32c8fd575150abd91ad12074451b075c550159cd5a0edda3ce9c1b,f16642197b525fd13d6256e464b0e7fa2a58d7c9a10bd02c003ee0dc3c54951c,0.4661463749362156
4,parity,1,0.1,0.9,114,r4_parity_sigma1_lr0.1,48,ok,,0.38918303244120944,6.095738397559415,0.42671228564406655,0.12588012426499964,c8a7a565f4c34afcedf377bd8a33aee023bbafec99430b278d5183f906311b3e,52ceac77e1e0c99a5de90b23d52d3e2f15eb08da92d5b6842d3e92834a138f22,9fc9306ab4737b5804dc59a07264243c6abc622ca16efa0cd4d6bddf38b05e36,b866245d1a511ec78b1c46ad9c5b7c24ae305d3a4597eadd1513f9251448aada,0.47570304200053215
4,parity,1,0.1,0.9,115,r4_parity_sigma1_lr0.1,48,ok,,0.35545375657357314,5.9141095309035006,0.45699091629119426,0.1366402839710671,21e3187a25ce542a7fda12331f6df5573b7aa9cfb19c4d6a1242f48e9ab77257,c3a0cabd7487508470d585545f7b6a856897b0410105302f1b4d5c12944c190d,fae9b80b4b9bbecd172da441f7a298732dc4ec9c5fd56650a16ee48bf4f2164a,511a9fee1d8f467003479f0b9dcb30337ee1a68e067dcc991d5efeaa1c30f3ca,0.5050121250096709
4,parity,1,0.1,0.9,116,r4_parity_sigma1_lr0.1,48,ok,,0.4313733803313226,6.123851171121098,0.4034313446244204,0.1230465601104482,b240340bda42b13e461b839e854e8931eb9b197c11fad589d1f07877b5a6c105,0d285e8573294ff0f8d626c9d7c79b1ffa6d14fb3071ba7be902aa48627a1c7e,67eaeaae05cc33550f061649f99bb92951375c55491458d36e2f1c224114a8b1,cef618fe0fa48343569619b7334137da0e397721eb3a078c08871e9e4193d1f5,0.5828136670170352
4,parity,1,0.1,0.9,117,r4_parity_sigma1_lr0.1,48,ok,,0.4082289209747113,6.005905804515139,0.4190295662647675,0.12403275161437118,2ff937c83d36f7b3a5406c91e8755c50ce932575e34db68925452587b0ab77d6,32821079a74fe63f445d951a557ad18447fced01821fc77b6b8d137d2fe48881,6d2e8203ab09f7481803ba6cac1d0fef11989f0d29cc5ddaeca62054fed6f238,e0b9f294b820a1aa278f5cd75720af9014c99374da05d571d878890a160e022a,0.611477957922034
4,parity,1,0.1,0.9,118,r4_parity_sigma1_lr0.1,48,ok,,0.4185186633530652,6.153548706203114,0.4562158923596569,0.13093396110722152,f9372f8f74b3a18b86f9a9dd960278381003e836073cde71119d3b892dde9434,ffdd2708cda2855a18fd4a81398631fadb59f1610b8dd3d36eefe8f678572c16,3672d037714419789c221c8c7564a09d4bd2e60bbf08a0fa3cd13f9a40a45c57,bf34f477abb16f7800703a8aa5ac322b03f582a20f996d74e68f001cf9732cdb,0.6161838750122115
4,parity,1,0.1,0.9,119,r4_parity_sigma1_lr0.1,48,ok,,0.49923661713636125,6.1243243062703625,0.4119078595284182,0.12151281856088336,9cc5a5818d004f0f1492c246ba3ab8685b2df3f7dfd15cdf113ebebec42d8dee,01bf4e2b10f88360652600d185a9d719f05502f25f089d70da96eafa7fe4dfe3,a56289775eec0ce432a321db146cf9b88569ccab3daaa3aefaeb57ea0050cb73,152370bb377ea714cfc078c2235d0ba001bfe1626af828d19a441d0c68fa2f0a,0.6359933329513296
4,parity,1,0.1,0.9,120,r4_parity_sigma1_lr0.1,48,ok,,0.32746969040628016,6.029294904645647,0.4989379589982742,0.1466877599454926,69e5aaf107b63f46b6b057dfe99d3189e4f485b9649136f1718f398f646e43c6,dff4b17a330f664ec4d31f507c7603e7842ac94d65226c760d6e78cfa953aeb7,be8ede604a893ee87034e6fb596cea91ea3be8f191d448807bebae1ef6fbfe79,c8a464e3dc5900b1823e47278ccc6047977a95a0a6e7739b20457a50c75e991c,0.6732808330561966
4,parity,2,0.02,0.9,111,r4_parity_sigma2_lr0.02,48,ok,,0.4815247492655371,6.232455922977417,0.4306061007164723,0.1244451631070605,6f4599f803588363f7f3f06a30082972087391773f80fd6d7eb3eadc6484859e,ff013eda1d426d67006a334f6583897c614d689f5823b14c442be63e78bb3962,c82f9ffb273e363eee222e8f1ca4901ef0d88a2a41d7c7bf0385dfda9f807c69,d59d43420c9129a49d4e4aa149c529c6e0cbc3f6e3f83610204fc311412d67e5,0.619546249974519
4,parity,2,0.02,0.9,112,r4_parity_sigma2_lr0.02,48,ok,,0.5191809676318857,6.155667023082518,0.4251001703762299,0.1249794500906116,23158049f8a287709543a55b89f8943218b08cba397a67e034633640e70c99f6,3dd0b47c3c1ce23069083c16d0c2272714da54db5025db5646fd1228b010a5e8,e1239e9574a5b9ece5a6142b17dc18054822afbc56b1fe750ed4c81000928119,889fcea4602e0d08ee4021f00203d655dcb8d5e70709f4efb56844c28ea0e74c,0.6047779999207705
4,parity,2,0.02,0.9,113,r4_parity_sigma2_lr0.02,48,ok,,0.5692171625087433,6.164252553721144,0.44744685096947245,0.13602384269471962,1130bcd06d370ab57f1bc3a67409c755b267648b80a0f46e840060bb010d3ab8,db95c591d5ad7a1f08531cf0e04985b931fc730f28e8ed47b8c7c5d8ecd8db0c,0add28ce81db5ed182ca7ca0109f605c59adae53ed3f3475c8621678c513898f,f16642197b525fd13d6256e464b0e7fa2a58d7c9a10bd02c003ee0dc3c54951c,0.6244092499837279
4,parity,2,0.02,0.9,114,r4_parity_sigma2_lr0.02,48,ok,,0.42540715135480056,6.115591800618804,0.4174026223683214,0.1231337735986548,c8a7a565f4c34afcedf377bd8a33aee023bbafec99430b278d5183f906311b3e,52ceac77e1e0c99a5de90b23d52d3e2f15eb08da92d5b6842d3e92834a138f22,2da2eff4a068e88b41bb2a9f71d17504f3bc60c31b0363210d25907cced26bee,b866245d1a511ec78b1c46ad9c5b7c24ae305d3a4597eadd1513f9251448aada,0.6101634169463068
4,parity,2,0.02,0.9,115,r4_parity_sigma2_lr0.02,48,ok,,0.43221094544643673,5.976902431764971,0.4344981605267146,0.12991494999748768,21e3187a25ce542a7fda12331f6df5573b7aa9cfb19c4d6a1242f48e9ab77257,c3a0cabd7487508470d585545f7b6a856897b0410105302f1b4d5c12944c190d,1fa2303165fb9f092630d1b0199b8b1ceef402fc45bd96481c26f4dc4640000c,511a9fee1d8f467003479f0b9dcb30337ee1a68e067dcc991d5efeaa1c30f3ca,0.6067962080705911
4,parity,2,0.02,0.9,116,r4_parity_sigma2_lr0.02,48,ok,,0.4726266399668918,6.209733284133035,0.42192380960359777,0.1286867619290973,b240340bda42b13e461b839e854e8931eb9b197c11fad589d1f07877b5a6c105,0d285e8573294ff0f8d626c9d7c79b1ffa6d14fb3071ba7be902aa48627a1c7e,4b774c30d2dadd0ba79d44923c3465d50bf5beb8544ebb6fa76e4e48a8e30ffa,cef618fe0fa48343569619b7334137da0e397721eb3a078c08871e9e4193d1f5,0.6150917080231011
4,parity,2,0.02,0.9,117,r4_parity_sigma2_lr0.02,48,ok,,0.5120382157079515,6.147079562388407,0.4233521424175615,0.12531223415559822,2ff937c83d36f7b3a5406c91e8755c50ce932575e34db68925452587b0ab77d6,32821079a74fe63f445d951a557ad18447fced01821fc77b6b8d137d2fe48881,24f95bfd52c3f3d2c98931fb18163579577384289930fa8ba980f3e9731f5494,e0b9f294b820a1aa278f5cd75720af9014c99374da05d571d878890a160e022a,0.6232178750215098
4,parity,2,0.02,0.9,118,r4_parity_sigma2_lr0.02,48,ok,,0.40547211287248663,6.1124107050303484,0.4243906238410495,0.1218001090423812,f9372f8f74b3a18b86f9a9dd960278381003e836073cde71119d3b892dde9434,ffdd2708cda2855a18fd4a81398631fadb59f1610b8dd3d36eefe8f678572c16,5acbf74ae2e9e8a1a4fb070e1975a0e7985410d95eb0df75d2dc8cbbd577c6ea,bf34f477abb16f7800703a8aa5ac322b03f582a20f996d74e68f001cf9732cdb,0.6247203330276534
4,parity,2,0.02,0.9,119,r4_parity_sigma2_lr0.02,48,ok,,0.5266875063868841,6.138899722489331,0.43415439738589234,0.12807554722883824,9cc5a5818d004f0f1492c246ba3ab8685b2df3f7dfd15cdf113ebebec42d8dee,01bf4e2b10f88360652600d185a9d719f05502f25f089d70da96eafa7fe4dfe3,8851bc19fbe925ac4230a2881685bca8aa77d927173c7879a0be501620af9389,152370bb377ea714cfc078c2235d0ba001bfe1626af828d19a441d0c68fa2f0a,0.6301942910067737
4,parity,2,0.02,0.9,120,r4_parity_sigma2_lr0.02,48,ok,,0.4360729118663236,6.142664715910652,0.4708398035680646,0.138426902249011,69e5aaf107b63f46b6b057dfe99d3189e4f485b9649136f1718f398f646e43c6,dff4b17a330f664ec4d31f507c7603e7842ac94d65226c760d6e78cfa953aeb7,e2870c0966ac2c6eeda9be223b2b76a59dd3d8bbc502a53f1293837163c5dabc,c8a464e3dc5900b1823e47278ccc6047977a95a0a6e7739b20457a50c75e991c,0.642693749978207
4,parity,2,0.05,0.9,111,r4_parity_sigma2_lr0.05,48,ok,,0.4168436051125405,6.181899758148875,0.46695506765047196,0.1349500145509864,6f4599f803588363f7f3f06a30082972087391773f80fd6d7eb3eadc6484859e,ff013eda1d426d67006a334f6583897c614d689f5823b14c442be63e78bb3962,c82f9ffb273e363eee222e8f1ca4901ef0d88a2a41d7c7bf0385dfda9f807c69,d59d43420c9129a49d4e4aa149c529c6e0cbc3f6e3f83610204fc311412d67e5,0.6268857910763472
4,parity,2,0.05,0.9,112,r4_parity_sigma2_lr0.05,48,ok,,0.5108484763844184,6.154719915371252,0.43145345530779117,0.1268473158604906,23158049f8a287709543a55b89f8943218b08cba397a67e034633640e70c99f6,3dd0b47c3c1ce23069083c16d0c2272714da54db5025db5646fd1228b010a5e8,e1239e9574a5b9ece5a6142b17dc18054822afbc56b1fe750ed4c81000928119,889fcea4602e0d08ee4021f00203d655dcb8d5e70709f4efb56844c28ea0e74c,0.6223811249947175
4,parity,2,0.05,0.9,113,r4_parity_sigma2_lr0.05,48,ok,,0.40844962708960375,6.005216906916616,0.4457967801693551,0.13552222117148394,1130bcd06d370ab57f1bc3a67409c755b267648b80a0f46e840060bb010d3ab8,db95c591d5ad7a1f08531cf0e04985b931fc730f28e8ed47b8c7c5d8ecd8db0c,0add28ce81db5ed182ca7ca0109f605c59adae53ed3f3475c8621678c513898f,f16642197b525fd13d6256e464b0e7fa2a58d7c9a10bd02c003ee0dc3c54951c,0.632540832972154
4,parity,2,0.05,0.9,114,r4_parity_sigma2_lr0.05,48,ok,,0.43549238635615806,6.122585167712027,0.41506667172808803,0.12244466815978598,c8a7a565f4c34afcedf377bd8a33aee023bbafec99430b278d5183f906311b3e,52ceac77e1e0c99a5de90b23d52d3e2f15eb08da92d5b6842d3e92834a138f22,2da2eff4a068e88b41bb2a9f71d17504f3bc60c31b0363210d25907cced26bee,b866245d1a511ec78b1c46ad9c5b7c24ae305d3a4597eadd1513f9251448aada,0.6260642498964444
4,parity,2,0.05,0.9,115,r4_parity_sigma2_lr0.05,48,ok,,0.42926798629829155,6.01353909960987,0.43948348881521104,0.13140556315574808,21e3187a25ce542a7fda12331f6df5573b7aa9cfb19c4d6a1242f48e9ab77257,c3a0cabd7487508470d585545f7b6a856897b0410105302f1b4d5c12944c190d,1fa2303165fb9f092630d1b0199b8b1ceef402fc45bd96481c26f4dc4640000c,511a9fee1d8f467003479f0b9dcb30337ee1a68e067dcc991d5efeaa1c30f3ca,0.6311625420348719
4,parity,2,0.05,0.9,116,r4_parity_sigma2_lr0.05,48,ok,,0.3368775177693206,6.026360406443266,0.43054835605164926,0.13131724859575303,b240340bda42b13e461b839e854e8931eb9b197c11fad589d1f07877b5a6c105,0d285e8573294ff0f8d626c9d7c79b1ffa6d14fb3071ba7be902aa48627a1c7e,4b774c30d2dadd0ba79d44923c3465d50bf5beb8544ebb6fa76e4e48a8e30ffa,cef618fe0fa48343569619b7334137da0e397721eb3a078c08871e9e4193d1f5,0.6217502909712493
4,parity,2,0.05,0.9,117,r4_parity_sigma2_lr0.05,48,ok,,0.43738716497470786,6.04100903291424,0.44176200647148517,0.1307615539155596,2ff937c83d36f7b3a5406c91e8755c50ce932575e34db68925452587b0ab77d6,32821079a74fe63f445d951a557ad18447fced01821fc77b6b8d137d2fe48881,24f95bfd52c3f3d2c98931fb18163579577384289930fa8ba980f3e9731f5494,e0b9f294b820a1aa278f5cd75720af9014c99374da05d571d878890a160e022a,0.6172717500012368
4,parity,2,0.05,0.9,118,r4_parity_sigma2_lr0.05,48,ok,,0.343780449931597,6.056630134463918,0.4610747516228269,0.13232845371575133,f9372f8f74b3a18b86f9a9dd960278381003e836073cde71119d3b892dde9434,ffdd2708cda2855a18fd4a81398631fadb59f1610b8dd3d36eefe8f678572c16,5acbf74ae2e9e8a1a4fb070e1975a0e7985410d95eb0df75d2dc8cbbd577c6ea,bf34f477abb16f7800703a8aa5ac322b03f582a20f996d74e68f001cf9732cdb,0.6348612089641392
4,parity,2,0.05,0.9,119,r4_parity_sigma2_lr0.05,48,ok,,0.5268609735664278,6.131038900579609,0.42977591167321394,0.12678389394359812,9cc5a5818d004f0f1492c246ba3ab8685b2df3f7dfd15cdf113ebebec42d8dee,01bf4e2b10f88360652600d185a9d719f05502f25f089d70da96eafa7fe4dfe3,8851bc19fbe925ac4230a2881685bca8aa77d927173c7879a0be501620af9389,152370bb377ea714cfc078c2235d0ba001bfe1626af828d19a441d0c68fa2f0a,0.6376342499861494
4,parity,2,0.05,0.9,120,r4_parity_sigma2_lr0.05,48,ok,,0.40754142282175987,6.108838816501144,0.476071319897754,0.13996496804993966,69e5aaf107b63f46b6b057dfe99d3189e4f485b9649136f1718f398f646e43c6,dff4b17a330f664ec4d31f507c7603e7842ac94d65226c760d6e78cfa953aeb7,e2870c0966ac2c6eeda9be223b2b76a59dd3d8bbc502a53f1293837163c5dabc,c8a464e3dc5900b1823e47278ccc6047977a95a0a6e7739b20457a50c75e991c,0.647628957987763
4,parity,2,0.1,0.9,111,r4_parity_sigma2_lr0.1,48,ok,,0.3471218818011021,6.10227142249294,0.4608552703253509,0.1331871731240264,6f4599f803588363f7f3f06a30082972087391773f80fd6d7eb3eadc6484859e,ff013eda1d426d67006a334f6583897c614d689f5823b14c442be63e78bb3962,c82f9ffb273e363eee222e8f1ca4901ef0d88a2a41d7c7bf0385dfda9f807c69,d59d43420c9129a49d4e4aa149c529c6e0cbc3f6e3f83610204fc311412d67e5,0.6733243750641122
4,parity,2,0.1,0.9,112,r4_parity_sigma2_lr0.1,48,ok,,0.5517052977611849,6.214056899048395,0.43000866750187194,0.12642254824555035,23158049f8a287709543a55b89f8943218b08cba397a67e034633640e70c99f6,3dd0b47c3c1ce23069083c16d0c2272714da54db5025db5646fd1228b010a5e8,e1239e9574a5b9ece5a6142b17dc18054822afbc56b1fe750ed4c81000928119,889fcea4602e0d08ee4021f00203d655dcb8d5e70709f4efb56844c28ea0e74c,0.6870486669940874
4,parity,2,0.1,0.9,113,r4_parity_sigma2_lr0.1,48,ok,,0.4155351310423747,6.028197626061282,0.4513435152061611,0.137208428622673,1130bcd06d370ab57f1bc3a67409c755b267648b80a0f46e840060bb010d3ab8,db95c591d5ad7a1f08531cf0e04985b931fc730f28e8ed47b8c7c5d8ecd8db0c,0add28ce81db5ed182ca7ca0109f605c59adae53ed3f3475c8621678c513898f,f16642197b525fd13d6256e464b0e7fa2a58d7c9a10bd02c003ee0dc3c54951c,0.709864208009094
4,parity,2,0.1,0.9,114,r4_parity_sigma2_lr0.1,48,ok,,0.5523095793302224,6.222889466695599,0.3995724121150457,0.11787386157393849,c8a7a565f4c34afcedf377bd8a33aee023bbafec99430b278d5183f906311b3e,52ceac77e1e0c99a5de90b23d52d3e2f15eb08da92d5b6842d3e92834a138f22,2da2eff4a068e88b41bb2a9f71d17504f3bc60c31b0363210d25907cced26bee,b866245d1a511ec78b1c46ad9c5b7c24ae305d3a4597eadd1513f9251448aada,0.6944633329985663
4,parity,2,0.1,0.9,115,r4_parity_sigma2_lr0.1,48,ok,,0.44115354182854116,6.0401442300040165,0.47206203179082123,0.14114654750545555,21e3187a25ce542a7fda12331f6df5573b7aa9cfb19c4d6a1242f48e9ab77257,c3a0cabd7487508470d585545f7b6a856897b0410105302f1b4d5c12944c190d,1fa2303165fb9f092630d1b0199b8b1ceef402fc45bd96481c26f4dc4640000c,511a9fee1d8f467003479f0b9dcb30337ee1a68e067dcc991d5efeaa1c30f3ca,0.6613448749994859
4,parity,2,0.1,0.9,116,r4_parity_sigma2_lr0.1,48,ok,,0.39340168233103945,6.0949842307033215,0.4205944142007774,0.1282812963312371,b240340bda42b13e461b839e854e8931eb9b197c11fad589d1f07877b5a6c105,0d285e8573294ff0f8d626c9d7c79b1ffa6d14fb3071ba7be902aa48627a1c7e,4b774c30d2dadd0ba79d44923c3465d50bf5beb8544ebb6fa76e4e48a8e30ffa,cef618fe0fa48343569619b7334137da0e397721eb3a078c08871e9e4193d1f5,0.6306507909903303
4,parity,2,0.1,0.9,117,r4_parity_sigma2_lr0.1,48,ok,,0.42098345131465215,6.026131646606858,0.4453825742933721,0.13183324199083812,2ff937c83d36f7b3a5406c91e8755c50ce932575e34db68925452587b0ab77d6,32821079a74fe63f445d951a557ad18447fced01821fc77b6b8d137d2fe48881,24f95bfd52c3f3d2c98931fb18163579577384289930fa8ba980f3e9731f5494,e0b9f294b820a1aa278f5cd75720af9014c99374da05d571d878890a160e022a,0.6446887910133228
4,parity,2,0.1,0.9,118,r4_parity_sigma2_lr0.1,48,ok,,0.5140631484559604,6.2309295801923055,0.4289785097108663,0.12311683228701864,f9372f8f74b3a18b86f9a9dd960278381003e836073cde71119d3b892dde9434,ffdd2708cda2855a18fd4a81398631fadb59f1610b8dd3d36eefe8f678572c16,5acbf74ae2e9e8a1a4fb070e1975a0e7985410d95eb0df75d2dc8cbbd577c6ea,bf34f477abb16f7800703a8aa5ac322b03f582a20f996d74e68f001cf9732cdb,0.7183595000533387
4,parity,2,0.1,0.9,119,r4_parity_sigma2_lr0.1,48,ok,,0.47883367285019257,6.058902474531366,0.42804302787302856,0.12627269322254342,9cc5a5818d004f0f1492c246ba3ab8685b2df3f7dfd15cdf113ebebec42d8dee,01bf4e2b10f88360652600d185a9d719f05502f25f089d70da96eafa7fe4dfe3,8851bc19fbe925ac4230a2881685bca8aa77d927173c7879a0be501620af9389,152370bb377ea714cfc078c2235d0ba001bfe1626af828d19a441d0c68fa2f0a,0.7363656249362975
4,parity,2,0.1,0.9,120,r4_parity_sigma2_lr0.1,48,ok,,0.4099440763279094,6.102964358018482,0.4218341299227095,0.1240192341972766,69e5aaf107b63f46b6b057dfe99d3189e4f485b9649136f1718f398f646e43c6,dff4b17a330f664ec4d31f507c7603e7842ac94d65226c760d6e78cfa953aeb7,e2870c0966ac2c6eeda9be223b2b76a59dd3d8bbc502a53f1293837163c5dabc,c8a464e3dc5900b1823e47278ccc6047977a95a0a6e7739b20457a50c75e991c,0.7193915829993784
4,scaled-mse,1,0.005,0.9,111,r4_scaled-mse_sigma1_lr0.005,48,ok,,0.799899065615932,6.508529373848865,0.3918588181718152,0.1132471984516546,6f4599f803588363f7f3f06a30082972087391773f80fd6d7eb3eadc6484859e,ff013eda1d426d67006a334f6583897c614d689f5823b14c442be63e78bb3962,46ec6552ea8abd2c67a85ebf993bb74a1984e0f557904f8a35ae4eb6d2b596da,d59d43420c9129a49d4e4aa149c529c6e0cbc3f6e3f83610204fc311412d67e5,0.4270874169887975
4,scaled-mse,1,0.005,0.9,112,r4_scaled-mse_sigma1_lr0.005,48,ok,,0.7510581858254926,6.3897708901808326,0.3780714162980923,0.11115299639163914,23158049f8a287709543a55b89f8943218b08cba397a67e034633640e70c99f6,3dd0b47c3c1ce23069083c16d0c2272714da54db5025db5646fd1228b010a5e8,b0126d22db14df8032614d0be237f7ba7f8faae015df79310d48a47a7e019709,889fcea4602e0d08ee4021f00203d655dcb8d5e70709f4efb56844c28ea0e74c,0.4652598750544712
4,scaled-mse,1,0.005,0.9,113,r4_scaled-mse_sigma1_lr0.005,48,ok,,0.8256029004159569,6.36475385034232,0.39598004275145027,0.12037793299644088,1130bcd06d370ab57f1bc3a67409c755b267648b80a0f46e840060bb010d3ab8,db95c591d5ad7a1f08531cf0e04985b931fc730f28e8ed47b8c7c5d8ecd8db0c,494a09d0cb32c8fd575150abd91ad12074451b075c550159cd5a0edda3ce9c1b,f16642197b525fd13d6256e464b0e7fa2a58d7c9a10bd02c003ee0dc3c54951c,0.48895095800980926
4,scaled-mse,1,0.005,0.9,114,r4_scaled-mse_sigma1_lr0.005,48,ok,,0.7971105995223736,6.47141036538238,0.3725337327409551,0.10989745115858175,c8a7a565f4c34afcedf377bd8a33aee023bbafec99430b278d5183f906311b3e,52ceac77e1e0c99a5de90b23d52d3e2f15eb08da92d5b6842d3e92834a138f22,9fc9306ab4737b5804dc59a07264243c6abc622ca16efa0cd4d6bddf38b05e36,b866245d1a511ec78b1c46ad9c5b7c24ae305d3a4597eadd1513f9251448aada,0.4918914999580011
4,scaled-mse,1,0.005,0.9,115,r4_scaled-mse_sigma1_lr0.005,48,ok,,0.779341498352158,6.298836918564446,0.3571279602933239,0.10678126012770385,21e3187a25ce542a7fda12331f6df5573b7aa9cfb19c4d6a1242f48e9ab77257,c3a0cabd7487508470d585545f7b6a856897b0410105302f1b4d5c12944c190d,fae9b80b4b9bbecd172da441f7a298732dc4ec9c5fd56650a16ee48bf4f2164a,511a9fee1d8f467003479f0b9dcb30337ee1a68e067dcc991d5efeaa1c30f3ca,0.46022820891812444
4,scaled-mse,1,0.005,0.9,116,r4_scaled-mse_sigma1_lr0.005,48,ok,,0.8958708218243796,6.586708158867267,0.36920838131116085,0.11260855629990407,b240340bda42b13e461b839e854e8931eb9b197c11fad589d1f07877b5a6c105,0d285e8573294ff0f8d626c9d7c79b1ffa6d14fb3071ba7be902aa48627a1c7e,67eaeaae05cc33550f061649f99bb92951375c55491458d36e2f1c224114a8b1,cef618fe0fa48343569619b7334137da0e397721eb3a078c08871e9e4193d1f5,0.44232966704294086
4,scaled-mse,1,0.005,0.9,117,r4_scaled-mse_sigma1_lr0.005,48,ok,,1.1714751824552256,6.825731434975966,0.3524919238493058,0.10433760945939452,2ff937c83d36f7b3a5406c91e8755c50ce932575e34db68925452587b0ab77d6,32821079a74fe63f445d951a557ad18447fced01821fc77b6b8d137d2fe48881,6d2e8203ab09f7481803ba6cac1d0fef11989f0d29cc5ddaeca62054fed6f238,e0b9f294b820a1aa278f5cd75720af9014c99374da05d571d878890a160e022a,0.4406007919460535
4,scaled-mse,1,0.005,0.9,118,r4_scaled-mse_sigma1_lr0.005,48,ok,,1.0272213689869072,6.754926353389888,0.37826667899599153,0.10856253687184958,f9372f8f74b3a18b86f9a9dd960278381003e836073cde71119d3b892dde9434,ffdd2708cda2855a18fd4a81398631fadb59f1610b8dd3d36eefe8f678572c16,3672d037714419789c221c8c7564a09d4bd2e60bbf08a0fa3cd13f9a40a45c57,bf34f477abb16f7800703a8aa5ac322b03f582a20f996d74e68f001cf9732cdb,0.4311717089731246
4,scaled-mse,1,0.005,0.9,119,r4_scaled-mse_sigma1_lr0.005,48,ok,,0.9176193904290539,6.483024949079506,0.3900602373762568,0.11506777002599575,9cc5a5818d004f0f1492c246ba3ab8685b2df3f7dfd15cdf113ebebec42d8dee,01bf4e2b10f88360652600d185a9d719f05502f25f089d70da96eafa7fe4dfe3,a56289775eec0ce432a321db146cf9b88569ccab3daaa3aefaeb57ea0050cb73,152370bb377ea714cfc078c2235d0ba001bfe1626af828d19a441d0c68fa2f0a,0.4313430420588702
4,scaled-mse,1,0.005,0.9,120,r4_scaled-mse_sigma1_lr0.005,48,ok,,0.8824271719259991,6.550210509247893,0.37619091529278464,0.11060012909607869,69e5aaf107b63f46b6b057dfe99d3189e4f485b9649136f1718f398f646e43c6,dff4b17a330f664ec4d31f507c7603e7842ac94d65226c760d6e78cfa953aeb7,be8ede604a893ee87034e6fb596cea91ea3be8f191d448807bebae1ef6fbfe79,c8a464e3dc5900b1823e47278ccc6047977a95a0a6e7739b20457a50c75e991c,0.4342070840066299
4,scaled-mse,1,0.01,0.9,111,r4_scaled-mse_sigma1_lr0.01,48,ok,,0.5786202484801464,6.321106004098836,0.40792213696332147,0.11788949758239992,6f4599f803588363f7f3f06a30082972087391773f80fd6d7eb3eadc6484859e,ff013eda1d426d67006a334f6583897c614d689f5823b14c442be63e78bb3962,46ec6552ea8abd2c67a85ebf993bb74a1984e0f557904f8a35ae4eb6d2b596da,d59d43420c9129a49d4e4aa149c529c6e0cbc3f6e3f83610204fc311412d67e5,0.432223166921176
4,scaled-mse,1,0.01,0.9,112,r4_scaled-mse_sigma1_lr0.01,48,ok,,0.5449527118606088,6.204498188277223,0.37523261538636954,0.11031838892359265,23158049f8a287709543a55b89f8943218b08cba397a67e034633640e70c99f6,3dd0b47c3c1ce23069083c16d0c2272714da54db5025db5646fd1228b010a5e8,b0126d22db14df8032614d0be237f7ba7f8faae015df79310d48a47a7e019709,889fcea4602e0d08ee4021f00203d655dcb8d5e70709f4efb56844c28ea0e74c,0.4383912499761209
4,scaled-mse,1,0.01,0.9,113,r4_scaled-mse_sigma1_lr0.01,48,ok,,0.6253052271651245,6.213569392345232,0.3891388902075424,0.11829822262309288,1130bcd06d370ab57f1bc3a67409c755b267648b80a0f46e840060bb010d3ab8,db95c591d5ad7a1f08531cf0e04985b931fc730f28e8ed47b8c7c5d8ecd8db0c,494a09d0cb32c8fd575150abd91ad12074451b075c550159cd5a0edda3ce9c1b,f16642197b525fd13d6256e464b0e7fa2a58d7c9a10bd02c003ee0dc3c54951c,0.43992287502624094
4,scaled-mse,1,0.01,0.9,114,r4_scaled-mse_sigma1_lr0.01,48,ok,,0.5042548085282048,6.184843702014705,0.3841994624534783,0.11333884142377611,c8a7a565f4c34afcedf377bd8a33aee023bbafec99430b278d5183f906311b3e,52ceac77e1e0c99a5de90b23d52d3e2f15eb08da92d5b6842d3e92834a138f22,9fc9306ab4737b5804dc59a07264243c6abc622ca16efa0cd4d6bddf38b05e36,b866245d1a511ec78b1c46ad9c5b7c24ae305d3a4597eadd1513f9251448aada,0.43686516594607383
4,scaled-mse,1,0.01,0.9,115,r4_scaled-mse_sigma1_lr0.01,48,ok,,0.6468461416185651,6.190350285365199,0.37064404128032,0.11082256834281569,21e3187a25ce542a7fda12331f6df5573b7aa9cfb19c4d6a1242f48e9ab77257,c3a0cabd7487508470d585545f7b6a856897b0410105302f1b4d5c12944c190d,fae9b80b4b9bbecd172da441f7a298732dc4ec9c5fd56650a16ee48bf4f2164a,511a9fee1d8f467003479f0b9dcb30337ee1a68e067dcc991d5efeaa1c30f3ca,0.4367285839980468
4,scaled-mse,1,0.01,0.9,116,r4_scaled-mse_sigma1_lr0.01,48,ok,,0.6940433238124029,6.403388378818939,0.40397738007763223,0.12321310092367783,b240340bda42b13e461b839e854e8931eb9b197c11fad589d1f07877b5a6c105,0d285e8573294ff0f8d626c9d7c79b1ffa6d14fb3071ba7be902aa48627a1c7e,67eaeaae05cc33550f061649f99bb92951375c55491458d36e2f1c224114a8b1,cef618fe0fa48343569619b7334137da0e397721eb3a078c08871e9e4193d1f5,0.42692787502892315
4,scaled-mse,1,0.01,0.9,117,r4_scaled-mse_sigma1_lr0.01,48,ok,,0.7296968824754971,6.390146062695169,0.3638174117291098,0.1076899538718165,2ff937c83d36f7b3a5406c91e8755c50ce932575e34db68925452587b0ab77d6,32821079a74fe63f445d951a557ad18447fced01821fc77b6b8d137d2fe48881,6d2e8203ab09f7481803ba6cac1d0fef11989f0d29cc5ddaeca62054fed6f238,e0b9f294b820a1aa278f5cd75720af9014c99374da05d571d878890a160e022a,0.4366205830592662
4,scaled-mse,1,0.01,0.9,118,r4_scaled-mse_sigma1_lr0.01,48,ok,,0.5516016227982499,6.321659515718787,0.40268255638063305,0.11556989368124168,f9372f8f74b3a18b86f9a9dd960278381003e836073cde71119d3b892dde9434,ffdd2708cda2855a18fd4a81398631fadb59f1610b8dd3d36eefe8f678572c16,3672d037714419789c221c8c7564a09d4bd2e60bbf08a0fa3cd13f9a40a45c57,bf34f477abb16f7800703a8aa5ac322b03f582a20f996d74e68f001cf9732cdb,0.43730616697575897
4,scaled-mse,1,0.01,0.9,119,r4_scaled-mse_sigma1_lr0.01,48,ok,,0.8062706260954224,6.406081849136457,0.39578309791560623,0.11675601388510384,9cc5a5818d004f0f1492c246ba3ab8685b2df3f7dfd15cdf113ebebec42d8dee,01bf4e2b10f88360652600d185a9d719f05502f25f089d70da96eafa7fe4dfe3,a56289775eec0ce432a321db146cf9b88569ccab3daaa3aefaeb57ea0050cb73,152370bb377ea714cfc078c2235d0ba001bfe1626af828d19a441d0c68fa2f0a,0.44058225001208484
4,scaled-mse,1,0.01,0.9,120,r4_scaled-mse_sigma1_lr0.01,48,ok,,0.6259599687846643,6.291615439071853,0.4112209281438177,0.12089895287428241,69e5aaf107b63f46b6b057dfe99d3189e4f485b9649136f1718f398f646e43c6,dff4b17a330f664ec4d31f507c7603e7842ac94d65226c760d6e78cfa953aeb7,be8ede604a893ee87034e6fb596cea91ea3be8f191d448807bebae1ef6fbfe79,c8a464e3dc5900b1823e47278ccc6047977a95a0a6e7739b20457a50c75e991c,0.42170462501235306
4,scaled-mse,1,0.02,0.9,111,r4_scaled-mse_sigma1_lr0.02,48,ok,,0.5377926569159388,6.334083946180308,0.4060406606753216,0.11734575093516793,6f4599f803588363f7f3f06a30082972087391773f80fd6d7eb3eadc6484859e,ff013eda1d426d67006a334f6583897c614d689f5823b14c442be63e78bb3962,46ec6552ea8abd2c67a85ebf993bb74a1984e0f557904f8a35ae4eb6d2b596da,d59d43420c9129a49d4e4aa149c529c6e0cbc3f6e3f83610204fc311412d67e5,0.4198606660356745
4,scaled-mse,1,0.02,0.9,112,r4_scaled-mse_sigma1_lr0.02,48,ok,,0.4428148803207206,6.080451928855529,0.41014910730547444,0.12058383754780948,23158049f8a287709543a55b89f8943218b08cba397a67e034633640e70c99f6,3dd0b47c3c1ce23069083c16d0c2272714da54db5025db5646fd1228b010a5e8,b0126d22db14df8032614d0be237f7ba7f8faae015df79310d48a47a7e019709,889fcea4602e0d08ee4021f00203d655dcb8d5e70709f4efb56844c28ea0e74c,0.5007597500225529
4,scaled-mse,1,0.02,0.9,113,r4_scaled-mse_sigma1_lr0.02,48,ok,,0.5672974711045116,6.181019222578812,0.38196009729814123,0.11611586957863494,1130bcd06d370ab57f1bc3a67409c755b267648b80a0f46e840060bb010d3ab8,db95c591d5ad7a1f08531cf0e04985b931fc730f28e8ed47b8c7c5d8ecd8db0c,494a09d0cb32c8fd575150abd91ad12074451b075c550159cd5a0edda3ce9c1b,f16642197b525fd13d6256e464b0e7fa2a58d7c9a10bd02c003ee0dc3c54951c,0.7090930419508368
4,scaled-mse,1,0.02,0.9,114,r4_scaled-mse_sigma1_lr0.02,48,ok,,0.4937885240906305,6.176580189250939,0.40194685034824007,0.11857432085273083,c8a7a565f4c34afcedf377bd8a33aee023bbafec99430b278d5183f906311b3e,52ceac77e1e0c99a5de90b23d52d3e2f15eb08da92d5b6842d3e92834a138f22,9fc9306ab4737b5804dc59a07264243c6abc622ca16efa0cd4d6bddf38b05e36,b866245d1a511ec78b1c46ad9c5b7c24ae305d3a4597eadd1513f9251448aada,0.7980723750079051
4,scaled-mse,1,0.02,0.9,115,r4_scaled-mse_sigma1_lr0.02,48,ok,,0.5197680682580184,6.0629325209489595,0.38942055401721604,0.11643674565114759,21e3187a25ce542a7fda12331f6df5573b7aa9cfb19c4d6a1242f48e9ab77257,c3a0cabd7487508470d585545f7b6a856897b0410105302f1b4d5c12944c190d,fae9b80b4b9bbecd172da441f7a298732dc4ec9c5fd56650a16ee48bf4f2164a,511a9fee1d8f467003479f0b9dcb30337ee1a68e067dcc991d5efeaa1c30f3ca,0.7462635419797152
4,scaled-mse,1,0.02,0.9,116,r4_scaled-mse_sigma1_lr0.02,48,ok,,0.4782362542069418,6.157632235606697,0.4166936400161459,0.12709156020492451,b240340bda42b13e461b839e854e8931eb9b197c11fad589d1f07877b5a6c105,0d285e8573294ff0f8d626c9d7c79b1ffa6d14fb3071ba7be902aa48627a1c7e,67eaeaae05cc33550f061649f99bb92951375c55491458d36e2f1c224114a8b1,cef618fe0fa48343569619b7334137da0e397721eb3a078c08871e9e4193d1f5,0.5953532919520512
4,scaled-mse,1,0.02,0.9,117,r4_scaled-mse_sigma1_lr0.02,48,ok,,0.4495316279733804,6.068126311955795,0.43514007049591946,0.12880146086679214,2ff937c83d36f7b3a5406c91e8755c50ce932575e34db68925452587b0ab77d6,32821079a74fe63f445d951a557ad18447fced01821fc77b6b8d137d2fe48881,6d2e8203ab09f7481803ba6cac1d0fef11989f0d29cc5ddaeca62054fed6f238,e0b9f294b820a1aa278f5cd75720af9014c99374da05d571d878890a160e022a,0.5597682499792427
4,scaled-mse,1,0.02,0.9,118,r4_scaled-mse_sigma1_lr0.02,48,ok,,0.44941481913046555,6.192455464982474,0.3957493529820866,0.11358006430585885,f9372f8f74b3a18b86f9a9dd960278381003e836073cde71119d3b892dde9434,ffdd2708cda2855a18fd4a81398631fadb59f1610b8dd3d36eefe8f678572c16,3672d037714419789c221c8c7564a09d4bd2e60bbf08a0fa3cd13f9a40a45c57,bf34f477abb16f7800703a8aa5ac322b03f582a20f996d74e68f001cf9732cdb,0.5516848330153152
4,scaled-mse,1,0.02,0.9,119,r4_scaled-mse_sigma1_lr0.02,48,ok,,0.426261120158976,6.030455984488036,0.433633334333918,0.12792183362850582,9cc5a5818d004f0f1492c246ba3ab8685b2df3f7dfd15cdf113ebebec42d8dee,01bf4e2b10f88360652600d185a9d719f05502f25f089d70da96eafa7fe4dfe3,a56289775eec0ce432a321db146cf9b88569ccab3daaa3aefaeb57ea0050cb73,152370bb377ea714cfc078c2235d0ba001bfe1626af828d19a441d0c68fa2f0a,0.5993679169332609
4,scaled-mse,1,0.02,0.9,120,r4_scaled-mse_sigma1_lr0.02,48,ok,,0.5051346796502805,6.193795682201977,0.429139288477339,0.12616695081233767,69e5aaf107b63f46b6b057dfe99d3189e4f485b9649136f1718f398f646e43c6,dff4b17a330f664ec4d31f507c7603e7842ac94d65226c760d6e78cfa953aeb7,be8ede604a893ee87034e6fb596cea91ea3be8f191d448807bebae1ef6fbfe79,c8a464e3dc5900b1823e47278ccc6047977a95a0a6e7739b20457a50c75e991c,0.6360254579922184
4,scaled-mse,1,0.05,0.9,111,r4_scaled-mse_sigma1_lr0.05,48,ok,,0.44604594044158896,6.202813053768857,0.4229358221682226,0.12222845260661634,6f4599f803588363f7f3f06a30082972087391773f80fd6d7eb3eadc6484859e,ff013eda1d426d67006a334f6583897c614d689f5823b14c442be63e78bb3962,46ec6552ea8abd2c67a85ebf993bb74a1984e0f557904f8a35ae4eb6d2b596da,d59d43420c9129a49d4e4aa149c529c6e0cbc3f6e3f83610204fc311412d67e5,0.6777922079199925
4,scaled-mse,1,0.05,0.9,112,r4_scaled-mse_sigma1_lr0.05,48,ok,,0.45765172899173384,6.094505569547744,0.4102977447114656,0.12062753694517088,23158049f8a287709543a55b89f8943218b08cba397a67e034633640e70c99f6,3dd0b47c3c1ce23069083c16d0c2272714da54db5025db5646fd1228b010a5e8,b0126d22db14df8032614d0be237f7ba7f8faae015df79310d48a47a7e019709,889fcea4602e0d08ee4021f00203d655dcb8d5e70709f4efb56844c28ea0e74c,0.7018987499177456
4,scaled-mse,1,0.05,0.9,113,r4_scaled-mse_sigma1_lr0.05,48,ok,,0.5272099471220353,6.116239171169638,0.4135646158003595,0.12572364320330928,1130bcd06d370ab57f1bc3a67409c755b267648b80a0f46e840060bb010d3ab8,db95c591d5ad7a1f08531cf0e04985b931fc730f28e8ed47b8c7c5d8ecd8db0c,494a09d0cb32c8fd575150abd91ad12074451b075c550159cd5a0edda3ce9c1b,f16642197b525fd13d6256e464b0e7fa2a58d7c9a10bd02c003ee0dc3c54951c,0.93847558402922
4,scaled-mse,1,0.05,0.9,114,r4_scaled-mse_sigma1_lr0.05,48,ok,,0.4578129762218947,6.142454623965483,0.40338554153815187,0.1189987347537548,c8a7a565f4c34afcedf377bd8a33aee023bbafec99430b278d5183f906311b3e,52ceac77e1e0c99a5de90b23d52d3e2f15eb08da92d5b6842d3e92834a138f22,9fc9306ab4737b5804dc59a07264243c6abc622ca16efa0cd4d6bddf38b05e36,b866245d1a511ec78b1c46ad9c5b7c24ae305d3a4597eadd1513f9251448aada,0.9186969170114025
4,scaled-mse,1,0.05,0.9,115,r4_scaled-mse_sigma1_lr0.05,48,ok,,0.49425088539804357,6.0562894663515054,0.42711133839047327,0.1277062901787515,21e3187a25ce542a7fda12331f6df5573b7aa9cfb19c4d6a1242f48e9ab77257,c3a0cabd7487508470d585545f7b6a856897b0410105302f1b4d5c12944c190d,fae9b80b4b9bbecd172da441f7a298732dc4ec9c5fd56650a16ee48bf4f2164a,511a9fee1d8f467003479f0b9dcb30337ee1a68e067dcc991d5efeaa1c30f3ca,0.8270007920218632
4,scaled-mse,1,0.05,0.9,116,r4_scaled-mse_sigma1_lr0.05,48,ok,,0.4800241511062021,6.16792054566355,0.39304030871968,0.11987729415950239,b240340bda42b13e461b839e854e8931eb9b197c11fad589d1f07877b5a6c105,0d285e8573294ff0f8d626c9d7c79b1ffa6d14fb3071ba7be902aa48627a1c7e,67eaeaae05cc33550f061649f99bb92951375c55491458d36e2f1c224114a8b1,cef618fe0fa48343569619b7334137da0e397721eb3a078c08871e9e4193d1f5,0.49862483399920166
4,scaled-mse,1,0.05,0.9,117,r4_scaled-mse_sigma1_lr0.05,48,ok,,0.45314159430649986,6.076752262646025,0.425317407475551,0.1258939526127631,2ff937c83d36f7b3a5406c91e8755c50ce932575e34db68925452587b0ab77d6,32821079a74fe63f445d951a557ad18447fced01821fc77b6b8d137d2fe48881,6d2e8203ab09f7481803ba6cac1d0fef11989f0d29cc5ddaeca62054fed6f238,e0b9f294b820a1aa278f5cd75720af9014c99374da05d571d878890a160e022a,0.4461281249532476
4,scaled-mse,1,0.05,0.9,118,r4_scaled-mse_sigma1_lr0.05,48,ok,,0.4318017252432534,6.149464102838652,0.4224658842099083,0.1212477087682437,f9372f8f74b3a18b86f9a9dd960278381003e836073cde71119d3b892dde9434,ffdd2708cda2855a18fd4a81398631fadb59f1610b8dd3d36eefe8f678572c16,3672d037714419789c221c8c7564a09d4bd2e60bbf08a0fa3cd13f9a40a45c57,bf34f477abb16f7800703a8aa5ac322b03f582a20f996d74e68f001cf9732cdb,0.43005445902235806
4,scaled-mse,1,0.05,0.9,119,r4_scaled-mse_sigma1_lr0.05,48,ok,,0.47275193024230544,6.09681764489854,0.402755883613342,0.1188129856659359,9cc5a5818d004f0f1492c246ba3ab8685b2df3f7dfd15cdf113ebebec42d8dee,01bf4e2b10f88360652600d185a9d719f05502f25f089d70da96eafa7fe4dfe3,a56289775eec0ce432a321db146cf9b88569ccab3daaa3aefaeb57ea0050cb73,152370bb377ea714cfc078c2235d0ba001bfe1626af828d19a441d0c68fa2f0a,0.43860258301720023
4,scaled-mse,1,0.05,0.9,120,r4_scaled-mse_sigma1_lr0.05,48,ok,,0.47847132493795286,6.177318673530212,0.4100004279744945,0.12054012582450137,69e5aaf107b63f46b6b057dfe99d3189e4f485b9649136f1718f398f646e43c6,dff4b17a330f664ec4d31f507c7603e7842ac94d65226c760d6e78cfa953aeb7,be8ede604a893ee87034e6fb596cea91ea3be8f191d448807bebae1ef6fbfe79,c8a464e3dc5900b1823e47278ccc6047977a95a0a6e7739b20457a50c75e991c,0.4457868339959532
4,scaled-mse,1,0.1,0.9,111,r4_scaled-mse_sigma1_lr0.1,48,ok,,0.4394155352956904,6.189659827130514,0.42292852764607874,0.12222634448971675,6f4599f803588363f7f3f06a30082972087391773f80fd6d7eb3eadc6484859e,ff013eda1d426d67006a334f6583897c614d689f5823b14c442be63e78bb3962,46ec6552ea8abd2c67a85ebf993bb74a1984e0f557904f8a35ae4eb6d2b596da,d59d43420c9129a49d4e4aa149c529c6e0cbc3f6e3f83610204fc311412d67e5,0.4524196250131354
4,scaled-mse,1,0.1,0.9,112,r4_scaled-mse_sigma1_lr0.1,48,ok,,0.4707174934474219,6.113915086036175,0.393023471038445,0.11554890048530282,23158049f8a287709543a55b89f8943218b08cba397a67e034633640e70c99f6,3dd0b47c3c1ce23069083c16d0c2272714da54db5025db5646fd1228b010a5e8,b0126d22db14df8032614d0be237f7ba7f8faae015df79310d48a47a7e019709,889fcea4602e0d08ee4021f00203d655dcb8d5e70709f4efb56844c28ea0e74c,0.4766240830067545
4,scaled-mse,1,0.1,0.9,113,r4_scaled-mse_sigma1_lr0.1,48,ok,,0.37733132507802725,5.967987844045092,0.4022649288513475,0.12228853837080965,1130bcd06d370ab57f1bc3a67409c755b267648b80a0f46e840060bb010d3ab8,db95c591d5ad7a1f08531cf0e04985b931fc730f28e8ed47b8c7c5d8ecd8db0c,494a09d0cb32c8fd575150abd91ad12074451b075c550159cd5a0edda3ce9c1b,f16642197b525fd13d6256e464b0e7fa2a58d7c9a10bd02c003ee0dc3c54951c,0.5034698341041803
4,scaled-mse,1,0.1,0.9,114,r4_scaled-mse_sigma1_lr0.1,48,ok,,0.41814764728675674,6.118537811040229,0.41787119924364874,0.12327200377687637,c8a7a565f4c34afcedf377bd8a33aee023bbafec99430b278d5183f906311b3e,52ceac77e1e0c99a5de90b23d52d3e2f15eb08da92d5b6842d3e92834a138f22,9fc9306ab4737b5804dc59a07264243c6abc622ca16efa0cd4d6bddf38b05e36,b866245d1a511ec78b1c46ad9c5b7c24ae305d3a4597eadd1513f9251448aada,0.5586996669881046
4,scaled-mse,1,0.1,0.9,115,r4_scaled-mse_sigma1_lr0.1,48,ok,,0.4240987646299521,5.97451164554052,0.389564329060338,0.11647973438904105,21e3187a25ce542a7fda12331f6df5573b7aa9cfb19c4d6a1242f48e9ab77257,c3a0cabd7487508470d585545f7b6a856897b0410105302f1b4d5c12944c190d,fae9b80b4b9bbecd172da441f7a298732dc4ec9c5fd56650a16ee48bf4f2164a,511a9fee1d8f467003479f0b9dcb30337ee1a68e067dcc991d5efeaa1c30f3ca,0.5371737090172246
4,scaled-mse,1,0.1,0.9,116,r4_scaled-mse_sigma1_lr0.1,48,ok,,0.49296239936484504,6.1621343951794385,0.3843367412056751,0.11722270606773091,b240340bda42b13e461b839e854e8931eb9b197c11fad589d1f07877b5a6c105,0d285e8573294ff0f8d626c9d7c79b1ffa6d14fb3071ba7be902aa48627a1c7e,67eaeaae05cc33550f061649f99bb92951375c55491458d36e2f1c224114a8b1,cef618fe0fa48343569619b7334137da0e397721eb3a078c08871e9e4193d1f5,0.5228821670170873
4,scaled-mse,1,0.1,0.9,117,r4_scaled-mse_sigma1_lr0.1,48,ok,,0.4414199390610835,6.078794956324746,0.39392486616821576,0.11660176038579187,2ff937c83d36f7b3a5406c91e8755c50ce932575e34db68925452587b0ab77d6,32821079a74fe63f445d951a557ad18447fced01821fc77b6b8d137d2fe48881,6d2e8203ab09f7481803ba6cac1d0fef11989f0d29cc5ddaeca62054fed6f238,e0b9f294b820a1aa278f5cd75720af9014c99374da05d571d878890a160e022a,0.4656186249339953
4,scaled-mse,1,0.1,0.9,118,r4_scaled-mse_sigma1_lr0.1,48,ok,,0.742040327749523,6.443308147264636,0.40086696895194585,0.11504882008920846,f9372f8f74b3a18b86f9a9dd960278381003e836073cde71119d3b892dde9434,ffdd2708cda2855a18fd4a81398631fadb59f1610b8dd3d36eefe8f678572c16,3672d037714419789c221c8c7564a09d4bd2e60bbf08a0fa3cd13f9a40a45c57,bf34f477abb16f7800703a8aa5ac322b03f582a20f996d74e68f001cf9732cdb,0.4495572920423001
4,scaled-mse,1,0.1,0.9,119,r4_scaled-mse_sigma1_lr0.1,48,ok,,0.4987742432269232,6.146719663732531,0.4105401252093436,0.12110933693675635,9cc5a5818d004f0f1492c246ba3ab8685b2df3f7dfd15cdf113ebebec42d8dee,01bf4e2b10f88360652600d185a9d719f05502f25f089d70da96eafa7fe4dfe3,a56289775eec0ce432a321db146cf9b88569ccab3daaa3aefaeb57ea0050cb73,152370bb377ea714cfc078c2235d0ba001bfe1626af828d19a441d0c68fa2f0a,0.4440471660345793
4,scaled-mse,1,0.1,0.9,120,r4_scaled-mse_sigma1_lr0.1,48,ok,,1.6523386227551966,7.271145610566288,0.33213381928816527,0.09764734287072059,69e5aaf107b63f46b6b057dfe99d3189e4f485b9649136f1718f398f646e43c6,dff4b17a330f664ec4d31f507c7603e7842ac94d65226c760d6e78cfa953aeb7,be8ede604a893ee87034e6fb596cea91ea3be8f191d448807bebae1ef6fbfe79,c8a464e3dc5900b1823e47278ccc6047977a95a0a6e7739b20457a50c75e991c,0.5174554999684915
4,scaled-mse,1,0.2,0.9,111,r4_scaled-mse_sigma1_lr0.2,48,ok,,0.41534713564600445,6.170120506668633,0.419507939072915,0.12123779439207243,6f4599f803588363f7f3f06a30082972087391773f80fd6d7eb3eadc6484859e,ff013eda1d426d67006a334f6583897c614d689f5823b14c442be63e78bb3962,46ec6552ea8abd2c67a85ebf993bb74a1984e0f557904f8a35ae4eb6d2b596da,d59d43420c9129a49d4e4aa149c529c6e0cbc3f6e3f83610204fc311412d67e5,0.5146167080383748
4,scaled-mse,1,0.2,0.9,112,r4_scaled-mse_sigma1_lr0.2,48,ok,,0.401690300013958,6.057427394676583,0.4212335854099604,0.12384267411052836,23158049f8a287709543a55b89f8943218b08cba397a67e034633640e70c99f6,3dd0b47c3c1ce23069083c16d0c2272714da54db5025db5646fd1228b010a5e8,b0126d22db14df8032614d0be237f7ba7f8faae015df79310d48a47a7e019709,889fcea4602e0d08ee4021f00203d655dcb8d5e70709f4efb56844c28ea0e74c,0.5033511660294607
4,scaled-mse,1,0.2,0.9,113,r4_scaled-mse_sigma1_lr0.2,48,ok,,0.41320556025599925,6.010960317499365,0.42382370629141314,0.1288424067125896,1130bcd06d370ab57f1bc3a67409c755b267648b80a0f46e840060bb010d3ab8,db95c591d5ad7a1f08531cf0e04985b931fc730f28e8ed47b8c7c5d8ecd8db0c,494a09d0cb32c8fd575150abd91ad12074451b075c550159cd5a0edda3ce9c1b,f16642197b525fd13d6256e464b0e7fa2a58d7c9a10bd02c003ee0dc3c54951c,0.4096191660501063
4,scaled-mse,1,0.2,0.9,114,r4_scaled-mse_sigma1_lr0.2,48,ok,,0.43088335648224746,6.115408496705741,0.41883048159139463,0.12355499206946143,c8a7a565f4c34afcedf377bd8a33aee023bbafec99430b278d5183f906311b3e,52ceac77e1e0c99a5de90b23d52d3e2f15eb08da92d5b6842d3e92834a138f22,9fc9306ab4737b5804dc59a07264243c6abc622ca16efa0cd4d6bddf38b05e36,b866245d1a511ec78b1c46ad9c5b7c24ae305d3a4597eadd1513f9251448aada,0.4272554999915883
4,scaled-mse,1,0.2,0.9,115,r4_scaled-mse_sigma1_lr0.2,48,ok,,0.45002774253266065,6.022780615835164,0.39602609933968685,0.11841180370256638,21e3187a25ce542a7fda12331f6df5573b7aa9cfb19c4d6a1242f48e9ab77257,c3a0cabd7487508470d585545f7b6a856897b0410105302f1b4d5c12944c190d,fae9b80b4b9bbecd172da441f7a298732dc4ec9c5fd56650a16ee48bf4f2164a,511a9fee1d8f467003479f0b9dcb30337ee1a68e067dcc991d5efeaa1c30f3ca,0.5014021249953657
4,scaled-mse,1,0.2,0.9,116,r4_scaled-mse_sigma1_lr0.2,48,ok,,0.5092096948357636,6.184835132711219,0.39905674628357674,0.1217123076164909,b240340bda42b13e461b839e854e8931eb9b197c11fad589d1f07877b5a6c105,0d285e8573294ff0f8d626c9d7c79b1ffa6d14fb3071ba7be902aa48627a1c7e,67eaeaae05cc33550f061649f99bb92951375c55491458d36e2f1c224114a8b1,cef618fe0fa48343569619b7334137da0e397721eb3a078c08871e9e4193d1f5,0.539572749985382
4,scaled-mse,1,0.2,0.9,117,r4_scaled-mse_sigma1_lr0.2,48,ok,,0.45425101071669227,6.101785220562489,0.4058120864881591,0.12012037760049508,2ff937c83d36f7b3a5406c91e8755c50ce932575e34db68925452587b0ab77d6,32821079a74fe63f445d951a557ad18447fced01821fc77b6b8d137d2fe48881,6d2e8203ab09f7481803ba6cac1d0fef11989f0d29cc5ddaeca62054fed6f238,e0b9f294b820a1aa278f5cd75720af9014c99374da05d571d878890a160e022a,0.5718704171013087
4,scaled-mse,1,0.2,0.9,118,r4_scaled-mse_sigma1_lr0.2,48,ok,,0.3472442321457686,6.078900301549675,0.42716441286360995,0.12259618649185607,f9372f8f74b3a18b86f9a9dd960278381003e836073cde71119d3b892dde9434,ffdd2708cda2855a18fd4a81398631fadb59f1610b8dd3d36eefe8f678572c16,3672d037714419789c221c8c7564a09d4bd2e60bbf08a0fa3cd13f9a40a45c57,bf34f477abb16f7800703a8aa5ac322b03f582a20f996d74e68f001cf9732cdb,0.48908854101318866
4,scaled-mse,1,0.2,0.9,119,r4_scaled-mse_sigma1_lr0.2,48,ok,,2.436397361312267,8.079292197648869,0.20553952709968912,0.06063416049440829,9cc5a5818d004f0f1492c246ba3ab8685b2df3f7dfd15cdf113ebebec42d8dee,01bf4e2b10f88360652600d185a9d719f05502f25f089d70da96eafa7fe4dfe3,a56289775eec0ce432a321db146cf9b88569ccab3daaa3aefaeb57ea0050cb73,152370bb377ea714cfc078c2235d0ba001bfe1626af828d19a441d0c68fa2f0a,0.4478446670109406
4,scaled-mse,1,0.2,0.9,120,r4_scaled-mse_sigma1_lr0.2,48,ok,,0.4322749639700054,6.114181149304676,0.42776083631505796,0.12576168587662703,69e5aaf107b63f46b6b057dfe99d3189e4f485b9649136f1718f398f646e43c6,dff4b17a330f664ec4d31f507c7603e7842ac94d65226c760d6e78cfa953aeb7,be8ede604a893ee87034e6fb596cea91ea3be8f191d448807bebae1ef6fbfe79,c8a464e3dc5900b1823e47278ccc6047977a95a0a6e7739b20457a50c75e991c,0.406642833026126
5,mse,1,0.005,0.9,111,r5_mse_sigma1_lr0.005,60,ok,,0.9795616316807861,6.691556822739142,0.36656009181223964,0.10593586653373725,6f4599f803588363f7f3f06a30082972087391773f80fd6d7eb3eadc6484859e,ff013eda1d426d67006a334f6583897c614d689f5823b14c442be63e78bb3962,46ec6552ea8abd2c67a85ebf993bb74a1984e0f557904f8a35ae4eb6d2b596da,d1c56984458c037ac512580f74df185ac4c111a702212c7cfaf13c1ca65aebe9,0.4017678329255432
5,mse,1,0.005,0.9,112,r5_mse_sigma1_lr0.005,60,ok,,0.8793344157331602,6.492533886101657,0.3784067683882289,0.1112515899061393,23158049f8a287709543a55b89f8943218b08cba397a67e034633640e70c99f6,3dd0b47c3c1ce23069083c16d0c2272714da54db5025db5646fd1228b010a5e8,b0126d22db14df8032614d0be237f7ba7f8faae015df79310d48a47a7e019709,7cf215d2f9edfe114fd58221406c9b8614d936ff435dd52843f07d52d239e8f0,0.4225497080478817
5,mse,1,0.005,0.9,113,r5_mse_sigma1_lr0.005,60,ok,,0.972417754780305,6.5791238337405655,0.33941403458351493,0.10318186651338854,1130bcd06d370ab57f1bc3a67409c755b267648b80a0f46e840060bb010d3ab8,db95c591d5ad7a1f08531cf0e04985b931fc730f28e8ed47b8c7c5d8ecd8db0c,494a09d0cb32c8fd575150abd91ad12074451b075c550159cd5a0edda3ce9c1b,c3ccfdf546077e3988ee6c948ab6a99fff1f54ea8f05150e1add2348f19c7b75,0.4117777500068769
5,mse,1,0.005,0.9,114,r5_mse_sigma1_lr0.005,60,ok,,0.659675890943415,6.356302416736098,0.40136779882484497,0.11840350065332926,c8a7a565f4c34afcedf377bd8a33aee023bbafec99430b278d5183f906311b3e,52ceac77e1e0c99a5de90b23d52d3e2f15eb08da92d5b6842d3e92834a138f22,9fc9306ab4737b5804dc59a07264243c6abc622ca16efa0cd4d6bddf38b05e36,34475f4f2a54c2f51b87ca6e4090248db2d1c3bf4a93c1e597425a64dfa7c24d,0.4184722499921918
5,mse,1,0.005,0.9,115,r5_mse_sigma1_lr0.005,60,ok,,0.7458524938351824,6.30393759087863,0.4165236547492581,0.12454057277002818,21e3187a25ce542a7fda12331f6df5573b7aa9cfb19c4d6a1242f48e9ab77257,c3a0cabd7487508470d585545f7b6a856897b0410105302f1b4d5c12944c190d,fae9b80b4b9bbecd172da441f7a298732dc4ec9c5fd56650a16ee48bf4f2164a,ffa4fb8ff63f2fd3f92c212f125af732d0fdf126648b3a141a1396d1b2943a85,0.3943301249528304
5,mse,1,0.005,0.9,116,r5_mse_sigma1_lr0.005,60,ok,,1.0616161528794956,6.740152082164848,0.34875649930940167,0.10637073228936751,b240340bda42b13e461b839e854e8931eb9b197c11fad589d1f07877b5a6c105,0d285e8573294ff0f8d626c9d7c79b1ffa6d14fb3071ba7be902aa48627a1c7e,67eaeaae05cc33550f061649f99bb92951375c55491458d36e2f1c224114a8b1,82a738c98e33ae7527a4b39c2218f7ec9f26aeddfccfd23d7ba036670214902e,0.3796509589301422
5,mse,1,0.005,0.9,117,r5_mse_sigma1_lr0.005,60,ok,,0.7821066437459571,6.407125281321853,0.36522965696245835,0.10810797846088767,2ff937c83d36f7b3a5406c91e8755c50ce932575e34db68925452587b0ab77d6,32821079a74fe63f445d951a557ad18447fced01821fc77b6b8d137d2fe48881,6d2e8203ab09f7481803ba6cac1d0fef11989f0d29cc5ddaeca62054fed6f238,cdf25d405b5fe37947efb89cf322d90a325944cb0f0b1c74e63c9bef676409c9,0.38120887498371303
5,mse,1,0.005,0.9,118,r5_mse_sigma1_lr0.005,60,ok,,1.0183444716512797,6.747800898973433,0.36057560115555043,0.10348519753164297,f9372f8f74b3a18b86f9a9dd960278381003e836073cde71119d3b892dde9434,ffdd2708cda2855a18fd4a81398631fadb59f1610b8dd3d36eefe8f678572c16,3672d037714419789c221c8c7564a09d4bd2e60bbf08a0fa3cd13f9a40a45c57,59bdc0f89b4338bedfcb41a006c7270700c3c9b7dcc404f90ce523a6de72153f,0.36494062503334135
5,mse,1,0.005,0.9,119,r5_mse_sigma1_lr0.005,60,ok,,1.0295299260076178,6.625302522701486,0.3879023966329966,0.11443120700673398,9cc5a5818d004f0f1492c246ba3ab8685b2df3f7dfd15cdf113ebebec42d8dee,01bf4e2b10f88360652600d185a9d719f05502f25f089d70da96eafa7fe4dfe3,a56289775eec0ce432a321db146cf9b88569ccab3daaa3aefaeb57ea0050cb73,b4b89830e7b456b55a2d8bf5cd702abc3d8f249d69772640d3613c7c3883f235,0.3612224579555914
5,mse,1,0.005,0.9,120,r5_mse_sigma1_lr0.005,60,ok,,1.033392387590017,6.728748145397483,0.3789342699899367,0.11140667537704138,69e5aaf107b63f46b6b057dfe99d3189e4f485b9649136f1718f398f646e43c6,dff4b17a330f664ec4d31f507c7603e7842ac94d65226c760d6e78cfa953aeb7,be8ede604a893ee87034e6fb596cea91ea3be8f191d448807bebae1ef6fbfe79,edec6b504324ff4ca21bfe1724b68c91d15940a01c61e711c5d594301c2472db,0.35737283306661993
5,mse,1,0.01,0.9,111,r5_mse_sigma1_lr0.01,60,ok,,0.7305519921976946,6.466625286587669,0.364907559588963,0.1054582847212103,6f4599f803588363f7f3f06a30082972087391773f80fd6d7eb3eadc6484859e,ff013eda1d426d67006a334f6583897c614d689f5823b14c442be63e78bb3962,46ec6552ea8abd2c67a85ebf993bb74a1984e0f557904f8a35ae4eb6d2b596da,d1c56984458c037ac512580f74df185ac4c111a702212c7cfaf13c1ca65aebe9,0.35695524991024286
5,mse,1,0.01,0.9,112,r5_mse_sigma1_lr0.01,60,ok,,0.8082851366785522,6.381356042158982,0.3473554045452722,0.10212248893631003,23158049f8a287709543a55b89f8943218b08cba397a67e034633640e70c99f6,3dd0b47c3c1ce23069083c16d0c2272714da54db5025db5646fd1228b010a5e8,b0126d22db14df8032614d0be237f7ba7f8faae015df79310d48a47a7e019709,7cf215d2f9edfe114fd58221406c9b8614d936ff435dd52843f07d52d239e8f0,0.3568478749366477
5,mse,1,0.01,0.9,113,r5_mse_sigma1_lr0.01,60,ok,,0.785583036672782,6.348779365573597,0.3346783486448176,0.10174221798802455,1130bcd06d370ab57f1bc3a67409c755b267648b80a0f46e840060bb010d3ab8,db95c591d5ad7a1f08531cf0e04985b931fc730f28e8ed47b8c7c5d8ecd8db0c,494a09d0cb32c8fd575150abd91ad12074451b075c550159cd5a0edda3ce9c1b,c3ccfdf546077e3988ee6c948ab6a99fff1f54ea8f05150e1add2348f19c7b75,0.35537004203069955
5,mse,1,0.01,0.9,114,r5_mse_sigma1_lr0.01,60,ok,,0.5825983159121175,6.304847175024797,0.390495246655876,0.11519609776348341,c8a7a565f4c34afcedf377bd8a33aee023bbafec99430b278d5183f906311b3e,52ceac77e1e0c99a5de90b23d52d3e2f15eb08da92d5b6842d3e92834a138f22,9fc9306ab4737b5804dc59a07264243c6abc622ca16efa0cd4d6bddf38b05e36,34475f4f2a54c2f51b87ca6e4090248db2d1c3bf4a93c1e597425a64dfa7c24d,0.35187316697556525
5,mse,1,0.01,0.9,115,r5_mse_sigma1_lr0.01,60,ok,,0.7271203588691799,6.301742237841062,0.40420145708724603,0.12085623566908656,21e3187a25ce542a7fda12331f6df5573b7aa9cfb19c4d6a1242f48e9ab77257,c3a0cabd7487508470d585545f7b6a856897b0410105302f1b4d5c12944c190d,fae9b80b4b9bbecd172da441f7a298732dc4ec9c5fd56650a16ee48bf4f2164a,ffa4fb8ff63f2fd3f92c212f125af732d0fdf126648b3a141a1396d1b2943a85,0.3483497919514775
5,mse,1,0.01,0.9,116,r5_mse_sigma1_lr0.01,60,ok,,0.6234809871965539,6.298304530306862,0.3718513564454932,0.11341466371587544,b240340bda42b13e461b839e854e8931eb9b197c11fad589d1f07877b5a6c105,0d285e8573294ff0f8d626c9d7c79b1ffa6d14fb3071ba7be902aa48627a1c7e,67eaeaae05cc33550f061649f99bb92951375c55491458d36e2f1c224114a8b1,82a738c98e33ae7527a4b39c2218f7ec9f26aeddfccfd23d7ba036670214902e,0.34239279199391603
5,mse,1,0.01,0.9,117,r5_mse_sigma1_lr0.01,60,ok,,0.5817711081459621,6.19335585592049,0.36886108013315844,0.1091828797194149,2ff937c83d36f7b3a5406c91e8755c50ce932575e34db68925452587b0ab77d6,32821079a74fe63f445d951a557ad18447fced01821fc77b6b8d137d2fe48881,6d2e8203ab09f7481803ba6cac1d0fef11989f0d29cc5ddaeca62054fed6f238,cdf25d405b5fe37947efb89cf322d90a325944cb0f0b1c74e63c9bef676409c9,0.3368059169733897
5,mse,1,0.01,0.9,118,r5_mse_sigma1_lr0.01,60,ok,,0.6352636942954841,6.349374879501426,0.4051772908694163,0.11628588247952247,f9372f8f74b3a18b86f9a9dd960278381003e836073cde71119d3b892dde9434,ffdd2708cda2855a18fd4a81398631fadb59f1610b8dd3d36eefe8f678572c16,3672d037714419789c221c8c7564a09d4bd2e60bbf08a0fa3cd13f9a40a45c57,59bdc0f89b4338bedfcb41a006c7270700c3c9b7dcc404f90ce523a6de72153f,0.3310355410212651
5,mse,1,0.01,0.9,119,r5_mse_sigma1_lr0.01,60,ok,,0.5550042866135384,6.170747560885477,0.42845936677047747,0.12639551319729087,9cc5a5818d004f0f1492c246ba3ab8685b2df3f7dfd15cdf113ebebec42d8dee,01bf4e2b10f88360652600d185a9d719f05502f25f089d70da96eafa7fe4dfe3,a56289775eec0ce432a321db146cf9b88569ccab3daaa3aefaeb57ea0050cb73,b4b89830e7b456b55a2d8bf5cd702abc3d8f249d69772640d3613c7c3883f235,0.33769191696774215
5,mse,1,0.01,0.9,120,r5_mse_sigma1_lr0.01,60,ok,,0.7801498945798715,6.472830404355734,0.3774680383796853,0.11097560328362747,69e5aaf107b63f46b6b057dfe99d3189e4f485b9649136f1718f398f646e43c6,dff4b17a330f664ec4d31f507c7603e7842ac94d65226c760d6e78cfa953aeb7,be8ede604a893ee87034e6fb596cea91ea3be8f191d448807bebae1ef6fbfe79,edec6b504324ff4ca21bfe1724b68c91d15940a01c61e711c5d594301c2472db,0.3361762500135228
5,mse,1,0.02,0.9,111,r5_mse_sigma1_lr0.02,60,ok,,0.5130610857161273,6.2773300308289794,0.4006226387033849,0.11577994258527824,6f4599f803588363f7f3f06a30082972087391773f80fd6d7eb3eadc6484859e,ff013eda1d426d67006a334f6583897c614d689f5823b14c442be63e78bb3962,46ec6552ea8abd2c67a85ebf993bb74a1984e0f557904f8a35ae4eb6d2b596da,d1c56984458c037ac512580f74df185ac4c111a702212c7cfaf13c1ca65aebe9,0.33996554207988083
5,mse,1,0.02,0.9,112,r5_mse_sigma1_lr0.02,60,ok,,0.5010974383388132,6.137372304038163,0.405465541791248,0.11920686928662691,23158049f8a287709543a55b89f8943218b08cba397a67e034633640e70c99f6,3dd0b47c3c1ce23069083c16d0c2272714da54db5025db5646fd1228b010a5e8,b0126d22db14df8032614d0be237f7ba7f8faae015df79310d48a47a7e019709,7cf215d2f9edfe114fd58221406c9b8614d936ff435dd52843f07d52d239e8f0,0.33809916698373854
5,mse,1,0.02,0.9,113,r5_mse_sigma1_lr0.02,60,ok,,0.7132153751682175,6.279475416719868,0.37058221711006023,0.11265699400145832,1130bcd06d370ab57f1bc3a67409c755b267648b80a0f46e840060bb010d3ab8,db95c591d5ad7a1f08531cf0e04985b931fc730f28e8ed47b8c7c5d8ecd8db0c,494a09d0cb32c8fd575150abd91ad12074451b075c550159cd5a0edda3ce9c1b,c3ccfdf546077e3988ee6c948ab6a99fff1f54ea8f05150e1add2348f19c7b75,0.33181595895439386
5,mse,1,0.02,0.9,114,r5_mse_sigma1_lr0.02,60,ok,,0.5678794560964922,6.267095964644352,0.39261579502410665,0.11582165953211146,c8a7a565f4c34afcedf377bd8a33aee023bbafec99430b278d5183f906311b3e,52ceac77e1e0c99a5de90b23d52d3e2f15eb08da92d5b6842d3e92834a138f22,9fc9306ab4737b5804dc59a07264243c6abc622ca16efa0cd4d6bddf38b05e36,34475f4f2a54c2f51b87ca6e4090248db2d1c3bf4a93c1e597425a64dfa7c24d,0.37069887504912913
5,mse,1,0.02,0.9,115,r5_mse_sigma1_lr0.02,60,ok,,0.6592441925011086,6.216196217409309,0.3856524029051718,0.11531006846864636,21e3187a25ce542a7fda12331f6df5573b7aa9cfb19c4d6a1242f48e9ab77257,c3a0cabd7487508470d585545f7b6a856897b0410105302f1b4d5c12944c190d,fae9b80b4b9bbecd172da441f7a298732dc4ec9c5fd56650a16ee48bf4f2164a,ffa4fb8ff63f2fd3f92c212f125af732d0fdf126648b3a141a1396d1b2943a85,0.3725227080285549
5,mse,1,0.02,0.9,116,r5_mse_sigma1_lr0.02,60,ok,,0.5710199838266456,6.237061861785001,0.3906481602376844,0.11914768887249375,b240340bda42b13e461b839e854e8931eb9b197c11fad589d1f07877b5a6c105,0d285e8573294ff0f8d626c9d7c79b1ffa6d14fb3071ba7be902aa48627a1c7e,67eaeaae05cc33550f061649f99bb92951375c55491458d36e2f1c224114a8b1,82a738c98e33ae7527a4b39c2218f7ec9f26aeddfccfd23d7ba036670214902e,0.38817204197403044
5,mse,1,0.02,0.9,117,r5_mse_sigma1_lr0.02,60,ok,,0.5213455447308595,6.1562071221862915,0.39227834824914554,0.11611439108174708,2ff937c83d36f7b3a5406c91e8755c50ce932575e34db68925452587b0ab77d6,32821079a74fe63f445d951a557ad18447fced01821fc77b6b8d137d2fe48881,6d2e8203ab09f7481803ba6cac1d0fef11989f0d29cc5ddaeca62054fed6f238,cdf25d405b5fe37947efb89cf322d90a325944cb0f0b1c74e63c9bef676409c9,0.38807087496388704
5,mse,1,0.02,0.9,118,r5_mse_sigma1_lr0.02,60,ok,,0.5902800376440827,6.34475397487579,0.41379743991737333,0.11875986525628615,f9372f8f74b3a18b86f9a9dd960278381003e836073cde71119d3b892dde9434,ffdd2708cda2855a18fd4a81398631fadb59f1610b8dd3d36eefe8f678572c16,3672d037714419789c221c8c7564a09d4bd2e60bbf08a0fa3cd13f9a40a45c57,59bdc0f89b4338bedfcb41a006c7270700c3c9b7dcc404f90ce523a6de72153f,0.3872828329913318
5,mse,1,0.02,0.9,119,r5_mse_sigma1_lr0.02,60,ok,,0.5569130083257867,6.17133109441986,0.408357367962562,0.1204654235489558,9cc5a5818d004f0f1492c246ba3ab8685b2df3f7dfd15cdf113ebebec42d8dee,01bf4e2b10f88360652600d185a9d719f05502f25f089d70da96eafa7fe4dfe3,a56289775eec0ce432a321db146cf9b88569ccab3daaa3aefaeb57ea0050cb73,b4b89830e7b456b55a2d8bf5cd702abc3d8f249d69772640d3613c7c3883f235,0.38289962499402463
5,mse,1,0.02,0.9,120,r5_mse_sigma1_lr0.02,60,ok,,0.5533159958869355,6.221672606078852,0.4148988768309961,0.12198026978831283,69e5aaf107b63f46b6b057dfe99d3189e4f485b9649136f1718f398f646e43c6,dff4b17a330f664ec4d31f507c7603e7842ac94d65226c760d6e78cfa953aeb7,be8ede604a893ee87034e6fb596cea91ea3be8f191d448807bebae1ef6fbfe79,edec6b504324ff4ca21bfe1724b68c91d15940a01c61e711c5d594301c2472db,0.35206750000361353
5,mse,1,0.05,0.9,111,r5_mse_sigma1_lr0.05,60,ok,,0.4360760466451994,6.199301428392128,0.42027128614069836,0.12145840169466184,6f4599f803588363f7f3f06a30082972087391773f80fd6d7eb3eadc6484859e,ff013eda1d426d67006a334f6583897c614d689f5823b14c442be63e78bb3962,46ec6552ea8abd2c67a85ebf993bb74a1984e0f557904f8a35ae4eb6d2b596da,d1c56984458c037ac512580f74df185ac4c111a702212c7cfaf13c1ca65aebe9,0.3565181669546291
5,mse,1,0.05,0.9,112,r5_mse_sigma1_lr0.05,60,ok,,0.372819728803242,6.001370337516602,0.3949006886013967,0.11610080244881064,23158049f8a287709543a55b89f8943218b08cba397a67e034633640e70c99f6,3dd0b47c3c1ce23069083c16d0c2272714da54db5025db5646fd1228b010a5e8,b0126d22db14df8032614d0be237f7ba7f8faae015df79310d48a47a7e019709,7cf215d2f9edfe114fd58221406c9b8614d936ff435dd52843f07d52d239e8f0,0.36149516701698303
5,mse,1,0.05,0.9,113,r5_mse_sigma1_lr0.05,60,ok,,0.5441471976631853,6.111333585265355,0.3716744107500174,0.11298902086800529,1130bcd06d370ab57f1bc3a67409c755b267648b80a0f46e840060bb010d3ab8,db95c591d5ad7a1f08531cf0e04985b931fc730f28e8ed47b8c7c5d8ecd8db0c,494a09d0cb32c8fd575150abd91ad12074451b075c550159cd5a0edda3ce9c1b,c3ccfdf546077e3988ee6c948ab6a99fff1f54ea8f05150e1add2348f19c7b75,0.3860897090053186
5,mse,1,0.05,0.9,114,r5_mse_sigma1_lr0.05,60,ok,,0.5654671643832898,6.259092078613776,0.3983193396501535,0.11750420519679529,c8a7a565f4c34afcedf377bd8a33aee023bbafec99430b278d5183f906311b3e,52ceac77e1e0c99a5de90b23d52d3e2f15eb08da92d5b6842d3e92834a138f22,9fc9306ab4737b5804dc59a07264243c6abc622ca16efa0cd4d6bddf38b05e36,34475f4f2a54c2f51b87ca6e4090248db2d1c3bf4a93c1e597425a64dfa7c24d,0.3861117500346154
5,mse,1,0.05,0.9,115,r5_mse_sigma1_lr0.05,60,ok,,0.6204434847325131,6.165340527916452,0.3722037816030536,0.11128893069931303,21e3187a25ce542a7fda12331f6df5573b7aa9cfb19c4d6a1242f48e9ab77257,c3a0cabd7487508470d585545f7b6a856897b0410105302f1b4d5c12944c190d,fae9b80b4b9bbecd172da441f7a298732dc4ec9c5fd56650a16ee48bf4f2164a,ffa4fb8ff63f2fd3f92c212f125af732d0fdf126648b3a141a1396d1b2943a85,0.4387558330781758
5,mse,1,0.05,0.9,116,r5_mse_sigma1_lr0.05,60,ok,,0.5916653430288428,6.24651358410444,0.36456475359891005,0.11119224984766757,b240340bda42b13e461b839e854e8931eb9b197c11fad589d1f07877b5a6c105,0d285e8573294ff0f8d626c9d7c79b1ffa6d14fb3071ba7be902aa48627a1c7e,67eaeaae05cc33550f061649f99bb92951375c55491458d36e2f1c224114a8b1,82a738c98e33ae7527a4b39c2218f7ec9f26aeddfccfd23d7ba036670214902e,0.43929145799484104
5,mse,1,0.05,0.9,117,r5_mse_sigma1_lr0.05,60,ok,,2.6314014148818945,8.375777255637058,0.19170840315419171,0.05674568733364074,2ff937c83d36f7b3a5406c91e8755c50ce932575e34db68925452587b0ab77d6,32821079a74fe63f445d951a557ad18447fced01821fc77b6b8d137d2fe48881,6d2e8203ab09f7481803ba6cac1d0fef11989f0d29cc5ddaeca62054fed6f238,cdf25d405b5fe37947efb89cf322d90a325944cb0f0b1c74e63c9bef676409c9,0.4347980000311509
5,mse,1,0.05,0.9,118,r5_mse_sigma1_lr0.05,60,ok,,0.35000422070779363,6.083304366295779,0.42626486066293157,0.12233801501026136,f9372f8f74b3a18b86f9a9dd960278381003e836073cde71119d3b892dde9434,ffdd2708cda2855a18fd4a81398631fadb59f1610b8dd3d36eefe8f678572c16,3672d037714419789c221c8c7564a09d4bd2e60bbf08a0fa3cd13f9a40a45c57,59bdc0f89b4338bedfcb41a006c7270700c3c9b7dcc404f90ce523a6de72153f,0.3846221670974046
5,mse,1,0.05,0.9,119,r5_mse_sigma1_lr0.05,60,ok,,0.5189902316372295,6.160446221538472,0.3920314810699979,0.11564928691564938,9cc5a5818d004f0f1492c246ba3ab8685b2df3f7dfd15cdf113ebebec42d8dee,01bf4e2b10f88360652600d185a9d719f05502f25f089d70da96eafa7fe4dfe3,a56289775eec0ce432a321db146cf9b88569ccab3daaa3aefaeb57ea0050cb73,b4b89830e7b456b55a2d8bf5cd702abc3d8f249d69772640d3613c7c3883f235,0.3717644999269396
5,mse,1,0.05,0.9,120,r5_mse_sigma1_lr0.05,60,ok,,0.436928054163517,6.1087839714035015,0.425772546348284,0.1251771286263955,69e5aaf107b63f46b6b057dfe99d3189e4f485b9649136f1718f398f646e43c6,dff4b17a330f664ec4d31f507c7603e7842ac94d65226c760d6e78cfa953aeb7,be8ede604a893ee87034e6fb596cea91ea3be8f191d448807bebae1ef6fbfe79,edec6b504324ff4ca21bfe1724b68c91d15940a01c61e711c5d594301c2472db,0.37279029097408056
5,mse,1,0.1,0.9,111,r5_mse_sigma1_lr0.1,60,ok,,2.593224863440527,8.316247062692218,0.17724540885495724,0.05122392315908264,6f4599f803588363f7f3f06a30082972087391773f80fd6d7eb3eadc6484859e,ff013eda1d426d67006a334f6583897c614d689f5823b14c442be63e78bb3962,46ec6552ea8abd2c67a85ebf993bb74a1984e0f557904f8a35ae4eb6d2b596da,d1c56984458c037ac512580f74df185ac4c111a702212c7cfaf13c1ca65aebe9,0.40304312494117767
5,mse,1,0.1,0.9,112,r5_mse_sigma1_lr0.1,60,ok,,2.6389857429639676,8.22864738096766,0.14086148958559405,0.041413277938164655,23158049f8a287709543a55b89f8943218b08cba397a67e034633640e70c99f6,3dd0b47c3c1ce23069083c16d0c2272714da54db5025db5646fd1228b010a5e8,b0126d22db14df8032614d0be237f7ba7f8faae015df79310d48a47a7e019709,7cf215d2f9edfe114fd58221406c9b8614d936ff435dd52843f07d52d239e8f0,0.41395312501117587
5,mse,1,0.1,0.9,113,r5_mse_sigma1_lr0.1,60,ok,,2.712289308548583,8.285639488507108,0.1430231604677895,0.04347904078220801,1130bcd06d370ab57f1bc3a67409c755b267648b80a0f46e840060bb010d3ab8,db95c591d5ad7a1f08531cf0e04985b931fc730f28e8ed47b8c7c5d8ecd8db0c,494a09d0cb32c8fd575150abd91ad12074451b075c550159cd5a0edda3ce9c1b,c3ccfdf546077e3988ee6c948ab6a99fff1f54ea8f05150e1add2348f19c7b75,0.40805949992500246
5,mse,1,0.1,0.9,114,r5_mse_sigma1_lr0.1,60,ok,,2.507990869183833,8.175064716518472,0.18259827006124368,0.05386648966806689,c8a7a565f4c34afcedf377bd8a33aee023bbafec99430b278d5183f906311b3e,52ceac77e1e0c99a5de90b23d52d3e2f15eb08da92d5b6842d3e92834a138f22,9fc9306ab4737b5804dc59a07264243c6abc622ca16efa0cd4d6bddf38b05e36,34475f4f2a54c2f51b87ca6e4090248db2d1c3bf4a93c1e597425a64dfa7c24d,0.37857020797673613
5,mse,1,0.1,0.9,115,r5_mse_sigma1_lr0.1,60,ok,,1.8741643057510577,7.488716777857561,0.25437441463947075,0.07605794997720176,21e3187a25ce542a7fda12331f6df5573b7aa9cfb19c4d6a1242f48e9ab77257,c3a0cabd7487508470d585545f7b6a856897b0410105302f1b4d5c12944c190d,fae9b80b4b9bbecd172da441f7a298732dc4ec9c5fd56650a16ee48bf4f2164a,ffa4fb8ff63f2fd3f92c212f125af732d0fdf126648b3a141a1396d1b2943a85,0.39528662501834333
5,mse,1,0.1,0.9,116,r5_mse_sigma1_lr0.1,60,ok,,2.3252935538798,7.940319616958618,0.21420698688818612,0.06533313100089677,b240340bda42b13e461b839e854e8931eb9b197c11fad589d1f07877b5a6c105,0d285e8573294ff0f8d626c9d7c79b1ffa6d14fb3071ba7be902aa48627a1c7e,67eaeaae05cc33550f061649f99bb92951375c55491458d36e2f1c224114a8b1,82a738c98e33ae7527a4b39c2218f7ec9f26aeddfccfd23d7ba036670214902e,0.39359325007535517
5,mse,1,0.1,0.9,117,r5_mse_sigma1_lr0.1,60,ok,,0.4590007967908055,6.092508913966725,0.39927785440301755,0.1181862449032932,2ff937c83d36f7b3a5406c91e8755c50ce932575e34db68925452587b0ab77d6,32821079a74fe63f445d951a557ad18447fced01821fc77b6b8d137d2fe48881,6d2e8203ab09f7481803ba6cac1d0fef11989f0d29cc5ddaeca62054fed6f238,cdf25d405b5fe37947efb89cf322d90a325944cb0f0b1c74e63c9bef676409c9,0.45160270808264613
5,mse,1,0.1,0.9,118,r5_mse_sigma1_lr0.1,60,ok,,2.131413857164775,7.844397076105257,0.17971067120175022,0.051576962634902315,f9372f8f74b3a18b86f9a9dd960278381003e836073cde71119d3b892dde9434,ffdd2708cda2855a18fd4a81398631fadb59f1610b8dd3d36eefe8f678572c16,3672d037714419789c221c8c7564a09d4bd2e60bbf08a0fa3cd13f9a40a45c57,59bdc0f89b4338bedfcb41a006c7270700c3c9b7dcc404f90ce523a6de72153f,0.46807029203046113
5,mse,1,0.1,0.9,119,r5_mse_sigma1_lr0.1,60,ok,,2.4262138355583147,8.142716798928031,0.22228377905038002,0.0655737148198621,9cc5a5818d004f0f1492c246ba3ab8685b2df3f7dfd15cdf113ebebec42d8dee,01bf4e2b10f88360652600d185a9d719f05502f25f089d70da96eafa7fe4dfe3,a56289775eec0ce432a321db146cf9b88569ccab3daaa3aefaeb57ea0050cb73,b4b89830e7b456b55a2d8bf5cd702abc3d8f249d69772640d3613c7c3883f235,0.4654041250469163
5,mse,1,0.1,0.9,120,r5_mse_sigma1_lr0.1,60,ok,,2.205603025530101,7.859921451546398,0.14978881358516616,0.044037911194038847,69e5aaf107b63f46b6b057dfe99d3189e4f485b9649136f1718f398f646e43c6,dff4b17a330f664ec4d31f507c7603e7842ac94d65226c760d6e78cfa953aeb7,be8ede604a893ee87034e6fb596cea91ea3be8f191d448807bebae1ef6fbfe79,edec6b504324ff4ca21bfe1724b68c91d15940a01c61e711c5d594301c2472db,0.43176337506156415
5,mse,1,0.2,0.9,111,r5_mse_sigma1_lr0.2,60,ok,,2.3843024885748667,8.127803696666373,0.1903987068956184,0.05502522629283372,6f4599f803588363f7f3f06a30082972087391773f80fd6d7eb3eadc6484859e,ff013eda1d426d67006a334f6583897c614d689f5823b14c442be63e78bb3962,46ec6552ea8abd2c67a85ebf993bb74a1984e0f557904f8a35ae4eb6d2b596da,d1c56984458c037ac512580f74df185ac4c111a702212c7cfaf13c1ca65aebe9,0.4000627910718322
5,mse,1,0.2,0.9,112,r5_mse_sigma1_lr0.2,60,ok,,3.073547097761102,8.698829913169455,0.1497515339508488,0.044026950981549545,23158049f8a287709543a55b89f8943218b08cba397a67e034633640e70c99f6,3dd0b47c3c1ce23069083c16d0c2272714da54db5025db5646fd1228b010a5e8,b0126d22db14df8032614d0be237f7ba7f8faae015df79310d48a47a7e019709,7cf215d2f9edfe114fd58221406c9b8614d936ff435dd52843f07d52d239e8f0,0.3998070410452783
5,mse,1,0.2,0.9,113,r5_mse_sigma1_lr0.2,60,ok,,2.5474778450106057,8.096846504355595,0.19972143316353483,0.060715315681714586,1130bcd06d370ab57f1bc3a67409c755b267648b80a0f46e840060bb010d3ab8,db95c591d5ad7a1f08531cf0e04985b931fc730f28e8ed47b8c7c5d8ecd8db0c,494a09d0cb32c8fd575150abd91ad12074451b075c550159cd5a0edda3ce9c1b,c3ccfdf546077e3988ee6c948ab6a99fff1f54ea8f05150e1add2348f19c7b75,0.3806637090165168
5,mse,1,0.2,0.9,114,r5_mse_sigma1_lr0.2,60,ok,,2.253289865697683,7.916938932259311,0.16049263027966243,0.04734532593250042,c8a7a565f4c34afcedf377bd8a33aee023bbafec99430b278d5183f906311b3e,52ceac77e1e0c99a5de90b23d52d3e2f15eb08da92d5b6842d3e92834a138f22,9fc9306ab4737b5804dc59a07264243c6abc622ca16efa0cd4d6bddf38b05e36,34475f4f2a54c2f51b87ca6e4090248db2d1c3bf4a93c1e597425a64dfa7c24d,0.3774692500010133
5,mse,1,0.2,0.9,115,r5_mse_sigma1_lr0.2,60,ok,,2.598945653959173,8.219577746048246,0.15392522196970582,0.04602364136894204,21e3187a25ce542a7fda12331f6df5573b7aa9cfb19c4d6a1242f48e9ab77257,c3a0cabd7487508470d585545f7b6a856897b0410105302f1b4d5c12944c190d,fae9b80b4b9bbecd172da441f7a298732dc4ec9c5fd56650a16ee48bf4f2164a,ffa4fb8ff63f2fd3f92c212f125af732d0fdf126648b3a141a1396d1b2943a85,0.37840991700068116
5,mse,1,0.2,0.9,116,r5_mse_sigma1_lr0.2,60,ok,,2.5485707528398067,8.254000221539943,0.17608482371131381,0.05370587123195072,b240340bda42b13e461b839e854e8931eb9b197c11fad589d1f07877b5a6c105,0d285e8573294ff0f8d626c9d7c79b1ffa6d14fb3071ba7be902aa48627a1c7e,67eaeaae05cc33550f061649f99bb92951375c55491458d36e2f1c224114a8b1,82a738c98e33ae7527a4b39c2218f7ec9f26aeddfccfd23d7ba036670214902e,0.3840701669687405
5,mse,1,0.2,0.9,117,r5_mse_sigma1_lr0.2,60,ok,,2.3928223263162938,8.188756396589941,0.17629256795634657,0.05218260011507859,2ff937c83d36f7b3a5406c91e8755c50ce932575e34db68925452587b0ab77d6,32821079a74fe63f445d951a557ad18447fced01821fc77b6b8d137d2fe48881,6d2e8203ab09f7481803ba6cac1d0fef11989f0d29cc5ddaeca62054fed6f238,cdf25d405b5fe37947efb89cf322d90a325944cb0f0b1c74e63c9bef676409c9,0.37652508297469467
5,mse,1,0.2,0.9,118,r5_mse_sigma1_lr0.2,60,ok,,2.0949623121949354,7.8214442609893196,0.23702504251156428,0.06802618720081895,f9372f8f74b3a18b86f9a9dd960278381003e836073cde71119d3b892dde9434,ffdd2708cda2855a18fd4a81398631fadb59f1610b8dd3d36eefe8f678572c16,3672d037714419789c221c8c7564a09d4bd2e60bbf08a0fa3cd13f9a40a45c57,59bdc0f89b4338bedfcb41a006c7270700c3c9b7dcc404f90ce523a6de72153f,0.3805103749036789
5,mse,1,0.2,0.9,119,r5_mse_sigma1_lr0.2,60,ok,,2.0555986083354645,7.688898537435718,0.2180051738828695,0.0643115262954465,9cc5a5818d004f0f1492c246ba3ab8685b2df3f7dfd15cdf113ebebec42d8dee,01bf4e2b10f88360652600d185a9d719f05502f25f089d70da96eafa7fe4dfe3,a56289775eec0ce432a321db146cf9b88569ccab3daaa3aefaeb57ea0050cb73,b4b89830e7b456b55a2d8bf5cd702abc3d8f249d69772640d3613c7c3883f235,0.36400649999268353
5,mse,1,0.2,0.9,120,r5_mse_sigma1_lr0.2,60,ok,,2.459044665830871,8.054296581678305,0.24276713989855642,0.07137353913017559,69e5aaf107b63f46b6b057dfe99d3189e4f485b9649136f1718f398f646e43c6,dff4b17a330f664ec4d31f507c7603e7842ac94d65226c760d6e78cfa953aeb7,be8ede604a893ee87034e6fb596cea91ea3be8f191d448807bebae1ef6fbfe79,edec6b504324ff4ca21bfe1724b68c91d15940a01c61e711c5d594301c2472db,0.3582351671066135
5,parity,0.75,0.02,0.9,111,r5_parity_sigma0.75_lr0.02,60,ok,,0.42495240326734945,6.178783993260187,0.4159882105656801,0.12022059285348155,6f4599f803588363f7f3f06a30082972087391773f80fd6d7eb3eadc6484859e,ff013eda1d426d67006a334f6583897c614d689f5823b14c442be63e78bb3962,8fab7eb1dfc2006c517c0e7e9e69f75a99f3dc01832c43b11c9ba40c9bcd6823,d1c56984458c037ac512580f74df185ac4c111a702212c7cfaf13c1ca65aebe9,0.5421056669438258
5,parity,0.75,0.02,0.9,112,r5_parity_sigma0.75_lr0.02,60,ok,,0.3318764073057666,5.9580487848296615,0.4468701909759451,0.13137983614692786,23158049f8a287709543a55b89f8943218b08cba397a67e034633640e70c99f6,3dd0b47c3c1ce23069083c16d0c2272714da54db5025db5646fd1228b010a5e8,02f04c05a341d11e3b57c54926b2dbae6a2e489c24a16657054478fda872ca64,7cf215d2f9edfe114fd58221406c9b8614d936ff435dd52843f07d52d239e8f0,0.63839504099451
5,parity,0.75,0.02,0.9,113,r5_parity_sigma0.75_lr0.02,60,ok,,0.4038897659389088,6.008378722435598,0.43224008132178043,0.13140098472182127,1130bcd06d370ab57f1bc3a67409c755b267648b80a0f46e840060bb010d3ab8,db95c591d5ad7a1f08531cf0e04985b931fc730f28e8ed47b8c7c5d8ecd8db0c,1d1668fc7ae6e962f5f3b23083b5cf8c2778125e6999c83b21749b59535e825c,c3ccfdf546077e3988ee6c948ab6a99fff1f54ea8f05150e1add2348f19c7b75,0.6414787080138922
5,parity,0.75,0.02,0.9,114,r5_parity_sigma0.75_lr0.02,60,ok,,0.46581668825348327,6.149026158408857,0.4123305188139863,0.12163750305012595,c8a7a565f4c34afcedf377bd8a33aee023bbafec99430b278d5183f906311b3e,52ceac77e1e0c99a5de90b23d52d3e2f15eb08da92d5b6842d3e92834a138f22,38002117c0ffdb4a9624b0cd256b65181fc12e3321756df0d82b3aabebebd605,34475f4f2a54c2f51b87ca6e4090248db2d1c3bf4a93c1e597425a64dfa7c24d,0.6131678340025246
5,parity,0.75,0.02,0.9,115,r5_parity_sigma0.75_lr0.02,60,ok,,0.5398891485829621,6.131382279819911,0.3923174189663943,0.1173029082709519,21e3187a25ce542a7fda12331f6df5573b7aa9cfb19c4d6a1242f48e9ab77257,c3a0cabd7487508470d585545f7b6a856897b0410105302f1b4d5c12944c190d,20e1afcba9533c9a3cd05a6d7e63f13cc97f4d348c142d7f72917f8929ca02eb,ffa4fb8ff63f2fd3f92c212f125af732d0fdf126648b3a141a1396d1b2943a85,0.5489402499515563
5,parity,0.75,0.02,0.9,116,r5_parity_sigma0.75_lr0.02,60,ok,,0.44041800546635723,6.1214781165034555,0.4046053243263484,0.12340462391953624,b240340bda42b13e461b839e854e8931eb9b197c11fad589d1f07877b5a6c105,0d285e8573294ff0f8d626c9d7c79b1ffa6d14fb3071ba7be902aa48627a1c7e,a927dd1c515d66a61fb11e1c948c7e8042e5cfedc1c4b8d5dca9f3be9e46a7b7,82a738c98e33ae7527a4b39c2218f7ec9f26aeddfccfd23d7ba036670214902e,0.5502027919283137
5,parity,0.75,0.02,0.9,117,r5_parity_sigma0.75_lr0.02,60,ok,,0.4995909753721629,6.1470864941271905,0.40981068442891555,0.121303962590959,2ff937c83d36f7b3a5406c91e8755c50ce932575e34db68925452587b0ab77d6,32821079a74fe63f445d951a557ad18447fced01821fc77b6b8d137d2fe48881,b828baff1fb9f67c70b6dbea3cba487e81abd07d2e9720c22549cc121a9cf9ad,cdf25d405b5fe37947efb89cf322d90a325944cb0f0b1c74e63c9bef676409c9,0.602883292012848
5,parity,0.75,0.02,0.9,118,r5_parity_sigma0.75_lr0.02,60,ok,,0.34635687211245336,6.060487089262027,0.45709269605009695,0.13118560376637783,f9372f8f74b3a18b86f9a9dd960278381003e836073cde71119d3b892dde9434,ffdd2708cda2855a18fd4a81398631fadb59f1610b8dd3d36eefe8f678572c16,605f62e239322f5313d845a2d699f250ce6a7e0825aa8e661c4d9f8dc5f782d9,59bdc0f89b4338bedfcb41a006c7270700c3c9b7dcc404f90ce523a6de72153f,0.6376519999466836
5,parity,0.75,0.02,0.9,119,r5_parity_sigma0.75_lr0.02,60,ok,,0.498142931967128,6.087466329876379,0.41134338491026756,0.12134629854852894,9cc5a5818d004f0f1492c246ba3ab8685b2df3f7dfd15cdf113ebebec42d8dee,01bf4e2b10f88360652600d185a9d719f05502f25f089d70da96eafa7fe4dfe3,ca428a2d600b7cd0b47722decaa3f8e1a32769793f46a3ced6ba5f9ab631e1f2,b4b89830e7b456b55a2d8bf5cd702abc3d8f249d69772640d3613c7c3883f235,0.6190304999472573
5,parity,0.75,0.02,0.9,120,r5_parity_sigma0.75_lr0.02,60,ok,,0.5102667377045222,6.220780159438636,0.45594591732220136,0.13404809969272719,69e5aaf107b63f46b6b057dfe99d3189e4f485b9649136f1718f398f646e43c6,dff4b17a330f664ec4d31f507c7603e7842ac94d65226c760d6e78cfa953aeb7,5604d0b01aa38439978ff828fd8b23f34f58aaa29f9fc4cf46c8f2889862d932,edec6b504324ff4ca21bfe1724b68c91d15940a01c61e711c5d594301c2472db,0.5555665410356596
5,parity,0.75,0.05,0.9,111,r5_parity_sigma0.75_lr0.05,60,ok,,0.3817137935824104,6.126554284555097,0.436726199221434,0.12621387157499442,6f4599f803588363f7f3f06a30082972087391773f80fd6d7eb3eadc6484859e,ff013eda1d426d67006a334f6583897c614d689f5823b14c442be63e78bb3962,8fab7eb1dfc2006c517c0e7e9e69f75a99f3dc01832c43b11c9ba40c9bcd6823,d1c56984458c037ac512580f74df185ac4c111a702212c7cfaf13c1ca65aebe9,0.5116642920766026
5,parity,0.75,0.05,0.9,112,r5_parity_sigma0.75_lr0.05,60,ok,,0.3106643947201776,5.9482958893814475,0.46007550240091855,0.13526219770587006,23158049f8a287709543a55b89f8943218b08cba397a67e034633640e70c99f6,3dd0b47c3c1ce23069083c16d0c2272714da54db5025db5646fd1228b010a5e8,02f04c05a341d11e3b57c54926b2dbae6a2e489c24a16657054478fda872ca64,7cf215d2f9edfe114fd58221406c9b8614d936ff435dd52843f07d52d239e8f0,0.5123189170844853
5,parity,0.75,0.05,0.9,113,r5_parity_sigma0.75_lr0.05,60,ok,,0.4353706090065141,6.085969649948597,0.41848349108402955,0.12721898128954498,1130bcd06d370ab57f1bc3a67409c755b267648b80a0f46e840060bb010d3ab8,db95c591d5ad7a1f08531cf0e04985b931fc730f28e8ed47b8c7c5d8ecd8db0c,1d1668fc7ae6e962f5f3b23083b5cf8c2778125e6999c83b21749b59535e825c,c3ccfdf546077e3988ee6c948ab6a99fff1f54ea8f05150e1add2348f19c7b75,0.501087374985218
5,parity,0.75,0.05,0.9,114,r5_parity_sigma0.75_lr0.05,60,ok,,0.44070159576612755,6.098488425604945,0.4112778094470689,0.12132695378688531,c8a7a565f4c34afcedf377bd8a33aee023bbafec99430b278d5183f906311b3e,52ceac77e1e0c99a5de90b23d52d3e2f15eb08da92d5b6842d3e92834a138f22,38002117c0ffdb4a9624b0cd256b65181fc12e3321756df0d82b3aabebebd605,34475f4f2a54c2f51b87ca6e4090248db2d1c3bf4a93c1e597425a64dfa7c24d,0.5007388750091195
5,parity,0.75,0.05,0.9,115,r5_parity_sigma0.75_lr0.05,60,ok,,0.571341993451083,6.160098020832734,0.3967627453535341,0.1186320608607067,21e3187a25ce542a7fda12331f6df5573b7aa9cfb19c4d6a1242f48e9ab77257,c3a0cabd7487508470d585545f7b6a856897b0410105302f1b4d5c12944c190d,20e1afcba9533c9a3cd05a6d7e63f13cc97f4d348c142d7f72917f8929ca02eb,ffa4fb8ff63f2fd3f92c212f125af732d0fdf126648b3a141a1396d1b2943a85,0.49752674996852875
5,parity,0.75,0.05,0.9,116,r5_parity_sigma0.75_lr0.05,60,ok,,0.4355068399258968,6.116992413754024,0.4382374302877707,0.13366241623777006,b240340bda42b13e461b839e854e8931eb9b197c11fad589d1f07877b5a6c105,0d285e8573294ff0f8d626c9d7c79b1ffa6d14fb3071ba7be902aa48627a1c7e,a927dd1c515d66a61fb11e1c948c7e8042e5cfedc1c4b8d5dca9f3be9e46a7b7,82a738c98e33ae7527a4b39c2218f7ec9f26aeddfccfd23d7ba036670214902e,0.4914590410189703
5,parity,0.75,0.05,0.9,117,r5_parity_sigma0.75_lr0.05,60,ok,,0.4652596336911178,6.121688942981219,0.4078575031325768,0.12072582092724274,2ff937c83d36f7b3a5406c91e8755c50ce932575e34db68925452587b0ab77d6,32821079a74fe63f445d951a557ad18447fced01821fc77b6b8d137d2fe48881,b828baff1fb9f67c70b6dbea3cba487e81abd07d2e9720c22549cc121a9cf9ad,cdf25d405b5fe37947efb89cf322d90a325944cb0f0b1c74e63c9bef676409c9,0.491232292028144
5,parity,0.75,0.05,0.9,118,r5_parity_sigma0.75_lr0.05,60,ok,,0.3168483606898515,6.062062042958962,0.4431847295839562,0.12719401739059544,f9372f8f74b3a18b86f9a9dd960278381003e836073cde71119d3b892dde9434,ffdd2708cda2855a18fd4a81398631fadb59f1610b8dd3d36eefe8f678572c16,605f62e239322f5313d845a2d699f250ce6a7e0825aa8e661c4d9f8dc5f782d9,59bdc0f89b4338bedfcb41a006c7270700c3c9b7dcc404f90ce523a6de72153f,0.490381040959619
5,parity,0.75,0.05,0.9,119,r5_parity_sigma0.75_lr0.05,60,ok,,0.5058142400593819,6.120642287585983,0.41266287977859645,0.12173554953468595,9cc5a5818d004f0f1492c246ba3ab8685b2df3f7dfd15cdf113ebebec42d8dee,01bf4e2b10f88360652600d185a9d719f05502f25f089d70da96eafa7fe4dfe3,ca428a2d600b7cd0b47722decaa3f8e1a32769793f46a3ced6ba5f9ab631e1f2,b4b89830e7b456b55a2d8bf5cd702abc3d8f249d69772640d3613c7c3883f235,0.5130397499306127
5,parity,0.75,0.05,0.9,120,r5_parity_sigma0.75_lr0.05,60,ok,,0.4383116927181381,6.144709077944819,0.44248769815793126,0.13009138325843178,69e5aaf107b63f46b6b057dfe99d3189e4f485b9649136f1718f398f646e43c6,dff4b17a330f664ec4d31f507c7603e7842ac94d65226c760d6e78cfa953aeb7,5604d0b01aa38439978ff828fd8b23f34f58aaa29f9fc4cf46c8f2889862d932,edec6b504324ff4ca21bfe1724b68c91d15940a01c61e711c5d594301c2472db,0.5068608339643106
5,parity,0.75,0.1,0.9,111,r5_parity_sigma0.75_lr0.1,60,ok,,0.4651711157638864,6.256088199391823,0.43451771128038785,0.12557561856003208,6f4599f803588363f7f3f06a30082972087391773f80fd6d7eb3eadc6484859e,ff013eda1d426d67006a334f6583897c614d689f5823b14c442be63e78bb3962,8fab7eb1dfc2006c517c0e7e9e69f75a99f3dc01832c43b11c9ba40c9bcd6823,d1c56984458c037ac512580f74df185ac4c111a702212c7cfaf13c1ca65aebe9,0.5799542089225724
5,parity,0.75,0.1,0.9,112,r5_parity_sigma0.75_lr0.1,60,ok,,0.32089621768933524,5.9793046420947675,0.4600351150981631,0.13525032383885993,23158049f8a287709543a55b89f8943218b08cba397a67e034633640e70c99f6,3dd0b47c3c1ce23069083c16d0c2272714da54db5025db5646fd1228b010a5e8,02f04c05a341d11e3b57c54926b2dbae6a2e489c24a16657054478fda872ca64,7cf215d2f9edfe114fd58221406c9b8614d936ff435dd52843f07d52d239e8f0,0.7176900419872254
5,parity,0.75,0.1,0.9,113,r5_parity_sigma0.75_lr0.1,60,ok,,0.45855395231342194,6.09262324161369,0.40933766024412843,0.12443864871421505,1130bcd06d370ab57f1bc3a67409c755b267648b80a0f46e840060bb010d3ab8,db95c591d5ad7a1f08531cf0e04985b931fc730f28e8ed47b8c7c5d8ecd8db0c,1d1668fc7ae6e962f5f3b23083b5cf8c2778125e6999c83b21749b59535e825c,c3ccfdf546077e3988ee6c948ab6a99fff1f54ea8f05150e1add2348f19c7b75,0.8727729170350358
5,parity,0.75,0.1,0.9,114,r5_parity_sigma0.75_lr0.1,60,ok,,0.3666247649972537,6.04762540017808,0.42111686988566693,0.12422947661627173,c8a7a565f4c34afcedf377bd8a33aee023bbafec99430b278d5183f906311b3e,52ceac77e1e0c99a5de90b23d52d3e2f15eb08da92d5b6842d3e92834a138f22,38002117c0ffdb4a9624b0cd256b65181fc12e3321756df0d82b3aabebebd605,34475f4f2a54c2f51b87ca6e4090248db2d1c3bf4a93c1e597425a64dfa7c24d,0.9148670830763876
5,parity,0.75,0.1,0.9,115,r5_parity_sigma0.75_lr0.1,60,ok,,0.400160753602537,5.969464681582177,0.434361058432437,0.12987395647129868,21e3187a25ce542a7fda12331f6df5573b7aa9cfb19c4d6a1242f48e9ab77257,c3a0cabd7487508470d585545f7b6a856897b0410105302f1b4d5c12944c190d,20e1afcba9533c9a3cd05a6d7e63f13cc97f4d348c142d7f72917f8929ca02eb,ffa4fb8ff63f2fd3f92c212f125af732d0fdf126648b3a141a1396d1b2943a85,0.8397730420110747
5,parity,0.75,0.1,0.9,116,r5_parity_sigma0.75_lr0.1,60,ok,,0.4709208162171958,6.126003002499674,0.39747808831466214,0.12123081693597194,b240340bda42b13e461b839e854e8931eb9b197c11fad589d1f07877b5a6c105,0d285e8573294ff0f8d626c9d7c79b1ffa6d14fb3071ba7be902aa48627a1c7e,a927dd1c515d66a61fb11e1c948c7e8042e5cfedc1c4b8d5dca9f3be9e46a7b7,82a738c98e33ae7527a4b39c2218f7ec9f26aeddfccfd23d7ba036670214902e,0.7036430420121178
5,parity,0.75,0.1,0.9,117,r5_parity_sigma0.75_lr0.1,60,ok,,0.41655947908210017,6.046408090536028,0.42815826040630595,0.12673484508026656,2ff937c83d36f7b3a5406c91e8755c50ce932575e34db68925452587b0ab77d6,32821079a74fe63f445d951a557ad18447fced01821fc77b6b8d137d2fe48881,b828baff1fb9f67c70b6dbea3cba487e81abd07d2e9720c22549cc121a9cf9ad,cdf25d405b5fe37947efb89cf322d90a325944cb0f0b1c74e63c9bef676409c9,0.6312720419373363
5,parity,0.75,0.1,0.9,118,r5_parity_sigma0.75_lr0.1,60,ok,,0.36189810526020716,6.075266243241274,0.4447752617743026,0.12765050012922485,f9372f8f74b3a18b86f9a9dd960278381003e836073cde71119d3b892dde9434,ffdd2708cda2855a18fd4a81398631fadb59f1610b8dd3d36eefe8f678572c16,605f62e239322f5313d845a2d699f250ce6a7e0825aa8e661c4d9f8dc5f782d9,59bdc0f89b4338bedfcb41a006c7270700c3c9b7dcc404f90ce523a6de72153f,0.6091756249079481
5,parity,0.75,0.1,0.9,119,r5_parity_sigma0.75_lr0.1,60,ok,,0.46416779795583374,6.1013396987701825,0.3996591435912788,0.11789944735942724,9cc5a5818d004f0f1492c246ba3ab8685b2df3f7dfd15cdf113ebebec42d8dee,01bf4e2b10f88360652600d185a9d719f05502f25f089d70da96eafa7fe4dfe3,ca428a2d600b7cd0b47722decaa3f8e1a32769793f46a3ced6ba5f9ab631e1f2,b4b89830e7b456b55a2d8bf5cd702abc3d8f249d69772640d3613c7c3883f235,0.6132971670012921
5,parity,0.75,0.1,0.9,120,r5_parity_sigma0.75_lr0.1,60,ok,,1.5328744982617812,7.1706127138465785,0.3047247950778647,0.08958908975289222,69e5aaf107b63f46b6b057dfe99d3189e4f485b9649136f1718f398f646e43c6,dff4b17a330f664ec4d31f507c7603e7842ac94d65226c760d6e78cfa953aeb7,5604d0b01aa38439978ff828fd8b23f34f58aaa29f9fc4cf46c8f2889862d932,edec6b504324ff4ca21bfe1724b68c91d15940a01c61e711c5d594301c2472db,0.7096239579841495
5,parity,1.5,0.02,0.9,111,r5_parity_sigma1.5_lr0.02,60,ok,,0.4511962737917711,6.163130529283097,0.44310098468549103,0.12805618457410692,6f4599f803588363f7f3f06a30082972087391773f80fd6d7eb3eadc6484859e,ff013eda1d426d67006a334f6583897c614d689f5823b14c442be63e78bb3962,67b60cddad9992cfa81f180c3480804f7e4e2d5fea8ce037026850ea623a812c,d1c56984458c037ac512580f74df185ac4c111a702212c7cfaf13c1ca65aebe9,0.43569654098246247
5,parity,1.5,0.02,0.9,112,r5_parity_sigma1.5_lr0.02,60,ok,,0.2929488179495973,5.934080038353643,0.4674809529108424,0.13743940015578768,23158049f8a287709543a55b89f8943218b08cba397a67e034633640e70c99f6,3dd0b47c3c1ce23069083c16d0c2272714da54db5025db5646fd1228b010a5e8,08195a2e278dd7d3f73edff8cb0cd59b9e3c01f2ecd4759831f27ea671160f7d,7cf215d2f9edfe114fd58221406c9b8614d936ff435dd52843f07d52d239e8f0,0.4300254579866305
5,parity,1.5,0.02,0.9,113,r5_parity_sigma1.5_lr0.02,60,ok,,0.48745224885118954,6.097258547640604,0.43778617679715653,0.1330869977463356,1130bcd06d370ab57f1bc3a67409c755b267648b80a0f46e840060bb010d3ab8,db95c591d5ad7a1f08531cf0e04985b931fc730f28e8ed47b8c7c5d8ecd8db0c,7f2ebd4ddebba924fb14fcb366e6524e24b6142ac00ae0feea8eda944dc8a4ac,c3ccfdf546077e3988ee6c948ab6a99fff1f54ea8f05150e1add2348f19c7b75,0.4274381250143051
5,parity,1.5,0.02,0.9,114,r5_parity_sigma1.5_lr0.02,60,ok,,0.5636515815877541,6.259202755374856,0.4333847082488419,0.12784848893340836,c8a7a565f4c34afcedf377bd8a33aee023bbafec99430b278d5183f906311b3e,52ceac77e1e0c99a5de90b23d52d3e2f15eb08da92d5b6842d3e92834a138f22,b7c652fbaa646fcdac14bd4d9b7de60408da1e8e29b91c1a191a4f0e046a11be,34475f4f2a54c2f51b87ca6e4090248db2d1c3bf4a93c1e597425a64dfa7c24d,0.42589449998922646
5,parity,1.5,0.02,0.9,115,r5_parity_sigma1.5_lr0.02,60,ok,,0.5625574041190853,6.121553640048707,0.42601904950389485,0.12737969580166456,21e3187a25ce542a7fda12331f6df5573b7aa9cfb19c4d6a1242f48e9ab77257,c3a0cabd7487508470d585545f7b6a856897b0410105302f1b4d5c12944c190d,e32313a9f78ef4a2dffaa9053f9f0da03818599b0388cb974485a6d6b6e5f463,ffa4fb8ff63f2fd3f92c212f125af732d0fdf126648b3a141a1396d1b2943a85,0.4317969169933349
5,parity,1.5,0.02,0.9,116,r5_parity_sigma1.5_lr0.02,60,ok,,0.4200564199186256,6.118455793071783,0.43328524738071167,0.13215200045111705,b240340bda42b13e461b839e854e8931eb9b197c11fad589d1f07877b5a6c105,0d285e8573294ff0f8d626c9d7c79b1ffa6d14fb3071ba7be902aa48627a1c7e,117a2e8a7c30ff5fbe89055ac777ab987c0462d85cd489bca67880d0c351db18,82a738c98e33ae7527a4b39c2218f7ec9f26aeddfccfd23d7ba036670214902e,0.4252116250572726
5,parity,1.5,0.02,0.9,117,r5_parity_sigma1.5_lr0.02,60,ok,,0.48954228315006865,6.148606549515778,0.43832356883025453,0.12974377637375534,2ff937c83d36f7b3a5406c91e8755c50ce932575e34db68925452587b0ab77d6,32821079a74fe63f445d951a557ad18447fced01821fc77b6b8d137d2fe48881,c6f804c286be88c37cc667fceb6bd5e2160436b4533aeb70df06dce1e584f66b,cdf25d405b5fe37947efb89cf322d90a325944cb0f0b1c74e63c9bef676409c9,0.42612308298703283
5,parity,1.5,0.02,0.9,118,r5_parity_sigma1.5_lr0.02,60,ok,,0.44355640997650636,6.139394447613099,0.42835855446804744,0.1229389051323296,f9372f8f74b3a18b86f9a9dd960278381003e836073cde71119d3b892dde9434,ffdd2708cda2855a18fd4a81398631fadb59f1610b8dd3d36eefe8f678572c16,24b0dff50f07ab642e83c5f2cf3e49b0b52d2361d77ab3860f9a3f34d2cb38df,59bdc0f89b4338bedfcb41a006c7270700c3c9b7dcc404f90ce523a6de72153f,0.4310712079750374
5,parity,1.5,0.02,0.9,119,r5_parity_sigma1.5_lr0.02,60,ok,,0.5158987299987785,6.178664806280112,0.4200733711218831,0.12392164448095551,9cc5a5818d004f0f1492c246ba3ab8685b2df3f7dfd15cdf113ebebec42d8dee,01bf4e2b10f88360652600d185a9d719f05502f25f089d70da96eafa7fe4dfe3,65ff05a0f1f30b9e24fc1c071aaceb22366a9bbcd62b0f8edde086418c47a3a9,b4b89830e7b456b55a2d8bf5cd702abc3d8f249d69772640d3613c7c3883f235,0.42889870796352625
5,parity,1.5,0.02,0.9,120,r5_parity_sigma1.5_lr0.02,60,ok,,0.43570413290254084,6.1126708136151775,0.4493524490534706,0.13210962002172036,69e5aaf107b63f46b6b057dfe99d3189e4f485b9649136f1718f398f646e43c6,dff4b17a330f664ec4d31f507c7603e7842ac94d65226c760d6e78cfa953aeb7,bf0aa42ee9e23f8b99bf07a7ef8a47d9239e7611761290845cc844c92a0956f3,edec6b504324ff4ca21bfe1724b68c91d15940a01c61e711c5d594301c2472db,0.4265701249241829
5,parity,1.5,0.05,0.9,111,r5_parity_sigma1.5_lr0.05,60,ok,,0.45067696361132126,6.226723218525649,0.44900819043248286,0.12976336703498753,6f4599f803588363f7f3f06a30082972087391773f80fd6d7eb3eadc6484859e,ff013eda1d426d67006a334f6583897c614d689f5823b14c442be63e78bb3962,67b60cddad9992cfa81f180c3480804f7e4e2d5fea8ce037026850ea623a812c,d1c56984458c037ac512580f74df185ac4c111a702212c7cfaf13c1ca65aebe9,0.4500920840073377
5,parity,1.5,0.05,0.9,112,r5_parity_sigma1.5_lr0.05,60,ok,,0.30550589623742114,5.937474392028796,0.4433483424372196,0.13034441267654256,23158049f8a287709543a55b89f8943218b08cba397a67e034633640e70c99f6,3dd0b47c3c1ce23069083c16d0c2272714da54db5025db5646fd1228b010a5e8,08195a2e278dd7d3f73edff8cb0cd59b9e3c01f2ecd4759831f27ea671160f7d,7cf215d2f9edfe114fd58221406c9b8614d936ff435dd52843f07d52d239e8f0,0.5101027910131961
5,parity,1.5,0.05,0.9,113,r5_parity_sigma1.5_lr0.05,60,ok,,0.45353259399382745,6.047579666513531,0.4304163110706435,0.1308465585654756,1130bcd06d370ab57f1bc3a67409c755b267648b80a0f46e840060bb010d3ab8,db95c591d5ad7a1f08531cf0e04985b931fc730f28e8ed47b8c7c5d8ecd8db0c,7f2ebd4ddebba924fb14fcb366e6524e24b6142ac00ae0feea8eda944dc8a4ac,c3ccfdf546077e3988ee6c948ab6a99fff1f54ea8f05150e1add2348f19c7b75,0.5168165840441361
5,parity,1.5,0.05,0.9,114,r5_parity_sigma1.5_lr0.05,60,ok,,0.5202138888277105,6.187310135065702,0.41420666684162605,0.12219096671827968,c8a7a565f4c34afcedf377bd8a33aee023bbafec99430b278d5183f906311b3e,52ceac77e1e0c99a5de90b23d52d3e2f15eb08da92d5b6842d3e92834a138f22,b7c652fbaa646fcdac14bd4d9b7de60408da1e8e29b91c1a191a4f0e046a11be,34475f4f2a54c2f51b87ca6e4090248db2d1c3bf4a93c1e597425a64dfa7c24d,0.5072313749697059
5,parity,1.5,0.05,0.9,115,r5_parity_sigma1.5_lr0.05,60,ok,,0.5362684239548037,6.091901396081076,0.44108195360096936,0.13188350412668984,21e3187a25ce542a7fda12331f6df5573b7aa9cfb19c4d6a1242f48e9ab77257,c3a0cabd7487508470d585545f7b6a856897b0410105302f1b4d5c12944c190d,e32313a9f78ef4a2dffaa9053f9f0da03818599b0388cb974485a6d6b6e5f463,ffa4fb8ff63f2fd3f92c212f125af732d0fdf126648b3a141a1396d1b2943a85,0.5147147499956191
5,parity,1.5,0.05,0.9,116,r5_parity_sigma1.5_lr0.05,60,ok,,0.37045929627416263,6.053309680629556,0.4507002045997177,0.1374635624029139,b240340bda42b13e461b839e854e8931eb9b197c11fad589d1f07877b5a6c105,0d285e8573294ff0f8d626c9d7c79b1ffa6d14fb3071ba7be902aa48627a1c7e,117a2e8a7c30ff5fbe89055ac777ab987c0462d85cd489bca67880d0c351db18,82a738c98e33ae7527a4b39c2218f7ec9f26aeddfccfd23d7ba036670214902e,0.4924043749924749
5,parity,1.5,0.05,0.9,117,r5_parity_sigma1.5_lr0.05,60,ok,,0.5023225027618617,6.157537634594528,0.4260667174105723,0.1261157483535294,2ff937c83d36f7b3a5406c91e8755c50ce932575e34db68925452587b0ab77d6,32821079a74fe63f445d951a557ad18447fced01821fc77b6b8d137d2fe48881,c6f804c286be88c37cc667fceb6bd5e2160436b4533aeb70df06dce1e584f66b,cdf25d405b5fe37947efb89cf322d90a325944cb0f0b1c74e63c9bef676409c9,0.4944769579451531
5,parity,1.5,0.05,0.9,118,r5_parity_sigma1.5_lr0.05,60,ok,,0.40047336321401894,6.106608875754248,0.44940450079627065,0.12897909172852967,f9372f8f74b3a18b86f9a9dd960278381003e836073cde71119d3b892dde9434,ffdd2708cda2855a18fd4a81398631fadb59f1610b8dd3d36eefe8f678572c16,24b0dff50f07ab642e83c5f2cf3e49b0b52d2361d77ab3860f9a3f34d2cb38df,59bdc0f89b4338bedfcb41a006c7270700c3c9b7dcc404f90ce523a6de72153f,0.4614200000651181
5,parity,1.5,0.05,0.9,119,r5_parity_sigma1.5_lr0.05,60,ok,,0.519456935569335,6.171609605731853,0.42062934587141115,0.1240856570320663,9cc5a5818d004f0f1492c246ba3ab8685b2df3f7dfd15cdf113ebebec42d8dee,01bf4e2b10f88360652600d185a9d719f05502f25f089d70da96eafa7fe4dfe3,65ff05a0f1f30b9e24fc1c071aaceb22366a9bbcd62b0f8edde086418c47a3a9,b4b89830e7b456b55a2d8bf5cd702abc3d8f249d69772640d3613c7c3883f235,0.46092795801814646
5,parity,1.5,0.05,0.9,120,r5_parity_sigma1.5_lr0.05,60,ok,,0.47446566753974184,6.16275992420874,0.44139884551080644,0.12977126058017707,69e5aaf107b63f46b6b057dfe99d3189e4f485b9649136f1718f398f646e43c6,dff4b17a330f664ec4d31f507c7603e7842ac94d65226c760d6e78cfa953aeb7,bf0aa42ee9e23f8b99bf07a7ef8a47d9239e7611761290845cc844c92a0956f3,edec6b504324ff4ca21bfe1724b68c91d15940a01c61e711c5d594301c2472db,0.4503455830272287
5,parity,1.5,0.1,0.9,111,r5_parity_sigma1.5_lr0.1,60,ok,,0.522430564954623,6.264818503838393,0.4536784582223251,0.13111307442625195,6f4599f803588363f7f3f06a30082972087391773f80fd6d7eb3eadc6484859e,ff013eda1d426d67006a334f6583897c614d689f5823b14c442be63e78bb3962,67b60cddad9992cfa81f180c3480804f7e4e2d5fea8ce037026850ea623a812c,d1c56984458c037ac512580f74df185ac4c111a702212c7cfaf13c1ca65aebe9,0.44947595801204443
5,parity,1.5,0.1,0.9,112,r5_parity_sigma1.5_lr0.1,60,ok,,0.25678549344531265,5.8963848288836544,0.4865579675697282,0.1430480424655001,23158049f8a287709543a55b89f8943218b08cba397a67e034633640e70c99f6,3dd0b47c3c1ce23069083c16d0c2272714da54db5025db5646fd1228b010a5e8,08195a2e278dd7d3f73edff8cb0cd59b9e3c01f2ecd4759831f27ea671160f7d,7cf215d2f9edfe114fd58221406c9b8614d936ff435dd52843f07d52d239e8f0,0.4445713749155402
5,parity,1.5,0.1,0.9,113,r5_parity_sigma1.5_lr0.1,60,ok,,0.39361212329534,5.977030871277599,0.42761555493733144,0.12999512870094876,1130bcd06d370ab57f1bc3a67409c755b267648b80a0f46e840060bb010d3ab8,db95c591d5ad7a1f08531cf0e04985b931fc730f28e8ed47b8c7c5d8ecd8db0c,7f2ebd4ddebba924fb14fcb366e6524e24b6142ac00ae0feea8eda944dc8a4ac,c3ccfdf546077e3988ee6c948ab6a99fff1f54ea8f05150e1add2348f19c7b75,0.44402395910583436
5,parity,1.5,0.1,0.9,114,r5_parity_sigma1.5_lr0.1,60,ok,,0.5413147590217418,6.227127846097821,0.40520856587678894,0.11953652693365274,c8a7a565f4c34afcedf377bd8a33aee023bbafec99430b278d5183f906311b3e,52ceac77e1e0c99a5de90b23d52d3e2f15eb08da92d5b6842d3e92834a138f22,b7c652fbaa646fcdac14bd4d9b7de60408da1e8e29b91c1a191a4f0e046a11be,34475f4f2a54c2f51b87ca6e4090248db2d1c3bf4a93c1e597425a64dfa7c24d,0.4426769169513136
5,parity,1.5,0.1,0.9,115,r5_parity_sigma1.5_lr0.1,60,ok,,0.4139398365633312,5.995477118028224,0.4912463668174765,0.14688266367842548,21e3187a25ce542a7fda12331f6df5573b7aa9cfb19c4d6a1242f48e9ab77257,c3a0cabd7487508470d585545f7b6a856897b0410105302f1b4d5c12944c190d,e32313a9f78ef4a2dffaa9053f9f0da03818599b0388cb974485a6d6b6e5f463,ffa4fb8ff63f2fd3f92c212f125af732d0fdf126648b3a141a1396d1b2943a85,0.44154808297753334
5,parity,1.5,0.1,0.9,116,r5_parity_sigma1.5_lr0.1,60,ok,,0.4878434393269684,6.152419980917218,0.4137122349727953,0.12618223166670256,b240340bda42b13e461b839e854e8931eb9b197c11fad589d1f07877b5a6c105,0d285e8573294ff0f8d626c9d7c79b1ffa6d14fb3071ba7be902aa48627a1c7e,117a2e8a7c30ff5fbe89055ac777ab987c0462d85cd489bca67880d0c351db18,82a738c98e33ae7527a4b39c2218f7ec9f26aeddfccfd23d7ba036670214902e,0.44618733297102153
5,parity,1.5,0.1,0.9,117,r5_parity_sigma1.5_lr0.1,60,ok,,0.46263825193214997,6.130685812541555,0.41846523038690614,0.12386570819452422,2ff937c83d36f7b3a5406c91e8755c50ce932575e34db68925452587b0ab77d6,32821079a74fe63f445d951a557ad18447fced01821fc77b6b8d137d2fe48881,c6f804c286be88c37cc667fceb6bd5e2160436b4533aeb70df06dce1e584f66b,cdf25d405b5fe37947efb89cf322d90a325944cb0f0b1c74e63c9bef676409c9,0.45881891704630107
5,parity,1.5,0.1,0.9,118,r5_parity_sigma1.5_lr0.1,60,ok,,0.48583937244078923,6.210214662738541,0.434164044890979,0.12460508088371097,f9372f8f74b3a18b86f9a9dd960278381003e836073cde71119d3b892dde9434,ffdd2708cda2855a18fd4a81398631fadb59f1610b8dd3d36eefe8f678572c16,24b0dff50f07ab642e83c5f2cf3e49b0b52d2361d77ab3860f9a3f34d2cb38df,59bdc0f89b4338bedfcb41a006c7270700c3c9b7dcc404f90ce523a6de72153f,0.4570839579682797
5,parity,1.5,0.1,0.9,119,r5_parity_sigma1.5_lr0.1,60,ok,,0.4988256880278324,6.111992974558585,0.40256863941117216,0.11875774862629578,9cc5a5818d004f0f1492c246ba3ab8685b2df3f7dfd15cdf113ebebec42d8dee,01bf4e2b10f88360652600d185a9d719f05502f25f089d70da96eafa7fe4dfe3,65ff05a0f1f30b9e24fc1c071aaceb22366a9bbcd62b0f8edde086418c47a3a9,b4b89830e7b456b55a2d8bf5cd702abc3d8f249d69772640d3613c7c3883f235,0.455110999988392
5,parity,1.5,0.1,0.9,120,r5_parity_sigma1.5_lr0.1,60,ok,,0.4620007218467646,6.154194541473149,0.4424000169173753,0.13006560497370834,69e5aaf107b63f46b6b057dfe99d3189e4f485b9649136f1718f398f646e43c6,dff4b17a330f664ec4d31f507c7603e7842ac94d65226c760d6e78cfa953aeb7,bf0aa42ee9e23f8b99bf07a7ef8a47d9239e7611761290845cc844c92a0956f3,edec6b504324ff4ca21bfe1724b68c91d15940a01c61e711c5d594301c2472db,0.469146833056584
5,parity,1,0.02,0.9,111,r5_parity_sigma1_lr0.02,60,ok,,0.3900245918239394,6.161980375427543,0.4498940151835294,0.13001937038803998,6f4599f803588363f7f3f06a30082972087391773f80fd6d7eb3eadc6484859e,ff013eda1d426d67006a334f6583897c614d689f5823b14c442be63e78bb3962,46ec6552ea8abd2c67a85ebf993bb74a1984e0f557904f8a35ae4eb6d2b596da,d1c56984458c037ac512580f74df185ac4c111a702212c7cfaf13c1ca65aebe9,0.6786834999220446
5,parity,1,0.02,0.9,112,r5_parity_sigma1_lr0.02,60,ok,,0.2620603661807859,5.898676264564952,0.46695471575494785,0.13728468643195466,23158049f8a287709543a55b89f8943218b08cba397a67e034633640e70c99f6,3dd0b47c3c1ce23069083c16d0c2272714da54db5025db5646fd1228b010a5e8,b0126d22db14df8032614d0be237f7ba7f8faae015df79310d48a47a7e019709,7cf215d2f9edfe114fd58221406c9b8614d936ff435dd52843f07d52d239e8f0,0.7135332090547308
5,parity,1,0.02,0.9,113,r5_parity_sigma1_lr0.02,60,ok,,0.3910466810942733,5.988376378445209,0.453761087952612,0.13794337073759405,1130bcd06d370ab57f1bc3a67409c755b267648b80a0f46e840060bb010d3ab8,db95c591d5ad7a1f08531cf0e04985b931fc730f28e8ed47b8c7c5d8ecd8db0c,494a09d0cb32c8fd575150abd91ad12074451b075c550159cd5a0edda3ce9c1b,c3ccfdf546077e3988ee6c948ab6a99fff1f54ea8f05150e1add2348f19c7b75,0.6329957080306485
5,parity,1,0.02,0.9,114,r5_parity_sigma1_lr0.02,60,ok,,0.49196610460180323,6.1849094983216215,0.41052262485400787,0.12110417433193231,c8a7a565f4c34afcedf377bd8a33aee023bbafec99430b278d5183f906311b3e,52ceac77e1e0c99a5de90b23d52d3e2f15eb08da92d5b6842d3e92834a138f22,9fc9306ab4737b5804dc59a07264243c6abc622ca16efa0cd4d6bddf38b05e36,34475f4f2a54c2f51b87ca6e4090248db2d1c3bf4a93c1e597425a64dfa7c24d,0.618786207982339
5,parity,1,0.02,0.9,115,r5_parity_sigma1_lr0.02,60,ok,,0.45739112474875826,6.024664631066386,0.4348624696337293,0.13002387842048507,21e3187a25ce542a7fda12331f6df5573b7aa9cfb19c4d6a1242f48e9ab77257,c3a0cabd7487508470d585545f7b6a856897b0410105302f1b4d5c12944c190d,fae9b80b4b9bbecd172da441f7a298732dc4ec9c5fd56650a16ee48bf4f2164a,ffa4fb8ff63f2fd3f92c212f125af732d0fdf126648b3a141a1396d1b2943a85,0.5329132080078125
5,parity,1,0.02,0.9,116,r5_parity_sigma1_lr0.02,60,ok,,0.3779535138783663,6.0414096054516495,0.41537460575189145,0.1266892547543269,b240340bda42b13e461b839e854e8931eb9b197c11fad589d1f07877b5a6c105,0d285e8573294ff0f8d626c9d7c79b1ffa6d14fb3071ba7be902aa48627a1c7e,67eaeaae05cc33550f061649f99bb92951375c55491458d36e2f1c224114a8b1,82a738c98e33ae7527a4b39c2218f7ec9f26aeddfccfd23d7ba036670214902e,0.48839354095980525
5,parity,1,0.02,0.9,117,r5_parity_sigma1_lr0.02,60,ok,,0.5135162094196467,6.178952467706304,0.4185445942145597,0.12388919988750968,2ff937c83d36f7b3a5406c91e8755c50ce932575e34db68925452587b0ab77d6,32821079a74fe63f445d951a557ad18447fced01821fc77b6b8d137d2fe48881,6d2e8203ab09f7481803ba6cac1d0fef11989f0d29cc5ddaeca62054fed6f238,cdf25d405b5fe37947efb89cf322d90a325944cb0f0b1c74e63c9bef676409c9,0.4780233749188483
5,parity,1,0.02,0.9,118,r5_parity_sigma1_lr0.02,60,ok,,0.37987796978246124,6.11669673595405,0.43609089466204276,0.12515808676800627,f9372f8f74b3a18b86f9a9dd960278381003e836073cde71119d3b892dde9434,ffdd2708cda2855a18fd4a81398631fadb59f1610b8dd3d36eefe8f678572c16,3672d037714419789c221c8c7564a09d4bd2e60bbf08a0fa3cd13f9a40a45c57,59bdc0f89b4338bedfcb41a006c7270700c3c9b7dcc404f90ce523a6de72153f,0.4733717499766499
5,parity,1,0.02,0.9,119,r5_parity_sigma1_lr0.02,60,ok,,0.5086256114908325,6.104656454239799,0.4067533167387661,0.11999222843793599,9cc5a5818d004f0f1492c246ba3ab8685b2df3f7dfd15cdf113ebebec42d8dee,01bf4e2b10f88360652600d185a9d719f05502f25f089d70da96eafa7fe4dfe3,a56289775eec0ce432a321db146cf9b88569ccab3daaa3aefaeb57ea0050cb73,b4b89830e7b456b55a2d8bf5cd702abc3d8f249d69772640d3613c7c3883f235,0.4524445419665426
5,parity,1,0.02,0.9,120,r5_parity_sigma1_lr0.02,60,ok,,0.3796517974728818,6.073808510017714,0.476261827367859,0.14002097724615056,69e5aaf107b63f46b6b057dfe99d3189e4f485b9649136f1718f398f646e43c6,dff4b17a330f664ec4d31f507c7603e7842ac94d65226c760d6e78cfa953aeb7,be8ede604a893ee87034e6fb596cea91ea3be8f191d448807bebae1ef6fbfe79,edec6b504324ff4ca21bfe1724b68c91d15940a01c61e711c5d594301c2472db,0.45341837510932237
5,parity,1,0.05,0.9,111,r5_parity_sigma1_lr0.05,60,ok,,0.396103830176921,6.1658403813771345,0.449523533310695,0.12991230112679086,6f4599f803588363f7f3f06a30082972087391773f80fd6d7eb3eadc6484859e,ff013eda1d426d67006a334f6583897c614d689f5823b14c442be63e78bb3962,46ec6552ea8abd2c67a85ebf993bb74a1984e0f557904f8a35ae4eb6d2b596da,d1c56984458c037ac512580f74df185ac4c111a702212c7cfaf13c1ca65aebe9,0.45867412502411753
5,parity,1,0.05,0.9,112,r5_parity_sigma1_lr0.05,60,ok,,0.24984287095369898,5.884278543700686,0.4708452807011032,0.13842851252612434,23158049f8a287709543a55b89f8943218b08cba397a67e034633640e70c99f6,3dd0b47c3c1ce23069083c16d0c2272714da54db5025db5646fd1228b010a5e8,b0126d22db14df8032614d0be237f7ba7f8faae015df79310d48a47a7e019709,7cf215d2f9edfe114fd58221406c9b8614d936ff435dd52843f07d52d239e8f0,0.467888499959372
5,parity,1,0.05,0.9,113,r5_parity_sigma1_lr0.05,60,ok,,0.37717195656496216,5.986427260540842,0.43152329668778044,0.13118308219308525,1130bcd06d370ab57f1bc3a67409c755b267648b80a0f46e840060bb010d3ab8,db95c591d5ad7a1f08531cf0e04985b931fc730f28e8ed47b8c7c5d8ecd8db0c,494a09d0cb32c8fd575150abd91ad12074451b075c550159cd5a0edda3ce9c1b,c3ccfdf546077e3988ee6c948ab6a99fff1f54ea8f05150e1add2348f19c7b75,0.449392499984242
5,parity,1,0.05,0.9,114,r5_parity_sigma1_lr0.05,60,ok,,0.5119767153947357,6.204282478851648,0.4046444613852038,0.11937011610863513,c8a7a565f4c34afcedf377bd8a33aee023bbafec99430b278d5183f906311b3e,52ceac77e1e0c99a5de90b23d52d3e2f15eb08da92d5b6842d3e92834a138f22,9fc9306ab4737b5804dc59a07264243c6abc622ca16efa0cd4d6bddf38b05e36,34475f4f2a54c2f51b87ca6e4090248db2d1c3bf4a93c1e597425a64dfa7c24d,0.4383117499528453
5,parity,1,0.05,0.9,115,r5_parity_sigma1_lr0.05,60,ok,,0.4945551524872649,6.024620518277006,0.40501029480086154,0.12109807814545759,21e3187a25ce542a7fda12331f6df5573b7aa9cfb19c4d6a1242f48e9ab77257,c3a0cabd7487508470d585545f7b6a856897b0410105302f1b4d5c12944c190d,fae9b80b4b9bbecd172da441f7a298732dc4ec9c5fd56650a16ee48bf4f2164a,ffa4fb8ff63f2fd3f92c212f125af732d0fdf126648b3a141a1396d1b2943a85,0.42576462496072054
5,parity,1,0.05,0.9,116,r5_parity_sigma1_lr0.05,60,ok,,0.3935315608747038,6.095159488473157,0.4028689549614966,0.12287503126325645,b240340bda42b13e461b839e854e8931eb9b197c11fad589d1f07877b5a6c105,0d285e8573294ff0f8d626c9d7c79b1ffa6d14fb3071ba7be902aa48627a1c7e,67eaeaae05cc33550f061649f99bb92951375c55491458d36e2f1c224114a8b1,82a738c98e33ae7527a4b39c2218f7ec9f26aeddfccfd23d7ba036670214902e,0.42123154108412564
5,parity,1,0.05,0.9,117,r5_parity_sigma1_lr0.05,60,ok,,0.4353320107300851,6.101508384396939,0.4307563872286719,0.12750389061968687,2ff937c83d36f7b3a5406c91e8755c50ce932575e34db68925452587b0ab77d6,32821079a74fe63f445d951a557ad18447fced01821fc77b6b8d137d2fe48881,6d2e8203ab09f7481803ba6cac1d0fef11989f0d29cc5ddaeca62054fed6f238,cdf25d405b5fe37947efb89cf322d90a325944cb0f0b1c74e63c9bef676409c9,0.42286420799791813
5,parity,1,0.05,0.9,118,r5_parity_sigma1_lr0.05,60,ok,,0.39153643706825186,6.117946691846003,0.4314172518307854,0.12381675127543541,f9372f8f74b3a18b86f9a9dd960278381003e836073cde71119d3b892dde9434,ffdd2708cda2855a18fd4a81398631fadb59f1610b8dd3d36eefe8f678572c16,3672d037714419789c221c8c7564a09d4bd2e60bbf08a0fa3cd13f9a40a45c57,59bdc0f89b4338bedfcb41a006c7270700c3c9b7dcc404f90ce523a6de72153f,0.4272199999541044
5,parity,1,0.05,0.9,119,r5_parity_sigma1_lr0.05,60,ok,,0.4554842623615487,6.068553656250253,0.43052882200036424,0.12700600249010746,9cc5a5818d004f0f1492c246ba3ab8685b2df3f7dfd15cdf113ebebec42d8dee,01bf4e2b10f88360652600d185a9d719f05502f25f089d70da96eafa7fe4dfe3,a56289775eec0ce432a321db146cf9b88569ccab3daaa3aefaeb57ea0050cb73,b4b89830e7b456b55a2d8bf5cd702abc3d8f249d69772640d3613c7c3883f235,0.4323114169528708
5,parity,1,0.05,0.9,120,r5_parity_sigma1_lr0.05,60,ok,,0.32026049231255266,6.029017506162081,0.4962460356844542,0.14589633449122955,69e5aaf107b63f46b6b057dfe99d3189e4f485b9649136f1718f398f646e43c6,dff4b17a330f664ec4d31f507c7603e7842ac94d65226c760d6e78cfa953aeb7,be8ede604a893ee87034e6fb596cea91ea3be8f191d448807bebae1ef6fbfe79,edec6b504324ff4ca21bfe1724b68c91d15940a01c61e711c5d594301c2472db,0.42186445894185454
5,parity,1,0.1,0.9,111,r5_parity_sigma1_lr0.1,60,ok,,0.4128724299931843,6.17618504797694,0.43219121495989393,0.12490326112340935,6f4599f803588363f7f3f06a30082972087391773f80fd6d7eb3eadc6484859e,ff013eda1d426d67006a334f6583897c614d689f5823b14c442be63e78bb3962,46ec6552ea8abd2c67a85ebf993bb74a1984e0f557904f8a35ae4eb6d2b596da,d1c56984458c037ac512580f74df185ac4c111a702212c7cfaf13c1ca65aebe9,0.412706375005655
5,parity,1,0.1,0.9,112,r5_parity_sigma1_lr0.1,60,ok,,0.25477464821295404,5.89124332189334,0.46478705680145926,0.13664739469962903,23158049f8a287709543a55b89f8943218b08cba397a67e034633640e70c99f6,3dd0b47c3c1ce23069083c16d0c2272714da54db5025db5646fd1228b010a5e8,b0126d22db14df8032614d0be237f7ba7f8faae015df79310d48a47a7e019709,7cf215d2f9edfe114fd58221406c9b8614d936ff435dd52843f07d52d239e8f0,0.40354887500870973
5,parity,1,0.1,0.9,113,r5_parity_sigma1_lr0.1,60,ok,,0.33359062364323205,5.912544529345119,0.4661164588098293,0.14169940347818813,1130bcd06d370ab57f1bc3a67409c755b267648b80a0f46e840060bb010d3ab8,db95c591d5ad7a1f08531cf0e04985b931fc730f28e8ed47b8c7c5d8ecd8db0c,494a09d0cb32c8fd575150abd91ad12074451b075c550159cd5a0edda3ce9c1b,c3ccfdf546077e3988ee6c948ab6a99fff1f54ea8f05150e1add2348f19c7b75,0.4051877079764381
5,parity,1,0.1,0.9,114,r5_parity_sigma1_lr0.1,60,ok,,0.5116434753870183,6.1997741127747785,0.3950626577967173,0.11654348405003159,c8a7a565f4c34afcedf377bd8a33aee023bbafec99430b278d5183f906311b3e,52ceac77e1e0c99a5de90b23d52d3e2f15eb08da92d5b6842d3e92834a138f22,9fc9306ab4737b5804dc59a07264243c6abc622ca16efa0cd4d6bddf38b05e36,34475f4f2a54c2f51b87ca6e4090248db2d1c3bf4a93c1e597425a64dfa7c24d,0.413637499907054
5,parity,1,0.1,0.9,115,r5_parity_sigma1_lr0.1,60,ok,,0.42050802510297886,5.993998754915557,0.4396820864466389,0.13146494384754503,21e3187a25ce542a7fda12331f6df5573b7aa9cfb19c4d6a1242f48e9ab77257,c3a0cabd7487508470d585545f7b6a856897b0410105302f1b4d5c12944c190d,fae9b80b4b9bbecd172da441f7a298732dc4ec9c5fd56650a16ee48bf4f2164a,ffa4fb8ff63f2fd3f92c212f125af732d0fdf126648b3a141a1396d1b2943a85,0.4109413749538362
5,parity,1,0.1,0.9,116,r5_parity_sigma1_lr0.1,60,ok,,0.36544791614958105,6.02931724441337,0.41893075646425404,0.12777388072159748,b240340bda42b13e461b839e854e8931eb9b197c11fad589d1f07877b5a6c105,0d285e8573294ff0f8d626c9d7c79b1ffa6d14fb3071ba7be902aa48627a1c7e,67eaeaae05cc33550f061649f99bb92951375c55491458d36e2f1c224114a8b1,82a738c98e33ae7527a4b39c2218f7ec9f26aeddfccfd23d7ba036670214902e,0.4225050419336185
5,parity,1,0.1,0.9,117,r5_parity_sigma1_lr0.1,60,ok,,0.575525420208054,6.225183781079955,0.4123952245908463,0.12206898647889051,2ff937c83d36f7b3a5406c91e8755c50ce932575e34db68925452587b0ab77d6,32821079a74fe63f445d951a557ad18447fced01821fc77b6b8d137d2fe48881,6d2e8203ab09f7481803ba6cac1d0fef11989f0d29cc5ddaeca62054fed6f238,cdf25d405b5fe37947efb89cf322d90a325944cb0f0b1c74e63c9bef676409c9,0.5135108339600265
5,parity,1,0.1,0.9,118,r5_parity_sigma1_lr0.1,60,ok,,0.43641076864043127,6.162312653393356,0.4468027080940351,0.12823237722298808,f9372f8f74b3a18b86f9a9dd960278381003e836073cde71119d3b892dde9434,ffdd2708cda2855a18fd4a81398631fadb59f1610b8dd3d36eefe8f678572c16,3672d037714419789c221c8c7564a09d4bd2e60bbf08a0fa3cd13f9a40a45c57,59bdc0f89b4338bedfcb41a006c7270700c3c9b7dcc404f90ce523a6de72153f,0.5485326249618083
5,parity,1,0.1,0.9,119,r5_parity_sigma1_lr0.1,60,ok,,0.5407072171320166,6.164656707032018,0.4031834169241695,0.11893910799263,9cc5a5818d004f0f1492c246ba3ab8685b2df3f7dfd15cdf113ebebec42d8dee,01bf4e2b10f88360652600d185a9d719f05502f25f089d70da96eafa7fe4dfe3,a56289775eec0ce432a321db146cf9b88569ccab3daaa3aefaeb57ea0050cb73,b4b89830e7b456b55a2d8bf5cd702abc3d8f249d69772640d3613c7c3883f235,0.56117758306209
5,parity,1,0.1,0.9,120,r5_parity_sigma1_lr0.1,60,ok,,0.32202072808795795,6.022040198791079,0.48777939261910996,0.14340714143001831,69e5aaf107b63f46b6b057dfe99d3189e4f485b9649136f1718f398f646e43c6,dff4b17a330f664ec4d31f507c7603e7842ac94d65226c760d6e78cfa953aeb7,be8ede604a893ee87034e6fb596cea91ea3be8f191d448807bebae1ef6fbfe79,edec6b504324ff4ca21bfe1724b68c91d15940a01c61e711c5d594301c2472db,0.46661100001074374
5,parity,2,0.02,0.9,111,r5_parity_sigma2_lr0.02,60,ok,,0.4790610027427988,6.192470623360685,0.4695785816312112,0.13570821009142003,6f4599f803588363f7f3f06a30082972087391773f80fd6d7eb3eadc6484859e,ff013eda1d426d67006a334f6583897c614d689f5823b14c442be63e78bb3962,c82f9ffb273e363eee222e8f1ca4901ef0d88a2a41d7c7bf0385dfda9f807c69,d1c56984458c037ac512580f74df185ac4c111a702212c7cfaf13c1ca65aebe9,0.4715416659601033
5,parity,2,0.02,0.9,112,r5_parity_sigma2_lr0.02,60,ok,,0.4146967512716456,6.076489300738822,0.4552975817462895,0.1338574890334091,23158049f8a287709543a55b89f8943218b08cba397a67e034633640e70c99f6,3dd0b47c3c1ce23069083c16d0c2272714da54db5025db5646fd1228b010a5e8,e1239e9574a5b9ece5a6142b17dc18054822afbc56b1fe750ed4c81000928119,7cf215d2f9edfe114fd58221406c9b8614d936ff435dd52843f07d52d239e8f0,0.4963699580403045
5,parity,2,0.02,0.9,113,r5_parity_sigma2_lr0.02,60,ok,,0.49831843418948796,6.159248460945313,0.43968828142890753,0.1336652375543879,1130bcd06d370ab57f1bc3a67409c755b267648b80a0f46e840060bb010d3ab8,db95c591d5ad7a1f08531cf0e04985b931fc730f28e8ed47b8c7c5d8ecd8db0c,0add28ce81db5ed182ca7ca0109f605c59adae53ed3f3475c8621678c513898f,c3ccfdf546077e3988ee6c948ab6a99fff1f54ea8f05150e1add2348f19c7b75,0.4725442079361528
5,parity,2,0.02,0.9,114,r5_parity_sigma2_lr0.02,60,ok,,0.556270452232581,6.243958782869326,0.4066817169636146,0.1199711065042663,c8a7a565f4c34afcedf377bd8a33aee023bbafec99430b278d5183f906311b3e,52ceac77e1e0c99a5de90b23d52d3e2f15eb08da92d5b6842d3e92834a138f22,2da2eff4a068e88b41bb2a9f71d17504f3bc60c31b0363210d25907cced26bee,34475f4f2a54c2f51b87ca6e4090248db2d1c3bf4a93c1e597425a64dfa7c24d,0.47244375001173466
5,parity,2,0.02,0.9,115,r5_parity_sigma2_lr0.02,60,ok,,0.5064706946340933,6.080580189843328,0.44886473818062705,0.13421055671600748,21e3187a25ce542a7fda12331f6df5573b7aa9cfb19c4d6a1242f48e9ab77257,c3a0cabd7487508470d585545f7b6a856897b0410105302f1b4d5c12944c190d,1fa2303165fb9f092630d1b0199b8b1ceef402fc45bd96481c26f4dc4640000c,ffa4fb8ff63f2fd3f92c212f125af732d0fdf126648b3a141a1396d1b2943a85,0.4498440830502659
5,parity,2,0.02,0.9,116,r5_parity_sigma2_lr0.02,60,ok,,0.4425141064142574,6.137842057020165,0.44489168856187455,0.13569196501137173,b240340bda42b13e461b839e854e8931eb9b197c11fad589d1f07877b5a6c105,0d285e8573294ff0f8d626c9d7c79b1ffa6d14fb3071ba7be902aa48627a1c7e,4b774c30d2dadd0ba79d44923c3465d50bf5beb8544ebb6fa76e4e48a8e30ffa,82a738c98e33ae7527a4b39c2218f7ec9f26aeddfccfd23d7ba036670214902e,0.442493874928914
5,parity,2,0.02,0.9,117,r5_parity_sigma2_lr0.02,60,ok,,0.47366775219793056,6.10068708988049,0.44713100793399496,0.1323507783484625,2ff937c83d36f7b3a5406c91e8755c50ce932575e34db68925452587b0ab77d6,32821079a74fe63f445d951a557ad18447fced01821fc77b6b8d137d2fe48881,24f95bfd52c3f3d2c98931fb18163579577384289930fa8ba980f3e9731f5494,cdf25d405b5fe37947efb89cf322d90a325944cb0f0b1c74e63c9bef676409c9,0.4510883749462664
5,parity,2,0.02,0.9,118,r5_parity_sigma2_lr0.02,60,ok,,0.4836139953569817,6.206696215682248,0.44678998321842794,0.12822872518368883,f9372f8f74b3a18b86f9a9dd960278381003e836073cde71119d3b892dde9434,ffdd2708cda2855a18fd4a81398631fadb59f1610b8dd3d36eefe8f678572c16,5acbf74ae2e9e8a1a4fb070e1975a0e7985410d95eb0df75d2dc8cbbd577c6ea,59bdc0f89b4338bedfcb41a006c7270700c3c9b7dcc404f90ce523a6de72153f,0.4629750829190016
5,parity,2,0.02,0.9,119,r5_parity_sigma2_lr0.02,60,ok,,0.528864423713072,6.155332341525151,0.4409099835102041,0.13006844513551022,9cc5a5818d004f0f1492c246ba3ab8685b2df3f7dfd15cdf113ebebec42d8dee,01bf4e2b10f88360652600d185a9d719f05502f25f089d70da96eafa7fe4dfe3,8851bc19fbe925ac4230a2881685bca8aa77d927173c7879a0be501620af9389,b4b89830e7b456b55a2d8bf5cd702abc3d8f249d69772640d3613c7c3883f235,0.4773627920076251
5,parity,2,0.02,0.9,120,r5_parity_sigma2_lr0.02,60,ok,,0.6450380147398957,6.319903881326661,0.4553763425463361,0.13388064470862282,69e5aaf107b63f46b6b057dfe99d3189e4f485b9649136f1718f398f646e43c6,dff4b17a330f664ec4d31f507c7603e7842ac94d65226c760d6e78cfa953aeb7,e2870c0966ac2c6eeda9be223b2b76a59dd3d8bbc502a53f1293837163c5dabc,edec6b504324ff4ca21bfe1724b68c91d15940a01c61e711c5d594301c2472db,0.4637282909825444
5,parity,2,0.05,0.9,111,r5_parity_sigma2_lr0.05,60,ok,,0.43768763878143147,6.1798252096994,0.46111991769977084,0.13326365621523376,6f4599f803588363f7f3f06a30082972087391773f80fd6d7eb3eadc6484859e,ff013eda1d426d67006a334f6583897c614d689f5823b14c442be63e78bb3962,c82f9ffb273e363eee222e8f1ca4901ef0d88a2a41d7c7bf0385dfda9f807c69,d1c56984458c037ac512580f74df185ac4c111a702212c7cfaf13c1ca65aebe9,0.4619848330039531
5,parity,2,0.05,0.9,112,r5_parity_sigma2_lr0.05,60,ok,,0.3318661638454035,6.009497243195952,0.44846930440924254,0.1318499754963173,23158049f8a287709543a55b89f8943218b08cba397a67e034633640e70c99f6,3dd0b47c3c1ce23069083c16d0c2272714da54db5025db5646fd1228b010a5e8,e1239e9574a5b9ece5a6142b17dc18054822afbc56b1fe750ed4c81000928119,7cf215d2f9edfe114fd58221406c9b8614d936ff435dd52843f07d52d239e8f0,0.4785403748974204
5,parity,2,0.05,0.9,113,r5_parity_sigma2_lr0.05,60,ok,,0.4196344435631284,6.00152545646213,0.4192582951872507,0.12745452173692423,1130bcd06d370ab57f1bc3a67409c755b267648b80a0f46e840060bb010d3ab8,db95c591d5ad7a1f08531cf0e04985b931fc730f28e8ed47b8c7c5d8ecd8db0c,0add28ce81db5ed182ca7ca0109f605c59adae53ed3f3475c8621678c513898f,c3ccfdf546077e3988ee6c948ab6a99fff1f54ea8f05150e1add2348f19c7b75,0.49331799999345094
5,parity,2,0.05,0.9,114,r5_parity_sigma2_lr0.05,60,ok,,0.4845956771199528,6.166740377333088,0.39856158969998784,0.1175756689614964,c8a7a565f4c34afcedf377bd8a33aee023bbafec99430b278d5183f906311b3e,52ceac77e1e0c99a5de90b23d52d3e2f15eb08da92d5b6842d3e92834a138f22,2da2eff4a068e88b41bb2a9f71d17504f3bc60c31b0363210d25907cced26bee,34475f4f2a54c2f51b87ca6e4090248db2d1c3bf4a93c1e597425a64dfa7c24d,0.4948354579973966
5,parity,2,0.05,0.9,115,r5_parity_sigma2_lr0.05,60,ok,,0.5131264795946535,6.106091460234489,0.4470179465015804,0.13365836600397255,21e3187a25ce542a7fda12331f6df5573b7aa9cfb19c4d6a1242f48e9ab77257,c3a0cabd7487508470d585545f7b6a856897b0410105302f1b4d5c12944c190d,1fa2303165fb9f092630d1b0199b8b1ceef402fc45bd96481c26f4dc4640000c,ffa4fb8ff63f2fd3f92c212f125af732d0fdf126648b3a141a1396d1b2943a85,0.4832032920094207
5,parity,2,0.05,0.9,116,r5_parity_sigma2_lr0.05,60,ok,,0.4797378475468568,6.152931943002045,0.40732000182409195,0.12423260055634805,b240340bda42b13e461b839e854e8931eb9b197c11fad589d1f07877b5a6c105,0d285e8573294ff0f8d626c9d7c79b1ffa6d14fb3071ba7be902aa48627a1c7e,4b774c30d2dadd0ba79d44923c3465d50bf5beb8544ebb6fa76e4e48a8e30ffa,82a738c98e33ae7527a4b39c2218f7ec9f26aeddfccfd23d7ba036670214902e,0.47554462496191263
5,parity,2,0.05,0.9,117,r5_parity_sigma2_lr0.05,60,ok,,0.574158263604919,6.194381496056805,0.44508088003863294,0.13174394049143534,2ff937c83d36f7b3a5406c91e8755c50ce932575e34db68925452587b0ab77d6,32821079a74fe63f445d951a557ad18447fced01821fc77b6b8d137d2fe48881,24f95bfd52c3f3d2c98931fb18163579577384289930fa8ba980f3e9731f5494,cdf25d405b5fe37947efb89cf322d90a325944cb0f0b1c74e63c9bef676409c9,0.4997283749980852
5,parity,2,0.05,0.9,118,r5_parity_sigma2_lr0.05,60,ok,,0.5056117068663235,6.214182408813374,0.4330761700241912,0.12429286079694288,f9372f8f74b3a18b86f9a9dd960278381003e836073cde71119d3b892dde9434,ffdd2708cda2855a18fd4a81398631fadb59f1610b8dd3d36eefe8f678572c16,5acbf74ae2e9e8a1a4fb070e1975a0e7985410d95eb0df75d2dc8cbbd577c6ea,59bdc0f89b4338bedfcb41a006c7270700c3c9b7dcc404f90ce523a6de72153f,0.5279954579891637
5,parity,2,0.05,0.9,119,r5_parity_sigma2_lr0.05,60,ok,,0.47052242644565595,6.0947563507765645,0.4168028018484567,0.12295682654529472,9cc5a5818d004f0f1492c246ba3ab8685b2df3f7dfd15cdf113ebebec42d8dee,01bf4e2b10f88360652600d185a9d719f05502f25f089d70da96eafa7fe4dfe3,8851bc19fbe925ac4230a2881685bca8aa77d927173c7879a0be501620af9389,b4b89830e7b456b55a2d8bf5cd702abc3d8f249d69772640d3613c7c3883f235,0.5392916660057381
5,parity,2,0.05,0.9,120,r5_parity_sigma2_lr0.05,60,ok,,0.5129048222953231,6.2081109451457195,0.4392289314077427,0.12913330583387636,69e5aaf107b63f46b6b057dfe99d3189e4f485b9649136f1718f398f646e43c6,dff4b17a330f664ec4d31f507c7603e7842ac94d65226c760d6e78cfa953aeb7,e2870c0966ac2c6eeda9be223b2b76a59dd3d8bbc502a53f1293837163c5dabc,edec6b504324ff4ca21bfe1724b68c91d15940a01c61e711c5d594301c2472db,0.5333336669718847
5,parity,2,0.1,0.9,111,r5_parity_sigma2_lr0.1,60,ok,,0.5521869136181549,6.298649327473741,0.4555720816681191,0.13166033160208643,6f4599f803588363f7f3f06a30082972087391773f80fd6d7eb3eadc6484859e,ff013eda1d426d67006a334f6583897c614d689f5823b14c442be63e78bb3962,c82f9ffb273e363eee222e8f1ca4901ef0d88a2a41d7c7bf0385dfda9f807c69,d1c56984458c037ac512580f74df185ac4c111a702212c7cfaf13c1ca65aebe9,0.5219073330517858
5,parity,2,0.1,0.9,112,r5_parity_sigma2_lr0.1,60,ok,,0.3310313095805085,6.0083493630508,0.45289684734794783,0.13315167312029666,23158049f8a287709543a55b89f8943218b08cba397a67e034633640e70c99f6,3dd0b47c3c1ce23069083c16d0c2272714da54db5025db5646fd1228b010a5e8,e1239e9574a5b9ece5a6142b17dc18054822afbc56b1fe750ed4c81000928119,7cf215d2f9edfe114fd58221406c9b8614d936ff435dd52843f07d52d239e8f0,0.5044857090106234
5,parity,2,0.1,0.9,113,r5_parity_sigma2_lr0.1,60,ok,,0.40187307458343347,5.984970902145688,0.4289634163456589,0.13040487856908028,1130bcd06d370ab57f1bc3a67409c755b267648b80a0f46e840060bb010d3ab8,db95c591d5ad7a1f08531cf0e04985b931fc730f28e8ed47b8c7c5d8ecd8db0c,0add28ce81db5ed182ca7ca0109f605c59adae53ed3f3475c8621678c513898f,c3ccfdf546077e3988ee6c948ab6a99fff1f54ea8f05150e1add2348f19c7b75,0.5035832499852404
5,parity,2,0.1,0.9,114,r5_parity_sigma2_lr0.1,60,ok,,0.5700120184476551,6.254575488726522,0.3798960663562058,0.11206933957508072,c8a7a565f4c34afcedf377bd8a33aee023bbafec99430b278d5183f906311b3e,52ceac77e1e0c99a5de90b23d52d3e2f15eb08da92d5b6842d3e92834a138f22,2da2eff4a068e88b41bb2a9f71d17504f3bc60c31b0363210d25907cced26bee,34475f4f2a54c2f51b87ca6e4090248db2d1c3bf4a93c1e597425a64dfa7c24d,0.5093257499393076
5,parity,2,0.1,0.9,115,r5_parity_sigma2_lr0.1,60,ok,,0.5176665515820027,6.09223111017132,0.43911367398797524,0.1312949885224046,21e3187a25ce542a7fda12331f6df5573b7aa9cfb19c4d6a1242f48e9ab77257,c3a0cabd7487508470d585545f7b6a856897b0410105302f1b4d5c12944c190d,1fa2303165fb9f092630d1b0199b8b1ceef402fc45bd96481c26f4dc4640000c,ffa4fb8ff63f2fd3f92c212f125af732d0fdf126648b3a141a1396d1b2943a85,0.5117384170880541
5,parity,2,0.1,0.9,116,r5_parity_sigma2_lr0.1,60,ok,,0.4729115642084128,6.134660964620452,0.4104386556877961,0.1251837899847778,b240340bda42b13e461b839e854e8931eb9b197c11fad589d1f07877b5a6c105,0d285e8573294ff0f8d626c9d7c79b1ffa6d14fb3071ba7be902aa48627a1c7e,4b774c30d2dadd0ba79d44923c3465d50bf5beb8544ebb6fa76e4e48a8e30ffa,82a738c98e33ae7527a4b39c2218f7ec9f26aeddfccfd23d7ba036670214902e,0.511120583047159
5,parity,2,0.1,0.9,117,r5_parity_sigma2_lr0.1,60,ok,,0.43163038038502194,6.0972886476314345,0.4491146924529673,0.13293794896607833,2ff937c83d36f7b3a5406c91e8755c50ce932575e34db68925452587b0ab77d6,32821079a74fe63f445d951a557ad18447fced01821fc77b6b8d137d2fe48881,24f95bfd52c3f3d2c98931fb18163579577384289930fa8ba980f3e9731f5494,cdf25d405b5fe37947efb89cf322d90a325944cb0f0b1c74e63c9bef676409c9,0.5144847079645842
5,parity,2,0.1,0.9,118,r5_parity_sigma2_lr0.1,60,ok,,0.44500803481192186,6.176657457662665,0.4512710494545095,0.12951479119344425,f9372f8f74b3a18b86f9a9dd960278381003e836073cde71119d3b892dde9434,ffdd2708cda2855a18fd4a81398631fadb59f1610b8dd3d36eefe8f678572c16,5acbf74ae2e9e8a1a4fb070e1975a0e7985410d95eb0df75d2dc8cbbd577c6ea,59bdc0f89b4338bedfcb41a006c7270700c3c9b7dcc404f90ce523a6de72153f,0.5061312919715419
5,parity,2,0.1,0.9,119,r5_parity_sigma2_lr0.1,60,ok,,0.4404466582135011,6.048265216786482,0.43405243255616616,0.128045467604069,9cc5a5818d004f0f1492c246ba3ab8685b2df3f7dfd15cdf113ebebec42d8dee,01bf4e2b10f88360652600d185a9d719f05502f25f089d70da96eafa7fe4dfe3,8851bc19fbe925ac4230a2881685bca8aa77d927173c7879a0be501620af9389,b4b89830e7b456b55a2d8bf5cd702abc3d8f249d69772640d3613c7c3883f235,0.49252354202326387
5,parity,2,0.1,0.9,120,r5_parity_sigma2_lr0.1,60,ok,,0.5294395031723915,6.244607026096316,0.4260151475539559,0.12524845338086305,69e5aaf107b63f46b6b057dfe99d3189e4f485b9649136f1718f398f646e43c6,dff4b17a330f664ec4d31f507c7603e7842ac94d65226c760d6e78cfa953aeb7,e2870c0966ac2c6eeda9be223b2b76a59dd3d8bbc502a53f1293837163c5dabc,edec6b504324ff4ca21bfe1724b68c91d15940a01c61e711c5d594301c2472db,0.5117383330361918
5,scaled-mse,1,0.005,0.9,111,r5_scaled-mse_sigma1_lr0.005,60,ok,,0.9779600866438185,6.68972277106,0.36668917113332167,0.10597317045752996,6f4599f803588363f7f3f06a30082972087391773f80fd6d7eb3eadc6484859e,ff013eda1d426d67006a334f6583897c614d689f5823b14c442be63e78bb3962,46ec6552ea8abd2c67a85ebf993bb74a1984e0f557904f8a35ae4eb6d2b596da,d1c56984458c037ac512580f74df185ac4c111a702212c7cfaf13c1ca65aebe9,0.3569120829924941
5,scaled-mse,1,0.005,0.9,112,r5_scaled-mse_sigma1_lr0.005,60,ok,,0.8788792022244603,6.492064725512775,0.37821305169612823,0.1111946371986617,23158049f8a287709543a55b89f8943218b08cba397a67e034633640e70c99f6,3dd0b47c3c1ce23069083c16d0c2272714da54db5025db5646fd1228b010a5e8,b0126d22db14df8032614d0be237f7ba7f8faae015df79310d48a47a7e019709,7cf215d2f9edfe114fd58221406c9b8614d936ff435dd52843f07d52d239e8f0,0.36133691598661244
5,scaled-mse,1,0.005,0.9,113,r5_scaled-mse_sigma1_lr0.005,60,ok,,0.9699693672650518,6.576455382665983,0.33938656698054287,0.10317351636208502,1130bcd06d370ab57f1bc3a67409c755b267648b80a0f46e840060bb010d3ab8,db95c591d5ad7a1f08531cf0e04985b931fc730f28e8ed47b8c7c5d8ecd8db0c,494a09d0cb32c8fd575150abd91ad12074451b075c550159cd5a0edda3ce9c1b,c3ccfdf546077e3988ee6c948ab6a99fff1f54ea8f05150e1add2348f19c7b75,0.3613822920015082
5,scaled-mse,1,0.005,0.9,114,r5_scaled-mse_sigma1_lr0.005,60,ok,,0.6572603323332876,6.354702373043014,0.40128512431384805,0.11837911167258516,c8a7a565f4c34afcedf377bd8a33aee023bbafec99430b278d5183f906311b3e,52ceac77e1e0c99a5de90b23d52d3e2f15eb08da92d5b6842d3e92834a138f22,9fc9306ab4737b5804dc59a07264243c6abc622ca16efa0cd4d6bddf38b05e36,34475f4f2a54c2f51b87ca6e4090248db2d1c3bf4a93c1e597425a64dfa7c24d,0.36375770799349993
5,scaled-mse,1,0.005,0.9,115,r5_scaled-mse_sigma1_lr0.005,60,ok,,0.7453365211487827,6.303559541270333,0.41663583044666663,0.12457411330355332,21e3187a25ce542a7fda12331f6df5573b7aa9cfb19c4d6a1242f48e9ab77257,c3a0cabd7487508470d585545f7b6a856897b0410105302f1b4d5c12944c190d,fae9b80b4b9bbecd172da441f7a298732dc4ec9c5fd56650a16ee48bf4f2164a,ffa4fb8ff63f2fd3f92c212f125af732d0fdf126648b3a141a1396d1b2943a85,0.35706650000065565
5,scaled-mse,1,0.005,0.9,116,r5_scaled-mse_sigma1_lr0.005,60,ok,,1.0571771901564373,6.73552781267341,0.348892295331486,0.10641215007610325,b240340bda42b13e461b839e854e8931eb9b197c11fad589d1f07877b5a6c105,0d285e8573294ff0f8d626c9d7c79b1ffa6d14fb3071ba7be902aa48627a1c7e,67eaeaae05cc33550f061649f99bb92951375c55491458d36e2f1c224114a8b1,82a738c98e33ae7527a4b39c2218f7ec9f26aeddfccfd23d7ba036670214902e,0.35682004096452147
5,scaled-mse,1,0.005,0.9,117,r5_scaled-mse_sigma1_lr0.005,60,ok,,0.780078864463715,6.405248924666945,0.3650873900947831,0.10806586746805578,2ff937c83d36f7b3a5406c91e8755c50ce932575e34db68925452587b0ab77d6,32821079a74fe63f445d951a557ad18447fced01821fc77b6b8d137d2fe48881,6d2e8203ab09f7481803ba6cac1d0fef11989f0d29cc5ddaeca62054fed6f238,cdf25d405b5fe37947efb89cf322d90a325944cb0f0b1c74e63c9bef676409c9,0.355172541923821
5,scaled-mse,1,0.005,0.9,118,r5_scaled-mse_sigma1_lr0.005,60,ok,,1.0132211413150265,6.741953325069102,0.36109736341675797,0.10363494330060953,f9372f8f74b3a18b86f9a9dd960278381003e836073cde71119d3b892dde9434,ffdd2708cda2855a18fd4a81398631fadb59f1610b8dd3d36eefe8f678572c16,3672d037714419789c221c8c7564a09d4bd2e60bbf08a0fa3cd13f9a40a45c57,59bdc0f89b4338bedfcb41a006c7270700c3c9b7dcc404f90ce523a6de72153f,0.34418725001160055
5,scaled-mse,1,0.005,0.9,119,r5_scaled-mse_sigma1_lr0.005,60,ok,,1.0272204259857212,6.622791727962374,0.3879411533683494,0.11444264024366307,9cc5a5818d004f0f1492c246ba3ab8685b2df3f7dfd15cdf113ebebec42d8dee,01bf4e2b10f88360652600d185a9d719f05502f25f089d70da96eafa7fe4dfe3,a56289775eec0ce432a321db146cf9b88569ccab3daaa3aefaeb57ea0050cb73,b4b89830e7b456b55a2d8bf5cd702abc3d8f249d69772640d3613c7c3883f235,0.34597379190381616
5,scaled-mse,1,0.005,0.9,120,r5_scaled-mse_sigma1_lr0.005,60,ok,,1.032019254935262,6.727175766016853,0.37893301442106364,0.11140630623979271,69e5aaf107b63f46b6b057dfe99d3189e4f485b9649136f1718f398f646e43c6,dff4b17a330f664ec4d31f507c7603e7842ac94d65226c760d6e78cfa953aeb7,be8ede604a893ee87034e6fb596cea91ea3be8f191d448807bebae1ef6fbfe79,edec6b504324ff4ca21bfe1724b68c91d15940a01c61e711c5d594301c2472db,0.3397216669982299
5,scaled-mse,1,0.01,0.9,111,r5_scaled-mse_sigma1_lr0.01,60,ok,,0.7244190974665242,6.459507597501332,0.3647917941990452,0.10542482852352407,6f4599f803588363f7f3f06a30082972087391773f80fd6d7eb3eadc6484859e,ff013eda1d426d67006a334f6583897c614d689f5823b14c442be63e78bb3962,46ec6552ea8abd2c67a85ebf993bb74a1984e0f557904f8a35ae4eb6d2b596da,d1c56984458c037ac512580f74df185ac4c111a702212c7cfaf13c1ca65aebe9,0.3476808749837801
5,scaled-mse,1,0.01,0.9,112,r5_scaled-mse_sigma1_lr0.01,60,ok,,0.8039077498431967,6.3770097740299185,0.3476258628275678,0.10220200367130494,23158049f8a287709543a55b89f8943218b08cba397a67e034633640e70c99f6,3dd0b47c3c1ce23069083c16d0c2272714da54db5025db5646fd1228b010a5e8,b0126d22db14df8032614d0be237f7ba7f8faae015df79310d48a47a7e019709,7cf215d2f9edfe114fd58221406c9b8614d936ff435dd52843f07d52d239e8f0,0.34405816602520645
5,scaled-mse,1,0.01,0.9,113,r5_scaled-mse_sigma1_lr0.01,60,ok,,0.7856816755073396,6.349551865669827,0.3348238191577453,0.10178644102395457,1130bcd06d370ab57f1bc3a67409c755b267648b80a0f46e840060bb010d3ab8,db95c591d5ad7a1f08531cf0e04985b931fc730f28e8ed47b8c7c5d8ecd8db0c,494a09d0cb32c8fd575150abd91ad12074451b075c550159cd5a0edda3ce9c1b,c3ccfdf546077e3988ee6c948ab6a99fff1f54ea8f05150e1add2348f19c7b75,0.3452691249549389
5,scaled-mse,1,0.01,0.9,114,r5_scaled-mse_sigma1_lr0.01,60,ok,,0.5829967901723652,6.306591561126221,0.3905749714033218,0.11521961656397994,c8a7a565f4c34afcedf377bd8a33aee023bbafec99430b278d5183f906311b3e,52ceac77e1e0c99a5de90b23d52d3e2f15eb08da92d5b6842d3e92834a138f22,9fc9306ab4737b5804dc59a07264243c6abc622ca16efa0cd4d6bddf38b05e36,34475f4f2a54c2f51b87ca6e4090248db2d1c3bf4a93c1e597425a64dfa7c24d,0.3457089160801843
5,scaled-mse,1,0.01,0.9,115,r5_scaled-mse_sigma1_lr0.01,60,ok,,0.72822158123622,6.302168764751663,0.404393995098786,0.12091380453453701,21e3187a25ce542a7fda12331f6df5573b7aa9cfb19c4d6a1242f48e9ab77257,c3a0cabd7487508470d585545f7b6a856897b0410105302f1b4d5c12944c190d,fae9b80b4b9bbecd172da441f7a298732dc4ec9c5fd56650a16ee48bf4f2164a,ffa4fb8ff63f2fd3f92c212f125af732d0fdf126648b3a141a1396d1b2943a85,0.34353645890951157
5,scaled-mse,1,0.01,0.9,116,r5_scaled-mse_sigma1_lr0.01,60,ok,,0.6199278679129925,6.297094714630866,0.37167878068937216,0.1133620281102585,b240340bda42b13e461b839e854e8931eb9b197c11fad589d1f07877b5a6c105,0d285e8573294ff0f8d626c9d7c79b1ffa6d14fb3071ba7be902aa48627a1c7e,67eaeaae05cc33550f061649f99bb92951375c55491458d36e2f1c224114a8b1,82a738c98e33ae7527a4b39c2218f7ec9f26aeddfccfd23d7ba036670214902e,0.3426029580878094
5,scaled-mse,1,0.01,0.9,117,r5_scaled-mse_sigma1_lr0.01,60,ok,,0.5830221074317392,6.196068579386403,0.36831846325259915,0.10902226512276934,2ff937c83d36f7b3a5406c91e8755c50ce932575e34db68925452587b0ab77d6,32821079a74fe63f445d951a557ad18447fced01821fc77b6b8d137d2fe48881,6d2e8203ab09f7481803ba6cac1d0fef11989f0d29cc5ddaeca62054fed6f238,cdf25d405b5fe37947efb89cf322d90a325944cb0f0b1c74e63c9bef676409c9,0.3505884170299396
5,scaled-mse,1,0.01,0.9,118,r5_scaled-mse_sigma1_lr0.01,60,ok,,0.6334476541279224,6.3480774891072365,0.40516773406156653,0.1162831396756696,f9372f8f74b3a18b86f9a9dd960278381003e836073cde71119d3b892dde9434,ffdd2708cda2855a18fd4a81398631fadb59f1610b8dd3d36eefe8f678572c16,3672d037714419789c221c8c7564a09d4bd2e60bbf08a0fa3cd13f9a40a45c57,59bdc0f89b4338bedfcb41a006c7270700c3c9b7dcc404f90ce523a6de72153f,0.3596942089498043
5,scaled-mse,1,0.01,0.9,119,r5_scaled-mse_sigma1_lr0.01,60,ok,,0.5508621615401567,6.166219909057205,0.42914053576892697,0.12659645805183345,9cc5a5818d004f0f1492c246ba3ab8685b2df3f7dfd15cdf113ebebec42d8dee,01bf4e2b10f88360652600d185a9d719f05502f25f089d70da96eafa7fe4dfe3,a56289775eec0ce432a321db146cf9b88569ccab3daaa3aefaeb57ea0050cb73,b4b89830e7b456b55a2d8bf5cd702abc3d8f249d69772640d3613c7c3883f235,0.3632346250815317
5,scaled-mse,1,0.01,0.9,120,r5_scaled-mse_sigma1_lr0.01,60,ok,,0.7791231805921508,6.471502237073193,0.377859273921615,0.11109062653295482,69e5aaf107b63f46b6b057dfe99d3189e4f485b9649136f1718f398f646e43c6,dff4b17a330f664ec4d31f507c7603e7842ac94d65226c760d6e78cfa953aeb7,be8ede604a893ee87034e6fb596cea91ea3be8f191d448807bebae1ef6fbfe79,edec6b504324ff4ca21bfe1724b68c91d15940a01c61e711c5d594301c2472db,0.35013525001704693
5,scaled-mse,1,0.02,0.9,111,r5_scaled-mse_sigma1_lr0.02,60,ok,,0.506756458700685,6.267951579208805,0.40177394028355307,0.11611266874194684,6f4599f803588363f7f3f06a30082972087391773f80fd6d7eb3eadc6484859e,ff013eda1d426d67006a334f6583897c614d689f5823b14c442be63e78bb3962,46ec6552ea8abd2c67a85ebf993bb74a1984e0f557904f8a35ae4eb6d2b596da,d1c56984458c037ac512580f74df185ac4c111a702212c7cfaf13c1ca65aebe9,0.360902791027911
5,scaled-mse,1,0.02,0.9,112,r5_scaled-mse_sigma1_lr0.02,60,ok,,0.4982731607376595,6.13518763665916,0.4057691008046952,0.11929611563658038,23158049f8a287709543a55b89f8943218b08cba397a67e034633640e70c99f6,3dd0b47c3c1ce23069083c16d0c2272714da54db5025db5646fd1228b010a5e8,b0126d22db14df8032614d0be237f7ba7f8faae015df79310d48a47a7e019709,7cf215d2f9edfe114fd58221406c9b8614d936ff435dd52843f07d52d239e8f0,0.36141299991868436
5,scaled-mse,1,0.02,0.9,113,r5_scaled-mse_sigma1_lr0.02,60,ok,,0.7318626493133431,6.3043338799331545,0.367307632730753,0.11166152035014892,1130bcd06d370ab57f1bc3a67409c755b267648b80a0f46e840060bb010d3ab8,db95c591d5ad7a1f08531cf0e04985b931fc730f28e8ed47b8c7c5d8ecd8db0c,494a09d0cb32c8fd575150abd91ad12074451b075c550159cd5a0edda3ce9c1b,c3ccfdf546077e3988ee6c948ab6a99fff1f54ea8f05150e1add2348f19c7b75,0.37906108296010643
5,scaled-mse,1,0.02,0.9,114,r5_scaled-mse_sigma1_lr0.02,60,ok,,0.567304088289446,6.2709424738038475,0.39252236639934207,0.11579409808780591,c8a7a565f4c34afcedf377bd8a33aee023bbafec99430b278d5183f906311b3e,52ceac77e1e0c99a5de90b23d52d3e2f15eb08da92d5b6842d3e92834a138f22,9fc9306ab4737b5804dc59a07264243c6abc622ca16efa0cd4d6bddf38b05e36,34475f4f2a54c2f51b87ca6e4090248db2d1c3bf4a93c1e597425a64dfa7c24d,0.3809209590544924
5,scaled-mse,1,0.02,0.9,115,r5_scaled-mse_sigma1_lr0.02,60,ok,,0.658812505065548,6.217712579918723,0.3862613727708888,0.11549215045849574,21e3187a25ce542a7fda12331f6df5573b7aa9cfb19c4d6a1242f48e9ab77257,c3a0cabd7487508470d585545f7b6a856897b0410105302f1b4d5c12944c190d,fae9b80b4b9bbecd172da441f7a298732dc4ec9c5fd56650a16ee48bf4f2164a,ffa4fb8ff63f2fd3f92c212f125af732d0fdf126648b3a141a1396d1b2943a85,0.37748562498018146
5,scaled-mse,1,0.02,0.9,116,r5_scaled-mse_sigma1_lr0.02,60,ok,,0.5715951654536682,6.237332646505524,0.39021404840978946,0.1190152847649858,b240340bda42b13e461b839e854e8931eb9b197c11fad589d1f07877b5a6c105,0d285e8573294ff0f8d626c9d7c79b1ffa6d14fb3071ba7be902aa48627a1c7e,67eaeaae05cc33550f061649f99bb92951375c55491458d36e2f1c224114a8b1,82a738c98e33ae7527a4b39c2218f7ec9f26aeddfccfd23d7ba036670214902e,0.3658608339028433
5,scaled-mse,1,0.02,0.9,117,r5_scaled-mse_sigma1_lr0.02,60,ok,,0.5198983971929866,6.155592358181984,0.39237243061297117,0.11614223946143946,2ff937c83d36f7b3a5406c91e8755c50ce932575e34db68925452587b0ab77d6,32821079a74fe63f445d951a557ad18447fced01821fc77b6b8d137d2fe48881,6d2e8203ab09f7481803ba6cac1d0fef11989f0d29cc5ddaeca62054fed6f238,cdf25d405b5fe37947efb89cf322d90a325944cb0f0b1c74e63c9bef676409c9,0.35304379102308303
5,scaled-mse,1,0.02,0.9,118,r5_scaled-mse_sigma1_lr0.02,60,ok,,0.5907580029043291,6.345570005654836,0.41510871089017554,0.11913620002548038,f9372f8f74b3a18b86f9a9dd960278381003e836073cde71119d3b892dde9434,ffdd2708cda2855a18fd4a81398631fadb59f1610b8dd3d36eefe8f678572c16,3672d037714419789c221c8c7564a09d4bd2e60bbf08a0fa3cd13f9a40a45c57,59bdc0f89b4338bedfcb41a006c7270700c3c9b7dcc404f90ce523a6de72153f,0.3522525419248268
5,scaled-mse,1,0.02,0.9,119,r5_scaled-mse_sigma1_lr0.02,60,ok,,0.5529128194124897,6.167233821255373,0.40922288696883996,0.12072075165580778,9cc5a5818d004f0f1492c246ba3ab8685b2df3f7dfd15cdf113ebebec42d8dee,01bf4e2b10f88360652600d185a9d719f05502f25f089d70da96eafa7fe4dfe3,a56289775eec0ce432a321db146cf9b88569ccab3daaa3aefaeb57ea0050cb73,b4b89830e7b456b55a2d8bf5cd702abc3d8f249d69772640d3613c7c3883f235,0.3465715830679983
5,scaled-mse,1,0.02,0.9,120,r5_scaled-mse_sigma1_lr0.02,60,ok,,0.5618548984412978,6.226914405810639,0.4146997727388206,0.12192173318521325,69e5aaf107b63f46b6b057dfe99d3189e4f485b9649136f1718f398f646e43c6,dff4b17a330f664ec4d31f507c7603e7842ac94d65226c760d6e78cfa953aeb7,be8ede604a893ee87034e6fb596cea91ea3be8f191d448807bebae1ef6fbfe79,edec6b504324ff4ca21bfe1724b68c91d15940a01c61e711c5d594301c2472db,0.3523033749079332
5,scaled-mse,1,0.05,0.9,111,r5_scaled-mse_sigma1_lr0.05,60,ok,,0.4370967473430992,6.19987517076298,0.4211818309908795,0.12172154915636418,6f4599f803588363f7f3f06a30082972087391773f80fd6d7eb3eadc6484859e,ff013eda1d426d67006a334f6583897c614d689f5823b14c442be63e78bb3962,46ec6552ea8abd2c67a85ebf993bb74a1984e0f557904f8a35ae4eb6d2b596da,d1c56984458c037ac512580f74df185ac4c111a702212c7cfaf13c1ca65aebe9,0.35469812504015863
5,scaled-mse,1,0.05,0.9,112,r5_scaled-mse_sigma1_lr0.05,60,ok,,0.40094897815256303,6.035748139505291,0.39324320960426457,0.11561350362365379,23158049f8a287709543a55b89f8943218b08cba397a67e034633640e70c99f6,3dd0b47c3c1ce23069083c16d0c2272714da54db5025db5646fd1228b010a5e8,b0126d22db14df8032614d0be237f7ba7f8faae015df79310d48a47a7e019709,7cf215d2f9edfe114fd58221406c9b8614d936ff435dd52843f07d52d239e8f0,0.38753545901272446
5,scaled-mse,1,0.05,0.9,113,r5_scaled-mse_sigma1_lr0.05,60,ok,,0.45298564551045895,6.046587013169139,0.4108716070642883,0.12490496854754364,1130bcd06d370ab57f1bc3a67409c755b267648b80a0f46e840060bb010d3ab8,db95c591d5ad7a1f08531cf0e04985b931fc730f28e8ed47b8c7c5d8ecd8db0c,494a09d0cb32c8fd575150abd91ad12074451b075c550159cd5a0edda3ce9c1b,c3ccfdf546077e3988ee6c948ab6a99fff1f54ea8f05150e1add2348f19c7b75,0.36642354202922434
5,scaled-mse,1,0.05,0.9,114,r5_scaled-mse_sigma1_lr0.05,60,ok,,0.5663140792266779,6.261795189418681,0.3984516928286859,0.11754324938446234,c8a7a565f4c34afcedf377bd8a33aee023bbafec99430b278d5183f906311b3e,52ceac77e1e0c99a5de90b23d52d3e2f15eb08da92d5b6842d3e92834a138f22,9fc9306ab4737b5804dc59a07264243c6abc622ca16efa0cd4d6bddf38b05e36,34475f4f2a54c2f51b87ca6e4090248db2d1c3bf4a93c1e597425a64dfa7c24d,0.3700690830592066
5,scaled-mse,1,0.05,0.9,115,r5_scaled-mse_sigma1_lr0.05,60,ok,,0.616925559003563,6.176227048859848,0.37798457818578846,0.11301738887755074,21e3187a25ce542a7fda12331f6df5573b7aa9cfb19c4d6a1242f48e9ab77257,c3a0cabd7487508470d585545f7b6a856897b0410105302f1b4d5c12944c190d,fae9b80b4b9bbecd172da441f7a298732dc4ec9c5fd56650a16ee48bf4f2164a,ffa4fb8ff63f2fd3f92c212f125af732d0fdf126648b3a141a1396d1b2943a85,0.35953300003893673
5,scaled-mse,1,0.05,0.9,116,r5_scaled-mse_sigma1_lr0.05,60,ok,,0.5782084194783016,6.239382536082994,0.36463357090397186,0.11121323912571142,b240340bda42b13e461b839e854e8931eb9b197c11fad589d1f07877b5a6c105,0d285e8573294ff0f8d626c9d7c79b1ffa6d14fb3071ba7be902aa48627a1c7e,67eaeaae05cc33550f061649f99bb92951375c55491458d36e2f1c224114a8b1,82a738c98e33ae7527a4b39c2218f7ec9f26aeddfccfd23d7ba036670214902e,0.36221320799086243
5,scaled-mse,1,0.05,0.9,117,r5_scaled-mse_sigma1_lr0.05,60,ok,,2.5857786095908484,8.345862676582671,0.19112794215467774,0.05657387087778461,2ff937c83d36f7b3a5406c91e8755c50ce932575e34db68925452587b0ab77d6,32821079a74fe63f445d951a557ad18447fced01821fc77b6b8d137d2fe48881,6d2e8203ab09f7481803ba6cac1d0fef11989f0d29cc5ddaeca62054fed6f238,cdf25d405b5fe37947efb89cf322d90a325944cb0f0b1c74e63c9bef676409c9,0.3657226669602096
5,scaled-mse,1,0.05,0.9,118,r5_scaled-mse_sigma1_lr0.05,60,ok,,0.38036175411257894,6.148604651806966,0.4095677001262758,0.11754592993624115,f9372f8f74b3a18b86f9a9dd960278381003e836073cde71119d3b892dde9434,ffdd2708cda2855a18fd4a81398631fadb59f1610b8dd3d36eefe8f678572c16,3672d037714419789c221c8c7564a09d4bd2e60bbf08a0fa3cd13f9a40a45c57,59bdc0f89b4338bedfcb41a006c7270700c3c9b7dcc404f90ce523a6de72153f,0.4369477080181241
5,scaled-mse,1,0.05,0.9,119,r5_scaled-mse_sigma1_lr0.05,60,ok,,0.5306721070104503,6.189779900439306,0.37294799647363114,0.11001965895972118,9cc5a5818d004f0f1492c246ba3ab8685b2df3f7dfd15cdf113ebebec42d8dee,01bf4e2b10f88360652600d185a9d719f05502f25f089d70da96eafa7fe4dfe3,a56289775eec0ce432a321db146cf9b88569ccab3daaa3aefaeb57ea0050cb73,b4b89830e7b456b55a2d8bf5cd702abc3d8f249d69772640d3613c7c3883f235,0.4535285000456497
5,scaled-mse,1,0.05,0.9,120,r5_scaled-mse_sigma1_lr0.05,60,ok,,0.5217892352074041,6.241590537491072,0.4045497111983617,0.11893761509231834,69e5aaf107b63f46b6b057dfe99d3189e4f485b9649136f1718f398f646e43c6,dff4b17a330f664ec4d31f507c7603e7842ac94d65226c760d6e78cfa953aeb7,be8ede604a893ee87034e6fb596cea91ea3be8f191d448807bebae1ef6fbfe79,edec6b504324ff4ca21bfe1724b68c91d15940a01c61e711c5d594301c2472db,0.45989404199644923
5,scaled-mse,1,0.1,0.9,111,r5_scaled-mse_sigma1_lr0.1,60,ok,,2.575336143705127,8.278137460414998,0.19304920587188082,0.055791220496973555,6f4599f803588363f7f3f06a30082972087391773f80fd6d7eb3eadc6484859e,ff013eda1d426d67006a334f6583897c614d689f5823b14c442be63e78bb3962,46ec6552ea8abd2c67a85ebf993bb74a1984e0f557904f8a35ae4eb6d2b596da,d1c56984458c037ac512580f74df185ac4c111a702212c7cfaf13c1ca65aebe9,0.385687333997339
5,scaled-mse,1,0.1,0.9,112,r5_scaled-mse_sigma1_lr0.1,60,ok,,2.6389834000282963,8.22864484951042,0.1408615137901642,0.041413285054308274,23158049f8a287709543a55b89f8943218b08cba397a67e034633640e70c99f6,3dd0b47c3c1ce23069083c16d0c2272714da54db5025db5646fd1228b010a5e8,b0126d22db14df8032614d0be237f7ba7f8faae015df79310d48a47a7e019709,7cf215d2f9edfe114fd58221406c9b8614d936ff435dd52843f07d52d239e8f0,0.37538895895704627
5,scaled-mse,1,0.1,0.9,113,r5_scaled-mse_sigma1_lr0.1,60,ok,,2.7122148002956132,8.28553140917878,0.14301947279929278,0.043477919730985005,1130bcd06d370ab57f1bc3a67409c755b267648b80a0f46e840060bb010d3ab8,db95c591d5ad7a1f08531cf0e04985b931fc730f28e8ed47b8c7c5d8ecd8db0c,494a09d0cb32c8fd575150abd91ad12074451b075c550159cd5a0edda3ce9c1b,c3ccfdf546077e3988ee6c948ab6a99fff1f54ea8f05150e1add2348f19c7b75,0.3750525829382241
5,scaled-mse,1,0.1,0.9,114,r5_scaled-mse_sigma1_lr0.1,60,ok,,2.507986288438638,8.175060960397692,0.1825984629855531,0.05386654658073817,c8a7a565f4c34afcedf377bd8a33aee023bbafec99430b278d5183f906311b3e,52ceac77e1e0c99a5de90b23d52d3e2f15eb08da92d5b6842d3e92834a138f22,9fc9306ab4737b5804dc59a07264243c6abc622ca16efa0cd4d6bddf38b05e36,34475f4f2a54c2f51b87ca6e4090248db2d1c3bf4a93c1e597425a64dfa7c24d,0.541058374918066
5,scaled-mse,1,0.1,0.9,115,r5_scaled-mse_sigma1_lr0.1,60,ok,,2.183041721492677,7.786327579185747,0.1820410467390418,0.0544302729749735,21e3187a25ce542a7fda12331f6df5573b7aa9cfb19c4d6a1242f48e9ab77257,c3a0cabd7487508470d585545f7b6a856897b0410105302f1b4d5c12944c190d,fae9b80b4b9bbecd172da441f7a298732dc4ec9c5fd56650a16ee48bf4f2164a,ffa4fb8ff63f2fd3f92c212f125af732d0fdf126648b3a141a1396d1b2943a85,0.6330725830048323
5,scaled-mse,1,0.1,0.9,116,r5_scaled-mse_sigma1_lr0.1,60,ok,,2.3252933639972926,7.940319436877016,0.21420698973415123,0.06533313186891612,b240340bda42b13e461b839e854e8931eb9b197c11fad589d1f07877b5a6c105,0d285e8573294ff0f8d626c9d7c79b1ffa6d14fb3071ba7be902aa48627a1c7e,67eaeaae05cc33550f061649f99bb92951375c55491458d36e2f1c224114a8b1,82a738c98e33ae7527a4b39c2218f7ec9f26aeddfccfd23d7ba036670214902e,0.6440514579880983
5,scaled-mse,1,0.1,0.9,117,r5_scaled-mse_sigma1_lr0.1,60,ok,,0.4506038241855874,6.106132780012656,0.4060057631232857,0.12017770588449256,2ff937c83d36f7b3a5406c91e8755c50ce932575e34db68925452587b0ab77d6,32821079a74fe63f445d951a557ad18447fced01821fc77b6b8d137d2fe48881,6d2e8203ab09f7481803ba6cac1d0fef11989f0d29cc5ddaeca62054fed6f238,cdf25d405b5fe37947efb89cf322d90a325944cb0f0b1c74e63c9bef676409c9,0.593760084011592
5,scaled-mse,1,0.1,0.9,118,r5_scaled-mse_sigma1_lr0.1,60,ok,,2.131419861276109,7.844401690745085,0.17971056887863218,0.05157693326816744,f9372f8f74b3a18b86f9a9dd960278381003e836073cde71119d3b892dde9434,ffdd2708cda2855a18fd4a81398631fadb59f1610b8dd3d36eefe8f678572c16,3672d037714419789c221c8c7564a09d4bd2e60bbf08a0fa3cd13f9a40a45c57,59bdc0f89b4338bedfcb41a006c7270700c3c9b7dcc404f90ce523a6de72153f,0.6468741249991581
5,scaled-mse,1,0.1,0.9,119,r5_scaled-mse_sigma1_lr0.1,60,ok,,0.5276543669105831,6.140063513125097,0.3788169379601262,0.11175099669823724,9cc5a5818d004f0f1492c246ba3ab8685b2df3f7dfd15cdf113ebebec42d8dee,01bf4e2b10f88360652600d185a9d719f05502f25f089d70da96eafa7fe4dfe3,a56289775eec0ce432a321db146cf9b88569ccab3daaa3aefaeb57ea0050cb73,b4b89830e7b456b55a2d8bf5cd702abc3d8f249d69772640d3613c7c3883f235,0.6593771250918508
5,scaled-mse,1,0.1,0.9,120,r5_scaled-mse_sigma1_lr0.1,60,ok,,2.539844458147089,8.224268785665306,0.16388481768318128,0.04818213639885529,69e5aaf107b63f46b6b057dfe99d3189e4f485b9649136f1718f398f646e43c6,dff4b17a330f664ec4d31f507c7603e7842ac94d65226c760d6e78cfa953aeb7,be8ede604a893ee87034e6fb596cea91ea3be8f191d448807bebae1ef6fbfe79,edec6b504324ff4ca21bfe1724b68c91d15940a01c61e711c5d594301c2472db,0.7172401660354808
5,scaled-mse,1,0.2,0.9,111,r5_scaled-mse_sigma1_lr0.2,60,ok,,0.48324898149559403,6.246762275453848,0.40370908731484295,0.11667192623398961,6f4599f803588363f7f3f06a30082972087391773f80fd6d7eb3eadc6484859e,ff013eda1d426d67006a334f6583897c614d689f5823b14c442be63e78bb3962,46ec6552ea8abd2c67a85ebf993bb74a1984e0f557904f8a35ae4eb6d2b596da,d1c56984458c037ac512580f74df185ac4c111a702212c7cfaf13c1ca65aebe9,0.6504822080023587
5,scaled-mse,1,0.2,0.9,112,r5_scaled-mse_sigma1_lr0.2,60,ok,,3.1435118822475228,8.739515148271847,0.15998945834871614,0.04703690075452255,23158049f8a287709543a55b89f8943218b08cba397a67e034633640e70c99f6,3dd0b47c3c1ce23069083c16d0c2272714da54db5025db5646fd1228b010a5e8,b0126d22db14df8032614d0be237f7ba7f8faae015df79310d48a47a7e019709,7cf215d2f9edfe114fd58221406c9b8614d936ff435dd52843f07d52d239e8f0,0.6427790840389207
5,scaled-mse,1,0.2,0.9,113,r5_scaled-mse_sigma1_lr0.2,60,ok,,2.549798171051047,8.135074069519858,0.16819849918642527,0.05113234375267328,1130bcd06d370ab57f1bc3a67409c755b267648b80a0f46e840060bb010d3ab8,db95c591d5ad7a1f08531cf0e04985b931fc730f28e8ed47b8c7c5d8ecd8db0c,494a09d0cb32c8fd575150abd91ad12074451b075c550159cd5a0edda3ce9c1b,c3ccfdf546077e3988ee6c948ab6a99fff1f54ea8f05150e1add2348f19c7b75,0.5830304169794545
5,scaled-mse,1,0.2,0.9,114,r5_scaled-mse_sigma1_lr0.2,60,ok,,2.1439970682008753,7.803831153410099,0.23410309847431438,0.06906041404992275,c8a7a565f4c34afcedf377bd8a33aee023bbafec99430b278d5183f906311b3e,52ceac77e1e0c99a5de90b23d52d3e2f15eb08da92d5b6842d3e92834a138f22,9fc9306ab4737b5804dc59a07264243c6abc622ca16efa0cd4d6bddf38b05e36,34475f4f2a54c2f51b87ca6e4090248db2d1c3bf4a93c1e597425a64dfa7c24d,0.5063261250033975
5,scaled-mse,1,0.2,0.9,115,r5_scaled-mse_sigma1_lr0.2,60,ok,,2.598945653679462,8.2195777456996,0.15392522196734545,0.04602364136823629,21e3187a25ce542a7fda12331f6df5573b7aa9cfb19c4d6a1242f48e9ab77257,c3a0cabd7487508470d585545f7b6a856897b0410105302f1b4d5c12944c190d,fae9b80b4b9bbecd172da441f7a298732dc4ec9c5fd56650a16ee48bf4f2164a,ffa4fb8ff63f2fd3f92c212f125af732d0fdf126648b3a141a1396d1b2943a85,0.49322824995033443
5,scaled-mse,1,0.2,0.9,116,r5_scaled-mse_sigma1_lr0.2,60,ok,,2.138348565265546,7.855805426477069,0.23705762221281335,0.07230257477490806,b240340bda42b13e461b839e854e8931eb9b197c11fad589d1f07877b5a6c105,0d285e8573294ff0f8d626c9d7c79b1ffa6d14fb3071ba7be902aa48627a1c7e,67eaeaae05cc33550f061649f99bb92951375c55491458d36e2f1c224114a8b1,82a738c98e33ae7527a4b39c2218f7ec9f26aeddfccfd23d7ba036670214902e,0.6273137499811128
5,scaled-mse,1,0.2,0.9,117,r5_scaled-mse_sigma1_lr0.2,60,ok,,2.402598226276525,8.11646562391966,0.19653134303742467,0.0581732775390777,2ff937c83d36f7b3a5406c91e8755c50ce932575e34db68925452587b0ab77d6,32821079a74fe63f445d951a557ad18447fced01821fc77b6b8d137d2fe48881,6d2e8203ab09f7481803ba6cac1d0fef11989f0d29cc5ddaeca62054fed6f238,cdf25d405b5fe37947efb89cf322d90a325944cb0f0b1c74e63c9bef676409c9,0.6404651250923052
5,scaled-mse,1,0.2,0.9,118,r5_scaled-mse_sigma1_lr0.2,60,ok,,2.2913686390241343,7.989219907904227,0.19315026130315913,0.05543412499400666,f9372f8f74b3a18b86f9a9dd960278381003e836073cde71119d3b892dde9434,ffdd2708cda2855a18fd4a81398631fadb59f1610b8dd3d36eefe8f678572c16,3672d037714419789c221c8c7564a09d4bd2e60bbf08a0fa3cd13f9a40a45c57,59bdc0f89b4338bedfcb41a006c7270700c3c9b7dcc404f90ce523a6de72153f,0.64112229202874
5,scaled-mse,1,0.2,0.9,119,r5_scaled-mse_sigma1_lr0.2,60,ok,,2.1985556031635576,7.851445127060546,0.15899726056436791,0.04690419186648853,9cc5a5818d004f0f1492c246ba3ab8685b2df3f7dfd15cdf113ebebec42d8dee,01bf4e2b10f88360652600d185a9d719f05502f25f089d70da96eafa7fe4dfe3,a56289775eec0ce432a321db146cf9b88569ccab3daaa3aefaeb57ea0050cb73,b4b89830e7b456b55a2d8bf5cd702abc3d8f249d69772640d3613c7c3883f235,0.4640464580152184
5,scaled-mse,1,0.2,0.9,120,r5_scaled-mse_sigma1_lr0.2,60,ok,,2.178789854275061,7.7980305937709415,0.1993689513673835,0.05861447170201075,69e5aaf107b63f46b6b057dfe99d3189e4f485b9649136f1718f398f646e43c6,dff4b17a330f664ec4d31f507c7603e7842ac94d65226c760d6e78cfa953aeb7,be8ede604a893ee87034e6fb596cea91ea3be8f191d448807bebae1ef6fbfe79,edec6b504324ff4ca21bfe1724b68c91d15940a01c61e711c5d594301c2472db,0.45707466697786003
6,mse,1,0.005,0.9,111,r6_mse_sigma1_lr0.005,66,ok,,0.7199280483706565,6.470687460841642,0.40509482618375564,0.11707240476710538,6f4599f803588363f7f3f06a30082972087391773f80fd6d7eb3eadc6484859e,ff013eda1d426d67006a334f6583897c614d689f5823b14c442be63e78bb3962,46ec6552ea8abd2c67a85ebf993bb74a1984e0f557904f8a35ae4eb6d2b596da,922c88498695bd4cd2bce85cb58cec5948b0b2180f15c65c83fd8961fa62e3fc,0.3695740830153227
6,mse,1,0.005,0.9,112,r6_mse_sigma1_lr0.005,66,ok,,0.8195433025355818,6.500156317775067,0.3663521676426484,0.10770753728693863,23158049f8a287709543a55b89f8943218b08cba397a67e034633640e70c99f6,3dd0b47c3c1ce23069083c16d0c2272714da54db5025db5646fd1228b010a5e8,b0126d22db14df8032614d0be237f7ba7f8faae015df79310d48a47a7e019709,4f0dfaf22fde2be953d09f6d5e1d430f855a074012b1744b4581503ac11ff36c,0.3608807090204209
6,mse,1,0.005,0.9,113,r6_mse_sigma1_lr0.005,66,ok,,0.9025675573073706,6.455994056130743,0.4047599798805811,0.12304703388369666,1130bcd06d370ab57f1bc3a67409c755b267648b80a0f46e840060bb010d3ab8,db95c591d5ad7a1f08531cf0e04985b931fc730f28e8ed47b8c7c5d8ecd8db0c,494a09d0cb32c8fd575150abd91ad12074451b075c550159cd5a0edda3ce9c1b,191c09e53d0a687f6cad40fa2d14867ca63354cc5fb8b3e5cd829abf5c3cde96,0.36706770793534815
6,mse,1,0.005,0.9,114,r6_mse_sigma1_lr0.005,66,ok,,0.9207850224992697,6.6043109156381155,0.38131542235503263,0.11248804959473463,c8a7a565f4c34afcedf377bd8a33aee023bbafec99430b278d5183f906311b3e,52ceac77e1e0c99a5de90b23d52d3e2f15eb08da92d5b6842d3e92834a138f22,9fc9306ab4737b5804dc59a07264243c6abc622ca16efa0cd4d6bddf38b05e36,3e40fb00f0d7336f12289747d25109e06baa7865eaf0c7dd6f89a85970ed7fd9,0.36107883299700916
6,mse,1,0.005,0.9,115,r6_mse_sigma1_lr0.005,66,ok,,1.0542824394207941,6.628742480360566,0.3346730858414664,0.10006725266659845,21e3187a25ce542a7fda12331f6df5573b7aa9cfb19c4d6a1242f48e9ab77257,c3a0cabd7487508470d585545f7b6a856897b0410105302f1b4d5c12944c190d,fae9b80b4b9bbecd172da441f7a298732dc4ec9c5fd56650a16ee48bf4f2164a,bc1fd3ebe710245a2b56359c12a723983a1561bde63e3b0b4bb20f0fbc68479e,0.35635954106692225
6,mse,1,0.005,0.9,116,r6_mse_sigma1_lr0.005,66,ok,,0.8720503922574274,6.504208239766946,0.3801061681630071,0.11593238128971715,b240340bda42b13e461b839e854e8931eb9b197c11fad589d1f07877b5a6c105,0d285e8573294ff0f8d626c9d7c79b1ffa6d14fb3071ba7be902aa48627a1c7e,67eaeaae05cc33550f061649f99bb92951375c55491458d36e2f1c224114a8b1,9cd885e5773e1a61573e6e4ab8e32f5435362a42796d8eff0025ba8c01455816,0.36571766703855246
6,mse,1,0.005,0.9,117,r6_mse_sigma1_lr0.005,66,ok,,0.932773418890386,6.643667179776889,0.3740051943040203,0.11070553751399001,2ff937c83d36f7b3a5406c91e8755c50ce932575e34db68925452587b0ab77d6,32821079a74fe63f445d951a557ad18447fced01821fc77b6b8d137d2fe48881,6d2e8203ab09f7481803ba6cac1d0fef11989f0d29cc5ddaeca62054fed6f238,402a25298a9acbc5abce157f274c26389cdb90f04be171fa07ccd19e6af98b90,0.35896941600367427
6,mse,1,0.005,0.9,118,r6_mse_sigma1_lr0.005,66,ok,,0.7880894546619542,6.527373507938081,0.38802201726087704,0.1113623189538717,f9372f8f74b3a18b86f9a9dd960278381003e836073cde71119d3b892dde9434,ffdd2708cda2855a18fd4a81398631fadb59f1610b8dd3d36eefe8f678572c16,3672d037714419789c221c8c7564a09d4bd2e60bbf08a0fa3cd13f9a40a45c57,cbba1f67e2c26a1f241163d14c4d955aa93c178f38e5f65ab484b62775596dbb,0.35435420798603445
6,mse,1,0.005,0.9,119,r6_mse_sigma1_lr0.005,66,ok,,1.0120937474789944,6.64836745233136,0.38563316715042306,0.11376178430937481,9cc5a5818d004f0f1492c246ba3ab8685b2df3f7dfd15cdf113ebebec42d8dee,01bf4e2b10f88360652600d185a9d719f05502f25f089d70da96eafa7fe4dfe3,a56289775eec0ce432a321db146cf9b88569ccab3daaa3aefaeb57ea0050cb73,f94f9210ef1ff1dfbe682a6006a492d2d383f30e3f71941cdb5c0b2c8319d6f5,0.35750462498981506
6,mse,1,0.005,0.9,120,r6_mse_sigma1_lr0.005,66,ok,,1.1370750471077535,6.852874611491345,0.35409182511654114,0.1041029965842631,69e5aaf107b63f46b6b057dfe99d3189e4f485b9649136f1718f398f646e43c6,dff4b17a330f664ec4d31f507c7603e7842ac94d65226c760d6e78cfa953aeb7,be8ede604a893ee87034e6fb596cea91ea3be8f191d448807bebae1ef6fbfe79,4939936f888881fec7dcaaa22bdc939f3e13b0069e4581c8b191c627c7ad6d41,0.3647547080181539
6,mse,1,0.01,0.9,111,r6_mse_sigma1_lr0.01,66,ok,,0.688761265831235,6.446707155969314,0.4009776835423238,0.11588255054373159,6f4599f803588363f7f3f06a30082972087391773f80fd6d7eb3eadc6484859e,ff013eda1d426d67006a334f6583897c614d689f5823b14c442be63e78bb3962,46ec6552ea8abd2c67a85ebf993bb74a1984e0f557904f8a35ae4eb6d2b596da,922c88498695bd4cd2bce85cb58cec5948b0b2180f15c65c83fd8961fa62e3fc,0.3737036669626832
6,mse,1,0.01,0.9,112,r6_mse_sigma1_lr0.01,66,ok,,0.5927563821785635,6.2609848113449384,0.379649823285612,0.11161704804596992,23158049f8a287709543a55b89f8943218b08cba397a67e034633640e70c99f6,3dd0b47c3c1ce23069083c16d0c2272714da54db5025db5646fd1228b010a5e8,b0126d22db14df8032614d0be237f7ba7f8faae015df79310d48a47a7e019709,4f0dfaf22fde2be953d09f6d5e1d430f855a074012b1744b4581503ac11ff36c,0.4220712500391528
6,mse,1,0.01,0.9,113,r6_mse_sigma1_lr0.01,66,ok,,0.5038867108264296,6.122076126890603,0.4083405757660696,0.12413553503288516,1130bcd06d370ab57f1bc3a67409c755b267648b80a0f46e840060bb010d3ab8,db95c591d5ad7a1f08531cf0e04985b931fc730f28e8ed47b8c7c5d8ecd8db0c,494a09d0cb32c8fd575150abd91ad12074451b075c550159cd5a0edda3ce9c1b,191c09e53d0a687f6cad40fa2d14867ca63354cc5fb8b3e5cd829abf5c3cde96,0.4367305419873446
6,mse,1,0.01,0.9,114,r6_mse_sigma1_lr0.01,66,ok,,0.6416392687374363,6.30233725789324,0.40388100914526026,0.11914489769785178,c8a7a565f4c34afcedf377bd8a33aee023bbafec99430b278d5183f906311b3e,52ceac77e1e0c99a5de90b23d52d3e2f15eb08da92d5b6842d3e92834a138f22,9fc9306ab4737b5804dc59a07264243c6abc622ca16efa0cd4d6bddf38b05e36,3e40fb00f0d7336f12289747d25109e06baa7865eaf0c7dd6f89a85970ed7fd9,0.4333321660524234
6,mse,1,0.01,0.9,115,r6_mse_sigma1_lr0.01,66,ok,,0.7809444386422247,6.370077038481226,0.3782841173755681,0.11310695109529487,21e3187a25ce542a7fda12331f6df5573b7aa9cfb19c4d6a1242f48e9ab77257,c3a0cabd7487508470d585545f7b6a856897b0410105302f1b4d5c12944c190d,fae9b80b4b9bbecd172da441f7a298732dc4ec9c5fd56650a16ee48bf4f2164a,bc1fd3ebe710245a2b56359c12a723983a1561bde63e3b0b4bb20f0fbc68479e,0.4594801670173183
6,mse,1,0.01,0.9,116,r6_mse_sigma1_lr0.01,66,ok,,0.6979993860676965,6.357483392506922,0.37369238421993145,0.11397617718707909,b240340bda42b13e461b839e854e8931eb9b197c11fad589d1f07877b5a6c105,0d285e8573294ff0f8d626c9d7c79b1ffa6d14fb3071ba7be902aa48627a1c7e,67eaeaae05cc33550f061649f99bb92951375c55491458d36e2f1c224114a8b1,9cd885e5773e1a61573e6e4ab8e32f5435362a42796d8eff0025ba8c01455816,0.44678916689008474
6,mse,1,0.01,0.9,117,r6_mse_sigma1_lr0.01,66,ok,,0.6619636881543843,6.3847353682470915,0.40409083163201065,0.11961088616307515,2ff937c83d36f7b3a5406c91e8755c50ce932575e34db68925452587b0ab77d6,32821079a74fe63f445d951a557ad18447fced01821fc77b6b8d137d2fe48881,6d2e8203ab09f7481803ba6cac1d0fef11989f0d29cc5ddaeca62054fed6f238,402a25298a9acbc5abce157f274c26389cdb90f04be171fa07ccd19e6af98b90,0.43972266698256135
6,mse,1,0.01,0.9,118,r6_mse_sigma1_lr0.01,66,ok,,0.590626220066707,6.349829161673961,0.3892190111758601,0.11170585620747185,f9372f8f74b3a18b86f9a9dd960278381003e836073cde71119d3b892dde9434,ffdd2708cda2855a18fd4a81398631fadb59f1610b8dd3d36eefe8f678572c16,3672d037714419789c221c8c7564a09d4bd2e60bbf08a0fa3cd13f9a40a45c57,cbba1f67e2c26a1f241163d14c4d955aa93c178f38e5f65ab484b62775596dbb,0.4466713339788839
6,mse,1,0.01,0.9,119,r6_mse_sigma1_lr0.01,66,ok,,0.7172794176259866,6.326517671557728,0.3886119147722887,0.11464051485782516,9cc5a5818d004f0f1492c246ba3ab8685b2df3f7dfd15cdf113ebebec42d8dee,01bf4e2b10f88360652600d185a9d719f05502f25f089d70da96eafa7fe4dfe3,a56289775eec0ce432a321db146cf9b88569ccab3daaa3aefaeb57ea0050cb73,f94f9210ef1ff1dfbe682a6006a492d2d383f30e3f71941cdb5c0b2c8319d6f5,0.4362275419989601
6,mse,1,0.01,0.9,120,r6_mse_sigma1_lr0.01,66,ok,,0.6572399320463648,6.352610148947172,0.36863442471180435,0.10837852086527049,69e5aaf107b63f46b6b057dfe99d3189e4f485b9649136f1718f398f646e43c6,dff4b17a330f664ec4d31f507c7603e7842ac94d65226c760d6e78cfa953aeb7,be8ede604a893ee87034e6fb596cea91ea3be8f191d448807bebae1ef6fbfe79,4939936f888881fec7dcaaa22bdc939f3e13b0069e4581c8b191c627c7ad6d41,0.44503687508404255
6,mse,1,0.02,0.9,111,r6_mse_sigma1_lr0.02,66,ok,,0.5953842403409368,6.349183190807453,0.3940507670133712,0.11388067166686429,6f4599f803588363f7f3f06a30082972087391773f80fd6d7eb3eadc6484859e,ff013eda1d426d67006a334f6583897c614d689f5823b14c442be63e78bb3962,46ec6552ea8abd2c67a85ebf993bb74a1984e0f557904f8a35ae4eb6d2b596da,922c88498695bd4cd2bce85cb58cec5948b0b2180f15c65c83fd8961fa62e3fc,0.43772091600112617
6,mse,1,0.02,0.9,112,r6_mse_sigma1_lr0.02,66,ok,,0.5970846127175378,6.235287299950165,0.37381365072252076,0.1099012133124211,23158049f8a287709543a55b89f8943218b08cba397a67e034633640e70c99f6,3dd0b47c3c1ce23069083c16d0c2272714da54db5025db5646fd1228b010a5e8,b0126d22db14df8032614d0be237f7ba7f8faae015df79310d48a47a7e019709,4f0dfaf22fde2be953d09f6d5e1d430f855a074012b1744b4581503ac11ff36c,0.43378295795992017
6,mse,1,0.02,0.9,113,r6_mse_sigma1_lr0.02,66,ok,,0.4786004290617354,6.087149657164425,0.40975234502146307,0.12456471288652478,1130bcd06d370ab57f1bc3a67409c755b267648b80a0f46e840060bb010d3ab8,db95c591d5ad7a1f08531cf0e04985b931fc730f28e8ed47b8c7c5d8ecd8db0c,494a09d0cb32c8fd575150abd91ad12074451b075c550159cd5a0edda3ce9c1b,191c09e53d0a687f6cad40fa2d14867ca63354cc5fb8b3e5cd829abf5c3cde96,0.41640837502200156
6,mse,1,0.02,0.9,114,r6_mse_sigma1_lr0.02,66,ok,,0.6075806753933136,6.299011716778847,0.38190118255695216,0.11266084885430087,c8a7a565f4c34afcedf377bd8a33aee023bbafec99430b278d5183f906311b3e,52ceac77e1e0c99a5de90b23d52d3e2f15eb08da92d5b6842d3e92834a138f22,9fc9306ab4737b5804dc59a07264243c6abc622ca16efa0cd4d6bddf38b05e36,3e40fb00f0d7336f12289747d25109e06baa7865eaf0c7dd6f89a85970ed7fd9,0.4874996659345925
6,mse,1,0.02,0.9,115,r6_mse_sigma1_lr0.02,66,ok,,0.5767990198796035,6.129179148086909,0.38580612774618933,0.11535603219611062,21e3187a25ce542a7fda12331f6df5573b7aa9cfb19c4d6a1242f48e9ab77257,c3a0cabd7487508470d585545f7b6a856897b0410105302f1b4d5c12944c190d,fae9b80b4b9bbecd172da441f7a298732dc4ec9c5fd56650a16ee48bf4f2164a,bc1fd3ebe710245a2b56359c12a723983a1561bde63e3b0b4bb20f0fbc68479e,0.534642625018023
6,mse,1,0.02,0.9,116,r6_mse_sigma1_lr0.02,66,ok,,0.7269534925139847,6.396845942977792,0.35517049386109795,0.10832700062763487,b240340bda42b13e461b839e854e8931eb9b197c11fad589d1f07877b5a6c105,0d285e8573294ff0f8d626c9d7c79b1ffa6d14fb3071ba7be902aa48627a1c7e,67eaeaae05cc33550f061649f99bb92951375c55491458d36e2f1c224114a8b1,9cd885e5773e1a61573e6e4ab8e32f5435362a42796d8eff0025ba8c01455816,0.6219441660214216
6,mse,1,0.02,0.9,117,r6_mse_sigma1_lr0.02,66,ok,,0.5619353569246117,6.2554067731692795,0.4199451145591292,0.12430375390950224,2ff937c83d36f7b3a5406c91e8755c50ce932575e34db68925452587b0ab77d6,32821079a74fe63f445d951a557ad18447fced01821fc77b6b8d137d2fe48881,6d2e8203ab09f7481803ba6cac1d0fef11989f0d29cc5ddaeca62054fed6f238,402a25298a9acbc5abce157f274c26389cdb90f04be171fa07ccd19e6af98b90,0.7867976250126958
6,mse,1,0.02,0.9,118,r6_mse_sigma1_lr0.02,66,ok,,0.485966145666603,6.210275407326475,0.4036217555856125,0.11583944385307078,f9372f8f74b3a18b86f9a9dd960278381003e836073cde71119d3b892dde9434,ffdd2708cda2855a18fd4a81398631fadb59f1610b8dd3d36eefe8f678572c16,3672d037714419789c221c8c7564a09d4bd2e60bbf08a0fa3cd13f9a40a45c57,cbba1f67e2c26a1f241163d14c4d955aa93c178f38e5f65ab484b62775596dbb,0.7896752910455689
6,mse,1,0.02,0.9,119,r6_mse_sigma1_lr0.02,66,ok,,0.619396201235931,6.243703102520732,0.36266101095819453,0.10698499823266738,9cc5a5818d004f0f1492c246ba3ab8685b2df3f7dfd15cdf113ebebec42d8dee,01bf4e2b10f88360652600d185a9d719f05502f25f089d70da96eafa7fe4dfe3,a56289775eec0ce432a321db146cf9b88569ccab3daaa3aefaeb57ea0050cb73,f94f9210ef1ff1dfbe682a6006a492d2d383f30e3f71941cdb5c0b2c8319d6f5,0.8448026670375839
6,mse,1,0.02,0.9,120,r6_mse_sigma1_lr0.02,66,ok,,0.4554000548260586,6.187285153609939,0.4107249375851108,0.12075313165002258,69e5aaf107b63f46b6b057dfe99d3189e4f485b9649136f1718f398f646e43c6,dff4b17a330f664ec4d31f507c7603e7842ac94d65226c760d6e78cfa953aeb7,be8ede604a893ee87034e6fb596cea91ea3be8f191d448807bebae1ef6fbfe79,4939936f888881fec7dcaaa22bdc939f3e13b0069e4581c8b191c627c7ad6d41,0.6444017080357298
6,mse,1,0.05,0.9,111,r6_mse_sigma1_lr0.05,66,ok,,0.4925166364230228,6.241126233404332,0.4141502567262481,0.1196894241938857,6f4599f803588363f7f3f06a30082972087391773f80fd6d7eb3eadc6484859e,ff013eda1d426d67006a334f6583897c614d689f5823b14c442be63e78bb3962,46ec6552ea8abd2c67a85ebf993bb74a1984e0f557904f8a35ae4eb6d2b596da,922c88498695bd4cd2bce85cb58cec5948b0b2180f15c65c83fd8961fa62e3fc,0.6277935829712078
6,mse,1,0.05,0.9,112,r6_mse_sigma1_lr0.05,66,ok,,0.41552047223591765,6.071572120652943,0.4182786776696011,0.12297393123486272,23158049f8a287709543a55b89f8943218b08cba397a67e034633640e70c99f6,3dd0b47c3c1ce23069083c16d0c2272714da54db5025db5646fd1228b010a5e8,b0126d22db14df8032614d0be237f7ba7f8faae015df79310d48a47a7e019709,4f0dfaf22fde2be953d09f6d5e1d430f855a074012b1744b4581503ac11ff36c,0.6045990419806913
6,mse,1,0.05,0.9,113,r6_mse_sigma1_lr0.05,66,ok,,0.5085419244735925,6.132782864967834,0.37818312043350566,0.11496766861178573,1130bcd06d370ab57f1bc3a67409c755b267648b80a0f46e840060bb010d3ab8,db95c591d5ad7a1f08531cf0e04985b931fc730f28e8ed47b8c7c5d8ecd8db0c,494a09d0cb32c8fd575150abd91ad12074451b075c550159cd5a0edda3ce9c1b,191c09e53d0a687f6cad40fa2d14867ca63354cc5fb8b3e5cd829abf5c3cde96,0.8761071250773966
6,mse,1,0.05,0.9,114,r6_mse_sigma1_lr0.05,66,ok,,0.3445172252272239,6.0247622756638775,0.42491116400246987,0.1253487933807286,c8a7a565f4c34afcedf377bd8a33aee023bbafec99430b278d5183f906311b3e,52ceac77e1e0c99a5de90b23d52d3e2f15eb08da92d5b6842d3e92834a138f22,9fc9306ab4737b5804dc59a07264243c6abc622ca16efa0cd4d6bddf38b05e36,3e40fb00f0d7336f12289747d25109e06baa7865eaf0c7dd6f89a85970ed7fd9,0.9434030830161646
6,mse,1,0.05,0.9,115,r6_mse_sigma1_lr0.05,66,ok,,0.5036334574537806,6.059963739582836,0.365773961182234,0.10936641439348796,21e3187a25ce542a7fda12331f6df5573b7aa9cfb19c4d6a1242f48e9ab77257,c3a0cabd7487508470d585545f7b6a856897b0410105302f1b4d5c12944c190d,fae9b80b4b9bbecd172da441f7a298732dc4ec9c5fd56650a16ee48bf4f2164a,bc1fd3ebe710245a2b56359c12a723983a1561bde63e3b0b4bb20f0fbc68479e,0.8741357499966398
6,mse,1,0.05,0.9,116,r6_mse_sigma1_lr0.05,66,ok,,0.5469978634811656,6.243565800865826,0.3798400717837104,0.11585122189403167,b240340bda42b13e461b839e854e8931eb9b197c11fad589d1f07877b5a6c105,0d285e8573294ff0f8d626c9d7c79b1ffa6d14fb3071ba7be902aa48627a1c7e,67eaeaae05cc33550f061649f99bb92951375c55491458d36e2f1c224114a8b1,9cd885e5773e1a61573e6e4ab8e32f5435362a42796d8eff0025ba8c01455816,0.5472147919936106
6,mse,1,0.05,0.9,117,r6_mse_sigma1_lr0.05,66,ok,,0.5166325806691926,6.165677343920241,0.3729894955706461,0.11040489068891124,2ff937c83d36f7b3a5406c91e8755c50ce932575e34db68925452587b0ab77d6,32821079a74fe63f445d951a557ad18447fced01821fc77b6b8d137d2fe48881,6d2e8203ab09f7481803ba6cac1d0fef11989f0d29cc5ddaeca62054fed6f238,402a25298a9acbc5abce157f274c26389cdb90f04be171fa07ccd19e6af98b90,0.5012545409845188
6,mse,1,0.05,0.9,118,r6_mse_sigma1_lr0.05,66,ok,,0.5092313166662261,6.252374649828085,0.3875768963317278,0.11123456924720589,f9372f8f74b3a18b86f9a9dd960278381003e836073cde71119d3b892dde9434,ffdd2708cda2855a18fd4a81398631fadb59f1610b8dd3d36eefe8f678572c16,3672d037714419789c221c8c7564a09d4bd2e60bbf08a0fa3cd13f9a40a45c57,cbba1f67e2c26a1f241163d14c4d955aa93c178f38e5f65ab484b62775596dbb,0.45945387496612966
6,mse,1,0.05,0.9,119,r6_mse_sigma1_lr0.05,66,ok,,0.47173317166798706,6.084582444728038,0.4047670430774586,0.11940627770785028,9cc5a5818d004f0f1492c246ba3ab8685b2df3f7dfd15cdf113ebebec42d8dee,01bf4e2b10f88360652600d185a9d719f05502f25f089d70da96eafa7fe4dfe3,a56289775eec0ce432a321db146cf9b88569ccab3daaa3aefaeb57ea0050cb73,f94f9210ef1ff1dfbe682a6006a492d2d383f30e3f71941cdb5c0b2c8319d6f5,0.4336828750092536
6,mse,1,0.05,0.9,120,r6_mse_sigma1_lr0.05,66,ok,,0.507094093127862,6.2219972919484245,0.3944170946378763,0.11595862582353562,69e5aaf107b63f46b6b057dfe99d3189e4f485b9649136f1718f398f646e43c6,dff4b17a330f664ec4d31f507c7603e7842ac94d65226c760d6e78cfa953aeb7,be8ede604a893ee87034e6fb596cea91ea3be8f191d448807bebae1ef6fbfe79,4939936f888881fec7dcaaa22bdc939f3e13b0069e4581c8b191c627c7ad6d41,0.4347824580036104
6,mse,1,0.1,0.9,111,r6_mse_sigma1_lr0.1,66,ok,,2.186179305338997,8.029532050823885,0.06658193285284697,0.019242178594472775,6f4599f803588363f7f3f06a30082972087391773f80fd6d7eb3eadc6484859e,ff013eda1d426d67006a334f6583897c614d689f5823b14c442be63e78bb3962,46ec6552ea8abd2c67a85ebf993bb74a1984e0f557904f8a35ae4eb6d2b596da,922c88498695bd4cd2bce85cb58cec5948b0b2180f15c65c83fd8961fa62e3fc,0.44460791698656976
6,mse,1,0.1,0.9,112,r6_mse_sigma1_lr0.1,66,ok,,1.8087095892999634,7.466388562101882,0.08815918711878522,0.025918801012922852,23158049f8a287709543a55b89f8943218b08cba397a67e034633640e70c99f6,3dd0b47c3c1ce23069083c16d0c2272714da54db5025db5646fd1228b010a5e8,b0126d22db14df8032614d0be237f7ba7f8faae015df79310d48a47a7e019709,4f0dfaf22fde2be953d09f6d5e1d430f855a074012b1744b4581503ac11ff36c,0.440519166062586
6,mse,1,0.1,0.9,113,r6_mse_sigma1_lr0.1,66,ok,,0.49069672627850747,6.059216742279212,0.4089045726471182,0.12430699008472393,1130bcd06d370ab57f1bc3a67409c755b267648b80a0f46e840060bb010d3ab8,db95c591d5ad7a1f08531cf0e04985b931fc730f28e8ed47b8c7c5d8ecd8db0c,494a09d0cb32c8fd575150abd91ad12074451b075c550159cd5a0edda3ce9c1b,191c09e53d0a687f6cad40fa2d14867ca63354cc5fb8b3e5cd829abf5c3cde96,0.4505066249985248
6,mse,1,0.1,0.9,114,r6_mse_sigma1_lr0.1,66,ok,,1.516594634333884,7.1482155243446615,0.14584761367104912,0.043025046032959494,c8a7a565f4c34afcedf377bd8a33aee023bbafec99430b278d5183f906311b3e,52ceac77e1e0c99a5de90b23d52d3e2f15eb08da92d5b6842d3e92834a138f22,9fc9306ab4737b5804dc59a07264243c6abc622ca16efa0cd4d6bddf38b05e36,3e40fb00f0d7336f12289747d25109e06baa7865eaf0c7dd6f89a85970ed7fd9,0.4816593329887837
6,mse,1,0.1,0.9,115,r6_mse_sigma1_lr0.1,66,ok,,3.013714281545563,8.62431582321708,0.07944742290280116,0.023754779447937545,21e3187a25ce542a7fda12331f6df5573b7aa9cfb19c4d6a1242f48e9ab77257,c3a0cabd7487508470d585545f7b6a856897b0410105302f1b4d5c12944c190d,fae9b80b4b9bbecd172da441f7a298732dc4ec9c5fd56650a16ee48bf4f2164a,bc1fd3ebe710245a2b56359c12a723983a1561bde63e3b0b4bb20f0fbc68479e,0.45689516700804234
6,mse,1,0.1,0.9,116,r6_mse_sigma1_lr0.1,66,ok,,2.066347236698511,7.776062080564588,0.05301789988302119,0.016170459464321465,b240340bda42b13e461b839e854e8931eb9b197c11fad589d1f07877b5a6c105,0d285e8573294ff0f8d626c9d7c79b1ffa6d14fb3071ba7be902aa48627a1c7e,67eaeaae05cc33550f061649f99bb92951375c55491458d36e2f1c224114a8b1,9cd885e5773e1a61573e6e4ab8e32f5435362a42796d8eff0025ba8c01455816,0.43971833295654505
6,mse,1,0.1,0.9,117,r6_mse_sigma1_lr0.1,66,ok,,1.8812367186491379,7.584148598755004,0.07632312886041757,0.0225916461426836,2ff937c83d36f7b3a5406c91e8755c50ce932575e34db68925452587b0ab77d6,32821079a74fe63f445d951a557ad18447fced01821fc77b6b8d137d2fe48881,6d2e8203ab09f7481803ba6cac1d0fef11989f0d29cc5ddaeca62054fed6f238,402a25298a9acbc5abce157f274c26389cdb90f04be171fa07ccd19e6af98b90,0.4082046669209376
6,mse,1,0.1,0.9,118,r6_mse_sigma1_lr0.1,66,ok,,1.5328590810040248,7.250072351810648,0.08780300406272648,0.025199462166002502,f9372f8f74b3a18b86f9a9dd960278381003e836073cde71119d3b892dde9434,ffdd2708cda2855a18fd4a81398631fadb59f1610b8dd3d36eefe8f678572c16,3672d037714419789c221c8c7564a09d4bd2e60bbf08a0fa3cd13f9a40a45c57,cbba1f67e2c26a1f241163d14c4d955aa93c178f38e5f65ab484b62775596dbb,0.5049615419702604
6,mse,1,0.1,0.9,119,r6_mse_sigma1_lr0.1,66,ok,,1.6695146433196295,7.285241443826291,0.09650693150682742,0.02846954479451409,9cc5a5818d004f0f1492c246ba3ab8685b2df3f7dfd15cdf113ebebec42d8dee,01bf4e2b10f88360652600d185a9d719f05502f25f089d70da96eafa7fe4dfe3,a56289775eec0ce432a321db146cf9b88569ccab3daaa3aefaeb57ea0050cb73,f94f9210ef1ff1dfbe682a6006a492d2d383f30e3f71941cdb5c0b2c8319d6f5,0.6199273749953136
6,mse,1,0.1,0.9,120,r6_mse_sigma1_lr0.1,66,ok,,1.9678823592821972,7.606155731212442,0.15604191619666904,0.045876323361820695,69e5aaf107b63f46b6b057dfe99d3189e4f485b9649136f1718f398f646e43c6,dff4b17a330f664ec4d31f507c7603e7842ac94d65226c760d6e78cfa953aeb7,be8ede604a893ee87034e6fb596cea91ea3be8f191d448807bebae1ef6fbfe79,4939936f888881fec7dcaaa22bdc939f3e13b0069e4581c8b191c627c7ad6d41,0.7037299999501556
6,mse,1,0.2,0.9,111,r6_mse_sigma1_lr0.2,66,ok,,1.5774092392416499,7.398831479201801,0.10764764975950235,0.03111017078049618,6f4599f803588363f7f3f06a30082972087391773f80fd6d7eb3eadc6484859e,ff013eda1d426d67006a334f6583897c614d689f5823b14c442be63e78bb3962,46ec6552ea8abd2c67a85ebf993bb74a1984e0f557904f8a35ae4eb6d2b596da,922c88498695bd4cd2bce85cb58cec5948b0b2180f15c65c83fd8961fa62e3fc,0.7418148340657353
6,mse,1,0.2,0.9,112,r6_mse_sigma1_lr0.2,66,ok,,1.887867373762747,7.500914989407449,0.06058790630678394,0.01781284445419448,23158049f8a287709543a55b89f8943218b08cba397a67e034633640e70c99f6,3dd0b47c3c1ce23069083c16d0c2272714da54db5025db5646fd1228b010a5e8,b0126d22db14df8032614d0be237f7ba7f8faae015df79310d48a47a7e019709,4f0dfaf22fde2be953d09f6d5e1d430f855a074012b1744b4581503ac11ff36c,0.7033153750235215
6,mse,1,0.2,0.9,113,r6_mse_sigma1_lr0.2,66,ok,,1.7921933614435648,7.371982891494835,0.07952077276753884,0.024174314921331805,1130bcd06d370ab57f1bc3a67409c755b267648b80a0f46e840060bb010d3ab8,db95c591d5ad7a1f08531cf0e04985b931fc730f28e8ed47b8c7c5d8ecd8db0c,494a09d0cb32c8fd575150abd91ad12074451b075c550159cd5a0edda3ce9c1b,191c09e53d0a687f6cad40fa2d14867ca63354cc5fb8b3e5cd829abf5c3cde96,0.7119914999930188
6,mse,1,0.2,0.9,114,r6_mse_sigma1_lr0.2,66,ok,,1.611859720751616,7.264148453977937,0.08037213582214209,0.023709780067531917,c8a7a565f4c34afcedf377bd8a33aee023bbafec99430b278d5183f906311b3e,52ceac77e1e0c99a5de90b23d52d3e2f15eb08da92d5b6842d3e92834a138f22,9fc9306ab4737b5804dc59a07264243c6abc622ca16efa0cd4d6bddf38b05e36,3e40fb00f0d7336f12289747d25109e06baa7865eaf0c7dd6f89a85970ed7fd9,1.6112658339552581
6,mse,1,0.2,0.9,115,r6_mse_sigma1_lr0.2,66,ok,,2.354733023096302,7.921014335449856,0.21805780305148056,0.06519928311239269,21e3187a25ce542a7fda12331f6df5573b7aa9cfb19c4d6a1242f48e9ab77257,c3a0cabd7487508470d585545f7b6a856897b0410105302f1b4d5c12944c190d,fae9b80b4b9bbecd172da441f7a298732dc4ec9c5fd56650a16ee48bf4f2164a,bc1fd3ebe710245a2b56359c12a723983a1561bde63e3b0b4bb20f0fbc68479e,1.602591707953252
6,mse,1,0.2,0.9,116,r6_mse_sigma1_lr0.2,66,ok,,2.340831009488781,8.10010267353245,0.10263254194126585,0.03130292529208609,b240340bda42b13e461b839e854e8931eb9b197c11fad589d1f07877b5a6c105,0d285e8573294ff0f8d626c9d7c79b1ffa6d14fb3071ba7be902aa48627a1c7e,67eaeaae05cc33550f061649f99bb92951375c55491458d36e2f1c224114a8b1,9cd885e5773e1a61573e6e4ab8e32f5435362a42796d8eff0025ba8c01455816,1.4989528339356184
6,mse,1,0.2,0.9,117,r6_mse_sigma1_lr0.2,66,ok,,1.8802461769489072,7.5735680765087,0.07424440897318106,0.021976345056061594,2ff937c83d36f7b3a5406c91e8755c50ce932575e34db68925452587b0ab77d6,32821079a74fe63f445d951a557ad18447fced01821fc77b6b8d137d2fe48881,6d2e8203ab09f7481803ba6cac1d0fef11989f0d29cc5ddaeca62054fed6f238,402a25298a9acbc5abce157f274c26389cdb90f04be171fa07ccd19e6af98b90,0.44887854100670666
6,mse,1,0.2,0.9,118,r6_mse_sigma1_lr0.2,66,ok,,1.6603242253497663,7.369793042194949,0.0774975779980937,0.022241804885452892,f9372f8f74b3a18b86f9a9dd960278381003e836073cde71119d3b892dde9434,ffdd2708cda2855a18fd4a81398631fadb59f1610b8dd3d36eefe8f678572c16,3672d037714419789c221c8c7564a09d4bd2e60bbf08a0fa3cd13f9a40a45c57,cbba1f67e2c26a1f241163d14c4d955aa93c178f38e5f65ab484b62775596dbb,0.46023770794272423
6,mse,1,0.2,0.9,119,r6_mse_sigma1_lr0.2,66,ok,,2.207092719473513,7.818575643135278,0.08476142425414308,0.025004620154972207,9cc5a5818d004f0f1492c246ba3ab8685b2df3f7dfd15cdf113ebebec42d8dee,01bf4e2b10f88360652600d185a9d719f05502f25f089d70da96eafa7fe4dfe3,a56289775eec0ce432a321db146cf9b88569ccab3daaa3aefaeb57ea0050cb73,f94f9210ef1ff1dfbe682a6006a492d2d383f30e3f71941cdb5c0b2c8319d6f5,0.5009086250793189
6,mse,1,0.2,0.9,120,r6_mse_sigma1_lr0.2,66,ok,,1.5437275921345717,7.201763481351984,0.10838813591277777,0.03186611195835667,69e5aaf107b63f46b6b057dfe99d3189e4f485b9649136f1718f398f646e43c6,dff4b17a330f664ec4d31f507c7603e7842ac94d65226c760d6e78cfa953aeb7,be8ede604a893ee87034e6fb596cea91ea3be8f191d448807bebae1ef6fbfe79,4939936f888881fec7dcaaa22bdc939f3e13b0069e4581c8b191c627c7ad6d41,0.5778310419991612
6,parity,0.75,0.02,0.9,111,r6_parity_sigma0.75_lr0.02,66,ok,,0.5315324952271114,6.297683373869246,0.43638289977456796,0.12611465803485014,6f4599f803588363f7f3f06a30082972087391773f80fd6d7eb3eadc6484859e,ff013eda1d426d67006a334f6583897c614d689f5823b14c442be63e78bb3962,8fab7eb1dfc2006c517c0e7e9e69f75a99f3dc01832c43b11c9ba40c9bcd6823,922c88498695bd4cd2bce85cb58cec5948b0b2180f15c65c83fd8961fa62e3fc,0.5974401660496369
6,parity,0.75,0.02,0.9,112,r6_parity_sigma0.75_lr0.02,66,ok,,0.437427013327949,6.07459848003115,0.4272301336796578,0.12560565930181938,23158049f8a287709543a55b89f8943218b08cba397a67e034633640e70c99f6,3dd0b47c3c1ce23069083c16d0c2272714da54db5025db5646fd1228b010a5e8,02f04c05a341d11e3b57c54926b2dbae6a2e489c24a16657054478fda872ca64,4f0dfaf22fde2be953d09f6d5e1d430f855a074012b1744b4581503ac11ff36c,0.6604318328900263
6,parity,0.75,0.02,0.9,113,r6_parity_sigma0.75_lr0.02,66,ok,,0.47305479827324,6.090014028893686,0.42210422755645977,0.12831968517716377,1130bcd06d370ab57f1bc3a67409c755b267648b80a0f46e840060bb010d3ab8,db95c591d5ad7a1f08531cf0e04985b931fc730f28e8ed47b8c7c5d8ecd8db0c,1d1668fc7ae6e962f5f3b23083b5cf8c2778125e6999c83b21749b59535e825c,191c09e53d0a687f6cad40fa2d14867ca63354cc5fb8b3e5cd829abf5c3cde96,0.7210306249326095
6,parity,0.75,0.02,0.9,114,r6_parity_sigma0.75_lr0.02,66,ok,,0.5181231817140655,6.2224928884497945,0.38217112029377276,0.11274048048666296,c8a7a565f4c34afcedf377bd8a33aee023bbafec99430b278d5183f906311b3e,52ceac77e1e0c99a5de90b23d52d3e2f15eb08da92d5b6842d3e92834a138f22,38002117c0ffdb4a9624b0cd256b65181fc12e3321756df0d82b3aabebebd605,3e40fb00f0d7336f12289747d25109e06baa7865eaf0c7dd6f89a85970ed7fd9,0.7128471669275314
6,parity,0.75,0.02,0.9,115,r6_parity_sigma0.75_lr0.02,66,ok,,0.6137480554338368,6.185423317993922,0.4258079137796598,0.12731656622011828,21e3187a25ce542a7fda12331f6df5573b7aa9cfb19c4d6a1242f48e9ab77257,c3a0cabd7487508470d585545f7b6a856897b0410105302f1b4d5c12944c190d,20e1afcba9533c9a3cd05a6d7e63f13cc97f4d348c142d7f72917f8929ca02eb,bc1fd3ebe710245a2b56359c12a723983a1561bde63e3b0b4bb20f0fbc68479e,0.6288641249993816
6,parity,0.75,0.02,0.9,116,r6_parity_sigma0.75_lr0.02,66,ok,,0.5236165796733722,6.164833907144049,0.38031081962664626,0.1159947999861271,b240340bda42b13e461b839e854e8931eb9b197c11fad589d1f07877b5a6c105,0d285e8573294ff0f8d626c9d7c79b1ffa6d14fb3071ba7be902aa48627a1c7e,a927dd1c515d66a61fb11e1c948c7e8042e5cfedc1c4b8d5dca9f3be9e46a7b7,9cd885e5773e1a61573e6e4ab8e32f5435362a42796d8eff0025ba8c01455816,0.6124122909968719
6,parity,0.75,0.02,0.9,117,r6_parity_sigma0.75_lr0.02,66,ok,,0.4803387946888461,6.133277379303745,0.41474099024215066,0.1227633331116766,2ff937c83d36f7b3a5406c91e8755c50ce932575e34db68925452587b0ab77d6,32821079a74fe63f445d951a557ad18447fced01821fc77b6b8d137d2fe48881,b828baff1fb9f67c70b6dbea3cba487e81abd07d2e9720c22549cc121a9cf9ad,402a25298a9acbc5abce157f274c26389cdb90f04be171fa07ccd19e6af98b90,0.6269175830530003
6,parity,0.75,0.02,0.9,118,r6_parity_sigma0.75_lr0.02,66,ok,,0.48424050925191275,6.220984003431342,0.4210855386683022,0.12085154959780273,f9372f8f74b3a18b86f9a9dd960278381003e836073cde71119d3b892dde9434,ffdd2708cda2855a18fd4a81398631fadb59f1610b8dd3d36eefe8f678572c16,605f62e239322f5313d845a2d699f250ce6a7e0825aa8e661c4d9f8dc5f782d9,cbba1f67e2c26a1f241163d14c4d955aa93c178f38e5f65ab484b62775596dbb,0.6686418330064043
6,parity,0.75,0.02,0.9,119,r6_parity_sigma0.75_lr0.02,66,ok,,0.4929677753153882,6.113285311433523,0.3817395901313448,0.1126131790887467,9cc5a5818d004f0f1492c246ba3ab8685b2df3f7dfd15cdf113ebebec42d8dee,01bf4e2b10f88360652600d185a9d719f05502f25f089d70da96eafa7fe4dfe3,ca428a2d600b7cd0b47722decaa3f8e1a32769793f46a3ced6ba5f9ab631e1f2,f94f9210ef1ff1dfbe682a6006a492d2d383f30e3f71941cdb5c0b2c8319d6f5,0.6638090000487864
6,parity,0.75,0.02,0.9,120,r6_parity_sigma0.75_lr0.02,66,ok,,0.41039689625900805,6.104743938273353,0.4631394152406877,0.1361629880807622,69e5aaf107b63f46b6b057dfe99d3189e4f485b9649136f1718f398f646e43c6,dff4b17a330f664ec4d31f507c7603e7842ac94d65226c760d6e78cfa953aeb7,5604d0b01aa38439978ff828fd8b23f34f58aaa29f9fc4cf46c8f2889862d932,4939936f888881fec7dcaaa22bdc939f3e13b0069e4581c8b191c627c7ad6d41,0.6289188329828903
6,parity,0.75,0.05,0.9,111,r6_parity_sigma0.75_lr0.05,66,ok,,0.44550170605551553,6.2226420710777886,0.4200982219302097,0.1214083861378306,6f4599f803588363f7f3f06a30082972087391773f80fd6d7eb3eadc6484859e,ff013eda1d426d67006a334f6583897c614d689f5823b14c442be63e78bb3962,8fab7eb1dfc2006c517c0e7e9e69f75a99f3dc01832c43b11c9ba40c9bcd6823,922c88498695bd4cd2bce85cb58cec5948b0b2180f15c65c83fd8961fa62e3fc,0.6704121670918539
6,parity,0.75,0.05,0.9,112,r6_parity_sigma0.75_lr0.05,66,ok,,0.3616421063028072,6.022588169483107,0.430501805352552,0.1265675307736503,23158049f8a287709543a55b89f8943218b08cba397a67e034633640e70c99f6,3dd0b47c3c1ce23069083c16d0c2272714da54db5025db5646fd1228b010a5e8,02f04c05a341d11e3b57c54926b2dbae6a2e489c24a16657054478fda872ca64,4f0dfaf22fde2be953d09f6d5e1d430f855a074012b1744b4581503ac11ff36c,0.6492679580114782
6,parity,0.75,0.05,0.9,113,r6_parity_sigma0.75_lr0.05,66,ok,,0.4742325287864033,6.095977131541618,0.41590245570708156,0.1264343465349528,1130bcd06d370ab57f1bc3a67409c755b267648b80a0f46e840060bb010d3ab8,db95c591d5ad7a1f08531cf0e04985b931fc730f28e8ed47b8c7c5d8ecd8db0c,1d1668fc7ae6e962f5f3b23083b5cf8c2778125e6999c83b21749b59535e825c,191c09e53d0a687f6cad40fa2d14867ca63354cc5fb8b3e5cd829abf5c3cde96,0.6636860420694575
6,parity,0.75,0.05,0.9,114,r6_parity_sigma0.75_lr0.05,66,ok,,0.46802163210720904,6.130521261258505,0.4046827615386499,0.11938141465390172,c8a7a565f4c34afcedf377bd8a33aee023bbafec99430b278d5183f906311b3e,52ceac77e1e0c99a5de90b23d52d3e2f15eb08da92d5b6842d3e92834a138f22,38002117c0ffdb4a9624b0cd256b65181fc12e3321756df0d82b3aabebebd605,3e40fb00f0d7336f12289747d25109e06baa7865eaf0c7dd6f89a85970ed7fd9,0.594322583056055
6,parity,0.75,0.05,0.9,115,r6_parity_sigma0.75_lr0.05,66,ok,,0.5481419018474758,6.105847539629105,0.3874967126270472,0.11586151707548711,21e3187a25ce542a7fda12331f6df5573b7aa9cfb19c4d6a1242f48e9ab77257,c3a0cabd7487508470d585545f7b6a856897b0410105302f1b4d5c12944c190d,20e1afcba9533c9a3cd05a6d7e63f13cc97f4d348c142d7f72917f8929ca02eb,bc1fd3ebe710245a2b56359c12a723983a1561bde63e3b0b4bb20f0fbc68479e,0.5734221671009436
6,parity,0.75,0.05,0.9,116,r6_parity_sigma0.75_lr0.05,66,ok,,0.41882954836235603,6.110118280605138,0.41264173788768255,0.1258557300557432,b240340bda42b13e461b839e854e8931eb9b197c11fad589d1f07877b5a6c105,0d285e8573294ff0f8d626c9d7c79b1ffa6d14fb3071ba7be902aa48627a1c7e,a927dd1c515d66a61fb11e1c948c7e8042e5cfedc1c4b8d5dca9f3be9e46a7b7,9cd885e5773e1a61573e6e4ab8e32f5435362a42796d8eff0025ba8c01455816,0.5759679999900982
6,parity,0.75,0.05,0.9,117,r6_parity_sigma0.75_lr0.05,66,ok,,0.432652913253892,6.111959206423255,0.4356038912091113,0.12893875179789693,2ff937c83d36f7b3a5406c91e8755c50ce932575e34db68925452587b0ab77d6,32821079a74fe63f445d951a557ad18447fced01821fc77b6b8d137d2fe48881,b828baff1fb9f67c70b6dbea3cba487e81abd07d2e9720c22549cc121a9cf9ad,402a25298a9acbc5abce157f274c26389cdb90f04be171fa07ccd19e6af98b90,0.5684825000353158
6,parity,0.75,0.05,0.9,118,r6_parity_sigma0.75_lr0.05,66,ok,,0.4861958658250435,6.24789357966778,0.4181122846971892,0.1199982257080933,f9372f8f74b3a18b86f9a9dd960278381003e836073cde71119d3b892dde9434,ffdd2708cda2855a18fd4a81398631fadb59f1610b8dd3d36eefe8f678572c16,605f62e239322f5313d845a2d699f250ce6a7e0825aa8e661c4d9f8dc5f782d9,cbba1f67e2c26a1f241163d14c4d955aa93c178f38e5f65ab484b62775596dbb,0.5775402499129996
6,parity,0.75,0.05,0.9,119,r6_parity_sigma0.75_lr0.05,66,ok,,0.5360779685349452,6.163664869103041,0.39644977424321354,0.11695268340174798,9cc5a5818d004f0f1492c246ba3ab8685b2df3f7dfd15cdf113ebebec42d8dee,01bf4e2b10f88360652600d185a9d719f05502f25f089d70da96eafa7fe4dfe3,ca428a2d600b7cd0b47722decaa3f8e1a32769793f46a3ced6ba5f9ab631e1f2,f94f9210ef1ff1dfbe682a6006a492d2d383f30e3f71941cdb5c0b2c8319d6f5,0.5545605829684064
6,parity,0.75,0.05,0.9,120,r6_parity_sigma0.75_lr0.05,66,ok,,0.37591524432069023,6.0583700282793105,0.4600895047183861,0.13526631438720552,69e5aaf107b63f46b6b057dfe99d3189e4f485b9649136f1718f398f646e43c6,dff4b17a330f664ec4d31f507c7603e7842ac94d65226c760d6e78cfa953aeb7,5604d0b01aa38439978ff828fd8b23f34f58aaa29f9fc4cf46c8f2889862d932,4939936f888881fec7dcaaa22bdc939f3e13b0069e4581c8b191c627c7ad6d41,0.5950045000063255
6,parity,0.75,0.1,0.9,111,r6_parity_sigma0.75_lr0.1,66,ok,,1.4838716918165205,7.309762996661266,0.12036228666229061,0.034784700845401986,6f4599f803588363f7f3f06a30082972087391773f80fd6d7eb3eadc6484859e,ff013eda1d426d67006a334f6583897c614d689f5823b14c442be63e78bb3962,8fab7eb1dfc2006c517c0e7e9e69f75a99f3dc01832c43b11c9ba40c9bcd6823,922c88498695bd4cd2bce85cb58cec5948b0b2180f15c65c83fd8961fa62e3fc,0.6359983339207247
6,parity,0.75,0.1,0.9,112,r6_parity_sigma0.75_lr0.1,66,ok,,1.4925833980117909,7.118411956180059,0.22997696395143272,0.06761322740172122,23158049f8a287709543a55b89f8943218b08cba397a67e034633640e70c99f6,3dd0b47c3c1ce23069083c16d0c2272714da54db5025db5646fd1228b010a5e8,02f04c05a341d11e3b57c54926b2dbae6a2e489c24a16657054478fda872ca64,4f0dfaf22fde2be953d09f6d5e1d430f855a074012b1744b4581503ac11ff36c,0.6262226660037413
6,parity,0.75,0.1,0.9,113,r6_parity_sigma0.75_lr0.1,66,ok,,1.4786736135638479,6.992960380532101,0.15184246375225738,0.04616010898068624,1130bcd06d370ab57f1bc3a67409c755b267648b80a0f46e840060bb010d3ab8,db95c591d5ad7a1f08531cf0e04985b931fc730f28e8ed47b8c7c5d8ecd8db0c,1d1668fc7ae6e962f5f3b23083b5cf8c2778125e6999c83b21749b59535e825c,191c09e53d0a687f6cad40fa2d14867ca63354cc5fb8b3e5cd829abf5c3cde96,0.5844118340173736
6,parity,0.75,0.1,0.9,114,r6_parity_sigma0.75_lr0.1,66,ok,,1.357050880542192,7.001127967607199,0.21275589772248368,0.06276298982813269,c8a7a565f4c34afcedf377bd8a33aee023bbafec99430b278d5183f906311b3e,52ceac77e1e0c99a5de90b23d52d3e2f15eb08da92d5b6842d3e92834a138f22,38002117c0ffdb4a9624b0cd256b65181fc12e3321756df0d82b3aabebebd605,3e40fb00f0d7336f12289747d25109e06baa7865eaf0c7dd6f89a85970ed7fd9,0.5583599579986185
6,parity,0.75,0.1,0.9,115,r6_parity_sigma0.75_lr0.1,66,ok,,2.0705436974415816,7.679191341780614,0.11248209557920093,0.03363214657818108,21e3187a25ce542a7fda12331f6df5573b7aa9cfb19c4d6a1242f48e9ab77257,c3a0cabd7487508470d585545f7b6a856897b0410105302f1b4d5c12944c190d,20e1afcba9533c9a3cd05a6d7e63f13cc97f4d348c142d7f72917f8929ca02eb,bc1fd3ebe710245a2b56359c12a723983a1561bde63e3b0b4bb20f0fbc68479e,0.5586288750637323
6,parity,0.75,0.1,0.9,116,r6_parity_sigma0.75_lr0.1,66,ok,,0.4326124822739907,6.089793863947825,0.39224165240275444,0.11963370398284011,b240340bda42b13e461b839e854e8931eb9b197c11fad589d1f07877b5a6c105,0d285e8573294ff0f8d626c9d7c79b1ffa6d14fb3071ba7be902aa48627a1c7e,a927dd1c515d66a61fb11e1c948c7e8042e5cfedc1c4b8d5dca9f3be9e46a7b7,9cd885e5773e1a61573e6e4ab8e32f5435362a42796d8eff0025ba8c01455816,0.6055044999811798
6,parity,0.75,0.1,0.9,117,r6_parity_sigma0.75_lr0.1,66,ok,,1.6946791916605886,7.372983160681853,0.12048784515085305,0.0356644021646525,2ff937c83d36f7b3a5406c91e8755c50ce932575e34db68925452587b0ab77d6,32821079a74fe63f445d951a557ad18447fced01821fc77b6b8d137d2fe48881,b828baff1fb9f67c70b6dbea3cba487e81abd07d2e9720c22549cc121a9cf9ad,402a25298a9acbc5abce157f274c26389cdb90f04be171fa07ccd19e6af98b90,0.6048272090265527
6,parity,0.75,0.1,0.9,118,r6_parity_sigma0.75_lr0.1,66,ok,,1.4555372604851402,7.15737426258377,0.17091684584780822,0.04905313475832096,f9372f8f74b3a18b86f9a9dd960278381003e836073cde71119d3b892dde9434,ffdd2708cda2855a18fd4a81398631fadb59f1610b8dd3d36eefe8f678572c16,605f62e239322f5313d845a2d699f250ce6a7e0825aa8e661c4d9f8dc5f782d9,cbba1f67e2c26a1f241163d14c4d955aa93c178f38e5f65ab484b62775596dbb,0.6003560830140486
6,parity,0.75,0.1,0.9,119,r6_parity_sigma0.75_lr0.1,66,ok,,1.7638028696969466,7.3898921143902845,0.14824047722621594,0.04373094078173371,9cc5a5818d004f0f1492c246ba3ab8685b2df3f7dfd15cdf113ebebec42d8dee,01bf4e2b10f88360652600d185a9d719f05502f25f089d70da96eafa7fe4dfe3,ca428a2d600b7cd0b47722decaa3f8e1a32769793f46a3ced6ba5f9ab631e1f2,f94f9210ef1ff1dfbe682a6006a492d2d383f30e3f71941cdb5c0b2c8319d6f5,0.5526103749871254
6,parity,0.75,0.1,0.9,120,r6_parity_sigma0.75_lr0.1,66,ok,,1.4309665968448493,7.091553626784691,0.18994320962569003,0.05584330362995287,69e5aaf107b63f46b6b057dfe99d3189e4f485b9649136f1718f398f646e43c6,dff4b17a330f664ec4d31f507c7603e7842ac94d65226c760d6e78cfa953aeb7,5604d0b01aa38439978ff828fd8b23f34f58aaa29f9fc4cf46c8f2889862d932,4939936f888881fec7dcaaa22bdc939f3e13b0069e4581c8b191c627c7ad6d41,0.5768601669697091
6,parity,1.5,0.02,0.9,111,r6_parity_sigma1.5_lr0.02,66,ok,,0.5452111255083636,6.281710217526476,0.4273366743483966,0.12350029888668662,6f4599f803588363f7f3f06a30082972087391773f80fd6d7eb3eadc6484859e,ff013eda1d426d67006a334f6583897c614d689f5823b14c442be63e78bb3962,67b60cddad9992cfa81f180c3480804f7e4e2d5fea8ce037026850ea623a812c,922c88498695bd4cd2bce85cb58cec5948b0b2180f15c65c83fd8961fa62e3fc,0.5356407089857385
6,parity,1.5,0.02,0.9,112,r6_parity_sigma1.5_lr0.02,66,ok,,0.5061980507276007,6.140362529869604,0.41168573321179747,0.12103560556426846,23158049f8a287709543a55b89f8943218b08cba397a67e034633640e70c99f6,3dd0b47c3c1ce23069083c16d0c2272714da54db5025db5646fd1228b010a5e8,08195a2e278dd7d3f73edff8cb0cd59b9e3c01f2ecd4759831f27ea671160f7d,4f0dfaf22fde2be953d09f6d5e1d430f855a074012b1744b4581503ac11ff36c,0.5614163330756128
6,parity,1.5,0.02,0.9,113,r6_parity_sigma1.5_lr0.02,66,ok,,0.5406663947859691,6.1506470141465295,0.42123316925486354,0.1280548834534785,1130bcd06d370ab57f1bc3a67409c755b267648b80a0f46e840060bb010d3ab8,db95c591d5ad7a1f08531cf0e04985b931fc730f28e8ed47b8c7c5d8ecd8db0c,7f2ebd4ddebba924fb14fcb366e6524e24b6142ac00ae0feea8eda944dc8a4ac,191c09e53d0a687f6cad40fa2d14867ca63354cc5fb8b3e5cd829abf5c3cde96,0.5994967079022899
6,parity,1.5,0.02,0.9,114,r6_parity_sigma1.5_lr0.02,66,ok,,0.6500104918095393,6.333044340591889,0.4171429394613428,0.12305716714109613,c8a7a565f4c34afcedf377bd8a33aee023bbafec99430b278d5183f906311b3e,52ceac77e1e0c99a5de90b23d52d3e2f15eb08da92d5b6842d3e92834a138f22,b7c652fbaa646fcdac14bd4d9b7de60408da1e8e29b91c1a191a4f0e046a11be,3e40fb00f0d7336f12289747d25109e06baa7865eaf0c7dd6f89a85970ed7fd9,0.6064642500132322
6,parity,1.5,0.02,0.9,115,r6_parity_sigma1.5_lr0.02,66,ok,,0.45467343838416857,6.063722015539246,0.4188447328100277,0.12523457511019828,21e3187a25ce542a7fda12331f6df5573b7aa9cfb19c4d6a1242f48e9ab77257,c3a0cabd7487508470d585545f7b6a856897b0410105302f1b4d5c12944c190d,e32313a9f78ef4a2dffaa9053f9f0da03818599b0388cb974485a6d6b6e5f463,bc1fd3ebe710245a2b56359c12a723983a1561bde63e3b0b4bb20f0fbc68479e,0.6663921669824049
6,parity,1.5,0.02,0.9,116,r6_parity_sigma1.5_lr0.02,66,ok,,0.6052262948943428,6.2639346924094585,0.4265500918283667,0.13009777800765185,b240340bda42b13e461b839e854e8931eb9b197c11fad589d1f07877b5a6c105,0d285e8573294ff0f8d626c9d7c79b1ffa6d14fb3071ba7be902aa48627a1c7e,117a2e8a7c30ff5fbe89055ac777ab987c0462d85cd489bca67880d0c351db18,9cd885e5773e1a61573e6e4ab8e32f5435362a42796d8eff0025ba8c01455816,0.6765410830266774
6,parity,1.5,0.02,0.9,117,r6_parity_sigma1.5_lr0.02,66,ok,,0.458000168224084,6.067782767138206,0.4317284226781081,0.12779161311272,2ff937c83d36f7b3a5406c91e8755c50ce932575e34db68925452587b0ab77d6,32821079a74fe63f445d951a557ad18447fced01821fc77b6b8d137d2fe48881,c6f804c286be88c37cc667fceb6bd5e2160436b4533aeb70df06dce1e584f66b,402a25298a9acbc5abce157f274c26389cdb90f04be171fa07ccd19e6af98b90,0.6621348750777543
6,parity,1.5,0.02,0.9,118,r6_parity_sigma1.5_lr0.02,66,ok,,0.48087919618719077,6.211953128149167,0.4480770172566339,0.12859810395265392,f9372f8f74b3a18b86f9a9dd960278381003e836073cde71119d3b892dde9434,ffdd2708cda2855a18fd4a81398631fadb59f1610b8dd3d36eefe8f678572c16,24b0dff50f07ab642e83c5f2cf3e49b0b52d2361d77ab3860f9a3f34d2cb38df,cbba1f67e2c26a1f241163d14c4d955aa93c178f38e5f65ab484b62775596dbb,0.5936707920627668
6,parity,1.5,0.02,0.9,119,r6_parity_sigma1.5_lr0.02,66,ok,,0.6218877124223812,6.232940454300922,0.4352594974613948,0.12840155175111148,9cc5a5818d004f0f1492c246ba3ab8685b2df3f7dfd15cdf113ebebec42d8dee,01bf4e2b10f88360652600d185a9d719f05502f25f089d70da96eafa7fe4dfe3,65ff05a0f1f30b9e24fc1c071aaceb22366a9bbcd62b0f8edde086418c47a3a9,f94f9210ef1ff1dfbe682a6006a492d2d383f30e3f71941cdb5c0b2c8319d6f5,0.5561323330039158
6,parity,1.5,0.02,0.9,120,r6_parity_sigma1.5_lr0.02,66,ok,,0.5060170515621198,6.154092858450447,0.4580509945235536,0.13466699238992474,69e5aaf107b63f46b6b057dfe99d3189e4f485b9649136f1718f398f646e43c6,dff4b17a330f664ec4d31f507c7603e7842ac94d65226c760d6e78cfa953aeb7,bf0aa42ee9e23f8b99bf07a7ef8a47d9239e7611761290845cc844c92a0956f3,4939936f888881fec7dcaaa22bdc939f3e13b0069e4581c8b191c627c7ad6d41,0.585064125014469
6,parity,1.5,0.05,0.9,111,r6_parity_sigma1.5_lr0.05,66,ok,,0.5119166039283877,6.303506480226213,0.41722966600220823,0.12057937347463818,6f4599f803588363f7f3f06a30082972087391773f80fd6d7eb3eadc6484859e,ff013eda1d426d67006a334f6583897c614d689f5823b14c442be63e78bb3962,67b60cddad9992cfa81f180c3480804f7e4e2d5fea8ce037026850ea623a812c,922c88498695bd4cd2bce85cb58cec5948b0b2180f15c65c83fd8961fa62e3fc,0.8186909590149298
6,parity,1.5,0.05,0.9,112,r6_parity_sigma1.5_lr0.05,66,ok,,0.44647340927361256,6.0796992950629285,0.41616480332481504,0.12235245217749562,23158049f8a287709543a55b89f8943218b08cba397a67e034633640e70c99f6,3dd0b47c3c1ce23069083c16d0c2272714da54db5025db5646fd1228b010a5e8,08195a2e278dd7d3f73edff8cb0cd59b9e3c01f2ecd4759831f27ea671160f7d,4f0dfaf22fde2be953d09f6d5e1d430f855a074012b1744b4581503ac11ff36c,0.8401336249662563
6,parity,1.5,0.05,0.9,113,r6_parity_sigma1.5_lr0.05,66,ok,,0.5100762853438683,6.117341716524683,0.4102645821536551,0.12472043297471115,1130bcd06d370ab57f1bc3a67409c755b267648b80a0f46e840060bb010d3ab8,db95c591d5ad7a1f08531cf0e04985b931fc730f28e8ed47b8c7c5d8ecd8db0c,7f2ebd4ddebba924fb14fcb366e6524e24b6142ac00ae0feea8eda944dc8a4ac,191c09e53d0a687f6cad40fa2d14867ca63354cc5fb8b3e5cd829abf5c3cde96,0.8213671250268817
6,parity,1.5,0.05,0.9,114,r6_parity_sigma1.5_lr0.05,66,ok,,0.6475160951439908,6.336005157561372,0.4040474652259543,0.11919400224165652,c8a7a565f4c34afcedf377bd8a33aee023bbafec99430b278d5183f906311b3e,52ceac77e1e0c99a5de90b23d52d3e2f15eb08da92d5b6842d3e92834a138f22,b7c652fbaa646fcdac14bd4d9b7de60408da1e8e29b91c1a191a4f0e046a11be,3e40fb00f0d7336f12289747d25109e06baa7865eaf0c7dd6f89a85970ed7fd9,0.6194154580589384
6,parity,1.5,0.05,0.9,115,r6_parity_sigma1.5_lr0.05,66,ok,,0.45499381281348383,6.044433831367858,0.4119769871994152,0.12318111917262516,21e3187a25ce542a7fda12331f6df5573b7aa9cfb19c4d6a1242f48e9ab77257,c3a0cabd7487508470d585545f7b6a856897b0410105302f1b4d5c12944c190d,e32313a9f78ef4a2dffaa9053f9f0da03818599b0388cb974485a6d6b6e5f463,bc1fd3ebe710245a2b56359c12a723983a1561bde63e3b0b4bb20f0fbc68479e,0.614990875008516
6,parity,1.5,0.05,0.9,116,r6_parity_sigma1.5_lr0.05,66,ok,,0.41471181677088875,6.113463103871724,0.41935131357637645,0.12790215064079483,b240340bda42b13e461b839e854e8931eb9b197c11fad589d1f07877b5a6c105,0d285e8573294ff0f8d626c9d7c79b1ffa6d14fb3071ba7be902aa48627a1c7e,117a2e8a7c30ff5fbe89055ac777ab987c0462d85cd489bca67880d0c351db18,9cd885e5773e1a61573e6e4ab8e32f5435362a42796d8eff0025ba8c01455816,0.6245819589821622
6,parity,1.5,0.05,0.9,117,r6_parity_sigma1.5_lr0.05,66,ok,,0.5092089548757617,6.137759492346672,0.4271238788093804,0.1264286681275766,2ff937c83d36f7b3a5406c91e8755c50ce932575e34db68925452587b0ab77d6,32821079a74fe63f445d951a557ad18447fced01821fc77b6b8d137d2fe48881,c6f804c286be88c37cc667fceb6bd5e2160436b4533aeb70df06dce1e584f66b,402a25298a9acbc5abce157f274c26389cdb90f04be171fa07ccd19e6af98b90,0.6168277499964461
6,parity,1.5,0.05,0.9,118,r6_parity_sigma1.5_lr0.05,66,ok,,0.46416078499238367,6.1467161426981,0.44553212126031766,0.12786771880171116,f9372f8f74b3a18b86f9a9dd960278381003e836073cde71119d3b892dde9434,ffdd2708cda2855a18fd4a81398631fadb59f1610b8dd3d36eefe8f678572c16,24b0dff50f07ab642e83c5f2cf3e49b0b52d2361d77ab3860f9a3f34d2cb38df,cbba1f67e2c26a1f241163d14c4d955aa93c178f38e5f65ab484b62775596dbb,0.6049207919277251
6,parity,1.5,0.05,0.9,119,r6_parity_sigma1.5_lr0.05,66,ok,,0.5078915233218739,6.11544249331977,0.40695261751607187,0.1200510221672412,9cc5a5818d004f0f1492c246ba3ab8685b2df3f7dfd15cdf113ebebec42d8dee,01bf4e2b10f88360652600d185a9d719f05502f25f089d70da96eafa7fe4dfe3,65ff05a0f1f30b9e24fc1c071aaceb22366a9bbcd62b0f8edde086418c47a3a9,f94f9210ef1ff1dfbe682a6006a492d2d383f30e3f71941cdb5c0b2c8319d6f5,0.6384174169506878
6,parity,1.5,0.05,0.9,120,r6_parity_sigma1.5_lr0.05,66,ok,,0.5007441654452813,6.191228597475585,0.4391039148798898,0.1290965509746876,69e5aaf107b63f46b6b057dfe99d3189e4f485b9649136f1718f398f646e43c6,dff4b17a330f664ec4d31f507c7603e7842ac94d65226c760d6e78cfa953aeb7,bf0aa42ee9e23f8b99bf07a7ef8a47d9239e7611761290845cc844c92a0956f3,4939936f888881fec7dcaaa22bdc939f3e13b0069e4581c8b191c627c7ad6d41,0.6773120410507545
6,parity,1.5,0.1,0.9,111,r6_parity_sigma1.5_lr0.1,66,ok,,0.46166030699658767,6.233725084672078,0.4350963490129906,0.1257428448647543,6f4599f803588363f7f3f06a30082972087391773f80fd6d7eb3eadc6484859e,ff013eda1d426d67006a334f6583897c614d689f5823b14c442be63e78bb3962,67b60cddad9992cfa81f180c3480804f7e4e2d5fea8ce037026850ea623a812c,922c88498695bd4cd2bce85cb58cec5948b0b2180f15c65c83fd8961fa62e3fc,0.7236638329923153
6,parity,1.5,0.1,0.9,112,r6_parity_sigma1.5_lr0.1,66,ok,,0.4886305262548428,6.163137650047325,0.43353478410437873,0.12745922652668734,23158049f8a287709543a55b89f8943218b08cba397a67e034633640e70c99f6,3dd0b47c3c1ce23069083c16d0c2272714da54db5025db5646fd1228b010a5e8,08195a2e278dd7d3f73edff8cb0cd59b9e3c01f2ecd4759831f27ea671160f7d,4f0dfaf22fde2be953d09f6d5e1d430f855a074012b1744b4581503ac11ff36c,0.6912902089534327
6,parity,1.5,0.1,0.9,113,r6_parity_sigma1.5_lr0.1,66,ok,,0.5625974306793181,6.16150684399664,0.41322998050976245,0.12562191407496778,1130bcd06d370ab57f1bc3a67409c755b267648b80a0f46e840060bb010d3ab8,db95c591d5ad7a1f08531cf0e04985b931fc730f28e8ed47b8c7c5d8ecd8db0c,7f2ebd4ddebba924fb14fcb366e6524e24b6142ac00ae0feea8eda944dc8a4ac,191c09e53d0a687f6cad40fa2d14867ca63354cc5fb8b3e5cd829abf5c3cde96,0.7032052500871941
6,parity,1.5,0.1,0.9,114,r6_parity_sigma1.5_lr0.1,66,ok,,0.532458699456471,6.20364856962267,0.4208524317187148,0.12415146735702086,c8a7a565f4c34afcedf377bd8a33aee023bbafec99430b278d5183f906311b3e,52ceac77e1e0c99a5de90b23d52d3e2f15eb08da92d5b6842d3e92834a138f22,b7c652fbaa646fcdac14bd4d9b7de60408da1e8e29b91c1a191a4f0e046a11be,3e40fb00f0d7336f12289747d25109e06baa7865eaf0c7dd6f89a85970ed7fd9,0.6274990830570459
6,parity,1.5,0.1,0.9,115,r6_parity_sigma1.5_lr0.1,66,ok,,0.43785211933944845,6.020495174399659,0.42451457207129084,0.12692985704931595,21e3187a25ce542a7fda12331f6df5573b7aa9cfb19c4d6a1242f48e9ab77257,c3a0cabd7487508470d585545f7b6a856897b0410105302f1b4d5c12944c190d,e32313a9f78ef4a2dffaa9053f9f0da03818599b0388cb974485a6d6b6e5f463,bc1fd3ebe710245a2b56359c12a723983a1561bde63e3b0b4bb20f0fbc68479e,0.5902983340201899
6,parity,1.5,0.1,0.9,116,r6_parity_sigma1.5_lr0.1,66,ok,,0.41129686739657995,6.0998390468596595,0.42099164619314755,0.12840245208891,b240340bda42b13e461b839e854e8931eb9b197c11fad589d1f07877b5a6c105,0d285e8573294ff0f8d626c9d7c79b1ffa6d14fb3071ba7be902aa48627a1c7e,117a2e8a7c30ff5fbe89055ac777ab987c0462d85cd489bca67880d0c351db18,9cd885e5773e1a61573e6e4ab8e32f5435362a42796d8eff0025ba8c01455816,0.533083499991335
6,parity,1.5,0.1,0.9,117,r6_parity_sigma1.5_lr0.1,66,ok,,0.4370825736929361,6.0651366486529,0.4047709321151245,0.11981219590607685,2ff937c83d36f7b3a5406c91e8755c50ce932575e34db68925452587b0ab77d6,32821079a74fe63f445d951a557ad18447fced01821fc77b6b8d137d2fe48881,c6f804c286be88c37cc667fceb6bd5e2160436b4533aeb70df06dce1e584f66b,402a25298a9acbc5abce157f274c26389cdb90f04be171fa07ccd19e6af98b90,0.5275130410445854
6,parity,1.5,0.1,0.9,118,r6_parity_sigma1.5_lr0.1,66,ok,,0.41067663579998465,6.134329573258372,0.4354132549619607,0.12496360417408271,f9372f8f74b3a18b86f9a9dd960278381003e836073cde71119d3b892dde9434,ffdd2708cda2855a18fd4a81398631fadb59f1610b8dd3d36eefe8f678572c16,24b0dff50f07ab642e83c5f2cf3e49b0b52d2361d77ab3860f9a3f34d2cb38df,cbba1f67e2c26a1f241163d14c4d955aa93c178f38e5f65ab484b62775596dbb,0.5258615419734269
6,parity,1.5,0.1,0.9,119,r6_parity_sigma1.5_lr0.1,66,ok,,0.5466522931079922,6.150772423008076,0.42660379296479917,0.12584811892461575,9cc5a5818d004f0f1492c246ba3ab8685b2df3f7dfd15cdf113ebebec42d8dee,01bf4e2b10f88360652600d185a9d719f05502f25f089d70da96eafa7fe4dfe3,65ff05a0f1f30b9e24fc1c071aaceb22366a9bbcd62b0f8edde086418c47a3a9,f94f9210ef1ff1dfbe682a6006a492d2d383f30e3f71941cdb5c0b2c8319d6f5,0.5511645829537883
6,parity,1.5,0.1,0.9,120,r6_parity_sigma1.5_lr0.1,66,ok,,0.5404766472373178,6.222923432302639,0.43473905308083116,0.12781328160576436,69e5aaf107b63f46b6b057dfe99d3189e4f485b9649136f1718f398f646e43c6,dff4b17a330f664ec4d31f507c7603e7842ac94d65226c760d6e78cfa953aeb7,bf0aa42ee9e23f8b99bf07a7ef8a47d9239e7611761290845cc844c92a0956f3,4939936f888881fec7dcaaa22bdc939f3e13b0069e4581c8b191c627c7ad6d41,0.6178805000381544
6,parity,1,0.02,0.9,111,r6_parity_sigma1_lr0.02,66,ok,,0.4765127371937308,6.255566673350441,0.4529150240024483,0.13089244193670757,6f4599f803588363f7f3f06a30082972087391773f80fd6d7eb3eadc6484859e,ff013eda1d426d67006a334f6583897c614d689f5823b14c442be63e78bb3962,46ec6552ea8abd2c67a85ebf993bb74a1984e0f557904f8a35ae4eb6d2b596da,922c88498695bd4cd2bce85cb58cec5948b0b2180f15c65c83fd8961fa62e3fc,0.5837300419807434
6,parity,1,0.02,0.9,112,r6_parity_sigma1_lr0.02,66,ok,,0.5185123604803675,6.195993257942262,0.41288612222136223,0.12138851993308049,23158049f8a287709543a55b89f8943218b08cba397a67e034633640e70c99f6,3dd0b47c3c1ce23069083c16d0c2272714da54db5025db5646fd1228b010a5e8,b0126d22db14df8032614d0be237f7ba7f8faae015df79310d48a47a7e019709,4f0dfaf22fde2be953d09f6d5e1d430f855a074012b1744b4581503ac11ff36c,0.6112402089638636
6,parity,1,0.02,0.9,113,r6_parity_sigma1_lr0.02,66,ok,,0.4289315772000517,6.021771143991502,0.42658711835126806,0.12968248397878548,1130bcd06d370ab57f1bc3a67409c755b267648b80a0f46e840060bb010d3ab8,db95c591d5ad7a1f08531cf0e04985b931fc730f28e8ed47b8c7c5d8ecd8db0c,494a09d0cb32c8fd575150abd91ad12074451b075c550159cd5a0edda3ce9c1b,191c09e53d0a687f6cad40fa2d14867ca63354cc5fb8b3e5cd829abf5c3cde96,0.5864280411042273
6,parity,1,0.02,0.9,114,r6_parity_sigma1_lr0.02,66,ok,,0.5459655816660096,6.189892992988894,0.4112048629256278,0.1213054345630602,c8a7a565f4c34afcedf377bd8a33aee023bbafec99430b278d5183f906311b3e,52ceac77e1e0c99a5de90b23d52d3e2f15eb08da92d5b6842d3e92834a138f22,9fc9306ab4737b5804dc59a07264243c6abc622ca16efa0cd4d6bddf38b05e36,3e40fb00f0d7336f12289747d25109e06baa7865eaf0c7dd6f89a85970ed7fd9,0.5738117919536307
6,parity,1,0.02,0.9,115,r6_parity_sigma1_lr0.02,66,ok,,0.46466115439994277,6.066675499930119,0.41347190651734694,0.12362810004868673,21e3187a25ce542a7fda12331f6df5573b7aa9cfb19c4d6a1242f48e9ab77257,c3a0cabd7487508470d585545f7b6a856897b0410105302f1b4d5c12944c190d,fae9b80b4b9bbecd172da441f7a298732dc4ec9c5fd56650a16ee48bf4f2164a,bc1fd3ebe710245a2b56359c12a723983a1561bde63e3b0b4bb20f0fbc68479e,0.5478943749330938
6,parity,1,0.02,0.9,116,r6_parity_sigma1_lr0.02,66,ok,,0.5742852290739975,6.22784828477261,0.36644131444546485,0.11176460090586678,b240340bda42b13e461b839e854e8931eb9b197c11fad589d1f07877b5a6c105,0d285e8573294ff0f8d626c9d7c79b1ffa6d14fb3071ba7be902aa48627a1c7e,67eaeaae05cc33550f061649f99bb92951375c55491458d36e2f1c224114a8b1,9cd885e5773e1a61573e6e4ab8e32f5435362a42796d8eff0025ba8c01455816,0.543541666935198
6,parity,1,0.02,0.9,117,r6_parity_sigma1_lr0.02,66,ok,,0.48711670006033436,6.133303127004813,0.4528876064946365,0.1340547315224124,2ff937c83d36f7b3a5406c91e8755c50ce932575e34db68925452587b0ab77d6,32821079a74fe63f445d951a557ad18447fced01821fc77b6b8d137d2fe48881,6d2e8203ab09f7481803ba6cac1d0fef11989f0d29cc5ddaeca62054fed6f238,402a25298a9acbc5abce157f274c26389cdb90f04be171fa07ccd19e6af98b90,0.5416221669875085
6,parity,1,0.02,0.9,118,r6_parity_sigma1_lr0.02,66,ok,,0.42919440955347876,6.14046570063123,0.42962190067140127,0.12330148549269217,f9372f8f74b3a18b86f9a9dd960278381003e836073cde71119d3b892dde9434,ffdd2708cda2855a18fd4a81398631fadb59f1610b8dd3d36eefe8f678572c16,3672d037714419789c221c8c7564a09d4bd2e60bbf08a0fa3cd13f9a40a45c57,cbba1f67e2c26a1f241163d14c4d955aa93c178f38e5f65ab484b62775596dbb,0.5383005000185221
6,parity,1,0.02,0.9,119,r6_parity_sigma1_lr0.02,66,ok,,0.43456553235108386,6.0507198217456315,0.417142869835261,0.12305714660140199,9cc5a5818d004f0f1492c246ba3ab8685b2df3f7dfd15cdf113ebebec42d8dee,01bf4e2b10f88360652600d185a9d719f05502f25f089d70da96eafa7fe4dfe3,a56289775eec0ce432a321db146cf9b88569ccab3daaa3aefaeb57ea0050cb73,f94f9210ef1ff1dfbe682a6006a492d2d383f30e3f71941cdb5c0b2c8319d6f5,0.5398973749252036
6,parity,1,0.02,0.9,120,r6_parity_sigma1_lr0.02,66,ok,,0.32988527667894496,6.021308240894923,0.4842275331475356,0.14236289474537545,69e5aaf107b63f46b6b057dfe99d3189e4f485b9649136f1718f398f646e43c6,dff4b17a330f664ec4d31f507c7603e7842ac94d65226c760d6e78cfa953aeb7,be8ede604a893ee87034e6fb596cea91ea3be8f191d448807bebae1ef6fbfe79,4939936f888881fec7dcaaa22bdc939f3e13b0069e4581c8b191c627c7ad6d41,0.5423197499476373
6,parity,1,0.05,0.9,111,r6_parity_sigma1_lr0.05,66,ok,,0.4708160590252318,6.241792065546686,0.4450532443525525,0.12862038761788766,6f4599f803588363f7f3f06a30082972087391773f80fd6d7eb3eadc6484859e,ff013eda1d426d67006a334f6583897c614d689f5823b14c442be63e78bb3962,46ec6552ea8abd2c67a85ebf993bb74a1984e0f557904f8a35ae4eb6d2b596da,922c88498695bd4cd2bce85cb58cec5948b0b2180f15c65c83fd8961fa62e3fc,0.5346808331087232
6,parity,1,0.05,0.9,112,r6_parity_sigma1_lr0.05,66,ok,,0.37391056062438477,6.015519640370045,0.4288421970794549,0.12607960594135975,23158049f8a287709543a55b89f8943218b08cba397a67e034633640e70c99f6,3dd0b47c3c1ce23069083c16d0c2272714da54db5025db5646fd1228b010a5e8,b0126d22db14df8032614d0be237f7ba7f8faae015df79310d48a47a7e019709,4f0dfaf22fde2be953d09f6d5e1d430f855a074012b1744b4581503ac11ff36c,0.5347183750709519
6,parity,1,0.05,0.9,113,r6_parity_sigma1_lr0.05,66,ok,,0.36550856126952835,5.977240877325521,0.42969116410935276,0.13062611388924325,1130bcd06d370ab57f1bc3a67409c755b267648b80a0f46e840060bb010d3ab8,db95c591d5ad7a1f08531cf0e04985b931fc730f28e8ed47b8c7c5d8ecd8db0c,494a09d0cb32c8fd575150abd91ad12074451b075c550159cd5a0edda3ce9c1b,191c09e53d0a687f6cad40fa2d14867ca63354cc5fb8b3e5cd829abf5c3cde96,0.5394495839718729
6,parity,1,0.05,0.9,114,r6_parity_sigma1_lr0.05,66,ok,,0.5267931646504636,6.200189803967894,0.39089033871394774,0.11531264992061459,c8a7a565f4c34afcedf377bd8a33aee023bbafec99430b278d5183f906311b3e,52ceac77e1e0c99a5de90b23d52d3e2f15eb08da92d5b6842d3e92834a138f22,9fc9306ab4737b5804dc59a07264243c6abc622ca16efa0cd4d6bddf38b05e36,3e40fb00f0d7336f12289747d25109e06baa7865eaf0c7dd6f89a85970ed7fd9,0.5339560828870162
6,parity,1,0.05,0.9,115,r6_parity_sigma1_lr0.05,66,ok,,0.42546113171625577,5.994311832756388,0.4438212196267425,0.132702544668396,21e3187a25ce542a7fda12331f6df5573b7aa9cfb19c4d6a1242f48e9ab77257,c3a0cabd7487508470d585545f7b6a856897b0410105302f1b4d5c12944c190d,fae9b80b4b9bbecd172da441f7a298732dc4ec9c5fd56650a16ee48bf4f2164a,bc1fd3ebe710245a2b56359c12a723983a1561bde63e3b0b4bb20f0fbc68479e,0.5268890409497544
6,parity,1,0.05,0.9,116,r6_parity_sigma1_lr0.05,66,ok,,0.39711301597246207,6.086873976996619,0.4135125967426897,0.12612134200652036,b240340bda42b13e461b839e854e8931eb9b197c11fad589d1f07877b5a6c105,0d285e8573294ff0f8d626c9d7c79b1ffa6d14fb3071ba7be902aa48627a1c7e,67eaeaae05cc33550f061649f99bb92951375c55491458d36e2f1c224114a8b1,9cd885e5773e1a61573e6e4ab8e32f5435362a42796d8eff0025ba8c01455816,0.5266397909726948
6,parity,1,0.05,0.9,117,r6_parity_sigma1_lr0.05,66,ok,,0.4510233302978417,6.120814449736027,0.457137289895337,0.13531263780901975,2ff937c83d36f7b3a5406c91e8755c50ce932575e34db68925452587b0ab77d6,32821079a74fe63f445d951a557ad18447fced01821fc77b6b8d137d2fe48881,6d2e8203ab09f7481803ba6cac1d0fef11989f0d29cc5ddaeca62054fed6f238,402a25298a9acbc5abce157f274c26389cdb90f04be171fa07ccd19e6af98b90,0.5523201670730487
6,parity,1,0.05,0.9,118,r6_parity_sigma1_lr0.05,66,ok,,0.4384121068146009,6.168164224910572,0.4250910341573871,0.1220011268031701,f9372f8f74b3a18b86f9a9dd960278381003e836073cde71119d3b892dde9434,ffdd2708cda2855a18fd4a81398631fadb59f1610b8dd3d36eefe8f678572c16,3672d037714419789c221c8c7564a09d4bd2e60bbf08a0fa3cd13f9a40a45c57,cbba1f67e2c26a1f241163d14c4d955aa93c178f38e5f65ab484b62775596dbb,0.59053758403752
6,parity,1,0.05,0.9,119,r6_parity_sigma1_lr0.05,66,ok,,0.42052205336890364,5.996230201045642,0.42349715350258904,0.12493166028326377,9cc5a5818d004f0f1492c246ba3ab8685b2df3f7dfd15cdf113ebebec42d8dee,01bf4e2b10f88360652600d185a9d719f05502f25f089d70da96eafa7fe4dfe3,a56289775eec0ce432a321db146cf9b88569ccab3daaa3aefaeb57ea0050cb73,f94f9210ef1ff1dfbe682a6006a492d2d383f30e3f71941cdb5c0b2c8319d6f5,0.5970285000512376
6,parity,1,0.05,0.9,120,r6_parity_sigma1_lr0.05,66,ok,,0.33923391918438894,6.038944064121213,0.4730698591217892,0.13908253858180603,69e5aaf107b63f46b6b057dfe99d3189e4f485b9649136f1718f398f646e43c6,dff4b17a330f664ec4d31f507c7603e7842ac94d65226c760d6e78cfa953aeb7,be8ede604a893ee87034e6fb596cea91ea3be8f191d448807bebae1ef6fbfe79,4939936f888881fec7dcaaa22bdc939f3e13b0069e4581c8b191c627c7ad6d41,0.570471083978191
6,parity,1,0.1,0.9,111,r6_parity_sigma1_lr0.1,66,ok,,0.4619947892670574,6.224965798903053,0.4550866204726123,0.13152003331658493,6f4599f803588363f7f3f06a30082972087391773f80fd6d7eb3eadc6484859e,ff013eda1d426d67006a334f6583897c614d689f5823b14c442be63e78bb3962,46ec6552ea8abd2c67a85ebf993bb74a1984e0f557904f8a35ae4eb6d2b596da,922c88498695bd4cd2bce85cb58cec5948b0b2180f15c65c83fd8961fa62e3fc,0.5449962909333408
6,parity,1,0.1,0.9,112,r6_parity_sigma1_lr0.1,66,ok,,0.43000011154221063,6.06356543291586,0.4354576972383211,0.12802456298806641,23158049f8a287709543a55b89f8943218b08cba397a67e034633640e70c99f6,3dd0b47c3c1ce23069083c16d0c2272714da54db5025db5646fd1228b010a5e8,b0126d22db14df8032614d0be237f7ba7f8faae015df79310d48a47a7e019709,4f0dfaf22fde2be953d09f6d5e1d430f855a074012b1744b4581503ac11ff36c,0.5295683339936659
6,parity,1,0.1,0.9,113,r6_parity_sigma1_lr0.1,66,ok,,0.40601566104059705,6.0103979617195105,0.4274633197295072,0.1299488491977702,1130bcd06d370ab57f1bc3a67409c755b267648b80a0f46e840060bb010d3ab8,db95c591d5ad7a1f08531cf0e04985b931fc730f28e8ed47b8c7c5d8ecd8db0c,494a09d0cb32c8fd575150abd91ad12074451b075c550159cd5a0edda3ce9c1b,191c09e53d0a687f6cad40fa2d14867ca63354cc5fb8b3e5cd829abf5c3cde96,0.534118666080758
6,parity,1,0.1,0.9,114,r6_parity_sigma1_lr0.1,66,ok,,0.500271637785082,6.1748055252399805,0.3984911511365829,0.11755488958529196,c8a7a565f4c34afcedf377bd8a33aee023bbafec99430b278d5183f906311b3e,52ceac77e1e0c99a5de90b23d52d3e2f15eb08da92d5b6842d3e92834a138f22,9fc9306ab4737b5804dc59a07264243c6abc622ca16efa0cd4d6bddf38b05e36,3e40fb00f0d7336f12289747d25109e06baa7865eaf0c7dd6f89a85970ed7fd9,0.543485915986821
6,parity,1,0.1,0.9,115,r6_parity_sigma1_lr0.1,66,ok,,0.43925704028817303,6.0411640291443,0.443511877993793,0.1326100515201441,21e3187a25ce542a7fda12331f6df5573b7aa9cfb19c4d6a1242f48e9ab77257,c3a0cabd7487508470d585545f7b6a856897b0410105302f1b4d5c12944c190d,fae9b80b4b9bbecd172da441f7a298732dc4ec9c5fd56650a16ee48bf4f2164a,bc1fd3ebe710245a2b56359c12a723983a1561bde63e3b0b4bb20f0fbc68479e,0.5446604159660637
6,parity,1,0.1,0.9,116,r6_parity_sigma1_lr0.1,66,ok,,0.38472296941957096,6.054873125608902,0.4305615490874246,0.1313212724716645,b240340bda42b13e461b839e854e8931eb9b197c11fad589d1f07877b5a6c105,0d285e8573294ff0f8d626c9d7c79b1ffa6d14fb3071ba7be902aa48627a1c7e,67eaeaae05cc33550f061649f99bb92951375c55491458d36e2f1c224114a8b1,9cd885e5773e1a61573e6e4ab8e32f5435362a42796d8eff0025ba8c01455816,0.5475464580813423
6,parity,1,0.1,0.9,117,r6_parity_sigma1_lr0.1,66,ok,,0.4342879889295599,6.099318808269509,0.42686221061712304,0.1263512143426684,2ff937c83d36f7b3a5406c91e8755c50ce932575e34db68925452587b0ab77d6,32821079a74fe63f445d951a557ad18447fced01821fc77b6b8d137d2fe48881,6d2e8203ab09f7481803ba6cac1d0fef11989f0d29cc5ddaeca62054fed6f238,402a25298a9acbc5abce157f274c26389cdb90f04be171fa07ccd19e6af98b90,0.5387651670025662
6,parity,1,0.1,0.9,118,r6_parity_sigma1_lr0.1,66,ok,,0.339345687868262,6.089155861592658,0.43056656833930723,0.12357260511338117,f9372f8f74b3a18b86f9a9dd960278381003e836073cde71119d3b892dde9434,ffdd2708cda2855a18fd4a81398631fadb59f1610b8dd3d36eefe8f678572c16,3672d037714419789c221c8c7564a09d4bd2e60bbf08a0fa3cd13f9a40a45c57,cbba1f67e2c26a1f241163d14c4d955aa93c178f38e5f65ab484b62775596dbb,0.5355307089630514
6,parity,1,0.1,0.9,119,r6_parity_sigma1_lr0.1,66,ok,,0.46263491191767986,6.077010561580676,0.4049589108657183,0.11946287870538688,9cc5a5818d004f0f1492c246ba3ab8685b2df3f7dfd15cdf113ebebec42d8dee,01bf4e2b10f88360652600d185a9d719f05502f25f089d70da96eafa7fe4dfe3,a56289775eec0ce432a321db146cf9b88569ccab3daaa3aefaeb57ea0050cb73,f94f9210ef1ff1dfbe682a6006a492d2d383f30e3f71941cdb5c0b2c8319d6f5,0.5280027909902856
6,parity,1,0.1,0.9,120,r6_parity_sigma1_lr0.1,66,ok,,0.34800196928861715,6.06106317196496,0.4655729395613432,0.1368784442310349,69e5aaf107b63f46b6b057dfe99d3189e4f485b9649136f1718f398f646e43c6,dff4b17a330f664ec4d31f507c7603e7842ac94d65226c760d6e78cfa953aeb7,be8ede604a893ee87034e6fb596cea91ea3be8f191d448807bebae1ef6fbfe79,4939936f888881fec7dcaaa22bdc939f3e13b0069e4581c8b191c627c7ad6d41,0.5308304579230025
6,parity,2,0.02,0.9,111,r6_parity_sigma2_lr0.02,66,ok,,0.5537884338039094,6.310959760469334,0.41107360403390725,0.1188002715657992,6f4599f803588363f7f3f06a30082972087391773f80fd6d7eb3eadc6484859e,ff013eda1d426d67006a334f6583897c614d689f5823b14c442be63e78bb3962,c82f9ffb273e363eee222e8f1ca4901ef0d88a2a41d7c7bf0385dfda9f807c69,922c88498695bd4cd2bce85cb58cec5948b0b2180f15c65c83fd8961fa62e3fc,0.6225402080453932
6,parity,2,0.02,0.9,112,r6_parity_sigma2_lr0.02,66,ok,,0.6865991580073618,6.3200674239991095,0.4092586411428807,0.12032204049600692,23158049f8a287709543a55b89f8943218b08cba397a67e034633640e70c99f6,3dd0b47c3c1ce23069083c16d0c2272714da54db5025db5646fd1228b010a5e8,e1239e9574a5b9ece5a6142b17dc18054822afbc56b1fe750ed4c81000928119,4f0dfaf22fde2be953d09f6d5e1d430f855a074012b1744b4581503ac11ff36c,0.6532964590005577
6,parity,2,0.02,0.9,113,r6_parity_sigma2_lr0.02,66,ok,,0.5552859734169385,6.147300095902035,0.42466377164717145,0.12909778658074011,1130bcd06d370ab57f1bc3a67409c755b267648b80a0f46e840060bb010d3ab8,db95c591d5ad7a1f08531cf0e04985b931fc730f28e8ed47b8c7c5d8ecd8db0c,0add28ce81db5ed182ca7ca0109f605c59adae53ed3f3475c8621678c513898f,191c09e53d0a687f6cad40fa2d14867ca63354cc5fb8b3e5cd829abf5c3cde96,0.6791290830587968
6,parity,2,0.02,0.9,114,r6_parity_sigma2_lr0.02,66,ok,,0.7298758435590306,6.38514340980974,0.40404465854939436,0.11919317427207134,c8a7a565f4c34afcedf377bd8a33aee023bbafec99430b278d5183f906311b3e,52ceac77e1e0c99a5de90b23d52d3e2f15eb08da92d5b6842d3e92834a138f22,2da2eff4a068e88b41bb2a9f71d17504f3bc60c31b0363210d25907cced26bee,3e40fb00f0d7336f12289747d25109e06baa7865eaf0c7dd6f89a85970ed7fd9,0.6598490410251543
6,parity,2,0.02,0.9,115,r6_parity_sigma2_lr0.02,66,ok,,0.4421867557568151,5.9949715259065925,0.4414038247286317,0.1319797435938609,21e3187a25ce542a7fda12331f6df5573b7aa9cfb19c4d6a1242f48e9ab77257,c3a0cabd7487508470d585545f7b6a856897b0410105302f1b4d5c12944c190d,1fa2303165fb9f092630d1b0199b8b1ceef402fc45bd96481c26f4dc4640000c,bc1fd3ebe710245a2b56359c12a723983a1561bde63e3b0b4bb20f0fbc68479e,0.6184730000095442
6,parity,2,0.02,0.9,116,r6_parity_sigma2_lr0.02,66,ok,,0.7014199711869863,6.388919750007732,0.40397480115653134,0.12321231435274206,b240340bda42b13e461b839e854e8931eb9b197c11fad589d1f07877b5a6c105,0d285e8573294ff0f8d626c9d7c79b1ffa6d14fb3071ba7be902aa48627a1c7e,4b774c30d2dadd0ba79d44923c3465d50bf5beb8544ebb6fa76e4e48a8e30ffa,9cd885e5773e1a61573e6e4ab8e32f5435362a42796d8eff0025ba8c01455816,0.5498577499529347
6,parity,2,0.02,0.9,117,r6_parity_sigma2_lr0.02,66,ok,,0.5641745317314957,6.149154573696926,0.4496638803022686,0.1331005085694715,2ff937c83d36f7b3a5406c91e8755c50ce932575e34db68925452587b0ab77d6,32821079a74fe63f445d951a557ad18447fced01821fc77b6b8d137d2fe48881,24f95bfd52c3f3d2c98931fb18163579577384289930fa8ba980f3e9731f5494,402a25298a9acbc5abce157f274c26389cdb90f04be171fa07ccd19e6af98b90,0.5399229160975665
6,parity,2,0.02,0.9,118,r6_parity_sigma2_lr0.02,66,ok,,0.5464384506541227,6.300957119129838,0.44522375257758007,0.12777921698976547,f9372f8f74b3a18b86f9a9dd960278381003e836073cde71119d3b892dde9434,ffdd2708cda2855a18fd4a81398631fadb59f1610b8dd3d36eefe8f678572c16,5acbf74ae2e9e8a1a4fb070e1975a0e7985410d95eb0df75d2dc8cbbd577c6ea,cbba1f67e2c26a1f241163d14c4d955aa93c178f38e5f65ab484b62775596dbb,0.5204242500476539
6,parity,2,0.02,0.9,119,r6_parity_sigma2_lr0.02,66,ok,,0.5488863283237502,6.175469204368088,0.4132475659882276,0.12190803196652715,9cc5a5818d004f0f1492c246ba3ab8685b2df3f7dfd15cdf113ebebec42d8dee,01bf4e2b10f88360652600d185a9d719f05502f25f089d70da96eafa7fe4dfe3,8851bc19fbe925ac4230a2881685bca8aa77d927173c7879a0be501620af9389,f94f9210ef1ff1dfbe682a6006a492d2d383f30e3f71941cdb5c0b2c8319d6f5,0.5143995420075953
6,parity,2,0.02,0.9,120,r6_parity_sigma2_lr0.02,66,ok,,0.5718045371385543,6.239151637094243,0.4425645504736164,0.13011397783924322,69e5aaf107b63f46b6b057dfe99d3189e4f485b9649136f1718f398f646e43c6,dff4b17a330f664ec4d31f507c7603e7842ac94d65226c760d6e78cfa953aeb7,e2870c0966ac2c6eeda9be223b2b76a59dd3d8bbc502a53f1293837163c5dabc,4939936f888881fec7dcaaa22bdc939f3e13b0069e4581c8b191c627c7ad6d41,0.5085521669825539
6,parity,2,0.05,0.9,111,r6_parity_sigma2_lr0.05,66,ok,,0.46117090781627135,6.218374517137337,0.4663692614421519,0.1347807165567819,6f4599f803588363f7f3f06a30082972087391773f80fd6d7eb3eadc6484859e,ff013eda1d426d67006a334f6583897c614d689f5823b14c442be63e78bb3962,c82f9ffb273e363eee222e8f1ca4901ef0d88a2a41d7c7bf0385dfda9f807c69,922c88498695bd4cd2bce85cb58cec5948b0b2180f15c65c83fd8961fa62e3fc,0.4915645410073921
6,parity,2,0.05,0.9,112,r6_parity_sigma2_lr0.05,66,ok,,0.4773686343133553,6.1279506853293935,0.4060427112323028,0.11937655710229703,23158049f8a287709543a55b89f8943218b08cba397a67e034633640e70c99f6,3dd0b47c3c1ce23069083c16d0c2272714da54db5025db5646fd1228b010a5e8,e1239e9574a5b9ece5a6142b17dc18054822afbc56b1fe750ed4c81000928119,4f0dfaf22fde2be953d09f6d5e1d430f855a074012b1744b4581503ac11ff36c,0.47570916602853686
6,parity,2,0.05,0.9,113,r6_parity_sigma2_lr0.05,66,ok,,0.5056927004977445,6.135643754765966,0.4030096925086215,0.12251494652262093,1130bcd06d370ab57f1bc3a67409c755b267648b80a0f46e840060bb010d3ab8,db95c591d5ad7a1f08531cf0e04985b931fc730f28e8ed47b8c7c5d8ecd8db0c,0add28ce81db5ed182ca7ca0109f605c59adae53ed3f3475c8621678c513898f,191c09e53d0a687f6cad40fa2d14867ca63354cc5fb8b3e5cd829abf5c3cde96,0.4882174580125138
6,parity,2,0.05,0.9,114,r6_parity_sigma2_lr0.05,66,ok,,0.75367978029535,6.401810510996482,0.3943833862558551,0.11634309894547726,c8a7a565f4c34afcedf377bd8a33aee023bbafec99430b278d5183f906311b3e,52ceac77e1e0c99a5de90b23d52d3e2f15eb08da92d5b6842d3e92834a138f22,2da2eff4a068e88b41bb2a9f71d17504f3bc60c31b0363210d25907cced26bee,3e40fb00f0d7336f12289747d25109e06baa7865eaf0c7dd6f89a85970ed7fd9,0.4686557090608403
6,parity,2,0.05,0.9,115,r6_parity_sigma2_lr0.05,66,ok,,0.5879172680665445,6.1550829498499615,0.39794602526082623,0.11898586155298704,21e3187a25ce542a7fda12331f6df5573b7aa9cfb19c4d6a1242f48e9ab77257,c3a0cabd7487508470d585545f7b6a856897b0410105302f1b4d5c12944c190d,1fa2303165fb9f092630d1b0199b8b1ceef402fc45bd96481c26f4dc4640000c,bc1fd3ebe710245a2b56359c12a723983a1561bde63e3b0b4bb20f0fbc68479e,0.4696577499853447
6,parity,2,0.05,0.9,116,r6_parity_sigma2_lr0.05,66,ok,,0.5308191843830689,6.201821443744795,0.39532816685194655,0.1205750908898437,b240340bda42b13e461b839e854e8931eb9b197c11fad589d1f07877b5a6c105,0d285e8573294ff0f8d626c9d7c79b1ffa6d14fb3071ba7be902aa48627a1c7e,4b774c30d2dadd0ba79d44923c3465d50bf5beb8544ebb6fa76e4e48a8e30ffa,9cd885e5773e1a61573e6e4ab8e32f5435362a42796d8eff0025ba8c01455816,0.4740361670264974
6,parity,2,0.05,0.9,117,r6_parity_sigma2_lr0.05,66,ok,,0.442236724179066,6.076588571022934,0.44844582566323776,0.13273996439631838,2ff937c83d36f7b3a5406c91e8755c50ce932575e34db68925452587b0ab77d6,32821079a74fe63f445d951a557ad18447fced01821fc77b6b8d137d2fe48881,24f95bfd52c3f3d2c98931fb18163579577384289930fa8ba980f3e9731f5494,402a25298a9acbc5abce157f274c26389cdb90f04be171fa07ccd19e6af98b90,0.4794527080375701
6,parity,2,0.05,0.9,118,r6_parity_sigma2_lr0.05,66,ok,,0.5275383649677677,6.2873359946581715,0.43114593808847174,0.1237388842313914,f9372f8f74b3a18b86f9a9dd960278381003e836073cde71119d3b892dde9434,ffdd2708cda2855a18fd4a81398631fadb59f1610b8dd3d36eefe8f678572c16,5acbf74ae2e9e8a1a4fb070e1975a0e7985410d95eb0df75d2dc8cbbd577c6ea,cbba1f67e2c26a1f241163d14c4d955aa93c178f38e5f65ab484b62775596dbb,0.48418791708536446
6,parity,2,0.05,0.9,119,r6_parity_sigma2_lr0.05,66,ok,,0.5473069761844175,6.166111977288134,0.448838386418233,0.13240732399337873,9cc5a5818d004f0f1492c246ba3ab8685b2df3f7dfd15cdf113ebebec42d8dee,01bf4e2b10f88360652600d185a9d719f05502f25f089d70da96eafa7fe4dfe3,8851bc19fbe925ac4230a2881685bca8aa77d927173c7879a0be501620af9389,f94f9210ef1ff1dfbe682a6006a492d2d383f30e3f71941cdb5c0b2c8319d6f5,0.46335070801433176
6,parity,2,0.05,0.9,120,r6_parity_sigma2_lr0.05,66,ok,,0.4861301383194395,6.181038203172631,0.4639472431445215,0.13640048948448932,69e5aaf107b63f46b6b057dfe99d3189e4f485b9649136f1718f398f646e43c6,dff4b17a330f664ec4d31f507c7603e7842ac94d65226c760d6e78cfa953aeb7,e2870c0966ac2c6eeda9be223b2b76a59dd3d8bbc502a53f1293837163c5dabc,4939936f888881fec7dcaaa22bdc939f3e13b0069e4581c8b191c627c7ad6d41,0.4757147500058636
6,parity,2,0.1,0.9,111,r6_parity_sigma2_lr0.1,66,ok,,0.5436732754741669,6.3022966824645525,0.4377682240927503,0.12651501676280483,6f4599f803588363f7f3f06a30082972087391773f80fd6d7eb3eadc6484859e,ff013eda1d426d67006a334f6583897c614d689f5823b14c442be63e78bb3962,c82f9ffb273e363eee222e8f1ca4901ef0d88a2a41d7c7bf0385dfda9f807c69,922c88498695bd4cd2bce85cb58cec5948b0b2180f15c65c83fd8961fa62e3fc,0.4917784580029547
6,parity,2,0.1,0.9,112,r6_parity_sigma2_lr0.1,66,ok,,0.44969269407941004,6.0798810922754605,0.4354664307368933,0.12802713063664664,23158049f8a287709543a55b89f8943218b08cba397a67e034633640e70c99f6,3dd0b47c3c1ce23069083c16d0c2272714da54db5025db5646fd1228b010a5e8,e1239e9574a5b9ece5a6142b17dc18054822afbc56b1fe750ed4c81000928119,4f0dfaf22fde2be953d09f6d5e1d430f855a074012b1744b4581503ac11ff36c,0.4895153340185061
6,parity,2,0.1,0.9,113,r6_parity_sigma2_lr0.1,66,ok,,0.44069519100979027,6.069257883531357,0.40928307569994454,0.12442205501278314,1130bcd06d370ab57f1bc3a67409c755b267648b80a0f46e840060bb010d3ab8,db95c591d5ad7a1f08531cf0e04985b931fc730f28e8ed47b8c7c5d8ecd8db0c,0add28ce81db5ed182ca7ca0109f605c59adae53ed3f3475c8621678c513898f,191c09e53d0a687f6cad40fa2d14867ca63354cc5fb8b3e5cd829abf5c3cde96,0.5000641669612378
6,parity,2,0.1,0.9,114,r6_parity_sigma2_lr0.1,66,ok,,0.5670092110628158,6.247696759464137,0.3831426761401266,0.11302708946133734,c8a7a565f4c34afcedf377bd8a33aee023bbafec99430b278d5183f906311b3e,52ceac77e1e0c99a5de90b23d52d3e2f15eb08da92d5b6842d3e92834a138f22,2da2eff4a068e88b41bb2a9f71d17504f3bc60c31b0363210d25907cced26bee,3e40fb00f0d7336f12289747d25109e06baa7865eaf0c7dd6f89a85970ed7fd9,0.5162374579813331
6,parity,2,0.1,0.9,115,r6_parity_sigma2_lr0.1,66,ok,,0.5643712232700949,6.146233905490979,0.4135370834844843,0.1236475879618608,21e3187a25ce542a7fda12331f6df5573b7aa9cfb19c4d6a1242f48e9ab77257,c3a0cabd7487508470d585545f7b6a856897b0410105302f1b4d5c12944c190d,1fa2303165fb9f092630d1b0199b8b1ceef402fc45bd96481c26f4dc4640000c,bc1fd3ebe710245a2b56359c12a723983a1561bde63e3b0b4bb20f0fbc68479e,0.5389065000927076
6,parity,2,0.1,0.9,116,r6_parity_sigma2_lr0.1,66,ok,,0.49971642280262096,6.163153029481797,0.3858553920200532,0.11768589456611622,b240340bda42b13e461b839e854e8931eb9b197c11fad589d1f07877b5a6c105,0d285e8573294ff0f8d626c9d7c79b1ffa6d14fb3071ba7be902aa48627a1c7e,4b774c30d2dadd0ba79d44923c3465d50bf5beb8544ebb6fa76e4e48a8e30ffa,9cd885e5773e1a61573e6e4ab8e32f5435362a42796d8eff0025ba8c01455816,0.5472111250273883
6,parity,2,0.1,0.9,117,r6_parity_sigma2_lr0.1,66,ok,,0.4229959268045258,6.093933437917773,0.4073342936275512,0.12057095091375515,2ff937c83d36f7b3a5406c91e8755c50ce932575e34db68925452587b0ab77d6,32821079a74fe63f445d951a557ad18447fced01821fc77b6b8d137d2fe48881,24f95bfd52c3f3d2c98931fb18163579577384289930fa8ba980f3e9731f5494,402a25298a9acbc5abce157f274c26389cdb90f04be171fa07ccd19e6af98b90,0.5375421249773353
6,parity,2,0.1,0.9,118,r6_parity_sigma2_lr0.1,66,ok,,0.5396194714877328,6.264642777052466,0.4491349830629062,0.1289017401390541,f9372f8f74b3a18b86f9a9dd960278381003e836073cde71119d3b892dde9434,ffdd2708cda2855a18fd4a81398631fadb59f1610b8dd3d36eefe8f678572c16,5acbf74ae2e9e8a1a4fb070e1975a0e7985410d95eb0df75d2dc8cbbd577c6ea,cbba1f67e2c26a1f241163d14c4d955aa93c178f38e5f65ab484b62775596dbb,0.5161532090278342
6,parity,2,0.1,0.9,119,r6_parity_sigma2_lr0.1,66,ok,,0.6451495211715175,6.273743122974133,0.388871632497203,0.11471713158667489,9cc5a5818d004f0f1492c246ba3ab8685b2df3f7dfd15cdf113ebebec42d8dee,01bf4e2b10f88360652600d185a9d719f05502f25f089d70da96eafa7fe4dfe3,8851bc19fbe925ac4230a2881685bca8aa77d927173c7879a0be501620af9389,f94f9210ef1ff1dfbe682a6006a492d2d383f30e3f71941cdb5c0b2c8319d6f5,0.5091552500380203
6,parity,2,0.1,0.9,120,r6_parity_sigma2_lr0.1,66,ok,,0.4882456828876968,6.1818496508064165,0.4669541090513757,0.13728450806110445,69e5aaf107b63f46b6b057dfe99d3189e4f485b9649136f1718f398f646e43c6,dff4b17a330f664ec4d31f507c7603e7842ac94d65226c760d6e78cfa953aeb7,e2870c0966ac2c6eeda9be223b2b76a59dd3d8bbc502a53f1293837163c5dabc,4939936f888881fec7dcaaa22bdc939f3e13b0069e4581c8b191c627c7ad6d41,0.4942225420381874
6,scaled-mse,1,0.005,0.9,111,r6_scaled-mse_sigma1_lr0.005,66,ok,,0.7182883671025106,6.469548879549315,0.40515760039599896,0.1170905465144437,6f4599f803588363f7f3f06a30082972087391773f80fd6d7eb3eadc6484859e,ff013eda1d426d67006a334f6583897c614d689f5823b14c442be63e78bb3962,46ec6552ea8abd2c67a85ebf993bb74a1984e0f557904f8a35ae4eb6d2b596da,922c88498695bd4cd2bce85cb58cec5948b0b2180f15c65c83fd8961fa62e3fc,0.5561597499763593
6,scaled-mse,1,0.005,0.9,112,r6_scaled-mse_sigma1_lr0.005,66,ok,,0.8182608625207922,6.499021828873339,0.3664489635465826,0.10773599528269527,23158049f8a287709543a55b89f8943218b08cba397a67e034633640e70c99f6,3dd0b47c3c1ce23069083c16d0c2272714da54db5025db5646fd1228b010a5e8,b0126d22db14df8032614d0be237f7ba7f8faae015df79310d48a47a7e019709,4f0dfaf22fde2be953d09f6d5e1d430f855a074012b1744b4581503ac11ff36c,0.5427039590431377
6,scaled-mse,1,0.005,0.9,113,r6_scaled-mse_sigma1_lr0.005,66,ok,,0.9057979036562093,6.460548327897759,0.40446632312736375,0.12295776223071857,1130bcd06d370ab57f1bc3a67409c755b267648b80a0f46e840060bb010d3ab8,db95c591d5ad7a1f08531cf0e04985b931fc730f28e8ed47b8c7c5d8ecd8db0c,494a09d0cb32c8fd575150abd91ad12074451b075c550159cd5a0edda3ce9c1b,191c09e53d0a687f6cad40fa2d14867ca63354cc5fb8b3e5cd829abf5c3cde96,0.49704204103909433
6,scaled-mse,1,0.005,0.9,114,r6_scaled-mse_sigma1_lr0.005,66,ok,,0.9179910124526978,6.601763291438653,0.38128764162331685,0.11247985427887848,c8a7a565f4c34afcedf377bd8a33aee023bbafec99430b278d5183f906311b3e,52ceac77e1e0c99a5de90b23d52d3e2f15eb08da92d5b6842d3e92834a138f22,9fc9306ab4737b5804dc59a07264243c6abc622ca16efa0cd4d6bddf38b05e36,3e40fb00f0d7336f12289747d25109e06baa7865eaf0c7dd6f89a85970ed7fd9,0.50414458301384
6,scaled-mse,1,0.005,0.9,115,r6_scaled-mse_sigma1_lr0.005,66,ok,,1.053998611006261,6.629455744557052,0.3341935990131267,0.09992388610492488,21e3187a25ce542a7fda12331f6df5573b7aa9cfb19c4d6a1242f48e9ab77257,c3a0cabd7487508470d585545f7b6a856897b0410105302f1b4d5c12944c190d,fae9b80b4b9bbecd172da441f7a298732dc4ec9c5fd56650a16ee48bf4f2164a,bc1fd3ebe710245a2b56359c12a723983a1561bde63e3b0b4bb20f0fbc68479e,0.5128413329366595
6,scaled-mse,1,0.005,0.9,116,r6_scaled-mse_sigma1_lr0.005,66,ok,,0.8693553661042254,6.502306931703797,0.3798439707994505,0.1158524110938324,b240340bda42b13e461b839e854e8931eb9b197c11fad589d1f07877b5a6c105,0d285e8573294ff0f8d626c9d7c79b1ffa6d14fb3071ba7be902aa48627a1c7e,67eaeaae05cc33550f061649f99bb92951375c55491458d36e2f1c224114a8b1,9cd885e5773e1a61573e6e4ab8e32f5435362a42796d8eff0025ba8c01455816,0.47961237491108477
6,scaled-mse,1,0.005,0.9,117,r6_scaled-mse_sigma1_lr0.005,66,ok,,0.9298912240934074,6.640758663135012,0.37423918976067744,0.11077480016916053,2ff937c83d36f7b3a5406c91e8755c50ce932575e34db68925452587b0ab77d6,32821079a74fe63f445d951a557ad18447fced01821fc77b6b8d137d2fe48881,6d2e8203ab09f7481803ba6cac1d0fef11989f0d29cc5ddaeca62054fed6f238,402a25298a9acbc5abce157f274c26389cdb90f04be171fa07ccd19e6af98b90,0.4648805829929188
6,scaled-mse,1,0.005,0.9,118,r6_scaled-mse_sigma1_lr0.005,66,ok,,0.787480863943851,6.5264897596399525,0.3882574184755559,0.11142987910248453,f9372f8f74b3a18b86f9a9dd960278381003e836073cde71119d3b892dde9434,ffdd2708cda2855a18fd4a81398631fadb59f1610b8dd3d36eefe8f678572c16,3672d037714419789c221c8c7564a09d4bd2e60bbf08a0fa3cd13f9a40a45c57,cbba1f67e2c26a1f241163d14c4d955aa93c178f38e5f65ab484b62775596dbb,0.4574991250410676
6,scaled-mse,1,0.005,0.9,119,r6_scaled-mse_sigma1_lr0.005,66,ok,,1.0093497850648516,6.646013002857602,0.3856933035312604,0.11377952454172183,9cc5a5818d004f0f1492c246ba3ab8685b2df3f7dfd15cdf113ebebec42d8dee,01bf4e2b10f88360652600d185a9d719f05502f25f089d70da96eafa7fe4dfe3,a56289775eec0ce432a321db146cf9b88569ccab3daaa3aefaeb57ea0050cb73,f94f9210ef1ff1dfbe682a6006a492d2d383f30e3f71941cdb5c0b2c8319d6f5,0.4720897499937564
6,scaled-mse,1,0.005,0.9,120,r6_scaled-mse_sigma1_lr0.005,66,ok,,1.1284795739642477,6.840474304058564,0.3541144602490853,0.10410965131323108,69e5aaf107b63f46b6b057dfe99d3189e4f485b9649136f1718f398f646e43c6,dff4b17a330f664ec4d31f507c7603e7842ac94d65226c760d6e78cfa953aeb7,be8ede604a893ee87034e6fb596cea91ea3be8f191d448807bebae1ef6fbfe79,4939936f888881fec7dcaaa22bdc939f3e13b0069e4581c8b191c627c7ad6d41,0.4732530419714749
6,scaled-mse,1,0.01,0.9,111,r6_scaled-mse_sigma1_lr0.01,66,ok,,0.6901543695864245,6.448723192606604,0.40147061603504813,0.11602500803412892,6f4599f803588363f7f3f06a30082972087391773f80fd6d7eb3eadc6484859e,ff013eda1d426d67006a334f6583897c614d689f5823b14c442be63e78bb3962,46ec6552ea8abd2c67a85ebf993bb74a1984e0f557904f8a35ae4eb6d2b596da,922c88498695bd4cd2bce85cb58cec5948b0b2180f15c65c83fd8961fa62e3fc,0.4542913748882711
6,scaled-mse,1,0.01,0.9,112,r6_scaled-mse_sigma1_lr0.01,66,ok,,0.5921928156999414,6.2603148417450045,0.37968764931283133,0.11162816889797242,23158049f8a287709543a55b89f8943218b08cba397a67e034633640e70c99f6,3dd0b47c3c1ce23069083c16d0c2272714da54db5025db5646fd1228b010a5e8,b0126d22db14df8032614d0be237f7ba7f8faae015df79310d48a47a7e019709,4f0dfaf22fde2be953d09f6d5e1d430f855a074012b1744b4581503ac11ff36c,0.4679968749405816
6,scaled-mse,1,0.01,0.9,113,r6_scaled-mse_sigma1_lr0.01,66,ok,,0.5057543036749736,6.122522858729921,0.4076069480309107,0.12391251220139685,1130bcd06d370ab57f1bc3a67409c755b267648b80a0f46e840060bb010d3ab8,db95c591d5ad7a1f08531cf0e04985b931fc730f28e8ed47b8c7c5d8ecd8db0c,494a09d0cb32c8fd575150abd91ad12074451b075c550159cd5a0edda3ce9c1b,191c09e53d0a687f6cad40fa2d14867ca63354cc5fb8b3e5cd829abf5c3cde96,0.47317937505431473
6,scaled-mse,1,0.01,0.9,114,r6_scaled-mse_sigma1_lr0.01,66,ok,,0.6417560070586015,6.302355957213417,0.4031292971013299,0.11892314264489233,c8a7a565f4c34afcedf377bd8a33aee023bbafec99430b278d5183f906311b3e,52ceac77e1e0c99a5de90b23d52d3e2f15eb08da92d5b6842d3e92834a138f22,9fc9306ab4737b5804dc59a07264243c6abc622ca16efa0cd4d6bddf38b05e36,3e40fb00f0d7336f12289747d25109e06baa7865eaf0c7dd6f89a85970ed7fd9,0.46845483302604407
6,scaled-mse,1,0.01,0.9,115,r6_scaled-mse_sigma1_lr0.01,66,ok,,0.7808752620611161,6.369478059758553,0.3775412656251021,0.11288483842190553,21e3187a25ce542a7fda12331f6df5573b7aa9cfb19c4d6a1242f48e9ab77257,c3a0cabd7487508470d585545f7b6a856897b0410105302f1b4d5c12944c190d,fae9b80b4b9bbecd172da441f7a298732dc4ec9c5fd56650a16ee48bf4f2164a,bc1fd3ebe710245a2b56359c12a723983a1561bde63e3b0b4bb20f0fbc68479e,0.42712995898909867
6,scaled-mse,1,0.01,0.9,116,r6_scaled-mse_sigma1_lr0.01,66,ok,,0.7001518663927804,6.35875417913216,0.37252723565585444,0.1136208068750356,b240340bda42b13e461b839e854e8931eb9b197c11fad589d1f07877b5a6c105,0d285e8573294ff0f8d626c9d7c79b1ffa6d14fb3071ba7be902aa48627a1c7e,67eaeaae05cc33550f061649f99bb92951375c55491458d36e2f1c224114a8b1,9cd885e5773e1a61573e6e4ab8e32f5435362a42796d8eff0025ba8c01455816,0.42842808400746435
6,scaled-mse,1,0.01,0.9,117,r6_scaled-mse_sigma1_lr0.01,66,ok,,0.6609108295555907,6.383831849483071,0.40429773364282795,0.11967212915827707,2ff937c83d36f7b3a5406c91e8755c50ce932575e34db68925452587b0ab77d6,32821079a74fe63f445d951a557ad18447fced01821fc77b6b8d137d2fe48881,6d2e8203ab09f7481803ba6cac1d0fef11989f0d29cc5ddaeca62054fed6f238,402a25298a9acbc5abce157f274c26389cdb90f04be171fa07ccd19e6af98b90,0.4288552920334041
6,scaled-mse,1,0.01,0.9,118,r6_scaled-mse_sigma1_lr0.01,66,ok,,0.5903079591123905,6.349209835880299,0.3897147763808138,0.11184814082129357,f9372f8f74b3a18b86f9a9dd960278381003e836073cde71119d3b892dde9434,ffdd2708cda2855a18fd4a81398631fadb59f1610b8dd3d36eefe8f678572c16,3672d037714419789c221c8c7564a09d4bd2e60bbf08a0fa3cd13f9a40a45c57,cbba1f67e2c26a1f241163d14c4d955aa93c178f38e5f65ab484b62775596dbb,0.414234708994627
6,scaled-mse,1,0.01,0.9,119,r6_scaled-mse_sigma1_lr0.01,66,ok,,0.7144472382755768,6.324299266399397,0.38864344531748707,0.11464981636865869,9cc5a5818d004f0f1492c246ba3ab8685b2df3f7dfd15cdf113ebebec42d8dee,01bf4e2b10f88360652600d185a9d719f05502f25f089d70da96eafa7fe4dfe3,a56289775eec0ce432a321db146cf9b88569ccab3daaa3aefaeb57ea0050cb73,f94f9210ef1ff1dfbe682a6006a492d2d383f30e3f71941cdb5c0b2c8319d6f5,0.4188769580796361
6,scaled-mse,1,0.01,0.9,120,r6_scaled-mse_sigma1_lr0.01,66,ok,,0.6513223309719378,6.348278633533322,0.3699078894083035,0.10875291948604122,69e5aaf107b63f46b6b057dfe99d3189e4f485b9649136f1718f398f646e43c6,dff4b17a330f664ec4d31f507c7603e7842ac94d65226c760d6e78cfa953aeb7,be8ede604a893ee87034e6fb596cea91ea3be8f191d448807bebae1ef6fbfe79,4939936f888881fec7dcaaa22bdc939f3e13b0069e4581c8b191c627c7ad6d41,0.41664083302021027
6,scaled-mse,1,0.02,0.9,111,r6_scaled-mse_sigma1_lr0.02,66,ok,,0.5969451209879437,6.352947664991967,0.39561450815403204,0.11433259285651526,6f4599f803588363f7f3f06a30082972087391773f80fd6d7eb3eadc6484859e,ff013eda1d426d67006a334f6583897c614d689f5823b14c442be63e78bb3962,46ec6552ea8abd2c67a85ebf993bb74a1984e0f557904f8a35ae4eb6d2b596da,922c88498695bd4cd2bce85cb58cec5948b0b2180f15c65c83fd8961fa62e3fc,0.4882602089783177
6,scaled-mse,1,0.02,0.9,112,r6_scaled-mse_sigma1_lr0.02,66,ok,,0.5968720308437911,6.2337993628667245,0.3740435657280733,0.10996880832405355,23158049f8a287709543a55b89f8943218b08cba397a67e034633640e70c99f6,3dd0b47c3c1ce23069083c16d0c2272714da54db5025db5646fd1228b010a5e8,b0126d22db14df8032614d0be237f7ba7f8faae015df79310d48a47a7e019709,4f0dfaf22fde2be953d09f6d5e1d430f855a074012b1744b4581503ac11ff36c,0.49989458301570266
6,scaled-mse,1,0.02,0.9,113,r6_scaled-mse_sigma1_lr0.02,66,ok,,0.4779350820097745,6.087369988584269,0.4066634064955959,0.12362567557466116,1130bcd06d370ab57f1bc3a67409c755b267648b80a0f46e840060bb010d3ab8,db95c591d5ad7a1f08531cf0e04985b931fc730f28e8ed47b8c7c5d8ecd8db0c,494a09d0cb32c8fd575150abd91ad12074451b075c550159cd5a0edda3ce9c1b,191c09e53d0a687f6cad40fa2d14867ca63354cc5fb8b3e5cd829abf5c3cde96,0.5035930840531364
6,scaled-mse,1,0.02,0.9,114,r6_scaled-mse_sigma1_lr0.02,66,ok,,0.6008671926225998,6.298348022075054,0.3837911293951653,0.11321838317157376,c8a7a565f4c34afcedf377bd8a33aee023bbafec99430b278d5183f906311b3e,52ceac77e1e0c99a5de90b23d52d3e2f15eb08da92d5b6842d3e92834a138f22,9fc9306ab4737b5804dc59a07264243c6abc622ca16efa0cd4d6bddf38b05e36,3e40fb00f0d7336f12289747d25109e06baa7865eaf0c7dd6f89a85970ed7fd9,0.4591859169304371
6,scaled-mse,1,0.02,0.9,115,r6_scaled-mse_sigma1_lr0.02,66,ok,,0.5767057491202654,6.12737901498694,0.3773773024578883,0.1128358134349086,21e3187a25ce542a7fda12331f6df5573b7aa9cfb19c4d6a1242f48e9ab77257,c3a0cabd7487508470d585545f7b6a856897b0410105302f1b4d5c12944c190d,fae9b80b4b9bbecd172da441f7a298732dc4ec9c5fd56650a16ee48bf4f2164a,bc1fd3ebe710245a2b56359c12a723983a1561bde63e3b0b4bb20f0fbc68479e,0.45573325001168996
6,scaled-mse,1,0.02,0.9,116,r6_scaled-mse_sigma1_lr0.02,66,ok,,0.7191625816411538,6.384901722667188,0.3552287179283856,0.10834475896815761,b240340bda42b13e461b839e854e8931eb9b197c11fad589d1f07877b5a6c105,0d285e8573294ff0f8d626c9d7c79b1ffa6d14fb3071ba7be902aa48627a1c7e,67eaeaae05cc33550f061649f99bb92951375c55491458d36e2f1c224114a8b1,9cd885e5773e1a61573e6e4ab8e32f5435362a42796d8eff0025ba8c01455816,0.45408891700208187
6,scaled-mse,1,0.02,0.9,117,r6_scaled-mse_sigma1_lr0.02,66,ok,,0.5586074620303074,6.254765414021795,0.4179794272855154,0.12372191047651256,2ff937c83d36f7b3a5406c91e8755c50ce932575e34db68925452587b0ab77d6,32821079a74fe63f445d951a557ad18447fced01821fc77b6b8d137d2fe48881,6d2e8203ab09f7481803ba6cac1d0fef11989f0d29cc5ddaeca62054fed6f238,402a25298a9acbc5abce157f274c26389cdb90f04be171fa07ccd19e6af98b90,0.4988373749656603
6,scaled-mse,1,0.02,0.9,118,r6_scaled-mse_sigma1_lr0.02,66,ok,,0.4888767719374896,6.2084899661875985,0.4042601952904509,0.1160226760483594,f9372f8f74b3a18b86f9a9dd960278381003e836073cde71119d3b892dde9434,ffdd2708cda2855a18fd4a81398631fadb59f1610b8dd3d36eefe8f678572c16,3672d037714419789c221c8c7564a09d4bd2e60bbf08a0fa3cd13f9a40a45c57,cbba1f67e2c26a1f241163d14c4d955aa93c178f38e5f65ab484b62775596dbb,0.5263542089378461
6,scaled-mse,1,0.02,0.9,119,r6_scaled-mse_sigma1_lr0.02,66,ok,,0.613484091872819,6.238922181893231,0.3637888497471694,0.10731771067541497,9cc5a5818d004f0f1492c246ba3ab8685b2df3f7dfd15cdf113ebebec42d8dee,01bf4e2b10f88360652600d185a9d719f05502f25f089d70da96eafa7fe4dfe3,a56289775eec0ce432a321db146cf9b88569ccab3daaa3aefaeb57ea0050cb73,f94f9210ef1ff1dfbe682a6006a492d2d383f30e3f71941cdb5c0b2c8319d6f5,0.5453041250584647
6,scaled-mse,1,0.02,0.9,120,r6_scaled-mse_sigma1_lr0.02,66,ok,,0.4530868113611756,6.185984804775802,0.4113651283001922,0.1209413477202565,69e5aaf107b63f46b6b057dfe99d3189e4f485b9649136f1718f398f646e43c6,dff4b17a330f664ec4d31f507c7603e7842ac94d65226c760d6e78cfa953aeb7,be8ede604a893ee87034e6fb596cea91ea3be8f191d448807bebae1ef6fbfe79,4939936f888881fec7dcaaa22bdc939f3e13b0069e4581c8b191c627c7ad6d41,0.5582204170059413
6,scaled-mse,1,0.05,0.9,111,r6_scaled-mse_sigma1_lr0.05,66,ok,,0.46815478843883884,6.2348028394091015,0.39796263765530204,0.11501120228238229,6f4599f803588363f7f3f06a30082972087391773f80fd6d7eb3eadc6484859e,ff013eda1d426d67006a334f6583897c614d689f5823b14c442be63e78bb3962,46ec6552ea8abd2c67a85ebf993bb74a1984e0f557904f8a35ae4eb6d2b596da,922c88498695bd4cd2bce85cb58cec5948b0b2180f15c65c83fd8961fa62e3fc,0.5322189589496702
6,scaled-mse,1,0.05,0.9,112,r6_scaled-mse_sigma1_lr0.05,66,ok,,0.46411063352659854,6.142751533236857,0.4063184269197023,0.11945761751439248,23158049f8a287709543a55b89f8943218b08cba397a67e034633640e70c99f6,3dd0b47c3c1ce23069083c16d0c2272714da54db5025db5646fd1228b010a5e8,b0126d22db14df8032614d0be237f7ba7f8faae015df79310d48a47a7e019709,4f0dfaf22fde2be953d09f6d5e1d430f855a074012b1744b4581503ac11ff36c,0.5231886670226231
6,scaled-mse,1,0.05,0.9,113,r6_scaled-mse_sigma1_lr0.05,66,ok,,0.5398397361177721,6.157125631923793,0.36780761297111014,0.11181351434321747,1130bcd06d370ab57f1bc3a67409c755b267648b80a0f46e840060bb010d3ab8,db95c591d5ad7a1f08531cf0e04985b931fc730f28e8ed47b8c7c5d8ecd8db0c,494a09d0cb32c8fd575150abd91ad12074451b075c550159cd5a0edda3ce9c1b,191c09e53d0a687f6cad40fa2d14867ca63354cc5fb8b3e5cd829abf5c3cde96,0.5014154580421746
6,scaled-mse,1,0.05,0.9,114,r6_scaled-mse_sigma1_lr0.05,66,ok,,0.6751834497175245,6.342336783714081,0.3491254529150316,0.10299200860993434,c8a7a565f4c34afcedf377bd8a33aee023bbafec99430b278d5183f906311b3e,52ceac77e1e0c99a5de90b23d52d3e2f15eb08da92d5b6842d3e92834a138f22,9fc9306ab4737b5804dc59a07264243c6abc622ca16efa0cd4d6bddf38b05e36,3e40fb00f0d7336f12289747d25109e06baa7865eaf0c7dd6f89a85970ed7fd9,0.49928579200059175
6,scaled-mse,1,0.05,0.9,115,r6_scaled-mse_sigma1_lr0.05,66,ok,,0.49154722721457367,6.027900911654788,0.3670891925473014,0.10975966857164311,21e3187a25ce542a7fda12331f6df5573b7aa9cfb19c4d6a1242f48e9ab77257,c3a0cabd7487508470d585545f7b6a856897b0410105302f1b4d5c12944c190d,fae9b80b4b9bbecd172da441f7a298732dc4ec9c5fd56650a16ee48bf4f2164a,bc1fd3ebe710245a2b56359c12a723983a1561bde63e3b0b4bb20f0fbc68479e,0.4710457499604672
6,scaled-mse,1,0.05,0.9,116,r6_scaled-mse_sigma1_lr0.05,66,ok,,0.5931970777555735,6.2710190784141755,0.3491288526027345,0.10648430004383402,b240340bda42b13e461b839e854e8931eb9b197c11fad589d1f07877b5a6c105,0d285e8573294ff0f8d626c9d7c79b1ffa6d14fb3071ba7be902aa48627a1c7e,67eaeaae05cc33550f061649f99bb92951375c55491458d36e2f1c224114a8b1,9cd885e5773e1a61573e6e4ab8e32f5435362a42796d8eff0025ba8c01455816,0.41190654202364385
6,scaled-mse,1,0.05,0.9,117,r6_scaled-mse_sigma1_lr0.05,66,ok,,0.5135286500227231,6.159251152037579,0.3700806396987891,0.1095438693508416,2ff937c83d36f7b3a5406c91e8755c50ce932575e34db68925452587b0ab77d6,32821079a74fe63f445d951a557ad18447fced01821fc77b6b8d137d2fe48881,6d2e8203ab09f7481803ba6cac1d0fef11989f0d29cc5ddaeca62054fed6f238,402a25298a9acbc5abce157f274c26389cdb90f04be171fa07ccd19e6af98b90,0.40611833392176777
6,scaled-mse,1,0.05,0.9,118,r6_scaled-mse_sigma1_lr0.05,66,ok,,0.5248505905277596,6.256793344670149,0.384237296413917,0.11027610407079419,f9372f8f74b3a18b86f9a9dd960278381003e836073cde71119d3b892dde9434,ffdd2708cda2855a18fd4a81398631fadb59f1610b8dd3d36eefe8f678572c16,3672d037714419789c221c8c7564a09d4bd2e60bbf08a0fa3cd13f9a40a45c57,cbba1f67e2c26a1f241163d14c4d955aa93c178f38e5f65ab484b62775596dbb,0.3927869170438498
6,scaled-mse,1,0.05,0.9,119,r6_scaled-mse_sigma1_lr0.05,66,ok,,0.4704695881079355,6.0710013138643095,0.3865953818514778,0.11404563764618596,9cc5a5818d004f0f1492c246ba3ab8685b2df3f7dfd15cdf113ebebec42d8dee,01bf4e2b10f88360652600d185a9d719f05502f25f089d70da96eafa7fe4dfe3,a56289775eec0ce432a321db146cf9b88569ccab3daaa3aefaeb57ea0050cb73,f94f9210ef1ff1dfbe682a6006a492d2d383f30e3f71941cdb5c0b2c8319d6f5,0.40410112496465445
6,scaled-mse,1,0.05,0.9,120,r6_scaled-mse_sigma1_lr0.05,66,ok,,0.4867383445175832,6.198236980059115,0.42025783756021234,0.12355580424270243,69e5aaf107b63f46b6b057dfe99d3189e4f485b9649136f1718f398f646e43c6,dff4b17a330f664ec4d31f507c7603e7842ac94d65226c760d6e78cfa953aeb7,be8ede604a893ee87034e6fb596cea91ea3be8f191d448807bebae1ef6fbfe79,4939936f888881fec7dcaaa22bdc939f3e13b0069e4581c8b191c627c7ad6d41,0.4032552499556914
6,scaled-mse,1,0.1,0.9,111,r6_scaled-mse_sigma1_lr0.1,66,ok,,2.2912580113072645,8.090649214377132,0.06556237722406613,0.018947527017755116,6f4599f803588363f7f3f06a30082972087391773f80fd6d7eb3eadc6484859e,ff013eda1d426d67006a334f6583897c614d689f5823b14c442be63e78bb3962,46ec6552ea8abd2c67a85ebf993bb74a1984e0f557904f8a35ae4eb6d2b596da,922c88498695bd4cd2bce85cb58cec5948b0b2180f15c65c83fd8961fa62e3fc,0.4149605829734355
6,scaled-mse,1,0.1,0.9,112,r6_scaled-mse_sigma1_lr0.1,66,ok,,1.7027927790615984,7.3670316368992825,0.08830411539428236,0.025961409925919013,23158049f8a287709543a55b89f8943218b08cba397a67e034633640e70c99f6,3dd0b47c3c1ce23069083c16d0c2272714da54db5025db5646fd1228b010a5e8,b0126d22db14df8032614d0be237f7ba7f8faae015df79310d48a47a7e019709,4f0dfaf22fde2be953d09f6d5e1d430f855a074012b1744b4581503ac11ff36c,0.5694721670588478
6,scaled-mse,1,0.1,0.9,113,r6_scaled-mse_sigma1_lr0.1,66,ok,,0.402483755450729,6.021144309431387,0.42032127739038244,0.12777766832667625,1130bcd06d370ab57f1bc3a67409c755b267648b80a0f46e840060bb010d3ab8,db95c591d5ad7a1f08531cf0e04985b931fc730f28e8ed47b8c7c5d8ecd8db0c,494a09d0cb32c8fd575150abd91ad12074451b075c550159cd5a0edda3ce9c1b,191c09e53d0a687f6cad40fa2d14867ca63354cc5fb8b3e5cd829abf5c3cde96,0.6625913750613108
6,scaled-mse,1,0.1,0.9,114,r6_scaled-mse_sigma1_lr0.1,66,ok,,1.6018978178876673,7.239509648040446,0.127226825220182,0.03753191343995369,c8a7a565f4c34afcedf377bd8a33aee023bbafec99430b278d5183f906311b3e,52ceac77e1e0c99a5de90b23d52d3e2f15eb08da92d5b6842d3e92834a138f22,9fc9306ab4737b5804dc59a07264243c6abc622ca16efa0cd4d6bddf38b05e36,3e40fb00f0d7336f12289747d25109e06baa7865eaf0c7dd6f89a85970ed7fd9,0.6951172089902684
6,scaled-mse,1,0.1,0.9,115,r6_scaled-mse_sigma1_lr0.1,66,ok,,3.013714282856471,8.624315824643395,0.07944742289666798,0.023754779446103727,21e3187a25ce542a7fda12331f6df5573b7aa9cfb19c4d6a1242f48e9ab77257,c3a0cabd7487508470d585545f7b6a856897b0410105302f1b4d5c12944c190d,fae9b80b4b9bbecd172da441f7a298732dc4ec9c5fd56650a16ee48bf4f2164a,bc1fd3ebe710245a2b56359c12a723983a1561bde63e3b0b4bb20f0fbc68479e,0.6133687499677762
6,scaled-mse,1,0.1,0.9,116,r6_scaled-mse_sigma1_lr0.1,66,ok,,2.1086243494869508,7.82028490785243,0.05242650567297331,0.015990084230256857,b240340bda42b13e461b839e854e8931eb9b197c11fad589d1f07877b5a6c105,0d285e8573294ff0f8d626c9d7c79b1ffa6d14fb3071ba7be902aa48627a1c7e,67eaeaae05cc33550f061649f99bb92951375c55491458d36e2f1c224114a8b1,9cd885e5773e1a61573e6e4ab8e32f5435362a42796d8eff0025ba8c01455816,0.5547562499996275
6,scaled-mse,1,0.1,0.9,117,r6_scaled-mse_sigma1_lr0.1,66,ok,,2.0923904503865343,7.819407250436539,0.1687561331629591,0.0499518154162359,2ff937c83d36f7b3a5406c91e8755c50ce932575e34db68925452587b0ab77d6,32821079a74fe63f445d951a557ad18447fced01821fc77b6b8d137d2fe48881,6d2e8203ab09f7481803ba6cac1d0fef11989f0d29cc5ddaeca62054fed6f238,402a25298a9acbc5abce157f274c26389cdb90f04be171fa07ccd19e6af98b90,0.5313658750383183
6,scaled-mse,1,0.1,0.9,118,r6_scaled-mse_sigma1_lr0.1,66,ok,,2.0150322314788838,7.729302605501544,0.09909305019236322,0.028439705405208245,f9372f8f74b3a18b86f9a9dd960278381003e836073cde71119d3b892dde9434,ffdd2708cda2855a18fd4a81398631fadb59f1610b8dd3d36eefe8f678572c16,3672d037714419789c221c8c7564a09d4bd2e60bbf08a0fa3cd13f9a40a45c57,cbba1f67e2c26a1f241163d14c4d955aa93c178f38e5f65ab484b62775596dbb,0.4379511669976637
6,scaled-mse,1,0.1,0.9,119,r6_scaled-mse_sigma1_lr0.1,66,ok,,1.5855930408096992,7.186444836190099,0.10031816009930175,0.029593857229294016,9cc5a5818d004f0f1492c246ba3ab8685b2df3f7dfd15cdf113ebebec42d8dee,01bf4e2b10f88360652600d185a9d719f05502f25f089d70da96eafa7fe4dfe3,a56289775eec0ce432a321db146cf9b88569ccab3daaa3aefaeb57ea0050cb73,f94f9210ef1ff1dfbe682a6006a492d2d383f30e3f71941cdb5c0b2c8319d6f5,0.4361649580532685
6,scaled-mse,1,0.1,0.9,120,r6_scaled-mse_sigma1_lr0.1,66,ok,,1.9678819691486957,7.606155180695647,0.1560418701430207,0.045876309822048086,69e5aaf107b63f46b6b057dfe99d3189e4f485b9649136f1718f398f646e43c6,dff4b17a330f664ec4d31f507c7603e7842ac94d65226c760d6e78cfa953aeb7,be8ede604a893ee87034e6fb596cea91ea3be8f191d448807bebae1ef6fbfe79,4939936f888881fec7dcaaa22bdc939f3e13b0069e4581c8b191c627c7ad6d41,0.4323845829349011
6,scaled-mse,1,0.2,0.9,111,r6_scaled-mse_sigma1_lr0.2,66,ok,,1.5030900975965902,7.320371334456666,0.16305006192946536,0.04712146789761549,6f4599f803588363f7f3f06a30082972087391773f80fd6d7eb3eadc6484859e,ff013eda1d426d67006a334f6583897c614d689f5823b14c442be63e78bb3962,46ec6552ea8abd2c67a85ebf993bb74a1984e0f557904f8a35ae4eb6d2b596da,922c88498695bd4cd2bce85cb58cec5948b0b2180f15c65c83fd8961fa62e3fc,0.4437926249811426
6,scaled-mse,1,0.2,0.9,112,r6_scaled-mse_sigma1_lr0.2,66,ok,,1.8075758937671864,7.460411834805245,0.06370050067625048,0.01872794719881764,23158049f8a287709543a55b89f8943218b08cba397a67e034633640e70c99f6,3dd0b47c3c1ce23069083c16d0c2272714da54db5025db5646fd1228b010a5e8,b0126d22db14df8032614d0be237f7ba7f8faae015df79310d48a47a7e019709,4f0dfaf22fde2be953d09f6d5e1d430f855a074012b1744b4581503ac11ff36c,0.4457657499006018
6,scaled-mse,1,0.2,0.9,113,r6_scaled-mse_sigma1_lr0.2,66,ok,,0.5034919832998754,6.11120025698567,0.3991300533989145,0.12133553623327001,1130bcd06d370ab57f1bc3a67409c755b267648b80a0f46e840060bb010d3ab8,db95c591d5ad7a1f08531cf0e04985b931fc730f28e8ed47b8c7c5d8ecd8db0c,494a09d0cb32c8fd575150abd91ad12074451b075c550159cd5a0edda3ce9c1b,191c09e53d0a687f6cad40fa2d14867ca63354cc5fb8b3e5cd829abf5c3cde96,0.4445047499611974
6,scaled-mse,1,0.2,0.9,114,r6_scaled-mse_sigma1_lr0.2,66,ok,,1.664164748589776,7.30608805548391,0.15880080600309976,0.04684623777091443,c8a7a565f4c34afcedf377bd8a33aee023bbafec99430b278d5183f906311b3e,52ceac77e1e0c99a5de90b23d52d3e2f15eb08da92d5b6842d3e92834a138f22,9fc9306ab4737b5804dc59a07264243c6abc622ca16efa0cd4d6bddf38b05e36,3e40fb00f0d7336f12289747d25109e06baa7865eaf0c7dd6f89a85970ed7fd9,0.4297685839701444
6,scaled-mse,1,0.2,0.9,115,r6_scaled-mse_sigma1_lr0.2,66,ok,,2.405735448682996,8.035552699444738,0.12703875171580523,0.03798458676302576,21e3187a25ce542a7fda12331f6df5573b7aa9cfb19c4d6a1242f48e9ab77257,c3a0cabd7487508470d585545f7b6a856897b0410105302f1b4d5c12944c190d,fae9b80b4b9bbecd172da441f7a298732dc4ec9c5fd56650a16ee48bf4f2164a,bc1fd3ebe710245a2b56359c12a723983a1561bde63e3b0b4bb20f0fbc68479e,0.41771179100032896
6,scaled-mse,1,0.2,0.9,116,r6_scaled-mse_sigma1_lr0.2,66,ok,,2.5500556493904227,8.292739213805092,0.11778465608773277,0.035924320106758494,b240340bda42b13e461b839e854e8931eb9b197c11fad589d1f07877b5a6c105,0d285e8573294ff0f8d626c9d7c79b1ffa6d14fb3071ba7be902aa48627a1c7e,67eaeaae05cc33550f061649f99bb92951375c55491458d36e2f1c224114a8b1,9cd885e5773e1a61573e6e4ab8e32f5435362a42796d8eff0025ba8c01455816,0.4042457089526579
6,scaled-mse,1,0.2,0.9,117,r6_scaled-mse_sigma1_lr0.2,66,ok,,2.8516849815788077,8.605337724605503,0.11392547898099346,0.033721941778374065,2ff937c83d36f7b3a5406c91e8755c50ce932575e34db68925452587b0ab77d6,32821079a74fe63f445d951a557ad18447fced01821fc77b6b8d137d2fe48881,6d2e8203ab09f7481803ba6cac1d0fef11989f0d29cc5ddaeca62054fed6f238,402a25298a9acbc5abce157f274c26389cdb90f04be171fa07ccd19e6af98b90,0.3872474159579724
6,scaled-mse,1,0.2,0.9,118,r6_scaled-mse_sigma1_lr0.2,66,ok,,0.37812073617263864,6.12303375785489,0.3973916709035916,0.1140514095493308,f9372f8f74b3a18b86f9a9dd960278381003e836073cde71119d3b892dde9434,ffdd2708cda2855a18fd4a81398631fadb59f1610b8dd3d36eefe8f678572c16,3672d037714419789c221c8c7564a09d4bd2e60bbf08a0fa3cd13f9a40a45c57,cbba1f67e2c26a1f241163d14c4d955aa93c178f38e5f65ab484b62775596dbb,0.3914441659580916
6,scaled-mse,1,0.2,0.9,119,r6_scaled-mse_sigma1_lr0.2,66,ok,,1.5434612641957237,7.158728812713084,0.0969587640574527,0.028602835396948547,9cc5a5818d004f0f1492c246ba3ab8685b2df3f7dfd15cdf113ebebec42d8dee,01bf4e2b10f88360652600d185a9d719f05502f25f089d70da96eafa7fe4dfe3,a56289775eec0ce432a321db146cf9b88569ccab3daaa3aefaeb57ea0050cb73,f94f9210ef1ff1dfbe682a6006a492d2d383f30e3f71941cdb5c0b2c8319d6f5,0.4063220419920981
6,scaled-mse,1,0.2,0.9,120,r6_scaled-mse_sigma1_lr0.2,66,ok,,1.4588666066147626,7.181142320206964,0.17248889986858168,0.05071173656136301,69e5aaf107b63f46b6b057dfe99d3189e4f485b9649136f1718f398f646e43c6,dff4b17a330f664ec4d31f507c7603e7842ac94d65226c760d6e78cfa953aeb7,be8ede604a893ee87034e6fb596cea91ea3be8f191d448807bebae1ef6fbfe79,4939936f888881fec7dcaaa22bdc939f3e13b0069e4581c8b191c627c7ad6d41,0.37894466693978757
