architecture,objective,lr,seed,key,kl,validation_nll,recovery_1000,coverage_1000,parameters,seconds,sample_sha256,initial_sha256
dense,expected-parity,0.005,111,dense_expected-parity_lr0.005,0.6870219420453094,6.434062264628338,0.4344607063349319,0.12555914413079533,66,0.3922263329150155,6f4599f803588363f7f3f06a30082972087391773f80fd6d7eb3eadc6484859e,922c88498695bd4cd2bce85cb58cec5948b0b2180f15c65c83fd8961fa62e3fc
dense,expected-parity,0.005,112,dense_expected-parity_lr0.005,0.6066676750973129,6.265130676113629,0.3927699418130713,0.11547436289304296,66,0.3860365829896182,23158049f8a287709543a55b89f8943218b08cba397a67e034633640e70c99f6,4f0dfaf22fde2be953d09f6d5e1d430f855a074012b1744b4581503ac11ff36c
dense,expected-parity,0.005,113,dense_expected-parity_lr0.005,0.5937228988554017,6.176922854565939,0.40324373623314386,0.12258609581487573,66,0.39121987496037036,1130bcd06d370ab57f1bc3a67409c755b267648b80a0f46e840060bb010d3ab8,191c09e53d0a687f6cad40fa2d14867ca63354cc5fb8b3e5cd829abf5c3cde96
dense,expected-parity,0.005,114,dense_expected-parity_lr0.005,0.7179075158449568,6.389643239087217,0.3998591688569657,0.11795845481280488,66,0.3965922079514712,c8a7a565f4c34afcedf377bd8a33aee023bbafec99430b278d5183f906311b3e,3e40fb00f0d7336f12289747d25109e06baa7865eaf0c7dd6f89a85970ed7fd9
dense,expected-parity,0.005,115,dense_expected-parity_lr0.005,0.6144417034554364,6.183140615325573,0.4160306964571979,0.12439317824070219,66,0.3940389999188483,21e3187a25ce542a7fda12331f6df5573b7aa9cfb19c4d6a1242f48e9ab77257,bc1fd3ebe710245a2b56359c12a723983a1561bde63e3b0b4bb20f0fbc68479e
dense,expected-parity,0.005,116,dense_expected-parity_lr0.005,0.6841545309495363,6.361735594425393,0.3938063259475227,0.12011092941399441,66,0.3932533749612048,b240340bda42b13e461b839e854e8931eb9b197c11fad589d1f07877b5a6c105,9cd885e5773e1a61573e6e4ab8e32f5435362a42796d8eff0025ba8c01455816
dense,expected-parity,0.005,117,dense_expected-parity_lr0.005,0.6797073132434621,6.313276005883481,0.42323568172877996,0.12527776179171887,66,0.41223462496418506,2ff937c83d36f7b3a5406c91e8755c50ce932575e34db68925452587b0ab77d6,402a25298a9acbc5abce157f274c26389cdb90f04be171fa07ccd19e6af98b90
dense,expected-parity,0.005,118,dense_expected-parity_lr0.005,0.6335404124734636,6.3706496630724345,0.39707496270515535,0.11396051429637959,66,0.4082806250080466,f9372f8f74b3a18b86f9a9dd960278381003e836073cde71119d3b892dde9434,cbba1f67e2c26a1f241163d14c4d955aa93c178f38e5f65ab484b62775596dbb
dense,expected-parity,0.005,119,dense_expected-parity_lr0.005,0.684966852983073,6.334781791272754,0.41645392684679683,0.12285390841980506,66,0.4216622089734301,9cc5a5818d004f0f1492c246ba3ab8685b2df3f7dfd15cdf113ebebec42d8dee,f94f9210ef1ff1dfbe682a6006a492d2d383f30e3f71941cdb5c0b2c8319d6f5
dense,expected-parity,0.005,120,dense_expected-parity_lr0.005,0.6913014549518586,6.460977396359129,0.404190320915903,0.11883195434927549,66,0.4100007499800995,69e5aaf107b63f46b6b057dfe99d3189e4f485b9649136f1718f398f646e43c6,4939936f888881fec7dcaaa22bdc939f3e13b0069e4581c8b191c627c7ad6d41
dense,expected-parity,0.01,111,dense_expected-parity_lr0.01,0.5240626794752392,6.285723169599161,0.44525269358425107,0.12867802844584855,66,0.39362904196605086,6f4599f803588363f7f3f06a30082972087391773f80fd6d7eb3eadc6484859e,922c88498695bd4cd2bce85cb58cec5948b0b2180f15c65c83fd8961fa62e3fc
dense,expected-parity,0.01,112,dense_expected-parity_lr0.01,0.5099551265576322,6.142412275696862,0.42898972257527296,0.12612297843713025,66,0.3904589159647003,23158049f8a287709543a55b89f8943218b08cba397a67e034633640e70c99f6,4f0dfaf22fde2be953d09f6d5e1d430f855a074012b1744b4581503ac11ff36c
dense,expected-parity,0.01,113,dense_expected-parity_lr0.01,0.5336420023802406,6.148370428115351,0.436864325740383,0.13280675502507644,66,0.39261287497356534,1130bcd06d370ab57f1bc3a67409c755b267648b80a0f46e840060bb010d3ab8,191c09e53d0a687f6cad40fa2d14867ca63354cc5fb8b3e5cd829abf5c3cde96
dense,expected-parity,0.01,114,dense_expected-parity_lr0.01,0.5110070082669478,6.127679652229008,0.4091075233908623,0.12068671940030438,66,0.40152345795650035,c8a7a565f4c34afcedf377bd8a33aee023bbafec99430b278d5183f906311b3e,3e40fb00f0d7336f12289747d25109e06baa7865eaf0c7dd6f89a85970ed7fd9
dense,expected-parity,0.01,115,dense_expected-parity_lr0.01,0.5073753911457872,6.117613602797519,0.4234006909460677,0.12659680659287426,66,0.3934642079984769,21e3187a25ce542a7fda12331f6df5573b7aa9cfb19c4d6a1242f48e9ab77257,bc1fd3ebe710245a2b56359c12a723983a1561bde63e3b0b4bb20f0fbc68479e
dense,expected-parity,0.01,116,dense_expected-parity_lr0.01,0.5996883856184039,6.257285544622457,0.4042060007091182,0.12328283021628106,66,0.3892834580037743,b240340bda42b13e461b839e854e8931eb9b197c11fad589d1f07877b5a6c105,9cd885e5773e1a61573e6e4ab8e32f5435362a42796d8eff0025ba8c01455816
dense,expected-parity,0.01,117,dense_expected-parity_lr0.01,0.5068293450712662,6.156795314978384,0.42183181141622234,0.1248622161792018,66,0.39259299996774644,2ff937c83d36f7b3a5406c91e8755c50ce932575e34db68925452587b0ab77d6,402a25298a9acbc5abce157f274c26389cdb90f04be171fa07ccd19e6af98b90
dense,expected-parity,0.01,118,dense_expected-parity_lr0.01,0.5099684036167148,6.213816883297946,0.42598792611751773,0.12225853479572758,66,0.3977838749997318,f9372f8f74b3a18b86f9a9dd960278381003e836073cde71119d3b892dde9434,cbba1f67e2c26a1f241163d14c4d955aa93c178f38e5f65ab484b62775596dbb
dense,expected-parity,0.01,119,dense_expected-parity_lr0.01,0.4350961158906781,6.038081183396007,0.40863205310974543,0.1205464556673749,66,0.46718162507750094,9cc5a5818d004f0f1492c246ba3ab8685b2df3f7dfd15cdf113ebebec42d8dee,f94f9210ef1ff1dfbe682a6006a492d2d383f30e3f71941cdb5c0b2c8319d6f5
dense,expected-parity,0.01,120,dense_expected-parity_lr0.01,0.3720385346010884,6.048320145875768,0.46646305078981176,0.13714013693220464,66,0.4610916250385344,69e5aaf107b63f46b6b057dfe99d3189e4f485b9649136f1718f398f646e43c6,4939936f888881fec7dcaaa22bdc939f3e13b0069e4581c8b191c627c7ad6d41
dense,expected-parity,0.02,111,dense_expected-parity_lr0.02,0.479302102777453,6.268550110961662,0.4284148470137231,0.12381189078696599,66,0.46460091695189476,6f4599f803588363f7f3f06a30082972087391773f80fd6d7eb3eadc6484859e,922c88498695bd4cd2bce85cb58cec5948b0b2180f15c65c83fd8961fa62e3fc
dense,expected-parity,0.02,112,dense_expected-parity_lr0.02,0.40245143775869696,6.056134669659705,0.4237211525303787,0.12457401884393132,66,0.46773758297786117,23158049f8a287709543a55b89f8943218b08cba397a67e034633640e70c99f6,4f0dfaf22fde2be953d09f6d5e1d430f855a074012b1744b4581503ac11ff36c
dense,expected-parity,0.02,113,dense_expected-parity_lr0.02,0.45650203835554914,6.09532182298115,0.4339681955357971,0.13192633144288232,66,0.40265462500974536,1130bcd06d370ab57f1bc3a67409c755b267648b80a0f46e840060bb010d3ab8,191c09e53d0a687f6cad40fa2d14867ca63354cc5fb8b3e5cd829abf5c3cde96
dense,expected-parity,0.02,114,dense_expected-parity_lr0.02,0.4495943114135673,6.074468500038885,0.41885128193924637,0.12356112817207768,66,0.4014559159986675,c8a7a565f4c34afcedf377bd8a33aee023bbafec99430b278d5183f906311b3e,3e40fb00f0d7336f12289747d25109e06baa7865eaf0c7dd6f89a85970ed7fd9
dense,expected-parity,0.02,115,dense_expected-parity_lr0.02,0.4619211550859135,6.061056574190341,0.42891476590592376,0.1282455150058712,66,0.40151287498883903,21e3187a25ce542a7fda12331f6df5573b7aa9cfb19c4d6a1242f48e9ab77257,bc1fd3ebe710245a2b56359c12a723983a1561bde63e3b0b4bb20f0fbc68479e
dense,expected-parity,0.02,116,dense_expected-parity_lr0.02,0.5103473046143179,6.193446918454547,0.4115307362832834,0.12551687456640145,66,0.39949379197787493,b240340bda42b13e461b839e854e8931eb9b197c11fad589d1f07877b5a6c105,9cd885e5773e1a61573e6e4ab8e32f5435362a42796d8eff0025ba8c01455816
dense,expected-parity,0.02,117,dense_expected-parity_lr0.02,0.4117501991995207,6.066434724658817,0.4259273520539859,0.12607449620797984,66,0.4028923329897225,2ff937c83d36f7b3a5406c91e8755c50ce932575e34db68925452587b0ab77d6,402a25298a9acbc5abce157f274c26389cdb90f04be171fa07ccd19e6af98b90
dense,expected-parity,0.02,118,dense_expected-parity_lr0.02,0.4088836746627908,6.132392089031227,0.42943620029456936,0.1232481894845414,66,0.4061745830113068,f9372f8f74b3a18b86f9a9dd960278381003e836073cde71119d3b892dde9434,cbba1f67e2c26a1f241163d14c4d955aa93c178f38e5f65ab484b62775596dbb
dense,expected-parity,0.02,119,dense_expected-parity_lr0.02,0.423004827356644,6.055702972957738,0.40478350223288323,0.11941113315870056,66,0.4032082500634715,9cc5a5818d004f0f1492c246ba3ab8685b2df3f7dfd15cdf113ebebec42d8dee,f94f9210ef1ff1dfbe682a6006a492d2d383f30e3f71941cdb5c0b2c8319d6f5
dense,expected-parity,0.02,120,dense_expected-parity_lr0.02,0.31024381741965934,5.992338669533024,0.49297510842460224,0.14493468187683306,66,0.4041862500598654,69e5aaf107b63f46b6b057dfe99d3189e4f485b9649136f1718f398f646e43c6,4939936f888881fec7dcaaa22bdc939f3e13b0069e4581c8b191c627c7ad6d41
dense,expected-parity,0.05,111,dense_expected-parity_lr0.05,0.4807238632162598,6.25434090695423,0.4436145945922801,0.12820461783716894,66,0.41946787491906434,6f4599f803588363f7f3f06a30082972087391773f80fd6d7eb3eadc6484859e,922c88498695bd4cd2bce85cb58cec5948b0b2180f15c65c83fd8961fa62e3fc
dense,expected-parity,0.05,112,dense_expected-parity_lr0.05,0.37982919429464534,6.021836016867348,0.435277528676294,0.12797159343083045,66,0.41277533303946257,23158049f8a287709543a55b89f8943218b08cba397a67e034633640e70c99f6,4f0dfaf22fde2be953d09f6d5e1d430f855a074012b1744b4581503ac11ff36c
dense,expected-parity,0.05,113,dense_expected-parity_lr0.05,0.37699844423882684,5.985604906922372,0.43177638344555286,0.13126002056744807,66,0.40971329202875495,1130bcd06d370ab57f1bc3a67409c755b267648b80a0f46e840060bb010d3ab8,191c09e53d0a687f6cad40fa2d14867ca63354cc5fb8b3e5cd829abf5c3cde96
dense,expected-parity,0.05,114,dense_expected-parity_lr0.05,0.48280227222659394,6.174529724503322,0.3954925588683859,0.11667030486617383,66,0.4180496250046417,c8a7a565f4c34afcedf377bd8a33aee023bbafec99430b278d5183f906311b3e,3e40fb00f0d7336f12289747d25109e06baa7865eaf0c7dd6f89a85970ed7fd9
dense,expected-parity,0.05,115,dense_expected-parity_lr0.05,0.3265650374449202,5.924555535689192,0.44841648120737193,0.13407652788100421,66,0.3981252080993727,21e3187a25ce542a7fda12331f6df5573b7aa9cfb19c4d6a1242f48e9ab77257,bc1fd3ebe710245a2b56359c12a723983a1561bde63e3b0b4bb20f0fbc68479e
dense,expected-parity,0.05,116,dense_expected-parity_lr0.05,0.4174102526183232,6.078242762531448,0.37750614619555883,0.11513937458964545,66,0.3980697919614613,b240340bda42b13e461b839e854e8931eb9b197c11fad589d1f07877b5a6c105,9cd885e5773e1a61573e6e4ab8e32f5435362a42796d8eff0025ba8c01455816
dense,expected-parity,0.05,117,dense_expected-parity_lr0.05,0.4298047475899745,6.110289802159823,0.4214421324250198,0.12474687119780586,66,0.3986619580537081,2ff937c83d36f7b3a5406c91e8755c50ce932575e34db68925452587b0ab77d6,402a25298a9acbc5abce157f274c26389cdb90f04be171fa07ccd19e6af98b90
dense,expected-parity,0.05,118,dense_expected-parity_lr0.05,0.3804373552464847,6.100793726323156,0.4375155143057443,0.1255669526057486,66,0.400455208029598,f9372f8f74b3a18b86f9a9dd960278381003e836073cde71119d3b892dde9434,cbba1f67e2c26a1f241163d14c4d955aa93c178f38e5f65ab484b62775596dbb
dense,expected-parity,0.05,119,dense_expected-parity_lr0.05,0.41016824317420664,6.037880570288457,0.4298904089907516,0.1268176706522717,66,0.4157509159995243,9cc5a5818d004f0f1492c246ba3ab8685b2df3f7dfd15cdf113ebebec42d8dee,f94f9210ef1ff1dfbe682a6006a492d2d383f30e3f71941cdb5c0b2c8319d6f5
dense,expected-parity,0.05,120,dense_expected-parity_lr0.05,0.29239854854403624,5.961045682228343,0.48262451901484404,0.14189160859036415,66,0.4144327500835061,69e5aaf107b63f46b6b057dfe99d3189e4f485b9649136f1718f398f646e43c6,4939936f888881fec7dcaaa22bdc939f3e13b0069e4581c8b191c627c7ad6d41
dense,expected-parity,0.1,111,dense_expected-parity_lr0.1,0.40720890838731083,6.1664253033132965,0.43543052489750145,0.12583942169537793,66,0.41434108291286975,6f4599f803588363f7f3f06a30082972087391773f80fd6d7eb3eadc6484859e,922c88498695bd4cd2bce85cb58cec5948b0b2180f15c65c83fd8961fa62e3fc
dense,expected-parity,0.1,112,dense_expected-parity_lr0.1,0.3729244135002629,5.97612529940434,0.43671717526758164,0.128394849528669,66,0.4108293750323355,23158049f8a287709543a55b89f8943218b08cba397a67e034633640e70c99f6,4f0dfaf22fde2be953d09f6d5e1d430f855a074012b1744b4581503ac11ff36c
dense,expected-parity,0.1,113,dense_expected-parity_lr0.1,0.3947466739500245,6.018022376064542,0.4168936260881366,0.12673566233079353,66,0.43347245804034173,1130bcd06d370ab57f1bc3a67409c755b267648b80a0f46e840060bb010d3ab8,191c09e53d0a687f6cad40fa2d14867ca63354cc5fb8b3e5cd829abf5c3cde96
dense,expected-parity,0.1,114,dense_expected-parity_lr0.1,0.4368854694813896,6.154254377780701,0.4199262298010069,0.12387823779129704,66,0.43419791699852794,c8a7a565f4c34afcedf377bd8a33aee023bbafec99430b278d5183f906311b3e,3e40fb00f0d7336f12289747d25109e06baa7865eaf0c7dd6f89a85970ed7fd9
dense,expected-parity,0.1,115,dense_expected-parity_lr0.1,0.41343050761243594,5.985617045391316,0.43113966720375374,0.12891076049392236,66,0.43340541690122336,21e3187a25ce542a7fda12331f6df5573b7aa9cfb19c4d6a1242f48e9ab77257,bc1fd3ebe710245a2b56359c12a723983a1561bde63e3b0b4bb20f0fbc68479e
dense,expected-parity,0.1,116,dense_expected-parity_lr0.1,0.4153145768012698,6.091139558553885,0.4017309469658103,0.12252793882457215,66,0.4386941249249503,b240340bda42b13e461b839e854e8931eb9b197c11fad589d1f07877b5a6c105,9cd885e5773e1a61573e6e4ab8e32f5435362a42796d8eff0025ba8c01455816
dense,expected-parity,0.1,117,dense_expected-parity_lr0.1,0.366417399441068,6.001851131178392,0.4287900601356968,0.12692185780016624,66,0.41813891695346683,2ff937c83d36f7b3a5406c91e8755c50ce932575e34db68925452587b0ab77d6,402a25298a9acbc5abce157f274c26389cdb90f04be171fa07ccd19e6af98b90
dense,expected-parity,0.1,118,dense_expected-parity_lr0.1,0.3422469153694526,6.078423450826342,0.453588501849557,0.13017990003082286,66,0.4109842089237645,f9372f8f74b3a18b86f9a9dd960278381003e836073cde71119d3b892dde9434,cbba1f67e2c26a1f241163d14c4d955aa93c178f38e5f65ab484b62775596dbb
dense,expected-parity,0.1,119,dense_expected-parity_lr0.1,0.43104496001036696,6.062874942044442,0.444175403496505,0.13103174403146897,66,0.4130739999236539,9cc5a5818d004f0f1492c246ba3ab8685b2df3f7dfd15cdf113ebebec42d8dee,f94f9210ef1ff1dfbe682a6006a492d2d383f30e3f71941cdb5c0b2c8319d6f5
dense,expected-parity,0.1,120,dense_expected-parity_lr0.1,0.3822948900281997,6.098424965351757,0.44795206391233083,0.13169790679022525,66,0.42427404201589525,69e5aaf107b63f46b6b057dfe99d3189e4f485b9649136f1718f398f646e43c6,4939936f888881fec7dcaaa22bdc939f3e13b0069e4581c8b191c627c7ad6d41
dense,mse,0.005,111,dense_mse_lr0.005,0.7199280483706565,6.470687460841642,0.40509482618375564,0.11707240476710538,66,0.31215291598346084,6f4599f803588363f7f3f06a30082972087391773f80fd6d7eb3eadc6484859e,922c88498695bd4cd2bce85cb58cec5948b0b2180f15c65c83fd8961fa62e3fc
dense,mse,0.005,112,dense_mse_lr0.005,0.8195433025355818,6.500156317775067,0.3663521676426484,0.10770753728693863,66,0.3108858750201762,23158049f8a287709543a55b89f8943218b08cba397a67e034633640e70c99f6,4f0dfaf22fde2be953d09f6d5e1d430f855a074012b1744b4581503ac11ff36c
dense,mse,0.005,113,dense_mse_lr0.005,0.9025675573073706,6.455994056130743,0.4047599798805811,0.12304703388369666,66,0.31394087499938905,1130bcd06d370ab57f1bc3a67409c755b267648b80a0f46e840060bb010d3ab8,191c09e53d0a687f6cad40fa2d14867ca63354cc5fb8b3e5cd829abf5c3cde96
dense,mse,0.005,114,dense_mse_lr0.005,0.9207850224992697,6.6043109156381155,0.38131542235503263,0.11248804959473463,66,0.31264949997421354,c8a7a565f4c34afcedf377bd8a33aee023bbafec99430b278d5183f906311b3e,3e40fb00f0d7336f12289747d25109e06baa7865eaf0c7dd6f89a85970ed7fd9
dense,mse,0.005,115,dense_mse_lr0.005,1.0542824394207941,6.628742480360566,0.3346730858414664,0.10006725266659845,66,0.3128359999973327,21e3187a25ce542a7fda12331f6df5573b7aa9cfb19c4d6a1242f48e9ab77257,bc1fd3ebe710245a2b56359c12a723983a1561bde63e3b0b4bb20f0fbc68479e
dense,mse,0.005,116,dense_mse_lr0.005,0.8720503922574274,6.504208239766946,0.3801061681630071,0.11593238128971715,66,0.3090509580215439,b240340bda42b13e461b839e854e8931eb9b197c11fad589d1f07877b5a6c105,9cd885e5773e1a61573e6e4ab8e32f5435362a42796d8eff0025ba8c01455816
dense,mse,0.005,117,dense_mse_lr0.005,0.932773418890386,6.643667179776889,0.3740051943040203,0.11070553751399001,66,0.3147930409759283,2ff937c83d36f7b3a5406c91e8755c50ce932575e34db68925452587b0ab77d6,402a25298a9acbc5abce157f274c26389cdb90f04be171fa07ccd19e6af98b90
dense,mse,0.005,118,dense_mse_lr0.005,0.7880894546619542,6.527373507938081,0.38802201726087704,0.1113623189538717,66,0.31420312507543713,f9372f8f74b3a18b86f9a9dd960278381003e836073cde71119d3b892dde9434,cbba1f67e2c26a1f241163d14c4d955aa93c178f38e5f65ab484b62775596dbb
dense,mse,0.005,119,dense_mse_lr0.005,1.0120937474789944,6.64836745233136,0.38563316715042306,0.11376178430937481,66,0.3216614170232788,9cc5a5818d004f0f1492c246ba3ab8685b2df3f7dfd15cdf113ebebec42d8dee,f94f9210ef1ff1dfbe682a6006a492d2d383f30e3f71941cdb5c0b2c8319d6f5
dense,mse,0.005,120,dense_mse_lr0.005,1.1370750471077535,6.852874611491345,0.35409182511654114,0.1041029965842631,66,0.33527091704308987,69e5aaf107b63f46b6b057dfe99d3189e4f485b9649136f1718f398f646e43c6,4939936f888881fec7dcaaa22bdc939f3e13b0069e4581c8b191c627c7ad6d41
dense,mse,0.01,111,dense_mse_lr0.01,0.688761265831235,6.446707155969314,0.4009776835423238,0.11588255054373159,66,0.32424700004048645,6f4599f803588363f7f3f06a30082972087391773f80fd6d7eb3eadc6484859e,922c88498695bd4cd2bce85cb58cec5948b0b2180f15c65c83fd8961fa62e3fc
dense,mse,0.01,112,dense_mse_lr0.01,0.5927563821785635,6.2609848113449384,0.379649823285612,0.11161704804596992,66,0.34006133303046227,23158049f8a287709543a55b89f8943218b08cba397a67e034633640e70c99f6,4f0dfaf22fde2be953d09f6d5e1d430f855a074012b1744b4581503ac11ff36c
dense,mse,0.01,113,dense_mse_lr0.01,0.5038867108264296,6.122076126890603,0.4083405757660696,0.12413553503288516,66,0.3115121659357101,1130bcd06d370ab57f1bc3a67409c755b267648b80a0f46e840060bb010d3ab8,191c09e53d0a687f6cad40fa2d14867ca63354cc5fb8b3e5cd829abf5c3cde96
dense,mse,0.01,114,dense_mse_lr0.01,0.6416392687374363,6.30233725789324,0.40388100914526026,0.11914489769785178,66,0.31086137506645173,c8a7a565f4c34afcedf377bd8a33aee023bbafec99430b278d5183f906311b3e,3e40fb00f0d7336f12289747d25109e06baa7865eaf0c7dd6f89a85970ed7fd9
dense,mse,0.01,115,dense_mse_lr0.01,0.7809444386422247,6.370077038481226,0.3782841173755681,0.11310695109529487,66,0.3158267919206992,21e3187a25ce542a7fda12331f6df5573b7aa9cfb19c4d6a1242f48e9ab77257,bc1fd3ebe710245a2b56359c12a723983a1561bde63e3b0b4bb20f0fbc68479e
dense,mse,0.01,116,dense_mse_lr0.01,0.6979993860676965,6.357483392506922,0.37369238421993145,0.11397617718707909,66,0.3120404580840841,b240340bda42b13e461b839e854e8931eb9b197c11fad589d1f07877b5a6c105,9cd885e5773e1a61573e6e4ab8e32f5435362a42796d8eff0025ba8c01455816
dense,mse,0.01,117,dense_mse_lr0.01,0.6619636881543843,6.3847353682470915,0.40409083163201065,0.11961088616307515,66,0.3163862500805408,2ff937c83d36f7b3a5406c91e8755c50ce932575e34db68925452587b0ab77d6,402a25298a9acbc5abce157f274c26389cdb90f04be171fa07ccd19e6af98b90
dense,mse,0.01,118,dense_mse_lr0.01,0.590626220066707,6.349829161673961,0.3892190111758601,0.11170585620747185,66,0.312245958019048,f9372f8f74b3a18b86f9a9dd960278381003e836073cde71119d3b892dde9434,cbba1f67e2c26a1f241163d14c4d955aa93c178f38e5f65ab484b62775596dbb
dense,mse,0.01,119,dense_mse_lr0.01,0.7172794176259866,6.326517671557728,0.3886119147722887,0.11464051485782516,66,0.31141004199162126,9cc5a5818d004f0f1492c246ba3ab8685b2df3f7dfd15cdf113ebebec42d8dee,f94f9210ef1ff1dfbe682a6006a492d2d383f30e3f71941cdb5c0b2c8319d6f5
dense,mse,0.01,120,dense_mse_lr0.01,0.6572399320463648,6.352610148947172,0.36863442471180435,0.10837852086527049,66,0.31471637508366257,69e5aaf107b63f46b6b057dfe99d3189e4f485b9649136f1718f398f646e43c6,4939936f888881fec7dcaaa22bdc939f3e13b0069e4581c8b191c627c7ad6d41
dense,mse,0.02,111,dense_mse_lr0.02,0.5953842403409368,6.349183190807453,0.3940507670133712,0.11388067166686429,66,0.3195715829497203,6f4599f803588363f7f3f06a30082972087391773f80fd6d7eb3eadc6484859e,922c88498695bd4cd2bce85cb58cec5948b0b2180f15c65c83fd8961fa62e3fc
dense,mse,0.02,112,dense_mse_lr0.02,0.5970846127175378,6.235287299950165,0.37381365072252076,0.1099012133124211,66,0.3170917920069769,23158049f8a287709543a55b89f8943218b08cba397a67e034633640e70c99f6,4f0dfaf22fde2be953d09f6d5e1d430f855a074012b1744b4581503ac11ff36c
dense,mse,0.02,113,dense_mse_lr0.02,0.4786004290617354,6.087149657164425,0.40975234502146307,0.12456471288652478,66,0.3195241669891402,1130bcd06d370ab57f1bc3a67409c755b267648b80a0f46e840060bb010d3ab8,191c09e53d0a687f6cad40fa2d14867ca63354cc5fb8b3e5cd829abf5c3cde96
dense,mse,0.02,114,dense_mse_lr0.02,0.6075806753933136,6.299011716778847,0.38190118255695216,0.11266084885430087,66,0.31870349997188896,c8a7a565f4c34afcedf377bd8a33aee023bbafec99430b278d5183f906311b3e,3e40fb00f0d7336f12289747d25109e06baa7865eaf0c7dd6f89a85970ed7fd9
dense,mse,0.02,115,dense_mse_lr0.02,0.5767990198796035,6.129179148086909,0.38580612774618933,0.11535603219611062,66,0.347035082988441,21e3187a25ce542a7fda12331f6df5573b7aa9cfb19c4d6a1242f48e9ab77257,bc1fd3ebe710245a2b56359c12a723983a1561bde63e3b0b4bb20f0fbc68479e
dense,mse,0.02,116,dense_mse_lr0.02,0.7269534925139847,6.396845942977792,0.35517049386109795,0.10832700062763487,66,0.33390104107093066,b240340bda42b13e461b839e854e8931eb9b197c11fad589d1f07877b5a6c105,9cd885e5773e1a61573e6e4ab8e32f5435362a42796d8eff0025ba8c01455816
dense,mse,0.02,117,dense_mse_lr0.02,0.5619353569246117,6.2554067731692795,0.4199451145591292,0.12430375390950224,66,0.3475717499386519,2ff937c83d36f7b3a5406c91e8755c50ce932575e34db68925452587b0ab77d6,402a25298a9acbc5abce157f274c26389cdb90f04be171fa07ccd19e6af98b90
dense,mse,0.02,118,dense_mse_lr0.02,0.485966145666603,6.210275407326475,0.4036217555856125,0.11583944385307078,66,0.3545025419443846,f9372f8f74b3a18b86f9a9dd960278381003e836073cde71119d3b892dde9434,cbba1f67e2c26a1f241163d14c4d955aa93c178f38e5f65ab484b62775596dbb
dense,mse,0.02,119,dense_mse_lr0.02,0.619396201235931,6.243703102520732,0.36266101095819453,0.10698499823266738,66,0.3186793749919161,9cc5a5818d004f0f1492c246ba3ab8685b2df3f7dfd15cdf113ebebec42d8dee,f94f9210ef1ff1dfbe682a6006a492d2d383f30e3f71941cdb5c0b2c8319d6f5
dense,mse,0.02,120,dense_mse_lr0.02,0.4554000548260586,6.187285153609939,0.4107249375851108,0.12075313165002258,66,0.3238973750267178,69e5aaf107b63f46b6b057dfe99d3189e4f485b9649136f1718f398f646e43c6,4939936f888881fec7dcaaa22bdc939f3e13b0069e4581c8b191c627c7ad6d41
dense,mse,0.05,111,dense_mse_lr0.05,0.4925166364230228,6.241126233404332,0.4141502567262481,0.1196894241938857,66,0.3159697080263868,6f4599f803588363f7f3f06a30082972087391773f80fd6d7eb3eadc6484859e,922c88498695bd4cd2bce85cb58cec5948b0b2180f15c65c83fd8961fa62e3fc
dense,mse,0.05,112,dense_mse_lr0.05,0.41552047223591765,6.071572120652943,0.4182786776696011,0.12297393123486272,66,0.3171878749271855,23158049f8a287709543a55b89f8943218b08cba397a67e034633640e70c99f6,4f0dfaf22fde2be953d09f6d5e1d430f855a074012b1744b4581503ac11ff36c
dense,mse,0.05,113,dense_mse_lr0.05,0.5085419244735925,6.132782864967834,0.37818312043350566,0.11496766861178573,66,0.316603249986656,1130bcd06d370ab57f1bc3a67409c755b267648b80a0f46e840060bb010d3ab8,191c09e53d0a687f6cad40fa2d14867ca63354cc5fb8b3e5cd829abf5c3cde96
dense,mse,0.05,114,dense_mse_lr0.05,0.3445172252272239,6.0247622756638775,0.42491116400246987,0.1253487933807286,66,0.3145629999926314,c8a7a565f4c34afcedf377bd8a33aee023bbafec99430b278d5183f906311b3e,3e40fb00f0d7336f12289747d25109e06baa7865eaf0c7dd6f89a85970ed7fd9
dense,mse,0.05,115,dense_mse_lr0.05,0.5036334574537806,6.059963739582836,0.365773961182234,0.10936641439348796,66,0.3166021250654012,21e3187a25ce542a7fda12331f6df5573b7aa9cfb19c4d6a1242f48e9ab77257,bc1fd3ebe710245a2b56359c12a723983a1561bde63e3b0b4bb20f0fbc68479e
dense,mse,0.05,116,dense_mse_lr0.05,0.5469978634811656,6.243565800865826,0.3798400717837104,0.11585122189403167,66,0.3153377919225022,b240340bda42b13e461b839e854e8931eb9b197c11fad589d1f07877b5a6c105,9cd885e5773e1a61573e6e4ab8e32f5435362a42796d8eff0025ba8c01455816
dense,mse,0.05,117,dense_mse_lr0.05,0.5166325806691926,6.165677343920241,0.3729894955706461,0.11040489068891124,66,0.31160770903807133,2ff937c83d36f7b3a5406c91e8755c50ce932575e34db68925452587b0ab77d6,402a25298a9acbc5abce157f274c26389cdb90f04be171fa07ccd19e6af98b90
dense,mse,0.05,118,dense_mse_lr0.05,0.5092313166662261,6.252374649828085,0.3875768963317278,0.11123456924720589,66,0.31444570899475366,f9372f8f74b3a18b86f9a9dd960278381003e836073cde71119d3b892dde9434,cbba1f67e2c26a1f241163d14c4d955aa93c178f38e5f65ab484b62775596dbb
dense,mse,0.05,119,dense_mse_lr0.05,0.47173317166798706,6.084582444728038,0.4047670430774586,0.11940627770785028,66,0.31787174998316914,9cc5a5818d004f0f1492c246ba3ab8685b2df3f7dfd15cdf113ebebec42d8dee,f94f9210ef1ff1dfbe682a6006a492d2d383f30e3f71941cdb5c0b2c8319d6f5
dense,mse,0.05,120,dense_mse_lr0.05,0.507094093127862,6.2219972919484245,0.3944170946378763,0.11595862582353562,66,0.3081351660657674,69e5aaf107b63f46b6b057dfe99d3189e4f485b9649136f1718f398f646e43c6,4939936f888881fec7dcaaa22bdc939f3e13b0069e4581c8b191c627c7ad6d41
dense,mse,0.1,111,dense_mse_lr0.1,2.186179305338997,8.029532050823885,0.06658193285284697,0.019242178594472775,66,0.31761862500570714,6f4599f803588363f7f3f06a30082972087391773f80fd6d7eb3eadc6484859e,922c88498695bd4cd2bce85cb58cec5948b0b2180f15c65c83fd8961fa62e3fc
dense,mse,0.1,112,dense_mse_lr0.1,1.8087095892999634,7.466388562101882,0.08815918711878522,0.025918801012922852,66,0.320268833078444,23158049f8a287709543a55b89f8943218b08cba397a67e034633640e70c99f6,4f0dfaf22fde2be953d09f6d5e1d430f855a074012b1744b4581503ac11ff36c
dense,mse,0.1,113,dense_mse_lr0.1,0.49069672627850747,6.059216742279212,0.4089045726471182,0.12430699008472393,66,0.3206283750478178,1130bcd06d370ab57f1bc3a67409c755b267648b80a0f46e840060bb010d3ab8,191c09e53d0a687f6cad40fa2d14867ca63354cc5fb8b3e5cd829abf5c3cde96
dense,mse,0.1,114,dense_mse_lr0.1,1.516594634333884,7.1482155243446615,0.14584761367104912,0.043025046032959494,66,0.3230164999840781,c8a7a565f4c34afcedf377bd8a33aee023bbafec99430b278d5183f906311b3e,3e40fb00f0d7336f12289747d25109e06baa7865eaf0c7dd6f89a85970ed7fd9
dense,mse,0.1,115,dense_mse_lr0.1,3.013714281545563,8.62431582321708,0.07944742290280116,0.023754779447937545,66,0.31153049995191395,21e3187a25ce542a7fda12331f6df5573b7aa9cfb19c4d6a1242f48e9ab77257,bc1fd3ebe710245a2b56359c12a723983a1561bde63e3b0b4bb20f0fbc68479e
dense,mse,0.1,116,dense_mse_lr0.1,2.066347236698511,7.776062080564588,0.05301789988302119,0.016170459464321465,66,0.3178202919661999,b240340bda42b13e461b839e854e8931eb9b197c11fad589d1f07877b5a6c105,9cd885e5773e1a61573e6e4ab8e32f5435362a42796d8eff0025ba8c01455816
dense,mse,0.1,117,dense_mse_lr0.1,1.8812367186491379,7.584148598755004,0.07632312886041757,0.0225916461426836,66,0.3185162079753354,2ff937c83d36f7b3a5406c91e8755c50ce932575e34db68925452587b0ab77d6,402a25298a9acbc5abce157f274c26389cdb90f04be171fa07ccd19e6af98b90
dense,mse,0.1,118,dense_mse_lr0.1,1.5328590810040248,7.250072351810648,0.08780300406272648,0.025199462166002502,66,0.3345782089745626,f9372f8f74b3a18b86f9a9dd960278381003e836073cde71119d3b892dde9434,cbba1f67e2c26a1f241163d14c4d955aa93c178f38e5f65ab484b62775596dbb
dense,mse,0.1,119,dense_mse_lr0.1,1.6695146433196295,7.285241443826291,0.09650693150682742,0.02846954479451409,66,0.3297450829995796,9cc5a5818d004f0f1492c246ba3ab8685b2df3f7dfd15cdf113ebebec42d8dee,f94f9210ef1ff1dfbe682a6006a492d2d383f30e3f71941cdb5c0b2c8319d6f5
dense,mse,0.1,120,dense_mse_lr0.1,1.9678823592821972,7.606155731212442,0.15604191619666904,0.045876323361820695,66,0.3426723750308156,69e5aaf107b63f46b6b057dfe99d3189e4f485b9649136f1718f398f646e43c6,4939936f888881fec7dcaaa22bdc939f3e13b0069e4581c8b191c627c7ad6d41
dense,parity,0.005,111,dense_parity_lr0.005,0.6380308398749848,6.375593955588507,0.43839820935762147,0.1266970825043526,66,0.4464737919624895,6f4599f803588363f7f3f06a30082972087391773f80fd6d7eb3eadc6484859e,922c88498695bd4cd2bce85cb58cec5948b0b2180f15c65c83fd8961fa62e3fc
dense,parity,0.005,112,dense_parity_lr0.005,0.630391344178249,6.283621620144502,0.3905038488377865,0.11480813155830923,66,0.40972158301156014,23158049f8a287709543a55b89f8943218b08cba397a67e034633640e70c99f6,4f0dfaf22fde2be953d09f6d5e1d430f855a074012b1744b4581503ac11ff36c
dense,parity,0.005,113,dense_parity_lr0.005,0.579155984843606,6.181708144655649,0.4150410477662877,0.12617247852095145,66,0.4306914589833468,1130bcd06d370ab57f1bc3a67409c755b267648b80a0f46e840060bb010d3ab8,191c09e53d0a687f6cad40fa2d14867ca63354cc5fb8b3e5cd829abf5c3cde96
dense,parity,0.005,114,dense_parity_lr0.005,0.7441822513789671,6.441951425462852,0.40213864581659203,0.11863090051589466,66,0.3913970000576228,c8a7a565f4c34afcedf377bd8a33aee023bbafec99430b278d5183f906311b3e,3e40fb00f0d7336f12289747d25109e06baa7865eaf0c7dd6f89a85970ed7fd9
dense,parity,0.005,115,dense_parity_lr0.005,0.700332929194822,6.275927988308174,0.37958054858761786,0.11349458402769774,66,0.40191833302378654,21e3187a25ce542a7fda12331f6df5573b7aa9cfb19c4d6a1242f48e9ab77257,bc1fd3ebe710245a2b56359c12a723983a1561bde63e3b0b4bb20f0fbc68479e
dense,parity,0.005,116,dense_parity_lr0.005,0.6463954352902473,6.318009644689232,0.3905649516319872,0.11912231024775609,66,0.3966296250000596,b240340bda42b13e461b839e854e8931eb9b197c11fad589d1f07877b5a6c105,9cd885e5773e1a61573e6e4ab8e32f5435362a42796d8eff0025ba8c01455816
dense,parity,0.005,117,dense_parity_lr0.005,0.6730947573544623,6.306110673566356,0.42336207435635964,0.12531517400948247,66,0.3984997080406174,2ff937c83d36f7b3a5406c91e8755c50ce932575e34db68925452587b0ab77d6,402a25298a9acbc5abce157f274c26389cdb90f04be171fa07ccd19e6af98b90
dense,parity,0.005,118,dense_parity_lr0.005,0.5900834701299847,6.314081217149816,0.40356246919025274,0.11582242865760255,66,0.4018380419583991,f9372f8f74b3a18b86f9a9dd960278381003e836073cde71119d3b892dde9434,cbba1f67e2c26a1f241163d14c4d955aa93c178f38e5f65ab484b62775596dbb
dense,parity,0.005,119,dense_parity_lr0.005,0.7883318010908229,6.436699826148973,0.4048208902858011,0.11942216263431132,66,0.4038268750300631,9cc5a5818d004f0f1492c246ba3ab8685b2df3f7dfd15cdf113ebebec42d8dee,f94f9210ef1ff1dfbe682a6006a492d2d383f30e3f71941cdb5c0b2c8319d6f5
dense,parity,0.005,120,dense_parity_lr0.005,0.7381018097044505,6.492368189192623,0.40138456851627446,0.11800706314378469,66,0.4013850409537554,69e5aaf107b63f46b6b057dfe99d3189e4f485b9649136f1718f398f646e43c6,4939936f888881fec7dcaaa22bdc939f3e13b0069e4581c8b191c627c7ad6d41
dense,parity,0.01,111,dense_parity_lr0.01,0.5271279257943391,6.2875974787904365,0.453479004245714,0.13105543222701135,66,0.4112622499233112,6f4599f803588363f7f3f06a30082972087391773f80fd6d7eb3eadc6484859e,922c88498695bd4cd2bce85cb58cec5948b0b2180f15c65c83fd8961fa62e3fc
dense,parity,0.01,112,dense_parity_lr0.01,0.5533797438175279,6.202163182597788,0.420413244625871,0.12360149392000606,66,0.4069142499938607,23158049f8a287709543a55b89f8943218b08cba397a67e034633640e70c99f6,4f0dfaf22fde2be953d09f6d5e1d430f855a074012b1744b4581503ac11ff36c
dense,parity,0.01,113,dense_parity_lr0.01,0.4276104600471166,6.02968760829929,0.45929088740881635,0.13962442977228018,66,0.4234893750399351,1130bcd06d370ab57f1bc3a67409c755b267648b80a0f46e840060bb010d3ab8,191c09e53d0a687f6cad40fa2d14867ca63354cc5fb8b3e5cd829abf5c3cde96
dense,parity,0.01,114,dense_parity_lr0.01,0.5709391588048799,6.2001708677634415,0.40366010091755883,0.11907972977067985,66,0.40440462506376207,c8a7a565f4c34afcedf377bd8a33aee023bbafec99430b278d5183f906311b3e,3e40fb00f0d7336f12289747d25109e06baa7865eaf0c7dd6f89a85970ed7fd9
dense,parity,0.01,115,dense_parity_lr0.01,0.5773979556337511,6.169686454467989,0.39636333971972004,0.11851263857619629,66,0.4203415421070531,21e3187a25ce542a7fda12331f6df5573b7aa9cfb19c4d6a1242f48e9ab77257,bc1fd3ebe710245a2b56359c12a723983a1561bde63e3b0b4bb20f0fbc68479e
dense,parity,0.01,116,dense_parity_lr0.01,0.5927537031812966,6.257501186381327,0.3926731207338778,0.11976530182383271,66,0.4130277090007439,b240340bda42b13e461b839e854e8931eb9b197c11fad589d1f07877b5a6c105,9cd885e5773e1a61573e6e4ab8e32f5435362a42796d8eff0025ba8c01455816
dense,parity,0.01,117,dense_parity_lr0.01,0.5743885954658087,6.2403072648447075,0.427341100797955,0.12649296583619468,66,0.4008140830555931,2ff937c83d36f7b3a5406c91e8755c50ce932575e34db68925452587b0ab77d6,402a25298a9acbc5abce157f274c26389cdb90f04be171fa07ccd19e6af98b90
dense,parity,0.01,118,dense_parity_lr0.01,0.4836839965513945,6.227173734668147,0.4210275039687357,0.12083489363902715,66,0.4027211250504479,f9372f8f74b3a18b86f9a9dd960278381003e836073cde71119d3b892dde9434,cbba1f67e2c26a1f241163d14c4d955aa93c178f38e5f65ab484b62775596dbb
dense,parity,0.01,119,dense_parity_lr0.01,0.537947077128529,6.15353046542771,0.4066408158503742,0.1199590406758604,66,0.39569120900705457,9cc5a5818d004f0f1492c246ba3ab8685b2df3f7dfd15cdf113ebebec42d8dee,f94f9210ef1ff1dfbe682a6006a492d2d383f30e3f71941cdb5c0b2c8319d6f5
dense,parity,0.01,120,dense_parity_lr0.01,0.4419274916167417,6.141429910276226,0.4591283826330995,0.13498374449413125,66,0.4129782079253346,69e5aaf107b63f46b6b057dfe99d3189e4f485b9649136f1718f398f646e43c6,4939936f888881fec7dcaaa22bdc939f3e13b0069e4581c8b191c627c7ad6d41
dense,parity,0.02,111,dense_parity_lr0.02,0.4765127371937308,6.255566673350441,0.4529150240024483,0.13089244193670757,66,0.3996643340215087,6f4599f803588363f7f3f06a30082972087391773f80fd6d7eb3eadc6484859e,922c88498695bd4cd2bce85cb58cec5948b0b2180f15c65c83fd8961fa62e3fc
dense,parity,0.02,112,dense_parity_lr0.02,0.5185123604803675,6.195993257942262,0.41288612222136223,0.12138851993308049,66,0.418117625056766,23158049f8a287709543a55b89f8943218b08cba397a67e034633640e70c99f6,4f0dfaf22fde2be953d09f6d5e1d430f855a074012b1744b4581503ac11ff36c
dense,parity,0.02,113,dense_parity_lr0.02,0.4289315772000517,6.021771143991502,0.42658711835126806,0.12968248397878548,66,0.40294008306227624,1130bcd06d370ab57f1bc3a67409c755b267648b80a0f46e840060bb010d3ab8,191c09e53d0a687f6cad40fa2d14867ca63354cc5fb8b3e5cd829abf5c3cde96
dense,parity,0.02,114,dense_parity_lr0.02,0.5459655816660096,6.189892992988894,0.4112048629256278,0.1213054345630602,66,0.39678187493700534,c8a7a565f4c34afcedf377bd8a33aee023bbafec99430b278d5183f906311b3e,3e40fb00f0d7336f12289747d25109e06baa7865eaf0c7dd6f89a85970ed7fd9
dense,parity,0.02,115,dense_parity_lr0.02,0.46466115439994277,6.066675499930119,0.41347190651734694,0.12362810004868673,66,0.4295666670659557,21e3187a25ce542a7fda12331f6df5573b7aa9cfb19c4d6a1242f48e9ab77257,bc1fd3ebe710245a2b56359c12a723983a1561bde63e3b0b4bb20f0fbc68479e
dense,parity,0.02,116,dense_parity_lr0.02,0.5742852290739975,6.22784828477261,0.36644131444546485,0.11176460090586678,66,0.4165803339565173,b240340bda42b13e461b839e854e8931eb9b197c11fad589d1f07877b5a6c105,9cd885e5773e1a61573e6e4ab8e32f5435362a42796d8eff0025ba8c01455816
dense,parity,0.02,117,dense_parity_lr0.02,0.48711670006033436,6.133303127004813,0.4528876064946365,0.1340547315224124,66,0.4176170410355553,2ff937c83d36f7b3a5406c91e8755c50ce932575e34db68925452587b0ab77d6,402a25298a9acbc5abce157f274c26389cdb90f04be171fa07ccd19e6af98b90
dense,parity,0.02,118,dense_parity_lr0.02,0.42919440955347876,6.14046570063123,0.42962190067140127,0.12330148549269217,66,0.42289349995553493,f9372f8f74b3a18b86f9a9dd960278381003e836073cde71119d3b892dde9434,cbba1f67e2c26a1f241163d14c4d955aa93c178f38e5f65ab484b62775596dbb
dense,parity,0.02,119,dense_parity_lr0.02,0.43456553235108386,6.0507198217456315,0.417142869835261,0.12305714660140199,66,0.4099523749900982,9cc5a5818d004f0f1492c246ba3ab8685b2df3f7dfd15cdf113ebebec42d8dee,f94f9210ef1ff1dfbe682a6006a492d2d383f30e3f71941cdb5c0b2c8319d6f5
dense,parity,0.02,120,dense_parity_lr0.02,0.32988527667894496,6.021308240894923,0.4842275331475356,0.14236289474537545,66,0.40004545892588794,69e5aaf107b63f46b6b057dfe99d3189e4f485b9649136f1718f398f646e43c6,4939936f888881fec7dcaaa22bdc939f3e13b0069e4581c8b191c627c7ad6d41
dense,parity,0.05,111,dense_parity_lr0.05,0.4708160590252318,6.241792065546686,0.4450532443525525,0.12862038761788766,66,0.4049492080230266,6f4599f803588363f7f3f06a30082972087391773f80fd6d7eb3eadc6484859e,922c88498695bd4cd2bce85cb58cec5948b0b2180f15c65c83fd8961fa62e3fc
dense,parity,0.05,112,dense_parity_lr0.05,0.37391056062438477,6.015519640370045,0.4288421970794549,0.12607960594135975,66,0.4096070419764146,23158049f8a287709543a55b89f8943218b08cba397a67e034633640e70c99f6,4f0dfaf22fde2be953d09f6d5e1d430f855a074012b1744b4581503ac11ff36c
dense,parity,0.05,113,dense_parity_lr0.05,0.36550856126952835,5.977240877325521,0.42969116410935276,0.13062611388924325,66,0.3955967089859769,1130bcd06d370ab57f1bc3a67409c755b267648b80a0f46e840060bb010d3ab8,191c09e53d0a687f6cad40fa2d14867ca63354cc5fb8b3e5cd829abf5c3cde96
dense,parity,0.05,114,dense_parity_lr0.05,0.5267931646504636,6.200189803967894,0.39089033871394774,0.11531264992061459,66,0.39714012504555285,c8a7a565f4c34afcedf377bd8a33aee023bbafec99430b278d5183f906311b3e,3e40fb00f0d7336f12289747d25109e06baa7865eaf0c7dd6f89a85970ed7fd9
dense,parity,0.05,115,dense_parity_lr0.05,0.42546113171625577,5.994311832756388,0.4438212196267425,0.132702544668396,66,0.4007539589656517,21e3187a25ce542a7fda12331f6df5573b7aa9cfb19c4d6a1242f48e9ab77257,bc1fd3ebe710245a2b56359c12a723983a1561bde63e3b0b4bb20f0fbc68479e
dense,parity,0.05,116,dense_parity_lr0.05,0.39711301597246207,6.086873976996619,0.4135125967426897,0.12612134200652036,66,0.39644058397971094,b240340bda42b13e461b839e854e8931eb9b197c11fad589d1f07877b5a6c105,9cd885e5773e1a61573e6e4ab8e32f5435362a42796d8eff0025ba8c01455816
dense,parity,0.05,117,dense_parity_lr0.05,0.4510233302978417,6.120814449736027,0.457137289895337,0.13531263780901975,66,0.4207405000925064,2ff937c83d36f7b3a5406c91e8755c50ce932575e34db68925452587b0ab77d6,402a25298a9acbc5abce157f274c26389cdb90f04be171fa07ccd19e6af98b90
dense,parity,0.05,118,dense_parity_lr0.05,0.4384121068146009,6.168164224910572,0.4250910341573871,0.1220011268031701,66,0.39799824997317046,f9372f8f74b3a18b86f9a9dd960278381003e836073cde71119d3b892dde9434,cbba1f67e2c26a1f241163d14c4d955aa93c178f38e5f65ab484b62775596dbb
dense,parity,0.05,119,dense_parity_lr0.05,0.42052205336890364,5.996230201045642,0.42349715350258904,0.12493166028326377,66,0.41441929095890373,9cc5a5818d004f0f1492c246ba3ab8685b2df3f7dfd15cdf113ebebec42d8dee,f94f9210ef1ff1dfbe682a6006a492d2d383f30e3f71941cdb5c0b2c8319d6f5
dense,parity,0.05,120,dense_parity_lr0.05,0.33923391918438894,6.038944064121213,0.4730698591217892,0.13908253858180603,66,0.4135696670273319,69e5aaf107b63f46b6b057dfe99d3189e4f485b9649136f1718f398f646e43c6,4939936f888881fec7dcaaa22bdc939f3e13b0069e4581c8b191c627c7ad6d41
dense,parity,0.1,111,dense_parity_lr0.1,0.4619947892670574,6.224965798903053,0.4550866204726123,0.13152003331658493,66,0.39297645806800574,6f4599f803588363f7f3f06a30082972087391773f80fd6d7eb3eadc6484859e,922c88498695bd4cd2bce85cb58cec5948b0b2180f15c65c83fd8961fa62e3fc
dense,parity,0.1,112,dense_parity_lr0.1,0.43000011154221063,6.06356543291586,0.4354576972383211,0.12802456298806641,66,0.3957962909480557,23158049f8a287709543a55b89f8943218b08cba397a67e034633640e70c99f6,4f0dfaf22fde2be953d09f6d5e1d430f855a074012b1744b4581503ac11ff36c
dense,parity,0.1,113,dense_parity_lr0.1,0.40601566104059705,6.0103979617195105,0.4274633197295072,0.1299488491977702,66,0.3967436249367893,1130bcd06d370ab57f1bc3a67409c755b267648b80a0f46e840060bb010d3ab8,191c09e53d0a687f6cad40fa2d14867ca63354cc5fb8b3e5cd829abf5c3cde96
dense,parity,0.1,114,dense_parity_lr0.1,0.500271637785082,6.1748055252399805,0.3984911511365829,0.11755488958529196,66,0.39480037498287857,c8a7a565f4c34afcedf377bd8a33aee023bbafec99430b278d5183f906311b3e,3e40fb00f0d7336f12289747d25109e06baa7865eaf0c7dd6f89a85970ed7fd9
dense,parity,0.1,115,dense_parity_lr0.1,0.43925704028817303,6.0411640291443,0.443511877993793,0.1326100515201441,66,0.3934806250035763,21e3187a25ce542a7fda12331f6df5573b7aa9cfb19c4d6a1242f48e9ab77257,bc1fd3ebe710245a2b56359c12a723983a1561bde63e3b0b4bb20f0fbc68479e
dense,parity,0.1,116,dense_parity_lr0.1,0.38472296941957096,6.054873125608902,0.4305615490874246,0.1313212724716645,66,0.39534441696014255,b240340bda42b13e461b839e854e8931eb9b197c11fad589d1f07877b5a6c105,9cd885e5773e1a61573e6e4ab8e32f5435362a42796d8eff0025ba8c01455816
dense,parity,0.1,117,dense_parity_lr0.1,0.4342879889295599,6.099318808269509,0.42686221061712304,0.1263512143426684,66,0.39694624999538064,2ff937c83d36f7b3a5406c91e8755c50ce932575e34db68925452587b0ab77d6,402a25298a9acbc5abce157f274c26389cdb90f04be171fa07ccd19e6af98b90
dense,parity,0.1,118,dense_parity_lr0.1,0.339345687868262,6.089155861592658,0.43056656833930723,0.12357260511338117,66,0.39064754196442664,f9372f8f74b3a18b86f9a9dd960278381003e836073cde71119d3b892dde9434,cbba1f67e2c26a1f241163d14c4d955aa93c178f38e5f65ab484b62775596dbb
dense,parity,0.1,119,dense_parity_lr0.1,0.46263491191767986,6.077010561580676,0.4049589108657183,0.11946287870538688,66,0.3872627499513328,9cc5a5818d004f0f1492c246ba3ab8685b2df3f7dfd15cdf113ebebec42d8dee,f94f9210ef1ff1dfbe682a6006a492d2d383f30e3f71941cdb5c0b2c8319d6f5
dense,parity,0.1,120,dense_parity_lr0.1,0.34800196928861715,6.06106317196496,0.4655729395613432,0.1368784442310349,66,0.39103058399632573,69e5aaf107b63f46b6b057dfe99d3189e4f485b9649136f1718f398f646e43c6,4939936f888881fec7dcaaa22bdc939f3e13b0069e4581c8b191c627c7ad6d41
dense,scaled-mse,0.005,111,dense_scaled-mse_lr0.005,0.7182883671025106,6.469548879549315,0.40515760039599896,0.1170905465144437,66,0.3375879169907421,6f4599f803588363f7f3f06a30082972087391773f80fd6d7eb3eadc6484859e,922c88498695bd4cd2bce85cb58cec5948b0b2180f15c65c83fd8961fa62e3fc
dense,scaled-mse,0.005,112,dense_scaled-mse_lr0.005,0.8182608625207922,6.499021828873339,0.3664489635465826,0.10773599528269527,66,0.3376026659971103,23158049f8a287709543a55b89f8943218b08cba397a67e034633640e70c99f6,4f0dfaf22fde2be953d09f6d5e1d430f855a074012b1744b4581503ac11ff36c
dense,scaled-mse,0.005,113,dense_scaled-mse_lr0.005,0.9057979036562093,6.460548327897759,0.40446632312736375,0.12295776223071857,66,0.32559387490618974,1130bcd06d370ab57f1bc3a67409c755b267648b80a0f46e840060bb010d3ab8,191c09e53d0a687f6cad40fa2d14867ca63354cc5fb8b3e5cd829abf5c3cde96
dense,scaled-mse,0.005,114,dense_scaled-mse_lr0.005,0.9179910124526978,6.601763291438653,0.38128764162331685,0.11247985427887848,66,0.33380358305294067,c8a7a565f4c34afcedf377bd8a33aee023bbafec99430b278d5183f906311b3e,3e40fb00f0d7336f12289747d25109e06baa7865eaf0c7dd6f89a85970ed7fd9
dense,scaled-mse,0.005,115,dense_scaled-mse_lr0.005,1.053998611006261,6.629455744557052,0.3341935990131267,0.09992388610492488,66,0.3236699999542907,21e3187a25ce542a7fda12331f6df5573b7aa9cfb19c4d6a1242f48e9ab77257,bc1fd3ebe710245a2b56359c12a723983a1561bde63e3b0b4bb20f0fbc68479e
dense,scaled-mse,0.005,116,dense_scaled-mse_lr0.005,0.8693553661042254,6.502306931703797,0.3798439707994505,0.1158524110938324,66,0.31511458405293524,b240340bda42b13e461b839e854e8931eb9b197c11fad589d1f07877b5a6c105,9cd885e5773e1a61573e6e4ab8e32f5435362a42796d8eff0025ba8c01455816
dense,scaled-mse,0.005,117,dense_scaled-mse_lr0.005,0.9298912240934074,6.640758663135012,0.37423918976067744,0.11077480016916053,66,0.32119225000496954,2ff937c83d36f7b3a5406c91e8755c50ce932575e34db68925452587b0ab77d6,402a25298a9acbc5abce157f274c26389cdb90f04be171fa07ccd19e6af98b90
dense,scaled-mse,0.005,118,dense_scaled-mse_lr0.005,0.787480863943851,6.5264897596399525,0.3882574184755559,0.11142987910248453,66,0.32235566701274365,f9372f8f74b3a18b86f9a9dd960278381003e836073cde71119d3b892dde9434,cbba1f67e2c26a1f241163d14c4d955aa93c178f38e5f65ab484b62775596dbb
dense,scaled-mse,0.005,119,dense_scaled-mse_lr0.005,1.0093497850648516,6.646013002857602,0.3856933035312604,0.11377952454172183,66,0.3183203749358654,9cc5a5818d004f0f1492c246ba3ab8685b2df3f7dfd15cdf113ebebec42d8dee,f94f9210ef1ff1dfbe682a6006a492d2d383f30e3f71941cdb5c0b2c8319d6f5
dense,scaled-mse,0.005,120,dense_scaled-mse_lr0.005,1.1284795739642477,6.840474304058564,0.3541144602490853,0.10410965131323108,66,0.31670433306135237,69e5aaf107b63f46b6b057dfe99d3189e4f485b9649136f1718f398f646e43c6,4939936f888881fec7dcaaa22bdc939f3e13b0069e4581c8b191c627c7ad6d41
dense,scaled-mse,0.01,111,dense_scaled-mse_lr0.01,0.6901543695864245,6.448723192606604,0.40147061603504813,0.11602500803412892,66,0.3168185830581933,6f4599f803588363f7f3f06a30082972087391773f80fd6d7eb3eadc6484859e,922c88498695bd4cd2bce85cb58cec5948b0b2180f15c65c83fd8961fa62e3fc
dense,scaled-mse,0.01,112,dense_scaled-mse_lr0.01,0.5921928156999414,6.2603148417450045,0.37968764931283133,0.11162816889797242,66,0.3206339169992134,23158049f8a287709543a55b89f8943218b08cba397a67e034633640e70c99f6,4f0dfaf22fde2be953d09f6d5e1d430f855a074012b1744b4581503ac11ff36c
dense,scaled-mse,0.01,113,dense_scaled-mse_lr0.01,0.5057543036749736,6.122522858729921,0.4076069480309107,0.12391251220139685,66,0.32203304197173566,1130bcd06d370ab57f1bc3a67409c755b267648b80a0f46e840060bb010d3ab8,191c09e53d0a687f6cad40fa2d14867ca63354cc5fb8b3e5cd829abf5c3cde96
dense,scaled-mse,0.01,114,dense_scaled-mse_lr0.01,0.6417560070586015,6.302355957213417,0.4031292971013299,0.11892314264489233,66,0.3204908330226317,c8a7a565f4c34afcedf377bd8a33aee023bbafec99430b278d5183f906311b3e,3e40fb00f0d7336f12289747d25109e06baa7865eaf0c7dd6f89a85970ed7fd9
dense,scaled-mse,0.01,115,dense_scaled-mse_lr0.01,0.7808752620611161,6.369478059758553,0.3775412656251021,0.11288483842190553,66,0.3211401660228148,21e3187a25ce542a7fda12331f6df5573b7aa9cfb19c4d6a1242f48e9ab77257,bc1fd3ebe710245a2b56359c12a723983a1561bde63e3b0b4bb20f0fbc68479e
dense,scaled-mse,0.01,116,dense_scaled-mse_lr0.01,0.7001518663927804,6.35875417913216,0.37252723565585444,0.1136208068750356,66,0.3197447080165148,b240340bda42b13e461b839e854e8931eb9b197c11fad589d1f07877b5a6c105,9cd885e5773e1a61573e6e4ab8e32f5435362a42796d8eff0025ba8c01455816
dense,scaled-mse,0.01,117,dense_scaled-mse_lr0.01,0.6609108295555907,6.383831849483071,0.40429773364282795,0.11967212915827707,66,0.3208069580141455,2ff937c83d36f7b3a5406c91e8755c50ce932575e34db68925452587b0ab77d6,402a25298a9acbc5abce157f274c26389cdb90f04be171fa07ccd19e6af98b90
dense,scaled-mse,0.01,118,dense_scaled-mse_lr0.01,0.5903079591123905,6.349209835880299,0.3897147763808138,0.11184814082129357,66,0.3193389580119401,f9372f8f74b3a18b86f9a9dd960278381003e836073cde71119d3b892dde9434,cbba1f67e2c26a1f241163d14c4d955aa93c178f38e5f65ab484b62775596dbb
dense,scaled-mse,0.01,119,dense_scaled-mse_lr0.01,0.7144472382755768,6.324299266399397,0.38864344531748707,0.11464981636865869,66,0.32204720797017217,9cc5a5818d004f0f1492c246ba3ab8685b2df3f7dfd15cdf113ebebec42d8dee,f94f9210ef1ff1dfbe682a6006a492d2d383f30e3f71941cdb5c0b2c8319d6f5
dense,scaled-mse,0.01,120,dense_scaled-mse_lr0.01,0.6513223309719378,6.348278633533322,0.3699078894083035,0.10875291948604122,66,0.32181400002446026,69e5aaf107b63f46b6b057dfe99d3189e4f485b9649136f1718f398f646e43c6,4939936f888881fec7dcaaa22bdc939f3e13b0069e4581c8b191c627c7ad6d41
dense,scaled-mse,0.02,111,dense_scaled-mse_lr0.02,0.5969451209879437,6.352947664991967,0.39561450815403204,0.11433259285651526,66,0.3277275830041617,6f4599f803588363f7f3f06a30082972087391773f80fd6d7eb3eadc6484859e,922c88498695bd4cd2bce85cb58cec5948b0b2180f15c65c83fd8961fa62e3fc
dense,scaled-mse,0.02,112,dense_scaled-mse_lr0.02,0.5968720308437911,6.2337993628667245,0.3740435657280733,0.10996880832405355,66,0.3256827919976786,23158049f8a287709543a55b89f8943218b08cba397a67e034633640e70c99f6,4f0dfaf22fde2be953d09f6d5e1d430f855a074012b1744b4581503ac11ff36c
dense,scaled-mse,0.02,113,dense_scaled-mse_lr0.02,0.4779350820097745,6.087369988584269,0.4066634064955959,0.12362567557466116,66,0.3230581250973046,1130bcd06d370ab57f1bc3a67409c755b267648b80a0f46e840060bb010d3ab8,191c09e53d0a687f6cad40fa2d14867ca63354cc5fb8b3e5cd829abf5c3cde96
dense,scaled-mse,0.02,114,dense_scaled-mse_lr0.02,0.6008671926225998,6.298348022075054,0.3837911293951653,0.11321838317157376,66,0.32825304102152586,c8a7a565f4c34afcedf377bd8a33aee023bbafec99430b278d5183f906311b3e,3e40fb00f0d7336f12289747d25109e06baa7865eaf0c7dd6f89a85970ed7fd9
dense,scaled-mse,0.02,115,dense_scaled-mse_lr0.02,0.5767057491202654,6.12737901498694,0.3773773024578883,0.1128358134349086,66,0.32491674995981157,21e3187a25ce542a7fda12331f6df5573b7aa9cfb19c4d6a1242f48e9ab77257,bc1fd3ebe710245a2b56359c12a723983a1561bde63e3b0b4bb20f0fbc68479e
dense,scaled-mse,0.02,116,dense_scaled-mse_lr0.02,0.7191625816411538,6.384901722667188,0.3552287179283856,0.10834475896815761,66,0.3246219170978293,b240340bda42b13e461b839e854e8931eb9b197c11fad589d1f07877b5a6c105,9cd885e5773e1a61573e6e4ab8e32f5435362a42796d8eff0025ba8c01455816
dense,scaled-mse,0.02,117,dense_scaled-mse_lr0.02,0.5586074620303074,6.254765414021795,0.4179794272855154,0.12372191047651256,66,0.31198954198043793,2ff937c83d36f7b3a5406c91e8755c50ce932575e34db68925452587b0ab77d6,402a25298a9acbc5abce157f274c26389cdb90f04be171fa07ccd19e6af98b90
dense,scaled-mse,0.02,118,dense_scaled-mse_lr0.02,0.4888767719374896,6.2084899661875985,0.4042601952904509,0.1160226760483594,66,0.3167298339540139,f9372f8f74b3a18b86f9a9dd960278381003e836073cde71119d3b892dde9434,cbba1f67e2c26a1f241163d14c4d955aa93c178f38e5f65ab484b62775596dbb
dense,scaled-mse,0.02,119,dense_scaled-mse_lr0.02,0.613484091872819,6.238922181893231,0.3637888497471694,0.10731771067541497,66,0.3151418750640005,9cc5a5818d004f0f1492c246ba3ab8685b2df3f7dfd15cdf113ebebec42d8dee,f94f9210ef1ff1dfbe682a6006a492d2d383f30e3f71941cdb5c0b2c8319d6f5
dense,scaled-mse,0.02,120,dense_scaled-mse_lr0.02,0.4530868113611756,6.185984804775802,0.4113651283001922,0.1209413477202565,66,0.31396533304359764,69e5aaf107b63f46b6b057dfe99d3189e4f485b9649136f1718f398f646e43c6,4939936f888881fec7dcaaa22bdc939f3e13b0069e4581c8b191c627c7ad6d41
dense,scaled-mse,0.05,111,dense_scaled-mse_lr0.05,0.46815478843883884,6.2348028394091015,0.39796263765530204,0.11501120228238229,66,0.31363220792263746,6f4599f803588363f7f3f06a30082972087391773f80fd6d7eb3eadc6484859e,922c88498695bd4cd2bce85cb58cec5948b0b2180f15c65c83fd8961fa62e3fc
dense,scaled-mse,0.05,112,dense_scaled-mse_lr0.05,0.46411063352659854,6.142751533236857,0.4063184269197023,0.11945761751439248,66,0.3161953749367967,23158049f8a287709543a55b89f8943218b08cba397a67e034633640e70c99f6,4f0dfaf22fde2be953d09f6d5e1d430f855a074012b1744b4581503ac11ff36c
dense,scaled-mse,0.05,113,dense_scaled-mse_lr0.05,0.5398397361177721,6.157125631923793,0.36780761297111014,0.11181351434321747,66,0.314807458082214,1130bcd06d370ab57f1bc3a67409c755b267648b80a0f46e840060bb010d3ab8,191c09e53d0a687f6cad40fa2d14867ca63354cc5fb8b3e5cd829abf5c3cde96
dense,scaled-mse,0.05,114,dense_scaled-mse_lr0.05,0.6751834497175245,6.342336783714081,0.3491254529150316,0.10299200860993434,66,0.31648608308751136,c8a7a565f4c34afcedf377bd8a33aee023bbafec99430b278d5183f906311b3e,3e40fb00f0d7336f12289747d25109e06baa7865eaf0c7dd6f89a85970ed7fd9
dense,scaled-mse,0.05,115,dense_scaled-mse_lr0.05,0.49154722721457367,6.027900911654788,0.3670891925473014,0.10975966857164311,66,0.3197400000644848,21e3187a25ce542a7fda12331f6df5573b7aa9cfb19c4d6a1242f48e9ab77257,bc1fd3ebe710245a2b56359c12a723983a1561bde63e3b0b4bb20f0fbc68479e
dense,scaled-mse,0.05,116,dense_scaled-mse_lr0.05,0.5931970777555735,6.2710190784141755,0.3491288526027345,0.10648430004383402,66,0.3212931250454858,b240340bda42b13e461b839e854e8931eb9b197c11fad589d1f07877b5a6c105,9cd885e5773e1a61573e6e4ab8e32f5435362a42796d8eff0025ba8c01455816
dense,scaled-mse,0.05,117,dense_scaled-mse_lr0.05,0.5135286500227231,6.159251152037579,0.3700806396987891,0.1095438693508416,66,0.3215385000221431,2ff937c83d36f7b3a5406c91e8755c50ce932575e34db68925452587b0ab77d6,402a25298a9acbc5abce157f274c26389cdb90f04be171fa07ccd19e6af98b90
dense,scaled-mse,0.05,118,dense_scaled-mse_lr0.05,0.5248505905277596,6.256793344670149,0.384237296413917,0.11027610407079419,66,0.31891200004611164,f9372f8f74b3a18b86f9a9dd960278381003e836073cde71119d3b892dde9434,cbba1f67e2c26a1f241163d14c4d955aa93c178f38e5f65ab484b62775596dbb
dense,scaled-mse,0.05,119,dense_scaled-mse_lr0.05,0.4704695881079355,6.0710013138643095,0.3865953818514778,0.11404563764618596,66,0.31799204100389034,9cc5a5818d004f0f1492c246ba3ab8685b2df3f7dfd15cdf113ebebec42d8dee,f94f9210ef1ff1dfbe682a6006a492d2d383f30e3f71941cdb5c0b2c8319d6f5
dense,scaled-mse,0.05,120,dense_scaled-mse_lr0.05,0.4867383445175832,6.198236980059115,0.42025783756021234,0.12355580424270243,66,0.32160495792049915,69e5aaf107b63f46b6b057dfe99d3189e4f485b9649136f1718f398f646e43c6,4939936f888881fec7dcaaa22bdc939f3e13b0069e4581c8b191c627c7ad6d41
dense,scaled-mse,0.1,111,dense_scaled-mse_lr0.1,2.2912580113072645,8.090649214377132,0.06556237722406613,0.018947527017755116,66,0.3223073750268668,6f4599f803588363f7f3f06a30082972087391773f80fd6d7eb3eadc6484859e,922c88498695bd4cd2bce85cb58cec5948b0b2180f15c65c83fd8961fa62e3fc
dense,scaled-mse,0.1,112,dense_scaled-mse_lr0.1,1.7027927790615984,7.3670316368992825,0.08830411539428236,0.025961409925919013,66,0.3220469579100609,23158049f8a287709543a55b89f8943218b08cba397a67e034633640e70c99f6,4f0dfaf22fde2be953d09f6d5e1d430f855a074012b1744b4581503ac11ff36c
dense,scaled-mse,0.1,113,dense_scaled-mse_lr0.1,0.402483755450729,6.021144309431387,0.42032127739038244,0.12777766832667625,66,0.3187666250159964,1130bcd06d370ab57f1bc3a67409c755b267648b80a0f46e840060bb010d3ab8,191c09e53d0a687f6cad40fa2d14867ca63354cc5fb8b3e5cd829abf5c3cde96
dense,scaled-mse,0.1,114,dense_scaled-mse_lr0.1,1.6018978178876673,7.239509648040446,0.127226825220182,0.03753191343995369,66,0.3222767919069156,c8a7a565f4c34afcedf377bd8a33aee023bbafec99430b278d5183f906311b3e,3e40fb00f0d7336f12289747d25109e06baa7865eaf0c7dd6f89a85970ed7fd9
dense,scaled-mse,0.1,115,dense_scaled-mse_lr0.1,3.013714282856471,8.624315824643395,0.07944742289666798,0.023754779446103727,66,0.3193480829941109,21e3187a25ce542a7fda12331f6df5573b7aa9cfb19c4d6a1242f48e9ab77257,bc1fd3ebe710245a2b56359c12a723983a1561bde63e3b0b4bb20f0fbc68479e
dense,scaled-mse,0.1,116,dense_scaled-mse_lr0.1,2.1086243494869508,7.82028490785243,0.05242650567297331,0.015990084230256857,66,0.32377591694239527,b240340bda42b13e461b839e854e8931eb9b197c11fad589d1f07877b5a6c105,9cd885e5773e1a61573e6e4ab8e32f5435362a42796d8eff0025ba8c01455816
dense,scaled-mse,0.1,117,dense_scaled-mse_lr0.1,2.0923904503865343,7.819407250436539,0.1687561331629591,0.0499518154162359,66,0.32356675004120916,2ff937c83d36f7b3a5406c91e8755c50ce932575e34db68925452587b0ab77d6,402a25298a9acbc5abce157f274c26389cdb90f04be171fa07ccd19e6af98b90
dense,scaled-mse,0.1,118,dense_scaled-mse_lr0.1,2.0150322314788838,7.729302605501544,0.09909305019236322,0.028439705405208245,66,0.3233676250092685,f9372f8f74b3a18b86f9a9dd960278381003e836073cde71119d3b892dde9434,cbba1f67e2c26a1f241163d14c4d955aa93c178f38e5f65ab484b62775596dbb
dense,scaled-mse,0.1,119,dense_scaled-mse_lr0.1,1.5855930408096992,7.186444836190099,0.10031816009930175,0.029593857229294016,66,0.3129551660967991,9cc5a5818d004f0f1492c246ba3ab8685b2df3f7dfd15cdf113ebebec42d8dee,f94f9210ef1ff1dfbe682a6006a492d2d383f30e3f71941cdb5c0b2c8319d6f5
dense,scaled-mse,0.1,120,dense_scaled-mse_lr0.1,1.9678819691486957,7.606155180695647,0.1560418701430207,0.045876309822048086,66,0.30649783299304545,69e5aaf107b63f46b6b057dfe99d3189e4f485b9649136f1718f398f646e43c6,4939936f888881fec7dcaaa22bdc939f3e13b0069e4581c8b191c627c7ad6d41
ring,expected-parity,0.005,111,ring_expected-parity_lr0.005,0.7566460777206951,6.465167076547632,0.4033250905956907,0.1165609511821546,24,0.34380495804362,6f4599f803588363f7f3f06a30082972087391773f80fd6d7eb3eadc6484859e,d3f89794b81548de4e59b0ec306b27c71b5ffb286fb0630c9f0073f46eb4c9f7
ring,expected-parity,0.005,112,ring_expected-parity_lr0.005,0.7983268253986125,6.45627066020519,0.37731360538949743,0.11093019998451224,24,0.34022783394902945,23158049f8a287709543a55b89f8943218b08cba397a67e034633640e70c99f6,878cf7d55afb9a39657ebc38bdf121170189f21d2dfaa163389d30f925ef68ec
ring,expected-parity,0.005,113,ring_expected-parity_lr0.005,0.7660583711103581,6.321512535980128,0.3771842381703554,0.11466400840378804,24,0.34133420896250755,1130bcd06d370ab57f1bc3a67409c755b267648b80a0f46e840060bb010d3ab8,891547b532f120de6026299269c7b7f02b9f8e5ec5427c34f46a0d7342b1e3cb
ring,expected-parity,0.005,114,ring_expected-parity_lr0.005,0.9524394417268474,6.658472231545322,0.42666185099095233,0.12586524604233093,24,0.3424202499445528,c8a7a565f4c34afcedf377bd8a33aee023bbafec99430b278d5183f906311b3e,ff1f566e112f87b9cad44cd46ba1c612e01b8c5fd8b5b0ea9eff1d1194af513a
ring,expected-parity,0.005,115,ring_expected-parity_lr0.005,0.7570607856925762,6.3022548391367454,0.37120311275102463,0.11098973071255637,24,0.3411713340319693,21e3187a25ce542a7fda12331f6df5573b7aa9cfb19c4d6a1242f48e9ab77257,1ae9d839d1869c0f22993ebadfd19eb0715ce3d007fd9f2802df18e4040708bc
ring,expected-parity,0.005,116,ring_expected-parity_lr0.005,0.7789560521583749,6.479414896594564,0.3602880101505175,0.10988784309590782,24,0.3416070839157328,b240340bda42b13e461b839e854e8931eb9b197c11fad589d1f07877b5a6c105,7c75eb5fca0d72e6adcecef89e7dc937297e38de8cb0f313c0efdbaa84f869b4
ring,expected-parity,0.005,117,ring_expected-parity_lr0.005,0.7579814473602802,6.39481998251884,0.35410629874924293,0.1048154644297759,24,0.3409829579759389,2ff937c83d36f7b3a5406c91e8755c50ce932575e34db68925452587b0ab77d6,fc79fab2451060b5dec563ede4c16d8978c0910ac1ba9cb8dd0770b2eee8df71
ring,expected-parity,0.005,118,ring_expected-parity_lr0.005,0.6708679911155683,6.418662269219869,0.40311830901077833,0.11569495468609338,24,0.3457560419337824,f9372f8f74b3a18b86f9a9dd960278381003e836073cde71119d3b892dde9434,f6a266db7e43e2d4c3efaac77387b131e8972c9689b7bb3f39cff6baaa1f2d33
ring,expected-parity,0.005,119,ring_expected-parity_lr0.005,0.7648797815980863,6.374851573142973,0.4011952299021423,0.11835259282113197,24,0.34485491598024964,9cc5a5818d004f0f1492c246ba3ab8685b2df3f7dfd15cdf113ebebec42d8dee,4279994d459dd9550c597307a9eb02dbadf88a836b3acac9f0155f99e4616a79
ring,expected-parity,0.005,120,ring_expected-parity_lr0.005,0.7124407740623071,6.44328319921828,0.44944653672086987,0.13213728179593573,24,0.3389361670706421,69e5aaf107b63f46b6b057dfe99d3189e4f485b9649136f1718f398f646e43c6,704fb4a4b4996b289a3de2730522a65fcbd6b3478c0d5c2c86b82d7d62ce3a31
ring,expected-parity,0.01,111,ring_expected-parity_lr0.01,0.5094972959587403,6.2738278735240876,0.4097158069692773,0.11840786821412114,24,0.34062154206912965,6f4599f803588363f7f3f06a30082972087391773f80fd6d7eb3eadc6484859e,d3f89794b81548de4e59b0ec306b27c71b5ffb286fb0630c9f0073f46eb4c9f7
ring,expected-parity,0.01,112,ring_expected-parity_lr0.01,0.56947664523447,6.207716389587669,0.387451323858458,0.11391068921438666,24,0.3418448750162497,23158049f8a287709543a55b89f8943218b08cba397a67e034633640e70c99f6,878cf7d55afb9a39657ebc38bdf121170189f21d2dfaa163389d30f925ef68ec
ring,expected-parity,0.01,113,ring_expected-parity_lr0.01,0.6324578610153391,6.187963445226898,0.38934198005084414,0.11835996193545663,24,0.3413935829885304,1130bcd06d370ab57f1bc3a67409c755b267648b80a0f46e840060bb010d3ab8,891547b532f120de6026299269c7b7f02b9f8e5ec5427c34f46a0d7342b1e3cb
ring,expected-parity,0.01,114,ring_expected-parity_lr0.01,0.6189965862831084,6.303317615438663,0.4163996231827883,0.12283788883892253,24,0.34396208403632045,c8a7a565f4c34afcedf377bd8a33aee023bbafec99430b278d5183f906311b3e,ff1f566e112f87b9cad44cd46ba1c612e01b8c5fd8b5b0ea9eff1d1194af513a
ring,expected-parity,0.01,115,ring_expected-parity_lr0.01,0.6335337116846618,6.205783595728016,0.3808780149508508,0.11388252647030439,24,0.3451996659860015,21e3187a25ce542a7fda12331f6df5573b7aa9cfb19c4d6a1242f48e9ab77257,1ae9d839d1869c0f22993ebadfd19eb0715ce3d007fd9f2802df18e4040708bc
ring,expected-parity,0.01,116,ring_expected-parity_lr0.01,0.6109283295514099,6.292288708198664,0.3718013707330143,0.11339941807356935,24,0.34552708303090185,b240340bda42b13e461b839e854e8931eb9b197c11fad589d1f07877b5a6c105,7c75eb5fca0d72e6adcecef89e7dc937297e38de8cb0f313c0efdbaa84f869b4
ring,expected-parity,0.01,117,ring_expected-parity_lr0.01,0.6503267539792456,6.277914851978187,0.3660776242039672,0.1083589767643743,24,0.34487433393951505,2ff937c83d36f7b3a5406c91e8755c50ce932575e34db68925452587b0ab77d6,fc79fab2451060b5dec563ede4c16d8978c0910ac1ba9cb8dd0770b2eee8df71
ring,expected-parity,0.01,118,ring_expected-parity_lr0.01,0.48714638827161805,6.215992745711559,0.42044809483079626,0.12066860321643853,24,0.3474497920833528,f9372f8f74b3a18b86f9a9dd960278381003e836073cde71119d3b892dde9434,f6a266db7e43e2d4c3efaac77387b131e8972c9689b7bb3f39cff6baaa1f2d33
ring,expected-parity,0.01,119,ring_expected-parity_lr0.01,0.48163169980263076,6.119419350565868,0.4121488242953654,0.1215839031671328,24,0.3456934590358287,9cc5a5818d004f0f1492c246ba3ab8685b2df3f7dfd15cdf113ebebec42d8dee,4279994d459dd9550c597307a9eb02dbadf88a836b3acac9f0155f99e4616a79
ring,expected-parity,0.01,120,ring_expected-parity_lr0.01,0.5985345428300957,6.296211588776891,0.4256056096505986,0.125128049237276,24,0.3439251669915393,69e5aaf107b63f46b6b057dfe99d3189e4f485b9649136f1718f398f646e43c6,704fb4a4b4996b289a3de2730522a65fcbd6b3478c0d5c2c86b82d7d62ce3a31
ring,expected-parity,0.02,111,ring_expected-parity_lr0.02,0.45207012958484233,6.226016895193322,0.4221094997372224,0.12198964542405727,24,0.34757216600701213,6f4599f803588363f7f3f06a30082972087391773f80fd6d7eb3eadc6484859e,d3f89794b81548de4e59b0ec306b27c71b5ffb286fb0630c9f0073f46eb4c9f7
ring,expected-parity,0.02,112,ring_expected-parity_lr0.02,0.7245785485621264,6.3545876529562575,0.3842105581461938,0.112957904094981,24,0.347105290973559,23158049f8a287709543a55b89f8943218b08cba397a67e034633640e70c99f6,878cf7d55afb9a39657ebc38bdf121170189f21d2dfaa163389d30f925ef68ec
ring,expected-parity,0.02,113,ring_expected-parity_lr0.02,0.4719831169797275,6.0396960877086325,0.4189949873265749,0.12737447614727876,24,0.3619384999619797,1130bcd06d370ab57f1bc3a67409c755b267648b80a0f46e840060bb010d3ab8,891547b532f120de6026299269c7b7f02b9f8e5ec5427c34f46a0d7342b1e3cb
ring,expected-parity,0.02,114,ring_expected-parity_lr0.02,0.4900176396857082,6.1804767629439485,0.4336750173514214,0.1279341301186693,24,0.39167749998159707,c8a7a565f4c34afcedf377bd8a33aee023bbafec99430b278d5183f906311b3e,ff1f566e112f87b9cad44cd46ba1c612e01b8c5fd8b5b0ea9eff1d1194af513a
ring,expected-parity,0.02,115,ring_expected-parity_lr0.02,0.5661675431666405,6.130700961504998,0.3778526373075489,0.11297793855495712,24,0.3791082090465352,21e3187a25ce542a7fda12331f6df5573b7aa9cfb19c4d6a1242f48e9ab77257,1ae9d839d1869c0f22993ebadfd19eb0715ce3d007fd9f2802df18e4040708bc
ring,expected-parity,0.02,116,ring_expected-parity_lr0.02,0.4346473543399016,6.176605949466171,0.39014633849761177,0.11899463324177158,24,0.3755644999910146,b240340bda42b13e461b839e854e8931eb9b197c11fad589d1f07877b5a6c105,7c75eb5fca0d72e6adcecef89e7dc937297e38de8cb0f313c0efdbaa84f869b4
ring,expected-parity,0.02,117,ring_expected-parity_lr0.02,0.46264603397505216,6.115243338323936,0.39363690913356547,0.11651652510353537,24,0.346387208905071,2ff937c83d36f7b3a5406c91e8755c50ce932575e34db68925452587b0ab77d6,fc79fab2451060b5dec563ede4c16d8978c0910ac1ba9cb8dd0770b2eee8df71
ring,expected-parity,0.02,118,ring_expected-parity_lr0.02,0.3758159430160072,6.114567486395441,0.42135298765649715,0.12092830745741467,24,0.35037966701202095,f9372f8f74b3a18b86f9a9dd960278381003e836073cde71119d3b892dde9434,f6a266db7e43e2d4c3efaac77387b131e8972c9689b7bb3f39cff6baaa1f2d33
ring,expected-parity,0.02,119,ring_expected-parity_lr0.02,0.45604170777159503,6.077267924527552,0.4037313290506908,0.11910074206995379,24,0.34977987490128726,9cc5a5818d004f0f1492c246ba3ab8685b2df3f7dfd15cdf113ebebec42d8dee,4279994d459dd9550c597307a9eb02dbadf88a836b3acac9f0155f99e4616a79
ring,expected-parity,0.02,120,ring_expected-parity_lr0.02,0.46427402037822946,6.154518813757062,0.416732360037994,0.12251931385117024,24,0.3503382500493899,69e5aaf107b63f46b6b057dfe99d3189e4f485b9649136f1718f398f646e43c6,704fb4a4b4996b289a3de2730522a65fcbd6b3478c0d5c2c86b82d7d62ce3a31
ring,expected-parity,0.05,111,ring_expected-parity_lr0.05,0.49510479750651515,6.265632949449926,0.4148053093435249,0.11987873440027869,24,0.3609797499375418,6f4599f803588363f7f3f06a30082972087391773f80fd6d7eb3eadc6484859e,d3f89794b81548de4e59b0ec306b27c71b5ffb286fb0630c9f0073f46eb4c9f7
ring,expected-parity,0.05,112,ring_expected-parity_lr0.05,0.41629813638537216,6.043830201566222,0.42157013030263796,0.12394161830897556,24,0.35170412494335324,23158049f8a287709543a55b89f8943218b08cba397a67e034633640e70c99f6,878cf7d55afb9a39657ebc38bdf121170189f21d2dfaa163389d30f925ef68ec
ring,expected-parity,0.05,113,ring_expected-parity_lr0.05,0.43042718947835057,6.001706046078333,0.417335407487061,0.12686996387606655,24,0.3552632499486208,1130bcd06d370ab57f1bc3a67409c755b267648b80a0f46e840060bb010d3ab8,891547b532f120de6026299269c7b7f02b9f8e5ec5427c34f46a0d7342b1e3cb
ring,expected-parity,0.05,114,ring_expected-parity_lr0.05,0.3956566888951147,6.103928426793148,0.4195030830029031,0.12375340948585642,24,0.3514369169715792,c8a7a565f4c34afcedf377bd8a33aee023bbafec99430b278d5183f906311b3e,ff1f566e112f87b9cad44cd46ba1c612e01b8c5fd8b5b0ea9eff1d1194af513a
ring,expected-parity,0.05,115,ring_expected-parity_lr0.05,0.4713009124359603,6.022351975109475,0.39896673161886564,0.11929105275404084,24,0.3531991250347346,21e3187a25ce542a7fda12331f6df5573b7aa9cfb19c4d6a1242f48e9ab77257,1ae9d839d1869c0f22993ebadfd19eb0715ce3d007fd9f2802df18e4040708bc
ring,expected-parity,0.05,116,ring_expected-parity_lr0.05,0.39267107657845934,6.1010250539216795,0.399643805772208,0.12189136076052344,24,0.35304449999239296,b240340bda42b13e461b839e854e8931eb9b197c11fad589d1f07877b5a6c105,7c75eb5fca0d72e6adcecef89e7dc937297e38de8cb0f313c0efdbaa84f869b4
ring,expected-parity,0.05,117,ring_expected-parity_lr0.05,0.39056768790839524,6.04467059681116,0.41649993530122503,0.1232839808491626,24,0.35334445897024125,2ff937c83d36f7b3a5406c91e8755c50ce932575e34db68925452587b0ab77d6,fc79fab2451060b5dec563ede4c16d8978c0910ac1ba9cb8dd0770b2eee8df71
ring,expected-parity,0.05,118,ring_expected-parity_lr0.05,0.3738927562745542,6.110411781459387,0.4292788998254693,0.12320304424990967,24,0.3530920830089599,f9372f8f74b3a18b86f9a9dd960278381003e836073cde71119d3b892dde9434,f6a266db7e43e2d4c3efaac77387b131e8972c9689b7bb3f39cff6baaa1f2d33
ring,expected-parity,0.05,119,ring_expected-parity_lr0.05,0.39329210346376664,6.013651110976167,0.4314753118351541,0.12728521699137044,24,0.35257508396171033,9cc5a5818d004f0f1492c246ba3ab8685b2df3f7dfd15cdf113ebebec42d8dee,4279994d459dd9550c597307a9eb02dbadf88a836b3acac9f0155f99e4616a79
ring,expected-parity,0.05,120,ring_expected-parity_lr0.05,0.377651085702352,6.057401679389959,0.44511800885697267,0.13086469460394998,24,0.3558642079588026,69e5aaf107b63f46b6b057dfe99d3189e4f485b9649136f1718f398f646e43c6,704fb4a4b4996b289a3de2730522a65fcbd6b3478c0d5c2c86b82d7d62ce3a31
ring,expected-parity,0.1,111,ring_expected-parity_lr0.1,0.388641285107529,6.155833846188834,0.43725340843736976,0.12636623503839986,24,0.3539725410519168,6f4599f803588363f7f3f06a30082972087391773f80fd6d7eb3eadc6484859e,d3f89794b81548de4e59b0ec306b27c71b5ffb286fb0630c9f0073f46eb4c9f7
ring,expected-parity,0.1,112,ring_expected-parity_lr0.1,0.4632469154288983,6.118065479055302,0.3927060197270489,0.11545556979975237,24,0.35165470803622156,23158049f8a287709543a55b89f8943218b08cba397a67e034633640e70c99f6,878cf7d55afb9a39657ebc38bdf121170189f21d2dfaa163389d30f925ef68ec
ring,expected-parity,0.1,113,ring_expected-parity_lr0.1,0.4106055382920504,5.978373534001573,0.421722349235306,0.12820359416753302,24,0.35447879193816334,1130bcd06d370ab57f1bc3a67409c755b267648b80a0f46e840060bb010d3ab8,891547b532f120de6026299269c7b7f02b9f8e5ec5427c34f46a0d7342b1e3cb
ring,expected-parity,0.1,114,ring_expected-parity_lr0.1,0.4283816961234523,6.1338667482591465,0.41227108028959975,0.12161996868543193,24,0.35405383293982595,c8a7a565f4c34afcedf377bd8a33aee023bbafec99430b278d5183f906311b3e,ff1f566e112f87b9cad44cd46ba1c612e01b8c5fd8b5b0ea9eff1d1194af513a
ring,expected-parity,0.1,115,ring_expected-parity_lr0.1,0.4683202397148909,6.022242907068004,0.3997860973156233,0.11953604309737137,24,0.3583831670694053,21e3187a25ce542a7fda12331f6df5573b7aa9cfb19c4d6a1242f48e9ab77257,1ae9d839d1869c0f22993ebadfd19eb0715ce3d007fd9f2802df18e4040708bc
ring,expected-parity,0.1,116,ring_expected-parity_lr0.1,0.3682460936638186,6.080519337218361,0.3974174984391203,0.12121233702393168,24,0.35734854103066027,b240340bda42b13e461b839e854e8931eb9b197c11fad589d1f07877b5a6c105,7c75eb5fca0d72e6adcecef89e7dc937297e38de8cb0f313c0efdbaa84f869b4
ring,expected-parity,0.1,117,ring_expected-parity_lr0.1,0.5237746740242721,6.182393354540904,0.3979883365959822,0.11780454763241073,24,0.3569018329726532,2ff937c83d36f7b3a5406c91e8755c50ce932575e34db68925452587b0ab77d6,fc79fab2451060b5dec563ede4c16d8978c0910ac1ba9cb8dd0770b2eee8df71
ring,expected-parity,0.1,118,ring_expected-parity_lr0.1,0.3719103935001428,6.1019373452058465,0.43119555948792787,0.1237531255730353,24,0.36005337501410395,f9372f8f74b3a18b86f9a9dd960278381003e836073cde71119d3b892dde9434,f6a266db7e43e2d4c3efaac77387b131e8972c9689b7bb3f39cff6baaa1f2d33
ring,expected-parity,0.1,119,ring_expected-parity_lr0.1,0.4520316539395719,6.077826717951288,0.4130105647617708,0.1218381166047224,24,0.3588988329283893,9cc5a5818d004f0f1492c246ba3ab8685b2df3f7dfd15cdf113ebebec42d8dee,4279994d459dd9550c597307a9eb02dbadf88a836b3acac9f0155f99e4616a79
ring,expected-parity,0.1,120,ring_expected-parity_lr0.1,0.3546134135692208,6.043345730086798,0.4444945982430036,0.13068141188344304,24,0.3618641250068322,69e5aaf107b63f46b6b057dfe99d3189e4f485b9649136f1718f398f646e43c6,704fb4a4b4996b289a3de2730522a65fcbd6b3478c0d5c2c86b82d7d62ce3a31
ring,mse,0.005,111,ring_mse_lr0.005,0.9183884410340835,6.6340075324424115,0.39472346898108585,0.1140750825355338,24,0.27546649996656924,6f4599f803588363f7f3f06a30082972087391773f80fd6d7eb3eadc6484859e,d3f89794b81548de4e59b0ec306b27c71b5ffb286fb0630c9f0073f46eb4c9f7
ring,mse,0.005,112,ring_mse_lr0.005,1.1290363144273112,6.79158352020265,0.3531947956373596,0.10383926991738374,24,0.27410133299417794,23158049f8a287709543a55b89f8943218b08cba397a67e034633640e70c99f6,878cf7d55afb9a39657ebc38bdf121170189f21d2dfaa163389d30f925ef68ec
ring,mse,0.005,113,ring_mse_lr0.005,0.8376924714456122,6.38939505196907,0.3655398764889136,0.11112412245262973,24,0.27415420894976705,1130bcd06d370ab57f1bc3a67409c755b267648b80a0f46e840060bb010d3ab8,891547b532f120de6026299269c7b7f02b9f8e5ec5427c34f46a0d7342b1e3cb
ring,mse,0.005,114,ring_mse_lr0.005,1.0351599173281518,6.726387061182381,0.40209627285179583,0.11861840049127977,24,0.27331358392257243,c8a7a565f4c34afcedf377bd8a33aee023bbafec99430b278d5183f906311b3e,ff1f566e112f87b9cad44cd46ba1c612e01b8c5fd8b5b0ea9eff1d1194af513a
ring,mse,0.005,115,ring_mse_lr0.005,0.9230364480659471,6.468526046844563,0.336105086822003,0.1004954209597789,24,0.26941562502179295,21e3187a25ce542a7fda12331f6df5573b7aa9cfb19c4d6a1242f48e9ab77257,1ae9d839d1869c0f22993ebadfd19eb0715ce3d007fd9f2802df18e4040708bc
ring,mse,0.005,116,ring_mse_lr0.005,0.8762903222429943,6.590132928565263,0.3675154220669843,0.11209220373043022,24,0.27336062502581626,b240340bda42b13e461b839e854e8931eb9b197c11fad589d1f07877b5a6c105,7c75eb5fca0d72e6adcecef89e7dc937297e38de8cb0f313c0efdbaa84f869b4
ring,mse,0.005,117,ring_mse_lr0.005,0.9351349725358132,6.579327097797998,0.32188880739703035,0.09527908698952099,24,0.2752109169960022,2ff937c83d36f7b3a5406c91e8755c50ce932575e34db68925452587b0ab77d6,fc79fab2451060b5dec563ede4c16d8978c0910ac1ba9cb8dd0770b2eee8df71
ring,mse,0.005,118,ring_mse_lr0.005,0.8613026393496293,6.594006431404497,0.37792304457112486,0.10846391379191284,24,0.27129554096609354,f9372f8f74b3a18b86f9a9dd960278381003e836073cde71119d3b892dde9434,f6a266db7e43e2d4c3efaac77387b131e8972c9689b7bb3f39cff6baaa1f2d33
ring,mse,0.005,119,ring_mse_lr0.005,0.8113384985527027,6.419988220087221,0.40396245685569515,0.11916892477243007,24,0.2707744169747457,9cc5a5818d004f0f1492c246ba3ab8685b2df3f7dfd15cdf113ebebec42d8dee,4279994d459dd9550c597307a9eb02dbadf88a836b3acac9f0155f99e4616a79
ring,mse,0.005,120,ring_mse_lr0.005,0.8773896248939513,6.537715785367842,0.4580094199865949,0.1346547694760589,24,0.27296954207122326,69e5aaf107b63f46b6b057dfe99d3189e4f485b9649136f1718f398f646e43c6,704fb4a4b4996b289a3de2730522a65fcbd6b3478c0d5c2c86b82d7d62ce3a31
ring,mse,0.01,111,ring_mse_lr0.01,0.5702420076986838,6.326885053788132,0.40848788962433547,0.11805300010143295,24,0.27762291592080146,6f4599f803588363f7f3f06a30082972087391773f80fd6d7eb3eadc6484859e,d3f89794b81548de4e59b0ec306b27c71b5ffb286fb0630c9f0073f46eb4c9f7
ring,mse,0.01,112,ring_mse_lr0.01,0.8077416880328506,6.456699827295666,0.3439846288187867,0.1011314808727233,24,0.27318058302626014,23158049f8a287709543a55b89f8943218b08cba397a67e034633640e70c99f6,878cf7d55afb9a39657ebc38bdf121170189f21d2dfaa163389d30f925ef68ec
ring,mse,0.01,113,ring_mse_lr0.01,0.6882227051240524,6.219451471940737,0.37155851320408617,0.1129537880140422,24,0.27221229090355337,1130bcd06d370ab57f1bc3a67409c755b267648b80a0f46e840060bb010d3ab8,891547b532f120de6026299269c7b7f02b9f8e5ec5427c34f46a0d7342b1e3cb
ring,mse,0.01,114,ring_mse_lr0.01,0.6781516711237618,6.365918739254046,0.3866012256881618,0.11404736157800772,24,0.274905625032261,c8a7a565f4c34afcedf377bd8a33aee023bbafec99430b278d5183f906311b3e,ff1f566e112f87b9cad44cd46ba1c612e01b8c5fd8b5b0ea9eff1d1194af513a
ring,mse,0.01,115,ring_mse_lr0.01,0.6721163240982119,6.248494774527513,0.358181398056954,0.10709623801902925,24,0.27426604100037366,21e3187a25ce542a7fda12331f6df5573b7aa9cfb19c4d6a1242f48e9ab77257,1ae9d839d1869c0f22993ebadfd19eb0715ce3d007fd9f2802df18e4040708bc
ring,mse,0.01,116,ring_mse_lr0.01,0.6973361125164921,6.422023947002259,0.3691837982115184,0.11260105845451313,24,0.277425208943896,b240340bda42b13e461b839e854e8931eb9b197c11fad589d1f07877b5a6c105,7c75eb5fca0d72e6adcecef89e7dc937297e38de8cb0f313c0efdbaa84f869b4
ring,mse,0.01,117,ring_mse_lr0.01,0.7810262314773411,6.427364431348621,0.342380987246801,0.10134477222505309,24,0.2731394579168409,2ff937c83d36f7b3a5406c91e8755c50ce932575e34db68925452587b0ab77d6,fc79fab2451060b5dec563ede4c16d8978c0910ac1ba9cb8dd0770b2eee8df71
ring,mse,0.01,118,ring_mse_lr0.01,0.5471380638741988,6.301150855510098,0.4142408709492954,0.11888712996244777,24,0.27465299994219095,f9372f8f74b3a18b86f9a9dd960278381003e836073cde71119d3b892dde9434,f6a266db7e43e2d4c3efaac77387b131e8972c9689b7bb3f39cff6baaa1f2d33
ring,mse,0.01,119,ring_mse_lr0.01,0.47021959839967437,6.103366686664969,0.4108995621324031,0.12121537082905891,24,0.27524879202246666,9cc5a5818d004f0f1492c246ba3ab8685b2df3f7dfd15cdf113ebebec42d8dee,4279994d459dd9550c597307a9eb02dbadf88a836b3acac9f0155f99e4616a79
ring,mse,0.01,120,ring_mse_lr0.01,0.7665775126248664,6.438085827249337,0.40563102334665285,0.11925552086391593,24,0.2765016669873148,69e5aaf107b63f46b6b057dfe99d3189e4f485b9649136f1718f398f646e43c6,704fb4a4b4996b289a3de2730522a65fcbd6b3478c0d5c2c86b82d7d62ce3a31
ring,mse,0.02,111,ring_mse_lr0.02,0.5472536710495868,6.315511421471145,0.40616460557014983,0.1173815710097733,24,0.3091220409842208,6f4599f803588363f7f3f06a30082972087391773f80fd6d7eb3eadc6484859e,d3f89794b81548de4e59b0ec306b27c71b5ffb286fb0630c9f0073f46eb4c9f7
ring,mse,0.02,112,ring_mse_lr0.02,0.648620115462724,6.311239192551455,0.35249070033499247,0.10363226589848779,24,0.29521329200360924,23158049f8a287709543a55b89f8943218b08cba397a67e034633640e70c99f6,878cf7d55afb9a39657ebc38bdf121170189f21d2dfaa163389d30f925ef68ec
ring,mse,0.02,113,ring_mse_lr0.02,0.5293539317892164,6.0849683519585875,0.3854668745090646,0.11718192985075564,24,0.3247517499839887,1130bcd06d370ab57f1bc3a67409c755b267648b80a0f46e840060bb010d3ab8,891547b532f120de6026299269c7b7f02b9f8e5ec5427c34f46a0d7342b1e3cb
ring,mse,0.02,114,ring_mse_lr0.02,0.578047471814717,6.279260163016443,0.39746452876012767,0.11725203598423767,24,0.3106334169860929,c8a7a565f4c34afcedf377bd8a33aee023bbafec99430b278d5183f906311b3e,ff1f566e112f87b9cad44cd46ba1c612e01b8c5fd8b5b0ea9eff1d1194af513a
ring,mse,0.02,115,ring_mse_lr0.02,0.6286468165112685,6.179288456224744,0.3732658964682431,0.11160650304400468,24,0.2790365000255406,21e3187a25ce542a7fda12331f6df5573b7aa9cfb19c4d6a1242f48e9ab77257,1ae9d839d1869c0f22993ebadfd19eb0715ce3d007fd9f2802df18e4040708bc
ring,mse,0.02,116,ring_mse_lr0.02,0.47443687721188144,6.179193468167893,0.38676579767234354,0.11796356829006477,24,0.27632725005969405,b240340bda42b13e461b839e854e8931eb9b197c11fad589d1f07877b5a6c105,7c75eb5fca0d72e6adcecef89e7dc937297e38de8cb0f313c0efdbaa84f869b4
ring,mse,0.02,117,ring_mse_lr0.02,0.7620918780227823,6.440889844956551,0.3486238454623267,0.10319265825684872,24,0.2813596249325201,2ff937c83d36f7b3a5406c91e8755c50ce932575e34db68925452587b0ab77d6,fc79fab2451060b5dec563ede4c16d8978c0910ac1ba9cb8dd0770b2eee8df71
ring,mse,0.02,118,ring_mse_lr0.02,0.4392395066261584,6.171523773138111,0.41399425602728823,0.11881635147983173,24,0.27622091700322926,f9372f8f74b3a18b86f9a9dd960278381003e836073cde71119d3b892dde9434,f6a266db7e43e2d4c3efaac77387b131e8972c9689b7bb3f39cff6baaa1f2d33
ring,mse,0.02,119,ring_mse_lr0.02,0.47299875464432506,6.106730858006789,0.39609729489337103,0.11684870199354445,24,0.2756622500019148,9cc5a5818d004f0f1492c246ba3ab8685b2df3f7dfd15cdf113ebebec42d8dee,4279994d459dd9550c597307a9eb02dbadf88a836b3acac9f0155f99e4616a79
ring,mse,0.02,120,ring_mse_lr0.02,0.5314131139122089,6.225019035812495,0.42305876232947576,0.12437927612486586,24,0.2788358749821782,69e5aaf107b63f46b6b057dfe99d3189e4f485b9649136f1718f398f646e43c6,704fb4a4b4996b289a3de2730522a65fcbd6b3478c0d5c2c86b82d7d62ce3a31
ring,mse,0.05,111,ring_mse_lr0.05,0.4287738792810607,6.184011898738559,0.4165765930115943,0.12039063538035075,24,0.28195904195308685,6f4599f803588363f7f3f06a30082972087391773f80fd6d7eb3eadc6484859e,d3f89794b81548de4e59b0ec306b27c71b5ffb286fb0630c9f0073f46eb4c9f7
ring,mse,0.05,112,ring_mse_lr0.05,0.499749619211589,6.148498791906353,0.37036995313024396,0.10888876622029173,24,0.2774342499906197,23158049f8a287709543a55b89f8943218b08cba397a67e034633640e70c99f6,878cf7d55afb9a39657ebc38bdf121170189f21d2dfaa163389d30f925ef68ec
ring,mse,0.05,113,ring_mse_lr0.05,0.4129812432908444,6.003654199870602,0.40641880232586997,0.12355131590706446,24,0.2803432090440765,1130bcd06d370ab57f1bc3a67409c755b267648b80a0f46e840060bb010d3ab8,891547b532f120de6026299269c7b7f02b9f8e5ec5427c34f46a0d7342b1e3cb
ring,mse,0.05,114,ring_mse_lr0.05,0.4997495025589507,6.2079409740369575,0.40427487422169767,0.11926108789540081,24,0.2808819169877097,c8a7a565f4c34afcedf377bd8a33aee023bbafec99430b278d5183f906311b3e,ff1f566e112f87b9cad44cd46ba1c612e01b8c5fd8b5b0ea9eff1d1194af513a
ring,mse,0.05,115,ring_mse_lr0.05,0.5457359570313345,6.08935815029003,0.39067434178661486,0.11681162819419785,24,0.2811003749957308,21e3187a25ce542a7fda12331f6df5573b7aa9cfb19c4d6a1242f48e9ab77257,1ae9d839d1869c0f22993ebadfd19eb0715ce3d007fd9f2802df18e4040708bc
ring,mse,0.05,116,ring_mse_lr0.05,0.44880164819915075,6.147440843298186,0.3868129696866625,0.11797795575443205,24,0.2793342499062419,b240340bda42b13e461b839e854e8931eb9b197c11fad589d1f07877b5a6c105,7c75eb5fca0d72e6adcecef89e7dc937297e38de8cb0f313c0efdbaa84f869b4
ring,mse,0.05,117,ring_mse_lr0.05,0.6002024550426969,6.2710087979155595,0.36165216850517207,0.10704904187753093,24,0.37567324994597584,2ff937c83d36f7b3a5406c91e8755c50ce932575e34db68925452587b0ab77d6,fc79fab2451060b5dec563ede4c16d8978c0910ac1ba9cb8dd0770b2eee8df71
ring,mse,0.05,118,ring_mse_lr0.05,0.4335840127222827,6.161351112035194,0.41138178790864915,0.11806657312978232,24,0.4205261250026524,f9372f8f74b3a18b86f9a9dd960278381003e836073cde71119d3b892dde9434,f6a266db7e43e2d4c3efaac77387b131e8972c9689b7bb3f39cff6baaa1f2d33
ring,mse,0.05,119,ring_mse_lr0.05,0.4932146551952068,6.127983211391171,0.3930808235780569,0.11595884295552679,24,0.4421363330911845,9cc5a5818d004f0f1492c246ba3ab8685b2df3f7dfd15cdf113ebebec42d8dee,4279994d459dd9550c597307a9eb02dbadf88a836b3acac9f0155f99e4616a79
ring,mse,0.05,120,ring_mse_lr0.05,0.4061603912167334,6.100620791493728,0.43950912248919904,0.12921568201182454,24,0.4218990000663325,69e5aaf107b63f46b6b057dfe99d3189e4f485b9649136f1718f398f646e43c6,704fb4a4b4996b289a3de2730522a65fcbd6b3478c0d5c2c86b82d7d62ce3a31
ring,mse,0.1,111,ring_mse_lr0.1,0.4534492024007257,6.209987609319712,0.41259404518998927,0.1192396790599069,24,0.3680595000041649,6f4599f803588363f7f3f06a30082972087391773f80fd6d7eb3eadc6484859e,d3f89794b81548de4e59b0ec306b27c71b5ffb286fb0630c9f0073f46eb4c9f7
ring,mse,0.1,112,ring_mse_lr0.1,0.4808135710147534,6.124872387226288,0.38601253729501633,0.1134876859647348,24,0.32699349999893457,23158049f8a287709543a55b89f8943218b08cba397a67e034633640e70c99f6,878cf7d55afb9a39657ebc38bdf121170189f21d2dfaa163389d30f925ef68ec
ring,mse,0.1,113,ring_mse_lr0.1,0.3242985948459744,5.903562543703287,0.4177958914902059,0.1270099510130226,24,0.2979545830748975,1130bcd06d370ab57f1bc3a67409c755b267648b80a0f46e840060bb010d3ab8,891547b532f120de6026299269c7b7f02b9f8e5ec5427c34f46a0d7342b1e3cb
ring,mse,0.1,114,ring_mse_lr0.1,0.3688824194208814,6.076899657510059,0.41652559882597673,0.12287505165366314,24,0.3254699589451775,c8a7a565f4c34afcedf377bd8a33aee023bbafec99430b278d5183f906311b3e,ff1f566e112f87b9cad44cd46ba1c612e01b8c5fd8b5b0ea9eff1d1194af513a
ring,mse,0.1,115,ring_mse_lr0.1,0.5228313921111404,6.077770759251485,0.3973091989528689,0.11879545048690782,24,0.3041359579656273,21e3187a25ce542a7fda12331f6df5573b7aa9cfb19c4d6a1242f48e9ab77257,1ae9d839d1869c0f22993ebadfd19eb0715ce3d007fd9f2802df18e4040708bc
ring,mse,0.1,116,ring_mse_lr0.1,0.34739663564452467,6.057079574453369,0.39528661543441274,0.12056241770749589,24,0.3115522910375148,b240340bda42b13e461b839e854e8931eb9b197c11fad589d1f07877b5a6c105,7c75eb5fca0d72e6adcecef89e7dc937297e38de8cb0f313c0efdbaa84f869b4
ring,mse,0.1,117,ring_mse_lr0.1,0.5517231027170943,6.234805095412148,0.3757669851184269,0.11122702759505435,24,0.2916903330478817,2ff937c83d36f7b3a5406c91e8755c50ce932575e34db68925452587b0ab77d6,fc79fab2451060b5dec563ede4c16d8978c0910ac1ba9cb8dd0770b2eee8df71
ring,mse,0.1,118,ring_mse_lr0.1,0.4437689730012337,6.178272197777914,0.4101107941380403,0.11770179791761756,24,0.2989700000034645,f9372f8f74b3a18b86f9a9dd960278381003e836073cde71119d3b892dde9434,f6a266db7e43e2d4c3efaac77387b131e8972c9689b7bb3f39cff6baaa1f2d33
ring,mse,0.1,119,ring_mse_lr0.1,0.38809365066865403,5.9981325155433876,0.41611810644362957,0.12275484140087072,24,0.3069628329249099,9cc5a5818d004f0f1492c246ba3ab8685b2df3f7dfd15cdf113ebebec42d8dee,4279994d459dd9550c597307a9eb02dbadf88a836b3acac9f0155f99e4616a79
ring,mse,0.1,120,ring_mse_lr0.1,0.38453663856752995,6.08246847001633,0.4397563703868059,0.12928837289372092,24,0.29067741602193564,69e5aaf107b63f46b6b057dfe99d3189e4f485b9649136f1718f398f646e43c6,704fb4a4b4996b289a3de2730522a65fcbd6b3478c0d5c2c86b82d7d62ce3a31
ring,parity,0.005,111,ring_parity_lr0.005,0.7382309756950409,6.462532821934267,0.4000287403183096,0.11560830595199147,24,0.37053858302533627,6f4599f803588363f7f3f06a30082972087391773f80fd6d7eb3eadc6484859e,d3f89794b81548de4e59b0ec306b27c71b5ffb286fb0630c9f0073f46eb4c9f7
ring,parity,0.005,112,ring_parity_lr0.005,0.832242411926928,6.488743868987371,0.38776255335264387,0.1140021906856773,24,0.3693333750125021,23158049f8a287709543a55b89f8943218b08cba397a67e034633640e70c99f6,878cf7d55afb9a39657ebc38bdf121170189f21d2dfaa163389d30f925ef68ec
ring,parity,0.005,113,ring_parity_lr0.005,0.788556016528648,6.3417491303248825,0.36924936149050175,0.11225180589311254,24,0.3874310840619728,1130bcd06d370ab57f1bc3a67409c755b267648b80a0f46e840060bb010d3ab8,891547b532f120de6026299269c7b7f02b9f8e5ec5427c34f46a0d7342b1e3cb
ring,parity,0.005,114,ring_parity_lr0.005,1.0221844843346086,6.7200973075870225,0.4240467025342067,0.12509377724759096,24,0.36065429204609245,c8a7a565f4c34afcedf377bd8a33aee023bbafec99430b278d5183f906311b3e,ff1f566e112f87b9cad44cd46ba1c612e01b8c5fd8b5b0ea9eff1d1194af513a
ring,parity,0.005,115,ring_parity_lr0.005,0.7474204023944511,6.288861346165037,0.3689138102967975,0.11030522927874245,24,0.3301863750675693,21e3187a25ce542a7fda12331f6df5573b7aa9cfb19c4d6a1242f48e9ab77257,1ae9d839d1869c0f22993ebadfd19eb0715ce3d007fd9f2802df18e4040708bc
ring,parity,0.005,116,ring_parity_lr0.005,0.7667439609440111,6.479662062988375,0.36495492760893616,0.11131125292072554,24,0.3317780829966068,b240340bda42b13e461b839e854e8931eb9b197c11fad589d1f07877b5a6c105,7c75eb5fca0d72e6adcecef89e7dc937297e38de8cb0f313c0efdbaa84f869b4
ring,parity,0.005,117,ring_parity_lr0.005,0.7558592660976499,6.395166175470042,0.3563116804041442,0.10546825739962667,24,0.3316375840222463,2ff937c83d36f7b3a5406c91e8755c50ce932575e34db68925452587b0ab77d6,fc79fab2451060b5dec563ede4c16d8978c0910ac1ba9cb8dd0770b2eee8df71
ring,parity,0.005,118,ring_parity_lr0.005,0.6795560293999614,6.430279588388803,0.39681134484903297,0.11388485597167247,24,0.33025316696148366,f9372f8f74b3a18b86f9a9dd960278381003e836073cde71119d3b892dde9434,f6a266db7e43e2d4c3efaac77387b131e8972c9689b7bb3f39cff6baaa1f2d33
ring,parity,0.005,119,ring_parity_lr0.005,0.7389403916735473,6.354845384063965,0.394515420987101,0.1163820491911948,24,0.33466058305930346,9cc5a5818d004f0f1492c246ba3ab8685b2df3f7dfd15cdf113ebebec42d8dee,4279994d459dd9550c597307a9eb02dbadf88a836b3acac9f0155f99e4616a79
ring,parity,0.005,120,ring_parity_lr0.005,0.7933893891258923,6.512873584107991,0.4401871425377357,0.1294150199060943,24,0.3434649589471519,69e5aaf107b63f46b6b057dfe99d3189e4f485b9649136f1718f398f646e43c6,704fb4a4b4996b289a3de2730522a65fcbd6b3478c0d5c2c86b82d7d62ce3a31
ring,parity,0.01,111,ring_parity_lr0.01,0.49702619651907043,6.2564966864334055,0.4124715366104073,0.11920427408040771,24,0.3362304159672931,6f4599f803588363f7f3f06a30082972087391773f80fd6d7eb3eadc6484859e,d3f89794b81548de4e59b0ec306b27c71b5ffb286fb0630c9f0073f46eb4c9f7
ring,parity,0.01,112,ring_parity_lr0.01,0.5216580122242936,6.159101199758785,0.39065086823888184,0.11485135526223127,24,0.3330464579630643,23158049f8a287709543a55b89f8943218b08cba397a67e034633640e70c99f6,878cf7d55afb9a39657ebc38bdf121170189f21d2dfaa163389d30f925ef68ec
ring,parity,0.01,113,ring_parity_lr0.01,0.5938588665127635,6.157922982986925,0.38532796894541077,0.11713970255940487,24,0.33212325000204146,1130bcd06d370ab57f1bc3a67409c755b267648b80a0f46e840060bb010d3ab8,891547b532f120de6026299269c7b7f02b9f8e5ec5427c34f46a0d7342b1e3cb
ring,parity,0.01,114,ring_parity_lr0.01,0.9297828028525206,6.60772476950945,0.41181025239881175,0.12148402445764947,24,0.3436169170308858,c8a7a565f4c34afcedf377bd8a33aee023bbafec99430b278d5183f906311b3e,ff1f566e112f87b9cad44cd46ba1c612e01b8c5fd8b5b0ea9eff1d1194af513a
ring,parity,0.01,115,ring_parity_lr0.01,0.6724397135121037,6.242097996644528,0.377759736781645,0.11295016129771186,24,0.3373219579225406,21e3187a25ce542a7fda12331f6df5573b7aa9cfb19c4d6a1242f48e9ab77257,1ae9d839d1869c0f22993ebadfd19eb0715ce3d007fd9f2802df18e4040708bc
ring,parity,0.01,116,ring_parity_lr0.01,0.5542196213508843,6.2636504464687945,0.3651585580326913,0.11137336019997085,24,0.32978987507522106,b240340bda42b13e461b839e854e8931eb9b197c11fad589d1f07877b5a6c105,7c75eb5fca0d72e6adcecef89e7dc937297e38de8cb0f313c0efdbaa84f869b4
ring,parity,0.01,117,ring_parity_lr0.01,0.713827965471921,6.351897269552933,0.36109126529388247,0.10688301452698921,24,0.32965583307668567,2ff937c83d36f7b3a5406c91e8755c50ce932575e34db68925452587b0ab77d6,fc79fab2451060b5dec563ede4c16d8978c0910ac1ba9cb8dd0770b2eee8df71
ring,parity,0.01,118,ring_parity_lr0.01,0.45915135401079554,6.189466915832602,0.41849955332576316,0.12010937180449403,24,0.33554983406793326,f9372f8f74b3a18b86f9a9dd960278381003e836073cde71119d3b892dde9434,f6a266db7e43e2d4c3efaac77387b131e8972c9689b7bb3f39cff6baaa1f2d33
ring,parity,0.01,119,ring_parity_lr0.01,0.5603914756086311,6.194738888187795,0.403430093951264,0.11901187771562287,24,0.3349033329868689,9cc5a5818d004f0f1492c246ba3ab8685b2df3f7dfd15cdf113ebebec42d8dee,4279994d459dd9550c597307a9eb02dbadf88a836b3acac9f0155f99e4616a79
ring,parity,0.01,120,ring_parity_lr0.01,0.5601583762445127,6.248531219929626,0.42461588693506036,0.12483707075890774,24,0.33635058300569654,69e5aaf107b63f46b6b057dfe99d3189e4f485b9649136f1718f398f646e43c6,704fb4a4b4996b289a3de2730522a65fcbd6b3478c0d5c2c86b82d7d62ce3a31
ring,parity,0.02,111,ring_parity_lr0.02,0.43352779731552876,6.200577252802446,0.42637844913620465,0.12322337180036314,24,0.33932758297305554,6f4599f803588363f7f3f06a30082972087391773f80fd6d7eb3eadc6484859e,d3f89794b81548de4e59b0ec306b27c71b5ffb286fb0630c9f0073f46eb4c9f7
ring,parity,0.02,112,ring_parity_lr0.02,0.832751068117118,6.486736584723851,0.3752864115327305,0.11033420499062277,24,0.34918945806566626,23158049f8a287709543a55b89f8943218b08cba397a67e034633640e70c99f6,878cf7d55afb9a39657ebc38bdf121170189f21d2dfaa163389d30f925ef68ec
ring,parity,0.02,113,ring_parity_lr0.02,0.5156213306556597,6.113432836784188,0.40199979831332,0.12220793868724929,24,0.35035312501713634,1130bcd06d370ab57f1bc3a67409c755b267648b80a0f46e840060bb010d3ab8,891547b532f120de6026299269c7b7f02b9f8e5ec5427c34f46a0d7342b1e3cb
ring,parity,0.02,114,ring_parity_lr0.02,0.4760898546078009,6.173529105199861,0.428701171870719,0.1264668457018621,24,0.33749037503730506,c8a7a565f4c34afcedf377bd8a33aee023bbafec99430b278d5183f906311b3e,ff1f566e112f87b9cad44cd46ba1c612e01b8c5fd8b5b0ea9eff1d1194af513a
ring,parity,0.02,115,ring_parity_lr0.02,0.5779346148516052,6.147714431669116,0.37345351212146816,0.11166260012431897,24,0.33996904105879366,21e3187a25ce542a7fda12331f6df5573b7aa9cfb19c4d6a1242f48e9ab77257,1ae9d839d1869c0f22993ebadfd19eb0715ce3d007fd9f2802df18e4040708bc
ring,parity,0.02,116,ring_parity_lr0.02,0.4676271719944862,6.220217067528274,0.37389989897605896,0.11403946918769799,24,0.33783700002823025,b240340bda42b13e461b839e854e8931eb9b197c11fad589d1f07877b5a6c105,7c75eb5fca0d72e6adcecef89e7dc937297e38de8cb0f313c0efdbaa84f869b4
ring,parity,0.02,117,ring_parity_lr0.02,0.6655684919957522,6.326504913972204,0.37510453261962096,0.1110309416554078,24,0.35895174997858703,2ff937c83d36f7b3a5406c91e8755c50ce932575e34db68925452587b0ab77d6,fc79fab2451060b5dec563ede4c16d8978c0910ac1ba9cb8dd0770b2eee8df71
ring,parity,0.02,118,ring_parity_lr0.02,0.40948907500203846,6.140123631842578,0.42162786571951494,0.12100719746150078,24,0.34225124993827194,f9372f8f74b3a18b86f9a9dd960278381003e836073cde71119d3b892dde9434,f6a266db7e43e2d4c3efaac77387b131e8972c9689b7bb3f39cff6baaa1f2d33
ring,parity,0.02,119,ring_parity_lr0.02,0.4730172343390303,6.096560389758853,0.4069185683206218,0.12004097765458342,24,0.4543049999047071,9cc5a5818d004f0f1492c246ba3ab8685b2df3f7dfd15cdf113ebebec42d8dee,4279994d459dd9550c597307a9eb02dbadf88a836b3acac9f0155f99e4616a79
ring,parity,0.02,120,ring_parity_lr0.02,0.4669738836830747,6.147226571909679,0.4290396135238847,0.1261376463760221,24,0.44925895903725177,69e5aaf107b63f46b6b057dfe99d3189e4f485b9649136f1718f398f646e43c6,704fb4a4b4996b289a3de2730522a65fcbd6b3478c0d5c2c86b82d7d62ce3a31
ring,parity,0.05,111,ring_parity_lr0.05,0.49765866045495494,6.2340200593753545,0.419227464962019,0.1211567373740235,24,0.4646907920250669,6f4599f803588363f7f3f06a30082972087391773f80fd6d7eb3eadc6484859e,d3f89794b81548de4e59b0ec306b27c71b5ffb286fb0630c9f0073f46eb4c9f7
ring,parity,0.05,112,ring_parity_lr0.05,0.408391291346082,6.047444949060097,0.4204812074724129,0.12362147499688939,24,0.4512055419618264,23158049f8a287709543a55b89f8943218b08cba397a67e034633640e70c99f6,878cf7d55afb9a39657ebc38bdf121170189f21d2dfaa163389d30f925ef68ec
ring,parity,0.05,113,ring_parity_lr0.05,0.5001729896803986,6.079876168878563,0.4058023152822409,0.12336390384580125,24,0.33470058301463723,1130bcd06d370ab57f1bc3a67409c755b267648b80a0f46e840060bb010d3ab8,891547b532f120de6026299269c7b7f02b9f8e5ec5427c34f46a0d7342b1e3cb
ring,parity,0.05,114,ring_parity_lr0.05,0.4560047696009878,6.149883263968481,0.4045576971186603,0.1193445206500048,24,0.3370890829246491,c8a7a565f4c34afcedf377bd8a33aee023bbafec99430b278d5183f906311b3e,ff1f566e112f87b9cad44cd46ba1c612e01b8c5fd8b5b0ea9eff1d1194af513a
ring,parity,0.05,115,ring_parity_lr0.05,0.43689530132280074,6.022904011149228,0.39636961109092766,0.11851451371618736,24,0.3377606669673696,21e3187a25ce542a7fda12331f6df5573b7aa9cfb19c4d6a1242f48e9ab77257,1ae9d839d1869c0f22993ebadfd19eb0715ce3d007fd9f2802df18e4040708bc
ring,parity,0.05,116,ring_parity_lr0.05,0.4098380853949778,6.131703839547044,0.38512242771285915,0.11746234045242204,24,0.3354917500400916,b240340bda42b13e461b839e854e8931eb9b197c11fad589d1f07877b5a6c105,7c75eb5fca0d72e6adcecef89e7dc937297e38de8cb0f313c0efdbaa84f869b4
ring,parity,0.05,117,ring_parity_lr0.05,0.5162541482214307,6.1677493182395775,0.3991455187745684,0.11814707355727223,24,0.34404520806856453,2ff937c83d36f7b3a5406c91e8755c50ce932575e34db68925452587b0ab77d6,fc79fab2451060b5dec563ede4c16d8978c0910ac1ba9cb8dd0770b2eee8df71
ring,parity,0.05,118,ring_parity_lr0.05,0.3818924107567647,6.1239449583164,0.4272049007526913,0.1226078065160224,24,0.3447410409571603,f9372f8f74b3a18b86f9a9dd960278381003e836073cde71119d3b892dde9434,f6a266db7e43e2d4c3efaac77387b131e8972c9689b7bb3f39cff6baaa1f2d33
ring,parity,0.05,119,ring_parity_lr0.05,0.47065213087639657,6.102374593395497,0.4083333439193026,0.12045833645619426,24,0.34727212507277727,9cc5a5818d004f0f1492c246ba3ab8685b2df3f7dfd15cdf113ebebec42d8dee,4279994d459dd9550c597307a9eb02dbadf88a836b3acac9f0155f99e4616a79
ring,parity,0.05,120,ring_parity_lr0.05,0.4377398505253305,6.125240282209824,0.42530021881919144,0.1250382643328423,24,0.3427040829556063,69e5aaf107b63f46b6b057dfe99d3189e4f485b9649136f1718f398f646e43c6,704fb4a4b4996b289a3de2730522a65fcbd6b3478c0d5c2c86b82d7d62ce3a31
ring,parity,0.1,111,ring_parity_lr0.1,0.3803341957803219,6.145875863251078,0.4341531972831897,0.12547027401484181,24,0.34365191601682454,6f4599f803588363f7f3f06a30082972087391773f80fd6d7eb3eadc6484859e,d3f89794b81548de4e59b0ec306b27c71b5ffb286fb0630c9f0073f46eb4c9f7
ring,parity,0.1,112,ring_parity_lr0.1,0.42984183224804773,6.050970218067396,0.417326050241143,0.12269385877089604,24,0.34454133303370327,23158049f8a287709543a55b89f8943218b08cba397a67e034633640e70c99f6,878cf7d55afb9a39657ebc38bdf121170189f21d2dfaa163389d30f925ef68ec
ring,parity,0.1,113,ring_parity_lr0.1,0.4337910304998814,6.027270119711869,0.39733280984348235,0.12078917419241864,24,0.34193554194644094,1130bcd06d370ab57f1bc3a67409c755b267648b80a0f46e840060bb010d3ab8,891547b532f120de6026299269c7b7f02b9f8e5ec5427c34f46a0d7342b1e3cb
ring,parity,0.1,114,ring_parity_lr0.1,0.45082236388463276,6.1449349648699325,0.40569284142696665,0.11967938822095515,24,0.34579200006555766,c8a7a565f4c34afcedf377bd8a33aee023bbafec99430b278d5183f906311b3e,ff1f566e112f87b9cad44cd46ba1c612e01b8c5fd8b5b0ea9eff1d1194af513a
ring,parity,0.1,115,ring_parity_lr0.1,0.4466968152242949,6.034122805384206,0.39307666806341723,0.11752992375096176,24,0.3402104580309242,21e3187a25ce542a7fda12331f6df5573b7aa9cfb19c4d6a1242f48e9ab77257,1ae9d839d1869c0f22993ebadfd19eb0715ce3d007fd9f2802df18e4040708bc
ring,parity,0.1,116,ring_parity_lr0.1,0.47084604497868576,6.208664268715527,0.3693756279171654,0.11265956651473545,24,0.33849595894571394,b240340bda42b13e461b839e854e8931eb9b197c11fad589d1f07877b5a6c105,7c75eb5fca0d72e6adcecef89e7dc937297e38de8cb0f313c0efdbaa84f869b4
ring,parity,0.1,117,ring_parity_lr0.1,0.5300219543555338,6.184237866382884,0.39585167923533343,0.11717209705365869,24,0.34374866692814976,2ff937c83d36f7b3a5406c91e8755c50ce932575e34db68925452587b0ab77d6,fc79fab2451060b5dec563ede4c16d8978c0910ac1ba9cb8dd0770b2eee8df71
ring,parity,0.1,118,ring_parity_lr0.1,0.4325232792105996,6.1633151230550585,0.414254122860792,0.11889093326104731,24,0.3417555830674246,f9372f8f74b3a18b86f9a9dd960278381003e836073cde71119d3b892dde9434,f6a266db7e43e2d4c3efaac77387b131e8972c9689b7bb3f39cff6baaa1f2d33
ring,parity,0.1,119,ring_parity_lr0.1,0.4923633602602755,6.137973849267325,0.40897333937164215,0.12064713511463444,24,0.33946429193019867,9cc5a5818d004f0f1492c246ba3ab8685b2df3f7dfd15cdf113ebebec42d8dee,4279994d459dd9550c597307a9eb02dbadf88a836b3acac9f0155f99e4616a79
ring,parity,0.1,120,ring_parity_lr0.1,0.4317553991854085,6.109814307121409,0.43143952912752226,0.12684322156349154,24,0.34314254100900143,69e5aaf107b63f46b6b057dfe99d3189e4f485b9649136f1718f398f646e43c6,704fb4a4b4996b289a3de2730522a65fcbd6b3478c0d5c2c86b82d7d62ce3a31
ring,scaled-mse,0.005,111,ring_scaled-mse_lr0.005,0.9177345661229124,6.6333430479627244,0.3946767254030043,0.11406157364146824,24,0.2898319159867242,6f4599f803588363f7f3f06a30082972087391773f80fd6d7eb3eadc6484859e,d3f89794b81548de4e59b0ec306b27c71b5ffb286fb0630c9f0073f46eb4c9f7
ring,scaled-mse,0.005,112,ring_scaled-mse_lr0.005,1.1302692725447163,6.79252057428528,0.3528372902652999,0.10373416333799818,24,0.30905504198744893,23158049f8a287709543a55b89f8943218b08cba397a67e034633640e70c99f6,878cf7d55afb9a39657ebc38bdf121170189f21d2dfaa163389d30f925ef68ec
ring,scaled-mse,0.005,113,ring_scaled-mse_lr0.005,0.8379174103683187,6.389793419150296,0.36542047208934575,0.11108782351516111,24,0.285785875050351,1130bcd06d370ab57f1bc3a67409c755b267648b80a0f46e840060bb010d3ab8,891547b532f120de6026299269c7b7f02b9f8e5ec5427c34f46a0d7342b1e3cb
ring,scaled-mse,0.005,114,ring_scaled-mse_lr0.005,1.0358788897079205,6.727356206707013,0.40219075138516347,0.11864627165862322,24,0.2982259999262169,c8a7a565f4c34afcedf377bd8a33aee023bbafec99430b278d5183f906311b3e,ff1f566e112f87b9cad44cd46ba1c612e01b8c5fd8b5b0ea9eff1d1194af513a
ring,scaled-mse,0.005,115,ring_scaled-mse_lr0.005,0.9226473539780708,6.46831223941779,0.3360296581755896,0.10047286779450129,24,0.2993847499601543,21e3187a25ce542a7fda12331f6df5573b7aa9cfb19c4d6a1242f48e9ab77257,1ae9d839d1869c0f22993ebadfd19eb0715ce3d007fd9f2802df18e4040708bc
ring,scaled-mse,0.005,116,ring_scaled-mse_lr0.005,0.8767168477972984,6.59055684480285,0.3673988156030221,0.11205663875892174,24,0.2986442500259727,b240340bda42b13e461b839e854e8931eb9b197c11fad589d1f07877b5a6c105,7c75eb5fca0d72e6adcecef89e7dc937297e38de8cb0f313c0efdbaa84f869b4
ring,scaled-mse,0.005,117,ring_scaled-mse_lr0.005,0.9350179184490155,6.579238669704333,0.32184952389987365,0.0952674590743626,24,0.30187058402225375,2ff937c83d36f7b3a5406c91e8755c50ce932575e34db68925452587b0ab77d6,fc79fab2451060b5dec563ede4c16d8978c0910ac1ba9cb8dd0770b2eee8df71
ring,scaled-mse,0.005,118,ring_scaled-mse_lr0.005,0.8609634309027085,6.593632581468014,0.3779330077434871,0.1084667732223808,24,0.3029223339399323,f9372f8f74b3a18b86f9a9dd960278381003e836073cde71119d3b892dde9434,f6a266db7e43e2d4c3efaac77387b131e8972c9689b7bb3f39cff6baaa1f2d33
ring,scaled-mse,0.005,119,ring_scaled-mse_lr0.005,0.8106449511425975,6.419420742398985,0.4038726070849578,0.11914241909006255,24,0.31584754202049226,9cc5a5818d004f0f1492c246ba3ab8685b2df3f7dfd15cdf113ebebec42d8dee,4279994d459dd9550c597307a9eb02dbadf88a836b3acac9f0155f99e4616a79
ring,scaled-mse,0.005,120,ring_scaled-mse_lr0.005,0.8766674031434258,6.537181044177852,0.4580505305904351,0.1346668559935879,24,0.30948154197540134,69e5aaf107b63f46b6b057dfe99d3189e4f485b9649136f1718f398f646e43c6,704fb4a4b4996b289a3de2730522a65fcbd6b3478c0d5c2c86b82d7d62ce3a31
ring,scaled-mse,0.01,111,ring_scaled-mse_lr0.01,0.5699151094613945,6.326802947637742,0.4084962182412199,0.11805540707171255,24,0.32502445799764246,6f4599f803588363f7f3f06a30082972087391773f80fd6d7eb3eadc6484859e,d3f89794b81548de4e59b0ec306b27c71b5ffb286fb0630c9f0073f46eb4c9f7
ring,scaled-mse,0.01,112,ring_scaled-mse_lr0.01,0.8087259059674793,6.458041116690042,0.34407629419307667,0.10115843049276453,24,0.3103590829996392,23158049f8a287709543a55b89f8943218b08cba397a67e034633640e70c99f6,878cf7d55afb9a39657ebc38bdf121170189f21d2dfaa163389d30f925ef68ec
ring,scaled-mse,0.01,113,ring_scaled-mse_lr0.01,0.6892973093253132,6.2203272858213925,0.3714992624604171,0.11293577578796679,24,0.31020345899742097,1130bcd06d370ab57f1bc3a67409c755b267648b80a0f46e840060bb010d3ab8,891547b532f120de6026299269c7b7f02b9f8e5ec5427c34f46a0d7342b1e3cb
ring,scaled-mse,0.01,114,ring_scaled-mse_lr0.01,0.683813532852962,6.371330306302543,0.38619368921934066,0.1139271383197055,24,0.3120849159313366,c8a7a565f4c34afcedf377bd8a33aee023bbafec99430b278d5183f906311b3e,ff1f566e112f87b9cad44cd46ba1c612e01b8c5fd8b5b0ea9eff1d1194af513a
ring,scaled-mse,0.01,115,ring_scaled-mse_lr0.01,0.6719128546730531,6.2482416697388965,0.3582481900470214,0.1071162088240594,24,0.29379629192408174,21e3187a25ce542a7fda12331f6df5573b7aa9cfb19c4d6a1242f48e9ab77257,1ae9d839d1869c0f22993ebadfd19eb0715ce3d007fd9f2802df18e4040708bc
ring,scaled-mse,0.01,116,ring_scaled-mse_lr0.01,0.6977572676063559,6.422607567953024,0.36911665468192645,0.11258057967798757,24,0.28378758404869586,b240340bda42b13e461b839e854e8931eb9b197c11fad589d1f07877b5a6c105,7c75eb5fca0d72e6adcecef89e7dc937297e38de8cb0f313c0efdbaa84f869b4
ring,scaled-mse,0.01,117,ring_scaled-mse_lr0.01,0.7810665525419653,6.427247603554099,0.3424678291135042,0.10137047741759725,24,0.3021921670297161,2ff937c83d36f7b3a5406c91e8755c50ce932575e34db68925452587b0ab77d6,fc79fab2451060b5dec563ede4c16d8978c0910ac1ba9cb8dd0770b2eee8df71
ring,scaled-mse,0.01,118,ring_scaled-mse_lr0.01,0.5460415277350117,6.299860729875442,0.41429069926209244,0.11890143068822052,24,0.30383420805446804,f9372f8f74b3a18b86f9a9dd960278381003e836073cde71119d3b892dde9434,f6a266db7e43e2d4c3efaac77387b131e8972c9689b7bb3f39cff6baaa1f2d33
ring,scaled-mse,0.01,119,ring_scaled-mse_lr0.01,0.4699819554908298,6.103181431710973,0.4107631357697372,0.12117512505207248,24,0.2962105419719592,9cc5a5818d004f0f1492c246ba3ab8685b2df3f7dfd15cdf113ebebec42d8dee,4279994d459dd9550c597307a9eb02dbadf88a836b3acac9f0155f99e4616a79
ring,scaled-mse,0.01,120,ring_scaled-mse_lr0.01,0.7648078178583464,6.436651975962528,0.40564835500960067,0.11926061637282259,24,0.2923859580187127,69e5aaf107b63f46b6b057dfe99d3189e4f485b9649136f1718f398f646e43c6,704fb4a4b4996b289a3de2730522a65fcbd6b3478c0d5c2c86b82d7d62ce3a31
ring,scaled-mse,0.02,111,ring_scaled-mse_lr0.02,0.5465307477159234,6.314636515727383,0.40619729483127764,0.11739101820623923,24,0.2871412499807775,6f4599f803588363f7f3f06a30082972087391773f80fd6d7eb3eadc6484859e,d3f89794b81548de4e59b0ec306b27c71b5ffb286fb0630c9f0073f46eb4c9f7
ring,scaled-mse,0.02,112,ring_scaled-mse_lr0.02,0.644304644285701,6.306525993138635,0.35305200074619764,0.10379728821938211,24,0.28514379193075,23158049f8a287709543a55b89f8943218b08cba397a67e034633640e70c99f6,878cf7d55afb9a39657ebc38bdf121170189f21d2dfaa163389d30f925ef68ec
ring,scaled-mse,0.02,113,ring_scaled-mse_lr0.02,0.5254527064200369,6.082355553514377,0.38598945649422345,0.11734079477424393,24,0.28678058297373354,1130bcd06d370ab57f1bc3a67409c755b267648b80a0f46e840060bb010d3ab8,891547b532f120de6026299269c7b7f02b9f8e5ec5427c34f46a0d7342b1e3cb
ring,scaled-mse,0.02,114,ring_scaled-mse_lr0.02,0.56578498166752,6.268737078571341,0.3972119449439213,0.11717752375845679,24,0.28822529106400907,c8a7a565f4c34afcedf377bd8a33aee023bbafec99430b278d5183f906311b3e,ff1f566e112f87b9cad44cd46ba1c612e01b8c5fd8b5b0ea9eff1d1194af513a
ring,scaled-mse,0.02,115,ring_scaled-mse_lr0.02,0.6286760186235203,6.1789333910698385,0.37332368569820096,0.1116237820237621,24,0.28504666697699577,21e3187a25ce542a7fda12331f6df5573b7aa9cfb19c4d6a1242f48e9ab77257,1ae9d839d1869c0f22993ebadfd19eb0715ce3d007fd9f2802df18e4040708bc
ring,scaled-mse,0.02,116,ring_scaled-mse_lr0.02,0.4726453457997667,6.177162539798207,0.38693046278551774,0.11801379114958291,24,0.28770037507638335,b240340bda42b13e461b839e854e8931eb9b197c11fad589d1f07877b5a6c105,7c75eb5fca0d72e6adcecef89e7dc937297e38de8cb0f313c0efdbaa84f869b4
ring,scaled-mse,0.02,117,ring_scaled-mse_lr0.02,0.7632683414480605,6.4424095128400305,0.34851300417674,0.10315984923631505,24,0.31458370795007795,2ff937c83d36f7b3a5406c91e8755c50ce932575e34db68925452587b0ab77d6,fc79fab2451060b5dec563ede4c16d8978c0910ac1ba9cb8dd0770b2eee8df71
ring,scaled-mse,0.02,118,ring_scaled-mse_lr0.02,0.4379947973260646,6.169229745187106,0.41396265908025587,0.11880728315603344,24,0.2944404580630362,f9372f8f74b3a18b86f9a9dd960278381003e836073cde71119d3b892dde9434,f6a266db7e43e2d4c3efaac77387b131e8972c9689b7bb3f39cff6baaa1f2d33
ring,scaled-mse,0.02,119,ring_scaled-mse_lr0.02,0.4732087697901575,6.106889491267259,0.3960341963484111,0.11683008792278128,24,0.293276916956529,9cc5a5818d004f0f1492c246ba3ab8685b2df3f7dfd15cdf113ebebec42d8dee,4279994d459dd9550c597307a9eb02dbadf88a836b3acac9f0155f99e4616a79
ring,scaled-mse,0.02,120,ring_scaled-mse_lr0.02,0.529296076899164,6.223030715791047,0.4233227441750721,0.12445688678747119,24,0.29910716600716114,69e5aaf107b63f46b6b057dfe99d3189e4f485b9649136f1718f398f646e43c6,704fb4a4b4996b289a3de2730522a65fcbd6b3478c0d5c2c86b82d7d62ce3a31
ring,scaled-mse,0.05,111,ring_scaled-mse_lr0.05,0.42870204379688703,6.183955491582784,0.41657725020637726,0.12039082530964304,24,0.28998100000899285,6f4599f803588363f7f3f06a30082972087391773f80fd6d7eb3eadc6484859e,d3f89794b81548de4e59b0ec306b27c71b5ffb286fb0630c9f0073f46eb4c9f7
ring,scaled-mse,0.05,112,ring_scaled-mse_lr0.05,0.4996630950861638,6.148359211150364,0.3705054817048357,0.10892861162122171,24,0.2893876249436289,23158049f8a287709543a55b89f8943218b08cba397a67e034633640e70c99f6,878cf7d55afb9a39657ebc38bdf121170189f21d2dfaa163389d30f925ef68ec
ring,scaled-mse,0.05,113,ring_scaled-mse_lr0.05,0.41037392769422043,6.000994911527954,0.4071918916492546,0.1237863350613734,24,0.2877803749870509,1130bcd06d370ab57f1bc3a67409c755b267648b80a0f46e840060bb010d3ab8,891547b532f120de6026299269c7b7f02b9f8e5ec5427c34f46a0d7342b1e3cb
ring,scaled-mse,0.05,114,ring_scaled-mse_lr0.05,0.4892964608319395,6.187303006021992,0.404428181168405,0.11930631344467947,24,0.29474187502637506,c8a7a565f4c34afcedf377bd8a33aee023bbafec99430b278d5183f906311b3e,ff1f566e112f87b9cad44cd46ba1c612e01b8c5fd8b5b0ea9eff1d1194af513a
ring,scaled-mse,0.05,115,ring_scaled-mse_lr0.05,0.5465084979665894,6.0900586089207485,0.3905913468374081,0.11678681270438503,24,0.2990999590838328,21e3187a25ce542a7fda12331f6df5573b7aa9cfb19c4d6a1242f48e9ab77257,1ae9d839d1869c0f22993ebadfd19eb0715ce3d007fd9f2802df18e4040708bc
ring,scaled-mse,0.05,116,ring_scaled-mse_lr0.05,0.4489831069967172,6.147534324269275,0.38679132417271445,0.1179713538726779,24,0.32518070796504617,b240340bda42b13e461b839e854e8931eb9b197c11fad589d1f07877b5a6c105,7c75eb5fca0d72e6adcecef89e7dc937297e38de8cb0f313c0efdbaa84f869b4
ring,scaled-mse,0.05,117,ring_scaled-mse_lr0.05,0.6012223573516601,6.27225145012467,0.36141782134900197,0.10697967511930459,24,0.30209104099776596,2ff937c83d36f7b3a5406c91e8755c50ce932575e34db68925452587b0ab77d6,fc79fab2451060b5dec563ede4c16d8978c0910ac1ba9cb8dd0770b2eee8df71
ring,scaled-mse,0.05,118,ring_scaled-mse_lr0.05,0.43358132760065216,6.161344893200057,0.4113824778052484,0.11806677113010629,24,0.29447245807386935,f9372f8f74b3a18b86f9a9dd960278381003e836073cde71119d3b892dde9434,f6a266db7e43e2d4c3efaac77387b131e8972c9689b7bb3f39cff6baaa1f2d33
ring,scaled-mse,0.05,119,ring_scaled-mse_lr0.05,0.49365494490853423,6.128376253428306,0.39307588967945695,0.1159573874554398,24,0.2869804169749841,9cc5a5818d004f0f1492c246ba3ab8685b2df3f7dfd15cdf113ebebec42d8dee,4279994d459dd9550c597307a9eb02dbadf88a836b3acac9f0155f99e4616a79
ring,scaled-mse,0.05,120,ring_scaled-mse_lr0.05,0.4079993916259848,6.1020633872371,0.439458076489039,0.12920067448777747,24,0.29016204201616347,69e5aaf107b63f46b6b057dfe99d3189e4f485b9649136f1718f398f646e43c6,704fb4a4b4996b289a3de2730522a65fcbd6b3478c0d5c2c86b82d7d62ce3a31
ring,scaled-mse,0.1,111,ring_scaled-mse_lr0.1,0.45389656728998773,6.210263754422635,0.4124888000775105,0.11920926322240054,24,0.29023012495599687,6f4599f803588363f7f3f06a30082972087391773f80fd6d7eb3eadc6484859e,d3f89794b81548de4e59b0ec306b27c71b5ffb286fb0630c9f0073f46eb4c9f7
ring,scaled-mse,0.1,112,ring_scaled-mse_lr0.1,0.41586989084922066,6.056549318282391,0.40005319381500826,0.11761563898161244,24,0.2870342080714181,23158049f8a287709543a55b89f8943218b08cba397a67e034633640e70c99f6,878cf7d55afb9a39657ebc38bdf121170189f21d2dfaa163389d30f925ef68ec
ring,scaled-mse,0.1,113,ring_scaled-mse_lr0.1,0.42969167512738937,5.9819965356180465,0.400280233065647,0.12168519085195667,24,0.2905995000619441,1130bcd06d370ab57f1bc3a67409c755b267648b80a0f46e840060bb010d3ab8,891547b532f120de6026299269c7b7f02b9f8e5ec5427c34f46a0d7342b1e3cb
ring,scaled-mse,0.1,114,ring_scaled-mse_lr0.1,0.36874730637683495,6.076802724586568,0.4165885351225951,0.12289361786116555,24,0.29123895801603794,c8a7a565f4c34afcedf377bd8a33aee023bbafec99430b278d5183f906311b3e,ff1f566e112f87b9cad44cd46ba1c612e01b8c5fd8b5b0ea9eff1d1194af513a
ring,scaled-mse,0.1,115,ring_scaled-mse_lr0.1,0.5228752164876047,6.077800244527227,0.3973086808722562,0.1187952955808046,24,0.2888855419587344,21e3187a25ce542a7fda12331f6df5573b7aa9cfb19c4d6a1242f48e9ab77257,1ae9d839d1869c0f22993ebadfd19eb0715ce3d007fd9f2802df18e4040708bc
ring,scaled-mse,0.1,116,ring_scaled-mse_lr0.1,0.34739667026278814,6.057079603985996,0.39528660586863595,0.12056241478993397,24,0.28635954100172967,b240340bda42b13e461b839e854e8931eb9b197c11fad589d1f07877b5a6c105,7c75eb5fca0d72e6adcecef89e7dc937297e38de8cb0f313c0efdbaa84f869b4
ring,scaled-mse,0.1,117,ring_scaled-mse_lr0.1,0.5433527071877859,6.2278399842818155,0.37603685004415527,0.11130690761306995,24,0.3045563749037683,2ff937c83d36f7b3a5406c91e8755c50ce932575e34db68925452587b0ab77d6,fc79fab2451060b5dec563ede4c16d8978c0910ac1ba9cb8dd0770b2eee8df71
ring,scaled-mse,0.1,118,ring_scaled-mse_lr0.1,0.43385504014619825,6.161595260921491,0.4113488116790105,0.11805710895187602,24,0.3146558749722317,f9372f8f74b3a18b86f9a9dd960278381003e836073cde71119d3b892dde9434,f6a266db7e43e2d4c3efaac77387b131e8972c9689b7bb3f39cff6baaa1f2d33
ring,scaled-mse,0.1,119,ring_scaled-mse_lr0.1,0.48079987922555223,6.11774754186742,0.39782977610328074,0.11735978395046781,24,0.3305786249693483,9cc5a5818d004f0f1492c246ba3ab8685b2df3f7dfd15cdf113ebebec42d8dee,4279994d459dd9550c597307a9eb02dbadf88a836b3acac9f0155f99e4616a79
ring,scaled-mse,0.1,120,ring_scaled-mse_lr0.1,0.3845761506687748,6.082412688047366,0.4397190599973786,0.1292774036392293,24,0.32922729197889566,69e5aaf107b63f46b6b057dfe99d3189e4f485b9649136f1718f398f646e43c6,704fb4a4b4996b289a3de2730522a65fcbd6b3478c0d5c2c86b82d7d62ce3a31
